timestamp,open,high,low,close,volume
1653436800000,1979.4,1979.41,1977.43,1977.58,342.9527
1653436860000,1977.58,1980.31,1977.57,1980.31,200.1056
1653436920000,1980.31,1981.36,1978.6,1980.78,379.7597
1653436980000,1980.77,1984.27,1978.52,1983.23,1144.1097
1653437040000,1983.22,1986.77,1981.81,1982.25,1122.0368
1653437100000,1982.26,1982.26,1981.22,1981.54,285.8994
1653437160000,1981.53,1981.54,1980.98,1980.98,100.792
1653437220000,1980.98,1981.26,1978.6,1978.6,547.7754
1653437280000,1978.61,1978.82,1976.46,1976.46,292.3516
1653437340000,1976.46,1978.48,1976.46,1977.89,420.945
1653437400000,1977.88,1977.91,1975.93,1975.94,229.258
1653437460000,1975.94,1976.06,1975.13,1975.15,447.1324
1653437520000,1975.15,1975.15,1973.53,1973.94,415.5823
1653437580000,1973.94,1975.51,1973.94,1975.23,264.1729
1653437640000,1975.23,1975.34,1974.08,1974.09,251.5782
1653437700000,1974.08,1976.65,1972.76,1976.52,547.7027
1653437760000,1976.52,1977.7,1976.51,1977.14,130.5097
1653437820000,1977.12,1978.09,1976.87,1978.02,265.6048
1653437880000,1978.01,1978.1,1976.64,1976.67,146.6426
1653437940000,1976.68,1976.77,1976.36,1976.41,153.5302
1653438000000,1976.41,1977.1,1975.58,1975.58,183.5623
1653438060000,1975.59,1977.0,1975.58,1976.99,129.3389
1653438120000,1976.99,1978.52,1976.99,1978.04,186.6643
1653438180000,1978.05,1978.05,1977.23,1977.39,156.6606
1653438240000,1977.39,1977.4,1976.71,1976.83,105.0227
1653438300000,1976.83,1976.93,1976.25,1976.26,44.8986
1653438360000,1976.25,1978.04,1976.17,1977.79,492.7313
1653438420000,1977.8,1977.8,1976.08,1976.09,117.4401
1653438480000,1976.09,1976.24,1975.85,1975.88,99.5463
1653438540000,1975.89,1976.84,1975.32,1976.57,278.4262
1653438600000,1976.56,1977.8,1976.56,1976.76,143.4598
1653438660000,1976.76,1976.95,1976.06,1976.16,170.3707
1653438720000,1976.16,1976.17,1975.43,1975.46,96.7314
1653438780000,1975.45,1975.82,1974.93,1974.93,134.9342
1653438840000,1974.93,1974.94,1973.91,1973.91,298.5993
1653438900000,1973.92,1975.16,1973.65,1974.91,442.0728
1653438960000,1974.92,1975.63,1974.91,1975.63,89.9816
1653439020000,1975.62,1976.0,1975.24,1975.24,174.2893
1653439080000,1975.25,1975.96,1975.24,1975.95,69.5003
1653439140000,1975.95,1976.84,1975.94,1976.4,91.8614
1653439200000,1976.4,1977.81,1976.4,1977.44,181.265
1653439260000,1977.44,1977.82,1976.74,1976.75,123.1483
1653439320000,1976.74,1978.73,1976.74,1978.73,252.4322
1653439380000,1978.73,1978.95,1978.21,1978.36,188.3999
1653439440000,1978.36,1978.68,1977.68,1978.67,171.9191
1653439500000,1978.68,1979.68,1978.67,1978.9,265.1359
1653439560000,1978.89,1979.33,1978.4,1978.41,164.8062
1653439620000,1978.4,1978.67,1977.9,1977.9,192.6504
1653439680000,1977.91,1977.91,1977.6,1977.72,110.8291
1653439740000,1977.71,1977.72,1975.82,1975.83,218.6044
1653439800000,1975.82,1976.61,1975.81,1976.27,135.65
1653439860000,1976.27,1976.28,1976.17,1976.18,67.6514
1653439920000,1976.17,1976.84,1975.89,1976.79,101.4349
1653439980000,1976.79,1977.6,1976.79,1976.93,97.3676
1653440040000,1976.93,1976.94,1975.24,1975.24,202.5344
1653440100000,1975.24,1975.25,1974.29,1974.29,119.5533
1653440160000,1974.3,1974.92,1974.24,1974.92,73.1051
1653440220000,1974.91,1975.76,1974.91,1975.66,149.1524
1653440280000,1975.65,1975.66,1974.96,1975.22,111.912
1653440340000,1975.22,1975.38,1974.95,1974.95,56.1885
1653440400000,1974.96,1974.96,1973.59,1973.75,106.6928
1653440460000,1973.74,1973.84,1971.56,1972.27,450.0701
1653440520000,1972.26,1972.83,1971.13,1972.63,383.3582
1653440580000,1972.62,1975.0,1972.62,1974.99,199.5866
1653440640000,1974.99,1975.21,1974.9,1975.21,97.8816
1653440700000,1975.21,1976.0,1975.2,1975.45,86.2704
1653440760000,1975.46,1976.68,1975.45,1975.48,144.1194
1653440820000,1975.48,1976.62,1975.46,1976.04,136.1641
1653440880000,1976.04,1977.25,1975.99,1977.24,155.3235
1653440940000,1977.25,1977.49,1976.94,1976.95,66.7157
1653441000000,1976.94,1977.33,1976.9,1977.26,93.3112
1653441060000,1977.26,1977.26,1975.72,1975.72,84.5658
1653441120000,1975.72,1976.08,1975.58,1975.89,112.4182
1653441180000,1975.89,1977.69,1975.88,1977.62,109.7612
1653441240000,1977.63,1979.0,1977.62,1978.75,172.1244
1653441300000,1978.75,1979.17,1978.26,1978.94,156.2657
1653441360000,1978.95,1980.56,1978.18,1978.18,250.4581
1653441420000,1978.19,1978.19,1977.6,1977.86,102.7603
1653441480000,1977.87,1977.89,1977.76,1977.88,24.9281
1653441540000,1977.89,1977.89,1977.88,1977.89,21.1959
1653441600000,1977.89,1977.89,1975.17,1975.17,95.8633
1653441660000,1975.17,1975.18,1974.57,1974.97,119.9012
1653441720000,1974.96,1974.97,1973.62,1973.62,190.3884
1653441780000,1973.62,1973.63,1971.83,1972.04,230.3178
1653441840000,1972.05,1972.97,1972.04,1972.64,152.8183
1653441900000,1972.63,1972.64,1971.45,1972.31,274.7943
1653441960000,1972.31,1972.54,1972.22,1972.22,136.7588
1653442020000,1972.23,1972.23,1971.17,1971.78,234.2366
1653442080000,1971.77,1971.86,1971.35,1971.52,111.1992
1653442140000,1971.51,1971.52,1970.23,1971.14,131.0553
1653442200000,1971.15,1974.05,1971.14,1974.04,160.543
1653442260000,1974.05,1974.07,1973.31,1973.48,120.768
1653442320000,1973.48,1975.39,1973.47,1974.9,181.7831
1653442380000,1974.9,1974.91,1973.83,1974.37,82.4185
1653442440000,1974.36,1974.44,1974.36,1974.44,47.4664
1653442500000,1974.43,1975.27,1974.43,1974.9,208.0111
1653442560000,1974.9,1974.9,1973.62,1973.99,190.1202
1653442620000,1973.99,1975.59,1973.98,1975.35,96.7918
1653442680000,1975.34,1975.86,1975.34,1975.86,107.0698
1653442740000,1975.85,1977.11,1975.8,1976.45,339.7723
1653442800000,1976.45,1976.46,1975.46,1975.46,43.9489
1653442860000,1975.47,1976.36,1975.46,1975.86,127.7548
1653442920000,1975.87,1976.46,1975.86,1976.32,43.6674
1653442980000,1976.32,1976.32,1975.4,1975.43,67.6723
1653443040000,1975.42,1975.43,1975.05,1975.05,84.4581
1653443100000,1975.06,1975.06,1974.0,1974.07,57.4936
1653443160000,1974.07,1975.72,1974.07,1975.71,128.6829
1653443220000,1975.71,1976.0,1975.43,1975.44,267.6993
1653443280000,1975.44,1976.92,1975.42,1976.92,229.9325
1653443340000,1976.91,1977.74,1976.91,1977.05,255.6464
1653443400000,1977.05,1977.74,1977.04,1977.74,132.5779
1653443460000,1977.73,1977.73,1976.53,1976.81,135.5794
1653443520000,1976.81,1977.1,1976.07,1977.09,172.0692
1653443580000,1977.1,1977.79,1976.99,1977.62,117.2532
1653443640000,1977.63,1977.63,1976.98,1976.98,83.6451
1653443700000,1976.98,1977.57,1976.17,1977.56,414.5765
1653443760000,1977.57,1978.78,1977.56,1978.78,118.4344
1653443820000,1978.77,1986.42,1978.13,1984.24,2039.7108
1653443880000,1984.24,1985.41,1984.16,1985.39,314.6097
1653443940000,1985.4,1987.5,1985.19,1986.33,444.7999
1653444000000,1986.32,1993.0,1985.9,1989.18,2087.3136
1653444060000,1989.19,1989.8,1986.55,1988.6,803.2131
1653444120000,1988.59,1988.6,1984.43,1985.68,472.0098
1653444180000,1985.68,1985.68,1983.37,1983.38,141.9198
1653444240000,1983.38,1984.78,1983.38,1984.13,207.8103
1653444300000,1984.13,1985.49,1984.12,1984.28,501.1248
1653444360000,1984.28,1984.53,1982.31,1982.32,215.6767
1653444420000,1982.31,1982.82,1981.63,1981.64,207.8919
1653444480000,1981.64,1981.64,1981.0,1981.36,146.2576
1653444540000,1981.35,1981.51,1980.26,1981.27,175.952
1653444600000,1981.27,1981.27,1979.99,1980.53,167.7251
1653444660000,1980.52,1982.68,1980.52,1982.68,204.3094
1653444720000,1982.67,1984.94,1982.67,1984.47,259.598
1653444780000,1984.48,1984.48,1982.45,1983.49,443.9384
1653444840000,1983.48,1985.0,1983.34,1983.35,512.1677
1653444900000,1983.34,1984.39,1983.0,1984.39,301.4886
1653444960000,1984.39,1986.96,1984.38,1986.96,164.3223
1653445020000,1986.95,1987.11,1986.54,1986.8,101.0869
1653445080000,1986.8,1987.43,1986.79,1987.42,104.0204
1653445140000,1987.43,1987.84,1986.88,1987.41,230.4668
1653445200000,1987.4,1990.0,1986.79,1989.63,441.7884
1653445260000,1989.63,1990.75,1989.52,1989.93,545.2507
1653445320000,1989.93,1991.0,1989.57,1990.99,245.1135
1653445380000,1991.0,2002.0,1990.7,1999.29,4187.4124
1653445440000,1999.29,2004.57,1999.29,2000.24,2284.7561
1653445500000,2000.25,2000.53,1998.1,1999.12,757.0702
1653445560000,1999.11,1999.12,1996.05,1997.65,862.236
1653445620000,1997.65,1997.65,1994.89,1996.54,591.8256
1653445680000,1996.53,1998.0,1995.08,1997.9,528.4001
1653445740000,1997.9,2000.36,1997.9,2000.36,357.3371
1653445800000,2000.35,2001.83,1998.8,2001.82,327.5567
1653445860000,2001.82,2011.0,2001.82,2005.46,2356.3514
1653445920000,2005.46,2006.98,2004.05,2006.0,731.2531
1653445980000,2006.0,2007.0,2004.38,2004.9,400.6791
1653446040000,2004.9,2006.78,2004.41,2006.41,595.3879
1653446100000,2006.41,2006.41,2004.66,2004.67,1100.7342
1653446160000,2004.66,2005.79,2004.66,2005.0,163.7773
1653446220000,2005.01,2006.65,2004.67,2005.71,776.396
1653446280000,2005.7,2009.0,2005.7,2008.74,762.1645
1653446340000,2008.74,2010.26,2007.4,2007.41,710.8889
1653446400000,2007.4,2015.39,2006.56,2014.4,1442.6693
1653446460000,2014.41,2015.73,2011.92,2012.44,1936.2098
1653446520000,2012.45,2014.36,2012.44,2013.17,344.5283
1653446580000,2013.17,2013.88,2011.95,2011.95,398.7854
1653446640000,2011.96,2013.0,2011.95,2012.38,350.2473
1653446700000,2012.37,2012.38,2010.17,2010.57,344.907
1653446760000,2010.58,2012.05,2010.57,2011.81,245.1115
1653446820000,2011.8,2011.88,2010.0,2011.46,476.0812
1653446880000,2011.47,2013.55,2011.46,2013.33,224.576
1653446940000,2013.32,2018.24,2013.32,2014.34,2444.8102
1653447000000,2014.33,2016.63,2013.66,2015.95,805.5078
1653447060000,2015.95,2018.0,2015.43,2016.79,424.4172
1653447120000,2016.78,2016.79,2014.93,2015.25,240.7851
1653447180000,2015.26,2015.26,2014.64,2014.65,110.5683
1653447240000,2014.65,2017.54,2014.0,2015.3,604.2163
1653447300000,2015.3,2018.4,2015.3,2016.17,512.4068
1653447360000,2016.16,2019.5,2015.36,2019.06,792.5407
1653447420000,2019.07,2020.0,2018.28,2018.66,547.4673
1653447480000,2018.67,2018.67,2014.96,2015.39,684.3404
1653447540000,2015.39,2017.01,2015.36,2015.44,319.9598
1653447600000,2015.45,2019.84,2015.44,2018.69,646.0198
1653447660000,2018.69,2019.0,2018.68,2018.91,139.8815
1653447720000,2018.91,2018.91,2018.19,2018.39,253.4421
1653447780000,2018.39,2018.6,2018.35,2018.52,135.7993
1653447840000,2018.51,2018.8,2018.01,2018.28,234.1347
1653447900000,2018.28,2018.59,2018.09,2018.18,235.4156
1653447960000,2018.17,2018.18,2017.69,2017.7,173.9867
1653448020000,2017.7,2017.83,2017.49,2017.68,152.9398
1653448080000,2017.68,2017.68,2016.74,2016.86,206.717
1653448140000,2016.85,2017.16,2016.64,2016.64,157.8541
1653448200000,2016.65,2016.65,2015.84,2015.97,341.0825
1653448260000,2015.97,2016.74,2015.96,2016.33,256.2765
1653448320000,2016.32,2016.33,2015.1,2015.14,285.0553
1653448380000,2015.14,2017.64,2015.13,2017.39,319.3446
1653448440000,2017.4,2017.4,2016.71,2016.72,405.3814
1653448500000,2016.72,2016.72,2013.57,2013.68,215.3496
1653448560000,2013.69,2014.45,2013.68,2014.27,213.156
1653448620000,2014.28,2014.28,2011.93,2012.0,388.8921
1653448680000,2011.99,2012.87,2010.58,2011.45,523.3122
1653448740000,2011.44,2011.55,2011.0,2011.01,170.1614
1653448800000,2011.01,2011.92,2010.89,2011.81,239.3741
1653448860000,2011.81,2011.85,2010.57,2011.29,277.401
1653448920000,2011.3,2013.4,2011.29,2013.4,367.1247
1653448980000,2013.39,2014.26,2013.07,2013.27,267.2181
1653449040000,2013.28,2013.57,2012.6,2013.12,209.6755
1653449100000,2013.12,2013.13,2012.28,2012.29,117.0508
1653449160000,2012.28,2013.39,2012.27,2013.25,139.1787
1653449220000,2013.24,2013.25,2012.01,2012.35,89.4037
1653449280000,2012.34,2016.69,2012.34,2014.77,862.6291
1653449340000,2014.76,2016.75,2012.83,2012.83,1014.6324
1653449400000,2012.83,2013.73,2012.0,2012.01,227.6527
1653449460000,2012.0,2012.22,2011.69,2011.75,137.0316
1653449520000,2011.75,2011.75,2011.0,2011.0,123.0304
1653449580000,2011.0,2011.37,2009.36,2009.59,466.687
1653449640000,2009.59,2009.9,2008.82,2009.13,189.7027
1653449700000,2009.14,2009.83,2009.02,2009.63,215.5728
1653449760000,2009.64,2010.0,2009.22,2009.42,240.7211
1653449820000,2009.41,2009.9,2009.22,2009.9,100.3395
1653449880000,2009.89,2012.98,2009.89,2012.95,355.541
1653449940000,2012.96,2012.96,2011.73,2011.83,168.8867
1653450000000,2011.82,2012.6,2011.42,2011.42,148.3214
1653450060000,2011.43,2013.17,2011.42,2013.16,230.518
1653450120000,2013.17,2013.41,2012.26,2012.27,139.7263
1653450180000,2012.26,2016.21,2011.77,2016.21,918.6728
1653450240000,2016.21,2022.34,2015.59,2019.07,1255.404
1653450300000,2019.08,2019.71,2017.37,2018.01,339.4786
1653450360000,2018.0,2018.22,2016.45,2016.81,575.1179
1653450420000,2016.8,2016.81,2014.67,2014.97,417.3379
1653450480000,2014.97,2016.0,2014.61,2014.62,171.6772
1653450540000,2014.62,2015.99,2014.61,2015.84,88.2321
1653450600000,2015.84,2016.75,2015.66,2016.74,338.4904
1653450660000,2016.75,2016.81,2015.02,2015.02,388.109
1653450720000,2015.03,2015.03,2014.63,2014.97,120.6056
1653450780000,2014.97,2015.46,2014.97,2015.18,88.3951
1653450840000,2015.18,2015.83,2015.0,2015.01,147.591
1653450900000,2015.0,2015.0,2013.48,2013.54,242.2969
1653450960000,2013.54,2013.96,2012.5,2012.92,236.1726
1653451020000,2012.91,2014.44,2012.91,2013.64,157.8712
1653451080000,2013.63,2013.83,2011.01,2012.41,539.2043
1653451140000,2012.4,2015.01,2012.4,2014.2,467.7349
1653451200000,2014.2,2015.3,2012.59,2012.6,263.3295
1653451260000,2012.59,2013.0,2012.5,2012.9,92.9709
1653451320000,2012.9,2012.9,2011.0,2011.0,105.8965
1653451380000,2011.0,2011.33,2010.34,2010.34,793.3025
1653451440000,2010.34,2010.35,2009.57,2010.11,297.2982
1653451500000,2010.11,2010.64,2008.7,2008.97,285.3491
1653451560000,2008.96,2010.12,2008.96,2010.11,175.4251
1653451620000,2010.12,2010.12,2006.98,2007.42,747.1763
1653451680000,2007.39,2008.0,2007.22,2007.98,125.4144
1653451740000,2007.98,2009.09,2007.98,2008.58,154.7467
1653451800000,2008.58,2008.72,2008.18,2008.4,195.1708
1653451860000,2008.4,2009.45,2008.4,2008.93,156.9997
1653451920000,2008.93,2010.37,2008.44,2010.37,139.367
1653451980000,2010.36,2012.99,2009.96,2010.03,418.6165
1653452040000,2010.03,2012.37,2010.03,2010.46,329.2921
1653452100000,2010.45,2012.65,2009.58,2010.51,373.9953
1653452160000,2010.51,2010.52,2009.4,2009.58,83.5681
1653452220000,2009.57,2009.58,2009.08,2009.08,84.815
1653452280000,2009.08,2009.18,2008.02,2008.37,140.4754
1653452340000,2008.37,2009.18,2008.36,2008.8,187.2228
1653452400000,2008.8,2009.27,2008.79,2009.06,144.4059
1653452460000,2009.06,2009.14,2008.81,2009.07,57.5419
1653452520000,2009.07,2009.77,2008.91,2009.32,78.1759
1653452580000,2009.32,2009.32,2007.73,2008.09,107.3781
1653452640000,2008.08,2008.97,2008.0,2008.5,153.9476
1653452700000,2008.49,2008.67,2008.16,2008.17,180.9003
1653452760000,2008.16,2008.8,2008.16,2008.79,68.6526
1653452820000,2008.79,2008.8,2007.6,2007.6,51.9536
1653452880000,2007.6,2008.0,2007.19,2007.44,203.5601
1653452940000,2007.45,2008.48,2007.44,2008.25,106.8476
1653453000000,2008.25,2008.28,2007.85,2007.87,136.1644
1653453060000,2007.87,2008.24,2007.86,2008.14,69.5683
1653453120000,2008.15,2009.0,2008.07,2008.83,176.1038
1653453180000,2008.82,2008.83,2008.16,2008.45,106.019
1653453240000,2008.45,2008.71,2008.45,2008.45,81.7994
1653453300000,2008.46,2008.97,2008.45,2008.65,115.7034
1653453360000,2008.64,2008.65,2007.6,2007.6,94.1934
1653453420000,2007.6,2007.61,2006.25,2006.25,153.5744
1653453480000,2006.25,2006.76,2004.22,2005.09,466.9199
1653453540000,2005.09,2007.8,2005.07,2007.09,201.0712
1653453600000,2007.09,2007.09,2005.79,2007.03,517.0879
1653453660000,2007.03,2007.56,2006.89,2007.03,290.7404
1653453720000,2007.04,2008.0,2007.03,2007.39,123.462
1653453780000,2007.39,2007.4,2006.0,2006.0,148.6813
1653453840000,2006.0,2007.29,2005.8,2007.05,340.7249
1653453900000,2007.05,2007.06,2005.34,2005.38,318.948
1653453960000,2005.39,2005.68,2004.62,2005.3,406.026
1653454020000,2005.31,2005.31,2004.06,2004.07,229.5523
1653454080000,2004.06,2004.07,2002.95,2002.96,274.4725
1653454140000,2002.95,2004.4,2002.94,2003.78,204.3299
1653454200000,2003.77,2005.11,2003.77,2005.09,215.8783
1653454260000,2005.09,2005.9,2004.9,2005.12,205.0829
1653454320000,2005.12,2005.12,2003.72,2003.73,69.386
1653454380000,2003.73,2004.09,2003.24,2003.38,209.3502
1653454440000,2003.37,2005.4,2003.37,2005.18,288.6329
1653454500000,2005.18,2005.38,2005.18,2005.38,87.7629
1653454560000,2005.37,2005.96,2005.27,2005.86,187.8797
1653454620000,2005.86,2005.87,2005.16,2005.16,169.4678
1653454680000,2005.17,2005.17,2002.99,2003.23,500.3668
1653454740000,2003.23,2006.28,2003.22,2006.15,273.3044
1653454800000,2006.16,2006.16,2004.96,2005.25,152.1036
1653454860000,2005.26,2005.99,2005.25,2005.71,193.288
1653454920000,2005.71,2006.08,2005.5,2005.72,162.2127
1653454980000,2005.71,2005.72,2005.0,2005.09,86.7984
1653455040000,2005.1,2005.99,2005.0,2005.99,128.6767
1653455100000,2005.99,2006.25,2005.37,2005.37,179.8655
1653455160000,2005.38,2006.21,2005.37,2005.45,146.1075
1653455220000,2005.44,2005.45,2005.24,2005.24,50.8304
1653455280000,2005.24,2005.25,2003.93,2003.94,168.9833
1653455340000,2003.93,2004.82,2003.63,2004.48,327.5402
1653455400000,2004.47,2006.0,2004.47,2006.0,176.2044
1653455460000,2006.0,2007.59,2005.99,2007.37,152.8229
1653455520000,2007.38,2008.07,2006.31,2007.41,376.8948
1653455580000,2007.4,2008.66,2007.28,2008.64,132.3279
1653455640000,2008.64,2008.94,2007.96,2008.65,577.3024
1653455700000,2008.65,2008.77,2008.55,2008.73,83.7084
1653455760000,2008.72,2009.03,2008.72,2009.03,164.2068
1653455820000,2009.02,2011.64,2009.02,2011.49,330.6744
1653455880000,2011.49,2011.58,2011.11,2011.57,95.1651
1653455940000,2011.57,2011.64,2010.0,2010.0,101.4754
1653456000000,2010.01,2010.34,2009.54,2009.54,196.4246
1653456060000,2009.55,2009.55,2008.61,2008.62,102.7057
1653456120000,2008.62,2009.92,2008.5,2009.78,197.1763
1653456180000,2009.78,2009.78,2009.0,2009.0,58.1818
1653456240000,2008.96,2008.96,2007.63,2007.77,87.4465
1653456300000,2007.77,2007.77,2006.66,2006.66,127.5827
1653456360000,2006.66,2007.75,2006.33,2007.75,97.208
1653456420000,2007.75,2007.75,2006.14,2006.14,225.0209
1653456480000,2006.15,2007.64,2006.1,2006.84,210.733
1653456540000,2006.84,2007.35,2006.81,2006.82,125.3532
1653456600000,2006.82,2006.82,2005.75,2005.76,60.4697
1653456660000,2005.76,2005.76,2003.64,2003.72,105.5469
1653456720000,2003.72,2003.73,1999.7,1999.71,617.5939
1653456780000,1999.7,1999.84,1995.5,1996.58,1117.2333
1653456840000,1996.58,1998.12,1995.73,1995.98,658.943
1653456900000,1995.97,1996.38,1994.38,1995.97,712.6751
1653456960000,1995.97,1996.11,1993.58,1993.95,408.7247
1653457020000,1993.96,1995.85,1992.87,1993.54,1684.2377
1653457080000,1993.54,1993.55,1992.51,1993.07,242.1296
1653457140000,1993.07,1993.07,1991.56,1992.73,404.374
1653457200000,1992.73,1994.13,1992.72,1993.93,308.2072
1653457260000,1993.94,1995.21,1993.93,1994.01,238.0195
1653457320000,1994.01,1995.19,1994.0,1995.03,159.8111
1653457380000,1995.03,1995.76,1995.0,1995.47,158.2159
1653457440000,1995.47,1995.84,1994.29,1994.3,146.3271
1653457500000,1994.29,1996.57,1994.29,1995.88,192.8462
1653457560000,1995.89,1995.89,1994.36,1994.37,54.0591
1653457620000,1994.36,1994.49,1993.38,1993.75,377.5723
1653457680000,1993.74,1993.75,1991.12,1991.25,204.2524
1653457740000,1991.24,1991.91,1989.65,1989.66,516.3555
1653457800000,1989.65,1991.41,1988.75,1990.72,452.1015
1653457860000,1990.71,1990.72,1988.97,1988.98,388.4911
1653457920000,1988.97,1988.98,1986.94,1987.72,652.0474
1653457980000,1987.71,1988.34,1986.07,1987.38,288.1415
1653458040000,1987.39,1988.36,1985.42,1986.34,285.1961
1653458100000,1986.33,1987.73,1986.33,1987.72,249.5585
1653458160000,1987.72,1988.24,1987.72,1988.14,58.1331
1653458220000,1988.13,1988.14,1986.43,1987.87,275.3181
1653458280000,1987.88,1988.12,1987.63,1987.66,133.5333
1653458340000,1987.67,1987.67,1986.97,1987.56,119.5541
1653458400000,1987.56,1988.99,1986.65,1986.92,483.3046
1653458460000,1986.92,1989.98,1986.92,1988.54,326.3764
1653458520000,1988.54,1988.95,1987.94,1988.32,328.5634
1653458580000,1988.33,1988.33,1987.04,1987.79,200.1139
1653458640000,1987.78,1987.87,1986.03,1987.0,177.0338
1653458700000,1987.0,1987.0,1983.0,1985.13,908.0103
1653458760000,1985.12,1985.13,1983.51,1985.06,226.6563
1653458820000,1985.07,1985.96,1982.92,1983.51,324.3043
1653458880000,1983.52,1983.52,1980.82,1982.25,435.274
1653458940000,1982.24,1982.32,1979.47,1980.96,542.3605
1653459000000,1980.97,1983.42,1980.96,1981.11,282.7738
1653459060000,1981.11,1983.25,1978.76,1982.75,598.2195
1653459120000,1982.75,1982.94,1981.96,1982.53,174.2426
1653459180000,1982.53,1982.54,1981.0,1981.39,162.6438
1653459240000,1981.39,1982.19,1981.3,1982.03,63.8712
1653459300000,1982.04,1982.21,1981.29,1981.86,178.7029
1653459360000,1981.86,1981.89,1980.75,1980.8,142.2187
1653459420000,1980.81,1980.81,1977.03,1979.0,1233.1142
1653459480000,1978.99,1979.39,1976.07,1976.47,316.5873
1653459540000,1976.48,1978.54,1976.21,1977.39,257.4633
1653459600000,1977.4,1978.9,1976.61,1976.61,275.2858
1653459660000,1976.61,1978.88,1976.43,1978.45,394.2854
1653459720000,1978.44,1979.99,1978.23,1978.55,419.7952
1653459780000,1978.56,1978.56,1976.42,1977.16,154.0671
1653459840000,1977.15,1977.16,1974.31,1974.32,450.188
1653459900000,1974.31,1974.71,1973.33,1973.99,412.3448
1653459960000,1973.99,1974.99,1973.61,1974.25,276.6797
1653460020000,1974.25,1974.8,1973.7,1974.8,184.848
1653460080000,1974.79,1978.18,1974.79,1977.16,349.8229
1653460140000,1977.16,1978.41,1977.16,1977.79,132.9544
1653460200000,1977.79,1977.8,1975.58,1975.59,197.7004
1653460260000,1975.59,1976.76,1975.19,1976.75,162.489
1653460320000,1976.75,1980.88,1976.75,1980.88,230.3851
1653460380000,1980.88,1982.9,1980.87,1982.31,269.6328
1653460440000,1982.31,1985.55,1982.31,1984.5,275.9348
1653460500000,1984.51,1984.79,1982.53,1984.61,565.7169
1653460560000,1984.62,1984.99,1983.08,1983.93,369.4665
1653460620000,1983.92,1983.93,1982.38,1982.39,124.8631
1653460680000,1982.39,1985.04,1982.38,1984.41,218.1526
1653460740000,1984.4,1984.91,1984.0,1984.5,244.6656
1653460800000,1984.51,1984.51,1983.26,1984.15,89.4632
1653460860000,1984.16,1984.98,1983.07,1983.67,183.2598
1653460920000,1983.66,1983.67,1982.42,1983.25,180.9794
1653460980000,1983.25,1983.26,1981.76,1982.95,176.6058
1653461040000,1982.95,1984.94,1982.95,1984.89,248.4659
1653461100000,1984.89,1985.03,1984.42,1984.96,246.0444
1653461160000,1984.97,1985.36,1983.31,1983.32,259.0314
1653461220000,1983.32,1984.36,1983.14,1984.25,148.2112
1653461280000,1984.25,1985.11,1984.25,1984.98,102.7756
1653461340000,1984.99,1987.78,1984.98,1987.11,239.1604
1653461400000,1987.11,1987.57,1986.13,1987.56,188.861
1653461460000,1987.56,1988.05,1985.96,1986.24,150.9357
1653461520000,1986.23,1987.0,1985.23,1986.51,250.9689
1653461580000,1986.51,1987.69,1986.32,1987.29,252.7659
1653461640000,1987.29,1987.3,1986.62,1986.64,100.7018
1653461700000,1986.63,1986.68,1985.0,1985.32,348.6885
1653461760000,1985.32,1985.32,1982.7,1983.78,207.9169
1653461820000,1983.77,1983.78,1981.96,1982.37,205.2664
1653461880000,1982.37,1983.64,1982.04,1983.4,195.8712
1653461940000,1983.4,1985.0,1982.89,1984.83,155.5316
1653462000000,1984.82,1984.83,1982.54,1983.63,260.1624
1653462060000,1983.63,1983.64,1981.44,1981.45,157.9241
1653462120000,1981.44,1981.52,1978.87,1979.89,568.8427
1653462180000,1979.88,1980.53,1979.88,1980.09,193.6348
1653462240000,1980.1,1980.96,1980.09,1980.95,178.921
1653462300000,1980.96,1981.93,1980.6,1980.71,165.5453
1653462360000,1980.72,1982.41,1980.65,1981.98,173.2187
1653462420000,1981.99,1982.63,1981.98,1982.13,163.4447
1653462480000,1982.12,1983.65,1982.12,1983.28,189.6424
1653462540000,1983.29,1985.31,1983.28,1985.31,155.5634
1653462600000,1985.3,1986.64,1985.3,1986.27,163.6435
1653462660000,1986.28,1986.29,1984.61,1985.0,280.3341
1653462720000,1985.01,1986.56,1985.0,1985.55,193.5246
1653462780000,1985.56,1985.61,1985.44,1985.44,37.8342
1653462840000,1985.44,1986.14,1985.38,1986.14,68.9928
1653462900000,1986.14,1986.96,1986.11,1986.12,109.7335
1653462960000,1986.11,1986.12,1983.72,1984.34,145.4836
1653463020000,1984.33,1985.95,1983.21,1985.95,137.7118
1653463080000,1985.95,1987.33,1985.5,1985.5,173.1997
1653463140000,1985.5,1985.51,1984.01,1984.02,101.4217
1653463200000,1984.01,1984.81,1981.72,1982.6,499.7707
1653463260000,1982.6,1982.61,1980.22,1980.22,181.57
1653463320000,1980.23,1980.86,1979.97,1980.85,159.8904
1653463380000,1980.86,1982.32,1980.85,1982.31,59.5596
1653463440000,1982.31,1982.32,1981.41,1982.05,135.9429
1653463500000,1982.05,1982.79,1981.43,1982.79,144.976
1653463560000,1982.78,1982.79,1981.94,1982.2,135.0846
1653463620000,1982.2,1982.27,1981.85,1981.86,30.0867
1653463680000,1981.85,1982.2,1980.83,1980.83,262.699
1653463740000,1980.84,1980.84,1979.45,1979.45,130.6297
1653463800000,1979.46,1979.46,1977.18,1977.22,205.3582
1653463860000,1977.23,1977.23,1975.13,1975.82,186.5306
1653463920000,1975.83,1976.04,1974.42,1974.56,247.4178
1653463980000,1974.57,1975.99,1974.5,1975.83,165.5466
1653464040000,1975.84,1975.84,1975.24,1975.25,112.1051
1653464100000,1975.25,1977.96,1975.25,1977.95,161.8031
1653464160000,1977.96,1978.25,1975.99,1976.37,196.8954
1653464220000,1976.38,1976.38,1974.53,1974.89,161.3878
1653464280000,1974.89,1976.91,1974.89,1976.64,153.0514
1653464340000,1976.63,1976.64,1975.94,1976.19,76.532
1653464400000,1976.27,1976.78,1976.26,1976.65,93.6934
1653464460000,1976.65,1978.32,1976.65,1977.61,124.5737
1653464520000,1977.62,1977.69,1977.23,1977.24,79.4328
1653464580000,1977.24,1977.68,1977.13,1977.64,100.6554
1653464640000,1977.64,1978.32,1977.57,1978.0,172.4602
1653464700000,1978.0,1978.01,1976.23,1976.23,222.0389
1653464760000,1976.24,1976.72,1975.64,1976.72,183.4762
1653464820000,1976.71,1979.34,1976.71,1978.26,333.3717
1653464880000,1978.26,1980.19,1978.26,1979.76,210.269
1653464940000,1979.76,1981.54,1979.75,1981.27,169.8865
1653465000000,1981.27,1981.85,1980.97,1980.98,118.9259
1653465060000,1980.98,1981.93,1980.47,1980.59,196.9944
1653465120000,1980.6,1980.6,1979.98,1979.98,50.4515
1653465180000,1979.99,1981.46,1979.98,1981.46,82.7763
1653465240000,1981.45,1981.48,1980.01,1980.09,77.6939
1653465300000,1980.1,1980.1,1977.21,1978.33,281.4879
1653465360000,1978.34,1978.34,1976.48,1976.48,330.399
1653465420000,1976.48,1976.49,1976.0,1976.01,80.3376
1653465480000,1976.01,1976.79,1975.96,1976.7,155.8575
1653465540000,1976.71,1978.97,1976.08,1977.04,308.3808
1653465600000,1977.04,1978.0,1976.88,1977.81,264.6917
1653465660000,1977.81,1977.81,1974.0,1974.02,309.1725
1653465720000,1974.02,1974.15,1961.47,1965.19,3516.8709
1653465780000,1965.19,1966.45,1964.58,1966.42,606.2476
1653465840000,1966.43,1972.48,1966.42,1972.47,552.1762
1653465900000,1972.48,1974.65,1972.22,1974.44,488.3065
1653465960000,1974.44,1974.7,1973.84,1973.84,329.6997
1653466020000,1973.85,1974.08,1971.64,1971.64,303.6434
1653466080000,1971.64,1974.37,1971.23,1973.51,231.8089
1653466140000,1973.51,1973.52,1971.92,1972.08,202.4306
1653466200000,1972.08,1972.09,1970.83,1970.83,156.9247
1653466260000,1970.83,1972.83,1970.39,1972.82,190.8403
1653466320000,1972.82,1975.57,1972.82,1975.0,279.4554
1653466380000,1975.0,1976.04,1975.0,1976.03,158.7241
1653466440000,1976.04,1977.37,1976.03,1976.86,161.9028
1653466500000,1976.86,1977.52,1976.04,1976.44,287.9324
1653466560000,1976.44,1976.5,1975.14,1975.15,229.9399
1653466620000,1975.15,1976.79,1974.51,1976.79,287.2041
1653466680000,1976.79,1977.0,1975.13,1977.0,189.0782
1653466740000,1976.99,1977.61,1976.28,1976.28,286.4453
1653466800000,1976.28,1976.29,1975.47,1975.47,167.9168
1653466860000,1975.48,1977.14,1975.42,1976.88,117.9241
1653466920000,1976.87,1976.88,1975.28,1975.28,155.1728
1653466980000,1975.29,1977.79,1975.28,1977.51,212.8092
1653467040000,1977.5,1977.71,1976.05,1976.42,225.9804
1653467100000,1976.41,1976.42,1976.41,1976.42,30.1937
1653467160000,1976.41,1976.42,1973.86,1973.87,298.224
1653467220000,1973.87,1974.17,1973.79,1974.13,67.0135
1653467280000,1974.14,1975.0,1974.0,1975.0,169.7442
1653467340000,1975.0,1975.31,1974.99,1975.26,96.5893
1653467400000,1975.27,1976.14,1974.18,1974.19,232.9782
1653467460000,1974.18,1974.19,1972.28,1972.49,153.1528
1653467520000,1972.49,1973.72,1972.08,1973.71,172.894
1653467580000,1973.72,1974.61,1973.18,1973.43,107.787
1653467640000,1973.43,1973.61,1972.36,1973.04,129.3988
1653467700000,1973.04,1975.44,1972.44,1972.44,816.6742
1653467760000,1972.45,1972.45,1969.69,1970.81,672.5475
1653467820000,1970.81,1971.19,1970.42,1971.11,345.3164
1653467880000,1971.11,1972.66,1971.0,1972.18,362.0514
1653467940000,1972.18,1972.18,1970.5,1970.55,498.7835
1653468000000,1970.55,1970.55,1969.36,1969.36,241.6925
1653468060000,1969.36,1971.49,1968.46,1971.27,464.5249
1653468120000,1971.28,1973.73,1971.27,1972.4,412.7472
1653468180000,1972.39,1973.89,1972.39,1973.88,184.5545
1653468240000,1973.89,1973.89,1972.75,1972.95,126.9466
1653468300000,1972.96,1972.96,1972.22,1972.6,127.6394
1653468360000,1972.6,1973.5,1972.6,1973.5,118.1741
1653468420000,1973.49,1974.48,1972.81,1974.48,244.6872
1653468480000,1974.48,1979.23,1974.47,1978.63,857.6854
1653468540000,1978.64,1980.39,1978.41,1979.99,667.7839
1653468600000,1980.0,1981.98,1979.99,1981.98,477.4263
1653468660000,1981.98,1981.98,1980.35,1981.16,458.8756
1653468720000,1981.16,1981.17,1979.37,1980.07,193.7171
1653468780000,1980.07,1980.71,1978.24,1978.24,268.5686
1653468840000,1978.24,1979.31,1978.17,1979.09,131.8307
1653468900000,1979.1,1979.71,1978.96,1979.61,75.2257
1653468960000,1979.61,1979.76,1978.07,1978.78,178.6735
1653469020000,1978.79,1979.38,1978.22,1978.22,236.2826
1653469080000,1978.22,1978.23,1977.14,1977.3,184.8693
1653469140000,1977.3,1977.3,1976.01,1976.69,264.5524
1653469200000,1976.68,1977.56,1975.46,1975.5,323.5594
1653469260000,1975.5,1975.5,1974.67,1974.68,211.3321
1653469320000,1974.68,1974.68,1974.11,1974.25,123.4796
1653469380000,1974.25,1977.0,1974.24,1976.91,254.6205
1653469440000,1976.9,1978.1,1976.9,1977.91,144.3047
1653469500000,1977.91,1978.18,1977.42,1977.72,152.8864
1653469560000,1977.71,1980.0,1977.71,1979.39,349.1971
1653469620000,1979.39,1980.74,1979.39,1980.74,132.4635
1653469680000,1980.74,1980.74,1976.48,1976.69,366.124
1653469740000,1976.69,1977.19,1976.28,1976.47,90.1778
1653469800000,1976.46,1976.55,1974.12,1974.13,144.3947
1653469860000,1974.13,1974.13,1971.36,1971.66,412.6882
1653469920000,1971.67,1971.79,1970.0,1971.25,418.3317
1653469980000,1971.24,1971.25,1969.28,1969.28,391.0126
1653470040000,1969.28,1969.29,1967.61,1967.98,180.2991
1653470100000,1967.97,1970.09,1967.19,1970.09,293.5839
1653470160000,1970.09,1971.75,1964.16,1965.23,2852.7746
1653470220000,1965.23,1968.34,1963.95,1967.98,746.2123
1653470280000,1967.98,1969.94,1967.97,1969.94,128.3267
1653470340000,1969.94,1971.11,1967.88,1968.3,292.0101
1653470400000,1968.31,1970.11,1968.3,1968.83,212.7193
1653470460000,1968.83,1969.24,1967.26,1967.97,589.415
1653470520000,1967.97,1968.75,1966.0,1966.74,404.6134
1653470580000,1966.75,1967.96,1966.74,1967.58,552.3645
1653470640000,1967.59,1968.59,1967.07,1968.58,405.3649
1653470700000,1968.59,1968.59,1967.07,1967.08,148.6887
1653470760000,1967.08,1969.05,1965.88,1968.95,678.7161
1653470820000,1968.94,1969.29,1967.74,1967.88,317.261
1653470880000,1967.87,1969.48,1966.76,1969.38,597.9767
1653470940000,1969.39,1969.39,1966.78,1966.79,340.2463
1653471000000,1966.79,1967.45,1965.9,1966.37,408.3806
1653471060000,1966.37,1966.84,1966.01,1966.84,200.3836
1653471120000,1966.84,1969.16,1966.83,1969.14,534.6252
1653471180000,1969.14,1970.66,1968.78,1970.55,398.4365
1653471240000,1970.56,1971.35,1969.85,1970.83,313.3132
1653471300000,1970.84,1971.0,1969.87,1971.0,266.0908
1653471360000,1970.99,1972.69,1970.99,1972.69,163.0032
1653471420000,1972.69,1973.0,1971.64,1972.73,469.2278
1653471480000,1972.72,1974.44,1972.59,1974.23,367.9898
1653471540000,1974.23,1974.23,1973.74,1973.74,90.0867
1653471600000,1973.74,1973.9,1973.37,1973.42,179.8704
1653471660000,1973.42,1973.52,1973.42,1973.42,50.3602
1653471720000,1973.42,1974.73,1973.42,1974.72,253.4576
1653471780000,1974.72,1974.73,1973.63,1973.64,86.8358
1653471840000,1973.64,1973.64,1972.37,1972.96,440.6156
1653471900000,1972.97,1975.02,1972.96,1974.52,259.0503
1653471960000,1974.52,1974.75,1974.42,1974.74,80.7321
1653472020000,1974.75,1974.76,1974.74,1974.76,36.4074
1653472080000,1974.75,1976.04,1974.75,1975.67,380.2182
1653472140000,1975.67,1977.17,1975.67,1977.05,155.2993
1653472200000,1977.06,1977.06,1976.35,1976.68,134.4692
1653472260000,1976.68,1977.39,1976.01,1977.31,157.2999
1653472320000,1977.3,1978.0,1977.18,1977.93,139.9524
1653472380000,1977.93,1978.74,1977.93,1978.58,223.4923
1653472440000,1978.58,1978.59,1976.81,1977.41,202.6363
1653472500000,1977.41,1977.41,1976.14,1976.15,118.9154
1653472560000,1976.14,1976.78,1976.14,1976.57,166.9897
1653472620000,1976.57,1976.57,1975.77,1975.77,72.2129
1653472680000,1975.77,1975.96,1974.95,1975.51,247.8847
1653472740000,1975.51,1975.51,1974.91,1975.3,125.4212
1653472800000,1975.3,1976.68,1973.2,1976.34,454.8264
1653472860000,1976.34,1976.35,1975.33,1975.7,241.1525
1653472920000,1975.69,1976.62,1975.69,1976.54,93.012
1653472980000,1976.54,1978.0,1976.54,1978.0,121.8492
1653473040000,1977.99,1978.42,1977.48,1977.82,221.5872
1653473100000,1977.82,1977.82,1976.55,1976.56,194.9557
1653473160000,1976.56,1976.86,1976.18,1976.18,91.871
1653473220000,1976.19,1977.54,1976.18,1977.53,139.0503
1653473280000,1977.53,1977.81,1976.0,1976.0,186.2005
1653473340000,1976.0,1976.36,1975.62,1976.35,108.1163
1653473400000,1976.35,1976.61,1975.72,1975.83,129.7934
1653473460000,1975.82,1975.83,1974.0,1974.01,81.2024
1653473520000,1974.01,1974.7,1973.68,1973.99,233.5124
1653473580000,1973.98,1973.99,1970.35,1971.25,626.855
1653473640000,1971.25,1971.99,1971.24,1971.58,124.4268
1653473700000,1971.58,1972.0,1968.61,1968.85,869.9626
1653473760000,1968.86,1969.16,1967.5,1967.56,222.4727
1653473820000,1967.56,1968.92,1967.51,1968.37,250.7586
1653473880000,1968.38,1968.4,1967.25,1967.95,346.2953
1653473940000,1967.96,1968.6,1967.95,1968.24,163.3651
1653474000000,1968.23,1968.49,1967.84,1968.48,161.9476
1653474060000,1968.48,1969.98,1968.48,1969.88,130.6006
1653474120000,1969.88,1970.19,1968.0,1968.01,251.7048
1653474180000,1968.01,1968.01,1966.14,1966.34,144.4813
1653474240000,1966.34,1967.77,1966.0,1967.65,293.8414
1653474300000,1967.65,1968.76,1967.64,1968.24,191.8209
1653474360000,1968.23,1969.65,1968.23,1969.49,183.1769
1653474420000,1969.49,1970.06,1969.48,1969.87,191.0989
1653474480000,1969.87,1969.87,1969.77,1969.78,72.1986
1653474540000,1969.77,1971.8,1969.77,1971.56,196.7267
1653474600000,1971.55,1971.56,1969.43,1970.06,266.5305
1653474660000,1970.06,1970.36,1969.72,1969.99,181.4227
1653474720000,1970.0,1970.0,1967.71,1967.72,337.7279
1653474780000,1967.71,1967.78,1966.55,1966.56,257.6109
1653474840000,1966.57,1966.57,1965.05,1965.61,355.008
1653474900000,1965.61,1967.0,1965.5,1967.0,160.1825
1653474960000,1967.0,1967.36,1965.9,1966.08,161.4867
1653475020000,1966.08,1966.44,1965.37,1966.19,245.2816
1653475080000,1966.18,1967.88,1966.18,1966.65,142.4738
1653475140000,1966.65,1966.66,1966.18,1966.44,117.0346
1653475200000,1966.45,1968.9,1966.44,1968.18,218.6544
1653475260000,1968.18,1969.13,1967.54,1968.36,148.4531
1653475320000,1968.36,1969.97,1967.85,1969.94,326.3762
1653475380000,1969.94,1970.29,1969.0,1969.14,112.4427
1653475440000,1969.14,1969.18,1968.47,1968.48,175.7029
1653475500000,1968.48,1968.79,1967.61,1967.62,127.8798
1653475560000,1967.62,1967.62,1966.0,1966.86,281.1767
1653475620000,1966.86,1967.88,1966.77,1967.69,183.7191
1653475680000,1967.69,1967.7,1966.24,1966.4,276.7573
1653475740000,1966.4,1966.4,1964.19,1964.91,564.1262
1653475800000,1964.9,1965.29,1963.21,1963.34,313.6195
1653475860000,1963.33,1964.37,1963.05,1964.1,186.0582
1653475920000,1964.09,1964.24,1963.06,1963.6,201.67
1653475980000,1963.61,1963.61,1962.4,1962.65,200.3684
1653476040000,1962.64,1964.99,1962.64,1964.5,171.5144
1653476100000,1964.5,1964.98,1963.56,1964.03,211.1733
1653476160000,1964.02,1964.03,1963.44,1963.57,76.5637
1653476220000,1963.56,1966.54,1963.4,1965.43,282.3621
1653476280000,1965.42,1965.43,1964.23,1964.24,98.1788
1653476340000,1964.23,1964.24,1963.2,1963.44,164.027
1653476400000,1963.44,1965.0,1962.97,1965.0,225.7658
1653476460000,1964.99,1966.46,1964.65,1966.45,146.4105
1653476520000,1966.46,1966.64,1966.0,1966.0,131.8198
1653476580000,1966.0,1966.01,1963.9,1964.31,254.391
1653476640000,1964.32,1965.86,1964.0,1965.0,237.9462
1653476700000,1965.0,1965.58,1963.9,1964.09,149.8108
1653476760000,1964.09,1964.4,1963.9,1964.35,56.2455
1653476820000,1964.34,1964.59,1964.34,1964.52,68.2634
1653476880000,1964.51,1965.92,1964.5,1965.71,220.8754
1653476940000,1965.71,1965.72,1963.16,1963.16,159.6147
1653477000000,1963.16,1963.64,1962.86,1962.87,151.238
1653477060000,1962.87,1962.87,1958.7,1959.61,759.2871
1653477120000,1959.61,1960.66,1956.14,1957.69,866.3477
1653477180000,1957.75,1957.75,1954.22,1954.3,754.1226
1653477240000,1954.3,1955.73,1952.91,1953.51,717.5191
1653477300000,1953.5,1956.17,1953.5,1953.92,550.2803
1653477360000,1953.92,1954.55,1952.68,1954.15,432.8895
1653477420000,1954.15,1956.37,1954.14,1956.36,395.4108
1653477480000,1956.37,1956.37,1955.34,1955.91,202.9358
1653477540000,1955.9,1960.52,1955.79,1960.49,721.7044
1653477600000,1960.49,1960.49,1958.12,1959.42,387.4519
1653477660000,1959.43,1959.68,1957.24,1957.25,214.773
1653477720000,1957.24,1957.25,1954.85,1955.33,461.1418
1653477780000,1955.32,1955.33,1954.01,1954.01,234.8142
1653477840000,1954.02,1955.24,1954.0,1954.4,224.3067
1653477900000,1954.39,1954.4,1950.12,1951.56,962.1555
1653477960000,1951.56,1951.58,1950.0,1950.0,597.5639
1653478020000,1950.01,1951.45,1947.02,1950.36,1024.1329
1653478080000,1950.36,1951.0,1948.34,1948.98,540.7153
1653478140000,1948.98,1950.79,1948.97,1949.4,225.8046
1653478200000,1949.4,1949.6,1942.3,1948.1,1810.768
1653478260000,1948.11,1951.35,1946.61,1947.19,642.3561
1653478320000,1947.18,1950.73,1947.18,1950.11,354.1729
1653478380000,1950.12,1950.46,1945.76,1946.12,428.5359
1653478440000,1946.12,1947.97,1944.02,1945.5,874.5555
1653478500000,1945.5,1947.96,1944.0,1944.29,617.3514
1653478560000,1944.3,1947.65,1944.29,1946.26,502.1785
1653478620000,1946.26,1946.44,1944.75,1944.87,388.7917
1653478680000,1944.88,1946.3,1942.42,1943.02,387.4161
1653478740000,1943.02,1945.71,1943.02,1945.51,384.1448
1653478800000,1945.51,1947.25,1945.51,1946.1,286.0654
1653478860000,1946.11,1948.32,1946.1,1948.32,270.663
1653478920000,1948.31,1948.32,1946.48,1946.93,121.8077
1653478980000,1946.92,1947.49,1944.52,1944.52,185.3162
1653479040000,1944.53,1948.29,1944.52,1947.47,421.4498
1653479100000,1947.46,1948.13,1944.04,1944.48,517.6657
1653479160000,1944.48,1945.78,1943.96,1944.84,451.3168
1653479220000,1944.84,1944.85,1943.61,1944.79,256.9186
1653479280000,1944.78,1947.32,1944.78,1946.08,245.0011
1653479340000,1946.08,1946.62,1943.0,1946.23,552.6499
1653479400000,1946.22,1946.8,1945.55,1945.55,195.2297
1653479460000,1945.55,1947.0,1944.21,1944.24,493.9954
1653479520000,1944.24,1946.55,1944.24,1946.54,326.3473
1653479580000,1946.54,1946.55,1944.53,1944.94,239.24
1653479640000,1944.94,1946.39,1944.46,1945.84,316.5679
1653479700000,1945.84,1945.89,1943.0,1943.81,461.5137
1653479760000,1943.8,1947.67,1943.8,1946.92,241.5091
1653479820000,1946.91,1946.92,1945.07,1946.02,296.6042
1653479880000,1946.03,1947.0,1944.79,1944.86,254.8582
1653479940000,1944.86,1945.34,1943.84,1944.07,233.5114
1653480000000,1944.08,1944.08,1939.43,1941.92,941.6588
1653480060000,1941.93,1942.51,1941.23,1942.46,439.532
1653480120000,1942.45,1946.57,1942.45,1946.53,275.0708
1653480180000,1946.57,1946.75,1936.01,1936.05,1953.185
1653480240000,1936.05,1944.31,1934.61,1944.31,1724.5946
1653480300000,1944.31,1944.31,1942.21,1943.06,571.2038
1653480360000,1943.06,1945.82,1942.66,1945.82,586.3865
1653480420000,1945.79,1946.72,1945.41,1946.71,268.5653
1653480480000,1946.71,1948.99,1946.7,1948.96,400.5984
1653480540000,1948.96,1949.0,1946.71,1946.72,404.2954
1653480600000,1946.71,1949.3,1946.41,1947.96,703.3917
1653480660000,1947.95,1948.32,1946.68,1946.99,391.2616
1653480720000,1946.99,1947.94,1946.95,1947.68,256.6779
1653480780000,1947.69,1949.47,1947.68,1948.68,339.046
1653480840000,1948.68,1949.18,1948.68,1949.02,116.7356
1653480900000,1949.02,1950.54,1948.49,1950.31,583.745
1653480960000,1950.31,1950.32,1947.69,1948.09,531.4595
1653481020000,1948.08,1948.09,1946.62,1947.04,331.9691
1653481080000,1947.05,1947.88,1947.04,1947.64,174.2794
1653481140000,1947.64,1948.28,1947.4,1948.15,170.2855
1653481200000,1948.15,1948.39,1947.41,1947.42,126.3593
1653481260000,1947.41,1947.42,1946.21,1946.71,211.2201
1653481320000,1946.71,1947.02,1946.65,1946.9,207.2726
1653481380000,1946.89,1948.16,1946.89,1948.15,163.4186
1653481440000,1948.16,1948.91,1947.56,1947.58,219.2857
1653481500000,1947.57,1949.42,1947.57,1947.82,425.8681
1653481560000,1947.82,1947.82,1943.97,1944.27,775.0
1653481620000,1944.28,1946.12,1944.27,1946.01,201.2254
1653481680000,1946.0,1946.48,1945.01,1945.19,235.3638
1653481740000,1945.2,1945.6,1940.93,1941.04,578.2943
1653481800000,1941.04,1942.91,1938.1,1942.53,919.5029
1653481860000,1942.53,1943.91,1942.14,1943.24,395.8995
1653481920000,1943.25,1943.96,1943.02,1943.69,211.7517
1653481980000,1943.68,1949.68,1942.96,1949.67,384.5519
1653482040000,1949.67,1949.92,1948.64,1949.24,403.1886
1653482100000,1949.23,1952.02,1949.23,1951.78,578.036
1653482160000,1951.78,1951.79,1949.98,1951.57,334.7493
1653482220000,1951.58,1954.09,1951.1,1952.9,804.1399
1653482280000,1952.9,1952.91,1950.06,1951.58,340.8452
1653482340000,1951.58,1951.58,1950.1,1951.15,453.4518
1653482400000,1951.14,1951.43,1948.45,1949.0,525.3748
1653482460000,1948.99,1951.28,1948.09,1951.27,613.7666
1653482520000,1951.28,1951.28,1948.86,1948.92,390.2183
1653482580000,1948.91,1949.17,1948.91,1949.0,161.4208
1653482640000,1949.0,1949.93,1948.86,1949.73,230.6753
1653482700000,1949.73,1951.46,1948.81,1951.45,291.8545
1653482760000,1951.46,1951.46,1950.08,1950.45,207.5255
1653482820000,1950.44,1951.98,1950.05,1951.4,381.7505
1653482880000,1951.39,1953.28,1951.39,1952.69,241.6907
1653482940000,1952.69,1956.92,1952.29,1955.17,886.4733
1653483000000,1955.16,1956.83,1955.16,1955.81,217.2249
1653483060000,1955.81,1955.82,1954.41,1954.41,395.8394
1653483120000,1954.42,1957.35,1953.53,1957.11,2490.2338
1653483180000,1957.11,1960.02,1957.1,1957.34,3230.8504
1653483240000,1957.34,1957.5,1957.24,1957.29,266.4754
1653483300000,1957.3,1958.03,1956.19,1958.02,683.8594
1653483360000,1958.02,1958.03,1956.74,1956.82,292.4886
1653483420000,1956.81,1957.12,1956.41,1957.12,160.6567
1653483480000,1957.12,1957.54,1957.02,1957.11,241.9282
1653483540000,1957.11,1958.09,1957.1,1957.67,290.241
1653483600000,1957.68,1959.97,1957.21,1959.49,534.5469
1653483660000,1959.49,1959.79,1958.42,1959.47,240.1979
1653483720000,1959.47,1960.15,1959.1,1959.97,365.4777
1653483780000,1959.98,1961.05,1957.86,1961.04,616.8495
1653483840000,1961.04,1961.11,1959.31,1960.16,566.9316
1653483900000,1960.15,1960.16,1958.91,1959.52,306.1955
1653483960000,1959.52,1960.93,1959.14,1960.63,650.7159
1653484020000,1960.64,1960.64,1959.47,1959.47,128.486
1653484080000,1959.47,1959.48,1958.0,1959.13,287.8244
1653484140000,1959.13,1959.14,1958.37,1958.53,349.5186
1653484200000,1958.53,1958.7,1957.91,1957.91,222.1793
1653484260000,1957.92,1957.92,1956.55,1956.58,423.9632
1653484320000,1956.58,1958.11,1956.32,1958.1,210.6377
1653484380000,1958.11,1959.71,1958.1,1958.11,251.9919
1653484440000,1958.1,1958.11,1957.24,1957.27,57.7078
1653484500000,1957.27,1957.71,1957.01,1957.01,86.9821
1653484560000,1957.01,1957.57,1956.41,1957.41,198.83
1653484620000,1957.42,1957.42,1956.7,1957.33,128.8005
1653484680000,1957.32,1959.87,1957.3,1959.07,355.3428
1653484740000,1959.07,1959.08,1957.32,1957.57,81.6577
1653484800000,1957.58,1957.58,1956.56,1956.62,189.5567
1653484860000,1956.56,1957.0,1956.37,1956.4,178.4824
1653484920000,1956.39,1957.93,1956.39,1957.93,251.6082
1653484980000,1957.92,1958.98,1957.62,1957.62,361.1543
1653485040000,1957.62,1958.31,1956.99,1958.3,269.1187
1653485100000,1958.3,1958.31,1956.93,1957.35,117.8743
1653485160000,1957.36,1957.36,1956.85,1956.85,54.326
1653485220000,1956.86,1957.25,1954.19,1954.45,207.6509
1653485280000,1954.45,1954.66,1951.2,1952.05,352.8985
1653485340000,1952.04,1952.05,1950.26,1951.2,351.7008
1653485400000,1951.21,1957.67,1951.01,1954.28,1397.1417
1653485460000,1954.27,1958.52,1954.02,1958.52,989.6325
1653485520000,1958.51,1963.0,1957.38,1962.89,1215.5281
1653485580000,1962.9,1968.64,1962.89,1968.64,1497.6263
1653485640000,1968.64,1968.99,1964.63,1966.38,904.5506
1653485700000,1966.39,1967.82,1962.74,1967.82,1025.1707
1653485760000,1967.82,1978.42,1967.81,1976.68,2895.5296
1653485820000,1976.67,1984.31,1974.31,1983.72,3182.8507
1653485880000,1983.71,1984.99,1981.06,1981.28,1629.1536
1653485940000,1981.28,1982.59,1976.01,1978.01,1181.5527
1653486000000,1978.01,1978.99,1975.0,1975.85,869.5998
1653486060000,1975.86,1977.85,1974.16,1974.26,1105.3969
1653486120000,1974.26,1974.27,1970.64,1971.2,1575.31
1653486180000,1971.21,1972.53,1969.31,1972.45,730.3864
1653486240000,1972.45,1977.15,1972.44,1977.15,885.8845
1653486300000,1977.14,1983.97,1976.89,1980.45,1588.4629
1653486360000,1980.45,1981.54,1977.53,1978.54,956.7618
1653486420000,1978.54,1978.54,1971.2,1972.17,1031.1659
1653486480000,1972.18,1972.38,1964.3,1964.31,1534.573
1653486540000,1964.3,1965.88,1962.02,1962.6,2331.4558
1653486600000,1962.59,1967.1,1962.59,1966.63,996.7591
1653486660000,1966.62,1968.63,1965.01,1967.11,1027.7527
1653486720000,1967.11,1970.0,1965.57,1966.44,1006.0682
1653486780000,1966.43,1969.25,1965.58,1967.0,1140.9362
1653486840000,1967.01,1970.0,1966.43,1967.81,696.3261
1653486900000,1967.81,1973.26,1967.75,1972.63,948.7059
1653486960000,1972.63,1974.65,1970.31,1974.29,960.5348
1653487020000,1974.28,1974.48,1970.82,1971.89,642.5145
1653487080000,1971.89,1973.27,1968.74,1969.26,836.1246
1653487140000,1969.25,1974.11,1969.25,1973.15,990.3847
1653487200000,1973.15,1973.16,1967.78,1972.32,985.1981
1653487260000,1972.33,1975.0,1970.0,1971.62,1104.6152
1653487320000,1971.62,1974.96,1971.37,1974.34,758.969
1653487380000,1974.34,1977.19,1974.34,1977.18,836.9187
1653487440000,1977.19,1977.76,1974.78,1975.76,518.5949
1653487500000,1975.76,1975.9,1973.03,1974.18,835.3615
1653487560000,1974.16,1974.17,1967.84,1968.74,833.7101
1653487620000,1968.74,1970.0,1967.3,1969.99,733.7294
1653487680000,1969.99,1971.99,1969.26,1970.55,681.5476
1653487740000,1970.55,1970.95,1968.59,1970.36,375.0899
1653487800000,1970.35,1970.98,1967.34,1969.76,728.3067
1653487860000,1969.75,1973.81,1969.67,1970.12,620.6873
1653487920000,1970.12,1972.58,1969.34,1972.31,494.8396
1653487980000,1972.31,1973.91,1970.37,1973.9,701.5933
1653488040000,1973.91,1982.02,1973.16,1981.95,1576.5535
1653488100000,1981.95,1984.28,1979.55,1981.64,1272.5974
1653488160000,1981.64,1983.1,1978.1,1979.32,714.3833
1653488220000,1979.31,1981.57,1978.28,1978.29,411.5369
1653488280000,1978.28,1983.95,1977.34,1983.63,760.1784
1653488340000,1983.63,1983.64,1980.39,1981.56,919.858
1653488400000,1981.56,1981.89,1979.52,1980.79,711.9951
1653488460000,1980.79,1983.67,1980.57,1980.82,510.2951
1653488520000,1980.82,1984.15,1980.82,1982.3,842.7742
1653488580000,1982.29,1983.58,1981.62,1982.92,700.2369
1653488640000,1982.91,1985.75,1982.04,1982.14,1821.5997
1653488700000,1982.13,1982.61,1981.63,1981.73,563.3396
1653488760000,1981.72,1983.75,1981.3,1981.52,528.3005
1653488820000,1981.52,1982.96,1980.85,1980.86,366.6554
1653488880000,1980.86,1981.95,1979.12,1979.82,880.2237
1653488940000,1979.82,1981.0,1979.47,1979.5,376.8743
1653489000000,1979.5,1981.75,1974.01,1975.54,878.5352
1653489060000,1975.54,1975.97,1974.4,1974.4,232.8059
1653489120000,1974.4,1976.23,1974.34,1974.48,327.4093
1653489180000,1974.49,1975.07,1973.0,1974.18,939.2448
1653489240000,1974.19,1975.66,1974.18,1975.13,322.2613
1653489300000,1975.13,1976.0,1974.52,1974.53,281.1392
1653489360000,1974.53,1975.03,1972.89,1973.98,269.6558
1653489420000,1973.97,1974.97,1973.9,1973.98,351.7828
1653489480000,1973.98,1974.89,1973.7,1974.61,465.0348
1653489540000,1974.61,1975.15,1974.39,1974.51,175.3461
1653489600000,1974.51,1974.99,1971.28,1971.29,506.748
1653489660000,1971.28,1971.28,1967.87,1968.31,909.4303
1653489720000,1968.3,1970.12,1968.3,1968.67,325.4558
1653489780000,1968.67,1969.36,1967.99,1969.35,342.7209
1653489840000,1969.35,1970.38,1967.6,1968.8,624.7272
1653489900000,1968.8,1969.54,1967.59,1967.59,261.8478
1653489960000,1967.6,1968.07,1965.19,1965.19,482.9606
1653490020000,1965.2,1967.0,1964.26,1964.55,543.0015
1653490080000,1964.55,1965.47,1962.72,1964.98,532.0153
1653490140000,1964.97,1966.11,1964.67,1965.0,310.0479
1653490200000,1965.01,1966.8,1964.97,1965.83,134.3656
1653490260000,1965.82,1966.48,1964.62,1966.21,317.3209
1653490320000,1966.22,1968.0,1966.11,1966.43,244.3085
1653490380000,1966.43,1969.16,1966.14,1968.65,451.8945
1653490440000,1968.66,1969.4,1967.08,1967.08,353.3303
1653490500000,1967.09,1969.96,1967.04,1969.06,356.9045
1653490560000,1969.06,1969.61,1968.08,1969.22,280.2651
1653490620000,1969.21,1970.45,1967.49,1970.1,270.6706
1653490680000,1970.11,1972.0,1969.21,1971.73,403.2928
1653490740000,1971.73,1971.74,1969.21,1970.55,481.6399
1653490800000,1970.55,1970.88,1968.46,1968.61,366.9393
1653490860000,1968.61,1972.09,1968.6,1971.86,341.1182
1653490920000,1971.86,1972.93,1970.59,1972.92,258.0706
1653490980000,1972.93,1973.71,1972.09,1972.09,386.8801
1653491040000,1972.09,1972.09,1963.47,1965.49,780.2659
1653491100000,1965.49,1965.66,1962.27,1962.84,1870.6349
1653491160000,1962.84,1964.03,1962.39,1963.91,1380.2753
1653491220000,1963.92,1966.99,1963.42,1966.76,233.7372
1653491280000,1966.77,1966.77,1964.23,1964.89,344.7922
1653491340000,1964.88,1967.09,1964.85,1966.91,401.7368
1653491400000,1966.91,1967.75,1966.0,1967.05,224.0141
1653491460000,1967.05,1970.34,1966.68,1969.47,708.2345
1653491520000,1969.47,1972.71,1969.46,1972.44,333.0701
1653491580000,1972.44,1974.71,1971.83,1974.01,601.5748
1653491640000,1974.02,1974.02,1972.73,1973.57,396.1787
1653491700000,1973.56,1974.87,1971.56,1974.3,590.2518
1653491760000,1974.3,1974.31,1970.22,1970.97,331.8423
1653491820000,1970.96,1972.27,1970.87,1971.11,125.207
1653491880000,1971.11,1972.97,1971.11,1972.4,242.2576
1653491940000,1972.4,1972.67,1971.37,1972.15,416.1403
1653492000000,1972.15,1972.15,1969.0,1969.01,233.3638
1653492060000,1969.01,1969.01,1967.45,1967.79,276.2718
1653492120000,1967.79,1970.46,1967.65,1969.9,209.8174
1653492180000,1969.9,1970.95,1969.56,1969.76,137.7509
1653492240000,1969.77,1969.77,1968.55,1969.4,249.4169
1653492300000,1969.39,1969.84,1967.5,1967.5,165.8849
1653492360000,1967.51,1970.49,1967.23,1968.66,327.6568
1653492420000,1968.65,1971.2,1968.4,1970.89,168.6958
1653492480000,1970.89,1971.08,1970.14,1970.73,127.5388
1653492540000,1970.73,1970.73,1968.01,1968.22,135.7916
1653492600000,1968.21,1969.47,1966.34,1969.46,271.926
1653492660000,1969.47,1969.7,1967.99,1968.9,283.5866
1653492720000,1968.89,1970.62,1967.21,1967.37,226.0206
1653492780000,1967.37,1967.93,1965.76,1965.77,213.3214
1653492840000,1965.77,1965.77,1961.18,1961.77,514.1028
1653492900000,1961.76,1962.98,1956.19,1956.5,1067.8128
1653492960000,1956.5,1959.44,1955.37,1959.43,980.0757
1653493020000,1959.44,1959.75,1957.58,1957.69,496.6601
1653493080000,1957.69,1960.0,1957.69,1960.0,395.6005
1653493140000,1959.99,1961.82,1959.99,1961.27,316.1502
1653493200000,1961.26,1962.27,1960.64,1962.26,230.6743
1653493260000,1962.27,1962.27,1961.0,1961.15,198.5063
1653493320000,1961.15,1962.12,1959.99,1962.11,303.4318
1653493380000,1962.11,1962.43,1961.52,1962.43,144.6724
1653493440000,1962.43,1965.65,1962.1,1962.26,510.115
1653493500000,1962.27,1964.77,1961.74,1963.61,364.0469
1653493560000,1963.6,1964.46,1961.85,1961.85,245.5199
1653493620000,1961.86,1963.21,1961.32,1961.54,345.1699
1653493680000,1961.53,1963.0,1961.42,1962.7,220.6374
1653493740000,1962.7,1963.24,1961.53,1961.66,233.2984
1653493800000,1961.66,1961.96,1960.16,1960.17,228.6848
1653493860000,1960.16,1964.26,1960.16,1961.3,391.4918
1653493920000,1961.3,1962.45,1960.74,1962.0,331.6684
1653493980000,1961.99,1963.0,1961.52,1961.53,200.7451
1653494040000,1961.52,1961.93,1961.0,1961.72,291.4288
1653494100000,1961.73,1962.57,1961.27,1961.27,314.188
1653494160000,1961.28,1963.92,1961.27,1963.91,211.2526
1653494220000,1963.92,1964.57,1962.57,1964.57,129.5545
1653494280000,1964.56,1967.56,1964.56,1967.02,327.1841
1653494340000,1967.02,1967.03,1964.53,1964.53,298.6166
1653494400000,1964.54,1964.64,1962.18,1963.81,551.3672
1653494460000,1963.81,1964.98,1962.41,1964.94,270.6725
1653494520000,1964.94,1966.64,1964.93,1966.64,278.2289
1653494580000,1966.64,1966.65,1963.09,1963.49,279.8124
1653494640000,1963.49,1963.76,1962.69,1963.31,247.7587
1653494700000,1963.32,1965.3,1963.17,1964.03,365.2341
1653494760000,1964.03,1964.88,1962.8,1962.81,307.1199
1653494820000,1962.81,1964.3,1962.68,1964.3,158.8562
1653494880000,1964.3,1964.3,1963.73,1963.92,157.431
1653494940000,1963.91,1963.92,1959.39,1959.67,587.7481
1653495000000,1959.67,1959.68,1957.09,1957.19,451.9743
1653495060000,1957.18,1959.93,1952.56,1959.93,1270.163
1653495120000,1959.93,1962.77,1959.92,1961.76,379.9748
1653495180000,1961.75,1964.06,1961.39,1962.73,516.942
1653495240000,1962.78,1964.73,1962.57,1964.65,292.0724
1653495300000,1964.65,1966.64,1964.64,1965.38,276.4431
1653495360000,1965.38,1966.11,1964.08,1964.2,487.9883
1653495420000,1964.2,1965.93,1962.62,1962.63,301.546
1653495480000,1962.62,1964.69,1958.55,1958.97,1016.1033
1653495540000,1958.98,1961.88,1958.97,1960.01,548.4069
1653495600000,1960.01,1960.02,1956.65,1957.71,354.6139
1653495660000,1957.71,1958.32,1949.59,1950.04,2355.9573
1653495720000,1950.04,1950.52,1947.79,1949.77,1075.1868
1653495780000,1949.78,1950.98,1948.61,1949.13,312.4961
1653495840000,1949.12,1951.31,1946.52,1947.78,622.658
1653495900000,1947.77,1949.13,1946.23,1948.28,647.5861
1653495960000,1948.27,1948.57,1945.54,1948.06,789.5625
1653496020000,1948.05,1948.57,1946.37,1947.46,296.4285
1653496080000,1947.46,1949.59,1946.65,1948.48,813.4764
1653496140000,1948.47,1950.67,1948.31,1950.66,540.8403
1653496200000,1950.67,1952.1,1949.42,1949.77,477.5352
1653496260000,1949.78,1950.58,1949.36,1950.53,282.6704
1653496320000,1950.54,1951.58,1949.64,1949.97,261.4084
1653496380000,1949.98,1949.98,1947.62,1949.24,329.2062
1653496440000,1949.24,1949.25,1947.03,1947.2,335.189
1653496500000,1947.2,1948.82,1946.97,1948.63,260.7039
1653496560000,1948.63,1948.63,1944.18,1944.21,631.1105
1653496620000,1944.21,1947.2,1944.09,1946.68,533.4579
1653496680000,1946.67,1949.76,1946.67,1949.44,221.1454
1653496740000,1949.44,1949.44,1947.54,1947.55,230.8381
1653496800000,1947.54,1949.04,1947.09,1947.83,268.6354
1653496860000,1947.83,1949.04,1947.83,1949.04,370.0747
1653496920000,1949.04,1949.87,1948.44,1949.6,84.1271
1653496980000,1949.6,1949.6,1947.22,1949.53,279.5964
1653497040000,1949.53,1951.08,1949.13,1951.08,208.8471
1653497100000,1951.07,1952.24,1949.77,1951.72,307.7603
1653497160000,1951.71,1952.09,1951.31,1952.09,112.5971
1653497220000,1952.08,1952.96,1950.53,1950.53,246.025
1653497280000,1950.54,1953.73,1950.53,1953.72,158.7946
1653497340000,1953.73,1955.25,1952.62,1952.65,396.6773
1653497400000,1952.64,1952.65,1951.18,1952.59,138.7248
1653497460000,1952.58,1952.65,1951.21,1952.54,128.818
1653497520000,1952.55,1952.6,1951.01,1951.17,154.6179
1653497580000,1951.16,1952.32,1951.04,1952.14,241.9981
1653497640000,1952.15,1952.86,1950.75,1952.75,301.4103
1653497700000,1952.75,1952.8,1952.08,1952.68,84.9579
1653497760000,1952.69,1952.69,1949.27,1949.27,316.5826
1653497820000,1949.28,1951.77,1949.27,1951.77,252.0533
1653497880000,1951.77,1953.55,1951.76,1952.66,230.5769
1653497940000,1952.66,1954.9,1952.65,1954.29,247.3735
1653498000000,1954.3,1954.7,1952.77,1954.7,299.7884
1653498060000,1954.69,1954.92,1953.69,1953.76,193.3258
1653498120000,1953.75,1954.48,1953.06,1954.48,173.0304
1653498180000,1954.47,1954.79,1954.25,1954.34,144.5023
1653498240000,1954.33,1954.78,1953.36,1953.82,198.9271
1653498300000,1953.82,1954.69,1952.99,1953.16,219.8447
1653498360000,1953.17,1954.22,1953.16,1953.2,163.2529
1653498420000,1953.2,1956.66,1953.18,1956.47,477.9288
1653498480000,1956.47,1956.89,1954.99,1955.37,710.3799
1653498540000,1955.37,1957.14,1953.33,1957.1,615.3834
1653498600000,1957.1,1957.37,1954.74,1954.81,332.8558
1653498660000,1954.82,1955.48,1953.55,1955.47,414.5223
1653498720000,1955.48,1955.48,1953.5,1953.51,242.7095
1653498780000,1953.5,1955.36,1953.32,1954.89,321.0713
1653498840000,1954.9,1956.8,1954.89,1956.66,81.2087
1653498900000,1956.67,1958.63,1955.94,1958.23,305.1087
1653498960000,1958.22,1958.28,1956.77,1956.77,266.7486
1653499020000,1956.77,1958.28,1956.2,1958.27,157.7654
1653499080000,1958.27,1958.64,1957.76,1957.76,139.4159
1653499140000,1957.76,1959.39,1957.76,1958.44,214.3426
1653499200000,1958.43,1958.44,1957.35,1957.86,138.9136
1653499260000,1957.87,1958.63,1957.86,1958.41,209.1305
1653499320000,1958.41,1958.44,1957.13,1957.42,104.0042
1653499380000,1957.42,1957.91,1956.88,1956.88,98.1014
1653499440000,1956.89,1958.67,1955.73,1958.66,198.2926
1653499500000,1958.67,1958.76,1956.23,1957.28,573.6098
1653499560000,1957.27,1958.49,1957.1,1957.18,224.7779
1653499620000,1957.18,1958.4,1956.43,1958.39,72.7639
1653499680000,1958.4,1958.4,1957.58,1958.04,157.384
1653499740000,1958.04,1959.61,1958.04,1959.26,278.7869
1653499800000,1959.25,1960.08,1958.44,1958.44,145.0921
1653499860000,1958.44,1959.99,1957.58,1957.87,286.5715
1653499920000,1957.86,1959.18,1957.67,1958.51,231.2537
1653499980000,1958.51,1961.81,1958.5,1961.6,331.0571
1653500040000,1961.61,1961.61,1959.21,1960.1,429.8544
1653500100000,1960.09,1961.61,1959.41,1961.61,250.8698
1653500160000,1961.6,1961.97,1960.65,1961.97,217.7275
1653500220000,1961.96,1964.0,1961.96,1962.86,288.2548
1653500280000,1962.87,1964.73,1962.86,1964.12,275.6736
1653500340000,1964.12,1964.44,1962.86,1963.48,179.5659
1653500400000,1963.47,1963.8,1961.66,1961.67,307.7698
1653500460000,1961.66,1963.37,1961.64,1963.14,393.5012
1653500520000,1963.14,1964.32,1963.14,1964.32,315.7317
1653500580000,1964.31,1965.35,1964.24,1965.35,323.3782
1653500640000,1965.35,1965.35,1964.56,1964.9,72.0842
1653500700000,1964.89,1966.24,1964.89,1965.0,336.8462
1653500760000,1965.01,1965.19,1964.18,1965.18,124.8788
1653500820000,1965.19,1965.19,1963.56,1964.69,242.7187
1653500880000,1964.7,1965.49,1964.16,1964.61,297.419
1653500940000,1964.61,1964.66,1962.5,1964.65,319.5157
1653501000000,1964.64,1965.29,1962.57,1962.76,253.8943
1653501060000,1962.77,1962.82,1962.17,1962.42,153.9525
1653501120000,1962.41,1962.55,1961.46,1961.63,248.1231
1653501180000,1961.64,1962.0,1961.42,1962.0,159.6521
1653501240000,1962.0,1962.4,1961.55,1962.39,72.0509
1653501300000,1962.39,1963.06,1961.4,1961.4,103.4194
1653501360000,1961.41,1962.39,1960.17,1962.15,321.354
1653501420000,1962.15,1962.15,1960.6,1961.4,197.5457
1653501480000,1961.4,1962.01,1961.34,1962.01,151.9946
1653501540000,1962.0,1965.99,1962.0,1962.56,1073.3538
1653501600000,1962.56,1969.96,1960.48,1965.25,1710.6068
1653501660000,1965.26,1968.67,1962.24,1967.42,1046.0019
1653501720000,1967.43,1979.82,1967.42,1977.5,3733.9663
1653501780000,1977.51,1978.28,1963.08,1967.31,1718.0213
1653501840000,1967.3,1971.44,1966.37,1969.77,795.5246
1653501900000,1969.77,1976.4,1966.95,1968.57,1386.7603
1653501960000,1968.56,1970.09,1953.9,1954.2,2177.7528
1653502020000,1954.2,1955.34,1946.76,1953.94,2937.9456
1653502080000,1953.93,1962.97,1952.75,1959.55,1579.2809
1653502140000,1959.55,1962.93,1955.11,1960.89,1061.8837
1653502200000,1961.23,1974.59,1961.08,1968.17,2033.0161
1653502260000,1968.18,1973.93,1965.27,1971.03,1428.9917
1653502320000,1971.02,1971.03,1964.46,1965.32,963.0626
1653502380000,1965.27,1971.95,1964.76,1970.17,1365.2715
1653502440000,1970.17,1972.96,1967.91,1970.38,966.4682
1653502500000,1970.38,1972.94,1967.54,1972.94,999.629
1653502560000,1972.93,1975.72,1972.3,1975.52,1222.8144
1653502620000,1975.51,1977.12,1972.82,1973.12,1487.4343
1653502680000,1973.12,1975.14,1970.06,1970.34,593.4099
1653502740000,1970.34,1971.65,1966.8,1968.22,713.3808
1653502800000,1968.22,1972.64,1966.4,1971.71,691.2177
1653502860000,1971.7,1972.8,1970.33,1971.72,596.8848
1653502920000,1971.73,1973.53,1969.0,1969.01,692.4534
1653502980000,1969.01,1970.71,1968.3,1970.28,666.3665
1653503040000,1970.29,1971.52,1968.83,1968.84,415.5458
1653503100000,1968.83,1971.98,1967.33,1971.41,761.2156
1653503160000,1971.4,1974.49,1969.81,1974.42,617.197
1653503220000,1974.42,1977.12,1973.93,1976.75,698.743
1653503280000,1976.76,1978.58,1974.19,1974.19,1179.5728
1653503340000,1974.19,1977.28,1974.0,1976.46,317.3347
1653503400000,1976.45,1979.6,1976.45,1978.64,749.8266
1653503460000,1978.64,1982.24,1977.6,1981.24,897.2353
1653503520000,1981.25,1981.87,1975.43,1975.7,945.2978
1653503580000,1975.7,1980.26,1975.35,1978.47,596.1079
1653503640000,1978.47,1980.66,1978.46,1979.53,349.3909
1653503700000,1979.53,1981.57,1978.09,1980.68,648.01
1653503760000,1980.68,1982.84,1978.12,1978.53,821.2987
1653503820000,1978.53,1980.28,1976.27,1978.18,1484.9974
1653503880000,1978.18,1979.75,1974.76,1975.33,776.684
1653503940000,1975.33,1975.34,1971.7,1971.7,730.7092
1653504000000,1971.71,1976.25,1971.7,1975.95,362.7624
1653504060000,1975.95,1977.24,1970.8,1972.2,1272.2303
1653504120000,1972.21,1972.66,1970.13,1971.99,536.912
1653504180000,1971.99,1974.51,1970.41,1970.49,625.6411
1653504240000,1970.49,1971.34,1969.45,1969.72,453.5033
1653504300000,1969.72,1971.78,1969.71,1970.21,465.195
1653504360000,1970.22,1971.11,1969.15,1969.4,259.4118
1653504420000,1969.4,1970.48,1968.45,1969.68,304.4943
1653504480000,1969.68,1970.01,1968.23,1968.24,325.8138
1653504540000,1968.24,1969.0,1965.98,1966.2,357.3555
1653504600000,1966.2,1970.39,1966.2,1970.38,484.8484
1653504660000,1970.39,1972.99,1969.07,1969.07,503.6128
1653504720000,1969.08,1969.93,1967.55,1969.93,355.2886
1653504780000,1969.92,1971.78,1969.92,1971.34,198.2722
1653504840000,1971.35,1973.11,1971.34,1971.97,220.5909
1653504900000,1971.96,1975.0,1971.96,1974.99,371.8864
1653504960000,1974.99,1975.0,1973.55,1975.0,326.1987
1653505020000,1974.99,1976.95,1974.99,1975.38,490.1775
1653505080000,1975.38,1976.17,1974.38,1974.83,144.9198
1653505140000,1974.82,1975.74,1974.06,1975.61,232.9756
1653505200000,1975.62,1977.98,1973.26,1977.97,478.3109
1653505260000,1977.98,1978.52,1977.02,1977.41,368.4955
1653505320000,1977.41,1978.16,1976.74,1977.89,385.1628
1653505380000,1977.9,1979.77,1977.14,1979.38,261.2053
1653505440000,1979.39,1980.08,1978.11,1979.12,724.0987
1653505500000,1979.11,1979.52,1975.5,1975.62,501.2507
1653505560000,1975.63,1975.66,1974.48,1975.57,161.7205
1653505620000,1975.57,1975.76,1972.63,1974.56,227.1769
1653505680000,1974.57,1975.51,1974.0,1974.13,405.8904
1653505740000,1974.12,1974.67,1973.55,1974.63,157.5436
1653505800000,1974.64,1974.64,1973.67,1974.53,238.7817
1653505860000,1974.53,1974.99,1974.37,1974.98,113.494
1653505920000,1974.99,1975.5,1973.65,1975.33,243.0665
1653505980000,1975.32,1975.33,1973.97,1975.0,121.7411
1653506040000,1974.99,1975.33,1972.46,1972.72,202.5991
1653506100000,1972.72,1973.31,1967.57,1967.89,430.121
1653506160000,1967.89,1970.62,1967.62,1969.43,539.102
1653506220000,1969.43,1969.43,1967.45,1967.97,236.5268
1653506280000,1967.97,1968.73,1967.01,1968.29,241.9629
1653506340000,1968.29,1968.3,1967.0,1967.7,268.6031
1653506400000,1967.69,1968.42,1966.8,1967.29,249.5771
1653506460000,1967.29,1968.38,1967.19,1967.3,164.5255
1653506520000,1967.29,1967.3,1964.69,1965.44,332.9284
1653506580000,1965.44,1966.89,1965.44,1966.57,183.0336
1653506640000,1966.58,1967.61,1965.89,1967.6,239.296
1653506700000,1967.6,1967.73,1965.79,1967.73,257.2745
1653506760000,1967.72,1968.91,1967.72,1968.23,248.792
1653506820000,1968.23,1968.78,1967.67,1968.51,88.9008
1653506880000,1968.51,1968.92,1966.21,1966.99,195.7616
1653506940000,1966.99,1967.18,1965.54,1965.83,240.4964
1653507000000,1965.83,1967.0,1965.45,1965.46,234.7625
1653507060000,1965.46,1967.44,1965.45,1967.42,211.3477
1653507120000,1967.41,1967.67,1964.76,1964.79,205.2198
1653507180000,1964.8,1967.14,1964.53,1966.73,222.9812
1653507240000,1966.72,1966.78,1964.82,1965.7,370.0139
1653507300000,1965.71,1965.87,1964.92,1964.93,304.7181
1653507360000,1964.93,1965.27,1962.56,1963.74,286.4774
1653507420000,1963.74,1966.0,1963.74,1965.45,290.7931
1653507480000,1965.45,1967.39,1965.44,1967.29,622.0869
1653507540000,1967.3,1967.3,1965.85,1966.2,123.8035
1653507600000,1966.21,1966.4,1964.68,1964.93,227.0754
1653507660000,1964.94,1966.93,1964.77,1966.42,217.0724
1653507720000,1966.42,1967.17,1966.0,1966.01,151.2288
1653507780000,1966.0,1966.46,1965.65,1966.45,154.8117
1653507840000,1966.46,1966.49,1965.78,1965.85,173.0181
1653507900000,1965.86,1965.86,1963.62,1963.93,357.3585
1653507960000,1963.94,1966.48,1963.93,1966.35,346.2741
1653508020000,1966.34,1967.0,1965.19,1966.99,161.1192
1653508080000,1967.0,1967.0,1963.67,1963.99,301.148
1653508140000,1964.0,1964.0,1958.74,1961.49,1286.6311
1653508200000,1961.49,1961.49,1956.75,1959.9,1004.1733
1653508260000,1959.9,1960.47,1957.0,1957.13,456.6232
1653508320000,1957.12,1957.32,1954.17,1955.04,1188.1903
1653508380000,1955.04,1957.4,1954.37,1957.4,281.4685
1653508440000,1957.4,1959.5,1957.4,1958.38,489.1746
1653508500000,1958.37,1959.92,1957.92,1959.76,231.1878
1653508560000,1959.75,1960.68,1950.39,1952.8,2367.2853
1653508620000,1952.81,1953.19,1952.39,1953.19,238.192
1653508680000,1953.18,1953.62,1952.39,1953.43,467.1503
1653508740000,1953.43,1953.43,1949.06,1951.59,1063.5247
1653508800000,1951.59,1951.6,1949.0,1949.48,885.1319
1653508860000,1949.48,1950.0,1949.43,1949.76,163.2479
1653508920000,1949.75,1951.87,1949.75,1951.64,373.4834
1653508980000,1951.65,1952.99,1951.2,1952.99,122.7522
1653509040000,1952.99,1954.0,1952.77,1954.0,274.7173
1653509100000,1954.0,1955.79,1953.99,1955.79,226.1362
1653509160000,1955.79,1955.79,1953.0,1953.41,141.6386
1653509220000,1953.41,1954.34,1952.55,1953.93,231.6883
1653509280000,1953.92,1953.93,1953.21,1953.39,149.5081
1653509340000,1953.39,1955.29,1953.21,1954.91,229.6158
1653509400000,1954.9,1954.91,1953.5,1953.51,117.1695
1653509460000,1953.51,1954.62,1953.5,1954.61,183.4668
1653509520000,1954.62,1955.0,1953.89,1954.96,218.6307
1653509580000,1954.96,1954.96,1954.08,1954.65,68.4338
1653509640000,1954.64,1954.65,1954.18,1954.2,63.8135
1653509700000,1954.2,1956.65,1952.71,1956.53,530.5093
1653509760000,1956.54,1956.83,1956.14,1956.49,259.4863
1653509820000,1956.49,1956.49,1955.56,1955.64,101.8389
1653509880000,1955.64,1957.47,1955.49,1957.44,164.4232
1653509940000,1957.43,1957.43,1955.02,1956.24,205.8255
1653510000000,1956.24,1956.47,1951.66,1953.02,623.9402
1653510060000,1953.01,1957.19,1952.31,1955.66,596.5947
1653510120000,1955.65,1955.66,1952.37,1952.56,419.3535
1653510180000,1952.56,1954.17,1952.56,1952.8,177.8113
1653510240000,1952.81,1953.56,1952.07,1952.23,429.4344
1653510300000,1952.23,1952.31,1951.35,1952.26,266.3767
1653510360000,1952.27,1952.27,1950.9,1951.05,157.9413
1653510420000,1951.06,1951.78,1950.8,1950.8,342.6912
1653510480000,1950.81,1951.7,1950.42,1951.59,507.649
1653510540000,1951.6,1952.92,1951.59,1952.91,114.0635
1653510600000,1952.91,1953.41,1951.58,1953.07,178.4422
1653510660000,1953.06,1954.03,1952.66,1954.03,175.1841
1653510720000,1954.03,1955.75,1954.02,1955.46,330.476
1653510780000,1955.47,1955.71,1954.38,1955.7,137.3017
1653510840000,1955.7,1955.83,1954.83,1954.84,155.3418
1653510900000,1954.84,1955.36,1954.04,1955.35,118.5449
1653510960000,1955.36,1956.58,1955.3,1956.57,48.5377
1653511020000,1956.58,1956.58,1955.61,1955.89,113.9417
1653511080000,1955.88,1957.46,1955.88,1957.15,113.2934
1653511140000,1957.15,1957.16,1956.02,1956.47,226.2339
1653511200000,1956.47,1956.52,1956.22,1956.51,43.529
1653511260000,1956.51,1956.52,1955.89,1956.0,115.4912
1653511320000,1956.01,1956.01,1955.71,1955.99,42.9587
1653511380000,1955.98,1956.61,1955.98,1956.37,106.6784
1653511440000,1956.36,1956.37,1955.49,1955.49,37.2727
1653511500000,1955.5,1955.96,1955.3,1955.76,110.8223
1653511560000,1955.76,1955.92,1955.36,1955.41,69.5291
1653511620000,1955.41,1957.0,1955.4,1956.86,379.293
1653511680000,1956.86,1957.5,1956.76,1957.5,92.019
1653511740000,1957.49,1963.51,1956.67,1962.11,833.5126
1653511800000,1962.1,1962.11,1959.75,1959.76,175.8392
1653511860000,1959.75,1959.76,1959.56,1959.57,39.4189
1653511920000,1959.57,1959.64,1959.47,1959.47,45.2721
1653511980000,1959.48,1960.0,1959.45,1960.0,88.4719
1653512040000,1960.0,1960.0,1959.8,1959.8,48.379
1653512100000,1959.8,1959.89,1959.78,1959.88,68.6649
1653512160000,1959.89,1962.78,1959.88,1962.15,737.2495
1653512220000,1962.16,1962.16,1961.0,1961.08,145.2173
1653512280000,1961.09,1961.2,1960.7,1960.9,109.3486
1653512340000,1960.91,1960.91,1959.55,1960.88,380.6635
1653512400000,1960.88,1961.62,1958.97,1961.62,837.2987
1653512460000,1961.61,1961.77,1960.87,1961.55,278.5435
1653512520000,1961.56,1961.56,1961.55,1961.55,16.1617
1653512580000,1961.56,1961.56,1957.25,1958.69,880.8567
1653512640000,1958.69,1958.7,1958.23,1958.66,169.5613
1653512700000,1958.65,1958.67,1957.88,1957.88,126.3141
1653512760000,1957.89,1957.89,1957.28,1957.28,24.8341
1653512820000,1957.29,1957.29,1956.37,1956.89,143.4882
1653512880000,1956.89,1957.31,1955.72,1955.73,287.7738
1653512940000,1955.73,1956.03,1955.16,1955.42,321.2966
1653513000000,1955.43,1955.43,1953.21,1953.42,426.9495
1653513060000,1953.43,1954.16,1953.13,1953.71,277.9507
1653513120000,1953.72,1954.56,1953.71,1954.56,171.1391
1653513180000,1954.56,1954.89,1954.56,1954.88,81.8853
1653513240000,1954.89,1954.89,1954.38,1954.74,118.9361
1653513300000,1954.73,1954.74,1954.0,1954.35,142.3806
1653513360000,1954.35,1954.36,1954.12,1954.16,42.9189
1653513420000,1954.16,1954.31,1954.15,1954.3,139.7144
1653513480000,1954.31,1954.31,1954.23,1954.24,101.2315
1653513540000,1954.25,1954.44,1953.73,1954.44,212.9572
1653513600000,1954.44,1955.81,1954.35,1955.81,124.1794
1653513660000,1955.81,1956.89,1955.8,1956.88,142.0546
1653513720000,1956.88,1956.89,1956.61,1956.79,95.4617
1653513780000,1956.78,1957.0,1956.62,1957.0,88.9
1653513840000,1957.0,1957.19,1956.71,1957.19,79.1938
1653513900000,1957.19,1957.19,1956.8,1956.8,22.2434
1653513960000,1956.8,1956.81,1956.74,1956.75,42.0699
1653514020000,1956.75,1957.4,1956.74,1957.4,111.3069
1653514080000,1957.4,1959.5,1957.27,1959.38,332.1802
1653514140000,1959.39,1965.44,1959.37,1965.44,316.6849
1653514200000,1965.44,1965.44,1962.16,1962.17,171.8675
1653514260000,1962.16,1962.17,1961.32,1961.37,74.3725
1653514320000,1961.37,1961.37,1960.97,1960.98,47.1681
1653514380000,1960.98,1960.98,1960.44,1960.73,66.6142
1653514440000,1960.73,1961.51,1960.72,1961.5,45.6912
1653514500000,1961.5,1961.9,1961.5,1961.86,70.0118
1653514560000,1961.86,1961.89,1960.04,1960.05,92.4269
1653514620000,1960.04,1961.06,1959.92,1961.06,94.7818
1653514680000,1961.06,1961.06,1961.05,1961.05,14.1937
1653514740000,1961.05,1961.06,1961.05,1961.06,15.6483
1653514800000,1961.06,1961.06,1961.05,1961.06,28.7071
1653514860000,1961.05,1962.0,1961.05,1961.99,59.9779
1653514920000,1962.0,1969.97,1961.99,1963.77,736.2979
1653514980000,1963.77,1963.77,1963.03,1963.03,55.4832
1653515040000,1963.04,1964.17,1963.02,1963.86,165.1296
1653515100000,1963.87,1963.87,1962.91,1962.92,114.6091
1653515160000,1962.91,1962.92,1962.42,1962.42,23.4321
1653515220000,1962.43,1962.43,1961.8,1962.21,83.5542
1653515280000,1962.21,1962.9,1962.2,1962.69,136.3428
1653515340000,1962.69,1962.7,1962.45,1962.59,66.5645
1653515400000,1962.6,1967.13,1962.2,1967.12,438.4385
1653515460000,1967.13,1968.0,1967.08,1967.8,240.4957
1653515520000,1967.81,1967.81,1965.17,1965.17,62.5771
1653515580000,1965.18,1967.07,1965.17,1967.05,135.0692
1653515640000,1967.05,1967.06,1966.3,1966.3,79.7445
1653515700000,1966.31,1966.96,1966.3,1966.73,153.5114
1653515760000,1966.73,1968.93,1966.72,1968.92,150.3129
1653515820000,1968.92,1969.56,1968.44,1968.69,349.1879
1653515880000,1968.7,1968.7,1967.52,1967.53,88.0468
1653515940000,1967.53,1968.32,1967.33,1967.89,162.9432
1653516000000,1967.89,1969.93,1967.88,1969.93,183.1385
1653516060000,1969.92,1971.25,1969.54,1971.25,464.3547
1653516120000,1971.24,1972.02,1969.45,1969.45,237.0354
1653516180000,1969.45,1969.46,1965.08,1967.77,953.1275
1653516240000,1967.76,1968.55,1966.02,1966.65,387.6572
1653516300000,1966.65,1966.65,1965.43,1965.44,159.3773
1653516360000,1965.44,1965.99,1963.9,1965.96,444.3209
1653516420000,1965.97,1965.97,1965.23,1965.24,115.3234
1653516480000,1965.24,1965.97,1964.8,1965.97,179.1869
1653516540000,1965.97,1966.37,1964.65,1964.65,163.7263
1653516600000,1964.66,1964.66,1964.42,1964.57,95.0674
1653516660000,1964.57,1965.78,1964.57,1965.77,263.5318
1653516720000,1965.77,1965.78,1964.71,1964.71,164.6823
1653516780000,1964.72,1964.72,1964.55,1964.56,39.8885
1653516840000,1964.55,1965.53,1964.41,1964.91,223.7548
1653516900000,1964.92,1965.0,1963.8,1963.81,121.5103
1653516960000,1963.81,1964.18,1962.86,1962.86,158.6926
1653517020000,1962.86,1963.76,1962.86,1963.75,139.6816
1653517080000,1963.75,1964.9,1963.75,1964.89,54.7621
1653517140000,1964.89,1964.9,1963.29,1963.43,538.4665
1653517200000,1963.42,1963.43,1963.19,1963.28,65.8865
1653517260000,1963.29,1964.01,1963.28,1963.62,167.2761
1653517320000,1963.62,1965.94,1963.2,1965.94,204.8899
1653517380000,1965.94,1966.71,1965.83,1965.91,232.3516
1653517440000,1965.92,1965.92,1964.28,1964.29,206.0362
1653517500000,1964.29,1964.37,1963.8,1964.25,242.139
1653517560000,1964.25,1964.25,1963.49,1963.92,173.7173
1653517620000,1963.91,1963.92,1962.86,1963.35,269.8872
1653517680000,1963.35,1963.76,1960.46,1960.46,356.1075
1653517740000,1960.47,1963.65,1960.47,1963.04,316.0348
1653517800000,1963.04,1963.04,1960.78,1961.2,301.5963
1653517860000,1961.21,1961.9,1960.54,1961.74,138.2658
1653517920000,1961.73,1962.0,1961.16,1961.99,90.2698
1653517980000,1962.0,1962.57,1961.97,1962.56,78.7892
1653518040000,1962.56,1963.33,1962.56,1963.32,36.308
1653518100000,1963.32,1964.0,1963.21,1964.0,61.3758
1653518160000,1964.0,1966.1,1963.99,1965.78,156.5146
1653518220000,1965.77,1966.4,1965.59,1965.8,131.7529
1653518280000,1965.79,1965.8,1964.62,1964.8,117.7885
1653518340000,1964.81,1967.04,1964.8,1966.87,256.2943
1653518400000,1966.88,1967.69,1966.87,1967.35,116.7529
1653518460000,1967.35,1967.71,1966.29,1967.71,270.8102
1653518520000,1967.7,1967.71,1965.92,1966.0,154.4784
1653518580000,1966.01,1966.01,1964.6,1964.61,98.1699
1653518640000,1964.62,1964.99,1964.52,1964.56,322.1204
1653518700000,1964.56,1964.56,1962.11,1962.12,236.9802
1653518760000,1962.12,1962.5,1961.72,1961.73,170.0995
1653518820000,1961.73,1962.14,1961.6,1962.13,275.833
1653518880000,1962.13,1962.5,1961.97,1962.28,151.5062
1653518940000,1962.29,1962.47,1961.81,1961.81,77.4171
1653519000000,1961.81,1962.43,1961.8,1962.43,75.2967
1653519060000,1962.42,1962.46,1961.48,1961.59,219.4369
1653519120000,1961.59,1961.9,1961.38,1961.49,125.4519
1653519180000,1961.49,1963.12,1961.48,1962.72,201.5464
1653519240000,1962.72,1963.32,1962.72,1963.11,100.6487
1653519300000,1963.12,1964.18,1961.4,1961.48,270.1016
1653519360000,1961.48,1963.26,1961.44,1963.26,238.4184
1653519420000,1963.26,1963.69,1962.82,1962.88,333.9813
1653519480000,1962.88,1965.21,1962.88,1964.64,209.125
1653519540000,1964.64,1965.77,1964.64,1965.16,149.8606
1653519600000,1965.16,1965.58,1961.25,1961.26,313.1075
1653519660000,1961.25,1961.67,1957.98,1958.36,1344.4236
1653519720000,1958.36,1959.51,1958.36,1958.38,340.407
1653519780000,1958.38,1960.22,1958.37,1959.99,166.6143
1653519840000,1960.0,1960.0,1958.89,1958.9,102.5058
1653519900000,1958.9,1958.9,1957.67,1957.68,227.5136
1653519960000,1957.68,1957.89,1957.54,1957.66,103.9235
1653520020000,1957.67,1959.49,1956.71,1958.81,415.6982
1653520080000,1958.81,1959.22,1957.42,1957.59,357.6558
1653520140000,1957.59,1958.42,1957.59,1958.32,135.0736
1653520200000,1958.32,1958.32,1956.93,1958.13,133.93
1653520260000,1958.12,1958.71,1958.12,1958.29,103.446
1653520320000,1958.3,1959.18,1957.0,1957.47,321.292
1653520380000,1957.48,1957.48,1957.0,1957.41,93.0215
1653520440000,1957.41,1958.93,1957.4,1958.8,172.2864
1653520500000,1958.81,1959.93,1958.8,1959.45,58.6524
1653520560000,1959.44,1959.58,1957.67,1957.67,92.9362
1653520620000,1957.68,1957.79,1957.22,1957.22,71.1264
1653520680000,1957.23,1957.61,1957.04,1957.07,97.7778
1653520740000,1957.07,1957.07,1954.79,1954.79,178.2255
1653520800000,1954.8,1956.41,1948.23,1948.51,2227.9559
1653520860000,1948.52,1949.89,1948.01,1949.12,452.9068
1653520920000,1949.12,1949.13,1947.78,1948.74,577.9968
1653520980000,1948.74,1949.63,1948.74,1949.31,148.9168
1653521040000,1949.32,1950.87,1949.31,1950.33,224.7528
1653521100000,1950.34,1952.76,1950.33,1951.59,620.4956
1653521160000,1951.6,1952.9,1951.22,1952.38,274.8875
1653521220000,1952.39,1952.74,1952.0,1952.0,87.4755
1653521280000,1952.01,1952.07,1951.69,1951.75,166.8897
1653521340000,1951.75,1953.26,1951.75,1953.07,208.0101
1653521400000,1953.06,1953.07,1952.14,1952.43,208.4197
1653521460000,1952.43,1952.63,1951.23,1951.24,326.2687
1653521520000,1951.24,1952.94,1949.66,1950.0,569.88
1653521580000,1950.01,1950.01,1948.17,1948.63,146.0705
1653521640000,1948.63,1948.82,1947.0,1947.69,383.0963
1653521700000,1947.7,1948.62,1947.24,1948.03,178.3233
1653521760000,1948.04,1948.12,1946.94,1946.95,430.9857
1653521820000,1946.95,1947.51,1946.94,1947.41,168.0532
1653521880000,1947.41,1947.41,1944.62,1945.91,1357.1504
1653521940000,1945.92,1946.37,1944.48,1944.48,284.7398
1653522000000,1944.48,1945.26,1944.04,1944.86,372.4847
1653522060000,1944.87,1945.75,1944.86,1945.4,192.6655
1653522120000,1945.4,1946.57,1945.32,1946.24,161.8075
1653522180000,1946.25,1946.25,1944.77,1944.77,159.0737
1653522240000,1944.78,1944.78,1942.41,1942.7,692.5829
1653522300000,1942.69,1944.91,1942.69,1944.53,351.7416
1653522360000,1944.52,1945.0,1943.0,1943.18,275.6586
1653522420000,1943.19,1943.19,1941.99,1942.61,474.2335
1653522480000,1942.61,1943.75,1942.3,1943.74,148.5092
1653522540000,1943.74,1943.75,1942.69,1942.69,312.2845
1653522600000,1942.7,1942.75,1942.0,1942.07,330.8138
1653522660000,1942.07,1942.57,1941.58,1942.46,148.3336
1653522720000,1942.45,1942.61,1941.09,1941.56,720.3278
1653522780000,1941.55,1943.16,1940.74,1942.0,669.134
1653522840000,1942.0,1942.93,1941.99,1942.79,92.6366
1653522900000,1942.8,1943.07,1942.42,1942.42,128.8159
1653522960000,1942.42,1942.52,1942.19,1942.2,30.0263
1653523020000,1942.19,1942.2,1941.43,1941.65,177.2606
1653523080000,1941.66,1943.62,1941.65,1943.62,111.7754
1653523140000,1943.61,1943.62,1942.63,1942.63,270.4513
1653523200000,1942.64,1943.35,1940.74,1942.52,772.4664
1653523260000,1942.52,1947.47,1942.46,1947.47,402.3008
1653523320000,1947.46,1947.47,1944.01,1944.38,534.5738
1653523380000,1944.38,1948.07,1943.82,1947.24,397.5027
1653523440000,1947.24,1947.82,1946.36,1946.36,235.1761
1653523500000,1946.36,1947.9,1946.0,1947.9,337.0622
1653523560000,1947.9,1949.37,1947.89,1948.88,201.6151
1653523620000,1948.88,1949.46,1948.01,1948.58,354.5744
1653523680000,1948.58,1949.17,1948.57,1949.08,303.7613
1653523740000,1949.09,1952.56,1948.76,1952.56,922.7351
1653523800000,1952.56,1952.75,1950.66,1950.71,391.7489
1653523860000,1950.7,1950.98,1948.2,1949.3,244.4692
1653523920000,1949.3,1953.98,1949.3,1952.87,679.2357
1653523980000,1952.88,1952.99,1951.02,1951.12,147.5164
1653524040000,1951.11,1956.0,1951.11,1953.64,638.3302
1653524100000,1953.63,1953.97,1951.8,1953.96,684.5376
1653524160000,1953.96,1953.97,1951.78,1951.78,141.6576
1653524220000,1951.78,1952.67,1951.78,1951.94,211.7363
1653524280000,1951.95,1956.46,1951.95,1955.68,1213.5244
1653524340000,1955.68,1958.84,1955.67,1957.05,597.3506
1653524400000,1957.05,1957.57,1956.47,1956.48,236.7609
1653524460000,1956.49,1960.19,1956.48,1958.56,652.5196
1653524520000,1958.56,1959.22,1957.81,1957.82,234.9247
1653524580000,1957.81,1957.82,1956.92,1957.64,82.4152
1653524640000,1957.63,1958.03,1956.55,1956.75,140.458
1653524700000,1956.75,1958.0,1956.74,1957.99,175.5603
1653524760000,1958.0,1958.15,1957.48,1957.79,148.2158
1653524820000,1957.79,1958.96,1957.79,1958.73,272.7882
1653524880000,1958.74,1959.63,1958.65,1958.66,171.8113
1653524940000,1958.66,1961.62,1958.65,1961.61,504.3595
1653525000000,1961.62,1961.88,1960.0,1960.21,183.1875
1653525060000,1960.22,1961.75,1959.67,1961.58,291.0732
1653525120000,1961.58,1962.46,1960.41,1962.0,394.236
1653525180000,1962.0,1965.09,1961.49,1964.57,760.4947
1653525240000,1964.57,1966.01,1964.07,1965.33,756.5467
1653525300000,1965.33,1965.53,1964.07,1964.63,617.6963
1653525360000,1964.62,1964.63,1963.16,1963.17,140.8169
1653525420000,1963.16,1963.33,1961.64,1963.32,248.87
1653525480000,1963.32,1963.33,1961.61,1961.63,241.641
1653525540000,1961.62,1962.14,1961.38,1962.13,137.5183
1653525600000,1962.13,1962.14,1960.3,1960.64,289.5813
1653525660000,1960.64,1960.74,1960.3,1960.55,144.7188
1653525720000,1960.55,1961.37,1960.09,1961.25,253.3189
1653525780000,1961.26,1963.48,1961.12,1963.47,182.1446
1653525840000,1963.47,1963.8,1962.08,1962.21,311.2755
1653525900000,1962.21,1963.67,1961.67,1961.67,627.0377
1653525960000,1961.68,1963.42,1961.67,1963.31,180.4437
1653526020000,1963.31,1963.61,1962.74,1963.59,187.2923
1653526080000,1963.58,1963.59,1962.5,1962.78,120.3772
1653526140000,1962.77,1962.88,1961.74,1961.74,71.554
1653526200000,1961.75,1962.34,1961.51,1961.85,103.3509
1653526260000,1961.85,1962.1,1961.51,1962.01,55.4601
1653526320000,1962.02,1962.02,1960.3,1960.3,129.6128
1653526380000,1960.31,1960.31,1959.15,1959.32,236.8521
1653526440000,1959.32,1959.65,1959.31,1959.31,105.7211
1653526500000,1959.31,1960.03,1958.52,1958.52,131.6451
1653526560000,1958.53,1958.58,1956.55,1957.49,583.0197
1653526620000,1957.5,1958.33,1957.27,1958.33,186.7606
1653526680000,1958.32,1959.32,1957.96,1959.31,178.955
1653526740000,1959.32,1959.36,1958.35,1959.36,138.8863
1653526800000,1959.36,1960.28,1959.33,1959.73,132.775
1653526860000,1959.73,1959.74,1958.14,1959.58,420.6279
1653526920000,1959.57,1959.58,1959.39,1959.39,39.8374
1653526980000,1959.4,1959.4,1957.66,1958.2,312.2276
1653527040000,1958.21,1958.21,1957.23,1957.24,152.4863
1653527100000,1957.23,1958.29,1957.22,1957.67,99.3331
1653527160000,1957.68,1957.77,1957.1,1957.11,76.9916
1653527220000,1957.11,1958.04,1957.0,1958.04,62.2476
1653527280000,1958.03,1958.04,1956.91,1956.99,135.3822
1653527340000,1956.98,1956.99,1955.34,1955.61,140.3867
1653527400000,1955.6,1956.14,1955.6,1955.92,176.8472
1653527460000,1955.92,1956.01,1955.4,1955.41,98.4348
1653527520000,1955.41,1955.86,1955.4,1955.78,30.8207
1653527580000,1955.79,1955.79,1954.39,1954.39,85.4901
1653527640000,1954.39,1954.59,1954.02,1954.59,84.2464
1653527700000,1954.58,1958.56,1954.57,1958.54,562.6345
1653527760000,1958.54,1958.55,1957.47,1957.47,159.6298
1653527820000,1957.47,1957.47,1956.14,1956.63,103.0478
1653527880000,1956.64,1956.79,1956.21,1956.79,57.7366
1653527940000,1956.79,1957.0,1956.0,1956.24,434.1917
1653528000000,1956.24,1956.25,1955.42,1955.82,193.1996
1653528060000,1955.82,1955.83,1955.11,1955.11,185.7521
1653528120000,1955.12,1955.32,1951.53,1951.54,441.4638
1653528180000,1951.53,1956.37,1951.53,1955.77,469.8428
1653528240000,1955.78,1955.97,1955.36,1955.68,123.7933
1653528300000,1955.67,1955.68,1955.0,1955.46,116.1319
1653528360000,1955.46,1955.47,1954.11,1954.11,60.1196
1653528420000,1954.11,1958.07,1954.11,1957.47,579.0914
1653528480000,1957.47,1957.47,1956.13,1956.13,147.3226
1653528540000,1956.14,1956.39,1956.13,1956.14,88.5483
1653528600000,1956.13,1956.82,1955.29,1955.4,248.2205
1653528660000,1955.29,1955.33,1953.0,1953.2,357.9779
1653528720000,1953.21,1953.8,1952.84,1953.79,128.819
1653528780000,1953.79,1953.8,1952.77,1952.78,94.6715
1653528840000,1952.78,1953.19,1950.12,1951.62,465.7873
1653528900000,1951.63,1951.92,1951.53,1951.7,81.34
1653528960000,1951.7,1951.71,1948.77,1949.14,551.8577
1653529020000,1949.14,1949.15,1947.47,1947.48,154.0131
1653529080000,1947.47,1947.67,1946.05,1947.57,245.8481
1653529140000,1947.57,1947.88,1946.39,1946.78,228.5708
1653529200000,1946.79,1947.5,1946.0,1947.49,340.5348
1653529260000,1947.49,1948.5,1947.27,1948.15,212.7773
1653529320000,1948.16,1948.16,1947.49,1947.71,130.742
1653529380000,1947.72,1948.06,1947.72,1947.9,69.5353
1653529440000,1947.89,1948.09,1947.0,1948.08,156.2786
1653529500000,1948.08,1948.09,1947.0,1947.0,112.4605
1653529560000,1947.0,1947.01,1946.19,1946.25,164.3871
1653529620000,1946.25,1946.26,1945.08,1945.37,177.7149
1653529680000,1945.36,1945.37,1944.07,1944.08,196.5917
1653529740000,1944.07,1945.36,1943.85,1945.08,271.402
1653529800000,1945.08,1946.1,1945.0,1945.0,157.6919
1653529860000,1945.0,1945.01,1944.22,1944.23,82.3365
1653529920000,1944.22,1945.15,1943.99,1944.83,167.2248
1653529980000,1944.83,1946.45,1944.57,1946.44,217.9792
1653530040000,1946.45,1946.45,1946.2,1946.27,96.2223
1653530100000,1946.26,1946.27,1944.57,1944.58,426.999
1653530160000,1944.58,1945.0,1943.74,1943.75,223.5711
1653530220000,1943.75,1944.09,1943.6,1944.09,111.3353
1653530280000,1944.08,1945.49,1944.08,1945.15,185.2143
1653530340000,1945.15,1945.16,1944.38,1944.39,65.9927
1653530400000,1944.39,1947.46,1944.38,1947.45,319.8256
1653530460000,1947.46,1949.48,1947.45,1948.8,186.133
1653530520000,1948.8,1949.29,1947.23,1947.78,237.0621
1653530580000,1947.79,1947.79,1947.21,1947.22,28.8871
1653530640000,1947.21,1948.15,1947.19,1948.15,114.0741
1653530700000,1948.15,1948.15,1947.69,1947.76,68.3227
1653530760000,1947.76,1947.76,1946.53,1946.53,120.9018
1653530820000,1946.54,1947.77,1946.53,1947.76,117.6157
1653530880000,1947.77,1949.66,1947.76,1949.65,123.7377
1653530940000,1949.65,1950.2,1949.32,1950.2,109.8282
1653531000000,1950.19,1951.61,1950.19,1951.33,200.9279
1653531060000,1951.33,1951.62,1949.45,1949.46,174.0076
1653531120000,1949.46,1949.79,1949.16,1949.78,69.7997
1653531180000,1949.78,1949.79,1947.99,1947.99,204.4811
1653531240000,1948.0,1948.04,1947.21,1948.03,157.1865
1653531300000,1948.03,1949.9,1947.57,1949.88,235.5884
1653531360000,1949.89,1951.35,1949.88,1951.34,82.2184
1653531420000,1951.34,1951.35,1950.56,1950.56,97.3487
1653531480000,1950.57,1951.34,1950.56,1950.99,105.0588
1653531540000,1950.98,1951.04,1950.88,1950.88,50.7808
1653531600000,1950.89,1951.9,1950.88,1951.9,162.798
1653531660000,1951.89,1951.91,1951.85,1951.86,129.5937
1653531720000,1951.85,1951.86,1950.48,1950.57,82.3574
1653531780000,1950.57,1951.24,1949.0,1951.23,232.4981
1653531840000,1951.23,1951.37,1951.23,1951.25,30.2137
1653531900000,1951.24,1951.33,1950.28,1951.15,176.8169
1653531960000,1951.16,1951.76,1951.15,1951.6,42.4166
1653532020000,1951.6,1951.61,1948.93,1949.32,140.2993
1653532080000,1949.33,1949.33,1949.16,1949.23,35.4617
1653532140000,1949.23,1949.52,1949.13,1949.14,88.6618
1653532200000,1949.14,1950.72,1948.93,1950.71,88.2133
1653532260000,1950.71,1950.72,1949.36,1949.36,127.2712
1653532320000,1949.36,1949.66,1949.0,1949.66,149.2156
1653532380000,1949.65,1951.16,1949.65,1950.81,100.1637
1653532440000,1950.81,1951.55,1950.62,1950.95,136.4642
1653532500000,1950.94,1950.95,1950.42,1950.95,37.1822
1653532560000,1950.94,1951.76,1950.64,1951.76,88.9735
1653532620000,1951.75,1951.94,1951.75,1951.93,22.6359
1653532680000,1951.94,1954.21,1951.93,1953.91,182.4173
1653532740000,1953.9,1954.22,1952.68,1952.69,137.6151
1653532800000,1952.69,1954.52,1952.68,1954.15,232.5481
1653532860000,1954.15,1955.3,1953.54,1953.54,144.758
1653532920000,1953.54,1953.55,1952.66,1952.81,84.7824
1653532980000,1952.81,1953.0,1952.36,1952.5,99.728
1653533040000,1952.49,1952.5,1951.39,1952.03,218.6939
1653533100000,1952.02,1953.11,1952.02,1953.0,201.5284
1653533160000,1952.99,1953.11,1952.42,1952.94,160.1034
1653533220000,1952.94,1952.95,1952.0,1952.37,79.4039
1653533280000,1952.36,1952.5,1952.36,1952.49,22.8367
1653533340000,1952.5,1953.11,1952.31,1953.11,144.7494
1653533400000,1953.1,1955.69,1953.1,1954.67,404.1382
1653533460000,1954.67,1954.68,1953.89,1953.89,66.8864
1653533520000,1953.89,1954.04,1953.67,1954.03,101.7693
1653533580000,1954.03,1957.26,1954.03,1957.04,419.1718
1653533640000,1957.03,1957.3,1956.22,1956.23,302.8133
1653533700000,1956.23,1956.79,1955.96,1956.78,242.4927
1653533760000,1956.78,1956.79,1955.69,1955.81,179.4544
1653533820000,1955.82,1956.14,1955.69,1955.7,57.3726
1653533880000,1955.7,1955.7,1953.11,1953.59,323.3712
1653533940000,1953.6,1953.6,1952.11,1952.11,134.9461
1653534000000,1952.11,1953.33,1952.1,1952.65,178.0603
1653534060000,1952.65,1952.88,1952.65,1952.88,72.2068
1653534120000,1952.87,1952.88,1952.1,1952.1,137.4128
1653534180000,1952.1,1952.11,1950.66,1950.69,172.0674
1653534240000,1950.69,1950.72,1949.23,1949.27,228.5649
1653534300000,1949.26,1949.96,1949.25,1949.95,155.5455
1653534360000,1949.96,1949.98,1947.81,1948.02,309.299
1653534420000,1948.02,1948.02,1947.57,1947.9,224.4623
1653534480000,1947.89,1947.94,1946.25,1946.25,202.2821
1653534540000,1946.26,1947.3,1945.8,1946.03,370.745
1653534600000,1946.03,1946.26,1944.6,1944.61,273.1804
1653534660000,1944.61,1944.92,1944.22,1944.51,412.9956
1653534720000,1944.51,1944.83,1942.7,1942.7,261.6253
1653534780000,1942.71,1943.58,1942.46,1943.16,416.0705
1653534840000,1943.16,1943.17,1940.0,1940.12,1250.2561
1653534900000,1940.11,1942.3,1937.79,1941.82,1730.9116
1653534960000,1941.82,1942.51,1941.81,1942.05,237.8764
1653535020000,1942.05,1942.79,1939.47,1940.01,345.036
1653535080000,1940.01,1940.1,1935.0,1935.81,1835.4532
1653535140000,1935.8,1935.81,1933.66,1934.32,729.7854
1653535200000,1934.32,1935.44,1934.31,1934.99,221.4717
1653535260000,1934.99,1936.75,1934.99,1936.74,153.3437
1653535320000,1936.75,1937.31,1936.17,1936.32,256.6537
1653535380000,1936.33,1937.56,1936.22,1937.55,199.6273
1653535440000,1937.55,1938.4,1937.55,1938.39,55.7664
1653535500000,1938.39,1938.73,1938.0,1938.01,210.3055
1653535560000,1938.02,1938.02,1936.52,1936.71,105.7759
1653535620000,1936.72,1938.08,1936.33,1938.08,238.836
1653535680000,1938.07,1938.1,1938.0,1938.04,53.8842
1653535740000,1938.05,1939.09,1938.04,1938.15,143.7985
1653535800000,1938.15,1938.15,1937.0,1937.01,137.0203
1653535860000,1937.01,1937.62,1937.0,1937.51,91.5441
1653535920000,1937.52,1939.11,1937.4,1939.1,317.3981
1653535980000,1939.1,1941.0,1939.1,1940.8,402.0091
1653536040000,1940.8,1944.14,1940.8,1943.08,958.2741
1653536100000,1943.09,1943.9,1943.08,1943.84,249.4095
1653536160000,1943.83,1944.73,1943.36,1943.54,286.4392
1653536220000,1943.54,1943.61,1941.0,1943.6,519.1663
1653536280000,1943.61,1944.92,1943.61,1944.61,213.6654
1653536340000,1944.6,1944.61,1943.65,1943.65,146.2227
1653536400000,1943.66,1945.0,1943.65,1944.93,156.2459
1653536460000,1944.93,1945.85,1944.93,1945.01,143.7462
1653536520000,1945.0,1945.01,1943.97,1943.97,59.9931
1653536580000,1943.98,1944.15,1943.81,1943.91,115.181
1653536640000,1943.91,1944.87,1943.9,1944.1,118.2877
1653536700000,1944.1,1944.89,1944.1,1944.81,167.5404
1653536760000,1944.81,1945.51,1944.12,1944.12,211.405
1653536820000,1944.12,1944.38,1944.02,1944.02,220.7603
1653536880000,1944.02,1944.03,1942.7,1942.71,352.4081
1653536940000,1942.7,1943.24,1942.68,1943.13,165.9326
1653537000000,1943.13,1943.14,1943.0,1943.01,49.874
1653537060000,1943.01,1943.39,1943.0,1943.38,117.943
1653537120000,1943.39,1943.39,1943.06,1943.35,110.3334
1653537180000,1943.34,1943.35,1942.6,1943.35,153.5499
1653537240000,1943.34,1949.22,1943.28,1949.21,670.6019
1653537300000,1949.22,1949.38,1947.39,1948.71,737.193
1653537360000,1948.7,1949.38,1948.16,1948.28,165.3922
1653537420000,1948.28,1950.34,1948.27,1949.9,269.6902
1653537480000,1949.9,1950.36,1949.89,1949.96,404.0124
1653537540000,1949.96,1949.96,1948.46,1948.46,128.1861
1653537600000,1948.47,1949.02,1947.85,1948.02,159.1452
1653537660000,1948.02,1948.03,1947.19,1947.26,212.9035
1653537720000,1947.27,1948.0,1947.26,1947.68,109.0968
1653537780000,1947.67,1948.53,1947.56,1947.57,316.3632
1653537840000,1947.56,1947.57,1946.12,1946.13,106.8477
1653537900000,1946.13,1946.63,1946.13,1946.44,105.3724
1653537960000,1946.44,1946.96,1946.43,1946.95,42.2922
1653538020000,1946.96,1947.48,1946.58,1947.32,193.4048
1653538080000,1947.32,1949.73,1947.32,1949.73,218.6074
1653538140000,1949.72,1950.76,1949.28,1949.28,436.2719
1653538200000,1949.28,1949.62,1948.67,1949.62,308.5407
1653538260000,1949.61,1949.83,1949.16,1949.65,97.1156
1653538320000,1949.65,1950.37,1949.0,1949.88,214.1888
1653538380000,1949.87,1950.85,1949.87,1950.12,121.4143
1653538440000,1950.12,1950.12,1948.9,1948.91,163.8983
1653538500000,1948.91,1948.91,1947.82,1948.67,159.5087
1653538560000,1948.67,1948.67,1948.54,1948.55,44.545
1653538620000,1948.55,1948.55,1948.22,1948.23,41.0749
1653538680000,1948.22,1948.56,1947.91,1948.22,100.8628
1653538740000,1948.21,1948.64,1948.21,1948.62,78.2235
1653538800000,1948.62,1949.06,1948.62,1949.05,107.1486
1653538860000,1949.04,1949.34,1948.3,1948.31,247.8298
1653538920000,1948.3,1948.31,1948.2,1948.2,64.1867
1653538980000,1948.21,1948.21,1946.54,1946.54,114.7077
1653539040000,1946.54,1946.55,1944.49,1944.5,323.6851
1653539100000,1944.49,1944.94,1943.0,1943.0,248.3369
1653539160000,1943.01,1943.01,1942.01,1942.81,211.0951
1653539220000,1942.82,1943.4,1942.49,1942.63,120.8964
1653539280000,1942.63,1943.12,1942.62,1943.04,64.1805
1653539340000,1943.04,1943.5,1943.03,1943.5,61.6538
1653539400000,1943.5,1943.5,1942.52,1942.53,236.1047
1653539460000,1942.53,1942.53,1942.09,1942.09,48.3089
1653539520000,1942.1,1942.3,1942.09,1942.09,89.5225
1653539580000,1942.1,1943.79,1942.02,1943.78,196.8651
1653539640000,1943.78,1943.85,1942.46,1942.95,141.9385
1653539700000,1942.94,1944.44,1942.94,1944.43,82.4121
1653539760000,1944.44,1945.02,1944.43,1944.46,287.825
1653539820000,1944.47,1944.9,1944.46,1944.9,94.1163
1653539880000,1944.89,1946.35,1944.89,1946.31,115.2872
1653539940000,1946.3,1946.31,1944.28,1944.75,190.0988
1653540000000,1944.75,1944.76,1943.88,1944.63,155.8675
1653540060000,1944.63,1946.07,1944.53,1946.07,227.3167
1653540120000,1946.06,1946.07,1945.48,1945.57,58.3617
1653540180000,1945.58,1945.58,1944.0,1944.48,183.3948
1653540240000,1944.47,1944.48,1943.4,1943.41,49.2939
1653540300000,1943.4,1944.35,1943.24,1944.35,123.0388
1653540360000,1944.34,1944.57,1942.0,1942.01,333.7834
1653540420000,1942.0,1942.53,1942.0,1942.35,92.28
1653540480000,1942.35,1942.35,1941.49,1941.54,91.1571
1653540540000,1941.53,1941.54,1941.4,1941.4,75.6774
1653540600000,1941.4,1941.41,1940.98,1940.98,156.2142
1653540660000,1940.99,1941.5,1940.84,1941.5,85.881
1653540720000,1941.5,1941.5,1939.5,1939.51,281.107
1653540780000,1939.5,1940.36,1939.22,1939.22,327.925
1653540840000,1939.22,1940.27,1939.22,1940.09,275.8857
1653540900000,1940.09,1940.1,1938.38,1938.6,291.1189
1653540960000,1938.59,1938.6,1936.17,1937.56,944.1054
1653541020000,1937.56,1938.6,1936.48,1936.88,352.4384
1653541080000,1936.88,1938.83,1936.72,1937.85,534.8011
1653541140000,1937.85,1938.58,1937.14,1938.32,290.0555
1653541200000,1938.32,1939.76,1938.31,1939.43,453.2138
1653541260000,1939.42,1939.43,1935.89,1935.99,561.36
1653541320000,1936.0,1937.36,1935.7,1937.35,622.5353
1653541380000,1937.35,1939.46,1936.33,1939.45,458.2504
1653541440000,1939.46,1941.0,1939.05,1940.99,751.9152
1653541500000,1940.99,1942.56,1940.84,1941.13,482.5052
1653541560000,1941.13,1941.22,1941.13,1941.13,41.252
1653541620000,1941.14,1942.46,1941.13,1942.36,269.0052
1653541680000,1942.36,1942.99,1942.0,1942.88,173.8647
1653541740000,1942.89,1945.36,1942.87,1945.36,514.6897
1653541800000,1945.36,1946.0,1944.12,1944.13,233.979
1653541860000,1944.12,1944.24,1943.54,1943.78,229.2038
1653541920000,1943.77,1944.22,1942.88,1942.88,104.9759
1653541980000,1942.88,1943.83,1942.84,1943.06,145.2049
1653542040000,1943.06,1943.22,1942.5,1942.51,93.5523
1653542100000,1942.51,1942.55,1940.48,1940.48,135.8561
1653542160000,1940.48,1940.66,1940.0,1940.38,273.3906
1653542220000,1940.39,1940.39,1939.91,1939.91,98.3091
1653542280000,1939.92,1941.6,1939.91,1941.6,173.6601
1653542340000,1941.6,1942.35,1941.59,1942.35,40.561
1653542400000,1942.35,1942.35,1939.97,1940.12,241.893
1653542460000,1940.12,1940.27,1938.44,1938.44,441.0654
1653542520000,1938.44,1938.45,1935.09,1935.1,446.8962
1653542580000,1935.1,1935.45,1934.01,1934.28,403.327
1653542640000,1934.28,1934.28,1933.66,1934.21,250.6785
1653542700000,1934.21,1934.33,1932.41,1932.72,726.3655
1653542760000,1932.73,1933.76,1929.21,1933.75,1492.6406
1653542820000,1933.75,1934.32,1931.75,1933.35,427.8354
1653542880000,1933.35,1935.05,1933.35,1935.04,220.7067
1653542940000,1935.05,1935.05,1933.93,1934.34,511.7973
1653543000000,1934.33,1935.47,1931.95,1932.14,384.417
1653543060000,1932.14,1932.14,1929.12,1931.14,699.3331
1653543120000,1931.14,1931.58,1928.48,1929.68,669.8454
1653543180000,1929.67,1931.28,1929.67,1931.28,158.4974
1653543240000,1931.28,1931.85,1930.97,1931.33,358.069
1653543300000,1931.33,1931.61,1928.01,1929.51,785.1884
1653543360000,1929.51,1929.51,1927.52,1928.2,1088.2601
1653543420000,1928.19,1928.21,1925.24,1927.59,1032.5062
1653543480000,1927.63,1930.43,1927.63,1930.21,965.8321
1653543540000,1930.22,1930.22,1928.31,1928.32,585.7726
1653543600000,1928.32,1928.69,1926.55,1927.31,708.0559
1653543660000,1927.31,1928.9,1927.31,1928.13,396.1497
1653543720000,1928.13,1929.62,1928.0,1928.5,1605.3284
1653543780000,1928.49,1930.05,1928.49,1928.66,354.9278
1653543840000,1928.67,1929.93,1928.01,1929.67,391.9816
1653543900000,1929.67,1929.73,1928.33,1929.27,813.484
1653543960000,1929.26,1931.33,1929.26,1931.02,443.654
1653544020000,1931.01,1931.02,1929.08,1929.08,521.3398
1653544080000,1929.07,1929.08,1926.17,1926.72,936.7064
1653544140000,1926.72,1927.47,1924.48,1924.49,1013.5763
1653544200000,1924.48,1926.0,1923.81,1923.81,570.2745
1653544260000,1923.82,1926.59,1922.39,1926.2,1293.1985
1653544320000,1926.2,1926.23,1924.15,1924.7,1005.7761
1653544380000,1924.7,1924.7,1921.71,1922.47,936.4199
1653544440000,1922.47,1923.99,1922.47,1922.52,543.8202
1653544500000,1922.52,1923.99,1922.51,1923.77,274.4428
1653544560000,1923.78,1927.87,1923.77,1927.29,917.7505
1653544620000,1927.3,1927.3,1924.08,1925.01,430.6757
1653544680000,1925.0,1926.63,1924.68,1926.23,397.3856
1653544740000,1926.23,1926.62,1925.01,1925.18,197.7523
1653544800000,1925.17,1929.0,1924.69,1926.01,1221.6818
1653544860000,1926.0,1926.55,1924.07,1924.29,395.0146
1653544920000,1924.29,1924.69,1923.86,1924.36,406.0595
1653544980000,1924.36,1924.36,1923.53,1923.55,279.5306
1653545040000,1923.56,1923.88,1923.19,1923.87,410.0066
1653545100000,1923.88,1924.52,1923.1,1923.92,393.5442
1653545160000,1923.91,1924.16,1923.5,1923.5,323.6188
1653545220000,1923.5,1923.66,1921.85,1921.86,880.5917
1653545280000,1921.86,1922.94,1919.28,1920.24,1610.4357
1653545340000,1920.25,1920.53,1919.0,1919.66,347.5674
1653545400000,1919.66,1920.77,1917.6,1920.31,920.9627
1653545460000,1920.31,1923.99,1919.72,1921.95,828.5896
1653545520000,1921.96,1922.23,1919.93,1920.6,696.538
1653545580000,1920.6,1920.61,1915.82,1920.29,1359.7792
1653545640000,1920.3,1920.33,1916.5,1916.5,708.4877
1653545700000,1916.5,1917.48,1915.0,1915.01,8841.5005
1653545760000,1915.0,1917.99,1910.0,1916.74,3303.1291
1653545820000,1916.73,1916.95,1912.78,1916.93,1989.7974
1653545880000,1916.93,1919.13,1916.93,1918.96,815.8939
1653545940000,1918.95,1922.0,1918.95,1920.48,764.6697
1653546000000,1920.48,1922.41,1920.1,1920.11,475.2224
1653546060000,1920.11,1921.48,1919.85,1921.3,300.1253
1653546120000,1921.3,1924.18,1921.29,1922.46,973.422
1653546180000,1922.46,1923.58,1922.02,1923.01,487.203
1653546240000,1923.01,1923.97,1921.82,1923.96,820.4302
1653546300000,1923.96,1924.26,1922.96,1923.48,527.2323
1653546360000,1923.48,1923.49,1922.69,1923.14,156.8611
1653546420000,1923.14,1923.33,1922.6,1923.32,249.0481
1653546480000,1923.33,1923.33,1921.35,1922.95,665.7759
1653546540000,1922.95,1922.98,1917.79,1918.61,1128.9916
1653546600000,1918.62,1918.62,1914.81,1916.87,722.439
1653546660000,1916.86,1916.87,1914.14,1914.14,500.4833
1653546720000,1914.15,1918.67,1913.9,1918.66,1001.2454
1653546780000,1918.67,1919.32,1918.14,1918.91,415.6662
1653546840000,1918.91,1919.68,1918.52,1919.17,240.4621
1653546900000,1919.17,1919.99,1918.74,1919.55,294.8755
1653546960000,1919.54,1922.11,1919.04,1919.04,479.9992
1653547020000,1919.05,1921.76,1919.04,1920.44,274.6905
1653547080000,1920.43,1922.2,1920.1,1922.2,226.8546
1653547140000,1922.19,1922.2,1920.63,1921.23,166.8171
1653547200000,1921.23,1921.69,1920.05,1921.5,354.881
1653547260000,1921.49,1923.27,1921.49,1922.59,169.944
1653547320000,1922.6,1922.9,1921.74,1921.74,231.5578
1653547380000,1921.75,1921.94,1920.61,1921.69,149.939
1653547440000,1921.69,1921.76,1921.09,1921.5,69.333
1653547500000,1921.5,1921.5,1919.19,1919.89,409.5375
1653547560000,1919.9,1920.23,1919.11,1919.19,318.0204
1653547620000,1919.19,1919.19,1917.87,1917.88,234.3935
1653547680000,1917.88,1918.31,1916.83,1916.84,186.4085
1653547740000,1916.83,1917.34,1915.83,1915.83,274.9376
1653547800000,1915.84,1917.68,1915.83,1916.76,282.4283
1653547860000,1916.76,1918.85,1916.76,1918.09,375.2844
1653547920000,1918.1,1918.7,1917.59,1918.69,178.8421
1653547980000,1918.7,1918.7,1917.29,1917.29,133.2652
1653548040000,1917.3,1918.35,1917.24,1918.34,158.3094
1653548100000,1918.35,1920.96,1918.34,1920.95,176.1015
1653548160000,1920.95,1921.28,1920.33,1920.54,398.8988
1653548220000,1920.54,1920.85,1920.41,1920.74,258.7541
1653548280000,1920.73,1923.32,1920.73,1923.18,410.64
1653548340000,1923.19,1923.5,1923.1,1923.1,194.0112
1653548400000,1923.1,1923.75,1921.06,1921.37,765.0544
1653548460000,1921.36,1923.65,1921.36,1923.65,407.5991
1653548520000,1923.64,1923.65,1920.01,1922.65,280.3765
1653548580000,1922.64,1922.65,1921.59,1921.6,176.7346
1653548640000,1921.6,1921.6,1918.52,1918.59,408.392
1653548700000,1918.59,1918.6,1917.56,1918.13,253.3715
1653548760000,1918.13,1918.14,1916.76,1916.76,242.0598
1653548820000,1916.77,1916.77,1915.9,1916.71,193.8573
1653548880000,1916.71,1917.98,1916.7,1917.4,239.6479
1653548940000,1917.39,1917.65,1915.96,1916.62,202.1939
1653549000000,1916.62,1918.93,1916.61,1918.93,306.7484
1653549060000,1918.93,1919.89,1918.3,1919.89,623.8832
1653549120000,1919.89,1921.12,1919.15,1919.15,374.9802
1653549180000,1919.15,1919.16,1916.26,1916.26,193.1527
1653549240000,1916.26,1916.51,1914.5,1914.61,295.0353
1653549300000,1914.61,1915.43,1912.28,1912.29,429.3836
1653549360000,1912.28,1913.36,1911.32,1911.88,1005.5022
1653549420000,1911.87,1913.59,1911.82,1913.18,550.6688
1653549480000,1913.17,1913.55,1912.8,1912.8,466.5209
1653549540000,1912.8,1912.81,1911.72,1912.27,526.9441
1653549600000,1912.27,1913.31,1912.07,1913.21,295.6412
1653549660000,1913.21,1913.26,1911.42,1913.26,807.5455
1653549720000,1913.26,1918.86,1913.24,1918.28,608.1629
1653549780000,1918.28,1920.73,1916.82,1920.73,563.2485
1653549840000,1920.72,1921.57,1919.28,1920.67,536.6336
1653549900000,1920.67,1921.62,1920.66,1921.33,159.0484
1653549960000,1921.33,1921.33,1920.75,1921.14,121.6718
1653550020000,1921.14,1921.2,1918.83,1918.83,272.7285
1653550080000,1918.84,1921.71,1918.83,1920.87,411.2033
1653550140000,1920.87,1922.12,1920.87,1922.11,196.1896
1653550200000,1922.12,1923.0,1921.19,1921.45,448.6988
1653550260000,1921.46,1922.1,1921.24,1921.96,377.1479
1653550320000,1921.96,1922.38,1921.73,1922.38,210.9638
1653550380000,1922.38,1923.45,1921.5,1923.0,683.4655
1653550440000,1923.0,1926.0,1922.58,1925.3,1115.9648
1653550500000,1925.29,1925.3,1924.41,1924.84,395.4725
1653550560000,1924.84,1925.18,1924.41,1924.56,547.8952
1653550620000,1924.55,1926.05,1924.55,1926.04,275.3331
1653550680000,1926.04,1928.44,1926.04,1927.46,869.9263
1653550740000,1927.46,1927.94,1926.47,1927.22,696.8426
1653550800000,1927.22,1927.57,1925.68,1926.06,899.4406
1653550860000,1926.06,1927.05,1926.06,1926.91,308.7831
1653550920000,1926.91,1927.69,1926.01,1926.23,327.9059
1653550980000,1926.23,1926.75,1926.12,1926.51,194.0451
1653551040000,1926.51,1926.74,1924.32,1924.99,375.3506
1653551100000,1924.98,1925.08,1924.03,1924.51,265.9526
1653551160000,1924.52,1926.0,1924.32,1925.99,206.3349
1653551220000,1926.0,1926.0,1925.36,1925.38,270.5212
1653551280000,1925.38,1925.39,1923.3,1923.31,146.9855
1653551340000,1923.3,1924.17,1923.3,1923.85,168.783
1653551400000,1923.86,1923.86,1922.54,1922.55,208.3796
1653551460000,1922.55,1924.76,1922.54,1924.67,329.8279
1653551520000,1924.67,1926.06,1924.67,1925.28,225.1827
1653551580000,1925.27,1925.36,1924.69,1925.35,152.2197
1653551640000,1925.36,1926.33,1925.35,1926.19,128.668
1653551700000,1926.18,1927.76,1926.1,1927.75,280.8901
1653551760000,1927.75,1928.5,1927.35,1927.59,272.6902
1653551820000,1927.59,1927.6,1926.1,1926.4,222.4081
1653551880000,1926.4,1926.79,1926.27,1926.39,456.7307
1653551940000,1926.39,1926.49,1925.66,1926.36,185.3095
1653552000000,1926.35,1927.42,1924.55,1926.85,927.1041
1653552060000,1926.84,1926.89,1925.36,1925.36,367.9703
1653552120000,1925.37,1925.37,1922.48,1922.48,526.0866
1653552180000,1922.49,1923.3,1922.03,1922.08,372.6878
1653552240000,1922.08,1922.64,1921.85,1922.47,229.5116
1653552300000,1922.48,1923.12,1918.3,1919.01,670.4277
1653552360000,1919.01,1921.77,1918.86,1920.05,590.1648
1653552420000,1920.06,1921.7,1920.02,1921.69,255.6556
1653552480000,1921.69,1921.69,1920.23,1920.67,243.4442
1653552540000,1920.68,1920.77,1920.34,1920.76,163.9859
1653552600000,1920.77,1920.77,1917.96,1917.96,417.8012
1653552660000,1917.97,1918.02,1916.12,1916.13,324.8378
1653552720000,1916.13,1917.98,1916.1,1916.39,215.4039
1653552780000,1916.38,1917.05,1916.23,1916.5,399.2746
1653552840000,1916.51,1916.51,1914.49,1914.67,419.7437
1653552900000,1914.66,1915.33,1912.17,1912.44,1114.2275
1653552960000,1912.45,1915.81,1912.44,1913.98,450.4483
1653553020000,1913.98,1913.99,1911.72,1912.78,673.5321
1653553080000,1912.78,1914.5,1912.77,1913.17,396.5561
1653553140000,1913.16,1913.17,1910.02,1910.03,691.77
1653553200000,1910.03,1911.48,1908.6,1910.63,1217.9394
1653553260000,1910.62,1910.63,1848.44,1866.58,19821.4684
1653553320000,1866.57,1876.59,1862.12,1862.22,6159.88
1653553380000,1862.21,1866.17,1859.17,1863.18,4431.3653
1653553440000,1863.18,1872.39,1863.17,1868.11,2560.8976
1653553500000,1868.1,1868.11,1847.02,1853.3,6453.9606
1653553560000,1853.3,1857.96,1852.5,1857.82,3151.9579
1653553620000,1857.83,1862.0,1855.31,1858.13,2831.7548
1653553680000,1858.14,1861.02,1857.91,1859.04,1789.1615
1653553740000,1859.04,1859.18,1852.58,1853.11,2690.823
1653553800000,1853.11,1858.35,1850.0,1850.14,2403.3211
1653553860000,1850.14,1852.35,1837.72,1849.2,4457.7314
1653553920000,1849.2,1850.73,1848.64,1849.14,1032.9867
1653553980000,1849.14,1849.14,1840.0,1840.25,1407.1121
1653554040000,1840.26,1840.91,1821.0,1826.58,8904.9253
1653554100000,1826.58,1832.68,1825.92,1828.23,2923.7358
1653554160000,1828.24,1836.23,1828.23,1836.23,2944.9136
1653554220000,1836.22,1838.7,1832.53,1837.49,2906.6087
1653554280000,1837.48,1843.71,1835.69,1841.12,1276.7473
1653554340000,1841.12,1843.31,1841.02,1843.31,700.7035
1653554400000,1843.3,1844.99,1836.76,1838.2,1510.3544
1653554460000,1838.19,1839.78,1833.35,1835.72,1233.0523
1653554520000,1835.72,1841.96,1835.72,1837.09,1061.8187
1653554580000,1837.09,1837.44,1835.05,1835.05,675.2655
1653554640000,1835.06,1835.06,1831.6,1833.78,858.6928
1653554700000,1833.78,1833.78,1822.62,1827.58,3672.535
1653554760000,1827.57,1827.82,1811.1,1818.26,13955.4232
1653554820000,1818.27,1826.01,1815.42,1825.12,2302.9961
1653554880000,1825.11,1835.65,1825.11,1830.0,3147.0681
1653554940000,1830.01,1838.98,1830.0,1835.9,1646.5281
1653555000000,1835.89,1838.28,1834.13,1837.27,1128.2965
1653555060000,1837.26,1837.27,1830.98,1833.84,1000.4814
1653555120000,1833.85,1834.68,1828.97,1833.2,1258.7942
1653555180000,1833.19,1836.7,1832.42,1834.8,1114.8581
1653555240000,1834.8,1834.82,1831.33,1831.55,616.5097
1653555300000,1831.54,1833.37,1828.03,1831.6,1720.8166
1653555360000,1831.59,1834.98,1831.59,1834.81,995.3253
1653555420000,1834.82,1836.68,1834.64,1836.0,537.3781
1653555480000,1836.0,1836.38,1830.32,1833.81,791.7721
1653555540000,1833.81,1834.17,1831.56,1834.17,482.6343
1653555600000,1834.16,1834.17,1830.33,1831.2,1772.7891
1653555660000,1831.2,1833.59,1829.18,1829.2,847.3583
1653555720000,1829.21,1830.09,1826.11,1826.72,603.5612
1653555780000,1826.73,1828.19,1821.73,1826.77,2165.0788
1653555840000,1826.76,1827.54,1824.06,1825.57,880.2294
1653555900000,1825.57,1828.07,1824.3,1825.8,2025.7607
1653555960000,1825.81,1827.14,1824.36,1826.7,731.6467
1653556020000,1826.7,1833.19,1826.56,1829.84,1038.5531
1653556080000,1829.83,1830.39,1825.0,1825.59,2121.1624
1653556140000,1825.58,1827.82,1824.15,1827.82,506.0461
1653556200000,1827.81,1827.82,1825.0,1825.84,894.8281
1653556260000,1825.84,1827.49,1825.75,1827.3,589.6594
1653556320000,1827.31,1828.3,1827.08,1828.04,858.3824
1653556380000,1828.04,1830.0,1828.04,1829.95,476.2867
1653556440000,1829.95,1831.14,1829.94,1830.45,706.0095
1653556500000,1830.45,1833.0,1829.85,1833.0,686.5803
1653556560000,1833.0,1834.77,1832.99,1834.76,646.9654
1653556620000,1834.76,1837.4,1834.76,1837.17,1275.281
1653556680000,1837.17,1837.6,1835.23,1836.53,893.3762
1653556740000,1836.53,1836.53,1831.67,1832.01,1097.4155
1653556800000,1832.0,1832.43,1831.73,1832.43,433.841
1653556860000,1832.42,1832.43,1832.24,1832.3,199.811
1653556920000,1832.3,1832.3,1830.0,1830.0,1106.0053
1653556980000,1830.0,1830.4,1830.0,1830.0,1386.8234
1653557040000,1830.0,1831.86,1830.0,1831.8,1339.618
1653557100000,1831.8,1832.3,1831.79,1832.3,415.7153
1653557160000,1832.29,1832.3,1830.8,1830.82,508.3159
1653557220000,1830.82,1831.36,1830.81,1831.04,392.32
1653557280000,1831.03,1833.26,1831.03,1833.15,556.0211
1653557340000,1833.16,1836.75,1832.72,1836.47,996.7412
1653557400000,1836.48,1837.47,1834.44,1836.95,1191.1313
1653557460000,1836.95,1837.71,1836.65,1836.91,408.9543
1653557520000,1836.91,1836.91,1836.02,1836.32,515.3825
1653557580000,1836.31,1837.68,1834.4,1837.67,958.5752
1653557640000,1837.67,1837.68,1836.21,1836.4,276.9269
1653557700000,1836.39,1836.4,1836.12,1836.16,203.592
1653557760000,1836.17,1836.17,1835.67,1835.68,222.8626
1653557820000,1835.68,1836.1,1835.67,1835.92,169.9495
1653557880000,1835.92,1837.84,1833.81,1837.83,1132.675
1653557940000,1837.83,1839.19,1837.31,1837.95,1506.7477
1653558000000,1837.95,1837.96,1834.82,1836.67,618.3826
1653558060000,1836.66,1844.17,1836.3,1842.29,2095.3666
1653558120000,1842.3,1847.46,1842.29,1846.85,1868.9312
1653558180000,1846.84,1848.94,1846.84,1847.56,991.2186
1653558240000,1847.55,1850.09,1846.69,1850.08,888.9698
1653558300000,1850.08,1850.09,1847.62,1847.78,1041.5969
1653558360000,1847.79,1849.47,1847.65,1849.24,594.9715
1653558420000,1849.23,1850.17,1849.01,1849.2,447.3439
1653558480000,1849.21,1850.08,1848.81,1848.82,675.7657
1653558540000,1848.81,1848.82,1838.98,1843.42,2373.8588
1653558600000,1843.42,1845.26,1840.51,1840.68,936.7704
1653558660000,1840.67,1840.68,1837.77,1839.85,753.4641
1653558720000,1839.86,1840.0,1838.81,1839.1,325.2193
1653558780000,1839.11,1839.11,1831.59,1832.95,1912.1453
1653558840000,1832.95,1836.34,1832.94,1835.96,758.0405
1653558900000,1835.96,1836.28,1835.91,1836.12,180.6454
1653558960000,1836.12,1840.98,1836.11,1838.48,779.8911
1653559020000,1838.47,1838.48,1837.08,1837.09,95.2127
1653559080000,1837.08,1839.29,1836.29,1839.29,479.315
1653559140000,1839.29,1839.71,1838.31,1838.85,310.1296
1653559200000,1838.85,1838.86,1836.67,1836.67,445.3901
1653559260000,1836.67,1836.91,1836.01,1836.62,202.611
1653559320000,1836.62,1837.08,1835.2,1835.2,419.4227
1653559380000,1835.21,1839.0,1835.2,1839.0,958.1861
1653559440000,1838.99,1842.24,1838.21,1841.78,420.213
1653559500000,1841.77,1842.1,1839.78,1839.78,309.6771
1653559560000,1839.78,1842.52,1838.57,1842.52,352.8789
1653559620000,1842.52,1843.4,1839.87,1840.94,484.8124
1653559680000,1840.93,1841.65,1839.64,1841.65,318.0017
1653559740000,1841.65,1843.43,1841.19,1843.43,395.5312
1653559800000,1843.43,1844.58,1843.17,1843.32,363.1337
1653559860000,1843.32,1843.33,1842.51,1842.52,294.1313
1653559920000,1842.51,1843.51,1841.75,1843.51,497.6723
1653559980000,1843.51,1843.51,1840.5,1840.51,216.5449
1653560040000,1840.5,1843.69,1840.5,1843.69,385.9531
1653560100000,1843.68,1843.91,1840.57,1841.99,373.9853
1653560160000,1841.99,1842.0,1841.57,1841.87,70.669
1653560220000,1841.87,1841.88,1838.72,1838.72,438.9146
1653560280000,1838.73,1839.57,1837.46,1839.44,498.7627
1653560340000,1839.44,1839.89,1839.04,1839.13,534.7877
1653560400000,1839.12,1839.13,1838.79,1839.01,253.7965
1653560460000,1839.01,1840.0,1838.94,1839.99,306.5789
1653560520000,1840.0,1840.0,1838.37,1838.92,283.7477
1653560580000,1838.93,1841.23,1838.92,1840.87,315.2535
1653560640000,1840.87,1841.9,1840.07,1840.21,545.5315
1653560700000,1840.22,1840.22,1839.35,1839.35,282.615
1653560760000,1839.35,1842.26,1839.3,1841.57,290.546
1653560820000,1841.57,1841.57,1839.25,1839.25,246.5876
1653560880000,1839.25,1839.26,1838.6,1838.8,465.6034
1653560940000,1838.8,1838.8,1838.11,1838.45,337.6228
1653561000000,1838.45,1841.81,1838.45,1841.76,232.8991
1653561060000,1841.77,1842.02,1840.94,1840.95,215.3881
1653561120000,1840.95,1842.46,1840.19,1840.19,335.0844
1653561180000,1840.19,1841.36,1840.19,1840.77,197.1231
1653561240000,1840.77,1842.56,1840.76,1842.3,441.3767
1653561300000,1842.29,1842.98,1840.23,1840.23,330.3037
1653561360000,1840.23,1840.24,1838.04,1838.05,154.8656
1653561420000,1838.04,1838.47,1837.57,1837.57,179.6095
1653561480000,1837.57,1837.58,1835.67,1835.68,426.7573
1653561540000,1835.68,1838.24,1835.67,1837.84,496.8501
1653561600000,1837.83,1837.84,1835.82,1836.0,255.4921
1653561660000,1836.0,1836.55,1835.67,1836.29,405.331
1653561720000,1836.3,1836.44,1835.0,1835.01,425.1624
1653561780000,1835.0,1835.21,1835.0,1835.03,89.8236
1653561840000,1835.03,1836.29,1834.41,1834.76,501.0091
1653561900000,1834.77,1834.84,1832.16,1834.71,613.7123
1653561960000,1834.72,1835.95,1833.97,1834.74,929.3535
1653562020000,1834.74,1835.74,1834.64,1834.94,164.4045
1653562080000,1834.93,1836.7,1834.93,1836.36,479.3156
1653562140000,1836.35,1836.36,1836.27,1836.29,37.5736
1653562200000,1836.28,1837.8,1836.28,1837.55,194.5239
1653562260000,1837.54,1838.16,1836.0,1836.0,369.724
1653562320000,1836.0,1836.01,1833.46,1835.0,545.4512
1653562380000,1835.0,1838.58,1834.99,1837.13,418.626
1653562440000,1837.14,1837.14,1833.32,1833.33,171.6718
1653562500000,1833.33,1835.39,1833.27,1835.39,282.7358
1653562560000,1835.39,1837.99,1835.38,1835.5,464.3768
1653562620000,1835.49,1835.5,1833.3,1834.61,539.5164
1653562680000,1834.62,1834.62,1831.59,1832.09,406.0017
1653562740000,1832.09,1832.09,1831.23,1831.61,212.7642
1653562800000,1831.62,1833.93,1830.0,1833.49,1530.8127
1653562860000,1833.5,1833.5,1833.13,1833.14,497.6375
1653562920000,1833.13,1834.31,1830.0,1830.16,2659.3589
1653562980000,1830.17,1830.49,1828.13,1828.26,4608.3093
1653563040000,1828.27,1828.27,1824.65,1827.53,902.074
1653563100000,1827.52,1828.63,1827.52,1828.62,389.9579
1653563160000,1828.63,1829.33,1825.62,1827.3,572.4525
1653563220000,1827.3,1828.12,1825.27,1826.0,526.4316
1653563280000,1826.0,1826.36,1824.91,1824.92,424.5284
1653563340000,1824.92,1824.92,1821.0,1822.26,1161.3277
1653563400000,1822.27,1823.71,1802.0,1810.07,9392.9545
1653563460000,1810.07,1812.23,1808.14,1808.15,3279.4644
1653563520000,1808.15,1815.22,1808.04,1813.0,1394.9334
1653563580000,1813.0,1823.61,1812.99,1816.78,1815.6945
1653563640000,1816.78,1823.15,1816.13,1822.48,1417.2808
1653563700000,1822.46,1822.46,1812.19,1815.07,2436.1867
1653563760000,1815.06,1818.31,1812.36,1814.14,2088.8378
1653563820000,1814.14,1816.4,1813.11,1814.88,1312.9301
1653563880000,1814.89,1816.36,1807.19,1810.0,2191.6664
1653563940000,1809.94,1812.96,1805.32,1808.99,3110.7244
1653564000000,1808.99,1810.35,1801.01,1805.78,1651.4745
1653564060000,1805.78,1809.08,1804.28,1806.2,1354.7251
1653564120000,1806.2,1806.2,1800.0,1803.01,3214.3768
1653564180000,1803.01,1806.16,1800.0,1806.14,4657.1752
1653564240000,1806.15,1812.55,1804.69,1811.33,1870.5176
1653564300000,1811.34,1812.41,1808.01,1811.06,672.0372
1653564360000,1811.07,1815.71,1811.05,1814.63,755.7969
1653564420000,1814.63,1814.64,1811.16,1812.38,867.5446
1653564480000,1812.37,1813.5,1811.82,1813.34,347.4911
1653564540000,1813.38,1819.34,1813.0,1819.24,571.7171
1653564600000,1819.23,1820.75,1816.79,1817.57,684.9701
1653564660000,1817.58,1818.16,1815.34,1817.58,610.3122
1653564720000,1817.58,1817.59,1813.41,1815.47,553.5729
1653564780000,1815.47,1815.8,1811.85,1812.62,891.3272
1653564840000,1812.63,1814.36,1812.0,1812.0,387.9377
1653564900000,1812.01,1812.01,1808.09,1811.4,733.6217
1653564960000,1811.4,1814.28,1807.69,1813.19,754.9146
1653565020000,1813.2,1815.31,1812.56,1815.15,335.5826
1653565080000,1815.15,1816.05,1814.12,1815.42,312.1894
1653565140000,1815.28,1816.56,1814.14,1815.36,412.6176
1653565200000,1815.35,1819.97,1814.73,1819.85,528.3071
1653565260000,1819.84,1821.39,1819.01,1821.2,641.9877
1653565320000,1821.19,1821.2,1818.01,1818.22,475.9746
1653565380000,1818.21,1818.82,1813.96,1816.4,537.5902
1653565440000,1816.4,1817.42,1814.61,1815.09,491.6227
1653565500000,1815.1,1817.69,1813.12,1816.55,527.4994
1653565560000,1816.56,1819.99,1816.55,1819.45,411.9943
1653565620000,1819.44,1823.0,1819.0,1819.92,1720.1032
1653565680000,1819.91,1819.92,1817.0,1818.62,458.7023
1653565740000,1818.61,1818.86,1817.18,1817.66,433.4502
1653565800000,1817.79,1818.73,1814.39,1815.43,1030.0807
1653565860000,1815.43,1815.68,1814.0,1814.4,325.1757
1653565920000,1814.39,1815.37,1811.81,1815.05,659.819
1653565980000,1815.05,1815.06,1813.72,1814.54,299.2867
1653566040000,1814.54,1817.25,1812.42,1816.44,511.7329
1653566100000,1816.44,1816.44,1814.0,1814.07,294.587
1653566160000,1814.07,1818.67,1814.04,1818.67,358.689
1653566220000,1818.67,1820.85,1818.18,1819.26,645.7833
1653566280000,1819.25,1819.56,1817.63,1818.64,356.5265
1653566340000,1818.65,1819.3,1815.58,1816.57,1139.1018
1653566400000,1816.56,1818.88,1814.58,1818.87,845.4546
1653566460000,1818.88,1818.92,1815.01,1816.42,639.0981
1653566520000,1816.42,1816.43,1814.27,1815.9,492.0845
1653566580000,1815.91,1816.01,1812.78,1814.43,2270.4267
1653566640000,1814.42,1814.43,1811.68,1813.87,2148.4653
1653566700000,1813.87,1813.87,1812.54,1812.68,254.7934
1653566760000,1812.67,1814.77,1812.3,1813.96,360.0996
1653566820000,1813.95,1814.65,1812.59,1812.93,1099.9265
1653566880000,1812.93,1814.36,1812.12,1813.29,813.7208
1653566940000,1813.29,1814.5,1813.01,1813.01,616.1897
1653567000000,1813.02,1818.0,1811.12,1817.41,1133.404
1653567060000,1817.38,1823.26,1817.08,1821.99,2408.7763
1653567120000,1821.98,1827.43,1818.64,1825.88,2674.1467
1653567180000,1825.87,1830.06,1825.51,1830.06,2047.7345
1653567240000,1830.06,1831.51,1828.04,1830.08,1196.0087
1653567300000,1830.08,1830.08,1826.27,1827.66,929.0287
1653567360000,1827.67,1827.67,1825.72,1826.74,426.8133
1653567420000,1826.73,1827.65,1825.57,1826.28,494.2157
1653567480000,1826.28,1826.29,1824.27,1825.39,475.5331
1653567540000,1825.39,1825.39,1821.85,1823.57,704.93
1653567600000,1823.58,1824.38,1822.56,1823.83,549.0607
1653567660000,1823.84,1825.16,1819.55,1820.36,691.8538
1653567720000,1820.36,1820.36,1816.97,1817.09,1258.9179
1653567780000,1817.1,1821.32,1816.03,1819.45,749.7229
1653567840000,1819.44,1819.79,1817.57,1818.57,667.3503
1653567900000,1818.58,1820.68,1818.25,1818.97,436.536
1653567960000,1818.96,1820.9,1818.44,1820.2,383.1668
1653568020000,1820.21,1820.93,1818.83,1820.59,527.0003
1653568080000,1820.59,1822.58,1819.56,1821.77,657.7405
1653568140000,1821.76,1821.77,1816.45,1816.46,902.9115
1653568200000,1816.46,1817.83,1810.04,1813.38,3554.6457
1653568260000,1813.37,1814.61,1811.19,1812.5,1541.665
1653568320000,1812.51,1817.96,1812.5,1816.94,1254.3692
1653568380000,1816.95,1816.98,1814.08,1815.48,624.8576
1653568440000,1815.49,1815.79,1812.01,1812.42,2257.978
1653568500000,1812.42,1813.63,1811.11,1811.12,1075.6028
1653568560000,1811.11,1811.4,1808.42,1809.09,1477.0525
1653568620000,1809.05,1811.0,1808.73,1809.36,1076.6126
1653568680000,1809.36,1810.43,1808.74,1809.71,1144.2525
1653568740000,1809.71,1809.78,1805.12,1805.43,1565.936
1653568800000,1805.43,1805.43,1800.93,1801.45,3148.7226
1653568860000,1801.45,1804.0,1796.03,1801.06,4794.68597
1653568920000,1801.07,1806.67,1800.02,1805.87,874.8218
1653568980000,1805.86,1808.6,1804.52,1807.76,670.5145
1653569040000,1807.76,1810.0,1806.58,1807.18,982.2677
1653569100000,1807.19,1808.62,1803.29,1808.61,1048.1176
1653569160000,1808.61,1809.45,1805.64,1807.57,951.9306
1653569220000,1807.57,1807.58,1805.7,1806.63,341.918
1653569280000,1806.63,1806.8,1804.69,1805.85,405.7738
1653569340000,1805.85,1805.86,1803.21,1805.49,350.2538
1653569400000,1805.47,1805.7,1804.06,1804.1,207.6007
1653569460000,1804.1,1804.11,1801.0,1803.45,337.6584
1653569520000,1803.46,1806.18,1803.46,1806.18,343.3673
1653569580000,1806.17,1811.75,1806.17,1810.17,906.9963
1653569640000,1810.16,1812.59,1809.9,1812.59,958.4865
1653569700000,1812.58,1813.71,1810.9,1812.99,666.7407
1653569760000,1812.99,1813.98,1811.3,1811.59,972.5424
1653569820000,1811.59,1814.59,1811.59,1813.78,613.8455
1653569880000,1813.77,1814.96,1813.06,1813.73,506.4855
1653569940000,1813.73,1813.73,1811.66,1811.67,312.6403
1653570000000,1811.67,1811.67,1810.22,1810.52,366.3106
1653570060000,1810.52,1812.0,1810.0,1811.99,626.561
1653570120000,1811.99,1814.12,1811.99,1814.12,552.9661
1653570180000,1814.12,1814.12,1812.26,1812.47,377.5445
1653570240000,1812.48,1812.48,1809.61,1809.73,482.3025
1653570300000,1809.74,1809.74,1803.04,1803.04,1837.7983
1653570360000,1803.05,1803.5,1801.22,1801.78,1231.6644
1653570420000,1801.79,1801.89,1800.0,1801.0,805.8033
1653570480000,1800.99,1801.15,1790.0,1796.15,5659.63085
1653570540000,1796.15,1797.21,1788.39,1788.69,2615.7686
1653570600000,1788.69,1795.87,1788.07,1790.29,1939.5882
1653570660000,1790.28,1792.76,1768.18,1770.1,6543.26698
1653570720000,1770.1,1782.66,1765.0,1779.16,7310.74487
1653570780000,1779.16,1782.97,1772.74,1781.96,2299.2669
1653570840000,1781.96,1783.21,1776.57,1776.61,1592.0504
1653570900000,1776.61,1777.27,1750.0,1750.0,8902.03959
1653570960000,1750.0,1758.03,1735.0,1749.15,10312.80068
1653571020000,1749.14,1760.13,1747.8,1752.19,4678.2534
1653571080000,1752.18,1753.06,1741.0,1751.82,4318.5315
1653571140000,1751.82,1760.63,1750.03,1759.02,3581.0065
1653571200000,1759.01,1762.0,1749.44,1754.34,4444.1808
1653571260000,1754.34,1764.92,1754.3,1764.31,2818.7482
1653571320000,1764.31,1768.12,1757.03,1760.66,3621.4156
1653571380000,1760.65,1764.26,1757.21,1758.62,4994.6528
1653571440000,1758.61,1764.3,1758.54,1762.79,6448.189
1653571500000,1762.79,1769.34,1762.79,1768.67,3298.1735
1653571560000,1768.68,1775.53,1767.6,1768.74,2530.323
1653571620000,1768.73,1772.63,1765.72,1770.1,1344.0448
1653571680000,1770.11,1771.14,1764.44,1766.51,1722.6675
1653571740000,1766.52,1769.55,1762.66,1766.92,2213.0243
1653571800000,1766.94,1773.0,1765.0,1772.99,3109.6857
1653571860000,1772.99,1783.32,1771.9,1782.45,3282.111
1653571920000,1782.45,1789.43,1778.8,1778.81,3682.0641
1653571980000,1778.8,1785.06,1775.89,1782.57,2705.5142
1653572040000,1782.57,1792.83,1782.46,1787.71,3298.1209
1653572100000,1787.71,1790.86,1784.45,1789.98,2225.9224
1653572160000,1789.98,1790.22,1782.19,1784.4,2828.1003
1653572220000,1784.4,1790.13,1780.55,1786.76,2494.1834
1653572280000,1786.76,1794.3,1785.98,1789.44,2376.7804
1653572340000,1789.44,1792.28,1786.22,1786.44,2823.7218
1653572400000,1786.44,1788.84,1784.18,1786.44,1924.1818
1653572460000,1786.44,1788.68,1783.03,1783.51,1518.7857
1653572520000,1783.51,1785.73,1780.0,1782.0,1538.7513
1653572580000,1782.01,1792.0,1782.0,1787.48,2471.1032
1653572640000,1787.48,1792.0,1787.48,1791.84,1484.6819
1653572700000,1791.84,1792.79,1787.08,1790.0,1607.6742
1653572760000,1790.0,1792.53,1788.47,1788.73,2203.7453
1653572820000,1788.74,1799.43,1786.86,1798.44,2893.3354
1653572880000,1798.43,1816.64,1798.26,1810.85,7393.2319
1653572940000,1810.84,1821.03,1806.02,1817.91,4257.2476
1653573000000,1817.92,1818.85,1810.83,1811.63,3450.102
1653573060000,1811.62,1819.15,1811.62,1816.16,2504.5079
1653573120000,1816.15,1817.82,1812.25,1813.73,2281.1028
1653573180000,1813.73,1816.25,1808.09,1810.23,2707.9259
1653573240000,1810.22,1811.87,1807.72,1810.52,2889.5573
1653573300000,1810.52,1811.6,1806.23,1810.45,1637.2369
1653573360000,1810.46,1816.17,1807.23,1810.98,3778.6465
1653573420000,1810.98,1815.96,1810.98,1811.64,1602.8561
1653573480000,1811.57,1813.98,1810.3,1812.92,1038.0206
1653573540000,1812.91,1813.81,1810.27,1810.43,907.6668
1653573600000,1810.44,1814.57,1810.01,1813.78,1444.7446
1653573660000,1813.79,1819.88,1812.06,1817.31,2686.1315
1653573720000,1817.32,1819.13,1812.86,1815.7,1539.8332
1653573780000,1815.7,1816.32,1811.4,1814.5,1433.7115
1653573840000,1814.49,1816.12,1811.01,1814.79,1366.2608
1653573900000,1814.78,1823.46,1813.65,1823.46,1918.7409
1653573960000,1823.46,1832.29,1821.66,1829.65,5286.2985
1653574020000,1829.66,1837.81,1829.3,1829.31,3221.98
1653574080000,1829.3,1829.97,1826.92,1829.43,1499.8889
1653574140000,1829.44,1830.85,1827.03,1828.07,1524.5738
1653574200000,1828.06,1829.36,1823.54,1826.66,1875.7287
1653574260000,1826.65,1829.67,1824.0,1829.66,1126.3578
1653574320000,1829.67,1835.0,1828.83,1834.34,1470.0339
1653574380000,1834.33,1839.98,1833.0,1838.92,3286.4843
1653574440000,1838.91,1846.91,1836.98,1837.08,4274.3511
1653574500000,1837.09,1842.35,1836.97,1837.85,1835.6408
1653574560000,1837.85,1838.58,1834.0,1834.0,1649.2458
1653574620000,1834.0,1835.36,1827.52,1833.03,4286.8095
1653574680000,1833.04,1843.91,1832.37,1842.81,2127.5016
1653574740000,1842.81,1843.34,1837.39,1840.68,1395.064
1653574800000,1840.68,1841.65,1836.12,1839.83,3622.8148
1653574860000,1839.83,1846.26,1838.1,1846.21,1573.2293
1653574920000,1846.22,1849.19,1846.0,1848.16,2682.9823
1653574980000,1848.16,1858.0,1846.17,1853.61,8692.4514
1653575040000,1853.6,1855.04,1851.0,1853.74,2815.4626
1653575100000,1853.73,1859.39,1852.32,1857.54,2617.6906
1653575160000,1857.53,1858.49,1850.28,1850.95,2452.4621
1653575220000,1850.96,1853.08,1845.52,1852.12,4394.5678
1653575280000,1852.12,1853.6,1846.27,1847.44,4205.9486
1653575340000,1847.44,1847.46,1844.15,1845.16,1365.4624
1653575400000,1845.17,1848.14,1841.33,1843.49,1825.3789
1653575460000,1843.49,1845.19,1841.97,1843.58,1324.2894
1653575520000,1843.58,1845.69,1842.77,1844.02,1026.1501
1653575580000,1844.03,1844.03,1839.8,1840.52,1250.2291
1653575640000,1840.52,1843.73,1839.98,1842.98,1006.9837
1653575700000,1842.99,1846.88,1842.72,1846.56,797.8353
1653575760000,1846.55,1849.34,1845.74,1846.72,670.3262
1653575820000,1846.72,1846.82,1842.56,1845.25,1331.0481
1653575880000,1845.25,1847.02,1844.34,1844.34,650.0504
1653575940000,1844.34,1846.28,1843.23,1845.41,696.9584
1653576000000,1845.42,1846.22,1843.01,1843.87,680.0941
1653576060000,1843.86,1846.76,1841.64,1845.96,605.2957
1653576120000,1845.96,1848.57,1845.95,1846.82,629.7651
1653576180000,1846.82,1853.05,1846.82,1853.05,1239.7179
1653576240000,1853.05,1856.52,1848.33,1848.47,1385.8872
1653576300000,1848.48,1849.05,1844.45,1847.0,1105.9192
1653576360000,1846.99,1848.96,1845.81,1847.78,551.1927
1653576420000,1847.79,1847.9,1844.44,1845.4,389.7715
1653576480000,1845.41,1851.56,1845.4,1851.55,1073.3258
1653576540000,1851.56,1853.08,1849.6,1851.82,767.2867
1653576600000,1851.82,1857.12,1851.77,1855.74,1225.327
1653576660000,1855.74,1856.43,1852.71,1853.61,560.3312
1653576720000,1853.62,1853.62,1850.48,1851.52,774.1997
1653576780000,1851.52,1851.53,1849.1,1850.0,561.4606
1653576840000,1850.01,1850.33,1847.63,1849.0,679.307
1653576900000,1848.99,1850.89,1848.22,1849.82,665.9946
1653576960000,1849.81,1853.0,1849.8,1852.96,488.9516
1653577020000,1852.95,1853.25,1849.62,1850.63,541.1099
1653577080000,1850.63,1851.82,1849.22,1851.13,348.3288
1653577140000,1851.13,1854.59,1850.8,1853.96,399.1485
1653577200000,1853.96,1856.81,1851.13,1854.69,1345.0719
1653577260000,1854.69,1860.67,1853.83,1860.28,1184.0376
1653577320000,1860.29,1867.51,1860.28,1866.58,3127.9078
1653577380000,1866.57,1867.97,1863.9,1866.0,2051.3797
1653577440000,1865.99,1866.0,1862.66,1862.67,475.7742
1653577500000,1862.67,1866.27,1862.66,1865.52,787.821
1653577560000,1865.52,1867.33,1864.0,1867.0,1176.6189
1653577620000,1867.01,1876.4,1866.34,1866.93,3304.2343
1653577680000,1866.94,1867.16,1862.0,1863.44,1393.3461
1653577740000,1863.43,1863.44,1859.31,1860.01,914.0409
1653577800000,1860.0,1861.66,1857.0,1857.48,1144.6604
1653577860000,1857.48,1859.87,1857.47,1858.01,501.485
1653577920000,1858.09,1860.32,1857.57,1859.19,1269.5005
1653577980000,1859.18,1860.24,1857.67,1860.2,610.8961
1653578040000,1860.2,1862.53,1859.45,1862.21,461.4228
1653578100000,1862.21,1863.13,1858.23,1858.9,520.3051
1653578160000,1858.9,1860.39,1857.33,1858.35,955.5335
1653578220000,1858.35,1864.39,1857.46,1863.54,1311.1201
1653578280000,1863.54,1864.96,1857.95,1859.68,1373.7057
1653578340000,1859.67,1860.79,1858.62,1860.78,849.6735
1653578400000,1860.78,1860.89,1858.53,1860.89,535.4492
1653578460000,1860.89,1867.77,1860.88,1865.84,1408.3853
1653578520000,1865.84,1865.96,1859.69,1859.69,726.1083
1653578580000,1859.69,1860.31,1858.18,1859.46,406.5976
1653578640000,1859.46,1860.99,1858.87,1859.32,531.0232
1653578700000,1859.32,1862.47,1859.31,1860.89,1205.3762
1653578760000,1860.89,1861.56,1859.94,1860.95,437.1632
1653578820000,1860.96,1860.96,1853.23,1854.49,1301.6126
1653578880000,1854.5,1856.66,1851.6,1853.24,990.3327
1653578940000,1853.25,1853.95,1850.71,1851.57,1035.449
1653579000000,1851.57,1852.93,1847.83,1849.38,2003.3712
1653579060000,1849.38,1852.7,1848.81,1852.3,1003.4354
1653579120000,1852.31,1853.33,1851.57,1852.34,1132.4931
1653579180000,1852.34,1852.58,1848.61,1851.82,1075.0344
1653579240000,1851.82,1852.91,1850.56,1850.57,483.2916
1653579300000,1850.56,1852.44,1850.04,1851.97,733.7552
1653579360000,1851.97,1854.51,1851.96,1853.8,488.4885
1653579420000,1853.8,1855.34,1853.8,1854.36,347.0293
1653579480000,1854.35,1856.71,1854.35,1854.62,609.5304
1653579540000,1854.62,1857.74,1854.62,1857.44,367.5456
1653579600000,1857.44,1861.89,1856.47,1860.67,1306.5028
1653579660000,1860.67,1864.58,1859.74,1860.68,1259.3664
1653579720000,1860.68,1861.14,1858.79,1858.8,426.7112
1653579780000,1858.79,1859.57,1858.06,1859.56,227.3781
1653579840000,1859.56,1861.19,1859.55,1860.0,378.5025
1653579900000,1860.0,1860.09,1857.23,1858.07,505.7701
1653579960000,1858.07,1861.72,1858.07,1860.8,470.0897
1653580020000,1860.79,1860.8,1857.57,1858.33,405.8533
1653580080000,1858.33,1858.34,1856.45,1856.45,343.3822
1653580140000,1856.46,1858.5,1856.45,1857.38,341.2611
1653580200000,1857.38,1860.17,1857.28,1858.13,584.2565
1653580260000,1858.01,1859.64,1857.19,1859.0,318.9264
1653580320000,1859.0,1861.91,1858.96,1860.7,715.4508
1653580380000,1860.71,1861.74,1858.88,1861.51,291.3861
1653580440000,1861.51,1865.32,1861.5,1864.01,1171.2659
1653580500000,1864.01,1867.53,1863.66,1863.67,563.2672
1653580560000,1863.67,1864.54,1862.96,1864.06,1201.8602
1653580620000,1864.06,1864.06,1862.58,1862.74,435.9766
1653580680000,1862.74,1864.68,1862.49,1862.49,302.365
1653580740000,1862.49,1863.05,1861.51,1862.02,329.7226
1653580800000,1862.03,1862.28,1860.44,1860.67,380.6482
1653580860000,1860.67,1868.58,1860.67,1865.78,966.0778
1653580920000,1865.77,1871.15,1865.42,1871.11,1439.8268
1653580980000,1871.11,1879.79,1869.87,1879.02,6697.5002
1653581040000,1879.02,1879.22,1872.62,1872.63,938.8241
1653581100000,1872.63,1873.01,1870.76,1870.76,539.9892
1653581160000,1870.77,1873.49,1870.76,1872.96,831.1686
1653581220000,1872.95,1874.0,1871.41,1871.43,634.3932
1653581280000,1871.42,1872.56,1869.9,1872.1,542.8433
1653581340000,1872.09,1873.47,1872.0,1872.34,460.443
1653581400000,1872.34,1879.37,1871.89,1878.53,1692.826
1653581460000,1878.52,1889.92,1878.52,1881.66,5020.9439
1653581520000,1881.66,1885.16,1880.39,1883.01,1144.1255
1653581580000,1883.01,1886.96,1882.43,1884.68,822.6979
1653581640000,1884.68,1886.5,1884.58,1885.91,941.2134
1653581700000,1885.91,1885.99,1881.54,1881.55,878.4795
1653581760000,1881.54,1887.72,1880.99,1886.82,1157.1084
1653581820000,1886.82,1890.94,1886.68,1888.32,1267.1463
1653581880000,1888.32,1888.83,1886.27,1887.99,821.8798
1653581940000,1888.0,1900.0,1887.24,1893.64,8678.8665
1653582000000,1893.65,1904.42,1890.59,1903.59,6359.4671
1653582060000,1903.26,1907.58,1896.72,1896.83,4116.0242
1653582120000,1896.82,1901.09,1896.24,1898.02,1456.1645
1653582180000,1898.03,1899.39,1890.72,1890.73,1824.8273
1653582240000,1890.72,1892.97,1888.14,1891.91,1011.6737
1653582300000,1891.91,1891.91,1886.2,1888.75,1219.1299
1653582360000,1888.76,1888.99,1885.72,1886.1,773.4282
1653582420000,1886.1,1888.98,1885.49,1887.34,915.8702
1653582480000,1887.34,1890.88,1887.08,1888.01,1442.4396
1653582540000,1888.0,1892.27,1888.0,1890.78,586.0897
1653582600000,1890.77,1892.0,1886.61,1888.87,914.1716
1653582660000,1888.94,1890.5,1887.1,1888.78,792.0273
1653582720000,1888.77,1894.8,1888.02,1892.92,1463.7194
1653582780000,1892.92,1893.13,1890.06,1890.6,494.4307
1653582840000,1890.59,1890.59,1886.75,1886.76,612.8556
1653582900000,1886.75,1887.49,1884.06,1885.84,898.8814
1653582960000,1885.83,1887.44,1884.41,1884.73,381.9747
1653583020000,1884.73,1886.74,1884.72,1885.33,618.2476
1653583080000,1885.33,1892.0,1885.01,1886.7,2537.7078
1653583140000,1886.7,1888.36,1886.66,1888.34,263.4576
1653583200000,1888.34,1888.68,1878.78,1883.18,3557.9939
1653583260000,1883.18,1883.19,1878.73,1880.66,2529.8431
1653583320000,1880.66,1884.79,1880.65,1884.16,478.7264
1653583380000,1884.16,1886.09,1881.59,1881.94,997.4482
1653583440000,1881.94,1882.94,1879.52,1881.93,1102.57
1653583500000,1881.93,1883.0,1878.8,1880.85,760.5265
1653583560000,1880.86,1881.51,1878.66,1879.04,577.5828
1653583620000,1879.04,1880.75,1878.48,1879.58,354.2856
1653583680000,1879.59,1884.86,1879.58,1884.54,544.8922
1653583740000,1884.53,1885.76,1884.42,1884.69,460.1334
1653583800000,1884.7,1885.39,1883.5,1885.01,501.1804
1653583860000,1885.0,1885.58,1883.21,1883.22,466.8369
1653583920000,1883.22,1885.6,1883.02,1885.47,346.7685
1653583980000,1885.46,1886.12,1885.01,1886.11,229.4264
1653584040000,1886.12,1886.86,1884.94,1886.63,353.169
1653584100000,1886.62,1886.72,1885.69,1885.86,254.5317
1653584160000,1885.85,1886.15,1881.66,1883.83,1130.9852
1653584220000,1883.83,1883.84,1881.14,1882.35,598.3498
1653584280000,1882.34,1883.62,1881.38,1881.98,291.3714
1653584340000,1881.98,1883.34,1881.43,1883.33,258.7617
1653584400000,1883.33,1884.59,1881.2,1882.07,384.4303
1653584460000,1882.06,1883.57,1881.38,1881.47,373.1726
1653584520000,1881.46,1886.64,1881.46,1886.44,391.8934
1653584580000,1886.43,1887.77,1881.25,1881.25,559.5735
1653584640000,1881.25,1883.36,1880.91,1881.57,308.2252
1653584700000,1881.58,1882.79,1880.79,1882.51,262.8695
1653584760000,1882.51,1882.51,1879.9,1880.31,348.9919
1653584820000,1880.31,1881.27,1880.2,1880.59,204.5284
1653584880000,1880.59,1880.91,1876.16,1876.6,942.7838
1653584940000,1876.59,1878.33,1876.59,1877.64,281.1611
1653585000000,1877.63,1878.58,1876.16,1876.36,1053.1668
1653585060000,1876.36,1876.8,1872.28,1872.52,1105.3495
1653585120000,1872.53,1874.13,1871.98,1873.15,795.2901
1653585180000,1873.14,1873.86,1870.27,1871.91,876.3685
1653585240000,1871.9,1875.6,1871.9,1874.83,551.1847
1653585300000,1874.84,1874.84,1872.89,1873.01,291.0115
1653585360000,1873.01,1873.02,1870.7,1870.9,510.9238
1653585420000,1870.91,1871.66,1868.0,1871.04,972.949
1653585480000,1871.05,1874.19,1871.04,1873.0,420.7775
1653585540000,1873.0,1875.23,1873.0,1874.16,453.761
1653585600000,1874.16,1876.65,1873.78,1876.64,551.5651
1653585660000,1876.64,1876.85,1874.9,1875.97,488.1682
1653585720000,1875.98,1877.27,1874.03,1874.37,811.7065
1653585780000,1874.37,1875.7,1874.12,1874.58,412.7721
1653585840000,1874.59,1876.26,1874.5,1875.17,247.914
1653585900000,1875.16,1875.42,1874.0,1874.61,440.5274
1653585960000,1874.61,1876.62,1874.61,1876.37,251.1743
1653586020000,1876.37,1876.38,1872.83,1873.63,360.034
1653586080000,1873.63,1876.55,1873.63,1876.06,706.62
1653586140000,1876.06,1876.26,1874.13,1874.14,183.1809
1653586200000,1874.14,1874.7,1872.48,1872.63,284.5772
1653586260000,1872.63,1873.97,1872.28,1873.96,281.5818
1653586320000,1873.97,1878.5,1873.77,1876.78,628.7961
1653586380000,1876.79,1880.46,1876.52,1880.46,490.7755
1653586440000,1880.46,1880.71,1877.0,1877.01,644.8607
1653586500000,1877.0,1877.37,1875.63,1877.12,395.1434
1653586560000,1877.12,1877.13,1875.0,1875.22,286.4482
1653586620000,1875.22,1877.3,1875.22,1877.0,270.6686
1653586680000,1877.01,1877.01,1874.93,1875.11,236.8634
1653586740000,1875.1,1875.44,1873.44,1875.27,248.1544
1653586800000,1875.27,1875.35,1874.66,1875.34,175.6593
1653586860000,1875.35,1875.35,1873.3,1874.06,237.8709
1653586920000,1874.05,1874.85,1873.01,1873.98,385.6399
1653586980000,1873.98,1874.65,1873.16,1874.64,459.5772
1653587040000,1874.65,1878.0,1874.02,1876.58,598.4104
1653587100000,1876.58,1877.35,1874.62,1876.28,645.0049
1653587160000,1876.27,1877.03,1875.89,1876.68,263.32
1653587220000,1876.68,1879.35,1875.32,1878.99,462.6737
1653587280000,1878.99,1879.48,1877.71,1877.72,350.5441
1653587340000,1877.72,1878.23,1874.4,1875.54,475.39
1653587400000,1875.53,1875.54,1874.59,1874.95,146.6328
1653587460000,1874.96,1875.67,1874.04,1874.2,190.3636
1653587520000,1874.2,1875.12,1874.05,1874.25,121.6634
1653587580000,1874.24,1874.51,1873.45,1873.59,150.856
1653587640000,1873.59,1874.39,1873.5,1874.15,173.5784
1653587700000,1874.15,1874.16,1871.74,1872.34,401.8546
1653587760000,1872.34,1874.14,1870.51,1874.14,417.7122
1653587820000,1874.13,1874.85,1873.02,1874.3,315.8267
1653587880000,1874.3,1876.76,1874.3,1875.88,323.1106
1653587940000,1875.88,1877.51,1875.79,1876.55,472.6267
1653588000000,1876.55,1877.36,1875.13,1876.39,466.8082
1653588060000,1876.38,1876.39,1874.67,1875.73,355.5157
1653588120000,1875.72,1875.73,1872.94,1872.95,286.4989
1653588180000,1872.94,1873.52,1870.77,1870.78,245.6957
1653588240000,1870.78,1872.0,1870.77,1871.99,293.429
1653588300000,1872.0,1873.32,1871.37,1871.66,295.9372
1653588360000,1871.65,1871.66,1866.06,1867.31,1233.0276
1653588420000,1867.31,1867.71,1863.99,1864.9,675.8047
1653588480000,1864.9,1866.37,1864.28,1865.52,546.2861
1653588540000,1865.52,1866.97,1865.52,1866.72,170.8639
1653588600000,1866.72,1868.11,1866.03,1866.81,306.9027
1653588660000,1866.81,1866.81,1865.6,1866.0,316.6225
1653588720000,1866.0,1867.73,1865.99,1867.72,355.3419
1653588780000,1867.73,1869.19,1867.72,1868.77,354.963
1653588840000,1868.76,1870.18,1868.38,1868.87,285.0014
1653588900000,1868.86,1870.0,1867.87,1869.2,456.8934
1653588960000,1869.2,1869.74,1866.9,1866.97,327.502
1653589020000,1866.96,1868.67,1866.09,1866.09,436.8895
1653589080000,1866.05,1867.75,1865.86,1866.66,255.4777
1653589140000,1866.67,1866.68,1865.78,1866.28,177.2827
1653589200000,1866.29,1870.65,1866.28,1870.5,426.0491
1653589260000,1870.5,1872.14,1870.33,1871.62,345.2356
1653589320000,1871.61,1871.62,1868.43,1869.43,473.8668
1653589380000,1869.44,1869.44,1867.75,1867.9,145.6522
1653589440000,1867.9,1868.96,1867.31,1867.31,111.502
1653589500000,1867.32,1867.32,1864.44,1864.45,477.094
1653589560000,1864.44,1864.67,1862.33,1862.52,533.1494
1653589620000,1862.52,1864.51,1862.03,1863.02,734.7649
1653589680000,1863.01,1864.42,1863.01,1863.75,211.1668
1653589740000,1863.75,1863.75,1861.59,1862.26,422.3639
1653589800000,1862.26,1863.71,1861.95,1862.26,306.8085
1653589860000,1862.25,1862.89,1861.86,1862.24,292.8419
1653589920000,1862.24,1862.8,1859.48,1862.6,1391.3651
1653589980000,1862.6,1863.0,1862.07,1862.08,430.9644
1653590040000,1862.07,1863.43,1861.57,1861.81,197.377
1653590100000,1861.82,1862.56,1861.29,1861.74,216.9265
1653590160000,1861.73,1862.5,1861.0,1861.63,291.1643
1653590220000,1861.62,1861.63,1857.25,1859.08,1386.0871
1653590280000,1859.08,1863.36,1858.68,1862.28,884.9409
1653590340000,1862.27,1864.04,1861.77,1862.24,514.3762
1653590400000,1862.24,1863.07,1860.86,1860.87,504.6106
1653590460000,1860.87,1862.95,1860.09,1862.85,366.1365
1653590520000,1862.84,1864.69,1861.47,1864.52,536.6855
1653590580000,1864.51,1864.52,1863.09,1864.25,344.6875
1653590640000,1864.25,1864.98,1863.85,1864.5,248.5176
1653590700000,1864.51,1865.1,1863.12,1863.7,548.8633
1653590760000,1863.7,1863.7,1862.01,1862.46,416.8638
1653590820000,1862.47,1866.01,1862.46,1865.65,817.6754
1653590880000,1865.64,1866.88,1865.56,1866.79,280.102
1653590940000,1866.8,1867.53,1865.79,1867.09,252.1271
1653591000000,1867.08,1868.67,1866.9,1867.63,556.6872
1653591060000,1867.63,1867.95,1867.42,1867.49,157.586
1653591120000,1867.48,1867.49,1864.38,1865.16,494.9013
1653591180000,1865.16,1866.56,1864.15,1865.74,687.8345
1653591240000,1865.75,1867.06,1863.61,1864.11,1068.7104
1653591300000,1864.11,1865.26,1863.62,1864.14,442.0678
1653591360000,1864.14,1865.27,1864.13,1864.98,192.8547
1653591420000,1864.98,1864.99,1862.36,1862.37,309.6859
1653591480000,1862.37,1864.47,1862.36,1863.16,400.2229
1653591540000,1863.16,1863.17,1862.0,1862.0,186.2173
1653591600000,1862.01,1863.43,1860.9,1861.22,559.3447
1653591660000,1861.22,1862.3,1859.67,1859.92,246.5358
1653591720000,1859.92,1860.26,1854.82,1855.9,2399.6134
1653591780000,1855.9,1855.91,1851.7,1853.97,1324.4498
1653591840000,1853.96,1855.18,1853.27,1854.01,644.5999
1653591900000,1854.01,1856.42,1853.02,1856.02,524.3457
1653591960000,1856.03,1856.23,1854.0,1855.03,621.6005
1653592020000,1855.04,1856.36,1854.24,1856.36,287.625
1653592080000,1856.35,1858.12,1855.87,1857.68,392.7581
1653592140000,1857.68,1857.88,1855.16,1855.17,361.305
1653592200000,1855.17,1857.17,1855.03,1855.17,344.8015
1653592260000,1855.17,1855.17,1852.33,1852.74,411.8874
1653592320000,1852.74,1853.24,1850.75,1850.75,326.903
1653592380000,1850.76,1851.75,1848.0,1849.18,1051.0085
1653592440000,1849.18,1852.0,1848.71,1851.7,468.7883
1653592500000,1851.7,1853.0,1847.42,1848.54,931.4528
1653592560000,1848.63,1848.63,1842.59,1844.64,6688.7129
1653592620000,1844.64,1844.9,1842.23,1843.86,1212.0852
1653592680000,1843.86,1845.0,1842.79,1844.89,1296.388
1653592740000,1844.89,1845.0,1842.94,1843.39,2934.8372
1653592800000,1843.39,1844.17,1840.64,1840.64,845.3722
1653592860000,1840.64,1840.65,1836.88,1838.94,1378.3876
1653592920000,1838.94,1838.95,1836.37,1837.74,707.2297
1653592980000,1837.74,1839.8,1835.27,1838.69,2187.0722
1653593040000,1838.68,1841.72,1838.11,1838.36,594.8651
1653593100000,1838.36,1838.96,1836.65,1836.66,485.1855
1653593160000,1836.66,1837.91,1835.33,1836.87,569.132
1653593220000,1836.87,1836.88,1834.23,1834.7,405.3483
1653593280000,1834.69,1840.0,1834.67,1839.99,605.5756
1653593340000,1840.0,1840.58,1837.71,1837.71,576.0236
1653593400000,1837.72,1839.59,1835.48,1835.66,437.5104
1653593460000,1835.66,1838.0,1835.04,1838.0,532.6097
1653593520000,1837.99,1839.31,1837.41,1838.35,333.9228
1653593580000,1838.36,1838.52,1836.45,1836.69,237.8899
1653593640000,1836.68,1838.76,1836.68,1838.72,352.6355
1653593700000,1838.71,1838.96,1834.55,1834.64,341.9044
1653593760000,1834.64,1835.06,1832.73,1832.74,548.229
1653593820000,1832.74,1833.41,1830.74,1831.06,482.6801
1653593880000,1831.05,1831.84,1827.45,1828.21,1370.8024
1653593940000,1828.22,1829.85,1827.7,1829.85,962.9646
1653594000000,1829.84,1830.83,1828.74,1830.73,527.5088
1653594060000,1830.72,1831.35,1829.05,1830.1,378.5893
1653594120000,1830.1,1831.36,1829.57,1830.79,383.6324
1653594180000,1830.79,1830.79,1829.86,1830.75,250.0843
1653594240000,1830.75,1832.96,1830.19,1832.95,421.4419
1653594300000,1832.95,1839.07,1832.86,1835.73,1079.247
1653594360000,1835.74,1837.0,1834.64,1836.02,318.7203
1653594420000,1836.02,1836.33,1834.23,1834.51,369.0777
1653594480000,1834.51,1835.88,1834.2,1835.87,320.0618
1653594540000,1835.87,1837.66,1835.3,1837.65,476.9314
1653594600000,1837.65,1839.41,1832.69,1833.02,1035.7661
1653594660000,1833.01,1833.02,1830.91,1830.91,560.7624
1653594720000,1830.92,1834.5,1830.03,1833.01,613.4284
1653594780000,1833.01,1833.01,1831.35,1831.67,498.9193
1653594840000,1831.67,1832.53,1829.57,1829.92,463.3096
1653594900000,1829.91,1831.28,1828.03,1828.09,742.6778
1653594960000,1828.08,1829.46,1827.34,1828.14,337.4082
1653595020000,1828.13,1828.14,1826.13,1826.53,379.032
1653595080000,1826.53,1827.46,1826.13,1826.34,372.5786
1653595140000,1826.33,1827.54,1826.24,1826.56,693.9942
1653595200000,1826.55,1829.81,1823.45,1828.09,2125.2628
1653595260000,1828.09,1830.2,1827.9,1830.04,412.8017
1653595320000,1830.04,1832.35,1829.02,1829.03,1017.8294
1653595380000,1829.02,1829.1,1822.89,1824.69,4528.8969
1653595440000,1824.7,1825.0,1818.31,1818.67,1479.7962
1653595500000,1818.67,1821.0,1818.6,1819.76,1731.2502
1653595560000,1819.77,1823.94,1819.52,1820.85,1159.4516
1653595620000,1820.85,1821.44,1818.72,1819.36,516.3257
1653595680000,1819.36,1819.36,1815.16,1816.19,941.1085
1653595740000,1816.19,1817.93,1815.15,1815.16,461.6809
1653595800000,1815.16,1817.0,1813.43,1816.98,850.7717
1653595860000,1816.98,1820.0,1816.57,1818.31,451.5006
1653595920000,1818.31,1819.44,1818.31,1818.52,398.8716
1653595980000,1818.53,1818.53,1817.11,1817.11,401.2236
1653596040000,1817.11,1817.12,1814.0,1814.22,402.335
1653596100000,1814.22,1816.9,1812.56,1816.9,805.4331
1653596160000,1816.89,1819.0,1816.89,1818.5,495.3902
1653596220000,1818.5,1818.99,1817.69,1818.52,173.3333
1653596280000,1818.52,1818.71,1815.14,1816.54,399.7032
1653596340000,1816.53,1820.78,1816.43,1818.44,631.6122
1653596400000,1818.44,1819.34,1816.65,1816.85,442.0972
1653596460000,1816.84,1816.85,1813.38,1815.33,1027.8521
1653596520000,1815.33,1815.33,1812.5,1812.67,374.8554
1653596580000,1812.67,1814.36,1812.66,1814.0,193.4728
1653596640000,1814.0,1814.87,1812.21,1814.39,280.9772
1653596700000,1814.4,1817.0,1814.12,1816.02,269.6895
1653596760000,1816.02,1819.71,1816.01,1819.62,381.0801
1653596820000,1819.63,1826.88,1819.08,1826.0,767.3848
1653596880000,1826.0,1826.01,1823.23,1823.91,330.5274
1653596940000,1823.92,1833.63,1823.91,1833.47,886.4996
1653597000000,1833.48,1836.26,1832.38,1833.99,1734.2601
1653597060000,1833.98,1833.99,1827.43,1827.49,424.1868
1653597120000,1827.48,1829.33,1827.17,1827.7,600.2393
1653597180000,1827.69,1827.7,1823.98,1825.53,316.1404
1653597240000,1825.53,1826.76,1823.35,1825.99,323.3387
1653597300000,1826.0,1826.0,1823.85,1824.24,324.7616
1653597360000,1824.24,1825.57,1823.01,1825.57,318.8359
1653597420000,1825.57,1829.0,1825.31,1828.48,236.159
1653597480000,1828.49,1828.73,1826.59,1826.59,371.2358
1653597540000,1826.59,1828.76,1826.59,1828.13,223.1211
1653597600000,1828.14,1830.5,1827.05,1830.33,219.5258
1653597660000,1830.33,1831.24,1829.8,1830.82,392.7878
1653597720000,1830.68,1832.0,1830.39,1831.39,369.3863
1653597780000,1831.4,1831.4,1830.17,1831.31,194.0959
1653597840000,1831.32,1831.52,1829.87,1829.88,283.2421
1653597900000,1829.87,1829.95,1827.76,1828.8,201.591
1653597960000,1828.81,1831.15,1828.8,1830.81,425.1273
1653598020000,1830.81,1834.37,1830.72,1832.65,277.5433
1653598080000,1832.65,1832.66,1831.09,1831.23,251.9555
1653598140000,1831.23,1833.0,1831.14,1831.59,390.2195
1653598200000,1831.58,1831.59,1826.44,1826.44,357.2548
1653598260000,1826.45,1826.69,1824.26,1824.26,480.3588
1653598320000,1824.26,1826.96,1824.22,1826.55,348.5216
1653598380000,1826.55,1827.49,1826.46,1827.02,113.9976
1653598440000,1827.02,1827.19,1825.12,1826.99,471.2344
1653598500000,1826.99,1827.2,1826.0,1827.19,133.13
1653598560000,1827.2,1827.46,1826.02,1826.75,210.7667
1653598620000,1826.75,1826.76,1824.34,1824.35,175.6343
1653598680000,1824.35,1829.7,1823.97,1827.86,394.32
1653598740000,1827.87,1828.74,1826.86,1827.46,316.5968
1653598800000,1827.46,1830.37,1827.45,1829.68,332.1914
1653598860000,1829.67,1832.74,1829.62,1832.14,342.8824
1653598920000,1832.13,1833.16,1830.17,1833.16,384.0074
1653598980000,1833.16,1833.16,1832.63,1832.64,109.8102
1653599040000,1832.64,1832.96,1832.1,1832.66,234.9641
1653599100000,1832.66,1835.65,1832.45,1835.65,281.978
1653599160000,1835.65,1841.77,1835.64,1841.56,3157.6819
1653599220000,1841.57,1841.57,1838.59,1839.11,618.9754
1653599280000,1839.12,1839.12,1837.66,1837.72,232.3754
1653599340000,1837.72,1850.01,1837.58,1846.74,7299.7342
1653599400000,1846.74,1847.84,1844.63,1844.63,1238.6644
1653599460000,1844.63,1845.75,1843.22,1844.94,412.9037
1653599520000,1844.94,1844.94,1841.79,1841.81,132.931
1653599580000,1841.81,1845.52,1839.57,1842.94,1572.7098
1653599640000,1842.94,1842.94,1840.61,1840.62,506.6349
1653599700000,1840.62,1841.25,1840.16,1840.21,199.2336
1653599760000,1840.21,1840.76,1840.01,1840.63,131.7214
1653599820000,1840.63,1840.9,1840.03,1840.1,186.8907
1653599880000,1840.11,1840.11,1839.15,1839.24,147.5854
1653599940000,1839.24,1842.1,1839.24,1842.09,191.3567
1653600000000,1842.1,1842.3,1841.69,1841.69,267.9138
1653600060000,1841.7,1842.3,1840.56,1840.57,270.5482
1653600120000,1840.56,1841.25,1839.95,1841.23,191.6686
1653600180000,1841.24,1841.24,1840.24,1840.55,446.8206
1653600240000,1840.55,1840.97,1840.54,1840.64,112.7407
1653600300000,1840.64,1840.65,1837.76,1837.76,274.8986
1653600360000,1837.76,1837.77,1833.86,1835.24,645.4862
1653600420000,1835.23,1835.71,1835.23,1835.7,70.5434
1653600480000,1835.7,1836.36,1827.44,1828.11,898.0507
1653600540000,1828.12,1829.19,1827.86,1829.0,192.1706
1653600600000,1829.0,1829.97,1828.99,1829.95,135.084
1653600660000,1829.95,1832.61,1829.94,1832.57,105.3729
1653600720000,1832.58,1835.55,1832.57,1835.54,609.8043
1653600780000,1835.55,1837.36,1835.54,1837.35,68.372
1653600840000,1837.35,1837.38,1834.72,1834.73,116.5952
1653600900000,1834.73,1834.78,1833.73,1833.74,213.6203
1653600960000,1833.74,1839.25,1833.65,1839.25,185.4065
1653601020000,1839.24,1840.64,1832.82,1832.82,1044.6545
1653601080000,1832.82,1836.24,1832.82,1836.01,95.1587
1653601140000,1836.02,1836.02,1835.69,1835.69,74.7587
1653601200000,1835.69,1836.26,1835.57,1836.0,148.3792
1653601260000,1835.99,1836.02,1832.66,1834.81,562.0889
1653601320000,1834.81,1836.38,1834.81,1836.37,314.6967
1653601380000,1836.37,1836.63,1834.09,1834.12,317.6105
1653601440000,1834.12,1834.12,1830.5,1830.5,198.7198
1653601500000,1830.5,1832.88,1829.98,1831.32,318.9198
1653601560000,1831.32,1831.32,1828.78,1829.43,307.6234
1653601620000,1829.43,1829.74,1828.19,1829.38,460.2118
1653601680000,1829.39,1831.48,1829.38,1830.81,192.0106
1653601740000,1830.8,1831.55,1828.23,1830.08,504.7623
1653601800000,1830.07,1830.08,1829.15,1830.0,139.7809
1653601860000,1830.0,1832.09,1829.99,1830.78,183.285
1653601920000,1830.78,1832.26,1830.78,1832.04,379.3634
1653601980000,1832.05,1832.05,1829.57,1830.0,330.9514
1653602040000,1830.0,1830.79,1830.0,1830.73,88.9196
1653602100000,1830.73,1830.73,1826.52,1828.99,868.9432
1653602160000,1828.99,1829.0,1827.86,1827.86,204.4259
1653602220000,1827.86,1827.87,1827.86,1827.87,57.8443
1653602280000,1827.87,1833.98,1827.86,1832.65,1026.8966
1653602340000,1832.64,1834.25,1832.64,1833.74,294.766
1653602400000,1833.74,1833.74,1827.7,1828.14,1165.4542
1653602460000,1828.15,1828.15,1826.96,1827.76,279.6077
1653602520000,1827.77,1830.77,1827.76,1829.94,325.303
1653602580000,1829.94,1832.4,1829.93,1832.4,149.1028
1653602640000,1832.39,1832.84,1829.91,1830.65,875.8136
1653602700000,1830.66,1832.98,1830.65,1832.97,199.7205
1653602760000,1832.98,1835.26,1832.77,1834.17,346.0604
1653602820000,1834.16,1838.21,1833.69,1836.82,444.2822
1653602880000,1836.82,1838.25,1836.81,1837.36,223.2464
1653602940000,1837.36,1838.46,1837.35,1837.7,239.4633
1653603000000,1837.71,1838.34,1837.04,1837.77,575.9675
1653603060000,1837.76,1840.16,1837.76,1839.39,449.0811
1653603120000,1839.38,1839.8,1839.29,1839.8,116.6001
1653603180000,1839.8,1840.4,1839.1,1839.66,340.1583
1653603240000,1839.67,1843.45,1839.66,1843.45,372.3686
1653603300000,1843.45,1843.72,1841.51,1842.74,920.9128
1653603360000,1842.74,1842.92,1841.87,1842.91,450.0355
1653603420000,1842.9,1844.26,1842.9,1844.03,239.614
1653603480000,1844.03,1844.44,1842.3,1844.08,616.9163
1653603540000,1844.08,1845.25,1843.0,1843.01,349.0104
1653603600000,1843.0,1843.31,1841.31,1841.31,297.9189
1653603660000,1841.31,1841.6,1839.76,1841.6,326.6311
1653603720000,1841.59,1842.56,1840.74,1840.75,300.8863
1653603780000,1840.74,1841.33,1840.07,1840.51,251.5836
1653603840000,1840.51,1842.41,1840.51,1842.41,295.2622
1653603900000,1842.41,1842.56,1839.42,1839.42,405.0074
1653603960000,1839.42,1840.23,1839.0,1839.51,347.8941
1653604020000,1839.5,1839.51,1838.53,1838.77,178.1726
1653604080000,1838.76,1840.98,1838.76,1839.22,398.7341
1653604140000,1839.23,1839.54,1837.81,1837.87,290.1017
1653604200000,1837.87,1840.75,1837.87,1840.74,359.8978
1653604260000,1840.74,1840.8,1840.37,1840.8,169.0336
1653604320000,1840.8,1840.8,1840.37,1840.8,137.2099
1653604380000,1840.79,1841.31,1838.04,1838.04,244.2399
1653604440000,1838.05,1838.05,1833.6,1833.6,602.8134
1653604500000,1833.6,1834.58,1830.23,1830.76,818.4876
1653604560000,1830.77,1833.4,1830.76,1831.5,366.9657
1653604620000,1831.51,1832.21,1831.33,1832.18,376.1493
1653604680000,1832.18,1832.19,1827.72,1827.72,598.1157
1653604740000,1827.73,1828.25,1827.24,1827.7,424.8397
1653604800000,1827.7,1828.58,1826.06,1826.77,573.2128
1653604860000,1826.76,1827.61,1826.0,1826.26,643.1494
1653604920000,1826.25,1829.24,1826.25,1827.7,274.9671
1653604980000,1827.71,1827.89,1825.93,1826.83,372.0062
1653605040000,1826.84,1826.84,1825.94,1826.65,112.2635
1653605100000,1826.66,1827.43,1825.42,1827.43,403.7682
1653605160000,1827.43,1828.51,1825.38,1826.62,459.9732
1653605220000,1826.62,1826.9,1824.77,1824.81,215.4507
1653605280000,1824.8,1824.88,1821.54,1822.91,910.8394
1653605340000,1822.9,1823.96,1821.12,1821.12,530.0218
1653605400000,1821.13,1821.52,1818.74,1820.37,679.7697
1653605460000,1820.37,1822.36,1820.18,1821.58,283.93
1653605520000,1821.57,1821.77,1820.3,1821.77,289.4279
1653605580000,1821.76,1821.77,1820.46,1820.65,207.2655
1653605640000,1820.64,1823.25,1820.64,1820.97,423.8878
1653605700000,1820.96,1821.28,1820.66,1820.67,196.5174
1653605760000,1820.66,1821.72,1818.77,1818.78,343.5337
1653605820000,1818.77,1819.83,1818.77,1819.82,238.0368
1653605880000,1819.82,1822.72,1819.82,1821.1,367.7203
1653605940000,1821.11,1821.11,1820.61,1820.62,98.7989
1653606000000,1820.61,1820.97,1816.22,1816.32,911.9929
1653606060000,1816.32,1816.72,1815.05,1815.78,788.7191
1653606120000,1815.78,1822.77,1815.6,1822.46,1309.9493
1653606180000,1822.46,1822.46,1818.99,1820.43,653.7347
1653606240000,1820.42,1822.38,1820.33,1821.81,305.9459
1653606300000,1821.82,1821.97,1821.05,1821.42,195.4176
1653606360000,1821.42,1823.82,1820.75,1823.81,397.5566
1653606420000,1823.82,1828.76,1823.81,1828.76,1023.6565
1653606480000,1828.76,1828.96,1826.89,1826.89,744.6924
1653606540000,1826.9,1826.9,1824.88,1825.53,550.5415
1653606600000,1825.54,1826.37,1824.52,1824.53,334.4787
1653606660000,1824.53,1829.28,1823.2,1824.93,1887.4595
1653606720000,1824.92,1824.92,1817.19,1817.26,1908.94
1653606780000,1817.27,1818.18,1810.72,1813.69,2259.7163
1653606840000,1813.69,1814.68,1810.55,1812.99,994.4753
1653606900000,1812.99,1813.48,1807.25,1808.73,2443.5972
1653606960000,1808.72,1818.56,1808.39,1818.55,1257.8698
1653607020000,1818.55,1819.78,1814.71,1817.99,1088.6026
1653607080000,1818.0,1819.23,1817.63,1818.11,647.8321
1653607140000,1818.1,1818.11,1814.56,1816.53,706.2073
1653607200000,1816.53,1818.35,1816.13,1817.79,561.2022
1653607260000,1817.78,1819.21,1817.68,1818.0,591.2578
1653607320000,1818.01,1818.09,1812.61,1812.9,863.8797
1653607380000,1812.9,1815.32,1811.75,1815.32,638.5954
1653607440000,1815.32,1815.46,1813.48,1815.46,473.5325
1653607500000,1815.46,1816.74,1815.18,1815.73,409.8329
1653607560000,1815.74,1816.36,1812.82,1813.67,633.0103
1653607620000,1813.68,1814.69,1813.09,1813.1,226.3142
1653607680000,1813.09,1815.39,1813.09,1813.66,556.5377
1653607740000,1813.66,1814.03,1813.01,1813.57,208.2217
1653607800000,1813.57,1816.62,1812.61,1816.62,398.7265
1653607860000,1816.62,1819.0,1816.46,1817.6,821.098
1653607920000,1817.61,1818.64,1817.58,1818.64,242.9536
1653607980000,1818.63,1819.52,1818.1,1819.12,389.0757
1653608040000,1819.12,1819.3,1818.17,1818.22,681.4587
1653608100000,1818.21,1818.29,1817.36,1817.48,240.4311
1653608160000,1817.47,1818.95,1816.16,1818.94,483.6135
1653608220000,1818.95,1819.48,1816.16,1816.16,570.2382
1653608280000,1816.16,1819.99,1816.16,1819.96,417.6104
1653608340000,1819.96,1820.55,1817.01,1820.55,976.7119
1653608400000,1820.54,1821.57,1819.8,1819.81,328.471
1653608460000,1819.8,1820.94,1819.51,1820.27,303.1533
1653608520000,1820.27,1820.28,1818.0,1818.01,270.7736
1653608580000,1818.01,1818.23,1817.05,1817.4,279.0094
1653608640000,1817.39,1819.2,1817.29,1818.2,229.7161
1653608700000,1818.21,1818.44,1809.29,1809.58,1191.0865
1653608760000,1809.58,1809.59,1800.5,1800.73,2804.2307
1653608820000,1800.75,1805.32,1797.26,1805.32,3058.9304
1653608880000,1805.31,1810.92,1804.49,1809.46,990.69
1653608940000,1809.46,1810.57,1805.66,1807.2,768.9745
1653609000000,1807.2,1807.21,1804.79,1804.79,466.7738
1653609060000,1804.79,1807.35,1804.0,1806.7,577.6142
1653609120000,1806.71,1809.0,1806.68,1807.19,357.2009
1653609180000,1807.18,1808.76,1805.26,1805.27,451.7738
1653609240000,1805.26,1807.31,1804.51,1807.31,368.4386
1653609300000,1807.31,1807.43,1805.53,1806.38,759.3767
1653609360000,1806.38,1806.39,1796.11,1797.95,2399.0947
1653609420000,1797.95,1799.61,1791.41,1797.98,2334.3315
1653609480000,1797.97,1798.33,1789.38,1789.87,2612.4517
1653609540000,1789.87,1793.98,1789.86,1792.23,1564.6099
1653609600000,1792.24,1797.75,1791.08,1792.94,2251.9394
1653609660000,1792.94,1805.48,1792.83,1805.39,2252.226
1653609720000,1805.4,1805.93,1798.77,1798.94,1198.8246
1653609780000,1798.77,1803.29,1798.77,1801.89,861.9495
1653609840000,1801.89,1801.89,1799.0,1799.89,611.0325
1653609900000,1799.9,1800.65,1798.41,1798.64,749.454
1653609960000,1798.65,1798.65,1793.53,1793.53,587.9486
1653610020000,1793.54,1793.54,1788.45,1788.49,1315.8154
1653610080000,1788.49,1794.44,1787.51,1792.27,1158.9289
1653610140000,1792.27,1792.47,1788.41,1792.46,952.5763
1653610200000,1792.46,1795.14,1788.48,1789.8,919.0513
1653610260000,1789.8,1790.99,1785.85,1785.98,1182.945
1653610320000,1785.97,1793.58,1785.97,1792.84,978.4305
1653610380000,1792.85,1795.42,1792.84,1793.85,764.3215
1653610440000,1793.85,1796.87,1793.85,1794.81,926.3841
1653610500000,1794.8,1796.0,1792.01,1795.65,646.9039
1653610560000,1795.65,1802.59,1795.02,1801.45,1422.5282
1653610620000,1801.44,1802.74,1799.21,1800.36,984.8844
1653610680000,1800.36,1800.43,1795.35,1798.19,1154.711
1653610740000,1798.19,1802.29,1797.89,1800.51,595.9306
1653610800000,1800.5,1801.16,1797.01,1798.41,821.0424
1653610860000,1798.41,1800.41,1798.4,1799.36,450.3664
1653610920000,1799.36,1801.59,1798.17,1801.37,525.7455
1653610980000,1801.36,1804.19,1800.54,1802.73,1083.7543
1653611040000,1802.74,1803.0,1800.81,1803.0,325.8284
1653611100000,1803.0,1807.58,1802.29,1806.99,666.7734
1653611160000,1806.98,1808.6,1804.5,1804.5,979.2164
1653611220000,1804.5,1805.81,1803.0,1803.08,489.6449
1653611280000,1803.08,1805.5,1803.0,1803.0,353.6844
1653611340000,1803.01,1805.62,1803.0,1804.22,368.2311
1653611400000,1804.22,1806.29,1804.22,1806.14,481.3706
1653611460000,1806.14,1807.52,1805.82,1806.42,455.6547
1653611520000,1806.43,1806.5,1804.01,1805.15,427.5645
1653611580000,1805.15,1805.16,1802.43,1803.12,336.3023
1653611640000,1803.12,1803.12,1801.08,1801.63,309.6322
1653611700000,1801.62,1801.63,1799.34,1799.35,530.4235
1653611760000,1799.35,1800.32,1797.28,1800.32,576.6876
1653611820000,1800.31,1802.19,1799.85,1801.85,897.325
1653611880000,1801.85,1801.85,1797.49,1797.66,425.5573
1653611940000,1797.66,1799.66,1797.2,1799.66,546.0055
1653612000000,1799.65,1799.66,1797.63,1797.95,327.1879
1653612060000,1797.95,1797.96,1790.05,1790.06,1576.8822
1653612120000,1790.07,1790.68,1783.4,1786.57,2724.167
1653612180000,1786.56,1787.79,1783.77,1784.07,991.5129
1653612240000,1784.08,1785.97,1781.43,1782.74,1160.1692
1653612300000,1782.74,1785.95,1781.42,1781.61,1739.5225
1653612360000,1781.62,1782.91,1776.51,1778.54,2025.66
1653612420000,1778.55,1781.72,1769.74,1775.35,7185.3305
1653612480000,1775.35,1780.14,1774.31,1778.37,1875.4133
1653612540000,1778.37,1779.04,1776.97,1778.4,1351.7294
1653612600000,1778.4,1778.65,1774.62,1774.74,1158.5088
1653612660000,1774.75,1781.31,1773.01,1779.32,1226.0194
1653612720000,1779.33,1780.65,1776.59,1779.84,857.878
1653612780000,1779.84,1780.76,1775.66,1778.58,1280.593
1653612840000,1778.59,1779.39,1775.77,1775.78,430.922
1653612900000,1775.77,1777.0,1773.48,1774.07,1081.064
1653612960000,1774.08,1775.9,1774.07,1774.07,532.0596
1653613020000,1774.08,1775.25,1772.01,1775.19,1323.5934
1653613080000,1775.19,1776.09,1774.75,1775.33,387.2849
1653613140000,1775.33,1775.34,1770.79,1773.89,770.5126
1653613200000,1773.89,1774.72,1768.66,1774.0,1540.1226
1653613260000,1774.0,1780.25,1773.99,1775.1,2125.9227
1653613320000,1775.11,1778.58,1771.03,1771.56,2009.5375
1653613380000,1771.56,1774.3,1766.99,1767.41,1771.2998
1653613440000,1767.41,1768.49,1763.64,1764.93,2363.04
1653613500000,1764.94,1767.53,1762.58,1762.97,1960.4191
1653613560000,1762.96,1762.97,1758.44,1758.88,3658.338
1653613620000,1758.88,1763.89,1758.87,1761.19,890.5657
1653613680000,1761.19,1762.13,1755.58,1756.62,1863.5295
1653613740000,1756.63,1760.85,1754.2,1756.8,2250.332
1653613800000,1756.8,1761.02,1756.79,1758.98,1033.2841
1653613860000,1758.98,1760.89,1756.77,1756.86,1112.5852
1653613920000,1756.87,1756.87,1753.65,1756.57,1431.0075
1653613980000,1756.57,1757.36,1753.27,1753.42,1514.9555
1653614040000,1753.42,1758.39,1752.5,1757.36,1062.7595
1653614100000,1757.35,1760.54,1756.55,1758.8,2363.7339
1653614160000,1758.8,1763.97,1758.8,1762.8,1799.83
1653614220000,1762.79,1763.76,1759.84,1759.84,894.6214
1653614280000,1759.85,1761.08,1758.0,1758.0,694.7977
1653614340000,1758.0,1758.47,1752.26,1752.94,1523.2886
1653614400000,1752.94,1754.77,1751.87,1752.98,844.8314
1653614460000,1752.99,1754.54,1750.0,1751.26,3799.3543
1653614520000,1751.25,1752.94,1750.0,1750.32,3228.95
1653614580000,1750.32,1757.94,1750.09,1753.7,1444.8329
1653614640000,1753.71,1753.71,1750.84,1750.98,805.3987
1653614700000,1750.99,1754.53,1750.98,1754.3,985.2618
1653614760000,1754.3,1755.24,1752.44,1755.23,885.6169
1653614820000,1755.23,1755.24,1752.0,1752.33,3601.9604
1653614880000,1752.33,1752.34,1750.0,1750.67,3258.6923
1653614940000,1750.66,1754.5,1750.12,1750.25,1436.7861
1653615000000,1750.26,1753.88,1750.0,1753.4,1893.9868
1653615060000,1753.39,1758.54,1753.14,1757.75,2149.8642
1653615120000,1757.74,1758.26,1753.03,1753.27,2605.0492
1653615180000,1753.26,1754.69,1751.01,1751.11,1184.0227
1653615240000,1751.11,1752.07,1750.0,1750.42,1766.1443
1653615300000,1750.43,1754.07,1750.0,1753.55,1329.4873
1653615360000,1753.55,1758.68,1753.55,1758.68,709.0428
1653615420000,1758.67,1762.88,1757.04,1760.28,1297.3215
1653615480000,1760.27,1762.58,1759.37,1759.5,1166.48
1653615540000,1759.51,1760.0,1758.49,1758.91,324.1617
1653615600000,1758.91,1760.5,1756.92,1756.92,570.6063
1653615660000,1756.92,1761.91,1756.9,1761.9,539.7365
1653615720000,1761.9,1761.95,1759.27,1759.27,412.7846
1653615780000,1759.28,1761.87,1758.15,1760.87,743.5999
1653615840000,1760.87,1760.88,1757.43,1757.43,681.1311
1653615900000,1757.43,1762.43,1756.36,1761.85,1014.0351
1653615960000,1761.84,1763.16,1760.36,1762.51,792.8338
1653616020000,1762.52,1763.04,1759.27,1761.07,1014.2426
1653616080000,1761.06,1761.41,1758.72,1760.64,815.6883
1653616140000,1760.64,1760.64,1752.97,1753.38,1329.4344
1653616200000,1753.39,1753.94,1751.56,1753.54,937.9211
1653616260000,1753.53,1755.88,1753.4,1754.26,803.2446
1653616320000,1754.26,1754.26,1752.56,1753.43,926.7142
1653616380000,1753.42,1753.98,1751.77,1752.05,786.2606
1653616440000,1752.04,1752.77,1750.0,1750.12,4368.156
1653616500000,1750.13,1751.08,1750.0,1750.14,1822.5608
1653616560000,1750.14,1750.31,1750.0,1750.01,1689.8016
1653616620000,1750.01,1751.96,1750.0,1750.01,2796.4226
1653616680000,1750.01,1750.01,1738.0,1742.42,6753.941
1653616740000,1742.42,1743.21,1736.6,1743.21,2867.1442
1653616800000,1743.21,1743.41,1735.01,1737.54,2307.316
1653616860000,1737.55,1740.86,1735.25,1735.77,1251.0839
1653616920000,1735.77,1736.57,1728.99,1734.98,5631.38028
1653616980000,1734.98,1741.64,1733.11,1740.24,1738.0196
1653617040000,1740.24,1740.24,1736.23,1736.51,1463.6952
1653617100000,1736.51,1742.26,1736.36,1741.24,1246.1771
1653617160000,1741.25,1747.56,1740.6,1745.14,1281.4638
1653617220000,1745.14,1746.2,1740.7,1740.71,925.6394
1653617280000,1740.7,1746.0,1739.2,1744.45,1561.8428
1653617340000,1744.44,1746.36,1742.9,1745.62,858.4081
1653617400000,1745.61,1747.56,1742.63,1742.91,945.2926
1653617460000,1742.9,1746.0,1740.69,1742.91,1482.5387
1653617520000,1742.92,1742.92,1738.54,1739.45,1655.9875
1653617580000,1739.45,1743.48,1738.58,1741.17,1347.5579
1653617640000,1741.18,1741.18,1737.32,1738.65,1680.3736
1653617700000,1738.65,1738.73,1734.6,1737.95,1182.9808
1653617760000,1737.95,1739.9,1737.94,1739.89,898.702
1653617820000,1739.89,1743.86,1739.62,1742.44,1030.8602
1653617880000,1742.44,1744.7,1741.7,1743.61,1117.4274
1653617940000,1743.6,1746.94,1741.39,1746.61,993.1472
1653618000000,1746.6,1754.43,1744.84,1753.71,1664.2718
1653618060000,1753.7,1763.68,1751.46,1763.67,2139.4309
1653618120000,1763.68,1765.92,1758.03,1764.15,2777.5976
1653618180000,1764.15,1767.85,1761.09,1767.72,1603.6323
1653618240000,1767.73,1767.91,1763.33,1766.13,3442.3821
1653618300000,1766.13,1766.15,1757.96,1758.87,995.9257
1653618360000,1758.86,1761.0,1755.73,1755.74,1176.0127
1653618420000,1755.74,1758.31,1754.92,1756.2,873.9267
1653618480000,1756.2,1761.75,1754.04,1760.21,3404.3439
1653618540000,1760.33,1761.0,1755.84,1757.66,1310.916
1653618600000,1757.66,1757.67,1754.7,1755.0,888.3233
1653618660000,1755.0,1756.7,1750.28,1750.43,1643.384
1653618720000,1750.43,1753.14,1749.52,1753.14,1210.1378
1653618780000,1753.13,1753.56,1749.92,1751.0,1525.7446
1653618840000,1751.01,1755.27,1749.0,1751.13,1480.8937
1653618900000,1751.12,1758.8,1751.02,1758.8,1791.0768
1653618960000,1758.8,1760.86,1754.09,1760.86,1248.7358
1653619020000,1760.85,1762.0,1755.0,1756.56,1281.0364
1653619080000,1756.56,1758.76,1754.51,1754.52,708.3174
1653619140000,1754.51,1757.79,1753.83,1754.24,789.4711
1653619200000,1754.23,1756.16,1752.31,1752.54,1018.3309
1653619260000,1752.54,1753.13,1750.16,1752.56,1158.9048
1653619320000,1752.56,1754.52,1751.15,1753.35,941.8839
1653619380000,1753.36,1755.19,1751.37,1752.55,968.1004
1653619440000,1752.55,1754.39,1750.79,1752.81,763.4203
1653619500000,1752.81,1754.33,1746.62,1747.11,1232.2263
1653619560000,1747.11,1748.22,1742.23,1742.3,1812.7526
1653619620000,1742.3,1745.25,1738.42,1742.09,3536.4442
1653619680000,1742.09,1744.03,1739.83,1740.0,2286.8105
1653619740000,1740.0,1742.76,1740.0,1741.89,1048.0286
1653619800000,1741.89,1744.56,1740.41,1743.91,679.1899
1653619860000,1743.91,1746.12,1742.8,1745.87,773.0781
1653619920000,1745.87,1747.38,1743.0,1743.0,785.8574
1653619980000,1743.01,1747.9,1740.63,1747.83,1346.0658
1653620040000,1747.83,1748.66,1744.65,1745.2,1316.6847
1653620100000,1745.19,1748.64,1745.19,1748.18,788.6453
1653620160000,1748.17,1752.2,1747.16,1748.51,1132.1331
1653620220000,1748.51,1754.18,1748.36,1752.66,934.3846
1653620280000,1752.65,1754.57,1751.61,1751.74,818.5283
1653620340000,1751.74,1754.79,1751.6,1753.34,644.3542
1653620400000,1753.34,1754.74,1751.57,1754.74,925.9632
1653620460000,1754.74,1756.3,1753.19,1756.29,683.9796
1653620520000,1756.29,1758.71,1754.98,1757.06,861.2906
1653620580000,1757.06,1759.67,1757.05,1758.47,1037.5041
1653620640000,1758.48,1758.48,1756.07,1756.51,743.8232
1653620700000,1756.51,1757.09,1753.84,1755.37,1002.1602
1653620760000,1755.37,1757.0,1754.72,1757.0,547.1604
1653620820000,1756.99,1757.13,1754.73,1756.93,715.1394
1653620880000,1756.92,1759.53,1756.42,1759.42,421.2785
1653620940000,1759.41,1763.5,1758.4,1760.78,1717.2902
1653621000000,1760.78,1764.93,1760.32,1763.58,2077.8006
1653621060000,1763.58,1763.88,1762.52,1763.0,493.9664
1653621120000,1763.0,1763.43,1760.29,1760.76,424.807
1653621180000,1760.76,1763.45,1759.66,1763.45,718.5865
1653621240000,1763.44,1764.38,1760.09,1760.1,423.9534
1653621300000,1760.09,1763.34,1760.01,1763.13,785.1218
1653621360000,1763.12,1765.91,1762.91,1765.66,735.4345
1653621420000,1765.65,1766.92,1763.07,1763.07,734.6473
1653621480000,1763.07,1765.37,1763.07,1764.78,453.2081
1653621540000,1764.77,1766.41,1764.67,1766.1,903.39
1653621600000,1766.1,1766.81,1765.68,1765.69,237.3762
1653621660000,1765.68,1765.69,1763.72,1763.83,738.7901
1653621720000,1763.82,1765.87,1762.5,1765.87,587.1919
1653621780000,1765.87,1765.87,1764.53,1764.61,512.2946
1653621840000,1764.62,1765.63,1763.41,1764.55,718.2736
1653621900000,1764.55,1764.55,1762.43,1763.83,258.5253
1653621960000,1763.83,1766.79,1760.62,1763.23,1522.8411
1653622020000,1763.23,1764.44,1761.9,1761.9,706.7287
1653622080000,1761.91,1766.63,1761.5,1766.31,1382.2676
1653622140000,1766.31,1771.85,1766.3,1771.84,1112.1575
1653622200000,1771.85,1778.71,1770.66,1777.89,1720.3056
1653622260000,1777.9,1779.91,1773.81,1773.82,1537.3229
1653622320000,1773.82,1776.01,1771.64,1774.51,1140.0887
1653622380000,1774.51,1776.96,1772.23,1775.25,1581.049
1653622440000,1775.25,1776.84,1774.86,1775.0,1091.5813
1653622500000,1775.0,1776.17,1772.97,1775.51,1241.8883
1653622560000,1775.51,1775.52,1773.44,1773.45,892.8956
1653622620000,1773.44,1775.54,1771.17,1772.35,1079.8786
1653622680000,1772.35,1773.46,1771.18,1772.08,464.407
1653622740000,1772.08,1772.81,1770.61,1770.61,671.9355
1653622800000,1770.61,1771.27,1768.78,1768.85,477.1091
1653622860000,1768.85,1768.85,1766.51,1767.76,651.9055
1653622920000,1767.76,1767.76,1766.58,1767.01,276.5166
1653622980000,1767.0,1767.99,1765.91,1767.77,556.6616
1653623040000,1767.78,1768.01,1766.53,1766.83,499.0626
1653623100000,1766.83,1770.56,1765.86,1769.77,752.8073
1653623160000,1769.78,1770.71,1769.03,1770.71,237.4592
1653623220000,1770.7,1771.63,1768.23,1769.57,467.18
1653623280000,1769.58,1770.41,1767.59,1767.6,297.236
1653623340000,1767.6,1772.45,1767.34,1771.15,809.5361
1653623400000,1771.14,1771.68,1769.64,1769.76,312.8725
1653623460000,1769.75,1769.85,1767.3,1768.0,299.266
1653623520000,1768.0,1770.31,1768.0,1770.11,287.7356
1653623580000,1770.12,1772.88,1770.11,1772.43,742.1382
1653623640000,1772.42,1772.43,1770.99,1771.77,140.8576
1653623700000,1771.77,1773.0,1770.55,1772.99,527.1679
1653623760000,1772.99,1774.72,1772.99,1773.1,398.6095
1653623820000,1773.11,1773.74,1771.86,1772.42,343.5107
1653623880000,1772.41,1772.42,1770.47,1770.48,450.898
1653623940000,1770.48,1770.48,1768.0,1768.0,216.7905
1653624000000,1768.01,1770.0,1764.61,1765.8,1717.6801
1653624060000,1765.8,1767.14,1763.52,1763.53,560.8448
1653624120000,1763.52,1764.79,1761.83,1763.45,592.365
1653624180000,1763.44,1764.5,1761.21,1761.22,604.1758
1653624240000,1761.21,1762.0,1759.77,1761.73,1139.4728
1653624300000,1761.72,1761.89,1760.2,1761.82,336.6757
1653624360000,1761.81,1763.09,1760.14,1763.08,370.4839
1653624420000,1763.08,1763.08,1761.16,1762.02,409.1669
1653624480000,1762.02,1762.03,1760.11,1761.46,382.1292
1653624540000,1761.46,1762.0,1761.37,1761.94,494.0382
1653624600000,1761.95,1763.7,1761.94,1763.39,269.9586
1653624660000,1763.39,1768.2,1763.01,1763.31,936.4865
1653624720000,1763.3,1766.08,1763.1,1765.63,396.5924
1653624780000,1765.63,1767.75,1765.13,1767.1,373.2173
1653624840000,1767.1,1767.1,1765.64,1765.87,220.294
1653624900000,1765.87,1772.45,1765.86,1772.43,1157.2132
1653624960000,1772.44,1772.87,1771.0,1771.01,727.5768
1653625020000,1771.01,1772.0,1769.94,1769.95,493.7687
1653625080000,1769.95,1772.64,1769.94,1770.85,393.1521
1653625140000,1770.85,1777.13,1770.75,1775.41,987.0688
1653625200000,1775.4,1777.51,1775.05,1776.02,445.6804
1653625260000,1776.03,1776.86,1773.57,1776.86,1064.0608
1653625320000,1776.86,1777.42,1773.43,1773.47,349.6681
1653625380000,1773.47,1774.56,1772.69,1773.1,350.3812
1653625440000,1773.1,1773.11,1771.19,1771.68,580.387
1653625500000,1771.69,1772.23,1770.85,1770.86,374.5555
1653625560000,1770.86,1771.86,1769.77,1771.86,476.4141
1653625620000,1771.85,1771.86,1769.25,1769.4,434.2045
1653625680000,1769.41,1769.53,1767.6,1768.94,295.5671
1653625740000,1768.94,1769.17,1766.48,1766.48,272.1949
1653625800000,1766.48,1768.99,1765.43,1765.44,868.1048
1653625860000,1765.43,1767.93,1764.59,1767.93,523.7007
1653625920000,1767.93,1768.46,1762.58,1762.58,1126.3718
1653625980000,1762.59,1762.59,1759.27,1759.71,980.1226
1653626040000,1759.71,1760.59,1758.0,1758.91,2371.4868
1653626100000,1758.92,1760.62,1758.0,1760.62,485.2677
1653626160000,1760.61,1760.62,1756.91,1756.98,3084.3904
1653626220000,1756.99,1757.07,1752.7,1754.49,1340.1601
1653626280000,1754.49,1754.5,1752.69,1753.14,427.41
1653626340000,1753.14,1755.17,1752.67,1752.67,633.4728
1653626400000,1752.68,1754.74,1751.76,1751.77,610.8198
1653626460000,1751.77,1752.11,1750.58,1751.29,616.5049
1653626520000,1751.28,1751.34,1748.42,1749.88,1037.2357
1653626580000,1749.87,1752.88,1749.32,1751.43,768.6274
1653626640000,1751.44,1752.37,1750.0,1751.29,707.7168
1653626700000,1751.29,1751.3,1749.13,1749.9,717.8444
1653626760000,1749.9,1750.18,1747.09,1747.47,606.6543
1653626820000,1747.46,1748.92,1745.55,1748.85,790.565
1653626880000,1748.85,1752.32,1748.63,1750.67,489.0421
1653626940000,1750.67,1750.68,1747.45,1747.86,401.4036
1653627000000,1747.86,1748.3,1743.68,1746.55,949.9861
1653627060000,1746.55,1750.0,1746.55,1750.0,540.6181
1653627120000,1750.0,1750.55,1747.85,1749.99,620.9424
1653627180000,1749.99,1753.06,1749.2,1752.77,554.8847
1653627240000,1752.78,1752.78,1747.83,1748.71,886.0822
1653627300000,1748.71,1751.11,1748.71,1750.71,306.0006
1653627360000,1750.7,1751.81,1745.28,1745.67,643.4167
1653627420000,1745.68,1745.68,1741.77,1741.78,840.6123
1653627480000,1741.78,1744.11,1741.63,1743.45,392.1692
1653627540000,1743.45,1745.3,1742.43,1745.29,406.2461
1653627600000,1745.3,1748.53,1743.35,1746.05,1040.5408
1653627660000,1746.06,1749.13,1745.95,1746.11,828.7257
1653627720000,1746.1,1748.61,1743.21,1743.56,635.8866
1653627780000,1743.56,1743.56,1739.61,1739.64,879.1814
1653627840000,1739.63,1741.49,1738.21,1741.15,820.6325
1653627900000,1741.15,1741.21,1738.46,1740.38,838.9171
1653627960000,1740.38,1746.7,1740.07,1746.7,626.022
1653628020000,1746.7,1752.35,1746.69,1750.11,1066.0826
1653628080000,1750.11,1753.25,1748.21,1753.25,547.8355
1653628140000,1753.24,1757.65,1753.24,1757.47,1179.9899
1653628200000,1757.48,1759.24,1755.0,1755.67,3338.661
1653628260000,1755.67,1758.0,1755.49,1758.0,703.2973
1653628320000,1758.0,1758.24,1755.03,1757.22,747.6826
1653628380000,1757.22,1757.23,1753.2,1754.42,548.7505
1653628440000,1754.43,1755.99,1753.83,1753.83,585.3284
1653628500000,1753.83,1757.37,1751.35,1751.4,1043.3385
1653628560000,1751.39,1756.43,1750.32,1755.87,901.2344
1653628620000,1755.88,1755.88,1752.64,1752.81,735.9214
1653628680000,1752.81,1753.22,1750.63,1750.94,477.611
1653628740000,1750.95,1752.16,1747.45,1751.21,1134.6112
1653628800000,1751.22,1755.82,1751.09,1754.57,507.9698
1653628860000,1754.57,1754.58,1748.16,1748.16,587.1289
1653628920000,1748.16,1749.76,1745.0,1745.5,854.975
1653628980000,1745.5,1747.58,1745.45,1747.29,293.6425
1653629040000,1747.29,1749.38,1746.76,1749.37,391.1271
1653629100000,1749.38,1752.53,1747.65,1752.52,692.7009
1653629160000,1752.52,1753.53,1748.36,1751.86,899.4483
1653629220000,1751.87,1754.68,1751.86,1753.27,972.3665
1653629280000,1753.27,1754.35,1751.05,1751.13,692.9993
1653629340000,1751.14,1753.25,1750.74,1753.24,341.0876
1653629400000,1753.25,1754.13,1749.19,1749.19,667.5624
1653629460000,1749.2,1750.91,1747.45,1747.56,1154.8976
1653629520000,1747.56,1748.3,1746.23,1748.3,433.6624
1653629580000,1748.29,1750.99,1744.76,1750.78,1948.7065
1653629640000,1750.78,1751.17,1749.08,1749.66,352.5686
1653629700000,1749.67,1750.43,1745.82,1745.83,577.7729
1653629760000,1745.82,1745.83,1742.07,1742.08,781.1356
1653629820000,1742.07,1743.2,1735.04,1736.42,2186.7639
1653629880000,1736.41,1736.42,1730.64,1730.65,2311.7739
1653629940000,1730.65,1734.59,1724.15,1726.57,4235.43384
1653630000000,1726.57,1728.17,1722.87,1723.7,2520.22362
1653630060000,1723.7,1728.55,1722.02,1727.82,2392.88147
1653630120000,1727.82,1727.83,1722.97,1723.19,1001.9399
1653630180000,1723.2,1726.84,1717.0,1719.09,3513.78469
1653630240000,1719.08,1724.93,1712.67,1724.93,4168.29731
1653630300000,1724.93,1727.88,1721.46,1721.55,2548.7884
1653630360000,1721.55,1728.21,1717.97,1727.74,2245.6527
1653630420000,1727.75,1731.95,1726.61,1731.57,2474.6123
1653630480000,1731.58,1740.14,1730.75,1737.6,2240.3639
1653630540000,1737.6,1738.37,1733.89,1734.21,1354.694
1653630600000,1734.2,1736.29,1730.66,1735.96,903.6347
1653630660000,1735.96,1738.52,1732.38,1734.84,708.0711
1653630720000,1734.83,1736.68,1731.2,1736.68,813.9982
1653630780000,1736.68,1736.68,1731.29,1734.76,1204.7687
1653630840000,1734.75,1734.99,1732.25,1732.55,270.844
1653630900000,1732.54,1734.16,1731.18,1733.2,638.3681
1653630960000,1733.19,1733.2,1728.74,1731.91,738.6506
1653631020000,1731.9,1734.97,1728.91,1728.92,1174.9727
1653631080000,1728.92,1734.61,1728.91,1733.5,550.2025
1653631140000,1733.5,1737.74,1733.49,1736.36,1019.1586
1653631200000,1736.36,1736.55,1730.0,1731.12,944.1242
1653631260000,1731.12,1733.29,1726.35,1726.36,975.0656
1653631320000,1726.36,1732.64,1726.35,1730.79,922.1561
1653631380000,1730.78,1732.71,1728.2,1728.67,1127.1809
1653631440000,1728.67,1729.03,1726.87,1727.67,689.6411
1653631500000,1727.68,1731.87,1727.67,1730.39,741.254
1653631560000,1730.39,1731.11,1729.18,1729.18,476.3509
1653631620000,1729.17,1730.0,1722.73,1729.82,1652.2131
1653631680000,1729.99,1730.3,1725.01,1726.27,715.445
1653631740000,1726.26,1729.53,1724.93,1729.15,545.1031
1653631800000,1729.16,1731.78,1727.37,1731.78,430.6074
1653631860000,1731.77,1749.17,1731.77,1747.25,2479.0353
1653631920000,1747.25,1751.8,1745.81,1751.71,1987.8999
1653631980000,1751.71,1753.12,1748.73,1750.57,624.3026
1653632040000,1750.57,1752.76,1744.09,1745.49,887.9949
1653632100000,1745.49,1749.32,1744.09,1745.81,1187.2602
1653632160000,1745.82,1746.44,1736.65,1736.73,1326.328
1653632220000,1736.74,1738.79,1735.32,1738.03,1062.7423
1653632280000,1738.03,1738.15,1732.32,1732.63,938.7762
1653632340000,1732.64,1735.95,1732.62,1732.63,748.7383
1653632400000,1732.62,1732.81,1727.6,1727.77,1928.9555
1653632460000,1727.77,1733.43,1726.95,1731.12,1401.8511
1653632520000,1731.11,1736.54,1730.84,1733.86,1667.1123
1653632580000,1733.86,1737.61,1733.65,1735.64,576.3782
1653632640000,1735.63,1743.63,1735.42,1743.62,1414.7077
1653632700000,1743.62,1745.32,1736.72,1744.99,1541.389
1653632760000,1744.99,1745.33,1741.19,1741.87,1082.9581
1653632820000,1741.88,1744.27,1739.3,1739.31,1050.8363
1653632880000,1739.31,1741.51,1738.11,1739.51,622.8755
1653632940000,1739.51,1745.3,1739.37,1743.75,814.4424
1653633000000,1743.74,1745.31,1739.78,1740.16,1171.2635
1653633060000,1740.17,1746.18,1738.19,1745.6,1039.8533
1653633120000,1745.6,1747.0,1744.16,1746.27,575.6037
1653633180000,1746.26,1754.25,1746.26,1753.8,2936.5697
1653633240000,1753.8,1759.54,1753.09,1757.58,4554.8342
1653633300000,1757.58,1766.8,1757.03,1766.13,3056.5697
1653633360000,1766.13,1767.01,1762.58,1766.21,1260.8542
1653633420000,1766.21,1767.69,1761.92,1763.75,1187.4474
1653633480000,1763.76,1764.8,1761.92,1762.77,592.6545
1653633540000,1762.77,1763.99,1761.88,1762.01,439.25
1653633600000,1762.02,1764.23,1761.71,1762.91,535.5433
1653633660000,1762.91,1762.91,1758.58,1758.58,1011.6544
1653633720000,1758.59,1760.0,1757.78,1757.78,506.8637
1653633780000,1757.78,1760.81,1757.78,1758.23,619.4725
1653633840000,1758.23,1764.11,1758.0,1762.31,719.0502
1653633900000,1762.32,1765.63,1761.09,1762.77,615.2954
1653633960000,1762.77,1766.39,1762.77,1766.05,772.4389
1653634020000,1766.05,1767.0,1762.51,1764.09,1426.7394
1653634080000,1764.09,1764.5,1760.51,1761.61,1200.8526
1653634140000,1761.61,1761.65,1759.78,1760.67,382.0589
1653634200000,1760.66,1762.0,1760.45,1761.38,370.236
1653634260000,1761.37,1762.51,1759.58,1759.59,332.8527
1653634320000,1759.59,1760.75,1758.57,1759.17,455.9393
1653634380000,1759.17,1759.48,1757.5,1757.5,320.9627
1653634440000,1757.51,1766.0,1757.5,1764.26,2058.7505
1653634500000,1764.25,1767.43,1764.22,1764.23,767.0634
1653634560000,1764.22,1766.45,1761.27,1763.86,1103.5701
1653634620000,1763.85,1773.17,1763.37,1771.96,2967.2363
1653634680000,1771.95,1777.48,1771.85,1773.25,2991.8962
1653634740000,1773.24,1773.25,1768.46,1770.71,1702.2595
1653634800000,1770.72,1775.64,1769.72,1774.15,933.4442
1653634860000,1774.15,1774.35,1768.09,1768.88,696.1004
1653634920000,1768.88,1771.09,1766.39,1769.13,1260.9574
1653634980000,1769.12,1775.54,1767.34,1771.93,2436.576
1653635040000,1771.93,1773.99,1769.25,1772.63,1063.3189
1653635100000,1772.63,1773.33,1769.59,1770.22,608.7379
1653635160000,1770.22,1772.12,1768.07,1768.62,963.7795
1653635220000,1768.62,1770.31,1767.11,1767.2,525.5953
1653635280000,1767.19,1768.0,1765.29,1767.63,710.0634
1653635340000,1767.63,1772.99,1767.63,1769.99,1647.9035
1653635400000,1769.99,1774.85,1769.72,1772.61,892.3219
1653635460000,1772.6,1775.63,1771.17,1775.38,621.0332
1653635520000,1775.38,1776.82,1773.06,1775.94,1052.6213
1653635580000,1775.94,1778.24,1772.75,1773.44,1019.342
1653635640000,1773.43,1773.44,1769.77,1771.25,1065.3162
1653635700000,1771.24,1771.94,1768.71,1769.68,900.6022
1653635760000,1769.68,1775.0,1767.95,1773.99,975.0041
1653635820000,1773.99,1788.97,1773.15,1785.15,5304.0318
1653635880000,1785.16,1787.54,1783.47,1784.38,1153.2693
1653635940000,1784.37,1784.38,1782.27,1782.79,613.6089
1653636000000,1782.79,1783.87,1781.21,1781.57,618.7637
1653636060000,1781.58,1782.38,1779.85,1780.22,304.0633
1653636120000,1780.21,1782.55,1776.93,1782.54,1528.0729
1653636180000,1782.55,1786.55,1781.69,1786.18,715.1807
1653636240000,1786.18,1788.63,1786.18,1787.37,932.0881
1653636300000,1787.37,1791.32,1786.91,1788.42,1125.0176
1653636360000,1788.41,1790.78,1785.32,1789.77,1041.3633
1653636420000,1789.77,1799.13,1789.76,1795.57,2502.4174
1653636480000,1795.56,1797.16,1793.0,1795.22,1561.2322
1653636540000,1795.23,1795.8,1791.0,1792.39,852.3476
1653636600000,1792.39,1792.69,1787.6,1788.1,1405.7634
1653636660000,1788.1,1788.73,1786.01,1787.3,743.6112
1653636720000,1787.31,1789.1,1784.12,1785.9,907.4739
1653636780000,1785.9,1787.57,1783.31,1783.8,516.6415
1653636840000,1783.81,1783.89,1781.34,1782.62,583.5655
1653636900000,1782.63,1784.86,1782.42,1783.5,397.2883
1653636960000,1783.51,1785.51,1783.43,1784.68,477.5503
1653637020000,1784.68,1785.19,1782.34,1782.34,442.5056
1653637080000,1782.35,1782.92,1779.05,1779.75,620.9545
1653637140000,1779.58,1782.02,1779.58,1780.89,558.5795
1653637200000,1780.88,1782.29,1776.53,1776.98,1329.3496
1653637260000,1776.98,1782.1,1776.97,1780.69,1301.3771
1653637320000,1780.69,1781.24,1775.61,1776.96,1423.7265
1653637380000,1776.96,1778.26,1776.59,1777.51,945.5078
1653637440000,1777.52,1779.67,1777.29,1779.4,808.8584
1653637500000,1779.39,1779.4,1776.11,1776.31,953.1368
1653637560000,1776.31,1776.58,1775.0,1776.43,853.6161
1653637620000,1776.44,1777.0,1771.89,1773.03,1274.1811
1653637680000,1773.02,1774.28,1770.94,1773.19,1251.1008
1653637740000,1773.2,1774.0,1771.07,1771.08,647.5241
1653637800000,1771.07,1772.63,1769.31,1769.53,969.1437
1653637860000,1769.53,1770.63,1768.63,1770.63,700.8869
1653637920000,1770.62,1771.17,1769.69,1769.86,539.1744
1653637980000,1769.85,1771.36,1769.32,1771.15,534.4855
1653638040000,1771.14,1773.36,1771.14,1772.21,504.6245
1653638100000,1772.21,1773.99,1771.34,1772.79,762.216
1653638160000,1772.79,1773.5,1771.62,1772.11,338.2011
1653638220000,1772.12,1772.55,1765.31,1765.41,1581.2281
1653638280000,1765.41,1766.68,1764.6,1764.76,1333.9875
1653638340000,1764.77,1765.65,1764.05,1764.6,687.1387
1653638400000,1764.6,1766.0,1762.04,1762.2,1188.7762
1653638460000,1762.2,1762.28,1759.64,1761.15,918.1577
1653638520000,1761.15,1762.31,1760.86,1761.8,858.3325
1653638580000,1761.81,1761.81,1753.78,1756.24,2078.7493
1653638640000,1756.24,1758.0,1750.19,1756.5,2387.5586
1653638700000,1756.51,1756.63,1751.9,1755.1,1710.9026
1653638760000,1755.1,1762.32,1755.0,1760.93,901.8928
1653638820000,1760.93,1767.06,1760.61,1766.7,1129.702
1653638880000,1766.7,1769.11,1764.0,1767.25,1121.3802
1653638940000,1767.25,1779.63,1767.19,1774.0,2734.7266
1653639000000,1774.0,1781.59,1773.3,1779.74,1324.8728
1653639060000,1779.75,1781.27,1777.0,1779.89,1566.2359
1653639120000,1779.89,1779.89,1776.65,1776.8,496.9149
1653639180000,1776.8,1786.91,1776.34,1786.4,919.7735
1653639240000,1786.91,1787.4,1781.61,1781.99,1184.3802
1653639300000,1781.99,1784.4,1780.88,1780.89,1058.2672
1653639360000,1780.89,1785.19,1780.11,1783.21,1618.4722
1653639420000,1783.22,1789.34,1781.91,1784.63,1527.3978
1653639480000,1784.64,1789.47,1784.16,1787.29,1056.4496
1653639540000,1787.29,1787.29,1783.55,1784.07,833.6821
1653639600000,1784.07,1787.87,1780.6,1785.22,2466.5716
1653639660000,1785.22,1785.23,1782.42,1783.99,539.528
1653639720000,1783.99,1785.37,1779.31,1779.48,1293.6353
1653639780000,1779.49,1780.24,1778.45,1779.66,541.9124
1653639840000,1779.66,1780.0,1773.98,1776.67,971.1624
1653639900000,1776.67,1779.89,1776.67,1778.44,865.6548
1653639960000,1778.45,1779.89,1778.03,1779.47,287.9736
1653640020000,1779.48,1780.25,1778.92,1780.25,342.287
1653640080000,1780.25,1780.25,1778.0,1778.63,232.0395
1653640140000,1778.63,1779.9,1778.63,1779.83,149.5535
1653640200000,1779.83,1783.29,1778.42,1778.42,609.9937
1653640260000,1778.42,1778.49,1773.78,1775.87,579.1186
1653640320000,1775.88,1780.99,1775.87,1780.48,910.2846
1653640380000,1780.48,1783.0,1777.64,1782.23,1138.8932
1653640440000,1782.24,1782.69,1781.0,1781.31,630.443
1653640500000,1781.31,1782.0,1781.15,1781.82,245.2638
1653640560000,1781.82,1782.77,1781.82,1782.45,310.0748
1653640620000,1782.45,1783.53,1781.82,1783.36,442.3054
1653640680000,1783.35,1783.49,1782.15,1782.16,234.5191
1653640740000,1782.15,1782.16,1780.2,1781.05,201.8794
1653640800000,1781.04,1781.05,1779.33,1780.09,252.0389
1653640860000,1780.09,1780.1,1776.07,1777.62,428.2896
1653640920000,1777.63,1777.63,1774.74,1774.9,313.1647
1653640980000,1774.9,1778.71,1774.01,1776.74,720.821
1653641040000,1776.75,1778.38,1776.74,1778.37,214.25
1653641100000,1778.37,1778.43,1775.99,1775.99,459.7538
1653641160000,1775.99,1779.86,1775.66,1778.69,383.0057
1653641220000,1778.69,1781.0,1778.68,1781.0,310.4731
1653641280000,1780.99,1781.0,1778.86,1779.26,249.9686
1653641340000,1779.26,1779.27,1775.21,1775.4,337.8732
1653641400000,1775.39,1780.0,1774.18,1774.19,1261.905
1653641460000,1774.19,1775.16,1769.73,1772.08,1169.4814
1653641520000,1772.08,1773.0,1769.21,1770.61,489.6349
1653641580000,1770.61,1770.62,1767.56,1770.16,757.2568
1653641640000,1770.15,1772.0,1768.39,1768.4,643.4054
1653641700000,1768.39,1771.32,1768.39,1770.84,311.2869
1653641760000,1770.85,1774.23,1768.64,1771.68,1245.3395
1653641820000,1771.68,1773.72,1767.71,1768.0,652.0924
1653641880000,1768.0,1770.88,1768.0,1770.74,334.9067
1653641940000,1770.74,1770.74,1763.74,1766.32,1886.7545
1653642000000,1766.32,1767.64,1765.51,1766.43,872.8549
1653642060000,1766.44,1766.64,1762.64,1762.98,631.953
1653642120000,1762.97,1767.25,1762.36,1766.76,717.8862
1653642180000,1766.76,1766.96,1763.67,1765.17,498.134
1653642240000,1765.16,1765.4,1763.69,1765.4,315.8622
1653642300000,1765.39,1765.48,1762.42,1763.0,522.5972
1653642360000,1763.0,1764.38,1762.3,1764.37,363.6266
1653642420000,1764.38,1769.3,1764.37,1768.97,571.7432
1653642480000,1768.97,1769.33,1765.32,1765.56,597.3731
1653642540000,1765.56,1769.26,1765.38,1767.43,485.2892
1653642600000,1767.42,1770.8,1765.8,1765.81,785.6062
1653642660000,1765.8,1767.07,1765.8,1766.54,249.0825
1653642720000,1766.53,1768.31,1766.53,1766.73,252.2212
1653642780000,1766.74,1767.27,1766.13,1767.0,324.8093
1653642840000,1767.01,1769.44,1766.96,1767.76,401.1196
1653642900000,1767.76,1768.89,1766.07,1766.41,568.2086
1653642960000,1766.41,1768.64,1765.0,1768.29,1116.8326
1653643020000,1768.29,1770.49,1768.05,1769.71,270.2395
1653643080000,1769.71,1771.95,1769.3,1771.39,540.569
1653643140000,1771.4,1773.26,1769.89,1773.26,349.4645
1653643200000,1773.26,1775.06,1769.68,1770.46,1092.5089
1653643260000,1770.47,1770.47,1767.0,1767.51,429.6618
1653643320000,1767.5,1771.52,1767.5,1771.45,264.7179
1653643380000,1771.51,1773.84,1769.76,1771.7,789.23
1653643440000,1771.71,1772.39,1769.59,1769.59,259.4327
1653643500000,1769.59,1771.51,1768.4,1770.58,661.9961
1653643560000,1770.58,1772.2,1770.44,1771.53,481.6645
1653643620000,1771.52,1775.67,1771.38,1773.61,549.5766
1653643680000,1773.61,1774.0,1772.06,1772.67,327.1235
1653643740000,1772.67,1773.09,1771.76,1771.77,269.9483
1653643800000,1771.76,1775.61,1769.0,1774.21,1736.4601
1653643860000,1774.21,1776.0,1772.01,1775.88,831.941
1653643920000,1775.88,1777.18,1773.88,1774.41,751.7453
1653643980000,1774.41,1774.42,1771.54,1773.31,743.0662
1653644040000,1773.3,1776.17,1773.3,1776.0,324.3717
1653644100000,1776.0,1776.19,1774.0,1774.77,368.604
1653644160000,1774.77,1776.38,1773.78,1776.18,467.5381
1653644220000,1776.18,1777.0,1775.68,1777.0,159.8821
1653644280000,1777.0,1779.44,1774.83,1778.64,1229.674
1653644340000,1778.65,1779.66,1778.52,1778.77,440.797
1653644400000,1778.78,1779.18,1776.05,1778.34,751.4365
1653644460000,1778.33,1780.39,1777.01,1780.03,805.926
1653644520000,1780.02,1780.03,1777.2,1777.2,413.6073
1653644580000,1777.2,1777.28,1775.8,1775.81,315.6998
1653644640000,1775.8,1777.26,1774.73,1774.74,388.4042
1653644700000,1774.73,1776.71,1772.03,1772.26,604.1373
1653644760000,1772.25,1773.81,1771.22,1771.44,385.8094
1653644820000,1771.44,1771.93,1771.01,1771.62,396.9036
1653644880000,1771.62,1774.27,1771.32,1773.47,559.5598
1653644940000,1773.47,1774.79,1772.05,1772.53,260.5175
1653645000000,1772.52,1773.47,1771.29,1771.59,156.4256
1653645060000,1771.59,1774.71,1771.38,1774.7,429.7514
1653645120000,1774.71,1777.37,1773.86,1777.37,351.2462
1653645180000,1777.37,1781.81,1776.68,1781.63,1094.5687
1653645240000,1781.63,1783.51,1778.79,1783.5,836.2644
1653645300000,1783.51,1786.49,1783.5,1786.47,963.1318
1653645360000,1786.48,1786.74,1784.53,1786.69,572.412
1653645420000,1786.7,1786.7,1783.32,1783.41,542.7257
1653645480000,1783.41,1784.76,1782.38,1784.4,549.4877
1653645540000,1784.39,1785.29,1782.79,1785.01,2965.1657
1653645600000,1785.01,1785.01,1783.0,1783.37,654.618
1653645660000,1783.38,1786.73,1781.42,1786.11,2547.6819
1653645720000,1786.13,1786.63,1783.06,1783.93,2900.3511
1653645780000,1783.94,1784.2,1780.58,1780.59,353.6414
1653645840000,1780.59,1783.19,1779.36,1779.6,643.5687
1653645900000,1779.6,1781.53,1776.26,1779.5,952.0725
1653645960000,1779.5,1781.62,1779.04,1780.6,386.9559
1653646020000,1780.6,1782.0,1780.46,1780.61,329.1877
1653646080000,1780.6,1784.18,1780.35,1782.17,1045.0544
1653646140000,1782.17,1782.38,1778.8,1779.65,465.7356
1653646200000,1779.46,1786.64,1778.99,1785.77,1427.3787
1653646260000,1785.76,1785.89,1783.0,1784.02,582.4837
1653646320000,1784.02,1785.4,1781.63,1781.77,477.5346
1653646380000,1781.76,1785.0,1781.63,1783.66,523.1005
1653646440000,1783.67,1783.67,1781.84,1782.68,151.1628
1653646500000,1782.69,1784.0,1781.24,1784.0,614.7871
1653646560000,1783.99,1786.08,1783.99,1786.08,422.4755
1653646620000,1786.07,1786.69,1783.94,1786.69,534.2342
1653646680000,1786.68,1787.9,1786.61,1787.35,611.0571
1653646740000,1787.36,1787.36,1784.67,1785.2,388.1744
1653646800000,1785.2,1787.0,1782.03,1782.04,521.2285
1653646860000,1782.04,1782.78,1778.78,1779.32,390.5626
1653646920000,1779.32,1780.58,1778.0,1778.03,475.6275
1653646980000,1778.02,1779.46,1776.59,1776.67,292.9365
1653647040000,1776.66,1779.26,1775.97,1776.79,637.9849
1653647100000,1776.79,1778.69,1774.7,1776.71,590.3124
1653647160000,1776.7,1776.71,1773.92,1774.15,269.2321
1653647220000,1774.15,1776.28,1774.07,1774.42,472.2748
1653647280000,1774.41,1776.32,1774.01,1774.2,305.3972
1653647340000,1774.19,1776.41,1774.19,1775.17,273.36
1653647400000,1775.17,1775.98,1774.47,1774.84,279.7645
1653647460000,1774.84,1774.84,1771.94,1772.05,289.9992
1653647520000,1772.06,1773.71,1771.32,1771.54,467.2982
1653647580000,1771.55,1771.55,1768.35,1769.09,1369.9996
1653647640000,1769.1,1771.66,1767.62,1768.61,1034.5959
1653647700000,1768.6,1770.32,1767.73,1769.59,1056.3276
1653647760000,1769.59,1770.27,1768.2,1768.42,518.113
1653647820000,1768.41,1770.74,1767.77,1770.12,473.3687
1653647880000,1770.12,1770.45,1768.23,1769.24,473.9609
1653647940000,1769.24,1771.6,1768.6,1769.24,347.4214
1653648000000,1769.23,1769.87,1769.0,1769.74,336.6936
1653648060000,1769.73,1771.6,1769.73,1770.89,470.6722
1653648120000,1770.89,1770.9,1768.8,1769.42,329.8222
1653648180000,1769.42,1769.42,1766.53,1766.54,650.0839
1653648240000,1766.53,1769.12,1765.36,1767.52,1064.1363
1653648300000,1767.51,1769.32,1765.29,1767.74,589.3605
1653648360000,1767.74,1769.0,1767.04,1768.99,156.4133
1653648420000,1768.99,1769.32,1768.14,1768.72,260.8933
1653648480000,1768.72,1768.72,1766.42,1766.73,253.7145
1653648540000,1766.73,1767.28,1764.18,1764.24,410.7036
1653648600000,1764.24,1767.36,1763.35,1763.45,923.5414
1653648660000,1763.44,1766.08,1763.25,1764.42,432.6792
1653648720000,1764.43,1766.13,1763.53,1763.54,476.682
1653648780000,1763.53,1765.99,1763.42,1765.17,567.5068
1653648840000,1765.17,1767.16,1765.16,1765.67,442.0109
1653648900000,1765.68,1769.04,1765.47,1765.73,637.3859
1653648960000,1765.73,1766.04,1758.48,1759.12,1041.7257
1653649020000,1759.11,1760.45,1757.37,1760.44,886.5282
1653649080000,1760.45,1761.47,1758.0,1761.46,747.2343
1653649140000,1761.45,1763.07,1757.65,1759.57,1317.2918
1653649200000,1759.56,1761.15,1757.24,1758.35,787.2508
1653649260000,1758.35,1761.69,1756.08,1761.69,1835.7993
1653649320000,1761.68,1762.68,1759.55,1760.72,775.512
1653649380000,1760.72,1766.09,1760.59,1764.84,1021.1274
1653649440000,1764.84,1767.12,1763.31,1764.39,2469.0237
1653649500000,1764.39,1766.41,1762.43,1764.74,1684.926
1653649560000,1764.74,1764.85,1762.74,1762.75,1472.1837
1653649620000,1762.76,1769.82,1762.07,1767.98,4702.5873
1653649680000,1767.97,1769.48,1767.51,1768.06,454.6271
1653649740000,1768.06,1768.07,1763.39,1767.06,1441.1418
1653649800000,1767.07,1767.07,1765.07,1765.09,410.8085
1653649860000,1765.09,1768.81,1764.83,1768.18,392.2238
1653649920000,1768.18,1770.0,1768.16,1770.0,482.7043
1653649980000,1769.99,1772.59,1769.99,1771.74,303.307
1653650040000,1771.75,1772.94,1770.49,1772.39,398.6254
1653650100000,1772.38,1774.73,1771.62,1773.24,837.6861
1653650160000,1773.24,1773.25,1769.95,1770.49,261.5103
1653650220000,1770.5,1770.5,1768.52,1768.54,203.4527
1653650280000,1768.54,1770.0,1768.53,1769.99,164.9642
1653650340000,1770.0,1770.01,1768.44,1769.16,311.0355
1653650400000,1769.16,1769.17,1766.79,1768.75,344.6717
1653650460000,1768.75,1769.24,1766.7,1769.23,431.595
1653650520000,1769.24,1772.78,1769.23,1772.6,520.9123
1653650580000,1772.6,1772.89,1770.28,1770.34,405.2238
1653650640000,1770.34,1776.6,1770.34,1776.6,3151.6431
1653650700000,1776.59,1781.0,1776.0,1780.4,2390.2175
1653650760000,1780.4,1784.8,1779.69,1783.21,1066.6514
1653650820000,1783.2,1785.69,1783.17,1784.32,1175.131
1653650880000,1784.31,1784.44,1781.1,1781.64,742.3549
1653650940000,1781.65,1787.43,1780.79,1786.81,1210.4584
1653651000000,1786.82,1788.75,1785.75,1787.58,1383.2322
1653651060000,1787.59,1787.73,1782.15,1783.68,936.5592
1653651120000,1783.68,1786.35,1782.84,1783.03,499.6177
1653651180000,1783.03,1784.37,1782.76,1783.72,451.8286
1653651240000,1783.72,1784.57,1780.26,1780.83,1025.7159
1653651300000,1780.82,1782.16,1780.8,1781.85,261.6436
1653651360000,1781.85,1783.09,1781.14,1783.09,216.867
1653651420000,1783.09,1783.09,1780.88,1781.43,681.7338
1653651480000,1781.43,1784.93,1779.79,1780.39,974.4893
1653651540000,1780.39,1782.25,1780.38,1780.7,538.0288
1653651600000,1780.69,1783.19,1779.98,1782.06,522.9996
1653651660000,1782.06,1783.38,1782.05,1782.22,350.0678
1653651720000,1782.22,1783.48,1780.01,1781.03,473.3132
1653651780000,1781.03,1781.04,1778.43,1778.53,419.4174
1653651840000,1778.53,1778.68,1776.51,1777.41,667.8739
1653651900000,1777.41,1778.95,1775.0,1775.0,894.793
1653651960000,1775.01,1775.4,1772.26,1773.56,781.2001
1653652020000,1773.56,1774.85,1773.0,1773.01,366.024
1653652080000,1773.0,1776.4,1772.8,1775.48,840.7744
1653652140000,1775.49,1775.49,1773.67,1774.47,305.3696
1653652200000,1774.47,1775.49,1772.56,1772.6,348.742
1653652260000,1772.6,1775.94,1772.6,1774.47,473.9485
1653652320000,1774.48,1774.48,1769.3,1773.37,1511.0443
1653652380000,1773.38,1774.0,1771.22,1773.14,557.752
1653652440000,1773.14,1773.27,1769.92,1770.02,705.4349
1653652500000,1770.02,1771.97,1769.88,1771.0,427.9256
1653652560000,1771.0,1773.67,1770.78,1773.12,572.4851
1653652620000,1773.13,1773.76,1771.45,1771.73,292.5028
1653652680000,1771.74,1771.74,1769.42,1769.65,272.2494
1653652740000,1769.65,1773.0,1769.51,1771.25,786.0607
1653652800000,1771.26,1771.26,1765.01,1765.83,1942.4877
1653652860000,1765.82,1766.87,1764.81,1765.11,525.8347
1653652920000,1765.12,1767.3,1763.28,1767.11,578.6244
1653652980000,1767.1,1767.96,1765.75,1767.68,430.2709
1653653040000,1767.68,1769.8,1767.01,1767.55,333.4824
1653653100000,1767.55,1773.95,1767.32,1772.07,777.8914
1653653160000,1772.07,1775.12,1771.67,1772.46,676.1514
1653653220000,1772.47,1774.66,1772.46,1774.04,259.5789
1653653280000,1774.04,1774.93,1773.76,1773.86,180.2064
1653653340000,1773.86,1773.87,1772.77,1773.69,275.2746
1653653400000,1773.68,1775.26,1773.68,1774.67,477.66
1653653460000,1774.68,1774.68,1771.2,1773.22,519.8688
1653653520000,1773.21,1773.62,1770.67,1770.68,263.9087
1653653580000,1770.67,1772.55,1770.42,1771.6,284.5223
1653653640000,1771.59,1776.14,1771.58,1776.11,834.1955
1653653700000,1776.1,1776.11,1772.27,1773.66,517.9199
1653653760000,1773.67,1773.67,1771.28,1771.8,421.9288
1653653820000,1771.81,1775.62,1771.18,1775.57,542.9669
1653653880000,1775.57,1780.7,1774.92,1780.05,1068.0669
1653653940000,1780.04,1784.07,1779.7,1783.24,812.99
1653654000000,1783.25,1787.6,1783.18,1786.41,1212.6057
1653654060000,1786.41,1791.89,1785.12,1789.79,2478.5564
1653654120000,1789.8,1796.0,1789.46,1794.09,3604.6557
1653654180000,1794.09,1794.09,1791.1,1792.44,529.261
1653654240000,1792.43,1795.62,1792.43,1792.68,933.369
1653654300000,1792.68,1795.28,1790.14,1794.38,3000.2778
1653654360000,1794.39,1797.56,1792.1,1794.07,1344.6867
1653654420000,1794.06,1794.92,1790.77,1790.78,494.3653
1653654480000,1790.77,1791.57,1786.0,1791.35,760.3494
1653654540000,1791.35,1793.83,1787.94,1788.94,1418.1063
1653654600000,1788.93,1808.14,1784.5,1802.86,7372.0175
1653654660000,1802.83,1805.99,1790.66,1791.15,2983.3292
1653654720000,1791.14,1794.33,1788.26,1793.28,1280.758
1653654780000,1793.27,1795.68,1792.65,1794.92,1022.1761
1653654840000,1794.91,1800.39,1794.44,1800.13,920.7326
1653654900000,1800.13,1804.6,1797.12,1802.72,1931.8421
1653654960000,1802.72,1807.49,1802.26,1806.19,2839.7743
1653655020000,1806.18,1813.3,1805.5,1807.88,5264.0959
1653655080000,1807.88,1808.51,1806.39,1807.22,1097.4442
1653655140000,1807.21,1811.65,1806.84,1811.65,550.4745
1653655200000,1811.64,1813.99,1807.4,1812.36,1662.2756
1653655260000,1812.36,1820.12,1810.0,1816.53,3400.6899
1653655320000,1816.52,1819.93,1812.5,1817.64,3702.3292
1653655380000,1817.64,1821.5,1814.41,1818.89,2332.5938
1653655440000,1818.89,1820.94,1817.77,1818.75,1742.2203
1653655500000,1818.76,1819.71,1815.05,1818.32,1351.8688
1653655560000,1818.33,1822.22,1815.46,1821.41,3188.6413
1653655620000,1821.41,1822.26,1819.11,1820.01,918.8104
1653655680000,1820.01,1820.41,1815.83,1819.19,951.5811
1653655740000,1819.19,1821.73,1815.7,1821.18,2209.7282
1653655800000,1821.17,1821.85,1816.62,1819.69,826.6137
1653655860000,1819.69,1819.69,1816.14,1816.24,680.8418
1653655920000,1816.23,1816.97,1811.01,1813.68,1827.3529
1653655980000,1813.68,1814.82,1810.33,1810.92,572.1291
1653656040000,1810.92,1812.66,1810.11,1812.04,593.1209
1653656100000,1812.04,1812.27,1811.04,1811.58,398.0038
1653656160000,1811.58,1811.59,1807.05,1807.87,702.9481
1653656220000,1807.88,1809.46,1807.44,1809.45,691.5908
1653656280000,1809.45,1812.27,1809.45,1810.16,462.8522
1653656340000,1810.16,1813.68,1810.15,1812.23,453.7159
1653656400000,1812.24,1814.0,1810.96,1812.67,489.0782
1653656460000,1812.67,1812.7,1809.0,1810.88,383.998
1653656520000,1810.87,1812.35,1810.12,1810.12,484.0231
1653656580000,1810.12,1810.85,1806.49,1807.22,547.8073
1653656640000,1807.21,1807.21,1804.36,1805.71,506.5785
1653656700000,1805.72,1806.2,1804.2,1804.33,399.3205
1653656760000,1804.33,1807.19,1804.33,1805.17,258.1948
1653656820000,1805.18,1806.76,1805.17,1806.33,415.949
1653656880000,1806.33,1806.91,1804.35,1806.1,496.4146
1653656940000,1806.09,1806.6,1804.46,1805.14,397.6412
1653657000000,1805.14,1806.64,1803.76,1804.34,568.2158
1653657060000,1804.34,1806.0,1803.7,1803.73,616.0972
1653657120000,1803.73,1806.67,1803.7,1805.4,448.6743
1653657180000,1805.41,1805.77,1803.9,1805.76,298.8592
1653657240000,1805.76,1810.21,1805.76,1807.65,1173.0481
1653657300000,1807.66,1811.22,1807.65,1809.33,574.1812
1653657360000,1809.34,1809.69,1808.37,1808.86,310.3643
1653657420000,1808.86,1812.84,1808.85,1810.71,512.4083
1653657480000,1810.72,1812.65,1807.13,1807.14,833.6974
1653657540000,1807.14,1807.44,1804.34,1804.35,627.25
1653657600000,1804.34,1805.09,1803.28,1803.65,592.7369
1653657660000,1803.65,1806.49,1802.22,1803.61,1411.0855
1653657720000,1803.61,1804.45,1803.41,1804.26,189.9217
1653657780000,1804.27,1804.27,1797.64,1797.65,1147.2841
1653657840000,1797.65,1798.86,1795.01,1795.17,1139.0824
1653657900000,1795.17,1797.41,1795.0,1795.0,605.2041
1653657960000,1795.0,1798.3,1795.0,1797.48,303.1511
1653658020000,1797.48,1799.45,1796.84,1798.0,493.9301
1653658080000,1798.01,1799.4,1797.38,1797.47,183.323
1653658140000,1797.46,1799.75,1797.2,1797.47,475.2615
1653658200000,1797.46,1807.12,1796.7,1807.12,1918.3963
1653658260000,1807.12,1812.63,1805.2,1810.1,1799.0843
1653658320000,1810.09,1810.09,1805.3,1809.52,1050.546
1653658380000,1809.52,1811.66,1807.66,1809.71,2178.1345
1653658440000,1809.72,1810.23,1799.87,1799.87,1302.9118
1653658500000,1799.87,1803.9,1797.94,1803.89,1092.616
1653658560000,1803.89,1809.76,1802.48,1806.94,749.0107
1653658620000,1806.94,1808.19,1803.24,1803.6,1059.5779
1653658680000,1803.6,1810.1,1803.59,1808.47,1032.128
1653658740000,1808.47,1809.64,1806.66,1808.6,1429.8795
1653658800000,1808.6,1811.86,1807.49,1810.05,1035.5105
1653658860000,1810.05,1814.78,1809.12,1809.44,1146.4
1653658920000,1809.44,1811.38,1804.0,1804.83,1285.6514
1653658980000,1804.82,1807.73,1803.17,1805.52,915.887
1653659040000,1805.53,1805.53,1801.7,1802.09,1043.6137
1653659100000,1802.09,1805.85,1801.4,1801.4,1117.4976
1653659160000,1801.41,1802.67,1797.27,1797.93,1326.8165
1653659220000,1797.93,1803.32,1797.92,1803.13,737.2141
1653659280000,1803.14,1808.18,1803.13,1808.02,950.984
1653659340000,1808.03,1810.27,1807.86,1809.04,1407.3271
1653659400000,1809.16,1812.13,1806.31,1810.9,546.1099
1653659460000,1810.89,1813.79,1808.99,1813.0,766.5628
1653659520000,1813.0,1813.61,1810.0,1812.2,1164.3291
1653659580000,1812.2,1815.64,1809.61,1815.19,1246.1574
1653659640000,1815.2,1818.99,1814.46,1818.16,1657.2614
1653659700000,1818.17,1821.0,1816.71,1819.44,1392.4499
1653659760000,1819.44,1820.47,1818.29,1819.8,1184.7441
1653659820000,1819.79,1820.29,1816.74,1818.51,885.6414
1653659880000,1818.52,1820.0,1815.71,1815.93,781.7711
1653659940000,1815.94,1816.77,1813.79,1815.32,622.5306
1653660000000,1815.32,1817.59,1812.66,1813.71,1101.1537
1653660060000,1813.72,1813.92,1811.04,1811.83,968.182
1653660120000,1811.84,1814.67,1811.5,1813.59,573.9794
1653660180000,1813.6,1817.1,1813.0,1814.09,912.3958
1653660240000,1814.1,1814.1,1811.45,1811.92,318.0747
1653660300000,1811.91,1812.98,1809.5,1810.16,532.4985
1653660360000,1810.15,1810.3,1806.84,1808.18,582.9138
1653660420000,1808.18,1808.53,1802.42,1803.51,596.3794
1653660480000,1803.51,1803.51,1800.4,1801.8,735.3676
1653660540000,1801.79,1802.63,1800.0,1801.11,725.6636
1653660600000,1801.11,1802.66,1800.0,1801.81,1226.6936
1653660660000,1801.8,1805.17,1801.75,1804.8,1176.3543
1653660720000,1804.8,1805.54,1800.39,1801.09,929.1483
1653660780000,1801.09,1801.88,1798.96,1800.77,857.4205
1653660840000,1800.76,1802.51,1800.28,1800.45,429.5787
1653660900000,1800.45,1802.47,1797.74,1799.4,787.7611
1653660960000,1799.39,1800.54,1796.13,1796.32,957.8847
1653661020000,1796.32,1797.67,1795.0,1796.32,685.6204
1653661080000,1796.32,1796.62,1795.21,1795.68,602.7474
1653661140000,1795.68,1796.8,1793.9,1796.64,884.9369
1653661200000,1796.64,1796.64,1794.42,1795.62,486.7954
1653661260000,1795.62,1796.74,1794.45,1796.34,722.8411
1653661320000,1796.33,1799.91,1796.08,1799.46,594.594
1653661380000,1799.45,1802.27,1799.45,1800.77,602.1297
1653661440000,1800.78,1803.9,1800.42,1802.21,894.3011
1653661500000,1802.2,1806.53,1802.02,1803.62,1005.2235
1653661560000,1803.61,1803.62,1802.0,1802.16,366.6109
1653661620000,1802.17,1802.54,1801.36,1801.36,165.8605
1653661680000,1801.36,1801.62,1797.56,1798.63,749.8467
1653661740000,1798.64,1798.64,1796.4,1797.58,467.2191
1653661800000,1797.58,1798.0,1796.19,1797.34,604.2496
1653661860000,1797.34,1797.49,1793.42,1793.42,598.9885
1653661920000,1793.42,1794.67,1792.0,1792.8,1054.9931
1653661980000,1792.79,1793.16,1787.98,1789.2,1804.3257
1653662040000,1789.21,1789.21,1785.89,1786.78,1033.0567
1653662100000,1786.79,1786.88,1780.01,1782.28,2381.315
1653662160000,1782.28,1785.24,1782.0,1785.24,462.9789
1653662220000,1785.23,1788.33,1785.23,1788.32,442.772
1653662280000,1788.31,1790.0,1788.29,1788.86,393.8112
1653662340000,1788.87,1791.08,1788.0,1791.07,622.789
1653662400000,1791.07,1791.43,1787.75,1788.02,601.4008
1653662460000,1788.03,1789.73,1787.16,1787.58,614.69
1653662520000,1787.59,1787.59,1783.44,1783.65,600.5405
1653662580000,1783.64,1784.93,1780.01,1781.39,1074.6224
1653662640000,1781.4,1782.37,1775.4,1776.46,1505.6363
1653662700000,1776.46,1781.2,1776.38,1778.24,1183.874
1653662760000,1778.23,1778.3,1772.15,1774.57,1980.6833
1653662820000,1774.57,1774.66,1767.78,1772.25,1424.5181
1653662880000,1772.24,1775.78,1769.1,1769.61,1497.2291
1653662940000,1769.61,1772.16,1767.0,1772.15,2128.8437
1653663000000,1772.16,1773.28,1766.39,1771.93,2263.8261
1653663060000,1771.94,1772.42,1767.24,1769.18,1173.8223
1653663120000,1769.18,1770.19,1763.0,1765.32,1485.9321
1653663180000,1765.33,1770.29,1764.47,1768.01,1756.9954
1653663240000,1767.93,1772.22,1767.56,1771.48,1292.8481
1653663300000,1771.48,1773.82,1768.79,1770.11,853.7877
1653663360000,1770.11,1770.81,1765.66,1767.05,573.0263
1653663420000,1767.06,1771.66,1765.73,1770.49,398.2537
1653663480000,1770.49,1770.95,1767.67,1768.08,744.5662
1653663540000,1768.08,1768.99,1766.74,1768.47,360.0833
1653663600000,1768.47,1771.24,1767.02,1767.02,983.167
1653663660000,1767.02,1768.66,1762.61,1762.94,1359.0373
1653663720000,1762.94,1763.01,1757.27,1757.66,2100.2226
1653663780000,1757.65,1762.9,1755.78,1762.89,1175.0531
1653663840000,1762.89,1766.51,1759.7,1761.06,1235.7735
1653663900000,1761.06,1761.95,1755.75,1759.23,2102.1291
1653663960000,1759.24,1766.73,1759.23,1765.62,1327.7491
1653664020000,1765.62,1766.33,1762.52,1763.46,472.4857
1653664080000,1763.47,1763.47,1760.78,1761.0,491.3531
1653664140000,1761.01,1763.95,1758.16,1761.11,1099.2662
1653664200000,1761.11,1767.44,1761.11,1766.42,1196.3708
1653664260000,1766.42,1767.78,1766.42,1766.45,483.3983
1653664320000,1766.45,1767.25,1764.1,1764.72,537.9262
1653664380000,1764.87,1765.99,1762.19,1762.41,732.4513
1653664440000,1762.4,1763.96,1760.41,1762.4,599.9044
1653664500000,1762.39,1767.0,1760.01,1765.13,1416.6177
1653664560000,1765.01,1771.89,1764.97,1770.93,1067.9779
1653664620000,1770.93,1779.55,1770.92,1777.4,2029.3157
1653664680000,1777.4,1777.4,1773.74,1774.68,660.5466
1653664740000,1774.68,1774.96,1771.35,1772.14,530.9547
1653664800000,1772.13,1772.14,1765.18,1766.21,1068.2683
1653664860000,1766.21,1771.23,1765.68,1770.73,592.8318
1653664920000,1770.72,1771.39,1767.84,1770.34,755.4036
1653664980000,1770.34,1770.34,1766.68,1769.9,886.804
1653665040000,1769.9,1770.11,1766.88,1767.48,621.372
1653665100000,1767.47,1768.0,1764.49,1767.57,522.7088
1653665160000,1767.58,1767.58,1765.01,1765.68,469.6576
1653665220000,1765.68,1772.86,1765.68,1770.69,2446.7206
1653665280000,1770.69,1772.98,1767.8,1769.62,1481.0547
1653665340000,1769.62,1773.04,1767.64,1771.24,940.2026
1653665400000,1771.25,1775.19,1770.97,1774.3,1005.7706
1653665460000,1774.31,1776.82,1773.81,1776.58,822.9375
1653665520000,1776.58,1778.91,1776.0,1778.9,1058.9982
1653665580000,1778.9,1778.91,1774.9,1775.19,471.6456
1653665640000,1775.19,1775.19,1772.01,1773.64,511.0675
1653665700000,1773.64,1777.58,1772.14,1776.9,850.5815
1653665760000,1776.91,1777.22,1774.36,1774.37,1006.1517
1653665820000,1774.34,1774.37,1772.84,1774.07,563.8928
1653665880000,1774.07,1774.07,1772.2,1772.94,215.4418
1653665940000,1772.93,1773.49,1769.58,1769.67,370.5025
1653666000000,1769.67,1771.48,1767.63,1771.11,565.3304
1653666060000,1771.11,1773.0,1769.88,1772.97,303.3596
1653666120000,1772.98,1776.99,1772.03,1776.21,908.0196
1653666180000,1776.22,1776.22,1774.0,1774.17,536.8777
1653666240000,1774.16,1774.37,1772.31,1773.52,439.1244
1653666300000,1773.52,1777.42,1772.26,1775.72,1123.427
1653666360000,1775.72,1776.12,1774.11,1774.12,446.8011
1653666420000,1774.11,1774.54,1772.91,1773.85,485.7927
1653666480000,1773.85,1775.99,1773.19,1775.04,619.2948
1653666540000,1775.04,1777.0,1773.41,1776.81,385.2889
1653666600000,1776.8,1777.0,1772.9,1772.91,372.7707
1653666660000,1772.91,1774.15,1772.45,1774.15,355.4743
1653666720000,1774.15,1774.69,1772.89,1773.46,550.7306
1653666780000,1773.47,1773.47,1770.39,1770.43,568.7664
1653666840000,1770.43,1773.25,1770.43,1771.48,356.7786
1653666900000,1771.47,1771.75,1767.92,1768.22,473.8082
1653666960000,1768.23,1768.23,1765.12,1765.19,520.4799
1653667020000,1765.19,1766.67,1760.0,1760.9,1717.8957
1653667080000,1760.89,1764.16,1760.89,1763.44,1146.3753
1653667140000,1763.44,1765.84,1763.38,1764.33,299.4594
1653667200000,1764.34,1765.27,1761.7,1761.7,943.9021
1653667260000,1761.7,1768.54,1761.7,1768.39,636.7982
1653667320000,1768.38,1769.0,1764.9,1764.9,701.5083
1653667380000,1764.91,1765.09,1759.7,1760.01,1197.0046
1653667440000,1760.02,1761.84,1758.66,1758.66,387.3964
1653667500000,1758.67,1759.0,1756.79,1756.99,738.7329
1653667560000,1756.99,1759.02,1752.55,1755.63,2109.4646
1653667620000,1755.62,1756.72,1752.64,1755.0,921.0357
1653667680000,1754.99,1755.43,1750.48,1750.89,897.7195
1653667740000,1750.88,1757.26,1750.72,1756.74,863.6057
1653667800000,1756.73,1766.46,1756.73,1765.84,1320.7909
1653667860000,1765.83,1774.56,1765.83,1774.54,2080.174
1653667920000,1774.55,1774.55,1769.43,1771.2,1173.022
1653667980000,1771.21,1771.21,1767.89,1767.97,331.1058
1653668040000,1767.96,1770.38,1767.75,1768.02,711.423
1653668100000,1768.03,1768.03,1762.75,1763.65,375.926
1653668160000,1763.65,1763.65,1759.52,1761.21,1108.315
1653668220000,1761.21,1763.75,1759.69,1760.3,624.8632
1653668280000,1760.29,1763.32,1760.19,1761.11,350.0633
1653668340000,1761.12,1761.88,1759.01,1761.7,361.1254
1653668400000,1761.71,1763.36,1760.0,1760.01,438.0964
1653668460000,1760.0,1761.0,1758.04,1758.11,370.8318
1653668520000,1758.12,1760.24,1753.07,1753.07,948.6805
1653668580000,1753.08,1754.86,1751.28,1753.26,879.0783
1653668640000,1753.26,1755.84,1750.61,1753.36,822.938
1653668700000,1753.35,1754.76,1752.03,1754.76,431.9226
1653668760000,1754.76,1755.65,1753.13,1753.14,729.983
1653668820000,1753.13,1754.27,1752.57,1753.24,330.7541
1653668880000,1753.25,1756.31,1751.01,1751.27,942.2283
1653668940000,1751.27,1752.13,1748.34,1749.32,1609.5949
1653669000000,1749.31,1752.47,1745.08,1752.2,1591.7944
1653669060000,1752.2,1754.18,1750.76,1750.77,875.9983
1653669120000,1750.76,1751.34,1748.09,1749.71,787.773
1653669180000,1749.71,1752.7,1748.13,1752.7,573.0227
1653669240000,1752.7,1754.56,1752.2,1754.01,744.6324
1653669300000,1754.0,1754.24,1750.83,1751.68,571.0173
1653669360000,1751.68,1754.58,1748.28,1754.58,955.4304
1653669420000,1754.58,1758.32,1753.78,1754.73,973.1886
1653669480000,1754.73,1754.74,1750.27,1752.32,655.6313
1653669540000,1752.32,1756.96,1752.31,1753.19,500.5358
1653669600000,1753.18,1756.23,1753.18,1755.89,347.6266
1653669660000,1755.88,1758.62,1755.6,1758.6,553.2901
1653669720000,1758.6,1758.6,1755.66,1756.03,740.6485
1653669780000,1756.02,1756.66,1755.25,1756.65,224.5593
1653669840000,1756.65,1756.66,1753.12,1754.51,736.6055
1653669900000,1754.5,1758.25,1753.43,1756.64,684.7476
1653669960000,1756.63,1760.32,1756.63,1758.92,586.6237
1653670020000,1758.91,1759.42,1757.0,1758.91,367.0337
1653670080000,1758.91,1758.91,1757.5,1757.58,258.7268
1653670140000,1757.57,1758.09,1755.45,1756.4,431.2098
1653670200000,1756.4,1757.78,1754.0,1754.01,261.3379
1653670260000,1754.0,1755.09,1752.11,1752.27,458.6363
1653670320000,1752.27,1752.85,1747.78,1747.84,548.2562
1653670380000,1747.84,1749.45,1738.63,1739.62,3311.4996
1653670440000,1739.62,1744.11,1739.45,1743.18,866.2006
1653670500000,1743.19,1745.21,1741.99,1742.68,781.4439
1653670560000,1742.69,1745.36,1742.68,1745.25,302.912
1653670620000,1745.25,1745.43,1742.92,1743.24,424.1799
1653670680000,1743.23,1745.34,1742.4,1745.03,439.2957
1653670740000,1745.02,1748.74,1745.02,1746.46,666.3533
1653670800000,1746.46,1748.22,1744.32,1746.99,492.8433
1653670860000,1746.99,1748.68,1746.78,1748.57,444.5219
1653670920000,1748.56,1748.8,1746.0,1746.01,324.2207
1653670980000,1746.01,1746.01,1742.76,1745.19,785.1892
1653671040000,1745.19,1752.58,1744.62,1752.58,639.0466
1653671100000,1752.57,1752.63,1749.47,1750.49,637.7736
1653671160000,1750.49,1754.1,1749.1,1753.36,581.5908
1653671220000,1753.36,1754.41,1751.35,1753.29,572.9697
1653671280000,1753.3,1754.16,1752.28,1753.67,474.534
1653671340000,1753.67,1756.14,1752.8,1755.85,277.2805
1653671400000,1755.86,1758.18,1753.39,1756.05,883.0837
1653671460000,1756.06,1758.51,1755.15,1755.56,815.2043
1653671520000,1755.57,1755.57,1752.55,1753.7,642.3479
1653671580000,1753.7,1754.07,1751.6,1753.66,599.3015
1653671640000,1753.66,1754.57,1751.33,1753.79,368.7089
1653671700000,1753.78,1754.25,1750.69,1753.67,640.2034
1653671760000,1753.66,1754.24,1745.86,1747.22,1261.9212
1653671820000,1747.22,1748.07,1741.65,1741.66,1015.2374
1653671880000,1741.65,1741.95,1730.98,1734.08,4413.4667
1653671940000,1734.08,1739.4,1733.58,1739.15,1098.5894
1653672000000,1739.15,1739.78,1734.73,1736.23,1017.6995
1653672060000,1736.24,1736.24,1733.41,1734.84,694.5841
1653672120000,1734.83,1734.84,1727.64,1732.66,3533.7425
1653672180000,1732.66,1732.75,1726.14,1730.41,1795.5222
1653672240000,1730.42,1734.95,1730.42,1731.75,940.5794
1653672300000,1731.76,1741.39,1731.75,1737.65,2091.2351
1653672360000,1737.65,1744.85,1737.62,1743.91,1606.3374
1653672420000,1743.92,1748.57,1743.08,1743.5,1131.8923
1653672480000,1743.49,1746.73,1742.0,1745.7,755.4505
1653672540000,1745.71,1747.34,1742.39,1743.99,676.9535
1653672600000,1743.99,1747.71,1741.0,1747.04,865.6025
1653672660000,1747.04,1747.6,1744.0,1744.0,512.5248
1653672720000,1744.01,1744.13,1741.83,1743.03,482.4497
1653672780000,1743.03,1743.03,1737.24,1737.56,1379.3558
1653672840000,1737.56,1737.81,1730.54,1734.18,1657.3623
1653672900000,1734.17,1735.91,1731.68,1735.54,943.5533
1653672960000,1735.54,1739.78,1735.53,1737.79,922.5356
1653673020000,1737.78,1737.84,1731.02,1734.68,1715.5351
1653673080000,1734.67,1736.3,1732.26,1734.22,622.2029
1653673140000,1734.22,1739.19,1734.22,1737.01,547.4749
1653673200000,1737.01,1739.16,1733.16,1738.41,776.8937
1653673260000,1738.41,1740.47,1735.27,1735.53,778.0895
1653673320000,1735.53,1736.98,1734.1,1736.18,448.9456
1653673380000,1736.19,1738.21,1732.53,1733.12,601.2
1653673440000,1733.12,1736.91,1730.85,1733.71,1298.1704
1653673500000,1733.71,1736.33,1729.63,1735.05,2559.478
1653673560000,1735.05,1737.6,1732.21,1732.29,1039.0214
1653673620000,1732.29,1734.61,1731.16,1734.16,807.2674
1653673680000,1734.16,1736.92,1732.6,1734.91,555.8313
1653673740000,1734.92,1737.0,1733.11,1735.18,648.4668
1653673800000,1735.19,1739.83,1734.44,1738.13,646.9266
1653673860000,1738.13,1742.44,1737.27,1737.68,1031.0531
1653673920000,1737.68,1740.6,1734.69,1736.18,1469.5729
1653673980000,1736.19,1738.89,1735.25,1737.05,798.0647
1653674040000,1737.04,1737.19,1734.34,1734.62,437.6781
1653674100000,1734.62,1734.86,1731.12,1731.18,1184.9125
1653674160000,1731.19,1731.76,1725.32,1730.35,1630.2072
1653674220000,1730.35,1733.99,1727.81,1733.57,1227.5698
1653674280000,1733.58,1733.69,1728.44,1729.42,958.7755
1653674340000,1729.42,1732.38,1726.85,1732.38,808.0787
1653674400000,1732.37,1732.43,1726.28,1726.35,863.9829
1653674460000,1726.35,1732.73,1723.78,1731.59,1610.9693
1653674520000,1731.59,1734.54,1730.57,1730.9,1536.6305
1653674580000,1730.89,1733.91,1730.27,1733.81,607.834
1653674640000,1733.8,1736.85,1732.52,1735.8,821.6719
1653674700000,1735.81,1736.47,1732.5,1734.49,741.7357
1653674760000,1734.49,1735.11,1732.68,1734.15,324.6474
1653674820000,1734.15,1736.48,1731.91,1732.31,949.1008
1653674880000,1732.3,1735.5,1731.34,1735.2,729.6422
1653674940000,1735.2,1735.5,1730.95,1734.13,701.0704
1653675000000,1734.12,1735.23,1731.77,1734.92,815.0457
1653675060000,1734.92,1735.08,1734.0,1734.67,303.5255
1653675120000,1734.67,1734.67,1730.88,1732.32,666.6686
1653675180000,1732.32,1733.31,1727.44,1729.24,1631.1407
1653675240000,1729.25,1729.51,1726.13,1727.08,899.7209
1653675300000,1727.09,1729.75,1725.55,1726.1,662.2546
1653675360000,1726.1,1730.86,1725.88,1730.65,542.4184
1653675420000,1730.66,1731.36,1721.64,1722.83,1784.8183
1653675480000,1722.83,1726.13,1721.63,1725.66,1370.4148
1653675540000,1725.66,1728.07,1725.65,1726.36,485.8016
1653675600000,1726.36,1729.5,1726.22,1728.09,493.0927
1653675660000,1728.1,1730.44,1723.49,1723.5,2641.809
1653675720000,1723.5,1727.61,1723.03,1724.32,952.3009
1653675780000,1724.32,1728.99,1724.22,1728.11,929.274
1653675840000,1728.11,1728.25,1726.7,1727.33,319.2532
1653675900000,1727.32,1727.33,1722.95,1723.0,1190.4976
1653675960000,1723.0,1725.92,1723.0,1724.18,311.6546
1653676020000,1724.19,1724.55,1721.25,1722.56,949.634
1653676080000,1722.55,1724.32,1721.31,1722.65,658.0386
1653676140000,1722.66,1724.32,1721.73,1724.31,369.5136
1653676200000,1724.31,1725.94,1723.0,1725.58,768.28
1653676260000,1725.59,1726.93,1724.08,1724.34,700.5373
1653676320000,1724.34,1728.03,1723.91,1725.13,1003.3992
1653676380000,1725.13,1727.38,1725.0,1727.25,486.9259
1653676440000,1727.25,1729.87,1725.61,1728.73,735.8225
1653676500000,1728.72,1732.05,1727.08,1731.99,915.0943
1653676560000,1731.98,1732.21,1730.9,1731.4,642.8295
1653676620000,1731.4,1732.81,1731.4,1731.64,457.5537
1653676680000,1731.65,1734.19,1730.53,1732.0,1060.7822
1653676740000,1731.99,1732.75,1728.19,1730.0,1420.8118
1653676800000,1730.01,1732.0,1726.22,1727.65,2657.4827
1653676860000,1727.66,1727.81,1719.52,1719.53,1430.4773
1653676920000,1719.52,1722.79,1716.17,1716.91,2373.9686
1653676980000,1716.92,1719.2,1715.4,1716.35,1168.2668
1653677040000,1716.35,1720.66,1715.0,1718.85,1092.9901
1653677100000,1718.86,1722.13,1716.99,1717.99,929.1231
1653677160000,1717.99,1719.5,1716.45,1716.89,650.8224
1653677220000,1716.9,1720.5,1716.89,1720.47,840.0274
1653677280000,1720.46,1725.48,1720.46,1724.84,1090.2692
1653677340000,1724.84,1726.0,1722.56,1725.82,756.5508
1653677400000,1725.83,1725.83,1721.26,1721.42,949.6157
1653677460000,1721.42,1725.9,1720.57,1724.77,797.358
1653677520000,1724.78,1726.6,1723.38,1726.48,522.3644
1653677580000,1726.48,1727.8,1725.54,1726.74,792.597
1653677640000,1726.74,1727.04,1725.16,1725.62,509.9077
1653677700000,1725.63,1729.83,1725.42,1729.65,582.2311
1653677760000,1729.64,1731.04,1727.56,1728.64,730.2354
1653677820000,1728.63,1729.5,1727.73,1729.33,316.342
1653677880000,1729.32,1729.33,1725.19,1726.19,669.2256
1653677940000,1726.19,1728.99,1725.08,1728.47,854.3691
1653678000000,1728.47,1730.04,1726.19,1730.01,583.2501
1653678060000,1730.01,1733.5,1729.33,1729.62,1250.8572
1653678120000,1729.62,1730.16,1724.43,1724.98,795.2249
1653678180000,1724.99,1728.01,1723.56,1727.91,614.671
1653678240000,1727.9,1729.0,1727.74,1728.36,367.8185
1653678300000,1728.36,1731.72,1728.12,1730.82,696.0049
1653678360000,1730.83,1731.43,1729.48,1729.48,491.8527
1653678420000,1729.48,1730.01,1727.0,1729.32,412.0821
1653678480000,1729.33,1730.48,1728.48,1730.48,355.5257
1653678540000,1730.48,1730.6,1729.51,1729.62,302.3018
1653678600000,1729.62,1730.23,1726.01,1726.05,527.531
1653678660000,1726.05,1726.75,1722.88,1723.24,534.6961
1653678720000,1723.24,1725.99,1722.99,1725.43,592.207
1653678780000,1725.43,1727.89,1725.26,1726.52,414.6257
1653678840000,1726.53,1727.26,1724.08,1725.18,600.8371
1653678900000,1725.18,1727.74,1725.18,1726.24,462.0478
1653678960000,1726.25,1726.25,1722.61,1724.14,966.9113
1653679020000,1724.14,1724.15,1722.81,1723.07,475.6333
1653679080000,1723.06,1723.94,1721.16,1722.23,637.8595
1653679140000,1722.23,1725.59,1722.18,1723.64,676.0385
1653679200000,1723.64,1724.02,1722.65,1723.89,319.5822
1653679260000,1723.88,1724.36,1722.0,1724.14,378.1333
1653679320000,1724.14,1727.71,1724.14,1726.76,425.9385
1653679380000,1726.76,1728.49,1725.71,1728.31,257.5844
1653679440000,1728.31,1728.44,1726.85,1728.43,217.7035
1653679500000,1728.43,1731.31,1728.43,1731.31,538.7545
1653679560000,1731.3,1731.31,1729.6,1730.42,378.6944
1653679620000,1730.42,1730.42,1728.18,1728.42,318.8339
1653679680000,1728.42,1730.21,1728.41,1729.72,376.7922
1653679740000,1729.72,1731.25,1729.07,1729.07,556.7796
1653679800000,1729.07,1730.38,1727.99,1729.6,594.4464
1653679860000,1729.59,1734.0,1729.59,1733.2,1350.8966
1653679920000,1733.2,1735.0,1732.46,1732.67,797.0824
1653679980000,1732.67,1734.7,1731.0,1733.28,855.7859
1653680040000,1733.29,1733.63,1730.28,1731.17,804.1621
1653680100000,1731.17,1732.03,1730.79,1731.11,386.9824
1653680160000,1731.11,1733.36,1731.03,1731.23,935.1566
1653680220000,1731.15,1732.96,1730.1,1731.02,1017.4732
1653680280000,1731.02,1733.11,1730.49,1732.99,375.6498
1653680340000,1732.98,1737.28,1732.88,1734.15,1580.073
1653680400000,1734.15,1737.2,1732.39,1737.2,971.055
1653680460000,1737.2,1737.93,1734.63,1734.73,875.7389
1653680520000,1734.74,1736.52,1734.32,1736.2,399.0262
1653680580000,1736.2,1737.62,1735.69,1737.62,205.6033
1653680640000,1737.61,1739.18,1737.06,1738.98,618.3225
1653680700000,1738.98,1738.99,1734.46,1735.01,873.3004
1653680760000,1735.01,1735.09,1732.55,1732.57,400.7415
1653680820000,1732.57,1734.51,1731.97,1734.23,513.5095
1653680880000,1734.23,1734.24,1732.75,1733.68,263.5298
1653680940000,1733.67,1742.5,1732.32,1739.78,1604.2302
1653681000000,1739.78,1754.53,1739.78,1748.01,4302.0512
1653681060000,1748.01,1759.92,1746.93,1755.43,2608.637
1653681120000,1755.43,1756.98,1750.39,1752.82,2150.5385
1653681180000,1752.82,1754.0,1750.38,1753.83,1453.214
1653681240000,1753.82,1766.42,1753.82,1766.41,3397.8159
1653681300000,1766.42,1769.98,1760.16,1761.41,2676.4191
1653681360000,1761.4,1763.87,1758.84,1759.86,829.8774
1653681420000,1759.86,1761.3,1753.04,1753.69,1724.9325
1653681480000,1753.69,1756.63,1753.3,1754.76,913.8755
1653681540000,1754.76,1755.62,1752.01,1754.32,759.1177
1653681600000,1754.33,1754.33,1748.05,1750.0,1963.9538
1653681660000,1749.99,1751.86,1744.14,1751.22,2065.6056
1653681720000,1751.23,1752.24,1748.11,1749.46,621.5434
1653681780000,1749.45,1753.91,1749.45,1753.45,597.8219
1653681840000,1753.45,1763.64,1753.31,1763.17,2156.9614
1653681900000,1763.17,1768.0,1762.49,1763.38,1667.9824
1653681960000,1763.37,1766.97,1762.84,1766.81,502.8175
1653682020000,1766.81,1769.5,1763.51,1769.0,1222.7614
1653682080000,1769.01,1772.5,1768.18,1770.41,2110.7931
1653682140000,1770.41,1770.92,1767.6,1769.72,965.591
1653682200000,1769.73,1769.73,1764.79,1765.57,574.4751
1653682260000,1765.58,1767.33,1762.67,1763.45,1349.999
1653682320000,1763.45,1764.38,1762.68,1763.47,608.9978
1653682380000,1763.47,1763.98,1756.7,1759.51,1609.6873
1653682440000,1759.52,1759.52,1752.44,1756.14,1656.2653
1653682500000,1756.15,1758.1,1755.47,1755.54,676.8906
1653682560000,1755.54,1760.92,1755.0,1758.88,609.1241
1653682620000,1758.87,1760.8,1758.15,1759.04,579.3455
1653682680000,1759.04,1759.19,1756.86,1757.43,263.3694
1653682740000,1757.43,1760.32,1757.18,1759.75,661.9563
1653682800000,1759.75,1763.38,1757.11,1757.4,515.9304
1653682860000,1757.4,1762.91,1756.91,1762.8,799.8873
1653682920000,1762.8,1764.62,1762.03,1764.62,566.0076
1653682980000,1764.62,1766.11,1762.66,1763.99,747.8064
1653683040000,1764.0,1765.8,1763.35,1765.8,464.8013
1653683100000,1765.79,1765.87,1762.84,1764.18,449.2022
1653683160000,1764.18,1764.41,1762.68,1763.11,202.2394
1653683220000,1763.1,1763.94,1762.19,1762.98,231.3821
1653683280000,1762.99,1764.2,1762.32,1762.37,456.1573
1653683340000,1762.37,1764.0,1760.6,1763.32,582.3739
1653683400000,1763.32,1763.32,1759.56,1759.59,753.8805
1653683460000,1759.59,1760.02,1758.31,1760.02,501.5107
1653683520000,1760.02,1762.55,1760.01,1761.88,357.0491
1653683580000,1761.89,1763.0,1761.0,1761.0,323.6603
1653683640000,1761.0,1761.18,1757.17,1759.48,502.0098
1653683700000,1759.48,1759.63,1757.04,1757.05,152.5193
1653683760000,1757.05,1758.23,1756.29,1758.23,295.5308
1653683820000,1758.23,1759.7,1757.86,1757.87,535.881
1653683880000,1757.87,1758.2,1755.42,1756.0,356.234
1653683940000,1756.0,1756.73,1755.09,1755.29,142.9721
1653684000000,1755.28,1756.3,1754.0,1755.89,575.1005
1653684060000,1755.89,1756.82,1755.32,1756.82,224.4877
1653684120000,1756.82,1757.71,1756.43,1757.54,201.5277
1653684180000,1757.53,1757.54,1755.82,1756.04,310.8335
1653684240000,1756.04,1757.39,1756.04,1757.35,260.9251
1653684300000,1757.36,1757.36,1754.14,1754.14,319.3664
1653684360000,1754.14,1754.83,1753.62,1753.91,258.2309
1653684420000,1753.91,1757.52,1753.57,1756.59,443.4703
1653684480000,1756.58,1759.17,1755.01,1755.49,521.986
1653684540000,1755.49,1757.36,1755.18,1756.03,401.9077
1653684600000,1756.03,1758.15,1756.02,1758.1,134.104
1653684660000,1758.11,1758.36,1755.17,1755.17,556.0741
1653684720000,1755.18,1758.54,1753.56,1753.78,905.0628
1653684780000,1753.79,1753.79,1749.91,1750.46,630.4682
1653684840000,1750.47,1750.97,1749.03,1749.03,263.8228
1653684900000,1749.04,1750.8,1746.27,1746.93,908.8004
1653684960000,1746.94,1749.96,1746.93,1749.5,497.1421
1653685020000,1749.51,1751.08,1748.01,1748.08,544.5542
1653685080000,1748.08,1748.09,1745.36,1745.37,748.0271
1653685140000,1745.36,1746.07,1743.9,1745.16,694.2118
1653685200000,1745.16,1748.37,1745.15,1746.05,564.2282
1653685260000,1746.04,1747.2,1744.3,1745.61,512.588
1653685320000,1745.62,1747.81,1745.61,1747.8,270.5981
1653685380000,1747.8,1750.14,1747.35,1748.16,305.564
1653685440000,1748.17,1750.1,1748.16,1749.0,488.4282
1653685500000,1749.01,1752.0,1748.86,1750.29,419.3696
1653685560000,1750.29,1750.74,1749.14,1750.23,365.4096
1653685620000,1750.23,1750.39,1749.99,1750.07,56.3063
1653685680000,1750.07,1750.92,1749.93,1750.81,129.0559
1653685740000,1750.81,1751.47,1747.01,1749.58,1407.4
1653685800000,1749.58,1750.15,1749.18,1749.38,198.644
1653685860000,1749.38,1749.38,1746.6,1747.51,329.2981
1653685920000,1747.52,1747.55,1747.24,1747.55,58.7939
1653685980000,1747.55,1747.55,1746.23,1747.02,252.5114
1653686040000,1747.03,1747.25,1746.7,1747.24,68.3761
1653686100000,1747.24,1747.86,1746.99,1747.37,268.3536
1653686160000,1747.36,1747.43,1747.14,1747.42,174.1927
1653686220000,1747.42,1749.3,1747.24,1749.24,327.4896
1653686280000,1749.25,1750.67,1748.77,1749.4,456.9814
1653686340000,1749.39,1751.58,1749.36,1751.28,370.9034
1653686400000,1751.28,1751.57,1750.82,1751.01,217.2411
1653686460000,1751.01,1751.11,1750.82,1750.92,98.8075
1653686520000,1750.91,1750.95,1748.5,1748.5,358.7094
1653686580000,1748.51,1748.9,1748.12,1748.9,131.4851
1653686640000,1748.69,1749.54,1748.59,1749.47,221.9034
1653686700000,1749.47,1749.74,1749.0,1749.01,159.0405
1653686760000,1749.0,1749.47,1747.65,1747.7,184.5825
1653686820000,1747.71,1747.71,1746.49,1746.5,145.1625
1653686880000,1746.5,1747.94,1745.39,1746.74,610.4886
1653686940000,1746.75,1747.03,1746.2,1746.75,117.4461
1653687000000,1746.76,1747.43,1746.55,1747.33,83.5952
1653687060000,1747.34,1747.61,1746.72,1746.72,136.2803
1653687120000,1746.72,1746.73,1745.5,1745.52,140.038
1653687180000,1745.52,1745.52,1743.89,1744.09,201.6995
1653687240000,1744.09,1744.55,1744.07,1744.21,81.0371
1653687300000,1744.2,1744.47,1743.87,1744.26,123.138
1653687360000,1744.25,1746.2,1744.13,1746.2,209.9249
1653687420000,1746.2,1748.96,1746.19,1748.93,411.1797
1653687480000,1748.92,1751.0,1748.28,1750.52,386.7237
1653687540000,1750.52,1750.53,1749.83,1750.17,143.7957
1653687600000,1750.17,1750.18,1749.61,1749.65,105.154
1653687660000,1749.64,1750.24,1749.48,1750.03,100.5967
1653687720000,1750.04,1750.22,1749.86,1749.99,91.3529
1653687780000,1749.99,1751.37,1749.98,1751.37,181.3787
1653687840000,1751.36,1752.32,1751.16,1752.27,240.5011
1653687900000,1752.28,1752.28,1748.27,1748.48,216.6731
1653687960000,1748.48,1749.67,1748.47,1749.67,131.536
1653688020000,1749.67,1750.13,1749.59,1749.6,141.1523
1653688080000,1749.6,1749.6,1748.23,1748.24,110.1795
1653688140000,1748.24,1748.24,1746.92,1747.06,123.5323
1653688200000,1747.06,1747.19,1747.05,1747.06,67.0364
1653688260000,1747.05,1748.93,1747.05,1748.38,154.4792
1653688320000,1748.39,1749.0,1747.0,1747.01,218.3997
1653688380000,1747.01,1747.01,1745.01,1746.13,315.2377
1653688440000,1746.12,1746.13,1743.58,1744.83,571.9264
1653688500000,1744.82,1745.12,1742.72,1742.8,145.1453
1653688560000,1742.8,1742.82,1733.23,1735.93,1880.9128
1653688620000,1735.92,1735.93,1731.35,1731.36,538.1231
1653688680000,1731.36,1734.23,1731.35,1733.66,480.7406
1653688740000,1733.67,1738.48,1733.66,1734.23,373.4953
1653688800000,1734.24,1734.43,1726.79,1726.79,2315.0128
1653688860000,1726.79,1730.93,1726.79,1728.78,615.8565
1653688920000,1728.78,1734.0,1728.63,1733.85,214.6208
1653688980000,1733.86,1740.39,1733.85,1739.42,766.3391
1653689040000,1739.42,1739.9,1735.22,1738.99,590.9481
1653689100000,1739.0,1742.71,1738.52,1738.65,1383.7396
1653689160000,1738.64,1739.97,1738.02,1738.21,197.8836
1653689220000,1738.22,1743.36,1737.7,1743.23,163.172
1653689280000,1743.36,1747.51,1743.35,1744.38,480.2711
1653689340000,1744.38,1744.59,1741.03,1741.26,213.5036
1653689400000,1741.25,1742.15,1740.73,1741.38,427.3562
1653689460000,1741.37,1743.0,1741.37,1742.05,360.2994
1653689520000,1742.04,1743.48,1742.04,1743.48,107.2723
1653689580000,1743.48,1743.89,1743.47,1743.6,73.209
1653689640000,1743.6,1746.5,1743.59,1746.49,351.7257
1653689700000,1746.5,1746.77,1742.65,1743.39,359.7372
1653689760000,1743.38,1748.32,1743.24,1748.23,260.491
1653689820000,1748.24,1748.85,1746.71,1747.64,339.1857
1653689880000,1747.91,1748.86,1746.7,1746.84,155.4622
1653689940000,1746.84,1748.91,1746.35,1748.6,258.0294
1653690000000,1748.59,1748.6,1745.81,1746.09,189.046
1653690060000,1746.1,1748.26,1746.09,1747.34,204.2335
1653690120000,1747.34,1748.95,1747.34,1748.73,131.9568
1653690180000,1748.74,1748.74,1746.91,1747.82,211.957
1653690240000,1747.82,1747.83,1747.44,1747.78,136.659
1653690300000,1747.79,1748.97,1747.78,1747.78,266.1457
1653690360000,1747.78,1749.47,1747.78,1749.4,164.6134
1653690420000,1749.4,1751.12,1749.07,1749.57,421.7947
1653690480000,1749.58,1751.84,1749.57,1751.84,164.0045
1653690540000,1751.84,1754.74,1751.05,1753.12,677.901
1653690600000,1753.12,1754.57,1753.12,1754.39,109.4015
1653690660000,1754.4,1754.4,1753.15,1753.17,137.7626
1653690720000,1753.17,1753.17,1751.95,1751.96,228.9278
1653690780000,1751.95,1752.14,1750.22,1752.01,261.4401
1653690840000,1752.01,1753.14,1752.0,1752.97,205.2556
1653690900000,1752.97,1753.17,1752.83,1752.83,58.4967
1653690960000,1752.84,1752.84,1751.0,1751.01,227.7386
1653691020000,1751.0,1751.5,1749.65,1750.35,220.4076
1653691080000,1750.35,1751.3,1749.65,1750.51,231.4511
1653691140000,1750.5,1750.69,1750.43,1750.68,105.4752
1653691200000,1750.69,1752.95,1750.68,1752.52,143.8389
1653691260000,1752.52,1755.0,1752.51,1752.75,463.5403
1653691320000,1752.74,1753.93,1752.74,1753.25,114.0741
1653691380000,1753.25,1753.82,1753.05,1753.52,74.4226
1653691440000,1753.53,1754.73,1752.53,1752.54,231.5707
1653691500000,1752.54,1753.91,1752.51,1753.66,122.7774
1653691560000,1753.65,1753.66,1752.35,1752.51,119.8902
1653691620000,1752.5,1752.51,1751.75,1751.94,76.9707
1653691680000,1751.95,1752.03,1749.29,1750.65,221.5795
1653691740000,1750.66,1751.35,1749.06,1749.06,136.4882
1653691800000,1749.06,1750.41,1748.81,1750.4,256.8607
1653691860000,1750.41,1750.41,1748.59,1749.07,305.3523
1653691920000,1749.08,1749.08,1747.22,1747.23,160.8535
1653691980000,1747.23,1747.23,1745.29,1745.3,119.1539
1653692040000,1745.3,1745.3,1741.86,1744.03,493.0028
1653692100000,1744.03,1744.46,1743.04,1743.75,308.5896
1653692160000,1743.76,1745.54,1743.34,1743.35,303.2746
1653692220000,1743.35,1745.71,1743.34,1744.56,296.8434
1653692280000,1744.56,1745.0,1743.67,1743.67,494.8869
1653692340000,1743.67,1743.83,1741.81,1742.14,386.4482
1653692400000,1742.13,1744.99,1742.13,1743.58,392.9107
1653692460000,1743.58,1743.59,1742.03,1742.04,175.3013
1653692520000,1742.04,1742.04,1739.1,1739.7,475.8006
1653692580000,1739.71,1744.0,1739.34,1743.35,318.1012
1653692640000,1743.35,1743.35,1741.18,1741.77,305.8791
1653692700000,1741.76,1742.65,1741.76,1742.16,172.5502
1653692760000,1742.16,1742.17,1740.13,1740.29,311.3594
1653692820000,1740.29,1742.59,1740.28,1742.14,308.1832
1653692880000,1742.14,1742.15,1738.35,1738.47,796.9121
1653692940000,1738.48,1740.09,1738.13,1738.57,638.0808
1653693000000,1738.58,1738.75,1734.33,1734.97,1224.1081
1653693060000,1734.98,1735.81,1732.15,1732.44,1668.2134
1653693120000,1732.44,1734.6,1731.46,1732.03,1711.9356
1653693180000,1732.03,1733.61,1731.85,1733.31,528.8255
1653693240000,1733.3,1733.38,1731.66,1731.74,195.6445
1653693300000,1731.74,1733.0,1731.73,1732.81,198.6517
1653693360000,1732.82,1732.82,1729.01,1729.16,356.624
1653693420000,1729.16,1731.14,1729.15,1730.76,321.1093
1653693480000,1730.76,1730.77,1726.47,1727.07,1537.6463
1653693540000,1727.06,1729.39,1723.08,1724.41,1300.6533
1653693600000,1724.41,1728.23,1723.64,1727.19,1141.2555
1653693660000,1727.19,1727.19,1725.42,1726.82,315.1953
1653693720000,1726.82,1727.32,1723.51,1723.77,549.2302
1653693780000,1723.77,1725.25,1723.52,1724.79,594.5693
1653693840000,1724.8,1724.83,1722.11,1722.11,707.1375
1653693900000,1722.12,1723.05,1718.98,1719.18,1968.6995
1653693960000,1719.19,1719.76,1717.43,1719.08,1148.8914
1653694020000,1719.08,1721.99,1718.82,1720.43,628.535
1653694080000,1720.43,1723.18,1720.43,1720.73,380.1111
1653694140000,1720.72,1723.16,1720.61,1722.1,285.609
1653694200000,1722.1,1722.26,1720.01,1720.02,397.6711
1653694260000,1720.02,1720.96,1720.01,1720.34,222.0781
1653694320000,1720.35,1724.73,1720.34,1724.59,275.274
1653694380000,1724.59,1726.43,1724.06,1724.54,674.9674
1653694440000,1724.54,1724.54,1722.42,1722.79,320.7344
1653694500000,1722.79,1723.58,1720.25,1720.26,373.0188
1653694560000,1720.26,1720.37,1715.98,1718.16,1064.204
1653694620000,1718.17,1718.32,1717.01,1718.08,466.2217
1653694680000,1718.08,1722.49,1715.1,1722.49,1124.5756
1653694740000,1722.48,1723.33,1716.75,1717.5,1187.6113
1653694800000,1717.5,1719.7,1703.0,1713.57,7608.68146
1653694860000,1713.57,1722.72,1713.01,1717.84,5657.7395
1653694920000,1717.85,1723.57,1717.84,1721.48,1979.1906
1653694980000,1721.47,1728.68,1721.04,1722.19,1485.6613
1653695040000,1722.19,1725.83,1722.18,1722.37,717.0286
1653695100000,1722.38,1726.73,1722.37,1723.21,1068.9358
1653695160000,1723.21,1725.36,1723.2,1724.61,508.6475
1653695220000,1724.6,1724.61,1719.17,1720.23,1108.9441
1653695280000,1720.22,1726.17,1720.22,1723.28,1031.1514
1653695340000,1723.28,1725.25,1723.23,1724.01,569.8767
1653695400000,1724.01,1725.93,1723.61,1725.58,338.9605
1653695460000,1725.57,1725.58,1723.01,1724.18,327.8547
1653695520000,1724.18,1724.18,1722.2,1723.25,320.36
1653695580000,1723.25,1724.83,1722.22,1722.53,368.7329
1653695640000,1722.53,1724.75,1721.7,1723.35,460.0832
1653695700000,1723.36,1724.46,1722.09,1724.45,495.4143
1653695760000,1724.46,1724.46,1722.46,1723.19,266.3646
1653695820000,1723.19,1723.45,1723.16,1723.45,98.5258
1653695880000,1723.45,1726.97,1723.44,1724.1,612.2388
1653695940000,1724.09,1727.44,1723.8,1727.27,234.9924
1653696000000,1727.26,1731.25,1727.26,1728.93,1419.3276
1653696060000,1728.93,1729.1,1726.85,1727.19,426.0956
1653696120000,1727.19,1730.13,1725.79,1726.67,678.3166
1653696180000,1726.68,1727.89,1723.2,1723.23,1183.6108
1653696240000,1723.23,1728.23,1722.26,1726.3,691.6801
1653696300000,1726.29,1731.28,1726.29,1730.36,727.2167
1653696360000,1730.36,1735.46,1730.13,1734.28,1250.7215
1653696420000,1734.28,1736.53,1732.43,1732.49,803.3639
1653696480000,1732.5,1735.21,1732.49,1733.19,341.4404
1653696540000,1733.18,1733.89,1732.3,1732.73,385.2251
1653696600000,1732.73,1736.99,1732.55,1735.88,523.8872
1653696660000,1735.87,1737.49,1735.25,1736.83,313.5435
1653696720000,1736.83,1737.48,1733.49,1733.49,638.2542
1653696780000,1733.5,1735.71,1733.49,1734.53,352.7854
1653696840000,1734.53,1739.0,1733.8,1739.0,532.7773
1653696900000,1738.99,1742.14,1736.51,1741.74,1320.7054
1653696960000,1741.73,1741.74,1739.2,1739.49,529.7576
1653697020000,1739.49,1743.09,1738.54,1743.09,700.3728
1653697080000,1743.09,1744.0,1739.87,1742.92,1005.3582
1653697140000,1742.93,1742.93,1741.05,1742.55,415.9871
1653697200000,1742.55,1742.55,1738.93,1739.57,332.8489
1653697260000,1739.57,1739.57,1735.89,1737.11,624.7369
1653697320000,1737.12,1737.65,1733.62,1735.35,538.4987
1653697380000,1735.36,1735.36,1731.5,1731.98,609.4988
1653697440000,1731.99,1733.47,1730.65,1731.57,886.2348
1653697500000,1731.57,1734.23,1731.13,1733.68,260.6752
1653697560000,1733.68,1736.43,1733.68,1736.33,237.1345
1653697620000,1736.33,1736.33,1733.08,1733.09,372.9235
1653697680000,1733.08,1735.97,1733.08,1734.69,319.708
1653697740000,1734.69,1735.86,1734.01,1734.02,201.9336
1653697800000,1734.01,1736.21,1734.01,1736.21,251.1192
1653697860000,1736.21,1738.8,1735.61,1737.26,513.9911
1653697920000,1737.26,1739.32,1737.0,1739.21,394.9204
1653697980000,1739.2,1739.32,1735.57,1736.18,488.1872
1653698040000,1736.19,1741.72,1735.91,1741.26,1072.7174
1653698100000,1741.26,1741.26,1738.61,1740.1,423.8478
1653698160000,1740.1,1741.31,1738.52,1739.33,836.9785
1653698220000,1739.33,1739.34,1738.0,1738.76,484.4771
1653698280000,1738.75,1741.98,1737.98,1740.25,780.3961
1653698340000,1740.24,1742.81,1740.08,1742.6,568.6487
1653698400000,1742.59,1742.84,1740.86,1742.6,370.4857
1653698460000,1742.59,1743.8,1742.06,1743.79,328.9528
1653698520000,1743.79,1743.81,1742.61,1742.72,511.8002
1653698580000,1742.73,1745.61,1742.72,1744.74,745.0124
1653698640000,1744.74,1745.33,1743.23,1744.92,356.5832
1653698700000,1744.93,1745.55,1744.41,1744.59,200.4123
1653698760000,1744.59,1744.79,1742.6,1744.47,880.9034
1653698820000,1744.48,1745.77,1742.0,1742.4,1166.7488
1653698880000,1742.39,1743.51,1742.0,1743.42,195.9499
1653698940000,1743.42,1744.71,1743.0,1743.0,571.9734
1653699000000,1743.01,1743.27,1742.21,1742.63,152.256
1653699060000,1742.63,1745.0,1742.35,1743.89,218.6539
1653699120000,1743.88,1744.48,1743.29,1744.03,104.0733
1653699180000,1744.02,1747.47,1743.09,1747.47,406.7767
1653699240000,1747.46,1749.16,1744.07,1747.9,1340.6755
1653699300000,1747.9,1748.77,1746.28,1748.07,980.7303
1653699360000,1748.07,1749.33,1746.24,1746.47,542.4045
1653699420000,1746.47,1748.35,1746.47,1748.35,427.472
1653699480000,1748.35,1748.79,1745.09,1746.25,373.0517
1653699540000,1746.26,1748.39,1745.8,1748.38,467.4767
1653699600000,1748.37,1750.66,1747.94,1749.63,731.8833
1653699660000,1749.62,1751.08,1749.5,1749.8,398.5593
1653699720000,1749.81,1750.05,1747.25,1749.73,384.4987
1653699780000,1749.72,1749.73,1747.83,1748.07,172.0871
1653699840000,1748.08,1750.96,1747.79,1750.43,447.7537
1653699900000,1750.43,1750.43,1749.11,1749.17,211.5236
1653699960000,1749.16,1752.39,1747.7,1751.29,1767.8931
1653700020000,1751.29,1751.7,1750.01,1751.7,694.2087
1653700080000,1751.69,1751.7,1750.49,1750.61,232.1735
1653700140000,1750.61,1750.62,1750.0,1750.0,1030.8207
1653700200000,1750.01,1751.38,1748.73,1750.92,3591.1461
1653700260000,1750.92,1750.93,1750.22,1750.8,150.9431
1653700320000,1750.8,1750.81,1747.15,1747.86,2827.8084
1653700380000,1747.86,1747.87,1745.48,1746.6,487.3182
1653700440000,1746.59,1747.2,1746.34,1746.95,304.1366
1653700500000,1746.95,1747.2,1744.89,1746.93,358.0783
1653700560000,1746.94,1746.94,1746.26,1746.74,86.3609
1653700620000,1746.75,1747.82,1746.24,1747.08,343.3375
1653700680000,1747.08,1747.08,1745.58,1745.59,95.4917
1653700740000,1745.59,1749.25,1745.58,1749.25,279.3811
1653700800000,1749.25,1749.64,1747.35,1747.81,195.9152
1653700860000,1747.81,1748.31,1745.98,1746.27,410.9031
1653700920000,1746.28,1746.28,1743.16,1743.17,302.9247
1653700980000,1743.16,1745.35,1742.96,1742.97,636.9883
1653701040000,1742.97,1744.16,1742.91,1744.15,274.5081
1653701100000,1744.16,1744.16,1740.77,1740.89,1085.4097
1653701160000,1740.89,1741.89,1739.0,1741.53,863.9614
1653701220000,1741.52,1742.11,1738.32,1739.87,2139.0633
1653701280000,1739.87,1739.98,1736.16,1737.28,891.313
1653701340000,1737.27,1737.28,1732.92,1734.72,1148.0684
1653701400000,1734.71,1736.89,1733.4,1736.89,493.9724
1653701460000,1736.89,1736.89,1733.92,1735.89,1201.7638
1653701520000,1735.9,1736.2,1734.76,1735.61,154.0423
1653701580000,1735.61,1737.43,1735.61,1737.22,263.8523
1653701640000,1737.23,1737.59,1737.09,1737.33,131.304
1653701700000,1737.32,1741.04,1737.18,1740.64,230.3649
1653701760000,1740.63,1740.64,1739.09,1739.51,152.1537
1653701820000,1739.51,1739.64,1738.61,1738.88,141.6235
1653701880000,1738.88,1738.89,1738.07,1738.68,131.7016
1653701940000,1738.69,1740.37,1738.59,1739.75,313.3592
1653702000000,1739.75,1740.03,1736.09,1736.87,573.3878
1653702060000,1736.88,1736.88,1733.79,1735.25,1101.9724
1653702120000,1735.25,1735.44,1731.58,1732.21,1110.7867
1653702180000,1732.21,1732.36,1729.51,1729.62,877.5504
1653702240000,1729.63,1729.93,1726.59,1727.83,433.2538
1653702300000,1727.83,1731.52,1727.24,1728.93,897.7317
1653702360000,1728.9,1730.9,1728.07,1730.83,166.6542
1653702420000,1730.84,1731.0,1730.18,1730.71,132.5303
1653702480000,1730.71,1733.92,1729.4,1731.97,596.1184
1653702540000,1731.97,1733.27,1731.57,1733.01,172.3766
1653702600000,1733.01,1733.8,1732.53,1732.53,241.8842
1653702660000,1732.54,1732.54,1731.43,1731.61,141.5835
1653702720000,1731.62,1731.7,1729.14,1729.14,307.8952
1653702780000,1729.15,1729.15,1727.92,1728.39,261.5041
1653702840000,1728.4,1729.95,1727.75,1728.16,349.6947
1653702900000,1728.15,1728.2,1727.37,1727.39,198.8146
1653702960000,1727.4,1727.4,1726.93,1727.13,81.2477
1653703020000,1727.13,1732.0,1726.75,1731.69,447.035
1653703080000,1731.7,1731.99,1730.24,1731.59,214.4769
1653703140000,1731.59,1731.59,1729.23,1730.26,269.4988
1653703200000,1730.26,1731.58,1730.26,1730.34,201.6111
1653703260000,1730.34,1730.34,1726.62,1728.94,686.4816
1653703320000,1728.94,1729.18,1728.6,1728.6,146.7602
1653703380000,1728.61,1728.93,1728.06,1728.14,117.0417
1653703440000,1728.13,1732.92,1728.13,1732.25,553.2151
1653703500000,1732.26,1733.53,1732.25,1733.52,322.0145
1653703560000,1733.53,1733.53,1732.59,1732.72,125.1615
1653703620000,1732.73,1733.36,1732.27,1733.27,151.0587
1653703680000,1733.27,1733.27,1732.27,1732.64,94.9372
1653703740000,1732.63,1734.7,1732.08,1734.23,365.4536
1653703800000,1734.23,1735.23,1733.7,1733.71,184.9964
1653703860000,1733.7,1735.43,1733.3,1735.23,186.6918
1653703920000,1735.23,1735.24,1734.76,1734.76,107.1845
1653703980000,1734.76,1734.77,1733.3,1733.31,172.6384
1653704040000,1733.31,1733.31,1732.22,1732.23,157.0356
1653704100000,1732.23,1735.53,1732.0,1735.03,510.0246
1653704160000,1735.03,1739.15,1735.03,1736.66,594.7295
1653704220000,1736.67,1736.67,1735.55,1735.73,179.4472
1653704280000,1735.72,1737.52,1735.51,1737.18,221.7817
1653704340000,1737.17,1738.86,1737.08,1738.58,331.0766
1653704400000,1738.58,1739.65,1738.23,1739.38,193.4278
1653704460000,1739.37,1741.82,1738.49,1741.64,1207.4237
1653704520000,1741.63,1741.64,1740.0,1740.0,394.427
1653704580000,1740.0,1740.01,1740.0,1740.0,544.3146
1653704640000,1740.0,1740.01,1738.62,1739.57,854.1123
1653704700000,1739.57,1739.58,1737.55,1737.91,261.7349
1653704760000,1737.92,1738.6,1736.51,1738.59,178.993
1653704820000,1738.6,1740.85,1737.92,1740.8,328.1841
1653704880000,1740.81,1741.97,1739.56,1739.57,352.009
1653704940000,1739.56,1739.57,1738.85,1739.44,133.5048
1653705000000,1739.45,1740.96,1738.69,1740.74,231.5728
1653705060000,1740.74,1741.8,1739.67,1739.68,256.7801
1653705120000,1739.68,1739.87,1737.09,1737.09,238.2275
1653705180000,1737.09,1737.54,1733.0,1734.03,691.6238
1653705240000,1734.04,1734.36,1731.18,1732.06,774.4054
1653705300000,1732.06,1732.07,1728.52,1728.97,1082.653
1653705360000,1728.97,1728.97,1726.3,1726.45,406.5186
1653705420000,1726.45,1726.45,1723.6,1725.64,754.8775
1653705480000,1725.65,1726.0,1723.04,1723.04,440.4866
1653705540000,1723.04,1726.54,1722.94,1722.95,641.1255
1653705600000,1722.95,1726.09,1722.94,1723.55,519.5667
1653705660000,1723.55,1726.0,1723.1,1725.45,380.0815
1653705720000,1725.45,1726.84,1724.01,1725.53,249.1746
1653705780000,1725.53,1727.25,1725.53,1726.35,227.5587
1653705840000,1726.36,1726.36,1725.27,1725.35,190.9753
1653705900000,1725.34,1728.62,1724.57,1727.68,470.969
1653705960000,1727.68,1727.84,1727.12,1727.84,136.3512
1653706020000,1727.83,1728.81,1727.1,1727.11,177.2576
1653706080000,1727.11,1728.81,1725.07,1728.81,401.7231
1653706140000,1728.81,1732.28,1727.9,1731.36,501.5402
1653706200000,1731.36,1732.01,1730.22,1730.67,396.4595
1653706260000,1730.68,1731.94,1730.07,1731.94,177.2859
1653706320000,1731.93,1732.97,1731.05,1731.76,294.9878
1653706380000,1731.76,1731.77,1729.37,1730.25,147.8305
1653706440000,1730.26,1730.26,1728.0,1728.33,172.6634
1653706500000,1728.33,1731.1,1728.17,1730.66,459.4936
1653706560000,1730.66,1730.66,1730.11,1730.11,59.2496
1653706620000,1730.12,1730.75,1730.11,1730.57,117.376
1653706680000,1730.56,1732.32,1730.56,1731.54,244.6769
1653706740000,1731.53,1731.91,1729.0,1729.38,771.2505
1653706800000,1729.39,1729.72,1725.81,1726.0,492.6013
1653706860000,1726.0,1727.89,1725.81,1727.74,331.2188
1653706920000,1727.74,1728.9,1725.86,1726.98,368.2357
1653706980000,1726.99,1727.0,1723.02,1723.19,459.8164
1653707040000,1723.2,1725.31,1722.31,1723.74,733.7498
1653707100000,1723.74,1724.41,1723.06,1724.1,267.7631
1653707160000,1724.09,1726.71,1724.05,1726.7,141.4269
1653707220000,1726.71,1726.9,1725.05,1726.12,334.9431
1653707280000,1726.12,1726.72,1724.82,1725.03,276.3866
1653707340000,1725.03,1726.85,1725.02,1726.85,357.7209
1653707400000,1726.85,1727.82,1725.64,1726.5,209.0493
1653707460000,1726.51,1731.66,1726.18,1730.63,566.1914
1653707520000,1730.63,1732.2,1730.63,1731.04,251.623
1653707580000,1731.03,1734.87,1731.03,1734.87,406.7203
1653707640000,1734.87,1735.46,1733.56,1734.78,1335.0191
1653707700000,1734.78,1735.97,1734.58,1734.59,270.2679
1653707760000,1734.58,1738.6,1734.26,1738.6,711.1704
1653707820000,1738.6,1738.85,1737.09,1737.43,342.3706
1653707880000,1737.43,1737.52,1736.76,1736.95,130.1763
1653707940000,1736.94,1737.12,1735.14,1736.51,294.4232
1653708000000,1736.52,1739.81,1735.09,1737.73,2107.6883
1653708060000,1737.73,1738.43,1737.02,1737.95,142.6815
1653708120000,1737.95,1744.18,1737.95,1741.01,1918.7337
1653708180000,1741.0,1745.02,1738.36,1743.24,2470.7053
1653708240000,1743.24,1743.39,1741.7,1742.44,413.9936
1653708300000,1742.44,1742.66,1740.79,1741.45,249.9018
1653708360000,1741.46,1742.66,1741.03,1741.04,444.279
1653708420000,1741.03,1744.12,1739.95,1742.59,2020.7718
1653708480000,1742.59,1742.59,1740.24,1740.55,387.3374
1653708540000,1740.56,1740.56,1738.52,1738.91,255.1641
1653708600000,1738.91,1744.11,1738.4,1742.58,1911.4447
1653708660000,1742.57,1742.58,1740.68,1740.97,222.0568
1653708720000,1740.96,1745.52,1740.96,1744.81,1427.4127
1653708780000,1744.81,1746.41,1744.06,1745.3,326.0608
1653708840000,1745.3,1747.8,1745.09,1745.16,699.9646
1653708900000,1745.17,1746.0,1745.03,1745.9,263.3254
1653708960000,1745.91,1745.91,1744.18,1744.18,260.6173
1653709020000,1744.18,1744.42,1743.4,1743.41,240.7136
1653709080000,1743.41,1744.43,1743.17,1743.39,211.705
1653709140000,1743.39,1746.8,1743.17,1746.71,1437.1954
1653709200000,1746.72,1747.4,1745.13,1745.65,942.0129
1653709260000,1745.64,1746.24,1741.96,1744.25,893.8655
1653709320000,1744.25,1746.95,1744.24,1746.46,383.3798
1653709380000,1746.46,1754.62,1746.46,1752.13,2122.4363
1653709440000,1752.5,1756.59,1749.8,1756.58,1750.8325
1653709500000,1756.58,1758.71,1755.63,1756.86,1409.0127
1653709560000,1756.86,1759.54,1756.85,1758.3,402.4195
1653709620000,1758.3,1764.65,1757.53,1763.65,1266.7511
1653709680000,1763.65,1764.93,1760.0,1760.8,1212.799
1653709740000,1760.79,1763.01,1760.25,1762.87,728.6626
1653709800000,1762.88,1762.88,1759.68,1760.75,393.503
1653709860000,1760.76,1761.37,1757.89,1757.91,466.3399
1653709920000,1757.92,1758.66,1757.3,1757.31,185.1451
1653709980000,1757.31,1757.83,1755.88,1756.02,347.8474
1653710040000,1756.02,1757.71,1756.02,1757.58,135.633
1653710100000,1757.59,1757.76,1756.36,1756.36,161.6696
1653710160000,1756.37,1762.26,1756.36,1759.23,1450.6857
1653710220000,1759.23,1768.01,1759.13,1764.48,5679.819
1653710280000,1764.47,1767.54,1763.4,1763.73,1470.5289
1653710340000,1763.73,1765.95,1763.51,1765.08,647.8817
1653710400000,1765.08,1766.6,1763.54,1763.54,573.627
1653710460000,1763.54,1763.55,1760.65,1761.22,693.2931
1653710520000,1761.23,1762.59,1760.63,1760.74,729.5662
1653710580000,1760.74,1761.82,1760.33,1761.0,374.9263
1653710640000,1761.0,1761.99,1759.45,1759.45,372.5703
1653710700000,1759.45,1760.06,1759.0,1759.4,202.2326
1653710760000,1759.4,1760.89,1758.32,1760.86,467.7936
1653710820000,1760.86,1762.77,1759.75,1760.73,519.2164
1653710880000,1760.72,1761.13,1760.0,1760.17,178.7988
1653710940000,1760.18,1761.12,1759.23,1759.24,263.162
1653711000000,1759.23,1760.03,1759.0,1759.92,267.6601
1653711060000,1759.91,1759.92,1758.63,1758.85,208.4578
1653711120000,1758.85,1759.55,1758.79,1759.07,119.5844
1653711180000,1759.07,1760.14,1759.07,1759.69,115.6931
1653711240000,1759.7,1759.7,1757.77,1758.99,259.6181
1653711300000,1758.99,1759.61,1756.36,1757.81,463.085
1653711360000,1757.81,1757.91,1757.13,1757.6,151.281
1653711420000,1757.6,1757.61,1755.63,1755.72,312.6699
1653711480000,1755.73,1757.59,1755.72,1757.51,381.208
1653711540000,1757.52,1757.74,1754.87,1755.0,538.5845
1653711600000,1754.91,1757.29,1754.68,1757.18,226.3844
1653711660000,1757.19,1759.4,1757.18,1758.83,541.7771
1653711720000,1758.83,1759.51,1758.41,1758.94,203.8139
1653711780000,1758.94,1762.32,1758.93,1762.32,660.3458
1653711840000,1762.31,1762.54,1760.24,1761.49,295.353
1653711900000,1761.49,1765.44,1761.49,1764.61,472.5192
1653711960000,1764.6,1766.0,1764.02,1764.34,882.4332
1653712020000,1764.35,1766.3,1764.06,1764.06,431.8501
1653712080000,1764.06,1764.42,1762.6,1762.76,190.5807
1653712140000,1762.77,1764.1,1762.76,1763.71,310.8984
1653712200000,1763.71,1765.95,1762.35,1762.36,532.3779
1653712260000,1762.35,1763.39,1761.33,1762.59,191.5733
1653712320000,1762.58,1763.33,1761.0,1763.32,350.7159
1653712380000,1763.32,1763.36,1761.32,1762.54,347.5321
1653712440000,1762.54,1762.99,1761.42,1762.99,183.9022
1653712500000,1762.99,1762.99,1761.32,1761.33,263.3456
1653712560000,1761.32,1761.73,1760.52,1761.44,321.7509
1653712620000,1761.43,1762.97,1760.48,1760.49,173.7501
1653712680000,1760.48,1761.69,1759.57,1759.7,385.9847
1653712740000,1759.69,1761.0,1759.69,1760.25,222.8299
1653712800000,1760.25,1760.38,1760.01,1760.19,93.0854
1653712860000,1760.2,1760.2,1758.68,1759.53,297.8386
1653712920000,1759.54,1760.69,1759.4,1760.6,137.1145
1653712980000,1760.61,1761.39,1760.38,1761.38,162.2082
1653713040000,1761.38,1761.9,1760.4,1760.7,170.4167
1653713100000,1760.7,1763.2,1760.19,1763.19,301.2305
1653713160000,1763.2,1763.21,1762.4,1762.93,126.0287
1653713220000,1762.92,1763.1,1760.41,1760.41,326.2635
1653713280000,1760.42,1762.39,1760.25,1761.19,296.3601
1653713340000,1761.2,1761.2,1759.77,1759.82,449.6106
1653713400000,1759.81,1761.0,1759.39,1760.92,235.7424
1653713460000,1760.91,1760.92,1759.61,1759.71,153.1731
1653713520000,1759.7,1761.57,1759.7,1761.35,151.7267
1653713580000,1761.34,1765.31,1761.34,1765.31,370.8139
1653713640000,1765.31,1768.2,1764.0,1766.77,1187.0217
1653713700000,1766.67,1766.68,1764.05,1764.06,428.9558
1653713760000,1764.05,1766.62,1763.85,1765.76,480.4192
1653713820000,1765.77,1765.77,1762.66,1762.66,234.0211
1653713880000,1762.66,1763.37,1762.0,1763.12,248.4088
1653713940000,1763.12,1763.12,1761.82,1762.12,172.5752
1653714000000,1762.13,1762.28,1760.01,1760.11,293.4839
1653714060000,1760.11,1761.16,1758.11,1759.55,635.1472
1653714120000,1759.56,1760.59,1758.0,1758.67,480.0915
1653714180000,1758.67,1759.75,1758.29,1758.3,199.0545
1653714240000,1758.29,1758.43,1757.36,1757.7,301.4311
1653714300000,1757.69,1759.68,1757.51,1757.54,362.2001
1653714360000,1757.52,1758.15,1757.28,1758.02,133.1882
1653714420000,1758.01,1758.02,1757.01,1757.27,116.5096
1653714480000,1757.27,1758.35,1757.01,1757.15,206.7535
1653714540000,1757.15,1757.17,1756.29,1756.3,239.3883
1653714600000,1756.3,1757.17,1754.93,1757.15,317.806
1653714660000,1757.15,1758.23,1755.47,1758.22,300.182
1653714720000,1758.22,1759.87,1758.22,1758.98,373.0566
1653714780000,1758.97,1760.5,1758.44,1758.52,357.1846
1653714840000,1758.53,1761.0,1758.52,1760.39,338.6825
1653714900000,1760.38,1760.39,1758.92,1759.07,331.0167
1653714960000,1759.06,1759.46,1758.48,1759.19,127.4674
1653715020000,1759.2,1759.41,1757.71,1757.71,162.9023
1653715080000,1757.72,1760.38,1757.71,1759.97,247.2963
1653715140000,1759.97,1760.62,1758.82,1758.82,219.6141
1653715200000,1758.83,1766.46,1758.82,1765.75,1735.2493
1653715260000,1766.27,1766.36,1764.08,1764.44,551.2803
1653715320000,1764.43,1764.44,1762.22,1762.23,120.1675
1653715380000,1762.22,1763.25,1762.22,1762.54,252.4403
1653715440000,1762.54,1762.97,1762.32,1762.6,100.7081
1653715500000,1762.6,1762.6,1761.44,1761.63,152.9459
1653715560000,1761.63,1761.79,1761.43,1761.74,97.4673
1653715620000,1761.75,1764.19,1761.53,1763.53,630.6101
1653715680000,1763.54,1764.74,1763.53,1764.4,262.0662
1653715740000,1764.39,1767.0,1764.27,1764.87,777.6213
1653715800000,1764.88,1765.64,1763.31,1763.42,367.0711
1653715860000,1763.41,1763.62,1762.0,1763.48,251.5275
1653715920000,1763.47,1764.77,1763.05,1764.59,438.927
1653715980000,1764.59,1764.6,1762.03,1762.29,457.8263
1653716040000,1762.28,1765.32,1762.05,1765.32,421.051
1653716100000,1765.32,1779.99,1765.24,1775.23,5472.3559
1653716160000,1775.23,1777.6,1770.51,1777.6,1714.7415
1653716220000,1777.59,1777.59,1770.98,1771.41,763.4337
1653716280000,1771.4,1777.45,1770.67,1776.67,979.9914
1653716340000,1776.68,1779.25,1776.39,1777.76,1049.2544
1653716400000,1777.76,1783.12,1777.68,1779.68,2617.9287
1653716460000,1779.69,1780.97,1777.17,1777.39,816.6802
1653716520000,1777.38,1780.69,1776.43,1779.85,1120.3209
1653716580000,1779.85,1779.97,1777.69,1778.68,363.6837
1653716640000,1778.68,1778.69,1776.24,1776.55,305.4442
1653716700000,1776.55,1780.19,1776.09,1779.0,1041.9553
1653716760000,1779.0,1779.01,1776.0,1776.3,268.1426
1653716820000,1776.3,1776.3,1773.51,1775.25,450.8196
1653716880000,1775.26,1775.26,1773.1,1773.5,211.1088
1653716940000,1773.51,1774.44,1773.51,1773.74,233.2129
1653717000000,1773.74,1773.75,1772.05,1773.0,406.1703
1653717060000,1773.0,1774.34,1772.28,1773.54,240.3986
1653717120000,1773.54,1775.08,1773.45,1774.67,216.9311
1653717180000,1774.66,1774.87,1773.0,1773.0,131.234
1653717240000,1773.01,1773.29,1772.21,1773.07,224.2053
1653717300000,1773.07,1773.2,1771.43,1772.22,165.3561
1653717360000,1772.23,1772.68,1770.0,1771.41,357.4614
1653717420000,1771.41,1771.41,1769.83,1770.22,297.826
1653717480000,1770.22,1771.31,1769.73,1771.3,148.9233
1653717540000,1771.3,1771.42,1770.57,1771.35,195.7014
1653717600000,1771.35,1773.48,1770.0,1773.4,655.7577
1653717660000,1773.4,1774.34,1772.17,1772.38,268.369
1653717720000,1772.39,1772.39,1769.0,1769.0,371.2231
1653717780000,1769.0,1771.65,1767.77,1769.06,996.4787
1653717840000,1769.06,1769.42,1768.25,1768.33,152.3511
1653717900000,1768.32,1769.14,1766.36,1767.08,349.254
1653717960000,1767.08,1768.49,1766.94,1768.17,162.6316
1653718020000,1768.18,1769.08,1767.18,1768.82,307.4116
1653718080000,1768.81,1769.39,1767.82,1769.38,216.9051
1653718140000,1769.39,1769.39,1768.23,1768.52,108.7045
1653718200000,1768.52,1768.84,1767.51,1768.83,184.2036
1653718260000,1768.84,1768.96,1767.97,1767.98,134.4705
1653718320000,1767.97,1768.95,1767.9,1768.51,137.0977
1653718380000,1768.52,1769.37,1768.04,1769.05,104.1818
1653718440000,1769.05,1770.0,1768.82,1769.1,238.5677
1653718500000,1769.09,1769.1,1767.32,1767.32,216.49
1653718560000,1767.32,1768.0,1766.4,1767.99,284.9607
1653718620000,1767.99,1768.0,1765.95,1766.11,335.5772
1653718680000,1766.1,1766.58,1765.85,1766.58,247.1817
1653718740000,1766.57,1766.58,1764.87,1766.55,279.4638
1653718800000,1766.54,1767.35,1766.34,1766.5,190.9652
1653718860000,1766.5,1767.53,1766.01,1767.26,184.2132
1653718920000,1767.25,1767.74,1767.16,1767.43,330.4988
1653718980000,1767.43,1768.67,1766.22,1767.52,423.9812
1653719040000,1767.52,1768.87,1767.52,1768.56,116.0786
1653719100000,1768.57,1768.66,1767.33,1768.02,254.4764
1653719160000,1768.02,1768.03,1767.12,1767.19,94.1999
1653719220000,1767.18,1768.75,1766.99,1767.0,174.1374
1653719280000,1767.0,1768.01,1766.47,1767.15,193.0798
1653719340000,1767.14,1767.67,1766.93,1766.94,131.9325
1653719400000,1766.94,1767.6,1766.83,1767.59,146.8619
1653719460000,1767.59,1768.47,1766.15,1766.34,516.9574
1653719520000,1766.34,1770.01,1766.33,1769.73,462.0819
1653719580000,1769.72,1771.53,1769.23,1771.22,172.9057
1653719640000,1771.22,1771.66,1768.18,1769.85,347.909
1653719700000,1769.85,1770.13,1769.84,1769.93,51.264
1653719760000,1769.93,1773.65,1768.98,1772.45,983.7317
1653719820000,1772.45,1772.83,1772.18,1772.18,120.6052
1653719880000,1772.18,1773.0,1771.97,1772.3,201.9526
1653719940000,1772.3,1773.75,1772.24,1773.33,183.3096
1653720000000,1773.32,1773.88,1772.01,1773.71,489.7583
1653720060000,1773.71,1773.72,1771.98,1772.83,268.3121
1653720120000,1772.84,1772.84,1771.34,1771.54,298.1826
1653720180000,1771.53,1772.47,1771.53,1772.36,108.7731
1653720240000,1772.37,1772.37,1772.09,1772.09,57.1079
1653720300000,1772.1,1772.91,1771.23,1772.47,460.7018
1653720360000,1772.47,1772.63,1770.53,1770.88,483.276
1653720420000,1770.88,1770.89,1770.19,1770.2,229.6498
1653720480000,1770.19,1770.2,1767.37,1767.88,327.2629
1653720540000,1767.88,1769.6,1767.47,1769.09,226.0401
1653720600000,1769.09,1769.12,1768.0,1768.19,439.2585
1653720660000,1768.19,1769.0,1767.57,1768.27,245.5057
1653720720000,1768.28,1768.28,1766.48,1766.58,185.8042
1653720780000,1766.58,1768.04,1766.5,1767.14,262.6028
1653720840000,1767.14,1767.15,1766.1,1766.24,141.2651
1653720900000,1766.24,1766.45,1765.95,1766.33,231.6273
1653720960000,1766.34,1767.81,1766.08,1767.36,273.4629
1653721020000,1767.37,1767.37,1766.9,1767.19,151.1209
1653721080000,1767.2,1767.26,1766.81,1766.93,119.0178
1653721140000,1766.93,1767.56,1765.49,1765.85,559.8648
1653721200000,1765.85,1767.43,1765.85,1767.05,304.5916
1653721260000,1767.06,1767.76,1766.41,1766.41,203.8368
1653721320000,1766.42,1767.19,1766.13,1766.24,127.6877
1653721380000,1766.24,1768.69,1766.06,1768.33,479.5359
1653721440000,1768.32,1768.33,1766.59,1767.53,366.8035
1653721500000,1767.52,1767.68,1765.88,1765.88,155.613
1653721560000,1765.88,1766.38,1765.85,1766.37,159.0664
1653721620000,1766.38,1766.38,1765.34,1765.65,205.3882
1653721680000,1765.66,1765.66,1763.62,1763.63,420.2572
1653721740000,1763.62,1765.04,1763.6,1764.45,511.4543
1653721800000,1764.46,1764.78,1764.37,1764.43,134.7921
1653721860000,1764.43,1764.44,1762.5,1762.5,93.57
1653721920000,1762.5,1764.43,1762.5,1764.43,172.0939
1653721980000,1764.43,1764.43,1763.0,1763.69,183.3341
1653722040000,1763.69,1765.5,1763.68,1765.49,205.9613
1653722100000,1765.49,1765.5,1763.43,1763.67,209.8622
1653722160000,1763.66,1763.67,1762.43,1762.47,75.4389
1653722220000,1762.47,1763.84,1762.4,1762.41,290.2808
1653722280000,1762.41,1763.83,1762.39,1763.51,237.2095
1653722340000,1763.51,1764.77,1763.31,1764.33,205.4263
1653722400000,1764.34,1764.34,1763.92,1763.93,50.9
1653722460000,1763.92,1763.93,1763.0,1763.0,65.3036
1653722520000,1763.0,1764.3,1763.0,1763.05,184.4277
1653722580000,1763.04,1764.14,1763.0,1764.14,107.3883
1653722640000,1764.13,1764.14,1762.28,1762.28,207.7094
1653722700000,1762.29,1765.45,1762.28,1764.68,297.7198
1653722760000,1764.67,1765.19,1764.3,1764.49,103.3669
1653722820000,1764.49,1765.04,1764.45,1764.89,92.8236
1653722880000,1764.89,1764.9,1763.35,1763.89,151.0844
1653722940000,1763.9,1763.9,1762.8,1762.81,75.0797
1653723000000,1762.81,1764.42,1762.8,1764.23,284.9852
1653723060000,1764.23,1764.24,1763.63,1764.0,175.8255
1653723120000,1764.01,1764.01,1761.37,1761.38,167.1118
1653723180000,1761.38,1761.45,1759.73,1760.06,371.3249
1653723240000,1760.07,1760.78,1759.6,1760.55,829.6889
1653723300000,1760.56,1761.61,1760.42,1761.22,203.0012
1653723360000,1761.21,1763.36,1760.44,1763.29,856.3327
1653723420000,1763.29,1763.45,1762.56,1763.17,106.1099
1653723480000,1763.16,1763.17,1762.63,1762.79,53.0617
1653723540000,1762.79,1762.79,1762.57,1762.67,67.7575
1653723600000,1762.66,1763.37,1762.66,1762.9,885.8304
1653723660000,1762.9,1763.63,1761.2,1761.29,369.1749
1653723720000,1761.28,1761.51,1758.55,1759.72,786.8676
1653723780000,1759.71,1760.09,1759.21,1760.01,201.4581
1653723840000,1760.01,1760.28,1758.98,1759.99,318.4583
1653723900000,1759.99,1761.18,1759.99,1760.99,196.0841
1653723960000,1760.99,1761.34,1760.72,1761.34,192.1495
1653724020000,1761.34,1761.34,1759.25,1760.32,371.0702
1653724080000,1760.33,1760.87,1760.32,1760.86,53.0991
1653724140000,1760.86,1761.92,1760.76,1761.66,240.7684
1653724200000,1761.65,1763.96,1761.65,1763.67,335.5313
1653724260000,1763.66,1765.29,1763.66,1765.03,184.2789
1653724320000,1765.02,1765.68,1765.02,1765.43,114.6039
1653724380000,1765.44,1767.97,1765.43,1767.88,283.5112
1653724440000,1767.88,1768.36,1766.36,1767.94,795.2862
1653724500000,1767.94,1768.63,1767.56,1767.64,355.8201
1653724560000,1767.64,1767.65,1766.31,1766.54,107.6943
1653724620000,1766.53,1766.54,1765.11,1765.44,141.7179
1653724680000,1765.44,1766.76,1765.43,1766.54,133.8133
1653724740000,1766.54,1766.54,1765.43,1765.46,124.2931
1653724800000,1765.46,1769.62,1765.45,1768.18,970.9657
1653724860000,1768.18,1768.26,1767.0,1767.0,366.5454
1653724920000,1767.0,1768.59,1766.8,1767.26,183.475
1653724980000,1767.25,1770.77,1767.08,1769.33,623.1077
1653725040000,1769.34,1769.87,1768.18,1768.41,452.4462
1653725100000,1768.41,1769.36,1768.19,1769.0,96.13
1653725160000,1769.0,1769.0,1768.56,1768.58,52.174
1653725220000,1768.59,1768.59,1767.6,1767.6,46.4531
1653725280000,1767.61,1769.3,1767.6,1769.3,296.9581
1653725340000,1769.29,1769.42,1768.9,1769.02,87.0237
1653725400000,1769.02,1769.02,1768.41,1768.46,178.5821
1653725460000,1768.46,1770.38,1768.0,1770.15,317.2446
1653725520000,1770.15,1770.16,1768.66,1770.05,326.229
1653725580000,1770.04,1770.05,1767.48,1767.8,664.7545
1653725640000,1767.81,1768.16,1766.67,1767.17,354.4613
1653725700000,1767.17,1767.17,1765.67,1766.71,749.5179
1653725760000,1766.71,1767.12,1766.48,1766.74,189.4885
1653725820000,1766.85,1768.0,1766.85,1767.98,207.9246
1653725880000,1767.99,1767.99,1767.13,1767.21,93.6754
1653725940000,1767.21,1767.22,1765.81,1765.81,243.4568
1653726000000,1765.82,1766.38,1765.81,1766.23,55.0685
1653726060000,1766.22,1766.95,1764.64,1766.95,380.7277
1653726120000,1766.94,1766.95,1765.26,1765.26,74.191
1653726180000,1765.26,1765.27,1764.24,1764.24,89.8416
1653726240000,1764.24,1764.62,1762.93,1762.93,145.1597
1653726300000,1762.94,1763.56,1761.0,1762.3,567.0264
1653726360000,1762.3,1762.38,1760.54,1761.27,458.8078
1653726420000,1761.26,1761.27,1760.17,1760.19,203.9447
1653726480000,1760.18,1760.19,1759.38,1759.99,166.9606
1653726540000,1759.99,1761.99,1759.9,1761.28,390.4866
1653726600000,1761.28,1761.41,1757.01,1757.43,796.9496
1653726660000,1757.43,1758.27,1751.14,1753.74,2105.5739
1653726720000,1753.73,1753.88,1748.94,1751.0,2133.5914
1653726780000,1751.0,1752.74,1749.56,1751.93,834.4826
1653726840000,1751.93,1753.13,1750.79,1753.04,524.6565
1653726900000,1753.04,1753.51,1752.64,1752.92,230.0651
1653726960000,1752.92,1754.49,1752.92,1754.29,124.4614
1653727020000,1754.3,1754.34,1753.99,1754.0,53.2918
1653727080000,1753.99,1754.5,1753.99,1754.49,81.13
1653727140000,1754.49,1759.0,1754.49,1758.01,330.4894
1653727200000,1758.01,1758.44,1756.3,1757.13,287.4629
1653727260000,1757.13,1762.11,1757.12,1762.04,458.6989
1653727320000,1762.04,1762.62,1761.03,1761.49,282.774
1653727380000,1761.48,1763.55,1760.83,1763.44,165.0359
1653727440000,1763.44,1765.16,1762.77,1765.01,291.7991
1653727500000,1765.0,1766.53,1765.0,1765.02,325.7204
1653727560000,1765.01,1765.91,1765.01,1765.21,170.8982
1653727620000,1765.21,1765.22,1762.37,1763.17,282.9213
1653727680000,1763.18,1763.18,1762.25,1762.25,35.8274
1653727740000,1762.25,1762.94,1762.0,1762.01,60.4556
1653727800000,1762.01,1762.65,1761.96,1762.65,51.662
1653727860000,1762.65,1762.65,1761.92,1761.92,39.8452
1653727920000,1761.92,1762.09,1761.59,1761.97,24.3747
1653727980000,1761.97,1761.97,1761.2,1761.74,135.8752
1653728040000,1761.74,1761.74,1760.04,1760.16,47.4582
1653728100000,1760.16,1761.13,1760.15,1760.92,90.706
1653728160000,1760.92,1760.93,1760.16,1760.37,45.0425
1653728220000,1760.37,1762.56,1760.36,1762.42,137.3935
1653728280000,1762.41,1762.42,1761.92,1761.92,73.2678
1653728340000,1761.93,1761.93,1760.39,1760.4,203.1245
1653728400000,1760.4,1762.2,1757.43,1758.0,456.2527
1653728460000,1757.99,1758.32,1757.63,1757.63,93.5517
1653728520000,1757.63,1758.98,1757.58,1758.21,176.0588
1653728580000,1758.21,1758.22,1757.61,1757.67,49.9135
1653728640000,1757.68,1760.28,1757.38,1760.27,254.7976
1653728700000,1760.28,1760.28,1758.05,1758.07,142.3509
1653728760000,1758.07,1758.18,1756.4,1756.71,995.4955
1653728820000,1756.71,1758.0,1756.22,1758.0,845.0811
1653728880000,1758.0,1758.02,1757.34,1757.35,66.3267
1653728940000,1757.34,1758.14,1757.34,1757.94,90.3983
1653729000000,1757.95,1758.48,1757.94,1758.34,65.383
1653729060000,1758.35,1759.85,1758.34,1759.07,153.882
1653729120000,1759.06,1762.3,1759.06,1761.93,164.8967
1653729180000,1761.94,1762.62,1761.71,1762.57,152.6296
1653729240000,1762.58,1763.0,1762.29,1762.49,106.3256
1653729300000,1762.49,1763.2,1761.43,1763.19,171.2542
1653729360000,1763.19,1764.27,1763.03,1763.04,238.0155
1653729420000,1763.03,1763.37,1762.24,1763.37,224.355
1653729480000,1763.37,1764.46,1762.9,1764.46,320.5394
1653729540000,1764.46,1764.46,1763.06,1763.28,114.2278
1653729600000,1763.29,1763.29,1762.55,1762.99,95.0741
1653729660000,1762.99,1763.44,1762.98,1763.13,71.7248
1653729720000,1763.12,1764.28,1763.0,1764.04,97.2341
1653729780000,1764.03,1764.04,1763.43,1763.44,55.0644
1653729840000,1763.43,1766.03,1762.93,1765.83,595.2632
1653729900000,1765.83,1765.84,1762.58,1762.77,283.4554
1653729960000,1762.76,1763.15,1761.92,1762.41,169.3882
1653730020000,1762.41,1763.04,1762.4,1763.04,33.0045
1653730080000,1763.03,1763.04,1762.0,1762.01,56.644
1653730140000,1762.0,1762.01,1761.0,1761.0,74.9991
1653730200000,1761.0,1761.65,1759.19,1759.26,226.3311
1653730260000,1759.26,1759.96,1756.99,1757.0,477.5447
1653730320000,1756.99,1757.41,1756.11,1757.01,153.1282
1653730380000,1757.01,1757.01,1756.0,1756.01,57.6781
1653730440000,1756.01,1756.3,1755.12,1755.89,267.6467
1653730500000,1755.89,1756.14,1754.27,1755.51,510.5589
1653730560000,1755.51,1755.96,1754.9,1754.9,74.6728
1653730620000,1754.91,1756.09,1754.7,1755.91,89.4436
1653730680000,1755.91,1757.77,1755.72,1757.22,208.8526
1653730740000,1757.22,1757.27,1755.43,1755.47,141.2238
1653730800000,1755.48,1755.56,1754.23,1754.51,112.4639
1653730860000,1754.52,1755.48,1754.45,1754.53,202.3019
1653730920000,1754.53,1756.06,1754.29,1755.38,324.9453
1653730980000,1755.38,1755.56,1753.28,1753.91,345.1141
1653731040000,1753.91,1754.47,1753.04,1753.05,394.2843
1653731100000,1753.05,1754.35,1751.71,1751.8,636.7843
1653731160000,1751.8,1754.29,1751.8,1754.12,155.1108
1653731220000,1754.12,1755.99,1754.12,1755.42,182.4686
1653731280000,1755.41,1756.62,1755.02,1755.02,200.6747
1653731340000,1755.03,1755.69,1755.02,1755.69,41.2588
1653731400000,1755.69,1757.19,1755.68,1757.1,90.5394
1653731460000,1757.1,1760.05,1756.97,1758.79,264.852
1653731520000,1758.79,1759.04,1758.13,1758.2,105.2086
1653731580000,1758.2,1759.05,1757.79,1758.32,262.5423
1653731640000,1758.33,1758.56,1757.24,1757.25,79.078
1653731700000,1757.25,1757.25,1756.9,1756.91,46.5281
1653731760000,1756.92,1756.92,1755.35,1755.46,222.4513
1653731820000,1755.45,1756.24,1755.45,1756.11,90.4018
1653731880000,1756.11,1758.32,1756.11,1758.31,156.9041
1653731940000,1758.32,1758.32,1757.0,1757.0,117.2432
1653732000000,1757.01,1757.08,1756.39,1756.61,168.1993
1653732060000,1756.62,1758.41,1756.3,1757.89,225.9132
1653732120000,1757.88,1759.06,1757.86,1758.94,209.6582
1653732180000,1758.95,1758.95,1756.52,1756.52,290.0209
1653732240000,1756.53,1756.53,1755.07,1755.27,121.8612
1653732300000,1755.26,1757.0,1755.02,1756.96,358.9864
1653732360000,1756.96,1757.34,1756.6,1756.6,92.6404
1653732420000,1756.61,1756.73,1754.11,1754.13,108.4356
1653732480000,1754.12,1754.46,1752.07,1752.07,199.5941
1653732540000,1752.08,1753.58,1752.07,1752.84,319.0118
1653732600000,1752.84,1754.54,1752.56,1754.0,186.8017
1653732660000,1753.99,1754.56,1753.33,1753.33,139.1414
1653732720000,1753.33,1754.85,1753.13,1753.64,261.8644
1653732780000,1753.64,1753.64,1752.02,1752.02,151.736
1653732840000,1752.01,1752.72,1751.41,1751.49,133.8522
1653732900000,1751.5,1754.21,1751.49,1754.2,322.9921
1653732960000,1754.2,1754.98,1753.96,1753.96,143.023
1653733020000,1753.97,1754.69,1753.93,1754.3,114.625
1653733080000,1754.29,1755.44,1752.18,1752.5,742.4284
1653733140000,1752.49,1753.61,1751.92,1752.26,135.1602
1653733200000,1752.25,1752.93,1752.01,1752.11,256.8956
1653733260000,1752.12,1752.99,1752.11,1752.55,129.6137
1653733320000,1752.56,1754.7,1752.43,1754.25,280.5413
1653733380000,1754.25,1761.29,1754.24,1760.94,622.8287
1653733440000,1760.93,1762.91,1759.88,1761.31,666.0305
1653733500000,1761.3,1762.97,1760.75,1760.75,190.9266
1653733560000,1760.75,1761.77,1760.24,1761.3,295.0403
1653733620000,1761.3,1762.07,1761.29,1762.06,120.2855
1653733680000,1762.06,1763.31,1761.37,1763.3,239.9729
1653733740000,1763.31,1763.75,1763.02,1763.2,112.042
1653733800000,1763.2,1764.0,1763.19,1763.88,133.0606
1653733860000,1763.88,1763.89,1761.23,1761.23,224.6219
1653733920000,1761.23,1761.24,1759.92,1759.92,96.2299
1653733980000,1759.92,1760.43,1759.49,1759.5,64.2988
1653734040000,1759.5,1760.1,1759.27,1759.99,84.2171
1653734100000,1760.0,1760.05,1759.88,1759.88,35.8622
1653734160000,1759.88,1759.89,1758.2,1758.2,155.7845
1653734220000,1758.2,1759.31,1758.0,1759.31,132.2362
1653734280000,1759.3,1759.31,1758.34,1758.34,60.2025
1653734340000,1758.34,1758.35,1757.01,1757.25,116.9955
1653734400000,1757.24,1757.25,1755.37,1755.81,330.018
1653734460000,1755.8,1756.36,1755.07,1756.0,127.1303
1653734520000,1756.0,1756.0,1755.27,1755.41,65.4473
1653734580000,1755.41,1755.63,1755.0,1755.0,58.3248
1653734640000,1755.01,1755.38,1755.0,1755.2,38.9596
1653734700000,1755.19,1758.53,1755.19,1758.17,351.7194
1653734760000,1758.18,1758.18,1755.53,1755.53,96.8422
1653734820000,1755.54,1756.92,1754.75,1756.17,229.2865
1653734880000,1756.17,1757.82,1755.88,1757.73,116.7079
1653734940000,1757.73,1757.92,1757.22,1757.39,62.4248
1653735000000,1757.4,1762.36,1757.39,1762.12,690.9749
1653735060000,1762.11,1763.0,1761.47,1762.51,328.4571
1653735120000,1762.51,1762.7,1761.87,1761.87,46.8077
1653735180000,1761.88,1761.88,1761.0,1761.1,54.834
1653735240000,1761.09,1762.31,1761.01,1761.94,189.8014
1653735300000,1761.94,1762.17,1761.81,1762.06,85.4781
1653735360000,1762.05,1762.59,1760.15,1760.15,281.5792
1653735420000,1760.15,1760.97,1760.13,1760.49,152.283
1653735480000,1760.48,1762.5,1760.48,1762.05,182.4995
1653735540000,1762.04,1762.11,1760.44,1761.54,249.9833
1653735600000,1761.54,1761.75,1759.69,1760.82,199.7817
1653735660000,1760.83,1761.0,1759.06,1759.5,208.6411
1653735720000,1759.51,1759.51,1759.12,1759.12,24.9747
1653735780000,1759.12,1759.49,1759.12,1759.46,37.1326
1653735840000,1759.47,1760.19,1759.4,1760.1,69.2271
1653735900000,1760.09,1760.49,1759.97,1760.4,62.5345
1653735960000,1760.4,1761.07,1760.19,1761.02,102.9054
1653736020000,1761.03,1761.88,1761.02,1761.54,103.1585
1653736080000,1761.53,1763.0,1761.53,1762.97,273.0675
1653736140000,1762.98,1769.16,1762.97,1768.05,1001.4298
1653736200000,1768.05,1772.37,1766.48,1771.71,2045.2934
1653736260000,1771.71,1772.34,1770.0,1770.01,655.28
1653736320000,1770.01,1773.18,1770.0,1772.37,528.3162
1653736380000,1772.37,1774.94,1771.78,1774.14,924.8613
1653736440000,1774.13,1775.0,1773.08,1774.73,649.5002
1653736500000,1774.72,1774.73,1771.26,1771.51,964.8565
1653736560000,1771.52,1772.83,1771.27,1771.7,182.9805
1653736620000,1771.7,1771.7,1769.28,1770.26,221.285
1653736680000,1770.27,1771.39,1770.1,1770.2,240.1829
1653736740000,1770.21,1774.63,1770.2,1774.46,367.2101
1653736800000,1774.45,1774.93,1773.64,1774.23,290.8794
1653736860000,1774.24,1774.24,1772.61,1773.52,268.9469
1653736920000,1773.52,1773.96,1773.0,1773.02,295.9938
1653736980000,1773.01,1777.91,1773.01,1777.74,852.27
1653737040000,1777.73,1788.0,1777.43,1786.09,4556.8949
1653737100000,1786.09,1786.21,1782.03,1783.91,1780.793
1653737160000,1783.91,1785.65,1781.77,1782.49,1130.8881
1653737220000,1782.5,1784.0,1782.31,1783.64,269.2186
1653737280000,1783.65,1784.0,1781.9,1782.76,892.7416
1653737340000,1782.76,1784.99,1781.44,1783.17,1338.8243
1653737400000,1783.16,1783.25,1781.55,1781.64,153.6522
1653737460000,1781.65,1781.65,1779.13,1779.71,349.7072
1653737520000,1779.71,1779.83,1777.77,1778.3,352.1327
1653737580000,1778.3,1778.3,1775.32,1775.43,328.8437
1653737640000,1775.42,1778.3,1775.42,1777.44,200.0339
1653737700000,1777.44,1777.44,1776.12,1777.2,236.6112
1653737760000,1777.21,1780.01,1777.14,1779.61,1325.6176
1653737820000,1779.62,1779.62,1778.33,1778.63,144.8732
1653737880000,1778.64,1778.7,1777.0,1777.12,114.0
1653737940000,1777.13,1779.53,1776.74,1779.17,314.3812
1653738000000,1779.17,1779.34,1778.73,1778.73,133.2275
1653738060000,1778.74,1779.0,1778.27,1779.0,84.0083
1653738120000,1778.99,1779.0,1776.6,1776.79,238.5993
1653738180000,1776.79,1776.8,1775.46,1775.8,140.0363
1653738240000,1775.79,1776.81,1775.6,1776.7,122.1519
1653738300000,1776.71,1778.0,1776.41,1776.61,127.576
1653738360000,1776.61,1776.65,1775.32,1775.37,125.2109
1653738420000,1775.38,1775.38,1773.99,1774.67,251.7442
1653738480000,1774.68,1774.68,1773.97,1774.26,213.7957
1653738540000,1774.26,1774.26,1772.49,1773.74,284.1907
1653738600000,1773.74,1773.75,1772.87,1772.94,135.9897
1653738660000,1772.95,1775.34,1772.94,1774.0,539.5421
1653738720000,1774.01,1774.01,1773.31,1773.55,47.192
1653738780000,1773.56,1774.36,1773.55,1774.06,59.7262
1653738840000,1774.07,1774.15,1773.95,1774.14,47.3665
1653738900000,1774.14,1774.15,1772.2,1772.32,206.2526
1653738960000,1772.32,1772.93,1772.32,1772.93,118.0812
1653739020000,1772.93,1774.86,1772.83,1774.48,164.6069
1653739080000,1774.47,1774.97,1773.99,1774.58,106.281
1653739140000,1774.58,1774.59,1772.95,1772.97,159.8624
1653739200000,1772.97,1775.52,1772.19,1774.93,393.6153
1653739260000,1774.93,1777.65,1774.92,1777.65,196.5175
1653739320000,1777.65,1778.69,1776.0,1776.0,223.6572
1653739380000,1776.01,1776.08,1775.16,1776.07,295.2335
1653739440000,1776.07,1776.17,1775.15,1776.16,73.2318
1653739500000,1776.16,1777.28,1776.16,1777.28,93.0747
1653739560000,1777.27,1777.89,1775.09,1775.24,269.3109
1653739620000,1775.25,1778.49,1775.24,1777.01,319.8681
1653739680000,1777.0,1777.83,1776.98,1777.0,122.4801
1653739740000,1777.0,1777.82,1776.99,1777.82,119.6308
1653739800000,1777.82,1778.16,1777.63,1777.75,147.6555
1653739860000,1777.76,1777.76,1773.97,1773.98,221.9648
1653739920000,1773.97,1775.29,1773.4,1773.41,352.2152
1653739980000,1773.42,1774.32,1772.25,1772.25,311.1186
1653740040000,1772.25,1772.3,1769.54,1769.55,473.1776
1653740100000,1769.55,1772.56,1769.51,1771.88,649.9415
1653740160000,1771.88,1772.69,1771.35,1771.75,204.0277
1653740220000,1771.75,1773.07,1770.91,1772.56,446.478
1653740280000,1772.56,1772.57,1771.18,1772.25,134.2756
1653740340000,1772.25,1774.14,1772.24,1773.55,219.8698
1653740400000,1773.54,1774.98,1773.54,1774.98,90.2586
1653740460000,1774.97,1776.95,1774.97,1776.66,115.3163
1653740520000,1776.66,1779.93,1776.65,1778.39,445.5225
1653740580000,1778.39,1779.22,1777.63,1777.64,201.4619
1653740640000,1777.64,1778.82,1777.63,1778.59,225.0338
1653740700000,1778.59,1780.7,1778.26,1780.66,247.0708
1653740760000,1780.65,1783.18,1780.57,1782.28,424.2846
1653740820000,1782.28,1786.24,1782.28,1785.71,1297.521
1653740880000,1785.7,1786.07,1783.38,1785.22,554.6138
1653740940000,1785.23,1785.68,1782.47,1783.95,399.631
1653741000000,1783.96,1783.96,1781.82,1782.91,406.8218
1653741060000,1782.91,1782.91,1781.47,1781.52,83.0296
1653741120000,1781.52,1782.91,1780.95,1782.9,191.4126
1653741180000,1782.9,1785.5,1781.84,1785.21,464.8843
1653741240000,1785.2,1785.21,1782.3,1782.65,542.0373
1653741300000,1782.64,1784.01,1782.64,1783.95,88.8266
1653741360000,1783.96,1784.11,1782.57,1783.15,156.2539
1653741420000,1783.16,1783.76,1782.63,1783.58,129.8708
1653741480000,1783.58,1784.67,1782.69,1782.69,153.8511
1653741540000,1782.69,1783.54,1782.16,1782.17,113.8831
1653741600000,1782.17,1784.0,1781.68,1783.54,157.9065
1653741660000,1783.53,1784.29,1783.11,1784.26,139.2992
1653741720000,1784.25,1785.0,1782.66,1782.67,218.927
1653741780000,1782.66,1783.74,1782.62,1783.74,142.749
1653741840000,1783.73,1783.74,1782.07,1782.31,312.157
1653741900000,1782.32,1782.32,1781.68,1782.06,209.5054
1653741960000,1782.06,1782.89,1782.06,1782.76,206.1877
1653742020000,1782.76,1782.76,1781.59,1782.76,444.5464
1653742080000,1782.76,1784.31,1782.75,1784.27,416.8495
1653742140000,1784.27,1784.37,1783.98,1784.0,271.7015
1653742200000,1783.99,1789.0,1783.99,1788.56,1336.9812
1653742260000,1788.57,1789.0,1786.0,1787.57,582.3083
1653742320000,1787.57,1788.24,1787.46,1787.93,264.8456
1653742380000,1787.93,1792.31,1787.69,1791.1,1036.6011
1653742440000,1791.09,1793.69,1790.4,1791.67,1295.5422
1653742500000,1791.68,1792.99,1790.24,1790.53,544.0543
1653742560000,1790.54,1790.54,1787.77,1788.91,649.6969
1653742620000,1788.91,1792.23,1787.41,1792.14,617.5003
1653742680000,1792.14,1793.0,1789.7,1789.7,538.8801
1653742740000,1789.71,1789.71,1786.07,1787.03,358.1148
1653742800000,1787.25,1789.3,1783.99,1784.67,885.1762
1653742860000,1784.66,1785.95,1783.34,1784.31,715.7504
1653742920000,1784.31,1785.55,1782.6,1783.29,547.9053
1653742980000,1783.29,1784.96,1782.86,1783.75,501.4112
1653743040000,1783.76,1783.98,1783.22,1783.5,177.412
1653743100000,1783.5,1784.61,1782.94,1784.12,310.3901
1653743160000,1784.13,1784.2,1783.27,1784.02,65.6953
1653743220000,1784.02,1784.84,1784.01,1784.48,129.4376
1653743280000,1784.49,1788.2,1784.48,1787.83,412.0743
1653743340000,1787.84,1787.84,1785.0,1785.07,206.026
1653743400000,1785.07,1786.39,1785.07,1786.13,275.9858
1653743460000,1786.12,1787.92,1786.12,1786.24,368.6015
1653743520000,1786.23,1790.42,1786.23,1790.42,693.0859
1653743580000,1790.42,1791.83,1789.42,1790.08,740.3805
1653743640000,1790.07,1790.08,1788.58,1789.85,323.6172
1653743700000,1789.85,1794.5,1789.84,1792.44,977.6747
1653743760000,1792.44,1793.5,1790.51,1790.75,437.0636
1653743820000,1790.75,1799.5,1790.74,1797.41,2150.0712
1653743880000,1797.42,1801.67,1795.7,1799.98,12698.753
1653743940000,1799.98,1800.28,1795.13,1798.79,1574.3061
1653744000000,1798.79,1798.79,1795.15,1797.78,642.6587
1653744060000,1797.78,1798.61,1796.32,1798.23,612.3885
1653744120000,1798.23,1798.64,1797.1,1797.51,609.9711
1653744180000,1797.51,1798.04,1795.04,1797.3,442.6228
1653744240000,1797.3,1797.31,1794.21,1794.53,596.0264
1653744300000,1794.54,1794.54,1790.76,1791.32,919.9151
1653744360000,1791.33,1791.53,1790.18,1790.54,568.2642
1653744420000,1790.55,1791.26,1789.57,1789.68,280.898
1653744480000,1789.67,1790.42,1788.6,1788.79,719.8796
1653744540000,1788.79,1790.19,1787.24,1790.18,457.0075
1653744600000,1790.18,1791.17,1787.91,1788.12,350.1044
1653744660000,1788.12,1789.0,1786.46,1786.46,647.1807
1653744720000,1786.46,1786.55,1785.26,1785.27,399.5319
1653744780000,1785.26,1785.49,1783.75,1784.99,527.044
1653744840000,1784.99,1788.66,1784.99,1788.65,258.7554
1653744900000,1788.65,1788.77,1785.6,1786.61,382.5348
1653744960000,1786.61,1787.14,1786.6,1786.85,74.4677
1653745020000,1786.84,1788.0,1786.13,1786.14,268.9504
1653745080000,1786.13,1787.66,1786.13,1787.66,138.6852
1653745140000,1787.66,1790.34,1787.65,1788.72,297.5845
1653745200000,1788.72,1793.69,1788.72,1792.0,791.4132
1653745260000,1792.01,1793.39,1790.1,1793.38,350.4106
1653745320000,1793.39,1793.39,1790.38,1790.68,247.2106
1653745380000,1790.68,1791.36,1789.15,1789.16,178.9858
1653745440000,1789.16,1789.5,1784.48,1784.63,752.7455
1653745500000,1784.63,1787.17,1784.63,1785.58,545.1202
1653745560000,1785.58,1787.68,1785.57,1786.3,201.4719
1653745620000,1786.31,1786.43,1785.36,1785.37,145.6248
1653745680000,1785.37,1785.91,1785.18,1785.69,109.129
1653745740000,1785.69,1787.11,1785.69,1786.75,199.4436
1653745800000,1786.75,1787.15,1784.33,1784.52,421.0629
1653745860000,1784.52,1787.47,1784.52,1787.47,446.963
1653745920000,1787.47,1787.66,1784.69,1785.65,347.6969
1653745980000,1785.64,1785.7,1784.94,1785.01,105.2142
1653746040000,1785.0,1787.45,1785.0,1787.29,174.967
1653746100000,1787.28,1788.22,1787.16,1788.12,198.5627
1653746160000,1788.11,1788.7,1787.92,1788.57,198.5254
1653746220000,1788.57,1788.98,1788.21,1788.22,1172.7418
1653746280000,1788.22,1788.94,1787.92,1788.91,135.2974
1653746340000,1788.91,1789.61,1788.14,1788.61,335.0377
1653746400000,1788.61,1789.99,1788.61,1789.11,172.4033
1653746460000,1789.12,1792.12,1789.1,1791.07,590.4769
1653746520000,1791.06,1792.1,1788.54,1788.55,650.5202
1653746580000,1788.54,1789.82,1788.16,1788.33,185.5377
1653746640000,1788.33,1791.0,1788.33,1790.46,189.7649
1653746700000,1790.45,1790.6,1788.22,1788.85,148.7546
1653746760000,1788.85,1789.59,1788.49,1789.31,160.1658
1653746820000,1789.32,1790.38,1789.3,1789.31,190.2598
1653746880000,1789.31,1789.31,1787.52,1787.52,812.9422
1653746940000,1787.52,1787.53,1784.5,1785.05,571.6568
1653747000000,1785.06,1785.06,1781.11,1781.82,851.3057
1653747060000,1781.82,1784.0,1781.82,1782.97,252.289
1653747120000,1782.97,1783.0,1779.65,1780.89,723.6532
1653747180000,1780.9,1781.64,1779.19,1780.13,510.8007
1653747240000,1780.13,1781.47,1780.1,1780.49,296.1036
1653747300000,1780.49,1781.0,1779.42,1780.63,202.6192
1653747360000,1780.63,1781.4,1779.44,1780.01,213.9655
1653747420000,1780.01,1780.23,1778.82,1778.83,179.9921
1653747480000,1778.83,1779.71,1778.27,1779.3,414.7891
1653747540000,1779.3,1782.0,1779.3,1781.01,524.2158
1653747600000,1781.01,1782.79,1781.0,1781.31,308.4395
1653747660000,1781.32,1781.32,1780.33,1780.34,74.0479
1653747720000,1780.33,1782.38,1780.22,1780.86,337.1975
1653747780000,1780.86,1783.28,1780.17,1780.84,459.7677
1653747840000,1780.83,1782.12,1780.83,1781.36,100.3893
1653747900000,1781.35,1781.79,1780.92,1780.92,155.1424
1653747960000,1780.93,1781.51,1780.21,1781.51,86.1397
1653748020000,1781.51,1781.73,1781.21,1781.3,94.7476
1653748080000,1781.31,1781.5,1780.28,1781.0,101.4271
1653748140000,1781.0,1781.66,1781.0,1781.65,82.8755
1653748200000,1781.65,1783.91,1780.52,1783.39,262.4857
1653748260000,1783.4,1784.48,1783.39,1783.75,275.885
1653748320000,1783.75,1783.75,1782.45,1782.45,145.6718
1653748380000,1782.46,1783.38,1781.76,1782.95,223.1343
1653748440000,1782.96,1785.0,1782.95,1783.86,525.5745
1653748500000,1783.86,1784.43,1783.86,1784.33,65.799
1653748560000,1784.32,1784.79,1784.32,1784.77,69.3088
1653748620000,1784.78,1784.82,1783.16,1783.28,303.2112
1653748680000,1783.28,1784.49,1783.0,1783.71,238.7789
1653748740000,1783.72,1784.36,1782.04,1782.22,470.2386
1653748800000,1782.22,1783.2,1781.59,1782.32,118.4762
1653748860000,1782.32,1784.13,1782.32,1784.13,257.8862
1653748920000,1784.12,1784.23,1781.59,1781.76,279.813
1653748980000,1781.77,1783.67,1781.29,1783.43,257.2232
1653749040000,1783.43,1784.0,1783.34,1783.99,69.5316
1653749100000,1784.0,1784.31,1781.75,1781.75,401.3715
1653749160000,1781.76,1782.01,1781.17,1781.52,390.4335
1653749220000,1781.51,1781.52,1778.57,1779.08,505.3663
1653749280000,1779.08,1780.0,1777.16,1780.0,1188.9589
1653749340000,1780.0,1780.0,1777.37,1778.73,291.1835
1653749400000,1778.74,1781.34,1778.73,1780.58,231.8352
1653749460000,1780.57,1782.0,1780.32,1780.33,140.6639
1653749520000,1780.33,1781.32,1780.16,1780.87,119.0514
1653749580000,1780.87,1781.09,1780.22,1780.22,41.9653
1653749640000,1780.22,1781.69,1780.22,1781.43,91.8327
1653749700000,1781.44,1782.25,1781.3,1781.3,83.0808
1653749760000,1781.31,1781.38,1780.88,1781.15,124.1262
1653749820000,1781.15,1781.2,1781.14,1781.19,42.9257
1653749880000,1781.19,1781.72,1781.19,1781.36,73.5535
1653749940000,1781.36,1781.58,1780.82,1780.83,59.7711
1653750000000,1780.82,1782.68,1780.82,1782.62,176.9687
1653750060000,1782.62,1782.63,1781.07,1781.6,105.6235
1653750120000,1781.6,1781.6,1778.39,1779.35,623.2146
1653750180000,1779.36,1781.9,1778.58,1781.89,645.0762
1653750240000,1781.9,1782.62,1781.46,1782.62,236.4062
1653750300000,1782.61,1785.41,1782.61,1784.98,551.0948
1653750360000,1784.98,1785.52,1784.77,1784.78,243.6704
1653750420000,1784.77,1786.79,1784.77,1786.24,243.4147
1653750480000,1786.23,1786.53,1786.08,1786.29,159.4166
1653750540000,1786.29,1787.0,1783.22,1783.87,694.0556
1653750600000,1783.86,1784.24,1783.1,1783.16,172.2873
1653750660000,1783.17,1784.11,1783.03,1784.11,93.7672
1653750720000,1784.11,1784.11,1783.94,1784.1,55.6119
1653750780000,1784.1,1784.92,1783.44,1783.74,215.5726
1653750840000,1783.73,1786.54,1783.73,1785.23,172.6857
1653750900000,1785.23,1786.48,1785.23,1786.48,224.3017
1653750960000,1786.48,1788.99,1786.47,1787.9,426.2833
1653751020000,1787.9,1787.98,1785.87,1786.48,420.7677
1653751080000,1786.48,1786.61,1785.41,1785.58,128.3593
1653751140000,1785.59,1785.99,1785.5,1785.6,193.8262
1653751200000,1785.61,1786.4,1785.21,1786.01,194.851
1653751260000,1786.01,1788.33,1786.01,1788.12,158.7262
1653751320000,1788.12,1788.5,1787.0,1787.76,190.5071
1653751380000,1787.77,1789.72,1787.76,1789.53,173.1332
1653751440000,1789.54,1789.86,1789.14,1789.7,172.7247
1653751500000,1789.7,1789.7,1788.0,1788.01,96.5285
1653751560000,1788.01,1789.98,1787.89,1789.97,326.8645
1653751620000,1789.97,1790.66,1788.76,1789.51,371.9066
1653751680000,1789.52,1793.16,1787.3,1792.73,1058.0253
1653751740000,1792.73,1792.74,1791.72,1791.8,269.8522
1653751800000,1791.8,1794.48,1791.47,1793.66,452.0352
1653751860000,1793.65,1797.73,1793.48,1795.63,1526.7281
1653751920000,1795.63,1805.89,1795.41,1802.46,3003.7486
1653751980000,1802.47,1803.85,1800.17,1801.67,2290.6239
1653752040000,1801.68,1803.76,1801.68,1803.17,1235.9994
1653752100000,1803.18,1808.33,1802.41,1804.11,1823.6984
1653752160000,1804.12,1808.98,1803.76,1807.66,917.5841
1653752220000,1807.66,1807.66,1804.57,1805.57,723.4455
1653752280000,1805.58,1805.59,1802.31,1804.64,644.3024
1653752340000,1804.65,1804.65,1802.39,1803.4,478.8752
1653752400000,1803.39,1803.4,1801.03,1802.42,409.2834
1653752460000,1802.43,1802.43,1799.69,1800.91,400.5044
1653752520000,1800.91,1802.25,1799.47,1800.41,391.02
1653752580000,1800.42,1800.42,1797.36,1798.7,326.9193
1653752640000,1798.71,1799.76,1796.75,1797.21,896.5151
1653752700000,1797.2,1799.14,1797.13,1797.5,524.9737
1653752760000,1797.5,1798.68,1794.95,1795.95,659.2567
1653752820000,1795.95,1796.0,1794.15,1794.38,575.3715
1653752880000,1794.39,1795.13,1792.87,1792.9,499.1982
1653752940000,1792.89,1795.0,1792.66,1793.31,417.0418
1653753000000,1793.31,1794.85,1792.95,1794.77,231.2045
1653753060000,1794.77,1796.59,1794.77,1795.4,173.8049
1653753120000,1795.4,1799.4,1795.4,1799.05,777.1884
1653753180000,1799.04,1800.94,1798.63,1799.45,430.3084
1653753240000,1799.45,1799.54,1797.19,1797.19,242.213
1653753300000,1797.2,1798.99,1796.6,1797.05,202.2437
1653753360000,1797.04,1797.05,1794.52,1794.52,448.4719
1653753420000,1794.53,1795.92,1794.53,1794.88,110.6318
1653753480000,1794.89,1795.04,1794.65,1794.88,62.4214
1653753540000,1794.89,1795.62,1794.19,1795.11,217.7888
1653753600000,1795.12,1795.27,1789.2,1791.42,1433.0552
1653753660000,1791.43,1792.8,1790.0,1790.78,605.779
1653753720000,1790.77,1792.55,1789.9,1791.49,818.063
1653753780000,1791.49,1794.22,1790.77,1793.91,647.6866
1653753840000,1793.91,1794.73,1791.57,1794.1,459.1973
1653753900000,1794.1,1795.02,1793.34,1793.41,530.9599
1653753960000,1793.41,1794.05,1791.43,1792.97,447.2694
1653754020000,1792.96,1794.2,1791.89,1793.09,542.3526
1653754080000,1793.08,1793.09,1792.23,1792.87,144.4811
1653754140000,1792.87,1793.96,1792.85,1793.74,58.3769
1653754200000,1793.74,1794.44,1793.43,1794.42,72.731
1653754260000,1794.41,1794.44,1794.0,1794.0,80.4595
1653754320000,1794.01,1794.2,1792.9,1792.99,81.2188
1653754380000,1792.99,1792.99,1790.0,1791.63,300.7646
1653754440000,1791.63,1791.86,1790.06,1790.69,247.3149
1653754500000,1790.69,1790.83,1789.08,1789.18,243.6858
1653754560000,1789.17,1789.54,1787.0,1787.71,1104.814
1653754620000,1787.71,1789.0,1784.0,1788.39,1303.1348
1653754680000,1788.39,1788.39,1787.19,1787.84,94.6384
1653754740000,1787.83,1789.49,1787.64,1789.49,146.6374
1653754800000,1789.49,1790.51,1789.3,1790.5,86.3997
1653754860000,1790.5,1792.01,1790.5,1791.98,173.1261
1653754920000,1791.99,1792.14,1790.53,1790.88,128.9839
1653754980000,1790.88,1794.13,1790.88,1793.61,517.8205
1653755040000,1793.61,1794.57,1793.19,1794.23,193.391
1653755100000,1794.23,1795.57,1794.22,1794.5,213.9849
1653755160000,1794.5,1794.57,1793.2,1793.66,113.1849
1653755220000,1793.66,1795.16,1793.65,1794.55,162.042
1653755280000,1794.54,1798.31,1794.54,1797.18,1068.1538
1653755340000,1797.19,1798.06,1795.53,1796.07,264.9883
1653755400000,1796.07,1797.13,1795.8,1797.12,157.2234
1653755460000,1797.12,1798.15,1796.74,1798.14,241.509
1653755520000,1798.14,1798.15,1795.54,1796.31,217.0457
1653755580000,1796.3,1797.22,1795.97,1796.95,84.1545
1653755640000,1796.94,1798.34,1796.94,1797.78,119.6089
1653755700000,1797.77,1798.89,1797.52,1798.88,170.9744
1653755760000,1798.89,1798.93,1795.97,1796.01,272.7358
1653755820000,1796.01,1796.01,1794.8,1794.99,288.6569
1653755880000,1795.0,1796.86,1794.99,1796.21,231.174
1653755940000,1796.21,1796.25,1794.81,1794.98,185.178
1653756000000,1794.99,1795.08,1794.56,1795.08,82.3603
1653756060000,1795.07,1795.11,1794.75,1794.86,89.7874
1653756120000,1794.86,1795.21,1794.47,1794.48,85.2162
1653756180000,1794.47,1794.53,1793.88,1794.31,383.2341
1653756240000,1794.32,1794.82,1792.52,1793.15,481.3264
1653756300000,1793.16,1794.81,1793.1,1794.67,368.644
1653756360000,1794.67,1794.81,1794.59,1794.76,58.3616
1653756420000,1794.75,1794.76,1793.97,1794.23,74.562
1653756480000,1794.22,1794.25,1793.72,1794.24,47.5921
1653756540000,1794.25,1794.34,1791.14,1792.28,1547.6465
1653756600000,1792.28,1792.58,1789.77,1789.77,1362.4522
1653756660000,1789.77,1790.4,1788.51,1789.43,249.6265
1653756720000,1789.44,1789.46,1788.96,1789.45,107.5331
1653756780000,1789.46,1789.46,1786.51,1787.22,1502.1225
1653756840000,1787.23,1787.31,1781.64,1782.99,2196.4579
1653756900000,1782.98,1784.68,1782.54,1784.14,938.0251
1653756960000,1784.14,1784.14,1780.27,1781.0,973.0973
1653757020000,1780.99,1781.44,1779.52,1780.0,447.4721
1653757080000,1779.99,1780.64,1772.86,1773.37,3910.291
1653757140000,1773.37,1776.91,1771.73,1773.52,2823.5355
1653757200000,1773.51,1776.0,1771.18,1775.1,714.7694
1653757260000,1775.09,1775.1,1770.28,1770.61,1298.8966
1653757320000,1770.61,1771.13,1765.0,1769.66,1523.9368
1653757380000,1769.66,1770.89,1767.14,1767.26,1012.4745
1653757440000,1767.27,1767.33,1765.72,1766.86,685.9411
1653757500000,1766.85,1769.1,1766.85,1768.93,164.2753
1653757560000,1768.94,1769.61,1768.11,1768.54,346.6061
1653757620000,1768.53,1768.65,1764.74,1765.62,678.2947
1653757680000,1765.61,1765.95,1764.16,1764.85,232.8985
1653757740000,1764.85,1765.3,1762.65,1765.3,621.9795
1653757800000,1765.3,1767.38,1765.29,1767.38,285.9891
1653757860000,1767.37,1768.27,1766.58,1766.74,258.9615
1653757920000,1766.74,1766.74,1765.3,1766.51,258.65
1653757980000,1766.51,1767.72,1766.5,1766.96,348.7233
1653758040000,1766.95,1766.99,1766.42,1766.98,96.6138
1653758100000,1766.97,1784.0,1760.0,1783.95,9863.4456
1653758160000,1783.93,1791.99,1781.0,1782.58,4819.9497
1653758220000,1782.58,1783.23,1778.64,1778.65,2644.8578
1653758280000,1778.9,1781.13,1775.72,1779.31,2692.881
1653758340000,1779.31,1781.94,1777.65,1777.69,2633.9865
1653758400000,1777.7,1779.79,1775.95,1777.16,1728.3128
1653758460000,1777.16,1781.24,1776.4,1780.53,2009.5582
1653758520000,1780.52,1780.87,1775.64,1777.39,3185.0766
1653758580000,1777.4,1778.57,1770.95,1773.63,1180.7166
1653758640000,1773.64,1773.64,1768.66,1771.34,902.9644
1653758700000,1771.34,1771.91,1768.09,1769.98,854.8038
1653758760000,1769.99,1770.84,1768.42,1769.68,351.9822
1653758820000,1769.69,1770.26,1769.0,1769.38,386.5238
1653758880000,1769.37,1769.9,1766.78,1769.9,656.2208
1653758940000,1769.9,1773.83,1769.63,1773.62,596.054
1653759000000,1773.63,1776.05,1771.76,1774.37,654.2573
1653759060000,1774.37,1776.0,1773.64,1773.64,600.8937
1653759120000,1773.64,1776.08,1773.6,1776.07,178.9257
1653759180000,1776.08,1776.48,1775.92,1776.22,186.7776
1653759240000,1776.22,1776.22,1771.28,1774.77,506.9559
1653759300000,1774.77,1777.03,1774.76,1775.89,243.9377
1653759360000,1775.88,1776.97,1775.87,1776.41,244.8553
1653759420000,1776.42,1776.42,1773.1,1773.1,313.0793
1653759480000,1773.1,1773.16,1771.85,1771.97,220.8476
1653759540000,1771.97,1774.37,1770.58,1771.02,297.5189
1653759600000,1771.02,1773.98,1770.57,1773.06,222.9209
1653759660000,1773.05,1775.54,1773.04,1774.43,294.9867
1653759720000,1774.43,1774.64,1774.15,1774.27,74.0984
1653759780000,1774.26,1776.31,1774.26,1775.86,133.8581
1653759840000,1775.86,1776.22,1775.58,1775.59,84.6704
1653759900000,1775.59,1776.76,1775.58,1776.5,135.8293
1653759960000,1776.5,1778.36,1775.6,1775.96,577.5112
1653760020000,1775.96,1776.16,1774.03,1775.32,173.1353
1653760080000,1775.31,1775.32,1772.69,1774.97,338.282
1653760140000,1774.96,1775.58,1774.36,1775.27,151.8905
1653760200000,1775.26,1775.47,1774.36,1774.37,113.6665
1653760260000,1774.36,1774.79,1772.4,1772.41,133.6007
1653760320000,1772.41,1774.51,1772.0,1773.4,286.7305
1653760380000,1773.4,1775.49,1772.82,1772.83,306.0694
1653760440000,1772.82,1773.99,1772.81,1773.93,185.8016
1653760500000,1773.94,1774.62,1773.93,1774.3,81.6669
1653760560000,1774.31,1776.84,1773.89,1776.76,176.9251
1653760620000,1776.77,1778.21,1776.37,1777.12,190.5856
1653760680000,1777.12,1777.29,1775.9,1776.27,140.8052
1653760740000,1776.26,1776.66,1776.2,1776.65,232.9131
1653760800000,1776.65,1778.91,1776.58,1778.48,491.0499
1653760860000,1778.48,1781.04,1778.45,1780.67,370.8677
1653760920000,1780.66,1781.18,1778.99,1780.73,224.5993
1653760980000,1780.73,1780.73,1779.01,1779.41,203.3506
1653761040000,1779.42,1779.78,1778.48,1779.77,272.3813
1653761100000,1779.78,1781.58,1779.77,1781.35,237.106
1653761160000,1781.34,1781.35,1780.12,1780.98,213.5576
1653761220000,1780.97,1780.98,1780.21,1780.36,235.271
1653761280000,1780.35,1780.64,1777.94,1780.37,438.4931
1653761340000,1780.38,1780.38,1779.52,1779.8,122.46
1653761400000,1779.81,1779.81,1778.99,1778.99,88.3512
1653761460000,1779.0,1780.05,1778.81,1779.77,149.2379
1653761520000,1779.77,1781.51,1779.59,1781.5,119.0025
1653761580000,1781.5,1781.72,1780.07,1781.65,191.9972
1653761640000,1781.65,1782.55,1781.35,1782.54,299.0866
1653761700000,1782.54,1782.55,1781.24,1781.3,199.7808
1653761760000,1781.29,1783.54,1780.29,1783.44,285.725
1653761820000,1783.43,1785.7,1783.43,1784.19,324.9762
1653761880000,1784.19,1784.98,1784.18,1784.68,91.4598
1653761940000,1784.68,1784.69,1783.08,1783.52,240.8442
1653762000000,1783.53,1783.53,1782.65,1782.66,127.2396
1653762060000,1782.66,1783.06,1782.18,1782.61,195.6131
1653762120000,1782.62,1784.85,1782.56,1784.37,337.9891
1653762180000,1784.37,1784.37,1783.0,1783.0,112.5634
1653762240000,1783.0,1783.02,1782.03,1782.04,110.4751
1653762300000,1782.04,1784.97,1782.0,1783.35,264.3716
1653762360000,1783.36,1784.0,1782.65,1783.99,176.453
1653762420000,1784.0,1784.0,1783.7,1783.91,57.971
1653762480000,1783.92,1783.92,1782.28,1782.61,165.6035
1653762540000,1782.62,1783.26,1782.51,1783.12,81.6218
1653762600000,1783.13,1783.99,1782.63,1783.98,191.762
1653762660000,1783.99,1786.93,1783.98,1786.72,470.7242
1653762720000,1786.72,1787.82,1785.79,1786.97,331.9965
1653762780000,1786.98,1787.0,1785.34,1786.57,186.0999
1653762840000,1786.57,1786.57,1784.63,1784.92,317.9794
1653762900000,1784.92,1784.93,1784.27,1784.91,169.8816
1653762960000,1784.91,1788.5,1784.25,1787.74,731.2226
1653763020000,1787.75,1788.88,1787.44,1787.67,236.535
1653763080000,1787.68,1788.42,1786.83,1786.84,97.4514
1653763140000,1786.83,1787.12,1786.47,1786.82,161.2193
1653763200000,1786.82,1787.25,1786.81,1786.82,67.8012
1653763260000,1786.82,1787.66,1785.62,1787.39,203.0717
1653763320000,1787.39,1787.48,1786.99,1787.36,38.0475
1653763380000,1787.37,1787.37,1784.05,1784.05,201.8255
1653763440000,1784.06,1785.66,1784.05,1785.66,134.4242
1653763500000,1785.65,1787.0,1784.89,1785.94,253.8089
1653763560000,1785.93,1786.91,1785.57,1786.54,151.6425
1653763620000,1786.54,1786.9,1786.19,1786.67,131.039
1653763680000,1786.68,1786.92,1786.23,1786.23,90.8345
1653763740000,1786.23,1786.24,1786.23,1786.23,25.9455
1653763800000,1786.23,1786.49,1785.2,1785.2,136.5329
1653763860000,1785.21,1788.12,1785.2,1787.97,318.1114
1653763920000,1787.97,1788.5,1787.96,1788.31,83.5427
1653763980000,1788.31,1788.31,1786.49,1787.24,295.7989
1653764040000,1787.24,1787.25,1787.13,1787.14,88.6375
1653764100000,1787.13,1787.14,1787.13,1787.13,23.9372
1653764160000,1787.13,1787.15,1786.0,1786.43,203.1415
1653764220000,1786.43,1788.0,1786.43,1787.23,139.9854
1653764280000,1787.23,1789.64,1787.02,1789.62,413.5566
1653764340000,1789.63,1790.65,1788.7,1788.76,459.1003
1653764400000,1788.77,1790.42,1788.76,1790.07,119.2737
1653764460000,1790.06,1790.07,1787.51,1787.58,221.518
1653764520000,1787.59,1787.7,1787.19,1787.2,236.3052
1653764580000,1787.2,1789.29,1786.71,1788.14,179.3139
1653764640000,1788.14,1788.78,1788.14,1788.74,79.5559
1653764700000,1788.75,1788.75,1787.95,1788.34,150.5027
1653764760000,1788.35,1788.49,1787.81,1788.14,138.6522
1653764820000,1788.15,1788.15,1788.0,1788.01,99.5026
1653764880000,1788.0,1788.01,1786.26,1787.32,253.9495
1653764940000,1787.33,1787.35,1787.13,1787.13,64.9793
1653765000000,1787.14,1787.14,1786.63,1787.1,151.5523
1653765060000,1787.1,1787.22,1785.1,1786.17,454.8469
1653765120000,1786.17,1786.4,1785.44,1785.61,191.1743
1653765180000,1785.61,1787.44,1785.1,1787.05,254.4206
1653765240000,1787.05,1787.06,1783.97,1784.92,479.9908
1653765300000,1784.93,1785.97,1784.05,1784.05,410.5567
1653765360000,1784.05,1784.58,1784.05,1784.06,100.8604
1653765420000,1784.05,1784.06,1782.44,1783.47,446.6296
1653765480000,1783.46,1783.47,1782.98,1783.24,86.184
1653765540000,1783.24,1785.52,1783.23,1785.03,247.4983
1653765600000,1785.03,1785.24,1784.48,1785.16,79.2271
1653765660000,1785.16,1785.24,1784.0,1784.0,88.5601
1653765720000,1784.01,1784.27,1784.0,1784.27,37.9573
1653765780000,1784.27,1784.34,1784.0,1784.0,39.0081
1653765840000,1784.0,1784.29,1784.0,1784.29,49.1884
1653765900000,1784.28,1784.29,1781.3,1783.68,534.9065
1653765960000,1783.67,1783.76,1783.0,1783.01,134.2218
1653766020000,1783.0,1784.0,1783.0,1783.49,89.3399
1653766080000,1783.48,1783.49,1782.96,1783.48,111.6828
1653766140000,1783.49,1783.5,1781.8,1781.8,72.5074
1653766200000,1781.81,1783.22,1781.8,1783.03,133.506
1653766260000,1783.02,1783.03,1782.35,1782.65,74.1584
1653766320000,1782.65,1783.45,1782.64,1783.2,65.2978
1653766380000,1783.19,1783.37,1783.07,1783.36,28.7305
1653766440000,1783.36,1783.41,1781.31,1781.32,150.9918
1653766500000,1781.32,1781.67,1781.3,1781.48,124.1502
1653766560000,1781.48,1783.1,1781.47,1783.1,199.6952
1653766620000,1783.09,1785.44,1783.09,1784.16,306.1582
1653766680000,1784.15,1784.99,1784.15,1784.98,61.5993
1653766740000,1784.98,1785.38,1784.98,1785.0,80.8626
1653766800000,1785.01,1786.73,1785.0,1786.28,142.6892
1653766860000,1786.28,1786.28,1785.31,1785.32,89.1753
1653766920000,1785.31,1787.76,1785.31,1786.35,268.4173
1653766980000,1786.35,1786.36,1786.0,1786.01,30.6137
1653767040000,1786.0,1786.01,1785.3,1785.72,164.1188
1653767100000,1785.71,1788.39,1785.71,1788.39,1285.4503
1653767160000,1788.4,1790.66,1788.4,1789.75,860.9078
1653767220000,1789.76,1793.87,1789.75,1793.21,709.7089
1653767280000,1793.2,1794.03,1792.58,1794.03,383.3408
1653767340000,1794.03,1795.67,1792.69,1795.49,1211.2855
1653767400000,1795.42,1795.93,1794.0,1795.93,268.3045
1653767460000,1795.92,1797.41,1795.64,1797.4,304.1032
1653767520000,1797.41,1797.41,1795.8,1795.81,291.1871
1653767580000,1795.8,1798.33,1795.67,1798.08,327.427
1653767640000,1798.07,1800.0,1797.0,1798.55,1136.0666
1653767700000,1798.55,1798.77,1796.62,1797.49,523.1631
1653767760000,1797.48,1797.49,1795.18,1796.69,344.1251
1653767820000,1796.68,1796.69,1794.9,1794.9,163.1634
1653767880000,1794.9,1794.91,1793.26,1793.33,159.7624
1653767940000,1793.33,1793.74,1792.17,1793.56,241.3931
1653768000000,1793.57,1793.57,1790.17,1790.59,760.5344
1653768060000,1790.59,1791.8,1790.05,1791.58,150.006
1653768120000,1791.58,1794.28,1791.57,1793.58,193.7339
1653768180000,1793.58,1794.02,1791.4,1791.41,251.6583
1653768240000,1791.4,1791.93,1790.62,1790.62,166.246
1653768300000,1790.62,1790.87,1789.36,1790.0,225.3256
1653768360000,1790.0,1791.25,1789.19,1789.19,331.4027
1653768420000,1789.19,1790.21,1788.6,1790.21,191.0381
1653768480000,1790.21,1792.23,1790.2,1792.0,179.6693
1653768540000,1792.01,1792.21,1791.79,1791.88,147.5572
1653768600000,1791.89,1791.89,1791.6,1791.6,52.7943
1653768660000,1791.6,1791.61,1789.17,1789.24,151.0423
1653768720000,1789.25,1790.81,1787.66,1788.08,227.1271
1653768780000,1788.09,1788.67,1787.67,1788.67,141.1116
1653768840000,1788.66,1788.69,1787.66,1788.36,209.6804
1653768900000,1788.37,1790.1,1788.16,1790.09,168.5921
1653768960000,1790.09,1791.0,1789.3,1789.62,216.2632
1653769020000,1789.62,1789.87,1788.98,1789.87,61.7786
1653769080000,1789.87,1790.46,1789.86,1790.32,46.0505
1653769140000,1790.32,1791.76,1789.87,1791.23,213.6806
1653769200000,1791.23,1791.31,1790.68,1790.79,73.9878
1653769260000,1790.78,1790.79,1789.7,1789.76,67.6976
1653769320000,1789.77,1789.77,1787.67,1788.3,171.0253
1653769380000,1788.31,1788.79,1787.84,1788.0,145.5864
1653769440000,1788.0,1788.61,1787.84,1788.07,82.9096
1653769500000,1788.06,1788.68,1788.0,1788.2,224.9031
1653769560000,1788.19,1788.2,1786.78,1786.78,238.7118
1653769620000,1786.78,1787.74,1786.63,1787.74,316.8984
1653769680000,1787.73,1789.0,1787.73,1788.56,140.2964
1653769740000,1788.57,1789.0,1788.56,1788.61,103.0521
1653769800000,1788.62,1788.92,1787.43,1788.26,189.0418
1653769860000,1788.25,1788.45,1788.25,1788.34,95.5951
1653769920000,1788.35,1788.35,1786.64,1787.22,215.8955
1653769980000,1787.21,1787.22,1786.44,1786.69,70.4468
1653770040000,1786.7,1786.7,1786.65,1786.65,19.9316
1653770100000,1786.65,1786.66,1785.25,1785.65,157.8475
1653770160000,1785.64,1789.33,1785.64,1788.0,331.8294
1653770220000,1788.0,1788.0,1787.01,1787.53,101.4173
1653770280000,1787.54,1788.25,1787.43,1787.44,132.3109
1653770340000,1787.43,1790.0,1787.37,1789.99,255.0876
1653770400000,1789.98,1790.81,1789.46,1790.8,82.765
1653770460000,1790.8,1792.52,1790.64,1792.31,168.2808
1653770520000,1792.31,1792.32,1791.86,1791.98,80.399
1653770580000,1791.97,1791.98,1791.29,1791.4,181.2387
1653770640000,1791.41,1791.41,1790.27,1790.4,64.8182
1653770700000,1790.41,1790.41,1789.43,1789.77,106.0969
1653770760000,1789.78,1790.41,1789.23,1790.4,92.5991
1653770820000,1790.41,1791.18,1790.29,1790.38,71.4335
1653770880000,1790.39,1790.47,1790.24,1790.47,69.7005
1653770940000,1790.47,1791.3,1790.46,1791.29,49.2176
1653771000000,1791.29,1793.0,1791.29,1792.52,127.5819
1653771060000,1792.51,1792.59,1791.7,1792.2,103.6471
1653771120000,1792.19,1792.56,1791.87,1791.88,58.0965
1653771180000,1791.88,1791.95,1791.32,1791.32,38.5511
1653771240000,1791.33,1793.66,1791.17,1793.65,129.5013
1653771300000,1793.65,1793.66,1792.21,1792.22,167.639
1653771360000,1792.21,1792.22,1790.29,1790.63,138.2016
1653771420000,1790.63,1791.33,1790.61,1790.62,78.1692
1653771480000,1790.61,1793.95,1790.42,1793.87,283.6307
1653771540000,1793.87,1793.88,1793.01,1793.62,168.3929
1653771600000,1793.62,1796.2,1793.27,1795.73,309.5601
1653771660000,1795.74,1796.65,1794.26,1795.83,221.6654
1653771720000,1795.83,1796.72,1795.16,1796.06,181.6741
1653771780000,1796.07,1796.07,1795.01,1795.78,130.5123
1653771840000,1795.79,1795.79,1794.85,1795.64,63.8677
1653771900000,1795.64,1798.77,1795.64,1796.84,377.4683
1653771960000,1796.84,1797.44,1796.74,1796.83,115.1067
1653772020000,1796.83,1797.7,1795.57,1795.58,307.6133
1653772080000,1795.58,1795.91,1793.34,1793.35,213.9366
1653772140000,1793.34,1793.35,1792.7,1792.71,153.1827
1653772200000,1792.71,1792.99,1792.66,1792.75,72.219
1653772260000,1792.75,1792.87,1792.02,1792.06,51.9348
1653772320000,1792.06,1792.44,1791.8,1792.44,77.1686
1653772380000,1792.44,1792.44,1791.17,1791.17,111.7611
1653772440000,1791.17,1791.68,1791.0,1791.64,71.0962
1653772500000,1791.65,1791.65,1791.24,1791.54,47.0614
1653772560000,1791.54,1791.93,1791.54,1791.92,24.3415
1653772620000,1791.93,1792.8,1791.92,1792.8,74.6279
1653772680000,1792.79,1793.0,1792.23,1792.52,84.933
1653772740000,1792.52,1793.88,1792.52,1793.81,118.0638
1653772800000,1793.8,1794.99,1793.8,1793.99,164.6735
1653772860000,1793.99,1794.0,1793.82,1793.93,67.8411
1653772920000,1793.93,1794.0,1790.84,1791.28,226.6313
1653772980000,1791.28,1792.04,1790.55,1790.55,126.2977
1653773040000,1790.55,1790.56,1787.13,1787.16,624.7046
1653773100000,1787.17,1787.96,1787.16,1787.17,533.7102
1653773160000,1787.16,1787.34,1787.16,1787.17,97.7792
1653773220000,1787.17,1787.28,1787.17,1787.17,29.0567
1653773280000,1787.18,1787.18,1784.82,1787.07,842.0361
1653773340000,1787.08,1787.41,1787.02,1787.3,169.057
1653773400000,1787.29,1787.3,1787.0,1787.0,14.4065
1653773460000,1787.0,1787.01,1786.82,1786.82,36.0707
1653773520000,1786.82,1786.83,1786.64,1786.65,37.0148
1653773580000,1786.65,1786.78,1786.31,1786.32,38.7811
1653773640000,1786.31,1786.66,1786.31,1786.65,20.3597
1653773700000,1786.65,1786.66,1786.22,1786.22,48.7876
1653773760000,1786.22,1786.58,1786.22,1786.58,51.4928
1653773820000,1786.57,1787.34,1786.57,1787.34,49.7864
1653773880000,1787.34,1787.75,1787.33,1787.74,52.7669
1653773940000,1787.74,1789.34,1787.74,1789.33,174.8242
1653774000000,1789.34,1789.34,1789.2,1789.22,108.902
1653774060000,1789.21,1789.22,1788.59,1788.72,43.0308
1653774120000,1788.73,1789.09,1788.59,1789.07,72.3038
1653774180000,1789.07,1790.0,1789.07,1789.53,128.5718
1653774240000,1789.53,1789.75,1787.49,1787.7,103.4655
1653774300000,1787.69,1787.89,1787.48,1787.59,71.2603
1653774360000,1787.6,1787.68,1787.2,1787.57,55.6055
1653774420000,1787.57,1787.81,1787.21,1787.81,59.9854
1653774480000,1787.8,1789.2,1787.8,1789.01,87.7403
1653774540000,1789.02,1789.49,1787.8,1787.81,86.766
1653774600000,1787.81,1787.81,1785.66,1785.66,172.7246
1653774660000,1785.66,1787.51,1784.96,1785.94,320.8729
1653774720000,1785.94,1787.57,1785.94,1786.57,186.5301
1653774780000,1786.58,1787.22,1786.57,1786.6,77.6393
1653774840000,1786.59,1787.11,1786.59,1787.1,14.5623
1653774900000,1787.1,1787.78,1785.58,1785.58,220.1412
1653774960000,1785.58,1786.32,1784.97,1785.21,259.3345
1653775020000,1785.21,1785.69,1784.39,1785.04,227.399
1653775080000,1785.03,1785.92,1785.03,1785.4,70.4181
1653775140000,1785.41,1785.41,1783.68,1784.45,147.6122
1653775200000,1784.45,1784.86,1781.78,1781.99,355.4399
1653775260000,1781.98,1781.99,1779.17,1779.86,335.489
1653775320000,1779.87,1781.27,1778.68,1779.91,261.4706
1653775380000,1779.92,1781.67,1779.0,1779.0,147.9502
1653775440000,1779.0,1781.11,1779.0,1780.35,204.1276
1653775500000,1780.34,1780.99,1780.34,1780.88,117.3643
1653775560000,1780.89,1782.06,1780.22,1781.43,202.9557
1653775620000,1781.43,1782.52,1781.42,1782.38,87.7276
1653775680000,1782.37,1782.71,1781.43,1781.44,160.7602
1653775740000,1781.45,1782.26,1781.44,1782.26,35.298
1653775800000,1782.26,1783.4,1781.97,1783.39,147.0939
1653775860000,1783.39,1783.4,1783.2,1783.21,26.2387
1653775920000,1783.21,1783.21,1782.46,1782.96,135.75
1653775980000,1782.96,1783.05,1782.96,1783.05,10.4546
1653776040000,1783.04,1784.63,1782.1,1782.11,174.5214
1653776100000,1782.11,1782.11,1781.19,1781.19,74.9124
1653776160000,1781.19,1782.57,1780.62,1780.66,167.9149
1653776220000,1780.67,1780.69,1779.16,1779.34,109.5862
1653776280000,1779.35,1780.23,1779.17,1779.18,114.5185
1653776340000,1779.17,1779.78,1779.06,1779.77,56.3811
1653776400000,1779.78,1779.8,1779.58,1779.59,58.3694
1653776460000,1779.59,1781.33,1779.58,1781.08,103.169
1653776520000,1781.07,1781.2,1779.47,1779.48,99.4791
1653776580000,1779.47,1780.31,1779.22,1779.54,105.9829
1653776640000,1779.55,1780.09,1779.54,1780.08,45.5231
1653776700000,1780.08,1781.65,1780.08,1781.14,88.4725
1653776760000,1781.13,1781.14,1780.47,1780.51,24.7624
1653776820000,1780.51,1780.51,1779.41,1779.67,51.4848
1653776880000,1779.66,1781.0,1779.66,1780.6,83.1667
1653776940000,1780.6,1781.16,1780.6,1781.16,51.7931
1653777000000,1781.15,1782.92,1780.72,1781.53,156.5857
1653777060000,1781.52,1782.67,1780.1,1780.11,398.4003
1653777120000,1780.11,1780.74,1779.77,1780.01,171.6367
1653777180000,1780.02,1780.7,1779.73,1780.61,41.2619
1653777240000,1780.61,1781.78,1780.6,1781.77,40.5802
1653777300000,1781.77,1783.75,1781.77,1783.75,134.6289
1653777360000,1783.75,1785.25,1783.56,1784.16,262.2294
1653777420000,1784.16,1784.24,1783.76,1784.23,53.6263
1653777480000,1784.23,1784.95,1784.23,1784.95,37.3059
1653777540000,1784.95,1786.24,1784.94,1785.56,252.326
1653777600000,1785.57,1786.09,1785.45,1785.54,163.6136
1653777660000,1785.53,1785.54,1785.53,1785.53,47.2248
1653777720000,1785.54,1785.54,1783.89,1784.13,155.7717
1653777780000,1784.13,1784.88,1783.91,1784.87,63.4407
1653777840000,1784.88,1786.31,1784.87,1786.31,41.8196
1653777900000,1786.31,1786.34,1785.48,1785.48,33.4545
1653777960000,1785.48,1785.64,1785.48,1785.63,13.5336
1653778020000,1785.64,1785.64,1785.63,1785.64,18.3167
1653778080000,1785.64,1788.61,1785.63,1787.69,297.9988
1653778140000,1787.7,1787.9,1786.82,1786.85,48.2163
1653778200000,1786.84,1787.36,1786.0,1786.01,78.4026
1653778260000,1786.0,1787.39,1786.0,1786.62,143.9808
1653778320000,1786.63,1786.63,1785.55,1785.55,59.3959
1653778380000,1785.56,1785.57,1785.26,1785.27,41.7693
1653778440000,1785.27,1786.65,1785.26,1786.64,74.0763
1653778500000,1786.64,1788.01,1786.64,1788.0,140.5885
1653778560000,1788.01,1788.56,1787.94,1788.33,87.7464
1653778620000,1788.34,1788.34,1787.59,1787.77,28.6152
1653778680000,1787.78,1787.78,1786.16,1786.17,34.1827
1653778740000,1786.17,1786.17,1783.81,1784.34,582.8972
1653778800000,1784.34,1785.0,1783.78,1784.65,153.9937
1653778860000,1784.65,1784.78,1783.84,1784.78,62.8515
1653778920000,1784.77,1784.98,1784.16,1784.81,50.9936
1653778980000,1784.81,1786.35,1784.8,1786.27,71.6736
1653779040000,1786.28,1786.88,1786.27,1786.48,79.3072
1653779100000,1786.49,1787.78,1786.48,1787.77,29.0962
1653779160000,1787.78,1787.9,1787.35,1787.35,154.8253
1653779220000,1787.35,1787.89,1787.35,1787.85,23.6188
1653779280000,1787.85,1788.16,1787.76,1788.16,38.8692
1653779340000,1788.16,1790.23,1787.75,1790.12,477.2151
1653779400000,1790.11,1795.87,1790.11,1795.13,941.4879
1653779460000,1795.14,1795.86,1792.66,1795.52,436.9237
1653779520000,1795.51,1796.25,1794.28,1795.33,431.5713
1653779580000,1795.28,1796.32,1794.53,1795.63,497.7189
1653779640000,1795.63,1796.54,1794.7,1796.54,212.1726
1653779700000,1796.53,1797.01,1795.14,1795.14,290.4008
1653779760000,1795.15,1796.52,1794.61,1794.88,435.2981
1653779820000,1794.88,1796.53,1794.01,1796.2,370.4549
1653779880000,1796.2,1796.21,1795.07,1795.33,96.826
1653779940000,1795.34,1795.34,1793.01,1793.02,93.7796
1653780000000,1793.01,1793.83,1792.71,1793.22,130.1062
1653780060000,1793.23,1793.55,1792.19,1792.24,312.2976
1653780120000,1792.24,1792.62,1791.92,1792.22,95.7929
1653780180000,1792.21,1794.42,1791.46,1794.41,210.9565
1653780240000,1794.42,1794.42,1792.89,1793.03,154.5673
1653780300000,1793.04,1793.79,1792.95,1793.42,73.7891
1653780360000,1793.42,1794.7,1793.41,1794.67,164.1249
1653780420000,1794.67,1795.68,1794.6,1795.02,241.9432
1653780480000,1795.02,1797.87,1795.02,1797.4,227.6347
1653780540000,1797.39,1797.4,1795.54,1795.54,212.3283
1653780600000,1795.54,1796.98,1793.67,1794.01,364.1202
1653780660000,1794.01,1794.32,1793.25,1794.0,273.5936
1653780720000,1794.0,1795.5,1793.53,1793.53,294.5146
1653780780000,1793.53,1794.38,1793.53,1794.37,73.2153
1653780840000,1794.38,1796.63,1794.37,1796.34,228.6064
1653780900000,1796.35,1798.52,1795.95,1798.09,612.0715
1653780960000,1798.09,1798.1,1797.0,1797.52,142.5113
1653781020000,1797.53,1799.56,1797.52,1798.67,519.4211
1653781080000,1798.68,1798.68,1797.1,1797.33,184.3128
1653781140000,1797.32,1797.65,1796.66,1796.83,438.3538
1653781200000,1796.84,1803.44,1796.8,1800.97,1803.9659
1653781260000,1800.98,1800.98,1799.73,1799.73,739.3308
1653781320000,1799.73,1799.97,1798.61,1799.21,334.5073
1653781380000,1799.22,1799.69,1798.99,1799.43,198.9711
1653781440000,1799.44,1800.61,1798.72,1800.61,416.7998
1653781500000,1800.6,1805.44,1799.98,1801.75,1677.1731
1653781560000,1801.74,1802.27,1799.19,1799.2,496.1646
1653781620000,1799.19,1799.74,1796.16,1797.12,437.9533
1653781680000,1797.12,1797.34,1795.23,1797.01,372.5276
1653781740000,1797.01,1797.16,1796.31,1796.43,168.3275
1653781800000,1796.43,1796.94,1794.44,1794.48,166.269
1653781860000,1794.47,1795.13,1792.01,1793.21,647.5997
1653781920000,1793.22,1794.38,1793.21,1793.83,129.9074
1653781980000,1793.83,1794.45,1793.45,1793.98,145.4199
1653782040000,1793.97,1794.77,1793.97,1794.39,107.33
1653782100000,1794.39,1794.6,1792.77,1793.24,275.7384
1653782160000,1793.24,1793.44,1792.39,1792.87,147.049
1653782220000,1792.87,1793.92,1792.19,1793.52,167.172
1653782280000,1793.53,1793.53,1792.19,1792.19,58.5785
1653782340000,1792.19,1792.67,1792.13,1792.22,113.5541
1653782400000,1792.21,1793.72,1791.55,1791.59,330.467
1653782460000,1791.58,1792.48,1790.66,1790.67,143.3027
1653782520000,1790.67,1793.41,1790.03,1793.21,549.7223
1653782580000,1793.21,1793.41,1790.64,1791.64,369.8095
1653782640000,1791.63,1793.0,1790.67,1790.68,252.1006
1653782700000,1790.68,1792.0,1790.67,1791.01,189.3642
1653782760000,1791.02,1794.42,1790.92,1792.52,497.9694
1653782820000,1792.52,1793.66,1792.13,1793.66,165.4299
1653782880000,1793.65,1795.76,1793.65,1795.42,171.6177
1653782940000,1795.42,1795.42,1794.59,1794.88,134.0157
1653783000000,1794.88,1795.89,1794.28,1795.88,184.4518
1653783060000,1795.88,1795.89,1794.51,1795.13,209.9902
1653783120000,1795.13,1795.89,1792.11,1792.21,284.1485
1653783180000,1792.22,1793.38,1792.21,1792.41,144.9036
1653783240000,1792.42,1792.85,1792.4,1792.54,61.791
1653783300000,1792.54,1792.54,1787.64,1791.07,1618.4798
1653783360000,1791.08,1791.08,1790.3,1790.58,180.3979
1653783420000,1790.58,1790.58,1790.21,1790.58,57.362
1653783480000,1790.57,1792.93,1790.25,1792.36,247.7457
1653783540000,1792.36,1792.36,1791.57,1792.16,87.4133
1653783600000,1792.15,1792.16,1789.34,1789.89,386.8348
1653783660000,1789.89,1790.36,1789.38,1790.06,125.3916
1653783720000,1790.07,1790.36,1789.41,1790.07,106.5127
1653783780000,1790.08,1791.58,1790.05,1791.44,139.2936
1653783840000,1791.44,1791.58,1791.31,1791.31,144.7786
1653783900000,1791.32,1791.93,1790.33,1790.37,113.3677
1653783960000,1790.37,1794.57,1790.36,1794.56,2078.9244
1653784020000,1794.57,1795.27,1793.87,1793.87,166.7603
1653784080000,1793.87,1794.39,1792.68,1792.84,177.0987
1653784140000,1792.85,1792.85,1792.23,1792.23,38.2268
1653784200000,1792.23,1793.43,1792.23,1792.67,139.8945
1653784260000,1792.67,1792.68,1791.32,1791.41,177.1008
1653784320000,1791.4,1792.39,1791.16,1792.23,154.7421
1653784380000,1792.22,1793.05,1790.3,1790.31,756.008
1653784440000,1790.3,1790.99,1790.3,1790.89,60.768
1653784500000,1790.9,1790.98,1790.7,1790.95,108.8754
1653784560000,1790.95,1792.66,1790.95,1792.28,168.2895
1653784620000,1792.28,1792.28,1791.03,1791.03,89.8516
1653784680000,1791.04,1791.04,1790.18,1790.56,202.3875
1653784740000,1790.56,1790.84,1790.04,1790.04,64.8045
1653784800000,1790.04,1790.05,1787.57,1788.18,483.2917
1653784860000,1788.18,1788.43,1787.0,1787.33,380.9431
1653784920000,1787.33,1788.43,1786.78,1787.38,355.0305
1653784980000,1787.38,1789.55,1787.38,1789.17,191.8586
1653785040000,1789.17,1789.37,1789.16,1789.23,17.358
1653785100000,1789.24,1789.55,1788.07,1789.54,122.1002
1653785160000,1789.55,1791.41,1789.54,1790.15,148.0978
1653785220000,1790.15,1791.49,1790.01,1791.47,633.6062
1653785280000,1791.46,1791.91,1791.19,1791.47,144.1905
1653785340000,1791.47,1792.11,1791.14,1791.24,144.0174
1653785400000,1791.24,1793.87,1791.01,1793.26,469.2718
1653785460000,1793.25,1793.34,1792.45,1793.14,170.3339
1653785520000,1793.13,1793.14,1791.69,1791.69,1288.7201
1653785580000,1791.69,1792.5,1791.69,1792.23,114.6001
1653785640000,1792.24,1792.5,1791.9,1791.91,111.3354
1653785700000,1791.91,1791.91,1790.81,1790.81,89.9152
1653785760000,1790.81,1791.26,1790.54,1791.25,114.5941
1653785820000,1791.25,1791.33,1790.67,1791.03,141.4822
1653785880000,1791.03,1791.03,1790.48,1790.51,116.6952
1653785940000,1790.52,1790.66,1789.66,1789.66,169.8751
1653786000000,1789.67,1789.8,1787.84,1788.09,574.7118
1653786060000,1788.08,1788.26,1785.08,1785.19,542.794
1653786120000,1785.19,1786.37,1784.63,1785.02,346.4001
1653786180000,1785.04,1786.7,1785.04,1786.12,317.2089
1653786240000,1786.11,1786.36,1785.52,1785.53,136.5567
1653786300000,1785.53,1785.54,1785.22,1785.45,86.3142
1653786360000,1785.45,1786.41,1785.26,1785.33,159.2244
1653786420000,1785.33,1787.51,1785.11,1786.31,242.5025
1653786480000,1786.31,1787.08,1786.3,1786.59,82.3177
1653786540000,1786.6,1788.3,1786.59,1788.23,107.1529
1653786600000,1788.24,1788.68,1787.01,1787.15,107.7296
1653786660000,1787.14,1788.17,1787.14,1787.41,84.8925
1653786720000,1787.42,1787.75,1787.33,1787.71,53.7799
1653786780000,1787.72,1787.72,1787.24,1787.24,22.3676
1653786840000,1787.25,1787.32,1784.5,1784.55,399.6429
1653786900000,1784.55,1786.61,1784.42,1786.01,278.6304
1653786960000,1786.0,1786.22,1785.74,1785.84,50.5508
1653787020000,1785.84,1788.45,1785.42,1788.24,383.2667
1653787080000,1788.23,1789.0,1787.51,1788.93,241.6594
1653787140000,1788.93,1788.93,1787.65,1787.65,162.9132
1653787200000,1787.78,1789.22,1787.65,1788.17,283.1836
1653787260000,1788.18,1788.18,1787.63,1787.76,76.6554
1653787320000,1787.75,1788.8,1787.75,1788.01,184.4512
1653787380000,1788.01,1788.01,1786.42,1786.56,145.3583
1653787440000,1786.57,1787.36,1784.28,1787.29,490.2234
1653787500000,1787.28,1787.29,1785.0,1785.13,292.348
1653787560000,1785.13,1786.75,1785.13,1786.74,256.7622
1653787620000,1786.75,1786.75,1785.45,1785.46,193.7208
1653787680000,1785.46,1785.81,1783.71,1784.86,475.1997
1653787740000,1784.86,1784.86,1781.98,1781.98,1427.2963
1653787800000,1781.99,1783.25,1781.0,1781.46,917.0113
1653787860000,1781.47,1782.32,1779.18,1779.22,777.8397
1653787920000,1779.23,1780.81,1778.11,1778.66,857.7165
1653787980000,1778.67,1778.86,1777.67,1777.82,1052.3158
1653788040000,1777.82,1778.15,1776.19,1776.55,1232.6715
1653788100000,1776.55,1778.3,1776.54,1778.28,299.8303
1653788160000,1778.28,1780.16,1778.27,1780.15,219.2137
1653788220000,1780.16,1780.2,1779.0,1780.03,196.4237
1653788280000,1780.03,1782.17,1779.55,1780.74,346.716
1653788340000,1780.73,1781.64,1780.58,1781.11,243.3798
1653788400000,1781.1,1781.29,1780.03,1780.49,117.6796
1653788460000,1780.48,1780.85,1780.48,1780.67,48.5938
1653788520000,1780.66,1782.37,1780.4,1782.23,228.0599
1653788580000,1782.23,1782.24,1774.23,1774.99,2623.3495
1653788640000,1774.99,1776.85,1772.9,1774.66,586.1436
1653788700000,1774.66,1777.51,1774.24,1777.34,546.5925
1653788760000,1777.34,1777.34,1775.7,1775.78,230.5893
1653788820000,1775.78,1776.65,1775.78,1776.55,138.6723
1653788880000,1776.55,1776.55,1774.03,1774.33,592.9906
1653788940000,1774.32,1774.98,1774.32,1774.97,84.5651
1653789000000,1774.98,1775.67,1774.89,1775.67,297.7104
1653789060000,1775.66,1775.67,1774.79,1774.98,263.1375
1653789120000,1774.99,1774.99,1772.91,1772.92,622.3085
1653789180000,1772.92,1774.98,1772.82,1774.97,412.6554
1653789240000,1774.98,1776.83,1774.97,1776.37,908.5294
1653789300000,1776.36,1777.0,1776.36,1776.4,146.0226
1653789360000,1776.41,1777.36,1776.4,1777.0,368.2172
1653789420000,1777.0,1778.41,1777.0,1778.34,184.2094
1653789480000,1778.34,1778.35,1776.72,1776.79,287.5693
1653789540000,1776.78,1776.79,1775.1,1776.23,611.0688
1653789600000,1776.22,1776.23,1773.82,1774.79,405.3511
1653789660000,1774.79,1774.79,1773.0,1773.0,302.3959
1653789720000,1773.0,1773.21,1772.22,1773.21,239.288
1653789780000,1773.21,1774.49,1773.2,1774.36,102.8256
1653789840000,1774.36,1775.38,1773.47,1775.16,258.813
1653789900000,1775.16,1776.74,1775.15,1776.23,200.0485
1653789960000,1776.23,1776.37,1774.08,1774.2,568.5457
1653790020000,1774.19,1774.42,1773.34,1773.93,177.3335
1653790080000,1773.93,1773.94,1771.61,1771.97,953.7089
1653790140000,1771.96,1772.68,1771.4,1772.68,519.7487
1653790200000,1772.67,1772.68,1771.86,1771.87,190.978
1653790260000,1771.87,1771.87,1759.96,1767.33,14681.1027
1653790320000,1767.33,1769.92,1766.52,1769.6,989.3255
1653790380000,1769.6,1769.61,1767.23,1767.79,697.5735
1653790440000,1767.79,1768.99,1767.19,1767.46,1150.6084
1653790500000,1767.46,1769.46,1766.57,1768.56,979.9488
1653790560000,1768.56,1768.57,1766.11,1766.12,609.7572
1653790620000,1766.11,1768.13,1766.11,1768.13,682.2628
1653790680000,1768.12,1768.67,1766.88,1767.8,604.4443
1653790740000,1767.8,1770.37,1767.04,1767.69,1824.7061
1653790800000,1767.69,1769.28,1767.68,1768.49,416.5531
1653790860000,1768.49,1769.17,1768.31,1768.32,235.9917
1653790920000,1768.31,1768.4,1766.91,1767.5,256.4515
1653790980000,1767.51,1767.51,1763.86,1764.54,600.5435
1653791040000,1764.53,1765.8,1764.0,1765.79,570.3265
1653791100000,1765.79,1766.26,1765.65,1766.26,121.774
1653791160000,1766.26,1766.26,1764.35,1764.54,466.1534
1653791220000,1764.55,1766.12,1764.03,1765.16,406.6166
1653791280000,1765.16,1766.96,1764.82,1766.96,818.0865
1653791340000,1766.95,1767.5,1766.95,1767.42,127.7005
1653791400000,1767.42,1767.81,1765.88,1767.81,346.537
1653791460000,1767.8,1769.15,1767.8,1768.41,376.146
1653791520000,1768.37,1768.37,1767.62,1767.77,142.1396
1653791580000,1767.77,1767.78,1766.01,1766.01,163.1647
1653791640000,1766.01,1766.7,1766.01,1766.66,112.137
1653791700000,1766.66,1768.36,1766.66,1767.86,153.3356
1653791760000,1767.86,1768.02,1767.32,1767.6,207.2152
1653791820000,1767.61,1768.55,1767.6,1768.55,58.854
1653791880000,1768.54,1769.79,1768.32,1769.67,445.3039
1653791940000,1769.67,1769.67,1768.55,1768.56,264.6565
1653792000000,1768.55,1769.16,1767.72,1769.16,287.7301
1653792060000,1769.15,1769.81,1769.15,1769.46,160.8019
1653792120000,1769.47,1769.96,1768.0,1768.01,278.1132
1653792180000,1768.0,1769.25,1768.0,1769.24,317.951
1653792240000,1769.24,1769.25,1768.36,1768.36,64.3726
1653792300000,1768.37,1768.93,1767.82,1767.82,290.3722
1653792360000,1767.82,1767.83,1766.69,1766.76,234.3762
1653792420000,1766.77,1766.77,1765.53,1765.56,135.9858
1653792480000,1765.55,1767.39,1765.55,1766.88,156.123
1653792540000,1766.88,1766.88,1766.0,1766.05,76.2363
1653792600000,1766.04,1766.79,1766.0,1766.18,78.7428
1653792660000,1766.18,1767.73,1765.96,1767.72,337.7502
1653792720000,1767.72,1768.88,1767.22,1768.39,295.3861
1653792780000,1768.39,1768.87,1768.19,1768.39,136.8497
1653792840000,1768.38,1770.15,1768.38,1770.15,316.5259
1653792900000,1770.14,1770.2,1769.39,1769.47,143.6716
1653792960000,1769.47,1769.83,1768.6,1768.82,217.6851
1653793020000,1768.82,1768.83,1768.57,1768.57,68.7621
1653793080000,1768.58,1769.74,1768.57,1769.48,144.2772
1653793140000,1769.48,1769.48,1768.27,1768.57,204.0487
1653793200000,1768.56,1769.62,1767.24,1769.61,480.2802
1653793260000,1769.61,1769.62,1767.5,1767.5,370.5858
1653793320000,1767.51,1767.51,1765.17,1765.18,409.1652
1653793380000,1765.18,1766.49,1765.01,1766.19,309.7888
1653793440000,1766.2,1766.32,1765.79,1766.18,202.5268
1653793500000,1766.18,1767.17,1766.17,1766.57,177.0305
1653793560000,1766.56,1766.57,1765.33,1765.99,217.9176
1653793620000,1765.99,1767.17,1765.91,1766.38,173.7425
1653793680000,1766.39,1766.84,1765.91,1766.52,222.6116
1653793740000,1766.52,1766.53,1766.11,1766.44,113.2743
1653793800000,1766.45,1768.4,1766.44,1767.76,277.0395
1653793860000,1767.76,1769.79,1767.75,1769.79,77.0719
1653793920000,1769.79,1771.42,1769.2,1771.41,284.586
1653793980000,1771.42,1774.0,1770.9,1773.54,541.5718
1653794040000,1773.54,1773.6,1771.83,1772.51,369.697
1653794100000,1772.51,1772.51,1769.79,1770.11,753.1404
1653794160000,1770.1,1771.54,1769.7,1771.54,339.3843
1653794220000,1771.67,1772.0,1769.81,1770.01,390.0716
1653794280000,1770.01,1770.01,1769.6,1769.61,41.4981
1653794340000,1769.61,1769.61,1768.59,1768.77,129.7396
1653794400000,1768.78,1768.95,1768.58,1768.62,45.7613
1653794460000,1768.62,1770.35,1768.61,1769.89,151.2774
1653794520000,1769.89,1769.97,1769.37,1769.38,135.2336
1653794580000,1769.37,1770.87,1769.37,1770.24,134.3622
1653794640000,1770.24,1770.9,1770.23,1770.9,70.6168
1653794700000,1770.9,1771.4,1770.7,1770.71,109.343
1653794760000,1770.7,1771.36,1770.7,1771.35,67.5247
1653794820000,1771.36,1772.38,1771.25,1772.38,91.1676
1653794880000,1772.38,1772.38,1771.84,1772.01,84.9154
1653794940000,1772.02,1772.98,1772.01,1772.97,47.4398
1653795000000,1772.98,1773.77,1772.74,1772.88,293.5756
1653795060000,1772.88,1773.01,1772.42,1772.79,77.2633
1653795120000,1772.79,1772.79,1771.89,1771.89,196.7433
1653795180000,1771.9,1771.9,1771.26,1771.49,111.8922
1653795240000,1771.5,1771.5,1771.28,1771.28,71.3003
1653795300000,1771.29,1773.35,1771.28,1773.35,160.0235
1653795360000,1773.35,1774.25,1773.33,1774.08,68.6844
1653795420000,1774.08,1774.44,1773.7,1773.84,102.9519
1653795480000,1773.84,1773.84,1773.12,1773.14,71.5113
1653795540000,1773.14,1775.48,1773.13,1774.78,675.2562
1653795600000,1774.79,1775.62,1773.15,1775.55,522.6437
1653795660000,1775.54,1775.76,1775.33,1775.76,39.2036
1653795720000,1775.75,1776.22,1774.79,1774.8,233.2473
1653795780000,1774.79,1775.89,1774.79,1775.89,111.9418
1653795840000,1775.88,1776.0,1775.42,1775.5,118.2875
1653795900000,1775.5,1775.62,1774.47,1774.47,102.7075
1653795960000,1774.48,1775.41,1774.03,1774.34,272.4707
1653796020000,1774.34,1774.57,1774.34,1774.37,87.1214
1653796080000,1774.36,1774.37,1773.5,1773.5,200.2819
1653796140000,1773.5,1773.51,1773.32,1773.32,22.9493
1653796200000,1773.32,1775.41,1773.32,1775.41,146.2881
1653796260000,1775.41,1776.38,1774.89,1776.37,126.7212
1653796320000,1776.38,1777.18,1775.86,1777.0,336.6967
1653796380000,1777.0,1777.21,1776.69,1776.91,266.6417
1653796440000,1776.92,1776.92,1776.16,1776.27,63.153
1653796500000,1776.27,1776.38,1776.27,1776.37,16.6115
1653796560000,1776.38,1777.34,1775.54,1777.06,312.1812
1653796620000,1777.06,1778.52,1777.05,1777.91,417.5983
1653796680000,1777.91,1778.08,1776.95,1777.55,248.5927
1653796740000,1777.56,1777.58,1776.45,1776.46,237.157
1653796800000,1776.46,1776.67,1776.11,1776.2,148.1471
1653796860000,1776.19,1776.2,1775.0,1775.26,310.4656
1653796920000,1775.25,1775.26,1774.7,1774.79,70.6335
1653796980000,1774.8,1775.25,1774.63,1774.69,115.5105
1653797040000,1774.69,1775.25,1773.27,1773.58,337.2316
1653797100000,1773.59,1773.59,1773.24,1773.55,95.8714
1653797160000,1773.55,1774.97,1773.46,1774.96,290.2549
1653797220000,1774.97,1774.97,1774.42,1774.43,27.2029
1653797280000,1774.43,1775.56,1774.42,1775.56,181.3753
1653797340000,1775.56,1775.98,1775.42,1775.98,103.1086
1653797400000,1775.97,1776.94,1775.97,1776.93,194.4264
1653797460000,1776.93,1777.56,1776.54,1777.47,226.7629
1653797520000,1777.46,1777.47,1776.41,1776.73,89.1658
1653797580000,1776.72,1776.73,1776.31,1776.34,52.0596
1653797640000,1776.33,1777.16,1776.33,1776.34,1068.4124
1653797700000,1776.34,1776.34,1774.95,1774.95,60.4966
1653797760000,1774.95,1775.01,1774.31,1774.32,458.0653
1653797820000,1774.32,1774.32,1773.95,1773.95,163.0502
1653797880000,1773.95,1773.96,1772.28,1772.28,197.2775
1653797940000,1772.29,1773.48,1772.08,1772.93,527.003
1653798000000,1772.93,1773.52,1772.14,1773.39,322.9878
1653798060000,1773.4,1773.4,1772.73,1772.74,224.6355
1653798120000,1772.74,1772.74,1771.43,1771.65,208.5929
1653798180000,1771.66,1771.95,1770.27,1770.31,125.2937
1653798240000,1770.31,1771.28,1770.07,1771.22,166.8797
1653798300000,1771.23,1771.23,1769.85,1769.88,415.6383
1653798360000,1769.87,1771.35,1769.38,1771.35,347.3656
1653798420000,1771.34,1773.52,1771.34,1772.86,205.4239
1653798480000,1772.86,1772.94,1772.65,1772.94,66.938
1653798540000,1772.94,1773.02,1772.74,1772.75,48.5913
1653798600000,1772.74,1772.83,1772.18,1772.18,46.1666
1653798660000,1772.18,1773.27,1772.18,1773.08,209.6469
1653798720000,1773.08,1773.08,1772.35,1772.36,63.5601
1653798780000,1772.36,1772.36,1771.36,1771.37,54.5019
1653798840000,1771.36,1773.39,1771.36,1773.15,168.8542
1653798900000,1773.16,1773.16,1773.03,1773.03,120.0649
1653798960000,1773.03,1773.04,1772.41,1772.5,130.0277
1653799020000,1772.45,1773.23,1772.45,1773.19,91.5834
1653799080000,1773.2,1773.2,1773.07,1773.08,14.9981
1653799140000,1773.08,1774.93,1773.07,1774.29,325.4647
1653799200000,1774.28,1776.0,1774.28,1776.0,123.1713
1653799260000,1775.99,1776.8,1775.99,1776.79,62.2186
1653799320000,1776.79,1777.0,1776.54,1776.7,151.3816
1653799380000,1776.7,1776.85,1776.7,1776.84,58.92
1653799440000,1776.84,1778.04,1776.84,1777.93,240.3337
1653799500000,1777.94,1779.28,1777.1,1779.01,287.8296
1653799560000,1779.0,1779.28,1777.98,1778.45,313.089
1653799620000,1778.45,1778.45,1777.8,1778.16,167.3076
1653799680000,1778.17,1779.28,1778.16,1779.27,153.3682
1653799740000,1779.27,1779.28,1777.68,1778.04,153.5273
1653799800000,1778.05,1778.05,1776.78,1777.42,151.2254
1653799860000,1777.43,1777.43,1776.73,1776.87,83.1727
1653799920000,1776.87,1777.54,1776.72,1776.75,124.5188
1653799980000,1776.75,1776.76,1776.48,1776.48,39.318
1653800040000,1776.48,1776.49,1775.26,1775.4,191.6117
1653800100000,1775.4,1776.75,1775.39,1776.59,130.0776
1653800160000,1776.59,1776.71,1774.7,1774.9,216.0957
1653800220000,1774.91,1775.85,1774.75,1775.53,133.6174
1653800280000,1775.54,1775.8,1775.26,1775.55,123.8143
1653800340000,1775.54,1775.55,1775.26,1775.26,18.4417
1653800400000,1775.26,1775.27,1774.11,1774.33,123.6725
1653800460000,1774.33,1774.33,1773.3,1774.02,280.201
1653800520000,1774.03,1774.16,1774.02,1774.04,41.0623
1653800580000,1774.05,1775.59,1774.04,1775.44,232.1187
1653800640000,1775.45,1775.92,1775.44,1775.92,17.1332
1653800700000,1775.91,1775.92,1774.04,1775.2,315.3198
1653800760000,1775.2,1775.2,1775.0,1775.01,28.5507
1653800820000,1775.0,1775.6,1774.95,1775.59,70.9002
1653800880000,1775.6,1775.6,1775.59,1775.59,16.0367
1653800940000,1775.59,1778.98,1775.18,1778.64,1221.2588
1653801000000,1778.64,1779.13,1778.34,1778.34,355.9053
1653801060000,1778.35,1778.65,1778.14,1778.49,114.1132
1653801120000,1778.49,1778.5,1777.37,1777.86,187.8702
1653801180000,1777.86,1777.88,1777.47,1777.88,118.6361
1653801240000,1777.88,1777.88,1777.52,1777.52,10.6428
1653801300000,1777.53,1778.7,1777.25,1778.7,86.7402
1653801360000,1778.7,1780.3,1778.69,1780.29,242.5756
1653801420000,1780.29,1781.55,1780.29,1780.92,455.719
1653801480000,1780.93,1780.93,1780.06,1780.26,84.6314
1653801540000,1780.27,1780.93,1780.26,1780.92,186.4151
1653801600000,1780.92,1781.0,1779.11,1780.99,199.6629
1653801660000,1780.98,1780.99,1780.69,1780.7,88.1468
1653801720000,1780.71,1780.88,1779.87,1779.88,163.7548
1653801780000,1779.88,1780.94,1779.66,1780.76,140.6745
1653801840000,1780.77,1780.99,1780.76,1780.99,73.115
1653801900000,1780.98,1781.69,1780.98,1781.69,155.2762
1653801960000,1781.68,1781.69,1779.79,1779.92,159.4744
1653802020000,1779.92,1781.0,1779.91,1780.99,124.3419
1653802080000,1781.0,1783.4,1780.99,1783.39,295.6946
1653802140000,1783.4,1783.61,1781.61,1782.77,2205.6535
1653802200000,1782.77,1782.77,1781.62,1782.17,226.8386
1653802260000,1782.17,1782.18,1781.49,1781.49,71.0782
1653802320000,1781.5,1781.73,1781.17,1781.18,102.9109
1653802380000,1781.17,1782.98,1780.77,1782.76,411.3238
1653802440000,1782.76,1782.83,1782.17,1782.79,146.9017
1653802500000,1782.79,1782.79,1781.04,1781.04,308.9264
1653802560000,1781.04,1781.05,1780.12,1780.12,76.6187
1653802620000,1780.13,1781.29,1780.12,1781.29,263.792
1653802680000,1781.28,1781.56,1781.22,1781.56,81.7222
1653802740000,1781.55,1781.56,1780.0,1780.06,183.8179
1653802800000,1780.05,1780.06,1779.17,1779.8,146.1769
1653802860000,1779.79,1780.65,1779.79,1779.8,154.3212
1653802920000,1779.8,1782.4,1779.45,1782.22,518.5687
1653802980000,1782.23,1782.4,1782.02,1782.03,68.2701
1653803040000,1782.04,1782.04,1781.4,1781.4,91.9504
1653803100000,1781.4,1783.03,1781.4,1782.16,750.7284
1653803160000,1782.17,1782.49,1782.15,1782.41,66.1524
1653803220000,1782.41,1782.42,1782.24,1782.25,13.5904
1653803280000,1782.24,1782.39,1782.15,1782.17,50.7113
1653803340000,1782.16,1782.17,1781.09,1781.4,154.6198
1653803400000,1781.4,1781.68,1781.39,1781.4,42.1466
1653803460000,1781.41,1781.41,1781.25,1781.25,29.1608
1653803520000,1781.26,1781.26,1779.47,1779.96,228.971
1653803580000,1779.96,1781.73,1779.96,1781.73,346.9721
1653803640000,1781.72,1781.73,1781.24,1781.25,45.748
1653803700000,1781.25,1781.25,1780.96,1781.01,23.8799
1653803760000,1781.0,1781.42,1780.08,1781.0,405.6777
1653803820000,1781.01,1782.0,1781.0,1781.79,407.196
1653803880000,1781.79,1783.34,1781.3,1782.9,778.6009
1653803940000,1782.89,1785.21,1782.89,1784.78,817.6455
1653804000000,1784.78,1787.9,1784.77,1787.72,622.5313
1653804060000,1787.71,1789.82,1786.19,1789.41,1001.585
1653804120000,1789.41,1789.74,1787.64,1788.4,333.7639
1653804180000,1788.4,1788.4,1787.22,1787.3,95.3967
1653804240000,1787.29,1787.3,1786.34,1786.34,91.8666
1653804300000,1786.34,1786.97,1786.0,1786.0,317.3515
1653804360000,1786.0,1786.26,1784.94,1784.94,87.6532
1653804420000,1784.94,1784.95,1783.68,1783.69,135.369
1653804480000,1783.66,1784.07,1783.02,1783.03,107.608
1653804540000,1783.03,1783.03,1782.66,1782.67,53.2212
1653804600000,1782.67,1782.67,1781.83,1782.34,85.135
1653804660000,1782.34,1783.07,1782.34,1782.81,94.2101
1653804720000,1782.81,1782.82,1781.37,1781.69,151.7145
1653804780000,1781.69,1782.58,1781.68,1782.31,69.1269
1653804840000,1782.31,1782.78,1782.29,1782.78,12.5397
1653804900000,1782.77,1782.78,1781.03,1782.16,441.7343
1653804960000,1782.16,1782.17,1781.46,1781.86,88.452
1653805020000,1781.87,1782.13,1781.54,1782.12,107.5844
1653805080000,1782.12,1782.77,1782.12,1782.24,116.647
1653805140000,1782.23,1782.53,1778.8,1779.11,955.9769
1653805200000,1779.11,1779.99,1778.96,1779.63,201.1953
1653805260000,1779.63,1779.77,1779.36,1779.36,85.1391
1653805320000,1779.37,1779.9,1779.1,1779.75,244.5672
1653805380000,1779.75,1780.59,1779.57,1780.59,172.9497
1653805440000,1780.58,1780.85,1779.73,1780.23,173.5455
1653805500000,1780.24,1780.49,1780.05,1780.06,48.2128
1653805560000,1780.05,1781.44,1779.74,1779.75,200.6343
1653805620000,1779.75,1780.0,1779.14,1779.15,140.0504
1653805680000,1779.14,1780.55,1779.14,1780.54,180.2188
1653805740000,1780.55,1780.55,1779.59,1780.18,249.3265
1653805800000,1780.18,1780.19,1779.12,1779.53,246.6591
1653805860000,1779.53,1779.54,1779.12,1779.12,137.6081
1653805920000,1779.12,1779.8,1779.12,1779.79,535.9425
1653805980000,1779.79,1779.8,1778.53,1778.96,335.6479
1653806040000,1778.95,1779.17,1778.56,1778.57,127.0085
1653806100000,1778.56,1779.01,1778.35,1778.88,642.0968
1653806160000,1778.87,1778.88,1778.48,1778.48,72.0221
1653806220000,1778.49,1779.93,1778.48,1779.54,338.8493
1653806280000,1779.53,1779.54,1779.0,1779.0,107.595
1653806340000,1779.0,1779.54,1779.0,1779.54,92.6178
1653806400000,1779.53,1780.4,1779.53,1780.4,63.3071
1653806460000,1780.39,1782.24,1780.39,1781.9,274.3354
1653806520000,1781.9,1781.9,1780.91,1781.2,83.3127
1653806580000,1781.19,1783.0,1781.19,1781.72,327.568
1653806640000,1781.73,1782.12,1781.72,1781.73,120.6183
1653806700000,1781.73,1782.68,1781.72,1782.03,192.6913
1653806760000,1782.03,1782.04,1780.64,1780.64,82.1008
1653806820000,1780.65,1780.93,1780.15,1780.16,158.3245
1653806880000,1780.16,1780.32,1779.82,1779.83,112.9158
1653806940000,1779.83,1781.33,1779.82,1781.23,84.8909
1653807000000,1781.22,1781.51,1781.22,1781.49,22.3414
1653807060000,1781.49,1781.96,1781.36,1781.87,122.8357
1653807120000,1781.86,1781.87,1781.16,1781.17,99.2471
1653807180000,1781.16,1782.69,1781.16,1782.5,139.0887
1653807240000,1782.5,1782.77,1782.49,1782.56,31.6106
1653807300000,1782.56,1782.57,1782.18,1782.31,48.0062
1653807360000,1782.31,1782.57,1781.53,1782.56,277.7957
1653807420000,1782.56,1782.57,1781.84,1781.85,44.115
1653807480000,1781.84,1782.2,1781.84,1782.19,69.176
1653807540000,1782.2,1783.71,1782.19,1783.07,142.3026
1653807600000,1783.07,1783.99,1783.04,1783.93,60.244
1653807660000,1783.92,1784.2,1783.61,1784.19,266.3861
1653807720000,1784.2,1784.2,1783.62,1783.94,91.2645
1653807780000,1783.94,1784.05,1782.05,1782.23,155.7794
1653807840000,1782.23,1782.43,1781.89,1782.3,108.0199
1653807900000,1782.29,1782.3,1781.85,1781.85,88.0339
1653807960000,1781.85,1781.86,1781.76,1781.77,31.2176
1653808020000,1781.76,1782.84,1781.69,1782.13,174.4897
1653808080000,1782.13,1782.55,1781.94,1782.53,115.5114
1653808140000,1782.53,1782.54,1780.59,1780.61,218.273
1653808200000,1780.61,1780.85,1780.49,1780.84,54.5426
1653808260000,1780.83,1780.84,1779.59,1779.99,271.2333
1653808320000,1779.99,1780.35,1779.75,1779.79,80.1918
1653808380000,1779.8,1780.19,1779.77,1780.18,67.1923
1653808440000,1780.18,1781.0,1780.18,1781.0,102.2987
1653808500000,1780.99,1781.0,1780.25,1780.26,87.8078
1653808560000,1780.25,1780.26,1778.88,1778.89,128.9867
1653808620000,1778.88,1780.49,1778.88,1780.43,318.6506
1653808680000,1780.43,1780.44,1780.18,1780.19,14.8274
1653808740000,1780.18,1780.24,1779.12,1779.86,204.2082
1653808800000,1779.85,1779.91,1779.53,1779.54,194.3366
1653808860000,1779.53,1779.59,1779.29,1779.36,84.1198
1653808920000,1779.35,1780.62,1779.0,1780.61,183.3717
1653808980000,1780.61,1780.62,1780.04,1780.15,54.5219
1653809040000,1780.16,1780.32,1780.15,1780.31,26.2151
1653809100000,1780.31,1781.96,1780.31,1781.83,89.4824
1653809160000,1781.83,1781.83,1781.66,1781.81,118.6224
1653809220000,1781.81,1785.2,1781.8,1784.57,334.3303
1653809280000,1784.57,1785.97,1784.56,1785.58,231.1997
1653809340000,1785.58,1785.58,1783.88,1784.46,295.8556
1653809400000,1784.46,1785.91,1784.45,1785.82,578.3895
1653809460000,1785.83,1786.94,1785.67,1786.23,306.4407
1653809520000,1786.24,1786.32,1785.01,1785.02,80.7236
1653809580000,1785.01,1785.02,1784.26,1784.69,124.2019
1653809640000,1784.7,1785.18,1782.55,1782.56,289.5823
1653809700000,1782.56,1782.93,1782.39,1782.77,117.5507
1653809760000,1782.77,1784.0,1782.77,1783.42,159.3671
1653809820000,1783.43,1783.43,1783.23,1783.24,31.7541
1653809880000,1783.23,1783.32,1782.06,1782.3,202.6418
1653809940000,1782.29,1783.27,1782.29,1783.1,131.8137
1653810000000,1783.1,1784.0,1783.1,1783.99,50.7769
1653810060000,1784.0,1784.0,1783.16,1783.17,91.3184
1653810120000,1783.17,1783.17,1783.11,1783.11,13.9776
1653810180000,1783.11,1784.0,1782.84,1783.46,239.2258
1653810240000,1783.46,1783.61,1783.46,1783.61,20.9024
1653810300000,1783.61,1784.39,1782.61,1782.61,211.3848
1653810360000,1782.62,1782.76,1782.61,1782.75,30.9601
1653810420000,1782.75,1782.76,1782.05,1782.08,118.9842
1653810480000,1782.08,1782.09,1781.9,1781.9,25.5362
1653810540000,1781.91,1782.6,1781.57,1782.26,86.917
1653810600000,1782.27,1784.1,1782.26,1783.99,126.0006
1653810660000,1783.99,1784.0,1783.7,1783.7,29.9163
1653810720000,1783.71,1784.08,1783.7,1784.08,60.2654
1653810780000,1784.07,1784.94,1784.07,1784.62,95.4742
1653810840000,1784.63,1784.63,1783.04,1783.05,126.1377
1653810900000,1783.05,1783.29,1782.39,1782.4,89.3564
1653810960000,1782.4,1782.74,1782.12,1782.69,87.6511
1653811020000,1782.7,1782.7,1782.39,1782.4,52.5557
1653811080000,1782.4,1782.4,1782.24,1782.24,32.2868
1653811140000,1782.24,1783.99,1782.24,1783.8,177.5872
1653811200000,1783.8,1783.81,1780.25,1781.54,847.8271
1653811260000,1781.54,1781.54,1780.67,1780.67,124.9838
1653811320000,1780.68,1783.17,1780.67,1783.16,532.2186
1653811380000,1783.17,1783.53,1782.68,1782.96,149.3843
1653811440000,1782.97,1782.97,1782.27,1782.66,113.5557
1653811500000,1782.66,1782.66,1781.36,1781.36,49.3158
1653811560000,1781.37,1781.37,1780.88,1780.89,49.4449
1653811620000,1780.88,1782.77,1780.43,1782.52,211.6594
1653811680000,1782.53,1782.96,1782.04,1782.54,143.9264
1653811740000,1782.53,1783.4,1782.53,1783.39,75.7883
1653811800000,1783.4,1784.66,1783.3,1784.66,240.4814
1653811860000,1784.65,1784.89,1783.3,1783.31,192.8458
1653811920000,1783.31,1783.48,1783.21,1783.22,52.2185
1653811980000,1783.21,1785.0,1783.21,1785.0,265.4848
1653812040000,1785.0,1785.19,1784.64,1784.68,94.1462
1653812100000,1784.68,1785.93,1784.68,1785.23,142.8213
1653812160000,1785.22,1786.46,1785.22,1786.32,149.674
1653812220000,1786.33,1788.33,1786.32,1787.96,547.6091
1653812280000,1787.97,1790.64,1787.96,1790.01,1037.8149
1653812340000,1790.0,1791.59,1788.61,1789.37,1057.5542
1653812400000,1789.37,1791.01,1788.87,1788.99,528.6662
1653812460000,1788.87,1792.98,1788.86,1791.92,958.3255
1653812520000,1791.93,1792.01,1791.09,1791.39,236.6377
1653812580000,1791.4,1792.73,1790.09,1792.55,573.6787
1653812640000,1792.55,1793.25,1790.59,1791.99,496.9108
1653812700000,1792.0,1792.0,1790.92,1791.0,174.9049
1653812760000,1791.0,1793.39,1790.99,1793.29,383.431
1653812820000,1793.3,1794.72,1791.46,1793.73,1072.4988
1653812880000,1793.73,1793.73,1791.78,1792.99,323.3728
1653812940000,1793.0,1794.24,1792.1,1792.1,406.1317
1653813000000,1792.11,1796.62,1792.1,1796.47,631.0225
1653813060000,1796.47,1796.48,1792.6,1793.22,490.7069
1653813120000,1793.22,1793.55,1793.04,1793.45,177.2745
1653813180000,1793.46,1794.0,1790.66,1790.66,619.7246
1653813240000,1790.66,1790.98,1789.79,1789.8,605.6035
1653813300000,1789.79,1790.25,1788.29,1788.58,418.5171
1653813360000,1788.58,1789.27,1788.01,1788.97,153.1067
1653813420000,1788.97,1788.97,1787.02,1787.91,178.9338
1653813480000,1787.9,1787.91,1787.02,1787.03,171.6689
1653813540000,1787.03,1787.74,1787.0,1787.73,73.1531
1653813600000,1787.73,1788.25,1787.12,1787.17,292.6148
1653813660000,1787.17,1788.37,1786.61,1788.26,107.0397
1653813720000,1788.27,1788.79,1788.16,1788.78,51.0975
1653813780000,1788.79,1788.79,1787.73,1787.74,96.8822
1653813840000,1787.74,1788.52,1786.12,1788.52,180.9415
1653813900000,1788.52,1788.65,1787.04,1787.05,127.5668
1653813960000,1787.05,1787.69,1786.12,1787.68,158.6387
1653814020000,1787.69,1787.69,1786.35,1786.36,117.913
1653814080000,1786.36,1787.55,1786.35,1787.01,293.2068
1653814140000,1787.01,1787.02,1786.89,1786.91,45.1703
1653814200000,1786.91,1787.22,1786.8,1787.22,42.1463
1653814260000,1787.21,1787.22,1785.43,1785.44,218.1756
1653814320000,1785.44,1785.82,1784.47,1784.48,165.2418
1653814380000,1784.47,1784.97,1784.0,1784.66,265.8978
1653814440000,1784.66,1785.2,1784.07,1784.92,217.7349
1653814500000,1784.92,1786.0,1784.72,1786.0,190.1095
1653814560000,1785.99,1786.61,1785.88,1785.92,260.2164
1653814620000,1785.93,1786.63,1785.92,1786.63,27.845
1653814680000,1786.62,1787.11,1786.62,1787.11,92.4326
1653814740000,1787.1,1787.16,1785.7,1785.71,136.2991
1653814800000,1785.7,1786.89,1785.7,1786.85,229.2949
1653814860000,1786.86,1787.0,1786.85,1786.99,99.3644
1653814920000,1786.99,1787.83,1786.99,1787.39,91.1425
1653814980000,1787.39,1787.78,1787.29,1787.78,87.5169
1653815040000,1787.78,1787.83,1786.57,1786.57,170.5927
1653815100000,1786.58,1786.58,1785.24,1785.25,288.8275
1653815160000,1785.24,1785.25,1783.06,1783.06,368.2044
1653815220000,1783.07,1783.97,1782.34,1782.35,401.7002
1653815280000,1782.35,1782.98,1781.28,1781.46,852.1785
1653815340000,1781.46,1782.49,1780.85,1782.26,429.8506
1653815400000,1782.25,1783.7,1782.0,1783.46,233.5328
1653815460000,1783.47,1783.78,1781.54,1781.58,274.2562
1653815520000,1781.58,1782.0,1781.03,1781.38,324.4311
1653815580000,1781.38,1782.73,1781.33,1782.73,119.3971
1653815640000,1782.73,1783.03,1782.72,1783.03,15.4251
1653815700000,1783.02,1783.65,1782.25,1783.37,225.1117
1653815760000,1783.37,1783.38,1783.36,1783.38,29.4951
1653815820000,1783.38,1783.83,1783.37,1783.75,39.8072
1653815880000,1783.74,1783.75,1779.82,1780.01,352.0875
1653815940000,1780.01,1780.43,1778.09,1778.93,480.0537
1653816000000,1778.93,1778.94,1778.07,1778.08,285.2351
1653816060000,1778.09,1778.7,1776.96,1778.35,800.4166
1653816120000,1778.35,1778.76,1776.77,1776.99,770.916
1653816180000,1776.99,1778.29,1776.51,1776.52,464.1391
1653816240000,1776.52,1777.81,1776.4,1776.74,407.6483
1653816300000,1776.74,1779.41,1776.46,1779.41,303.3199
1653816360000,1779.41,1779.57,1777.58,1777.58,207.3853
1653816420000,1777.59,1779.0,1777.47,1779.0,93.3571
1653816480000,1779.0,1780.28,1778.99,1780.27,425.7823
1653816540000,1780.28,1780.28,1778.68,1778.96,173.2313
1653816600000,1778.96,1780.07,1778.95,1780.07,86.8872
1653816660000,1780.07,1780.07,1779.2,1779.34,96.4219
1653816720000,1779.34,1779.34,1776.95,1777.02,399.0466
1653816780000,1777.01,1777.76,1774.76,1774.8,522.9905
1653816840000,1774.79,1776.16,1774.42,1775.61,456.1087
1653816900000,1775.6,1776.58,1775.23,1776.56,187.251
1653816960000,1776.55,1778.53,1776.55,1778.19,319.0179
1653817020000,1778.18,1778.79,1776.87,1778.79,491.2167
1653817080000,1778.78,1779.83,1778.78,1779.11,148.5301
1653817140000,1779.12,1780.39,1778.54,1780.13,229.0166
1653817200000,1780.14,1780.38,1779.43,1779.43,62.899
1653817260000,1779.44,1779.52,1779.23,1779.24,81.6978
1653817320000,1779.24,1779.24,1778.27,1778.27,45.6284
1653817380000,1778.28,1778.65,1777.16,1777.52,161.6595
1653817440000,1777.53,1777.53,1776.52,1777.15,170.4942
1653817500000,1777.14,1779.34,1777.14,1779.29,200.0199
1653817560000,1779.29,1779.31,1779.0,1779.0,97.4518
1653817620000,1779.0,1779.01,1777.02,1777.03,236.7942
1653817680000,1777.03,1779.35,1777.02,1779.35,190.194
1653817740000,1779.35,1779.41,1777.62,1777.62,160.1278
1653817800000,1777.62,1779.72,1777.62,1779.58,154.2282
1653817860000,1779.58,1780.48,1779.06,1779.16,225.8992
1653817920000,1779.16,1780.09,1779.16,1779.6,42.9086
1653817980000,1779.61,1779.61,1778.03,1778.48,82.2054
1653818040000,1778.48,1780.52,1778.48,1780.24,226.9254
1653818100000,1780.24,1780.74,1778.04,1778.66,539.69
1653818160000,1778.66,1779.01,1778.07,1779.01,111.4843
1653818220000,1779.0,1779.54,1778.25,1779.53,163.7862
1653818280000,1779.53,1780.71,1779.53,1780.39,201.0774
1653818340000,1780.39,1780.39,1779.72,1779.72,125.9017
1653818400000,1779.73,1782.9,1779.05,1782.89,868.1781
1653818460000,1782.88,1783.98,1782.88,1783.97,268.3609
1653818520000,1783.97,1784.51,1783.4,1784.43,197.5255
1653818580000,1784.43,1784.75,1783.94,1784.74,118.244
1653818640000,1784.74,1785.15,1783.78,1783.79,228.3197
1653818700000,1783.78,1786.0,1783.59,1786.0,183.1819
1653818760000,1786.0,1786.76,1784.85,1786.75,327.6371
1653818820000,1786.75,1787.98,1785.64,1787.85,516.0564
1653818880000,1787.85,1789.41,1787.33,1789.4,460.9428
1653818940000,1789.4,1791.73,1788.06,1790.57,963.3735
1653819000000,1790.57,1791.41,1788.64,1791.4,497.5561
1653819060000,1791.41,1793.86,1791.4,1792.83,1316.0
1653819120000,1792.83,1793.5,1790.7,1793.31,940.264
1653819180000,1793.31,1793.32,1791.34,1791.34,160.3524
1653819240000,1791.34,1793.26,1791.32,1792.1,514.1102
1653819300000,1792.09,1797.83,1792.09,1796.5,2214.9527
1653819360000,1796.5,1798.03,1795.91,1796.32,1280.365
1653819420000,1796.33,1800.0,1796.32,1799.51,2177.0873
1653819480000,1799.52,1799.99,1798.0,1798.99,369.7216
1653819540000,1798.99,1800.0,1796.51,1796.75,476.358
1653819600000,1796.75,1798.32,1796.67,1796.82,547.2064
1653819660000,1796.82,1796.82,1794.23,1794.7,288.6021
1653819720000,1794.71,1796.9,1794.66,1796.39,622.0627
1653819780000,1796.39,1796.39,1794.83,1795.29,216.0989
1653819840000,1795.3,1795.91,1794.37,1794.79,172.2301
1653819900000,1794.8,1794.8,1792.28,1792.8,423.928
1653819960000,1792.8,1793.43,1792.65,1793.34,98.0717
1653820020000,1793.34,1793.35,1790.67,1791.01,290.7583
1653820080000,1791.01,1792.64,1790.61,1790.62,180.2052
1653820140000,1790.61,1791.17,1790.28,1790.57,213.6647
1653820200000,1790.58,1792.88,1790.57,1792.64,232.4772
1653820260000,1792.64,1792.65,1791.39,1791.72,158.9762
1653820320000,1791.71,1793.85,1791.71,1793.75,369.3461
1653820380000,1793.74,1795.21,1793.2,1793.47,364.8139
1653820440000,1793.5,1794.41,1793.33,1793.97,209.4191
1653820500000,1793.98,1795.9,1793.97,1795.33,264.7115
1653820560000,1795.33,1795.33,1793.68,1794.64,140.415
1653820620000,1794.65,1794.83,1792.82,1793.03,213.5066
1653820680000,1793.02,1793.03,1792.46,1792.5,87.9145
1653820740000,1792.5,1792.99,1792.22,1792.23,147.0322
1653820800000,1792.22,1792.59,1792.0,1792.46,105.1423
1653820860000,1792.46,1792.47,1790.58,1791.62,245.8477
1653820920000,1791.62,1792.4,1791.38,1791.66,47.2648
1653820980000,1791.66,1792.62,1791.57,1791.95,138.3385
1653821040000,1791.94,1792.91,1791.94,1792.9,222.2605
1653821100000,1792.9,1793.83,1792.15,1792.16,190.4314
1653821160000,1792.15,1792.16,1790.91,1791.02,487.4874
1653821220000,1791.02,1792.0,1791.02,1791.99,57.6243
1653821280000,1792.0,1792.0,1790.41,1790.62,179.2905
1653821340000,1790.63,1791.02,1790.0,1790.0,186.9544
1653821400000,1790.0,1790.75,1790.0,1790.36,62.5257
1653821460000,1790.35,1790.36,1789.67,1790.35,179.8635
1653821520000,1790.35,1790.58,1790.05,1790.25,296.4099
1653821580000,1790.26,1792.12,1790.25,1790.53,287.2674
1653821640000,1790.53,1791.33,1790.52,1790.62,145.2245
1653821700000,1790.61,1793.0,1790.61,1793.0,143.9697
1653821760000,1792.99,1795.0,1792.99,1794.74,335.7178
1653821820000,1794.74,1795.0,1793.61,1794.59,322.2086
1653821880000,1794.58,1795.63,1794.36,1795.51,101.1308
1653821940000,1795.52,1796.8,1794.17,1795.95,1228.7051
1653822000000,1795.94,1797.58,1795.94,1796.9,320.9888
1653822060000,1796.89,1797.25,1794.78,1796.8,372.2147
1653822120000,1796.79,1796.8,1795.59,1795.6,190.0547
1653822180000,1795.6,1797.31,1795.59,1797.31,127.4208
1653822240000,1797.31,1798.31,1796.28,1796.35,416.1056
1653822300000,1796.35,1798.74,1796.34,1797.5,443.9355
1653822360000,1797.49,1797.56,1796.36,1796.8,197.8919
1653822420000,1796.8,1798.76,1796.48,1798.19,135.7104
1653822480000,1798.19,1798.88,1797.61,1798.88,195.009
1653822540000,1798.88,1798.88,1798.0,1798.0,159.2923
1653822600000,1798.0,1798.01,1795.49,1795.5,141.7022
1653822660000,1795.49,1795.49,1794.34,1794.34,269.2214
1653822720000,1794.34,1795.01,1794.0,1794.49,224.0991
1653822780000,1794.49,1794.51,1793.22,1793.22,222.7015
1653822840000,1793.22,1794.06,1792.41,1793.25,408.336
1653822900000,1793.25,1793.73,1792.83,1793.56,185.7209
1653822960000,1793.55,1795.58,1793.55,1795.22,522.7317
1653823020000,1795.22,1795.36,1794.06,1794.06,175.0372
1653823080000,1794.07,1794.2,1793.84,1794.19,41.3635
1653823140000,1794.2,1796.06,1794.19,1795.62,101.2264
1653823200000,1795.62,1796.16,1795.06,1795.93,158.0433
1653823260000,1795.93,1796.21,1795.93,1796.12,81.3013
1653823320000,1796.13,1796.13,1796.1,1796.1,14.2687
1653823380000,1796.1,1796.11,1794.43,1795.9,299.9702
1653823440000,1795.9,1798.34,1795.9,1798.21,245.7835
1653823500000,1798.21,1798.5,1796.13,1796.48,306.9998
1653823560000,1796.49,1797.46,1796.09,1797.45,96.3363
1653823620000,1797.45,1799.48,1797.45,1797.86,627.8588
1653823680000,1797.85,1797.86,1797.11,1797.18,160.8694
1653823740000,1797.17,1797.18,1794.62,1794.62,88.2344
1653823800000,1794.63,1796.26,1794.62,1796.25,208.544
1653823860000,1796.25,1796.97,1795.39,1796.02,190.279
1653823920000,1796.02,1796.02,1794.72,1794.74,97.1511
1653823980000,1794.75,1794.75,1794.19,1794.27,130.3147
1653824040000,1794.27,1794.57,1794.19,1794.33,38.3603
1653824100000,1794.33,1795.69,1794.05,1795.69,177.5037
1653824160000,1795.68,1795.94,1794.43,1794.8,92.8851
1653824220000,1794.8,1794.8,1793.65,1793.65,80.858
1653824280000,1793.65,1793.65,1793.63,1793.64,20.0883
1653824340000,1793.63,1793.93,1793.63,1793.92,21.3128
1653824400000,1793.93,1794.87,1793.54,1794.49,96.3
1653824460000,1794.49,1795.12,1794.25,1795.11,66.1801
1653824520000,1795.11,1795.49,1794.01,1794.21,154.2088
1653824580000,1794.2,1794.21,1793.68,1793.93,72.4404
1653824640000,1793.94,1794.85,1793.79,1794.37,112.4455
1653824700000,1794.36,1796.96,1793.63,1796.31,355.8502
1653824760000,1796.31,1801.27,1796.3,1800.39,1192.1078
1653824820000,1800.4,1800.49,1798.16,1798.18,327.9339
1653824880000,1798.19,1799.22,1798.18,1798.19,146.1397
1653824940000,1798.18,1800.0,1798.18,1799.25,433.8451
1653825000000,1799.25,1799.25,1798.3,1798.52,76.3473
1653825060000,1798.52,1798.53,1798.0,1798.44,155.8587
1653825120000,1798.43,1798.44,1796.3,1797.14,162.7183
1653825180000,1797.14,1798.18,1796.62,1796.78,482.4669
1653825240000,1796.78,1798.12,1796.71,1797.57,182.7322
1653825300000,1797.57,1803.81,1797.57,1803.4,1231.2525
1653825360000,1803.4,1805.0,1801.77,1802.35,1191.444
1653825420000,1802.35,1802.99,1800.63,1801.41,329.7584
1653825480000,1801.41,1804.98,1801.0,1802.74,852.8251
1653825540000,1802.74,1803.52,1801.76,1802.0,167.4285
1653825600000,1801.99,1803.2,1799.66,1801.57,679.2349
1653825660000,1801.57,1801.58,1801.13,1801.33,91.604
1653825720000,1801.34,1801.34,1799.99,1799.99,173.3971
1653825780000,1799.99,1800.0,1799.01,1799.98,172.6627
1653825840000,1799.99,1800.0,1799.24,1799.78,85.1383
1653825900000,1799.79,1800.99,1799.28,1800.98,144.4618
1653825960000,1800.98,1819.0,1800.59,1812.29,7655.2134
1653826020000,1812.29,1817.16,1810.54,1812.0,1906.9378
1653826080000,1812.01,1812.79,1809.34,1810.23,864.8092
1653826140000,1810.23,1811.98,1808.52,1811.56,597.1994
1653826200000,1811.55,1814.15,1811.31,1813.31,570.9493
1653826260000,1813.3,1818.98,1811.74,1816.61,3275.276
1653826320000,1816.61,1818.0,1814.66,1815.01,1359.7675
1653826380000,1815.02,1816.0,1814.13,1815.82,363.6871
1653826440000,1815.86,1818.09,1815.58,1818.03,460.3072
1653826500000,1818.03,1820.11,1816.82,1816.96,1403.0297
1653826560000,1816.96,1817.15,1813.97,1815.0,726.44
1653826620000,1815.0,1815.42,1814.33,1814.71,437.8489
1653826680000,1814.71,1814.72,1812.24,1812.39,309.9962
1653826740000,1812.38,1814.0,1810.49,1811.8,727.964
1653826800000,1811.8,1813.37,1811.79,1812.45,276.6389
1653826860000,1812.45,1812.45,1809.07,1811.79,800.349
1653826920000,1811.79,1813.47,1810.47,1811.37,595.9219
1653826980000,1811.38,1814.74,1811.37,1813.14,308.3564
1653827040000,1813.14,1813.34,1812.0,1812.87,272.6842
1653827100000,1812.88,1813.37,1812.6,1812.6,333.0685
1653827160000,1812.6,1814.86,1812.37,1813.92,611.8287
1653827220000,1813.93,1813.93,1811.15,1811.34,452.7919
1653827280000,1811.35,1811.35,1810.0,1811.02,174.9087
1653827340000,1811.01,1811.99,1810.92,1811.35,112.5153
1653827400000,1811.34,1813.49,1811.18,1813.48,256.8317
1653827460000,1813.48,1815.0,1812.26,1813.48,677.4748
1653827520000,1813.47,1813.48,1812.41,1812.47,49.7225
1653827580000,1812.48,1812.5,1811.25,1811.26,186.6181
1653827640000,1811.25,1813.23,1811.0,1811.01,311.7229
1653827700000,1811.01,1812.15,1811.0,1812.02,321.9926
1653827760000,1812.02,1812.7,1811.71,1811.71,183.1997
1653827820000,1811.71,1811.72,1810.2,1810.61,295.0986
1653827880000,1810.61,1810.61,1809.5,1809.6,286.097
1653827940000,1809.59,1809.9,1809.0,1809.51,344.6378
1653828000000,1809.51,1810.18,1809.4,1809.4,95.4501
1653828060000,1809.4,1810.74,1809.27,1809.9,146.6489
1653828120000,1809.91,1810.76,1809.9,1810.25,142.0716
1653828180000,1810.25,1810.25,1809.71,1809.77,111.8908
1653828240000,1809.77,1810.74,1809.7,1810.73,221.6861
1653828300000,1810.73,1810.74,1808.51,1808.98,332.3098
1653828360000,1808.99,1815.47,1808.98,1814.24,1029.6441
1653828420000,1814.24,1815.58,1813.48,1814.4,347.8045
1653828480000,1814.4,1816.83,1814.4,1815.02,457.7532
1653828540000,1815.02,1815.44,1813.48,1813.49,305.4721
1653828600000,1813.49,1814.53,1813.48,1813.98,160.8427
1653828660000,1813.99,1816.64,1813.98,1816.27,316.846
1653828720000,1816.26,1816.5,1815.2,1815.29,355.0917
1653828780000,1815.28,1816.97,1815.26,1816.21,213.7838
1653828840000,1816.2,1818.97,1816.03,1817.58,422.9836
1653828900000,1817.58,1820.38,1815.12,1817.26,1466.6466
1653828960000,1817.27,1817.46,1814.28,1814.29,303.8849
1653829020000,1814.29,1815.41,1813.57,1813.92,329.7578
1653829080000,1813.93,1815.18,1813.92,1815.11,125.3575
1653829140000,1815.1,1815.73,1814.15,1814.18,120.3646
1653829200000,1814.18,1817.44,1814.18,1814.92,415.8979
1653829260000,1814.91,1817.72,1814.91,1816.51,324.0537
1653829320000,1816.51,1818.07,1816.2,1818.06,289.0636
1653829380000,1818.06,1819.96,1817.5,1818.24,608.7277
1653829440000,1818.23,1818.41,1817.72,1817.82,245.6439
1653829500000,1817.82,1827.4,1817.82,1823.83,3094.4774
1653829560000,1823.84,1823.99,1821.31,1821.7,838.4431
1653829620000,1821.71,1822.16,1819.03,1820.77,1053.4103
1653829680000,1820.76,1821.27,1818.82,1818.83,410.1422
1653829740000,1818.83,1818.83,1814.89,1815.35,822.6411
1653829800000,1815.35,1815.38,1814.26,1815.36,214.7162
1653829860000,1815.37,1815.38,1812.12,1812.64,867.4656
1653829920000,1812.64,1814.61,1811.7,1811.97,529.8508
1653829980000,1811.97,1813.46,1811.4,1813.16,349.6292
1653830040000,1813.16,1813.18,1809.96,1810.34,411.4367
1653830100000,1810.35,1813.5,1809.98,1812.5,546.6095
1653830160000,1812.49,1812.5,1810.82,1810.83,389.2414
1653830220000,1810.83,1814.0,1810.82,1813.44,319.1881
1653830280000,1813.45,1813.99,1811.62,1813.92,315.1098
1653830340000,1813.83,1813.84,1812.1,1812.6,172.9928
1653830400000,1812.61,1814.28,1812.56,1813.74,538.6995
1653830460000,1813.75,1814.53,1813.09,1813.9,112.7174
1653830520000,1813.9,1814.63,1813.9,1814.22,118.7743
1653830580000,1814.22,1814.38,1813.54,1813.54,146.912
1653830640000,1813.54,1814.38,1811.68,1811.83,476.334
1653830700000,1811.84,1813.13,1811.67,1812.73,599.5633
1653830760000,1812.72,1812.73,1812.16,1812.17,138.9391
1653830820000,1812.17,1813.0,1812.16,1812.47,89.4737
1653830880000,1812.48,1813.85,1812.2,1813.85,176.4355
1653830940000,1813.85,1816.0,1813.84,1814.26,524.6537
1653831000000,1814.26,1816.08,1814.25,1815.18,395.326
1653831060000,1815.19,1815.3,1813.36,1813.36,274.2533
1653831120000,1813.36,1814.84,1813.22,1813.24,164.9955
1653831180000,1813.25,1814.31,1812.67,1812.68,268.3854
1653831240000,1812.67,1813.24,1812.1,1812.44,180.7142
1653831300000,1812.44,1813.5,1812.29,1812.82,204.9009
1653831360000,1812.82,1814.63,1812.82,1813.19,147.6977
1653831420000,1813.18,1814.96,1813.18,1814.39,174.9919
1653831480000,1814.38,1815.03,1814.25,1814.34,111.6889
1653831540000,1814.34,1817.0,1814.33,1815.91,498.5337
1653831600000,1815.9,1815.91,1814.27,1814.68,134.1961
1653831660000,1814.67,1814.68,1814.4,1814.41,21.7379
1653831720000,1814.4,1815.79,1814.4,1815.78,87.0284
1653831780000,1815.78,1816.58,1815.78,1816.57,57.4961
1653831840000,1816.58,1818.45,1816.0,1818.09,293.2475
1653831900000,1818.1,1818.22,1816.63,1818.0,283.5877
1653831960000,1817.99,1818.0,1816.73,1817.15,143.05
1653832020000,1817.15,1817.2,1814.59,1815.22,180.79
1653832080000,1815.22,1815.22,1813.77,1814.1,84.3791
1653832140000,1814.09,1814.1,1812.45,1812.46,151.5694
1653832200000,1812.46,1813.87,1812.17,1813.56,241.8299
1653832260000,1813.57,1813.86,1812.84,1812.92,201.5372
1653832320000,1812.92,1813.97,1812.92,1813.01,169.4546
1653832380000,1813.0,1813.01,1811.61,1811.62,337.7346
1653832440000,1811.61,1812.02,1810.2,1810.3,283.9255
1653832500000,1810.29,1811.58,1809.71,1809.84,350.1585
1653832560000,1809.84,1811.0,1808.58,1809.27,358.3445
1653832620000,1809.27,1811.12,1809.27,1810.2,127.9559
1653832680000,1810.19,1811.48,1809.59,1811.4,458.8347
1653832740000,1811.4,1811.62,1809.01,1809.61,569.772
1653832800000,1809.61,1811.5,1809.19,1809.59,326.1077
1653832860000,1809.58,1809.59,1807.0,1807.05,427.6752
1653832920000,1807.06,1809.38,1806.9,1809.38,212.9904
1653832980000,1809.38,1809.38,1808.11,1808.61,307.3301
1653833040000,1808.62,1809.58,1806.44,1806.45,276.257
1653833100000,1806.44,1809.5,1806.17,1807.6,646.4087
1653833160000,1807.6,1808.31,1806.84,1807.15,508.5961
1653833220000,1807.15,1809.03,1806.91,1808.29,278.5978
1653833280000,1808.28,1808.81,1807.0,1807.53,472.178
1653833340000,1807.53,1807.89,1804.73,1805.9,1343.0237
1653833400000,1805.9,1807.88,1805.75,1807.29,523.9964
1653833460000,1807.29,1808.46,1807.24,1808.26,149.7913
1653833520000,1808.25,1809.11,1807.25,1808.75,248.3402
1653833580000,1808.75,1808.99,1808.32,1808.67,200.433
1653833640000,1808.66,1808.67,1807.58,1808.38,145.3585
1653833700000,1808.38,1808.67,1807.24,1808.33,176.1296
1653833760000,1808.34,1810.64,1808.33,1810.4,191.4251
1653833820000,1810.39,1813.0,1810.01,1811.57,396.9938
1653833880000,1811.57,1812.18,1811.44,1811.96,209.4745
1653833940000,1811.97,1812.02,1810.46,1810.89,474.5947
1653834000000,1810.88,1810.89,1810.32,1810.4,161.1631
1653834060000,1810.4,1811.66,1809.71,1809.72,294.7276
1653834120000,1809.71,1811.95,1809.71,1811.19,270.724
1653834180000,1811.2,1812.53,1811.19,1812.49,327.1215
1653834240000,1812.48,1812.49,1810.42,1810.43,184.511
1653834300000,1810.44,1811.78,1810.28,1810.8,198.9858
1653834360000,1810.79,1810.8,1810.46,1810.47,25.2514
1653834420000,1810.46,1810.47,1808.61,1810.46,145.72
1653834480000,1810.46,1810.47,1809.12,1809.3,111.7433
1653834540000,1809.3,1809.31,1808.87,1809.04,104.7283
1653834600000,1809.04,1809.74,1809.03,1809.11,99.5093
1653834660000,1809.11,1810.32,1809.11,1809.65,627.4795
1653834720000,1809.65,1810.03,1809.59,1810.02,138.4968
1653834780000,1810.03,1810.13,1809.71,1809.93,56.2226
1653834840000,1809.93,1810.0,1807.15,1807.16,330.5401
1653834900000,1807.16,1808.0,1807.15,1807.63,259.4756
1653834960000,1807.62,1807.95,1807.15,1807.71,171.5159
1653835020000,1807.71,1807.99,1806.99,1807.67,314.4465
1653835080000,1807.67,1808.42,1807.67,1808.03,112.5373
1653835140000,1808.04,1808.11,1807.03,1807.46,100.7257
1653835200000,1807.45,1808.0,1806.27,1807.91,597.1338
1653835260000,1807.91,1808.18,1807.43,1807.51,126.021
1653835320000,1807.51,1808.32,1807.44,1807.8,117.0716
1653835380000,1807.8,1808.89,1807.79,1808.09,72.0
1653835440000,1808.08,1808.93,1808.08,1808.91,97.5281
1653835500000,1808.92,1810.77,1807.72,1810.3,447.768
1653835560000,1810.3,1811.19,1810.29,1810.3,291.9781
1653835620000,1810.3,1811.69,1810.11,1810.35,160.4213
1653835680000,1810.34,1810.35,1809.72,1810.22,159.6677
1653835740000,1810.22,1810.99,1810.22,1810.24,117.1951
1653835800000,1810.24,1810.68,1810.13,1810.63,108.2571
1653835860000,1810.63,1810.67,1810.04,1810.05,34.8195
1653835920000,1810.04,1810.36,1809.07,1809.15,108.028
1653835980000,1809.14,1810.13,1809.14,1809.21,281.6674
1653836040000,1809.21,1809.21,1807.87,1807.97,234.5037
1653836100000,1807.97,1808.27,1807.97,1808.16,54.0426
1653836160000,1808.16,1808.17,1806.94,1807.65,234.5127
1653836220000,1807.65,1807.66,1807.14,1807.14,48.6501
1653836280000,1807.14,1807.85,1806.29,1806.37,210.1707
1653836340000,1806.38,1806.38,1803.76,1805.27,619.9938
1653836400000,1805.26,1805.27,1801.5,1801.9,1110.7634
1653836460000,1801.9,1801.9,1797.61,1799.12,2594.6021
1653836520000,1799.11,1799.19,1794.45,1797.23,1519.3489
1653836580000,1797.23,1798.08,1794.41,1794.42,738.0691
1653836640000,1794.42,1796.78,1794.02,1795.05,678.4268
1653836700000,1795.06,1797.55,1795.05,1795.9,326.2
1653836760000,1795.89,1798.77,1795.03,1797.71,530.6207
1653836820000,1797.72,1800.32,1797.06,1800.13,627.4795
1653836880000,1800.13,1800.14,1797.88,1797.89,333.6852
1653836940000,1797.88,1798.79,1797.24,1798.71,170.1663
1653837000000,1798.71,1798.72,1796.42,1797.97,538.9504
1653837060000,1797.96,1798.27,1797.08,1797.93,74.7054
1653837120000,1797.94,1799.54,1797.08,1799.14,376.4968
1653837180000,1799.13,1800.22,1799.13,1799.39,381.8752
1653837240000,1799.4,1801.0,1799.39,1801.0,157.2818
1653837300000,1801.0,1801.0,1798.33,1798.49,438.4314
1653837360000,1798.48,1799.14,1796.91,1798.09,377.1589
1653837420000,1798.16,1798.38,1796.77,1796.77,333.9944
1653837480000,1796.77,1798.17,1796.02,1797.99,228.347
1653837540000,1797.99,1798.01,1796.04,1796.35,193.2611
1653837600000,1796.35,1797.63,1795.75,1796.27,304.0244
1653837660000,1796.26,1797.35,1796.26,1796.83,178.3363
1653837720000,1796.84,1797.99,1796.83,1797.9,74.8421
1653837780000,1797.9,1797.99,1796.95,1797.36,214.9625
1653837840000,1797.35,1798.57,1797.24,1798.57,109.4218
1653837900000,1798.56,1800.26,1798.07,1798.42,425.1518
1653837960000,1798.43,1799.16,1797.14,1798.04,318.3948
1653838020000,1798.05,1798.05,1797.34,1797.41,113.7046
1653838080000,1797.41,1797.5,1796.86,1797.36,57.0404
1653838140000,1797.36,1798.59,1796.93,1798.1,354.537
1653838200000,1798.1,1799.27,1797.7,1798.68,198.7196
1653838260000,1798.67,1798.84,1797.43,1797.43,266.3304
1653838320000,1797.44,1797.44,1794.2,1794.8,586.8855
1653838380000,1794.81,1796.29,1794.63,1794.65,248.7152
1653838440000,1794.65,1795.15,1793.87,1794.07,230.562
1653838500000,1794.08,1795.52,1793.92,1794.01,395.8055
1653838560000,1794.02,1795.86,1794.01,1795.85,145.2428
1653838620000,1795.86,1795.95,1792.8,1794.22,656.4535
1653838680000,1794.22,1795.61,1793.32,1795.52,368.8933
1653838740000,1795.52,1796.39,1794.14,1796.31,304.3113
1653838800000,1796.31,1796.86,1795.98,1796.5,206.7662
1653838860000,1796.51,1798.08,1794.4,1794.82,909.94
1653838920000,1794.82,1797.23,1794.81,1797.02,361.3432
1653838980000,1797.02,1797.9,1797.02,1797.9,94.2286
1653839040000,1797.9,1799.06,1796.01,1796.52,387.6404
1653839100000,1796.52,1797.68,1796.52,1797.57,114.0705
1653839160000,1797.57,1797.67,1796.12,1796.12,112.2647
1653839220000,1796.12,1796.3,1796.12,1796.17,104.3795
1653839280000,1796.17,1796.18,1794.36,1794.97,241.7367
1653839340000,1794.98,1795.19,1794.49,1794.66,91.4293
1653839400000,1794.65,1795.59,1794.65,1795.49,89.9882
1653839460000,1795.49,1798.67,1795.48,1798.66,326.1624
1653839520000,1798.67,1798.67,1797.72,1797.73,191.6115
1653839580000,1797.72,1798.19,1797.72,1797.73,61.6761
1653839640000,1797.72,1797.73,1796.48,1796.52,68.8623
1653839700000,1796.52,1798.19,1796.52,1798.18,65.8879
1653839760000,1798.18,1799.01,1797.58,1798.82,220.4764
1653839820000,1798.83,1798.96,1798.01,1798.16,148.9499
1653839880000,1798.17,1798.65,1798.16,1798.17,61.9907
1653839940000,1798.18,1798.18,1796.43,1797.23,199.9354
1653840000000,1797.22,1797.95,1797.22,1797.74,61.6523
1653840060000,1797.75,1799.22,1797.73,1798.84,240.3963
1653840120000,1798.84,1801.22,1798.83,1801.18,375.4722
1653840180000,1801.19,1802.67,1800.6,1802.55,297.2154
1653840240000,1802.55,1803.56,1802.32,1803.33,432.1362
1653840300000,1803.33,1803.55,1802.01,1802.38,351.8644
1653840360000,1802.38,1803.66,1802.0,1802.49,229.3697
1653840420000,1802.49,1802.72,1801.09,1801.53,254.1891
1653840480000,1801.53,1801.61,1801.0,1801.0,34.7851
1653840540000,1801.01,1802.15,1799.87,1801.68,217.4771
1653840600000,1801.68,1802.0,1800.98,1800.99,84.4153
1653840660000,1800.98,1801.6,1800.89,1800.89,90.0055
1653840720000,1800.89,1800.9,1800.25,1800.39,135.6193
1653840780000,1800.4,1801.24,1800.04,1801.24,150.0138
1653840840000,1801.23,1801.62,1800.83,1801.33,236.4432
1653840900000,1801.34,1801.61,1800.04,1800.05,96.8553
1653840960000,1800.05,1802.04,1800.04,1802.03,205.1991
1653841020000,1802.04,1804.35,1802.03,1804.24,287.3852
1653841080000,1804.24,1807.44,1803.24,1806.65,299.2761
1653841140000,1806.66,1806.99,1805.23,1806.65,354.0549
1653841200000,1806.65,1807.1,1805.26,1806.16,335.7293
1653841260000,1806.15,1810.64,1806.15,1807.55,1033.1739
1653841320000,1807.54,1808.85,1807.54,1807.99,409.4185
1653841380000,1808.0,1808.0,1806.76,1806.78,173.8996
1653841440000,1806.79,1808.41,1806.39,1808.4,225.6091
1653841500000,1808.4,1809.24,1807.2,1809.23,360.0111
1653841560000,1809.23,1809.37,1807.71,1807.72,303.4891
1653841620000,1807.72,1808.59,1807.31,1807.32,159.9004
1653841680000,1807.31,1807.37,1806.25,1806.3,232.2704
1653841740000,1806.31,1807.38,1806.3,1807.13,84.3662
1653841800000,1807.14,1808.33,1806.35,1807.3,174.306
1653841860000,1807.3,1807.71,1807.14,1807.14,47.477
1653841920000,1807.15,1810.0,1806.57,1810.0,361.5385
1653841980000,1809.99,1810.0,1808.92,1809.38,184.6022
1653842040000,1809.37,1809.38,1807.53,1808.5,272.1684
1653842100000,1808.5,1808.51,1807.23,1807.24,65.9482
1653842160000,1807.24,1807.91,1806.62,1807.73,119.9909
1653842220000,1807.74,1810.16,1807.73,1809.6,273.7728
1653842280000,1809.6,1809.63,1807.75,1808.4,129.5655
1653842340000,1808.41,1808.8,1808.0,1808.8,127.6017
1653842400000,1808.8,1808.87,1808.31,1808.87,27.4299
1653842460000,1808.87,1809.77,1807.23,1808.25,418.9012
1653842520000,1808.25,1808.26,1806.55,1806.67,180.6759
1653842580000,1806.67,1806.88,1805.98,1806.65,302.3527
1653842640000,1806.65,1807.57,1805.9,1807.09,291.5908
1653842700000,1807.1,1807.39,1806.5,1806.5,93.2434
1653842760000,1806.51,1806.96,1805.88,1805.98,87.9865
1653842820000,1805.97,1806.26,1805.96,1806.22,51.2102
1653842880000,1806.22,1806.54,1804.43,1804.58,353.8587
1653842940000,1804.58,1805.19,1803.97,1803.98,185.0606
1653843000000,1803.98,1804.68,1803.97,1804.56,208.7177
1653843060000,1804.57,1804.69,1803.14,1803.52,350.183
1653843120000,1803.53,1804.61,1802.54,1804.6,204.4178
1653843180000,1804.6,1804.61,1804.23,1804.6,29.8863
1653843240000,1804.6,1804.87,1803.82,1804.86,143.4131
1653843300000,1804.86,1804.87,1804.51,1804.6,36.3394
1653843360000,1804.6,1804.6,1803.45,1803.46,42.1435
1653843420000,1803.46,1804.0,1802.51,1804.0,77.9802
1653843480000,1803.99,1804.0,1803.45,1803.45,56.8745
1653843540000,1803.45,1804.64,1803.22,1804.01,265.9051
1653843600000,1804.02,1804.06,1802.3,1802.32,206.6251
1653843660000,1802.31,1802.83,1801.97,1802.64,180.4883
1653843720000,1802.64,1803.07,1802.5,1802.76,144.3183
1653843780000,1802.75,1802.82,1802.75,1802.82,18.7934
1653843840000,1802.81,1804.06,1802.81,1803.75,195.8839
1653843900000,1803.75,1804.6,1803.75,1804.56,204.7536
1653843960000,1804.55,1805.09,1803.53,1803.76,341.1952
1653844020000,1803.76,1803.93,1803.63,1803.64,38.0932
1653844080000,1803.63,1804.44,1803.63,1803.87,55.2109
1653844140000,1803.86,1804.25,1803.78,1804.25,48.6491
1653844200000,1804.25,1804.25,1803.78,1803.78,64.9407
1653844260000,1803.78,1803.79,1802.06,1802.27,109.6157
1653844320000,1802.28,1802.72,1802.27,1802.31,53.0226
1653844380000,1802.31,1802.67,1802.16,1802.67,84.8081
1653844440000,1802.67,1803.56,1802.67,1803.33,68.3972
1653844500000,1803.33,1805.11,1803.32,1804.79,263.3639
1653844560000,1804.79,1804.91,1803.36,1803.36,140.6388
1653844620000,1803.37,1804.39,1803.32,1804.39,100.9946
1653844680000,1804.39,1804.39,1803.73,1803.74,71.533
1653844740000,1803.74,1803.74,1801.55,1801.55,171.0388
1653844800000,1801.56,1801.56,1801.01,1801.14,200.4077
1653844860000,1801.15,1801.83,1801.14,1801.15,121.3216
1653844920000,1801.14,1801.62,1801.14,1801.38,73.1565
1653844980000,1801.38,1801.38,1798.55,1799.35,577.5352
1653845040000,1799.36,1799.46,1798.27,1798.27,174.0791
1653845100000,1798.27,1800.44,1798.27,1799.46,189.0769
1653845160000,1799.46,1801.21,1799.45,1800.26,130.2604
1653845220000,1800.26,1808.57,1800.26,1807.76,1657.4964
1653845280000,1807.77,1807.78,1806.86,1806.93,191.2444
1653845340000,1806.93,1808.28,1806.75,1807.84,114.585
1653845400000,1807.84,1809.0,1807.34,1809.0,177.8381
1653845460000,1809.0,1810.17,1808.29,1810.09,497.1354
1653845520000,1810.09,1810.1,1808.35,1808.36,213.9772
1653845580000,1808.36,1810.2,1808.34,1808.8,527.1206
1653845640000,1808.8,1809.12,1808.16,1808.69,52.027
1653845700000,1808.68,1808.69,1806.96,1806.96,95.6804
1653845760000,1806.96,1807.38,1806.52,1806.53,116.4395
1653845820000,1806.52,1806.84,1806.12,1806.49,174.4232
1653845880000,1806.5,1806.83,1806.22,1806.78,68.4928
1653845940000,1806.78,1806.78,1806.12,1806.45,48.8441
1653846000000,1806.45,1806.47,1806.37,1806.37,24.4272
1653846060000,1806.38,1806.89,1806.16,1806.88,161.9886
1653846120000,1806.87,1806.88,1806.4,1806.42,46.1175
1653846180000,1806.43,1807.58,1805.8,1807.27,155.9859
1653846240000,1807.27,1807.27,1806.99,1807.16,81.7532
1653846300000,1807.15,1807.16,1805.26,1805.27,100.3284
1653846360000,1805.26,1805.84,1805.15,1805.16,150.7041
1653846420000,1805.16,1805.16,1805.04,1805.04,34.9739
1653846480000,1805.04,1805.04,1803.64,1803.79,243.7867
1653846540000,1803.79,1804.46,1801.53,1802.06,368.9499
1653846600000,1802.06,1802.68,1800.99,1800.99,139.4414
1653846660000,1801.0,1801.0,1798.99,1799.9,567.106
1653846720000,1799.89,1799.9,1796.72,1796.73,413.0034
1653846780000,1796.71,1797.99,1795.5,1796.6,481.1788
1653846840000,1796.59,1798.93,1796.59,1798.26,248.6201
1653846900000,1798.26,1798.73,1797.64,1798.14,135.7332
1653846960000,1798.13,1798.85,1798.04,1798.85,87.228
1653847020000,1798.84,1799.01,1797.46,1798.02,155.4153
1653847080000,1798.02,1798.7,1797.66,1798.69,64.7539
1653847140000,1798.69,1799.31,1797.64,1798.84,205.4009
1653847200000,1798.84,1800.46,1798.32,1799.88,167.3847
1653847260000,1799.87,1800.78,1799.01,1799.27,150.0247
1653847320000,1799.28,1800.09,1799.27,1800.09,79.6966
1653847380000,1800.09,1800.53,1799.3,1799.3,109.3381
1653847440000,1799.3,1800.1,1799.3,1800.1,56.0179
1653847500000,1800.09,1800.1,1799.34,1799.41,124.461
1653847560000,1799.4,1800.75,1799.3,1800.75,161.7929
1653847620000,1800.74,1801.5,1800.74,1801.0,64.4504
1653847680000,1801.0,1801.27,1800.99,1801.26,16.5624
1653847740000,1801.27,1802.93,1801.26,1802.22,108.065
1653847800000,1802.21,1802.22,1801.77,1801.77,63.6489
1653847860000,1801.78,1802.6,1801.52,1802.6,53.6819
1653847920000,1802.59,1802.67,1800.19,1800.2,200.3332
1653847980000,1800.2,1800.21,1799.14,1799.62,127.9395
1653848040000,1799.63,1800.81,1799.62,1800.81,539.9479
1653848100000,1800.8,1802.69,1799.9,1802.68,184.3384
1653848160000,1802.69,1802.97,1801.91,1802.15,174.7542
1653848220000,1802.16,1802.16,1801.1,1801.11,89.331
1653848280000,1801.11,1801.38,1801.0,1801.01,38.0038
1653848340000,1801.0,1801.95,1801.0,1801.16,65.3283
1653848400000,1801.16,1801.42,1801.15,1801.41,37.1507
1653848460000,1801.41,1801.94,1801.32,1801.75,62.5015
1653848520000,1801.75,1803.27,1801.21,1803.27,251.0014
1653848580000,1803.27,1803.51,1802.34,1802.35,86.8343
1653848640000,1802.34,1802.89,1802.34,1802.88,27.5257
1653848700000,1802.88,1803.81,1802.05,1803.8,264.2242
1653848760000,1803.81,1803.81,1803.33,1803.46,42.8468
1653848820000,1803.47,1803.47,1801.82,1802.57,341.7459
1653848880000,1802.58,1802.99,1801.66,1802.98,217.493
1653848940000,1802.98,1804.0,1802.9,1803.63,119.7595
1653849000000,1803.63,1804.33,1803.62,1803.73,186.0883
1653849060000,1803.74,1803.74,1803.64,1803.65,18.1907
1653849120000,1803.65,1803.65,1803.54,1803.54,25.7228
1653849180000,1803.55,1803.81,1803.54,1803.81,27.628
1653849240000,1803.81,1803.81,1803.18,1803.48,56.2454
1653849300000,1803.47,1803.48,1803.37,1803.46,36.2956
1653849360000,1803.46,1803.47,1803.08,1803.28,79.6879
1653849420000,1803.27,1803.47,1803.18,1803.45,48.5208
1653849480000,1803.45,1803.49,1803.3,1803.44,49.3156
1653849540000,1803.44,1803.5,1800.64,1801.31,189.4717
1653849600000,1801.31,1801.36,1799.07,1799.2,134.9638
1653849660000,1799.21,1799.21,1797.48,1797.77,192.3308
1653849720000,1797.78,1797.78,1796.82,1797.32,81.0927
1653849780000,1797.33,1798.51,1797.32,1798.12,273.0653
1653849840000,1798.13,1798.96,1796.49,1797.0,359.0522
1653849900000,1797.0,1798.7,1796.99,1798.59,167.4047
1653849960000,1798.6,1799.91,1798.52,1799.7,100.139
1653850020000,1799.69,1799.7,1799.02,1799.58,82.7103
1653850080000,1799.59,1799.78,1797.88,1798.68,181.1375
1653850140000,1798.67,1799.22,1798.46,1798.86,100.5407
1653850200000,1798.85,1798.92,1796.31,1796.31,311.7003
1653850260000,1796.31,1796.91,1794.37,1796.71,614.316
1653850320000,1796.7,1798.04,1796.7,1797.54,152.0195
1653850380000,1797.54,1798.31,1797.28,1797.29,132.6024
1653850440000,1797.28,1797.59,1797.28,1797.58,25.3037
1653850500000,1797.59,1797.59,1796.44,1796.79,153.7506
1653850560000,1796.8,1797.16,1794.96,1795.1,560.0724
1653850620000,1795.1,1795.6,1794.13,1794.17,674.8559
1653850680000,1794.17,1795.0,1793.06,1794.91,313.9736
1653850740000,1794.91,1796.0,1794.82,1795.07,258.4449
1653850800000,1795.06,1797.74,1794.23,1794.98,299.2673
1653850860000,1794.98,1794.98,1793.0,1793.57,267.0209
1653850920000,1793.58,1793.58,1791.08,1792.85,868.3109
1653850980000,1792.86,1792.86,1792.15,1792.2,149.7416
1653851040000,1792.2,1794.33,1791.27,1794.28,548.0278
1653851100000,1794.27,1794.28,1792.87,1792.88,106.4695
1653851160000,1792.88,1793.45,1792.84,1793.2,178.5258
1653851220000,1793.19,1793.2,1792.0,1792.44,93.7072
1653851280000,1792.43,1792.44,1788.36,1788.62,1333.4608
1653851340000,1788.62,1790.36,1787.2,1789.61,762.8959
1653851400000,1789.62,1789.8,1788.89,1789.11,157.5166
1653851460000,1789.1,1791.57,1789.07,1790.69,288.2562
1653851520000,1790.69,1791.0,1790.0,1790.34,132.3967
1653851580000,1790.35,1790.51,1789.81,1790.51,66.9694
1653851640000,1790.51,1790.73,1789.3,1790.62,205.6458
1653851700000,1790.63,1790.63,1788.38,1788.9,288.1665
1653851760000,1788.89,1789.13,1788.19,1789.12,183.486
1653851820000,1789.13,1789.21,1786.21,1787.32,481.8945
1653851880000,1787.33,1787.8,1786.83,1787.8,163.6417
1653851940000,1787.8,1787.8,1785.29,1785.3,944.8388
1653852000000,1785.29,1787.89,1785.29,1787.13,489.6904
1653852060000,1787.14,1788.47,1787.13,1788.15,290.0825
1653852120000,1788.26,1789.81,1788.26,1788.44,513.9608
1653852180000,1788.44,1789.42,1788.38,1788.39,95.8809
1653852240000,1788.4,1789.94,1788.39,1789.94,114.7606
1653852300000,1789.94,1790.0,1788.88,1788.97,92.7055
1653852360000,1788.97,1788.97,1788.56,1788.56,25.7064
1653852420000,1788.57,1789.01,1786.45,1787.15,249.0865
1653852480000,1787.14,1788.93,1787.14,1788.62,117.6437
1653852540000,1788.61,1788.62,1788.0,1788.25,95.5398
1653852600000,1788.24,1789.14,1787.0,1787.0,274.6525
1653852660000,1787.0,1789.29,1787.0,1789.0,429.8516
1653852720000,1788.99,1789.0,1788.0,1788.12,110.4034
1653852780000,1788.12,1788.59,1787.76,1788.22,64.0252
1653852840000,1788.23,1788.66,1788.22,1788.51,29.9832
1653852900000,1788.52,1789.75,1788.51,1788.91,526.0382
1653852960000,1788.9,1789.72,1788.9,1789.1,129.326
1653853020000,1789.1,1789.16,1788.95,1789.16,35.3883
1653853080000,1789.15,1789.16,1788.48,1788.75,253.993
1653853140000,1788.76,1789.0,1787.06,1787.57,200.6963
1653853200000,1787.57,1787.71,1786.47,1786.71,147.2563
1653853260000,1786.71,1786.84,1786.51,1786.81,35.4449
1653853320000,1786.81,1787.47,1786.23,1786.44,258.4543
1653853380000,1786.43,1786.44,1786.05,1786.24,48.3714
1653853440000,1786.23,1787.54,1786.23,1787.54,934.5035
1653853500000,1787.53,1789.49,1787.53,1788.57,230.8913
1653853560000,1788.58,1788.9,1788.0,1788.48,193.1498
1653853620000,1788.49,1788.81,1787.34,1788.43,199.706
1653853680000,1788.43,1788.43,1787.62,1787.88,125.1645
1653853740000,1787.88,1788.4,1787.72,1788.21,128.5838
1653853800000,1788.21,1788.21,1787.48,1787.72,73.6644
1653853860000,1787.72,1787.73,1786.0,1786.01,159.2295
1653853920000,1786.0,1786.01,1785.64,1785.73,131.8557
1653853980000,1785.74,1788.16,1785.73,1787.57,1197.1192
1653854040000,1787.58,1788.81,1787.57,1788.49,98.6916
1653854100000,1788.49,1789.08,1787.62,1788.58,224.4466
1653854160000,1788.58,1788.83,1787.4,1787.8,172.8268
1653854220000,1787.8,1787.81,1786.74,1786.74,51.6167
1653854280000,1786.75,1787.13,1786.03,1786.03,180.5638
1653854340000,1786.04,1788.85,1786.03,1788.53,136.2859
1653854400000,1788.53,1791.77,1787.09,1790.92,640.9091
1653854460000,1790.92,1792.89,1789.42,1790.57,488.7026
1653854520000,1790.57,1791.02,1790.51,1790.51,50.0317
1653854580000,1790.52,1798.18,1789.46,1797.19,2061.727
1653854640000,1797.19,1799.02,1796.19,1796.51,513.6139
1653854700000,1796.51,1796.51,1795.65,1796.32,140.1461
1653854760000,1796.32,1796.41,1795.86,1796.07,150.2025
1653854820000,1796.07,1796.08,1795.0,1795.24,126.9351
1653854880000,1795.24,1795.25,1795.1,1795.11,66.4247
1653854940000,1795.11,1796.99,1794.98,1796.98,99.9038
1653855000000,1797.0,1797.0,1795.72,1796.27,224.5679
1653855060000,1796.27,1796.28,1792.9,1793.54,757.4229
1653855120000,1793.54,1793.93,1793.45,1793.55,66.0897
1653855180000,1793.54,1793.78,1793.44,1793.57,60.2854
1653855240000,1793.57,1793.79,1793.57,1793.62,95.1148
1653855300000,1793.61,1795.08,1793.61,1794.46,174.6713
1653855360000,1794.46,1795.39,1794.4,1794.41,256.8765
1653855420000,1794.4,1795.86,1793.0,1793.34,214.0271
1653855480000,1793.33,1793.43,1792.4,1792.41,42.7995
1653855540000,1792.4,1792.41,1791.26,1791.61,184.2417
1653855600000,1791.62,1791.83,1791.61,1791.82,33.4555
1653855660000,1791.82,1793.0,1791.82,1792.63,188.5413
1653855720000,1792.64,1792.64,1792.01,1792.17,23.5857
1653855780000,1792.18,1794.27,1792.17,1793.83,154.4891
1653855840000,1793.83,1794.25,1793.83,1793.93,61.1712
1653855900000,1793.94,1794.08,1793.93,1794.08,10.0586
1653855960000,1794.08,1794.09,1793.0,1793.71,89.7412
1653856020000,1793.7,1795.31,1793.34,1795.24,108.142
1653856080000,1795.24,1795.97,1794.75,1795.45,133.4321
1653856140000,1795.46,1795.46,1794.63,1794.99,95.0683
1653856200000,1794.99,1795.45,1794.95,1794.96,35.189
1653856260000,1794.95,1795.1,1794.75,1795.1,108.173
1653856320000,1795.09,1795.1,1794.08,1794.48,54.6035
1653856380000,1794.49,1794.49,1792.0,1792.0,41.5056
1653856440000,1792.01,1792.01,1790.21,1791.75,130.4763
1653856500000,1791.75,1791.77,1790.45,1791.76,114.1711
1653856560000,1791.77,1791.8,1790.53,1790.94,76.189
1653856620000,1790.94,1793.99,1790.93,1793.57,302.7147
1653856680000,1793.58,1794.91,1792.01,1794.57,349.5748
1653856740000,1794.56,1795.94,1794.56,1794.9,210.3385
1653856800000,1794.89,1795.63,1794.74,1795.45,66.336
1653856860000,1795.46,1796.21,1794.02,1794.48,286.1685
1653856920000,1794.49,1795.66,1794.48,1795.66,77.5823
1653856980000,1795.65,1796.55,1795.65,1796.44,122.0421
1653857040000,1796.45,1797.08,1795.68,1796.19,128.6437
1653857100000,1796.19,1796.2,1795.58,1795.95,68.8154
1653857160000,1795.95,1795.95,1795.22,1795.45,37.1501
1653857220000,1795.45,1795.46,1794.06,1794.73,48.7936
1653857280000,1794.72,1794.73,1793.86,1793.87,47.2954
1653857340000,1793.86,1795.76,1793.86,1795.75,87.3304
1653857400000,1795.76,1795.76,1794.58,1794.91,142.6936
1653857460000,1794.91,1795.22,1794.91,1794.99,85.5279
1653857520000,1794.99,1795.43,1794.99,1795.42,74.1492
1653857580000,1795.41,1795.42,1794.92,1794.92,51.7008
1653857640000,1794.92,1795.6,1794.92,1795.16,90.4386
1653857700000,1795.15,1795.24,1794.78,1794.79,47.4693
1653857760000,1794.79,1794.79,1794.5,1794.7,25.3664
1653857820000,1794.71,1794.71,1794.28,1794.57,136.6365
1653857880000,1794.56,1794.62,1794.42,1794.43,23.9265
1653857940000,1794.42,1797.33,1794.42,1797.33,135.7469
1653858000000,1797.33,1797.45,1795.16,1796.99,296.1928
1653858060000,1797.0,1797.0,1796.43,1796.44,41.8818
1653858120000,1796.43,1796.44,1795.0,1795.0,109.0333
1653858180000,1795.01,1795.62,1794.8,1794.8,66.3816
1653858240000,1794.81,1794.81,1794.62,1794.73,36.4085
1653858300000,1794.73,1794.73,1794.64,1794.65,18.1577
1653858360000,1794.65,1795.31,1794.14,1795.31,174.5023
1653858420000,1795.3,1797.28,1795.3,1797.11,190.6216
1653858480000,1797.1,1797.7,1797.0,1797.04,77.8251
1653858540000,1797.04,1797.54,1797.02,1797.48,199.9594
1653858600000,1797.48,1797.49,1797.07,1797.39,109.4651
1653858660000,1797.39,1797.5,1797.38,1797.5,21.8432
1653858720000,1797.49,1797.5,1797.36,1797.39,44.6897
1653858780000,1797.4,1797.94,1797.2,1797.21,96.3106
1653858840000,1797.2,1797.8,1797.2,1797.23,138.1271
1653858900000,1797.22,1797.8,1797.22,1797.8,40.2316
1653858960000,1797.79,1797.8,1797.47,1797.47,65.7469
1653859020000,1797.47,1797.48,1796.17,1796.18,114.8249
1653859080000,1796.18,1796.18,1795.0,1795.01,102.6263
1653859140000,1795.01,1795.72,1795.0,1795.5,63.9862
1653859200000,1795.5,1795.54,1794.82,1794.86,94.4561
1653859260000,1794.86,1794.86,1794.55,1794.66,73.7667
1653859320000,1794.66,1794.68,1794.65,1794.67,16.4478
1653859380000,1794.68,1796.0,1794.68,1796.0,94.6542
1653859440000,1796.0,1796.03,1795.99,1796.03,14.4488
1653859500000,1796.03,1796.07,1795.65,1796.06,70.648
1653859560000,1796.07,1796.54,1796.06,1796.54,30.1957
1653859620000,1796.53,1797.66,1796.53,1797.33,72.7408
1653859680000,1797.32,1797.8,1795.84,1797.79,770.8126
1653859740000,1797.8,1800.0,1797.79,1800.0,404.8755
1653859800000,1799.99,1800.0,1799.99,1800.0,84.8746
1653859860000,1800.0,1800.0,1799.99,1800.0,19.1994
1653859920000,1799.99,1800.0,1799.99,1799.99,13.3967
1653859980000,1799.99,1800.0,1799.29,1799.29,117.4012
1653860040000,1799.29,1800.58,1799.29,1800.57,238.9758
1653860100000,1800.57,1800.71,1800.15,1800.57,113.1792
1653860160000,1800.56,1803.78,1800.56,1803.78,297.2081
1653860220000,1803.78,1806.61,1803.77,1806.1,271.7816
1653860280000,1806.09,1806.1,1803.1,1803.1,231.1481
1653860340000,1803.1,1803.11,1803.1,1803.1,24.8541
1653860400000,1803.11,1803.11,1802.65,1802.89,53.4938
1653860460000,1802.89,1802.9,1802.21,1802.37,56.5394
1653860520000,1802.37,1802.78,1802.31,1802.77,46.8256
1653860580000,1802.78,1802.84,1801.49,1801.94,170.3594
1653860640000,1801.94,1802.21,1801.3,1801.67,141.8645
1653860700000,1801.67,1801.72,1801.66,1801.72,13.8018
1653860760000,1801.72,1803.86,1801.71,1802.92,167.1906
1653860820000,1802.92,1802.93,1802.54,1802.87,30.4935
1653860880000,1802.88,1802.88,1800.39,1800.72,148.3886
1653860940000,1800.72,1800.72,1800.26,1800.3,53.1017
1653861000000,1800.29,1801.47,1798.9,1801.46,142.2682
1653861060000,1801.46,1802.69,1801.24,1801.24,108.8394
1653861120000,1801.24,1802.7,1801.24,1802.11,81.8035
1653861180000,1802.11,1803.53,1802.11,1803.52,171.6498
1653861240000,1803.53,1803.78,1803.07,1803.07,144.5906
1653861300000,1803.08,1803.97,1803.07,1803.96,49.9509
1653861360000,1803.97,1804.6,1803.96,1804.59,164.2445
1653861420000,1804.59,1804.6,1804.46,1804.46,31.0514
1653861480000,1804.46,1804.59,1803.6,1803.62,283.3981
1653861540000,1803.63,1803.92,1803.42,1803.52,154.903
1653861600000,1803.53,1807.67,1803.52,1806.88,1057.2031
1653861660000,1806.87,1806.88,1803.77,1803.78,225.7789
1653861720000,1803.78,1804.06,1797.88,1798.39,962.5261
1653861780000,1798.38,1802.6,1798.09,1800.72,774.7643
1653861840000,1800.72,1801.04,1796.8,1799.06,1688.8574
1653861900000,1799.07,1799.07,1795.07,1798.69,1425.4548
1653861960000,1798.69,1800.87,1795.33,1800.54,1923.6365
1653862020000,1800.54,1800.95,1798.19,1799.05,1028.4135
1653862080000,1799.05,1799.24,1798.99,1799.23,23.0842
1653862140000,1799.24,1801.11,1799.01,1800.77,452.9985
1653862200000,1800.76,1801.18,1799.73,1799.99,556.1222
1653862260000,1800.0,1801.52,1799.99,1801.37,244.2772
1653862320000,1801.36,1802.92,1801.36,1802.72,369.7019
1653862380000,1802.71,1802.72,1801.76,1802.72,324.4282
1653862440000,1802.72,1804.62,1802.71,1804.62,252.8018
1653862500000,1804.61,1807.43,1804.07,1807.1,1554.3582
1653862560000,1807.11,1808.43,1807.1,1807.38,388.2138
1653862620000,1807.38,1808.96,1807.32,1808.55,506.1211
1653862680000,1808.54,1809.72,1806.73,1809.06,1144.9044
1653862740000,1809.06,1811.13,1807.63,1809.43,1540.2459
1653862800000,1809.42,1810.71,1808.28,1809.63,816.7245
1653862860000,1809.63,1816.0,1809.61,1813.71,2665.9313
1653862920000,1813.7,1815.93,1813.34,1813.35,1336.5705
1653862980000,1813.34,1814.57,1812.4,1813.67,1033.4588
1653863040000,1813.68,1815.4,1812.04,1814.56,1142.8894
1653863100000,1814.57,1815.96,1814.56,1814.66,328.1499
1653863160000,1814.66,1816.9,1814.41,1815.45,1435.5421
1653863220000,1815.45,1816.34,1814.09,1814.69,454.2276
1653863280000,1814.68,1816.0,1812.45,1814.73,1047.6599
1653863340000,1814.73,1816.09,1812.99,1815.66,1197.4234
1653863400000,1815.65,1817.41,1813.9,1815.47,932.1048
1653863460000,1815.48,1816.19,1815.08,1816.07,243.1847
1653863520000,1816.08,1816.19,1814.53,1814.65,505.7719
1653863580000,1814.64,1816.69,1814.47,1815.96,646.8322
1653863640000,1815.96,1818.35,1815.96,1816.69,819.6566
1653863700000,1816.68,1817.79,1815.62,1816.4,656.2698
1653863760000,1816.43,1818.11,1816.25,1818.11,779.1846
1653863820000,1818.11,1821.91,1816.0,1821.67,2434.7825
1653863880000,1821.67,1823.5,1819.15,1819.7,1085.1463
1653863940000,1819.69,1823.16,1819.69,1822.01,695.0561
1653864000000,1822.0,1826.24,1821.85,1825.11,1231.4493
1653864060000,1825.11,1825.11,1820.27,1821.64,1157.5474
1653864120000,1821.63,1821.9,1818.14,1818.56,499.7425
1653864180000,1818.57,1819.12,1815.86,1816.31,762.2181
1653864240000,1816.32,1816.38,1814.4,1815.73,726.8197
1653864300000,1815.73,1816.15,1814.55,1816.01,450.8431
1653864360000,1816.0,1816.15,1815.59,1815.65,164.1531
1653864420000,1815.65,1815.65,1813.61,1813.79,308.4899
1653864480000,1813.79,1815.39,1812.68,1815.19,603.6479
1653864540000,1815.19,1815.2,1813.46,1813.47,88.9337
1653864600000,1813.47,1814.98,1813.46,1813.53,475.8018
1653864660000,1813.52,1813.53,1812.32,1812.8,280.9222
1653864720000,1812.79,1813.0,1811.98,1812.74,408.2795
1653864780000,1812.74,1812.98,1812.74,1812.84,114.0484
1653864840000,1812.85,1813.0,1810.74,1811.2,366.1358
1653864900000,1811.2,1813.65,1811.18,1813.0,351.8456
1653864960000,1813.0,1814.2,1813.0,1814.04,175.4955
1653865020000,1814.04,1814.05,1812.14,1812.85,218.0326
1653865080000,1812.85,1813.36,1809.74,1810.15,444.7517
1653865140000,1810.15,1811.62,1809.66,1810.66,542.3902
1653865200000,1810.67,1811.67,1810.17,1810.19,409.3547
1653865260000,1810.18,1810.19,1808.59,1809.8,381.591
1653865320000,1809.8,1809.97,1809.51,1809.76,53.8666
1653865380000,1809.77,1809.8,1809.15,1809.33,99.3257
1653865440000,1809.34,1810.68,1809.16,1810.27,203.4833
1653865500000,1810.27,1811.93,1810.26,1811.92,143.7826
1653865560000,1811.92,1812.97,1811.92,1812.7,164.1986
1653865620000,1812.7,1813.57,1811.2,1813.08,363.8025
1653865680000,1813.07,1813.39,1812.19,1812.73,236.8076
1653865740000,1812.72,1813.71,1812.72,1813.19,139.9271
1653865800000,1813.2,1814.73,1813.19,1814.73,459.4687
1653865860000,1814.72,1817.03,1814.72,1816.77,396.4982
1653865920000,1816.76,1816.77,1815.76,1815.77,212.9492
1653865980000,1815.76,1816.54,1815.1,1816.53,398.1234
1653866040000,1816.54,1816.68,1815.68,1816.63,175.6738
1653866100000,1816.63,1816.63,1815.54,1815.69,282.249
1653866160000,1815.7,1816.69,1815.69,1816.69,68.7582
1653866220000,1816.71,1816.73,1815.54,1815.55,147.7574
1653866280000,1815.55,1815.55,1813.81,1814.42,538.2543
1653866340000,1814.42,1815.89,1814.25,1815.54,220.0543
1653866400000,1815.54,1816.79,1815.54,1816.78,260.979
1653866460000,1816.78,1816.79,1815.36,1816.13,265.1538
1653866520000,1816.14,1816.14,1814.41,1814.41,261.6502
1653866580000,1814.41,1814.42,1813.74,1813.76,354.8312
1653866640000,1813.76,1813.98,1813.75,1813.98,188.4148
1653866700000,1813.98,1814.76,1813.77,1814.61,216.3904
1653866760000,1814.6,1815.24,1814.56,1814.56,177.576
1653866820000,1814.57,1814.89,1814.56,1814.89,33.047
1653866880000,1814.88,1817.36,1814.88,1817.06,328.6416
1653866940000,1817.05,1817.1,1816.0,1816.0,168.6556
1653867000000,1816.0,1817.02,1815.0,1815.38,259.2108
1653867060000,1815.37,1815.38,1814.0,1814.42,83.2744
1653867120000,1814.42,1815.5,1814.42,1815.11,279.326
1653867180000,1815.11,1815.11,1812.6,1812.6,541.3471
1653867240000,1812.6,1814.54,1812.3,1813.76,730.5067
1653867300000,1813.77,1814.52,1811.65,1811.93,770.8102
1653867360000,1811.93,1812.98,1811.0,1812.67,459.5394
1653867420000,1812.68,1812.87,1812.33,1812.45,217.4454
1653867480000,1812.46,1812.67,1811.0,1811.61,637.2302
1653867540000,1811.61,1813.49,1811.28,1813.24,352.8384
1653867600000,1813.25,1813.25,1812.48,1812.79,129.7626
1653867660000,1812.79,1813.05,1812.78,1813.05,34.3782
1653867720000,1813.04,1813.21,1811.75,1813.2,475.1456
1653867780000,1813.21,1813.24,1813.2,1813.24,21.2695
1653867840000,1813.23,1813.25,1813.23,1813.24,57.3711
1653867900000,1813.24,1813.25,1811.08,1811.28,244.6493
1653867960000,1811.28,1811.8,1811.28,1811.55,145.4913
1653868020000,1811.55,1813.43,1811.44,1813.42,227.9829
1653868080000,1813.42,1813.43,1812.45,1812.46,104.9913
1653868140000,1812.45,1812.99,1812.29,1812.48,229.8437
1653868200000,1812.47,1812.48,1811.05,1811.71,234.2538
1653868260000,1811.71,1811.78,1811.47,1811.47,57.9155
1653868320000,1811.48,1811.57,1811.06,1811.24,125.6268
1653868380000,1811.24,1811.43,1811.24,1811.43,18.9725
1653868440000,1811.43,1812.21,1811.42,1812.2,117.7341
1653868500000,1812.2,1812.73,1812.19,1812.66,206.7895
1653868560000,1812.66,1812.67,1812.19,1812.19,87.7078
1653868620000,1812.2,1814.32,1812.19,1813.64,445.4381
1653868680000,1813.64,1813.85,1812.94,1812.94,68.5333
1653868740000,1812.94,1813.65,1812.94,1813.64,69.6411
1653868800000,1813.64,1814.4,1811.29,1812.2,922.1786
1653868860000,1812.21,1812.21,1810.78,1810.78,130.5405
1653868920000,1810.79,1812.72,1810.78,1812.71,154.5392
1653868980000,1812.72,1812.72,1810.63,1810.92,330.8901
1653869040000,1810.93,1811.03,1810.4,1810.4,82.4587
1653869100000,1810.4,1811.55,1810.4,1810.88,268.7531
1653869160000,1810.87,1811.15,1810.57,1810.58,169.6351
1653869220000,1810.58,1810.58,1806.2,1806.21,733.1496
1653869280000,1806.2,1806.64,1805.42,1805.43,243.7017
1653869340000,1805.43,1806.08,1803.36,1803.65,480.4899
1653869400000,1803.65,1806.12,1803.64,1805.46,243.56
1653869460000,1805.45,1805.86,1803.18,1803.66,692.9707
1653869520000,1803.67,1804.81,1803.66,1804.48,70.2088
1653869580000,1804.47,1805.73,1804.47,1805.14,393.5899
1653869640000,1805.15,1805.32,1804.24,1804.25,45.574
1653869700000,1804.24,1808.74,1804.24,1808.52,687.4843
1653869760000,1808.52,1809.63,1807.6,1807.72,428.3909
1653869820000,1807.71,1808.01,1807.62,1807.93,147.3813
1653869880000,1807.93,1808.64,1807.09,1807.24,325.1915
1653869940000,1807.24,1809.85,1807.23,1809.63,356.0495
1653870000000,1809.64,1809.64,1809.07,1809.42,67.6519
1653870060000,1809.42,1809.42,1808.69,1809.15,128.7529
1653870120000,1809.14,1809.34,1809.04,1809.34,54.2944
1653870180000,1809.34,1810.08,1809.23,1810.0,130.9635
1653870240000,1810.01,1810.19,1809.28,1810.19,170.3131
1653870300000,1810.19,1810.19,1808.4,1809.52,174.4253
1653870360000,1809.51,1809.62,1808.58,1808.59,78.1982
1653870420000,1808.57,1808.85,1806.9,1808.84,283.1753
1653870480000,1808.84,1809.26,1808.84,1808.87,61.4927
1653870540000,1808.88,1809.47,1808.03,1808.09,339.2315
1653870600000,1808.09,1809.58,1808.08,1809.17,121.6909
1653870660000,1809.17,1809.56,1808.51,1808.66,162.8062
1653870720000,1808.53,1808.64,1808.16,1808.64,107.3011
1653870780000,1808.63,1808.64,1807.44,1807.44,76.3817
1653870840000,1807.44,1808.28,1807.28,1807.54,126.2418
1653870900000,1807.54,1808.26,1806.56,1806.56,249.3236
1653870960000,1806.57,1807.02,1806.26,1806.27,63.2927
1653871020000,1806.26,1806.89,1806.26,1806.84,61.1243
1653871080000,1806.84,1806.88,1805.76,1806.44,138.5231
1653871140000,1806.43,1806.49,1806.01,1806.01,43.7844
1653871200000,1806.01,1806.38,1806.0,1806.0,27.7002
1653871260000,1806.0,1806.01,1806.0,1806.01,7.8202
1653871320000,1806.0,1806.61,1806.0,1806.58,22.656
1653871380000,1806.58,1806.75,1805.18,1805.68,251.0713
1653871440000,1805.69,1807.56,1805.68,1807.26,120.4166
1653871500000,1807.26,1807.81,1806.55,1807.21,130.364
1653871560000,1807.2,1808.13,1807.19,1808.12,157.175
1653871620000,1808.13,1808.58,1807.39,1808.58,186.0059
1653871680000,1808.57,1809.42,1807.8,1807.81,245.4307
1653871740000,1807.8,1808.27,1807.09,1807.1,121.4859
1653871800000,1807.09,1807.2,1805.46,1805.46,179.0002
1653871860000,1805.47,1805.47,1805.0,1805.01,101.2708
1653871920000,1805.01,1805.59,1804.19,1804.55,242.8249
1653871980000,1804.54,1806.2,1804.28,1806.12,128.2606
1653872040000,1806.12,1806.14,1805.06,1805.85,217.3328
1653872100000,1805.84,1805.85,1804.34,1804.34,92.7478
1653872160000,1804.34,1804.66,1804.0,1804.53,142.5088
1653872220000,1804.52,1805.26,1804.37,1804.92,142.3203
1653872280000,1804.91,1805.99,1804.91,1805.49,240.466
1653872340000,1805.49,1805.64,1805.48,1805.63,11.5148
1653872400000,1805.63,1807.42,1805.19,1807.09,215.9985
1653872460000,1807.08,1808.33,1807.08,1807.33,229.3158
1653872520000,1807.33,1807.34,1807.0,1807.14,66.7386
1653872580000,1807.14,1808.33,1806.58,1808.33,175.6436
1653872640000,1808.32,1808.33,1807.28,1807.84,141.644
1653872700000,1807.83,1808.63,1807.47,1808.62,155.931
1653872760000,1808.62,1808.67,1807.79,1807.79,175.1063
1653872820000,1807.8,1808.6,1807.79,1807.91,175.5534
1653872880000,1807.92,1807.92,1806.58,1806.58,196.2362
1653872940000,1806.58,1807.95,1806.19,1807.95,344.6954
1653873000000,1807.95,1808.03,1807.34,1807.85,60.1057
1653873060000,1807.85,1810.36,1807.61,1810.36,181.7096
1653873120000,1810.36,1810.66,1809.85,1810.56,265.0765
1653873180000,1810.55,1810.56,1809.81,1810.04,212.5736
1653873240000,1810.05,1810.75,1810.04,1810.74,113.0452
1653873300000,1810.75,1812.41,1810.74,1812.4,453.8081
1653873360000,1812.4,1812.41,1811.87,1811.87,108.5303
1653873420000,1811.88,1813.74,1811.71,1813.67,443.3608
1653873480000,1813.68,1814.89,1813.58,1813.99,299.8057
1653873540000,1813.99,1816.21,1813.99,1815.89,281.0819
1653873600000,1815.89,1816.2,1815.0,1815.13,209.2946
1653873660000,1815.13,1815.98,1815.12,1815.84,237.5206
1653873720000,1815.84,1817.87,1815.31,1817.87,530.7084
1653873780000,1817.86,1817.94,1816.81,1817.81,303.8591
1653873840000,1817.81,1818.02,1816.4,1816.68,362.1565
1653873900000,1816.68,1817.62,1816.48,1817.03,182.7787
1653873960000,1817.02,1817.03,1816.67,1816.73,149.0699
1653874020000,1816.72,1818.72,1816.69,1818.6,193.2004
1653874080000,1818.6,1819.72,1818.59,1819.7,139.9114
1653874140000,1819.7,1819.71,1818.45,1818.46,186.1178
1653874200000,1818.45,1822.87,1818.45,1821.99,1065.4965
1653874260000,1821.99,1824.95,1821.75,1824.28,1336.1022
1653874320000,1824.28,1824.94,1822.22,1822.6,1291.1297
1653874380000,1822.6,1824.2,1822.59,1823.34,171.4141
1653874440000,1823.34,1823.9,1823.34,1823.65,84.3373
1653874500000,1823.66,1825.0,1823.65,1824.93,1643.4215
1653874560000,1824.93,1825.0,1824.39,1824.84,2793.2516
1653874620000,1824.85,1838.52,1824.84,1835.56,12824.8544
1653874680000,1835.56,1837.67,1832.23,1833.85,2862.0588
1653874740000,1833.86,1835.28,1832.23,1835.27,954.8594
1653874800000,1835.28,1838.0,1834.64,1836.29,1960.3302
1653874860000,1836.29,1836.84,1835.01,1835.01,601.6803
1653874920000,1835.01,1836.5,1834.65,1835.14,528.0704
1653874980000,1835.15,1842.25,1835.14,1839.02,3124.3401
1653875040000,1839.02,1840.82,1838.58,1840.49,1205.8715
1653875100000,1840.48,1842.01,1838.14,1838.92,2232.0478
1653875160000,1838.91,1838.92,1835.14,1836.61,1011.489
1653875220000,1836.6,1837.63,1834.65,1836.98,1303.3728
1653875280000,1836.98,1839.1,1836.68,1837.37,760.6038
1653875340000,1837.37,1838.43,1836.26,1838.11,376.4057
1653875400000,1838.1,1842.0,1838.1,1840.79,730.4732
1653875460000,1840.8,1843.02,1839.31,1841.81,1233.5536
1653875520000,1841.8,1843.66,1840.89,1840.9,1364.3598
1653875580000,1840.89,1845.0,1840.33,1843.73,1162.0661
1653875640000,1843.73,1843.74,1839.17,1840.18,571.4751
1653875700000,1840.18,1841.63,1840.11,1840.65,317.3949
1653875760000,1840.64,1841.2,1839.3,1840.29,544.1823
1653875820000,1840.3,1841.97,1839.22,1841.96,502.9788
1653875880000,1841.97,1844.15,1841.0,1844.14,721.6647
1653875940000,1844.15,1846.58,1841.63,1845.31,1483.766
1653876000000,1845.31,1849.7,1845.14,1846.56,2107.2445
1653876060000,1846.55,1847.69,1845.7,1847.33,645.5247
1653876120000,1847.33,1847.33,1844.43,1845.31,773.5531
1653876180000,1845.31,1857.03,1844.15,1852.02,4871.3128
1653876240000,1852.02,1869.99,1851.44,1869.82,5872.3692
1653876300000,1869.81,1878.07,1864.12,1865.73,7094.3608
1653876360000,1865.86,1869.39,1862.97,1868.32,1521.0253
1653876420000,1868.32,1870.42,1862.88,1864.1,2687.517
1653876480000,1864.09,1864.61,1862.63,1863.7,763.5612
1653876540000,1863.69,1869.87,1863.67,1869.55,1603.1
1653876600000,1869.54,1870.81,1866.79,1868.67,1723.2176
1653876660000,1868.68,1872.49,1867.51,1867.69,2406.6575
1653876720000,1867.69,1868.0,1865.53,1867.27,1035.7426
1653876780000,1867.27,1869.69,1866.04,1869.68,676.3591
1653876840000,1869.68,1870.07,1868.19,1868.4,826.2952
1653876900000,1868.41,1874.7,1868.4,1872.84,1673.2124
1653876960000,1872.83,1877.76,1872.12,1876.91,2400.3672
1653877020000,1876.91,1876.91,1871.33,1871.8,1282.6566
1653877080000,1871.79,1873.4,1870.35,1870.36,848.4841
1653877140000,1870.35,1872.66,1870.35,1871.3,389.5256
1653877200000,1871.3,1875.99,1871.3,1875.98,1354.0833
1653877260000,1875.99,1880.66,1874.25,1874.57,1958.1141
1653877320000,1874.56,1875.24,1872.85,1873.93,749.8184
1653877380000,1873.94,1873.98,1870.4,1872.31,587.5748
1653877440000,1872.3,1873.0,1871.7,1872.81,313.0625
1653877500000,1872.81,1875.76,1872.81,1875.62,573.417
1653877560000,1875.63,1878.57,1875.48,1875.79,843.1805
1653877620000,1875.79,1880.45,1875.33,1878.89,1211.4339
1653877680000,1878.89,1879.01,1875.32,1875.91,582.7809
1653877740000,1875.91,1877.57,1873.75,1877.26,718.3763
1653877800000,1877.26,1878.18,1874.39,1874.39,517.0794
1653877860000,1874.33,1875.4,1872.01,1875.25,865.4767
1653877920000,1875.25,1875.53,1874.35,1874.44,302.9647
1653877980000,1874.44,1874.99,1872.8,1872.85,210.9769
1653878040000,1872.84,1874.17,1871.79,1873.9,406.8637
1653878100000,1873.9,1873.94,1872.89,1873.49,363.0277
1653878160000,1873.5,1874.71,1872.84,1873.7,428.7283
1653878220000,1873.7,1874.7,1873.0,1874.7,200.122
1653878280000,1874.69,1874.7,1873.75,1874.45,251.9512
1653878340000,1874.45,1879.92,1874.44,1879.01,956.3263
1653878400000,1879.0,1883.74,1876.26,1882.21,1938.6105
1653878460000,1882.22,1883.66,1877.31,1878.91,1362.5291
1653878520000,1878.9,1879.31,1877.24,1877.91,658.0854
1653878580000,1877.91,1880.8,1877.9,1879.47,833.3615
1653878640000,1879.46,1882.52,1879.25,1880.53,736.9439
1653878700000,1880.53,1882.13,1879.04,1879.3,854.7434
1653878760000,1879.31,1879.31,1877.13,1877.13,344.055
1653878820000,1877.14,1878.43,1875.55,1876.86,1001.0524
1653878880000,1876.86,1876.87,1875.32,1875.33,190.483
1653878940000,1875.33,1878.25,1875.27,1877.01,1222.1825
1653879000000,1877.01,1878.22,1875.58,1876.07,524.3384
1653879060000,1876.07,1876.49,1874.01,1874.55,613.2795
1653879120000,1874.55,1877.29,1874.54,1876.9,327.9939
1653879180000,1876.89,1877.57,1875.95,1875.95,649.4469
1653879240000,1875.96,1876.71,1875.95,1876.1,177.5356
1653879300000,1876.11,1876.11,1874.19,1875.31,763.1808
1653879360000,1875.31,1875.31,1872.91,1873.02,565.4786
1653879420000,1873.02,1874.99,1873.0,1874.98,1088.2498
1653879480000,1874.98,1875.99,1874.59,1875.65,391.676
1653879540000,1875.65,1875.65,1875.29,1875.29,144.797
1653879600000,1875.29,1878.66,1875.29,1878.45,785.2097
1653879660000,1878.45,1878.45,1877.0,1877.5,684.8768
1653879720000,1877.49,1884.28,1877.49,1878.62,2682.9555
1653879780000,1878.63,1880.77,1877.14,1879.79,714.9074
1653879840000,1879.79,1879.86,1877.58,1878.99,532.5921
1653879900000,1878.98,1878.99,1877.54,1878.75,272.3699
1653879960000,1878.75,1879.51,1877.35,1879.51,823.3841
1653880020000,1879.51,1880.5,1878.66,1879.29,985.7342
1653880080000,1879.28,1879.51,1877.11,1877.2,616.9338
1653880140000,1877.21,1877.21,1875.47,1876.05,425.7033
1653880200000,1876.05,1876.05,1874.92,1875.42,399.5991
1653880260000,1875.42,1875.58,1873.44,1874.18,670.9957
1653880320000,1874.18,1874.41,1872.31,1872.32,720.2271
1653880380000,1872.31,1872.32,1871.49,1871.57,273.688
1653880440000,1871.58,1873.14,1871.5,1872.73,508.9069
1653880500000,1872.73,1874.5,1872.22,1873.33,595.9554
1653880560000,1873.34,1875.57,1873.33,1874.09,426.4735
1653880620000,1874.08,1875.45,1874.06,1875.19,134.8234
1653880680000,1875.19,1876.65,1875.18,1875.4,239.8296
1653880740000,1875.39,1876.45,1875.39,1876.01,110.869
1653880800000,1876.0,1876.22,1874.77,1874.77,271.9787
1653880860000,1874.77,1875.34,1874.04,1875.04,362.1371
1653880920000,1875.04,1876.92,1875.03,1875.79,233.7914
1653880980000,1875.79,1876.75,1875.48,1875.9,389.8053
1653881040000,1875.9,1875.91,1875.0,1875.23,47.2218
1653881100000,1875.24,1875.24,1873.26,1873.56,522.8472
1653881160000,1873.57,1873.57,1872.53,1873.49,233.7844
1653881220000,1873.5,1875.87,1873.49,1874.34,539.8448
1653881280000,1874.34,1878.0,1874.24,1877.63,744.7532
1653881340000,1877.63,1879.23,1876.06,1878.06,826.6948
1653881400000,1878.07,1879.16,1878.06,1878.3,319.4889
1653881460000,1878.29,1878.32,1876.77,1877.9,239.7351
1653881520000,1877.9,1880.08,1877.46,1877.52,515.2926
1653881580000,1877.52,1880.64,1877.18,1880.64,442.0731
1653881640000,1880.64,1880.71,1878.0,1878.01,476.0792
1653881700000,1878.0,1881.2,1878.0,1879.01,1406.695
1653881760000,1879.01,1879.24,1877.16,1877.16,286.3026
1653881820000,1877.17,1878.04,1876.81,1877.59,293.6283
1653881880000,1877.59,1879.3,1876.06,1879.3,593.3947
1653881940000,1879.29,1879.91,1879.29,1879.9,78.9828
1653882000000,1879.9,1879.9,1878.59,1878.7,301.8303
1653882060000,1878.7,1879.97,1878.7,1879.19,163.608
1653882120000,1879.18,1880.31,1879.18,1880.3,129.8329
1653882180000,1880.31,1883.73,1880.19,1883.5,1053.5537
1653882240000,1883.5,1883.51,1882.04,1882.27,384.5069
1653882300000,1882.28,1882.39,1881.02,1881.03,205.4187
1653882360000,1881.03,1888.35,1880.64,1886.99,1505.5363
1653882420000,1887.0,1890.0,1882.45,1883.23,2785.3203
1653882480000,1883.22,1885.27,1879.59,1880.13,1201.4126
1653882540000,1880.13,1880.13,1878.71,1878.71,325.7111
1653882600000,1878.72,1879.36,1878.0,1878.08,373.589
1653882660000,1878.09,1878.43,1877.13,1877.8,315.7829
1653882720000,1877.8,1878.26,1877.62,1877.63,272.3393
1653882780000,1877.64,1880.17,1877.63,1880.17,396.6035
1653882840000,1880.17,1880.38,1878.0,1878.09,254.7908
1653882900000,1878.08,1880.78,1878.08,1879.73,489.935
1653882960000,1879.73,1880.99,1879.52,1880.89,185.6914
1653883020000,1880.89,1880.95,1879.8,1880.02,205.9624
1653883080000,1880.02,1881.81,1880.01,1881.44,267.1747
1653883140000,1881.44,1881.53,1879.67,1880.07,337.3878
1653883200000,1880.07,1882.49,1880.07,1881.03,481.5457
1653883260000,1881.04,1881.05,1880.0,1880.69,139.127
1653883320000,1880.68,1881.46,1880.59,1880.83,179.6071
1653883380000,1880.83,1885.49,1880.82,1881.78,1533.4955
1653883440000,1881.79,1881.79,1878.41,1878.42,605.5116
1653883500000,1878.41,1880.88,1877.85,1880.64,611.7523
1653883560000,1880.64,1881.09,1877.22,1878.0,613.6202
1653883620000,1878.0,1878.0,1875.62,1876.41,914.681
1653883680000,1876.42,1878.07,1875.76,1877.87,552.2489
1653883740000,1877.88,1878.31,1877.54,1878.02,206.6863
1653883800000,1878.01,1879.33,1877.75,1878.9,663.0007
1653883860000,1878.9,1878.9,1875.44,1875.45,572.5461
1653883920000,1875.45,1876.68,1875.44,1875.85,247.1673
1653883980000,1875.86,1877.6,1875.84,1877.6,139.7123
1653884040000,1877.59,1877.6,1875.4,1875.81,275.4686
1653884100000,1875.81,1877.96,1875.81,1876.13,389.4378
1653884160000,1876.13,1876.72,1875.52,1875.53,106.1122
1653884220000,1875.52,1876.52,1875.52,1875.85,203.1238
1653884280000,1875.85,1877.98,1875.85,1877.71,319.5729
1653884340000,1877.71,1877.72,1874.18,1874.18,449.6604
1653884400000,1874.19,1876.08,1874.18,1875.38,170.1224
1653884460000,1875.37,1876.98,1875.37,1876.33,250.3004
1653884520000,1876.32,1877.45,1876.32,1877.11,181.2936
1653884580000,1877.11,1878.37,1877.1,1878.3,177.6249
1653884640000,1878.31,1879.1,1877.2,1877.2,343.5397
1653884700000,1877.21,1878.77,1877.19,1878.6,255.8666
1653884760000,1878.6,1878.6,1877.83,1878.27,116.7485
1653884820000,1878.27,1879.01,1877.26,1877.48,313.0016
1653884880000,1877.25,1879.59,1877.25,1878.38,775.4303
1653884940000,1878.37,1878.38,1877.19,1877.6,248.3951
1653885000000,1877.6,1877.82,1876.16,1876.4,312.3503
1653885060000,1876.39,1877.32,1875.86,1876.01,324.1568
1653885120000,1876.0,1877.55,1872.62,1874.07,1501.4386
1653885180000,1874.06,1874.87,1872.1,1872.11,737.168
1653885240000,1872.1,1873.44,1869.81,1872.48,1108.5632
1653885300000,1872.47,1873.0,1872.3,1873.0,122.8126
1653885360000,1873.0,1873.38,1872.99,1873.1,131.5232
1653885420000,1873.11,1873.56,1872.58,1873.55,230.8596
1653885480000,1873.55,1875.25,1873.43,1874.23,568.2862
1653885540000,1874.23,1875.04,1874.23,1874.43,119.1386
1653885600000,1874.43,1875.28,1874.2,1874.21,186.0793
1653885660000,1874.2,1874.83,1874.0,1874.45,159.2555
1653885720000,1874.45,1874.46,1873.83,1874.33,160.5788
1653885780000,1874.32,1875.38,1873.88,1874.75,262.2507
1653885840000,1874.76,1875.4,1874.47,1875.39,115.9936
1653885900000,1875.4,1875.83,1874.0,1875.83,341.4785
1653885960000,1875.83,1876.26,1874.62,1874.64,306.6295
1653886020000,1874.63,1874.78,1873.83,1874.65,170.8658
1653886080000,1874.64,1875.99,1874.01,1874.87,314.1474
1653886140000,1874.87,1875.01,1874.62,1874.78,135.5853
1653886200000,1874.78,1874.78,1874.64,1874.76,44.9096
1653886260000,1874.77,1875.37,1874.22,1874.53,195.5886
1653886320000,1874.53,1874.54,1872.58,1872.58,147.1102
1653886380000,1872.59,1873.59,1872.58,1873.3,256.7811
1653886440000,1873.3,1873.97,1873.29,1873.85,30.4312
1653886500000,1873.85,1873.97,1873.48,1873.49,30.9554
1653886560000,1873.49,1873.87,1873.48,1873.48,50.3302
1653886620000,1873.48,1873.96,1872.82,1872.93,101.1968
1653886680000,1872.94,1873.0,1872.27,1872.88,267.9359
1653886740000,1872.88,1875.24,1872.88,1874.51,582.9689
1653886800000,1874.51,1876.38,1874.5,1875.42,444.0722
1653886860000,1875.43,1876.37,1875.13,1875.13,238.1861
1653886920000,1875.14,1875.14,1873.62,1873.65,175.4584
1653886980000,1873.66,1874.7,1873.25,1874.7,340.4933
1653887040000,1874.69,1877.0,1874.69,1875.23,606.8162
1653887100000,1875.22,1878.0,1875.22,1876.48,723.7663
1653887160000,1876.48,1876.73,1875.65,1875.82,306.0426
1653887220000,1875.82,1875.82,1874.44,1874.52,248.0819
1653887280000,1874.52,1874.77,1873.91,1873.92,192.4052
1653887340000,1873.91,1875.93,1873.91,1875.53,407.0571
1653887400000,1875.53,1875.54,1874.45,1874.87,143.3716
1653887460000,1874.87,1876.2,1874.87,1876.01,162.8758
1653887520000,1876.01,1877.48,1876.0,1876.59,163.0101
1653887580000,1876.58,1877.38,1876.58,1876.61,214.6559
1653887640000,1876.61,1879.59,1876.6,1879.16,588.4311
1653887700000,1879.16,1879.25,1878.56,1878.71,280.7086
1653887760000,1878.72,1879.0,1878.04,1879.0,310.9975
1653887820000,1878.99,1879.0,1877.83,1878.02,139.3914
1653887880000,1878.02,1881.19,1878.02,1881.18,392.6485
1653887940000,1881.18,1881.71,1879.78,1879.93,577.9403
1653888000000,1879.93,1881.3,1878.97,1879.01,537.7182
1653888060000,1879.01,1879.51,1879.0,1879.02,109.3105
1653888120000,1879.03,1879.4,1879.0,1879.0,414.5459
1653888180000,1879.01,1880.19,1876.01,1876.87,1016.2588
1653888240000,1876.87,1877.2,1876.86,1877.17,82.5263
1653888300000,1877.17,1878.87,1877.17,1878.73,960.2164
1653888360000,1878.74,1879.28,1878.73,1879.03,189.0526
1653888420000,1879.03,1879.03,1877.91,1878.49,297.3487
1653888480000,1878.48,1879.15,1878.48,1878.77,144.0675
1653888540000,1878.78,1879.0,1878.41,1878.74,150.4185
1653888600000,1878.74,1880.72,1878.73,1879.26,899.1264
1653888660000,1879.26,1879.59,1879.02,1879.34,140.1054
1653888720000,1879.34,1879.84,1879.05,1879.06,185.9925
1653888780000,1879.05,1879.52,1879.0,1879.14,267.6967
1653888840000,1879.13,1881.65,1879.13,1881.64,284.4153
1653888900000,1881.65,1882.97,1881.35,1881.36,728.266
1653888960000,1881.35,1881.75,1881.33,1881.75,186.164
1653889020000,1881.74,1885.61,1881.33,1883.06,1788.3507
1653889080000,1883.06,1886.6,1881.91,1886.59,1124.048
1653889140000,1886.6,1889.19,1886.54,1887.79,829.7004
1653889200000,1887.79,1896.93,1887.78,1891.86,3604.0359
1653889260000,1891.86,1891.98,1889.33,1889.34,657.0086
1653889320000,1889.34,1890.35,1887.11,1889.29,1121.1056
1653889380000,1889.3,1890.15,1887.49,1887.49,1415.5733
1653889440000,1887.5,1887.73,1886.07,1886.17,252.5003
1653889500000,1886.16,1888.49,1884.86,1885.11,637.3251
1653889560000,1885.1,1885.88,1883.66,1883.67,335.4456
1653889620000,1883.67,1885.78,1883.41,1885.26,1251.9627
1653889680000,1885.26,1885.51,1885.01,1885.33,97.4632
1653889740000,1885.32,1886.12,1885.31,1885.79,226.5194
1653889800000,1885.8,1888.76,1885.79,1888.67,279.5442
1653889860000,1888.67,1890.95,1888.11,1889.89,487.2234
1653889920000,1889.88,1891.4,1889.31,1891.28,352.4308
1653889980000,1891.29,1891.29,1890.79,1890.8,132.2779
1653890040000,1890.79,1897.6,1890.79,1896.21,1118.8468
1653890100000,1896.21,1898.22,1895.0,1898.06,812.3416
1653890160000,1898.05,1898.06,1895.29,1895.73,605.1524
1653890220000,1895.74,1897.5,1895.26,1896.86,451.1243
1653890280000,1896.87,1898.82,1896.78,1897.9,720.6244
1653890340000,1897.89,1899.99,1897.16,1899.01,1052.2772
1653890400000,1899.01,1899.74,1897.0,1897.58,1615.5379
1653890460000,1897.57,1898.37,1896.43,1896.49,409.0752
1653890520000,1896.5,1896.83,1893.42,1894.12,853.7175
1653890580000,1894.11,1897.63,1894.11,1897.38,300.854
1653890640000,1897.37,1897.38,1895.11,1895.52,479.6615
1653890700000,1895.51,1895.76,1893.3,1895.18,678.8778
1653890760000,1895.18,1895.35,1894.2,1894.38,434.3081
1653890820000,1894.38,1895.68,1894.2,1895.37,347.1389
1653890880000,1895.37,1900.0,1895.37,1897.59,2615.1244
1653890940000,1897.6,1898.59,1896.11,1896.78,580.0893
1653891000000,1896.77,1897.44,1894.96,1895.93,689.0697
1653891060000,1895.92,1898.41,1895.92,1898.41,464.9124
1653891120000,1898.41,1898.56,1897.01,1897.36,448.4228
1653891180000,1897.35,1904.68,1897.35,1901.78,3606.3103
1653891240000,1901.79,1902.81,1900.42,1900.46,939.4418
1653891300000,1900.47,1902.94,1898.62,1902.02,1224.5285
1653891360000,1902.02,1907.64,1901.0,1904.33,2053.4523
1653891420000,1904.33,1917.68,1904.32,1912.57,6655.6805
1653891480000,1912.56,1913.4,1906.82,1913.24,2835.5465
1653891540000,1913.23,1914.63,1909.2,1911.2,1568.8209
1653891600000,1911.19,1911.88,1907.81,1910.4,1214.948
1653891660000,1910.39,1911.5,1906.69,1907.03,782.6492
1653891720000,1907.02,1908.65,1906.04,1906.17,644.9225
1653891780000,1906.18,1906.83,1905.0,1905.6,716.1369
1653891840000,1905.6,1906.54,1904.0,1906.53,941.9109
1653891900000,1906.53,1906.54,1901.69,1902.62,998.2812
1653891960000,1902.61,1902.72,1900.17,1901.08,671.5291
1653892020000,1901.08,1901.09,1897.46,1898.24,772.5346
1653892080000,1898.23,1900.27,1898.12,1898.73,832.5958
1653892140000,1898.73,1902.56,1898.34,1899.66,2708.8096
1653892200000,1899.67,1902.83,1899.66,1900.75,656.2987
1653892260000,1900.75,1902.89,1900.21,1902.88,780.3996
1653892320000,1902.89,1904.62,1902.88,1903.68,544.4574
1653892380000,1903.68,1904.83,1903.67,1904.67,382.7121
1653892440000,1904.68,1909.0,1904.67,1909.0,962.8236
1653892500000,1908.99,1916.91,1908.6,1914.93,1676.1154
1653892560000,1914.94,1915.31,1909.69,1911.56,1938.4053
1653892620000,1911.56,1912.96,1907.71,1908.39,1409.3367
1653892680000,1908.4,1912.34,1907.77,1909.39,1297.1217
1653892740000,1909.4,1909.79,1907.71,1907.71,356.1019
1653892800000,1907.72,1909.35,1907.55,1908.53,465.7378
1653892860000,1908.53,1909.35,1908.29,1909.17,318.5455
1653892920000,1909.17,1909.17,1907.09,1907.18,685.6677
1653892980000,1907.18,1909.16,1906.4,1909.16,458.4981
1653893040000,1909.16,1909.93,1908.64,1909.32,358.7227
1653893100000,1909.32,1912.43,1909.31,1912.08,543.2749
1653893160000,1912.08,1914.43,1912.08,1914.13,548.3912
1653893220000,1914.13,1916.27,1910.98,1911.61,1131.3047
1653893280000,1911.62,1913.76,1911.61,1912.42,476.5252
1653893340000,1912.42,1915.62,1911.87,1914.96,465.1159
1653893400000,1914.95,1914.96,1910.7,1911.07,503.1175
1653893460000,1911.07,1911.67,1909.0,1910.09,1120.4053
1653893520000,1910.08,1912.4,1910.08,1912.39,500.8758
1653893580000,1912.39,1912.4,1909.49,1909.5,525.701
1653893640000,1909.49,1909.5,1907.15,1907.46,471.8968
1653893700000,1907.46,1909.0,1907.15,1908.19,468.8673
1653893760000,1908.2,1909.0,1907.86,1908.15,407.1656
1653893820000,1908.16,1908.16,1902.47,1904.68,1300.4706
1653893880000,1904.68,1905.64,1904.51,1904.87,362.8747
1653893940000,1904.87,1906.53,1904.58,1905.99,342.6247
1653894000000,1905.99,1907.88,1904.85,1905.31,1170.7172
1653894060000,1905.31,1906.56,1903.73,1906.55,665.5875
1653894120000,1906.56,1906.56,1905.04,1905.05,290.4831
1653894180000,1905.05,1907.88,1905.02,1906.01,291.0769
1653894240000,1906.02,1906.02,1903.74,1903.97,467.1929
1653894300000,1903.96,1904.1,1902.4,1902.67,354.7228
1653894360000,1902.66,1903.14,1899.75,1900.21,871.6935
1653894420000,1900.2,1902.01,1899.82,1901.58,552.9528
1653894480000,1901.58,1903.51,1901.57,1902.05,350.0699
1653894540000,1902.04,1903.73,1901.72,1902.68,718.8144
1653894600000,1902.68,1903.47,1901.4,1902.0,350.6564
1653894660000,1901.99,1902.6,1901.36,1901.5,212.1782
1653894720000,1901.49,1905.84,1901.49,1904.74,459.5935
1653894780000,1904.74,1907.0,1904.73,1904.83,735.4698
1653894840000,1904.83,1906.07,1903.87,1905.2,402.4337
1653894900000,1905.2,1906.21,1903.65,1903.98,587.1665
1653894960000,1903.98,1905.21,1903.87,1903.88,226.1011
1653895020000,1903.87,1905.82,1903.79,1905.58,531.722
1653895080000,1905.58,1905.8,1904.81,1904.93,206.1583
1653895140000,1904.92,1904.93,1902.39,1903.64,657.3355
1653895200000,1903.64,1905.65,1903.45,1905.17,288.4745
1653895260000,1905.17,1905.17,1904.15,1904.15,150.187
1653895320000,1904.16,1906.74,1904.09,1906.74,305.2105
1653895380000,1906.74,1906.74,1905.0,1905.63,394.2381
1653895440000,1905.62,1906.0,1904.46,1904.46,162.6355
1653895500000,1904.47,1906.29,1904.46,1905.0,490.9344
1653895560000,1905.0,1905.87,1904.5,1905.39,220.7745
1653895620000,1905.38,1905.39,1904.2,1904.21,81.4706
1653895680000,1904.21,1905.0,1904.02,1904.52,405.0831
1653895740000,1904.52,1904.52,1902.28,1902.29,222.6448
1653895800000,1902.28,1903.05,1902.17,1902.93,78.227
1653895860000,1902.94,1902.94,1901.56,1902.93,256.6409
1653895920000,1902.93,1902.94,1902.23,1902.24,169.7474
1653895980000,1902.24,1902.9,1901.89,1902.25,261.6045
1653896040000,1902.24,1903.59,1902.23,1902.7,195.961
1653896100000,1902.69,1902.7,1901.15,1901.41,652.411
1653896160000,1901.41,1903.13,1901.41,1903.13,422.7682
1653896220000,1903.13,1904.91,1903.0,1904.51,374.8297
1653896280000,1904.51,1905.39,1904.51,1904.73,340.523
1653896340000,1904.43,1906.27,1904.42,1905.75,500.446
1653896400000,1905.75,1905.78,1904.78,1905.03,198.4936
1653896460000,1905.02,1907.02,1905.02,1907.01,263.0896
1653896520000,1907.02,1907.02,1905.65,1906.22,295.0226
1653896580000,1906.23,1907.33,1906.22,1906.86,306.3577
1653896640000,1906.87,1907.59,1905.8,1906.07,506.0043
1653896700000,1906.07,1906.66,1905.36,1905.57,417.2181
1653896760000,1905.58,1906.42,1905.21,1905.21,91.9138
1653896820000,1905.22,1907.24,1905.21,1906.77,913.2077
1653896880000,1906.77,1908.0,1906.77,1908.0,187.5379
1653896940000,1908.0,1909.89,1907.99,1908.04,506.9542
1653897000000,1908.04,1908.86,1907.76,1908.56,165.1562
1653897060000,1908.56,1908.94,1908.08,1908.5,149.3683
1653897120000,1908.5,1913.6,1908.5,1911.72,971.4804
1653897180000,1911.72,1913.11,1911.72,1912.24,439.1917
1653897240000,1912.24,1912.25,1909.91,1909.92,260.6398
1653897300000,1909.91,1910.8,1909.39,1910.24,272.2681
1653897360000,1910.24,1910.25,1907.81,1907.83,205.8346
1653897420000,1907.83,1908.54,1907.75,1907.76,171.2377
1653897480000,1907.75,1909.02,1907.75,1908.44,216.5404
1653897540000,1908.44,1908.44,1907.29,1907.84,242.9713
1653897600000,1907.83,1908.93,1906.91,1908.09,738.207
1653897660000,1908.1,1910.86,1908.09,1910.58,306.3665
1653897720000,1910.58,1910.85,1908.53,1910.13,388.3944
1653897780000,1910.12,1910.13,1907.49,1907.56,341.5017
1653897840000,1907.55,1907.63,1907.25,1907.5,105.5813
1653897900000,1907.49,1908.85,1907.24,1908.29,392.6337
1653897960000,1908.29,1909.34,1908.28,1908.97,191.4321
1653898020000,1908.98,1910.0,1907.47,1907.61,508.2398
1653898080000,1907.61,1907.71,1906.55,1906.55,96.5543
1653898140000,1906.56,1906.56,1903.4,1903.4,425.4808
1653898200000,1903.4,1903.75,1902.6,1903.06,403.2112
1653898260000,1903.06,1904.8,1902.7,1904.72,282.37
1653898320000,1904.73,1905.16,1902.93,1903.11,326.9283
1653898380000,1903.12,1903.12,1900.4,1901.48,562.6114
1653898440000,1901.47,1902.84,1901.47,1902.81,306.7946
1653898500000,1902.81,1904.31,1902.69,1904.31,432.1946
1653898560000,1904.3,1905.5,1904.3,1905.06,336.5301
1653898620000,1905.05,1906.99,1905.05,1906.98,402.5914
1653898680000,1906.98,1907.93,1906.79,1907.92,217.0181
1653898740000,1907.92,1908.89,1907.04,1908.89,197.8805
1653898800000,1908.89,1909.58,1908.0,1908.37,296.4516
1653898860000,1908.37,1910.4,1908.37,1909.09,713.1728
1653898920000,1909.08,1910.56,1909.08,1909.88,328.2123
1653898980000,1909.72,1909.77,1908.4,1909.19,129.2453
1653899040000,1909.19,1909.2,1908.56,1908.75,115.937
1653899100000,1908.75,1909.95,1908.75,1909.43,270.7398
1653899160000,1909.43,1909.66,1908.67,1908.7,237.5276
1653899220000,1908.71,1910.27,1908.7,1909.49,311.5258
1653899280000,1909.5,1910.63,1909.05,1909.13,364.227
1653899340000,1909.12,1909.15,1908.3,1908.89,369.4964
1653899400000,1908.88,1908.89,1907.63,1908.57,267.4635
1653899460000,1908.56,1908.57,1907.12,1907.15,220.9173
1653899520000,1907.14,1907.15,1906.05,1906.07,247.6735
1653899580000,1906.07,1906.08,1905.19,1905.2,261.7123
1653899640000,1905.19,1906.95,1904.82,1906.81,523.9604
1653899700000,1906.8,1906.81,1905.46,1905.46,176.7747
1653899760000,1905.47,1908.46,1905.46,1907.93,404.5144
1653899820000,1907.93,1907.96,1906.81,1906.81,406.7705
1653899880000,1906.81,1906.83,1905.78,1906.34,216.7632
1653899940000,1906.34,1908.1,1906.22,1906.32,625.374
1653900000000,1906.33,1906.71,1906.24,1906.25,101.4208
1653900060000,1906.24,1907.01,1905.94,1906.33,180.5786
1653900120000,1906.33,1906.33,1906.21,1906.22,29.1955
1653900180000,1906.21,1906.22,1904.96,1904.97,170.289
1653900240000,1904.97,1905.0,1904.31,1905.0,184.6999
1653900300000,1904.99,1905.0,1904.14,1904.41,193.1702
1653900360000,1904.4,1905.95,1904.4,1905.02,182.7482
1653900420000,1905.02,1906.52,1904.42,1904.44,362.1345
1653900480000,1904.43,1905.23,1904.13,1904.2,263.189
1653900540000,1904.2,1904.94,1903.83,1904.94,235.6165
1653900600000,1904.95,1904.95,1903.98,1904.71,301.1742
1653900660000,1904.72,1906.96,1904.71,1906.73,305.6747
1653900720000,1906.73,1907.83,1906.73,1907.17,137.5164
1653900780000,1907.16,1907.38,1906.37,1907.06,152.3853
1653900840000,1907.07,1908.45,1907.06,1908.0,109.1557
1653900900000,1908.0,1908.45,1907.99,1908.44,50.199
1653900960000,1908.45,1908.47,1907.92,1907.97,73.9963
1653901020000,1907.97,1908.29,1907.79,1907.98,148.6198
1653901080000,1907.98,1908.13,1907.09,1907.1,96.6647
1653901140000,1907.09,1908.4,1907.09,1908.18,189.5387
1653901200000,1908.19,1908.29,1908.0,1908.01,74.1522
1653901260000,1908.01,1909.9,1907.57,1909.63,345.2614
1653901320000,1909.63,1910.19,1908.24,1908.37,791.8121
1653901380000,1908.37,1909.06,1906.82,1907.04,609.831
1653901440000,1907.03,1907.04,1905.31,1905.31,641.217
1653901500000,1905.31,1905.85,1902.74,1903.59,357.4983
1653901560000,1903.59,1903.69,1902.31,1902.41,299.9544
1653901620000,1902.41,1903.54,1902.4,1903.23,239.9887
1653901680000,1903.23,1903.24,1901.54,1901.55,206.2038
1653901740000,1901.54,1901.7,1900.65,1900.98,519.3461
1653901800000,1900.99,1900.99,1900.03,1900.31,338.9954
1653901860000,1900.32,1900.32,1899.25,1899.47,573.6879
1653901920000,1899.46,1902.38,1899.46,1901.86,410.1719
1653901980000,1901.86,1902.0,1900.96,1901.45,327.7421
1653902040000,1901.45,1901.99,1901.11,1901.39,251.1799
1653902100000,1901.38,1901.56,1899.0,1899.21,536.9355
1653902160000,1899.21,1900.21,1899.21,1899.7,416.7741
1653902220000,1899.7,1901.36,1899.69,1900.99,477.2509
1653902280000,1900.99,1904.36,1900.99,1903.74,734.8382
1653902340000,1903.74,1904.22,1902.83,1904.22,417.5205
1653902400000,1904.21,1906.47,1903.8,1906.47,374.6952
1653902460000,1906.47,1906.47,1903.45,1903.46,290.6449
1653902520000,1903.45,1905.16,1903.45,1904.56,236.3923
1653902580000,1904.57,1905.07,1904.56,1904.59,172.6214
1653902640000,1904.59,1906.11,1904.58,1906.1,152.8247
1653902700000,1906.1,1906.67,1905.09,1905.74,164.0446
1653902760000,1905.74,1905.88,1904.6,1904.96,209.5518
1653902820000,1904.95,1906.16,1904.95,1905.0,185.0808
1653902880000,1905.0,1905.22,1904.09,1904.31,266.928
1653902940000,1904.32,1907.04,1904.31,1906.13,456.3348
1653903000000,1906.12,1906.13,1904.51,1904.57,195.6623
1653903060000,1904.56,1904.74,1903.89,1903.93,219.5407
1653903120000,1903.93,1905.66,1903.93,1904.51,212.945
1653903180000,1904.51,1904.91,1903.17,1903.88,170.5766
1653903240000,1903.87,1903.88,1901.74,1901.92,244.6975
1653903300000,1901.92,1906.58,1901.6,1905.97,775.0702
1653903360000,1905.97,1908.63,1905.3,1905.31,690.7904
1653903420000,1905.31,1906.34,1905.0,1905.01,223.4321
1653903480000,1905.0,1905.51,1902.79,1902.8,1110.7797
1653903540000,1902.79,1905.56,1902.3,1903.97,1055.0466
1653903600000,1903.98,1904.75,1902.15,1902.76,1388.764
1653903660000,1902.77,1904.63,1902.15,1904.0,240.9273
1653903720000,1904.0,1906.0,1903.08,1904.55,1620.9662
1653903780000,1904.55,1904.64,1903.01,1903.01,154.0975
1653903840000,1903.01,1905.16,1902.63,1903.64,1889.4367
1653903900000,1903.65,1905.0,1903.64,1904.81,118.2659
1653903960000,1904.8,1905.36,1904.14,1904.15,234.5964
1653904020000,1904.14,1906.71,1904.14,1906.71,357.4593
1653904080000,1906.7,1906.98,1905.81,1905.81,139.4808
1653904140000,1905.81,1906.13,1905.43,1905.43,156.4625
1653904200000,1905.43,1906.93,1905.43,1906.01,185.7172
1653904260000,1906.01,1906.24,1904.86,1904.86,248.3622
1653904320000,1904.86,1905.88,1904.86,1905.66,125.9366
1653904380000,1905.66,1905.94,1904.99,1904.99,170.7972
1653904440000,1905.0,1905.9,1904.98,1905.08,216.5364
1653904500000,1905.07,1905.36,1904.82,1904.82,39.882
1653904560000,1904.83,1904.83,1903.98,1903.99,77.0693
1653904620000,1903.99,1905.0,1902.91,1903.4,444.2941
1653904680000,1903.39,1906.41,1903.13,1906.22,737.3529
1653904740000,1906.21,1906.61,1903.13,1904.43,672.4656
1653904800000,1904.43,1905.62,1903.39,1905.26,650.644
1653904860000,1905.27,1905.72,1904.79,1905.71,195.8331
1653904920000,1905.71,1908.3,1905.34,1908.14,738.2938
1653904980000,1908.15,1908.72,1905.47,1905.69,618.6228
1653905040000,1905.73,1906.0,1905.37,1905.65,242.2285
1653905100000,1905.65,1905.66,1901.67,1901.79,744.5963
1653905160000,1901.79,1902.09,1900.98,1901.95,534.2711
1653905220000,1901.96,1902.5,1901.68,1902.03,199.7267
1653905280000,1902.04,1902.04,1899.9,1899.91,618.1039
1653905340000,1899.91,1900.83,1897.0,1897.0,564.3562
1653905400000,1897.0,1897.01,1893.7,1894.27,589.3946
1653905460000,1894.28,1897.13,1894.06,1897.13,604.0581
1653905520000,1897.12,1897.31,1896.29,1896.7,239.2149
1653905580000,1896.7,1896.87,1896.12,1896.16,119.8157
1653905640000,1896.16,1898.89,1896.15,1898.63,409.62
1653905700000,1898.63,1898.63,1897.0,1897.31,257.0218
1653905760000,1897.3,1897.31,1896.27,1896.29,221.9613
1653905820000,1896.28,1899.76,1896.28,1899.76,498.9346
1653905880000,1899.75,1899.88,1899.14,1899.15,108.3434
1653905940000,1899.14,1900.0,1899.0,1899.11,192.1024
1653906000000,1899.1,1899.46,1899.0,1899.2,192.8579
1653906060000,1899.2,1900.36,1899.19,1900.0,229.6642
1653906120000,1899.99,1901.54,1899.99,1901.53,241.3134
1653906180000,1901.53,1901.71,1899.85,1900.59,288.3548
1653906240000,1900.58,1900.91,1899.81,1899.81,229.8783
1653906300000,1899.81,1900.66,1897.77,1898.69,417.1577
1653906360000,1898.69,1899.88,1897.84,1897.84,402.5963
1653906420000,1897.84,1897.85,1895.21,1895.33,585.4573
1653906480000,1895.32,1898.44,1895.32,1898.43,347.2704
1653906540000,1898.44,1898.9,1897.8,1897.8,155.8148
1653906600000,1897.81,1900.0,1897.0,1899.13,1642.8594
1653906660000,1899.13,1899.24,1893.35,1895.03,2355.2108
1653906720000,1895.05,1895.29,1892.03,1892.3,398.4221
1653906780000,1892.3,1894.28,1892.29,1893.06,305.9692
1653906840000,1893.06,1894.24,1892.39,1894.23,417.8248
1653906900000,1894.24,1894.24,1892.74,1893.29,312.1225
1653906960000,1893.28,1893.6,1892.91,1893.24,181.4412
1653907020000,1893.24,1893.24,1891.26,1891.5,224.5277
1653907080000,1891.5,1895.27,1891.36,1895.26,455.8647
1653907140000,1895.27,1897.0,1895.26,1895.41,221.9009
1653907200000,1895.41,1896.38,1894.28,1895.43,393.6042
1653907260000,1895.43,1895.76,1895.28,1895.29,124.4066
1653907320000,1895.29,1896.11,1895.28,1895.74,199.3385
1653907380000,1895.74,1896.42,1894.77,1895.53,368.8243
1653907440000,1895.52,1897.97,1895.52,1897.94,330.4006
1653907500000,1897.95,1897.95,1896.25,1896.57,129.8829
1653907560000,1896.57,1896.82,1896.56,1896.81,74.8487
1653907620000,1896.82,1897.97,1896.81,1897.69,269.2797
1653907680000,1897.7,1898.53,1896.61,1897.29,483.7347
1653907740000,1897.3,1897.7,1897.28,1897.28,120.4167
1653907800000,1897.28,1897.3,1896.13,1896.14,129.4908
1653907860000,1896.13,1896.93,1896.13,1896.5,147.0067
1653907920000,1896.5,1896.5,1895.77,1896.17,167.1252
1653907980000,1896.17,1896.22,1894.71,1894.71,134.3636
1653908040000,1894.72,1895.0,1894.71,1895.0,91.9398
1653908100000,1894.99,1895.0,1893.02,1893.79,445.3217
1653908160000,1893.79,1894.34,1893.78,1893.99,186.9353
1653908220000,1893.99,1894.0,1892.87,1892.88,195.206
1653908280000,1892.88,1893.62,1892.87,1893.38,157.1266
1653908340000,1893.38,1893.64,1893.2,1893.2,158.7342
1653908400000,1893.2,1894.37,1893.07,1894.23,335.3091
1653908460000,1894.23,1894.85,1894.23,1894.47,292.0272
1653908520000,1894.48,1894.48,1894.11,1894.33,85.1874
1653908580000,1894.34,1894.34,1893.0,1893.08,117.2846
1653908640000,1893.07,1893.61,1892.12,1892.13,299.7555
1653908700000,1892.12,1893.62,1892.12,1893.09,217.3029
1653908760000,1893.09,1894.34,1892.76,1894.33,293.5515
1653908820000,1894.33,1897.67,1894.33,1896.73,761.4394
1653908880000,1896.73,1897.02,1895.48,1895.48,225.086
1653908940000,1895.48,1896.01,1895.19,1895.19,177.943
1653909000000,1895.19,1896.18,1895.19,1896.03,161.4528
1653909060000,1896.03,1896.97,1896.03,1896.36,125.4027
1653909120000,1896.37,1897.17,1896.0,1896.48,774.9008
1653909180000,1896.48,1897.11,1895.99,1896.0,189.3845
1653909240000,1895.99,1898.39,1895.99,1897.18,423.1398
1653909300000,1897.18,1898.47,1897.0,1897.17,387.7106
1653909360000,1897.17,1897.57,1897.16,1897.41,112.6644
1653909420000,1897.37,1897.38,1896.22,1897.36,202.5735
1653909480000,1897.36,1897.37,1896.35,1896.8,132.8231
1653909540000,1896.79,1897.76,1896.79,1897.62,154.1564
1653909600000,1897.61,1897.62,1896.6,1897.32,250.4807
1653909660000,1897.32,1897.32,1896.06,1896.1,114.1063
1653909720000,1896.1,1896.5,1895.75,1896.5,98.476
1653909780000,1896.5,1896.5,1896.35,1896.36,20.3826
1653909840000,1896.36,1898.05,1896.32,1898.05,275.7334
1653909900000,1898.04,1902.09,1898.04,1901.18,1416.8678
1653909960000,1901.17,1902.88,1900.58,1901.23,296.9886
1653910020000,1901.24,1904.24,1901.1,1903.59,559.8028
1653910080000,1903.59,1904.05,1903.01,1903.53,254.8787
1653910140000,1903.54,1907.72,1903.3,1905.65,887.5557
1653910200000,1905.64,1905.65,1904.28,1904.28,219.6561
1653910260000,1904.28,1905.25,1903.3,1905.25,350.6702
1653910320000,1905.25,1907.02,1904.0,1906.68,554.4855
1653910380000,1906.69,1906.99,1904.25,1904.25,312.9709
1653910440000,1904.26,1904.47,1903.0,1903.0,112.4309
1653910500000,1903.01,1903.22,1903.0,1903.15,64.4622
1653910560000,1903.15,1904.13,1902.68,1903.9,134.8099
1653910620000,1903.91,1905.0,1903.48,1903.49,178.2833
1653910680000,1903.48,1903.69,1903.02,1903.62,96.8525
1653910740000,1903.62,1904.6,1903.62,1904.59,51.6131
1653910800000,1904.6,1904.6,1904.05,1904.19,84.392
1653910860000,1904.19,1904.22,1904.1,1904.2,49.4016
1653910920000,1904.2,1906.27,1904.2,1906.27,251.8403
1653910980000,1906.26,1906.78,1905.25,1905.29,242.6744
1653911040000,1905.3,1905.61,1904.36,1904.83,237.2667
1653911100000,1904.84,1904.84,1903.94,1903.94,185.2081
1653911160000,1903.94,1904.16,1903.15,1903.16,217.109
1653911220000,1903.16,1903.67,1902.15,1902.15,110.8144
1653911280000,1902.16,1902.83,1902.0,1902.83,182.1238
1653911340000,1902.83,1902.83,1900.0,1900.19,608.4394
1653911400000,1900.18,1901.02,1900.0,1900.01,406.6891
1653911460000,1900.0,1900.74,1899.89,1900.14,323.4186
1653911520000,1900.14,1901.38,1899.77,1901.02,241.0781
1653911580000,1901.02,1901.02,1900.05,1900.91,208.3191
1653911640000,1900.91,1901.57,1900.79,1901.3,69.7078
1653911700000,1901.3,1901.31,1900.63,1901.16,97.1884
1653911760000,1901.15,1901.39,1900.22,1900.33,117.7576
1653911820000,1900.32,1900.76,1900.32,1900.62,74.1766
1653911880000,1900.63,1900.75,1900.0,1900.01,323.6886
1653911940000,1900.0,1902.98,1899.77,1902.64,1002.7449
1653912000000,1902.65,1904.0,1902.09,1902.54,513.7665
1653912060000,1902.53,1902.83,1901.05,1901.28,273.191
1653912120000,1901.27,1901.28,1900.28,1900.37,80.1326
1653912180000,1900.37,1900.92,1898.92,1899.98,1615.8025
1653912240000,1899.97,1901.08,1899.88,1900.47,615.9264
1653912300000,1900.48,1902.9,1899.85,1902.57,1439.0794
1653912360000,1902.57,1903.81,1901.89,1902.63,887.323
1653912420000,1902.64,1902.97,1901.11,1902.81,839.1817
1653912480000,1902.82,1903.03,1901.92,1902.82,422.7242
1653912540000,1902.81,1902.95,1902.01,1902.14,331.6335
1653912600000,1902.14,1902.71,1901.41,1901.43,310.8279
1653912660000,1901.42,1901.83,1901.19,1901.27,246.854
1653912720000,1901.26,1901.27,1901.2,1901.21,65.4027
1653912780000,1901.2,1902.68,1901.2,1901.55,579.4403
1653912840000,1901.55,1904.76,1901.54,1903.13,930.58
1653912900000,1903.13,1903.66,1902.67,1902.68,596.2207
1653912960000,1902.67,1902.68,1902.2,1902.2,288.0208
1653913020000,1902.2,1902.54,1902.15,1902.53,163.9971
1653913080000,1902.54,1904.64,1902.53,1903.69,364.5632
1653913140000,1903.7,1914.58,1903.69,1910.22,3120.8048
1653913200000,1910.21,1910.69,1908.15,1908.42,736.519
1653913260000,1908.42,1908.42,1902.44,1902.74,872.9081
1653913320000,1902.74,1902.74,1895.62,1897.01,1118.4177
1653913380000,1897.01,1898.69,1892.22,1892.85,847.6521
1653913440000,1892.84,1892.85,1884.6,1889.22,3185.1591
1653913500000,1889.22,1889.23,1885.57,1886.32,598.3377
1653913560000,1886.32,1888.71,1886.24,1888.17,702.8694
1653913620000,1888.16,1888.61,1886.45,1886.46,317.5349
1653913680000,1886.45,1886.54,1881.04,1881.05,1084.7065
1653913740000,1881.06,1881.84,1878.58,1880.0,1771.0022
1653913800000,1879.99,1883.31,1878.87,1878.88,858.0566
1653913860000,1878.87,1880.0,1876.68,1879.92,1472.9964
1653913920000,1879.92,1881.99,1875.74,1876.83,1587.589
1653913980000,1876.83,1876.84,1873.65,1875.01,2576.5641
1653914040000,1875.02,1880.16,1872.71,1880.0,1379.6908
1653914100000,1880.0,1882.49,1877.68,1878.6,818.5564
1653914160000,1878.61,1881.38,1878.53,1879.92,682.0994
1653914220000,1879.91,1881.83,1879.41,1881.83,327.4608
1653914280000,1881.83,1882.91,1880.39,1880.71,658.6583
1653914340000,1880.71,1885.0,1880.7,1884.98,851.5616
1653914400000,1884.98,1886.76,1882.33,1882.97,465.588
1653914460000,1882.98,1885.56,1882.97,1884.38,264.3005
1653914520000,1884.37,1884.93,1883.0,1883.0,388.8991
1653914580000,1883.01,1883.45,1882.61,1882.62,154.3797
1653914640000,1882.62,1882.62,1879.92,1881.17,820.0426
1653914700000,1881.17,1882.62,1879.16,1881.68,627.7863
1653914760000,1881.68,1885.97,1881.67,1885.97,971.745
1653914820000,1885.96,1885.99,1882.61,1883.21,565.446
1653914880000,1883.2,1883.86,1882.68,1882.97,294.8325
1653914940000,1882.97,1883.16,1882.39,1883.0,324.0038
1653915000000,1882.99,1885.99,1882.99,1885.67,438.1955
1653915060000,1885.67,1888.71,1885.66,1888.7,500.0384
1653915120000,1888.7,1890.58,1888.49,1889.33,776.0842
1653915180000,1889.32,1892.0,1889.18,1890.74,476.1572
1653915240000,1890.73,1894.61,1890.73,1891.19,773.0902
1653915300000,1891.19,1892.0,1890.05,1890.24,283.8087
1653915360000,1890.23,1890.26,1888.08,1888.73,389.5538
1653915420000,1888.74,1889.19,1888.32,1888.34,118.9107
1653915480000,1888.34,1889.76,1888.12,1889.04,307.5294
1653915540000,1889.05,1889.05,1887.45,1888.1,265.1632
1653915600000,1888.1,1889.16,1887.8,1888.17,429.8267
1653915660000,1888.17,1892.41,1888.17,1891.5,604.4476
1653915720000,1891.49,1893.68,1891.25,1891.38,802.2589
1653915780000,1891.38,1891.39,1889.77,1890.18,511.0369
1653915840000,1890.19,1890.19,1887.65,1887.65,276.2515
1653915900000,1887.66,1887.66,1886.08,1886.29,209.3828
1653915960000,1886.29,1888.13,1884.83,1884.83,484.9874
1653916020000,1884.83,1885.0,1882.92,1884.99,310.0396
1653916080000,1885.0,1886.21,1884.99,1885.57,233.4368
1653916140000,1885.58,1885.58,1884.11,1884.12,332.9279
1653916200000,1884.11,1884.12,1882.54,1882.69,295.1708
1653916260000,1882.69,1884.24,1882.53,1883.58,298.1244
1653916320000,1883.57,1884.46,1880.78,1881.07,358.541
1653916380000,1881.07,1882.0,1879.65,1880.42,566.0861
1653916440000,1880.42,1880.85,1878.58,1878.97,602.0756
1653916500000,1878.97,1881.73,1878.83,1880.0,654.1698
1653916560000,1880.01,1881.04,1879.06,1879.95,741.5442
1653916620000,1879.95,1881.0,1879.16,1879.41,489.1012
1653916680000,1879.42,1880.45,1879.0,1879.01,240.8312
1653916740000,1879.0,1879.01,1875.09,1875.26,723.8853
1653916800000,1875.27,1877.73,1874.64,1876.86,1200.2303
1653916860000,1876.86,1879.25,1876.85,1877.98,696.9926
1653916920000,1877.99,1882.3,1877.98,1880.52,545.9657
1653916980000,1880.51,1883.0,1880.38,1881.43,495.7615
1653917040000,1881.44,1882.0,1880.19,1881.24,663.6925
1653917100000,1881.24,1882.48,1880.8,1880.81,426.192
1653917160000,1880.81,1881.76,1879.51,1879.6,241.9366
1653917220000,1879.6,1879.6,1877.1,1878.53,584.7266
1653917280000,1878.53,1879.0,1878.29,1878.31,149.5858
1653917340000,1878.3,1879.95,1878.17,1878.85,346.1985
1653917400000,1878.86,1880.27,1878.32,1878.65,370.2513
1653917460000,1878.65,1882.88,1878.58,1881.21,403.2572
1653917520000,1881.2,1882.32,1880.54,1880.74,194.6138
1653917580000,1880.73,1881.79,1880.73,1881.78,224.2778
1653917640000,1881.77,1881.92,1881.14,1881.58,145.2851
1653917700000,1881.57,1882.75,1880.6,1881.12,435.07
1653917760000,1881.12,1882.0,1881.07,1881.12,96.8694
1653917820000,1881.12,1881.12,1878.0,1880.17,458.0523
1653917880000,1880.17,1881.99,1880.16,1881.9,466.1332
1653917940000,1881.9,1885.13,1881.89,1884.74,614.9848
1653918000000,1884.73,1887.24,1884.73,1885.36,340.9461
1653918060000,1885.37,1885.37,1883.66,1884.99,624.111
1653918120000,1884.99,1885.0,1883.1,1884.27,211.4548
1653918180000,1884.26,1884.27,1882.64,1883.12,216.0347
1653918240000,1883.13,1885.0,1882.77,1883.05,314.7273
1653918300000,1883.05,1884.83,1882.65,1884.66,291.5116
1653918360000,1884.67,1884.82,1883.47,1884.01,220.3027
1653918420000,1884.01,1884.7,1883.89,1884.69,198.1943
1653918480000,1884.7,1886.97,1884.69,1885.83,453.2379
1653918540000,1885.82,1885.83,1884.19,1884.2,102.2968
1653918600000,1884.19,1889.99,1884.19,1889.96,840.1115
1653918660000,1889.97,1892.52,1889.44,1891.21,571.396
1653918720000,1891.2,1891.47,1888.74,1889.85,714.0415
1653918780000,1889.85,1891.26,1888.9,1891.12,461.0605
1653918840000,1891.12,1891.48,1890.05,1891.47,471.9881
1653918900000,1891.48,1892.22,1890.23,1891.98,279.5696
1653918960000,1891.98,1891.98,1889.57,1889.57,367.5211
1653919020000,1889.58,1892.0,1889.53,1890.93,611.6366
1653919080000,1890.94,1893.0,1889.79,1892.99,504.4904
1653919140000,1893.0,1893.0,1892.0,1892.78,404.1583
1653919200000,1892.69,1893.33,1890.86,1891.58,804.1699
1653919260000,1891.59,1893.0,1891.46,1891.9,407.7056
1653919320000,1891.91,1892.55,1890.14,1891.17,267.7795
1653919380000,1891.15,1892.55,1891.15,1891.32,241.5472
1653919440000,1891.31,1893.33,1891.31,1893.07,341.3645
1653919500000,1893.06,1900.44,1893.06,1899.39,1153.3617
1653919560000,1899.39,1902.46,1899.38,1900.51,944.4975
1653919620000,1900.5,1901.99,1898.37,1901.67,777.5045
1653919680000,1901.66,1902.76,1900.35,1900.9,623.9925
1653919740000,1900.9,1914.25,1900.89,1912.75,2373.0481
1653919800000,1912.74,1917.68,1912.32,1914.73,3189.1099
1653919860000,1914.73,1924.0,1913.41,1916.37,6911.2049
1653919920000,1916.37,1918.36,1913.8,1914.31,1597.8778
1653919980000,1914.31,1915.68,1911.4,1911.9,999.5769
1653920040000,1911.89,1911.9,1908.33,1909.22,1059.1128
1653920100000,1909.22,1910.35,1906.51,1910.08,1171.9793
1653920160000,1910.07,1912.3,1909.06,1910.6,767.8911
1653920220000,1910.59,1914.91,1909.76,1914.57,831.7905
1653920280000,1914.58,1918.71,1912.11,1918.7,1226.9011
1653920340000,1918.7,1922.66,1916.17,1917.99,1800.0907
1653920400000,1917.98,1918.01,1915.13,1916.27,701.8725
1653920460000,1916.28,1918.0,1915.83,1916.75,443.0323
1653920520000,1916.75,1917.01,1916.06,1916.68,493.2657
1653920580000,1916.67,1919.96,1915.9,1918.95,901.2135
1653920640000,1918.95,1918.95,1916.67,1916.68,429.1489
1653920700000,1916.67,1918.69,1916.67,1916.87,509.2011
1653920760000,1916.87,1918.91,1916.81,1918.0,328.6251
1653920820000,1918.01,1918.04,1917.0,1917.56,178.3923
1653920880000,1917.55,1917.56,1914.41,1916.19,582.3723
1653920940000,1916.19,1917.3,1915.88,1916.47,297.2484
1653921000000,1916.47,1919.4,1916.46,1918.35,679.5976
1653921060000,1918.36,1919.36,1917.38,1917.98,215.777
1653921120000,1917.97,1917.98,1914.12,1914.12,236.0622
1653921180000,1914.12,1914.21,1912.0,1912.0,419.0594
1653921240000,1912.0,1912.51,1911.01,1911.45,589.1204
1653921300000,1911.45,1911.45,1908.2,1908.6,386.5869
1653921360000,1908.6,1911.33,1908.4,1911.32,399.6545
1653921420000,1911.33,1911.33,1908.39,1909.41,517.0158
1653921480000,1909.42,1909.42,1907.0,1907.12,634.0265
1653921540000,1907.13,1907.21,1904.58,1904.59,545.554
1653921600000,1904.59,1905.53,1904.47,1905.34,401.3391
1653921660000,1905.35,1905.35,1898.97,1899.13,880.4654
1653921720000,1899.12,1900.34,1893.0,1896.04,1676.6078
1653921780000,1896.04,1898.5,1896.04,1897.4,940.4279
1653921840000,1897.39,1899.17,1895.39,1896.31,1017.8299
1653921900000,1896.31,1898.16,1895.4,1897.98,706.7129
1653921960000,1897.98,1901.32,1897.98,1898.34,790.2303
1653922020000,1898.34,1900.55,1896.76,1898.19,766.7798
1653922080000,1898.19,1898.2,1895.42,1895.84,337.1835
1653922140000,1895.84,1898.56,1895.02,1897.99,336.0057
1653922200000,1897.99,1898.0,1896.13,1897.38,338.4018
1653922260000,1897.38,1899.11,1897.0,1898.32,395.1145
1653922320000,1898.32,1898.33,1897.5,1897.73,109.3708
1653922380000,1897.73,1900.36,1897.16,1899.41,509.9627
1653922440000,1899.4,1899.49,1899.31,1899.49,46.8349
1653922500000,1899.49,1900.69,1899.48,1900.5,232.8483
1653922560000,1900.49,1901.0,1896.82,1897.24,431.0519
1653922620000,1897.24,1897.24,1894.33,1894.94,446.7699
1653922680000,1894.93,1897.54,1894.93,1896.85,383.9986
1653922740000,1896.85,1897.14,1896.16,1896.73,244.9894
1653922800000,1896.73,1899.93,1894.8,1899.93,605.3517
1653922860000,1899.92,1900.42,1899.01,1899.24,365.9813
1653922920000,1899.24,1901.01,1899.09,1901.01,144.1578
1653922980000,1901.01,1901.01,1900.49,1900.98,143.371
1653923040000,1900.99,1902.65,1899.31,1900.7,893.4856
1653923100000,1900.7,1904.88,1899.91,1904.88,838.4931
1653923160000,1904.88,1907.28,1904.5,1906.0,1074.6883
1653923220000,1906.0,1906.64,1905.17,1905.45,382.3134
1653923280000,1905.44,1906.83,1904.73,1904.92,464.3841
1653923340000,1904.92,1904.93,1902.01,1902.14,450.6212
1653923400000,1902.14,1904.63,1902.14,1903.78,341.9685
1653923460000,1903.77,1906.5,1902.52,1904.75,466.4924
1653923520000,1904.76,1905.03,1904.11,1904.21,214.8033
1653923580000,1904.22,1906.2,1904.21,1905.75,354.7924
1653923640000,1905.76,1905.76,1905.0,1905.0,152.5049
1653923700000,1905.0,1905.01,1902.66,1903.6,327.4274
1653923760000,1903.6,1903.6,1899.68,1899.68,1169.7594
1653923820000,1899.69,1902.0,1899.68,1901.07,316.4759
1653923880000,1901.07,1901.07,1897.63,1898.53,526.1756
1653923940000,1898.54,1900.0,1898.05,1899.26,150.8057
1653924000000,1899.27,1899.28,1899.15,1899.19,77.6203
1653924060000,1899.19,1901.31,1899.18,1900.48,346.336
1653924120000,1900.48,1903.99,1900.48,1902.99,220.1332
1653924180000,1902.99,1904.77,1902.23,1904.31,456.7019
1653924240000,1904.31,1908.41,1904.3,1908.0,467.6012
1653924300000,1908.0,1908.89,1907.1,1908.02,578.0115
1653924360000,1908.02,1908.24,1906.64,1906.87,366.0857
1653924420000,1906.87,1906.87,1905.38,1906.04,179.5844
1653924480000,1906.04,1907.35,1906.04,1907.35,139.188
1653924540000,1907.35,1910.0,1906.73,1908.43,762.0545
1653924600000,1908.43,1910.61,1908.38,1909.78,790.1577
1653924660000,1909.77,1910.62,1909.36,1909.37,275.4955
1653924720000,1909.37,1913.35,1908.3,1910.65,1098.8654
1653924780000,1910.66,1910.66,1909.29,1909.6,203.43
1653924840000,1909.6,1909.61,1906.0,1906.73,275.7824
1653924900000,1906.74,1907.96,1906.12,1907.06,302.3566
1653924960000,1907.06,1907.07,1905.21,1905.34,219.1249
1653925020000,1905.33,1905.35,1902.27,1902.82,924.4131
1653925080000,1902.83,1903.15,1900.98,1901.26,723.0027
1653925140000,1901.25,1902.88,1901.16,1902.87,115.6331
1653925200000,1902.87,1905.24,1902.86,1904.93,314.4002
1653925260000,1904.94,1904.96,1904.0,1904.73,194.8166
1653925320000,1904.73,1910.99,1904.73,1910.77,1011.3789
1653925380000,1910.77,1911.2,1907.79,1908.91,598.602
1653925440000,1908.91,1910.61,1908.51,1910.6,228.7622
1653925500000,1910.61,1910.61,1908.42,1908.87,398.8018
1653925560000,1908.87,1913.58,1908.86,1911.46,1802.882
1653925620000,1911.46,1911.82,1910.27,1910.48,748.5067
1653925680000,1910.48,1910.49,1909.66,1909.86,263.0573
1653925740000,1909.86,1910.56,1909.53,1910.56,207.2058
1653925800000,1910.55,1910.64,1909.22,1910.6,399.672
1653925860000,1910.6,1913.21,1910.57,1912.88,712.0676
1653925920000,1912.89,1913.45,1911.44,1913.14,314.5128
1653925980000,1913.14,1913.15,1911.24,1912.45,468.9361
1653926040000,1912.45,1913.03,1911.83,1911.98,172.7108
1653926100000,1911.98,1913.54,1911.84,1913.37,213.9124
1653926160000,1913.38,1915.65,1912.12,1912.35,780.3546
1653926220000,1912.34,1913.12,1912.08,1912.11,325.6638
1653926280000,1912.11,1913.71,1912.0,1913.64,235.0677
1653926340000,1913.65,1913.65,1912.19,1912.44,198.5243
1653926400000,1912.43,1915.0,1911.49,1911.53,665.5835
1653926460000,1911.54,1912.27,1909.32,1910.25,328.2723
1653926520000,1910.24,1910.25,1908.41,1909.32,308.9198
1653926580000,1909.32,1909.32,1906.0,1906.39,404.8595
1653926640000,1906.39,1909.0,1906.04,1908.99,445.0597
1653926700000,1908.99,1910.99,1908.14,1910.98,270.248
1653926760000,1910.98,1913.18,1909.51,1913.18,508.9592
1653926820000,1913.17,1914.72,1911.5,1913.3,574.464
1653926880000,1913.31,1913.87,1912.97,1913.2,275.7815
1653926940000,1913.2,1914.87,1912.26,1912.43,547.6311
1653927000000,1912.42,1912.43,1909.5,1910.03,276.6343
1653927060000,1910.03,1910.04,1907.84,1909.86,376.033
1653927120000,1909.86,1911.31,1909.22,1911.2,180.9179
1653927180000,1911.19,1912.69,1911.19,1911.67,336.3526
1653927240000,1911.67,1912.06,1910.45,1911.48,224.6305
1653927300000,1911.48,1911.97,1910.12,1910.3,226.984
1653927360000,1910.3,1914.65,1910.27,1914.08,374.7006
1653927420000,1914.09,1914.1,1913.32,1913.97,228.9388
1653927480000,1913.96,1914.29,1912.92,1912.98,378.8087
1653927540000,1912.98,1913.57,1912.01,1912.81,360.0184
1653927600000,1912.82,1912.82,1910.12,1911.16,453.9656
1653927660000,1911.16,1912.98,1911.16,1912.4,328.8219
1653927720000,1912.4,1919.99,1912.4,1919.04,1030.0713
1653927780000,1919.04,1920.51,1917.52,1918.74,695.1314
1653927840000,1918.75,1918.75,1914.98,1915.37,672.0686
1653927900000,1915.38,1917.38,1914.16,1914.17,651.367
1653927960000,1914.16,1915.7,1913.7,1914.67,269.3744
1653928020000,1914.68,1916.0,1914.65,1915.99,178.4238
1653928080000,1916.0,1916.98,1915.54,1916.73,222.3426
1653928140000,1916.74,1918.4,1916.71,1917.67,625.8531
1653928200000,1917.67,1923.12,1916.8,1920.17,714.5801
1653928260000,1920.17,1922.48,1917.93,1918.79,1102.5775
1653928320000,1918.79,1919.1,1917.4,1918.22,416.1556
1653928380000,1918.22,1918.22,1915.53,1916.04,359.2726
1653928440000,1916.04,1916.05,1911.96,1911.97,824.9394
1653928500000,1911.96,1912.99,1910.9,1912.32,489.3257
1653928560000,1912.32,1913.74,1911.25,1913.33,413.6477
1653928620000,1913.34,1913.34,1911.64,1912.19,387.2625
1653928680000,1912.18,1913.62,1911.77,1913.58,279.356
1653928740000,1913.58,1915.67,1913.04,1915.67,461.6272
1653928800000,1915.66,1919.27,1915.66,1919.27,447.8156
1653928860000,1919.26,1920.03,1917.95,1918.3,350.8676
1653928920000,1918.29,1920.26,1918.29,1920.24,199.7407
1653928980000,1920.23,1920.24,1918.34,1918.34,264.8819
1653929040000,1918.35,1919.47,1918.34,1918.65,503.2972
1653929100000,1918.65,1920.38,1918.44,1919.18,293.9843
1653929160000,1919.18,1935.44,1919.18,1932.32,3767.7752
1653929220000,1932.31,1932.94,1927.0,1928.31,2194.9263
1653929280000,1928.31,1931.0,1928.22,1928.76,963.34
1653929340000,1928.77,1928.82,1925.28,1925.28,740.3415
1653929400000,1925.28,1927.0,1922.85,1923.01,782.1802
1653929460000,1923.02,1925.4,1922.0,1925.0,559.2799
1653929520000,1925.0,1926.04,1923.69,1923.95,290.8607
1653929580000,1923.95,1923.96,1922.0,1922.31,605.913
1653929640000,1922.31,1922.32,1920.13,1921.11,369.9898
1653929700000,1921.11,1922.29,1920.3,1920.31,500.5004
1653929760000,1920.32,1920.32,1917.33,1917.8,585.1814
1653929820000,1917.79,1917.8,1915.44,1916.08,731.7582
1653929880000,1916.09,1918.09,1915.06,1916.01,516.9077
1653929940000,1916.0,1919.07,1913.34,1918.9,1368.5384
1653930000000,1918.74,1918.91,1915.43,1915.57,423.7757
1653930060000,1915.56,1916.44,1914.3,1914.95,207.385
1653930120000,1914.94,1915.58,1912.54,1913.57,407.8606
1653930180000,1913.57,1914.07,1913.56,1913.84,146.5283
1653930240000,1913.84,1915.26,1913.83,1914.85,310.0576
1653930300000,1914.84,1915.3,1914.08,1914.17,524.9074
1653930360000,1914.17,1916.55,1914.17,1916.54,121.7271
1653930420000,1916.54,1918.22,1915.74,1916.25,334.2145
1653930480000,1916.25,1917.55,1916.24,1916.99,120.3988
1653930540000,1916.98,1916.99,1916.56,1916.56,67.0242
1653930600000,1916.57,1918.63,1916.56,1918.0,260.9856
1653930660000,1918.0,1920.48,1918.0,1920.47,207.8302
1653930720000,1920.47,1924.35,1920.17,1923.39,700.3582
1653930780000,1923.4,1923.59,1922.68,1922.77,181.7371
1653930840000,1922.77,1923.36,1922.77,1923.36,106.6494
1653930900000,1923.36,1926.29,1923.26,1926.29,226.5281
1653930960000,1926.19,1933.07,1926.19,1932.98,691.7851
1653931020000,1932.98,1934.59,1927.51,1931.33,2923.7594
1653931080000,1931.34,1933.14,1930.91,1933.13,560.9709
1653931140000,1933.13,1933.14,1931.45,1932.76,307.2863
1653931200000,1932.77,1932.79,1930.99,1931.29,376.421
1653931260000,1931.28,1932.78,1931.24,1932.01,496.7865
1653931320000,1932.01,1932.07,1931.5,1931.68,297.4608
1653931380000,1931.68,1932.07,1931.5,1931.51,153.5962
1653931440000,1931.5,1931.51,1928.0,1928.04,420.8585
1653931500000,1928.04,1929.94,1928.04,1929.56,165.3199
1653931560000,1929.56,1930.88,1928.34,1930.35,355.9771
1653931620000,1930.35,1934.39,1930.24,1933.66,298.3359
1653931680000,1933.67,1933.67,1931.41,1931.74,204.0891
1653931740000,1931.75,1933.05,1931.23,1931.96,262.9333
1653931800000,1931.95,1932.94,1931.0,1931.24,187.4968
1653931860000,1931.23,1931.43,1930.37,1930.38,101.3894
1653931920000,1930.38,1930.49,1929.29,1930.48,228.3841
1653931980000,1930.48,1930.49,1927.88,1927.88,141.2208
1653932040000,1927.88,1930.24,1927.88,1929.93,156.7056
1653932100000,1929.93,1929.94,1927.41,1927.69,609.9909
1653932160000,1927.69,1929.13,1927.69,1929.13,136.2188
1653932220000,1929.12,1929.56,1929.06,1929.44,95.8865
1653932280000,1929.44,1929.44,1928.7,1929.15,162.9395
1653932340000,1929.16,1929.16,1928.01,1928.09,160.8763
1653932400000,1928.08,1930.61,1928.08,1930.6,457.9927
1653932460000,1930.61,1931.28,1930.01,1931.28,229.8812
1653932520000,1931.28,1933.26,1931.19,1932.54,674.7948
1653932580000,1932.58,1933.01,1931.83,1931.86,98.268
1653932640000,1931.85,1932.41,1931.79,1932.02,145.3689
1653932700000,1932.02,1932.02,1931.42,1932.0,138.4766
1653932760000,1932.0,1932.79,1931.53,1931.9,285.2689
1653932820000,1931.91,1931.91,1929.31,1929.97,327.0062
1653932880000,1929.97,1934.96,1929.96,1932.67,1106.6687
1653932940000,1932.68,1932.68,1931.96,1931.97,203.6696
1653933000000,1931.96,1931.97,1931.66,1931.87,81.1944
1653933060000,1931.87,1931.88,1930.0,1930.0,142.9023
1653933120000,1930.01,1930.59,1929.77,1929.78,282.0975
1653933180000,1929.77,1929.78,1926.68,1926.94,276.6658
1653933240000,1926.94,1928.64,1926.44,1926.69,298.7651
1653933300000,1926.69,1927.89,1926.69,1927.28,160.6263
1653933360000,1927.28,1927.29,1925.54,1926.04,329.6317
1653933420000,1926.03,1926.53,1925.17,1926.4,193.6204
1653933480000,1926.39,1927.88,1926.39,1927.59,156.0521
1653933540000,1927.58,1927.87,1926.98,1927.87,124.7604
1653933600000,1927.87,1927.87,1926.5,1927.04,232.8244
1653933660000,1927.04,1927.13,1925.57,1927.12,241.1204
1653933720000,1927.12,1927.23,1926.02,1927.23,262.7301
1653933780000,1927.22,1927.48,1926.12,1926.12,150.599
1653933840000,1926.12,1926.75,1926.12,1926.75,104.2587
1653933900000,1926.74,1926.75,1926.0,1926.0,94.5734
1653933960000,1926.0,1926.01,1924.91,1924.92,248.3006
1653934020000,1924.91,1926.41,1924.91,1925.6,236.0887
1653934080000,1925.61,1925.96,1925.26,1925.95,142.2845
1653934140000,1925.95,1927.67,1925.36,1925.36,159.2713
1653934200000,1925.37,1925.6,1925.06,1925.35,115.7026
1653934260000,1925.35,1925.36,1925.19,1925.2,17.7695
1653934320000,1925.2,1926.55,1925.19,1925.99,221.0432
1653934380000,1926.0,1926.59,1925.64,1926.59,94.8373
1653934440000,1926.58,1926.59,1925.24,1925.42,152.6542
1653934500000,1925.41,1925.42,1925.01,1925.02,60.8674
1653934560000,1925.02,1925.85,1925.02,1925.84,134.2675
1653934620000,1925.85,1925.85,1924.01,1924.42,247.3109
1653934680000,1924.42,1924.43,1922.75,1922.76,218.9125
1653934740000,1922.75,1923.29,1922.75,1923.2,119.4034
1653934800000,1923.21,1924.0,1923.2,1923.61,155.2622
1653934860000,1923.6,1923.7,1921.61,1922.46,404.3945
1653934920000,1922.47,1922.57,1922.01,1922.26,135.5409
1653934980000,1922.26,1922.56,1921.1,1921.18,272.8306
1653935040000,1921.18,1921.9,1921.18,1921.62,146.2975
1653935100000,1921.63,1921.63,1921.47,1921.48,40.3169
1653935160000,1921.48,1924.0,1921.47,1923.06,243.6846
1653935220000,1923.06,1924.52,1922.96,1924.51,131.2569
1653935280000,1924.52,1924.77,1924.09,1924.43,94.3777
1653935340000,1924.42,1924.55,1923.01,1923.77,137.3752
1653935400000,1923.77,1924.43,1922.5,1922.6,141.7507
1653935460000,1922.59,1922.6,1922.01,1922.02,55.0536
1653935520000,1922.02,1922.6,1921.89,1922.52,60.4868
1653935580000,1922.51,1922.52,1919.59,1919.77,339.5162
1653935640000,1919.77,1920.33,1919.42,1919.97,143.4093
1653935700000,1919.97,1919.98,1918.96,1919.29,144.3809
1653935760000,1919.28,1919.35,1918.3,1919.05,176.9393
1653935820000,1919.05,1921.33,1919.05,1921.12,215.4488
1653935880000,1921.12,1921.12,1919.16,1920.32,138.5889
1653935940000,1920.31,1921.65,1920.31,1921.36,135.4175
1653936000000,1921.36,1921.36,1919.76,1919.76,108.3924
1653936060000,1919.77,1920.67,1919.76,1920.28,127.0805
1653936120000,1920.28,1921.04,1920.28,1921.04,166.0418
1653936180000,1921.04,1921.87,1921.03,1921.59,149.8526
1653936240000,1921.59,1924.59,1921.48,1924.58,140.0104
1653936300000,1924.58,1924.78,1923.21,1923.39,145.7788
1653936360000,1923.39,1924.07,1923.38,1923.39,99.214
1653936420000,1923.4,1924.87,1923.39,1924.85,90.8575
1653936480000,1924.86,1925.08,1924.47,1924.84,124.1091
1653936540000,1924.84,1924.84,1923.43,1924.15,104.7774
1653936600000,1924.14,1924.34,1923.69,1923.7,52.6706
1653936660000,1923.7,1923.86,1923.4,1923.4,44.4591
1653936720000,1923.4,1923.41,1921.73,1921.74,74.1005
1653936780000,1921.73,1921.75,1921.04,1921.75,86.7067
1653936840000,1921.75,1921.96,1921.57,1921.57,152.0852
1653936900000,1921.58,1922.2,1921.12,1922.19,112.4058
1653936960000,1922.19,1922.2,1921.98,1921.99,13.3431
1653937020000,1921.98,1921.99,1920.18,1920.84,152.4142
1653937080000,1920.83,1920.99,1920.83,1920.99,86.7939
1653937140000,1920.98,1921.9,1920.98,1921.04,251.796
1653937200000,1921.04,1921.05,1920.9,1921.01,62.8289
1653937260000,1921.01,1921.71,1921.01,1921.71,72.7303
1653937320000,1921.7,1921.71,1921.06,1921.06,20.3123
1653937380000,1921.06,1921.07,1920.98,1920.99,23.8137
1653937440000,1920.99,1920.99,1919.73,1920.41,204.0363
1653937500000,1920.4,1920.41,1919.87,1919.91,101.4011
1653937560000,1919.92,1921.89,1919.87,1921.79,213.963
1653937620000,1921.78,1922.88,1921.78,1922.5,79.0567
1653937680000,1922.5,1925.85,1922.49,1925.55,349.926
1653937740000,1925.54,1925.55,1924.66,1924.85,143.827
1653937800000,1924.84,1929.83,1924.84,1929.82,384.0277
1653937860000,1929.83,1931.34,1928.82,1930.27,385.9419
1653937920000,1930.26,1930.27,1929.82,1929.98,105.4537
1653937980000,1929.97,1929.98,1927.71,1927.79,203.0596
1653938040000,1927.8,1929.91,1927.55,1929.47,289.4475
1653938100000,1929.47,1929.56,1927.98,1928.55,249.0062
1653938160000,1928.56,1929.79,1928.3,1928.31,398.8107
1653938220000,1928.3,1928.31,1927.32,1927.32,110.6925
1653938280000,1927.33,1929.03,1927.32,1929.02,150.6558
1653938340000,1929.02,1929.21,1928.49,1928.84,132.9055
1653938400000,1928.85,1928.85,1928.52,1928.6,37.6897
1653938460000,1928.61,1929.79,1928.6,1929.77,175.394
1653938520000,1929.77,1929.9,1929.76,1929.81,71.919
1653938580000,1929.82,1929.82,1927.73,1927.73,118.9791
1653938640000,1927.73,1928.12,1927.17,1928.1,81.6033
1653938700000,1928.11,1928.86,1928.1,1928.39,197.692
1653938760000,1928.38,1929.37,1928.01,1929.37,136.1194
1653938820000,1929.36,1929.68,1929.36,1929.67,23.6687
1653938880000,1929.68,1930.29,1928.81,1929.1,183.4402
1653938940000,1929.11,1929.77,1929.1,1929.15,83.2332
1653939000000,1929.15,1929.26,1927.66,1927.67,78.8371
1653939060000,1927.67,1927.67,1924.4,1924.4,160.0615
1653939120000,1924.41,1924.96,1922.6,1923.2,264.7028
1653939180000,1923.2,1923.93,1923.2,1923.75,119.0641
1653939240000,1923.75,1923.75,1922.16,1923.53,169.862
1653939300000,1923.54,1923.55,1922.31,1922.62,70.7548
1653939360000,1922.61,1922.9,1922.36,1922.55,104.0095
1653939420000,1922.56,1924.9,1922.55,1924.37,168.2133
1653939480000,1924.37,1924.45,1923.93,1923.94,30.9101
1653939540000,1923.93,1923.94,1923.2,1923.21,88.2364
1653939600000,1923.21,1926.98,1923.2,1926.67,743.5901
1653939660000,1926.68,1933.24,1926.67,1931.84,701.7267
1653939720000,1931.85,1932.19,1928.21,1930.01,439.9823
1653939780000,1930.02,1930.02,1927.68,1927.69,126.4424
1653939840000,1927.68,1928.12,1923.31,1923.32,491.9177
1653939900000,1923.32,1923.32,1922.26,1922.28,534.5277
1653939960000,1922.27,1922.84,1920.64,1921.04,716.3637
1653940020000,1921.04,1922.42,1921.03,1921.48,144.8493
1653940080000,1921.49,1921.49,1920.44,1920.85,249.9525
1653940140000,1920.85,1920.86,1914.38,1915.84,1155.4633
1653940200000,1915.84,1916.09,1912.44,1915.52,692.3878
1653940260000,1915.52,1915.89,1911.81,1912.35,496.7631
1653940320000,1912.35,1914.8,1911.51,1913.86,394.0819
1653940380000,1913.86,1913.93,1912.01,1913.81,246.874
1653940440000,1913.8,1915.46,1913.8,1915.45,234.2721
1653940500000,1915.45,1917.67,1915.45,1917.66,246.3043
1653940560000,1917.66,1919.57,1917.59,1919.56,191.1261
1653940620000,1919.56,1920.28,1917.82,1920.01,266.2782
1653940680000,1920.02,1920.02,1918.35,1918.81,121.2603
1653940740000,1918.81,1919.05,1917.23,1917.33,116.3759
1653940800000,1917.32,1917.56,1913.64,1917.0,481.6205
1653940860000,1917.0,1917.05,1913.14,1915.63,968.9464
1653940920000,1915.62,1915.63,1912.87,1913.24,1037.8889
1653940980000,1913.24,1916.35,1913.23,1916.34,510.2752
1653941040000,1916.35,1917.09,1915.76,1917.09,104.9634
1653941100000,1917.09,1917.75,1916.72,1916.89,132.5612
1653941160000,1916.89,1918.91,1916.89,1918.49,270.7158
1653941220000,1918.49,1921.93,1918.49,1921.65,245.2767
1653941280000,1921.65,1923.66,1921.49,1923.41,863.9392
1653941340000,1923.41,1925.69,1923.41,1925.03,317.5605
1653941400000,1925.03,1927.49,1925.02,1927.46,469.8119
1653941460000,1927.46,1930.91,1926.65,1930.86,602.1769
1653941520000,1930.86,1931.5,1928.78,1928.83,406.7964
1653941580000,1928.82,1930.49,1927.07,1929.34,627.5648
1653941640000,1929.34,1929.4,1927.46,1927.46,235.316
1653941700000,1927.47,1930.65,1927.46,1930.29,274.6282
1653941760000,1930.3,1933.1,1930.29,1930.79,539.2401
1653941820000,1930.8,1934.4,1930.79,1932.0,951.1904
1653941880000,1932.0,1938.99,1931.99,1936.64,1660.1155
1653941940000,1936.63,1936.79,1934.21,1934.24,208.5611
1653942000000,1934.24,1935.54,1932.03,1932.2,437.4075
1653942060000,1932.2,1932.21,1927.82,1929.78,738.9866
1653942120000,1929.77,1931.25,1929.02,1929.45,298.8339
1653942180000,1929.45,1932.35,1929.44,1932.35,263.2525
1653942240000,1932.34,1948.8,1932.23,1947.98,3595.0002
1653942300000,1947.99,1959.99,1940.0,1945.96,7924.0797
1653942360000,1945.95,1947.73,1938.13,1947.03,1878.4689
1653942420000,1947.02,1952.01,1945.04,1949.24,1725.4457
1653942480000,1949.23,1952.96,1948.53,1952.46,839.3622
1653942540000,1952.46,1952.75,1946.36,1948.33,1189.3759
1653942600000,1948.33,1948.33,1940.3,1940.31,1727.0076
1653942660000,1940.3,1940.35,1936.63,1940.26,1296.8358
1653942720000,1940.14,1948.93,1940.14,1943.69,1941.8099
1653942780000,1943.7,1945.99,1941.28,1945.9,798.4769
1653942840000,1945.9,1946.22,1941.3,1943.16,497.5057
1653942900000,1943.17,1943.17,1938.07,1938.93,680.1579
1653942960000,1938.93,1938.94,1935.92,1936.58,435.0028
1653943020000,1936.58,1939.25,1935.68,1938.08,406.836
1653943080000,1938.07,1938.92,1937.1,1937.22,312.7882
1653943140000,1937.22,1937.33,1936.09,1937.32,225.5309
1653943200000,1937.32,1937.33,1935.0,1936.86,282.0903
1653943260000,1936.86,1941.31,1935.64,1940.45,686.955
1653943320000,1940.45,1944.02,1939.88,1942.21,500.5018
1653943380000,1942.21,1945.58,1941.66,1944.01,794.0963
1653943440000,1944.0,1947.17,1944.0,1945.45,418.8595
1653943500000,1945.44,1948.37,1944.66,1945.09,975.3909
1653943560000,1945.08,1946.49,1942.76,1945.32,549.8166
1653943620000,1945.32,1946.22,1943.61,1943.66,355.9434
1653943680000,1943.67,1945.11,1943.66,1944.74,168.591
1653943740000,1944.75,1946.75,1943.54,1943.54,572.6556
1653943800000,1943.54,1943.55,1939.85,1939.86,548.3581
1653943860000,1939.85,1941.26,1938.86,1939.49,510.7096
1653943920000,1939.49,1940.04,1938.69,1939.49,348.0712
1653943980000,1939.49,1943.32,1939.49,1942.29,309.9488
1653944040000,1942.28,1946.34,1942.28,1945.12,526.2179
1653944100000,1945.12,1946.79,1945.11,1946.37,214.8194
1653944160000,1946.37,1950.0,1945.06,1949.8,822.826
1653944220000,1949.8,1950.0,1947.76,1949.26,376.2351
1653944280000,1949.26,1952.46,1949.08,1952.38,830.073
1653944340000,1952.38,1954.98,1952.35,1954.44,1006.4053
1653944400000,1954.44,1959.63,1951.71,1951.72,1321.1806
1653944460000,1951.71,1953.98,1951.29,1953.46,669.416
1653944520000,1953.46,1955.29,1952.06,1953.45,465.8221
1653944580000,1953.44,1954.3,1951.6,1951.6,263.2225
1653944640000,1951.61,1953.6,1951.52,1952.0,442.145
1653944700000,1952.0,1953.46,1952.0,1953.11,186.364
1653944760000,1953.11,1953.13,1950.29,1950.49,240.4517
1653944820000,1950.48,1951.44,1948.66,1951.17,414.2951
1653944880000,1951.17,1952.37,1950.5,1952.37,194.9884
1653944940000,1952.36,1952.47,1950.77,1951.2,435.7679
1653945000000,1951.21,1953.88,1951.2,1953.87,328.5399
1653945060000,1953.88,1957.13,1953.62,1955.15,436.3157
1653945120000,1955.15,1958.13,1955.15,1955.24,328.1836
1653945180000,1955.24,1969.1,1954.79,1964.63,4490.8424
1653945240000,1964.63,1964.64,1961.71,1962.54,729.3974
1653945300000,1962.54,1966.34,1961.52,1965.75,431.1003
1653945360000,1965.75,1966.31,1964.05,1965.59,307.4541
1653945420000,1965.6,1980.0,1965.16,1974.1,5256.4804
1653945480000,1974.1,1980.0,1973.05,1978.53,4155.2171
1653945540000,1978.53,1981.74,1977.9,1981.74,1114.1502
1653945600000,1981.73,1992.16,1981.73,1986.86,4786.1585
1653945660000,1986.87,1995.0,1980.01,1994.93,2245.4967
1653945720000,1994.92,2000.0,1991.77,1998.48,6142.0236
1653945780000,1998.48,1998.74,1985.35,1986.64,2286.9723
1653945840000,1986.63,1986.77,1978.68,1985.01,2017.5293
1653945900000,1985.0,1986.25,1981.54,1983.98,1139.1356
1653945960000,1983.98,1985.44,1980.76,1984.11,1352.3946
1653946020000,1984.11,1989.31,1984.11,1987.03,873.265
1653946080000,1987.02,1989.69,1980.5,1980.73,1678.5412
1653946140000,1980.73,1984.31,1980.0,1980.6,1227.1262
1653946200000,1980.59,1984.55,1980.58,1984.39,428.6934
1653946260000,1984.39,1984.4,1981.21,1982.5,338.2234
1653946320000,1982.5,1988.07,1982.49,1987.39,509.3702
1653946380000,1987.39,1987.7,1982.94,1982.95,516.8312
1653946440000,1982.95,1983.71,1982.01,1983.44,322.7135
1653946500000,1983.43,1983.53,1981.14,1981.4,224.8281
1653946560000,1981.39,1982.0,1974.74,1975.38,576.3502
1653946620000,1975.38,1979.34,1972.73,1979.34,807.5825
1653946680000,1979.33,1980.31,1978.17,1979.28,392.5361
1653946740000,1979.29,1979.29,1975.93,1976.17,136.0025
1653946800000,1976.18,1980.0,1976.16,1979.09,357.8539
1653946860000,1979.09,1979.09,1975.38,1975.89,281.498
1653946920000,1975.89,1976.29,1974.51,1974.54,195.6957
1653946980000,1974.53,1979.36,1973.2,1979.17,311.2787
1653947040000,1979.17,1979.17,1976.49,1977.0,197.0775
1653947100000,1976.99,1977.96,1975.32,1976.83,195.7863
1653947160000,1976.83,1976.84,1973.28,1973.92,241.1044
1653947220000,1973.92,1978.6,1973.68,1978.42,455.5787
1653947280000,1978.43,1978.56,1975.19,1975.9,417.5497
1653947340000,1975.91,1976.43,1975.34,1976.43,106.9642
1653947400000,1976.43,1979.23,1976.42,1979.09,195.2092
1653947460000,1979.09,1983.72,1979.08,1983.27,549.1831
1653947520000,1983.27,1983.27,1980.52,1981.77,508.2128
1653947580000,1981.76,1981.77,1978.66,1981.23,436.974
1653947640000,1981.23,1984.27,1981.22,1983.21,344.7227
1653947700000,1983.21,1986.17,1983.2,1985.68,485.7075
1653947760000,1985.67,1988.49,1985.42,1986.78,558.3222
1653947820000,1986.78,1993.58,1986.77,1990.76,1964.5307
1653947880000,1990.77,1991.74,1989.75,1990.45,392.9876
1653947940000,1990.46,1990.86,1989.6,1990.79,203.4728
1653948000000,1990.8,1996.8,1990.48,1993.85,1134.5518
1653948060000,1993.86,1993.86,1989.08,1989.09,941.5573
1653948120000,1989.08,1992.2,1986.59,1989.28,1962.7535
1653948180000,1989.28,1990.99,1987.96,1989.77,811.7788
1653948240000,1989.77,1989.77,1987.76,1987.77,674.2494
1653948300000,1987.76,1988.98,1986.82,1987.58,1145.6094
1653948360000,1987.57,1988.8,1986.0,1986.79,1168.4371
1653948420000,1986.8,1990.0,1986.37,1988.62,646.9987
1653948480000,1988.61,1990.32,1986.9,1990.13,849.8384
1653948540000,1990.13,1991.94,1989.12,1991.89,998.9008
1653948600000,1991.9,1991.9,1988.09,1988.82,444.2602
1653948660000,1988.82,1988.83,1985.4,1985.41,592.236
1653948720000,1985.41,1989.88,1984.62,1989.45,1211.0516
1653948780000,1989.45,1989.95,1988.71,1989.13,420.5195
1653948840000,1989.13,1989.16,1987.88,1988.2,493.7992
1653948900000,1988.2,1990.14,1987.32,1989.69,611.1678
1653948960000,1989.68,1989.68,1984.39,1984.39,605.6253
1653949020000,1984.39,1984.91,1978.35,1984.91,1266.2719
1653949080000,1984.91,1984.91,1979.98,1982.12,1500.5509
1653949140000,1982.13,1982.56,1980.0,1982.55,529.8131
1653949200000,1982.56,1982.57,1980.0,1980.0,572.0699
1653949260000,1980.0,1986.51,1979.8,1985.23,1157.3057
1653949320000,1985.24,1987.27,1985.23,1987.27,767.8026
1653949380000,1987.26,1987.5,1984.77,1986.74,536.1182
1653949440000,1986.74,1990.46,1986.74,1989.21,852.4967
1653949500000,1989.21,1995.36,1989.02,1994.07,1451.8276
1653949560000,1994.08,1994.08,1989.9,1991.1,647.9042
1653949620000,1991.09,1991.79,1991.09,1991.41,199.9914
1653949680000,1991.41,1992.41,1989.44,1989.45,428.6962
1653949740000,1989.44,1991.97,1988.08,1991.09,784.6701
1653949800000,1991.1,1992.11,1989.75,1990.22,553.4477
1653949860000,1990.22,1990.22,1988.06,1988.07,182.641
1653949920000,1988.07,1990.74,1985.81,1985.81,772.2079
1653949980000,1985.81,1989.51,1985.49,1987.24,623.3165
1653950040000,1987.25,1989.93,1987.22,1989.5,338.7836
1653950100000,1989.51,1989.59,1988.69,1989.44,293.4431
1653950160000,1989.43,1990.92,1988.76,1988.76,460.4374
1653950220000,1988.76,1989.65,1987.26,1989.35,432.0481
1653950280000,1989.35,1992.95,1987.76,1992.95,1116.4032
1653950340000,1992.94,1997.28,1992.18,1997.04,1545.4599
1653950400000,1997.04,1997.9,1993.07,1993.39,853.8173
1653950460000,1993.39,1993.61,1991.52,1993.46,330.2581
1653950520000,1993.47,1998.16,1992.61,1998.16,1612.4816
1653950580000,1998.16,1998.73,1996.14,1997.65,1044.7943
1653950640000,1997.64,1998.11,1994.45,1996.18,579.645
1653950700000,1996.18,1996.5,1993.01,1993.3,532.5159
1653950760000,1993.3,1995.68,1993.3,1995.15,407.2596
1653950820000,1995.14,1996.4,1994.46,1996.4,589.8739
1653950880000,1996.4,1996.87,1994.27,1994.28,231.6616
1653950940000,1994.28,1994.28,1993.41,1993.65,273.0287
1653951000000,1993.66,1996.86,1993.11,1993.86,1571.4638
1653951060000,1993.87,1996.44,1991.86,1996.43,1959.5022
1653951120000,1996.43,2000.0,1995.74,1998.89,1235.5286
1653951180000,1998.9,1998.9,1996.57,1998.5,1437.0126
1653951240000,1998.49,1999.81,1996.89,1996.89,692.8522
1653951300000,1996.89,1996.9,1995.5,1995.5,435.8703
1653951360000,1995.51,1998.8,1995.35,1998.2,295.1708
1653951420000,1998.2,1999.2,1996.25,1996.25,425.9865
1653951480000,1996.25,1998.23,1996.25,1996.99,380.265
1653951540000,1996.99,1999.78,1996.98,1999.42,925.1876
1653951600000,1999.41,2004.9,1995.72,1997.04,4129.5463
1653951660000,1997.03,1998.61,1993.24,1993.57,1384.2515
1653951720000,1993.57,1995.27,1988.61,1988.61,1415.2056
1653951780000,1988.62,1990.95,1984.03,1988.43,1429.1121
1653951840000,1988.43,1993.51,1988.43,1993.51,599.3127
1653951900000,1993.51,1999.06,1993.5,1998.62,1315.6334
1653951960000,1998.63,1999.73,1997.43,1998.32,623.134
1653952020000,1998.33,2003.24,1998.32,2001.38,1151.7665
1653952080000,2001.37,2009.53,2000.19,2004.31,2360.39
1653952140000,2004.31,2007.37,2003.37,2004.09,1520.4831
1653952200000,2004.08,2013.0,2004.08,2009.46,3321.6488
1653952260000,2009.46,2010.32,2005.52,2008.61,915.3049
1653952320000,2008.6,2010.5,2006.65,2008.37,707.2057
1653952380000,2008.37,2011.87,2007.15,2010.3,973.4256
1653952440000,2010.31,2011.76,2008.0,2009.37,1424.5319
1653952500000,2009.36,2011.44,2007.24,2008.83,1517.297
1653952560000,2008.83,2008.83,2002.66,2006.21,1176.9146
1653952620000,2006.21,2007.18,2004.48,2005.86,849.0073
1653952680000,2005.86,2006.68,2003.63,2005.48,707.3169
1653952740000,2005.48,2005.49,2003.54,2003.55,376.7678
1653952800000,2003.55,2006.0,2003.55,2004.93,603.6309
1653952860000,2004.93,2005.98,2003.5,2004.32,582.2699
1653952920000,2004.32,2005.0,2002.39,2002.48,1370.0593
1653952980000,2002.49,2002.49,1999.7,2000.62,786.6349
1653953040000,2000.63,2001.6,1999.16,1999.17,368.6865
1653953100000,1999.17,2000.32,1998.25,1998.5,446.6527
1653953160000,1998.5,2002.37,1998.49,2000.96,484.5133
1653953220000,2000.96,2001.74,2000.26,2000.45,260.0201
1653953280000,2000.45,2002.1,2000.32,2000.66,343.1895
1653953340000,2000.66,2001.65,2000.32,2000.32,478.2983
1653953400000,2000.33,2000.38,1996.09,1996.14,1102.5021
1653953460000,1996.13,1996.14,1994.27,1995.29,585.2889
1653953520000,1995.3,1996.36,1994.18,1995.45,711.2127
1653953580000,1995.44,1996.57,1994.81,1995.17,399.0989
1653953640000,1995.18,1996.3,1992.68,1993.19,526.3892
1653953700000,1993.19,1995.96,1992.54,1994.62,798.8606
1653953760000,1994.62,1995.83,1993.28,1993.28,495.8475
1653953820000,1993.28,1995.9,1991.76,1992.97,1093.8341
1653953880000,1992.97,1995.15,1992.97,1993.27,526.5578
1653953940000,1993.28,1994.93,1992.97,1994.93,377.4167
1653954000000,1994.92,1997.91,1994.88,1995.1,580.2031
1653954060000,1995.1,1997.16,1994.8,1996.77,381.0647
1653954120000,1996.76,1996.78,1994.7,1994.71,440.8618
1653954180000,1994.71,1996.18,1993.49,1993.69,756.1656
1653954240000,1993.68,1995.63,1993.68,1995.21,452.9751
1653954300000,1995.22,1995.73,1993.46,1993.46,525.5713
1653954360000,1993.47,1993.84,1992.0,1993.64,415.6314
1653954420000,1993.64,1993.96,1992.12,1993.05,379.4631
1653954480000,1993.06,1993.43,1991.67,1992.91,350.2573
1653954540000,1992.91,1993.7,1992.59,1992.99,403.5934
1653954600000,1993.0,1993.52,1992.58,1993.51,112.6902
1653954660000,1993.51,1995.99,1993.51,1995.78,323.5741
1653954720000,1995.79,1998.16,1995.2,1998.15,647.7516
1653954780000,1998.15,1998.2,1992.23,1992.96,1256.2526
1653954840000,1992.97,1995.79,1992.96,1995.41,306.2113
1653954900000,1995.42,1998.65,1994.42,1998.07,910.871
1653954960000,1998.06,1999.17,1996.71,1996.71,609.3415
1653955020000,1996.72,2001.48,1996.71,2000.69,748.3988
1653955080000,2000.7,2001.48,2000.0,2000.09,383.818
1653955140000,2000.09,2000.09,1997.43,1998.78,393.6386
1653955200000,1998.78,1999.57,1996.18,1996.35,771.359
1653955260000,1996.35,1997.44,1995.39,1995.93,574.2885
1653955320000,1995.93,2001.36,1995.27,2000.11,902.8767
1653955380000,2000.11,2001.42,1999.1,1999.65,750.0544
1653955440000,1999.64,2004.33,1999.55,2002.35,800.6647
1653955500000,2002.35,2005.29,2001.87,2005.28,1581.8448
1653955560000,2005.28,2008.13,2004.64,2007.59,3509.4171
1653955620000,2007.6,2008.63,2006.35,2006.43,1909.8356
1653955680000,2006.42,2006.43,2002.0,2006.42,1306.8805
1653955740000,2006.43,2007.53,2005.84,2007.52,484.5876
1653955800000,2007.52,2012.1,2005.79,2012.09,1065.2729
1653955860000,2012.08,2016.45,2004.35,2004.35,2747.3301
1653955920000,2004.36,2004.36,1999.61,2001.75,1037.9893
1653955980000,2001.75,2002.29,1998.06,1998.11,1137.2494
1653956040000,1998.11,1998.77,1994.35,1995.48,1331.4391
1653956100000,1995.49,1996.96,1993.8,1995.53,766.6556
1653956160000,1995.53,1996.79,1994.47,1994.5,529.2691
1653956220000,1994.51,1996.24,1993.68,1994.84,513.5117
1653956280000,1994.84,1994.85,1993.3,1994.17,255.0181
1653956340000,1994.17,1994.66,1992.83,1993.56,613.6312
1653956400000,1993.55,1994.73,1992.54,1993.04,399.1036
1653956460000,1993.04,1993.05,1988.0,1991.45,1213.7044
1653956520000,1991.44,1992.87,1991.44,1991.53,535.228
1653956580000,1991.54,1995.22,1991.53,1993.78,346.7953
1653956640000,1993.78,1994.75,1993.55,1994.64,278.2233
1653956700000,1994.64,1996.01,1992.98,1993.49,447.0832
1653956760000,1993.5,1994.71,1993.05,1993.64,518.661
1653956820000,1993.64,1995.0,1992.69,1994.82,527.297
1653956880000,1994.81,1995.0,1993.4,1994.89,249.6536
1653956940000,1994.89,1996.59,1994.67,1995.41,631.196
1653957000000,1995.41,1995.9,1994.38,1994.44,233.5857
1653957060000,1994.44,1994.52,1992.02,1992.02,248.0913
1653957120000,1992.02,1992.23,1991.01,1992.22,397.8164
1653957180000,1992.23,1992.66,1990.0,1990.28,546.8295
1653957240000,1990.29,1990.6,1988.42,1988.43,919.2793
1653957300000,1988.43,1990.6,1987.82,1990.09,387.6054
1653957360000,1990.09,1992.17,1990.08,1991.15,251.2494
1653957420000,1991.15,1993.62,1991.14,1991.79,287.7812
1653957480000,1991.78,1992.87,1991.56,1992.18,451.568
1653957540000,1992.18,1993.48,1990.89,1991.95,340.0804
1653957600000,1991.95,1993.61,1991.46,1992.2,364.705
1653957660000,1992.19,1992.8,1992.19,1992.79,76.2205
1653957720000,1992.79,1992.88,1991.11,1991.12,174.9254
1653957780000,1991.11,1991.12,1989.57,1990.46,318.9052
1653957840000,1990.47,1990.47,1989.55,1989.64,115.2518
1653957900000,1989.64,1991.28,1989.44,1989.45,276.1288
1653957960000,1989.45,1989.45,1986.3,1987.82,649.7008
1653958020000,1987.82,1988.11,1983.21,1984.82,1616.8828
1653958080000,1984.83,1985.62,1982.88,1983.2,660.6213
1653958140000,1983.19,1986.49,1983.01,1983.02,779.5893
1653958200000,1983.02,1985.25,1980.01,1981.71,1871.0846
1653958260000,1981.7,1986.39,1981.7,1985.75,740.6647
1653958320000,1985.75,1991.27,1985.74,1990.84,1202.2028
1653958380000,1990.84,1993.2,1990.79,1991.68,808.239
1653958440000,1991.68,1995.87,1991.66,1993.89,1619.9039
1653958500000,1993.71,1994.67,1992.69,1993.42,506.5617
1653958560000,1993.41,1993.95,1991.55,1992.53,287.7558
1653958620000,1992.52,1994.28,1991.48,1993.69,544.88
1653958680000,1993.69,1994.24,1993.14,1993.41,193.2524
1653958740000,1993.42,1993.5,1991.91,1992.86,145.2335
1653958800000,1992.85,1992.94,1992.02,1992.02,88.2356
1653958860000,1992.02,1992.03,1988.71,1991.28,700.5662
1653958920000,1991.28,1991.28,1989.4,1989.44,559.8855
1653958980000,1989.44,1991.19,1989.43,1989.99,272.421
1653959040000,1989.98,1993.48,1988.85,1993.14,621.1995
1653959100000,1993.13,1993.14,1990.0,1990.01,271.1168
1653959160000,1990.01,1990.46,1989.0,1989.3,148.9639
1653959220000,1989.29,1990.84,1988.1,1990.42,306.274
1653959280000,1990.41,1991.89,1989.36,1989.36,517.7118
1653959340000,1989.37,1989.37,1988.1,1988.1,385.4409
1653959400000,1988.11,1989.71,1988.1,1989.62,191.6709
1653959460000,1989.62,1990.29,1989.47,1990.29,121.2177
1653959520000,1990.29,1991.35,1989.12,1991.35,241.8237
1653959580000,1991.35,1991.9,1990.78,1991.72,167.6858
1653959640000,1991.71,1991.72,1990.36,1991.51,200.0934
1653959700000,1991.52,1992.09,1988.88,1988.89,383.5425
1653959760000,1988.88,1988.89,1985.87,1985.88,711.743
1653959820000,1985.88,1987.66,1985.69,1987.14,514.9225
1653959880000,1987.13,1987.23,1985.16,1986.38,660.3231
1653959940000,1986.39,1987.88,1986.38,1986.68,225.2622
1653960000000,1986.68,1987.99,1986.68,1987.98,207.828
1653960060000,1987.98,1987.98,1985.95,1986.12,239.178
1653960120000,1986.11,1986.12,1984.35,1984.35,432.5873
1653960180000,1984.36,1985.56,1983.71,1984.9,368.0639
1653960240000,1984.9,1988.0,1984.45,1987.99,678.6137
1653960300000,1987.99,1991.77,1987.99,1990.35,865.5369
1653960360000,1990.35,1990.44,1989.09,1989.93,270.0225
1653960420000,1989.94,1990.4,1988.99,1988.99,51.5593
1653960480000,1989.0,1990.14,1988.37,1989.82,167.382
1653960540000,1989.81,1989.82,1988.37,1988.37,100.1245
1653960600000,1988.38,1992.21,1988.18,1989.18,723.4465
1653960660000,1989.18,1989.77,1986.61,1986.62,288.8922
1653960720000,1986.62,1987.27,1985.63,1985.99,331.5926
1653960780000,1985.99,1986.27,1985.09,1985.68,229.7268
1653960840000,1985.67,1986.17,1983.78,1984.41,377.5309
1653960900000,1984.4,1984.41,1982.85,1983.45,223.7745
1653960960000,1983.44,1983.45,1979.21,1980.01,477.3036
1653961020000,1980.01,1980.02,1976.72,1976.98,384.425
1653961080000,1976.98,1979.37,1976.55,1978.07,564.5929
1653961140000,1978.06,1981.0,1977.42,1980.99,382.706
1653961200000,1980.99,1982.09,1979.37,1981.71,357.6586
1653961260000,1981.71,1983.0,1981.19,1982.71,448.1291
1653961320000,1982.71,1983.17,1981.87,1982.08,291.3813
1653961380000,1982.08,1982.51,1979.63,1982.31,914.7965
1653961440000,1982.32,1985.0,1982.11,1984.32,250.3606
1653961500000,1984.32,1985.77,1984.31,1985.76,339.7836
1653961560000,1985.77,1987.33,1980.59,1984.44,1385.6555
1653961620000,1984.44,1986.31,1984.44,1986.12,379.976
1653961680000,1986.13,1986.71,1985.72,1986.42,280.6157
1653961740000,1986.42,1987.01,1985.01,1986.22,416.8346
1653961800000,1986.23,1986.53,1984.86,1984.87,157.1734
1653961860000,1984.86,1986.1,1984.86,1986.09,203.4692
1653961920000,1986.1,1986.35,1985.15,1986.34,198.5073
1653961980000,1986.34,1987.24,1985.75,1986.44,395.4205
1653962040000,1986.44,1986.98,1985.76,1986.29,271.0204
1653962100000,1986.28,1987.51,1985.28,1985.8,443.5232
1653962160000,1985.8,1986.23,1985.33,1986.03,122.243
1653962220000,1986.03,1986.76,1985.9,1986.76,166.7084
1653962280000,1986.75,1987.38,1986.75,1986.9,163.5835
1653962340000,1986.89,1986.9,1986.13,1986.59,126.8192
1653962400000,1986.59,1986.6,1985.0,1985.0,164.0752
1653962460000,1985.0,1986.57,1985.0,1985.71,116.8558
1653962520000,1985.71,1985.81,1985.55,1985.8,63.6928
1653962580000,1985.8,1987.54,1985.8,1987.54,265.0718
1653962640000,1987.53,1987.54,1985.0,1985.0,202.7463
1653962700000,1985.01,1985.89,1983.0,1983.0,349.3998
1653962760000,1983.01,1984.53,1981.71,1984.53,300.1982
1653962820000,1984.53,1986.65,1983.96,1986.36,412.5612
1653962880000,1986.35,1987.31,1986.0,1986.38,419.3166
1653962940000,1986.39,1987.84,1986.38,1987.73,322.5786
1653963000000,1987.72,1988.37,1987.01,1988.37,184.4995
1653963060000,1988.36,1990.82,1988.29,1990.58,399.4534
1653963120000,1990.59,1992.82,1990.05,1992.48,748.0566
1653963180000,1992.49,1992.98,1991.64,1992.97,447.1858
1653963240000,1992.98,1993.33,1992.42,1993.32,470.1121
1653963300000,1993.33,1993.49,1991.46,1991.46,314.0854
1653963360000,1991.46,1991.91,1990.05,1990.05,185.1736
1653963420000,1990.06,1990.51,1989.98,1990.5,115.6227
1653963480000,1990.51,1990.51,1989.04,1989.04,98.9068
1653963540000,1989.05,1989.28,1988.75,1989.18,95.035
1653963600000,1989.17,1990.64,1989.17,1989.87,148.3382
1653963660000,1989.86,1991.09,1989.86,1991.09,325.6838
1653963720000,1991.09,1991.25,1990.6,1990.92,254.3622
1653963780000,1990.92,1990.92,1989.53,1989.91,236.36
1653963840000,1989.91,1993.27,1989.9,1992.3,475.5689
1653963900000,1992.31,1992.31,1991.74,1992.11,180.3735
1653963960000,1992.12,1992.75,1991.53,1992.43,320.8301
1653964020000,1992.42,1993.0,1992.42,1992.44,188.9693
1653964080000,1992.44,1995.54,1992.43,1995.53,532.5745
1653964140000,1995.53,1997.58,1994.2,1997.12,404.7862
1653964200000,1997.11,1997.12,1992.49,1994.5,545.3115
1653964260000,1994.49,1994.5,1992.48,1992.88,294.6661
1653964320000,1992.88,1992.89,1991.91,1991.91,240.9744
1653964380000,1991.92,1992.67,1990.5,1990.51,255.7175
1653964440000,1990.51,1992.49,1990.11,1992.23,278.6717
1653964500000,1992.23,1994.3,1991.78,1993.87,402.4258
1653964560000,1993.87,1994.03,1993.11,1993.61,227.7136
1653964620000,1993.61,1993.63,1990.73,1991.06,464.6255
1653964680000,1991.06,1992.37,1990.42,1992.37,314.7375
1653964740000,1992.37,1992.84,1992.17,1992.82,321.8605
1653964800000,1992.82,1993.23,1992.72,1992.9,122.9905
1653964860000,1992.91,1992.91,1992.47,1992.47,72.6007
1653964920000,1992.47,1992.75,1990.4,1991.25,437.2612
1653964980000,1991.25,1993.21,1990.46,1993.21,301.6813
1653965040000,1993.21,1993.21,1991.86,1992.51,252.6311
1653965100000,1992.5,1995.33,1992.5,1995.33,398.898
1653965160000,1995.33,1995.88,1995.11,1995.12,168.9416
1653965220000,1995.12,1995.95,1994.14,1994.15,289.9215
1653965280000,1994.15,1997.9,1994.14,1996.98,1242.6005
1653965340000,1996.98,1996.98,1994.51,1994.86,323.3367
1653965400000,1994.85,1994.86,1994.0,1994.0,101.3702
1653965460000,1994.0,1994.43,1993.13,1994.18,498.5744
1653965520000,1994.18,1997.52,1993.29,1996.16,620.4625
1653965580000,1996.17,1997.21,1994.63,1995.21,351.9605
1653965640000,1995.22,1995.38,1994.11,1994.67,135.5345
1653965700000,1994.68,1994.68,1994.6,1994.6,47.0378
1653965760000,1994.6,1996.4,1994.52,1996.39,217.5189
1653965820000,1996.39,1999.9,1996.06,1997.23,589.0633
1653965880000,1997.23,1998.23,1997.07,1997.35,322.3616
1653965940000,1997.35,1997.43,1996.0,1996.26,129.0641
1653966000000,1996.26,1998.88,1996.09,1997.72,389.1573
1653966060000,1997.72,1997.72,1996.33,1996.34,133.4931
1653966120000,1996.34,1998.99,1994.93,1994.94,1004.5542
1653966180000,1994.94,1994.99,1994.32,1994.61,119.0147
1653966240000,1994.6,1996.08,1994.49,1996.07,178.9
1653966300000,1996.08,1999.3,1996.02,1998.68,387.0675
1653966360000,1998.68,1998.99,1996.59,1997.43,468.7314
1653966420000,1997.44,1998.44,1997.09,1998.15,561.5861
1653966480000,1998.15,1998.76,1997.51,1997.68,282.1397
1653966540000,1997.68,1999.99,1997.52,1999.43,531.3925
1653966600000,1999.43,1999.44,1998.35,1998.83,224.9423
1653966660000,1998.83,1999.45,1998.28,1998.28,244.1846
1653966720000,1998.29,1999.1,1996.56,1998.72,521.8912
1653966780000,1998.71,1998.86,1997.1,1998.85,288.1282
1653966840000,1998.86,2003.45,1998.26,2002.93,735.1608
1653966900000,2002.93,2003.22,2001.29,2001.6,483.6561
1653966960000,2001.61,2002.11,2000.19,2000.82,677.1624
1653967020000,2000.82,2000.83,1999.28,1999.37,97.685
1653967080000,1999.37,1999.38,1995.97,1995.97,658.2938
1653967140000,1995.98,1996.07,1994.5,1996.07,339.3048
1653967200000,1996.06,1998.25,1994.22,1994.22,503.8857
1653967260000,1994.23,1995.22,1994.14,1994.83,578.283
1653967320000,1994.82,1995.45,1994.0,1995.01,315.0228
1653967380000,1995.0,1995.68,1995.0,1995.05,156.2078
1653967440000,1995.06,1996.12,1994.94,1995.11,265.4697
1653967500000,1995.12,1996.21,1993.0,1995.32,1782.8848
1653967560000,1995.33,1995.46,1991.84,1992.03,1630.4636
1653967620000,1992.03,1993.59,1992.02,1992.22,299.9563
1653967680000,1992.22,1994.49,1992.21,1993.47,395.5231
1653967740000,1993.47,1994.03,1993.06,1993.07,292.5381
1653967800000,1993.06,1993.07,1990.28,1992.44,811.6894
1653967860000,1992.43,1992.98,1988.66,1989.04,850.8949
1653967920000,1989.04,1989.85,1988.92,1989.0,206.3411
1653967980000,1989.0,1990.21,1988.75,1990.1,299.8295
1653968040000,1990.1,1990.21,1989.14,1989.67,150.6105
1653968100000,1989.67,1990.24,1988.79,1989.17,301.5984
1653968160000,1989.17,1989.18,1986.48,1986.48,646.1666
1653968220000,1986.49,1988.74,1986.48,1988.56,541.1928
1653968280000,1988.56,1988.65,1987.34,1988.0,260.2822
1653968340000,1987.99,1990.25,1987.99,1990.05,205.1807
1653968400000,1990.06,1990.06,1988.98,1988.99,290.8185
1653968460000,1988.99,1990.63,1988.98,1990.24,417.4902
1653968520000,1990.24,1992.66,1989.82,1992.66,598.8745
1653968580000,1992.65,1992.67,1990.73,1990.88,408.9678
1653968640000,1990.88,1991.17,1990.52,1991.17,154.3436
1653968700000,1991.17,1992.3,1989.61,1991.98,353.4107
1653968760000,1991.98,1993.28,1991.89,1992.61,238.2213
1653968820000,1992.64,1992.78,1992.54,1992.61,83.6328
1653968880000,1992.62,1998.54,1992.61,1994.68,2061.4085
1653968940000,1994.68,1996.95,1994.13,1995.38,642.4435
1653969000000,1995.38,1996.29,1995.38,1995.85,200.0196
1653969060000,1995.84,1996.45,1994.73,1995.02,191.3204
1653969120000,1995.01,1995.22,1994.29,1994.65,184.2653
1653969180000,1994.65,1994.88,1991.02,1991.45,557.8812
1653969240000,1991.45,1992.96,1991.21,1992.35,257.5165
1653969300000,1992.35,1994.69,1992.34,1994.43,355.9823
1653969360000,1994.43,1995.34,1994.42,1995.13,182.9646
1653969420000,1995.13,1995.13,1993.0,1993.08,177.6672
1653969480000,1993.09,1995.03,1993.08,1995.03,219.0718
1653969540000,1995.02,1995.03,1994.51,1994.51,101.1952
1653969600000,1994.51,1995.0,1992.78,1992.79,459.4735
1653969660000,1992.78,1993.7,1992.75,1993.7,243.0038
1653969720000,1993.69,1994.17,1991.43,1991.44,178.8071
1653969780000,1991.44,1994.27,1991.43,1992.44,774.385
1653969840000,1992.44,1992.56,1992.21,1992.5,95.6501
1653969900000,1992.5,1993.96,1991.31,1991.84,642.8384
1653969960000,1991.84,1992.23,1990.76,1991.36,392.8563
1653970020000,1991.36,1991.36,1989.66,1989.66,97.551
1653970080000,1989.67,1989.75,1987.83,1987.83,545.3429
1653970140000,1987.91,1992.87,1987.75,1992.86,734.0705
1653970200000,1992.86,1994.93,1992.43,1994.26,734.5683
1653970260000,1994.26,1994.33,1993.16,1993.16,176.8951
1653970320000,1993.17,1994.33,1992.13,1994.32,525.6353
1653970380000,1994.32,1996.01,1994.13,1995.38,250.6781
1653970440000,1995.38,1996.24,1995.37,1996.19,323.6521
1653970500000,1996.2,1996.2,1994.17,1994.17,132.6146
1653970560000,1994.18,1995.08,1994.17,1994.79,99.0196
1653970620000,1994.79,1994.8,1994.28,1994.28,86.8578
1653970680000,1994.29,1994.82,1993.87,1994.81,244.1459
1653970740000,1994.82,1995.13,1993.8,1993.81,314.1612
1653970800000,1993.81,1993.81,1993.45,1993.54,104.5971
1653970860000,1993.54,1993.71,1992.76,1992.76,143.6555
1653970920000,1992.77,1995.0,1992.76,1995.0,313.5601
1653970980000,1995.0,1995.0,1993.57,1994.32,346.3877
1653971040000,1994.32,1994.55,1992.97,1994.54,298.4485
1653971100000,1994.55,1994.67,1994.09,1994.34,139.6702
1653971160000,1994.33,1994.34,1993.63,1993.98,212.92
1653971220000,1993.98,1994.05,1993.64,1994.0,135.1938
1653971280000,1994.0,1994.01,1993.65,1993.99,109.536
1653971340000,1994.0,1994.05,1993.3,1993.67,302.5109
1653971400000,1993.67,1994.76,1993.53,1993.68,386.0734
1653971460000,1993.68,1994.38,1993.68,1993.71,170.4415
1653971520000,1993.71,1993.71,1993.31,1993.31,109.9389
1653971580000,1993.31,1994.28,1993.31,1994.0,152.938
1653971640000,1993.97,1995.74,1993.91,1995.34,450.8927
1653971700000,1995.34,1995.72,1994.2,1995.71,255.31
1653971760000,1995.72,1996.13,1994.9,1994.9,187.1199
1653971820000,1994.9,1994.91,1992.31,1992.51,303.6322
1653971880000,1992.51,1992.96,1990.42,1990.42,630.2521
1653971940000,1990.42,1992.18,1990.02,1990.34,553.1571
1653972000000,1990.34,1990.35,1986.61,1986.68,550.8022
1653972060000,1986.67,1988.5,1986.57,1986.8,263.1921
1653972120000,1986.79,1987.35,1984.15,1984.82,552.592
1653972180000,1984.81,1985.27,1984.29,1984.3,181.0716
1653972240000,1984.3,1985.73,1984.25,1984.8,244.0151
1653972300000,1984.8,1984.94,1984.3,1984.76,156.478
1653972360000,1984.76,1986.2,1984.76,1985.59,206.5816
1653972420000,1985.6,1987.97,1985.59,1986.23,172.9115
1653972480000,1986.22,1986.23,1985.73,1986.19,152.255
1653972540000,1986.2,1986.2,1985.93,1986.19,92.4239
1653972600000,1986.2,1986.2,1985.71,1986.19,69.5342
1653972660000,1986.19,1989.44,1986.19,1987.8,526.4755
1653972720000,1987.8,1987.84,1986.08,1986.91,208.5412
1653972780000,1986.9,1988.31,1986.57,1987.83,253.0861
1653972840000,1987.83,1988.31,1987.13,1987.65,239.2515
1653972900000,1987.66,1987.66,1986.72,1987.05,194.1161
1653972960000,1987.05,1988.24,1987.02,1987.29,200.2496
1653973020000,1987.29,1987.29,1985.32,1985.35,240.3816
1653973080000,1985.35,1985.35,1984.38,1984.38,366.4351
1653973140000,1984.38,1984.89,1983.36,1984.39,264.624
1653973200000,1984.38,1986.65,1984.38,1986.65,225.539
1653973260000,1986.64,1986.65,1984.58,1985.92,364.744
1653973320000,1985.91,1986.01,1984.72,1984.72,175.7486
1653973380000,1984.72,1984.82,1983.46,1984.81,268.4392
1653973440000,1984.82,1986.59,1984.81,1986.07,334.0023
1653973500000,1986.08,1986.57,1985.93,1986.45,108.3487
1653973560000,1986.46,1986.71,1986.38,1986.69,103.0697
1653973620000,1986.68,1986.69,1985.13,1985.14,135.6784
1653973680000,1985.13,1985.42,1984.7,1985.35,192.994
1653973740000,1985.34,1985.8,1983.39,1983.4,245.6407
1653973800000,1983.39,1983.4,1979.58,1979.98,687.2738
1653973860000,1979.98,1980.8,1979.03,1980.7,557.1696
1653973920000,1980.7,1982.92,1980.7,1982.58,345.0441
1653973980000,1982.58,1983.78,1982.58,1982.79,261.3981
1653974040000,1982.79,1983.97,1982.79,1983.19,267.8532
1653974100000,1983.19,1986.49,1982.68,1986.49,573.1144
1653974160000,1986.48,1988.27,1986.48,1987.33,457.476
1653974220000,1987.32,1987.33,1986.72,1987.07,114.287
1653974280000,1987.07,1988.0,1986.29,1986.3,359.9246
1653974340000,1986.31,1987.32,1986.01,1986.61,402.9732
1653974400000,1986.61,1987.24,1986.11,1987.23,224.9866
1653974460000,1987.23,1987.3,1986.06,1986.06,114.1693
1653974520000,1986.06,1987.29,1984.87,1986.9,404.1313
1653974580000,1986.9,1986.91,1985.59,1985.6,435.6418
1653974640000,1985.59,1987.9,1985.59,1987.11,447.0443
1653974700000,1987.11,1988.23,1987.08,1987.99,276.57
1653974760000,1987.99,1988.52,1984.8,1984.82,720.7383
1653974820000,1984.81,1986.43,1984.81,1986.41,343.5679
1653974880000,1986.41,1987.38,1985.63,1987.27,345.1068
1653974940000,1987.27,1987.67,1987.01,1987.36,187.8543
1653975000000,1987.35,1988.75,1985.16,1985.31,357.9316
1653975060000,1985.32,1985.32,1983.51,1983.51,429.1769
1653975120000,1983.51,1983.52,1978.42,1978.6,771.3509
1653975180000,1978.6,1983.71,1978.54,1982.21,928.8618
1653975240000,1982.21,1983.99,1982.21,1983.99,469.7363
1653975300000,1983.99,1984.59,1983.76,1983.77,320.4471
1653975360000,1983.76,1985.0,1983.5,1984.49,316.5688
1653975420000,1984.5,1984.6,1982.34,1982.34,307.2832
1653975480000,1982.35,1983.09,1980.79,1981.34,381.6775
1653975540000,1981.33,1981.4,1980.37,1980.38,140.4414
1653975600000,1980.38,1980.38,1979.64,1979.97,235.5958
1653975660000,1979.96,1982.93,1979.96,1982.76,372.5897
1653975720000,1982.77,1982.77,1980.46,1980.47,443.6187
1653975780000,1980.47,1980.6,1980.0,1980.28,150.0872
1653975840000,1980.27,1982.25,1979.59,1979.86,794.5029
1653975900000,1979.86,1979.86,1978.25,1979.79,549.9121
1653975960000,1979.79,1980.45,1979.46,1980.39,362.7099
1653976020000,1980.4,1981.99,1980.0,1980.0,570.8661
1653976080000,1980.01,1981.48,1979.66,1980.73,441.7626
1653976140000,1980.73,1980.73,1979.97,1980.59,312.6738
1653976200000,1980.59,1981.54,1980.25,1981.2,434.3918
1653976260000,1981.21,1981.77,1980.0,1981.55,754.1902
1653976320000,1981.55,1982.2,1979.68,1980.73,757.0208
1653976380000,1980.73,1983.04,1980.52,1982.5,879.9141
1653976440000,1982.51,1982.51,1980.35,1980.42,930.8397
1653976500000,1980.42,1982.4,1980.41,1981.23,539.8677
1653976560000,1981.23,1981.25,1980.59,1980.6,332.5073
1653976620000,1980.6,1980.95,1980.01,1980.02,220.9839
1653976680000,1980.01,1980.7,1979.87,1980.07,294.5372
1653976740000,1980.08,1980.08,1978.21,1978.21,315.0065
1653976800000,1978.22,1979.29,1977.24,1979.27,502.4833
1653976860000,1979.28,1979.59,1978.58,1978.73,403.8522
1653976920000,1978.72,1978.73,1977.22,1977.28,524.2279
1653976980000,1977.29,1979.15,1973.06,1978.63,2241.9647
1653977040000,1978.63,1978.63,1976.45,1977.32,1151.234
1653977100000,1977.32,1977.4,1976.34,1977.14,894.8199
1653977160000,1977.09,1980.01,1977.09,1978.16,1588.1365
1653977220000,1978.17,1978.67,1976.08,1977.04,1572.4443
1653977280000,1977.05,1978.97,1976.61,1976.62,1435.8908
1653977340000,1976.62,1977.65,1976.24,1977.0,1404.9779
1653977400000,1977.0,1977.95,1976.16,1977.81,1632.4937
1653977460000,1977.81,1978.69,1976.41,1977.23,1470.0928
1653977520000,1977.23,1977.4,1976.51,1976.52,356.114
1653977580000,1976.51,1976.52,1974.57,1975.23,483.3844
1653977640000,1975.23,1975.23,1973.38,1973.4,848.082
1653977700000,1973.4,1975.25,1972.64,1972.64,872.3834
1653977760000,1972.64,1973.59,1969.59,1970.51,1022.9534
1653977820000,1970.52,1970.52,1967.22,1968.31,1447.9183
1653977880000,1968.31,1970.94,1967.11,1967.2,484.8416
1653977940000,1967.2,1968.24,1966.45,1967.61,1510.0521
1653978000000,1967.61,1968.51,1966.65,1967.95,521.1357
1653978060000,1967.94,1969.44,1964.74,1965.73,837.9273
1653978120000,1965.73,1968.49,1965.72,1965.73,436.6467
1653978180000,1965.73,1967.67,1965.09,1966.51,1031.4726
1653978240000,1966.5,1967.0,1965.0,1966.8,648.7456
1653978300000,1966.8,1968.49,1966.67,1967.84,621.5882
1653978360000,1967.85,1971.0,1967.84,1968.85,768.0356
1653978420000,1968.86,1971.79,1968.85,1970.14,685.466
1653978480000,1970.15,1970.4,1968.46,1968.53,292.5127
1653978540000,1968.52,1970.47,1968.52,1970.37,246.481
1653978600000,1970.37,1972.62,1969.78,1972.45,507.0082
1653978660000,1972.44,1973.75,1971.38,1971.56,796.0348
1653978720000,1971.56,1972.09,1971.48,1971.9,184.7299
1653978780000,1971.9,1971.9,1970.26,1970.35,204.1375
1653978840000,1970.35,1971.64,1970.03,1970.03,447.169
1653978900000,1970.03,1970.06,1968.36,1968.42,231.8815
1653978960000,1968.43,1968.43,1966.0,1966.01,415.3987
1653979020000,1966.01,1966.2,1964.45,1965.28,575.9186
1653979080000,1965.28,1965.96,1961.63,1962.39,879.1432
1653979140000,1962.39,1963.6,1960.2,1960.97,1086.9924
1653979200000,1960.96,1963.71,1960.56,1963.4,510.4174
1653979260000,1963.41,1968.71,1963.18,1966.13,1645.3226
1653979320000,1966.13,1969.85,1965.57,1969.28,539.8729
1653979380000,1969.29,1972.15,1967.19,1970.5,866.9327
1653979440000,1970.51,1971.23,1969.58,1970.13,340.9348
1653979500000,1970.14,1972.66,1969.62,1972.28,1112.8234
1653979560000,1972.27,1973.45,1971.35,1971.39,686.6759
1653979620000,1971.39,1972.82,1971.39,1972.37,521.2008
1653979680000,1972.37,1973.99,1966.01,1966.93,1348.9018
1653979740000,1966.93,1968.91,1963.76,1965.24,575.9169
1653979800000,1965.24,1965.26,1962.75,1964.3,402.1816
1653979860000,1964.3,1967.61,1962.88,1966.3,568.5024
1653979920000,1966.3,1966.99,1965.0,1965.58,354.114
1653979980000,1965.59,1966.47,1963.93,1966.33,220.3462
1653980040000,1966.33,1966.34,1963.33,1964.28,352.0986
1653980100000,1964.28,1965.62,1962.71,1963.14,542.9158
1653980160000,1963.14,1964.43,1962.9,1964.04,413.1582
1653980220000,1964.03,1966.46,1963.85,1965.57,463.8028
1653980280000,1965.57,1969.62,1965.56,1968.84,497.2938
1653980340000,1968.85,1968.85,1966.23,1967.49,733.3434
1653980400000,1967.49,1969.05,1965.34,1968.89,621.5293
1653980460000,1968.89,1971.23,1967.48,1968.09,644.2273
1653980520000,1968.09,1970.58,1968.08,1969.49,352.7601
1653980580000,1969.49,1973.06,1969.0,1971.81,553.2637
1653980640000,1971.82,1973.11,1970.45,1971.19,1171.2049
1653980700000,1971.2,1973.69,1971.0,1972.78,474.2219
1653980760000,1972.77,1974.5,1971.42,1972.22,966.2449
1653980820000,1972.22,1972.78,1971.25,1972.0,426.1207
1653980880000,1972.0,1973.38,1972.0,1972.46,275.6894
1653980940000,1972.47,1973.33,1971.2,1973.33,259.6935
1653981000000,1973.33,1973.33,1972.12,1972.19,168.0123
1653981060000,1972.18,1973.6,1971.7,1971.71,248.1828
1653981120000,1971.7,1973.51,1970.46,1970.85,180.7108
1653981180000,1970.86,1971.55,1970.03,1970.46,144.6074
1653981240000,1970.46,1972.86,1970.3,1972.72,285.8572
1653981300000,1972.72,1972.72,1971.62,1971.75,177.94
1653981360000,1971.62,1972.19,1970.0,1970.0,116.7928
1653981420000,1970.0,1970.67,1969.5,1969.76,177.4164
1653981480000,1969.76,1969.97,1968.44,1968.88,158.9328
1653981540000,1968.88,1971.3,1968.88,1970.03,271.2086
1653981600000,1970.02,1972.36,1969.9,1971.7,151.61
1653981660000,1971.69,1976.36,1971.69,1975.11,695.8931
1653981720000,1975.11,1975.12,1972.4,1972.4,152.8643
1653981780000,1972.41,1973.98,1971.51,1971.52,224.9051
1653981840000,1971.52,1972.27,1969.99,1971.75,407.0292
1653981900000,1971.74,1973.42,1969.29,1972.63,507.1453
1653981960000,1972.63,1973.99,1972.45,1972.46,138.0315
1653982020000,1972.46,1972.74,1971.54,1972.0,353.8656
1653982080000,1972.01,1973.99,1971.89,1973.23,191.4755
1653982140000,1973.23,1974.4,1972.99,1973.09,159.8804
1653982200000,1973.09,1974.41,1971.94,1972.83,205.202
1653982260000,1972.83,1974.04,1972.0,1973.02,177.1171
1653982320000,1973.03,1974.07,1972.09,1972.16,130.5231
1653982380000,1972.17,1972.55,1971.95,1972.55,97.8916
1653982440000,1972.54,1972.55,1969.6,1969.61,122.8734
1653982500000,1969.61,1969.69,1968.3,1969.68,123.4225
1653982560000,1969.68,1969.69,1968.0,1969.35,126.3431
1653982620000,1969.36,1971.72,1969.35,1971.64,187.465
1653982680000,1971.65,1971.65,1969.91,1969.91,168.1985
1653982740000,1969.92,1970.48,1969.59,1969.96,123.9987
1653982800000,1969.95,1971.73,1969.65,1969.93,187.305
1653982860000,1969.92,1970.86,1969.86,1970.0,95.99
1653982920000,1970.0,1970.71,1968.98,1970.7,167.7354
1653982980000,1970.71,1970.71,1969.46,1969.82,208.7823
1653983040000,1969.82,1970.68,1969.55,1970.16,185.0744
1653983100000,1970.16,1970.17,1967.55,1967.57,207.2566
1653983160000,1967.56,1967.57,1965.07,1967.26,957.5074
1653983220000,1967.26,1967.26,1965.26,1965.27,208.6068
1653983280000,1965.27,1967.93,1965.26,1967.84,281.0859
1653983340000,1967.85,1967.85,1965.71,1965.85,443.2029
1653983400000,1965.85,1966.34,1965.29,1966.33,289.5662
1653983460000,1966.34,1967.74,1966.33,1967.5,239.9031
1653983520000,1967.5,1970.26,1967.5,1969.56,592.5363
1653983580000,1969.57,1970.22,1969.19,1970.11,147.4795
1653983640000,1970.11,1970.25,1969.15,1969.31,214.6346
1653983700000,1969.31,1971.29,1969.31,1971.29,267.4091
1653983760000,1971.28,1972.29,1970.62,1970.64,225.7586
1653983820000,1970.63,1972.3,1970.26,1970.34,489.5542
1653983880000,1970.34,1971.19,1970.34,1970.82,280.9136
1653983940000,1970.82,1971.33,1970.35,1970.35,322.0285
1653984000000,1970.36,1972.27,1970.35,1971.56,564.5253
1653984060000,1971.57,1973.49,1971.56,1972.02,617.5561
1653984120000,1972.03,1972.77,1970.89,1972.04,350.8478
1653984180000,1972.04,1972.04,1970.01,1970.02,262.4633
1653984240000,1970.01,1977.27,1970.01,1976.72,1247.2825
1653984300000,1976.73,1977.95,1973.66,1975.66,1087.5804
1653984360000,1975.65,1975.66,1971.65,1972.24,414.6184
1653984420000,1972.24,1972.43,1971.83,1971.86,194.9159
1653984480000,1971.86,1973.35,1971.61,1972.68,373.4715
1653984540000,1972.69,1973.43,1972.33,1973.16,142.7493
1653984600000,1973.17,1973.6,1972.4,1972.49,414.5321
1653984660000,1972.5,1973.33,1972.39,1972.51,77.6422
1653984720000,1972.5,1972.51,1970.38,1972.45,441.4113
1653984780000,1972.44,1972.45,1970.23,1970.88,631.96
1653984840000,1970.87,1972.82,1970.87,1971.24,359.0215
1653984900000,1971.23,1973.96,1971.23,1973.74,451.8511
1653984960000,1973.74,1973.74,1971.14,1971.63,578.3386
1653985020000,1971.63,1973.74,1971.63,1972.64,529.9076
1653985080000,1972.64,1973.99,1972.63,1973.91,239.9085
1653985140000,1973.91,1974.34,1973.42,1973.43,276.6822
1653985200000,1973.42,1973.66,1973.42,1973.5,126.1683
1653985260000,1973.5,1973.51,1972.56,1972.6,308.5054
1653985320000,1972.6,1973.1,1972.0,1973.07,175.6871
1653985380000,1973.06,1974.81,1972.68,1974.45,578.4088
1653985440000,1974.44,1974.45,1973.12,1973.21,117.5257
1653985500000,1973.21,1973.45,1972.47,1972.68,245.6118
1653985560000,1972.68,1974.11,1972.53,1973.99,336.2326
1653985620000,1973.99,1974.68,1973.98,1974.34,549.9816
1653985680000,1974.35,1974.47,1974.34,1974.47,96.0316
1653985740000,1974.47,1975.48,1974.23,1974.23,862.2194
1653985800000,1974.24,1974.34,1972.85,1973.41,232.5815
1653985860000,1973.4,1973.41,1972.34,1972.56,260.1637
1653985920000,1972.56,1973.37,1972.36,1972.67,230.9678
1653985980000,1972.68,1972.85,1972.58,1972.68,98.5248
1653986040000,1972.69,1972.87,1972.01,1972.86,209.9067
1653986100000,1972.86,1974.35,1972.41,1974.35,383.1593
1653986160000,1974.34,1974.64,1973.68,1974.18,413.0781
1653986220000,1974.18,1974.71,1973.93,1974.15,157.6316
1653986280000,1974.15,1974.18,1972.35,1972.67,340.5002
1653986340000,1972.67,1972.85,1972.45,1972.6,53.7247
1653986400000,1972.59,1974.04,1972.25,1972.62,251.8733
1653986460000,1972.61,1974.26,1972.43,1973.75,259.0828
1653986520000,1973.75,1974.35,1973.62,1974.34,104.9244
1653986580000,1974.35,1974.96,1974.34,1974.5,146.1679
1653986640000,1974.5,1975.07,1974.46,1974.74,122.8854
1653986700000,1974.75,1974.91,1973.62,1973.63,194.8441
1653986760000,1973.63,1973.63,1973.29,1973.4,74.8189
1653986820000,1973.39,1975.22,1973.39,1975.22,367.4712
1653986880000,1975.21,1975.83,1973.6,1974.0,375.9483
1653986940000,1974.0,1975.55,1973.4,1973.41,459.0233
1653987000000,1973.41,1974.48,1973.04,1974.01,438.2002
1653987060000,1974.0,1974.01,1973.63,1973.63,63.7432
1653987120000,1973.63,1974.04,1972.58,1972.59,510.0816
1653987180000,1972.59,1975.91,1970.64,1975.9,871.6485
1653987240000,1975.9,1985.0,1975.9,1978.68,2435.2618
1653987300000,1978.69,1978.69,1975.17,1975.22,362.3427
1653987360000,1975.22,1976.29,1974.0,1974.24,365.4653
1653987420000,1974.25,1974.94,1972.75,1974.93,415.6146
1653987480000,1974.94,1974.94,1970.9,1972.8,971.7562
1653987540000,1972.8,1972.82,1970.97,1971.48,166.8358
1653987600000,1971.48,1973.23,1971.07,1973.07,714.7445
1653987660000,1973.06,1973.08,1971.35,1971.77,587.288
1653987720000,1971.77,1971.78,1970.58,1970.91,199.9803
1653987780000,1970.91,1971.52,1969.36,1971.16,613.2299
1653987840000,1971.17,1971.74,1970.14,1970.35,236.9394
1653987900000,1970.35,1970.36,1967.6,1967.8,657.6642
1653987960000,1967.79,1967.96,1967.34,1967.53,325.9085
1653988020000,1967.52,1967.62,1967.0,1967.62,203.7798
1653988080000,1967.62,1967.62,1967.19,1967.52,158.7522
1653988140000,1967.52,1967.52,1966.37,1966.38,176.416
1653988200000,1966.37,1966.46,1965.11,1965.49,407.2341
1653988260000,1965.48,1965.49,1962.5,1964.07,937.5828
1653988320000,1964.07,1966.15,1963.81,1965.53,391.6327
1653988380000,1965.54,1967.67,1965.53,1967.2,289.5575
1653988440000,1967.21,1968.62,1967.2,1968.25,323.4031
1653988500000,1968.24,1968.25,1966.0,1966.79,414.1338
1653988560000,1966.78,1967.43,1966.03,1966.63,347.9901
1653988620000,1966.63,1966.8,1964.8,1965.45,385.0751
1653988680000,1965.44,1965.45,1961.23,1962.71,688.742
1653988740000,1962.71,1963.39,1961.27,1962.75,492.2655
1653988800000,1962.74,1964.15,1962.6,1963.64,383.5727
1653988860000,1963.64,1965.52,1962.91,1964.87,958.4647
1653988920000,1964.87,1966.55,1964.19,1965.46,682.9421
1653988980000,1965.47,1965.47,1961.49,1961.64,766.5711
1653989040000,1961.63,1962.59,1957.82,1960.26,1584.3511
1653989100000,1960.26,1963.85,1960.26,1963.85,666.469
1653989160000,1963.85,1966.16,1963.25,1965.66,413.8323
1653989220000,1965.66,1968.63,1965.66,1968.16,1357.5307
1653989280000,1968.16,1968.16,1965.91,1967.23,286.6732
1653989340000,1967.22,1968.34,1966.89,1968.07,266.9436
1653989400000,1968.08,1971.01,1966.91,1970.34,1768.4931
1653989460000,1970.35,1972.0,1970.04,1972.0,519.4512
1653989520000,1971.99,1972.0,1969.95,1971.31,669.7002
1653989580000,1971.31,1971.7,1969.95,1969.95,278.1843
1653989640000,1969.96,1969.96,1967.6,1968.06,198.9085
1653989700000,1968.06,1968.06,1964.09,1964.62,363.9728
1653989760000,1964.63,1966.22,1963.49,1964.02,1394.4381
1653989820000,1964.02,1964.5,1962.6,1962.6,1637.4118
1653989880000,1962.6,1962.83,1961.39,1961.7,337.1263
1653989940000,1961.7,1964.13,1961.42,1963.61,599.1849
1653990000000,1963.61,1965.4,1962.84,1962.85,475.0579
1653990060000,1962.84,1964.19,1962.48,1963.41,599.5573
1653990120000,1963.4,1965.51,1962.21,1964.17,972.0569
1653990180000,1964.17,1965.85,1963.64,1963.64,634.3359
1653990240000,1963.65,1964.99,1963.52,1963.84,555.9215
1653990300000,1963.83,1965.52,1963.09,1965.52,549.07
1653990360000,1965.52,1966.78,1964.57,1965.95,272.0747
1653990420000,1965.94,1967.0,1964.45,1964.93,483.0157
1653990480000,1964.93,1965.07,1963.8,1963.81,88.8813
1653990540000,1963.81,1965.38,1963.8,1965.23,132.0706
1653990600000,1965.23,1967.0,1965.15,1966.6,269.2646
1653990660000,1966.6,1966.6,1965.53,1965.75,218.5789
1653990720000,1965.75,1965.75,1964.43,1965.01,246.3447
1653990780000,1965.01,1966.84,1964.56,1965.04,330.3884
1653990840000,1965.05,1965.05,1964.59,1964.78,56.1061
1653990900000,1964.77,1964.78,1962.8,1963.71,277.8806
1653990960000,1963.71,1964.76,1963.63,1964.23,480.3689
1653991020000,1964.22,1964.77,1961.86,1964.77,619.6505
1653991080000,1964.76,1968.22,1964.47,1967.16,371.5355
1653991140000,1967.15,1967.99,1965.46,1965.74,477.4251
1653991200000,1965.74,1968.39,1965.42,1967.97,628.1628
1653991260000,1967.97,1968.56,1967.18,1967.57,332.5936
1653991320000,1967.57,1968.37,1967.56,1967.79,226.2709
1653991380000,1967.78,1968.49,1966.49,1966.54,757.1949
1653991440000,1966.54,1966.55,1963.98,1963.99,363.5362
1653991500000,1963.99,1963.99,1962.42,1963.15,235.4359
1653991560000,1963.15,1964.32,1962.29,1962.82,289.3135
1653991620000,1962.82,1964.63,1962.62,1963.19,365.3106
1653991680000,1963.19,1968.17,1963.18,1968.17,204.8037
1653991740000,1968.16,1970.06,1968.16,1969.99,421.4059
1653991800000,1969.98,1970.22,1969.09,1970.01,611.8809
1653991860000,1970.0,1971.61,1970.0,1970.36,427.3217
1653991920000,1970.36,1973.91,1970.35,1972.89,680.6324
1653991980000,1972.9,1973.53,1971.8,1972.77,613.0579
1653992040000,1972.78,1973.54,1972.25,1972.69,357.4465
1653992100000,1972.7,1975.79,1971.13,1975.72,1193.866
1653992160000,1975.72,1975.73,1973.59,1974.48,478.6489
1653992220000,1974.48,1974.48,1972.75,1972.94,196.3129
1653992280000,1972.94,1974.31,1972.1,1972.27,743.9155
1653992340000,1972.26,1972.27,1970.72,1970.82,379.2077
1653992400000,1970.81,1971.67,1970.3,1970.44,200.3809
1653992460000,1970.43,1971.97,1970.2,1970.23,427.7675
1653992520000,1970.24,1971.46,1970.13,1971.17,169.4178
1653992580000,1971.18,1972.75,1970.69,1971.37,369.9591
1653992640000,1971.36,1972.5,1971.36,1972.49,179.2344
1653992700000,1972.5,1972.57,1972.05,1972.05,83.7661
1653992760000,1972.05,1972.92,1971.26,1972.79,334.1385
1653992820000,1972.79,1972.88,1971.67,1971.68,110.1013
1653992880000,1971.67,1972.8,1970.34,1971.33,1539.6608
1653992940000,1971.33,1971.37,1967.23,1969.69,1202.5755
1653993000000,1969.7,1972.05,1969.69,1971.58,538.1064
1653993060000,1971.58,1972.99,1971.08,1971.09,1125.4251
1653993120000,1971.08,1971.09,1970.0,1970.02,235.3344
1653993180000,1970.02,1970.02,1968.85,1969.24,303.7563
1653993240000,1969.25,1969.55,1968.85,1969.29,85.2481
1653993300000,1969.3,1969.3,1968.36,1968.46,90.0874
1653993360000,1968.46,1969.21,1968.46,1968.68,185.5232
1653993420000,1968.69,1969.53,1968.58,1969.51,137.5084
1653993480000,1969.52,1971.28,1968.96,1971.27,429.1767
1653993540000,1971.27,1972.39,1971.27,1972.19,427.1128
1653993600000,1972.2,1973.38,1972.19,1973.08,218.9773
1653993660000,1973.08,1973.31,1972.67,1972.67,127.3567
1653993720000,1972.67,1973.96,1972.48,1973.27,501.9525
1653993780000,1973.28,1973.28,1972.53,1972.53,147.4141
1653993840000,1972.53,1973.74,1972.53,1973.5,622.2878
1653993900000,1973.5,1975.85,1972.94,1975.15,509.4328
1653993960000,1975.16,1975.16,1972.53,1972.87,776.8207
1653994020000,1972.86,1972.87,1970.21,1971.05,663.71
1653994080000,1971.04,1971.53,1970.63,1971.31,235.9671
1653994140000,1971.31,1972.01,1971.3,1972.0,87.1958
1653994200000,1972.01,1972.01,1971.74,1971.74,56.4456
1653994260000,1971.74,1974.06,1971.57,1974.06,491.1779
1653994320000,1974.06,1974.06,1972.51,1973.12,195.0494
1653994380000,1973.12,1973.13,1971.18,1971.18,119.8841
1653994440000,1971.19,1972.32,1971.0,1972.32,191.5147
1653994500000,1972.31,1972.81,1971.0,1971.32,271.6841
1653994560000,1971.32,1972.13,1971.21,1971.21,84.9748
1653994620000,1971.22,1972.48,1971.21,1972.47,180.3475
1653994680000,1972.48,1972.65,1972.02,1972.35,127.8152
1653994740000,1972.35,1973.76,1970.41,1973.15,783.9206
1653994800000,1973.16,1974.1,1972.41,1973.88,263.8132
1653994860000,1973.88,1974.56,1973.83,1974.55,98.8122
1653994920000,1974.55,1974.55,1973.08,1973.64,401.6084
1653994980000,1973.8,1975.33,1973.62,1975.31,214.8764
1653995040000,1975.31,1978.75,1975.31,1978.53,593.2402
1653995100000,1978.52,1979.97,1978.01,1979.91,606.1563
1653995160000,1979.9,1980.0,1978.47,1979.33,323.5134
1653995220000,1979.32,1983.79,1979.01,1983.09,1077.147
1653995280000,1983.09,1983.47,1982.36,1982.51,535.1809
1653995340000,1982.51,1983.75,1982.07,1982.89,503.1219
1653995400000,1982.88,1983.59,1981.8,1982.62,522.3239
1653995460000,1982.63,1982.87,1980.64,1980.65,305.3241
1653995520000,1980.65,1980.65,1977.32,1978.74,857.7327
1653995580000,1978.74,1978.74,1977.07,1977.35,323.7445
1653995640000,1977.35,1977.43,1976.67,1977.1,411.8615
1653995700000,1977.1,1977.16,1975.46,1975.71,332.0444
1653995760000,1975.72,1975.72,1974.98,1974.98,179.0135
1653995820000,1974.98,1974.98,1974.2,1974.22,364.2855
1653995880000,1974.22,1975.14,1974.13,1974.48,207.2073
1653995940000,1974.48,1976.06,1974.27,1976.06,303.3922
1653996000000,1976.06,1977.66,1976.06,1977.65,187.1365
1653996060000,1977.64,1977.65,1976.39,1976.39,166.038
1653996120000,1976.39,1976.75,1975.79,1976.27,213.9539
1653996180000,1976.26,1976.84,1976.26,1976.55,103.8685
1653996240000,1976.54,1978.32,1976.44,1977.89,153.1806
1653996300000,1977.88,1981.07,1977.5,1981.06,299.6715
1653996360000,1981.07,1981.07,1979.79,1980.13,246.934
1653996420000,1980.13,1980.87,1979.82,1980.26,299.0781
1653996480000,1980.26,1983.64,1980.26,1983.29,775.8873
1653996540000,1983.28,1985.08,1983.28,1984.96,485.44
1653996600000,1984.95,1984.97,1981.64,1981.64,396.9572
1653996660000,1981.65,1983.0,1981.19,1982.83,304.1839
1653996720000,1982.83,1982.89,1981.49,1981.68,163.0299
1653996780000,1981.68,1983.94,1981.67,1982.52,498.3679
1653996840000,1982.53,1983.0,1981.63,1982.02,490.2962
1653996900000,1982.03,1983.78,1981.81,1983.59,336.2553
1653996960000,1983.59,1984.94,1982.83,1983.93,521.3188
1653997020000,1983.93,1984.28,1983.11,1983.28,180.1486
1653997080000,1983.28,1984.08,1981.86,1983.62,349.8585
1653997140000,1983.62,1984.43,1982.41,1982.41,577.0027
1653997200000,1982.41,1983.89,1982.06,1982.16,642.8804
1653997260000,1982.15,1982.18,1981.0,1982.18,268.1873
1653997320000,1982.17,1982.18,1981.28,1981.74,200.4486
1653997380000,1981.75,1982.17,1981.59,1981.93,246.8775
1653997440000,1981.93,1981.94,1980.88,1981.49,174.1864
1653997500000,1981.48,1982.69,1981.48,1982.22,220.4585
1653997560000,1982.22,1982.22,1980.3,1980.3,170.0376
1653997620000,1980.31,1980.31,1978.03,1978.27,439.9198
1653997680000,1978.28,1978.59,1976.22,1977.64,766.2078
1653997740000,1977.65,1977.65,1974.83,1976.31,633.064
1653997800000,1976.31,1977.38,1975.46,1977.38,387.8832
1653997860000,1977.38,1977.86,1977.16,1977.7,226.9846
1653997920000,1977.69,1978.8,1977.16,1978.32,257.6805
1653997980000,1978.33,1979.0,1977.65,1977.65,227.3615
1653998040000,1977.65,1978.42,1977.65,1978.41,167.5303
1653998100000,1978.41,1978.42,1977.66,1978.4,143.1592
1653998160000,1978.4,1978.4,1977.69,1978.01,149.2129
1653998220000,1978.0,1978.34,1977.82,1977.83,101.8659
1653998280000,1977.84,1978.49,1977.83,1978.21,62.6178
1653998340000,1978.21,1978.78,1978.2,1978.59,130.0283
1653998400000,1978.58,1978.67,1977.69,1977.71,212.8851
1653998460000,1977.71,1977.71,1976.05,1977.34,289.7763
1653998520000,1977.33,1977.73,1974.68,1974.69,618.0341
1653998580000,1974.7,1976.43,1974.64,1976.43,314.6661
1653998640000,1976.43,1976.43,1974.89,1975.53,332.0178
1653998700000,1975.54,1975.54,1974.35,1974.62,146.0817
1653998760000,1974.63,1974.99,1973.19,1973.84,457.0149
1653998820000,1973.84,1975.03,1973.76,1975.03,455.545
1653998880000,1975.03,1975.03,1973.72,1973.72,167.6234
1653998940000,1973.73,1974.34,1973.21,1973.99,248.4702
1653999000000,1973.99,1974.79,1973.71,1974.02,196.681
1653999060000,1974.03,1974.27,1974.02,1974.25,168.6272
1653999120000,1974.25,1975.46,1974.25,1974.53,213.06
1653999180000,1974.54,1976.03,1974.46,1976.03,557.568
1653999240000,1976.02,1977.17,1976.02,1976.75,343.5587
1653999300000,1976.74,1976.75,1975.15,1975.31,314.1809
1653999360000,1975.32,1977.0,1974.92,1976.41,200.5389
1653999420000,1976.42,1977.77,1976.11,1977.51,296.6063
1653999480000,1977.5,1980.12,1977.5,1979.73,586.706
1653999540000,1979.82,1980.35,1979.61,1979.74,168.9484
1653999600000,1979.74,1979.74,1979.04,1979.44,120.9394
1653999660000,1979.45,1979.45,1977.24,1977.24,203.6958
1653999720000,1977.25,1977.25,1973.0,1973.0,313.2517
1653999780000,1973.01,1973.01,1970.22,1970.55,1120.0239
1653999840000,1970.55,1971.31,1968.75,1969.69,714.3484
1653999900000,1969.68,1969.88,1965.81,1967.82,837.2319
1653999960000,1967.81,1969.14,1967.22,1968.55,424.9456
1654000020000,1968.55,1968.68,1966.64,1968.41,533.8429
1654000080000,1968.41,1969.33,1968.08,1968.44,297.7318
1654000140000,1968.44,1969.86,1967.89,1969.6,219.7095
1654000200000,1969.6,1969.69,1968.28,1969.59,817.5458
1654000260000,1969.6,1971.09,1968.73,1971.08,660.0581
1654000320000,1971.08,1971.11,1970.43,1970.98,296.5395
1654000380000,1970.99,1971.01,1967.77,1968.95,450.9261
1654000440000,1968.96,1969.66,1968.24,1968.24,230.816
1654000500000,1968.25,1969.44,1968.12,1968.14,321.6228
1654000560000,1968.13,1968.92,1964.2,1964.21,599.9346
1654000620000,1964.2,1964.65,1962.18,1963.72,863.7056
1654000680000,1963.72,1965.7,1963.71,1964.63,874.4044
1654000740000,1964.64,1967.06,1964.57,1967.05,333.255
1654000800000,1967.06,1967.06,1963.35,1963.36,311.4792
1654000860000,1963.35,1965.94,1962.73,1965.66,474.344
1654000920000,1965.65,1965.66,1963.59,1964.5,507.6107
1654000980000,1964.5,1964.77,1962.05,1963.28,339.6356
1654001040000,1963.28,1963.34,1962.18,1962.69,226.8138
1654001100000,1962.69,1964.81,1962.0,1963.36,526.9666
1654001160000,1963.35,1964.79,1963.35,1964.32,210.5583
1654001220000,1964.32,1965.99,1964.32,1964.78,411.9128
1654001280000,1964.78,1965.88,1962.55,1963.47,424.7443
1654001340000,1963.47,1963.49,1962.25,1963.32,201.628
1654001400000,1963.31,1964.98,1962.42,1963.57,390.4332
1654001460000,1963.57,1964.19,1962.26,1963.27,640.2817
1654001520000,1963.27,1964.32,1962.64,1963.45,333.2671
1654001580000,1963.46,1963.46,1959.31,1961.14,695.6452
1654001640000,1961.15,1961.37,1959.57,1960.06,875.8459
1654001700000,1960.07,1961.4,1959.56,1961.29,746.377
1654001760000,1961.28,1961.9,1960.3,1960.36,376.6971
1654001820000,1960.35,1961.65,1960.35,1961.33,373.4489
1654001880000,1961.34,1961.75,1960.15,1961.56,446.5911
1654001940000,1961.55,1964.92,1960.82,1963.84,1847.6373
1654002000000,1963.85,1967.39,1963.56,1967.39,916.813
1654002060000,1967.38,1970.46,1967.11,1968.52,760.1635
1654002120000,1968.53,1971.33,1968.52,1969.7,1037.4084
1654002180000,1969.7,1969.7,1967.89,1968.79,331.3679
1654002240000,1968.78,1969.18,1967.34,1967.35,160.4796
1654002300000,1967.35,1973.93,1967.34,1972.98,1085.6087
1654002360000,1972.98,1972.99,1970.73,1970.75,207.7856
1654002420000,1970.75,1970.82,1969.65,1970.41,290.9388
1654002480000,1970.41,1970.7,1969.65,1969.95,160.0439
1654002540000,1969.95,1970.0,1969.23,1969.91,130.233
1654002600000,1969.99,1970.9,1968.68,1968.68,228.6481
1654002660000,1968.69,1969.79,1968.05,1969.78,308.6806
1654002720000,1969.78,1969.94,1968.95,1969.6,153.6705
1654002780000,1969.61,1973.34,1968.23,1972.0,476.9235
1654002840000,1971.99,1974.52,1971.86,1973.18,461.5495
1654002900000,1973.18,1974.8,1972.65,1974.46,1132.1322
1654002960000,1974.47,1974.84,1972.71,1972.91,393.5541
1654003020000,1972.92,1972.92,1970.11,1970.83,275.7304
1654003080000,1970.83,1972.89,1970.54,1970.89,637.0465
1654003140000,1970.9,1972.62,1970.5,1971.16,627.5997
1654003200000,1971.16,1972.34,1970.49,1971.33,392.3933
1654003260000,1971.34,1973.75,1971.33,1972.19,596.097
1654003320000,1972.2,1976.54,1972.19,1975.79,1410.7311
1654003380000,1975.79,1975.8,1973.93,1974.84,545.305
1654003440000,1974.85,1974.85,1972.0,1973.5,1141.919
1654003500000,1973.5,1975.99,1973.13,1975.97,764.6442
1654003560000,1975.98,1976.18,1973.94,1975.16,942.4543
1654003620000,1975.16,1977.72,1974.82,1977.41,749.7234
1654003680000,1977.41,1978.93,1976.89,1978.92,323.0085
1654003740000,1978.93,1988.81,1978.5,1983.05,3473.1038
1654003800000,1983.05,1983.48,1975.08,1975.72,1393.2257
1654003860000,1975.26,1976.0,1968.3,1971.92,1407.8878
1654003920000,1971.91,1972.0,1960.33,1964.09,1468.8099
1654003980000,1964.09,1964.25,1953.0,1958.8,3596.5527
1654004040000,1958.8,1960.0,1955.74,1955.91,1844.8173
1654004100000,1955.91,1960.7,1955.27,1957.33,2571.3881
1654004160000,1957.33,1961.18,1956.31,1958.32,1500.8557
1654004220000,1958.33,1958.94,1954.65,1955.58,2012.5672
1654004280000,1955.59,1956.86,1950.36,1951.85,2105.0394
1654004340000,1951.84,1954.93,1950.53,1950.54,1738.8849
1654004400000,1950.53,1950.54,1937.01,1940.06,5722.725
1654004460000,1940.05,1945.31,1935.63,1940.38,3383.2033
1654004520000,1940.38,1943.96,1938.18,1939.14,2422.1361
1654004580000,1939.13,1941.9,1937.67,1939.12,2016.4058
1654004640000,1939.12,1943.99,1939.01,1943.57,2325.1269
1654004700000,1943.57,1950.91,1943.16,1949.19,1677.3115
1654004760000,1949.2,1949.87,1946.62,1948.82,908.0597
1654004820000,1948.82,1951.0,1947.22,1948.5,1081.4287
1654004880000,1948.49,1949.99,1942.95,1942.98,1194.0208
1654004940000,1942.98,1946.0,1936.22,1936.71,1728.9027
1654005000000,1936.71,1943.82,1936.23,1942.75,1485.1985
1654005060000,1942.84,1943.79,1940.06,1940.6,1686.5705
1654005120000,1940.61,1943.15,1938.87,1938.87,858.0787
1654005180000,1938.87,1941.51,1938.76,1941.35,1215.636
1654005240000,1941.36,1944.78,1939.23,1943.28,1298.0861
1654005300000,1943.29,1946.45,1942.62,1945.67,1025.7538
1654005360000,1945.67,1948.67,1945.46,1947.86,1065.8362
1654005420000,1947.85,1949.35,1945.23,1945.3,783.7813
1654005480000,1945.3,1946.87,1942.47,1942.71,664.0967
1654005540000,1942.71,1945.89,1942.68,1944.49,568.3676
1654005600000,1944.5,1945.77,1941.25,1942.56,950.9868
1654005660000,1942.56,1942.66,1936.51,1938.02,1539.7893
1654005720000,1938.03,1941.54,1937.73,1940.54,1416.8099
1654005780000,1940.54,1941.26,1937.99,1938.74,958.4978
1654005840000,1938.73,1940.52,1934.1,1934.13,1436.5703
1654005900000,1934.13,1937.28,1934.06,1935.22,1168.0869
1654005960000,1935.23,1936.29,1930.09,1930.86,1541.455
1654006020000,1930.86,1937.3,1930.51,1935.45,1258.7898
1654006080000,1935.46,1939.81,1935.45,1935.61,1129.8532
1654006140000,1935.62,1938.15,1935.3,1935.54,986.8294
1654006200000,1935.54,1937.39,1935.04,1935.31,751.3821
1654006260000,1935.3,1936.58,1933.68,1935.34,970.8681
1654006320000,1935.34,1937.67,1935.23,1937.26,758.1846
1654006380000,1937.27,1940.81,1937.15,1938.69,1233.2489
1654006440000,1938.7,1943.96,1937.93,1943.96,832.2644
1654006500000,1943.96,1945.85,1943.06,1945.85,1510.4519
1654006560000,1945.85,1950.28,1945.1,1946.49,1647.289
1654006620000,1946.48,1954.29,1946.25,1951.39,1621.9129
1654006680000,1951.4,1954.47,1950.86,1952.35,985.1365
1654006740000,1952.26,1953.8,1950.58,1953.16,1182.7197
1654006800000,1953.16,1955.87,1953.02,1953.55,838.1353
1654006860000,1953.55,1958.13,1953.54,1958.12,1174.4805
1654006920000,1958.12,1958.57,1955.01,1956.13,1516.3858
1654006980000,1956.12,1956.13,1953.32,1953.92,755.2452
1654007040000,1953.92,1954.29,1952.66,1953.09,883.0611
1654007100000,1953.1,1953.9,1951.38,1951.38,510.2805
1654007160000,1951.39,1952.52,1949.72,1950.52,721.048
1654007220000,1950.53,1953.32,1950.52,1953.32,539.0598
1654007280000,1953.32,1956.03,1952.72,1952.82,800.9023
1654007340000,1952.82,1953.14,1950.84,1951.24,554.2114
1654007400000,1951.24,1955.81,1950.07,1955.2,658.663
1654007460000,1955.21,1961.53,1955.2,1957.29,1573.7071
1654007520000,1957.3,1959.27,1955.91,1956.74,1251.4236
1654007580000,1956.73,1957.75,1955.62,1955.93,292.7546
1654007640000,1955.93,1956.96,1954.67,1954.68,508.163
1654007700000,1954.68,1956.92,1954.08,1955.13,799.4613
1654007760000,1955.14,1956.91,1953.8,1954.19,521.5601
1654007820000,1954.19,1956.08,1953.19,1953.69,502.2055
1654007880000,1953.68,1956.43,1953.25,1955.33,616.3765
1654007940000,1955.33,1956.88,1955.22,1956.69,276.0274
1654008000000,1956.69,1960.0,1956.23,1959.99,749.956
1654008060000,1960.0,1961.52,1957.27,1957.6,773.9305
1654008120000,1957.61,1959.22,1956.25,1958.91,881.0624
1654008180000,1958.91,1959.89,1957.91,1958.66,530.2538
1654008240000,1958.66,1960.9,1958.65,1960.38,1065.8514
1654008300000,1960.39,1961.01,1958.48,1961.0,728.1899
1654008360000,1961.01,1966.55,1960.5,1965.27,1156.3558
1654008420000,1965.28,1965.28,1961.98,1963.11,593.2482
1654008480000,1963.11,1963.13,1960.65,1961.0,450.5008
1654008540000,1961.0,1961.3,1958.26,1958.91,538.5422
1654008600000,1958.91,1960.69,1958.05,1959.14,328.5716
1654008660000,1959.14,1960.92,1958.87,1959.13,326.4327
1654008720000,1959.12,1959.13,1957.68,1957.77,404.6797
1654008780000,1957.77,1961.0,1957.77,1959.67,556.3085
1654008840000,1959.67,1960.86,1959.47,1959.86,292.9081
1654008900000,1959.86,1960.77,1959.24,1959.36,213.6154
1654008960000,1959.36,1960.17,1958.38,1958.92,402.9866
1654009020000,1958.91,1960.2,1958.21,1958.56,318.1919
1654009080000,1958.55,1961.67,1958.21,1961.67,363.258
1654009140000,1961.67,1962.91,1961.2,1961.85,299.4114
1654009200000,1961.85,1964.01,1960.95,1962.63,695.137
1654009260000,1962.64,1964.14,1961.36,1962.03,435.078
1654009320000,1962.04,1962.82,1960.92,1961.12,426.7504
1654009380000,1961.11,1962.0,1958.71,1959.38,838.1599
1654009440000,1959.38,1960.84,1958.7,1960.3,285.3324
1654009500000,1960.29,1961.99,1958.16,1958.25,420.3296
1654009560000,1958.25,1958.27,1954.2,1954.99,629.847
1654009620000,1955.0,1955.71,1952.17,1954.28,856.1599
1654009680000,1954.08,1954.29,1951.0,1951.35,697.0735
1654009740000,1951.35,1953.9,1950.25,1952.09,954.926
1654009800000,1952.1,1954.91,1951.98,1953.84,366.2197
1654009860000,1953.84,1956.11,1953.47,1955.41,272.711
1654009920000,1955.41,1955.75,1953.45,1955.02,531.553
1654009980000,1955.03,1955.32,1953.4,1954.22,591.3715
1654010040000,1954.22,1954.22,1951.28,1951.6,815.9353
1654010100000,1951.59,1953.94,1949.82,1952.88,905.5213
1654010160000,1952.88,1953.61,1952.85,1953.09,284.0098
1654010220000,1953.09,1954.06,1952.5,1953.26,446.918
1654010280000,1953.26,1954.0,1952.94,1953.98,329.325
1654010340000,1953.98,1954.54,1952.58,1952.59,225.7387
1654010400000,1952.58,1953.27,1951.65,1952.24,364.3928
1654010460000,1952.25,1953.28,1952.2,1952.74,290.1008
1654010520000,1952.73,1955.21,1952.68,1955.21,336.6249
1654010580000,1955.21,1956.32,1953.8,1953.8,319.1694
1654010640000,1953.8,1953.81,1948.2,1948.75,354.9576
1654010700000,1948.75,1950.33,1945.73,1950.33,472.0068
1654010760000,1950.32,1954.02,1949.93,1953.4,757.7969
1654010820000,1953.41,1955.62,1952.65,1955.62,1712.3989
1654010880000,1955.61,1956.0,1955.25,1955.51,237.9254
1654010940000,1955.51,1956.88,1953.08,1953.09,420.1398
1654011000000,1953.09,1954.08,1949.07,1949.36,541.0481
1654011060000,1949.37,1951.49,1948.15,1950.77,635.6934
1654011120000,1950.77,1951.57,1949.43,1950.91,434.5556
1654011180000,1950.92,1951.67,1950.01,1950.63,244.1773
1654011240000,1950.63,1951.81,1949.3,1951.03,349.9519
1654011300000,1951.03,1951.04,1949.19,1949.22,407.3394
1654011360000,1949.23,1951.53,1948.72,1950.87,455.7668
1654011420000,1950.87,1953.32,1950.86,1952.22,520.2174
1654011480000,1952.22,1953.18,1951.58,1952.96,253.169
1654011540000,1952.96,1955.98,1952.96,1955.9,448.2515
1654011600000,1955.9,1958.87,1955.89,1956.07,952.5371
1654011660000,1956.07,1960.3,1956.04,1960.05,474.9689
1654011720000,1960.06,1962.38,1960.0,1961.69,504.2279
1654011780000,1961.7,1965.0,1961.69,1962.61,898.0667
1654011840000,1962.61,1963.29,1961.52,1963.1,290.5782
1654011900000,1963.09,1964.58,1963.09,1964.27,359.9484
1654011960000,1964.28,1966.48,1964.27,1966.47,1265.2088
1654012020000,1966.48,1967.8,1965.98,1967.79,565.5356
1654012080000,1967.8,1970.49,1967.02,1969.44,962.3081
1654012140000,1969.43,1974.0,1969.43,1971.58,1460.8164
1654012200000,1971.58,1980.0,1970.83,1975.72,1945.8247
1654012260000,1975.72,1986.0,1974.27,1985.44,2574.9566
1654012320000,1985.45,1985.52,1981.74,1983.62,2181.5398
1654012380000,1983.62,1989.16,1983.61,1988.1,1985.2576
1654012440000,1988.11,1993.04,1987.21,1990.63,2201.2646
1654012500000,1990.62,1993.31,1989.44,1991.23,1946.2242
1654012560000,1991.23,1995.0,1990.6,1995.0,1023.1046
1654012620000,1995.0,1995.51,1992.36,1993.91,1316.7349
1654012680000,1993.92,1994.28,1989.77,1991.0,1312.3763
1654012740000,1990.99,1991.0,1985.72,1988.62,1650.185
1654012800000,1988.62,1992.32,1987.8,1990.0,1057.4979
1654012860000,1990.01,1995.8,1989.03,1995.41,1027.0521
1654012920000,1995.41,1998.99,1994.58,1996.51,1766.2155
1654012980000,1996.51,1999.49,1996.51,1998.92,1168.3251
1654013040000,1998.91,1999.87,1995.1,1995.85,1692.3356
1654013100000,1995.85,1996.51,1990.31,1990.32,1296.3673
1654013160000,1990.32,1992.43,1989.12,1992.34,1199.9851
1654013220000,1992.4,1994.76,1989.47,1989.47,963.3291
1654013280000,1989.47,1989.88,1985.74,1987.19,755.1759
1654013340000,1987.19,1989.52,1986.63,1987.87,906.8338
1654013400000,1987.87,1989.46,1987.11,1988.94,426.5811
1654013460000,1988.95,1989.21,1986.2,1987.73,1035.1241
1654013520000,1987.72,1988.34,1983.39,1983.61,807.9432
1654013580000,1983.6,1985.32,1978.51,1980.52,1671.611
1654013640000,1980.52,1980.82,1968.01,1968.2,2210.9571
1654013700000,1968.2,1974.48,1962.21,1967.57,2654.783
1654013760000,1967.56,1971.62,1966.55,1966.82,1631.6638
1654013820000,1966.82,1970.26,1961.29,1968.13,3071.3708
1654013880000,1968.13,1970.54,1961.71,1961.71,1263.7868
1654013940000,1961.71,1964.93,1961.4,1963.62,1135.983
1654014000000,1963.63,1970.0,1963.62,1968.96,766.5016
1654014060000,1968.96,1969.8,1966.53,1967.53,1062.0546
1654014120000,1967.53,1969.59,1965.76,1969.59,542.4301
1654014180000,1969.59,1970.44,1966.74,1967.74,507.292
1654014240000,1967.75,1969.56,1967.23,1969.14,522.8309
1654014300000,1969.13,1971.7,1969.13,1971.69,574.4234
1654014360000,1971.69,1971.72,1970.23,1971.26,432.1067
1654014420000,1971.25,1976.7,1971.25,1976.32,837.7721
1654014480000,1976.31,1976.49,1974.02,1974.02,360.9545
1654014540000,1974.03,1975.79,1973.49,1975.2,521.2414
1654014600000,1975.21,1976.66,1972.78,1972.97,599.4124
1654014660000,1972.97,1972.98,1963.26,1963.36,2868.4154
1654014720000,1963.37,1968.93,1962.75,1968.91,790.8155
1654014780000,1968.92,1971.95,1968.91,1971.14,796.4153
1654014840000,1971.14,1975.56,1969.66,1974.66,714.49
1654014900000,1974.67,1977.15,1974.66,1975.23,784.9702
1654014960000,1975.24,1976.06,1970.54,1973.18,744.8539
1654015020000,1973.18,1973.35,1971.41,1973.09,499.5523
1654015080000,1973.08,1978.8,1973.08,1977.11,648.3873
1654015140000,1977.11,1977.11,1973.95,1975.45,608.2367
1654015200000,1975.45,1975.59,1973.52,1975.44,213.8675
1654015260000,1975.44,1979.03,1973.41,1977.25,909.2893
1654015320000,1977.25,1980.99,1976.93,1980.03,1017.587
1654015380000,1980.03,1988.35,1979.26,1983.55,2031.2848
1654015440000,1983.55,1986.22,1981.39,1983.67,778.1107
1654015500000,1983.67,1986.99,1983.07,1984.17,1080.4934
1654015560000,1984.17,1984.18,1979.71,1979.72,1049.6963
1654015620000,1979.72,1979.9,1975.17,1977.22,876.2603
1654015680000,1977.23,1979.77,1976.84,1979.77,785.909
1654015740000,1979.77,1980.19,1977.53,1980.19,743.2236
1654015800000,1980.19,1980.19,1977.2,1978.39,642.7672
1654015860000,1978.38,1980.39,1977.21,1977.44,381.9191
1654015920000,1977.43,1978.27,1977.24,1977.27,414.5312
1654015980000,1977.26,1977.94,1976.02,1976.03,565.7312
1654016040000,1976.03,1979.49,1976.02,1977.73,454.8143
1654016100000,1977.74,1978.3,1975.85,1977.16,386.4383
1654016160000,1977.17,1979.11,1976.81,1977.73,415.0844
1654016220000,1977.72,1977.73,1975.01,1975.09,298.0163
1654016280000,1975.09,1975.94,1974.78,1974.78,362.7858
1654016340000,1974.78,1974.79,1972.57,1973.15,623.8633
1654016400000,1973.14,1975.61,1972.29,1975.49,459.2166
1654016460000,1975.49,1975.99,1972.77,1972.77,503.4383
1654016520000,1972.78,1972.78,1969.32,1970.08,711.0005
1654016580000,1970.09,1970.09,1967.04,1968.01,1016.319
1654016640000,1968.01,1969.32,1967.4,1968.49,604.5608
1654016700000,1968.5,1970.71,1968.49,1970.71,558.262
1654016760000,1970.7,1972.95,1970.44,1971.6,343.4637
1654016820000,1971.6,1974.99,1970.88,1973.81,545.5444
1654016880000,1973.82,1976.54,1973.81,1976.0,530.0107
1654016940000,1976.0,1979.04,1975.99,1977.35,610.2836
1654017000000,1977.36,1978.71,1975.6,1977.12,543.3864
1654017060000,1977.12,1977.12,1975.85,1976.72,453.004
1654017120000,1976.72,1977.12,1975.82,1976.23,251.4408
1654017180000,1976.22,1976.23,1974.13,1975.09,303.8429
1654017240000,1975.1,1975.1,1973.77,1974.59,248.7044
1654017300000,1974.58,1974.89,1969.11,1969.11,1051.2887
1654017360000,1969.11,1969.12,1963.25,1964.22,1172.4288
1654017420000,1964.22,1965.08,1959.45,1961.06,1743.9375
1654017480000,1961.07,1964.59,1959.44,1960.96,925.227
1654017540000,1960.96,1962.82,1960.0,1960.68,718.5796
1654017600000,1960.69,1961.59,1958.84,1959.6,581.7505
1654017660000,1959.6,1959.61,1956.18,1957.69,2285.2296
1654017720000,1957.69,1957.8,1954.45,1954.72,722.9055
1654017780000,1954.71,1956.15,1951.66,1953.55,1576.0132
1654017840000,1953.56,1954.48,1952.01,1953.41,1262.0024
1654017900000,1953.41,1957.54,1952.5,1957.34,688.3344
1654017960000,1957.33,1959.54,1956.53,1957.9,694.5569
1654018020000,1957.9,1957.9,1956.09,1956.09,237.8613
1654018080000,1956.09,1956.1,1951.99,1953.18,838.4091
1654018140000,1953.18,1956.7,1953.18,1956.0,515.423
1654018200000,1955.99,1956.0,1953.42,1955.13,388.2321
1654018260000,1955.13,1956.36,1953.83,1954.42,340.9282
1654018320000,1954.42,1956.22,1954.0,1955.84,360.9739
1654018380000,1955.84,1959.34,1955.83,1958.41,721.4647
1654018440000,1958.41,1961.12,1957.12,1959.49,1211.7708
1654018500000,1959.49,1960.06,1957.8,1958.69,577.8827
1654018560000,1958.69,1959.02,1957.5,1958.48,450.8419
1654018620000,1958.5,1959.09,1955.84,1955.85,510.7396
1654018680000,1955.84,1956.02,1952.78,1955.31,415.9464
1654018740000,1955.31,1956.32,1954.02,1955.2,463.932
1654018800000,1955.2,1955.51,1953.72,1955.51,180.0999
1654018860000,1955.51,1958.51,1954.89,1955.52,508.0786
1654018920000,1955.52,1957.33,1955.08,1956.41,323.992
1654018980000,1956.41,1957.7,1955.58,1955.76,317.2113
1654019040000,1955.76,1957.79,1955.59,1957.76,195.2627
1654019100000,1957.75,1959.18,1957.04,1958.83,423.0878
1654019160000,1958.83,1959.73,1958.09,1959.31,285.5705
1654019220000,1959.31,1962.96,1959.19,1961.58,531.6757
1654019280000,1961.59,1961.59,1959.1,1959.87,512.9371
1654019340000,1959.87,1960.28,1959.4,1959.4,323.8252
1654019400000,1959.41,1964.43,1958.58,1964.18,701.9416
1654019460000,1964.18,1964.18,1962.39,1964.06,412.9899
1654019520000,1964.05,1966.32,1961.64,1966.14,736.8796
1654019580000,1966.15,1966.15,1964.19,1964.2,292.5981
1654019640000,1964.2,1964.49,1963.02,1963.02,341.8289
1654019700000,1963.02,1965.82,1962.92,1965.81,589.9134
1654019760000,1965.81,1969.07,1965.72,1965.86,932.0044
1654019820000,1965.87,1967.1,1963.23,1964.18,515.135
1654019880000,1964.18,1966.52,1964.17,1966.08,283.5584
1654019940000,1966.08,1969.08,1966.07,1967.4,471.9708
1654020000000,1967.39,1969.11,1964.56,1968.86,695.6824
1654020060000,1968.86,1970.54,1967.2,1970.54,705.9989
1654020120000,1970.54,1970.54,1968.91,1968.92,258.9209
1654020180000,1968.92,1969.04,1966.86,1967.2,380.1303
1654020240000,1967.19,1967.91,1966.57,1967.37,499.1107
1654020300000,1967.38,1967.38,1963.32,1964.89,539.3265
1654020360000,1964.89,1966.28,1964.68,1964.72,381.487
1654020420000,1964.73,1967.52,1963.75,1967.52,321.9476
1654020480000,1967.52,1967.52,1964.75,1966.93,292.7123
1654020540000,1966.93,1970.37,1966.92,1968.61,392.7265
1654020600000,1968.6,1969.35,1967.82,1967.83,334.7852
1654020660000,1967.82,1969.35,1967.11,1967.5,392.8573
1654020720000,1967.49,1968.32,1966.5,1968.19,501.9966
1654020780000,1968.19,1968.19,1965.31,1965.31,351.5631
1654020840000,1965.32,1967.83,1965.31,1966.53,306.0078
1654020900000,1966.54,1969.0,1965.56,1968.68,256.9132
1654020960000,1968.67,1968.68,1967.36,1968.07,385.9314
1654021020000,1968.07,1968.76,1965.9,1966.09,418.987
1654021080000,1966.1,1966.95,1965.17,1965.47,296.8595
1654021140000,1965.47,1966.99,1964.16,1966.22,440.7304
1654021200000,1966.23,1966.78,1964.3,1965.91,377.5154
1654021260000,1965.92,1966.17,1961.5,1961.77,341.8616
1654021320000,1961.77,1962.68,1958.9,1959.18,910.6478
1654021380000,1959.19,1962.89,1959.18,1962.18,500.1164
1654021440000,1962.18,1964.8,1961.88,1963.2,300.0556
1654021500000,1963.2,1964.09,1962.59,1963.04,182.4016
1654021560000,1963.04,1963.04,1958.37,1959.81,484.3641
1654021620000,1959.8,1960.83,1959.21,1960.24,279.8521
1654021680000,1960.23,1961.13,1960.23,1960.92,132.4669
1654021740000,1960.93,1962.16,1960.31,1961.47,280.4815
1654021800000,1961.47,1961.99,1958.0,1960.6,646.8255
1654021860000,1960.59,1960.85,1958.87,1959.54,766.3841
1654021920000,1959.53,1960.5,1959.53,1959.55,165.674
1654021980000,1959.54,1959.55,1957.68,1957.69,259.6426
1654022040000,1957.68,1959.12,1955.84,1956.93,469.024
1654022100000,1956.94,1958.73,1956.44,1957.12,409.0837
1654022160000,1957.13,1957.71,1955.19,1955.44,663.4318
1654022220000,1955.44,1957.87,1955.14,1957.44,654.2081
1654022280000,1957.44,1958.85,1956.03,1958.66,531.5264
1654022340000,1958.66,1958.74,1956.05,1956.47,221.5742
1654022400000,1956.47,1957.24,1956.02,1956.58,169.558
1654022460000,1956.58,1956.59,1952.01,1952.96,447.4179
1654022520000,1952.96,1952.97,1949.15,1949.15,1345.9286
1654022580000,1949.15,1949.16,1943.7,1945.18,1163.7031
1654022640000,1945.19,1945.68,1942.15,1945.68,1066.2744
1654022700000,1945.67,1946.24,1942.37,1943.06,536.6454
1654022760000,1943.07,1945.1,1942.14,1942.62,669.2995
1654022820000,1942.62,1944.33,1941.0,1941.47,830.6834
1654022880000,1941.48,1943.67,1941.11,1941.78,712.6036
1654022940000,1941.79,1943.52,1940.0,1942.61,1199.5416
1654023000000,1942.61,1943.92,1940.69,1941.28,712.9375
1654023060000,1941.27,1942.55,1940.44,1942.05,775.6117
1654023120000,1942.05,1942.54,1936.9,1936.91,1632.1868
1654023180000,1936.9,1938.7,1935.0,1935.87,1574.5138
1654023240000,1935.87,1937.62,1935.66,1936.96,1197.535
1654023300000,1936.97,1937.34,1929.45,1930.01,2521.9642
1654023360000,1930.01,1932.45,1925.0,1930.18,3305.0993
1654023420000,1930.17,1934.16,1930.04,1932.84,1049.9965
1654023480000,1932.83,1934.48,1931.43,1934.37,687.3882
1654023540000,1934.36,1935.74,1932.69,1934.54,756.432
1654023600000,1934.54,1934.89,1931.26,1932.85,1311.2994
1654023660000,1932.84,1935.65,1930.83,1933.57,1386.1649
1654023720000,1933.56,1933.69,1930.46,1933.01,719.791
1654023780000,1933.01,1934.99,1931.89,1933.65,777.3496
1654023840000,1933.65,1939.32,1933.0,1938.16,901.8763
1654023900000,1938.16,1938.52,1937.0,1937.0,558.2034
1654023960000,1937.0,1937.01,1934.0,1936.54,677.4809
1654024020000,1936.54,1937.89,1935.92,1937.25,465.3119
1654024080000,1937.25,1937.26,1935.39,1936.98,529.5433
1654024140000,1936.98,1938.6,1936.98,1938.6,353.326
1654024200000,1938.59,1940.61,1937.6,1937.96,512.8355
1654024260000,1937.97,1938.14,1935.46,1935.96,391.854
1654024320000,1935.97,1935.97,1934.02,1935.86,419.5627
1654024380000,1935.86,1937.19,1935.01,1936.66,574.43
1654024440000,1936.67,1938.06,1936.66,1937.94,194.516
1654024500000,1937.94,1942.43,1937.93,1941.37,578.9322
1654024560000,1941.37,1944.87,1941.37,1943.74,530.728
1654024620000,1943.74,1945.04,1943.45,1944.7,532.907
1654024680000,1944.69,1944.7,1941.62,1941.79,283.306
1654024740000,1941.79,1941.8,1938.84,1939.82,507.5572
1654024800000,1939.83,1942.3,1939.54,1942.29,458.827
1654024860000,1942.29,1942.3,1940.15,1940.55,407.9443
1654024920000,1940.54,1942.43,1939.66,1940.05,497.6798
1654024980000,1940.05,1941.82,1940.04,1941.62,476.5562
1654025040000,1941.62,1941.62,1937.53,1937.86,420.0798
1654025100000,1937.86,1939.14,1937.76,1939.02,194.1417
1654025160000,1939.03,1939.67,1937.76,1937.76,211.0785
1654025220000,1937.76,1939.32,1937.76,1938.51,581.4744
1654025280000,1938.51,1939.47,1938.39,1938.58,197.8905
1654025340000,1938.59,1938.59,1936.79,1937.01,404.1128
1654025400000,1937.01,1939.46,1936.99,1938.92,407.7765
1654025460000,1938.92,1939.44,1937.07,1937.48,436.5214
1654025520000,1937.49,1940.61,1937.48,1939.95,401.3136
1654025580000,1939.96,1943.54,1939.94,1942.54,683.4263
1654025640000,1942.53,1943.54,1941.85,1942.02,529.4369
1654025700000,1942.02,1942.47,1940.52,1940.66,351.0451
1654025760000,1940.65,1942.45,1940.06,1942.19,172.972
1654025820000,1942.18,1942.19,1940.8,1940.81,123.8221
1654025880000,1940.81,1940.81,1938.79,1938.8,178.6752
1654025940000,1938.8,1939.25,1937.93,1937.94,180.4987
1654026000000,1937.93,1939.31,1937.9,1938.87,180.0665
1654026060000,1938.87,1939.71,1937.9,1937.9,282.2012
1654026120000,1937.91,1937.91,1935.73,1937.11,257.3124
1654026180000,1937.11,1937.96,1935.67,1935.67,241.5888
1654026240000,1935.68,1935.78,1931.85,1932.17,1181.0716
1654026300000,1932.16,1935.65,1931.81,1935.18,639.6551
1654026360000,1935.17,1936.76,1935.14,1935.91,396.3553
1654026420000,1935.92,1935.92,1933.1,1933.2,206.5715
1654026480000,1933.2,1936.57,1932.61,1934.47,925.5096
1654026540000,1934.46,1935.5,1933.17,1935.5,560.091
1654026600000,1935.5,1938.29,1934.51,1936.34,1102.4351
1654026660000,1936.35,1937.12,1934.2,1936.9,487.0247
1654026720000,1936.89,1938.54,1936.89,1937.57,435.8739
1654026780000,1937.56,1937.57,1933.91,1934.95,338.2095
1654026840000,1934.95,1936.23,1932.2,1932.86,369.1164
1654026900000,1932.87,1933.49,1930.54,1931.18,859.9937
1654026960000,1931.18,1931.27,1928.06,1929.8,1651.6562
1654027020000,1929.8,1932.78,1929.74,1932.3,657.4949
1654027080000,1932.3,1938.0,1931.75,1937.11,479.1002
1654027140000,1937.11,1937.29,1934.03,1934.21,775.0868
1654027200000,1934.22,1939.65,1934.21,1939.64,612.7563
1654027260000,1939.63,1939.84,1937.38,1937.84,503.329
1654027320000,1937.85,1938.6,1936.85,1937.59,199.5401
1654027380000,1937.59,1940.0,1937.59,1939.99,340.3803
1654027440000,1940.0,1940.1,1938.46,1938.46,309.0312
1654027500000,1938.46,1938.47,1936.39,1936.39,147.3461
1654027560000,1936.39,1938.24,1936.34,1937.91,185.5917
1654027620000,1937.9,1938.18,1936.94,1937.24,180.7072
1654027680000,1937.25,1937.26,1935.83,1935.84,168.2475
1654027740000,1935.83,1936.76,1934.97,1934.97,265.0364
1654027800000,1934.97,1937.66,1934.96,1937.5,191.1502
1654027860000,1937.5,1941.09,1937.5,1940.44,341.7627
1654027920000,1940.45,1942.82,1940.02,1942.24,551.7667
1654027980000,1942.25,1946.46,1942.23,1945.23,589.9521
1654028040000,1945.23,1945.95,1943.47,1945.0,289.1144
1654028100000,1945.0,1945.69,1943.48,1943.48,504.8324
1654028160000,1943.48,1944.03,1943.3,1943.31,388.8069
1654028220000,1943.31,1943.31,1942.67,1942.67,86.8741
1654028280000,1942.67,1943.29,1942.07,1942.22,141.3837
1654028340000,1942.22,1942.36,1940.74,1941.1,136.907
1654028400000,1941.09,1943.06,1940.76,1941.83,357.9253
1654028460000,1941.83,1942.41,1941.82,1942.0,60.6605
1654028520000,1942.01,1943.0,1941.11,1943.0,267.6933
1654028580000,1942.99,1943.0,1941.82,1942.45,119.563
1654028640000,1942.44,1944.55,1942.44,1944.54,113.0788
1654028700000,1944.55,1944.86,1942.23,1942.23,160.0612
1654028760000,1942.23,1942.95,1942.04,1942.05,127.1354
1654028820000,1942.05,1943.03,1941.51,1942.96,101.1591
1654028880000,1942.96,1942.96,1942.03,1942.04,95.4838
1654028940000,1942.04,1942.85,1941.17,1942.85,217.2506
1654029000000,1942.84,1942.85,1941.76,1941.77,169.0469
1654029060000,1941.77,1941.77,1940.54,1940.59,124.3776
1654029120000,1940.59,1940.91,1940.43,1940.43,104.8415
1654029180000,1940.44,1942.27,1940.43,1941.58,209.1007
1654029240000,1941.59,1942.01,1941.56,1942.0,59.3987
1654029300000,1942.0,1942.78,1942.0,1942.39,162.3561
1654029360000,1942.4,1944.39,1942.26,1943.85,192.8719
1654029420000,1943.86,1943.86,1942.98,1943.5,98.0186
1654029480000,1943.5,1947.79,1943.41,1947.78,454.958
1654029540000,1947.79,1949.29,1947.7,1948.16,414.8579
1654029600000,1948.15,1948.16,1946.69,1947.52,162.8214
1654029660000,1947.51,1947.7,1945.39,1946.0,562.2597
1654029720000,1946.0,1946.0,1943.45,1943.45,88.7516
1654029780000,1943.45,1943.46,1942.43,1942.85,157.0111
1654029840000,1942.84,1943.83,1942.84,1943.12,189.3267
1654029900000,1943.12,1944.07,1941.91,1942.28,190.5821
1654029960000,1942.28,1942.34,1941.62,1941.83,101.7463
1654030020000,1941.83,1942.26,1941.82,1941.83,151.159
1654030080000,1941.82,1944.18,1941.82,1944.05,172.8408
1654030140000,1944.05,1944.16,1943.36,1944.16,275.8294
1654030200000,1944.15,1946.1,1944.15,1945.35,151.2967
1654030260000,1945.36,1946.1,1945.03,1945.98,76.5033
1654030320000,1945.97,1947.65,1945.97,1946.77,246.1367
1654030380000,1946.77,1947.18,1946.32,1946.66,196.7116
1654030440000,1946.66,1948.0,1946.66,1947.93,202.1364
1654030500000,1947.94,1948.58,1947.39,1948.47,212.0553
1654030560000,1948.47,1948.47,1947.29,1948.44,225.7609
1654030620000,1948.48,1950.46,1948.48,1949.88,334.1166
1654030680000,1949.89,1951.54,1949.2,1949.23,434.4365
1654030740000,1949.22,1953.84,1948.65,1953.66,850.8207
1654030800000,1953.65,1953.77,1951.01,1951.42,711.4782
1654030860000,1951.42,1951.72,1950.83,1951.71,132.8278
1654030920000,1951.72,1954.06,1951.61,1953.89,341.1159
1654030980000,1953.88,1953.93,1952.72,1953.26,251.2778
1654031040000,1953.27,1953.27,1951.06,1951.26,227.1855
1654031100000,1951.26,1951.69,1951.23,1951.26,195.0168
1654031160000,1951.25,1951.78,1950.51,1950.62,391.8971
1654031220000,1950.62,1950.72,1950.4,1950.61,93.9372
1654031280000,1950.62,1950.62,1949.13,1949.13,148.5978
1654031340000,1949.13,1950.03,1949.13,1950.03,122.2038
1654031400000,1950.03,1950.08,1948.92,1948.92,209.6614
1654031460000,1948.92,1949.63,1948.76,1948.76,151.5977
1654031520000,1948.77,1950.48,1948.69,1950.47,153.9599
1654031580000,1950.47,1951.0,1950.47,1950.86,72.9243
1654031640000,1950.87,1951.62,1950.75,1950.76,75.7603
1654031700000,1950.76,1950.76,1950.65,1950.65,59.1023
1654031760000,1950.66,1951.16,1950.65,1951.16,60.1592
1654031820000,1951.16,1953.34,1951.05,1953.11,304.2554
1654031880000,1953.11,1953.61,1952.29,1952.3,239.1518
1654031940000,1952.29,1952.3,1949.49,1949.49,292.7545
1654032000000,1949.5,1950.32,1949.24,1950.24,142.5385
1654032060000,1950.24,1950.6,1949.57,1950.6,133.4354
1654032120000,1950.6,1951.91,1950.59,1951.9,145.1411
1654032180000,1951.91,1952.2,1951.41,1951.6,131.8781
1654032240000,1951.6,1951.6,1951.44,1951.47,32.4477
1654032300000,1951.46,1951.47,1950.31,1950.36,92.5498
1654032360000,1950.36,1950.44,1949.07,1950.43,192.6576
1654032420000,1950.43,1950.44,1949.9,1949.99,38.53
1654032480000,1949.99,1950.91,1949.27,1950.82,297.3162
1654032540000,1950.82,1951.0,1950.81,1950.99,67.5157
1654032600000,1951.0,1951.0,1950.31,1950.55,69.6914
1654032660000,1950.55,1951.38,1950.55,1951.0,58.45
1654032720000,1951.01,1951.46,1950.92,1951.45,49.8107
1654032780000,1951.46,1952.18,1951.1,1951.76,107.1962
1654032840000,1951.76,1951.76,1950.95,1950.96,68.149
1654032900000,1950.96,1951.1,1950.81,1950.82,89.2555
1654032960000,1950.82,1950.82,1949.31,1949.32,74.7749
1654033020000,1949.32,1949.91,1949.04,1949.85,90.7311
1654033080000,1949.85,1949.86,1949.44,1949.49,96.9782
1654033140000,1949.49,1949.76,1949.49,1949.75,90.5247
1654033200000,1949.75,1950.85,1949.75,1950.57,142.529
1654033260000,1950.56,1951.31,1950.56,1951.22,163.5806
1654033320000,1951.23,1951.47,1949.49,1949.5,260.5492
1654033380000,1949.5,1949.5,1944.95,1945.12,206.4946
1654033440000,1945.12,1947.14,1945.11,1947.13,157.0348
1654033500000,1947.14,1947.82,1947.13,1947.69,102.148
1654033560000,1947.69,1947.93,1947.69,1947.9,49.4697
1654033620000,1947.9,1949.24,1947.72,1948.97,233.245
1654033680000,1948.97,1948.97,1948.83,1948.83,45.0087
1654033740000,1948.84,1950.51,1948.83,1950.5,108.1149
1654033800000,1950.51,1952.63,1950.5,1951.62,243.346
1654033860000,1951.61,1952.35,1948.67,1948.67,229.2998
1654033920000,1948.67,1949.48,1947.99,1948.0,258.3506
1654033980000,1947.99,1948.0,1942.17,1942.41,302.6719
1654034040000,1942.4,1945.0,1941.79,1944.99,329.3362
1654034100000,1944.99,1945.05,1942.57,1944.74,203.2866
1654034160000,1944.74,1945.12,1944.02,1944.79,379.0437
1654034220000,1944.79,1945.01,1943.71,1943.72,135.3893
1654034280000,1943.71,1943.81,1943.02,1943.8,89.0855
1654034340000,1943.8,1947.46,1943.8,1947.46,189.6557
1654034400000,1947.45,1947.46,1943.77,1945.51,284.7136
1654034460000,1945.51,1946.97,1945.01,1945.01,243.6904
1654034520000,1945.02,1947.42,1944.18,1944.18,460.0156
1654034580000,1944.19,1946.55,1943.88,1944.19,621.0424
1654034640000,1944.19,1948.68,1944.18,1947.74,549.9964
1654034700000,1947.73,1950.12,1947.01,1949.42,912.34
1654034760000,1949.42,1950.88,1948.68,1949.94,423.9482
1654034820000,1949.94,1949.94,1948.24,1948.81,282.7146
1654034880000,1948.8,1949.73,1947.66,1947.83,537.6054
1654034940000,1947.83,1950.18,1947.83,1948.56,339.2456
1654035000000,1948.57,1950.1,1947.48,1947.49,512.9998
1654035060000,1947.49,1949.25,1947.48,1948.01,345.3563
1654035120000,1948.0,1948.01,1944.1,1944.11,623.9739
1654035180000,1944.11,1944.9,1943.22,1944.89,581.9761
1654035240000,1944.9,1944.91,1942.52,1942.79,717.2271
1654035300000,1942.79,1943.78,1942.15,1943.78,387.0205
1654035360000,1943.78,1945.75,1943.46,1945.67,388.7809
1654035420000,1945.67,1945.99,1945.67,1945.7,174.4195
1654035480000,1945.7,1945.71,1944.18,1944.67,348.5787
1654035540000,1944.68,1944.75,1943.53,1943.69,309.6708
1654035600000,1943.69,1944.23,1943.46,1943.91,178.1795
1654035660000,1943.92,1946.4,1943.91,1945.26,583.2086
1654035720000,1945.27,1947.06,1944.5,1946.45,518.6374
1654035780000,1946.45,1950.61,1946.45,1948.96,938.118
1654035840000,1948.97,1949.5,1947.7,1949.29,581.0293
1654035900000,1949.29,1950.5,1949.28,1950.39,227.0921
1654035960000,1950.38,1953.01,1949.78,1952.95,691.8118
1654036020000,1952.95,1956.06,1952.6,1954.52,1580.9624
1654036080000,1954.53,1954.53,1949.6,1949.98,833.4406
1654036140000,1949.98,1950.81,1949.4,1949.5,364.2454
1654036200000,1949.5,1952.28,1949.49,1951.21,430.0609
1654036260000,1951.2,1951.21,1949.44,1949.86,318.9113
1654036320000,1949.86,1953.0,1949.85,1952.42,589.1626
1654036380000,1952.43,1954.54,1951.57,1951.95,1138.4161
1654036440000,1951.96,1953.75,1951.26,1953.63,568.681
1654036500000,1953.63,1953.63,1951.14,1951.18,490.6204
1654036560000,1951.17,1952.75,1951.17,1952.36,292.1231
1654036620000,1952.36,1954.24,1952.13,1952.14,620.3422
1654036680000,1952.14,1953.02,1952.13,1952.6,137.3467
1654036740000,1952.59,1953.4,1952.23,1952.4,204.5094
1654036800000,1952.39,1952.85,1952.39,1952.59,135.3529
1654036860000,1952.58,1953.35,1951.08,1953.35,517.8026
1654036920000,1953.46,1953.47,1952.04,1952.04,244.4465
1654036980000,1952.05,1954.25,1952.04,1953.98,299.7356
1654037040000,1953.99,1955.01,1952.32,1952.88,838.693
1654037100000,1952.88,1953.28,1951.92,1953.27,190.4479
1654037160000,1953.28,1953.98,1951.84,1952.28,288.2531
1654037220000,1952.28,1952.3,1951.73,1952.26,101.2313
1654037280000,1952.26,1953.47,1952.02,1952.43,306.7719
1654037340000,1952.43,1953.31,1952.43,1952.8,151.223
1654037400000,1952.79,1952.8,1951.94,1952.49,213.5924
1654037460000,1952.49,1952.54,1951.1,1951.53,324.874
1654037520000,1951.54,1951.54,1950.55,1950.56,64.5439
1654037580000,1950.56,1956.03,1950.55,1954.97,1029.7536
1654037640000,1954.98,1955.01,1954.52,1954.59,204.7426
1654037700000,1954.59,1959.28,1953.95,1958.53,736.7713
1654037760000,1958.53,1959.69,1957.34,1957.8,562.9528
1654037820000,1957.79,1958.66,1956.92,1957.45,595.7041
1654037880000,1957.46,1957.84,1957.16,1957.56,201.6688
1654037940000,1957.57,1957.81,1957.09,1957.09,144.8897
1654038000000,1957.1,1957.97,1956.17,1956.17,429.7856
1654038060000,1956.17,1958.38,1955.5,1957.37,997.5549
1654038120000,1957.38,1957.68,1955.67,1955.89,476.5696
1654038180000,1955.89,1955.89,1954.39,1954.39,160.4695
1654038240000,1954.39,1956.12,1954.39,1955.2,336.5557
1654038300000,1955.21,1955.97,1955.1,1955.73,120.2497
1654038360000,1955.73,1956.01,1953.41,1953.85,290.2954
1654038420000,1953.85,1953.85,1952.5,1952.51,111.6644
1654038480000,1952.5,1953.31,1952.12,1952.13,396.6943
1654038540000,1952.12,1952.49,1951.28,1951.82,331.1959
1654038600000,1951.81,1953.13,1951.81,1952.67,155.695
1654038660000,1952.68,1952.99,1952.27,1952.61,125.9861
1654038720000,1952.6,1953.57,1952.6,1953.56,115.8678
1654038780000,1953.56,1953.57,1952.28,1952.37,154.5309
1654038840000,1952.36,1952.94,1952.36,1952.51,102.1584
1654038900000,1952.51,1953.05,1952.51,1952.59,198.5632
1654038960000,1952.59,1952.59,1950.95,1952.04,290.0075
1654039020000,1952.05,1952.05,1951.29,1951.45,218.3731
1654039080000,1951.45,1951.46,1951.01,1951.29,120.1005
1654039140000,1951.29,1953.31,1951.14,1953.3,153.0945
1654039200000,1953.3,1953.31,1952.65,1952.83,190.562
1654039260000,1952.82,1952.84,1952.66,1952.66,55.8373
1654039320000,1952.67,1954.97,1952.66,1954.96,186.8509
1654039380000,1954.97,1955.2,1954.89,1955.1,81.2585
1654039440000,1955.1,1955.11,1953.45,1953.82,196.3242
1654039500000,1953.83,1955.73,1953.37,1955.58,404.2065
1654039560000,1955.57,1955.58,1954.57,1954.68,214.6158
1654039620000,1954.69,1954.7,1953.18,1953.88,144.5025
1654039680000,1953.87,1954.16,1953.33,1953.41,97.7619
1654039740000,1953.41,1953.41,1952.48,1952.48,155.0394
1654039800000,1952.49,1955.93,1952.48,1954.42,481.9287
1654039860000,1954.43,1955.38,1952.93,1953.67,532.4371
1654039920000,1953.67,1953.98,1953.16,1953.98,110.269
1654039980000,1953.97,1953.98,1952.66,1952.66,375.4874
1654040040000,1952.67,1952.76,1952.65,1952.68,124.1214
1654040100000,1952.69,1952.69,1952.04,1952.35,102.4622
1654040160000,1952.36,1952.5,1952.22,1952.5,52.4724
1654040220000,1952.5,1953.35,1949.05,1949.19,503.7823
1654040280000,1949.18,1949.19,1948.0,1948.81,130.1081
1654040340000,1948.82,1950.44,1948.48,1950.43,292.129
1654040400000,1950.43,1950.62,1948.66,1949.23,238.0615
1654040460000,1949.23,1950.38,1948.87,1949.3,270.3956
1654040520000,1949.3,1949.91,1949.1,1949.53,280.6201
1654040580000,1949.53,1949.53,1947.9,1948.2,238.8871
1654040640000,1948.2,1948.4,1947.92,1947.93,66.9944
1654040700000,1947.93,1949.75,1947.92,1949.64,262.3919
1654040760000,1949.65,1949.75,1948.66,1949.18,295.2759
1654040820000,1949.18,1949.75,1949.17,1949.73,194.885
1654040880000,1949.74,1949.74,1948.95,1948.96,151.2737
1654040940000,1948.95,1949.34,1948.95,1949.0,96.5615
1654041000000,1949.0,1949.94,1949.0,1949.58,253.403
1654041060000,1949.58,1949.59,1948.96,1949.55,195.4675
1654041120000,1949.54,1953.1,1948.71,1948.72,2591.7213
1654041180000,1948.71,1948.87,1947.87,1948.12,334.4547
1654041240000,1948.12,1948.12,1943.7,1943.7,617.3444
1654041300000,1943.71,1946.16,1940.0,1940.66,1385.0172
1654041360000,1940.66,1940.94,1938.04,1939.25,914.3149
1654041420000,1939.25,1941.79,1938.39,1940.87,627.5494
1654041480000,1940.87,1942.0,1939.67,1939.68,562.3038
1654041540000,1939.67,1941.91,1939.21,1941.9,544.0735
1654041600000,1941.9,1942.96,1941.31,1942.94,457.637
