timestamp,open,high,low,close,volume
1650412800000,9.55,9.55,9.53,9.53,1569.32
1650412860000,9.53,9.54,9.53,9.53,495.53
1650412920000,9.52,9.53,9.52,9.52,224.75
1650412980000,9.52,9.53,9.52,9.52,621.21
1650413040000,9.51,9.52,9.51,9.52,67.71
1650413100000,9.52,9.53,9.52,9.52,403.7
1650413160000,9.52,9.53,9.52,9.53,373.09
1650413220000,9.52,9.53,9.51,9.52,958.14
1650413280000,9.52,9.53,9.52,9.53,856.95
1650413340000,9.52,9.53,9.52,9.53,180.94
1650413400000,9.53,9.54,9.53,9.54,716.17
1650413460000,9.54,9.55,9.54,9.54,185.15
1650413520000,9.55,9.55,9.55,9.55,3.51
1650413580000,9.55,9.56,9.55,9.56,458.49
1650413640000,9.56,9.57,9.56,9.56,1457.41
1650413700000,9.55,9.56,9.55,9.55,376.13
1650413760000,9.55,9.55,9.55,9.55,15.94
1650413820000,9.55,9.55,9.55,9.55,0.0
1650413880000,9.55,9.55,9.55,9.55,0.0
1650413940000,9.55,9.55,9.55,9.55,542.58
1650414000000,9.55,9.55,9.52,9.52,1280.3
1650414060000,9.52,9.52,9.48,9.49,7236.46
1650414120000,9.48,9.48,9.46,9.47,3100.7
1650414180000,9.46,9.46,9.44,9.45,1052.94
1650414240000,9.45,9.46,9.45,9.45,2884.19
1650414300000,9.45,9.45,9.39,9.4,6271.34
1650414360000,9.4,9.41,9.35,9.36,5647.95
1650414420000,9.36,9.39,9.36,9.38,5855.26
1650414480000,9.38,9.4,9.38,9.39,823.74
1650414540000,9.39,9.39,9.37,9.38,439.65
1650414600000,9.38,9.4,9.38,9.4,506.32
1650414660000,9.4,9.43,9.4,9.43,2474.05
1650414720000,9.43,9.44,9.43,9.43,1665.13
1650414780000,9.43,9.44,9.43,9.44,659.55
1650414840000,9.44,9.45,9.44,9.44,652.21
1650414900000,9.45,9.46,9.45,9.45,695.75
1650414960000,9.45,9.47,9.45,9.45,417.92
1650415020000,9.46,9.48,9.45,9.47,2642.74
1650415080000,9.47,9.47,9.45,9.45,242.56
1650415140000,9.45,9.45,9.43,9.43,938.94
1650415200000,9.43,9.45,9.43,9.44,1343.76
1650415260000,9.44,9.45,9.44,9.44,105.9
1650415320000,9.44,9.44,9.44,9.44,47.99
1650415380000,9.44,9.45,9.44,9.45,15.0
1650415440000,9.45,9.45,9.45,9.45,0.0
1650415500000,9.45,9.45,9.44,9.45,136.25
1650415560000,9.45,9.45,9.45,9.45,41.75
1650415620000,9.45,9.46,9.45,9.46,1020.63
1650415680000,9.46,9.46,9.46,9.46,175.85
1650415740000,9.46,9.47,9.46,9.47,14.0
1650415800000,9.46,9.46,9.46,9.46,8.38
1650415860000,9.46,9.47,9.46,9.47,38.23
1650415920000,9.46,9.46,9.45,9.46,1622.21
1650415980000,9.46,9.46,9.44,9.44,433.27
1650416040000,9.44,9.44,9.44,9.44,159.5
1650416100000,9.44,9.44,9.43,9.43,706.95
1650416160000,9.42,9.42,9.42,9.42,516.75
1650416220000,9.42,9.42,9.41,9.42,17.32
1650416280000,9.42,9.42,9.42,9.42,0.0
1650416340000,9.41,9.42,9.41,9.41,27.41
1650416400000,9.41,9.43,9.41,9.43,97.33
1650416460000,9.43,9.44,9.43,9.43,288.45
1650416520000,9.43,9.43,9.42,9.42,568.03
1650416580000,9.41,9.41,9.41,9.41,363.37
1650416640000,9.4,9.4,9.4,9.4,54.33
1650416700000,9.41,9.42,9.41,9.42,494.87
1650416760000,9.42,9.42,9.42,9.42,3.72
1650416820000,9.42,9.42,9.41,9.42,185.6
1650416880000,9.42,9.42,9.42,9.42,1.89
1650416940000,9.42,9.42,9.41,9.41,126.41
1650417000000,9.42,9.42,9.41,9.41,11.72
1650417060000,9.41,9.41,9.4,9.41,1166.01
1650417120000,9.41,9.41,9.4,9.4,17.49
1650417180000,9.4,9.4,9.39,9.4,1083.8
1650417240000,9.39,9.4,9.39,9.39,957.47
1650417300000,9.39,9.39,9.36,9.36,890.81
1650417360000,9.36,9.37,9.36,9.36,48.4
1650417420000,9.37,9.38,9.37,9.38,424.18
1650417480000,9.37,9.38,9.37,9.38,920.77
1650417540000,9.39,9.4,9.39,9.4,228.22
1650417600000,9.4,9.41,9.4,9.4,64.94
1650417660000,9.4,9.4,9.4,9.4,8.78
1650417720000,9.41,9.41,9.4,9.4,535.9
1650417780000,9.4,9.4,9.4,9.4,100.0
1650417840000,9.41,9.41,9.4,9.41,4.87
1650417900000,9.41,9.41,9.4,9.4,76.52
1650417960000,9.41,9.42,9.41,9.42,167.87
1650418020000,9.41,9.41,9.41,9.41,324.13
1650418080000,9.41,9.41,9.41,9.41,1.95
1650418140000,9.41,9.41,9.41,9.41,355.21
1650418200000,9.41,9.42,9.41,9.41,20.73
1650418260000,9.41,9.42,9.41,9.42,5.62
1650418320000,9.41,9.41,9.41,9.41,106.29
1650418380000,9.42,9.42,9.4,9.4,155.9
1650418440000,9.4,9.4,9.4,9.4,0.0
1650418500000,9.41,9.41,9.41,9.41,499.46
1650418560000,9.41,9.41,9.41,9.41,210.47
1650418620000,9.42,9.42,9.42,9.42,53.83
1650418680000,9.42,9.42,9.42,9.42,20.54
1650418740000,9.42,9.44,9.42,9.43,10220.79
1650418800000,9.43,9.43,9.43,9.43,54.33
1650418860000,9.43,9.43,9.43,9.43,88.05
1650418920000,9.43,9.43,9.43,9.43,63.31
1650418980000,9.44,9.44,9.44,9.44,174.15
1650419040000,9.44,9.45,9.44,9.45,78.2
1650419100000,9.45,9.45,9.45,9.45,65.72
1650419160000,9.45,9.45,9.45,9.45,102.04
1650419220000,9.44,9.45,9.44,9.45,2060.22
1650419280000,9.45,9.45,9.45,9.45,0.0
1650419340000,9.46,9.46,9.46,9.46,6.71
1650419400000,9.45,9.45,9.44,9.45,5875.96
1650419460000,9.45,9.45,9.44,9.44,61.96
1650419520000,9.45,9.45,9.45,9.45,170.19
1650419580000,9.46,9.46,9.45,9.46,367.36
1650419640000,9.46,9.46,9.45,9.46,351.89
1650419700000,9.45,9.45,9.45,9.45,12.42
1650419760000,9.45,9.45,9.45,9.45,0.0
1650419820000,9.46,9.46,9.46,9.46,96.77
1650419880000,9.46,9.46,9.44,9.44,380.23
1650419940000,9.45,9.46,9.45,9.45,435.35
1650420000000,9.45,9.46,9.45,9.45,281.75
1650420060000,9.45,9.45,9.45,9.45,9.44
1650420120000,9.44,9.44,9.44,9.44,171.06
1650420180000,9.43,9.43,9.43,9.43,15.83
1650420240000,9.44,9.44,9.44,9.44,2.12
1650420300000,9.43,9.43,9.43,9.43,598.06
1650420360000,9.43,9.43,9.43,9.43,125.13
1650420420000,9.42,9.43,9.42,9.43,813.45
1650420480000,9.43,9.44,9.43,9.43,133.11
1650420540000,9.43,9.44,9.43,9.44,110.12
1650420600000,9.44,9.44,9.44,9.44,4.61
1650420660000,9.44,9.44,9.44,9.44,137.48
1650420720000,9.44,9.46,9.44,9.45,2290.62
1650420780000,9.45,9.45,9.45,9.45,381.3
1650420840000,9.44,9.44,9.44,9.44,1.07
1650420900000,9.44,9.45,9.44,9.45,232.39
1650420960000,9.44,9.44,9.44,9.44,163.99
1650421020000,9.44,9.44,9.44,9.44,0.0
1650421080000,9.44,9.44,9.44,9.44,2.51
1650421140000,9.43,9.43,9.43,9.43,831.58
1650421200000,9.43,9.43,9.43,9.43,1.16
1650421260000,9.43,9.43,9.43,9.43,0.0
1650421320000,9.42,9.42,9.42,9.42,2640.45
1650421380000,9.43,9.43,9.43,9.43,28.37
1650421440000,9.42,9.43,9.41,9.42,589.53
1650421500000,9.41,9.42,9.41,9.41,1861.46
1650421560000,9.41,9.41,9.41,9.41,362.1
1650421620000,9.41,9.41,9.41,9.41,5.9
1650421680000,9.42,9.42,9.41,9.42,19.48
1650421740000,9.42,9.42,9.42,9.42,924.45
1650421800000,9.42,9.42,9.41,9.41,1008.7
1650421860000,9.41,9.42,9.41,9.41,36.23
1650421920000,9.41,9.42,9.41,9.41,40.71
1650421980000,9.41,9.43,9.41,9.42,143.5
1650422040000,9.43,9.43,9.42,9.42,21.6
1650422100000,9.42,9.43,9.42,9.42,89.19
1650422160000,9.42,9.42,9.41,9.41,736.8
1650422220000,9.41,9.41,9.41,9.41,15.0
1650422280000,9.41,9.42,9.41,9.41,16.69
1650422340000,9.41,9.42,9.41,9.41,6.19
1650422400000,9.42,9.42,9.42,9.42,5.83
1650422460000,9.41,9.42,9.41,9.41,2129.65
1650422520000,9.41,9.42,9.41,9.41,1612.94
1650422580000,9.42,9.42,9.41,9.41,743.52
1650422640000,9.42,9.42,9.41,9.41,460.12
1650422700000,9.4,9.41,9.4,9.41,1131.39
1650422760000,9.41,9.42,9.41,9.42,3947.72
1650422820000,9.41,9.41,9.41,9.41,105.96
1650422880000,9.41,9.42,9.41,9.42,82.0
1650422940000,9.42,9.42,9.4,9.41,414.77
1650423000000,9.41,9.41,9.41,9.41,503.5
1650423060000,9.4,9.41,9.4,9.41,80.8
1650423120000,9.41,9.41,9.41,9.41,0.0
1650423180000,9.41,9.42,9.4,9.41,1751.68
1650423240000,9.41,9.42,9.41,9.41,1003.23
1650423300000,9.41,9.42,9.41,9.41,329.53
1650423360000,9.42,9.42,9.42,9.42,7.15
1650423420000,9.41,9.42,9.4,9.41,1017.27
1650423480000,9.41,9.42,9.41,9.41,781.89
1650423540000,9.41,9.42,9.41,9.41,588.47
1650423600000,9.42,9.42,9.41,9.41,193.32
1650423660000,9.41,9.41,9.4,9.4,161.23
1650423720000,9.4,9.41,9.4,9.4,250.14
1650423780000,9.4,9.41,9.4,9.4,177.61
1650423840000,9.4,9.4,9.4,9.4,63.09
1650423900000,9.41,9.41,9.4,9.4,17.03
1650423960000,9.4,9.41,9.4,9.4,154.3
1650424020000,9.4,9.41,9.4,9.4,140.96
1650424080000,9.4,9.41,9.4,9.41,129.4
1650424140000,9.41,9.41,9.4,9.41,571.59
1650424200000,9.41,9.42,9.4,9.42,1563.11
1650424260000,9.41,9.42,9.41,9.41,81.29
1650424320000,9.41,9.42,9.41,9.41,121.5
1650424380000,9.41,9.41,9.41,9.41,88.76
1650424440000,9.42,9.42,9.41,9.41,614.68
1650424500000,9.4,9.42,9.4,9.41,361.33
1650424560000,9.41,9.41,9.4,9.41,84.15
1650424620000,9.41,9.42,9.4,9.42,805.0
1650424680000,9.41,9.41,9.41,9.41,182.2
1650424740000,9.41,9.41,9.41,9.41,44.39
1650424800000,9.41,9.41,9.41,9.41,130.68
1650424860000,9.41,9.41,9.41,9.41,14.84
1650424920000,9.4,9.41,9.4,9.41,38.01
1650424980000,9.41,9.41,9.4,9.4,28.34
1650425040000,9.41,9.41,9.4,9.41,12.53
1650425100000,9.41,9.41,9.4,9.4,100.19
1650425160000,9.4,9.41,9.4,9.41,97.79
1650425220000,9.41,9.41,9.4,9.4,2684.67
1650425280000,9.4,9.42,9.4,9.41,3394.62
1650425340000,9.4,9.41,9.4,9.4,25.28
1650425400000,9.4,9.41,9.4,9.41,2.21
1650425460000,9.4,9.41,9.4,9.41,10.61
1650425520000,9.41,9.41,9.41,9.41,70.59
1650425580000,9.41,9.42,9.41,9.41,122.01
1650425640000,9.41,9.42,9.41,9.41,5207.22
1650425700000,9.41,9.41,9.41,9.41,2.23
1650425760000,9.41,9.41,9.4,9.4,438.63
1650425820000,9.4,9.4,9.38,9.38,1455.27
1650425880000,9.39,9.39,9.36,9.39,1708.06
1650425940000,9.38,9.39,9.38,9.38,239.77
1650426000000,9.38,9.38,9.37,9.38,63.24
1650426060000,9.37,9.38,9.37,9.38,315.46
1650426120000,9.39,9.39,9.39,9.39,1206.41
1650426180000,9.38,9.39,9.38,9.39,4.33
1650426240000,9.38,9.39,9.38,9.39,33.37
1650426300000,9.39,9.4,9.39,9.4,86.45
1650426360000,9.4,9.41,9.4,9.41,547.96
1650426420000,9.41,9.42,9.41,9.41,184.97
1650426480000,9.41,9.41,9.41,9.41,372.88
1650426540000,9.41,9.41,9.41,9.41,154.88
1650426600000,9.4,9.41,9.4,9.41,92.29
1650426660000,9.41,9.42,9.41,9.42,613.65
1650426720000,9.42,9.42,9.41,9.42,40.69
1650426780000,9.42,9.42,9.41,9.42,224.96
1650426840000,9.42,9.42,9.41,9.41,100.0
1650426900000,9.41,9.42,9.41,9.42,452.96
1650426960000,9.42,9.42,9.42,9.42,43.21
1650427020000,9.41,9.41,9.41,9.41,5.17
1650427080000,9.41,9.42,9.41,9.42,119.45
1650427140000,9.41,9.42,9.41,9.41,116.89
1650427200000,9.41,9.41,9.41,9.41,1409.25
1650427260000,9.41,9.42,9.41,9.42,16.48
1650427320000,9.42,9.43,9.4,9.41,34790.77
1650427380000,9.41,9.43,9.41,9.42,15622.98
1650427440000,9.41,9.42,9.41,9.41,1269.0
1650427500000,9.41,9.43,9.41,9.43,1334.3
1650427560000,9.43,9.43,9.42,9.43,1989.07
1650427620000,9.42,9.43,9.42,9.43,2.21
1650427680000,9.43,9.43,9.42,9.42,338.4
1650427740000,9.42,9.43,9.42,9.43,118.87
1650427800000,9.43,9.43,9.42,9.42,1225.09
1650427860000,9.42,9.42,9.41,9.42,195.25
1650427920000,9.41,9.41,9.41,9.41,171.16
1650427980000,9.42,9.42,9.42,9.42,114.19
1650428040000,9.42,9.42,9.42,9.42,34.67
1650428100000,9.41,9.42,9.41,9.42,36.79
1650428160000,9.41,9.42,9.41,9.42,38.52
1650428220000,9.42,9.42,9.41,9.41,10.16
1650428280000,9.42,9.42,9.42,9.42,1.25
1650428340000,9.41,9.42,9.41,9.41,85.29
1650428400000,9.41,9.41,9.39,9.4,1666.21
1650428460000,9.39,9.39,9.39,9.39,1075.93
1650428520000,9.39,9.39,9.39,9.39,15.0
1650428580000,9.39,9.4,9.38,9.38,2650.33
1650428640000,9.38,9.39,9.38,9.39,79.83
1650428700000,9.39,9.39,9.39,9.39,295.48
1650428760000,9.39,9.4,9.39,9.39,1026.98
1650428820000,9.39,9.4,9.39,9.4,170.6
1650428880000,9.4,9.4,9.4,9.4,0.0
1650428940000,9.4,9.41,9.4,9.41,5530.08
1650429000000,9.4,9.41,9.4,9.41,5103.3
1650429060000,9.41,9.41,9.41,9.41,0.0
1650429120000,9.4,9.4,9.37,9.38,1503.31
1650429180000,9.38,9.38,9.38,9.38,21.57
1650429240000,9.37,9.37,9.37,9.37,57.9
1650429300000,9.38,9.38,9.37,9.37,491.35
1650429360000,9.37,9.37,9.37,9.37,956.28
1650429420000,9.37,9.37,9.37,9.37,610.59
1650429480000,9.38,9.38,9.38,9.38,1.1
1650429540000,9.38,9.38,9.38,9.38,11.08
1650429600000,9.38,9.38,9.38,9.38,5.4
1650429660000,9.38,9.38,9.38,9.38,0.0
1650429720000,9.38,9.38,9.37,9.37,7.43
1650429780000,9.38,9.38,9.38,9.38,129.22
1650429840000,9.38,9.39,9.38,9.39,1179.75
1650429900000,9.38,9.38,9.38,9.38,141.13
1650429960000,9.39,9.39,9.38,9.39,1607.36
1650430020000,9.39,9.39,9.39,9.39,0.0
1650430080000,9.39,9.4,9.38,9.4,223.53
1650430140000,9.39,9.39,9.39,9.39,1.07
1650430200000,9.4,9.4,9.39,9.39,8.99
1650430260000,9.39,9.39,9.39,9.39,4.6
1650430320000,9.38,9.39,9.38,9.39,129.12
1650430380000,9.39,9.39,9.39,9.39,88.4
1650430440000,9.39,9.4,9.39,9.4,30.71
1650430500000,9.4,9.4,9.38,9.39,445.15
1650430560000,9.4,9.4,9.4,9.4,33.47
1650430620000,9.4,9.4,9.4,9.4,77.43
1650430680000,9.39,9.4,9.39,9.39,56.54
1650430740000,9.39,9.41,9.39,9.41,499.92
1650430800000,9.4,9.4,9.4,9.4,9.92
1650430860000,9.39,9.4,9.39,9.4,4.8
1650430920000,9.39,9.39,9.39,9.39,54.33
1650430980000,9.39,9.39,9.39,9.39,0.0
1650431040000,9.4,9.4,9.39,9.39,648.5
1650431100000,9.39,9.39,9.38,9.39,183.7
1650431160000,9.4,9.4,9.4,9.4,793.54
1650431220000,9.41,9.41,9.41,9.41,52.29
1650431280000,9.4,9.4,9.4,9.4,54.33
1650431340000,9.41,9.41,9.39,9.39,554.97
1650431400000,9.39,9.39,9.38,9.38,309.24
1650431460000,9.39,9.39,9.38,9.38,318.29
1650431520000,9.37,9.38,9.37,9.38,305.7
1650431580000,9.38,9.38,9.38,9.38,1.06
1650431640000,9.37,9.37,9.37,9.37,3.0
1650431700000,9.38,9.38,9.37,9.38,358.78
1650431760000,9.37,9.38,9.37,9.38,333.77
1650431820000,9.37,9.38,9.37,9.37,42.97
1650431880000,9.38,9.38,9.38,9.38,271.95
1650431940000,9.38,9.39,9.38,9.39,15.19
1650432000000,9.38,9.39,9.38,9.39,376.59
1650432060000,9.39,9.39,9.38,9.38,134.94
1650432120000,9.38,9.38,9.38,9.38,54.33
1650432180000,9.39,9.39,9.39,9.39,126.6
1650432240000,9.39,9.39,9.39,9.39,18.48
1650432300000,9.39,9.39,9.38,9.38,308.91
1650432360000,9.38,9.39,9.38,9.39,142.96
1650432420000,9.4,9.4,9.39,9.4,217.15
1650432480000,9.4,9.41,9.4,9.4,162.27
1650432540000,9.4,9.4,9.4,9.4,0.0
1650432600000,9.4,9.4,9.4,9.4,0.0
1650432660000,9.4,9.4,9.4,9.4,0.0
1650432720000,9.41,9.41,9.4,9.4,84.33
1650432780000,9.41,9.41,9.41,9.41,114.74
1650432840000,9.4,9.42,9.4,9.42,11517.68
1650432900000,9.42,9.42,9.41,9.41,149.61
1650432960000,9.41,9.41,9.41,9.41,330.59
1650433020000,9.41,9.41,9.41,9.41,344.72
1650433080000,9.4,9.41,9.4,9.41,343.98
1650433140000,9.41,9.41,9.41,9.41,69.33
1650433200000,9.42,9.42,9.42,9.42,315.66
1650433260000,9.42,9.42,9.42,9.42,154.92
1650433320000,9.41,9.42,9.41,9.42,363.08
1650433380000,9.42,9.43,9.42,9.42,324.0
1650433440000,9.43,9.43,9.43,9.43,394.51
1650433500000,9.43,9.43,9.43,9.43,411.31
1650433560000,9.43,9.43,9.43,9.43,5.3
1650433620000,9.43,9.43,9.42,9.42,210.54
1650433680000,9.43,9.43,9.42,9.42,38.64
1650433740000,9.43,9.43,9.43,9.43,1149.22
1650433800000,9.43,9.44,9.43,9.44,92.25
1650433860000,9.43,9.44,9.43,9.44,13.39
1650433920000,9.43,9.44,9.43,9.44,283.85
1650433980000,9.43,9.45,9.43,9.45,95.04
1650434040000,9.44,9.44,9.43,9.43,51.54
1650434100000,9.43,9.44,9.43,9.44,2358.3
1650434160000,9.43,9.44,9.43,9.44,16.44
1650434220000,9.44,9.45,9.44,9.44,860.49
1650434280000,9.44,9.45,9.44,9.45,749.81
1650434340000,9.44,9.45,9.44,9.45,311.77
1650434400000,9.45,9.45,9.44,9.44,272.74
1650434460000,9.45,9.45,9.43,9.44,572.55
1650434520000,9.44,9.45,9.44,9.44,82.3
1650434580000,9.44,9.45,9.44,9.45,871.53
1650434640000,9.45,9.52,9.45,9.48,21304.79
1650434700000,9.48,9.49,9.45,9.46,3555.2
1650434760000,9.46,9.46,9.46,9.46,2971.36
1650434820000,9.46,9.48,9.46,9.47,500.2
1650434880000,9.47,9.47,9.47,9.47,784.29
1650434940000,9.47,9.48,9.47,9.48,431.59
1650435000000,9.48,9.48,9.47,9.47,17.96
1650435060000,9.47,9.47,9.47,9.47,2.0
1650435120000,9.47,9.48,9.46,9.48,5451.6
1650435180000,9.48,9.49,9.48,9.49,2686.67
1650435240000,9.49,9.49,9.48,9.48,1432.51
1650435300000,9.48,9.48,9.47,9.47,363.29
1650435360000,9.47,9.47,9.46,9.46,928.94
1650435420000,9.46,9.46,9.46,9.46,24.61
1650435480000,9.47,9.47,9.46,9.47,46.66
1650435540000,9.47,9.47,9.47,9.47,0.0
1650435600000,9.47,9.47,9.47,9.47,0.0
1650435660000,9.46,9.46,9.44,9.45,12557.34
1650435720000,9.45,9.45,9.44,9.44,18.45
1650435780000,9.44,9.44,9.44,9.44,1.66
1650435840000,9.44,9.44,9.44,9.44,70.17
1650435900000,9.45,9.45,9.45,9.45,88.28
1650435960000,9.45,9.46,9.45,9.46,480.75
1650436020000,9.46,9.47,9.46,9.46,302.01
1650436080000,9.46,9.46,9.45,9.45,58.78
1650436140000,9.45,9.45,9.45,9.45,0.0
1650436200000,9.46,9.46,9.46,9.46,8.78
1650436260000,9.46,9.46,9.46,9.46,36.31
1650436320000,9.46,9.46,9.46,9.46,35.15
1650436380000,9.46,9.47,9.46,9.47,682.47
1650436440000,9.47,9.48,9.47,9.48,11.58
1650436500000,9.47,9.47,9.46,9.46,867.38
1650436560000,9.46,9.46,9.46,9.46,20.85
1650436620000,9.47,9.47,9.47,9.47,473.68
1650436680000,9.46,9.47,9.46,9.47,53.57
1650436740000,9.46,9.47,9.46,9.47,1390.31
1650436800000,9.46,9.47,9.45,9.47,362.49
1650436860000,9.46,9.46,9.45,9.46,281.75
1650436920000,9.45,9.45,9.44,9.45,683.76
1650436980000,9.45,9.45,9.45,9.45,42.01
1650437040000,9.45,9.45,9.44,9.44,113.93
1650437100000,9.45,9.45,9.44,9.44,148.16
1650437160000,9.45,9.45,9.45,9.45,17.34
1650437220000,9.45,9.45,9.45,9.45,122.61
1650437280000,9.45,9.45,9.45,9.45,105.82
1650437340000,9.44,9.44,9.44,9.44,8.25
1650437400000,9.44,9.44,9.44,9.44,9.22
1650437460000,9.44,9.46,9.44,9.46,328.2
1650437520000,9.46,9.46,9.46,9.46,24.24
1650437580000,9.45,9.45,9.45,9.45,161.69
1650437640000,9.46,9.46,9.45,9.46,17.19
1650437700000,9.45,9.46,9.45,9.46,5.87
1650437760000,9.46,9.46,9.45,9.45,10.45
1650437820000,9.46,9.47,9.46,9.46,363.65
1650437880000,9.46,9.47,9.46,9.47,588.22
1650437940000,9.47,9.47,9.46,9.47,568.84
1650438000000,9.47,9.48,9.47,9.48,3419.03
1650438060000,9.48,9.48,9.47,9.47,308.31
1650438120000,9.47,9.47,9.47,9.47,309.16
1650438180000,9.47,9.48,9.46,9.48,365.37
1650438240000,9.48,9.48,9.47,9.47,251.73
1650438300000,9.47,9.47,9.46,9.47,58.81
1650438360000,9.47,9.47,9.47,9.47,21.55
1650438420000,9.48,9.5,9.48,9.49,3177.85
1650438480000,9.49,9.51,9.49,9.51,2897.53
1650438540000,9.51,9.51,9.49,9.5,2473.82
1650438600000,9.5,9.5,9.49,9.49,619.89
1650438660000,9.5,9.5,9.5,9.5,19.58
1650438720000,9.49,9.5,9.49,9.49,452.59
1650438780000,9.49,9.5,9.48,9.48,810.65
1650438840000,9.49,9.49,9.49,9.49,1.1
1650438900000,9.49,9.49,9.48,9.48,129.82
1650438960000,9.48,9.48,9.47,9.47,626.54
1650439020000,9.47,9.48,9.47,9.48,125.16
1650439080000,9.48,9.48,9.48,9.48,97.51
1650439140000,9.47,9.48,9.45,9.46,1493.82
1650439200000,9.45,9.46,9.45,9.46,774.52
1650439260000,9.46,9.46,9.45,9.45,104.0
1650439320000,9.46,9.46,9.46,9.46,2.64
1650439380000,9.45,9.46,9.45,9.45,32.02
1650439440000,9.45,9.45,9.45,9.45,718.47
1650439500000,9.45,9.45,9.45,9.45,0.0
1650439560000,9.45,9.45,9.44,9.44,448.75
1650439620000,9.44,9.44,9.42,9.43,1645.11
1650439680000,9.42,9.43,9.42,9.43,89.7
1650439740000,9.42,9.43,9.42,9.43,63.41
1650439800000,9.43,9.44,9.43,9.43,1066.94
1650439860000,9.44,9.44,9.44,9.44,485.53
1650439920000,9.44,9.44,9.43,9.43,46.31
1650439980000,9.44,9.45,9.44,9.45,37.28
1650440040000,9.45,9.45,9.45,9.45,1155.51
1650440100000,9.45,9.45,9.45,9.45,611.9
1650440160000,9.44,9.45,9.44,9.45,149.89
1650440220000,9.44,9.44,9.43,9.44,762.83
1650440280000,9.45,9.45,9.43,9.43,54.93
1650440340000,9.44,9.44,9.43,9.43,734.65
1650440400000,9.43,9.44,9.43,9.43,220.46
1650440460000,9.44,9.45,9.43,9.44,537.61
1650440520000,9.45,9.45,9.45,9.45,1.15
1650440580000,9.45,9.45,9.45,9.45,0.0
1650440640000,9.44,9.44,9.44,9.44,223.81
1650440700000,9.43,9.43,9.41,9.42,11878.56
1650440760000,9.42,9.43,9.42,9.42,568.83
1650440820000,9.42,9.44,9.42,9.44,1225.67
1650440880000,9.44,9.44,9.44,9.44,0.0
1650440940000,9.44,9.44,9.43,9.44,21.55
1650441000000,9.43,9.44,9.43,9.43,15.22
1650441060000,9.43,9.44,9.43,9.43,138.93
1650441120000,9.43,9.43,9.43,9.43,151.57
1650441180000,9.44,9.44,9.43,9.43,2517.31
1650441240000,9.43,9.44,9.43,9.43,212.52
1650441300000,9.43,9.43,9.42,9.43,1140.05
1650441360000,9.43,9.43,9.43,9.43,0.0
1650441420000,9.44,9.44,9.44,9.44,100.0
1650441480000,9.43,9.44,9.43,9.44,39.54
1650441540000,9.44,9.44,9.42,9.43,613.16
1650441600000,9.44,9.44,9.42,9.42,694.03
1650441660000,9.43,9.43,9.41,9.41,360.75
1650441720000,9.42,9.42,9.41,9.41,1354.28
1650441780000,9.42,9.42,9.41,9.42,12.79
1650441840000,9.41,9.41,9.41,9.41,55.48
1650441900000,9.41,9.42,9.41,9.42,383.16
1650441960000,9.42,9.42,9.41,9.42,1275.45
1650442020000,9.41,9.42,9.41,9.42,475.77
1650442080000,9.43,9.43,9.42,9.42,204.6
1650442140000,9.42,9.42,9.42,9.42,363.56
1650442200000,9.43,9.43,9.43,9.43,37.46
1650442260000,9.43,9.43,9.43,9.43,0.0
1650442320000,9.43,9.43,9.42,9.42,13.33
1650442380000,9.43,9.43,9.43,9.43,5.54
1650442440000,9.43,9.43,9.43,9.43,508.99
1650442500000,9.43,9.44,9.42,9.42,494.48
1650442560000,9.42,9.43,9.42,9.43,33.78
1650442620000,9.43,9.43,9.43,9.43,56.99
1650442680000,9.42,9.43,9.42,9.42,22.29
1650442740000,9.42,9.42,9.42,9.42,0.0
1650442800000,9.42,9.43,9.42,9.43,281.0
1650442860000,9.43,9.43,9.43,9.43,165.11
1650442920000,9.42,9.42,9.42,9.42,3.68
1650442980000,9.43,9.44,9.43,9.44,324.48
1650443040000,9.43,9.43,9.43,9.43,6.41
1650443100000,9.44,9.44,9.44,9.44,8.18
1650443160000,9.44,9.44,9.44,9.44,1662.31
1650443220000,9.43,9.45,9.43,9.45,180.69
1650443280000,9.45,9.45,9.45,9.45,432.15
1650443340000,9.44,9.44,9.44,9.44,29.39
1650443400000,9.44,9.45,9.44,9.45,457.26
1650443460000,9.45,9.45,9.44,9.44,207.95
1650443520000,9.44,9.45,9.44,9.44,227.64
1650443580000,9.45,9.46,9.45,9.45,1231.25
1650443640000,9.45,9.46,9.45,9.46,536.2
1650443700000,9.46,9.46,9.46,9.46,457.25
1650443760000,9.46,9.46,9.46,9.46,630.63
1650443820000,9.46,9.46,9.45,9.46,126.58
1650443880000,9.45,9.47,9.45,9.46,93.93
1650443940000,9.47,9.47,9.46,9.47,14.83
1650444000000,9.46,9.47,9.46,9.47,85.67
1650444060000,9.46,9.46,9.46,9.46,37.06
1650444120000,9.46,9.47,9.46,9.47,67.59
1650444180000,9.47,9.47,9.47,9.47,259.41
1650444240000,9.47,9.48,9.47,9.47,791.94
1650444300000,9.47,9.49,9.47,9.47,11103.13
1650444360000,9.47,9.47,9.46,9.47,655.36
1650444420000,9.47,9.47,9.47,9.47,170.39
1650444480000,9.46,9.47,9.46,9.47,1003.59
1650444540000,9.47,9.47,9.46,9.46,404.38
1650444600000,9.46,9.48,9.46,9.47,563.2
1650444660000,9.48,9.48,9.47,9.47,226.62
1650444720000,9.48,9.48,9.47,9.47,1083.41
1650444780000,9.48,9.48,9.48,9.48,6.43
1650444840000,9.47,9.47,9.47,9.47,33.66
1650444900000,9.47,9.47,9.46,9.47,492.3
1650444960000,9.47,9.48,9.46,9.46,5200.48
1650445020000,9.47,9.48,9.47,9.48,314.55
1650445080000,9.47,9.47,9.47,9.47,134.64
1650445140000,9.47,9.47,9.47,9.47,1.24
1650445200000,9.48,9.48,9.48,9.48,703.4
1650445260000,9.48,9.48,9.47,9.47,1261.05
1650445320000,9.47,9.47,9.44,9.44,6783.89
1650445380000,9.44,9.44,9.43,9.43,376.46
1650445440000,9.44,9.44,9.44,9.44,994.45
1650445500000,9.44,9.45,9.44,9.45,771.84
1650445560000,9.45,9.46,9.45,9.45,280.05
1650445620000,9.45,9.46,9.45,9.45,280.13
1650445680000,9.44,9.46,9.44,9.46,578.72
1650445740000,9.46,9.47,9.46,9.47,879.21
1650445800000,9.46,9.46,9.44,9.46,1252.21
1650445860000,9.45,9.46,9.45,9.45,21.32
1650445920000,9.45,9.45,9.45,9.45,30.0
1650445980000,9.45,9.45,9.45,9.45,22.89
1650446040000,9.45,9.46,9.45,9.45,74.02
1650446100000,9.45,9.45,9.45,9.45,24.62
1650446160000,9.45,9.45,9.45,9.45,10.0
1650446220000,9.45,9.46,9.45,9.45,40.62
1650446280000,9.46,9.47,9.46,9.47,1415.83
1650446340000,9.47,9.47,9.46,9.47,1437.89
1650446400000,9.46,9.46,9.46,9.46,191.43
1650446460000,9.46,9.49,9.46,9.48,493.13
1650446520000,9.47,9.48,9.47,9.47,767.32
1650446580000,9.47,9.48,9.47,9.48,263.68
1650446640000,9.48,9.49,9.48,9.48,31.09
1650446700000,9.48,9.48,9.48,9.48,17.68
1650446760000,9.49,9.49,9.48,9.48,7.7
1650446820000,9.48,9.49,9.48,9.48,72.69
1650446880000,9.48,9.49,9.48,9.49,67.85
1650446940000,9.48,9.49,9.48,9.48,29.06
1650447000000,9.49,9.49,9.49,9.49,40.76
1650447060000,9.49,9.49,9.49,9.49,132.76
1650447120000,9.49,9.5,9.48,9.48,1391.02
1650447180000,9.48,9.49,9.47,9.48,846.57
1650447240000,9.48,9.49,9.47,9.48,478.41
1650447300000,9.49,9.49,9.47,9.47,726.09
1650447360000,9.47,9.48,9.47,9.47,21.1
1650447420000,9.47,9.48,9.47,9.48,21.91
1650447480000,9.47,9.49,9.47,9.48,55.46
1650447540000,9.48,9.49,9.48,9.48,129.87
1650447600000,9.48,9.49,9.48,9.48,155.82
1650447660000,9.48,9.48,9.48,9.48,3.74
1650447720000,9.47,9.48,9.47,9.48,35.31
1650447780000,9.49,9.49,9.49,9.49,4.99
1650447840000,9.48,9.48,9.48,9.48,16.0
1650447900000,9.48,9.5,9.48,9.48,3147.35
1650447960000,9.49,9.49,9.48,9.49,361.65
1650448020000,9.48,9.48,9.46,9.47,903.4
1650448080000,9.48,9.48,9.46,9.47,1940.04
1650448140000,9.47,9.47,9.46,9.47,73.19
1650448200000,9.46,9.47,9.44,9.45,5828.68
1650448260000,9.45,9.46,9.45,9.46,418.96
1650448320000,9.46,9.47,9.46,9.47,449.26
1650448380000,9.47,9.47,9.46,9.46,114.54
1650448440000,9.47,9.48,9.47,9.47,988.23
1650448500000,9.47,9.47,9.46,9.47,856.03
1650448560000,9.47,9.48,9.46,9.47,2342.21
1650448620000,9.47,9.48,9.47,9.48,551.15
1650448680000,9.47,9.48,9.47,9.48,13.73
1650448740000,9.47,9.48,9.47,9.47,265.29
1650448800000,9.47,9.48,9.47,9.48,735.57
1650448860000,9.47,9.47,9.46,9.46,137.8
1650448920000,9.46,9.48,9.46,9.47,504.41
1650448980000,9.47,9.48,9.46,9.46,344.18
1650449040000,9.46,9.47,9.45,9.45,221.2
1650449100000,9.45,9.46,9.45,9.45,61.6
1650449160000,9.46,9.46,9.45,9.45,90.45
1650449220000,9.45,9.45,9.44,9.45,1407.27
1650449280000,9.45,9.46,9.44,9.46,76.61
1650449340000,9.46,9.46,9.45,9.45,2157.0
1650449400000,9.46,9.46,9.44,9.45,543.56
1650449460000,9.45,9.46,9.44,9.45,610.66
1650449520000,9.46,9.47,9.45,9.46,913.74
1650449580000,9.47,9.47,9.45,9.45,21.1
1650449640000,9.45,9.46,9.45,9.45,212.64
1650449700000,9.45,9.46,9.45,9.46,172.61
1650449760000,9.46,9.47,9.46,9.47,54.1
1650449820000,9.46,9.47,9.46,9.46,41.26
1650449880000,9.46,9.48,9.46,9.47,1655.99
1650449940000,9.47,9.47,9.47,9.47,15.64
1650450000000,9.47,9.48,9.47,9.48,1454.85
1650450060000,9.48,9.49,9.47,9.49,1877.53
1650450120000,9.49,9.49,9.48,9.49,273.42
1650450180000,9.49,9.5,9.47,9.47,1121.94
1650450240000,9.48,9.48,9.47,9.48,120.15
1650450300000,9.48,9.52,9.48,9.51,8953.43
1650450360000,9.52,9.53,9.5,9.51,4767.27
1650450420000,9.52,9.53,9.51,9.52,5537.25
1650450480000,9.52,9.54,9.52,9.53,792.34
1650450540000,9.53,9.55,9.52,9.53,2525.07
1650450600000,9.54,9.55,9.52,9.54,2825.26
1650450660000,9.54,9.56,9.53,9.54,1781.83
1650450720000,9.55,9.55,9.53,9.54,1245.95
1650450780000,9.54,9.56,9.54,9.54,822.88
1650450840000,9.54,9.54,9.53,9.53,560.73
1650450900000,9.53,9.55,9.53,9.55,290.37
1650450960000,9.55,9.55,9.54,9.54,195.95
1650451020000,9.55,9.56,9.54,9.55,1126.26
1650451080000,9.55,9.55,9.54,9.54,2756.53
1650451140000,9.54,9.55,9.53,9.54,971.94
1650451200000,9.54,9.56,9.54,9.55,1912.71
1650451260000,9.55,9.58,9.55,9.56,2721.09
1650451320000,9.56,9.58,9.56,9.57,2689.63
1650451380000,9.57,9.58,9.56,9.56,403.01
1650451440000,9.56,9.58,9.55,9.57,2489.37
1650451500000,9.57,9.58,9.56,9.57,951.14
1650451560000,9.57,9.57,9.55,9.56,811.38
1650451620000,9.56,9.57,9.55,9.57,3086.05
1650451680000,9.56,9.56,9.56,9.56,391.25
1650451740000,9.56,9.57,9.55,9.56,864.86
1650451800000,9.56,9.57,9.55,9.56,2331.81
1650451860000,9.56,9.56,9.55,9.56,403.19
1650451920000,9.56,9.56,9.56,9.56,4.45
1650451980000,9.56,9.57,9.56,9.56,355.02
1650452040000,9.57,9.57,9.57,9.57,1021.73
1650452100000,9.58,9.58,9.57,9.57,66.28
1650452160000,9.58,9.58,9.57,9.57,249.38
1650452220000,9.57,9.58,9.57,9.57,105.79
1650452280000,9.57,9.57,9.57,9.57,21.39
1650452340000,9.57,9.58,9.57,9.57,580.94
1650452400000,9.57,9.58,9.57,9.57,768.43
1650452460000,9.57,9.58,9.56,9.57,1837.85
1650452520000,9.57,9.57,9.56,9.57,235.29
1650452580000,9.56,9.56,9.56,9.56,84.59
1650452640000,9.56,9.56,9.56,9.56,391.78
1650452700000,9.56,9.56,9.55,9.56,1714.22
1650452760000,9.56,9.56,9.55,9.55,2737.52
1650452820000,9.55,9.57,9.55,9.57,577.62
1650452880000,9.57,9.57,9.57,9.57,331.26
1650452940000,9.57,9.58,9.56,9.57,1115.65
1650453000000,9.57,9.57,9.56,9.57,430.61
1650453060000,9.57,9.57,9.56,9.57,790.06
1650453120000,9.58,9.58,9.57,9.57,621.87
1650453180000,9.56,9.58,9.56,9.58,834.21
1650453240000,9.58,9.58,9.57,9.57,139.7
1650453300000,9.58,9.59,9.57,9.58,1429.55
1650453360000,9.59,9.59,9.58,9.59,107.59
1650453420000,9.59,9.6,9.58,9.59,3825.03
1650453480000,9.58,9.6,9.58,9.6,4981.37
1650453540000,9.6,9.6,9.59,9.59,950.55
1650453600000,9.59,9.6,9.58,9.6,1919.83
1650453660000,9.6,9.61,9.59,9.61,11009.83
1650453720000,9.61,9.62,9.61,9.61,5032.33
1650453780000,9.61,9.62,9.61,9.61,57.63
1650453840000,9.62,9.62,9.61,9.62,78.43
1650453900000,9.62,9.62,9.61,9.62,1435.18
1650453960000,9.63,9.63,9.62,9.62,616.36
1650454020000,9.63,9.63,9.62,9.63,568.54
1650454080000,9.63,9.63,9.61,9.62,2736.76
1650454140000,9.61,9.62,9.6,9.62,752.46
1650454200000,9.62,9.63,9.62,9.63,1084.31
1650454260000,9.62,9.62,9.61,9.62,6838.41
1650454320000,9.62,9.63,9.61,9.63,407.83
1650454380000,9.63,9.64,9.63,9.63,547.39
1650454440000,9.64,9.64,9.64,9.64,6.23
1650454500000,9.63,9.64,9.62,9.63,726.92
1650454560000,9.63,9.63,9.62,9.63,726.18
1650454620000,9.64,9.64,9.62,9.63,994.37
1650454680000,9.64,9.64,9.64,9.64,1.55
1650454740000,9.64,9.67,9.63,9.66,9233.12
1650454800000,9.65,9.66,9.65,9.66,1507.06
1650454860000,9.66,9.66,9.64,9.65,2367.6
1650454920000,9.65,9.66,9.63,9.65,2609.28
1650454980000,9.65,9.66,9.64,9.65,1527.45
1650455040000,9.65,9.66,9.65,9.66,276.59
1650455100000,9.66,9.66,9.64,9.65,4169.41
1650455160000,9.66,9.66,9.66,9.66,145.42
1650455220000,9.66,9.66,9.62,9.63,3435.1
1650455280000,9.62,9.62,9.58,9.62,20284.17
1650455340000,9.62,9.65,9.61,9.64,4498.86
1650455400000,9.64,9.67,9.63,9.66,9028.55
1650455460000,9.66,9.66,9.65,9.66,957.07
1650455520000,9.66,9.66,9.64,9.65,1055.78
1650455580000,9.66,9.67,9.65,9.66,524.73
1650455640000,9.66,9.67,9.66,9.66,1080.61
1650455700000,9.66,9.67,9.66,9.67,744.92
1650455760000,9.67,9.68,9.66,9.67,774.7
1650455820000,9.68,9.68,9.66,9.67,183.45
1650455880000,9.67,9.69,9.67,9.69,3082.49
1650455940000,9.68,9.7,9.68,9.68,2198.86
1650456000000,9.68,9.69,9.68,9.68,1367.47
1650456060000,9.69,9.7,9.69,9.69,1711.51
1650456120000,9.7,9.7,9.7,9.7,187.09
1650456180000,9.69,9.7,9.68,9.68,621.47
1650456240000,9.69,9.7,9.69,9.7,5075.85
1650456300000,9.7,9.7,9.67,9.68,11975.51
1650456360000,9.67,9.68,9.65,9.65,4312.53
1650456420000,9.66,9.67,9.66,9.66,186.97
1650456480000,9.66,9.66,9.64,9.64,3972.59
1650456540000,9.64,9.64,9.62,9.62,1742.88
1650456600000,9.62,9.63,9.6,9.63,2651.21
1650456660000,9.63,9.63,9.61,9.62,2104.89
1650456720000,9.62,9.62,9.6,9.61,688.97
1650456780000,9.61,9.61,9.59,9.6,964.13
1650456840000,9.6,9.61,9.6,9.61,150.7
1650456900000,9.61,9.62,9.6,9.61,778.33
1650456960000,9.61,9.62,9.61,9.62,302.3
1650457020000,9.61,9.64,9.61,9.63,4532.48
1650457080000,9.64,9.65,9.63,9.64,485.25
1650457140000,9.64,9.64,9.61,9.62,4264.59
1650457200000,9.62,9.62,9.61,9.62,1261.64
1650457260000,9.62,9.63,9.62,9.63,791.92
1650457320000,9.63,9.64,9.63,9.64,1571.21
1650457380000,9.64,9.66,9.64,9.66,2198.57
1650457440000,9.66,9.66,9.65,9.66,17.95
1650457500000,9.65,9.65,9.65,9.65,7.26
1650457560000,9.65,9.66,9.64,9.66,2958.26
1650457620000,9.65,9.65,9.64,9.65,465.96
1650457680000,9.65,9.66,9.65,9.65,251.76
1650457740000,9.66,9.66,9.64,9.65,150.87
1650457800000,9.65,9.65,9.64,9.64,2209.86
1650457860000,9.65,9.66,9.65,9.66,1646.83
1650457920000,9.67,9.67,9.65,9.66,104.75
1650457980000,9.66,9.66,9.66,9.66,235.59
1650458040000,9.65,9.67,9.64,9.66,1728.92
1650458100000,9.66,9.66,9.66,9.66,491.94
1650458160000,9.66,9.68,9.66,9.68,388.1
1650458220000,9.67,9.68,9.67,9.67,260.18
1650458280000,9.68,9.68,9.67,9.67,562.12
1650458340000,9.68,9.68,9.66,9.67,706.86
1650458400000,9.67,9.68,9.67,9.67,495.97
1650458460000,9.67,9.67,9.65,9.65,10854.86
1650458520000,9.66,9.67,9.66,9.67,298.85
1650458580000,9.67,9.67,9.65,9.66,874.18
1650458640000,9.66,9.67,9.65,9.65,1562.58
1650458700000,9.65,9.67,9.65,9.67,483.21
1650458760000,9.67,9.67,9.66,9.66,5.28
1650458820000,9.67,9.67,9.66,9.66,155.9
1650458880000,9.66,9.66,9.65,9.66,434.92
1650458940000,9.66,9.66,9.65,9.65,3.81
1650459000000,9.66,9.67,9.66,9.66,1251.16
1650459060000,9.66,9.67,9.66,9.67,130.07
1650459120000,9.67,9.67,9.67,9.67,134.89
1650459180000,9.66,9.66,9.66,9.66,236.28
1650459240000,9.66,9.66,9.66,9.66,826.57
1650459300000,9.67,9.67,9.66,9.67,885.08
1650459360000,9.68,9.68,9.66,9.67,500.55
1650459420000,9.66,9.68,9.66,9.68,336.03
1650459480000,9.67,9.68,9.67,9.68,578.15
1650459540000,9.68,9.68,9.66,9.67,1023.63
1650459600000,9.67,9.68,9.67,9.68,14846.74
1650459660000,9.67,9.67,9.65,9.65,1024.78
1650459720000,9.66,9.66,9.64,9.65,391.56
1650459780000,9.64,9.65,9.64,9.64,1164.37
1650459840000,9.65,9.66,9.64,9.64,1769.6
1650459900000,9.64,9.64,9.62,9.63,1634.04
1650459960000,9.62,9.62,9.62,9.62,762.23
1650460020000,9.62,9.63,9.62,9.62,512.26
1650460080000,9.62,9.63,9.62,9.63,62.94
1650460140000,9.62,9.63,9.62,9.62,261.41
1650460200000,9.63,9.63,9.62,9.62,689.85
1650460260000,9.63,9.63,9.62,9.63,170.51
1650460320000,9.62,9.63,9.62,9.62,19.75
1650460380000,9.62,9.63,9.62,9.63,144.05
1650460440000,9.63,9.63,9.61,9.62,316.65
1650460500000,9.63,9.63,9.62,9.62,66.98
1650460560000,9.62,9.62,9.61,9.61,569.87
1650460620000,9.61,9.62,9.6,9.61,1061.63
1650460680000,9.61,9.61,9.6,9.6,297.05
1650460740000,9.61,9.62,9.61,9.61,553.29
1650460800000,9.61,9.62,9.61,9.61,1959.23
1650460860000,9.61,9.62,9.61,9.62,126.98
1650460920000,9.62,9.62,9.61,9.61,583.86
1650460980000,9.6,9.61,9.6,9.61,207.7
1650461040000,9.6,9.61,9.6,9.6,138.64
1650461100000,9.61,9.62,9.6,9.61,717.58
1650461160000,9.6,9.61,9.6,9.61,10.12
1650461220000,9.6,9.6,9.59,9.6,2231.8
1650461280000,9.59,9.61,9.57,9.57,3742.44
1650461340000,9.58,9.58,9.57,9.57,452.55
1650461400000,9.58,9.59,9.57,9.59,1447.91
1650461460000,9.59,9.61,9.59,9.6,1428.47
1650461520000,9.6,9.6,9.57,9.57,894.64
1650461580000,9.57,9.58,9.55,9.56,1623.2
1650461640000,9.55,9.55,9.49,9.52,7928.77
1650461700000,9.51,9.52,9.48,9.49,1770.79
1650461760000,9.49,9.5,9.47,9.5,4171.45
1650461820000,9.5,9.51,9.5,9.51,5619.61
1650461880000,9.51,9.51,9.5,9.5,445.84
1650461940000,9.5,9.51,9.49,9.5,299.84
1650462000000,9.51,9.51,9.48,9.48,856.38
1650462060000,9.48,9.49,9.48,9.49,231.48
1650462120000,9.48,9.48,9.42,9.43,6116.32
1650462180000,9.44,9.44,9.38,9.42,13193.41
1650462240000,9.41,9.45,9.41,9.44,2947.36
1650462300000,9.44,9.44,9.43,9.43,2706.38
1650462360000,9.43,9.44,9.39,9.39,4424.06
1650462420000,9.39,9.42,9.39,9.42,1263.01
1650462480000,9.41,9.42,9.4,9.41,861.05
1650462540000,9.41,9.42,9.4,9.41,1838.99
1650462600000,9.4,9.43,9.4,9.43,673.21
1650462660000,9.42,9.42,9.42,9.42,573.06
1650462720000,9.41,9.41,9.39,9.4,1488.57
1650462780000,9.4,9.41,9.4,9.4,402.07
1650462840000,9.41,9.41,9.38,9.39,5645.61
1650462900000,9.39,9.4,9.38,9.39,2642.6
1650462960000,9.4,9.43,9.4,9.42,2220.22
1650463020000,9.43,9.43,9.41,9.41,550.83
1650463080000,9.42,9.44,9.42,9.44,1717.81
1650463140000,9.44,9.45,9.44,9.45,633.69
1650463200000,9.44,9.45,9.43,9.45,1800.61
1650463260000,9.44,9.44,9.43,9.43,592.98
1650463320000,9.43,9.44,9.42,9.42,661.19
1650463380000,9.41,9.42,9.4,9.41,383.26
1650463440000,9.42,9.42,9.41,9.41,201.51
1650463500000,9.41,9.42,9.41,9.41,611.97
1650463560000,9.41,9.41,9.39,9.4,5783.41
1650463620000,9.39,9.39,9.38,9.38,2208.94
1650463680000,9.38,9.39,9.36,9.37,3942.23
1650463740000,9.37,9.39,9.37,9.39,2047.79
1650463800000,9.39,9.4,9.39,9.4,158.68
1650463860000,9.4,9.42,9.4,9.42,4599.77
1650463920000,9.42,9.42,9.41,9.42,655.2
1650463980000,9.43,9.46,9.43,9.45,3188.82
1650464040000,9.44,9.45,9.44,9.45,1306.13
1650464100000,9.45,9.46,9.44,9.45,1299.79
1650464160000,9.44,9.45,9.44,9.45,974.94
1650464220000,9.45,9.46,9.45,9.46,765.45
1650464280000,9.46,9.47,9.46,9.46,1301.76
1650464340000,9.45,9.46,9.44,9.44,796.18
1650464400000,9.44,9.45,9.44,9.45,148.61
1650464460000,9.45,9.45,9.44,9.44,476.71
1650464520000,9.45,9.45,9.41,9.41,3002.48
1650464580000,9.4,9.41,9.38,9.38,1860.29
1650464640000,9.38,9.41,9.37,9.4,4997.75
1650464700000,9.4,9.4,9.4,9.4,2962.41
1650464760000,9.4,9.41,9.4,9.41,588.33
1650464820000,9.42,9.43,9.41,9.41,603.38
1650464880000,9.42,9.42,9.39,9.39,1307.0
1650464940000,9.38,9.4,9.38,9.4,3128.6
1650465000000,9.39,9.4,9.39,9.4,388.17
1650465060000,9.38,9.4,9.38,9.4,324.44
1650465120000,9.4,9.42,9.39,9.4,1847.52
1650465180000,9.39,9.41,9.39,9.41,545.15
1650465240000,9.41,9.41,9.4,9.41,174.89
1650465300000,9.4,9.42,9.4,9.41,551.0
1650465360000,9.4,9.41,9.4,9.41,142.14
1650465420000,9.41,9.42,9.41,9.42,975.26
1650465480000,9.43,9.43,9.41,9.42,259.15
1650465540000,9.42,9.42,9.42,9.42,49.67
1650465600000,9.42,9.42,9.41,9.41,924.85
1650465660000,9.4,9.41,9.4,9.41,602.87
1650465720000,9.41,9.41,9.41,9.41,2061.73
1650465780000,9.41,9.41,9.39,9.4,1030.78
1650465840000,9.4,9.41,9.4,9.41,159.6
1650465900000,9.41,9.41,9.39,9.41,642.21
1650465960000,9.4,9.41,9.4,9.4,1615.23
1650466020000,9.4,9.4,9.37,9.38,1018.48
1650466080000,9.38,9.39,9.38,9.38,229.46
1650466140000,9.39,9.39,9.38,9.39,31.78
1650466200000,9.39,9.39,9.38,9.39,465.45
1650466260000,9.39,9.41,9.39,9.41,593.55
1650466320000,9.41,9.42,9.41,9.41,1059.48
1650466380000,9.4,9.41,9.4,9.4,131.06
1650466440000,9.4,9.4,9.39,9.4,355.57
1650466500000,9.4,9.4,9.4,9.4,38.74
1650466560000,9.4,9.4,9.39,9.39,62.5
1650466620000,9.39,9.39,9.36,9.36,1017.4
1650466680000,9.36,9.36,9.34,9.36,4864.36
1650466740000,9.35,9.35,9.34,9.35,587.69
1650466800000,9.35,9.35,9.29,9.3,7425.24
1650466860000,9.3,9.3,9.27,9.29,9046.74
1650466920000,9.29,9.3,9.25,9.25,3842.89
1650466980000,9.25,9.29,9.23,9.29,5742.62
1650467040000,9.29,9.29,9.27,9.27,1201.69
1650467100000,9.27,9.29,9.27,9.28,2115.69
1650467160000,9.28,9.29,9.27,9.27,1469.22
1650467220000,9.27,9.29,9.27,9.29,366.29
1650467280000,9.29,9.29,9.26,9.26,855.21
1650467340000,9.26,9.27,9.26,9.27,758.97
1650467400000,9.26,9.27,9.24,9.27,880.46
1650467460000,9.27,9.28,9.27,9.28,1178.97
1650467520000,9.28,9.28,9.26,9.27,282.6
1650467580000,9.27,9.27,9.25,9.27,410.63
1650467640000,9.28,9.29,9.26,9.29,604.99
1650467700000,9.29,9.29,9.27,9.27,562.48
1650467760000,9.27,9.27,9.24,9.26,2766.37
1650467820000,9.26,9.27,9.25,9.27,3282.89
1650467880000,9.26,9.28,9.26,9.26,1359.92
1650467940000,9.25,9.25,9.2,9.21,9376.95
1650468000000,9.22,9.25,9.21,9.24,3341.55
1650468060000,9.25,9.25,9.23,9.25,498.86
1650468120000,9.24,9.25,9.23,9.23,2744.52
1650468180000,9.24,9.26,9.24,9.26,954.76
1650468240000,9.25,9.26,9.25,9.25,324.35
1650468300000,9.26,9.28,9.25,9.27,2698.63
1650468360000,9.26,9.28,9.26,9.26,913.42
1650468420000,9.26,9.27,9.25,9.26,2335.69
1650468480000,9.25,9.26,9.25,9.26,603.95
1650468540000,9.27,9.28,9.27,9.27,726.4
1650468600000,9.26,9.28,9.25,9.27,1876.08
1650468660000,9.27,9.28,9.26,9.27,962.14
1650468720000,9.27,9.27,9.25,9.25,6158.5
1650468780000,9.25,9.25,9.24,9.25,675.24
1650468840000,9.25,9.26,9.25,9.25,1520.18
1650468900000,9.24,9.25,9.23,9.24,1870.86
1650468960000,9.25,9.25,9.25,9.25,755.05
1650469020000,9.25,9.26,9.25,9.25,1039.15
1650469080000,9.25,9.26,9.24,9.25,2838.47
1650469140000,9.25,9.25,9.22,9.23,2278.12
1650469200000,9.23,9.26,9.23,9.25,1604.62
1650469260000,9.25,9.26,9.25,9.25,522.23
1650469320000,9.25,9.25,9.25,9.25,5.53
1650469380000,9.24,9.25,9.24,9.25,142.63
1650469440000,9.24,9.25,9.24,9.25,1022.25
1650469500000,9.26,9.26,9.25,9.25,682.73
1650469560000,9.26,9.26,9.26,9.26,25.88
1650469620000,9.26,9.26,9.25,9.25,245.58
1650469680000,9.26,9.26,9.24,9.25,243.23
1650469740000,9.25,9.25,9.24,9.25,1614.08
1650469800000,9.24,9.25,9.23,9.23,2438.01
1650469860000,9.23,9.26,9.23,9.26,1651.04
1650469920000,9.25,9.25,9.24,9.25,476.87
1650469980000,9.24,9.25,9.24,9.25,3655.44
1650470040000,9.26,9.26,9.25,9.26,574.84
1650470100000,9.26,9.26,9.24,9.24,524.33
1650470160000,9.25,9.26,9.25,9.25,181.82
1650470220000,9.26,9.26,9.26,9.26,308.11
1650470280000,9.25,9.26,9.25,9.26,84.14
1650470340000,9.26,9.26,9.25,9.25,211.59
1650470400000,9.26,9.26,9.24,9.25,871.75
1650470460000,9.24,9.26,9.24,9.25,137.62
1650470520000,9.25,9.25,9.23,9.23,633.52
1650470580000,9.22,9.23,9.21,9.22,1030.57
1650470640000,9.21,9.23,9.21,9.23,851.06
1650470700000,9.22,9.25,9.22,9.25,758.5
1650470760000,9.25,9.25,9.24,9.24,1259.43
1650470820000,9.24,9.27,9.24,9.27,2399.82
1650470880000,9.27,9.28,9.26,9.27,1200.43
1650470940000,9.27,9.27,9.25,9.27,920.41
1650471000000,9.27,9.28,9.25,9.27,1896.27
1650471060000,9.27,9.28,9.26,9.27,1584.06
1650471120000,9.27,9.27,9.24,9.24,904.34
1650471180000,9.24,9.25,9.22,9.23,1610.95
1650471240000,9.23,9.23,9.22,9.23,205.12
1650471300000,9.23,9.23,9.19,9.2,2864.63
1650471360000,9.2,9.21,9.2,9.21,1326.83
1650471420000,9.2,9.21,9.19,9.19,574.01
1650471480000,9.2,9.22,9.2,9.22,1186.85
1650471540000,9.21,9.22,9.19,9.19,2526.82
1650471600000,9.2,9.21,9.2,9.21,1789.09
1650471660000,9.21,9.22,9.21,9.21,27.37
1650471720000,9.2,9.22,9.2,9.21,209.61
1650471780000,9.21,9.22,9.2,9.22,643.29
1650471840000,9.22,9.22,9.2,9.22,819.71
1650471900000,9.23,9.23,9.2,9.2,884.65
1650471960000,9.2,9.21,9.2,9.2,243.18
1650472020000,9.2,9.2,9.19,9.2,708.55
1650472080000,9.19,9.21,9.18,9.21,1302.14
1650472140000,9.2,9.24,9.2,9.24,1675.2
1650472200000,9.24,9.24,9.22,9.22,869.34
1650472260000,9.23,9.24,9.23,9.24,515.44
1650472320000,9.23,9.25,9.22,9.24,921.99
1650472380000,9.23,9.25,9.23,9.24,2097.47
1650472440000,9.24,9.26,9.24,9.26,3474.47
1650472500000,9.26,9.26,9.24,9.25,1233.94
1650472560000,9.25,9.26,9.24,9.25,201.54
1650472620000,9.26,9.27,9.26,9.26,75.29
1650472680000,9.27,9.28,9.26,9.26,1912.18
1650472740000,9.26,9.26,9.24,9.25,930.24
1650472800000,9.25,9.25,9.24,9.25,83.36
1650472860000,9.25,9.25,9.24,9.24,137.54
1650472920000,9.25,9.25,9.25,9.25,20.67
1650472980000,9.26,9.26,9.26,9.26,2.7
1650473040000,9.26,9.26,9.24,9.25,513.76
1650473100000,9.24,9.26,9.24,9.26,278.18
1650473160000,9.26,9.26,9.23,9.23,1928.82
1650473220000,9.24,9.25,9.23,9.23,1116.51
1650473280000,9.23,9.25,9.23,9.23,1116.75
1650473340000,9.23,9.24,9.23,9.23,1586.39
1650473400000,9.23,9.25,9.23,9.24,1051.52
1650473460000,9.25,9.25,9.24,9.24,1407.18
1650473520000,9.24,9.25,9.23,9.25,653.15
1650473580000,9.25,9.26,9.25,9.26,570.29
1650473640000,9.26,9.26,9.25,9.26,661.69
1650473700000,9.26,9.26,9.25,9.26,1552.45
1650473760000,9.26,9.27,9.25,9.27,81.21
1650473820000,9.26,9.26,9.25,9.26,411.73
1650473880000,9.26,9.26,9.25,9.25,17.79
1650473940000,9.26,9.26,9.26,9.26,238.59
1650474000000,9.25,9.27,9.25,9.26,105.05
1650474060000,9.27,9.27,9.26,9.26,2094.98
1650474120000,9.26,9.27,9.25,9.26,188.36
1650474180000,9.26,9.26,9.25,9.26,147.05
1650474240000,9.26,9.26,9.25,9.25,55.72
1650474300000,9.26,9.26,9.25,9.26,122.3
1650474360000,9.26,9.27,9.26,9.27,351.83
1650474420000,9.26,9.26,9.24,9.25,1255.29
1650474480000,9.25,9.25,9.22,9.23,2489.01
1650474540000,9.22,9.23,9.22,9.22,2808.04
1650474600000,9.23,9.23,9.23,9.23,57.28
1650474660000,9.23,9.23,9.23,9.23,270.67
1650474720000,9.23,9.23,9.23,9.23,95.12
1650474780000,9.23,9.24,9.23,9.24,999.93
1650474840000,9.24,9.25,9.24,9.24,477.82
1650474900000,9.24,9.26,9.24,9.26,159.0
1650474960000,9.26,9.26,9.25,9.25,724.51
1650475020000,9.24,9.25,9.23,9.23,743.62
1650475080000,9.23,9.23,9.23,9.23,97.48
1650475140000,9.22,9.23,9.22,9.22,464.75
1650475200000,9.22,9.23,9.22,9.22,99.81
1650475260000,9.22,9.23,9.22,9.22,260.35
1650475320000,9.23,9.23,9.23,9.23,260.89
1650475380000,9.23,9.23,9.23,9.23,686.26
1650475440000,9.23,9.23,9.23,9.23,40.87
1650475500000,9.23,9.23,9.22,9.22,148.99
1650475560000,9.21,9.23,9.21,9.22,4034.77
1650475620000,9.22,9.23,9.22,9.23,780.44
1650475680000,9.23,9.24,9.22,9.23,44.9
1650475740000,9.23,9.24,9.22,9.22,449.8
1650475800000,9.23,9.23,9.22,9.23,152.49
1650475860000,9.23,9.24,9.23,9.23,91.73
1650475920000,9.23,9.23,9.22,9.23,329.27
1650475980000,9.22,9.22,9.22,9.22,524.49
1650476040000,9.21,9.24,9.21,9.24,214.28
1650476100000,9.24,9.24,9.24,9.24,109.12
1650476160000,9.24,9.24,9.23,9.24,40.04
1650476220000,9.24,9.24,9.24,9.24,60.34
1650476280000,9.24,9.24,9.23,9.23,379.85
1650476340000,9.22,9.23,9.22,9.22,662.35
1650476400000,9.22,9.23,9.21,9.22,768.96
1650476460000,9.22,9.22,9.21,9.21,117.14
1650476520000,9.22,9.22,9.22,9.22,451.72
1650476580000,9.22,9.23,9.22,9.23,85.64
1650476640000,9.23,9.23,9.22,9.22,331.39
1650476700000,9.23,9.24,9.22,9.24,343.48
1650476760000,9.24,9.25,9.24,9.25,316.71
1650476820000,9.25,9.26,9.24,9.26,1414.68
1650476880000,9.26,9.26,9.25,9.26,61.61
1650476940000,9.26,9.27,9.25,9.27,165.63
1650477000000,9.26,9.27,9.26,9.27,485.91
1650477060000,9.26,9.26,9.25,9.26,154.84
1650477120000,9.26,9.26,9.25,9.25,1872.04
1650477180000,9.25,9.25,9.25,9.25,82.33
1650477240000,9.25,9.25,9.25,9.25,89.55
1650477300000,9.25,9.25,9.23,9.25,416.44
1650477360000,9.25,9.25,9.25,9.25,149.9
1650477420000,9.25,9.25,9.25,9.25,46.48
1650477480000,9.25,9.25,9.24,9.24,128.83
1650477540000,9.25,9.26,9.25,9.26,242.09
1650477600000,9.26,9.26,9.24,9.25,163.99
1650477660000,9.25,9.26,9.24,9.26,104.59
1650477720000,9.26,9.26,9.25,9.25,63.98
1650477780000,9.25,9.25,9.24,9.24,749.95
1650477840000,9.23,9.25,9.23,9.24,1150.64
1650477900000,9.24,9.24,9.24,9.24,152.62
1650477960000,9.25,9.25,9.24,9.24,275.14
1650478020000,9.24,9.25,9.23,9.24,323.49
1650478080000,9.23,9.24,9.23,9.23,710.52
1650478140000,9.23,9.24,9.23,9.23,481.23
1650478200000,9.24,9.24,9.23,9.23,10.84
1650478260000,9.24,9.24,9.24,9.24,21.63
1650478320000,9.24,9.24,9.23,9.24,204.18
1650478380000,9.24,9.24,9.24,9.24,5.38
1650478440000,9.24,9.24,9.22,9.24,257.52
1650478500000,9.24,9.25,9.24,9.25,249.88
1650478560000,9.25,9.25,9.24,9.24,459.49
1650478620000,9.24,9.24,9.21,9.21,3838.63
1650478680000,9.2,9.2,9.19,9.2,2111.46
1650478740000,9.2,9.21,9.2,9.2,794.23
1650478800000,9.2,9.2,9.18,9.19,1052.12
1650478860000,9.19,9.2,9.19,9.2,76.72
1650478920000,9.2,9.2,9.19,9.19,236.72
1650478980000,9.19,9.21,9.19,9.21,404.06
1650479040000,9.21,9.21,9.2,9.21,224.76
1650479100000,9.2,9.2,9.19,9.19,645.89
1650479160000,9.18,9.19,9.18,9.19,2245.58
1650479220000,9.18,9.19,9.18,9.18,27.82
1650479280000,9.19,9.19,9.18,9.18,32.79
1650479340000,9.18,9.18,9.15,9.16,3052.74
1650479400000,9.15,9.16,9.14,9.15,2402.02
1650479460000,9.15,9.15,9.14,9.15,223.79
1650479520000,9.15,9.2,9.15,9.2,4644.09
1650479580000,9.2,9.2,9.18,9.19,1424.56
1650479640000,9.19,9.19,9.19,9.19,2.0
1650479700000,9.2,9.2,9.17,9.17,698.37
1650479760000,9.17,9.18,9.17,9.18,377.77
1650479820000,9.18,9.18,9.17,9.18,20.1
1650479880000,9.18,9.19,9.18,9.18,476.7
1650479940000,9.17,9.18,9.17,9.17,527.68
1650480000000,9.18,9.18,9.1,9.12,12924.52
1650480060000,9.12,9.14,9.1,9.13,3833.0
1650480120000,9.13,9.13,9.12,9.13,1067.72
1650480180000,9.12,9.13,9.11,9.13,837.65
1650480240000,9.12,9.14,9.11,9.12,1936.19
1650480300000,9.12,9.15,9.12,9.15,3503.52
1650480360000,9.15,9.15,9.13,9.14,2267.29
1650480420000,9.14,9.17,9.14,9.14,2910.43
1650480480000,9.14,9.17,9.14,9.15,1768.95
1650480540000,9.15,9.15,9.14,9.14,814.76
1650480600000,9.15,9.15,9.13,9.14,453.74
1650480660000,9.14,9.14,9.12,9.13,838.33
1650480720000,9.13,9.13,9.12,9.12,423.45
1650480780000,9.13,9.13,9.12,9.13,221.48
1650480840000,9.13,9.13,9.1,9.12,1043.27
1650480900000,9.11,9.12,9.11,9.12,544.07
1650480960000,9.12,9.12,9.12,9.12,663.0
1650481020000,9.12,9.13,9.11,9.11,616.37
1650481080000,9.11,9.13,9.11,9.13,348.48
1650481140000,9.12,9.13,9.12,9.13,877.07
1650481200000,9.13,9.15,9.13,9.14,1210.56
1650481260000,9.15,9.16,9.13,9.13,895.97
1650481320000,9.13,9.14,9.13,9.14,6.81
1650481380000,9.14,9.15,9.14,9.15,337.66
1650481440000,9.15,9.15,9.14,9.15,223.54
1650481500000,9.14,9.14,9.13,9.13,453.83
1650481560000,9.13,9.15,9.13,9.15,1979.32
1650481620000,9.15,9.15,9.15,9.15,251.34
1650481680000,9.15,9.15,9.15,9.15,360.21
1650481740000,9.15,9.15,9.15,9.15,215.05
1650481800000,9.15,9.16,9.15,9.16,207.84
1650481860000,9.15,9.15,9.14,9.15,558.1
1650481920000,9.16,9.19,9.16,9.19,648.22
1650481980000,9.19,9.19,9.19,9.19,54.4
1650482040000,9.19,9.19,9.18,9.18,595.97
1650482100000,9.18,9.19,9.18,9.19,120.22
1650482160000,9.19,9.2,9.18,9.2,4024.06
1650482220000,9.2,9.2,9.19,9.2,516.76
1650482280000,9.19,9.2,9.19,9.2,46.25
1650482340000,9.19,9.2,9.19,9.19,647.08
1650482400000,9.19,9.19,9.19,9.19,617.12
1650482460000,9.18,9.18,9.17,9.17,122.4
1650482520000,9.17,9.17,9.17,9.17,28.0
1650482580000,9.18,9.19,9.18,9.19,163.78
1650482640000,9.18,9.18,9.17,9.17,323.12
1650482700000,9.18,9.19,9.18,9.18,84.65
1650482760000,9.19,9.19,9.18,9.18,41.88
1650482820000,9.18,9.19,9.18,9.19,24.59
1650482880000,9.18,9.18,9.18,9.18,20.55
1650482940000,9.18,9.18,9.18,9.18,14.72
1650483000000,9.19,9.2,9.19,9.19,609.62
1650483060000,9.18,9.18,9.18,9.18,56.59
1650483120000,9.18,9.19,9.17,9.18,125.91
1650483180000,9.17,9.17,9.17,9.17,10.0
1650483240000,9.18,9.18,9.17,9.17,484.74
1650483300000,9.18,9.19,9.18,9.18,107.98
1650483360000,9.19,9.19,9.19,9.19,6.4
1650483420000,9.19,9.2,9.19,9.2,662.21
1650483480000,9.19,9.2,9.19,9.2,205.92
1650483540000,9.2,9.21,9.2,9.2,872.95
1650483600000,9.2,9.2,9.2,9.2,13.07
1650483660000,9.2,9.2,9.2,9.2,2372.95
1650483720000,9.21,9.21,9.2,9.2,315.76
1650483780000,9.19,9.2,9.19,9.2,33.24
1650483840000,9.2,9.2,9.2,9.2,41.33
1650483900000,9.2,9.21,9.19,9.19,778.82
1650483960000,9.2,9.2,9.2,9.2,36.86
1650484020000,9.2,9.22,9.2,9.21,1743.29
1650484080000,9.21,9.22,9.2,9.22,353.18
1650484140000,9.21,9.21,9.2,9.2,470.15
1650484200000,9.2,9.21,9.19,9.21,85.55
1650484260000,9.21,9.21,9.21,9.21,21.71
1650484320000,9.21,9.22,9.21,9.21,657.09
1650484380000,9.22,9.22,9.22,9.22,2.16
1650484440000,9.22,9.22,9.22,9.22,1.13
1650484500000,9.22,9.22,9.21,9.21,232.14
1650484560000,9.22,9.22,9.2,9.21,333.49
1650484620000,9.2,9.22,9.2,9.21,752.86
1650484680000,9.22,9.22,9.19,9.19,2352.16
1650484740000,9.21,9.21,9.2,9.21,44.71
1650484800000,9.21,9.22,9.2,9.22,329.62
1650484860000,9.21,9.22,9.2,9.2,1277.32
1650484920000,9.2,9.21,9.19,9.21,884.9
1650484980000,9.2,9.2,9.19,9.19,249.95
1650485040000,9.19,9.23,9.19,9.22,2744.65
1650485100000,9.23,9.23,9.22,9.22,2018.79
1650485160000,9.21,9.22,9.19,9.22,1936.05
1650485220000,9.22,9.22,9.21,9.21,267.75
1650485280000,9.21,9.22,9.21,9.21,50.62
1650485340000,9.21,9.22,9.21,9.21,49.26
1650485400000,9.21,9.21,9.19,9.2,411.28
1650485460000,9.19,9.19,9.19,9.19,111.13
1650485520000,9.19,9.19,9.18,9.18,185.89
1650485580000,9.18,9.19,9.18,9.18,111.36
1650485640000,9.18,9.19,9.18,9.18,384.98
1650485700000,9.18,9.2,9.18,9.18,270.29
1650485760000,9.17,9.17,9.16,9.16,228.1
1650485820000,9.16,9.18,9.15,9.16,1019.57
1650485880000,9.16,9.16,9.15,9.16,509.57
1650485940000,9.16,9.16,9.14,9.14,559.62
1650486000000,9.14,9.16,9.14,9.15,66.89
1650486060000,9.16,9.16,9.14,9.15,288.95
1650486120000,9.15,9.16,9.14,9.15,561.11
1650486180000,9.15,9.16,9.15,9.15,60.31
1650486240000,9.15,9.16,9.15,9.16,38.03
1650486300000,9.15,9.15,9.15,9.15,42.6
1650486360000,9.15,9.16,9.15,9.16,54.97
1650486420000,9.15,9.16,9.15,9.15,181.36
1650486480000,9.16,9.17,9.15,9.16,168.84
1650486540000,9.17,9.17,9.17,9.17,387.87
1650486600000,9.18,9.18,9.17,9.17,242.13
1650486660000,9.17,9.18,9.17,9.18,233.21
1650486720000,9.19,9.19,9.19,9.19,56.57
1650486780000,9.19,9.19,9.18,9.18,532.54
1650486840000,9.19,9.19,9.19,9.19,1.89
1650486900000,9.19,9.19,9.19,9.19,0.0
1650486960000,9.19,9.21,9.19,9.2,852.12
1650487020000,9.21,9.21,9.2,9.21,209.8
1650487080000,9.21,9.22,9.21,9.22,441.06
1650487140000,9.22,9.22,9.21,9.21,330.67
1650487200000,9.21,9.21,9.21,9.21,33.7
1650487260000,9.21,9.22,9.21,9.22,45.0
1650487320000,9.21,9.21,9.21,9.21,3.7
1650487380000,9.21,9.22,9.21,9.22,27.34
1650487440000,9.22,9.23,9.22,9.22,338.05
1650487500000,9.21,9.22,9.21,9.21,276.57
1650487560000,9.22,9.22,9.22,9.22,16.29
1650487620000,9.22,9.23,9.22,9.23,798.98
1650487680000,9.23,9.23,9.22,9.22,39.64
1650487740000,9.22,9.23,9.22,9.23,295.28
1650487800000,9.23,9.23,9.23,9.23,45.01
1650487860000,9.22,9.23,9.22,9.23,145.29
1650487920000,9.23,9.23,9.23,9.23,557.5
1650487980000,9.24,9.24,9.23,9.24,1242.46
1650488040000,9.23,9.25,9.23,9.24,17308.59
1650488100000,9.24,9.24,9.24,9.24,522.74
1650488160000,9.23,9.23,9.23,9.23,41.32
1650488220000,9.23,9.25,9.23,9.25,357.0
1650488280000,9.24,9.24,9.23,9.24,157.46
1650488340000,9.24,9.24,9.24,9.24,5.78
1650488400000,9.24,9.25,9.24,9.25,1031.64
1650488460000,9.24,9.24,9.24,9.24,2051.86
1650488520000,9.23,9.24,9.23,9.24,265.73
1650488580000,9.24,9.24,9.23,9.23,44.12
1650488640000,9.24,9.24,9.24,9.24,150.03
1650488700000,9.24,9.24,9.23,9.24,211.02
1650488760000,9.24,9.24,9.24,9.24,24.93
1650488820000,9.24,9.24,9.23,9.24,19.64
1650488880000,9.24,9.24,9.24,9.24,26.9
1650488940000,9.24,9.25,9.24,9.24,273.81
1650489000000,9.25,9.25,9.24,9.24,21.68
1650489060000,9.25,9.25,9.24,9.24,635.97
1650489120000,9.25,9.25,9.25,9.25,1.39
1650489180000,9.25,9.25,9.24,9.24,83.87
1650489240000,9.24,9.25,9.24,9.25,357.1
1650489300000,9.25,9.25,9.25,9.25,26.57
1650489360000,9.25,9.25,9.24,9.25,242.93
1650489420000,9.25,9.25,9.25,9.25,12.42
1650489480000,9.25,9.25,9.24,9.24,590.27
1650489540000,9.24,9.24,9.23,9.23,261.37
1650489600000,9.24,9.24,9.24,9.24,35.76
1650489660000,9.23,9.23,9.23,9.23,3.94
1650489720000,9.23,9.24,9.23,9.24,34.36
1650489780000,9.24,9.24,9.24,9.24,29.62
1650489840000,9.24,9.24,9.24,9.24,370.4
1650489900000,9.24,9.25,9.24,9.25,184.5
1650489960000,9.25,9.25,9.24,9.24,2027.33
1650490020000,9.24,9.25,9.23,9.25,306.5
1650490080000,9.25,9.25,9.24,9.25,1874.39
1650490140000,9.25,9.25,9.24,9.24,123.56
1650490200000,9.24,9.24,9.23,9.24,779.89
1650490260000,9.24,9.25,9.24,9.25,125.55
1650490320000,9.25,9.25,9.25,9.25,34.46
1650490380000,9.25,9.25,9.24,9.25,438.35
1650490440000,9.24,9.26,9.24,9.25,556.48
1650490500000,9.25,9.26,9.24,9.24,339.25
1650490560000,9.24,9.24,9.23,9.23,257.75
1650490620000,9.23,9.23,9.22,9.22,264.09
1650490680000,9.23,9.23,9.23,9.23,56.85
1650490740000,9.23,9.23,9.23,9.23,85.23
1650490800000,9.23,9.23,9.22,9.22,140.33
1650490860000,9.23,9.23,9.23,9.23,73.23
1650490920000,9.23,9.23,9.23,9.23,15.35
1650490980000,9.22,9.22,9.22,9.22,139.31
1650491040000,9.21,9.21,9.21,9.21,1.13
1650491100000,9.21,9.22,9.21,9.21,186.14
1650491160000,9.21,9.22,9.21,9.22,11.02
1650491220000,9.21,9.21,9.21,9.21,75.18
1650491280000,9.22,9.22,9.21,9.21,13.6
1650491340000,9.21,9.21,9.21,9.21,0.0
1650491400000,9.22,9.22,9.21,9.21,12.0
1650491460000,9.21,9.22,9.21,9.21,803.93
1650491520000,9.21,9.21,9.21,9.21,262.49
1650491580000,9.22,9.22,9.22,9.22,60.54
1650491640000,9.22,9.22,9.22,9.22,1.7
1650491700000,9.22,9.22,9.21,9.22,268.89
1650491760000,9.22,9.22,9.22,9.22,40.42
1650491820000,9.21,9.22,9.21,9.22,170.02
1650491880000,9.22,9.22,9.22,9.22,12.59
1650491940000,9.23,9.23,9.22,9.22,166.78
1650492000000,9.23,9.23,9.23,9.23,376.53
1650492060000,9.24,9.24,9.23,9.24,5900.64
1650492120000,9.24,9.25,9.24,9.25,596.17
1650492180000,9.24,9.25,9.24,9.25,125.44
1650492240000,9.24,9.25,9.24,9.24,43.35
1650492300000,9.24,9.25,9.23,9.24,195.01
1650492360000,9.24,9.25,9.24,9.24,87.47
1650492420000,9.24,9.25,9.24,9.25,1073.25
1650492480000,9.26,9.26,9.25,9.26,3691.37
1650492540000,9.26,9.29,9.26,9.28,3270.04
1650492600000,9.29,9.29,9.28,9.29,336.03
1650492660000,9.28,9.28,9.27,9.28,1230.93
1650492720000,9.28,9.3,9.28,9.3,1226.56
1650492780000,9.3,9.31,9.3,9.3,220.82
1650492840000,9.31,9.32,9.3,9.31,791.28
1650492900000,9.31,9.33,9.31,9.33,1244.52
1650492960000,9.32,9.33,9.32,9.33,648.15
1650493020000,9.32,9.34,9.32,9.33,522.09
1650493080000,9.34,9.34,9.33,9.34,954.05
1650493140000,9.34,9.34,9.32,9.33,1381.35
1650493200000,9.33,9.34,9.33,9.34,768.02
1650493260000,9.35,9.35,9.32,9.32,1398.91
1650493320000,9.32,9.34,9.31,9.31,771.85
1650493380000,9.31,9.31,9.31,9.31,2.17
1650493440000,9.32,9.32,9.31,9.32,249.17
1650493500000,9.31,9.31,9.31,9.31,5.63
1650493560000,9.32,9.32,9.31,9.31,90.64
1650493620000,9.31,9.32,9.31,9.32,96.84
1650493680000,9.31,9.31,9.3,9.3,1181.71
1650493740000,9.3,9.3,9.3,9.3,424.49
1650493800000,9.3,9.31,9.3,9.31,12.87
1650493860000,9.31,9.32,9.3,9.32,3522.72
1650493920000,9.32,9.32,9.31,9.32,328.09
1650493980000,9.31,9.31,9.31,9.31,271.19
1650494040000,9.32,9.32,9.32,9.32,240.64
1650494100000,9.33,9.33,9.32,9.32,3567.84
1650494160000,9.32,9.33,9.32,9.33,1200.29
1650494220000,9.33,9.33,9.33,9.33,0.0
1650494280000,9.33,9.35,9.33,9.35,2721.0
1650494340000,9.35,9.36,9.35,9.36,546.12
1650494400000,9.36,9.37,9.36,9.37,1124.69
1650494460000,9.37,9.38,9.37,9.38,205.05
1650494520000,9.38,9.39,9.38,9.39,3259.02
1650494580000,9.39,9.4,9.37,9.39,5509.59
1650494640000,9.4,9.4,9.39,9.39,980.53
1650494700000,9.4,9.4,9.38,9.39,358.08
1650494760000,9.39,9.39,9.38,9.39,1399.4
1650494820000,9.39,9.39,9.38,9.39,971.96
1650494880000,9.4,9.41,9.4,9.41,1133.49
1650494940000,9.41,9.42,9.4,9.42,2325.0
1650495000000,9.41,9.42,9.41,9.42,1157.13
1650495060000,9.42,9.43,9.42,9.43,559.33
1650495120000,9.43,9.44,9.41,9.42,5537.29
1650495180000,9.41,9.41,9.4,9.4,1331.81
1650495240000,9.4,9.4,9.38,9.38,1586.31
1650495300000,9.38,9.4,9.38,9.4,821.12
1650495360000,9.39,9.39,9.38,9.39,353.91
1650495420000,9.4,9.4,9.4,9.4,17.09
1650495480000,9.4,9.4,9.4,9.4,0.0
1650495540000,9.4,9.41,9.39,9.4,940.16
1650495600000,9.41,9.43,9.39,9.42,3237.48
1650495660000,9.43,9.43,9.42,9.42,659.39
1650495720000,9.42,9.42,9.39,9.4,645.63
1650495780000,9.4,9.4,9.38,9.4,737.79
1650495840000,9.4,9.4,9.39,9.4,107.24
1650495900000,9.4,9.4,9.39,9.39,429.76
1650495960000,9.4,9.4,9.4,9.4,79.7
1650496020000,9.4,9.4,9.4,9.4,52.72
1650496080000,9.4,9.4,9.37,9.37,2667.24
1650496140000,9.38,9.39,9.36,9.38,1024.18
1650496200000,9.38,9.38,9.34,9.35,2158.03
1650496260000,9.36,9.37,9.33,9.35,6287.66
1650496320000,9.35,9.36,9.35,9.35,563.01
1650496380000,9.35,9.35,9.34,9.35,945.79
1650496440000,9.35,9.36,9.34,9.36,444.92
1650496500000,9.36,9.36,9.34,9.35,223.82
1650496560000,9.35,9.36,9.35,9.35,360.71
1650496620000,9.36,9.36,9.35,9.35,123.5
1650496680000,9.35,9.36,9.35,9.35,265.41
1650496740000,9.34,9.34,9.34,9.34,788.35
1650496800000,9.35,9.35,9.35,9.35,4.81
1650496860000,9.35,9.35,9.35,9.35,1.27
1650496920000,9.34,9.34,9.33,9.33,756.12
1650496980000,9.33,9.33,9.33,9.33,213.46
1650497040000,9.32,9.34,9.32,9.33,310.35
1650497100000,9.33,9.35,9.33,9.35,275.71
1650497160000,9.34,9.34,9.34,9.34,495.05
1650497220000,9.34,9.34,9.33,9.34,14.43
1650497280000,9.33,9.34,9.33,9.34,1533.12
1650497340000,9.34,9.34,9.33,9.33,24.71
1650497400000,9.33,9.33,9.31,9.31,1140.24
1650497460000,9.31,9.31,9.29,9.3,2357.9
1650497520000,9.3,9.33,9.3,9.33,826.87
1650497580000,9.32,9.32,9.32,9.32,7.39
1650497640000,9.31,9.31,9.31,9.31,347.88
1650497700000,9.32,9.32,9.32,9.32,1.75
1650497760000,9.32,9.33,9.32,9.33,4138.72
1650497820000,9.33,9.33,9.3,9.3,2727.33
1650497880000,9.3,9.3,9.28,9.3,1162.9
1650497940000,9.3,9.3,9.29,9.29,35.77
1650498000000,9.3,9.3,9.29,9.29,470.45
1650498060000,9.3,9.3,9.29,9.29,180.81
1650498120000,9.3,9.31,9.3,9.31,1598.63
1650498180000,9.3,9.3,9.3,9.3,1.13
1650498240000,9.3,9.3,9.3,9.3,182.84
1650498300000,9.3,9.31,9.29,9.3,1313.47
1650498360000,9.31,9.31,9.31,9.31,32.33
1650498420000,9.31,9.32,9.31,9.32,157.61
1650498480000,9.32,9.32,9.32,9.32,0.0
1650498540000,9.32,9.32,9.32,9.32,34.54
1650498600000,9.32,9.32,9.32,9.32,0.0
1650498660000,9.33,9.34,9.33,9.33,522.04
1650498720000,9.33,9.33,9.33,9.33,219.32
1650498780000,9.32,9.33,9.32,9.32,60.79
1650498840000,9.32,9.32,9.32,9.32,50.61
1650498900000,9.32,9.32,9.32,9.32,5.36
1650498960000,9.32,9.32,9.32,9.32,43.66
1650499020000,9.32,9.32,9.32,9.32,191.22
1650499080000,9.32,9.33,9.32,9.32,229.81
1650499140000,9.32,9.32,9.31,9.32,367.64
1650499200000,9.33,9.33,9.31,9.31,733.54
1650499260000,9.32,9.32,9.31,9.32,447.12
1650499320000,9.32,9.34,9.32,9.33,983.49
1650499380000,9.33,9.33,9.33,9.33,216.56
1650499440000,9.32,9.32,9.31,9.32,218.19
1650499500000,9.32,9.34,9.32,9.34,1739.95
1650499560000,9.34,9.37,9.34,9.37,3082.94
1650499620000,9.38,9.39,9.37,9.39,347.1
1650499680000,9.39,9.42,9.38,9.41,3169.99
1650499740000,9.4,9.41,9.39,9.41,7803.74
1650499800000,9.41,9.44,9.41,9.42,4985.36
1650499860000,9.42,9.42,9.4,9.4,215.24
1650499920000,9.4,9.41,9.4,9.41,469.02
1650499980000,9.41,9.43,9.41,9.42,339.71
1650500040000,9.41,9.43,9.41,9.43,4183.89
1650500100000,9.43,9.44,9.43,9.44,3754.06
1650500160000,9.43,9.43,9.42,9.42,393.04
1650500220000,9.42,9.43,9.42,9.43,108.87
1650500280000,9.43,9.43,9.4,9.42,2161.06
1650500340000,9.41,9.41,9.39,9.4,2849.38
1650500400000,9.41,9.41,9.4,9.4,308.05
1650500460000,9.4,9.4,9.4,9.4,0.0
1650500520000,9.41,9.41,9.41,9.41,273.91
1650500580000,9.4,9.41,9.4,9.41,531.79
1650500640000,9.4,9.41,9.4,9.41,42.42
1650500700000,9.41,9.41,9.4,9.41,80.34
1650500760000,9.4,9.41,9.4,9.41,29.64
1650500820000,9.41,9.42,9.4,9.41,579.21
1650500880000,9.41,9.42,9.41,9.41,111.77
1650500940000,9.42,9.43,9.42,9.43,3418.54
1650501000000,9.42,9.43,9.41,9.41,138.62
1650501060000,9.42,9.42,9.41,9.42,482.55
1650501120000,9.41,9.43,9.41,9.43,12.7
1650501180000,9.42,9.43,9.41,9.42,1770.36
1650501240000,9.41,9.41,9.4,9.4,463.46
1650501300000,9.41,9.41,9.4,9.41,676.14
1650501360000,9.41,9.42,9.41,9.41,217.12
1650501420000,9.42,9.42,9.41,9.41,10.26
1650501480000,9.42,9.42,9.42,9.42,10.62
1650501540000,9.42,9.43,9.42,9.43,1041.3
1650501600000,9.43,9.43,9.42,9.42,14.71
1650501660000,9.43,9.44,9.43,9.43,922.84
1650501720000,9.42,9.45,9.42,9.44,2174.61
1650501780000,9.43,9.45,9.43,9.44,360.57
1650501840000,9.45,9.46,9.45,9.46,1296.03
1650501900000,9.45,9.45,9.43,9.43,1042.32
1650501960000,9.43,9.44,9.43,9.44,161.69
1650502020000,9.45,9.45,9.44,9.45,263.97
1650502080000,9.45,9.45,9.44,9.45,2699.68
1650502140000,9.44,9.44,9.43,9.44,3569.15
1650502200000,9.43,9.43,9.43,9.43,639.99
1650502260000,9.44,9.44,9.43,9.43,244.45
1650502320000,9.43,9.43,9.43,9.43,147.48
1650502380000,9.44,9.44,9.43,9.43,79.69
1650502440000,9.43,9.44,9.42,9.43,1176.6
1650502500000,9.43,9.44,9.43,9.43,89.71
1650502560000,9.44,9.44,9.44,9.44,1.14
1650502620000,9.44,9.45,9.44,9.45,383.99
1650502680000,9.45,9.45,9.45,9.45,11.73
1650502740000,9.44,9.44,9.43,9.43,585.92
1650502800000,9.43,9.44,9.43,9.44,2039.39
1650502860000,9.44,9.44,9.44,9.44,0.0
1650502920000,9.45,9.46,9.45,9.46,228.51
1650502980000,9.45,9.45,9.45,9.45,7.95
1650503040000,9.45,9.45,9.44,9.44,215.74
1650503100000,9.44,9.45,9.44,9.44,434.53
1650503160000,9.44,9.44,9.43,9.44,21.54
1650503220000,9.43,9.44,9.42,9.42,3320.69
1650503280000,9.43,9.44,9.43,9.43,59.69
1650503340000,9.44,9.44,9.43,9.43,5.42
1650503400000,9.44,9.44,9.43,9.44,15.43
1650503460000,9.44,9.44,9.42,9.43,622.04
1650503520000,9.43,9.43,9.43,9.43,2.21
1650503580000,9.43,9.43,9.42,9.42,29.14
1650503640000,9.42,9.42,9.41,9.42,86.57
1650503700000,9.42,9.42,9.41,9.41,235.25
1650503760000,9.41,9.42,9.41,9.42,24.53
1650503820000,9.41,9.41,9.41,9.41,330.34
1650503880000,9.41,9.42,9.4,9.42,120.95
1650503940000,9.41,9.41,9.41,9.41,56.35
1650504000000,9.41,9.42,9.41,9.42,73.86
1650504060000,9.42,9.42,9.42,9.42,97.36
1650504120000,9.43,9.44,9.43,9.44,316.58
1650504180000,9.44,9.44,9.44,9.44,661.14
1650504240000,9.43,9.46,9.43,9.45,747.1
1650504300000,9.45,9.47,9.45,9.46,1589.04
1650504360000,9.46,9.47,9.46,9.46,675.04
1650504420000,9.45,9.45,9.44,9.45,592.97
1650504480000,9.46,9.46,9.46,9.46,13.73
1650504540000,9.45,9.46,9.44,9.46,424.09
1650504600000,9.46,9.46,9.46,9.46,183.52
1650504660000,9.46,9.47,9.46,9.47,174.86
1650504720000,9.47,9.48,9.45,9.45,3641.7
1650504780000,9.46,9.46,9.45,9.46,36.37
1650504840000,9.46,9.46,9.45,9.45,1174.54
1650504900000,9.45,9.46,9.45,9.46,344.77
1650504960000,9.47,9.48,9.46,9.47,3644.29
1650505020000,9.47,9.48,9.47,9.48,208.73
1650505080000,9.48,9.49,9.48,9.48,1252.2
1650505140000,9.48,9.48,9.48,9.48,179.69
1650505200000,9.47,9.48,9.47,9.47,236.89
1650505260000,9.47,9.47,9.47,9.47,2.8
1650505320000,9.48,9.49,9.48,9.49,601.31
1650505380000,9.5,9.5,9.49,9.49,406.66
1650505440000,9.49,9.51,9.49,9.51,1003.89
1650505500000,9.5,9.52,9.49,9.5,2006.51
1650505560000,9.49,9.5,9.48,9.5,1105.6
1650505620000,9.49,9.5,9.49,9.5,33.58
1650505680000,9.5,9.5,9.5,9.5,0.0
1650505740000,9.5,9.51,9.49,9.51,104.99
1650505800000,9.5,9.51,9.49,9.5,96.97
1650505860000,9.49,9.49,9.49,9.49,34.99
1650505920000,9.49,9.49,9.47,9.48,3126.14
1650505980000,9.48,9.49,9.48,9.49,112.97
1650506040000,9.49,9.5,9.49,9.5,937.23
1650506100000,9.49,9.51,9.49,9.51,3205.95
1650506160000,9.5,9.5,9.48,9.48,519.09
1650506220000,9.48,9.48,9.48,9.48,32.58
1650506280000,9.49,9.5,9.49,9.5,213.52
1650506340000,9.5,9.5,9.5,9.5,103.73
1650506400000,9.49,9.51,9.49,9.51,667.06
1650506460000,9.51,9.51,9.5,9.5,77.31
1650506520000,9.51,9.51,9.5,9.51,54.25
1650506580000,9.51,9.51,9.5,9.51,34.51
1650506640000,9.51,9.51,9.5,9.51,66.47
1650506700000,9.5,9.53,9.5,9.52,2958.86
1650506760000,9.52,9.54,9.52,9.53,2922.39
1650506820000,9.53,9.53,9.51,9.53,780.23
1650506880000,9.53,9.53,9.52,9.53,44.74
1650506940000,9.53,9.54,9.52,9.53,367.73
1650507000000,9.53,9.54,9.52,9.54,283.96
1650507060000,9.54,9.54,9.53,9.53,708.99
1650507120000,9.53,9.54,9.52,9.54,509.34
1650507180000,9.54,9.54,9.53,9.54,195.37
1650507240000,9.54,9.54,9.52,9.53,96.73
1650507300000,9.53,9.53,9.51,9.51,555.96
1650507360000,9.52,9.52,9.51,9.52,264.66
1650507420000,9.52,9.53,9.51,9.52,345.05
1650507480000,9.52,9.52,9.49,9.5,797.31
1650507540000,9.5,9.5,9.49,9.49,36.71
1650507600000,9.5,9.5,9.49,9.5,1052.37
1650507660000,9.49,9.5,9.49,9.5,166.7
1650507720000,9.5,9.5,9.49,9.5,379.45
1650507780000,9.49,9.5,9.49,9.5,884.69
1650507840000,9.49,9.5,9.49,9.5,248.4
1650507900000,9.5,9.51,9.5,9.51,714.31
1650507960000,9.5,9.51,9.49,9.5,284.84
1650508020000,9.49,9.51,9.49,9.51,78.97
1650508080000,9.51,9.51,9.49,9.5,579.87
1650508140000,9.5,9.5,9.49,9.49,111.9
1650508200000,9.49,9.5,9.48,9.49,452.85
1650508260000,9.49,9.5,9.49,9.49,77.79
1650508320000,9.49,9.5,9.49,9.49,224.63
1650508380000,9.49,9.49,9.47,9.48,392.0
1650508440000,9.47,9.47,9.47,9.47,1223.87
1650508500000,9.47,9.47,9.46,9.46,875.01
1650508560000,9.47,9.47,9.46,9.46,170.46
1650508620000,9.46,9.47,9.46,9.46,1641.9
1650508680000,9.46,9.47,9.46,9.47,125.89
1650508740000,9.48,9.48,9.47,9.47,568.6
1650508800000,9.47,9.47,9.47,9.47,1.56
1650508860000,9.47,9.48,9.47,9.48,604.62
1650508920000,9.48,9.48,9.47,9.48,36.42
1650508980000,9.48,9.48,9.48,9.48,0.0
1650509040000,9.48,9.48,9.48,9.48,0.0
1650509100000,9.47,9.47,9.47,9.47,337.12
1650509160000,9.48,9.48,9.48,9.48,100.0
1650509220000,9.47,9.47,9.47,9.47,569.74
1650509280000,9.47,9.47,9.47,9.47,13.55
1650509340000,9.47,9.47,9.47,9.47,4.9
1650509400000,9.47,9.47,9.46,9.46,6.16
1650509460000,9.47,9.48,9.47,9.47,186.01
1650509520000,9.47,9.47,9.47,9.47,144.49
1650509580000,9.47,9.47,9.47,9.47,8.21
1650509640000,9.47,9.47,9.47,9.47,2.71
1650509700000,9.47,9.47,9.47,9.47,4.39
1650509760000,9.47,9.48,9.47,9.48,200.91
1650509820000,9.47,9.47,9.47,9.47,7.3
1650509880000,9.48,9.48,9.48,9.48,14.2
1650509940000,9.48,9.48,9.48,9.48,11.31
1650510000000,9.47,9.47,9.46,9.47,456.43
1650510060000,9.48,9.48,9.48,9.48,3.55
1650510120000,9.47,9.48,9.46,9.48,8454.12
1650510180000,9.47,9.47,9.47,9.47,148.58
1650510240000,9.47,9.47,9.44,9.45,1222.82
1650510300000,9.45,9.47,9.45,9.47,341.58
1650510360000,9.46,9.46,9.45,9.46,243.51
1650510420000,9.47,9.49,9.47,9.49,1859.34
1650510480000,9.49,9.49,9.48,9.48,613.26
1650510540000,9.48,9.48,9.47,9.47,817.73
1650510600000,9.47,9.47,9.47,9.47,28.32
1650510660000,9.48,9.5,9.48,9.5,543.09
1650510720000,9.49,9.51,9.49,9.49,724.72
1650510780000,9.5,9.51,9.49,9.5,1107.6
1650510840000,9.5,9.51,9.5,9.5,457.17
1650510900000,9.51,9.51,9.51,9.51,668.59
1650510960000,9.51,9.53,9.51,9.52,1453.28
1650511020000,9.51,9.52,9.51,9.52,95.74
1650511080000,9.52,9.52,9.51,9.51,33.94
1650511140000,9.52,9.52,9.52,9.52,6.3
1650511200000,9.51,9.52,9.51,9.52,41.06
1650511260000,9.52,9.52,9.51,9.52,100.82
1650511320000,9.51,9.51,9.5,9.5,423.55
1650511380000,9.5,9.52,9.49,9.5,788.39
1650511440000,9.5,9.5,9.49,9.5,315.01
1650511500000,9.51,9.51,9.5,9.5,447.39
1650511560000,9.5,9.5,9.5,9.5,90.64
1650511620000,9.5,9.5,9.5,9.5,1013.78
1650511680000,9.5,9.5,9.5,9.5,8.61
1650511740000,9.51,9.51,9.51,9.51,37.54
1650511800000,9.51,9.51,9.5,9.5,299.25
1650511860000,9.5,9.5,9.5,9.5,7.91
1650511920000,9.5,9.5,9.49,9.5,61.38
1650511980000,9.49,9.5,9.49,9.5,27.75
1650512040000,9.49,9.5,9.49,9.5,91.78
1650512100000,9.5,9.51,9.5,9.51,697.07
1650512160000,9.51,9.51,9.5,9.51,105.26
1650512220000,9.51,9.52,9.51,9.52,252.93
1650512280000,9.52,9.52,9.52,9.52,2.39
1650512340000,9.52,9.52,9.52,9.52,0.0
1650512400000,9.52,9.52,9.51,9.51,151.39
1650512460000,9.51,9.52,9.49,9.5,1147.01
1650512520000,9.5,9.51,9.5,9.5,197.64
1650512580000,9.5,9.5,9.49,9.49,263.25
1650512640000,9.5,9.5,9.5,9.5,32.29
1650512700000,9.5,9.51,9.5,9.5,110.66
1650512760000,9.51,9.51,9.5,9.5,78.13
1650512820000,9.51,9.51,9.5,9.5,26.21
1650512880000,9.51,9.51,9.51,9.51,107.86
1650512940000,9.51,9.51,9.51,9.51,0.0
1650513000000,9.51,9.51,9.51,9.51,447.61
1650513060000,9.51,9.51,9.51,9.51,493.5
1650513120000,9.51,9.51,9.51,9.51,116.63
1650513180000,9.5,9.5,9.5,9.5,16.0
1650513240000,9.5,9.5,9.5,9.5,314.0
1650513300000,9.5,9.51,9.5,9.51,438.03
1650513360000,9.51,9.51,9.5,9.5,27.65
1650513420000,9.51,9.52,9.51,9.52,104.05
1650513480000,9.52,9.53,9.51,9.53,819.05
1650513540000,9.53,9.54,9.52,9.54,915.88
1650513600000,9.54,9.56,9.54,9.55,4285.28
1650513660000,9.55,9.56,9.55,9.56,227.05
1650513720000,9.56,9.56,9.55,9.55,348.78
1650513780000,9.56,9.57,9.53,9.54,2035.42
1650513840000,9.53,9.54,9.53,9.54,118.04
1650513900000,9.53,9.54,9.52,9.52,149.87
1650513960000,9.52,9.53,9.52,9.53,39.15
1650514020000,9.53,9.53,9.53,9.53,4.6
1650514080000,9.53,9.54,9.53,9.53,543.11
1650514140000,9.53,9.54,9.53,9.54,13.18
1650514200000,9.53,9.55,9.53,9.55,955.84
1650514260000,9.54,9.56,9.54,9.55,483.78
1650514320000,9.56,9.58,9.56,9.57,1387.73
1650514380000,9.57,9.57,9.57,9.57,475.15
1650514440000,9.57,9.58,9.56,9.58,2411.64
1650514500000,9.58,9.58,9.56,9.56,1112.53
1650514560000,9.56,9.56,9.54,9.56,3200.28
1650514620000,9.55,9.56,9.55,9.55,40.69
1650514680000,9.55,9.56,9.54,9.54,691.2
1650514740000,9.55,9.55,9.53,9.55,855.39
1650514800000,9.55,9.55,9.54,9.54,101.36
1650514860000,9.54,9.55,9.54,9.54,1106.75
1650514920000,9.54,9.54,9.53,9.53,248.57
1650514980000,9.53,9.54,9.52,9.54,702.66
1650515040000,9.54,9.56,9.53,9.53,1262.63
1650515100000,9.54,9.54,9.52,9.53,1147.27
1650515160000,9.53,9.54,9.52,9.54,751.09
1650515220000,9.55,9.55,9.53,9.53,2192.48
1650515280000,9.53,9.54,9.53,9.54,87.78
1650515340000,9.54,9.54,9.53,9.53,415.34
1650515400000,9.54,9.54,9.53,9.54,1548.32
1650515460000,9.54,9.55,9.53,9.53,881.19
1650515520000,9.55,9.55,9.54,9.54,1088.74
1650515580000,9.54,9.54,9.52,9.52,518.41
1650515640000,9.52,9.52,9.51,9.51,1526.67
1650515700000,9.52,9.53,9.51,9.51,1458.81
1650515760000,9.51,9.51,9.51,9.51,413.33
1650515820000,9.52,9.52,9.48,9.51,3087.85
1650515880000,9.51,9.52,9.5,9.5,939.8
1650515940000,9.51,9.52,9.51,9.51,141.05
1650516000000,9.51,9.51,9.51,9.51,288.98
1650516060000,9.51,9.51,9.5,9.5,539.98
1650516120000,9.51,9.51,9.5,9.51,1931.86
1650516180000,9.51,9.51,9.51,9.51,413.72
1650516240000,9.51,9.51,9.5,9.51,723.91
1650516300000,9.52,9.52,9.5,9.5,554.77
1650516360000,9.5,9.5,9.5,9.5,30.0
1650516420000,9.5,9.5,9.49,9.5,469.47
1650516480000,9.5,9.51,9.5,9.5,305.53
1650516540000,9.5,9.5,9.5,9.5,659.16
1650516600000,9.5,9.5,9.5,9.5,5.27
1650516660000,9.51,9.51,9.5,9.5,73.47
1650516720000,9.5,9.5,9.5,9.5,28.61
1650516780000,9.5,9.5,9.49,9.49,53.4
1650516840000,9.49,9.49,9.49,9.49,1.16
1650516900000,9.49,9.51,9.49,9.51,485.56
1650516960000,9.5,9.5,9.5,9.5,2465.31
1650517020000,9.51,9.52,9.5,9.51,160.92
1650517080000,9.5,9.51,9.5,9.5,98.9
1650517140000,9.5,9.51,9.5,9.5,290.42
1650517200000,9.51,9.52,9.51,9.52,317.22
1650517260000,9.52,9.52,9.51,9.51,218.31
1650517320000,9.5,9.52,9.5,9.52,958.4
1650517380000,9.51,9.52,9.5,9.5,236.88
1650517440000,9.5,9.5,9.5,9.5,56.26
1650517500000,9.5,9.52,9.5,9.52,1121.42
1650517560000,9.51,9.52,9.51,9.52,72.77
1650517620000,9.52,9.53,9.52,9.52,827.91
1650517680000,9.52,9.52,9.52,9.52,0.0
1650517740000,9.52,9.52,9.52,9.52,214.49
1650517800000,9.53,9.53,9.52,9.53,35.62
1650517860000,9.53,9.53,9.53,9.53,1.06
1650517920000,9.53,9.54,9.52,9.53,1544.2
1650517980000,9.54,9.54,9.53,9.53,55.83
1650518040000,9.52,9.52,9.52,9.52,124.3
1650518100000,9.53,9.54,9.53,9.54,62.89
1650518160000,9.53,9.53,9.53,9.53,151.88
1650518220000,9.53,9.53,9.53,9.53,0.0
1650518280000,9.53,9.53,9.53,9.53,51.72
1650518340000,9.53,9.54,9.53,9.54,153.82
1650518400000,9.53,9.53,9.52,9.52,308.04
1650518460000,9.52,9.53,9.52,9.53,3.53
1650518520000,9.52,9.52,9.52,9.52,21.0
1650518580000,9.52,9.52,9.51,9.51,603.08
1650518640000,9.51,9.52,9.51,9.51,56.77
1650518700000,9.51,9.52,9.51,9.52,1231.41
1650518760000,9.52,9.52,9.51,9.51,208.07
1650518820000,9.51,9.51,9.51,9.51,0.0
1650518880000,9.51,9.51,9.5,9.5,17.58
1650518940000,9.5,9.5,9.5,9.5,25.28
1650519000000,9.51,9.51,9.49,9.5,547.89
1650519060000,9.5,9.5,9.49,9.5,300.16
1650519120000,9.5,9.5,9.48,9.49,199.9
1650519180000,9.49,9.49,9.48,9.48,23.53
1650519240000,9.49,9.49,9.48,9.49,343.31
1650519300000,9.49,9.49,9.48,9.49,192.26
1650519360000,9.49,9.49,9.48,9.48,25.63
1650519420000,9.48,9.48,9.48,9.48,71.7
1650519480000,9.48,9.49,9.47,9.48,151.55
1650519540000,9.48,9.48,9.45,9.47,2268.77
1650519600000,9.46,9.48,9.46,9.46,330.65
1650519660000,9.46,9.48,9.46,9.48,340.1
1650519720000,9.47,9.47,9.47,9.47,95.35
1650519780000,9.46,9.46,9.43,9.44,5912.7
1650519840000,9.44,9.46,9.44,9.46,778.09
1650519900000,9.46,9.47,9.46,9.46,422.67
1650519960000,9.47,9.47,9.46,9.46,65.8
1650520020000,9.46,9.47,9.45,9.46,487.38
1650520080000,9.46,9.46,9.46,9.46,555.75
1650520140000,9.46,9.48,9.46,9.47,1540.3
1650520200000,9.47,9.47,9.45,9.45,308.33
1650520260000,9.45,9.45,9.41,9.43,4203.85
1650520320000,9.43,9.43,9.42,9.42,113.29
1650520380000,9.42,9.44,9.42,9.43,214.7
1650520440000,9.44,9.45,9.44,9.45,31.26
1650520500000,9.45,9.45,9.43,9.45,775.7
1650520560000,9.44,9.44,9.42,9.43,2952.2
1650520620000,9.43,9.44,9.43,9.43,463.28
1650520680000,9.43,9.43,9.43,9.43,278.19
1650520740000,9.43,9.43,9.42,9.42,88.44
1650520800000,9.42,9.43,9.41,9.41,689.94
1650520860000,9.41,9.41,9.38,9.41,6110.16
1650520920000,9.42,9.45,9.41,9.43,915.12
1650520980000,9.44,9.44,9.43,9.43,390.09
1650521040000,9.44,9.44,9.41,9.41,218.13
1650521100000,9.42,9.43,9.41,9.43,116.26
1650521160000,9.43,9.43,9.43,9.43,0.0
1650521220000,9.43,9.43,9.43,9.43,0.0
1650521280000,9.43,9.43,9.42,9.43,1101.73
1650521340000,9.42,9.42,9.42,9.42,33.55
1650521400000,9.42,9.43,9.42,9.43,1616.78
1650521460000,9.44,9.45,9.43,9.45,822.56
1650521520000,9.44,9.44,9.44,9.44,327.6
1650521580000,9.43,9.45,9.43,9.43,3422.07
1650521640000,9.43,9.43,9.43,9.43,280.69
1650521700000,9.43,9.44,9.43,9.43,158.57
1650521760000,9.43,9.43,9.42,9.42,188.39
1650521820000,9.42,9.42,9.41,9.41,11681.05
1650521880000,9.41,9.42,9.41,9.42,283.52
1650521940000,9.41,9.41,9.41,9.41,475.36
1650522000000,9.42,9.43,9.42,9.43,9485.81
1650522060000,9.42,9.42,9.42,9.42,1300.71
1650522120000,9.42,9.43,9.42,9.43,19.59
1650522180000,9.42,9.42,9.42,9.42,32.45
1650522240000,9.42,9.42,9.42,9.42,18.52
1650522300000,9.42,9.42,9.41,9.41,309.47
1650522360000,9.42,9.42,9.42,9.42,2190.59
1650522420000,9.41,9.42,9.41,9.42,45.24
1650522480000,9.43,9.43,9.42,9.43,12.23
1650522540000,9.42,9.42,9.42,9.42,23.3
1650522600000,9.43,9.44,9.43,9.44,603.78
1650522660000,9.44,9.45,9.43,9.45,94.14
1650522720000,9.44,9.45,9.44,9.44,303.75
1650522780000,9.44,9.44,9.43,9.44,27.49
1650522840000,9.44,9.44,9.42,9.42,769.13
1650522900000,9.43,9.44,9.43,9.44,541.95
1650522960000,9.44,9.44,9.43,9.44,151.21
1650523020000,9.43,9.44,9.43,9.43,419.88
1650523080000,9.44,9.44,9.42,9.42,1189.43
1650523140000,9.42,9.42,9.42,9.42,395.0
1650523200000,9.42,9.42,9.4,9.42,7254.03
1650523260000,9.42,9.42,9.41,9.41,912.08
1650523320000,9.41,9.42,9.41,9.42,853.21
1650523380000,9.42,9.42,9.41,9.41,33.07
1650523440000,9.41,9.42,9.4,9.41,706.29
1650523500000,9.42,9.42,9.42,9.42,22.82
1650523560000,9.41,9.41,9.39,9.4,1168.37
1650523620000,9.39,9.39,9.38,9.39,566.86
1650523680000,9.39,9.39,9.38,9.39,538.5
1650523740000,9.39,9.39,9.36,9.37,2101.07
1650523800000,9.37,9.37,9.36,9.37,684.05
1650523860000,9.37,9.38,9.36,9.37,705.4
1650523920000,9.36,9.36,9.36,9.36,161.85
1650523980000,9.37,9.37,9.36,9.37,47.95
1650524040000,9.36,9.38,9.36,9.38,517.29
1650524100000,9.37,9.38,9.37,9.37,215.23
1650524160000,9.37,9.37,9.37,9.37,353.99
1650524220000,9.37,9.38,9.37,9.37,480.38
1650524280000,9.36,9.37,9.35,9.36,644.98
1650524340000,9.35,9.36,9.35,9.36,820.75
1650524400000,9.36,9.38,9.36,9.36,2582.4
1650524460000,9.37,9.37,9.36,9.36,3.11
1650524520000,9.37,9.37,9.36,9.36,1246.99
1650524580000,9.37,9.37,9.36,9.36,344.22
1650524640000,9.36,9.36,9.36,9.36,2.21
1650524700000,9.36,9.36,9.35,9.36,39.28
1650524760000,9.36,9.36,9.36,9.36,2290.8
1650524820000,9.37,9.37,9.35,9.35,663.76
1650524880000,9.35,9.35,9.33,9.34,762.45
1650524940000,9.33,9.35,9.33,9.33,1154.75
1650525000000,9.33,9.34,9.33,9.33,542.22
1650525060000,9.34,9.34,9.31,9.32,1574.58
1650525120000,9.32,9.33,9.3,9.31,1414.01
1650525180000,9.31,9.31,9.3,9.31,520.04
1650525240000,9.32,9.33,9.31,9.31,1395.95
1650525300000,9.32,9.32,9.32,9.32,1.49
1650525360000,9.32,9.35,9.32,9.35,2316.4
1650525420000,9.35,9.36,9.34,9.35,442.77
1650525480000,9.34,9.35,9.33,9.35,767.93
1650525540000,9.35,9.36,9.34,9.36,482.61
1650525600000,9.35,9.35,9.34,9.35,593.52
1650525660000,9.36,9.37,9.36,9.37,868.98
1650525720000,9.36,9.36,9.35,9.36,1583.54
1650525780000,9.36,9.36,9.36,9.36,570.36
1650525840000,9.35,9.37,9.35,9.36,180.99
1650525900000,9.37,9.37,9.35,9.36,479.49
1650525960000,9.36,9.36,9.35,9.36,6.93
1650526020000,9.36,9.36,9.35,9.36,180.54
1650526080000,9.36,9.36,9.35,9.36,595.63
1650526140000,9.36,9.37,9.36,9.37,2532.14
1650526200000,9.37,9.38,9.37,9.38,122.45
1650526260000,9.37,9.37,9.36,9.37,209.74
1650526320000,9.37,9.38,9.37,9.38,7.46
1650526380000,9.37,9.38,9.37,9.38,690.89
1650526440000,9.38,9.38,9.38,9.38,409.51
1650526500000,9.37,9.37,9.37,9.37,9.91
1650526560000,9.38,9.38,9.37,9.38,24.94
1650526620000,9.37,9.38,9.37,9.38,301.45
1650526680000,9.38,9.38,9.38,9.38,187.9
1650526740000,9.38,9.39,9.37,9.39,11756.99
1650526800000,9.39,9.39,9.38,9.39,306.39
1650526860000,9.38,9.39,9.37,9.39,119.85
1650526920000,9.39,9.39,9.38,9.38,38.51
1650526980000,9.38,9.39,9.38,9.39,621.99
1650527040000,9.39,9.39,9.38,9.38,81.47
1650527100000,9.39,9.39,9.39,9.39,154.48
1650527160000,9.39,9.39,9.38,9.39,1216.37
1650527220000,9.39,9.39,9.38,9.38,598.5
1650527280000,9.39,9.39,9.39,9.39,379.03
1650527340000,9.39,9.39,9.39,9.39,42.77
1650527400000,9.39,9.41,9.39,9.4,2527.26
1650527460000,9.4,9.4,9.39,9.4,615.69
1650527520000,9.41,9.41,9.39,9.4,307.27
1650527580000,9.4,9.4,9.4,9.4,161.81
1650527640000,9.41,9.42,9.41,9.41,1365.14
1650527700000,9.41,9.41,9.4,9.41,617.04
1650527760000,9.41,9.42,9.41,9.42,766.64
1650527820000,9.42,9.46,9.42,9.46,5314.15
1650527880000,9.46,9.46,9.42,9.43,3793.72
1650527940000,9.43,9.44,9.42,9.43,2904.94
1650528000000,9.43,9.46,9.43,9.46,3289.99
1650528060000,9.46,9.48,9.45,9.47,4500.57
1650528120000,9.47,9.47,9.45,9.46,2790.03
1650528180000,9.46,9.47,9.45,9.46,1658.62
1650528240000,9.46,9.46,9.45,9.46,1179.02
1650528300000,9.46,9.46,9.43,9.43,879.04
1650528360000,9.44,9.44,9.43,9.43,1403.08
1650528420000,9.44,9.44,9.44,9.44,333.03
1650528480000,9.44,9.45,9.43,9.44,721.17
1650528540000,9.44,9.44,9.43,9.44,1256.76
1650528600000,9.43,9.44,9.42,9.43,478.95
1650528660000,9.43,9.44,9.41,9.41,465.66
1650528720000,9.42,9.42,9.41,9.42,153.69
1650528780000,9.42,9.42,9.4,9.4,1012.15
1650528840000,9.4,9.42,9.4,9.42,712.84
1650528900000,9.42,9.43,9.41,9.42,354.62
1650528960000,9.42,9.42,9.41,9.42,170.61
1650529020000,9.42,9.42,9.4,9.41,1940.54
1650529080000,9.41,9.42,9.41,9.41,926.11
1650529140000,9.41,9.43,9.41,9.41,1119.53
1650529200000,9.42,9.43,9.41,9.42,290.25
1650529260000,9.42,9.43,9.42,9.43,137.77
1650529320000,9.43,9.43,9.41,9.42,131.85
1650529380000,9.42,9.42,9.41,9.42,146.59
1650529440000,9.42,9.42,9.42,9.42,5.08
1650529500000,9.41,9.41,9.41,9.41,15.0
1650529560000,9.42,9.42,9.41,9.41,480.81
1650529620000,9.41,9.41,9.41,9.41,204.75
1650529680000,9.41,9.42,9.41,9.42,1631.23
1650529740000,9.42,9.42,9.41,9.41,331.93
1650529800000,9.41,9.41,9.4,9.4,374.89
1650529860000,9.41,9.41,9.4,9.41,237.72
1650529920000,9.41,9.41,9.41,9.41,36.63
1650529980000,9.41,9.42,9.41,9.42,347.07
1650530040000,9.42,9.42,9.42,9.42,65.91
1650530100000,9.42,9.42,9.41,9.41,163.11
1650530160000,9.42,9.42,9.41,9.41,256.46
1650530220000,9.41,9.41,9.4,9.41,363.67
1650530280000,9.41,9.42,9.39,9.39,2148.98
1650530340000,9.39,9.4,9.38,9.38,2602.99
1650530400000,9.37,9.37,9.36,9.37,2349.9
1650530460000,9.36,9.37,9.36,9.37,229.63
1650530520000,9.37,9.39,9.37,9.39,1716.97
1650530580000,9.39,9.39,9.39,9.39,364.19
1650530640000,9.38,9.39,9.37,9.39,401.19
1650530700000,9.39,9.39,9.38,9.39,1566.42
1650530760000,9.38,9.39,9.38,9.39,305.22
1650530820000,9.4,9.4,9.4,9.4,503.57
1650530880000,9.4,9.4,9.4,9.4,55.63
1650530940000,9.39,9.4,9.39,9.4,943.97
1650531000000,9.41,9.42,9.41,9.41,1115.59
1650531060000,9.4,9.4,9.39,9.39,1303.71
1650531120000,9.39,9.4,9.39,9.4,1345.23
1650531180000,9.4,9.4,9.4,9.4,514.09
1650531240000,9.4,9.4,9.4,9.4,1384.8
1650531300000,9.4,9.42,9.39,9.42,1628.59
1650531360000,9.42,9.42,9.41,9.41,438.98
1650531420000,9.41,9.42,9.41,9.41,228.34
1650531480000,9.41,9.41,9.4,9.41,510.87
1650531540000,9.41,9.43,9.41,9.41,1625.61
1650531600000,9.41,9.42,9.41,9.42,1179.42
1650531660000,9.41,9.42,9.41,9.41,230.41
1650531720000,9.4,9.41,9.4,9.41,1067.01
1650531780000,9.41,9.41,9.37,9.37,3309.85
1650531840000,9.38,9.39,9.38,9.39,726.31
1650531900000,9.39,9.39,9.38,9.38,13.21
1650531960000,9.38,9.39,9.38,9.38,3379.95
1650532020000,9.39,9.39,9.38,9.38,76.36
1650532080000,9.38,9.38,9.38,9.38,27.81
1650532140000,9.39,9.39,9.38,9.38,145.67
1650532200000,9.37,9.37,9.36,9.37,596.79
1650532260000,9.37,9.37,9.37,9.37,1132.29
1650532320000,9.37,9.37,9.37,9.37,214.06
1650532380000,9.36,9.37,9.36,9.36,138.7
1650532440000,9.37,9.37,9.36,9.37,21.83
1650532500000,9.37,9.37,9.37,9.37,192.95
1650532560000,9.37,9.38,9.37,9.38,613.45
1650532620000,9.38,9.38,9.38,9.38,8.25
1650532680000,9.37,9.37,9.37,9.37,34.55
1650532740000,9.37,9.38,9.37,9.37,459.1
1650532800000,9.37,9.38,9.36,9.37,1445.55
1650532860000,9.37,9.37,9.37,9.37,6.82
1650532920000,9.38,9.38,9.37,9.37,115.11
1650532980000,9.37,9.37,9.37,9.37,20.52
1650533040000,9.37,9.37,9.37,9.37,75.88
1650533100000,9.37,9.37,9.36,9.36,263.7
1650533160000,9.37,9.37,9.37,9.37,1.08
1650533220000,9.37,9.38,9.37,9.38,505.55
1650533280000,9.38,9.38,9.38,9.38,211.23
1650533340000,9.38,9.39,9.38,9.38,1022.96
1650533400000,9.38,9.39,9.38,9.38,313.67
1650533460000,9.38,9.39,9.38,9.39,219.06
1650533520000,9.39,9.39,9.38,9.39,729.55
1650533580000,9.39,9.39,9.38,9.38,157.21
1650533640000,9.38,9.39,9.38,9.39,10.91
1650533700000,9.39,9.39,9.39,9.39,371.21
1650533760000,9.39,9.39,9.38,9.38,511.05
1650533820000,9.37,9.38,9.37,9.37,525.24
1650533880000,9.36,9.36,9.34,9.35,1846.6
1650533940000,9.35,9.35,9.33,9.33,2885.54
1650534000000,9.34,9.34,9.31,9.32,8094.5
1650534060000,9.31,9.32,9.3,9.3,1036.59
1650534120000,9.3,9.32,9.3,9.31,1986.72
1650534180000,9.3,9.31,9.29,9.3,570.67
1650534240000,9.3,9.31,9.29,9.29,1943.05
1650534300000,9.29,9.3,9.28,9.29,671.26
1650534360000,9.3,9.3,9.29,9.29,51.11
1650534420000,9.29,9.31,9.29,9.31,427.29
1650534480000,9.3,9.3,9.29,9.29,2826.58
1650534540000,9.29,9.29,9.28,9.29,446.25
1650534600000,9.29,9.3,9.29,9.29,941.61
1650534660000,9.3,9.3,9.29,9.3,123.82
1650534720000,9.3,9.3,9.3,9.3,53.91
1650534780000,9.3,9.31,9.3,9.31,236.1
1650534840000,9.3,9.3,9.3,9.3,5.42
1650534900000,9.3,9.3,9.3,9.3,1.19
1650534960000,9.31,9.31,9.3,9.31,135.76
1650535020000,9.31,9.32,9.3,9.32,452.95
1650535080000,9.31,9.32,9.31,9.32,81.0
1650535140000,9.32,9.32,9.31,9.32,261.66
1650535200000,9.31,9.31,9.3,9.3,675.54
1650535260000,9.3,9.3,9.29,9.29,2646.04
1650535320000,9.29,9.3,9.29,9.29,228.57
1650535380000,9.3,9.31,9.29,9.29,11551.98
1650535440000,9.29,9.31,9.29,9.3,10673.11
1650535500000,9.29,9.29,9.29,9.29,18.22
1650535560000,9.3,9.3,9.3,9.3,450.9
1650535620000,9.3,9.33,9.3,9.31,1711.13
1650535680000,9.31,9.32,9.3,9.31,838.79
1650535740000,9.31,9.31,9.31,9.31,54.76
1650535800000,9.31,9.32,9.31,9.32,234.9
1650535860000,9.33,9.33,9.33,9.33,675.97
1650535920000,9.33,9.34,9.33,9.33,3184.25
1650535980000,9.34,9.34,9.33,9.33,1519.04
1650536040000,9.33,9.34,9.33,9.34,884.94
1650536100000,9.33,9.34,9.32,9.34,565.06
1650536160000,9.35,9.36,9.34,9.34,632.65
1650536220000,9.35,9.35,9.35,9.35,30.72
1650536280000,9.36,9.37,9.35,9.37,729.26
1650536340000,9.37,9.42,9.37,9.41,3195.05
1650536400000,9.42,9.43,9.41,9.43,1555.69
1650536460000,9.43,9.44,9.41,9.41,1976.12
1650536520000,9.42,9.44,9.42,9.42,948.88
1650536580000,9.42,9.43,9.41,9.42,2268.08
1650536640000,9.42,9.42,9.41,9.41,875.01
1650536700000,9.41,9.42,9.4,9.42,332.95
1650536760000,9.42,9.42,9.41,9.42,755.15
1650536820000,9.42,9.44,9.42,9.43,2427.35
1650536880000,9.43,9.44,9.43,9.43,228.37
1650536940000,9.42,9.43,9.41,9.41,1088.37
1650537000000,9.42,9.44,9.42,9.42,875.31
1650537060000,9.41,9.41,9.39,9.41,3164.57
1650537120000,9.41,9.42,9.41,9.42,1345.05
1650537180000,9.42,9.42,9.41,9.42,873.82
1650537240000,9.42,9.43,9.41,9.43,1149.12
1650537300000,9.42,9.43,9.41,9.42,1579.45
1650537360000,9.42,9.43,9.41,9.42,411.5
1650537420000,9.41,9.42,9.41,9.42,55.3
1650537480000,9.43,9.43,9.42,9.43,1294.37
1650537540000,9.43,9.45,9.43,9.44,1854.61
1650537600000,9.44,9.46,9.43,9.45,5926.48
1650537660000,9.45,9.45,9.43,9.44,1445.9
1650537720000,9.43,9.44,9.43,9.44,1045.07
1650537780000,9.45,9.45,9.43,9.43,802.97
1650537840000,9.44,9.45,9.44,9.44,334.1
1650537900000,9.45,9.46,9.44,9.46,4188.33
1650537960000,9.45,9.46,9.45,9.46,2572.16
1650538020000,9.46,9.48,9.45,9.47,2644.32
1650538080000,9.47,9.47,9.46,9.47,2568.78
1650538140000,9.47,9.48,9.45,9.46,1748.18
1650538200000,9.47,9.48,9.47,9.48,1470.73
1650538260000,9.48,9.49,9.47,9.48,1993.3
1650538320000,9.48,9.49,9.47,9.48,3096.96
1650538380000,9.47,9.48,9.46,9.48,1945.34
1650538440000,9.48,9.49,9.47,9.48,1503.55
1650538500000,9.48,9.49,9.47,9.48,1451.57
1650538560000,9.48,9.48,9.47,9.48,286.95
1650538620000,9.48,9.48,9.47,9.47,334.48
1650538680000,9.47,9.48,9.47,9.48,189.87
1650538740000,9.47,9.48,9.47,9.47,282.16
1650538800000,9.48,9.49,9.47,9.47,1747.97
1650538860000,9.48,9.49,9.48,9.48,545.6
1650538920000,9.48,9.49,9.48,9.49,199.44
1650538980000,9.49,9.49,9.47,9.49,9648.11
1650539040000,9.48,9.49,9.48,9.48,96.81
1650539100000,9.47,9.49,9.47,9.49,4650.18
1650539160000,9.48,9.48,9.48,9.48,3.77
1650539220000,9.48,9.48,9.47,9.47,1061.2
1650539280000,9.47,9.49,9.47,9.48,3461.53
1650539340000,9.48,9.49,9.47,9.49,1697.21
1650539400000,9.49,9.49,9.48,9.48,638.78
1650539460000,9.48,9.49,9.48,9.48,490.91
1650539520000,9.48,9.48,9.48,9.48,99.39
1650539580000,9.47,9.49,9.47,9.48,1071.48
1650539640000,9.49,9.49,9.48,9.48,1354.17
1650539700000,9.48,9.48,9.48,9.48,0.0
1650539760000,9.48,9.49,9.48,9.48,2507.96
1650539820000,9.49,9.49,9.48,9.48,65.13
1650539880000,9.49,9.49,9.48,9.48,4061.05
1650539940000,9.48,9.49,9.48,9.49,146.92
1650540000000,9.49,9.5,9.48,9.49,1380.4
1650540060000,9.5,9.5,9.49,9.5,131.92
1650540120000,9.5,9.5,9.5,9.5,112.47
1650540180000,9.5,9.51,9.49,9.5,1016.57
1650540240000,9.49,9.49,9.49,9.49,788.1
1650540300000,9.49,9.51,9.49,9.49,1546.89
1650540360000,9.49,9.51,9.49,9.51,253.35
1650540420000,9.5,9.5,9.49,9.5,1666.65
1650540480000,9.49,9.51,9.49,9.5,739.19
1650540540000,9.5,9.51,9.5,9.51,597.52
1650540600000,9.51,9.53,9.51,9.52,2261.67
1650540660000,9.52,9.52,9.5,9.51,1622.65
1650540720000,9.51,9.52,9.51,9.51,1056.14
1650540780000,9.51,9.53,9.51,9.52,447.96
1650540840000,9.52,9.53,9.52,9.52,508.86
1650540900000,9.51,9.52,9.51,9.52,24.27
1650540960000,9.52,9.52,9.52,9.52,164.51
1650541020000,9.52,9.54,9.52,9.52,7348.49
1650541080000,9.52,9.55,9.52,9.53,3431.74
1650541140000,9.53,9.53,9.5,9.51,1825.4
1650541200000,9.52,9.53,9.51,9.52,622.13
1650541260000,9.52,9.53,9.51,9.52,677.82
1650541320000,9.52,9.53,9.51,9.52,964.04
1650541380000,9.52,9.52,9.52,9.52,106.66
1650541440000,9.51,9.52,9.51,9.51,729.07
1650541500000,9.51,9.53,9.51,9.52,5793.71
1650541560000,9.52,9.53,9.52,9.53,1222.39
1650541620000,9.52,9.53,9.51,9.52,6042.64
1650541680000,9.51,9.52,9.5,9.5,888.84
1650541740000,9.51,9.52,9.51,9.52,110.28
1650541800000,9.51,9.51,9.5,9.5,234.27
1650541860000,9.5,9.5,9.49,9.49,790.37
1650541920000,9.5,9.5,9.49,9.49,133.49
1650541980000,9.49,9.5,9.49,9.49,764.07
1650542040000,9.5,9.5,9.49,9.49,2707.34
1650542100000,9.5,9.52,9.5,9.52,963.22
1650542160000,9.52,9.53,9.51,9.53,4960.93
1650542220000,9.53,9.53,9.52,9.52,501.75
1650542280000,9.52,9.54,9.52,9.54,1078.9
1650542340000,9.53,9.54,9.53,9.54,171.61
1650542400000,9.54,9.58,9.54,9.57,3427.49
1650542460000,9.56,9.58,9.56,9.56,4499.51
1650542520000,9.56,9.57,9.56,9.57,501.32
1650542580000,9.56,9.57,9.56,9.56,2425.16
1650542640000,9.57,9.58,9.56,9.57,1256.38
1650542700000,9.56,9.57,9.56,9.57,1128.07
1650542760000,9.57,9.58,9.56,9.57,137.99
1650542820000,9.57,9.58,9.56,9.57,348.25
1650542880000,9.57,9.58,9.57,9.58,174.85
1650542940000,9.58,9.58,9.56,9.57,743.34
1650543000000,9.57,9.58,9.56,9.58,594.39
1650543060000,9.57,9.57,9.56,9.56,1352.43
1650543120000,9.56,9.56,9.54,9.55,2484.28
1650543180000,9.54,9.54,9.51,9.52,3574.87
1650543240000,9.52,9.52,9.5,9.52,1567.83
1650543300000,9.51,9.53,9.51,9.51,7029.37
1650543360000,9.51,9.51,9.5,9.51,411.2
1650543420000,9.51,9.52,9.5,9.51,2633.19
1650543480000,9.51,9.52,9.5,9.52,3767.39
1650543540000,9.52,9.54,9.51,9.52,2483.77
1650543600000,9.53,9.53,9.51,9.51,614.64
1650543660000,9.51,9.53,9.51,9.53,713.2
1650543720000,9.52,9.53,9.52,9.52,806.43
1650543780000,9.52,9.54,9.51,9.52,1276.28
1650543840000,9.52,9.53,9.51,9.52,711.8
1650543900000,9.52,9.53,9.51,9.51,2177.72
1650543960000,9.52,9.53,9.52,9.52,1061.05
1650544020000,9.52,9.53,9.52,9.52,1837.5
1650544080000,9.53,9.55,9.53,9.54,427.01
1650544140000,9.54,9.54,9.53,9.54,870.1
1650544200000,9.54,9.55,9.54,9.55,318.58
1650544260000,9.56,9.56,9.54,9.56,1913.74
1650544320000,9.56,9.56,9.53,9.54,2754.41
1650544380000,9.54,9.54,9.53,9.53,2095.4
1650544440000,9.54,9.54,9.52,9.53,2780.74
1650544500000,9.53,9.55,9.53,9.54,1038.07
1650544560000,9.53,9.54,9.53,9.53,387.68
1650544620000,9.53,9.54,9.51,9.51,2810.39
1650544680000,9.51,9.54,9.51,9.53,1302.9
1650544740000,9.53,9.54,9.52,9.52,2563.45
1650544800000,9.52,9.53,9.52,9.52,956.2
1650544860000,9.52,9.55,9.52,9.55,1956.12
1650544920000,9.55,9.56,9.54,9.55,1214.95
1650544980000,9.55,9.57,9.55,9.55,701.23
1650545040000,9.55,9.56,9.55,9.56,604.0
1650545100000,9.55,9.58,9.54,9.57,2063.54
1650545160000,9.57,9.59,9.57,9.59,8585.71
1650545220000,9.59,9.59,9.56,9.57,2824.69
1650545280000,9.57,9.59,9.57,9.57,1116.38
1650545340000,9.57,9.59,9.57,9.58,2096.59
1650545400000,9.58,9.59,9.57,9.57,2885.55
1650545460000,9.57,9.58,9.57,9.57,447.28
1650545520000,9.57,9.57,9.56,9.57,1277.47
1650545580000,9.56,9.59,9.56,9.59,2402.16
1650545640000,9.59,9.59,9.58,9.59,2042.3
1650545700000,9.58,9.59,9.58,9.58,110.44
1650545760000,9.58,9.59,9.58,9.58,838.33
1650545820000,9.58,9.58,9.58,9.58,62.11
1650545880000,9.59,9.6,9.58,9.59,789.17
1650545940000,9.59,9.59,9.58,9.58,842.4
1650546000000,9.58,9.59,9.57,9.59,599.72
1650546060000,9.59,9.59,9.57,9.57,618.1
1650546120000,9.57,9.58,9.57,9.58,131.12
1650546180000,9.58,9.59,9.57,9.58,802.34
1650546240000,9.59,9.59,9.58,9.58,22.24
1650546300000,9.59,9.59,9.58,9.58,981.89
1650546360000,9.58,9.58,9.57,9.57,926.49
1650546420000,9.57,9.58,9.57,9.58,14.61
1650546480000,9.57,9.58,9.57,9.58,839.63
1650546540000,9.57,9.58,9.56,9.56,315.1
1650546600000,9.57,9.59,9.57,9.58,1087.66
1650546660000,9.58,9.59,9.58,9.58,270.1
1650546720000,9.58,9.58,9.58,9.58,7.57
1650546780000,9.57,9.57,9.57,9.57,59.91
1650546840000,9.58,9.59,9.58,9.58,153.35
1650546900000,9.58,9.59,9.58,9.58,37.47
1650546960000,9.59,9.59,9.58,9.59,999.91
1650547020000,9.59,9.6,9.58,9.58,1103.27
1650547080000,9.58,9.59,9.58,9.59,421.52
1650547140000,9.59,9.59,9.58,9.59,2990.33
1650547200000,9.59,9.59,9.57,9.58,1004.5
1650547260000,9.58,9.62,9.58,9.6,13808.89
1650547320000,9.61,9.66,9.6,9.63,18567.54
1650547380000,9.64,9.66,9.63,9.65,2436.28
1650547440000,9.66,9.72,9.66,9.71,12203.77
1650547500000,9.71,9.72,9.68,9.69,3824.42
1650547560000,9.69,9.7,9.65,9.67,5754.11
1650547620000,9.67,9.67,9.65,9.66,2409.54
1650547680000,9.66,9.66,9.64,9.64,208.42
1650547740000,9.64,9.65,9.64,9.65,947.28
1650547800000,9.66,9.67,9.63,9.65,2830.22
1650547860000,9.65,9.65,9.63,9.65,1584.36
1650547920000,9.65,9.67,9.65,9.67,1599.06
1650547980000,9.67,9.68,9.66,9.67,2357.85
1650548040000,9.67,9.69,9.67,9.69,2883.66
1650548100000,9.69,9.7,9.68,9.69,1701.32
1650548160000,9.69,9.69,9.68,9.69,1335.07
1650548220000,9.69,9.7,9.68,9.68,359.48
1650548280000,9.68,9.69,9.65,9.67,1836.35
1650548340000,9.66,9.67,9.64,9.65,2347.55
1650548400000,9.65,9.66,9.63,9.65,3270.26
1650548460000,9.65,9.65,9.61,9.62,1439.96
1650548520000,9.63,9.64,9.62,9.64,564.29
1650548580000,9.63,9.63,9.62,9.62,168.58
1650548640000,9.61,9.62,9.61,9.61,402.39
1650548700000,9.61,9.61,9.59,9.6,738.78
1650548760000,9.6,9.61,9.6,9.6,1029.48
1650548820000,9.6,9.61,9.59,9.6,813.02
1650548880000,9.6,9.6,9.58,9.59,1024.3
1650548940000,9.59,9.59,9.57,9.58,1671.55
1650549000000,9.58,9.59,9.58,9.59,1132.05
1650549060000,9.59,9.6,9.59,9.6,513.01
1650549120000,9.59,9.6,9.59,9.59,853.62
1650549180000,9.6,9.6,9.57,9.57,2165.95
1650549240000,9.57,9.59,9.57,9.59,1217.77
1650549300000,9.6,9.6,9.59,9.6,168.21
1650549360000,9.59,9.6,9.59,9.6,352.19
1650549420000,9.61,9.61,9.6,9.6,193.8
1650549480000,9.6,9.6,9.59,9.59,556.1
1650549540000,9.59,9.6,9.59,9.6,19.73
1650549600000,9.6,9.6,9.58,9.58,36.04
1650549660000,9.58,9.6,9.58,9.59,96.53
1650549720000,9.59,9.6,9.59,9.6,1348.38
1650549780000,9.6,9.6,9.59,9.59,148.49
1650549840000,9.59,9.6,9.57,9.58,1258.95
1650549900000,9.57,9.57,9.56,9.57,332.91
1650549960000,9.57,9.57,9.56,9.57,1076.47
1650550020000,9.57,9.57,9.56,9.56,1226.63
1650550080000,9.56,9.57,9.56,9.57,114.33
1650550140000,9.57,9.57,9.56,9.57,428.57
1650550200000,9.56,9.57,9.56,9.57,228.9
1650550260000,9.57,9.58,9.57,9.58,579.43
1650550320000,9.58,9.58,9.57,9.57,482.55
1650550380000,9.58,9.59,9.58,9.58,996.78
1650550440000,9.58,9.58,9.56,9.57,1534.38
1650550500000,9.56,9.59,9.56,9.59,1432.3
1650550560000,9.58,9.59,9.58,9.59,1172.8
1650550620000,9.59,9.61,9.59,9.59,2763.29
1650550680000,9.59,9.6,9.59,9.6,107.6
1650550740000,9.6,9.6,9.59,9.59,2336.75
1650550800000,9.59,9.59,9.56,9.56,941.1
1650550860000,9.56,9.57,9.56,9.57,266.37
1650550920000,9.57,9.57,9.56,9.56,194.21
1650550980000,9.57,9.59,9.57,9.58,4832.45
1650551040000,9.58,9.58,9.58,9.58,108.14
1650551100000,9.59,9.59,9.57,9.57,620.65
1650551160000,9.57,9.58,9.57,9.57,303.01
1650551220000,9.56,9.57,9.56,9.57,470.5
1650551280000,9.57,9.57,9.57,9.57,388.12
1650551340000,9.57,9.58,9.57,9.57,453.3
1650551400000,9.57,9.58,9.57,9.58,57.55
1650551460000,9.58,9.59,9.58,9.59,404.33
1650551520000,9.59,9.59,9.59,9.59,335.48
1650551580000,9.58,9.58,9.58,9.58,449.49
1650551640000,9.58,9.58,9.58,9.58,138.78
1650551700000,9.57,9.6,9.57,9.59,2238.08
1650551760000,9.59,9.59,9.57,9.57,2011.75
1650551820000,9.59,9.59,9.57,9.57,273.17
1650551880000,9.57,9.57,9.55,9.56,10844.93
1650551940000,9.56,9.56,9.54,9.55,1140.85
1650552000000,9.55,9.55,9.52,9.53,2417.06
1650552060000,9.53,9.54,9.52,9.54,4010.26
1650552120000,9.55,9.55,9.53,9.54,1556.07
1650552180000,9.54,9.54,9.53,9.53,549.72
1650552240000,9.54,9.57,9.54,9.56,6748.09
1650552300000,9.56,9.56,9.55,9.55,185.31
1650552360000,9.56,9.57,9.55,9.56,464.4
1650552420000,9.56,9.56,9.55,9.56,238.28
1650552480000,9.56,9.56,9.55,9.55,408.8
1650552540000,9.55,9.55,9.54,9.54,431.17
1650552600000,9.55,9.56,9.55,9.55,296.74
1650552660000,9.55,9.55,9.54,9.54,166.11
1650552720000,9.55,9.55,9.54,9.54,878.85
1650552780000,9.54,9.55,9.53,9.55,1525.65
1650552840000,9.55,9.55,9.55,9.55,1.72
1650552900000,9.55,9.56,9.55,9.56,835.28
1650552960000,9.56,9.56,9.55,9.56,1186.28
1650553020000,9.55,9.55,9.55,9.55,361.35
1650553080000,9.55,9.56,9.54,9.55,1945.63
1650553140000,9.56,9.56,9.55,9.55,430.76
1650553200000,9.56,9.57,9.56,9.56,222.45
1650553260000,9.57,9.57,9.56,9.56,638.03
1650553320000,9.57,9.57,9.56,9.56,613.93
1650553380000,9.56,9.56,9.56,9.56,173.07
1650553440000,9.56,9.57,9.56,9.56,467.47
1650553500000,9.56,9.56,9.55,9.56,174.35
1650553560000,9.55,9.56,9.54,9.56,690.41
1650553620000,9.55,9.56,9.54,9.55,1955.68
1650553680000,9.54,9.54,9.53,9.54,226.71
1650553740000,9.54,9.55,9.52,9.52,3542.72
1650553800000,9.52,9.53,9.52,9.53,135.08
1650553860000,9.53,9.55,9.53,9.54,196.29
1650553920000,9.55,9.57,9.55,9.57,664.32
1650553980000,9.56,9.57,9.56,9.56,119.63
1650554040000,9.56,9.56,9.56,9.56,505.9
1650554100000,9.57,9.57,9.56,9.57,1005.34
1650554160000,9.57,9.58,9.57,9.58,196.37
1650554220000,9.58,9.58,9.57,9.57,408.0
1650554280000,9.56,9.56,9.55,9.55,295.34
1650554340000,9.56,9.57,9.56,9.56,1120.51
1650554400000,9.56,9.57,9.56,9.56,54.53
1650554460000,9.55,9.55,9.54,9.55,791.94
1650554520000,9.54,9.56,9.54,9.56,1007.29
1650554580000,9.55,9.56,9.54,9.54,368.26
1650554640000,9.54,9.55,9.54,9.55,161.28
1650554700000,9.55,9.55,9.54,9.54,193.74
1650554760000,9.55,9.55,9.54,9.55,80.24
1650554820000,9.55,9.55,9.55,9.55,0.0
1650554880000,9.55,9.56,9.54,9.54,999.53
1650554940000,9.54,9.54,9.53,9.54,663.53
1650555000000,9.54,9.55,9.54,9.54,58.8
1650555060000,9.54,9.55,9.54,9.54,54.35
1650555120000,9.54,9.54,9.52,9.52,720.55
1650555180000,9.52,9.53,9.51,9.52,441.79
1650555240000,9.51,9.53,9.51,9.52,1395.6
1650555300000,9.52,9.52,9.51,9.51,629.74
1650555360000,9.52,9.52,9.5,9.51,1690.01
1650555420000,9.51,9.52,9.51,9.52,144.3
1650555480000,9.51,9.52,9.51,9.51,408.83
1650555540000,9.51,9.52,9.51,9.51,559.78
1650555600000,9.52,9.52,9.5,9.5,1019.31
1650555660000,9.5,9.51,9.48,9.48,10885.77
1650555720000,9.48,9.5,9.48,9.49,599.82
1650555780000,9.48,9.5,9.48,9.48,652.86
1650555840000,9.49,9.49,9.48,9.49,2532.7
1650555900000,9.49,9.49,9.48,9.48,404.55
1650555960000,9.48,9.49,9.48,9.49,2944.62
1650556020000,9.48,9.49,9.47,9.48,2773.6
1650556080000,9.48,9.49,9.47,9.48,2072.96
1650556140000,9.48,9.5,9.47,9.48,3760.76
1650556200000,9.48,9.49,9.47,9.49,423.57
1650556260000,9.49,9.5,9.48,9.48,722.64
1650556320000,9.48,9.49,9.48,9.49,16.54
1650556380000,9.48,9.48,9.48,9.48,70.0
1650556440000,9.49,9.49,9.49,9.49,107.49
1650556500000,9.49,9.49,9.48,9.48,740.33
1650556560000,9.48,9.49,9.47,9.48,3792.0
1650556620000,9.48,9.49,9.47,9.49,3783.52
1650556680000,9.48,9.48,9.46,9.47,690.93
1650556740000,9.47,9.48,9.46,9.47,2428.11
1650556800000,9.47,9.48,9.47,9.47,2879.78
1650556860000,9.47,9.47,9.47,9.47,667.84
1650556920000,9.48,9.49,9.46,9.46,2124.84
1650556980000,9.47,9.47,9.47,9.47,69.63
1650557040000,9.47,9.47,9.46,9.46,23.41
1650557100000,9.46,9.46,9.44,9.46,3681.83
1650557160000,9.46,9.47,9.45,9.46,3150.99
1650557220000,9.45,9.45,9.43,9.45,1116.8
1650557280000,9.45,9.45,9.44,9.44,590.79
1650557340000,9.45,9.45,9.42,9.44,1697.23
1650557400000,9.44,9.45,9.43,9.44,941.81
1650557460000,9.45,9.46,9.44,9.46,1268.27
1650557520000,9.46,9.49,9.46,9.47,3882.36
1650557580000,9.49,9.49,9.48,9.48,853.57
1650557640000,9.48,9.51,9.48,9.49,1673.2
1650557700000,9.5,9.51,9.5,9.51,1422.4
1650557760000,9.5,9.51,9.49,9.5,10776.0
1650557820000,9.5,9.51,9.5,9.5,529.6
1650557880000,9.5,9.51,9.5,9.51,1544.31
1650557940000,9.52,9.52,9.5,9.52,351.94
1650558000000,9.51,9.51,9.5,9.51,652.81
1650558060000,9.5,9.52,9.5,9.51,1248.93
1650558120000,9.5,9.51,9.5,9.51,68.11
1650558180000,9.51,9.51,9.49,9.51,413.32
1650558240000,9.5,9.52,9.5,9.51,417.09
1650558300000,9.51,9.52,9.5,9.51,475.84
1650558360000,9.51,9.51,9.51,9.51,660.47
1650558420000,9.5,9.5,9.49,9.5,159.46
1650558480000,9.49,9.5,9.47,9.48,694.06
1650558540000,9.48,9.48,9.46,9.46,267.75
1650558600000,9.46,9.48,9.46,9.47,347.6
1650558660000,9.47,9.47,9.47,9.47,0.0
1650558720000,9.47,9.48,9.45,9.46,756.22
1650558780000,9.46,9.46,9.46,9.46,2589.62
1650558840000,9.47,9.47,9.46,9.46,325.54
1650558900000,9.46,9.47,9.46,9.46,372.81
1650558960000,9.46,9.47,9.46,9.46,13.47
1650559020000,9.46,9.47,9.46,9.46,370.87
1650559080000,9.46,9.46,9.45,9.45,239.82
1650559140000,9.45,9.45,9.45,9.45,170.85
1650559200000,9.45,9.46,9.45,9.46,792.93
1650559260000,9.47,9.48,9.47,9.47,313.29
1650559320000,9.47,9.47,9.47,9.47,0.0
1650559380000,9.46,9.46,9.45,9.45,181.45
1650559440000,9.45,9.46,9.45,9.46,47.08
1650559500000,9.46,9.47,9.45,9.46,3071.6
1650559560000,9.47,9.48,9.46,9.48,183.13
1650559620000,9.48,9.5,9.48,9.49,329.42
1650559680000,9.49,9.49,9.48,9.48,365.4
1650559740000,9.48,9.48,9.47,9.48,266.26
1650559800000,9.48,9.48,9.48,9.48,0.0
1650559860000,9.47,9.47,9.47,9.47,210.79
1650559920000,9.46,9.46,9.45,9.46,204.69
1650559980000,9.45,9.45,9.43,9.44,840.4
1650560040000,9.44,9.44,9.44,9.44,12.27
1650560100000,9.43,9.44,9.41,9.43,2768.59
1650560160000,9.43,9.44,9.42,9.42,624.3
1650560220000,9.42,9.42,9.41,9.42,665.45
1650560280000,9.43,9.43,9.41,9.42,578.53
1650560340000,9.41,9.42,9.39,9.39,1151.27
1650560400000,9.38,9.39,9.37,9.38,2343.59
1650560460000,9.39,9.39,9.37,9.38,667.35
1650560520000,9.39,9.4,9.39,9.4,107.15
1650560580000,9.4,9.4,9.37,9.38,593.15
1650560640000,9.38,9.39,9.38,9.39,253.39
1650560700000,9.39,9.39,9.38,9.38,72.11
1650560760000,9.37,9.38,9.37,9.37,1125.95
1650560820000,9.36,9.38,9.36,9.37,449.81
1650560880000,9.37,9.37,9.35,9.36,2497.13
1650560940000,9.37,9.37,9.36,9.36,293.01
1650561000000,9.37,9.37,9.36,9.37,582.85
1650561060000,9.36,9.36,9.36,9.36,579.64
1650561120000,9.37,9.37,9.35,9.36,4009.36
1650561180000,9.36,9.38,9.36,9.38,398.13
1650561240000,9.38,9.38,9.36,9.38,707.43
1650561300000,9.38,9.39,9.37,9.37,691.64
1650561360000,9.37,9.37,9.36,9.36,507.07
1650561420000,9.36,9.36,9.35,9.35,743.97
1650561480000,9.35,9.36,9.34,9.34,1476.6
1650561540000,9.34,9.34,9.33,9.34,2620.91
1650561600000,9.35,9.36,9.33,9.36,1223.56
1650561660000,9.36,9.39,9.36,9.39,1181.89
1650561720000,9.4,9.41,9.39,9.4,717.76
1650561780000,9.39,9.4,9.39,9.4,497.14
1650561840000,9.4,9.4,9.39,9.39,247.46
1650561900000,9.39,9.41,9.38,9.41,650.62
1650561960000,9.41,9.41,9.4,9.4,21.97
1650562020000,9.39,9.39,9.39,9.39,107.55
1650562080000,9.4,9.41,9.4,9.4,275.34
1650562140000,9.41,9.42,9.4,9.41,820.88
1650562200000,9.41,9.42,9.41,9.41,213.64
1650562260000,9.41,9.41,9.4,9.4,331.44
1650562320000,9.4,9.41,9.39,9.39,816.25
1650562380000,9.4,9.41,9.37,9.37,696.62
1650562440000,9.37,9.38,9.36,9.36,1237.3
1650562500000,9.36,9.36,9.34,9.34,520.45
1650562560000,9.35,9.35,9.33,9.33,1096.25
1650562620000,9.33,9.35,9.32,9.34,1036.91
1650562680000,9.33,9.33,9.32,9.33,1325.44
1650562740000,9.32,9.33,9.31,9.32,414.46
1650562800000,9.33,9.33,9.32,9.32,605.83
1650562860000,9.32,9.33,9.31,9.32,551.5
1650562920000,9.33,9.34,9.32,9.33,1257.86
1650562980000,9.33,9.34,9.33,9.34,74.86
1650563040000,9.34,9.35,9.33,9.33,976.93
1650563100000,9.33,9.34,9.32,9.33,613.69
1650563160000,9.34,9.36,9.33,9.35,623.02
1650563220000,9.35,9.37,9.35,9.35,128.59
1650563280000,9.36,9.37,9.35,9.35,78.06
1650563340000,9.35,9.35,9.34,9.35,1138.53
1650563400000,9.35,9.35,9.34,9.35,423.03
1650563460000,9.34,9.36,9.34,9.35,341.38
1650563520000,9.35,9.36,9.34,9.34,386.04
1650563580000,9.35,9.35,9.34,9.35,291.97
1650563640000,9.35,9.35,9.32,9.32,466.92
1650563700000,9.32,9.33,9.32,9.33,566.69
1650563760000,9.32,9.33,9.32,9.32,921.68
1650563820000,9.32,9.34,9.32,9.33,182.14
1650563880000,9.32,9.34,9.32,9.34,2288.22
1650563940000,9.34,9.34,9.33,9.34,244.52
1650564000000,9.34,9.34,9.31,9.31,515.71
1650564060000,9.31,9.33,9.31,9.31,1222.78
1650564120000,9.31,9.32,9.31,9.31,50.06
1650564180000,9.31,9.31,9.31,9.31,531.62
1650564240000,9.31,9.32,9.3,9.31,416.68
1650564300000,9.31,9.32,9.3,9.32,965.01
1650564360000,9.32,9.33,9.31,9.31,1072.47
1650564420000,9.32,9.32,9.31,9.31,393.88
1650564480000,9.31,9.32,9.31,9.32,357.06
1650564540000,9.31,9.32,9.31,9.31,64.5
1650564600000,9.31,9.32,9.31,9.32,18.79
1650564660000,9.32,9.32,9.31,9.32,541.87
1650564720000,9.31,9.32,9.31,9.32,523.8
1650564780000,9.32,9.33,9.31,9.31,446.81
1650564840000,9.32,9.32,9.31,9.32,226.71
1650564900000,9.32,9.32,9.31,9.31,290.45
1650564960000,9.32,9.32,9.31,9.32,498.24
1650565020000,9.32,9.32,9.32,9.32,75.23
1650565080000,9.33,9.33,9.32,9.32,63.97
1650565140000,9.32,9.32,9.32,9.32,0.0
1650565200000,9.33,9.33,9.33,9.33,1.58
1650565260000,9.33,9.34,9.33,9.34,1416.8
1650565320000,9.34,9.34,9.34,9.34,0.0
1650565380000,9.34,9.34,9.33,9.33,204.19
1650565440000,9.33,9.34,9.33,9.33,17.83
1650565500000,9.33,9.33,9.32,9.33,266.36
1650565560000,9.33,9.33,9.33,9.33,33.45
1650565620000,9.33,9.33,9.33,9.33,99.23
1650565680000,9.33,9.33,9.33,9.33,0.0
1650565740000,9.33,9.33,9.32,9.32,371.28
1650565800000,9.32,9.32,9.31,9.31,317.36
1650565860000,9.31,9.32,9.31,9.31,309.52
1650565920000,9.31,9.32,9.31,9.32,239.37
1650565980000,9.32,9.32,9.32,9.32,97.81
1650566040000,9.32,9.34,9.32,9.34,479.52
1650566100000,9.34,9.37,9.34,9.36,7359.99
1650566160000,9.37,9.37,9.36,9.36,428.11
1650566220000,9.36,9.37,9.35,9.35,1305.19
1650566280000,9.35,9.35,9.35,9.35,39.88
1650566340000,9.35,9.36,9.34,9.36,399.48
1650566400000,9.35,9.35,9.35,9.35,304.17
1650566460000,9.35,9.35,9.35,9.35,1.79
1650566520000,9.36,9.36,9.36,9.36,195.14
1650566580000,9.37,9.37,9.37,9.37,14.73
1650566640000,9.36,9.36,9.36,9.36,405.42
1650566700000,9.35,9.37,9.35,9.37,2684.86
1650566760000,9.36,9.36,9.34,9.35,493.41
1650566820000,9.34,9.34,9.32,9.33,891.99
1650566880000,9.33,9.33,9.31,9.31,983.13
1650566940000,9.31,9.31,9.29,9.3,558.02
1650567000000,9.3,9.31,9.29,9.3,946.91
1650567060000,9.31,9.31,9.29,9.3,322.04
1650567120000,9.3,9.32,9.29,9.32,902.87
1650567180000,9.31,9.32,9.31,9.32,547.73
1650567240000,9.31,9.31,9.31,9.31,238.73
1650567300000,9.31,9.31,9.31,9.31,42.71
1650567360000,9.31,9.32,9.31,9.32,152.86
1650567420000,9.33,9.34,9.32,9.32,438.62
1650567480000,9.32,9.32,9.31,9.31,840.83
1650567540000,9.3,9.31,9.29,9.31,688.45
1650567600000,9.29,9.3,9.29,9.3,5408.35
1650567660000,9.3,9.3,9.29,9.3,154.19
1650567720000,9.3,9.3,9.28,9.28,936.47
1650567780000,9.27,9.27,9.24,9.25,3448.33
1650567840000,9.25,9.25,9.21,9.23,4344.83
1650567900000,9.24,9.27,9.23,9.26,2984.74
1650567960000,9.26,9.27,9.23,9.23,1628.29
1650568020000,9.22,9.24,9.22,9.24,312.87
1650568080000,9.23,9.24,9.23,9.24,260.91
1650568140000,9.23,9.24,9.22,9.23,1353.2
1650568200000,9.22,9.23,9.22,9.23,72.72
1650568260000,9.23,9.24,9.22,9.23,307.84
1650568320000,9.22,9.23,9.22,9.23,15.37
1650568380000,9.23,9.23,9.22,9.23,117.6
1650568440000,9.23,9.25,9.23,9.25,230.93
1650568500000,9.25,9.25,9.24,9.24,700.65
1650568560000,9.23,9.24,9.23,9.24,397.55
1650568620000,9.24,9.24,9.22,9.22,800.19
1650568680000,9.22,9.24,9.22,9.23,397.88
1650568740000,9.22,9.22,9.21,9.21,280.28
1650568800000,9.22,9.22,9.22,9.22,61.25
1650568860000,9.22,9.23,9.21,9.22,902.08
1650568920000,9.22,9.24,9.22,9.22,4249.01
1650568980000,9.22,9.22,9.21,9.22,41.77
1650569040000,9.23,9.23,9.22,9.23,132.81
1650569100000,9.23,9.23,9.23,9.23,22.15
1650569160000,9.22,9.23,9.22,9.22,837.8
1650569220000,9.23,9.23,9.22,9.22,80.04
1650569280000,9.22,9.23,9.22,9.23,211.96
1650569340000,9.23,9.25,9.23,9.25,1338.25
1650569400000,9.24,9.26,9.24,9.24,297.33
1650569460000,9.25,9.25,9.24,9.24,938.21
1650569520000,9.25,9.26,9.24,9.24,1295.77
1650569580000,9.24,9.24,9.23,9.23,613.67
1650569640000,9.23,9.23,9.23,9.23,95.38
1650569700000,9.23,9.23,9.21,9.21,526.03
1650569760000,9.21,9.21,9.2,9.2,1293.78
1650569820000,9.2,9.21,9.2,9.21,532.98
1650569880000,9.2,9.21,9.2,9.21,228.76
1650569940000,9.21,9.21,9.21,9.21,1019.86
1650570000000,9.21,9.21,9.2,9.21,1060.11
1650570060000,9.2,9.21,9.2,9.21,29.97
1650570120000,9.2,9.21,9.19,9.21,2468.25
1650570180000,9.21,9.21,9.19,9.2,869.31
1650570240000,9.2,9.21,9.2,9.21,621.0
1650570300000,9.2,9.2,9.19,9.19,1104.78
1650570360000,9.19,9.19,9.17,9.18,1671.3
1650570420000,9.18,9.18,9.16,9.17,1640.6
1650570480000,9.17,9.17,9.15,9.17,3526.4
1650570540000,9.16,9.16,9.1,9.12,19348.0
1650570600000,9.1,9.11,9.06,9.1,48930.02
1650570660000,9.1,9.1,9.06,9.08,32923.18
1650570720000,9.08,9.09,9.07,9.08,512.11
1650570780000,9.08,9.09,9.08,9.09,502.48
1650570840000,9.09,9.1,9.08,9.08,3318.69
1650570900000,9.08,9.08,9.0,9.04,86571.56
1650570960000,9.04,9.04,9.02,9.03,1184.55
1650571020000,9.03,9.03,9.02,9.03,694.03
1650571080000,9.03,9.03,9.02,9.02,2140.77
1650571140000,9.02,9.02,9.0,9.01,2539.32
1650571200000,9.0,9.01,8.97,8.98,9310.61
1650571260000,8.98,9.0,8.98,8.99,6171.39
1650571320000,8.99,9.0,8.97,8.97,3399.06
1650571380000,8.97,9.0,8.95,8.99,3572.51
1650571440000,8.99,9.02,8.99,9.02,3423.43
1650571500000,9.02,9.02,8.99,8.99,431.5
1650571560000,8.99,9.0,8.99,9.0,666.97
1650571620000,8.99,9.01,8.99,9.01,755.01
1650571680000,9.01,9.01,8.99,9.0,707.16
1650571740000,9.0,9.01,8.99,8.99,864.98
1650571800000,8.99,8.99,8.97,8.97,2466.12
1650571860000,8.97,8.98,8.96,8.98,707.16
1650571920000,8.98,8.99,8.96,8.98,1900.96
1650571980000,8.99,9.0,8.97,8.99,2811.52
1650572040000,8.99,8.99,8.97,8.97,1719.67
1650572100000,8.97,8.98,8.97,8.98,656.41
1650572160000,8.98,8.99,8.97,8.98,757.95
1650572220000,8.98,8.98,8.98,8.98,1991.88
1650572280000,8.99,8.99,8.99,8.99,65.34
1650572340000,8.99,8.99,8.96,8.97,4256.76
1650572400000,8.96,8.99,8.96,8.97,8003.39
1650572460000,8.96,8.96,8.94,8.95,3760.72
1650572520000,8.96,8.96,8.95,8.96,41.63
1650572580000,8.96,8.98,8.96,8.97,2533.01
1650572640000,8.96,8.97,8.96,8.97,1229.5
1650572700000,8.98,8.98,8.98,8.98,875.9
1650572760000,8.98,8.99,8.98,8.99,1322.52
1650572820000,8.98,8.99,8.98,8.98,302.62
1650572880000,8.98,8.98,8.98,8.98,60.04
1650572940000,8.98,8.98,8.97,8.97,189.88
1650573000000,8.97,8.98,8.96,8.97,1149.15
1650573060000,8.97,8.97,8.93,8.94,2356.6
1650573120000,8.95,8.95,8.91,8.92,8111.04
1650573180000,8.93,8.93,8.92,8.92,1282.5
1650573240000,8.92,8.94,8.91,8.92,3292.41
1650573300000,8.92,8.92,8.86,8.87,14517.43
1650573360000,8.88,8.9,8.86,8.88,4655.66
1650573420000,8.88,8.9,8.86,8.87,16523.32
1650573480000,8.87,8.88,8.86,8.86,1500.37
1650573540000,8.86,8.87,8.8,8.8,50697.43
1650573600000,8.8,8.82,8.77,8.81,23583.17
1650573660000,8.82,8.84,8.8,8.82,4581.45
1650573720000,8.81,8.82,8.8,8.81,2864.54
1650573780000,8.81,8.84,8.81,8.83,1246.64
1650573840000,8.83,8.84,8.83,8.83,1099.54
1650573900000,8.83,8.86,8.81,8.85,3586.68
1650573960000,8.85,8.89,8.85,8.86,7022.18
1650574020000,8.86,8.88,8.85,8.88,1674.49
1650574080000,8.87,8.87,8.85,8.87,1595.05
1650574140000,8.86,8.87,8.85,8.87,740.68
1650574200000,8.87,8.87,8.83,8.84,1426.14
1650574260000,8.84,8.86,8.83,8.86,1522.8
1650574320000,8.86,8.86,8.86,8.86,63.08
1650574380000,8.86,8.86,8.84,8.86,1488.0
1650574440000,8.85,8.86,8.84,8.85,707.52
1650574500000,8.85,8.86,8.83,8.83,3075.78
1650574560000,8.83,8.85,8.83,8.83,3226.38
1650574620000,8.84,8.87,8.83,8.87,2821.71
1650574680000,8.87,8.87,8.86,8.86,689.61
1650574740000,8.86,8.86,8.84,8.86,1814.5
1650574800000,8.85,8.85,8.83,8.85,1283.94
1650574860000,8.86,8.86,8.85,8.86,1321.2
1650574920000,8.87,8.88,8.86,8.86,2055.15
1650574980000,8.86,8.87,8.86,8.86,724.45
1650575040000,8.87,8.87,8.86,8.86,2590.16
1650575100000,8.86,8.88,8.85,8.88,952.56
1650575160000,8.88,8.89,8.87,8.89,3225.37
1650575220000,8.88,8.9,8.88,8.89,649.75
1650575280000,8.9,8.9,8.89,8.9,2659.05
1650575340000,8.9,8.91,8.89,8.91,2883.01
1650575400000,8.91,8.92,8.9,8.91,1286.02
1650575460000,8.91,8.91,8.9,8.9,278.67
1650575520000,8.91,8.92,8.91,8.92,323.41
1650575580000,8.92,8.93,8.9,8.91,3518.65
1650575640000,8.92,8.92,8.9,8.91,7244.36
1650575700000,8.92,8.94,8.92,8.93,1593.92
1650575760000,8.93,8.94,8.89,8.9,3774.37
1650575820000,8.89,8.9,8.88,8.89,2435.6
1650575880000,8.89,8.9,8.88,8.9,2477.05
1650575940000,8.89,8.92,8.89,8.9,1486.15
1650576000000,8.9,8.92,8.9,8.92,2207.47
1650576060000,8.91,8.93,8.91,8.91,3605.6
1650576120000,8.92,8.92,8.9,8.9,1104.82
1650576180000,8.9,8.91,8.89,8.91,497.6
1650576240000,8.91,8.91,8.89,8.91,763.64
1650576300000,8.9,8.91,8.89,8.89,506.77
1650576360000,8.9,8.9,8.89,8.89,452.9
1650576420000,8.88,8.89,8.88,8.89,33.92
1650576480000,8.89,8.9,8.88,8.9,1935.26
1650576540000,8.9,8.92,8.9,8.91,5853.76
1650576600000,8.92,8.92,8.92,8.92,2.52
1650576660000,8.92,8.92,8.92,8.92,4.33
1650576720000,8.92,8.92,8.91,8.92,222.83
1650576780000,8.92,8.92,8.92,8.92,4.0
1650576840000,8.92,8.92,8.91,8.92,38.64
1650576900000,8.92,8.92,8.92,8.92,729.65
1650576960000,8.92,8.95,8.91,8.95,1808.58
1650577020000,8.94,8.96,8.94,8.95,835.21
1650577080000,8.96,8.97,8.95,8.96,651.37
1650577140000,8.96,8.98,8.96,8.98,1129.16
1650577200000,8.97,8.98,8.97,8.97,83.39
1650577260000,8.97,8.97,8.97,8.97,381.95
1650577320000,8.98,8.98,8.98,8.98,8.83
1650577380000,8.98,8.98,8.97,8.98,1323.65
1650577440000,8.98,8.98,8.98,8.98,65.04
1650577500000,8.98,8.98,8.98,8.98,77.91
1650577560000,8.98,8.98,8.95,8.96,937.86
1650577620000,8.95,8.96,8.95,8.96,678.84
1650577680000,8.95,8.96,8.95,8.95,52.23
1650577740000,8.96,8.96,8.94,8.94,474.71
1650577800000,8.94,8.94,8.92,8.94,1037.22
1650577860000,8.94,8.95,8.94,8.95,371.71
1650577920000,8.95,8.95,8.95,8.95,15.49
1650577980000,8.95,8.95,8.94,8.94,38.36
1650578040000,8.94,8.94,8.94,8.94,24.46
1650578100000,8.94,8.94,8.94,8.94,134.5
1650578160000,8.94,8.94,8.94,8.94,6.15
1650578220000,8.94,8.94,8.94,8.94,528.01
1650578280000,8.94,8.94,8.94,8.94,20.99
1650578340000,8.93,8.93,8.91,8.92,567.48
1650578400000,8.92,8.92,8.85,8.86,7592.55
1650578460000,8.86,8.86,8.83,8.83,1730.91
1650578520000,8.83,8.86,8.82,8.85,2465.67
1650578580000,8.85,8.86,8.84,8.85,174.69
1650578640000,8.86,8.89,8.86,8.89,1573.48
1650578700000,8.89,8.91,8.89,8.9,919.77
1650578760000,8.91,8.92,8.91,8.91,1613.92
1650578820000,8.91,8.91,8.91,8.91,2.32
1650578880000,8.91,8.93,8.91,8.92,693.82
1650578940000,8.92,8.92,8.92,8.92,952.66
1650579000000,8.93,8.93,8.93,8.93,114.03
1650579060000,8.93,8.93,8.92,8.92,96.49
1650579120000,8.93,8.94,8.92,8.93,1208.38
1650579180000,8.93,8.94,8.93,8.93,119.37
1650579240000,8.93,8.93,8.93,8.93,286.15
1650579300000,8.94,8.94,8.93,8.94,25.05
1650579360000,8.94,8.94,8.93,8.93,15.02
1650579420000,8.94,8.94,8.93,8.94,1562.14
1650579480000,8.94,8.95,8.94,8.94,397.12
1650579540000,8.94,8.94,8.93,8.94,8.13
1650579600000,8.94,8.94,8.94,8.94,75.35
1650579660000,8.93,8.93,8.91,8.91,2758.44
1650579720000,8.92,8.93,8.92,8.92,314.39
1650579780000,8.91,8.92,8.91,8.92,1622.27
1650579840000,8.92,8.92,8.91,8.91,186.71
1650579900000,8.91,8.91,8.89,8.89,894.4
1650579960000,8.89,8.9,8.89,8.9,26.48
1650580020000,8.9,8.9,8.9,8.9,27.96
1650580080000,8.9,8.9,8.88,8.88,1416.22
1650580140000,8.88,8.88,8.81,8.81,5679.42
1650580200000,8.8,8.81,8.68,8.69,34365.25
1650580260000,8.68,8.7,8.61,8.69,40713.33
1650580320000,8.69,8.71,8.68,8.7,11372.88
1650580380000,8.7,8.71,8.67,8.7,2921.7
1650580440000,8.7,8.72,8.68,8.72,3354.97
1650580500000,8.72,8.75,8.71,8.75,5701.47
1650580560000,8.75,8.79,8.75,8.79,6735.77
1650580620000,8.78,8.8,8.78,8.79,1005.01
1650580680000,8.78,8.79,8.76,8.77,1289.58
1650580740000,8.76,8.78,8.76,8.78,2967.77
1650580800000,8.78,8.83,8.78,8.81,6803.88
1650580860000,8.81,8.82,8.8,8.81,1574.18
1650580920000,8.82,8.85,8.82,8.85,6220.21
1650580980000,8.84,8.85,8.84,8.84,1059.33
1650581040000,8.85,8.85,8.84,8.84,1307.33
1650581100000,8.84,8.85,8.83,8.84,4432.23
1650581160000,8.85,8.85,8.82,8.83,2477.37
1650581220000,8.83,8.84,8.8,8.81,2597.6
1650581280000,8.8,8.83,8.8,8.81,2764.34
1650581340000,8.82,8.82,8.8,8.82,2418.77
1650581400000,8.82,8.82,8.81,8.82,3585.34
1650581460000,8.82,8.83,8.82,8.83,205.73
1650581520000,8.82,8.82,8.81,8.81,697.13
1650581580000,8.81,8.81,8.8,8.81,1771.88
1650581640000,8.81,8.81,8.79,8.8,9797.67
1650581700000,8.79,8.8,8.78,8.79,5255.25
1650581760000,8.8,8.84,8.8,8.81,2567.29
1650581820000,8.82,8.83,8.81,8.81,6372.37
1650581880000,8.81,8.82,8.8,8.82,318.54
1650581940000,8.82,8.83,8.82,8.83,701.84
1650582000000,8.83,8.83,8.82,8.82,3474.21
1650582060000,8.82,8.84,8.81,8.83,4122.98
1650582120000,8.83,8.83,8.82,8.83,530.08
1650582180000,8.83,8.83,8.82,8.82,380.64
1650582240000,8.82,8.83,8.82,8.82,816.13
1650582300000,8.81,8.82,8.8,8.8,130.11
1650582360000,8.81,8.82,8.8,8.81,1275.1
1650582420000,8.81,8.81,8.81,8.81,95.78
1650582480000,8.81,8.82,8.81,8.82,215.27
1650582540000,8.82,8.85,8.82,8.85,4586.64
1650582600000,8.85,8.86,8.84,8.85,3351.81
1650582660000,8.85,8.85,8.84,8.84,99.14
1650582720000,8.84,8.85,8.84,8.85,365.54
1650582780000,8.84,8.85,8.84,8.84,21.38
1650582840000,8.85,8.85,8.83,8.84,260.54
1650582900000,8.83,8.83,8.83,8.83,518.23
1650582960000,8.84,8.84,8.82,8.83,876.83
1650583020000,8.82,8.82,8.81,8.81,505.16
1650583080000,8.82,8.83,8.81,8.81,911.47
1650583140000,8.82,8.82,8.81,8.81,963.96
1650583200000,8.81,8.81,8.79,8.8,952.68
1650583260000,8.8,8.8,8.8,8.8,12.45
1650583320000,8.8,8.81,8.8,8.8,26.72
1650583380000,8.79,8.8,8.79,8.8,175.41
1650583440000,8.8,8.8,8.8,8.8,98.02
1650583500000,8.8,8.8,8.8,8.8,49.02
1650583560000,8.8,8.82,8.8,8.82,2184.25
1650583620000,8.82,8.82,8.81,8.81,206.99
1650583680000,8.81,8.82,8.81,8.82,356.35
1650583740000,8.82,8.82,8.82,8.82,115.89
1650583800000,8.83,8.83,8.82,8.82,817.59
1650583860000,8.83,8.83,8.82,8.82,34.34
1650583920000,8.82,8.83,8.82,8.83,190.08
1650583980000,8.83,8.83,8.83,8.83,7.48
1650584040000,8.83,8.83,8.82,8.83,746.56
1650584100000,8.83,8.84,8.83,8.84,138.16
1650584160000,8.84,8.84,8.84,8.84,62.88
1650584220000,8.84,8.84,8.83,8.83,254.22
1650584280000,8.84,8.84,8.84,8.84,139.13
1650584340000,8.83,8.84,8.83,8.84,30.0
1650584400000,8.84,8.84,8.84,8.84,55.0
1650584460000,8.84,8.84,8.84,8.84,71.9
1650584520000,8.85,8.85,8.84,8.84,45.27
1650584580000,8.84,8.84,8.84,8.84,0.0
1650584640000,8.85,8.85,8.85,8.85,743.65
1650584700000,8.84,8.84,8.82,8.84,2071.13
1650584760000,8.85,8.86,8.85,8.86,972.96
1650584820000,8.86,8.86,8.85,8.86,632.54
1650584880000,8.86,8.86,8.85,8.85,3108.74
1650584940000,8.85,8.85,8.85,8.85,205.92
1650585000000,8.85,8.86,8.85,8.85,198.56
1650585060000,8.85,8.85,8.84,8.85,28.22
1650585120000,8.85,8.86,8.85,8.86,1183.46
1650585180000,8.87,8.87,8.85,8.86,385.74
1650585240000,8.87,8.87,8.86,8.86,5.66
1650585300000,8.87,8.87,8.87,8.87,116.91
1650585360000,8.86,8.87,8.86,8.86,1547.74
1650585420000,8.87,8.87,8.86,8.87,671.09
1650585480000,8.86,8.87,8.85,8.86,1897.33
1650585540000,8.85,8.85,8.85,8.85,179.19
1650585600000,8.86,8.86,8.82,8.82,3453.95
1650585660000,8.83,8.83,8.81,8.82,680.09
1650585720000,8.81,8.83,8.81,8.83,1262.57
1650585780000,8.83,8.83,8.8,8.82,6498.73
1650585840000,8.83,8.83,8.82,8.82,1642.3
1650585900000,8.82,8.82,8.81,8.82,621.89
1650585960000,8.83,8.83,8.82,8.82,305.59
1650586020000,8.83,8.85,8.83,8.85,2081.77
1650586080000,8.86,8.87,8.86,8.87,470.64
1650586140000,8.87,8.87,8.86,8.87,2475.49
1650586200000,8.87,8.88,8.87,8.88,78.79
1650586260000,8.88,8.89,8.87,8.89,1099.18
1650586320000,8.88,8.89,8.88,8.89,1688.47
1650586380000,8.9,8.9,8.88,8.89,3567.28
1650586440000,8.89,8.91,8.88,8.9,7680.22
1650586500000,8.9,8.91,8.89,8.89,3261.82
1650586560000,8.89,8.89,8.87,8.88,1233.95
1650586620000,8.89,8.89,8.88,8.88,58.9
1650586680000,8.89,8.89,8.89,8.89,163.56
1650586740000,8.89,8.9,8.88,8.9,1015.7
1650586800000,8.9,8.9,8.9,8.9,90.38
1650586860000,8.9,8.9,8.89,8.89,390.99
1650586920000,8.89,8.93,8.89,8.92,9820.37
1650586980000,8.93,8.95,8.92,8.95,5555.05
1650587040000,8.95,8.95,8.93,8.93,848.35
1650587100000,8.93,8.94,8.93,8.94,202.22
1650587160000,8.93,8.94,8.93,8.93,516.8
1650587220000,8.93,8.96,8.92,8.95,2605.58
1650587280000,8.95,8.96,8.93,8.94,2175.72
1650587340000,8.94,8.95,8.93,8.95,1397.92
1650587400000,8.95,8.95,8.95,8.95,68.25
1650587460000,8.95,8.96,8.94,8.96,1547.88
1650587520000,8.95,8.97,8.95,8.96,1187.15
1650587580000,8.96,9.0,8.96,8.99,3879.84
1650587640000,8.99,9.01,8.98,9.0,1576.93
1650587700000,9.01,9.01,8.98,8.98,2007.75
1650587760000,8.97,8.98,8.97,8.98,1038.33
1650587820000,8.97,8.98,8.97,8.98,977.99
1650587880000,8.98,8.98,8.97,8.98,638.38
1650587940000,8.98,8.99,8.98,8.99,570.89
1650588000000,8.98,8.99,8.98,8.99,2355.68
1650588060000,8.98,8.99,8.96,8.98,1982.82
1650588120000,8.98,8.98,8.95,8.97,1221.32
1650588180000,8.96,8.96,8.94,8.94,1840.27
1650588240000,8.94,8.95,8.94,8.94,1030.32
1650588300000,8.95,8.95,8.89,8.9,4016.25
1650588360000,8.9,8.92,8.89,8.92,1719.8
1650588420000,8.92,8.94,8.92,8.93,1082.04
1650588480000,8.93,8.94,8.93,8.94,1763.39
1650588540000,8.94,8.94,8.94,8.94,4.34
1650588600000,8.94,8.94,8.93,8.93,80.49
1650588660000,8.94,8.95,8.92,8.95,1953.18
1650588720000,8.95,8.98,8.95,8.97,4564.11
1650588780000,8.97,8.98,8.97,8.98,664.83
1650588840000,8.97,8.98,8.96,8.97,1203.5
1650588900000,8.97,8.97,8.97,8.97,3.17
1650588960000,8.98,8.98,8.97,8.97,392.8
1650589020000,8.97,8.97,8.97,8.97,62.4
1650589080000,8.98,8.98,8.98,8.98,1.62
1650589140000,8.97,8.97,8.96,8.96,475.44
1650589200000,8.97,8.98,8.97,8.97,560.75
1650589260000,8.97,8.97,8.96,8.97,211.57
1650589320000,8.97,8.97,8.97,8.97,16.39
1650589380000,8.96,8.96,8.94,8.96,1447.55
1650589440000,8.95,8.95,8.93,8.95,1041.85
1650589500000,8.95,8.96,8.95,8.96,633.25
1650589560000,8.96,8.96,8.94,8.95,753.99
1650589620000,8.95,8.98,8.95,8.98,1046.78
1650589680000,8.99,8.99,8.98,8.99,128.89
1650589740000,8.99,9.0,8.99,9.0,1799.43
1650589800000,9.0,9.0,8.99,8.99,1041.68
1650589860000,9.0,9.01,9.0,9.0,335.32
1650589920000,9.01,9.01,8.99,8.99,1076.83
1650589980000,9.0,9.0,8.99,9.0,148.16
1650590040000,9.0,9.0,8.99,8.99,56.11
1650590100000,9.0,9.0,8.99,8.99,864.18
1650590160000,9.0,9.01,9.0,9.0,547.79
1650590220000,8.99,8.99,8.97,8.98,1091.38
1650590280000,8.97,8.97,8.96,8.97,72.3
1650590340000,8.97,8.97,8.96,8.97,1007.15
1650590400000,8.96,8.96,8.96,8.96,355.8
1650590460000,8.96,8.96,8.95,8.96,522.89
1650590520000,8.97,8.97,8.96,8.96,1015.26
1650590580000,8.97,8.97,8.96,8.96,1262.93
1650590640000,8.96,8.98,8.96,8.98,2587.17
1650590700000,8.97,8.98,8.97,8.98,141.05
1650590760000,8.98,8.98,8.98,8.98,1876.59
1650590820000,8.98,8.99,8.98,8.99,4.31
1650590880000,8.99,8.99,8.99,8.99,11.12
1650590940000,8.98,8.99,8.98,8.99,527.97
1650591000000,8.99,8.99,8.98,8.98,2379.25
1650591060000,8.98,8.99,8.96,8.98,13926.93
1650591120000,8.98,8.98,8.97,8.98,1120.31
1650591180000,8.98,8.98,8.98,8.98,90.25
1650591240000,8.97,8.97,8.97,8.97,941.11
1650591300000,8.97,8.98,8.96,8.98,546.33
1650591360000,8.98,8.98,8.98,8.98,180.39
1650591420000,8.98,8.98,8.97,8.98,389.79
1650591480000,8.98,8.98,8.97,8.97,458.94
1650591540000,8.96,8.97,8.96,8.97,284.04
1650591600000,8.97,8.97,8.97,8.97,10.81
1650591660000,8.96,8.96,8.94,8.95,2712.07
1650591720000,8.95,8.95,8.95,8.95,16.93
1650591780000,8.94,8.95,8.94,8.95,48.98
1650591840000,8.95,8.96,8.95,8.96,502.8
1650591900000,8.95,8.96,8.95,8.96,841.26
1650591960000,8.96,8.96,8.96,8.96,131.38
1650592020000,8.96,8.97,8.96,8.97,1110.14
1650592080000,8.97,8.98,8.97,8.98,288.51
1650592140000,8.98,8.98,8.98,8.98,282.7
1650592200000,8.99,8.99,8.99,8.99,24.54
1650592260000,8.98,8.99,8.97,8.98,582.05
1650592320000,8.97,8.98,8.97,8.98,1548.9
1650592380000,8.98,8.99,8.98,8.98,310.01
1650592440000,8.99,8.99,8.99,8.99,273.37
1650592500000,9.0,9.01,9.0,9.01,983.69
1650592560000,9.01,9.02,9.01,9.01,1093.56
1650592620000,9.01,9.01,9.01,9.01,258.16
1650592680000,9.01,9.02,9.01,9.01,22.82
1650592740000,9.0,9.01,8.98,8.99,978.43
1650592800000,8.99,9.0,8.99,9.0,278.34
1650592860000,9.0,9.01,8.99,9.0,1403.23
1650592920000,9.0,9.01,9.0,9.0,558.1
1650592980000,9.0,9.0,9.0,9.0,19.12
1650593040000,9.01,9.01,8.99,8.99,391.35
1650593100000,8.99,9.0,8.98,9.0,1214.86
1650593160000,9.0,9.01,9.0,9.01,642.26
1650593220000,9.0,9.02,9.0,9.02,132.64
1650593280000,9.01,9.02,9.01,9.02,368.87
1650593340000,9.02,9.02,9.02,9.02,0.0
1650593400000,9.02,9.02,9.01,9.02,16.34
1650593460000,9.02,9.02,9.01,9.02,170.19
1650593520000,9.02,9.02,9.0,9.0,1134.74
1650593580000,9.0,9.01,9.0,9.01,32.45
1650593640000,9.01,9.01,9.0,9.01,2683.75
1650593700000,9.01,9.01,9.0,9.0,1311.96
1650593760000,9.0,9.01,8.99,9.01,1019.18
1650593820000,9.01,9.01,9.01,9.01,290.49
1650593880000,9.01,9.01,9.0,9.0,324.77
1650593940000,9.0,9.0,9.0,9.0,693.1
1650594000000,9.0,9.0,9.0,9.0,143.98
1650594060000,8.99,8.99,8.99,8.99,646.08
1650594120000,8.99,8.99,8.99,8.99,497.83
1650594180000,8.99,9.0,8.99,9.0,257.69
1650594240000,9.0,9.0,8.99,9.0,239.59
1650594300000,8.99,8.99,8.99,8.99,1365.94
1650594360000,9.0,9.0,9.0,9.0,1461.55
1650594420000,9.0,9.0,9.0,9.0,35.55
1650594480000,9.01,9.01,9.01,9.01,55.48
1650594540000,9.01,9.01,9.01,9.01,34.41
1650594600000,9.0,9.0,9.0,9.0,51.57
1650594660000,9.0,9.0,9.0,9.0,17.35
1650594720000,8.99,9.0,8.99,9.0,156.76
1650594780000,8.99,8.99,8.99,8.99,84.72
1650594840000,9.0,9.0,8.99,9.0,1794.32
1650594900000,8.99,8.99,8.99,8.99,336.57
1650594960000,9.0,9.01,8.99,8.99,408.98
1650595020000,8.99,9.0,8.99,9.0,18.75
1650595080000,9.01,9.01,9.01,9.01,824.27
1650595140000,9.01,9.01,9.0,9.0,16.11
1650595200000,9.0,9.01,9.0,9.0,772.27
1650595260000,9.0,9.0,9.0,9.0,3.33
1650595320000,8.99,8.99,8.98,8.98,437.63
1650595380000,8.98,8.98,8.98,8.98,1692.2
1650595440000,8.98,8.99,8.98,8.99,443.6
1650595500000,8.98,8.98,8.97,8.98,527.37
1650595560000,8.98,8.99,8.96,8.97,744.19
1650595620000,8.96,8.96,8.96,8.96,18.55
1650595680000,8.97,8.97,8.97,8.97,514.5
1650595740000,8.98,8.98,8.97,8.97,26.67
1650595800000,8.96,8.96,8.96,8.96,132.54
1650595860000,8.96,8.96,8.94,8.95,1569.23
1650595920000,8.94,8.94,8.93,8.94,612.65
1650595980000,8.94,8.94,8.94,8.94,266.8
1650596040000,8.94,8.94,8.94,8.94,0.0
1650596100000,8.95,8.95,8.95,8.95,40.12
1650596160000,8.95,8.95,8.95,8.95,602.11
1650596220000,8.96,8.96,8.94,8.94,653.57
1650596280000,8.95,8.95,8.94,8.94,23.93
1650596340000,8.95,8.96,8.94,8.95,158.99
1650596400000,8.95,8.95,8.94,8.95,541.29
1650596460000,8.95,8.95,8.94,8.95,5958.34
1650596520000,8.94,8.94,8.94,8.94,513.69
1650596580000,8.94,8.94,8.93,8.93,48.0
1650596640000,8.94,8.94,8.93,8.93,138.12
1650596700000,8.94,8.94,8.94,8.94,37.3
1650596760000,8.94,8.95,8.94,8.95,255.42
1650596820000,8.94,8.95,8.94,8.95,13.81
1650596880000,8.95,8.95,8.94,8.95,78.35
1650596940000,8.95,8.95,8.95,8.95,30.73
1650597000000,8.95,8.95,8.94,8.95,601.37
1650597060000,8.95,8.95,8.95,8.95,3.62
1650597120000,8.95,8.96,8.95,8.95,461.4
1650597180000,8.95,8.96,8.95,8.95,322.38
1650597240000,8.96,8.96,8.96,8.96,1116.57
1650597300000,8.96,8.96,8.96,8.96,184.2
1650597360000,8.95,8.96,8.95,8.96,629.65
1650597420000,8.96,8.96,8.96,8.96,23.52
1650597480000,8.96,8.96,8.95,8.95,33.43
1650597540000,8.96,8.96,8.95,8.95,17.59
1650597600000,8.96,8.96,8.95,8.96,63.69
1650597660000,8.95,8.96,8.95,8.96,415.57
1650597720000,8.96,8.96,8.96,8.96,0.0
1650597780000,8.95,8.96,8.95,8.96,10.28
1650597840000,8.96,8.96,8.96,8.96,106.14
1650597900000,8.96,8.96,8.96,8.96,8.86
1650597960000,8.96,8.96,8.96,8.96,130.08
1650598020000,8.95,8.95,8.94,8.95,404.69
1650598080000,8.95,8.95,8.95,8.95,3.0
1650598140000,8.94,8.94,8.94,8.94,44.33
1650598200000,8.94,8.94,8.94,8.94,451.4
1650598260000,8.94,8.95,8.94,8.94,130.37
1650598320000,8.94,8.94,8.94,8.94,23.1
1650598380000,8.94,8.94,8.94,8.94,662.94
1650598440000,8.94,8.94,8.92,8.93,599.87
1650598500000,8.92,8.95,8.92,8.95,1063.57
1650598560000,8.95,8.96,8.95,8.96,544.99
1650598620000,8.96,8.96,8.96,8.96,0.0
1650598680000,8.97,8.98,8.97,8.97,570.98
1650598740000,8.97,8.97,8.97,8.97,63.46
1650598800000,8.97,8.98,8.97,8.98,1461.34
1650598860000,8.98,8.99,8.98,8.98,160.52
1650598920000,8.98,8.98,8.97,8.97,307.62
1650598980000,8.97,8.97,8.95,8.96,233.41
1650599040000,8.96,8.97,8.96,8.97,238.45
1650599100000,8.96,8.96,8.95,8.96,82.96
1650599160000,8.96,8.96,8.95,8.95,9.15
1650599220000,8.96,8.96,8.96,8.96,559.63
1650599280000,8.97,8.97,8.97,8.97,7.92
1650599340000,8.97,8.97,8.97,8.97,1.17
1650599400000,8.97,8.97,8.97,8.97,1.67
1650599460000,8.97,8.98,8.97,8.97,845.13
1650599520000,8.97,8.97,8.97,8.97,558.5
1650599580000,8.97,8.98,8.97,8.98,322.39
1650599640000,8.98,8.98,8.97,8.97,212.71
1650599700000,8.98,8.98,8.98,8.98,52.94
1650599760000,8.97,8.98,8.97,8.98,326.63
1650599820000,8.97,8.97,8.97,8.97,292.85
1650599880000,8.97,8.98,8.97,8.98,3533.77
1650599940000,8.97,8.98,8.97,8.98,455.67
1650600000000,8.98,8.98,8.97,8.97,7111.49
1650600060000,8.98,9.0,8.98,8.99,9733.04
1650600120000,9.0,9.01,8.99,9.0,6127.02
1650600180000,9.01,9.01,9.01,9.01,3432.84
1650600240000,9.01,9.01,8.99,8.99,1893.54
1650600300000,8.99,9.02,8.99,9.01,2333.83
1650600360000,9.01,9.02,9.01,9.02,101.64
1650600420000,9.02,9.02,9.01,9.02,114.69
1650600480000,9.02,9.02,9.01,9.01,26.0
1650600540000,9.02,9.02,9.02,9.02,33.24
1650600600000,9.02,9.02,9.02,9.02,6.1
1650600660000,9.02,9.02,9.02,9.02,1.67
1650600720000,9.02,9.02,9.02,9.02,38.18
1650600780000,9.02,9.02,9.01,9.01,943.33
1650600840000,9.01,9.01,9.01,9.01,5.84
1650600900000,9.02,9.02,9.02,9.02,2.58
1650600960000,9.02,9.02,9.02,9.02,78.28
1650601020000,9.02,9.02,9.0,9.01,1262.99
1650601080000,9.02,9.02,9.02,9.02,6.65
1650601140000,9.02,9.02,9.02,9.02,0.0
1650601200000,9.01,9.01,9.01,9.01,513.19
1650601260000,9.02,9.03,9.01,9.01,1973.2
1650601320000,9.01,9.01,9.01,9.01,281.38
1650601380000,9.02,9.02,9.01,9.02,52.15
1650601440000,9.02,9.02,9.02,9.02,110.86
1650601500000,9.01,9.01,9.0,9.0,1116.48
1650601560000,9.01,9.01,9.01,9.01,2.55
1650601620000,9.01,9.01,9.01,9.01,5.59
1650601680000,9.0,9.01,9.0,9.01,3.34
1650601740000,9.01,9.01,9.01,9.01,217.48
1650601800000,9.01,9.02,9.01,9.02,355.96
1650601860000,9.02,9.02,9.02,9.02,419.03
1650601920000,9.01,9.01,9.01,9.01,1.17
1650601980000,9.02,9.02,9.01,9.01,123.68
1650602040000,9.01,9.01,9.01,9.01,1.96
1650602100000,9.01,9.01,9.0,9.0,1693.09
1650602160000,9.01,9.01,9.01,9.01,10.04
1650602220000,9.0,9.01,9.0,9.01,12.39
1650602280000,9.01,9.01,9.01,9.01,0.0
1650602340000,9.01,9.01,9.01,9.01,0.0
1650602400000,9.0,9.0,9.0,9.0,15.91
1650602460000,9.0,9.0,9.0,9.0,1.85
1650602520000,9.01,9.01,9.0,9.01,10.63
1650602580000,9.01,9.01,9.01,9.01,28.39
1650602640000,9.0,9.01,9.0,9.01,146.59
1650602700000,9.01,9.02,9.01,9.02,317.41
1650602760000,9.02,9.04,9.02,9.03,5692.97
1650602820000,9.04,9.04,9.03,9.04,282.24
1650602880000,9.04,9.06,9.04,9.05,2129.67
1650602940000,9.06,9.06,9.06,9.06,3.76
1650603000000,9.06,9.06,9.05,9.05,30.88
1650603060000,9.05,9.06,9.05,9.06,363.91
1650603120000,9.05,9.06,9.05,9.05,1075.33
1650603180000,9.06,9.07,9.06,9.06,225.2
1650603240000,9.06,9.07,9.06,9.06,91.08
1650603300000,9.05,9.05,9.04,9.04,443.04
1650603360000,9.04,9.04,9.04,9.04,68.97
1650603420000,9.05,9.05,9.04,9.04,167.07
1650603480000,9.05,9.06,9.05,9.06,175.51
1650603540000,9.06,9.06,9.06,9.06,14.0
1650603600000,9.06,9.06,9.05,9.05,211.36
1650603660000,9.05,9.05,9.04,9.04,436.32
1650603720000,9.05,9.06,9.04,9.06,227.36
1650603780000,9.06,9.07,9.06,9.06,342.0
1650603840000,9.07,9.08,9.06,9.07,1318.68
1650603900000,9.07,9.08,9.07,9.07,406.58
1650603960000,9.08,9.08,9.08,9.08,532.14
1650604020000,9.08,9.09,9.07,9.08,1040.66
1650604080000,9.09,9.09,9.08,9.09,70.28
1650604140000,9.09,9.1,9.09,9.09,449.17
1650604200000,9.09,9.1,9.08,9.09,904.61
1650604260000,9.09,9.09,9.08,9.09,1406.59
1650604320000,9.09,9.09,9.08,9.09,257.09
1650604380000,9.08,9.09,9.07,9.09,362.93
1650604440000,9.09,9.09,9.07,9.07,174.59
1650604500000,9.08,9.09,9.08,9.09,217.52
1650604560000,9.08,9.09,9.08,9.08,286.17
1650604620000,9.08,9.09,9.08,9.08,2540.62
1650604680000,9.09,9.09,9.07,9.07,786.59
1650604740000,9.07,9.07,9.05,9.05,2287.62
1650604800000,9.06,9.06,9.06,9.06,45.29
1650604860000,9.07,9.07,9.06,9.06,111.06
1650604920000,9.06,9.06,9.04,9.04,415.16
1650604980000,9.05,9.05,9.05,9.05,743.02
1650605040000,9.05,9.05,9.05,9.05,15.0
1650605100000,9.06,9.06,9.06,9.06,109.66
1650605160000,9.06,9.06,9.05,9.05,859.55
1650605220000,9.05,9.08,9.05,9.07,8240.82
1650605280000,9.07,9.08,9.06,9.06,725.72
1650605340000,9.07,9.07,9.06,9.06,238.72
1650605400000,9.07,9.08,9.07,9.07,168.23
1650605460000,9.08,9.08,9.06,9.06,437.59
1650605520000,9.07,9.07,9.07,9.07,27.59
1650605580000,9.07,9.07,9.06,9.07,119.53
1650605640000,9.07,9.08,9.07,9.08,80.44
1650605700000,9.08,9.08,9.08,9.08,824.23
1650605760000,9.08,9.08,9.08,9.08,0.0
1650605820000,9.08,9.08,9.08,9.08,1.35
1650605880000,9.09,9.09,9.08,9.09,109.02
1650605940000,9.08,9.08,9.08,9.08,3731.24
1650606000000,9.08,9.08,9.07,9.07,735.8
1650606060000,9.07,9.07,9.07,9.07,165.05
1650606120000,9.07,9.07,9.06,9.07,181.59
1650606180000,9.07,9.09,9.07,9.08,294.44
1650606240000,9.09,9.09,9.09,9.09,761.48
1650606300000,9.09,9.1,9.09,9.1,291.68
1650606360000,9.1,9.11,9.09,9.09,1838.11
1650606420000,9.1,9.1,9.09,9.1,166.0
1650606480000,9.09,9.1,9.09,9.1,67.03
1650606540000,9.09,9.09,9.08,9.09,255.86
1650606600000,9.09,9.09,9.09,9.09,553.67
1650606660000,9.09,9.09,9.09,9.09,2.67
1650606720000,9.09,9.09,9.09,9.09,129.56
1650606780000,9.09,9.09,9.09,9.09,3.89
1650606840000,9.08,9.09,9.08,9.09,200.85
1650606900000,9.09,9.09,9.08,9.08,18.72
1650606960000,9.08,9.09,9.07,9.09,128.28
1650607020000,9.09,9.09,9.08,9.08,14.14
1650607080000,9.07,9.07,9.07,9.07,476.03
1650607140000,9.06,9.07,9.06,9.07,205.75
1650607200000,9.08,9.08,9.08,9.08,568.74
1650607260000,9.09,9.09,9.08,9.09,1132.97
1650607320000,9.09,9.1,9.09,9.1,135.5
1650607380000,9.09,9.1,9.09,9.09,144.18
1650607440000,9.1,9.1,9.09,9.1,5.9
1650607500000,9.1,9.1,9.1,9.1,35.33
1650607560000,9.1,9.1,9.09,9.09,169.39
1650607620000,9.1,9.1,9.1,9.1,856.99
1650607680000,9.09,9.09,9.09,9.09,71.0
1650607740000,9.1,9.1,9.09,9.09,129.46
1650607800000,9.09,9.09,9.09,9.09,0.0
1650607860000,9.09,9.09,9.09,9.09,4.14
1650607920000,9.09,9.09,9.08,9.08,118.47
1650607980000,9.09,9.09,9.09,9.09,403.83
1650608040000,9.1,9.1,9.1,9.1,37.41
1650608100000,9.1,9.1,9.09,9.09,356.37
1650608160000,9.09,9.09,9.09,9.09,166.01
1650608220000,9.08,9.09,9.08,9.09,255.53
1650608280000,9.09,9.09,9.09,9.09,515.29
1650608340000,9.09,9.1,9.09,9.1,685.32
1650608400000,9.09,9.09,9.09,9.09,213.94
1650608460000,9.09,9.1,9.09,9.09,390.06
1650608520000,9.09,9.09,9.08,9.09,951.32
1650608580000,9.08,9.09,9.08,9.09,157.41
1650608640000,9.08,9.09,9.08,9.08,67.94
1650608700000,9.09,9.09,9.07,9.08,987.57
1650608760000,9.08,9.08,9.07,9.08,948.46
1650608820000,9.08,9.08,9.07,9.07,85.13
1650608880000,9.08,9.08,9.07,9.07,115.95
1650608940000,9.08,9.08,9.06,9.06,593.04
1650609000000,9.06,9.06,9.04,9.05,850.55
1650609060000,9.04,9.06,9.04,9.06,997.71
1650609120000,9.06,9.07,9.06,9.07,617.26
1650609180000,9.07,9.07,9.05,9.05,121.09
1650609240000,9.06,9.06,9.06,9.06,140.05
1650609300000,9.06,9.06,9.06,9.06,0.0
1650609360000,9.05,9.07,9.05,9.06,261.08
1650609420000,9.05,9.06,9.04,9.04,1078.44
1650609480000,9.04,9.04,9.04,9.04,141.45
1650609540000,9.04,9.04,9.03,9.03,372.78
1650609600000,9.04,9.05,9.04,9.04,434.75
1650609660000,9.04,9.04,9.04,9.04,115.98
1650609720000,9.04,9.04,9.03,9.03,1064.1
1650609780000,9.03,9.03,9.03,9.03,0.0
1650609840000,9.03,9.03,9.02,9.03,642.14
1650609900000,9.02,9.04,9.02,9.03,338.38
1650609960000,9.04,9.04,9.03,9.03,49.05
1650610020000,9.03,9.03,9.03,9.03,19.05
1650610080000,9.04,9.05,9.04,9.05,538.34
1650610140000,9.05,9.05,9.03,9.03,374.45
1650610200000,9.03,9.04,9.03,9.04,166.32
1650610260000,9.03,9.04,9.02,9.02,310.34
1650610320000,9.03,9.03,9.03,9.03,134.58
1650610380000,9.03,9.03,9.03,9.03,0.0
1650610440000,9.03,9.03,9.03,9.03,50.09
1650610500000,9.04,9.04,9.04,9.04,221.08
1650610560000,9.03,9.03,9.03,9.03,358.51
1650610620000,9.03,9.03,9.03,9.03,54.94
1650610680000,9.03,9.03,9.02,9.03,915.64
1650610740000,9.03,9.03,9.03,9.03,1107.41
1650610800000,9.03,9.05,9.03,9.04,596.92
1650610860000,9.04,9.05,9.03,9.05,185.48
1650610920000,9.04,9.05,9.04,9.05,191.41
1650610980000,9.05,9.05,9.05,9.05,18.65
1650611040000,9.05,9.05,9.04,9.05,27.25
1650611100000,9.04,9.04,9.04,9.04,31.22
1650611160000,9.04,9.04,9.04,9.04,34.39
1650611220000,9.04,9.04,9.04,9.04,22.78
1650611280000,9.04,9.04,9.04,9.04,0.0
1650611340000,9.05,9.05,9.04,9.05,22.67
1650611400000,9.05,9.06,9.05,9.05,1030.73
1650611460000,9.06,9.06,9.06,9.06,2569.44
1650611520000,9.07,9.07,9.06,9.06,267.62
1650611580000,9.06,9.06,9.06,9.06,163.82
1650611640000,9.06,9.06,9.06,9.06,0.0
1650611700000,9.06,9.06,9.06,9.06,233.49
1650611760000,9.06,9.06,9.05,9.05,1899.24
1650611820000,9.05,9.05,9.05,9.05,48.85
1650611880000,9.05,9.05,9.05,9.05,1.85
1650611940000,9.04,9.04,9.03,9.03,1359.19
1650612000000,9.02,9.02,8.98,8.98,14372.25
1650612060000,8.98,8.98,8.94,8.97,7953.76
1650612120000,8.97,8.98,8.96,8.97,2612.42
1650612180000,8.97,8.97,8.94,8.94,1314.08
1650612240000,8.94,8.99,8.94,8.98,4105.25
1650612300000,8.99,8.99,8.98,8.98,25.21
1650612360000,8.99,8.99,8.99,8.99,658.66
1650612420000,8.98,8.98,8.96,8.97,2843.75
1650612480000,8.98,8.99,8.98,8.98,844.21
1650612540000,8.98,8.98,8.97,8.97,250.1
1650612600000,8.97,8.99,8.97,8.97,2225.42
1650612660000,8.97,8.97,8.95,8.95,1697.64
1650612720000,8.95,8.95,8.94,8.94,1257.76
1650612780000,8.95,8.97,8.95,8.97,1563.55
1650612840000,8.97,8.97,8.96,8.96,25.87
1650612900000,8.96,8.96,8.95,8.95,101.19
1650612960000,8.96,8.97,8.96,8.97,2817.92
1650613020000,8.97,8.99,8.97,8.99,1892.82
1650613080000,8.98,8.98,8.98,8.98,94.84
1650613140000,8.98,8.98,8.98,8.98,269.46
1650613200000,8.99,9.03,8.99,9.02,1804.77
1650613260000,9.02,9.03,9.02,9.03,1030.65
1650613320000,9.04,9.08,9.03,9.07,2687.4
1650613380000,9.07,9.07,9.06,9.06,1558.49
1650613440000,9.07,9.07,9.06,9.06,3099.59
1650613500000,9.07,9.09,9.07,9.09,2374.4
1650613560000,9.08,9.09,9.07,9.07,1604.37
1650613620000,9.07,9.08,9.07,9.07,312.33
1650613680000,9.06,9.06,9.05,9.05,886.79
1650613740000,9.05,9.05,9.03,9.03,884.03
1650613800000,9.04,9.06,9.03,9.05,960.49
1650613860000,9.05,9.05,9.05,9.05,368.94
1650613920000,9.05,9.05,9.05,9.05,1104.62
1650613980000,9.05,9.05,9.02,9.02,676.67
1650614040000,9.03,9.05,9.03,9.05,382.85
1650614100000,9.04,9.04,9.03,9.03,352.12
1650614160000,9.03,9.04,9.03,9.04,256.63
1650614220000,9.05,9.05,9.04,9.04,158.22
1650614280000,9.04,9.05,9.04,9.05,570.55
1650614340000,9.05,9.05,9.05,9.05,141.75
1650614400000,9.05,9.07,9.05,9.07,10009.92
1650614460000,9.07,9.08,9.07,9.08,1938.88
1650614520000,9.08,9.08,9.08,9.08,22.26
1650614580000,9.07,9.08,9.07,9.08,846.03
1650614640000,9.08,9.08,9.08,9.08,245.44
1650614700000,9.08,9.09,9.08,9.09,936.08
1650614760000,9.09,9.09,9.08,9.08,1625.45
1650614820000,9.08,9.08,9.07,9.07,48.59
1650614880000,9.07,9.08,9.07,9.08,385.02
1650614940000,9.08,9.08,9.07,9.07,622.7
1650615000000,9.07,9.07,9.06,9.06,53.75
1650615060000,9.06,9.06,9.06,9.06,207.86
1650615120000,9.06,9.06,9.05,9.05,1099.14
1650615180000,9.05,9.05,9.04,9.04,464.41
1650615240000,9.05,9.05,9.05,9.05,13.68
1650615300000,9.04,9.06,9.04,9.05,848.41
1650615360000,9.06,9.06,9.02,9.02,1010.13
1650615420000,9.02,9.02,9.02,9.02,503.94
1650615480000,9.02,9.03,9.01,9.01,1467.44
1650615540000,9.01,9.02,9.01,9.02,72.24
1650615600000,9.02,9.03,9.02,9.03,718.87
1650615660000,9.02,9.02,9.02,9.02,207.96
1650615720000,9.02,9.03,9.02,9.03,1033.52
1650615780000,9.03,9.03,9.03,9.03,1.66
1650615840000,9.03,9.03,9.03,9.03,33.22
1650615900000,9.02,9.02,9.02,9.02,18.72
1650615960000,9.02,9.03,9.02,9.03,537.39
1650616020000,9.03,9.03,9.03,9.03,159.64
1650616080000,9.03,9.03,9.03,9.03,0.0
1650616140000,9.02,9.02,9.02,9.02,87.02
1650616200000,9.02,9.03,9.02,9.02,1382.03
1650616260000,9.01,9.02,9.01,9.02,660.35
1650616320000,9.03,9.03,9.03,9.03,1.16
1650616380000,9.02,9.03,9.02,9.03,159.14
1650616440000,9.04,9.05,9.04,9.05,238.32
1650616500000,9.05,9.06,9.05,9.05,318.91
1650616560000,9.05,9.05,9.04,9.04,552.62
1650616620000,9.04,9.04,9.04,9.04,0.0
1650616680000,9.04,9.04,9.04,9.04,172.18
1650616740000,9.05,9.05,9.05,9.05,553.14
1650616800000,9.05,9.05,9.03,9.03,105.78
1650616860000,9.03,9.03,9.03,9.03,51.11
1650616920000,9.04,9.04,9.02,9.02,1661.57
1650616980000,9.02,9.02,9.02,9.02,1.66
1650617040000,9.02,9.03,9.02,9.02,5042.38
1650617100000,9.02,9.02,9.0,9.0,4986.11
1650617160000,9.0,9.01,9.0,9.01,24.45
1650617220000,9.0,9.0,9.0,9.0,167.77
1650617280000,9.0,9.0,8.98,8.99,951.01
1650617340000,8.99,8.99,8.99,8.99,479.47
1650617400000,8.99,8.99,8.97,8.98,1532.54
1650617460000,8.99,8.99,8.98,8.98,20.16
1650617520000,8.98,9.0,8.98,8.99,365.23
1650617580000,9.0,9.01,8.99,9.01,601.68
1650617640000,9.0,9.01,9.0,9.01,1064.37
1650617700000,9.01,9.02,9.01,9.02,184.58
1650617760000,9.02,9.02,9.0,9.0,133.01
1650617820000,9.0,9.0,9.0,9.0,2.69
1650617880000,9.0,9.01,8.99,9.0,505.1
1650617940000,9.0,9.0,8.99,8.99,34.07
1650618000000,9.01,9.02,9.0,9.0,2417.55
1650618060000,9.0,9.0,8.98,8.98,111.83
1650618120000,8.98,8.99,8.98,8.99,399.15
1650618180000,8.99,9.0,8.99,8.99,563.49
1650618240000,9.0,9.0,8.99,9.0,485.59
1650618300000,9.0,9.0,9.0,9.0,475.11
1650618360000,9.0,9.0,8.99,9.0,149.29
1650618420000,9.0,9.0,9.0,9.0,0.0
1650618480000,8.99,8.99,8.98,8.98,720.29
1650618540000,8.98,8.98,8.96,8.97,1290.78
1650618600000,8.97,8.98,8.97,8.98,103.25
1650618660000,8.97,8.97,8.97,8.97,65.29
1650618720000,8.98,9.0,8.98,8.99,3940.47
1650618780000,8.99,8.99,8.98,8.98,58.55
1650618840000,8.98,8.98,8.98,8.98,22.11
1650618900000,8.98,8.98,8.98,8.98,226.21
1650618960000,8.98,8.99,8.97,8.98,2769.78
1650619020000,8.99,9.0,8.99,9.0,505.41
1650619080000,9.0,9.01,9.0,9.0,672.32
1650619140000,9.01,9.01,9.0,9.0,667.26
1650619200000,8.99,9.0,8.99,8.99,559.11
1650619260000,9.0,9.0,9.0,9.0,753.84
1650619320000,8.99,9.0,8.99,9.0,9.52
1650619380000,9.0,9.0,9.0,9.0,22.57
1650619440000,8.99,8.99,8.99,8.99,423.81
1650619500000,8.99,9.0,8.99,8.99,224.64
1650619560000,8.98,8.99,8.98,8.98,116.85
1650619620000,8.98,8.98,8.98,8.98,0.0
1650619680000,8.97,8.97,8.97,8.97,2.62
1650619740000,8.98,8.98,8.98,8.98,98.94
1650619800000,8.99,8.99,8.99,8.99,20.53
1650619860000,9.0,9.0,8.99,9.0,409.91
1650619920000,9.0,9.0,8.99,9.0,352.59
1650619980000,8.99,8.99,8.97,8.97,685.72
1650620040000,8.98,8.98,8.98,8.98,146.34
1650620100000,8.99,8.99,8.99,8.99,1.12
1650620160000,8.99,8.99,8.97,8.97,30.9
1650620220000,8.98,8.98,8.98,8.98,378.5
1650620280000,8.97,8.97,8.95,8.95,2977.55
1650620340000,8.96,8.99,8.96,8.97,5517.61
1650620400000,8.98,8.99,8.98,8.99,86.99
1650620460000,8.98,9.0,8.97,9.0,3531.57
1650620520000,8.99,8.99,8.99,8.99,85.89
1650620580000,8.99,8.99,8.99,8.99,42.47
1650620640000,8.99,8.99,8.98,8.98,11.97
1650620700000,8.98,8.98,8.97,8.97,235.54
1650620760000,8.98,8.99,8.98,8.99,367.41
1650620820000,8.99,8.99,8.99,8.99,10.0
1650620880000,8.99,8.99,8.99,8.99,0.0
1650620940000,8.99,8.99,8.99,8.99,274.77
1650621000000,8.99,8.99,8.98,8.98,3.7
1650621060000,8.99,8.99,8.99,8.99,29.19
1650621120000,9.0,9.02,9.0,9.01,3849.82
1650621180000,9.01,9.01,8.99,8.99,321.46
1650621240000,9.0,9.0,9.0,9.0,119.29
1650621300000,9.0,9.0,9.0,9.0,0.0
1650621360000,8.99,8.99,8.99,8.99,1441.22
1650621420000,8.98,8.98,8.96,8.96,824.79
1650621480000,8.95,8.98,8.94,8.97,7323.62
1650621540000,8.97,8.97,8.95,8.95,641.96
1650621600000,8.95,8.97,8.95,8.96,1658.17
1650621660000,8.95,8.95,8.94,8.95,2081.18
1650621720000,8.95,8.95,8.92,8.93,1987.42
1650621780000,8.92,8.93,8.9,8.93,3359.17
1650621840000,8.93,8.94,8.93,8.94,1341.09
1650621900000,8.94,8.95,8.94,8.95,905.93
1650621960000,8.95,8.95,8.95,8.95,20.32
1650622020000,8.95,8.95,8.95,8.95,3.17
1650622080000,8.94,8.96,8.94,8.96,196.88
1650622140000,8.96,8.96,8.94,8.94,352.33
1650622200000,8.94,8.95,8.94,8.95,2778.86
1650622260000,8.95,8.95,8.95,8.95,404.28
1650622320000,8.95,8.95,8.95,8.95,2.85
1650622380000,8.95,8.95,8.95,8.95,10.57
1650622440000,8.95,8.96,8.95,8.95,1086.63
1650622500000,8.94,8.95,8.94,8.95,1535.94
1650622560000,8.96,8.96,8.96,8.96,159.75
1650622620000,8.95,8.96,8.95,8.96,103.14
1650622680000,8.96,8.96,8.96,8.96,34.38
1650622740000,8.96,8.97,8.96,8.97,22.72
1650622800000,8.96,8.98,8.96,8.97,365.85
1650622860000,8.97,8.98,8.97,8.98,77.48
1650622920000,8.97,8.97,8.97,8.97,344.44
1650622980000,8.97,8.98,8.97,8.97,1233.69
1650623040000,8.97,8.97,8.97,8.97,0.0
1650623100000,8.97,8.97,8.97,8.97,325.5
1650623160000,8.97,8.97,8.96,8.96,296.4
1650623220000,8.96,8.96,8.96,8.96,684.78
1650623280000,8.96,8.97,8.96,8.96,1291.87
1650623340000,8.96,8.97,8.96,8.97,114.73
1650623400000,8.98,8.98,8.98,8.98,10.2
1650623460000,8.97,8.97,8.97,8.97,611.97
1650623520000,8.97,8.97,8.95,8.95,538.3
1650623580000,8.95,8.97,8.95,8.97,315.15
1650623640000,8.97,8.97,8.97,8.97,328.87
1650623700000,8.97,8.98,8.97,8.98,520.64
1650623760000,8.97,8.98,8.97,8.98,23.42
1650623820000,8.98,9.0,8.98,8.99,1281.07
1650623880000,8.99,9.0,8.99,9.0,270.88
1650623940000,9.0,9.0,9.0,9.0,1.22
1650624000000,9.0,9.01,9.0,9.0,286.79
1650624060000,9.01,9.01,8.99,8.99,151.07
1650624120000,8.99,8.99,8.99,8.99,165.54
1650624180000,8.99,9.0,8.99,9.0,34.88
1650624240000,9.0,9.0,9.0,9.0,2.13
1650624300000,9.01,9.02,9.01,9.02,1650.29
1650624360000,9.01,9.01,9.01,9.01,92.01
1650624420000,9.01,9.02,9.0,9.0,422.3
1650624480000,8.99,9.0,8.98,9.0,656.63
1650624540000,8.99,8.99,8.99,8.99,5.67
1650624600000,9.0,9.0,8.99,8.99,148.5
1650624660000,8.99,8.99,8.99,8.99,0.0
1650624720000,8.99,9.0,8.99,9.0,150.98
1650624780000,9.01,9.01,9.0,9.0,287.07
1650624840000,9.01,9.01,9.01,9.01,21.09
1650624900000,9.0,9.01,9.0,9.0,200.84
1650624960000,9.0,9.0,9.0,9.0,198.3
1650625020000,9.0,9.01,8.99,9.0,521.09
1650625080000,9.0,9.01,9.0,9.0,769.74
1650625140000,9.0,9.0,9.0,9.0,185.24
1650625200000,8.99,9.01,8.99,9.01,694.05
1650625260000,9.02,9.02,9.0,9.0,976.03
1650625320000,9.0,9.01,8.99,9.01,1097.72
1650625380000,9.0,9.02,9.0,9.02,103.8
1650625440000,9.01,9.01,9.0,9.0,865.23
1650625500000,9.01,9.01,8.99,8.99,768.51
1650625560000,8.99,9.0,8.98,9.0,36.33
1650625620000,9.0,9.01,9.0,9.0,237.21
1650625680000,9.0,9.0,8.99,8.99,350.41
1650625740000,9.0,9.02,9.0,9.02,1918.01
1650625800000,9.01,9.02,9.01,9.01,3.45
1650625860000,9.02,9.02,9.01,9.01,5.23
1650625920000,9.01,9.02,9.01,9.02,59.93
1650625980000,9.02,9.03,9.02,9.02,1931.87
1650626040000,9.02,9.02,9.02,9.02,1.15
1650626100000,9.03,9.03,9.02,9.02,59.92
1650626160000,9.02,9.02,9.01,9.01,5105.55
1650626220000,9.02,9.03,9.02,9.03,700.0
1650626280000,9.02,9.02,9.01,9.01,173.99
1650626340000,9.02,9.02,9.01,9.01,1014.84
1650626400000,9.01,9.01,9.01,9.01,0.0
1650626460000,9.03,9.03,9.02,9.02,1509.14
1650626520000,9.01,9.01,9.0,9.0,231.41
1650626580000,9.0,9.0,8.99,9.0,612.67
1650626640000,9.0,9.0,9.0,9.0,292.06
1650626700000,9.0,9.01,9.0,9.01,76.91
1650626760000,9.0,9.01,9.0,9.01,6.99
1650626820000,9.0,9.01,9.0,9.0,24.33
1650626880000,9.01,9.01,9.0,9.0,70.92
1650626940000,9.0,9.0,9.0,9.0,14.79
1650627000000,9.0,9.02,9.0,9.02,42.68
1650627060000,9.01,9.02,8.99,8.99,7447.78
1650627120000,9.0,9.0,8.97,8.98,2437.47
1650627180000,8.98,8.99,8.97,8.97,119.25
1650627240000,8.97,8.99,8.96,8.99,1205.15
1650627300000,8.99,8.99,8.98,8.98,59.06
1650627360000,8.98,8.99,8.98,8.99,448.99
1650627420000,8.98,8.99,8.98,8.99,313.7
1650627480000,9.0,9.0,9.0,9.0,50.0
1650627540000,8.99,8.99,8.99,8.99,663.75
1650627600000,8.99,9.0,8.99,9.0,41.07
1650627660000,9.0,9.0,8.99,8.99,65.5
1650627720000,8.99,8.99,8.99,8.99,691.02
1650627780000,8.98,9.0,8.98,8.99,315.2
1650627840000,8.99,9.0,8.98,8.98,332.84
1650627900000,8.99,9.0,8.98,9.0,299.57
1650627960000,9.0,9.0,8.98,8.99,513.75
1650628020000,9.0,9.0,9.0,9.0,27.76
1650628080000,8.99,8.99,8.98,8.98,1728.05
1650628140000,8.99,9.0,8.99,9.0,371.72
1650628200000,8.99,8.99,8.99,8.99,515.5
1650628260000,9.0,9.01,9.0,9.0,1415.26
1650628320000,9.0,9.0,8.99,9.0,452.24
1650628380000,9.0,9.0,8.99,8.99,121.3
1650628440000,8.99,8.99,8.99,8.99,484.61
1650628500000,9.0,9.0,8.99,8.99,91.75
1650628560000,8.99,8.99,8.99,8.99,0.0
1650628620000,9.0,9.01,9.0,9.0,250.02
1650628680000,9.0,9.0,8.99,8.99,344.74
1650628740000,8.99,9.01,8.99,9.0,46.6
1650628800000,9.0,9.0,9.0,9.0,75.43
1650628860000,9.0,9.0,8.98,9.0,1656.94
1650628920000,9.0,9.01,8.99,8.99,1885.41
1650628980000,9.0,9.01,8.99,9.01,685.92
1650629040000,9.01,9.02,9.0,9.02,791.56
1650629100000,9.02,9.03,9.02,9.03,703.73
1650629160000,9.03,9.03,9.02,9.02,370.05
1650629220000,9.03,9.03,9.01,9.03,2328.63
1650629280000,9.03,9.03,9.02,9.03,828.73
1650629340000,9.03,9.04,9.02,9.02,852.94
1650629400000,9.02,9.03,9.02,9.03,167.35
1650629460000,9.02,9.02,9.0,9.0,2674.27
1650629520000,9.0,9.0,8.99,8.99,42.14
1650629580000,9.0,9.0,9.0,9.0,3.33
1650629640000,8.99,8.99,8.99,8.99,121.12
1650629700000,9.0,9.0,8.99,8.99,28.5
1650629760000,8.99,9.0,8.99,9.0,34.62
1650629820000,9.0,9.0,9.0,9.0,44.35
1650629880000,8.99,8.99,8.99,8.99,71.56
1650629940000,8.98,9.0,8.98,8.99,841.57
1650630000000,8.99,8.99,8.99,8.99,1.34
1650630060000,8.99,9.0,8.99,9.0,68.23
1650630120000,9.0,9.0,9.0,9.0,19.57
1650630180000,8.99,9.0,8.99,9.0,1521.79
1650630240000,9.0,9.0,9.0,9.0,0.0
1650630300000,8.99,9.0,8.98,8.98,1245.05
1650630360000,8.99,9.0,8.99,8.99,384.67
1650630420000,8.99,9.0,8.99,8.99,575.44
1650630480000,9.0,9.0,9.0,9.0,58.44
1650630540000,9.0,9.0,9.0,9.0,16.34
1650630600000,9.0,9.01,9.0,9.01,2371.96
1650630660000,9.0,9.0,8.98,8.99,424.57
1650630720000,8.99,9.0,8.99,8.99,140.38
1650630780000,9.0,9.0,9.0,9.0,309.52
1650630840000,9.01,9.03,9.01,9.03,1503.36
1650630900000,9.03,9.04,9.03,9.03,106.85
1650630960000,9.03,9.03,9.03,9.03,479.59
1650631020000,9.03,9.04,9.02,9.02,182.35
1650631080000,9.02,9.02,9.02,9.02,143.52
1650631140000,9.01,9.01,9.0,9.0,323.27
1650631200000,8.99,8.99,8.97,8.97,596.17
1650631260000,8.98,8.98,8.98,8.98,299.16
1650631320000,9.0,9.01,9.0,9.0,489.72
1650631380000,8.99,8.99,8.99,8.99,569.6
1650631440000,8.99,9.0,8.99,9.0,11.67
1650631500000,8.99,8.99,8.99,8.99,111.29
1650631560000,8.99,8.99,8.98,8.98,341.67
1650631620000,8.97,8.97,8.97,8.97,88.85
1650631680000,8.98,8.98,8.98,8.98,112.23
1650631740000,8.98,8.99,8.98,8.99,60.02
1650631800000,8.97,8.98,8.97,8.98,79.0
1650631860000,8.98,8.99,8.97,8.99,388.35
1650631920000,8.98,8.99,8.98,8.98,177.86
1650631980000,8.97,8.97,8.97,8.97,306.51
1650632040000,8.97,8.97,8.97,8.97,937.15
1650632100000,8.98,8.98,8.98,8.98,698.14
1650632160000,8.97,8.98,8.97,8.98,707.59
1650632220000,8.98,8.98,8.96,8.96,36.4
1650632280000,8.96,8.97,8.96,8.97,451.27
1650632340000,8.98,8.98,8.98,8.98,122.16
1650632400000,8.98,9.02,8.98,9.02,4670.62
1650632460000,9.02,9.02,9.0,9.0,305.48
1650632520000,8.99,8.99,8.96,8.97,2704.37
1650632580000,8.98,8.99,8.98,8.99,832.51
1650632640000,9.0,9.01,8.98,8.99,1151.92
1650632700000,8.99,8.99,8.99,8.99,0.0
1650632760000,8.99,9.0,8.98,8.98,334.12
1650632820000,9.0,9.0,8.99,8.99,109.08
1650632880000,8.99,8.99,8.98,8.98,34.47
1650632940000,8.98,8.98,8.97,8.98,2030.17
1650633000000,8.98,8.98,8.98,8.98,0.0
1650633060000,8.98,8.99,8.98,8.99,336.23
1650633120000,8.98,8.98,8.97,8.97,200.56
1650633180000,8.97,8.97,8.97,8.97,2.78
1650633240000,8.97,8.97,8.97,8.97,117.21
1650633300000,8.97,8.99,8.97,8.99,725.96
1650633360000,8.98,8.98,8.97,8.97,1046.83
1650633420000,8.96,8.96,8.94,8.95,1940.24
1650633480000,8.95,8.96,8.95,8.96,272.81
1650633540000,8.95,8.96,8.95,8.96,1052.8
1650633600000,8.96,8.98,8.96,8.97,2458.92
1650633660000,8.97,8.97,8.96,8.96,326.41
1650633720000,8.96,8.96,8.96,8.96,299.6
1650633780000,8.96,8.97,8.96,8.97,586.8
1650633840000,8.97,8.98,8.97,8.98,1327.06
1650633900000,8.97,8.98,8.97,8.98,230.97
1650633960000,8.98,8.98,8.97,8.97,362.13
1650634020000,8.98,8.98,8.97,8.98,489.92
1650634080000,8.99,8.99,8.98,8.98,927.96
1650634140000,8.98,8.98,8.97,8.97,140.75
1650634200000,8.97,8.98,8.96,8.98,1366.85
1650634260000,8.99,9.02,8.99,9.0,2781.45
1650634320000,9.0,9.0,8.96,8.97,1961.71
1650634380000,8.97,9.0,8.97,9.0,1544.89
1650634440000,9.0,9.0,8.99,8.99,541.81
1650634500000,8.99,8.99,8.97,8.97,3252.2
1650634560000,8.96,8.99,8.96,8.99,1233.49
1650634620000,8.99,8.99,8.97,8.97,1322.57
1650634680000,8.97,8.97,8.96,8.97,1269.24
1650634740000,8.97,8.97,8.92,8.94,2722.86
1650634800000,8.93,8.93,8.92,8.92,1345.64
1650634860000,8.92,8.94,8.92,8.92,1225.84
1650634920000,8.92,8.93,8.92,8.92,5752.16
1650634980000,8.92,8.92,8.89,8.91,3326.49
1650635040000,8.9,8.9,8.84,8.85,16989.9
1650635100000,8.86,8.89,8.85,8.87,2348.47
1650635160000,8.88,8.9,8.86,8.9,8047.27
1650635220000,8.91,8.92,8.9,8.91,3740.86
1650635280000,8.91,8.93,8.91,8.91,5129.31
1650635340000,8.91,8.92,8.9,8.92,4801.35
1650635400000,8.92,8.93,8.91,8.93,2398.26
1650635460000,8.93,8.93,8.91,8.93,1213.95
1650635520000,8.94,8.96,8.94,8.95,2612.6
1650635580000,8.94,8.95,8.93,8.95,1295.7
1650635640000,8.94,8.95,8.93,8.93,517.37
1650635700000,8.93,8.93,8.92,8.93,888.94
1650635760000,8.92,8.92,8.9,8.91,1665.22
1650635820000,8.91,8.91,8.91,8.91,57.32
1650635880000,8.92,8.92,8.89,8.89,1209.43
1650635940000,8.89,8.89,8.89,8.89,1039.19
1650636000000,8.89,8.92,8.88,8.91,1035.05
1650636060000,8.92,8.93,8.91,8.91,1405.59
1650636120000,8.91,8.91,8.9,8.91,2167.1
1650636180000,8.91,8.91,8.9,8.9,672.78
1650636240000,8.9,8.9,8.89,8.9,2509.44
1650636300000,8.9,8.91,8.89,8.9,2858.13
1650636360000,8.9,8.91,8.9,8.91,929.93
1650636420000,8.91,8.91,8.9,8.91,1120.37
1650636480000,8.91,8.93,8.91,8.91,1214.73
1650636540000,8.9,8.91,8.9,8.91,457.95
1650636600000,8.9,8.91,8.89,8.9,1437.15
1650636660000,8.9,8.91,8.9,8.9,457.97
1650636720000,8.9,8.9,8.89,8.89,74.57
1650636780000,8.88,8.89,8.88,8.88,4460.6
1650636840000,8.88,8.89,8.87,8.89,666.46
1650636900000,8.88,8.91,8.88,8.89,2056.29
1650636960000,8.88,8.88,8.87,8.87,4051.06
1650637020000,8.86,8.87,8.86,8.86,492.67
1650637080000,8.85,8.86,8.85,8.85,748.48
1650637140000,8.86,8.87,8.82,8.83,4379.59
1650637200000,8.83,8.83,8.81,8.83,4090.73
1650637260000,8.83,8.83,8.79,8.82,3266.0
1650637320000,8.82,8.82,8.8,8.81,1776.78
1650637380000,8.81,8.81,8.76,8.78,4712.42
1650637440000,8.78,8.79,8.76,8.78,2264.41
1650637500000,8.77,8.79,8.77,8.78,1576.23
1650637560000,8.77,8.8,8.77,8.78,1998.97
1650637620000,8.78,8.8,8.78,8.78,1894.66
1650637680000,8.77,8.78,8.76,8.78,1724.3
1650637740000,8.78,8.79,8.76,8.76,6698.21
1650637800000,8.76,8.79,8.75,8.78,2661.59
1650637860000,8.78,8.79,8.78,8.78,602.04
1650637920000,8.78,8.78,8.75,8.77,1696.31
1650637980000,8.76,8.79,8.76,8.78,1330.52
1650638040000,8.79,8.8,8.78,8.8,4206.72
1650638100000,8.79,8.8,8.78,8.79,951.95
1650638160000,8.78,8.81,8.78,8.8,1120.5
1650638220000,8.81,8.82,8.78,8.78,6794.23
1650638280000,8.79,8.79,8.78,8.78,1168.89
1650638340000,8.78,8.78,8.77,8.78,310.16
1650638400000,8.79,8.79,8.77,8.79,264.11
1650638460000,8.78,8.78,8.76,8.76,1103.6
1650638520000,8.76,8.77,8.75,8.76,545.83
1650638580000,8.76,8.78,8.76,8.78,1333.11
1650638640000,8.78,8.78,8.77,8.78,291.91
1650638700000,8.78,8.8,8.76,8.79,1174.79
1650638760000,8.79,8.8,8.77,8.78,3215.65
1650638820000,8.78,8.8,8.77,8.77,2954.86
1650638880000,8.78,8.8,8.78,8.8,2142.6
1650638940000,8.79,8.79,8.78,8.79,837.68
1650639000000,8.79,8.79,8.78,8.79,242.47
1650639060000,8.79,8.8,8.79,8.8,445.26
1650639120000,8.8,8.8,8.79,8.79,576.51
1650639180000,8.78,8.8,8.77,8.8,816.68
1650639240000,8.79,8.8,8.78,8.78,220.16
1650639300000,8.78,8.78,8.77,8.78,397.4
1650639360000,8.79,8.81,8.79,8.8,2253.51
1650639420000,8.8,8.8,8.79,8.8,550.97
1650639480000,8.79,8.79,8.78,8.79,358.37
1650639540000,8.79,8.79,8.78,8.78,905.83
1650639600000,8.78,8.79,8.78,8.78,697.81
1650639660000,8.78,8.8,8.78,8.79,2482.75
1650639720000,8.8,8.8,8.79,8.79,314.47
1650639780000,8.78,8.79,8.75,8.76,1949.65
1650639840000,8.75,8.76,8.74,8.74,4083.91
1650639900000,8.75,8.76,8.74,8.74,457.26
1650639960000,8.75,8.77,8.74,8.77,1872.03
1650640020000,8.78,8.8,8.78,8.79,3055.22
1650640080000,8.79,8.8,8.78,8.8,419.51
1650640140000,8.8,8.84,8.8,8.83,7411.23
1650640200000,8.83,8.83,8.8,8.83,2088.25
1650640260000,8.82,8.83,8.81,8.83,893.9
1650640320000,8.83,8.83,8.82,8.82,1158.35
1650640380000,8.83,8.83,8.82,8.82,390.99
1650640440000,8.82,8.82,8.81,8.82,505.94
1650640500000,8.83,8.84,8.82,8.82,1129.03
1650640560000,8.81,8.81,8.79,8.81,3415.42
1650640620000,8.82,8.82,8.82,8.82,28.09
1650640680000,8.82,8.82,8.81,8.81,68.62
1650640740000,8.82,8.82,8.81,8.82,356.99
1650640800000,8.82,8.83,8.81,8.82,1128.03
1650640860000,8.83,8.83,8.8,8.81,202.91
1650640920000,8.8,8.8,8.79,8.79,435.12
1650640980000,8.79,8.79,8.79,8.79,337.53
1650641040000,8.8,8.8,8.79,8.79,713.0
1650641100000,8.79,8.8,8.77,8.8,1100.21
1650641160000,8.8,8.8,8.8,8.8,16.16
1650641220000,8.8,8.83,8.8,8.82,4047.81
1650641280000,8.82,8.82,8.82,8.82,62.79
1650641340000,8.82,8.83,8.82,8.82,956.06
1650641400000,8.82,8.84,8.82,8.83,1012.18
1650641460000,8.82,8.82,8.81,8.82,788.53
1650641520000,8.83,8.83,8.81,8.81,324.44
1650641580000,8.81,8.81,8.8,8.81,650.84
1650641640000,8.81,8.81,8.81,8.81,400.07
1650641700000,8.81,8.82,8.81,8.81,559.0
1650641760000,8.81,8.81,8.8,8.81,39.06
1650641820000,8.81,8.81,8.79,8.79,77.23
1650641880000,8.81,8.81,8.81,8.81,552.9
1650641940000,8.8,8.8,8.79,8.79,10527.52
1650642000000,8.8,8.81,8.8,8.81,355.96
1650642060000,8.8,8.81,8.79,8.8,371.17
1650642120000,8.79,8.79,8.77,8.77,2649.29
1650642180000,8.77,8.77,8.77,8.77,1732.83
1650642240000,8.77,8.77,8.76,8.77,1359.27
1650642300000,8.77,8.77,8.76,8.77,816.12
1650642360000,8.78,8.8,8.77,8.8,10123.25
1650642420000,8.79,8.8,8.78,8.8,862.09
1650642480000,8.8,8.8,8.78,8.8,722.24
1650642540000,8.8,8.81,8.8,8.8,375.07
1650642600000,8.8,8.81,8.8,8.81,614.71
1650642660000,8.82,8.83,8.81,8.82,6701.3
1650642720000,8.82,8.82,8.8,8.8,1478.28
1650642780000,8.8,8.8,8.79,8.79,488.35
1650642840000,8.8,8.8,8.79,8.79,199.53
1650642900000,8.79,8.82,8.79,8.81,1336.71
1650642960000,8.81,8.81,8.78,8.78,1162.98
1650643020000,8.78,8.81,8.78,8.81,12694.14
1650643080000,8.81,8.82,8.81,8.82,536.3
1650643140000,8.82,8.82,8.82,8.82,1434.59
1650643200000,8.82,8.83,8.81,8.83,1317.69
1650643260000,8.82,8.83,8.81,8.81,1681.1
1650643320000,8.8,8.8,8.78,8.78,1933.17
1650643380000,8.79,8.79,8.77,8.79,1114.08
1650643440000,8.78,8.78,8.78,8.78,337.77
1650643500000,8.78,8.78,8.75,8.77,4452.04
1650643560000,8.78,8.81,8.78,8.81,1334.59
1650643620000,8.81,8.82,8.81,8.82,2473.48
1650643680000,8.82,8.82,8.81,8.81,480.3
1650643740000,8.81,8.82,8.8,8.82,3671.12
1650643800000,8.83,8.84,8.82,8.82,1898.77
1650643860000,8.82,8.82,8.81,8.81,752.89
1650643920000,8.81,8.82,8.81,8.82,327.14
1650643980000,8.83,8.83,8.83,8.83,656.26
1650644040000,8.84,8.84,8.83,8.84,317.3
1650644100000,8.83,8.84,8.82,8.83,1229.94
1650644160000,8.83,8.83,8.82,8.82,514.38
1650644220000,8.82,8.85,8.81,8.85,2440.24
1650644280000,8.85,8.86,8.85,8.85,430.1
1650644340000,8.85,8.85,8.85,8.85,539.86
1650644400000,8.85,8.88,8.85,8.88,1292.16
1650644460000,8.87,8.89,8.87,8.88,1504.18
1650644520000,8.88,8.88,8.87,8.87,805.69
1650644580000,8.88,8.9,8.87,8.9,2264.55
1650644640000,8.9,8.91,8.89,8.9,617.97
1650644700000,8.9,8.91,8.89,8.9,1770.2
1650644760000,8.9,8.9,8.9,8.9,171.81
1650644820000,8.9,8.91,8.89,8.89,1179.39
1650644880000,8.89,8.89,8.89,8.89,20.89
1650644940000,8.9,8.9,8.9,8.9,5.61
1650645000000,8.9,8.91,8.89,8.91,1197.35
1650645060000,8.91,8.92,8.89,8.89,2880.56
1650645120000,8.9,8.9,8.88,8.88,1422.11
1650645180000,8.89,8.89,8.88,8.88,20.12
1650645240000,8.89,8.9,8.88,8.9,1359.21
1650645300000,8.9,8.9,8.89,8.89,177.22
1650645360000,8.89,8.91,8.89,8.91,612.21
1650645420000,8.91,8.91,8.9,8.9,95.01
1650645480000,8.9,8.9,8.89,8.89,96.72
1650645540000,8.89,8.9,8.89,8.9,4.27
1650645600000,8.89,8.89,8.89,8.89,55.17
1650645660000,8.9,8.9,8.89,8.89,89.0
1650645720000,8.9,8.9,8.9,8.9,289.78
1650645780000,8.9,8.9,8.89,8.9,6.01
1650645840000,8.9,8.91,8.9,8.91,134.62
1650645900000,8.91,8.92,8.91,8.91,881.99
1650645960000,8.91,8.92,8.9,8.92,1549.13
1650646020000,8.91,8.91,8.9,8.91,353.86
1650646080000,8.9,8.9,8.89,8.9,240.3
1650646140000,8.91,8.91,8.91,8.91,29.0
1650646200000,8.91,8.91,8.9,8.91,753.12
1650646260000,8.91,8.91,8.9,8.9,238.36
1650646320000,8.91,8.91,8.9,8.9,45.03
1650646380000,8.9,8.9,8.9,8.9,44.06
1650646440000,8.89,8.89,8.87,8.87,1363.9
1650646500000,8.87,8.89,8.87,8.87,272.63
1650646560000,8.87,8.88,8.87,8.88,462.71
1650646620000,8.88,8.88,8.87,8.88,45.5
1650646680000,8.88,8.88,8.87,8.88,234.87
1650646740000,8.87,8.88,8.87,8.88,397.21
1650646800000,8.87,8.88,8.84,8.86,2588.99
1650646860000,8.86,8.87,8.86,8.87,788.17
1650646920000,8.87,8.87,8.86,8.87,81.22
1650646980000,8.87,8.87,8.87,8.87,3.94
1650647040000,8.87,8.88,8.87,8.87,755.93
1650647100000,8.87,8.89,8.87,8.89,640.82
1650647160000,8.89,8.9,8.88,8.88,1376.46
1650647220000,8.88,8.89,8.88,8.89,168.09
1650647280000,8.89,8.9,8.89,8.9,165.44
1650647340000,8.9,8.9,8.9,8.9,92.05
1650647400000,8.89,8.9,8.89,8.9,444.2
1650647460000,8.89,8.9,8.89,8.9,14.64
1650647520000,8.9,8.91,8.9,8.9,494.14
1650647580000,8.9,8.9,8.9,8.9,0.0
1650647640000,8.9,8.9,8.9,8.9,0.0
1650647700000,8.9,8.9,8.9,8.9,14.42
1650647760000,8.91,8.91,8.91,8.91,91.96
1650647820000,8.92,8.92,8.92,8.92,10.26
1650647880000,8.92,8.92,8.91,8.91,223.36
1650647940000,8.92,8.92,8.92,8.92,97.98
1650648000000,8.91,8.91,8.91,8.91,708.77
1650648060000,8.91,8.91,8.89,8.89,395.91
1650648120000,8.89,8.9,8.89,8.9,113.49
1650648180000,8.89,8.89,8.89,8.89,27.37
1650648240000,8.89,8.89,8.89,8.89,44.37
1650648300000,8.9,8.9,8.9,8.9,13.75
1650648360000,8.9,8.9,8.89,8.89,14.42
1650648420000,8.9,8.91,8.9,8.91,332.6
1650648480000,8.91,8.91,8.91,8.91,202.92
1650648540000,8.91,8.91,8.91,8.91,5.61
1650648600000,8.9,8.92,8.9,8.91,441.39
1650648660000,8.92,8.93,8.92,8.92,518.34
1650648720000,8.92,8.92,8.91,8.91,1039.49
1650648780000,8.91,8.91,8.91,8.91,91.21
1650648840000,8.9,8.9,8.9,8.9,14.37
1650648900000,8.9,8.9,8.89,8.9,186.87
1650648960000,8.89,8.92,8.89,8.92,311.79
1650649020000,8.92,8.92,8.92,8.92,11.99
1650649080000,8.91,8.91,8.91,8.91,31.06
1650649140000,8.9,8.9,8.89,8.89,5012.57
1650649200000,8.9,8.9,8.9,8.9,1.17
1650649260000,8.89,9.0,8.89,8.97,27401.47
1650649320000,8.98,9.06,8.98,9.02,33527.41
1650649380000,9.02,9.1,9.01,9.09,32762.18
1650649440000,9.09,9.14,9.06,9.07,56109.88
1650649500000,9.08,9.12,9.07,9.1,35923.07
1650649560000,9.1,9.11,9.08,9.09,13988.21
1650649620000,9.1,9.1,9.03,9.06,19181.95
1650649680000,9.06,9.06,9.01,9.02,10538.61
1650649740000,9.03,9.03,9.01,9.03,6308.35
1650649800000,9.03,9.07,9.02,9.06,9663.08
1650649860000,9.06,9.06,9.04,9.04,10192.31
1650649920000,9.04,9.05,9.03,9.03,1699.23
1650649980000,9.03,9.05,9.01,9.03,17548.33
1650650040000,9.03,9.04,9.02,9.02,1149.2
1650650100000,9.02,9.02,9.01,9.02,3271.15
1650650160000,9.01,9.02,8.99,9.0,4315.59
1650650220000,9.0,9.01,9.0,9.01,967.88
1650650280000,9.01,9.02,9.01,9.02,180.15
1650650340000,9.01,9.01,8.98,8.99,6970.19
1650650400000,8.99,9.0,8.97,8.99,2124.17
1650650460000,8.99,9.0,8.99,8.99,579.26
1650650520000,9.0,9.0,8.97,8.98,10048.96
1650650580000,8.97,8.97,8.95,8.95,2954.99
1650650640000,8.95,8.96,8.93,8.93,5877.87
1650650700000,8.93,8.96,8.93,8.96,3964.39
1650650760000,8.95,8.98,8.95,8.98,734.87
1650650820000,8.97,8.98,8.96,8.96,2812.77
1650650880000,8.95,8.96,8.95,8.95,1472.12
1650650940000,8.95,8.96,8.95,8.96,460.31
1650651000000,8.96,8.96,8.95,8.95,27.38
1650651060000,8.96,8.97,8.96,8.96,1966.03
1650651120000,8.96,8.98,8.96,8.98,789.8
1650651180000,8.98,9.0,8.97,9.0,538.82
1650651240000,9.0,9.0,8.99,8.99,362.79
1650651300000,9.0,9.0,9.0,9.0,13.85
1650651360000,9.0,9.01,9.0,9.01,519.61
1650651420000,9.01,9.04,9.01,9.04,3574.56
1650651480000,9.03,9.04,9.02,9.02,2975.04
1650651540000,9.02,9.03,9.02,9.03,1197.26
1650651600000,9.03,9.03,9.02,9.03,1835.79
1650651660000,9.03,9.04,9.03,9.03,475.08
1650651720000,9.03,9.04,9.03,9.03,266.38
1650651780000,9.03,9.03,9.02,9.02,200.8
1650651840000,9.02,9.03,9.02,9.03,303.81
1650651900000,9.03,9.03,9.0,9.0,639.85
1650651960000,9.0,9.0,8.99,8.99,716.44
1650652020000,8.99,8.99,8.98,8.98,1298.69
1650652080000,8.98,8.99,8.98,8.99,325.62
1650652140000,8.99,9.0,8.99,9.0,256.92
1650652200000,9.0,9.02,9.0,9.01,744.72
1650652260000,9.01,9.01,8.98,8.98,1183.7
1650652320000,8.98,8.99,8.97,8.99,210.71
1650652380000,8.99,8.99,8.99,8.99,255.75
1650652440000,8.99,8.99,8.97,8.97,407.84
1650652500000,8.98,8.99,8.97,8.99,436.99
1650652560000,8.99,8.99,8.99,8.99,181.52
1650652620000,8.99,9.0,8.99,8.99,589.58
1650652680000,8.99,8.99,8.99,8.99,311.39
1650652740000,8.99,9.0,8.99,8.99,66.4
1650652800000,9.0,9.01,9.0,9.0,352.08
1650652860000,9.01,9.01,9.01,9.01,34.33
1650652920000,9.01,9.01,9.0,9.01,1447.6
1650652980000,9.01,9.01,9.0,9.01,92.06
1650653040000,9.02,9.02,9.0,9.0,300.97
1650653100000,9.01,9.01,8.99,8.99,509.11
1650653160000,9.0,9.0,9.0,9.0,231.99
1650653220000,9.0,9.02,9.0,9.01,1021.25
1650653280000,9.01,9.02,9.0,9.0,490.28
1650653340000,9.01,9.01,9.0,9.0,115.5
1650653400000,9.0,9.01,9.0,9.0,123.02
1650653460000,9.0,9.0,9.0,9.0,5.0
1650653520000,9.0,9.0,9.0,9.0,1196.21
1650653580000,9.0,9.01,9.0,9.01,360.39
1650653640000,9.0,9.0,8.99,8.99,454.28
1650653700000,9.0,9.0,8.99,8.99,90.28
1650653760000,8.99,9.0,8.99,9.0,405.6
1650653820000,8.99,8.99,8.98,8.99,143.87
1650653880000,9.0,9.01,8.99,9.01,331.88
1650653940000,9.01,9.01,9.01,9.01,726.65
1650654000000,9.01,9.02,9.0,9.0,1318.45
1650654060000,9.0,9.01,9.0,9.01,857.37
1650654120000,9.02,9.03,9.02,9.03,773.52
1650654180000,9.03,9.03,9.02,9.02,19.0
1650654240000,9.03,9.03,9.02,9.02,37.46
1650654300000,9.03,9.04,9.02,9.02,208.86
1650654360000,9.03,9.03,9.03,9.03,100.44
1650654420000,9.03,9.03,9.03,9.03,6.64
1650654480000,9.02,9.02,9.01,9.02,511.38
1650654540000,9.02,9.02,9.0,9.01,424.88
1650654600000,9.01,9.01,9.0,9.0,146.59
1650654660000,8.99,9.01,8.99,9.01,1163.78
1650654720000,9.02,9.02,9.01,9.01,245.39
1650654780000,9.0,9.0,8.99,9.0,528.5
1650654840000,9.01,9.03,9.01,9.02,2827.86
1650654900000,9.02,9.04,9.02,9.04,3116.23
1650654960000,9.04,9.05,9.04,9.05,1761.82
1650655020000,9.05,9.05,9.04,9.05,3937.99
1650655080000,9.05,9.05,9.05,9.05,145.99
1650655140000,9.04,9.05,9.04,9.05,2728.77
1650655200000,9.05,9.05,9.04,9.04,356.57
1650655260000,9.04,9.04,9.03,9.04,163.57
1650655320000,9.04,9.04,9.04,9.04,57.05
1650655380000,9.04,9.04,9.04,9.04,0.0
1650655440000,9.03,9.03,9.02,9.02,279.0
1650655500000,9.03,9.04,9.03,9.04,175.1
1650655560000,9.04,9.04,9.04,9.04,2.01
1650655620000,9.04,9.05,9.03,9.05,743.79
1650655680000,9.04,9.04,9.02,9.02,2655.52
1650655740000,9.03,9.03,9.02,9.02,141.28
1650655800000,9.03,9.06,9.03,9.05,1821.25
1650655860000,9.05,9.05,9.03,9.03,32.21
1650655920000,9.04,9.06,9.04,9.04,653.15
1650655980000,9.04,9.06,9.04,9.05,519.37
1650656040000,9.04,9.06,9.04,9.05,640.32
1650656100000,9.05,9.05,9.05,9.05,27.58
1650656160000,9.05,9.05,9.03,9.03,298.44
1650656220000,9.04,9.04,9.02,9.03,451.83
1650656280000,9.03,9.03,9.02,9.03,172.92
1650656340000,9.03,9.04,9.03,9.04,126.07
1650656400000,9.03,9.04,9.03,9.04,45.98
1650656460000,9.04,9.05,9.03,9.03,433.54
1650656520000,9.02,9.02,9.02,9.02,140.08
1650656580000,9.01,9.01,9.0,9.0,411.93
1650656640000,9.0,9.0,9.0,9.0,715.75
1650656700000,9.0,9.0,8.99,8.99,150.57
1650656760000,9.0,9.0,8.99,8.99,163.86
1650656820000,8.99,8.99,8.99,8.99,203.4
1650656880000,8.99,8.99,8.97,8.98,745.48
1650656940000,8.98,8.98,8.97,8.97,651.26
1650657000000,8.96,8.96,8.95,8.95,718.34
1650657060000,8.95,8.96,8.93,8.93,2187.77
1650657120000,8.93,8.95,8.93,8.95,450.8
1650657180000,8.95,8.97,8.93,8.94,1443.46
1650657240000,8.94,8.94,8.93,8.93,419.52
1650657300000,8.93,8.94,8.93,8.94,207.5
1650657360000,8.93,8.93,8.93,8.93,189.26
1650657420000,8.93,8.94,8.93,8.94,846.27
1650657480000,8.93,8.93,8.93,8.93,162.41
1650657540000,8.92,8.94,8.92,8.94,65.84
1650657600000,8.94,8.96,8.94,8.94,530.38
1650657660000,8.94,8.94,8.93,8.94,75.62
1650657720000,8.95,8.96,8.95,8.96,91.37
1650657780000,8.95,8.96,8.95,8.95,93.99
1650657840000,8.95,8.95,8.94,8.94,20.56
1650657900000,8.95,8.95,8.95,8.95,250.64
1650657960000,8.94,8.94,8.94,8.94,235.96
1650658020000,8.94,8.94,8.94,8.94,307.2
1650658080000,8.94,8.94,8.94,8.94,0.0
1650658140000,8.94,8.94,8.94,8.94,0.0
1650658200000,8.94,8.94,8.94,8.94,6.89
1650658260000,8.94,8.95,8.94,8.95,322.56
1650658320000,8.95,8.95,8.95,8.95,300.58
1650658380000,8.95,8.95,8.95,8.95,330.26
1650658440000,8.95,8.95,8.94,8.95,367.76
1650658500000,8.95,8.95,8.95,8.95,1518.63
1650658560000,8.95,8.95,8.95,8.95,0.0
1650658620000,8.96,8.96,8.95,8.95,64.7
1650658680000,8.95,8.95,8.95,8.95,97.35
1650658740000,8.95,8.96,8.95,8.96,9.9
1650658800000,8.96,8.97,8.96,8.96,507.99
1650658860000,8.97,8.97,8.97,8.97,139.27
1650658920000,8.96,8.97,8.96,8.97,260.19
1650658980000,8.97,8.97,8.96,8.96,67.91
1650659040000,8.96,8.96,8.94,8.95,794.83
1650659100000,8.96,8.96,8.94,8.94,982.61
1650659160000,8.93,8.93,8.92,8.93,1303.92
1650659220000,8.93,8.93,8.93,8.93,22.0
1650659280000,8.92,8.92,8.92,8.92,722.26
1650659340000,8.92,8.92,8.91,8.91,547.0
1650659400000,8.92,8.93,8.92,8.93,716.16
1650659460000,8.93,8.93,8.93,8.93,279.58
1650659520000,8.94,8.94,8.93,8.93,173.0
1650659580000,8.93,8.93,8.93,8.93,962.6
1650659640000,8.93,8.93,8.92,8.93,1989.86
1650659700000,8.92,8.94,8.92,8.94,184.93
1650659760000,8.94,8.94,8.93,8.94,144.5
1650659820000,8.94,8.94,8.92,8.93,233.28
1650659880000,8.93,8.93,8.93,8.93,126.08
1650659940000,8.94,8.94,8.93,8.93,202.97
1650660000000,8.94,8.94,8.93,8.94,604.64
1650660060000,8.94,8.94,8.93,8.93,44.56
1650660120000,8.93,8.93,8.93,8.93,250.0
1650660180000,8.93,8.93,8.93,8.93,9.18
1650660240000,8.93,8.95,8.93,8.95,226.01
1650660300000,8.95,8.95,8.94,8.94,1277.19
1650660360000,8.94,8.94,8.93,8.93,282.51
1650660420000,8.94,8.95,8.94,8.95,434.26
1650660480000,8.94,8.95,8.94,8.95,65.49
1650660540000,8.95,8.96,8.95,8.95,261.15
1650660600000,8.95,8.95,8.95,8.95,37.42
1650660660000,8.95,8.95,8.95,8.95,415.56
1650660720000,8.95,8.96,8.94,8.94,614.01
1650660780000,8.94,8.95,8.94,8.95,293.44
1650660840000,8.95,8.95,8.95,8.95,58.88
1650660900000,8.95,8.95,8.95,8.95,134.07
1650660960000,8.95,8.95,8.95,8.95,15.68
1650661020000,8.95,8.95,8.94,8.94,1538.67
1650661080000,8.94,8.95,8.94,8.95,1819.04
1650661140000,8.95,8.95,8.95,8.95,340.39
1650661200000,8.95,8.96,8.94,8.94,1102.92
1650661260000,8.95,8.95,8.95,8.95,60.31
1650661320000,8.95,8.96,8.94,8.96,746.74
1650661380000,8.96,8.96,8.96,8.96,52.8
1650661440000,8.96,8.97,8.96,8.97,411.68
1650661500000,8.97,8.97,8.95,8.95,283.8
1650661560000,8.96,8.96,8.96,8.96,9.66
1650661620000,8.96,8.96,8.95,8.96,15.65
1650661680000,8.96,8.97,8.96,8.97,102.32
1650661740000,8.97,8.97,8.97,8.97,22.29
1650661800000,8.96,8.97,8.96,8.96,275.94
1650661860000,8.96,8.97,8.96,8.96,288.27
1650661920000,8.96,8.96,8.96,8.96,598.62
1650661980000,8.96,8.96,8.96,8.96,0.0
1650662040000,8.96,8.96,8.96,8.96,17.1
1650662100000,8.96,8.96,8.96,8.96,10.28
1650662160000,8.95,8.96,8.95,8.95,86.64
1650662220000,8.95,8.95,8.95,8.95,0.0
1650662280000,8.95,8.95,8.95,8.95,0.0
1650662340000,8.94,8.94,8.94,8.94,1.99
1650662400000,8.94,8.94,8.94,8.94,0.0
1650662460000,8.95,8.95,8.94,8.94,334.81
1650662520000,8.94,8.94,8.94,8.94,95.99
1650662580000,8.94,8.94,8.94,8.94,114.32
1650662640000,8.94,8.95,8.94,8.94,427.03
1650662700000,8.94,8.94,8.92,8.92,284.77
1650662760000,8.93,8.93,8.93,8.93,11.6
1650662820000,8.93,8.93,8.93,8.93,21.8
1650662880000,8.93,8.94,8.92,8.93,847.43
1650662940000,8.93,8.93,8.93,8.93,8.56
1650663000000,8.93,8.94,8.92,8.94,199.02
1650663060000,8.94,8.94,8.94,8.94,23.46
1650663120000,8.94,8.94,8.93,8.94,57.07
1650663180000,8.93,8.94,8.93,8.94,71.18
1650663240000,8.94,8.95,8.94,8.94,294.43
1650663300000,8.94,8.95,8.94,8.95,111.31
1650663360000,8.95,8.95,8.95,8.95,13.07
1650663420000,8.95,8.96,8.95,8.96,205.64
1650663480000,8.96,8.96,8.96,8.96,11.16
1650663540000,8.95,8.95,8.95,8.95,16.76
1650663600000,8.96,8.97,8.96,8.97,907.81
1650663660000,8.96,8.96,8.96,8.96,22.99
1650663720000,8.96,8.96,8.96,8.96,5.34
1650663780000,8.96,8.96,8.95,8.95,61.5
1650663840000,8.96,8.96,8.95,8.95,4.15
1650663900000,8.95,8.96,8.95,8.96,214.11
1650663960000,8.95,8.95,8.95,8.95,212.0
1650664020000,8.95,8.96,8.95,8.96,22.73
1650664080000,8.95,8.95,8.95,8.95,19.26
1650664140000,8.95,8.95,8.95,8.95,11.16
1650664200000,8.94,8.94,8.94,8.94,11.3
1650664260000,8.95,8.95,8.95,8.95,39.29
1650664320000,8.94,8.94,8.94,8.94,3.78
1650664380000,8.94,8.94,8.93,8.94,533.13
1650664440000,8.93,8.94,8.92,8.94,76.18
1650664500000,8.94,8.94,8.94,8.94,5.31
1650664560000,8.94,8.94,8.93,8.94,58.35
1650664620000,8.94,8.94,8.94,8.94,55.0
1650664680000,8.94,8.94,8.94,8.94,0.0
1650664740000,8.94,8.94,8.94,8.94,0.0
1650664800000,8.93,8.93,8.93,8.93,54.49
1650664860000,8.93,8.94,8.93,8.93,27.68
1650664920000,8.94,8.94,8.93,8.93,754.84
1650664980000,8.92,8.92,8.91,8.91,446.15
1650665040000,8.91,8.91,8.86,8.87,5050.14
1650665100000,8.87,8.87,8.86,8.87,124.52
1650665160000,8.86,8.87,8.84,8.86,2752.07
1650665220000,8.86,8.86,8.85,8.85,67.96
1650665280000,8.85,8.87,8.85,8.87,286.71
1650665340000,8.87,8.89,8.87,8.89,717.43
1650665400000,8.89,8.91,8.88,8.91,901.37
1650665460000,8.92,8.92,8.9,8.9,546.67
1650665520000,8.91,8.93,8.91,8.91,860.5
1650665580000,8.91,8.91,8.91,8.91,1048.63
1650665640000,8.9,8.92,8.9,8.91,155.18
1650665700000,8.91,8.91,8.89,8.9,570.57
1650665760000,8.9,8.9,8.88,8.88,459.54
1650665820000,8.89,8.92,8.89,8.9,6359.1
1650665880000,8.9,8.9,8.89,8.89,30.35
1650665940000,8.89,8.89,8.88,8.89,267.14
1650666000000,8.89,8.89,8.87,8.87,976.13
1650666060000,8.87,8.87,8.86,8.86,317.2
1650666120000,8.86,8.87,8.86,8.87,100.89
1650666180000,8.86,8.86,8.85,8.86,161.62
1650666240000,8.86,8.86,8.86,8.86,915.62
1650666300000,8.86,8.86,8.86,8.86,57.93
1650666360000,8.86,8.87,8.86,8.87,541.17
1650666420000,8.87,8.88,8.87,8.88,98.37
1650666480000,8.87,8.87,8.87,8.87,560.79
1650666540000,8.87,8.89,8.87,8.88,1325.88
1650666600000,8.88,8.88,8.87,8.87,469.11
1650666660000,8.86,8.87,8.86,8.86,180.16
1650666720000,8.86,8.86,8.86,8.86,38.23
1650666780000,8.87,8.87,8.87,8.87,343.3
1650666840000,8.87,8.88,8.87,8.88,66.22
1650666900000,8.87,8.88,8.87,8.88,29.31
1650666960000,8.88,8.88,8.88,8.88,272.1
1650667020000,8.87,8.88,8.87,8.87,410.47
1650667080000,8.87,8.88,8.86,8.88,663.2
1650667140000,8.88,8.88,8.88,8.88,80.26
1650667200000,8.87,8.87,8.85,8.85,582.24
1650667260000,8.86,8.86,8.86,8.86,337.65
1650667320000,8.86,8.86,8.86,8.86,72.08
1650667380000,8.87,8.88,8.87,8.88,2408.18
1650667440000,8.88,8.9,8.88,8.9,222.6
1650667500000,8.9,8.9,8.89,8.89,46.93
1650667560000,8.88,8.88,8.88,8.88,555.78
1650667620000,8.89,8.89,8.89,8.89,353.2
1650667680000,8.9,8.9,8.88,8.88,62.15
1650667740000,8.88,8.88,8.88,8.88,6.36
1650667800000,8.87,8.88,8.86,8.86,145.22
1650667860000,8.87,8.87,8.87,8.87,105.14
1650667920000,8.87,8.88,8.87,8.88,75.22
1650667980000,8.87,8.88,8.87,8.87,898.54
1650668040000,8.87,8.87,8.86,8.87,82.87
1650668100000,8.87,8.87,8.87,8.87,62.92
1650668160000,8.87,8.87,8.87,8.87,100.39
1650668220000,8.87,8.87,8.87,8.87,31.04
1650668280000,8.87,8.87,8.87,8.87,0.0
1650668340000,8.87,8.87,8.87,8.87,44.94
1650668400000,8.87,8.88,8.87,8.88,117.7
1650668460000,8.88,8.9,8.88,8.9,821.46
1650668520000,8.9,8.9,8.89,8.9,604.96
1650668580000,8.89,8.89,8.86,8.87,2078.86
1650668640000,8.87,8.89,8.87,8.88,1155.76
1650668700000,8.88,8.88,8.87,8.87,4.11
1650668760000,8.87,8.88,8.87,8.87,450.53
1650668820000,8.86,8.86,8.85,8.85,389.33
1650668880000,8.86,8.86,8.85,8.85,3.48
1650668940000,8.86,8.86,8.86,8.86,191.77
1650669000000,8.86,8.86,8.86,8.86,21.14
1650669060000,8.87,8.87,8.86,8.86,746.69
1650669120000,8.86,8.86,8.86,8.86,510.77
1650669180000,8.87,8.87,8.87,8.87,45.67
1650669240000,8.86,8.87,8.86,8.87,77.6
1650669300000,8.87,8.87,8.87,8.87,0.0
1650669360000,8.88,8.88,8.88,8.88,21.79
1650669420000,8.88,8.88,8.88,8.88,56.0
1650669480000,8.88,8.88,8.88,8.88,3.23
1650669540000,8.87,8.87,8.87,8.87,316.6
1650669600000,8.87,8.88,8.87,8.87,18.47
1650669660000,8.86,8.86,8.85,8.86,508.05
1650669720000,8.86,8.86,8.86,8.86,570.51
1650669780000,8.87,8.87,8.87,8.87,114.05
1650669840000,8.87,8.87,8.87,8.87,0.0
1650669900000,8.86,8.88,8.86,8.87,680.1
1650669960000,8.87,8.87,8.86,8.87,34.8
1650670020000,8.88,8.89,8.88,8.89,368.35
1650670080000,8.89,8.89,8.88,8.89,67.3
1650670140000,8.89,8.89,8.89,8.89,990.51
1650670200000,8.88,8.88,8.88,8.88,123.66
1650670260000,8.89,8.9,8.89,8.9,565.02
1650670320000,8.89,8.89,8.89,8.89,30.58
1650670380000,8.89,8.89,8.88,8.88,183.71
1650670440000,8.88,8.88,8.88,8.88,11.29
1650670500000,8.88,8.88,8.87,8.88,248.59
1650670560000,8.88,8.88,8.88,8.88,0.0
1650670620000,8.87,8.87,8.86,8.86,163.82
1650670680000,8.87,8.87,8.85,8.85,507.67
1650670740000,8.86,8.86,8.86,8.86,55.15
1650670800000,8.86,8.86,8.86,8.86,564.33
1650670860000,8.86,8.88,8.86,8.88,461.74
1650670920000,8.88,8.9,8.88,8.89,5112.2
1650670980000,8.9,8.9,8.9,8.9,730.53
1650671040000,8.9,8.9,8.9,8.9,2947.56
1650671100000,8.9,8.9,8.9,8.9,433.82
1650671160000,8.9,8.9,8.9,8.9,5.15
1650671220000,8.9,8.9,8.9,8.9,52.85
1650671280000,8.91,8.92,8.91,8.92,494.72
1650671340000,8.92,8.92,8.91,8.91,627.42
1650671400000,8.92,8.93,8.92,8.92,741.02
1650671460000,8.91,8.91,8.91,8.91,112.73
1650671520000,8.92,8.93,8.92,8.92,551.79
1650671580000,8.93,8.93,8.92,8.92,54.73
1650671640000,8.92,8.92,8.92,8.92,0.0
1650671700000,8.92,8.92,8.92,8.92,30.85
1650671760000,8.92,8.92,8.92,8.92,2.24
1650671820000,8.91,8.91,8.9,8.9,655.98
1650671880000,8.89,8.89,8.89,8.89,185.34
1650671940000,8.9,8.91,8.9,8.91,12.02
1650672000000,8.91,8.92,8.9,8.9,1068.08
1650672060000,8.91,8.91,8.9,8.91,349.72
1650672120000,8.91,8.94,8.91,8.94,1661.93
1650672180000,8.93,8.95,8.93,8.94,127.91
1650672240000,8.94,8.95,8.94,8.95,109.05
1650672300000,8.95,8.96,8.93,8.93,1639.0
1650672360000,8.92,8.93,8.91,8.93,1887.41
1650672420000,8.93,8.94,8.93,8.94,773.27
1650672480000,8.95,8.97,8.95,8.96,1227.74
1650672540000,8.96,8.98,8.95,8.97,3689.93
1650672600000,8.96,8.97,8.96,8.96,2191.98
1650672660000,8.96,8.96,8.94,8.95,1845.91
1650672720000,8.95,8.95,8.95,8.95,122.32
1650672780000,8.95,8.95,8.93,8.94,765.93
1650672840000,8.94,8.94,8.94,8.94,2.91
1650672900000,8.93,8.94,8.93,8.94,1416.88
1650672960000,8.95,8.95,8.95,8.95,114.03
1650673020000,8.95,8.96,8.95,8.96,539.73
1650673080000,8.96,8.96,8.96,8.96,0.0
1650673140000,8.95,8.96,8.95,8.96,24.04
1650673200000,8.95,8.95,8.95,8.95,1.18
1650673260000,8.94,8.94,8.93,8.93,994.78
1650673320000,8.93,8.94,8.93,8.94,473.61
1650673380000,8.94,8.94,8.93,8.93,894.85
1650673440000,8.93,8.93,8.93,8.93,94.71
1650673500000,8.93,8.93,8.92,8.92,1111.82
1650673560000,8.93,8.93,8.92,8.93,241.07
1650673620000,8.93,8.93,8.92,8.93,5.71
1650673680000,8.93,8.93,8.93,8.93,369.35
1650673740000,8.94,8.94,8.94,8.94,2.36
1650673800000,8.93,8.93,8.93,8.93,402.94
1650673860000,8.92,8.92,8.9,8.9,591.08
1650673920000,8.91,8.91,8.91,8.91,96.37
1650673980000,8.91,8.91,8.9,8.9,2037.28
1650674040000,8.91,8.91,8.91,8.91,288.61
1650674100000,8.91,8.91,8.91,8.91,11.27
1650674160000,8.9,8.9,8.9,8.9,25.38
1650674220000,8.91,8.91,8.9,8.91,16.42
1650674280000,8.91,8.91,8.91,8.91,3.2
1650674340000,8.91,8.92,8.91,8.92,1081.61
1650674400000,8.92,8.93,8.92,8.92,416.24
1650674460000,8.93,8.93,8.92,8.93,373.44
1650674520000,8.92,8.92,8.92,8.92,4.47
1650674580000,8.92,8.92,8.92,8.92,30.04
1650674640000,8.92,8.92,8.92,8.92,345.05
1650674700000,8.92,8.92,8.91,8.91,84.48
1650674760000,8.91,8.91,8.9,8.9,311.59
1650674820000,8.91,8.91,8.91,8.91,22.1
1650674880000,8.9,8.9,8.9,8.9,1643.7
1650674940000,8.9,8.9,8.9,8.9,0.0
1650675000000,8.9,8.9,8.9,8.9,233.69
1650675060000,8.9,8.9,8.88,8.88,577.94
1650675120000,8.88,8.88,8.88,8.88,184.23
1650675180000,8.87,8.88,8.87,8.88,64.59
1650675240000,8.88,8.88,8.88,8.88,253.15
1650675300000,8.88,8.9,8.88,8.89,3820.23
1650675360000,8.89,8.9,8.89,8.9,219.78
1650675420000,8.9,8.91,8.9,8.91,26.09
1650675480000,8.91,8.91,8.89,8.89,273.64
1650675540000,8.89,8.89,8.87,8.88,414.72
1650675600000,8.88,8.9,8.88,8.9,622.82
1650675660000,8.89,8.9,8.89,8.89,8.81
1650675720000,8.89,8.89,8.88,8.88,636.77
1650675780000,8.89,8.9,8.89,8.9,81.53
1650675840000,8.89,8.9,8.88,8.88,889.06
1650675900000,8.88,8.9,8.88,8.89,240.58
1650675960000,8.89,8.9,8.89,8.89,375.4
1650676020000,8.89,8.9,8.89,8.89,15.66
1650676080000,8.9,8.91,8.89,8.9,555.01
1650676140000,8.89,8.89,8.89,8.89,12.43
1650676200000,8.89,8.89,8.89,8.89,6.82
1650676260000,8.89,8.89,8.89,8.89,377.22
1650676320000,8.89,8.89,8.89,8.89,22.66
1650676380000,8.89,8.89,8.89,8.89,77.93
1650676440000,8.89,8.91,8.89,8.89,784.69
1650676500000,8.89,8.89,8.89,8.89,2.38
1650676560000,8.9,8.92,8.9,8.91,684.77
1650676620000,8.92,8.92,8.91,8.91,362.88
1650676680000,8.91,8.91,8.91,8.91,0.0
1650676740000,8.91,8.91,8.91,8.91,0.0
1650676800000,8.91,8.91,8.9,8.9,65.75
1650676860000,8.9,8.9,8.9,8.9,852.93
1650676920000,8.9,8.92,8.9,8.92,143.03
1650676980000,8.92,8.93,8.92,8.93,4166.13
1650677040000,8.92,8.92,8.91,8.92,547.44
1650677100000,8.92,8.92,8.91,8.92,235.84
1650677160000,8.92,8.93,8.92,8.93,43.47
1650677220000,8.93,8.93,8.93,8.93,38.8
1650677280000,8.93,8.93,8.93,8.93,94.25
1650677340000,8.93,8.93,8.93,8.93,55.54
1650677400000,8.93,8.94,8.93,8.94,11.7
1650677460000,8.94,8.95,8.94,8.95,1302.76
1650677520000,8.96,8.96,8.95,8.96,29.29
1650677580000,8.96,8.96,8.96,8.96,0.0
1650677640000,8.96,8.98,8.95,8.97,4635.06
1650677700000,8.97,8.97,8.96,8.97,172.01
1650677760000,8.97,8.97,8.96,8.96,1466.56
1650677820000,8.96,8.96,8.95,8.95,697.65
1650677880000,8.95,8.95,8.95,8.95,0.0
1650677940000,8.95,8.95,8.95,8.95,25.0
1650678000000,8.96,8.96,8.96,8.96,102.68
1650678060000,8.95,8.95,8.95,8.95,3.89
1650678120000,8.94,8.94,8.94,8.94,168.85
1650678180000,8.94,8.95,8.94,8.95,180.48
1650678240000,8.95,8.96,8.95,8.96,521.01
1650678300000,8.96,8.98,8.96,8.98,1989.13
1650678360000,8.97,8.97,8.96,8.97,165.18
1650678420000,8.97,8.97,8.97,8.97,5.77
1650678480000,8.96,8.97,8.96,8.97,274.62
1650678540000,8.97,8.97,8.95,8.95,562.35
1650678600000,8.95,8.95,8.94,8.95,528.55
1650678660000,8.96,8.96,8.96,8.96,29.96
1650678720000,8.96,8.96,8.96,8.96,0.0
1650678780000,8.95,8.95,8.95,8.95,2.45
1650678840000,8.95,8.96,8.95,8.96,237.43
1650678900000,8.96,8.96,8.96,8.96,1.22
1650678960000,8.96,8.96,8.96,8.96,129.45
1650679020000,8.96,8.98,8.96,8.98,1797.96
1650679080000,8.97,8.99,8.97,8.98,211.18
1650679140000,8.98,8.98,8.98,8.98,1040.03
1650679200000,8.97,8.97,8.96,8.96,443.95
1650679260000,8.97,8.97,8.95,8.96,407.18
1650679320000,8.96,8.96,8.96,8.96,33.4
1650679380000,8.96,8.97,8.96,8.97,262.02
1650679440000,8.97,8.97,8.95,8.95,377.84
1650679500000,8.95,8.95,8.95,8.95,233.71
1650679560000,8.95,8.95,8.93,8.95,732.14
1650679620000,8.95,8.95,8.94,8.94,14.49
1650679680000,8.94,8.95,8.94,8.95,154.48
1650679740000,8.95,8.96,8.95,8.96,468.59
1650679800000,8.96,8.96,8.95,8.95,30.8
1650679860000,8.95,8.95,8.94,8.95,609.47
1650679920000,8.94,8.95,8.94,8.95,4923.2
1650679980000,8.94,8.95,8.94,8.95,242.3
1650680040000,8.95,8.95,8.95,8.95,0.0
1650680100000,8.95,8.95,8.94,8.94,440.53
1650680160000,8.94,8.95,8.93,8.95,215.64
1650680220000,8.95,8.95,8.94,8.94,57.05
1650680280000,8.95,8.95,8.94,8.94,572.37
1650680340000,8.94,8.94,8.94,8.94,2828.87
1650680400000,8.94,8.94,8.94,8.94,718.76
1650680460000,8.95,8.96,8.95,8.96,430.12
1650680520000,8.95,8.96,8.95,8.96,773.57
1650680580000,8.95,8.95,8.95,8.95,3.49
1650680640000,8.95,8.95,8.95,8.95,2.79
1650680700000,8.94,8.94,8.94,8.94,157.15
1650680760000,8.94,8.95,8.94,8.95,199.07
1650680820000,8.95,8.95,8.94,8.94,5.26
1650680880000,8.94,8.96,8.94,8.95,51.57
1650680940000,8.96,8.96,8.96,8.96,15.59
1650681000000,8.95,8.95,8.94,8.94,1138.51
1650681060000,8.94,8.95,8.94,8.95,360.72
1650681120000,8.96,8.97,8.96,8.97,1337.53
1650681180000,8.96,8.96,8.96,8.96,4893.08
1650681240000,8.96,8.96,8.96,8.96,4.3
1650681300000,8.96,8.96,8.96,8.96,20.95
1650681360000,8.97,8.97,8.97,8.97,237.46
1650681420000,8.97,8.97,8.97,8.97,95.52
1650681480000,8.97,8.97,8.97,8.97,1.16
1650681540000,8.97,8.97,8.96,8.97,8.99
1650681600000,8.97,8.97,8.97,8.97,132.52
1650681660000,8.96,8.96,8.96,8.96,319.31
1650681720000,8.96,8.96,8.95,8.95,202.58
1650681780000,8.94,8.95,8.94,8.95,555.75
1650681840000,8.95,8.96,8.95,8.96,83.64
1650681900000,8.96,8.97,8.96,8.96,924.99
1650681960000,8.95,8.95,8.94,8.95,278.7
1650682020000,8.95,8.95,8.95,8.95,1.24
1650682080000,8.95,8.95,8.95,8.95,9.72
1650682140000,8.95,8.96,8.95,8.95,286.14
1650682200000,8.95,8.95,8.95,8.95,0.0
1650682260000,8.96,8.96,8.96,8.96,159.92
1650682320000,8.96,8.96,8.95,8.95,498.02
1650682380000,8.95,8.95,8.95,8.95,0.0
1650682440000,8.95,8.95,8.93,8.93,965.18
1650682500000,8.93,8.95,8.93,8.95,1372.33
1650682560000,8.94,8.94,8.94,8.94,1.88
1650682620000,8.95,8.95,8.94,8.94,421.85
1650682680000,8.94,8.95,8.94,8.95,233.04
1650682740000,8.94,8.95,8.94,8.95,5.1
1650682800000,8.94,8.95,8.94,8.95,608.3
1650682860000,8.95,8.95,8.94,8.94,1046.43
1650682920000,8.94,8.95,8.94,8.95,103.65
1650682980000,8.95,8.96,8.95,8.96,165.48
1650683040000,8.96,8.97,8.95,8.97,2197.5
1650683100000,8.96,8.96,8.96,8.96,2.23
1650683160000,8.97,8.97,8.97,8.97,119.84
1650683220000,8.96,8.96,8.95,8.95,121.19
1650683280000,8.95,8.95,8.95,8.95,444.79
1650683340000,8.95,8.95,8.94,8.94,1074.47
1650683400000,8.94,8.94,8.94,8.94,245.1
1650683460000,8.94,8.94,8.94,8.94,160.0
1650683520000,8.95,8.96,8.95,8.96,472.13
1650683580000,8.95,8.95,8.95,8.95,149.51
1650683640000,8.96,8.97,8.96,8.97,934.72
1650683700000,8.98,8.98,8.97,8.98,411.52
1650683760000,8.97,8.97,8.97,8.97,157.84
1650683820000,8.97,8.97,8.97,8.97,500.73
1650683880000,8.98,8.98,8.98,8.98,16.16
1650683940000,8.98,8.99,8.96,8.96,757.44
1650684000000,8.97,8.98,8.97,8.98,324.25
1650684060000,8.97,8.98,8.97,8.98,50.07
1650684120000,8.98,9.0,8.98,9.0,357.88
1650684180000,8.99,9.0,8.99,9.0,675.91
1650684240000,9.0,9.0,8.99,8.99,415.17
1650684300000,8.99,8.99,8.97,8.97,899.66
1650684360000,8.97,8.97,8.96,8.96,33.94
1650684420000,8.97,8.97,8.97,8.97,48.12
1650684480000,8.97,8.98,8.97,8.97,202.85
1650684540000,8.97,8.97,8.95,8.95,902.88
1650684600000,8.94,8.94,8.93,8.94,934.99
1650684660000,8.95,8.96,8.95,8.96,87.28
1650684720000,8.96,8.98,8.96,8.98,712.18
1650684780000,8.97,8.98,8.97,8.98,99.73
1650684840000,8.99,8.99,8.99,8.99,29.96
1650684900000,8.98,8.99,8.98,8.99,153.69
1650684960000,8.99,8.99,8.98,8.99,533.35
1650685020000,8.99,8.99,8.99,8.99,4.95
1650685080000,8.99,9.0,8.99,9.0,170.66
1650685140000,9.0,9.0,8.99,9.0,354.3
1650685200000,8.99,8.99,8.98,8.99,55.82
1650685260000,8.99,8.99,8.99,8.99,276.17
1650685320000,8.98,8.98,8.97,8.98,422.32
1650685380000,8.99,9.0,8.99,9.0,219.62
1650685440000,9.0,9.01,9.0,9.0,1820.62
1650685500000,9.01,9.01,9.0,9.0,601.8
1650685560000,9.0,9.01,9.0,9.0,1303.74
1650685620000,9.0,9.0,9.0,9.0,0.0
1650685680000,9.0,9.0,8.99,9.0,3466.84
1650685740000,9.0,9.0,9.0,9.0,29.96
1650685800000,9.0,9.02,9.0,9.02,875.8
1650685860000,9.02,9.02,9.0,9.02,151.69
1650685920000,9.02,9.03,9.01,9.02,1361.27
1650685980000,9.02,9.02,9.02,9.02,0.0
1650686040000,9.02,9.03,9.02,9.03,621.66
1650686100000,9.03,9.03,9.02,9.02,590.51
1650686160000,9.02,9.02,9.02,9.02,232.46
1650686220000,9.02,9.03,9.02,9.03,567.84
1650686280000,9.02,9.02,9.02,9.02,8.48
1650686340000,9.02,9.03,9.02,9.02,134.9
1650686400000,9.03,9.03,9.02,9.03,181.94
1650686460000,9.03,9.03,9.0,9.01,389.03
1650686520000,9.01,9.02,8.99,8.99,7299.91
1650686580000,8.99,9.02,8.99,9.02,3262.03
1650686640000,9.02,9.02,9.02,9.02,18.08
1650686700000,9.03,9.03,9.02,9.03,216.65
1650686760000,9.03,9.03,9.01,9.02,643.45
1650686820000,9.03,9.04,9.03,9.04,288.79
1650686880000,9.04,9.04,9.03,9.04,275.62
1650686940000,9.04,9.05,9.03,9.04,561.52
1650687000000,9.05,9.05,9.04,9.05,54.77
1650687060000,9.05,9.05,9.04,9.05,43.0
1650687120000,9.05,9.05,9.04,9.05,120.79
1650687180000,9.05,9.06,9.05,9.05,2026.24
1650687240000,9.05,9.05,9.02,9.02,701.69
1650687300000,9.03,9.04,9.03,9.04,814.3
1650687360000,9.03,9.04,9.02,9.02,1985.24
1650687420000,9.03,9.03,9.02,9.02,316.6
1650687480000,9.01,9.02,9.0,9.0,2172.46
1650687540000,9.01,9.01,8.99,9.0,1397.74
1650687600000,9.0,9.0,8.98,8.98,486.01
1650687660000,8.99,8.99,8.98,8.98,594.07
1650687720000,8.98,8.98,8.92,8.93,7773.86
1650687780000,8.93,8.95,8.89,8.9,8574.51
1650687840000,8.9,8.92,8.88,8.91,7033.71
1650687900000,8.91,8.91,8.84,8.87,8927.5
1650687960000,8.86,8.87,8.83,8.87,3354.89
1650688020000,8.87,8.88,8.85,8.85,1762.9
1650688080000,8.86,8.86,8.84,8.85,994.31
1650688140000,8.85,8.86,8.84,8.86,3406.05
1650688200000,8.86,8.87,8.85,8.85,458.01
1650688260000,8.85,8.86,8.85,8.85,61.09
1650688320000,8.85,8.86,8.85,8.85,825.72
1650688380000,8.85,8.86,8.85,8.86,214.28
1650688440000,8.85,8.87,8.85,8.87,268.89
1650688500000,8.87,8.88,8.87,8.87,149.52
1650688560000,8.88,8.9,8.88,8.9,1057.53
1650688620000,8.9,8.9,8.9,8.9,473.39
1650688680000,8.9,8.92,8.9,8.92,656.26
1650688740000,8.92,8.93,8.91,8.93,5587.61
1650688800000,8.92,8.92,8.9,8.9,1667.48
1650688860000,8.91,8.91,8.9,8.91,239.58
1650688920000,8.91,8.91,8.91,8.91,430.66
1650688980000,8.91,8.91,8.9,8.91,308.03
1650689040000,8.91,8.92,8.91,8.92,384.6
1650689100000,8.91,8.92,8.91,8.91,221.95
1650689160000,8.92,8.92,8.91,8.91,19.21
1650689220000,8.92,8.92,8.91,8.91,170.45
1650689280000,8.91,8.91,8.91,8.91,836.9
1650689340000,8.91,8.95,8.91,8.94,3661.35
1650689400000,8.94,8.95,8.94,8.94,1472.74
1650689460000,8.95,8.96,8.95,8.96,1963.45
1650689520000,8.95,8.96,8.95,8.95,591.88
1650689580000,8.95,8.95,8.95,8.95,780.18
1650689640000,8.94,8.96,8.94,8.96,85.64
1650689700000,8.96,8.96,8.96,8.96,256.18
1650689760000,8.95,8.95,8.95,8.95,679.1
1650689820000,8.95,8.96,8.94,8.94,719.79
1650689880000,8.94,8.95,8.94,8.95,642.12
1650689940000,8.96,8.96,8.95,8.95,26.64
1650690000000,8.95,8.96,8.94,8.96,792.02
1650690060000,8.97,8.97,8.96,8.97,120.57
1650690120000,8.96,8.96,8.96,8.96,69.39
1650690180000,8.96,8.97,8.95,8.95,2796.7
1650690240000,8.94,8.95,8.94,8.94,233.65
1650690300000,8.96,8.96,8.95,8.95,76.39
1650690360000,8.95,8.95,8.94,8.94,362.9
1650690420000,8.95,8.95,8.94,8.94,96.05
1650690480000,8.93,8.93,8.91,8.92,348.13
1650690540000,8.92,8.94,8.92,8.94,416.27
1650690600000,8.93,8.93,8.93,8.93,231.24
1650690660000,8.92,8.93,8.92,8.92,70.12
1650690720000,8.91,8.92,8.91,8.92,924.64
1650690780000,8.92,8.92,8.92,8.92,471.88
1650690840000,8.91,8.91,8.91,8.91,547.98
1650690900000,8.92,8.92,8.92,8.92,50.07
1650690960000,8.93,8.93,8.92,8.93,62.63
1650691020000,8.93,8.93,8.93,8.93,606.8
1650691080000,8.92,8.93,8.92,8.93,25.04
1650691140000,8.94,8.94,8.94,8.94,90.65
1650691200000,8.93,8.93,8.93,8.93,481.06
1650691260000,8.92,8.93,8.92,8.93,1026.92
1650691320000,8.93,8.93,8.93,8.93,100.0
1650691380000,8.93,8.95,8.93,8.94,323.46
1650691440000,8.94,8.94,8.94,8.94,306.04
1650691500000,8.95,8.96,8.95,8.95,555.66
1650691560000,8.95,8.95,8.95,8.95,380.87
1650691620000,8.95,8.95,8.93,8.93,273.39
1650691680000,8.94,8.95,8.94,8.94,2642.86
1650691740000,8.94,8.94,8.94,8.94,42.96
1650691800000,8.93,8.93,8.92,8.93,1022.87
1650691860000,8.93,8.93,8.93,8.93,36.0
1650691920000,8.92,8.93,8.92,8.93,2635.65
1650691980000,8.93,8.93,8.93,8.93,776.41
1650692040000,8.93,8.93,8.92,8.93,95.53
1650692100000,8.94,8.94,8.93,8.93,129.59
1650692160000,8.94,8.96,8.94,8.96,478.86
1650692220000,8.96,8.96,8.96,8.96,55.8
1650692280000,8.96,8.96,8.94,8.94,383.63
1650692340000,8.95,8.95,8.95,8.95,7.48
1650692400000,8.95,8.95,8.95,8.95,350.84
1650692460000,8.96,8.96,8.95,8.95,947.96
1650692520000,8.96,8.96,8.94,8.95,294.58
1650692580000,8.96,8.96,8.95,8.95,277.33
1650692640000,8.96,8.96,8.95,8.95,47.0
1650692700000,8.95,8.95,8.95,8.95,0.0
1650692760000,8.96,8.96,8.95,8.95,6.46
1650692820000,8.95,8.95,8.95,8.95,0.0
1650692880000,8.95,8.95,8.95,8.95,66.89
1650692940000,8.95,8.95,8.95,8.95,0.0
1650693000000,8.94,8.95,8.94,8.95,379.47
1650693060000,8.94,8.96,8.94,8.95,485.92
1650693120000,8.94,8.95,8.94,8.94,33.73
1650693180000,8.94,8.94,8.94,8.94,0.0
1650693240000,8.94,8.94,8.94,8.94,136.37
1650693300000,8.93,8.94,8.93,8.94,197.16
1650693360000,8.94,8.95,8.94,8.95,278.03
1650693420000,8.95,8.95,8.94,8.94,3.32
1650693480000,8.95,8.95,8.95,8.95,29.96
1650693540000,8.95,8.95,8.94,8.94,44.83
1650693600000,8.94,8.95,8.93,8.95,1425.03
1650693660000,8.94,8.94,8.93,8.94,412.38
1650693720000,8.94,8.94,8.93,8.94,285.52
1650693780000,8.95,8.95,8.95,8.95,48.65
1650693840000,8.95,8.95,8.93,8.94,108.59
1650693900000,8.94,8.94,8.93,8.94,1107.27
1650693960000,8.95,8.95,8.95,8.95,1.96
1650694020000,8.95,8.96,8.95,8.96,440.86
1650694080000,8.96,8.96,8.95,8.95,156.32
1650694140000,8.95,8.95,8.95,8.95,411.19
1650694200000,8.96,8.96,8.95,8.95,87.97
1650694260000,8.95,8.96,8.95,8.96,49.9
1650694320000,8.96,8.97,8.96,8.97,1178.86
1650694380000,8.97,8.98,8.96,8.98,1232.51
1650694440000,8.97,8.98,8.97,8.98,23.92
1650694500000,8.97,8.97,8.97,8.97,1.13
1650694560000,8.97,8.97,8.97,8.97,31.16
1650694620000,8.98,8.98,8.98,8.98,513.87
1650694680000,8.98,8.98,8.97,8.97,156.02
1650694740000,8.97,8.98,8.97,8.98,199.64
1650694800000,8.98,8.98,8.96,8.96,365.27
1650694860000,8.96,8.97,8.96,8.97,1051.05
1650694920000,8.97,8.97,8.97,8.97,0.0
1650694980000,8.96,8.97,8.95,8.96,334.88
1650695040000,8.96,8.97,8.96,8.97,244.58
1650695100000,8.96,8.96,8.96,8.96,1.12
1650695160000,8.97,8.97,8.97,8.97,215.57
1650695220000,8.98,8.98,8.98,8.98,62.92
1650695280000,8.98,8.98,8.98,8.98,0.0
1650695340000,8.97,8.98,8.97,8.98,172.89
1650695400000,8.98,8.98,8.98,8.98,227.04
1650695460000,8.99,8.99,8.98,8.99,524.04
1650695520000,8.99,8.99,8.98,8.98,412.95
1650695580000,8.98,9.0,8.98,8.99,350.84
1650695640000,8.99,8.99,8.98,8.99,727.65
1650695700000,8.99,8.99,8.98,8.99,280.76
1650695760000,8.98,8.98,8.98,8.98,32.23
1650695820000,8.98,8.98,8.98,8.98,32.06
1650695880000,8.98,8.99,8.98,8.99,41.11
1650695940000,8.98,8.98,8.98,8.98,321.82
1650696000000,8.97,8.97,8.97,8.97,3.18
1650696060000,8.98,8.98,8.98,8.98,107.62
1650696120000,8.97,8.97,8.96,8.96,560.1
1650696180000,8.96,8.98,8.96,8.98,337.31
1650696240000,8.98,8.98,8.96,8.96,87.4
1650696300000,8.97,8.98,8.97,8.98,811.97
1650696360000,8.97,8.98,8.97,8.98,3084.91
1650696420000,8.98,8.98,8.98,8.98,0.0
1650696480000,8.98,8.99,8.98,8.99,285.94
1650696540000,8.98,8.98,8.98,8.98,37.12
1650696600000,8.99,8.99,8.99,8.99,307.1
1650696660000,9.0,9.0,9.0,9.0,111.02
1650696720000,9.0,9.0,9.0,9.0,2.0
1650696780000,9.0,9.01,8.99,8.99,1854.99
1650696840000,9.0,9.0,8.99,9.0,24.16
1650696900000,9.0,9.0,8.99,8.99,276.53
1650696960000,8.99,8.99,8.99,8.99,21.62
1650697020000,9.0,9.0,9.0,9.0,50.0
1650697080000,8.99,9.0,8.99,9.0,54.22
1650697140000,9.0,9.0,9.0,9.0,5.1
1650697200000,8.99,9.0,8.99,8.99,322.27
1650697260000,9.0,9.01,9.0,9.01,2071.71
1650697320000,9.01,9.02,9.01,9.01,67.6
1650697380000,9.01,9.02,9.01,9.01,23.27
1650697440000,9.01,9.02,9.01,9.02,2765.17
1650697500000,9.03,9.03,9.03,9.03,450.43
1650697560000,9.02,9.02,9.02,9.02,49.57
1650697620000,9.03,9.03,9.03,9.03,1.11
1650697680000,9.03,9.03,9.01,9.02,128.78
1650697740000,9.01,9.01,9.01,9.01,201.37
1650697800000,9.01,9.02,9.01,9.01,210.89
1650697860000,9.01,9.01,9.01,9.01,85.35
1650697920000,9.01,9.01,9.01,9.01,48.64
1650697980000,9.01,9.01,9.0,9.0,2909.87
1650698040000,9.0,9.01,9.0,9.01,122.4
1650698100000,9.01,9.02,9.01,9.02,845.9
1650698160000,9.02,9.02,9.0,9.0,1980.31
1650698220000,9.0,9.01,9.0,9.01,542.65
1650698280000,9.01,9.01,8.99,9.0,109.97
1650698340000,8.99,9.0,8.99,9.0,204.86
1650698400000,9.01,9.02,9.01,9.02,1109.57
1650698460000,9.01,9.02,9.01,9.02,85.38
1650698520000,9.01,9.01,9.01,9.01,186.86
1650698580000,9.01,9.01,9.01,9.01,9.69
1650698640000,9.02,9.02,9.02,9.02,38.86
1650698700000,9.01,9.02,9.01,9.02,1043.53
1650698760000,9.02,9.02,9.01,9.01,422.11
1650698820000,9.01,9.02,9.01,9.02,13.38
1650698880000,9.01,9.01,9.01,9.01,10.0
1650698940000,9.02,9.03,9.02,9.02,242.51
1650699000000,9.03,9.03,9.02,9.02,59.41
1650699060000,9.02,9.02,9.01,9.01,521.47
1650699120000,9.01,9.02,9.01,9.02,288.57
1650699180000,9.02,9.03,9.02,9.03,152.09
1650699240000,9.02,9.03,9.02,9.02,456.03
1650699300000,9.02,9.02,9.01,9.01,22.41
1650699360000,9.02,9.02,9.02,9.02,3.32
1650699420000,9.01,9.02,9.0,9.0,1408.71
1650699480000,9.0,9.01,8.99,9.0,1719.12
1650699540000,9.0,9.0,8.98,8.99,4977.89
1650699600000,9.0,9.0,8.99,8.99,879.41
1650699660000,8.99,9.01,8.99,9.01,597.75
1650699720000,9.01,9.01,9.0,9.0,826.15
1650699780000,8.99,8.99,8.99,8.99,59.16
1650699840000,9.0,9.0,9.0,9.0,16.22
1650699900000,8.99,9.0,8.99,9.0,491.47
1650699960000,8.99,9.01,8.99,9.01,845.46
1650700020000,9.01,9.01,9.01,9.01,0.0
1650700080000,9.01,9.01,9.0,9.0,1130.6
1650700140000,9.0,9.0,9.0,9.0,1.87
1650700200000,9.0,9.01,9.0,9.01,337.5
1650700260000,9.0,9.0,9.0,9.0,62.96
1650700320000,8.99,8.99,8.99,8.99,270.43
1650700380000,8.99,8.99,8.99,8.99,183.25
1650700440000,9.0,9.0,9.0,9.0,11.11
1650700500000,9.0,9.0,8.99,9.0,331.95
1650700560000,9.0,9.01,9.0,9.0,220.97
1650700620000,9.0,9.0,9.0,9.0,0.0
1650700680000,9.0,9.01,9.0,9.0,217.08
1650700740000,9.01,9.01,9.01,9.01,411.59
1650700800000,9.01,9.01,9.0,9.0,1355.76
1650700860000,9.0,9.01,9.0,9.0,70.85
1650700920000,9.0,9.0,8.99,9.0,158.36
1650700980000,9.01,9.01,9.0,9.01,296.58
1650701040000,9.01,9.01,9.01,9.01,192.3
1650701100000,9.01,9.01,8.99,8.99,899.89
1650701160000,8.99,8.99,8.99,8.99,31.45
1650701220000,8.99,8.99,8.99,8.99,33.38
1650701280000,8.98,8.99,8.98,8.99,117.44
1650701340000,8.99,9.02,8.99,9.01,3933.13
1650701400000,9.01,9.01,9.0,9.0,598.51
1650701460000,9.0,9.0,9.0,9.0,227.66
1650701520000,8.99,8.99,8.99,8.99,10.0
1650701580000,9.0,9.0,8.99,8.99,755.03
1650701640000,8.99,9.01,8.99,9.01,302.12
1650701700000,9.01,9.03,9.0,9.03,1125.1
1650701760000,9.03,9.03,9.02,9.02,511.28
1650701820000,9.02,9.02,9.02,9.02,0.0
1650701880000,9.02,9.02,9.02,9.02,81.96
1650701940000,9.01,9.02,9.01,9.02,54.31
1650702000000,9.01,9.01,9.01,9.01,111.74
1650702060000,9.02,9.02,9.02,9.02,57.37
1650702120000,9.01,9.02,9.01,9.02,428.61
1650702180000,9.02,9.02,9.02,9.02,438.61
1650702240000,9.01,9.02,9.01,9.02,612.98
1650702300000,9.02,9.02,9.02,9.02,0.0
1650702360000,9.02,9.04,9.02,9.03,1432.39
1650702420000,9.03,9.04,9.03,9.03,2670.32
1650702480000,9.03,9.03,9.03,9.03,40.09
1650702540000,9.04,9.04,9.03,9.03,3.44
1650702600000,9.04,9.05,9.03,9.04,306.57
1650702660000,9.04,9.05,9.03,9.04,604.34
1650702720000,9.04,9.04,9.03,9.04,28.05
1650702780000,9.04,9.05,9.04,9.05,250.26
1650702840000,9.04,9.05,9.04,9.05,35.88
1650702900000,9.04,9.06,9.04,9.05,686.35
1650702960000,9.05,9.08,9.05,9.07,1007.84
1650703020000,9.07,9.07,9.06,9.06,478.56
1650703080000,9.06,9.07,9.06,9.06,55.41
1650703140000,9.07,9.07,9.06,9.06,87.97
1650703200000,9.06,9.07,9.06,9.06,82.79
1650703260000,9.06,9.07,9.06,9.07,155.57
1650703320000,9.06,9.07,9.06,9.07,96.39
1650703380000,9.07,9.07,9.07,9.07,296.02
1650703440000,9.07,9.07,9.06,9.06,34.7
1650703500000,9.06,9.06,9.06,9.06,0.0
1650703560000,9.07,9.07,9.07,9.07,10.96
1650703620000,9.07,9.07,9.06,9.07,316.18
1650703680000,9.06,9.08,9.06,9.07,438.04
1650703740000,9.07,9.08,9.07,9.07,68.54
1650703800000,9.07,9.07,9.06,9.06,121.84
1650703860000,9.06,9.07,9.06,9.06,170.45
1650703920000,9.06,9.07,9.06,9.07,211.08
1650703980000,9.07,9.07,9.05,9.05,1897.73
1650704040000,9.06,9.06,9.05,9.05,197.84
1650704100000,9.05,9.05,9.04,9.04,567.54
1650704160000,9.03,9.04,9.01,9.04,4713.01
1650704220000,9.04,9.04,9.04,9.04,51.16
1650704280000,9.04,9.04,9.04,9.04,2.25
1650704340000,9.03,9.04,9.03,9.04,351.11
1650704400000,9.05,9.06,9.05,9.05,782.75
1650704460000,9.04,9.05,9.04,9.05,108.14
1650704520000,9.04,9.05,9.03,9.03,392.46
1650704580000,9.03,9.03,9.03,9.03,4.24
1650704640000,9.03,9.03,9.03,9.03,406.96
1650704700000,9.03,9.03,9.03,9.03,0.0
1650704760000,9.03,9.04,9.03,9.04,21.23
1650704820000,9.03,9.03,9.03,9.03,19.91
1650704880000,9.04,9.04,9.03,9.04,26.07
1650704940000,9.04,9.04,9.04,9.04,2.21
1650705000000,9.04,9.04,9.03,9.03,265.5
1650705060000,9.03,9.03,9.03,9.03,0.0
1650705120000,9.03,9.04,9.03,9.03,60.64
1650705180000,9.03,9.04,9.03,9.03,117.63
1650705240000,9.04,9.04,9.04,9.04,22.12
1650705300000,9.04,9.04,9.03,9.04,5.62
1650705360000,9.03,9.04,9.03,9.04,154.07
1650705420000,9.05,9.05,9.05,9.05,949.46
1650705480000,9.06,9.06,9.06,9.06,763.25
1650705540000,9.06,9.07,9.06,9.07,241.56
1650705600000,9.06,9.07,9.06,9.07,10.95
1650705660000,9.07,9.07,9.07,9.07,4.28
1650705720000,9.07,9.07,9.07,9.07,59.92
1650705780000,9.06,9.06,9.04,9.04,1968.46
1650705840000,9.05,9.05,9.05,9.05,451.25
1650705900000,9.06,9.06,9.06,9.06,308.54
1650705960000,9.06,9.06,9.06,9.06,45.05
1650706020000,9.06,9.07,9.06,9.07,731.77
1650706080000,9.07,9.07,9.06,9.06,103.72
1650706140000,9.06,9.06,9.04,9.05,199.99
1650706200000,9.05,9.06,9.05,9.06,295.94
1650706260000,9.06,9.07,9.06,9.06,243.38
1650706320000,9.06,9.06,9.05,9.05,440.13
1650706380000,9.06,9.06,9.06,9.06,102.0
1650706440000,9.05,9.05,9.05,9.05,299.7
1650706500000,9.05,9.06,9.05,9.05,47.01
1650706560000,9.05,9.08,9.05,9.06,4153.22
1650706620000,9.07,9.08,9.07,9.08,217.99
1650706680000,9.08,9.08,9.06,9.07,297.57
1650706740000,9.08,9.08,9.06,9.07,237.2
1650706800000,9.07,9.08,9.07,9.07,372.6
1650706860000,9.06,9.06,9.06,9.06,42.27
1650706920000,9.05,9.06,9.05,9.05,102.61
1650706980000,9.05,9.05,9.04,9.04,424.15
1650707040000,9.04,9.04,9.02,9.03,1077.67
1650707100000,9.03,9.04,9.03,9.04,765.48
1650707160000,9.03,9.03,9.03,9.03,52.34
1650707220000,9.04,9.04,9.04,9.04,9.11
1650707280000,9.03,9.03,9.02,9.03,336.23
1650707340000,9.04,9.04,9.04,9.04,6.69
1650707400000,9.04,9.04,9.04,9.04,203.96
1650707460000,9.04,9.04,9.03,9.03,719.51
1650707520000,9.03,9.03,9.03,9.03,1.79
1650707580000,9.04,9.04,9.04,9.04,91.04
1650707640000,9.03,9.05,9.03,9.05,31.07
1650707700000,9.04,9.05,9.04,9.04,950.6
1650707760000,9.04,9.05,9.04,9.05,78.61
1650707820000,9.04,9.04,9.03,9.04,786.32
1650707880000,9.03,9.04,9.03,9.04,5.84
1650707940000,9.04,9.04,9.04,9.04,112.96
1650708000000,9.04,9.04,9.03,9.04,493.32
1650708060000,9.04,9.04,9.03,9.03,380.68
1650708120000,9.04,9.04,9.04,9.04,83.55
1650708180000,9.04,9.04,9.03,9.03,256.55
1650708240000,9.03,9.04,9.03,9.04,94.06
1650708300000,9.04,9.04,9.04,9.04,313.71
1650708360000,9.04,9.04,9.04,9.04,1.84
1650708420000,9.04,9.04,9.03,9.03,148.72
1650708480000,9.04,9.04,9.03,9.04,94.17
1650708540000,9.03,9.03,9.03,9.03,1.2
1650708600000,9.04,9.04,9.03,9.03,171.61
1650708660000,9.04,9.04,9.04,9.04,161.48
1650708720000,9.04,9.04,9.04,9.04,105.12
1650708780000,9.04,9.04,9.03,9.04,456.9
1650708840000,9.03,9.04,9.03,9.03,336.98
1650708900000,9.04,9.04,9.04,9.04,551.99
1650708960000,9.04,9.04,9.03,9.04,482.44
1650709020000,9.04,9.04,9.03,9.04,2553.43
1650709080000,9.03,9.04,9.03,9.04,9.87
1650709140000,9.04,9.04,9.04,9.04,14926.04
1650709200000,9.04,9.04,9.03,9.04,982.81
1650709260000,9.04,9.04,9.03,9.04,764.6
1650709320000,9.04,9.04,9.04,9.04,992.22
1650709380000,9.03,9.04,9.03,9.04,423.11
1650709440000,9.04,9.04,9.04,9.04,23.62
1650709500000,9.04,9.05,9.04,9.05,1291.61
1650709560000,9.05,9.05,9.05,9.05,883.33
1650709620000,9.05,9.05,9.04,9.04,27.9
1650709680000,9.04,9.05,9.04,9.05,1150.07
1650709740000,9.04,9.05,9.04,9.05,24.59
1650709800000,9.05,9.07,9.05,9.07,3150.57
1650709860000,9.07,9.07,9.06,9.07,472.49
1650709920000,9.06,9.08,9.06,9.07,520.76
1650709980000,9.08,9.08,9.08,9.08,227.82
1650710040000,9.07,9.08,9.07,9.07,1114.72
1650710100000,9.08,9.08,9.07,9.07,281.34
1650710160000,9.07,9.08,9.07,9.08,264.55
1650710220000,9.08,9.08,9.08,9.08,288.67
1650710280000,9.08,9.08,9.08,9.08,97.19
1650710340000,9.08,9.08,9.08,9.08,492.64
1650710400000,9.08,9.08,9.08,9.08,0.0
1650710460000,9.08,9.08,9.07,9.08,1104.63
1650710520000,9.08,9.09,9.07,9.07,2013.4
1650710580000,9.07,9.09,9.05,9.05,1189.99
1650710640000,9.06,9.07,9.06,9.06,861.54
1650710700000,9.07,9.09,9.07,9.08,397.6
1650710760000,9.08,9.09,9.08,9.09,409.41
1650710820000,9.09,9.1,9.09,9.1,1741.54
1650710880000,9.1,9.12,9.1,9.12,2166.75
1650710940000,9.12,9.12,9.1,9.1,873.0
1650711000000,9.11,9.12,9.11,9.11,523.07
1650711060000,9.11,9.11,9.1,9.11,133.8
1650711120000,9.1,9.11,9.1,9.11,1403.13
1650711180000,9.11,9.12,9.11,9.11,868.78
1650711240000,9.1,9.11,9.1,9.1,1442.04
1650711300000,9.11,9.11,9.1,9.11,293.85
1650711360000,9.11,9.12,9.11,9.11,946.55
1650711420000,9.12,9.12,9.11,9.11,25.57
1650711480000,9.11,9.11,9.1,9.1,213.95
1650711540000,9.1,9.1,9.08,9.08,2375.02
1650711600000,9.09,9.1,9.09,9.1,374.17
1650711660000,9.11,9.12,9.11,9.11,1018.46
1650711720000,9.11,9.11,9.1,9.1,1658.4
1650711780000,9.1,9.1,9.08,9.09,754.09
1650711840000,9.09,9.1,9.09,9.09,992.06
1650711900000,9.1,9.11,9.09,9.11,1511.63
1650711960000,9.11,9.13,9.11,9.12,13474.84
1650712020000,9.11,9.13,9.11,9.13,516.21
1650712080000,9.13,9.13,9.11,9.12,677.41
1650712140000,9.11,9.11,9.11,9.11,430.25
1650712200000,9.11,9.11,9.1,9.1,270.82
1650712260000,9.11,9.12,9.1,9.12,196.26
1650712320000,9.12,9.13,9.12,9.12,965.23
1650712380000,9.13,9.14,9.13,9.14,706.24
1650712440000,9.14,9.15,9.13,9.15,595.07
1650712500000,9.15,9.15,9.13,9.13,829.43
1650712560000,9.14,9.16,9.13,9.16,5028.75
1650712620000,9.15,9.17,9.15,9.17,5900.17
1650712680000,9.17,9.18,9.16,9.16,1699.75
1650712740000,9.16,9.17,9.15,9.15,1167.3
1650712800000,9.15,9.16,9.14,9.15,2638.34
1650712860000,9.15,9.16,9.15,9.15,1215.4
1650712920000,9.15,9.17,9.15,9.16,949.85
1650712980000,9.16,9.16,9.16,9.16,285.22
1650713040000,9.16,9.16,9.14,9.15,715.26
1650713100000,9.15,9.15,9.15,9.15,87.12
1650713160000,9.15,9.16,9.15,9.16,811.7
1650713220000,9.16,9.17,9.16,9.17,87.53
1650713280000,9.16,9.17,9.16,9.17,232.64
1650713340000,9.17,9.17,9.17,9.17,816.29
1650713400000,9.17,9.17,9.17,9.17,379.38
1650713460000,9.17,9.17,9.16,9.16,563.76
1650713520000,9.16,9.17,9.16,9.17,912.23
1650713580000,9.17,9.17,9.17,9.17,184.48
1650713640000,9.17,9.17,9.16,9.16,343.18
1650713700000,9.17,9.17,9.14,9.15,21525.68
1650713760000,9.16,9.16,9.16,9.16,55.87
1650713820000,9.15,9.16,9.15,9.15,123.78
1650713880000,9.15,9.15,9.14,9.15,933.09
1650713940000,9.14,9.15,9.14,9.15,494.0
1650714000000,9.15,9.16,9.15,9.16,1940.59
1650714060000,9.15,9.16,9.15,9.16,37.87
1650714120000,9.16,9.16,9.16,9.16,89.35
1650714180000,9.16,9.16,9.16,9.16,58.4
1650714240000,9.16,9.16,9.16,9.16,196.6
1650714300000,9.16,9.17,9.16,9.17,1280.13
1650714360000,9.17,9.18,9.16,9.18,1663.4
1650714420000,9.18,9.19,9.17,9.19,1009.56
1650714480000,9.19,9.19,9.19,9.19,31.47
1650714540000,9.18,9.19,9.16,9.17,1568.78
1650714600000,9.16,9.18,9.16,9.18,627.56
1650714660000,9.18,9.18,9.17,9.17,274.17
1650714720000,9.18,9.18,9.17,9.18,125.72
1650714780000,9.17,9.18,9.17,9.17,196.93
1650714840000,9.17,9.18,9.17,9.17,1073.37
1650714900000,9.18,9.18,9.15,9.15,11910.95
1650714960000,9.16,9.16,9.13,9.14,5761.06
1650715020000,9.13,9.14,9.13,9.13,527.44
1650715080000,9.13,9.14,9.12,9.13,1586.16
1650715140000,9.14,9.14,9.14,9.14,193.48
1650715200000,9.14,9.14,9.13,9.14,171.57
1650715260000,9.13,9.14,9.13,9.14,1900.3
1650715320000,9.14,9.14,9.13,9.14,93.4
1650715380000,9.14,9.14,9.13,9.13,164.71
1650715440000,9.12,9.13,9.11,9.12,1606.22
1650715500000,9.12,9.13,9.11,9.11,9465.97
1650715560000,9.11,9.11,9.08,9.09,2834.9
1650715620000,9.09,9.11,9.07,9.09,16056.34
1650715680000,9.1,9.11,9.1,9.1,67.18
1650715740000,9.1,9.1,9.1,9.1,1248.06
1650715800000,9.1,9.1,9.09,9.09,1538.71
1650715860000,9.09,9.1,9.09,9.09,891.2
1650715920000,9.09,9.09,9.08,9.08,2149.43
1650715980000,9.09,9.09,9.08,9.08,403.23
1650716040000,9.09,9.09,9.09,9.09,96.08
1650716100000,9.09,9.09,9.09,9.09,75.07
1650716160000,9.09,9.09,9.08,9.08,619.03
1650716220000,9.09,9.09,9.07,9.07,520.94
1650716280000,9.08,9.08,9.07,9.08,313.39
1650716340000,9.08,9.08,9.07,9.08,569.6
1650716400000,9.07,9.08,9.07,9.08,495.77
1650716460000,9.09,9.1,9.08,9.1,2821.34
1650716520000,9.11,9.12,9.1,9.11,922.24
1650716580000,9.12,9.12,9.11,9.11,232.35
1650716640000,9.12,9.12,9.12,9.12,159.28
1650716700000,9.12,9.14,9.12,9.14,560.36
1650716760000,9.14,9.16,9.14,9.16,986.8
1650716820000,9.16,9.16,9.14,9.15,927.07
1650716880000,9.15,9.16,9.15,9.16,679.58
1650716940000,9.16,9.17,9.16,9.17,668.24
1650717000000,9.18,9.19,9.17,9.18,937.19
1650717060000,9.18,9.21,9.18,9.19,7435.57
1650717120000,9.2,9.2,9.18,9.19,1078.81
1650717180000,9.19,9.2,9.18,9.2,1719.93
1650717240000,9.2,9.21,9.19,9.2,1232.75
1650717300000,9.2,9.22,9.2,9.22,1191.84
1650717360000,9.21,9.22,9.2,9.22,930.31
1650717420000,9.22,9.22,9.2,9.2,853.75
1650717480000,9.2,9.2,9.17,9.2,8360.97
1650717540000,9.2,9.2,9.18,9.18,903.28
1650717600000,9.18,9.2,9.18,9.2,845.36
1650717660000,9.2,9.2,9.19,9.2,27.09
1650717720000,9.2,9.21,9.2,9.21,328.29
1650717780000,9.22,9.22,9.19,9.19,1178.12
1650717840000,9.2,9.2,9.19,9.2,895.38
1650717900000,9.19,9.21,9.19,9.2,266.62
1650717960000,9.2,9.2,9.19,9.2,172.95
1650718020000,9.19,9.19,9.17,9.18,978.64
1650718080000,9.17,9.18,9.17,9.18,238.69
1650718140000,9.18,9.18,9.17,9.17,75.88
1650718200000,9.17,9.19,9.17,9.19,484.49
1650718260000,9.19,9.19,9.17,9.18,835.2
1650718320000,9.18,9.18,9.18,9.18,3.62
1650718380000,9.18,9.18,9.17,9.18,414.73
1650718440000,9.17,9.17,9.16,9.17,813.68
1650718500000,9.18,9.18,9.17,9.17,107.52
1650718560000,9.18,9.18,9.18,9.18,16.37
1650718620000,9.17,9.18,9.17,9.18,40.68
1650718680000,9.18,9.18,9.17,9.18,36.71
1650718740000,9.17,9.17,9.17,9.17,2.04
1650718800000,9.18,9.18,9.17,9.18,266.37
1650718860000,9.19,9.19,9.18,9.19,1359.9
1650718920000,9.18,9.18,9.17,9.18,2234.67
1650718980000,9.17,9.18,9.17,9.18,790.19
1650719040000,9.18,9.19,9.18,9.19,614.58
1650719100000,9.18,9.18,9.17,9.18,1545.76
1650719160000,9.17,9.18,9.17,9.17,524.15
1650719220000,9.17,9.19,9.17,9.19,481.14
1650719280000,9.18,9.2,9.18,9.18,96.63
1650719340000,9.18,9.19,9.17,9.18,325.46
1650719400000,9.18,9.18,9.18,9.18,152.21
1650719460000,9.18,9.18,9.17,9.18,114.22
1650719520000,9.18,9.19,9.18,9.18,650.52
1650719580000,9.18,9.18,9.17,9.18,337.93
1650719640000,9.18,9.19,9.18,9.19,9.24
1650719700000,9.19,9.19,9.19,9.19,344.28
1650719760000,9.19,9.19,9.18,9.18,508.81
1650719820000,9.18,9.18,9.17,9.18,1203.81
1650719880000,9.18,9.19,9.18,9.19,114.35
1650719940000,9.19,9.19,9.19,9.19,150.32
1650720000000,9.19,9.19,9.19,9.19,123.74
1650720060000,9.18,9.18,9.17,9.18,2785.05
1650720120000,9.18,9.19,9.18,9.18,238.21
1650720180000,9.19,9.19,9.18,9.18,47.85
1650720240000,9.19,9.19,9.19,9.19,1.31
1650720300000,9.19,9.2,9.19,9.19,6105.79
1650720360000,9.19,9.19,9.16,9.17,8468.5
1650720420000,9.17,9.18,9.17,9.18,429.29
1650720480000,9.17,9.19,9.17,9.19,2435.86
1650720540000,9.2,9.22,9.2,9.2,1565.93
1650720600000,9.2,9.21,9.19,9.21,297.77
1650720660000,9.2,9.2,9.18,9.19,294.99
1650720720000,9.19,9.2,9.19,9.2,825.49
1650720780000,9.19,9.19,9.19,9.19,229.72
1650720840000,9.19,9.19,9.18,9.18,195.51
1650720900000,9.17,9.18,9.17,9.18,69.75
1650720960000,9.18,9.19,9.18,9.18,1694.72
1650721020000,9.18,9.18,9.12,9.14,15697.31
1650721080000,9.15,9.15,9.14,9.14,937.65
1650721140000,9.14,9.14,9.13,9.13,839.69
1650721200000,9.14,9.14,9.13,9.13,416.94
1650721260000,9.14,9.14,9.12,9.12,821.37
1650721320000,9.13,9.13,9.12,9.12,20.14
1650721380000,9.13,9.13,9.12,9.12,106.09
1650721440000,9.13,9.13,9.12,9.13,879.57
1650721500000,9.13,9.13,9.13,9.13,15.34
1650721560000,9.13,9.13,9.12,9.12,435.31
1650721620000,9.12,9.13,9.11,9.13,2206.15
1650721680000,9.12,9.12,9.1,9.12,2670.77
1650721740000,9.12,9.12,9.11,9.12,572.77
1650721800000,9.11,9.12,9.1,9.1,273.22
1650721860000,9.1,9.12,9.1,9.11,278.92
1650721920000,9.11,9.11,9.11,9.11,505.14
1650721980000,9.12,9.12,9.11,9.11,638.13
1650722040000,9.12,9.12,9.12,9.12,1541.03
1650722100000,9.12,9.12,9.11,9.11,23.7
1650722160000,9.11,9.12,9.11,9.12,798.32
1650722220000,9.12,9.12,9.12,9.12,81.58
1650722280000,9.11,9.11,9.11,9.11,882.76
1650722340000,9.12,9.12,9.12,9.12,9.98
1650722400000,9.12,9.13,9.12,9.13,443.91
1650722460000,9.13,9.13,9.12,9.13,212.93
1650722520000,9.13,9.13,9.13,9.13,2392.54
1650722580000,9.13,9.13,9.13,9.13,584.15
1650722640000,9.13,9.13,9.13,9.13,550.14
1650722700000,9.14,9.14,9.13,9.13,721.46
1650722760000,9.14,9.15,9.14,9.15,476.32
1650722820000,9.15,9.15,9.15,9.15,588.62
1650722880000,9.15,9.15,9.15,9.15,8.07
1650722940000,9.15,9.15,9.15,9.15,6.01
1650723000000,9.15,9.15,9.14,9.15,11.2
1650723060000,9.15,9.15,9.14,9.14,46.44
1650723120000,9.15,9.18,9.15,9.16,23779.15
1650723180000,9.16,9.17,9.16,9.17,54.12
1650723240000,9.16,9.17,9.16,9.17,12.62
1650723300000,9.17,9.18,9.17,9.17,2277.21
1650723360000,9.18,9.19,9.18,9.18,707.5
1650723420000,9.18,9.19,9.18,9.18,29.37
1650723480000,9.18,9.18,9.17,9.17,1377.99
1650723540000,9.16,9.17,9.15,9.15,1097.18
1650723600000,9.15,9.15,9.14,9.15,927.69
1650723660000,9.15,9.15,9.15,9.15,43.0
1650723720000,9.15,9.15,9.14,9.14,515.04
1650723780000,9.13,9.14,9.13,9.13,597.97
1650723840000,9.13,9.13,9.13,9.13,584.73
1650723900000,9.13,9.13,9.12,9.12,1415.72
1650723960000,9.13,9.13,9.12,9.13,117.55
1650724020000,9.12,9.12,9.12,9.12,168.51
1650724080000,9.12,9.13,9.12,9.12,589.82
1650724140000,9.13,9.14,9.13,9.14,173.54
1650724200000,9.14,9.14,9.13,9.13,394.62
1650724260000,9.13,9.14,9.13,9.13,61.08
1650724320000,9.14,9.14,9.13,9.13,336.08
1650724380000,9.13,9.13,9.13,9.13,13.54
1650724440000,9.12,9.12,9.12,9.12,132.56
1650724500000,9.12,9.13,9.12,9.12,120.4
1650724560000,9.12,9.13,9.12,9.13,103.4
1650724620000,9.13,9.13,9.13,9.13,0.0
1650724680000,9.12,9.13,9.12,9.12,55.14
1650724740000,9.12,9.14,9.12,9.13,517.46
1650724800000,9.14,9.14,9.14,9.14,43.61
1650724860000,9.14,9.14,9.14,9.14,10.0
1650724920000,9.14,9.16,9.14,9.15,322.8
1650724980000,9.15,9.15,9.14,9.14,503.82
1650725040000,9.14,9.15,9.14,9.15,413.06
1650725100000,9.15,9.16,9.15,9.15,2019.51
1650725160000,9.16,9.17,9.16,9.17,134.98
1650725220000,9.17,9.17,9.17,9.17,26.68
1650725280000,9.17,9.17,9.17,9.17,1.98
1650725340000,9.17,9.18,9.16,9.18,396.31
1650725400000,9.18,9.18,9.17,9.18,34.88
1650725460000,9.18,9.19,9.17,9.18,1093.55
1650725520000,9.18,9.18,9.18,9.18,19.94
1650725580000,9.18,9.18,9.17,9.17,204.99
1650725640000,9.17,9.17,9.17,9.17,120.91
1650725700000,9.18,9.18,9.18,9.18,1.47
1650725760000,9.18,9.18,9.18,9.18,363.94
1650725820000,9.18,9.18,9.17,9.17,27.25
1650725880000,9.18,9.19,9.18,9.19,89.08
1650725940000,9.18,9.19,9.18,9.18,87.75
1650726000000,9.19,9.19,9.18,9.19,1002.73
1650726060000,9.19,9.19,9.17,9.17,273.77
1650726120000,9.18,9.18,9.17,9.18,1948.96
1650726180000,9.17,9.17,9.17,9.17,2.09
1650726240000,9.17,9.17,9.17,9.17,125.49
1650726300000,9.16,9.16,9.16,9.16,20.42
1650726360000,9.17,9.18,9.17,9.18,8.21
1650726420000,9.17,9.18,9.17,9.18,130.49
1650726480000,9.18,9.18,9.18,9.18,229.48
1650726540000,9.19,9.19,9.18,9.18,534.95
1650726600000,9.18,9.18,9.17,9.17,1866.17
1650726660000,9.17,9.18,9.17,9.18,1108.89
1650726720000,9.17,9.17,9.17,9.17,523.58
1650726780000,9.18,9.18,9.18,9.18,31.14
1650726840000,9.18,9.18,9.17,9.17,10.41
1650726900000,9.18,9.18,9.18,9.18,34.79
1650726960000,9.18,9.18,9.17,9.17,200.06
1650727020000,9.16,9.16,9.14,9.14,2552.98
1650727080000,9.15,9.15,9.14,9.15,89.24
1650727140000,9.15,9.16,9.15,9.16,391.61
1650727200000,9.16,9.16,9.16,9.16,1.95
1650727260000,9.16,9.18,9.16,9.17,84.37
1650727320000,9.16,9.16,9.15,9.15,467.76
1650727380000,9.16,9.17,9.16,9.17,163.67
1650727440000,9.17,9.17,9.16,9.16,7.17
1650727500000,9.16,9.17,9.15,9.17,45.79
1650727560000,9.17,9.17,9.17,9.17,182.26
1650727620000,9.17,9.17,9.17,9.17,252.99
1650727680000,9.18,9.18,9.17,9.17,92.19
1650727740000,9.16,9.16,9.16,9.16,107.5
1650727800000,9.17,9.17,9.16,9.17,186.72
1650727860000,9.17,9.17,9.15,9.15,695.42
1650727920000,9.16,9.21,9.16,9.17,5827.88
1650727980000,9.18,9.19,9.18,9.19,102.26
1650728040000,9.18,9.18,9.18,9.18,8.94
1650728100000,9.17,9.17,9.15,9.15,600.83
1650728160000,9.15,9.16,9.15,9.16,745.71
1650728220000,9.15,9.15,9.15,9.15,2610.61
1650728280000,9.14,9.14,9.14,9.14,2.77
1650728340000,9.14,9.16,9.14,9.15,992.98
1650728400000,9.15,9.15,9.15,9.15,1531.33
1650728460000,9.14,9.15,9.14,9.15,27.92
1650728520000,9.15,9.15,9.14,9.15,185.06
1650728580000,9.16,9.16,9.16,9.16,67.0
1650728640000,9.15,9.15,9.15,9.15,43.92
1650728700000,9.15,9.16,9.15,9.16,81.53
1650728760000,9.15,9.15,9.14,9.14,152.89
1650728820000,9.15,9.15,9.15,9.15,1513.17
1650728880000,9.14,9.15,9.14,9.14,41.57
1650728940000,9.14,9.16,9.14,9.15,593.22
1650729000000,9.15,9.17,9.15,9.16,483.71
1650729060000,9.16,9.16,9.15,9.15,757.72
1650729120000,9.16,9.16,9.15,9.15,22.31
1650729180000,9.15,9.15,9.15,9.15,0.0
1650729240000,9.15,9.16,9.15,9.15,113.63
1650729300000,9.15,9.16,9.15,9.15,65.67
1650729360000,9.15,9.16,9.15,9.16,224.55
1650729420000,9.15,9.16,9.15,9.16,45.3
1650729480000,9.16,9.16,9.16,9.16,207.13
1650729540000,9.16,9.16,9.16,9.16,262.4
1650729600000,9.17,9.17,9.16,9.17,691.29
1650729660000,9.16,9.17,9.16,9.16,46.14
1650729720000,9.17,9.17,9.16,9.16,408.66
1650729780000,9.17,9.17,9.12,9.13,2926.98
1650729840000,9.13,9.14,9.13,9.14,80.37
1650729900000,9.13,9.14,9.12,9.14,1091.01
1650729960000,9.15,9.17,9.15,9.17,544.99
1650730020000,9.17,9.17,9.16,9.17,3282.05
1650730080000,9.17,9.18,9.16,9.16,647.71
1650730140000,9.16,9.18,9.16,9.18,400.49
1650730200000,9.18,9.18,9.17,9.18,225.7
1650730260000,9.17,9.19,9.17,9.19,1583.95
1650730320000,9.19,9.19,9.17,9.17,2375.08
1650730380000,9.17,9.19,9.17,9.19,86.03
1650730440000,9.19,9.19,9.18,9.19,10.8
1650730500000,9.19,9.19,9.18,9.18,1976.32
1650730560000,9.19,9.19,9.18,9.19,77.28
1650730620000,9.19,9.19,9.19,9.19,7.59
1650730680000,9.18,9.18,9.17,9.17,4061.4
1650730740000,9.17,9.18,9.17,9.17,108.04
1650730800000,9.16,9.17,9.16,9.17,430.75
1650730860000,9.17,9.18,9.17,9.18,415.57
1650730920000,9.17,9.18,9.17,9.17,34.8
1650730980000,9.17,9.17,9.17,9.17,466.88
1650731040000,9.16,9.16,9.16,9.16,81.95
1650731100000,9.16,9.16,9.16,9.16,1.53
1650731160000,9.17,9.17,9.17,9.17,1.76
1650731220000,9.17,9.17,9.16,9.16,310.01
1650731280000,9.17,9.18,9.17,9.17,63.19
1650731340000,9.18,9.18,9.17,9.17,332.97
1650731400000,9.17,9.19,9.17,9.19,148.61
1650731460000,9.18,9.19,9.18,9.19,58.36
1650731520000,9.18,9.18,9.17,9.18,550.02
1650731580000,9.18,9.18,9.18,9.18,21.82
1650731640000,9.18,9.18,9.17,9.17,172.27
1650731700000,9.16,9.16,9.15,9.15,1311.4
1650731760000,9.14,9.15,9.14,9.15,362.82
1650731820000,9.15,9.15,9.15,9.15,767.37
1650731880000,9.14,9.16,9.14,9.15,1822.16
1650731940000,9.15,9.15,9.14,9.14,54.62
1650732000000,9.15,9.15,9.13,9.13,5078.0
1650732060000,9.14,9.14,9.13,9.13,704.99
1650732120000,9.13,9.14,9.13,9.14,3692.74
1650732180000,9.13,9.14,9.13,9.14,1367.63
1650732240000,9.13,9.14,9.13,9.14,60.03
1650732300000,9.13,9.13,9.13,9.13,35.0
1650732360000,9.14,9.15,9.14,9.14,4369.39
1650732420000,9.14,9.16,9.14,9.16,1102.8
1650732480000,9.16,9.16,9.16,9.16,0.0
1650732540000,9.15,9.15,9.15,9.15,75.71
1650732600000,9.15,9.15,9.15,9.15,2.24
1650732660000,9.16,9.16,9.15,9.15,9.35
1650732720000,9.15,9.15,9.14,9.15,410.98
1650732780000,9.14,9.14,9.14,9.14,15.81
1650732840000,9.14,9.15,9.14,9.15,14.38
1650732900000,9.15,9.15,9.15,9.15,1269.8
1650732960000,9.14,9.14,9.14,9.14,3.99
1650733020000,9.15,9.15,9.14,9.15,1368.03
1650733080000,9.15,9.15,9.14,9.14,1838.89
1650733140000,9.13,9.14,9.12,9.13,1127.97
1650733200000,9.12,9.13,9.12,9.13,125.15
1650733260000,9.12,9.12,9.07,9.09,15338.0
1650733320000,9.09,9.1,9.08,9.08,711.79
1650733380000,9.07,9.08,9.07,9.08,949.2
1650733440000,9.09,9.11,9.09,9.11,435.72
1650733500000,9.1,9.1,9.06,9.06,3115.36
1650733560000,9.07,9.09,9.07,9.08,743.28
1650733620000,9.07,9.08,9.07,9.08,138.92
1650733680000,9.07,9.08,9.06,9.08,470.75
1650733740000,9.07,9.09,9.07,9.09,374.62
1650733800000,9.08,9.08,9.07,9.07,794.13
1650733860000,9.06,9.07,9.06,9.07,483.81
1650733920000,9.08,9.08,9.07,9.08,83.95
1650733980000,9.07,9.09,9.07,9.09,454.37
1650734040000,9.08,9.08,9.07,9.08,249.71
1650734100000,9.08,9.08,9.08,9.08,229.04
1650734160000,9.07,9.08,9.07,9.08,518.45
1650734220000,9.08,9.08,9.08,9.08,0.0
1650734280000,9.07,9.07,9.07,9.07,129.78
1650734340000,9.07,9.07,9.07,9.07,0.0
1650734400000,9.07,9.07,9.07,9.07,69.44
1650734460000,9.07,9.07,9.07,9.07,2.0
1650734520000,9.07,9.07,9.07,9.07,275.42
1650734580000,9.07,9.07,9.06,9.06,322.04
1650734640000,9.07,9.07,9.07,9.07,863.21
1650734700000,9.06,9.06,9.06,9.06,1686.32
1650734760000,9.06,9.07,9.06,9.07,10.45
1650734820000,9.07,9.07,9.06,9.06,7.74
1650734880000,9.06,9.06,9.06,9.06,14.04
1650734940000,9.06,9.07,9.05,9.06,682.18
1650735000000,9.05,9.06,9.05,9.06,17.76
1650735060000,9.06,9.07,9.05,9.07,849.23
1650735120000,9.07,9.07,9.07,9.07,5.76
1650735180000,9.07,9.07,9.06,9.06,103.8
1650735240000,9.06,9.06,9.06,9.06,303.77
1650735300000,9.05,9.06,9.05,9.06,460.87
1650735360000,9.07,9.07,9.06,9.06,874.16
1650735420000,9.06,9.06,9.06,9.06,541.84
1650735480000,9.06,9.06,9.06,9.06,0.0
1650735540000,9.07,9.07,9.07,9.07,415.03
1650735600000,9.08,9.08,9.07,9.07,319.03
1650735660000,9.07,9.07,9.07,9.07,20.43
1650735720000,9.07,9.07,9.07,9.07,0.0
1650735780000,9.07,9.07,9.07,9.07,11.03
1650735840000,9.06,9.07,9.06,9.07,161.86
1650735900000,9.07,9.07,9.07,9.07,0.0
1650735960000,9.06,9.06,9.06,9.06,24.46
1650736020000,9.06,9.06,9.06,9.06,7.79
1650736080000,9.07,9.07,9.07,9.07,2.2
1650736140000,9.06,9.06,9.06,9.06,40.17
1650736200000,9.06,9.06,9.06,9.06,12.83
1650736260000,9.06,9.06,9.06,9.06,0.0
1650736320000,9.06,9.06,9.06,9.06,3.01
1650736380000,9.07,9.07,9.07,9.07,3.1
1650736440000,9.07,9.07,9.07,9.07,14.01
1650736500000,9.06,9.07,9.06,9.07,25.24
1650736560000,9.07,9.07,9.06,9.07,786.28
1650736620000,9.07,9.07,9.07,9.07,3.37
1650736680000,9.07,9.07,9.07,9.07,254.02
1650736740000,9.07,9.08,9.07,9.07,488.9
1650736800000,9.08,9.08,9.06,9.06,1041.35
1650736860000,9.06,9.07,9.06,9.07,1334.42
1650736920000,9.07,9.07,9.07,9.07,5.64
1650736980000,9.06,9.07,9.06,9.06,330.74
1650737040000,9.07,9.07,9.07,9.07,10.85
1650737100000,9.06,9.06,9.05,9.06,811.33
1650737160000,9.06,9.07,9.06,9.06,40.69
1650737220000,9.06,9.06,9.06,9.06,0.0
1650737280000,9.06,9.06,9.06,9.06,0.0
1650737340000,9.06,9.06,9.06,9.06,30.49
1650737400000,9.07,9.07,9.05,9.06,209.0
1650737460000,9.06,9.06,9.06,9.06,590.1
1650737520000,9.06,9.06,9.06,9.06,0.0
1650737580000,9.06,9.06,9.06,9.06,0.0
1650737640000,9.06,9.06,9.06,9.06,0.0
1650737700000,9.07,9.07,9.06,9.07,18.7
1650737760000,9.07,9.08,9.07,9.08,575.21
1650737820000,9.07,9.07,9.06,9.07,2530.02
1650737880000,9.07,9.07,9.06,9.06,5.5
1650737940000,9.07,9.07,9.06,9.06,2.62
1650738000000,9.06,9.06,9.06,9.06,0.0
1650738060000,9.06,9.07,9.06,9.07,77.48
1650738120000,9.07,9.07,9.07,9.07,5.34
1650738180000,9.07,9.07,9.07,9.07,9.96
1650738240000,9.06,9.07,9.06,9.07,659.52
1650738300000,9.06,9.07,9.06,9.07,284.77
1650738360000,9.06,9.06,9.05,9.05,311.28
1650738420000,9.05,9.05,9.05,9.05,562.67
1650738480000,9.05,9.05,9.04,9.04,481.66
1650738540000,9.04,9.05,9.04,9.05,233.84
1650738600000,9.04,9.05,9.03,9.05,825.01
1650738660000,9.05,9.05,9.04,9.04,594.18
1650738720000,9.04,9.04,9.04,9.04,893.86
1650738780000,9.04,9.04,9.04,9.04,92.02
1650738840000,9.04,9.05,9.04,9.04,139.87
1650738900000,9.04,9.04,9.02,9.02,2874.06
1650738960000,9.02,9.03,9.02,9.02,175.13
1650739020000,9.01,9.02,8.99,9.02,6908.53
1650739080000,9.02,9.02,9.01,9.01,136.19
1650739140000,9.0,9.0,9.0,9.0,66.83
1650739200000,9.0,9.02,9.0,9.02,289.58
1650739260000,9.01,9.02,9.01,9.02,13.09
1650739320000,9.02,9.02,9.02,9.02,0.0
1650739380000,9.02,9.03,9.02,9.03,264.56
1650739440000,9.02,9.02,9.01,9.01,324.86
1650739500000,9.02,9.03,9.01,9.01,150.29
1650739560000,9.01,9.01,9.01,9.01,292.94
1650739620000,9.01,9.01,9.01,9.01,59.08
1650739680000,9.02,9.02,9.02,9.02,11.95
1650739740000,9.02,9.03,9.02,9.03,389.48
1650739800000,9.03,9.03,9.03,9.03,3.52
1650739860000,9.03,9.03,9.03,9.03,0.0
1650739920000,9.03,9.03,9.03,9.03,14.68
1650739980000,9.02,9.02,9.02,9.02,21.39
1650740040000,9.02,9.03,9.02,9.02,152.5
1650740100000,9.02,9.02,9.02,9.02,7.0
1650740160000,9.02,9.03,9.01,9.01,545.94
1650740220000,9.01,9.01,9.01,9.01,12.05
1650740280000,9.01,9.02,9.01,9.01,254.86
1650740340000,9.01,9.02,9.01,9.02,50.04
1650740400000,9.01,9.02,9.01,9.02,1325.3
1650740460000,9.02,9.02,9.01,9.01,505.73
1650740520000,9.01,9.01,9.0,9.01,223.68
1650740580000,9.02,9.02,9.02,9.02,373.57
1650740640000,9.02,9.02,9.01,9.01,200.0
1650740700000,9.01,9.02,9.01,9.01,26.55
1650740760000,9.01,9.02,9.01,9.02,50.32
1650740820000,9.02,9.02,9.02,9.02,269.99
1650740880000,9.02,9.02,9.01,9.01,305.31
1650740940000,9.02,9.03,9.02,9.03,207.49
1650741000000,9.02,9.03,9.02,9.02,1164.19
1650741060000,9.02,9.02,9.02,9.02,1.6
1650741120000,9.02,9.03,9.02,9.02,42.95
1650741180000,9.02,9.02,9.0,9.01,2331.51
1650741240000,9.02,9.02,9.02,9.02,233.77
1650741300000,9.03,9.03,9.02,9.02,2843.68
1650741360000,9.01,9.01,9.01,9.01,2743.05
1650741420000,9.02,9.02,9.02,9.02,61.16
1650741480000,9.01,9.01,9.0,9.0,81.01
1650741540000,9.0,9.01,9.0,9.01,80.14
1650741600000,9.01,9.01,9.01,9.01,4.92
1650741660000,9.01,9.01,9.01,9.01,2.77
1650741720000,9.0,9.0,9.0,9.0,29.93
1650741780000,9.01,9.01,9.01,9.01,1000.0
1650741840000,9.0,9.01,9.0,9.01,2624.73
1650741900000,9.01,9.01,9.01,9.01,21.67
1650741960000,9.0,9.01,9.0,9.0,249.5
1650742020000,9.0,9.0,9.0,9.0,1945.36
1650742080000,9.01,9.01,8.96,8.97,4371.32
1650742140000,8.97,8.99,8.96,8.98,1308.05
1650742200000,8.97,8.98,8.97,8.98,32.25
1650742260000,8.97,8.99,8.97,8.99,614.11
1650742320000,8.99,8.99,8.99,8.99,0.0
1650742380000,8.98,9.0,8.98,9.0,323.34
1650742440000,8.99,8.99,8.99,8.99,22.6
1650742500000,9.0,9.01,9.0,9.0,974.01
1650742560000,9.0,9.0,9.0,9.0,0.0
1650742620000,8.99,8.99,8.99,8.99,169.26
1650742680000,8.99,8.99,8.99,8.99,7.13
1650742740000,8.99,9.0,8.99,9.0,17.3
1650742800000,8.99,8.99,8.99,8.99,17.88
1650742860000,8.99,8.99,8.99,8.99,0.0
1650742920000,8.99,8.99,8.99,8.99,10.21
1650742980000,8.99,8.99,8.99,8.99,0.0
1650743040000,8.99,8.99,8.98,8.99,676.32
1650743100000,9.0,9.0,8.99,9.0,34.34
1650743160000,9.0,9.0,8.99,8.99,12.76
1650743220000,8.99,8.99,8.99,8.99,275.95
1650743280000,8.99,8.99,8.99,8.99,33.9
1650743340000,8.99,8.99,8.99,8.99,0.0
1650743400000,8.99,9.0,8.99,9.0,79.87
1650743460000,9.0,9.0,9.0,9.0,23.12
1650743520000,9.0,9.0,8.99,8.99,136.72
1650743580000,8.99,8.99,8.98,8.98,177.82
1650743640000,8.98,8.99,8.98,8.99,11.15
1650743700000,8.99,8.99,8.99,8.99,2.68
1650743760000,8.99,8.99,8.99,8.99,178.96
1650743820000,8.99,8.99,8.99,8.99,0.0
1650743880000,9.0,9.03,9.0,9.03,2270.47
1650743940000,9.03,9.03,9.01,9.01,1689.93
1650744000000,9.01,9.01,9.0,9.01,777.34
1650744060000,9.0,9.0,9.0,9.0,24.26
1650744120000,9.01,9.03,9.01,9.02,768.6
1650744180000,9.02,9.04,9.02,9.04,501.63
1650744240000,9.03,9.03,9.01,9.02,764.38
1650744300000,9.02,9.03,9.02,9.03,75.86
1650744360000,9.03,9.03,9.03,9.03,2.77
1650744420000,9.03,9.03,9.03,9.03,29.43
1650744480000,9.03,9.03,9.02,9.02,94.6
1650744540000,9.02,9.02,9.02,9.02,0.0
1650744600000,9.03,9.03,9.03,9.03,5.2
1650744660000,9.03,9.03,9.03,9.03,0.0
1650744720000,9.02,9.03,9.02,9.02,119.57
1650744780000,9.02,9.02,9.02,9.02,8.86
1650744840000,9.02,9.03,9.02,9.02,78.16
1650744900000,9.02,9.02,9.02,9.02,0.0
1650744960000,9.02,9.02,9.02,9.02,0.0
1650745020000,9.03,9.03,9.03,9.03,2.3
1650745080000,9.02,9.03,9.02,9.03,9.3
1650745140000,9.02,9.02,9.02,9.02,776.93
1650745200000,9.02,9.03,9.02,9.02,806.76
1650745260000,9.01,9.01,9.01,9.01,67.7
1650745320000,9.02,9.02,9.02,9.02,25.31
1650745380000,9.02,9.02,9.02,9.02,0.0
1650745440000,9.02,9.03,9.02,9.03,370.43
1650745500000,9.03,9.03,9.02,9.03,470.4
1650745560000,9.03,9.03,9.02,9.03,495.99
1650745620000,9.03,9.03,9.02,9.02,95.01
1650745680000,9.02,9.02,9.02,9.02,0.0
1650745740000,9.02,9.02,9.01,9.01,1111.73
1650745800000,9.02,9.02,9.01,9.01,62.62
1650745860000,9.02,9.04,9.02,9.04,771.29
1650745920000,9.03,9.03,9.03,9.03,89.74
1650745980000,9.03,9.03,9.03,9.03,454.4
1650746040000,9.03,9.03,9.03,9.03,34.59
1650746100000,9.02,9.02,9.02,9.02,14.12
1650746160000,9.03,9.03,9.02,9.02,134.36
1650746220000,9.02,9.02,9.02,9.02,0.0
1650746280000,9.02,9.02,9.02,9.02,0.0
1650746340000,9.02,9.02,9.02,9.02,164.19
1650746400000,9.01,9.01,9.0,9.01,1060.0
1650746460000,9.01,9.02,9.01,9.02,490.94
1650746520000,9.02,9.02,9.02,9.02,322.03
1650746580000,9.03,9.03,9.03,9.03,2.32
1650746640000,9.02,9.02,9.02,9.02,1.34
1650746700000,9.03,9.03,9.02,9.02,4.75
1650746760000,9.02,9.02,9.02,9.02,0.0
1650746820000,9.03,9.03,9.02,9.02,346.29
1650746880000,9.02,9.02,9.02,9.02,102.49
1650746940000,9.02,9.02,9.02,9.02,0.0
1650747000000,9.02,9.03,9.02,9.02,170.45
1650747060000,9.02,9.02,9.02,9.02,0.0
1650747120000,9.02,9.02,9.02,9.02,30.02
1650747180000,9.03,9.03,9.02,9.02,20.16
1650747240000,9.02,9.02,9.02,9.02,0.0
1650747300000,9.02,9.03,9.01,9.01,716.15
1650747360000,9.01,9.02,9.01,9.02,7.77
1650747420000,9.02,9.02,9.01,9.01,64.55
1650747480000,9.02,9.02,9.02,9.02,121.94
1650747540000,9.02,9.02,9.02,9.02,1521.59
1650747600000,9.03,9.03,9.03,9.03,265.02
1650747660000,9.03,9.03,9.02,9.02,58.19
1650747720000,9.02,9.02,9.01,9.01,307.44
1650747780000,9.02,9.02,9.02,9.02,282.72
1650747840000,9.03,9.03,9.01,9.01,743.86
1650747900000,9.01,9.01,9.01,9.01,0.0
1650747960000,9.02,9.02,9.02,9.02,3.32
1650748020000,9.02,9.02,9.02,9.02,3.87
1650748080000,9.02,9.02,9.02,9.02,11.13
1650748140000,9.01,9.02,9.01,9.01,61.71
1650748200000,9.01,9.02,9.01,9.02,18.2
1650748260000,9.02,9.02,9.01,9.02,782.84
1650748320000,9.02,9.02,9.02,9.02,0.0
1650748380000,9.01,9.01,9.01,9.01,11.08
1650748440000,9.01,9.01,9.0,9.0,72.16
1650748500000,9.01,9.01,9.0,9.0,35.0
1650748560000,9.0,9.01,9.0,9.01,117.77
1650748620000,9.0,9.0,9.0,9.0,15.82
1650748680000,9.01,9.01,9.0,9.0,69.98
1650748740000,9.0,9.0,9.0,9.0,0.0
1650748800000,9.0,9.01,9.0,9.01,198.8
1650748860000,9.01,9.01,9.0,9.0,21.18
1650748920000,9.0,9.0,9.0,9.0,42.66
1650748980000,9.0,9.0,9.0,9.0,114.92
1650749040000,9.0,9.0,9.0,9.0,0.0
1650749100000,9.01,9.02,9.01,9.02,1078.56
1650749160000,9.02,9.02,9.02,9.02,2.4
1650749220000,9.02,9.02,9.02,9.02,0.0
1650749280000,9.01,9.02,9.01,9.02,1261.21
1650749340000,9.02,9.02,9.01,9.01,347.82
1650749400000,9.02,9.02,9.02,9.02,21.68
1650749460000,9.02,9.02,9.02,9.02,157.9
1650749520000,9.03,9.03,9.03,9.03,1.4
1650749580000,9.03,9.03,9.03,9.03,0.0
1650749640000,9.03,9.03,9.03,9.03,3.84
1650749700000,9.02,9.02,9.02,9.02,2.21
1650749760000,9.03,9.03,9.03,9.03,7.01
1650749820000,9.03,9.03,9.02,9.02,38.03
1650749880000,9.02,9.03,9.02,9.02,33.45
1650749940000,9.03,9.03,9.03,9.03,12.22
1650750000000,9.03,9.03,9.03,9.03,11.25
1650750060000,9.03,9.03,9.03,9.03,287.93
1650750120000,9.03,9.03,9.03,9.03,0.0
1650750180000,9.03,9.03,9.03,9.03,440.81
1650750240000,9.03,9.03,9.03,9.03,28.5
1650750300000,9.04,9.04,9.04,9.04,2.21
1650750360000,9.04,9.04,9.03,9.04,118.67
1650750420000,9.04,9.04,9.03,9.03,40.22
1650750480000,9.04,9.04,9.03,9.03,3.18
1650750540000,9.03,9.03,9.03,9.03,0.0
1650750600000,9.03,9.03,9.03,9.03,33.85
1650750660000,9.04,9.04,9.04,9.04,1.38
1650750720000,9.03,9.03,9.03,9.03,327.54
1650750780000,9.03,9.03,9.03,9.03,12.92
1650750840000,9.04,9.04,9.04,9.04,470.92
1650750900000,9.04,9.04,9.03,9.03,257.04
1650750960000,9.03,9.03,9.03,9.03,863.53
1650751020000,9.03,9.03,9.03,9.03,24.82
1650751080000,9.03,9.03,9.03,9.03,1.66
1650751140000,9.03,9.03,9.03,9.03,259.21
1650751200000,9.03,9.03,9.02,9.03,49.38
1650751260000,9.02,9.04,9.02,9.04,156.67
1650751320000,9.04,9.04,9.03,9.04,101.17
1650751380000,9.03,9.04,9.03,9.04,361.08
1650751440000,9.04,9.04,9.03,9.04,87.12
1650751500000,9.04,9.04,9.03,9.03,50.27
1650751560000,9.03,9.04,9.03,9.04,658.69
1650751620000,9.04,9.04,9.04,9.04,2.38
1650751680000,9.03,9.03,9.03,9.03,8.44
1650751740000,9.03,9.03,9.03,9.03,3.55
1650751800000,9.03,9.03,9.03,9.03,2.87
1650751860000,9.03,9.03,9.03,9.03,2.21
1650751920000,9.04,9.05,9.04,9.04,999.51
1650751980000,9.04,9.06,9.04,9.06,1199.96
1650752040000,9.05,9.05,9.04,9.04,453.81
1650752100000,9.04,9.04,9.03,9.03,487.4
1650752160000,9.03,9.03,9.02,9.02,88.93
1650752220000,9.02,9.02,9.02,9.02,2.3
1650752280000,9.03,9.03,9.03,9.03,178.55
1650752340000,9.03,9.03,9.03,9.03,43.0
1650752400000,9.03,9.03,9.03,9.03,0.0
1650752460000,9.03,9.03,9.03,9.03,20.51
1650752520000,9.04,9.04,9.04,9.04,1.16
1650752580000,9.04,9.04,9.04,9.04,1.89
1650752640000,9.04,9.04,9.04,9.04,73.14
1650752700000,9.04,9.04,9.04,9.04,43.79
1650752760000,9.04,9.04,9.04,9.04,0.0
1650752820000,9.03,9.04,9.03,9.04,32.83
1650752880000,9.04,9.04,9.03,9.03,455.42
1650752940000,9.03,9.03,9.03,9.03,44.29
1650753000000,9.04,9.04,9.04,9.04,8.33
1650753060000,9.04,9.06,9.04,9.06,517.2
1650753120000,9.06,9.06,9.05,9.06,537.3
1650753180000,9.06,9.06,9.05,9.05,20.12
1650753240000,9.05,9.06,9.05,9.06,158.84
1650753300000,9.06,9.07,9.06,9.07,2261.59
1650753360000,9.07,9.07,9.06,9.07,297.13
1650753420000,9.07,9.07,9.07,9.07,418.74
1650753480000,9.07,9.07,9.07,9.07,0.0
1650753540000,9.08,9.09,9.07,9.07,993.01
1650753600000,9.08,9.08,9.08,9.08,4.12
1650753660000,9.07,9.07,9.06,9.06,952.85
1650753720000,9.06,9.07,9.06,9.07,141.0
1650753780000,9.06,9.06,9.06,9.06,6.02
1650753840000,9.07,9.07,9.07,9.07,44.1
1650753900000,9.06,9.06,9.06,9.06,652.62
1650753960000,9.06,9.07,9.06,9.07,20.01
1650754020000,9.06,9.07,9.06,9.07,120.43
1650754080000,9.07,9.07,9.06,9.07,587.31
1650754140000,9.07,9.08,9.07,9.08,2972.85
1650754200000,9.08,9.08,9.08,9.08,689.07
1650754260000,9.07,9.07,9.07,9.07,90.63
1650754320000,9.07,9.07,9.07,9.07,22.12
1650754380000,9.07,9.07,9.07,9.07,1.21
1650754440000,9.06,9.06,9.06,9.06,6.28
1650754500000,9.07,9.07,9.06,9.06,11.3
1650754560000,9.06,9.06,9.04,9.04,1490.01
1650754620000,9.04,9.04,9.04,9.04,69.8
1650754680000,9.03,9.03,9.03,9.03,311.71
1650754740000,9.03,9.03,9.02,9.02,562.88
1650754800000,9.02,9.02,9.01,9.01,687.55
1650754860000,9.02,9.02,9.02,9.02,24.28
1650754920000,9.02,9.02,9.02,9.02,185.9
1650754980000,9.02,9.03,9.02,9.03,7.66
1650755040000,9.02,9.03,9.02,9.02,156.88
1650755100000,9.03,9.03,9.03,9.03,2.41
1650755160000,9.03,9.04,9.03,9.04,202.17
1650755220000,9.03,9.04,9.03,9.04,123.51
1650755280000,9.03,9.04,9.02,9.02,849.0
1650755340000,9.03,9.03,9.02,9.03,1060.15
1650755400000,9.02,9.02,9.02,9.02,226.32
1650755460000,9.02,9.02,9.02,9.02,0.0
1650755520000,9.02,9.02,9.02,9.02,0.0
1650755580000,9.03,9.03,9.02,9.02,124.71
1650755640000,9.02,9.02,9.02,9.02,1.74
1650755700000,9.03,9.03,9.03,9.03,19.8
1650755760000,9.02,9.02,9.02,9.02,17.02
1650755820000,9.02,9.02,9.02,9.02,14.33
1650755880000,9.02,9.02,9.02,9.02,1178.79
1650755940000,9.02,9.02,9.02,9.02,1.94
1650756000000,9.03,9.03,9.03,9.03,24.47
1650756060000,9.03,9.03,9.03,9.03,163.48
1650756120000,9.03,9.03,9.03,9.03,0.0
1650756180000,9.02,9.03,9.02,9.03,138.25
1650756240000,9.03,9.03,9.03,9.03,0.0
1650756300000,9.02,9.02,9.02,9.02,91.78
1650756360000,9.02,9.02,9.02,9.02,22.11
1650756420000,9.02,9.02,9.02,9.02,37.37
1650756480000,9.02,9.03,9.02,9.03,757.68
1650756540000,9.03,9.03,9.03,9.03,0.0
1650756600000,9.04,9.04,9.04,9.04,319.85
1650756660000,9.04,9.04,9.03,9.03,676.83
1650756720000,9.02,9.02,9.0,9.0,2890.85
1650756780000,8.99,8.99,8.97,8.97,2515.09
1650756840000,8.97,8.97,8.92,8.93,4565.58
1650756900000,8.93,8.94,8.87,8.92,16378.88
1650756960000,8.92,8.95,8.91,8.93,2072.42
1650757020000,8.92,8.95,8.92,8.94,2637.93
1650757080000,8.94,8.94,8.91,8.93,12058.8
1650757140000,8.93,8.94,8.93,8.93,844.54
1650757200000,8.94,8.94,8.93,8.93,171.84
1650757260000,8.94,8.95,8.94,8.95,3608.36
1650757320000,8.96,8.97,8.96,8.96,579.58
1650757380000,8.96,8.96,8.96,8.96,301.47
1650757440000,8.95,8.95,8.94,8.95,10137.97
1650757500000,8.95,8.95,8.93,8.93,624.71
1650757560000,8.94,8.96,8.94,8.96,630.31
1650757620000,8.96,8.97,8.96,8.97,718.28
1650757680000,8.96,8.98,8.96,8.97,18.54
1650757740000,8.97,8.98,8.97,8.97,525.69
1650757800000,8.96,8.96,8.94,8.94,2495.56
1650757860000,8.93,8.94,8.93,8.94,109.39
1650757920000,8.94,8.94,8.94,8.94,297.53
1650757980000,8.95,8.95,8.95,8.95,11.79
1650758040000,8.95,8.95,8.91,8.91,5024.1
1650758100000,8.91,8.92,8.91,8.92,374.53
1650758160000,8.93,8.93,8.93,8.93,1047.51
1650758220000,8.93,8.93,8.93,8.93,20.99
1650758280000,8.92,8.92,8.92,8.92,118.85
1650758340000,8.91,8.91,8.9,8.9,1078.51
1650758400000,8.91,8.91,8.89,8.9,1814.72
1650758460000,8.9,8.93,8.9,8.93,2168.03
1650758520000,8.94,8.94,8.91,8.92,543.85
1650758580000,8.92,8.94,8.92,8.92,1707.3
1650758640000,8.93,8.94,8.92,8.93,77.44
1650758700000,8.93,8.93,8.92,8.92,273.29
1650758760000,8.93,8.93,8.91,8.93,116.49
1650758820000,8.93,8.94,8.93,8.94,949.68
1650758880000,8.93,8.95,8.93,8.94,62.44
1650758940000,8.95,8.96,8.95,8.95,1412.99
1650759000000,8.94,8.97,8.94,8.96,454.6
1650759060000,8.96,8.97,8.95,8.97,71.85
1650759120000,8.96,8.96,8.95,8.95,532.92
1650759180000,8.95,8.96,8.94,8.94,577.1
1650759240000,8.95,8.96,8.95,8.96,47.64
1650759300000,8.96,8.96,8.95,8.96,2111.79
1650759360000,8.96,8.97,8.94,8.94,1020.07
1650759420000,8.95,8.95,8.94,8.95,529.76
1650759480000,8.94,8.95,8.93,8.95,2689.97
1650759540000,8.95,8.95,8.95,8.95,110.87
1650759600000,8.96,8.96,8.94,8.94,100.9
1650759660000,8.94,8.95,8.93,8.94,1622.4
1650759720000,8.95,8.95,8.95,8.95,8.93
1650759780000,8.95,8.95,8.95,8.95,0.0
1650759840000,8.94,8.94,8.94,8.94,51.79
1650759900000,8.94,8.95,8.94,8.94,695.92
1650759960000,8.94,8.94,8.94,8.94,1.15
1650760020000,8.95,8.97,8.94,8.96,2604.0
1650760080000,8.96,8.97,8.96,8.97,1891.53
1650760140000,8.97,8.98,8.97,8.98,869.75
1650760200000,8.98,8.99,8.97,8.97,1699.67
1650760260000,8.97,8.98,8.97,8.98,221.17
1650760320000,8.98,8.98,8.98,8.98,44.52
1650760380000,8.98,8.99,8.98,8.98,83.54
1650760440000,8.98,8.98,8.96,8.96,392.9
1650760500000,8.96,8.97,8.96,8.96,1040.55
1650760560000,8.97,8.99,8.96,8.96,4727.65
1650760620000,8.97,8.97,8.95,8.95,738.98
1650760680000,8.96,8.97,8.96,8.96,684.37
1650760740000,8.96,8.99,8.96,8.97,10173.72
1650760800000,8.97,8.98,8.96,8.96,222.19
1650760860000,8.96,8.98,8.96,8.97,15.35
1650760920000,8.97,8.97,8.97,8.97,0.0
1650760980000,8.98,8.98,8.98,8.98,2.29
1650761040000,8.98,8.98,8.98,8.98,0.0
1650761100000,8.97,8.97,8.97,8.97,4.0
1650761160000,8.98,8.98,8.98,8.98,1.16
1650761220000,8.97,8.97,8.96,8.96,169.33
1650761280000,8.96,8.96,8.94,8.95,762.11
1650761340000,8.95,8.95,8.95,8.95,20.23
1650761400000,8.94,8.94,8.93,8.93,472.7
1650761460000,8.94,8.95,8.94,8.95,73.22
1650761520000,8.95,8.95,8.95,8.95,0.0
1650761580000,8.95,8.97,8.95,8.97,1740.7
1650761640000,8.97,8.97,8.97,8.97,0.0
1650761700000,8.97,8.98,8.97,8.97,1241.41
1650761760000,8.97,8.97,8.96,8.96,1020.22
1650761820000,8.96,8.97,8.96,8.97,23.13
1650761880000,8.97,8.97,8.97,8.97,19.39
1650761940000,8.96,8.97,8.96,8.97,123.35
1650762000000,8.97,8.98,8.94,8.97,5665.95
1650762060000,8.98,8.98,8.98,8.98,2535.16
1650762120000,8.98,8.98,8.98,8.98,4.61
1650762180000,8.97,8.97,8.96,8.97,268.01
1650762240000,8.96,8.97,8.96,8.97,20.72
1650762300000,8.97,8.98,8.97,8.98,371.17
1650762360000,8.98,8.99,8.98,8.99,13.55
1650762420000,8.99,8.99,8.99,8.99,320.51
1650762480000,8.99,8.99,8.99,8.99,3.06
1650762540000,8.99,9.0,8.98,8.98,365.87
1650762600000,8.98,8.98,8.98,8.98,251.95
1650762660000,8.98,8.99,8.98,8.99,248.07
1650762720000,8.99,8.99,8.99,8.99,769.73
1650762780000,8.99,9.0,8.99,9.0,822.79
1650762840000,9.0,9.01,9.0,9.0,1126.97
1650762900000,9.0,9.01,9.0,9.0,91.79
1650762960000,9.0,9.01,9.0,9.01,307.61
1650763020000,9.01,9.01,9.0,9.0,55.11
1650763080000,9.0,9.0,9.0,9.0,4.88
1650763140000,9.01,9.01,8.99,8.99,1257.27
1650763200000,8.99,8.99,8.98,8.98,1785.56
1650763260000,8.97,8.98,8.97,8.97,113.57
1650763320000,8.97,8.98,8.97,8.98,2246.63
1650763380000,8.99,8.99,8.98,8.99,172.76
1650763440000,8.99,8.99,8.98,8.98,617.7
1650763500000,8.98,8.98,8.98,8.98,278.21
1650763560000,8.98,8.98,8.97,8.97,123.69
1650763620000,8.97,8.98,8.97,8.98,350.36
1650763680000,8.98,8.98,8.97,8.97,23.9
1650763740000,8.97,8.98,8.97,8.98,877.4
1650763800000,8.98,8.99,8.97,8.97,507.31
1650763860000,8.98,9.0,8.98,9.0,1409.58
1650763920000,9.01,9.01,8.99,8.99,368.38
1650763980000,8.98,8.98,8.97,8.97,336.77
1650764040000,8.98,8.98,8.97,8.97,189.34
1650764100000,8.97,8.98,8.97,8.98,4.78
1650764160000,8.97,8.97,8.97,8.97,8.52
1650764220000,8.97,8.97,8.97,8.97,329.83
1650764280000,8.97,8.98,8.97,8.98,3.7
1650764340000,8.98,8.98,8.97,8.97,11.25
1650764400000,8.97,8.97,8.97,8.97,0.0
1650764460000,8.98,8.98,8.97,8.97,1105.69
1650764520000,8.97,8.97,8.97,8.97,308.44
1650764580000,8.98,8.98,8.98,8.98,334.07
1650764640000,8.97,8.97,8.97,8.97,9.08
1650764700000,8.97,8.97,8.97,8.97,0.0
1650764760000,8.96,8.98,8.96,8.98,1440.67
1650764820000,8.98,8.98,8.98,8.98,0.0
1650764880000,8.98,8.98,8.98,8.98,0.0
1650764940000,8.97,8.97,8.97,8.97,25.48
1650765000000,8.96,8.96,8.94,8.94,1754.8
1650765060000,8.94,8.95,8.94,8.95,972.8
1650765120000,8.95,8.95,8.95,8.95,0.0
1650765180000,8.96,8.96,8.96,8.96,521.73
1650765240000,8.95,8.95,8.94,8.94,183.92
1650765300000,8.94,8.95,8.94,8.95,9.49
1650765360000,8.94,8.94,8.93,8.94,1139.18
1650765420000,8.95,8.95,8.94,8.94,8.91
1650765480000,8.95,8.95,8.95,8.95,436.87
1650765540000,8.95,8.95,8.94,8.94,323.65
1650765600000,8.95,8.95,8.94,8.94,102.03
1650765660000,8.95,8.95,8.95,8.95,196.34
1650765720000,8.94,8.95,8.94,8.94,504.88
1650765780000,8.93,8.95,8.93,8.95,1617.61
1650765840000,8.94,8.95,8.94,8.95,69.51
1650765900000,8.95,8.95,8.95,8.95,4.54
1650765960000,8.95,8.95,8.94,8.94,855.03
1650766020000,8.93,8.93,8.93,8.93,559.02
1650766080000,8.93,8.94,8.93,8.94,370.44
1650766140000,8.94,8.94,8.94,8.94,1.15
1650766200000,8.95,8.97,8.95,8.97,278.82
1650766260000,8.97,8.97,8.97,8.97,267.3
1650766320000,8.97,8.98,8.97,8.98,633.7
1650766380000,8.98,8.99,8.98,8.98,560.34
1650766440000,8.98,8.98,8.98,8.98,496.51
1650766500000,8.99,8.99,8.99,8.99,101.9
1650766560000,8.99,8.99,8.99,8.99,36.53
1650766620000,8.99,8.99,8.99,8.99,0.0
1650766680000,8.99,9.0,8.98,9.0,662.22
1650766740000,8.99,8.99,8.99,8.99,43.91
1650766800000,8.99,9.0,8.98,8.98,281.77
1650766860000,8.99,8.99,8.99,8.99,1.17
1650766920000,8.99,8.99,8.99,8.99,24.66
1650766980000,8.99,9.0,8.99,9.0,1116.48
1650767040000,8.99,9.01,8.99,9.01,510.81
1650767100000,9.01,9.01,9.0,9.0,151.5
1650767160000,9.0,9.0,9.0,9.0,42.34
1650767220000,9.0,9.0,9.0,9.0,6.18
1650767280000,8.99,8.99,8.99,8.99,5.01
1650767340000,9.0,9.0,9.0,9.0,18.89
1650767400000,9.0,9.0,9.0,9.0,47.53
1650767460000,8.99,9.0,8.99,9.0,5.89
1650767520000,9.0,9.0,8.99,8.99,247.89
1650767580000,8.99,9.0,8.99,9.0,1349.78
1650767640000,9.0,9.0,8.99,9.0,1910.52
1650767700000,9.0,9.01,8.99,9.01,1317.66
1650767760000,9.01,9.02,9.01,9.01,944.54
1650767820000,9.01,9.02,9.01,9.02,41.17
1650767880000,9.02,9.02,9.02,9.02,32.0
1650767940000,9.01,9.01,9.01,9.01,3.97
1650768000000,9.02,9.02,9.02,9.02,110.91
1650768060000,9.02,9.03,9.02,9.02,695.87
1650768120000,9.02,9.02,9.02,9.02,26.58
1650768180000,9.02,9.03,9.01,9.02,1037.47
1650768240000,9.02,9.02,9.02,9.02,75.75
1650768300000,9.02,9.03,9.01,9.01,416.03
1650768360000,9.01,9.01,9.01,9.01,0.0
1650768420000,9.01,9.01,9.01,9.01,0.0
1650768480000,9.02,9.02,9.02,9.02,71.26
1650768540000,9.01,9.01,8.99,8.99,556.13
1650768600000,8.99,9.0,8.99,9.0,1023.33
1650768660000,8.99,8.99,8.98,8.99,317.4
1650768720000,8.99,8.99,8.99,8.99,208.25
1650768780000,8.98,8.98,8.95,8.97,4742.71
1650768840000,8.97,8.97,8.97,8.97,9.24
1650768900000,8.97,8.97,8.97,8.97,830.98
1650768960000,8.98,8.98,8.97,8.97,577.47
1650769020000,8.97,8.97,8.97,8.97,0.0
1650769080000,8.98,8.98,8.98,8.98,3.53
1650769140000,8.98,8.98,8.98,8.98,0.0
1650769200000,8.97,8.97,8.96,8.97,224.05
1650769260000,8.97,8.99,8.96,8.99,422.71
1650769320000,8.99,9.01,8.99,9.01,800.48
1650769380000,9.01,9.02,9.01,9.02,1627.02
1650769440000,9.03,9.03,9.02,9.02,75.36
1650769500000,9.02,9.02,9.02,9.02,485.99
1650769560000,9.01,9.02,9.01,9.02,4.21
1650769620000,9.02,9.04,9.02,9.03,1233.81
1650769680000,9.04,9.05,9.03,9.03,961.02
1650769740000,9.03,9.04,9.03,9.04,121.15
1650769800000,9.03,9.03,9.02,9.02,2023.84
1650769860000,9.03,9.03,9.03,9.03,1.22
1650769920000,9.03,9.03,9.02,9.02,174.89
1650769980000,9.02,9.03,9.02,9.03,149.68
1650770040000,9.03,9.03,9.03,9.03,0.0
1650770100000,9.03,9.03,9.01,9.01,251.82
1650770160000,9.01,9.02,9.01,9.02,84.07
1650770220000,9.01,9.03,9.01,9.03,1852.48
1650770280000,9.02,9.02,9.01,9.01,145.94
1650770340000,9.02,9.02,9.02,9.02,1.21
1650770400000,9.02,9.03,9.02,9.03,1311.75
1650770460000,9.03,9.03,9.02,9.02,214.5
1650770520000,9.03,9.03,9.03,9.03,68.11
1650770580000,9.03,9.03,9.02,9.02,205.03
1650770640000,9.02,9.02,9.02,9.02,0.0
1650770700000,9.03,9.03,9.03,9.03,11.07
1650770760000,9.03,9.03,9.03,9.03,2035.93
1650770820000,9.03,9.03,9.02,9.02,122.32
1650770880000,9.03,9.03,9.03,9.03,49.6
1650770940000,9.04,9.04,9.04,9.04,55.3
1650771000000,9.03,9.04,9.03,9.04,15.62
1650771060000,9.03,9.04,9.03,9.04,60.65
1650771120000,9.04,9.05,9.04,9.04,35.15
1650771180000,9.04,9.04,9.03,9.03,225.75
1650771240000,9.04,9.05,9.04,9.04,48.68
1650771300000,9.04,9.04,9.04,9.04,13.64
1650771360000,9.04,9.05,9.04,9.04,62.86
1650771420000,9.05,9.05,9.05,9.05,670.28
1650771480000,9.05,9.06,9.05,9.06,201.44
1650771540000,9.06,9.06,9.05,9.05,530.7
1650771600000,9.05,9.06,9.05,9.06,5.88
1650771660000,9.06,9.06,9.06,9.06,55.94
1650771720000,9.06,9.06,9.06,9.06,640.19
1650771780000,9.06,9.07,9.06,9.06,574.32
1650771840000,9.06,9.06,9.06,9.06,0.0
1650771900000,9.07,9.07,9.06,9.07,22.4
1650771960000,9.07,9.07,9.07,9.07,5.52
1650772020000,9.07,9.07,9.07,9.07,0.0
1650772080000,9.07,9.07,9.07,9.07,0.0
1650772140000,9.07,9.07,9.07,9.07,459.64
1650772200000,9.07,9.09,9.06,9.06,2060.25
1650772260000,9.06,9.06,9.04,9.04,1405.33
1650772320000,9.04,9.05,9.04,9.05,53.8
1650772380000,9.05,9.05,9.05,9.05,0.0
1650772440000,9.05,9.05,9.05,9.05,305.68
1650772500000,9.04,9.04,9.04,9.04,10.07
1650772560000,9.05,9.05,9.05,9.05,1.2
1650772620000,9.05,9.06,9.05,9.05,21.58
1650772680000,9.05,9.06,9.05,9.06,56.67
1650772740000,9.05,9.06,9.04,9.04,691.69
1650772800000,9.05,9.07,9.05,9.06,371.73
1650772860000,9.06,9.06,9.06,9.06,147.18
1650772920000,9.06,9.06,9.05,9.05,20.75
1650772980000,9.06,9.07,9.06,9.07,117.87
1650773040000,9.07,9.07,9.06,9.06,12.5
1650773100000,9.06,9.06,9.06,9.06,120.6
1650773160000,9.06,9.07,9.06,9.06,384.65
1650773220000,9.06,9.06,9.05,9.05,4.01
1650773280000,9.06,9.07,9.06,9.06,34.83
1650773340000,9.05,9.06,9.05,9.06,160.0
1650773400000,9.06,9.07,9.06,9.06,69.58
1650773460000,9.07,9.07,9.06,9.06,47.47
1650773520000,9.06,9.06,9.06,9.06,123.0
1650773580000,9.05,9.07,9.05,9.06,677.07
1650773640000,9.06,9.07,9.06,9.07,151.81
1650773700000,9.06,9.06,9.05,9.05,362.9
1650773760000,9.05,9.05,9.05,9.05,14.44
1650773820000,9.05,9.05,9.05,9.05,0.0
1650773880000,9.05,9.05,9.05,9.05,1.4
1650773940000,9.05,9.05,9.05,9.05,0.0
1650774000000,9.06,9.06,9.04,9.05,533.72
1650774060000,9.05,9.05,9.05,9.05,58.37
1650774120000,9.05,9.05,9.05,9.05,0.0
1650774180000,9.06,9.06,9.05,9.06,437.29
1650774240000,9.06,9.06,9.06,9.06,11.99
1650774300000,9.06,9.06,9.06,9.06,39.82
1650774360000,9.06,9.06,9.06,9.06,11.82
1650774420000,9.05,9.06,9.05,9.06,61.71
1650774480000,9.06,9.06,9.05,9.05,251.05
1650774540000,9.04,9.05,9.04,9.05,28.33
1650774600000,9.05,9.05,9.05,9.05,7.71
1650774660000,9.04,9.05,9.04,9.04,136.32
1650774720000,9.04,9.04,9.03,9.04,786.29
1650774780000,9.03,9.03,9.02,9.03,470.65
1650774840000,9.02,9.03,9.02,9.03,204.75
1650774900000,9.03,9.03,9.03,9.03,0.0
1650774960000,9.03,9.03,9.0,9.01,2598.86
1650775020000,9.02,9.03,9.01,9.02,1587.67
1650775080000,9.02,9.02,9.01,9.01,219.91
1650775140000,9.01,9.01,9.01,9.01,562.19
1650775200000,9.01,9.02,9.01,9.02,40.8
1650775260000,9.02,9.02,9.02,9.02,2.66
1650775320000,9.01,9.01,9.01,9.01,1.58
1650775380000,9.02,9.02,9.02,9.02,406.79
1650775440000,9.02,9.02,9.02,9.02,1.66
1650775500000,9.01,9.01,9.01,9.01,416.8
1650775560000,9.01,9.01,9.01,9.01,30.68
1650775620000,9.01,9.01,9.0,9.0,52.67
1650775680000,9.0,9.01,9.0,9.01,716.36
1650775740000,9.0,9.0,9.0,9.0,31.65
1650775800000,9.0,9.0,9.0,9.0,25.55
1650775860000,9.01,9.01,9.01,9.01,15.42
1650775920000,9.01,9.01,9.01,9.01,99.73
1650775980000,9.01,9.01,9.0,9.01,481.07
1650776040000,9.02,9.02,9.01,9.01,482.29
1650776100000,9.01,9.01,9.01,9.01,142.68
1650776160000,9.01,9.01,9.01,9.01,0.0
1650776220000,9.01,9.01,9.0,9.0,25.86
1650776280000,9.01,9.02,9.01,9.02,874.67
1650776340000,9.02,9.02,9.02,9.02,1.36
1650776400000,9.01,9.01,9.0,9.01,348.22
1650776460000,9.01,9.01,9.01,9.01,0.0
1650776520000,9.02,9.03,9.02,9.03,199.76
1650776580000,9.02,9.03,9.02,9.02,5.29
1650776640000,9.03,9.03,9.02,9.02,20.51
1650776700000,9.02,9.02,9.02,9.02,56.45
1650776760000,9.02,9.02,9.02,9.02,56.1
1650776820000,9.01,9.01,9.01,9.01,24.1
1650776880000,9.01,9.01,9.0,9.01,312.76
1650776940000,9.01,9.01,8.99,9.0,585.09
1650777000000,9.0,9.0,9.0,9.0,0.0
1650777060000,9.01,9.01,9.01,9.01,3.39
1650777120000,9.01,9.01,9.01,9.01,288.98
1650777180000,9.01,9.01,9.01,9.01,55.88
1650777240000,9.02,9.02,9.02,9.02,3.2
1650777300000,9.01,9.01,9.01,9.01,16.88
1650777360000,9.02,9.02,9.02,9.02,36.67
1650777420000,9.02,9.02,9.01,9.01,1642.32
1650777480000,9.01,9.01,9.0,9.01,150.37
1650777540000,9.01,9.02,9.01,9.02,35.6
1650777600000,9.01,9.01,9.01,9.01,11.4
1650777660000,9.01,9.02,9.01,9.02,7.55
1650777720000,9.02,9.02,9.01,9.01,17.47
1650777780000,9.01,9.01,9.01,9.01,16.48
1650777840000,9.01,9.01,9.01,9.01,151.46
1650777900000,9.01,9.01,9.01,9.01,344.14
1650777960000,9.01,9.01,9.01,9.01,19.41
1650778020000,9.01,9.02,9.01,9.02,32.32
1650778080000,9.02,9.02,9.02,9.02,0.0
1650778140000,9.01,9.01,9.01,9.01,6.68
1650778200000,9.02,9.03,9.02,9.02,375.12
1650778260000,9.02,9.02,9.02,9.02,0.0
1650778320000,9.02,9.02,9.02,9.02,0.0
1650778380000,9.02,9.02,9.02,9.02,0.0
1650778440000,9.02,9.02,9.02,9.02,219.09
1650778500000,9.02,9.02,9.01,9.01,896.79
1650778560000,9.01,9.01,9.01,9.01,8.35
1650778620000,9.01,9.01,9.01,9.01,17.21
1650778680000,9.0,9.0,9.0,9.0,3.19
1650778740000,9.01,9.01,9.01,9.01,2.22
1650778800000,9.0,9.0,9.0,9.0,1.4
1650778860000,9.0,9.0,8.99,9.0,119.64
1650778920000,9.0,9.0,9.0,9.0,0.0
1650778980000,9.0,9.0,9.0,9.0,0.0
1650779040000,9.0,9.01,9.0,9.01,38.95
1650779100000,9.0,9.0,9.0,9.0,59.92
1650779160000,9.0,9.0,9.0,9.0,13.0
1650779220000,9.0,9.0,9.0,9.0,0.0
1650779280000,9.0,9.0,9.0,9.0,0.0
1650779340000,9.0,9.0,9.0,9.0,3.33
1650779400000,9.0,9.0,9.0,9.0,0.0
1650779460000,9.0,9.0,9.0,9.0,653.42
1650779520000,9.01,9.01,9.01,9.01,1.33
1650779580000,9.01,9.01,9.01,9.01,0.0
1650779640000,9.01,9.01,9.0,9.0,495.11
1650779700000,9.01,9.01,9.0,9.0,197.11
1650779760000,9.0,9.0,9.0,9.0,39.07
1650779820000,9.0,9.01,9.0,9.01,5.27
1650779880000,9.0,9.0,9.0,9.0,21.93
1650779940000,9.0,9.0,9.0,9.0,69.95
1650780000000,9.0,9.02,9.0,9.02,211.24
1650780060000,9.01,9.02,9.01,9.02,776.1
1650780120000,9.03,9.03,9.03,9.03,25.18
1650780180000,9.03,9.03,9.02,9.02,314.49
1650780240000,9.02,9.02,9.02,9.02,2.81
1650780300000,9.02,9.03,9.02,9.03,443.91
1650780360000,9.02,9.03,9.02,9.03,35.23
1650780420000,9.03,9.03,9.03,9.03,17.84
1650780480000,9.03,9.04,9.03,9.04,1826.71
1650780540000,9.03,9.03,9.03,9.03,185.72
1650780600000,9.03,9.03,9.03,9.03,1259.62
1650780660000,9.02,9.02,9.02,9.02,5.0
1650780720000,9.02,9.02,9.01,9.01,275.51
1650780780000,9.02,9.02,9.01,9.01,77.63
1650780840000,9.02,9.03,9.02,9.03,106.29
1650780900000,9.03,9.04,9.03,9.04,620.82
1650780960000,9.04,9.04,9.04,9.04,22.13
1650781020000,9.04,9.04,9.03,9.04,286.05
1650781080000,9.04,9.05,9.04,9.05,587.53
1650781140000,9.05,9.05,9.04,9.04,839.13
1650781200000,9.05,9.06,9.05,9.06,1186.01
1650781260000,9.05,9.06,9.05,9.06,822.53
1650781320000,9.06,9.07,9.06,9.06,245.01
1650781380000,9.06,9.06,9.06,9.06,7.11
1650781440000,9.06,9.07,9.06,9.07,201.61
1650781500000,9.06,9.08,9.06,9.08,219.27
1650781560000,9.07,9.07,9.07,9.07,468.61
1650781620000,9.07,9.08,9.07,9.07,513.75
1650781680000,9.07,9.08,9.07,9.07,806.99
1650781740000,9.07,9.09,9.07,9.08,741.29
1650781800000,9.08,9.09,9.07,9.07,1330.24
1650781860000,9.06,9.07,9.05,9.07,403.4
1650781920000,9.06,9.08,9.06,9.07,431.82
1650781980000,9.08,9.08,9.08,9.08,2.75
1650782040000,9.08,9.09,9.08,9.09,966.46
1650782100000,9.09,9.09,9.08,9.09,562.51
1650782160000,9.09,9.09,9.08,9.08,3.27
1650782220000,9.08,9.09,9.08,9.09,53.24
1650782280000,9.09,9.1,9.09,9.09,993.53
1650782340000,9.09,9.09,9.09,9.09,11.28
1650782400000,9.09,9.09,9.09,9.09,7.23
1650782460000,9.1,9.1,9.09,9.09,121.87
1650782520000,9.09,9.09,9.09,9.09,24.68
1650782580000,9.09,9.09,9.09,9.09,309.82
1650782640000,9.09,9.09,9.09,9.09,1.1
1650782700000,9.09,9.09,9.08,9.09,248.67
1650782760000,9.09,9.09,9.08,9.08,56.49
1650782820000,9.09,9.09,9.09,9.09,1.22
1650782880000,9.08,9.09,9.08,9.09,169.04
1650782940000,9.08,9.08,9.08,9.08,67.3
1650783000000,9.07,9.07,9.06,9.06,68.58
1650783060000,9.07,9.07,9.07,9.07,13.93
1650783120000,9.07,9.07,9.07,9.07,73.88
1650783180000,9.07,9.07,9.06,9.06,17.95
1650783240000,9.07,9.1,9.07,9.09,2026.87
1650783300000,9.09,9.09,9.09,9.09,221.93
1650783360000,9.09,9.1,9.08,9.1,33.49
1650783420000,9.09,9.1,9.09,9.1,47.3
1650783480000,9.09,9.09,9.09,9.09,7.95
1650783540000,9.08,9.09,9.08,9.09,75.39
1650783600000,9.09,9.1,9.08,9.1,351.48
1650783660000,9.1,9.11,9.1,9.1,509.15
1650783720000,9.1,9.11,9.1,9.11,55.62
1650783780000,9.11,9.11,9.11,9.11,38.61
1650783840000,9.11,9.12,9.1,9.11,2705.23
1650783900000,9.12,9.12,9.11,9.11,78.96
1650783960000,9.12,9.13,9.11,9.12,1603.73
1650784020000,9.12,9.14,9.12,9.14,957.44
1650784080000,9.13,9.16,9.13,9.13,8778.92
1650784140000,9.13,9.14,9.12,9.12,123.8
1650784200000,9.12,9.14,9.12,9.13,1801.52
1650784260000,9.14,9.14,9.14,9.14,342.8
1650784320000,9.13,9.13,9.13,9.13,491.35
1650784380000,9.12,9.13,9.12,9.13,371.99
1650784440000,9.12,9.13,9.12,9.13,16.42
1650784500000,9.12,9.12,9.11,9.11,300.76
1650784560000,9.11,9.11,9.11,9.11,8.0
1650784620000,9.11,9.11,9.11,9.11,55.38
1650784680000,9.12,9.12,9.12,9.12,3.5
1650784740000,9.12,9.12,9.11,9.11,89.34
1650784800000,9.1,9.11,9.09,9.1,681.01
1650784860000,9.1,9.1,9.1,9.1,9.23
1650784920000,9.1,9.1,9.1,9.1,85.15
1650784980000,9.1,9.1,9.1,9.1,0.0
1650785040000,9.1,9.1,9.1,9.1,37.55
1650785100000,9.1,9.11,9.1,9.1,102.43
1650785160000,9.1,9.1,9.1,9.1,6.99
1650785220000,9.11,9.11,9.11,9.11,423.06
1650785280000,9.11,9.12,9.11,9.11,1136.88
1650785340000,9.11,9.11,9.11,9.11,0.0
1650785400000,9.11,9.11,9.11,9.11,589.98
1650785460000,9.11,9.11,9.09,9.09,249.22
1650785520000,9.1,9.11,9.1,9.1,405.17
1650785580000,9.1,9.1,9.09,9.09,367.58
1650785640000,9.09,9.11,9.09,9.11,817.58
1650785700000,9.1,9.11,9.1,9.11,31.31
1650785760000,9.11,9.12,9.11,9.12,913.47
1650785820000,9.12,9.13,9.12,9.13,938.07
1650785880000,9.13,9.13,9.13,9.13,3.61
1650785940000,9.13,9.13,9.13,9.13,0.0
1650786000000,9.13,9.13,9.12,9.12,72.52
1650786060000,9.12,9.12,9.11,9.11,318.31
1650786120000,9.11,9.11,9.11,9.11,119.05
1650786180000,9.12,9.13,9.12,9.13,393.59
1650786240000,9.13,9.13,9.11,9.11,239.22
1650786300000,9.12,9.12,9.11,9.11,456.55
1650786360000,9.11,9.11,9.1,9.1,769.34
1650786420000,9.1,9.1,9.09,9.1,2494.44
1650786480000,9.1,9.1,9.09,9.09,563.15
1650786540000,9.09,9.1,9.08,9.1,803.13
1650786600000,9.1,9.1,9.08,9.08,562.56
1650786660000,9.08,9.09,9.08,9.08,33.93
1650786720000,9.08,9.09,9.08,9.09,347.48
1650786780000,9.1,9.1,9.1,9.1,186.81
1650786840000,9.09,9.09,9.09,9.09,402.75
1650786900000,9.09,9.09,9.08,9.08,8818.0
1650786960000,9.07,9.07,9.07,9.07,930.07
1650787020000,9.07,9.08,9.07,9.08,444.69
1650787080000,9.08,9.08,9.08,9.08,33.57
1650787140000,9.08,9.09,9.08,9.09,197.34
1650787200000,9.09,9.09,9.07,9.07,1636.59
1650787260000,9.07,9.08,9.07,9.07,40.14
1650787320000,9.08,9.1,9.08,9.1,849.77
1650787380000,9.09,9.09,9.09,9.09,68.27
1650787440000,9.09,9.09,9.09,9.09,135.5
1650787500000,9.1,9.1,9.09,9.09,19.98
1650787560000,9.09,9.1,9.09,9.1,172.71
1650787620000,9.09,9.09,9.09,9.09,1097.91
1650787680000,9.09,9.09,9.09,9.09,12.47
1650787740000,9.1,9.1,9.1,9.1,195.04
1650787800000,9.1,9.1,9.1,9.1,15.35
1650787860000,9.1,9.1,9.1,9.1,17.09
1650787920000,9.11,9.11,9.1,9.1,9.07
1650787980000,9.11,9.11,9.11,9.11,3.5
1650788040000,9.11,9.11,9.1,9.1,682.0
1650788100000,9.11,9.11,9.1,9.11,533.6
1650788160000,9.11,9.11,9.11,9.11,20.86
1650788220000,9.11,9.11,9.11,9.11,0.0
1650788280000,9.1,9.1,9.1,9.1,14.0
1650788340000,9.09,9.09,9.08,9.08,548.41
1650788400000,9.09,9.09,9.08,9.08,1169.24
1650788460000,9.08,9.08,9.08,9.08,1.87
1650788520000,9.08,9.08,9.08,9.08,5.0
1650788580000,9.09,9.09,9.08,9.08,160.25
1650788640000,9.09,9.09,9.09,9.09,224.0
1650788700000,9.08,9.08,9.07,9.07,139.76
1650788760000,9.08,9.08,9.06,9.06,1093.07
1650788820000,9.07,9.08,9.07,9.07,271.88
1650788880000,9.08,9.08,9.07,9.07,176.43
1650788940000,9.07,9.07,9.07,9.07,54.54
1650789000000,9.07,9.07,9.07,9.07,5.33
1650789060000,9.08,9.08,9.07,9.07,463.3
1650789120000,9.07,9.07,9.07,9.07,229.96
1650789180000,9.07,9.07,9.06,9.06,86.14
1650789240000,9.06,9.07,9.06,9.06,98.37
1650789300000,9.07,9.07,9.06,9.07,91.87
1650789360000,9.06,9.06,9.06,9.06,76.0
1650789420000,9.07,9.07,9.07,9.07,2.2
1650789480000,9.06,9.07,9.05,9.06,395.5
1650789540000,9.05,9.06,9.05,9.05,13.63
1650789600000,9.05,9.05,9.05,9.05,15.15
1650789660000,9.05,9.06,9.05,9.06,12.48
1650789720000,9.06,9.06,9.06,9.06,0.0
1650789780000,9.05,9.07,9.05,9.06,1192.79
1650789840000,9.07,9.07,9.07,9.07,255.07
1650789900000,9.08,9.08,9.07,9.08,7.23
1650789960000,9.07,9.07,9.06,9.07,16277.58
1650790020000,9.07,9.08,9.07,9.08,18.8
1650790080000,9.07,9.07,9.07,9.07,206.02
1650790140000,9.07,9.07,9.07,9.07,0.0
1650790200000,9.07,9.07,9.07,9.07,10.11
1650790260000,9.06,9.06,9.06,9.06,8.0
1650790320000,9.06,9.08,9.06,9.06,285.64
1650790380000,9.05,9.06,9.05,9.06,154.71
1650790440000,9.06,9.06,9.06,9.06,2.59
1650790500000,9.06,9.06,9.06,9.06,0.0
1650790560000,9.06,9.06,9.05,9.05,77.73
1650790620000,9.05,9.05,9.04,9.05,946.67
1650790680000,9.05,9.06,9.03,9.05,1837.16
1650790740000,9.05,9.05,9.05,9.05,191.91
1650790800000,9.04,9.06,9.04,9.06,535.4
1650790860000,9.06,9.07,9.06,9.06,437.34
1650790920000,9.05,9.06,9.04,9.04,243.58
1650790980000,9.04,9.04,9.04,9.04,11.61
1650791040000,9.04,9.04,9.02,9.04,1970.98
1650791100000,9.04,9.04,9.03,9.03,1640.97
1650791160000,9.03,9.04,9.03,9.03,367.49
1650791220000,9.03,9.03,9.03,9.03,0.0
1650791280000,9.03,9.04,9.03,9.04,298.91
1650791340000,9.04,9.04,9.04,9.04,1.21
1650791400000,9.04,9.05,9.04,9.05,406.27
1650791460000,9.05,9.06,9.05,9.06,122.63
1650791520000,9.06,9.06,9.06,9.06,329.37
1650791580000,9.06,9.07,9.06,9.06,485.66
1650791640000,9.05,9.06,9.04,9.06,496.59
1650791700000,9.07,9.07,9.07,9.07,53.0
1650791760000,9.07,9.07,9.07,9.07,206.91
1650791820000,9.07,9.08,9.07,9.08,414.33
1650791880000,9.07,9.08,9.07,9.08,130.54
1650791940000,9.07,9.09,9.07,9.08,836.37
1650792000000,9.07,9.09,9.07,9.09,243.28
1650792060000,9.09,9.1,9.09,9.09,242.01
1650792120000,9.1,9.1,9.1,9.1,516.94
1650792180000,9.09,9.1,9.09,9.1,744.46
1650792240000,9.09,9.09,9.08,9.08,10584.02
1650792300000,9.09,9.09,9.09,9.09,73.12
1650792360000,9.08,9.08,9.08,9.08,663.97
1650792420000,9.08,9.09,9.08,9.09,328.0
1650792480000,9.09,9.09,9.08,9.09,199.19
1650792540000,9.09,9.1,9.09,9.1,345.59
1650792600000,9.09,9.1,9.09,9.09,283.37
1650792660000,9.08,9.09,9.08,9.09,244.51
1650792720000,9.08,9.08,9.08,9.08,201.79
1650792780000,9.09,9.09,9.08,9.08,65.11
1650792840000,9.09,9.09,9.09,9.09,173.98
1650792900000,9.09,9.09,9.08,9.09,150.03
1650792960000,9.09,9.09,9.08,9.08,480.02
1650793020000,9.08,9.09,9.08,9.09,539.28
1650793080000,9.08,9.08,9.08,9.08,36.6
1650793140000,9.08,9.08,9.07,9.07,847.91
1650793200000,9.07,9.07,9.07,9.07,36.14
1650793260000,9.07,9.07,9.07,9.07,69.19
1650793320000,9.07,9.08,9.07,9.08,1241.79
1650793380000,9.08,9.08,9.07,9.07,61.3
1650793440000,9.07,9.1,9.07,9.08,675.72
1650793500000,9.09,9.1,9.09,9.1,142.31
1650793560000,9.09,9.11,9.09,9.09,2074.75
1650793620000,9.09,9.11,9.09,9.1,2467.19
1650793680000,9.09,9.11,9.09,9.1,351.68
1650793740000,9.1,9.11,9.09,9.09,430.0
1650793800000,9.1,9.11,9.1,9.1,346.68
1650793860000,9.11,9.11,9.11,9.11,94.0
1650793920000,9.11,9.11,9.11,9.11,225.2
1650793980000,9.11,9.11,9.1,9.1,83.18
1650794040000,9.11,9.11,9.1,9.11,383.76
1650794100000,9.11,9.11,9.11,9.11,65.0
1650794160000,9.11,9.11,9.11,9.11,263.46
1650794220000,9.11,9.11,9.11,9.11,126.0
1650794280000,9.11,9.11,9.11,9.11,0.0
1650794340000,9.11,9.11,9.1,9.11,172.12
1650794400000,9.1,9.11,9.09,9.09,3987.73
1650794460000,9.09,9.09,9.08,9.09,175.57
1650794520000,9.09,9.1,9.09,9.1,244.24
1650794580000,9.1,9.1,9.1,9.1,46.49
1650794640000,9.1,9.13,9.1,9.11,1774.6
1650794700000,9.12,9.13,9.11,9.11,2063.34
1650794760000,9.1,9.11,9.1,9.11,161.58
1650794820000,9.1,9.11,9.1,9.11,58.87
1650794880000,9.11,9.11,9.11,9.11,79.64
1650794940000,9.11,9.11,9.1,9.11,206.59
1650795000000,9.11,9.11,9.11,9.11,90.56
1650795060000,9.1,9.1,9.09,9.09,178.56
1650795120000,9.1,9.1,9.1,9.1,270.65
1650795180000,9.09,9.1,9.09,9.09,13.24
1650795240000,9.1,9.1,9.1,9.1,1.21
1650795300000,9.09,9.09,9.08,9.08,405.18
1650795360000,9.08,9.08,9.07,9.07,1731.19
1650795420000,9.08,9.08,9.07,9.08,850.74
1650795480000,9.08,9.08,9.07,9.07,123.27
1650795540000,9.07,9.07,9.06,9.07,2243.4
1650795600000,9.07,9.09,9.07,9.08,231.04
1650795660000,9.08,9.09,9.08,9.09,679.4
1650795720000,9.08,9.08,9.08,9.08,307.25
1650795780000,9.08,9.08,9.07,9.07,2481.0
1650795840000,9.07,9.08,9.07,9.07,187.06
1650795900000,9.08,9.09,9.07,9.07,867.43
1650795960000,9.08,9.08,9.08,9.08,28.0
1650796020000,9.08,9.08,9.07,9.08,442.87
1650796080000,9.08,9.08,9.06,9.07,189.01
1650796140000,9.07,9.07,9.06,9.06,157.5
1650796200000,9.07,9.08,9.06,9.08,843.42
1650796260000,9.08,9.08,9.07,9.07,99.37
1650796320000,9.07,9.07,9.07,9.07,48.5
1650796380000,9.07,9.07,9.06,9.07,155.54
1650796440000,9.07,9.08,9.07,9.08,925.65
1650796500000,9.07,9.08,9.07,9.08,95.45
1650796560000,9.08,9.08,9.07,9.07,370.56
1650796620000,9.08,9.08,9.06,9.07,788.25
1650796680000,9.07,9.07,9.06,9.06,577.22
1650796740000,9.06,9.07,9.06,9.07,187.66
1650796800000,9.07,9.08,9.07,9.07,266.32
1650796860000,9.08,9.09,9.08,9.09,1025.02
1650796920000,9.09,9.09,9.07,9.07,331.29
1650796980000,9.08,9.08,9.08,9.08,7.32
1650797040000,9.08,9.08,9.08,9.08,112.0
1650797100000,9.08,9.09,9.07,9.09,240.48
1650797160000,9.09,9.09,9.09,9.09,83.38
1650797220000,9.09,9.09,9.09,9.09,28.85
1650797280000,9.09,9.09,9.07,9.08,163.0
1650797340000,9.08,9.08,9.06,9.06,924.34
1650797400000,9.06,9.07,9.06,9.07,165.91
1650797460000,9.08,9.08,9.07,9.07,127.36
1650797520000,9.08,9.08,9.08,9.08,270.27
1650797580000,9.08,9.08,9.05,9.06,3780.28
1650797640000,9.06,9.07,9.06,9.07,1282.6
1650797700000,9.07,9.09,9.07,9.08,802.26
1650797760000,9.09,9.09,9.08,9.09,84.1
1650797820000,9.09,9.09,9.07,9.09,810.61
1650797880000,9.09,9.09,9.09,9.09,122.0
1650797940000,9.09,9.1,9.08,9.1,1126.41
1650798000000,9.1,9.1,9.08,9.09,246.39
1650798060000,9.09,9.09,9.08,9.09,120.29
1650798120000,9.09,9.1,9.09,9.1,390.07
1650798180000,9.1,9.11,9.1,9.11,1138.83
1650798240000,9.1,9.11,9.1,9.1,979.18
1650798300000,9.1,9.11,9.1,9.1,200.26
1650798360000,9.11,9.11,9.11,9.11,100.06
1650798420000,9.11,9.11,9.11,9.11,102.8
1650798480000,9.11,9.11,9.11,9.11,106.24
1650798540000,9.11,9.12,9.11,9.12,1498.62
1650798600000,9.11,9.12,9.11,9.12,207.18
1650798660000,9.12,9.12,9.1,9.11,1124.17
1650798720000,9.11,9.12,9.11,9.11,35.25
1650798780000,9.11,9.12,9.11,9.11,897.46
1650798840000,9.1,9.1,9.07,9.08,3890.17
1650798900000,9.08,9.08,9.08,9.08,41.15
1650798960000,9.08,9.08,9.07,9.08,100.0
1650799020000,9.07,9.07,9.07,9.07,133.26
1650799080000,9.07,9.07,9.06,9.06,399.43
1650799140000,9.06,9.07,9.06,9.06,168.11
1650799200000,9.05,9.06,9.04,9.05,2352.26
1650799260000,9.05,9.05,9.03,9.04,829.81
1650799320000,9.03,9.04,9.03,9.04,429.55
1650799380000,9.04,9.04,9.02,9.04,435.78
1650799440000,9.04,9.04,8.99,9.0,2829.95
1650799500000,9.0,9.01,8.99,9.01,2680.45
1650799560000,9.0,9.01,9.0,9.0,3277.64
1650799620000,9.0,9.0,8.98,8.99,1838.36
1650799680000,8.99,8.99,8.99,8.99,55.17
1650799740000,8.98,8.99,8.96,8.99,3527.43
1650799800000,8.99,9.0,8.99,8.99,660.25
1650799860000,8.98,9.0,8.98,9.0,343.44
1650799920000,8.99,8.99,8.98,8.98,586.39
1650799980000,8.98,9.0,8.97,8.99,2264.05
1650800040000,8.99,8.99,8.99,8.99,91.55
1650800100000,8.99,8.99,8.99,8.99,2.33
1650800160000,8.98,8.99,8.98,8.99,87.2
1650800220000,8.99,8.99,8.98,8.98,291.62
1650800280000,8.99,8.99,8.99,8.99,586.4
1650800340000,8.99,8.99,8.98,8.99,397.25
1650800400000,8.99,8.99,8.98,8.98,263.1
1650800460000,8.99,8.99,8.98,8.98,352.7
1650800520000,8.98,8.99,8.98,8.98,182.8
1650800580000,8.98,8.98,8.96,8.97,1032.41
1650800640000,8.97,8.97,8.95,8.96,1866.71
1650800700000,8.95,8.96,8.95,8.96,40.04
1650800760000,8.96,8.97,8.95,8.97,1929.24
1650800820000,8.97,8.97,8.96,8.96,172.77
1650800880000,8.97,8.97,8.97,8.97,51.74
1650800940000,8.96,8.96,8.93,8.93,3662.9
1650801000000,8.92,8.95,8.92,8.95,2735.45
1650801060000,8.95,8.96,8.95,8.96,179.18
1650801120000,8.95,8.95,8.95,8.95,26.0
1650801180000,8.95,8.95,8.95,8.95,6.13
1650801240000,8.95,8.95,8.95,8.95,15.0
1650801300000,8.96,8.97,8.96,8.96,4435.64
1650801360000,8.96,8.96,8.95,8.96,227.46
1650801420000,8.96,8.96,8.96,8.96,326.74
1650801480000,8.96,8.96,8.95,8.95,467.38
1650801540000,8.96,8.96,8.95,8.95,98.33
1650801600000,8.95,8.95,8.93,8.94,2130.63
1650801660000,8.94,8.94,8.92,8.94,1763.27
1650801720000,8.94,8.94,8.93,8.93,21.54
1650801780000,8.92,8.92,8.9,8.91,1390.24
1650801840000,8.9,8.93,8.9,8.93,1894.27
1650801900000,8.93,8.94,8.91,8.92,2864.88
1650801960000,8.91,8.93,8.91,8.93,1117.16
1650802020000,8.93,8.95,8.93,8.95,1079.15
1650802080000,8.95,8.95,8.93,8.95,975.49
1650802140000,8.95,8.95,8.95,8.95,69.76
1650802200000,8.95,8.95,8.94,8.94,612.15
1650802260000,8.95,8.95,8.93,8.95,423.69
1650802320000,8.95,8.96,8.95,8.95,236.67
1650802380000,8.95,8.95,8.94,8.94,176.12
1650802440000,8.95,8.95,8.95,8.95,186.9
1650802500000,8.96,8.96,8.96,8.96,115.37
1650802560000,8.96,8.96,8.95,8.96,72.35
1650802620000,8.95,8.96,8.94,8.96,897.49
1650802680000,8.95,8.96,8.95,8.96,52.75
1650802740000,8.95,8.96,8.95,8.95,120.2
1650802800000,8.96,8.98,8.96,8.97,1276.49
1650802860000,8.96,8.97,8.96,8.96,260.83
1650802920000,8.95,8.95,8.94,8.95,1045.01
1650802980000,8.94,8.95,8.93,8.95,2271.43
1650803040000,8.95,8.95,8.95,8.95,78.57
1650803100000,8.95,8.95,8.94,8.94,866.44
1650803160000,8.94,8.94,8.93,8.93,95.89
1650803220000,8.93,8.94,8.92,8.93,1555.45
1650803280000,8.92,8.92,8.92,8.92,122.13
1650803340000,8.92,8.92,8.92,8.92,15.21
1650803400000,8.93,8.95,8.93,8.95,2792.38
1650803460000,8.94,8.94,8.9,8.9,1990.19
1650803520000,8.9,8.91,8.89,8.91,2255.37
1650803580000,8.91,8.93,8.91,8.92,1778.88
1650803640000,8.92,8.92,8.91,8.91,603.97
1650803700000,8.9,8.91,8.9,8.91,529.83
1650803760000,8.91,8.91,8.91,8.91,1451.62
1650803820000,8.91,8.92,8.91,8.91,530.46
1650803880000,8.91,8.92,8.91,8.91,61.87
1650803940000,8.91,8.91,8.91,8.91,2.6
1650804000000,8.92,8.93,8.91,8.93,1219.86
1650804060000,8.93,8.94,8.93,8.94,80.06
1650804120000,8.94,8.94,8.94,8.94,159.83
1650804180000,8.94,8.94,8.93,8.94,503.85
1650804240000,8.93,8.93,8.92,8.92,666.31
1650804300000,8.92,8.92,8.92,8.92,412.99
1650804360000,8.92,8.93,8.92,8.92,605.62
1650804420000,8.92,8.92,8.91,8.91,189.17
1650804480000,8.92,8.92,8.91,8.91,122.2
1650804540000,8.91,8.91,8.91,8.91,535.51
1650804600000,8.91,8.91,8.91,8.91,261.25
1650804660000,8.9,8.91,8.9,8.9,411.41
1650804720000,8.9,8.91,8.89,8.91,3282.16
1650804780000,8.9,8.92,8.9,8.92,3202.27
1650804840000,8.92,8.93,8.92,8.93,371.9
1650804900000,8.93,8.94,8.92,8.93,2692.61
1650804960000,8.93,8.93,8.9,8.91,1064.73
1650805020000,8.91,8.91,8.91,8.91,31.53
1650805080000,8.91,8.91,8.91,8.91,32.57
1650805140000,8.9,8.92,8.9,8.92,279.07
1650805200000,8.91,8.92,8.91,8.91,178.97
1650805260000,8.91,8.91,8.91,8.91,157.74
1650805320000,8.92,8.92,8.9,8.91,600.66
1650805380000,8.91,8.91,8.91,8.91,186.47
1650805440000,8.91,8.91,8.9,8.9,109.9
1650805500000,8.91,8.91,8.89,8.89,2295.85
1650805560000,8.89,8.89,8.84,8.87,17750.97
1650805620000,8.86,8.87,8.85,8.86,1211.17
1650805680000,8.86,8.88,8.85,8.88,1864.72
1650805740000,8.88,8.9,8.87,8.88,2908.95
1650805800000,8.87,8.9,8.87,8.9,2094.26
1650805860000,8.89,8.9,8.88,8.89,2177.89
1650805920000,8.89,8.89,8.88,8.89,896.61
1650805980000,8.89,8.9,8.88,8.89,596.86
1650806040000,8.89,8.89,8.89,8.89,222.85
1650806100000,8.89,8.9,8.87,8.89,4072.46
1650806160000,8.88,8.88,8.87,8.88,1389.82
1650806220000,8.88,8.88,8.87,8.88,122.32
1650806280000,8.88,8.88,8.88,8.88,134.61
1650806340000,8.88,8.89,8.88,8.89,477.28
1650806400000,8.89,8.89,8.86,8.88,2443.23
1650806460000,8.88,8.88,8.88,8.88,133.02
1650806520000,8.87,8.88,8.86,8.87,1204.48
1650806580000,8.86,8.88,8.86,8.88,2226.9
1650806640000,8.87,8.88,8.87,8.88,175.26
1650806700000,8.88,8.88,8.88,8.88,297.85
1650806760000,8.88,8.88,8.86,8.86,575.87
1650806820000,8.86,8.88,8.86,8.88,819.66
1650806880000,8.88,8.88,8.87,8.88,227.46
1650806940000,8.88,8.88,8.88,8.88,79.57
1650807000000,8.88,8.88,8.87,8.87,1044.0
1650807060000,8.88,8.89,8.86,8.87,1190.98
1650807120000,8.87,8.88,8.87,8.88,212.96
1650807180000,8.88,8.88,8.87,8.88,248.45
1650807240000,8.87,8.88,8.87,8.88,520.05
1650807300000,8.88,8.89,8.88,8.89,294.99
1650807360000,8.88,8.88,8.87,8.87,523.19
1650807420000,8.87,8.87,8.83,8.86,3359.78
1650807480000,8.86,8.86,8.81,8.84,3673.84
1650807540000,8.83,8.85,8.82,8.85,2888.64
1650807600000,8.84,8.85,8.81,8.82,1423.63
1650807660000,8.82,8.83,8.81,8.82,2807.53
1650807720000,8.82,8.83,8.82,8.83,1131.27
1650807780000,8.83,8.86,8.82,8.85,2831.1
1650807840000,8.86,8.88,8.86,8.87,1564.5
1650807900000,8.87,8.88,8.86,8.87,2550.82
1650807960000,8.87,8.87,8.85,8.87,1976.25
1650808020000,8.87,8.87,8.84,8.87,1197.69
1650808080000,8.86,8.87,8.86,8.87,2317.57
1650808140000,8.87,8.88,8.87,8.88,1548.76
1650808200000,8.88,8.88,8.86,8.87,997.65
1650808260000,8.86,8.87,8.86,8.87,2738.5
1650808320000,8.87,8.87,8.85,8.87,1755.39
1650808380000,8.87,8.87,8.87,8.87,3543.34
1650808440000,8.87,8.88,8.86,8.88,2390.07
1650808500000,8.87,8.87,8.85,8.86,1288.45
1650808560000,8.85,8.86,8.85,8.86,157.64
1650808620000,8.86,8.86,8.85,8.86,183.34
1650808680000,8.86,8.87,8.86,8.86,842.93
1650808740000,8.86,8.87,8.85,8.86,5344.11
1650808800000,8.86,8.86,8.84,8.86,1511.7
1650808860000,8.86,8.87,8.86,8.87,852.66
1650808920000,8.87,8.88,8.87,8.88,629.25
1650808980000,8.87,8.87,8.87,8.87,64.92
1650809040000,8.87,8.88,8.87,8.87,248.0
1650809100000,8.87,8.87,8.87,8.87,449.39
1650809160000,8.87,8.87,8.87,8.87,105.32
1650809220000,8.87,8.87,8.86,8.87,598.78
1650809280000,8.87,8.87,8.86,8.86,1388.32
1650809340000,8.86,8.86,8.85,8.86,701.2
1650809400000,8.86,8.86,8.85,8.85,477.68
1650809460000,8.85,8.86,8.85,8.86,868.33
1650809520000,8.86,8.87,8.86,8.87,378.94
1650809580000,8.87,8.87,8.87,8.87,96.61
1650809640000,8.87,8.87,8.85,8.85,1526.58
1650809700000,8.86,8.86,8.85,8.85,1537.98
1650809760000,8.86,8.86,8.85,8.85,194.57
1650809820000,8.85,8.85,8.83,8.85,2975.49
1650809880000,8.85,8.86,8.84,8.84,1103.76
1650809940000,8.84,8.84,8.82,8.84,4157.03
1650810000000,8.84,8.84,8.83,8.84,652.0
1650810060000,8.84,8.84,8.83,8.83,95.56
1650810120000,8.84,8.84,8.82,8.83,829.77
1650810180000,8.83,8.83,8.82,8.82,1352.41
1650810240000,8.83,8.83,8.8,8.81,2371.72
1650810300000,8.81,8.82,8.81,8.81,95.13
1650810360000,8.82,8.82,8.81,8.82,424.74
1650810420000,8.81,8.82,8.81,8.82,141.82
1650810480000,8.82,8.83,8.81,8.83,327.9
1650810540000,8.82,8.83,8.81,8.82,980.26
1650810600000,8.82,8.84,8.82,8.84,464.41
1650810660000,8.84,8.84,8.83,8.83,520.97
1650810720000,8.82,8.82,8.78,8.8,7165.15
1650810780000,8.8,8.8,8.77,8.78,9216.26
1650810840000,8.79,8.8,8.79,8.8,952.02
1650810900000,8.8,8.81,8.8,8.81,532.64
1650810960000,8.81,8.81,8.8,8.8,162.19
1650811020000,8.8,8.8,8.79,8.79,132.76
1650811080000,8.79,8.8,8.79,8.8,17.73
1650811140000,8.8,8.81,8.79,8.81,1557.41
1650811200000,8.81,8.83,8.8,8.83,3974.32
1650811260000,8.83,8.88,8.83,8.86,6120.46
1650811320000,8.86,8.88,8.84,8.87,3881.46
1650811380000,8.88,8.88,8.84,8.86,2179.04
1650811440000,8.86,8.88,8.85,8.88,531.01
1650811500000,8.88,8.88,8.87,8.87,882.46
1650811560000,8.88,8.88,8.87,8.88,56.83
1650811620000,8.88,8.88,8.86,8.88,2044.58
1650811680000,8.88,8.88,8.88,8.88,22.55
1650811740000,8.88,8.89,8.88,8.89,2657.44
1650811800000,8.89,8.92,8.89,8.91,15203.65
1650811860000,8.92,8.94,8.91,8.93,3447.66
1650811920000,8.93,8.94,8.91,8.92,1343.86
1650811980000,8.91,8.92,8.91,8.91,962.3
1650812040000,8.91,8.91,8.9,8.9,1029.39
1650812100000,8.91,8.92,8.9,8.92,332.5
1650812160000,8.91,8.92,8.91,8.92,79.09
1650812220000,8.92,8.93,8.92,8.92,298.25
1650812280000,8.92,8.92,8.91,8.91,18.23
1650812340000,8.91,8.92,8.91,8.91,6191.69
1650812400000,8.91,8.94,8.91,8.92,2298.34
1650812460000,8.93,8.94,8.93,8.93,532.89
1650812520000,8.93,8.93,8.93,8.93,180.59
1650812580000,8.92,8.93,8.92,8.93,49.77
1650812640000,8.93,8.93,8.93,8.93,361.08
1650812700000,8.92,8.92,8.92,8.92,5.89
1650812760000,8.93,8.94,8.93,8.94,130.42
1650812820000,8.93,8.93,8.91,8.91,1146.86
1650812880000,8.9,8.91,8.88,8.89,12750.39
1650812940000,8.89,8.89,8.88,8.88,587.89
1650813000000,8.88,8.88,8.86,8.87,860.51
1650813060000,8.87,8.87,8.87,8.87,490.7
1650813120000,8.88,8.88,8.87,8.87,317.95
1650813180000,8.87,8.87,8.87,8.87,428.49
1650813240000,8.87,8.87,8.87,8.87,1.22
1650813300000,8.86,8.86,8.85,8.86,1463.01
1650813360000,8.85,8.85,8.83,8.85,11980.44
1650813420000,8.84,8.85,8.83,8.85,971.04
1650813480000,8.86,8.87,8.86,8.87,475.26
1650813540000,8.87,8.87,8.86,8.86,571.03
1650813600000,8.85,8.86,8.85,8.86,197.75
1650813660000,8.86,8.86,8.86,8.86,56.94
1650813720000,8.86,8.86,8.86,8.86,81.42
1650813780000,8.86,8.86,8.86,8.86,205.95
1650813840000,8.87,8.88,8.87,8.87,261.68
1650813900000,8.87,8.87,8.86,8.86,308.04
1650813960000,8.87,8.87,8.86,8.86,212.46
1650814020000,8.85,8.86,8.85,8.86,13.58
1650814080000,8.86,8.86,8.86,8.86,54.47
1650814140000,8.86,8.86,8.84,8.86,11547.79
1650814200000,8.86,8.87,8.86,8.87,64.1
1650814260000,8.87,8.87,8.84,8.85,605.36
1650814320000,8.85,8.85,8.85,8.85,80.54
1650814380000,8.86,8.86,8.84,8.85,134.6
1650814440000,8.85,8.85,8.84,8.85,428.58
1650814500000,8.86,8.86,8.85,8.85,30.45
1650814560000,8.85,8.85,8.84,8.85,389.35
1650814620000,8.84,8.85,8.83,8.85,1199.45
1650814680000,8.85,8.85,8.85,8.85,61.55
1650814740000,8.85,8.85,8.85,8.85,24.17
1650814800000,8.84,8.85,8.83,8.84,192.02
1650814860000,8.84,8.85,8.84,8.84,233.56
1650814920000,8.84,8.84,8.83,8.83,1267.94
1650814980000,8.84,8.84,8.82,8.82,553.24
1650815040000,8.82,8.84,8.82,8.83,1585.45
1650815100000,8.83,8.83,8.82,8.83,107.53
1650815160000,8.84,8.84,8.83,8.83,160.49
1650815220000,8.83,8.83,8.83,8.83,31.27
1650815280000,8.83,8.83,8.82,8.82,41.44
1650815340000,8.83,8.83,8.83,8.83,48.28
1650815400000,8.83,8.84,8.83,8.84,311.6
1650815460000,8.84,8.84,8.84,8.84,30.63
1650815520000,8.84,8.84,8.84,8.84,270.8
1650815580000,8.84,8.85,8.83,8.84,760.43
1650815640000,8.84,8.84,8.83,8.84,31.36
1650815700000,8.84,8.85,8.83,8.85,34.15
1650815760000,8.85,8.85,8.84,8.85,2215.6
1650815820000,8.85,8.85,8.85,8.85,18.77
1650815880000,8.85,8.85,8.85,8.85,56.56
1650815940000,8.85,8.86,8.85,8.86,1267.58
1650816000000,8.87,8.88,8.85,8.87,2013.68
1650816060000,8.87,8.87,8.86,8.87,268.77
1650816120000,8.87,8.87,8.86,8.86,702.25
1650816180000,8.86,8.88,8.86,8.88,3636.28
1650816240000,8.87,8.88,8.87,8.87,461.63
1650816300000,8.87,8.87,8.86,8.87,42.04
1650816360000,8.87,8.87,8.86,8.87,148.78
1650816420000,8.87,8.87,8.86,8.86,274.59
1650816480000,8.86,8.86,8.86,8.86,22.95
1650816540000,8.85,8.86,8.83,8.83,1807.02
1650816600000,8.83,8.85,8.82,8.84,697.9
1650816660000,8.84,8.85,8.84,8.85,197.54
1650816720000,8.85,8.85,8.84,8.84,85.25
1650816780000,8.85,8.85,8.83,8.84,1179.45
1650816840000,8.83,8.84,8.82,8.84,2153.55
1650816900000,8.84,8.85,8.84,8.85,1486.82
1650816960000,8.85,8.86,8.84,8.84,607.33
1650817020000,8.84,8.86,8.84,8.86,265.24
1650817080000,8.86,8.87,8.85,8.86,590.77
1650817140000,8.86,8.87,8.85,8.86,1062.55
1650817200000,8.86,8.86,8.86,8.86,768.99
1650817260000,8.86,8.86,8.84,8.84,579.59
1650817320000,8.84,8.84,8.82,8.83,1420.73
1650817380000,8.83,8.84,8.83,8.84,440.93
1650817440000,8.84,8.84,8.82,8.84,142.25
1650817500000,8.84,8.84,8.83,8.84,871.03
1650817560000,8.84,8.84,8.83,8.84,132.12
1650817620000,8.84,8.84,8.83,8.84,42.22
1650817680000,8.84,8.84,8.83,8.84,653.84
1650817740000,8.84,8.84,8.84,8.84,0.0
1650817800000,8.83,8.84,8.82,8.82,965.98
1650817860000,8.82,8.82,8.81,8.81,1686.71
1650817920000,8.81,8.82,8.8,8.82,1722.24
1650817980000,8.82,8.82,8.8,8.81,374.77
1650818040000,8.81,8.82,8.8,8.8,857.39
1650818100000,8.81,8.82,8.8,8.82,429.57
1650818160000,8.82,8.82,8.81,8.82,777.14
1650818220000,8.81,8.82,8.8,8.81,1040.69
1650818280000,8.81,8.81,8.8,8.81,827.98
1650818340000,8.81,8.81,8.8,8.81,102.98
1650818400000,8.81,8.81,8.8,8.8,39.96
1650818460000,8.81,8.81,8.8,8.81,48.86
1650818520000,8.81,8.82,8.8,8.82,800.81
1650818580000,8.82,8.83,8.81,8.82,580.33
1650818640000,8.81,8.82,8.81,8.81,1100.95
1650818700000,8.8,8.82,8.8,8.82,360.89
1650818760000,8.81,8.81,8.81,8.81,1075.75
1650818820000,8.8,8.8,8.77,8.79,2908.15
1650818880000,8.8,8.8,8.79,8.8,83.4
1650818940000,8.8,8.8,8.79,8.79,792.66
1650819000000,8.79,8.79,8.78,8.79,170.75
1650819060000,8.79,8.79,8.7,8.7,22000.06
1650819120000,8.71,8.73,8.68,8.72,17245.77
1650819180000,8.72,8.74,8.7,8.7,4641.16
1650819240000,8.7,8.74,8.7,8.74,2811.45
1650819300000,8.74,8.87,8.74,8.83,36070.91
1650819360000,8.83,8.84,8.81,8.81,8100.2
1650819420000,8.81,8.84,8.81,8.81,4000.93
1650819480000,8.81,8.84,8.81,8.83,2634.21
1650819540000,8.82,8.83,8.81,8.81,881.07
1650819600000,8.81,8.82,8.81,8.81,813.64
1650819660000,8.81,8.81,8.78,8.8,2929.92
1650819720000,8.79,8.79,8.76,8.78,2536.56
1650819780000,8.78,8.78,8.78,8.78,1053.47
1650819840000,8.78,8.79,8.77,8.77,2080.57
1650819900000,8.77,8.77,8.75,8.76,1387.89
1650819960000,8.75,8.77,8.75,8.76,3136.93
1650820020000,8.77,8.77,8.75,8.75,2289.41
1650820080000,8.75,8.76,8.75,8.76,3678.88
1650820140000,8.76,8.76,8.76,8.76,70.78
1650820200000,8.76,8.77,8.76,8.77,990.62
1650820260000,8.76,8.76,8.75,8.75,2143.31
1650820320000,8.76,8.76,8.76,8.76,302.53
1650820380000,8.76,8.76,8.75,8.75,569.39
1650820440000,8.75,8.76,8.74,8.74,2411.53
1650820500000,8.74,8.75,8.73,8.74,5826.69
1650820560000,8.75,8.75,8.74,8.74,180.46
1650820620000,8.75,8.75,8.74,8.75,3856.72
1650820680000,8.75,8.75,8.74,8.75,457.38
1650820740000,8.75,8.76,8.74,8.74,583.98
1650820800000,8.74,8.75,8.73,8.74,39.32
1650820860000,8.74,8.74,8.73,8.73,31.3
1650820920000,8.73,8.74,8.73,8.73,345.15
1650820980000,8.72,8.73,8.69,8.72,6862.89
1650821040000,8.72,8.73,8.7,8.72,2920.51
1650821100000,8.71,8.74,8.71,8.74,2305.68
1650821160000,8.74,8.75,8.73,8.73,1038.51
1650821220000,8.73,8.73,8.73,8.73,105.49
1650821280000,8.73,8.74,8.72,8.74,728.2
1650821340000,8.74,8.74,8.71,8.72,8041.5
1650821400000,8.72,8.72,8.7,8.71,4802.2
1650821460000,8.71,8.71,8.7,8.7,78.31
1650821520000,8.71,8.73,8.71,8.72,1252.89
1650821580000,8.71,8.72,8.71,8.72,433.92
1650821640000,8.73,8.73,8.73,8.73,1.38
1650821700000,8.73,8.73,8.72,8.73,1082.76
1650821760000,8.73,8.74,8.73,8.74,897.6
1650821820000,8.73,8.73,8.73,8.73,104.97
1650821880000,8.73,8.73,8.73,8.73,667.41
1650821940000,8.73,8.73,8.73,8.73,417.02
1650822000000,8.73,8.73,8.73,8.73,16.21
1650822060000,8.74,8.74,8.73,8.73,178.83
1650822120000,8.73,8.74,8.73,8.73,657.49
1650822180000,8.73,8.73,8.73,8.73,1694.35
1650822240000,8.72,8.73,8.72,8.73,1276.06
1650822300000,8.73,8.74,8.72,8.72,760.15
1650822360000,8.73,8.74,8.73,8.73,124.69
1650822420000,8.73,8.73,8.73,8.73,2.36
1650822480000,8.73,8.73,8.71,8.71,236.0
1650822540000,8.72,8.73,8.72,8.73,857.73
1650822600000,8.73,8.73,8.72,8.73,307.19
1650822660000,8.73,8.73,8.71,8.71,279.53
1650822720000,8.72,8.72,8.72,8.72,364.61
1650822780000,8.72,8.73,8.71,8.71,979.03
1650822840000,8.72,8.72,8.72,8.72,34.55
1650822900000,8.73,8.74,8.73,8.74,521.84
1650822960000,8.74,8.77,8.74,8.75,2410.1
1650823020000,8.75,8.75,8.74,8.74,750.87
1650823080000,8.75,8.75,8.75,8.75,117.31
1650823140000,8.74,8.74,8.74,8.74,746.36
1650823200000,8.75,8.75,8.73,8.75,997.48
1650823260000,8.74,8.75,8.74,8.75,65.46
1650823320000,8.74,8.75,8.73,8.73,130.27
1650823380000,8.74,8.75,8.73,8.74,2010.08
1650823440000,8.75,8.75,8.73,8.73,328.01
1650823500000,8.74,8.75,8.74,8.74,704.8
1650823560000,8.74,8.75,8.74,8.74,101.76
1650823620000,8.74,8.75,8.74,8.75,2322.27
1650823680000,8.74,8.75,8.74,8.74,61.54
1650823740000,8.74,8.76,8.74,8.76,412.2
1650823800000,8.75,8.76,8.75,8.75,131.12
1650823860000,8.75,8.77,8.75,8.76,1408.95
1650823920000,8.75,8.76,8.75,8.75,70.29
1650823980000,8.75,8.76,8.75,8.75,285.76
1650824040000,8.76,8.76,8.75,8.75,108.57
1650824100000,8.75,8.77,8.75,8.76,1322.98
1650824160000,8.76,8.76,8.75,8.75,419.26
1650824220000,8.76,8.77,8.75,8.76,1917.93
1650824280000,8.76,8.76,8.75,8.76,346.37
1650824340000,8.76,8.77,8.76,8.77,630.72
1650824400000,8.76,8.77,8.76,8.76,435.67
1650824460000,8.77,8.78,8.76,8.77,520.56
1650824520000,8.77,8.78,8.77,8.77,108.42
1650824580000,8.78,8.78,8.77,8.77,78.15
1650824640000,8.77,8.79,8.77,8.79,317.02
1650824700000,8.78,8.79,8.77,8.78,69.04
1650824760000,8.78,8.8,8.78,8.8,1168.96
1650824820000,8.81,8.81,8.79,8.79,379.01
1650824880000,8.79,8.8,8.77,8.78,832.97
1650824940000,8.78,8.79,8.78,8.79,627.96
1650825000000,8.79,8.79,8.79,8.79,50.36
1650825060000,8.78,8.79,8.78,8.79,227.07
1650825120000,8.8,8.8,8.78,8.79,241.53
1650825180000,8.79,8.79,8.78,8.78,77.54
1650825240000,8.79,8.8,8.79,8.8,18.78
1650825300000,8.79,8.8,8.79,8.8,454.12
1650825360000,8.8,8.8,8.8,8.8,0.0
1650825420000,8.8,8.8,8.79,8.79,99.92
1650825480000,8.79,8.8,8.79,8.8,2458.38
1650825540000,8.8,8.8,8.8,8.8,0.0
1650825600000,8.8,8.81,8.8,8.81,69.96
1650825660000,8.81,8.81,8.81,8.81,0.0
1650825720000,8.81,8.81,8.81,8.81,2.83
1650825780000,8.8,8.8,8.8,8.8,227.34
1650825840000,8.81,8.81,8.8,8.8,1345.19
1650825900000,8.81,8.82,8.81,8.82,57.98
1650825960000,8.82,8.82,8.81,8.82,51.23
1650826020000,8.82,8.82,8.82,8.82,1091.49
1650826080000,8.82,8.82,8.82,8.82,269.51
1650826140000,8.82,8.83,8.82,8.82,371.14
1650826200000,8.82,8.82,8.82,8.82,49.01
1650826260000,8.82,8.82,8.82,8.82,0.0
1650826320000,8.82,8.83,8.82,8.83,1331.67
1650826380000,8.83,8.83,8.83,8.83,295.39
1650826440000,8.82,8.82,8.82,8.82,63.0
1650826500000,8.82,8.83,8.82,8.83,85.6
1650826560000,8.83,8.83,8.83,8.83,1901.34
1650826620000,8.82,8.82,8.81,8.82,805.88
1650826680000,8.83,8.83,8.83,8.83,651.06
1650826740000,8.83,8.83,8.83,8.83,188.6
1650826800000,8.83,8.85,8.83,8.84,1598.33
1650826860000,8.84,8.86,8.84,8.86,1091.44
1650826920000,8.85,8.86,8.83,8.85,7567.49
1650826980000,8.85,8.85,8.85,8.85,316.0
1650827040000,8.85,8.85,8.83,8.85,503.61
1650827100000,8.85,8.85,8.85,8.85,47.38
1650827160000,8.85,8.85,8.85,8.85,26.8
1650827220000,8.85,8.85,8.84,8.85,64.54
1650827280000,8.84,8.85,8.84,8.85,69.37
1650827340000,8.85,8.85,8.85,8.85,24.46
1650827400000,8.85,8.85,8.84,8.85,180.8
1650827460000,8.84,8.84,8.83,8.84,241.05
1650827520000,8.83,8.85,8.83,8.83,5615.91
1650827580000,8.84,8.84,8.83,8.83,286.43
1650827640000,8.84,8.84,8.82,8.83,68.22
1650827700000,8.83,8.84,8.83,8.84,1060.83
1650827760000,8.84,8.84,8.84,8.84,32.35
1650827820000,8.84,8.85,8.84,8.85,3458.67
1650827880000,8.85,8.85,8.85,8.85,28.21
1650827940000,8.85,8.85,8.84,8.84,993.14
1650828000000,8.84,8.86,8.84,8.86,99.67
1650828060000,8.86,8.86,8.86,8.86,791.52
1650828120000,8.86,8.87,8.86,8.87,74.68
1650828180000,8.87,8.87,8.86,8.87,67.03
1650828240000,8.87,8.87,8.85,8.87,685.3
1650828300000,8.87,8.87,8.86,8.86,972.1
1650828360000,8.87,8.87,8.85,8.85,1916.77
1650828420000,8.85,8.87,8.85,8.86,1964.43
1650828480000,8.86,8.87,8.86,8.87,89.41
1650828540000,8.87,8.87,8.86,8.86,156.5
1650828600000,8.87,8.87,8.87,8.87,2.81
1650828660000,8.87,8.87,8.86,8.86,944.53
1650828720000,8.85,8.85,8.84,8.84,221.62
1650828780000,8.85,8.86,8.85,8.86,293.14
1650828840000,8.86,8.86,8.86,8.86,13.7
1650828900000,8.85,8.85,8.85,8.85,117.94
1650828960000,8.85,8.85,8.85,8.85,307.63
1650829020000,8.85,8.85,8.85,8.85,10.0
1650829080000,8.85,8.86,8.85,8.85,73.55
1650829140000,8.85,8.85,8.85,8.85,42.01
1650829200000,8.84,8.84,8.84,8.84,3.55
1650829260000,8.85,8.85,8.84,8.85,188.04
1650829320000,8.86,8.86,8.86,8.86,102.1
1650829380000,8.86,8.86,8.86,8.86,879.49
1650829440000,8.85,8.85,8.85,8.85,150.79
1650829500000,8.85,8.85,8.85,8.85,0.0
1650829560000,8.85,8.85,8.84,8.84,1115.22
1650829620000,8.84,8.84,8.84,8.84,357.56
1650829680000,8.84,8.84,8.84,8.84,36.58
1650829740000,8.84,8.84,8.84,8.84,0.0
1650829800000,8.84,8.84,8.84,8.84,44.25
1650829860000,8.84,8.85,8.84,8.85,69.15
1650829920000,8.84,8.84,8.84,8.84,14.41
1650829980000,8.85,8.85,8.85,8.85,5.38
1650830040000,8.84,8.85,8.84,8.85,356.69
1650830100000,8.85,8.85,8.85,8.85,0.0
1650830160000,8.85,8.85,8.85,8.85,12.58
1650830220000,8.85,8.86,8.85,8.86,89.01
1650830280000,8.85,8.85,8.85,8.85,3.0
1650830340000,8.85,8.86,8.84,8.86,297.22
1650830400000,8.86,8.87,8.86,8.86,440.08
1650830460000,8.87,8.88,8.85,8.85,1624.71
1650830520000,8.86,8.86,8.86,8.86,114.31
1650830580000,8.86,8.87,8.86,8.87,6.93
1650830640000,8.86,8.86,8.86,8.86,7.0
1650830700000,8.86,8.86,8.85,8.85,99.1
1650830760000,8.85,8.85,8.85,8.85,21.27
1650830820000,8.86,8.86,8.86,8.86,4.68
1650830880000,8.86,8.86,8.85,8.85,188.7
1650830940000,8.85,8.85,8.84,8.84,1351.96
1650831000000,8.84,8.84,8.84,8.84,53.93
1650831060000,8.84,8.84,8.84,8.84,64.75
1650831120000,8.85,8.85,8.83,8.83,2184.0
1650831180000,8.83,8.83,8.81,8.82,4640.56
1650831240000,8.82,8.83,8.81,8.82,935.46
1650831300000,8.82,8.82,8.81,8.81,8.6
1650831360000,8.82,8.82,8.82,8.82,83.94
1650831420000,8.81,8.81,8.8,8.8,1200.3
1650831480000,8.81,8.81,8.79,8.79,1343.39
1650831540000,8.8,8.81,8.79,8.8,792.81
1650831600000,8.8,8.8,8.8,8.8,65.27
1650831660000,8.8,8.8,8.79,8.79,588.06
1650831720000,8.79,8.79,8.79,8.79,2.74
1650831780000,8.8,8.8,8.8,8.8,292.08
1650831840000,8.8,8.8,8.8,8.8,0.0
1650831900000,8.79,8.79,8.79,8.79,25.05
1650831960000,8.8,8.8,8.79,8.79,162.01
1650832020000,8.79,8.79,8.79,8.79,11.75
1650832080000,8.79,8.8,8.78,8.8,4279.59
1650832140000,8.8,8.81,8.79,8.8,1003.74
1650832200000,8.79,8.8,8.79,8.8,77.91
1650832260000,8.8,8.81,8.79,8.79,262.31
1650832320000,8.79,8.8,8.79,8.8,49.35
1650832380000,8.8,8.8,8.79,8.79,27.54
1650832440000,8.79,8.81,8.79,8.8,1809.4
1650832500000,8.8,8.8,8.8,8.8,55.56
1650832560000,8.8,8.81,8.79,8.79,84.51
1650832620000,8.79,8.8,8.79,8.79,84.3
1650832680000,8.79,8.79,8.78,8.78,1454.64
1650832740000,8.78,8.78,8.77,8.77,731.77
1650832800000,8.77,8.78,8.77,8.78,211.61
1650832860000,8.78,8.78,8.78,8.78,214.0
1650832920000,8.78,8.78,8.77,8.78,261.89
1650832980000,8.78,8.78,8.77,8.77,59.8
1650833040000,8.77,8.79,8.77,8.78,855.83
1650833100000,8.78,8.78,8.77,8.78,208.78
1650833160000,8.78,8.78,8.77,8.78,499.59
1650833220000,8.78,8.78,8.78,8.78,77.1
1650833280000,8.78,8.78,8.77,8.77,83.66
1650833340000,8.77,8.78,8.77,8.78,101.36
1650833400000,8.78,8.8,8.78,8.78,1151.05
1650833460000,8.78,8.79,8.78,8.78,34.6
1650833520000,8.78,8.78,8.77,8.78,283.18
1650833580000,8.78,8.78,8.77,8.77,51.15
1650833640000,8.77,8.77,8.76,8.77,470.66
1650833700000,8.77,8.77,8.76,8.77,1464.23
1650833760000,8.77,8.78,8.77,8.77,262.75
1650833820000,8.77,8.77,8.77,8.77,136.62
1650833880000,8.76,8.76,8.76,8.76,5.0
1650833940000,8.76,8.76,8.76,8.76,581.71
1650834000000,8.76,8.76,8.76,8.76,0.0
1650834060000,8.77,8.77,8.76,8.76,53.58
1650834120000,8.77,8.77,8.77,8.77,875.17
1650834180000,8.77,8.77,8.76,8.76,1142.87
1650834240000,8.76,8.78,8.76,8.76,491.37
1650834300000,8.77,8.77,8.77,8.77,3.42
1650834360000,8.76,8.76,8.75,8.76,2141.49
1650834420000,8.76,8.76,8.75,8.76,591.4
1650834480000,8.76,8.76,8.76,8.76,1.71
1650834540000,8.75,8.76,8.75,8.76,133.22
1650834600000,8.76,8.76,8.76,8.76,17.13
1650834660000,8.76,8.76,8.75,8.76,733.81
1650834720000,8.76,8.76,8.76,8.76,3.8
1650834780000,8.75,8.75,8.74,8.75,787.31
1650834840000,8.75,8.75,8.75,8.75,720.79
1650834900000,8.75,8.76,8.75,8.75,128.59
1650834960000,8.75,8.75,8.75,8.75,0.0
1650835020000,8.75,8.75,8.75,8.75,0.0
1650835080000,8.76,8.76,8.75,8.75,136.44
1650835140000,8.76,8.76,8.76,8.76,11.36
1650835200000,8.75,8.75,8.75,8.75,12.85
1650835260000,8.76,8.76,8.76,8.76,4.9
1650835320000,8.76,8.76,8.76,8.76,5.66
1650835380000,8.76,8.76,8.76,8.76,100.0
1650835440000,8.76,8.76,8.76,8.76,171.31
1650835500000,8.77,8.77,8.77,8.77,751.18
1650835560000,8.77,8.78,8.77,8.78,123.19
1650835620000,8.78,8.78,8.78,8.78,123.01
1650835680000,8.77,8.78,8.77,8.77,1755.94
1650835740000,8.78,8.78,8.78,8.78,22.0
1650835800000,8.77,8.78,8.77,8.78,13.67
1650835860000,8.78,8.78,8.78,8.78,6.0
1650835920000,8.78,8.79,8.78,8.78,480.15
1650835980000,8.78,8.78,8.78,8.78,0.0
1650836040000,8.78,8.78,8.78,8.78,9.86
1650836100000,8.79,8.79,8.79,8.79,6.0
1650836160000,8.79,8.79,8.79,8.79,0.0
1650836220000,8.79,8.79,8.79,8.79,1.88
1650836280000,8.79,8.79,8.78,8.79,25.55
1650836340000,8.79,8.79,8.79,8.79,0.0
1650836400000,8.79,8.79,8.79,8.79,8.64
1650836460000,8.78,8.78,8.78,8.78,1.61
1650836520000,8.79,8.79,8.79,8.79,2.84
1650836580000,8.79,8.79,8.79,8.79,2.84
1650836640000,8.79,8.8,8.79,8.8,44.0
1650836700000,8.8,8.8,8.8,8.8,20.36
1650836760000,8.8,8.8,8.8,8.8,20.69
1650836820000,8.79,8.79,8.79,8.79,11.32
1650836880000,8.8,8.8,8.79,8.79,49.47
1650836940000,8.8,8.8,8.8,8.8,5.52
1650837000000,8.8,8.8,8.8,8.8,0.0
1650837060000,8.8,8.81,8.8,8.8,1386.66
1650837120000,8.8,8.8,8.8,8.8,0.0
1650837180000,8.81,8.81,8.81,8.81,3.84
1650837240000,8.81,8.81,8.81,8.81,2.16
1650837300000,8.8,8.8,8.8,8.8,55.12
1650837360000,8.81,8.81,8.81,8.81,11.6
1650837420000,8.81,8.81,8.81,8.81,0.0
1650837480000,8.81,8.81,8.81,8.81,17.39
1650837540000,8.81,8.81,8.81,8.81,85.98
1650837600000,8.81,8.82,8.81,8.82,114.48
1650837660000,8.82,8.82,8.82,8.82,20.48
1650837720000,8.81,8.81,8.8,8.8,1660.16
1650837780000,8.8,8.8,8.78,8.79,732.12
1650837840000,8.78,8.79,8.78,8.78,213.39
1650837900000,8.78,8.79,8.78,8.79,11.69
1650837960000,8.79,8.79,8.79,8.79,0.0
1650838020000,8.79,8.8,8.79,8.8,575.28
1650838080000,8.8,8.8,8.8,8.8,245.97
1650838140000,8.81,8.83,8.81,8.82,535.63
1650838200000,8.82,8.83,8.82,8.83,25.77
1650838260000,8.82,8.82,8.82,8.82,5.37
1650838320000,8.83,8.84,8.83,8.83,1175.81
1650838380000,8.83,8.84,8.82,8.82,488.17
1650838440000,8.82,8.84,8.82,8.83,210.9
1650838500000,8.82,8.83,8.82,8.83,4.09
1650838560000,8.82,8.82,8.82,8.82,157.81
1650838620000,8.82,8.82,8.82,8.82,0.0
1650838680000,8.81,8.81,8.8,8.8,205.61
1650838740000,8.8,8.8,8.8,8.8,0.0
1650838800000,8.8,8.8,8.8,8.8,11.36
1650838860000,8.8,8.8,8.79,8.8,463.37
1650838920000,8.8,8.8,8.8,8.8,62.84
1650838980000,8.79,8.79,8.79,8.79,389.66
1650839040000,8.8,8.8,8.79,8.8,9.15
1650839100000,8.8,8.81,8.8,8.81,65.99
1650839160000,8.8,8.8,8.79,8.79,115.14
1650839220000,8.8,8.8,8.79,8.79,262.7
1650839280000,8.79,8.79,8.79,8.79,75.48
1650839340000,8.8,8.8,8.79,8.79,8.88
1650839400000,8.78,8.79,8.78,8.79,9.77
1650839460000,8.78,8.78,8.78,8.78,262.49
1650839520000,8.79,8.79,8.79,8.79,11.98
1650839580000,8.8,8.8,8.8,8.8,128.86
1650839640000,8.8,8.8,8.79,8.79,54.45
1650839700000,8.79,8.79,8.79,8.79,0.0
1650839760000,8.8,8.8,8.78,8.78,998.39
1650839820000,8.78,8.78,8.77,8.77,252.25
1650839880000,8.77,8.78,8.76,8.78,1963.78
1650839940000,8.78,8.78,8.78,8.78,2126.09
1650840000000,8.78,8.78,8.78,8.78,0.0
1650840060000,8.78,8.78,8.75,8.76,9165.43
1650840120000,8.76,8.77,8.74,8.76,2813.19
1650840180000,8.76,8.76,8.76,8.76,0.0
1650840240000,8.76,8.76,8.76,8.76,19.05
1650840300000,8.75,8.75,8.75,8.75,191.71
1650840360000,8.75,8.75,8.74,8.74,5.92
1650840420000,8.74,8.74,8.74,8.74,3.0
1650840480000,8.75,8.75,8.75,8.75,51.75
1650840540000,8.75,8.75,8.75,8.75,0.0
1650840600000,8.74,8.75,8.73,8.75,2083.51
1650840660000,8.75,8.75,8.75,8.75,0.0
1650840720000,8.75,8.75,8.75,8.75,0.0
1650840780000,8.75,8.75,8.75,8.75,42.77
1650840840000,8.75,8.75,8.75,8.75,121.23
1650840900000,8.75,8.75,8.75,8.75,98.48
1650840960000,8.74,8.74,8.74,8.74,5.42
1650841020000,8.75,8.76,8.75,8.76,124.6
1650841080000,8.76,8.76,8.76,8.76,2.38
1650841140000,8.76,8.76,8.76,8.76,1.19
1650841200000,8.75,8.76,8.75,8.76,136.01
1650841260000,8.76,8.76,8.76,8.76,1152.39
1650841320000,8.76,8.76,8.76,8.76,16.23
1650841380000,8.76,8.76,8.76,8.76,71.69
1650841440000,8.76,8.76,8.75,8.75,84.42
1650841500000,8.76,8.76,8.75,8.75,5381.42
1650841560000,8.75,8.76,8.75,8.75,18.92
1650841620000,8.75,8.76,8.75,8.76,3604.6
1650841680000,8.76,8.76,8.74,8.74,561.42
1650841740000,8.74,8.74,8.73,8.74,224.97
1650841800000,8.75,8.75,8.75,8.75,2.56
1650841860000,8.75,8.76,8.74,8.76,3908.14
1650841920000,8.76,8.77,8.76,8.77,192.2
1650841980000,8.77,8.77,8.77,8.77,0.0
1650842040000,8.77,8.77,8.77,8.77,22.8
1650842100000,8.77,8.77,8.77,8.77,593.2
1650842160000,8.76,8.76,8.76,8.76,403.08
1650842220000,8.75,8.76,8.75,8.75,491.01
1650842280000,8.75,8.75,8.74,8.74,157.19
1650842340000,8.73,8.74,8.73,8.74,50.93
1650842400000,8.74,8.74,8.74,8.74,33.85
1650842460000,8.74,8.74,8.74,8.74,0.0
1650842520000,8.75,8.75,8.75,8.75,52.38
1650842580000,8.75,8.75,8.74,8.74,1169.35
1650842640000,8.75,8.75,8.74,8.74,7.83
1650842700000,8.75,8.75,8.75,8.75,81.23
1650842760000,8.75,8.75,8.75,8.75,0.0
1650842820000,8.75,8.75,8.74,8.74,228.51
1650842880000,8.74,8.74,8.74,8.74,38.78
1650842940000,8.74,8.75,8.74,8.75,295.57
1650843000000,8.75,8.75,8.75,8.75,38.44
1650843060000,8.75,8.75,8.75,8.75,2.28
1650843120000,8.75,8.75,8.75,8.75,0.0
1650843180000,8.75,8.75,8.75,8.75,4.35
1650843240000,8.75,8.75,8.74,8.74,74.81
1650843300000,8.74,8.74,8.74,8.74,2380.63
1650843360000,8.73,8.74,8.73,8.74,2.78
1650843420000,8.74,8.74,8.74,8.74,0.0
1650843480000,8.74,8.74,8.72,8.73,1296.14
1650843540000,8.73,8.73,8.73,8.73,374.48
1650843600000,8.73,8.74,8.73,8.74,2023.27
1650843660000,8.73,8.73,8.73,8.73,225.32
1650843720000,8.73,8.73,8.73,8.73,50.93
1650843780000,8.74,8.74,8.72,8.73,69.22
1650843840000,8.72,8.73,8.72,8.73,1804.03
1650843900000,8.72,8.72,8.72,8.72,19.15
1650843960000,8.72,8.72,8.71,8.72,126.47
1650844020000,8.72,8.73,8.71,8.72,58.93
1650844080000,8.72,8.72,8.7,8.71,1551.82
1650844140000,8.71,8.71,8.7,8.71,3403.19
1650844200000,8.71,8.71,8.71,8.71,16.93
1650844260000,8.71,8.71,8.7,8.71,71.77
1650844320000,8.71,8.71,8.68,8.69,1885.69
1650844380000,8.69,8.7,8.68,8.7,1225.36
1650844440000,8.7,8.7,8.69,8.7,42.54
1650844500000,8.69,8.7,8.69,8.7,101.53
1650844560000,8.7,8.71,8.7,8.71,466.7
1650844620000,8.7,8.71,8.7,8.71,14.35
1650844680000,8.71,8.71,8.71,8.71,20.0
1650844740000,8.71,8.71,8.71,8.71,0.0
1650844800000,8.71,8.74,8.7,8.74,1768.02
1650844860000,8.74,8.74,8.72,8.73,288.35
1650844920000,8.73,8.73,8.72,8.72,516.69
1650844980000,8.71,8.71,8.7,8.7,400.1
1650845040000,8.7,8.7,8.69,8.69,161.74
1650845100000,8.69,8.7,8.69,8.7,167.18
1650845160000,8.69,8.71,8.69,8.7,1334.74
1650845220000,8.7,8.7,8.69,8.7,110.35
1650845280000,8.7,8.7,8.66,8.67,1605.55
1650845340000,8.66,8.66,8.64,8.66,4362.55
1650845400000,8.66,8.67,8.65,8.66,1217.4
1650845460000,8.66,8.67,8.65,8.67,407.91
1650845520000,8.67,8.68,8.66,8.66,2188.72
1650845580000,8.67,8.67,8.66,8.66,165.34
1650845640000,8.65,8.66,8.62,8.65,2265.64
1650845700000,8.65,8.66,8.63,8.63,534.44
1650845760000,8.64,8.65,8.63,8.63,464.32
1650845820000,8.62,8.66,8.62,8.66,1148.86
1650845880000,8.65,8.65,8.63,8.63,1478.16
1650845940000,8.64,8.64,8.63,8.63,561.39
1650846000000,8.63,8.64,8.63,8.64,405.77
1650846060000,8.64,8.64,8.64,8.64,168.51
1650846120000,8.64,8.64,8.59,8.59,7106.36
1650846180000,8.59,8.59,8.5,8.53,29475.91
1650846240000,8.52,8.54,8.43,8.46,27079.68
1650846300000,8.46,8.5,8.44,8.48,22616.09
1650846360000,8.48,8.52,8.47,8.47,11210.67
1650846420000,8.48,8.51,8.47,8.5,12652.25
1650846480000,8.49,8.51,8.48,8.49,3141.71
1650846540000,8.48,8.5,8.47,8.5,1253.55
1650846600000,8.5,8.53,8.5,8.5,5193.11
1650846660000,8.49,8.49,8.47,8.48,4379.56
1650846720000,8.47,8.5,8.47,8.49,2539.05
1650846780000,8.49,8.49,8.47,8.49,899.14
1650846840000,8.49,8.5,8.48,8.5,2776.68
1650846900000,8.5,8.51,8.48,8.49,4402.8
1650846960000,8.5,8.53,8.48,8.51,7571.58
1650847020000,8.52,8.54,8.52,8.53,2629.86
1650847080000,8.53,8.53,8.52,8.53,404.21
1650847140000,8.52,8.53,8.51,8.53,1460.05
1650847200000,8.53,8.53,8.5,8.52,1699.64
1650847260000,8.52,8.52,8.49,8.49,1035.86
1650847320000,8.5,8.52,8.49,8.51,1033.13
1650847380000,8.5,8.5,8.49,8.5,471.86
1650847440000,8.5,8.51,8.49,8.5,320.18
1650847500000,8.5,8.51,8.49,8.49,468.35
1650847560000,8.5,8.5,8.49,8.49,505.67
1650847620000,8.5,8.51,8.49,8.49,2297.56
1650847680000,8.48,8.48,8.46,8.46,2168.72
1650847740000,8.47,8.47,8.45,8.45,5695.4
1650847800000,8.45,8.47,8.45,8.47,1580.8
1650847860000,8.47,8.47,8.46,8.47,680.99
1650847920000,8.47,8.48,8.47,8.48,822.37
1650847980000,8.48,8.48,8.46,8.46,946.7
1650848040000,8.45,8.45,8.33,8.34,47664.31
1650848100000,8.33,8.39,8.33,8.39,16151.84
1650848160000,8.39,8.4,8.38,8.39,5462.05
1650848220000,8.39,8.4,8.38,8.39,880.65
1650848280000,8.39,8.39,8.37,8.38,3126.08
1650848340000,8.37,8.38,8.36,8.37,5314.31
1650848400000,8.38,8.38,8.35,8.36,4640.44
1650848460000,8.37,8.38,8.36,8.38,2676.76
1650848520000,8.38,8.41,8.38,8.41,1518.05
1650848580000,8.4,8.4,8.38,8.38,9336.27
1650848640000,8.38,8.39,8.36,8.36,7324.05
1650848700000,8.35,8.37,8.35,8.37,3586.35
1650848760000,8.36,8.38,8.35,8.38,2733.75
1650848820000,8.37,8.38,8.37,8.38,421.55
1650848880000,8.38,8.41,8.38,8.41,2991.53
1650848940000,8.41,8.41,8.4,8.4,1441.2
1650849000000,8.4,8.42,8.39,8.41,1398.92
1650849060000,8.4,8.41,8.4,8.41,483.07
1650849120000,8.4,8.41,8.4,8.41,824.73
1650849180000,8.4,8.4,8.37,8.38,1836.82
1650849240000,8.39,8.4,8.38,8.38,1397.88
1650849300000,8.38,8.39,8.38,8.39,894.23
1650849360000,8.39,8.41,8.39,8.4,911.85
1650849420000,8.41,8.41,8.38,8.38,1069.93
1650849480000,8.39,8.4,8.38,8.39,847.73
1650849540000,8.38,8.38,8.36,8.36,3755.37
1650849600000,8.35,8.38,8.35,8.38,1027.87
1650849660000,8.38,8.38,8.38,8.38,596.99
1650849720000,8.38,8.38,8.37,8.37,929.13
1650849780000,8.37,8.38,8.36,8.38,376.15
1650849840000,8.38,8.38,8.36,8.36,1938.2
1650849900000,8.37,8.37,8.35,8.37,1136.84
1650849960000,8.37,8.38,8.36,8.37,1193.62
1650850020000,8.38,8.38,8.38,8.38,263.12
1650850080000,8.37,8.38,8.37,8.38,258.22
1650850140000,8.37,8.37,8.37,8.37,2032.02
1650850200000,8.37,8.38,8.37,8.38,803.55
1650850260000,8.38,8.38,8.37,8.38,788.46
1650850320000,8.38,8.41,8.38,8.41,4362.55
1650850380000,8.41,8.42,8.39,8.39,683.25
1650850440000,8.39,8.4,8.39,8.4,919.83
1650850500000,8.4,8.41,8.4,8.41,1033.33
1650850560000,8.41,8.43,8.41,8.42,4574.03
1650850620000,8.41,8.41,8.4,8.41,426.57
1650850680000,8.41,8.42,8.41,8.42,350.2
1650850740000,8.42,8.43,8.42,8.43,347.02
1650850800000,8.43,8.43,8.42,8.42,556.84
1650850860000,8.42,8.43,8.41,8.42,407.9
1650850920000,8.42,8.42,8.41,8.42,927.34
1650850980000,8.42,8.42,8.41,8.41,93.07
1650851040000,8.41,8.42,8.41,8.41,659.83
1650851100000,8.42,8.42,8.41,8.42,448.57
1650851160000,8.41,8.42,8.41,8.41,785.85
1650851220000,8.42,8.42,8.41,8.41,750.12
1650851280000,8.41,8.42,8.4,8.4,1328.12
1650851340000,8.41,8.41,8.39,8.4,698.29
1650851400000,8.41,8.41,8.41,8.41,716.64
1650851460000,8.42,8.42,8.4,8.41,1198.24
1650851520000,8.41,8.42,8.4,8.4,834.86
1650851580000,8.41,8.41,8.41,8.41,19.07
1650851640000,8.41,8.41,8.41,8.41,695.86
1650851700000,8.41,8.42,8.41,8.42,292.15
1650851760000,8.42,8.43,8.42,8.43,192.95
1650851820000,8.42,8.42,8.41,8.42,212.74
1650851880000,8.43,8.44,8.42,8.42,1581.08
1650851940000,8.43,8.43,8.42,8.42,239.87
1650852000000,8.42,8.42,8.4,8.42,3016.1
1650852060000,8.43,8.44,8.42,8.44,2212.95
1650852120000,8.43,8.43,8.42,8.43,893.98
1650852180000,8.43,8.44,8.43,8.43,133.6
1650852240000,8.43,8.44,8.43,8.44,116.12
1650852300000,8.43,8.44,8.42,8.43,733.95
1650852360000,8.43,8.43,8.43,8.43,354.86
1650852420000,8.42,8.43,8.42,8.42,30.22
1650852480000,8.42,8.42,8.42,8.42,65.35
1650852540000,8.42,8.42,8.41,8.42,952.15
1650852600000,8.42,8.42,8.41,8.41,267.47
1650852660000,8.42,8.42,8.42,8.42,20.8
1650852720000,8.42,8.42,8.41,8.42,73.93
1650852780000,8.43,8.43,8.42,8.43,17.99
1650852840000,8.43,8.43,8.42,8.42,109.68
1650852900000,8.42,8.42,8.41,8.42,468.27
1650852960000,8.42,8.43,8.42,8.42,795.04
1650853020000,8.43,8.43,8.43,8.43,485.1
1650853080000,8.43,8.43,8.43,8.43,819.8
1650853140000,8.43,8.43,8.43,8.43,10.84
1650853200000,8.43,8.44,8.43,8.43,115.76
1650853260000,8.43,8.44,8.43,8.44,44.68
1650853320000,8.43,8.43,8.42,8.43,1672.7
1650853380000,8.43,8.44,8.43,8.43,336.21
1650853440000,8.43,8.43,8.42,8.43,220.48
1650853500000,8.42,8.42,8.39,8.39,7771.84
1650853560000,8.4,8.41,8.4,8.41,826.11
1650853620000,8.41,8.41,8.41,8.41,0.0
1650853680000,8.41,8.41,8.41,8.41,54.71
1650853740000,8.41,8.41,8.4,8.4,7.46
1650853800000,8.41,8.41,8.41,8.41,500.0
1650853860000,8.41,8.41,8.4,8.41,770.47
1650853920000,8.4,8.41,8.39,8.41,1410.86
1650853980000,8.4,8.41,8.4,8.41,43.08
1650854040000,8.41,8.42,8.41,8.42,2820.12
1650854100000,8.42,8.42,8.41,8.41,313.38
1650854160000,8.42,8.42,8.42,8.42,698.81
1650854220000,8.43,8.43,8.41,8.41,134.54
1650854280000,8.42,8.42,8.41,8.42,55.2
1650854340000,8.42,8.42,8.42,8.42,348.93
1650854400000,8.42,8.42,8.41,8.42,594.15
1650854460000,8.42,8.42,8.42,8.42,268.67
1650854520000,8.42,8.42,8.41,8.41,86.46
1650854580000,8.42,8.43,8.41,8.42,974.92
1650854640000,8.42,8.42,8.41,8.42,24.38
1650854700000,8.42,8.43,8.42,8.43,144.79
1650854760000,8.42,8.43,8.42,8.42,114.1
1650854820000,8.42,8.42,8.42,8.42,0.0
1650854880000,8.43,8.43,8.43,8.43,168.94
1650854940000,8.42,8.44,8.42,8.43,934.18
1650855000000,8.43,8.43,8.43,8.43,0.0
1650855060000,8.43,8.45,8.43,8.44,620.66
1650855120000,8.44,8.45,8.44,8.44,1018.25
1650855180000,8.45,8.46,8.44,8.45,585.04
1650855240000,8.45,8.46,8.44,8.44,1410.84
1650855300000,8.45,8.45,8.44,8.44,600.48
1650855360000,8.45,8.45,8.45,8.45,26.75
1650855420000,8.45,8.45,8.44,8.45,106.37
1650855480000,8.45,8.46,8.45,8.46,18.48
1650855540000,8.45,8.46,8.45,8.46,525.21
1650855600000,8.45,8.46,8.45,8.45,61.84
1650855660000,8.46,8.47,8.45,8.46,1438.2
1650855720000,8.46,8.47,8.46,8.46,263.86
1650855780000,8.46,8.46,8.46,8.46,2.5
1650855840000,8.46,8.47,8.46,8.46,891.25
1650855900000,8.47,8.47,8.47,8.47,190.93
1650855960000,8.46,8.46,8.46,8.46,491.38
1650856020000,8.45,8.46,8.45,8.46,191.81
1650856080000,8.47,8.47,8.46,8.47,63.79
1650856140000,8.47,8.47,8.47,8.47,83.17
1650856200000,8.46,8.47,8.46,8.47,963.34
1650856260000,8.47,8.47,8.47,8.47,279.23
1650856320000,8.48,8.48,8.46,8.48,444.43
1650856380000,8.48,8.48,8.47,8.48,61.58
1650856440000,8.47,8.48,8.47,8.48,814.12
1650856500000,8.48,8.48,8.48,8.48,232.82
1650856560000,8.49,8.5,8.48,8.5,1149.09
1650856620000,8.49,8.5,8.49,8.49,1207.35
1650856680000,8.49,8.5,8.49,8.49,235.17
1650856740000,8.49,8.5,8.49,8.5,604.46
1650856800000,8.5,8.51,8.5,8.5,1195.93
1650856860000,8.51,8.51,8.5,8.51,601.0
1650856920000,8.5,8.5,8.5,8.5,807.79
1650856980000,8.51,8.51,8.51,8.51,8.14
1650857040000,8.51,8.51,8.51,8.51,0.0
1650857100000,8.51,8.51,8.51,8.51,12.86
1650857160000,8.51,8.52,8.51,8.52,590.8
1650857220000,8.51,8.52,8.51,8.51,1285.59
1650857280000,8.51,8.51,8.51,8.51,473.75
1650857340000,8.51,8.52,8.51,8.52,398.65
1650857400000,8.52,8.52,8.52,8.52,2.93
1650857460000,8.51,8.52,8.51,8.52,177.43
1650857520000,8.52,8.53,8.5,8.52,6567.54
1650857580000,8.52,8.54,8.52,8.53,11792.42
1650857640000,8.53,8.54,8.52,8.53,2117.66
1650857700000,8.53,8.55,8.53,8.53,9742.88
1650857760000,8.53,8.54,8.53,8.53,2851.46
1650857820000,8.53,8.53,8.53,8.53,0.0
1650857880000,8.53,8.53,8.53,8.53,0.0
1650857940000,8.54,8.55,8.54,8.55,172.35
1650858000000,8.54,8.55,8.53,8.54,707.12
1650858060000,8.54,8.54,8.54,8.54,0.0
1650858120000,8.55,8.55,8.55,8.55,158.04
1650858180000,8.55,8.57,8.55,8.56,5904.06
1650858240000,8.56,8.56,8.55,8.56,1576.68
1650858300000,8.56,8.57,8.55,8.55,1557.02
1650858360000,8.55,8.58,8.55,8.57,10831.22
1650858420000,8.57,8.58,8.57,8.58,934.41
1650858480000,8.57,8.58,8.57,8.58,316.14
1650858540000,8.58,8.58,8.57,8.58,1564.99
1650858600000,8.58,8.58,8.57,8.57,61.16
1650858660000,8.57,8.59,8.57,8.59,963.86
1650858720000,8.58,8.58,8.57,8.58,799.15
1650858780000,8.58,8.58,8.58,8.58,0.0
1650858840000,8.58,8.58,8.57,8.57,1561.59
1650858900000,8.58,8.58,8.57,8.57,211.46
1650858960000,8.57,8.57,8.57,8.57,7.12
1650859020000,8.58,8.58,8.58,8.58,1.5
1650859080000,8.58,8.59,8.58,8.58,2756.63
1650859140000,8.58,8.58,8.58,8.58,664.08
1650859200000,8.58,8.58,8.57,8.57,5.68
1650859260000,8.57,8.57,8.57,8.57,0.0
1650859320000,8.58,8.58,8.58,8.58,230.44
1650859380000,8.58,8.58,8.55,8.56,2556.2
1650859440000,8.56,8.57,8.55,8.57,64.75
1650859500000,8.56,8.57,8.56,8.56,78.43
1650859560000,8.56,8.57,8.56,8.57,902.04
1650859620000,8.57,8.57,8.57,8.57,0.0
1650859680000,8.57,8.58,8.56,8.57,61.97
1650859740000,8.57,8.57,8.56,8.56,210.33
1650859800000,8.57,8.57,8.56,8.56,9.65
1650859860000,8.56,8.56,8.56,8.56,667.31
1650859920000,8.56,8.57,8.56,8.57,13.93
1650859980000,8.57,8.57,8.5,8.51,26033.15
1650860040000,8.52,8.54,8.51,8.53,5309.28
1650860100000,8.53,8.53,8.52,8.52,1430.82
1650860160000,8.53,8.53,8.52,8.53,928.49
1650860220000,8.53,8.53,8.53,8.53,3.01
1650860280000,8.52,8.53,8.52,8.53,59.46
1650860340000,8.53,8.53,8.51,8.51,690.27
1650860400000,8.52,8.52,8.52,8.52,414.42
1650860460000,8.53,8.53,8.52,8.52,41.08
1650860520000,8.52,8.53,8.52,8.53,551.34
1650860580000,8.53,8.53,8.53,8.53,265.86
1650860640000,8.53,8.53,8.53,8.53,1.43
1650860700000,8.53,8.53,8.52,8.53,981.51
1650860760000,8.53,8.53,8.52,8.53,221.32
1650860820000,8.53,8.53,8.53,8.53,9.25
1650860880000,8.52,8.52,8.51,8.52,2715.09
1650860940000,8.52,8.52,8.52,8.52,3.58
1650861000000,8.51,8.51,8.51,8.51,518.81
1650861060000,8.51,8.53,8.51,8.52,1921.69
1650861120000,8.52,8.52,8.52,8.52,0.0
1650861180000,8.51,8.51,8.5,8.5,277.2
1650861240000,8.51,8.51,8.51,8.51,270.98
1650861300000,8.52,8.52,8.52,8.52,4.76
1650861360000,8.52,8.52,8.51,8.52,132.15
1650861420000,8.51,8.52,8.51,8.52,26.17
1650861480000,8.52,8.52,8.52,8.52,0.0
1650861540000,8.52,8.52,8.52,8.52,99.95
1650861600000,8.51,8.51,8.51,8.51,239.41
1650861660000,8.51,8.51,8.49,8.5,1392.0
1650861720000,8.5,8.5,8.49,8.5,4339.19
1650861780000,8.5,8.51,8.49,8.51,250.52
1650861840000,8.5,8.51,8.5,8.51,39.87
1650861900000,8.5,8.51,8.49,8.49,380.3
1650861960000,8.5,8.51,8.49,8.49,700.87
1650862020000,8.49,8.5,8.49,8.49,310.45
1650862080000,8.49,8.5,8.49,8.49,536.48
1650862140000,8.49,8.5,8.49,8.5,435.48
1650862200000,8.5,8.51,8.49,8.49,383.62
1650862260000,8.49,8.5,8.49,8.49,523.92
1650862320000,8.49,8.5,8.49,8.49,321.28
1650862380000,8.49,8.5,8.49,8.49,436.84
1650862440000,8.49,8.49,8.48,8.48,766.28
1650862500000,8.48,8.5,8.48,8.48,1692.34
1650862560000,8.49,8.49,8.48,8.48,443.46
1650862620000,8.48,8.49,8.48,8.49,290.14
1650862680000,8.48,8.49,8.47,8.48,1121.55
1650862740000,8.48,8.48,8.48,8.48,302.02
1650862800000,8.49,8.49,8.47,8.48,694.04
1650862860000,8.48,8.5,8.48,8.5,2537.77
1650862920000,8.49,8.49,8.48,8.48,601.61
1650862980000,8.48,8.49,8.48,8.48,283.37
1650863040000,8.48,8.49,8.48,8.48,360.42
1650863100000,8.48,8.48,8.47,8.47,830.44
1650863160000,8.47,8.48,8.46,8.46,874.36
1650863220000,8.46,8.47,8.44,8.44,2173.09
1650863280000,8.44,8.45,8.42,8.42,1083.57
1650863340000,8.43,8.45,8.42,8.44,2359.49
1650863400000,8.44,8.44,8.43,8.44,463.93
1650863460000,8.45,8.45,8.44,8.45,2420.94
1650863520000,8.44,8.45,8.44,8.44,1639.21
1650863580000,8.44,8.45,8.44,8.45,670.93
1650863640000,8.45,8.47,8.45,8.46,1032.76
1650863700000,8.47,8.47,8.46,8.46,592.68
1650863760000,8.46,8.47,8.46,8.47,1429.97
1650863820000,8.47,8.48,8.47,8.48,1097.93
1650863880000,8.49,8.49,8.48,8.48,469.96
1650863940000,8.48,8.48,8.48,8.48,388.06
1650864000000,8.48,8.49,8.48,8.49,486.41
1650864060000,8.48,8.48,8.47,8.47,4360.21
1650864120000,8.47,8.48,8.47,8.48,486.05
1650864180000,8.47,8.47,8.47,8.47,2085.16
1650864240000,8.46,8.48,8.46,8.47,242.97
1650864300000,8.47,8.47,8.46,8.46,5238.21
1650864360000,8.45,8.46,8.45,8.46,3571.85
1650864420000,8.47,8.47,8.47,8.47,11.8
1650864480000,8.46,8.46,8.45,8.45,506.58
1650864540000,8.46,8.46,8.46,8.46,11.82
1650864600000,8.46,8.46,8.46,8.46,0.0
1650864660000,8.45,8.45,8.44,8.44,500.86
1650864720000,8.44,8.44,8.44,8.44,8.61
1650864780000,8.44,8.44,8.43,8.43,1034.56
1650864840000,8.43,8.43,8.43,8.43,272.63
1650864900000,8.43,8.43,8.42,8.43,6386.92
1650864960000,8.43,8.43,8.42,8.43,24.9
1650865020000,8.43,8.43,8.43,8.43,0.0
1650865080000,8.43,8.43,8.43,8.43,61.64
1650865140000,8.42,8.43,8.42,8.43,31.57
1650865200000,8.43,8.43,8.42,8.42,3.53
1650865260000,8.42,8.42,8.42,8.42,1777.64
1650865320000,8.42,8.42,8.4,8.41,2426.46
1650865380000,8.41,8.41,8.39,8.39,1500.08
1650865440000,8.4,8.41,8.4,8.41,900.13
1650865500000,8.4,8.42,8.4,8.42,705.65
1650865560000,8.41,8.41,8.4,8.4,721.42
1650865620000,8.4,8.41,8.38,8.4,28842.93
1650865680000,8.39,8.4,8.39,8.39,465.35
1650865740000,8.4,8.4,8.39,8.4,37.47
1650865800000,8.39,8.39,8.37,8.37,1173.71
1650865860000,8.37,8.38,8.36,8.37,3425.03
1650865920000,8.37,8.39,8.37,8.39,430.76
1650865980000,8.39,8.39,8.39,8.39,4.15
1650866040000,8.39,8.39,8.39,8.39,104.5
1650866100000,8.39,8.39,8.38,8.38,26.33
1650866160000,8.39,8.4,8.38,8.4,1378.59
1650866220000,8.4,8.4,8.38,8.38,329.25
1650866280000,8.39,8.4,8.39,8.4,410.34
1650866340000,8.39,8.39,8.39,8.39,134.83
1650866400000,8.39,8.4,8.39,8.4,1134.99
1650866460000,8.4,8.4,8.37,8.39,8090.46
1650866520000,8.38,8.39,8.38,8.39,507.04
1650866580000,8.38,8.39,8.37,8.37,615.11
1650866640000,8.38,8.38,8.37,8.37,193.98
1650866700000,8.38,8.38,8.36,8.36,846.78
1650866760000,8.36,8.36,8.34,8.34,8210.19
1650866820000,8.34,8.36,8.33,8.35,6120.42
1650866880000,8.35,8.35,8.34,8.35,365.87
1650866940000,8.35,8.36,8.35,8.35,90.46
1650867000000,8.36,8.36,8.36,8.36,31.99
1650867060000,8.36,8.36,8.36,8.36,17.29
1650867120000,8.35,8.36,8.33,8.34,3785.24
1650867180000,8.33,8.34,8.33,8.34,1251.61
1650867240000,8.35,8.36,8.34,8.35,1325.17
1650867300000,8.35,8.36,8.34,8.34,1672.86
1650867360000,8.35,8.36,8.35,8.35,445.08
1650867420000,8.35,8.37,8.35,8.36,737.41
1650867480000,8.36,8.36,8.36,8.36,50.46
1650867540000,8.36,8.36,8.34,8.34,498.76
1650867600000,8.35,8.36,8.35,8.36,437.21
1650867660000,8.36,8.37,8.36,8.37,115.72
1650867720000,8.37,8.38,8.36,8.36,2380.85
1650867780000,8.37,8.37,8.36,8.37,319.12
1650867840000,8.38,8.39,8.38,8.39,1621.04
1650867900000,8.39,8.42,8.39,8.41,2190.52
1650867960000,8.41,8.41,8.34,8.4,35237.37
1650868020000,8.4,8.4,8.39,8.39,412.14
1650868080000,8.39,8.39,8.38,8.38,4831.51
1650868140000,8.38,8.39,8.38,8.38,567.0
1650868200000,8.38,8.4,8.38,8.38,1994.79
1650868260000,8.38,8.41,8.38,8.4,1893.01
1650868320000,8.39,8.46,8.39,8.46,27273.09
1650868380000,8.45,8.46,8.43,8.44,7175.73
1650868440000,8.43,8.44,8.42,8.42,1324.83
1650868500000,8.42,8.42,8.42,8.42,145.7
1650868560000,8.42,8.42,8.4,8.41,949.85
1650868620000,8.42,8.42,8.39,8.39,421.32
1650868680000,8.4,8.4,8.39,8.39,671.77
1650868740000,8.39,8.4,8.39,8.39,216.81
1650868800000,8.39,8.39,8.38,8.39,608.34
1650868860000,8.39,8.4,8.38,8.39,1102.41
1650868920000,8.4,8.4,8.39,8.4,252.95
1650868980000,8.4,8.41,8.37,8.38,2658.06
1650869040000,8.37,8.39,8.36,8.38,1470.95
1650869100000,8.39,8.39,8.37,8.38,1479.66
1650869160000,8.38,8.38,8.36,8.37,920.66
1650869220000,8.37,8.38,8.37,8.37,470.14
1650869280000,8.38,8.38,8.37,8.37,198.33
1650869340000,8.37,8.39,8.37,8.38,439.47
1650869400000,8.38,8.38,8.34,8.36,1763.6
1650869460000,8.35,8.37,8.34,8.36,2084.52
1650869520000,8.35,8.35,8.31,8.34,4656.69
1650869580000,8.33,8.35,8.31,8.33,1459.57
1650869640000,8.32,8.33,8.3,8.32,4152.42
1650869700000,8.32,8.32,8.28,8.29,9581.68
1650869760000,8.3,8.31,8.29,8.3,2618.66
1650869820000,8.31,8.31,8.29,8.3,2518.07
1650869880000,8.3,8.31,8.27,8.29,2519.09
1650869940000,8.28,8.3,8.27,8.3,4788.91
1650870000000,8.3,8.3,8.27,8.29,958.79
1650870060000,8.28,8.29,8.25,8.26,2331.23
1650870120000,8.25,8.28,8.21,8.22,9765.08
1650870180000,8.22,8.22,8.17,8.2,30765.47
1650870240000,8.21,8.22,8.18,8.18,15666.98
1650870300000,8.18,8.21,8.16,8.21,10041.46
1650870360000,8.21,8.21,8.19,8.19,1212.68
1650870420000,8.19,8.24,8.19,8.23,2813.17
1650870480000,8.24,8.24,8.21,8.21,1834.61
1650870540000,8.21,8.22,8.21,8.22,273.51
1650870600000,8.21,8.23,8.21,8.23,1554.79
1650870660000,8.22,8.23,8.21,8.23,953.43
1650870720000,8.22,8.23,8.21,8.21,180.25
1650870780000,8.21,8.24,8.21,8.23,1222.11
1650870840000,8.24,8.24,8.18,8.21,8221.53
1650870900000,8.2,8.22,8.19,8.19,6938.25
1650870960000,8.19,8.21,8.19,8.2,3889.94
1650871020000,8.2,8.23,8.2,8.22,529.18
1650871080000,8.22,8.23,8.22,8.22,244.31
1650871140000,8.23,8.23,8.22,8.23,601.14
1650871200000,8.22,8.23,8.21,8.22,884.91
1650871260000,8.21,8.22,8.18,8.19,4144.14
1650871320000,8.19,8.2,8.18,8.19,2440.06
1650871380000,8.2,8.21,8.19,8.21,299.44
1650871440000,8.21,8.21,8.2,8.21,468.04
1650871500000,8.22,8.24,8.22,8.22,2152.01
1650871560000,8.22,8.25,8.22,8.24,1694.88
1650871620000,8.23,8.25,8.22,8.22,1564.37
1650871680000,8.22,8.24,8.22,8.23,337.87
1650871740000,8.24,8.24,8.22,8.23,341.98
1650871800000,8.22,8.23,8.22,8.23,283.5
1650871860000,8.22,8.23,8.22,8.23,192.5
1650871920000,8.22,8.22,8.21,8.22,808.85
1650871980000,8.21,8.22,8.21,8.22,690.89
1650872040000,8.22,8.23,8.21,8.22,1666.13
1650872100000,8.22,8.24,8.22,8.23,730.15
1650872160000,8.24,8.25,8.23,8.24,892.59
1650872220000,8.23,8.24,8.22,8.23,1568.87
1650872280000,8.24,8.25,8.23,8.25,613.35
1650872340000,8.24,8.27,8.24,8.26,806.91
1650872400000,8.26,8.26,8.23,8.23,1438.24
1650872460000,8.24,8.24,8.23,8.23,190.22
1650872520000,8.23,8.23,8.22,8.22,625.89
1650872580000,8.23,8.25,8.23,8.24,854.9
1650872640000,8.25,8.25,8.24,8.24,513.49
1650872700000,8.24,8.25,8.24,8.24,174.53
1650872760000,8.25,8.25,8.24,8.24,152.31
1650872820000,8.24,8.25,8.23,8.24,188.94
1650872880000,8.25,8.25,8.24,8.24,175.29
1650872940000,8.25,8.25,8.24,8.24,508.48
1650873000000,8.23,8.24,8.22,8.23,608.45
1650873060000,8.22,8.22,8.21,8.21,3890.11
1650873120000,8.2,8.21,8.2,8.21,647.71
1650873180000,8.2,8.22,8.2,8.21,319.48
1650873240000,8.21,8.22,8.2,8.2,249.11
1650873300000,8.2,8.21,8.19,8.2,863.55
1650873360000,8.21,8.21,8.2,8.2,1156.94
1650873420000,8.21,8.21,8.19,8.21,1090.76
1650873480000,8.2,8.21,8.19,8.21,532.36
1650873540000,8.21,8.21,8.2,8.2,940.49
1650873600000,8.2,8.21,8.18,8.19,5441.52
1650873660000,8.19,8.19,8.18,8.18,766.74
1650873720000,8.19,8.21,8.18,8.19,1761.82
1650873780000,8.2,8.21,8.19,8.2,472.97
1650873840000,8.21,8.22,8.2,8.22,11851.11
1650873900000,8.22,8.24,8.21,8.23,2716.76
1650873960000,8.23,8.24,8.23,8.23,276.23
1650874020000,8.24,8.25,8.23,8.24,713.36
1650874080000,8.24,8.26,8.24,8.24,786.86
1650874140000,8.25,8.25,8.24,8.24,140.27
1650874200000,8.24,8.25,8.24,8.25,331.56
1650874260000,8.24,8.26,8.24,8.25,743.92
1650874320000,8.24,8.26,8.24,8.26,1246.4
1650874380000,8.26,8.26,8.24,8.25,925.0
1650874440000,8.25,8.25,8.24,8.24,730.39
1650874500000,8.24,8.25,8.23,8.24,312.18
1650874560000,8.24,8.26,8.24,8.25,507.55
1650874620000,8.26,8.26,8.24,8.25,296.06
1650874680000,8.25,8.25,8.24,8.24,146.72
1650874740000,8.25,8.25,8.24,8.25,148.39
1650874800000,8.25,8.25,8.24,8.24,219.34
1650874860000,8.24,8.25,8.24,8.24,181.11
1650874920000,8.25,8.25,8.24,8.24,222.85
1650874980000,8.25,8.25,8.23,8.24,871.52
1650875040000,8.24,8.24,8.23,8.23,220.94
1650875100000,8.23,8.23,8.23,8.23,133.24
1650875160000,8.23,8.24,8.22,8.23,2385.81
1650875220000,8.22,8.23,8.21,8.21,879.88
1650875280000,8.21,8.22,8.21,8.21,279.16
1650875340000,8.21,8.22,8.2,8.2,1409.05
1650875400000,8.21,8.23,8.21,8.23,908.71
1650875460000,8.22,8.23,8.22,8.23,145.55
1650875520000,8.22,8.23,8.22,8.23,852.7
1650875580000,8.22,8.23,8.22,8.22,155.44
1650875640000,8.23,8.23,8.22,8.22,429.0
1650875700000,8.22,8.24,8.22,8.24,263.14
1650875760000,8.24,8.25,8.24,8.25,366.38
1650875820000,8.24,8.26,8.24,8.25,583.64
1650875880000,8.26,8.27,8.25,8.26,939.65
1650875940000,8.25,8.26,8.25,8.25,132.63
1650876000000,8.25,8.27,8.25,8.26,789.68
1650876060000,8.26,8.27,8.26,8.27,149.82
1650876120000,8.27,8.28,8.26,8.27,544.6
1650876180000,8.26,8.27,8.26,8.26,153.68
1650876240000,8.26,8.27,8.26,8.26,255.51
1650876300000,8.26,8.28,8.26,8.27,1205.61
1650876360000,8.27,8.28,8.26,8.26,273.31
1650876420000,8.26,8.27,8.25,8.25,272.63
1650876480000,8.26,8.26,8.25,8.25,141.37
1650876540000,8.25,8.26,8.24,8.26,526.72
1650876600000,8.25,8.26,8.25,8.25,144.87
1650876660000,8.25,8.26,8.24,8.25,480.55
1650876720000,8.25,8.25,8.24,8.24,379.35
1650876780000,8.23,8.24,8.23,8.24,351.05
1650876840000,8.23,8.23,8.23,8.23,627.1
1650876900000,8.24,8.24,8.22,8.22,279.01
1650876960000,8.22,8.23,8.22,8.22,256.82
1650877020000,8.22,8.23,8.22,8.22,214.84
1650877080000,8.22,8.23,8.22,8.23,277.47
1650877140000,8.22,8.23,8.21,8.22,496.33
1650877200000,8.22,8.23,8.21,8.23,441.67
1650877260000,8.22,8.22,8.2,8.2,1798.8
1650877320000,8.21,8.24,8.21,8.23,1279.07
1650877380000,8.22,8.22,8.21,8.21,203.99
1650877440000,8.22,8.23,8.22,8.22,139.86
1650877500000,8.22,8.23,8.22,8.22,197.55
1650877560000,8.23,8.25,8.22,8.25,878.99
1650877620000,8.25,8.26,8.25,8.26,699.05
1650877680000,8.26,8.26,8.25,8.25,843.01
1650877740000,8.26,8.27,8.25,8.26,1154.03
1650877800000,8.25,8.26,8.24,8.25,900.58
1650877860000,8.25,8.26,8.24,8.24,2055.99
1650877920000,8.25,8.25,8.23,8.23,939.32
1650877980000,8.23,8.25,8.23,8.25,917.84
1650878040000,8.24,8.25,8.24,8.24,200.3
1650878100000,8.23,8.25,8.23,8.24,379.36
1650878160000,8.25,8.25,8.22,8.22,2861.31
1650878220000,8.22,8.22,8.2,8.2,1037.95
1650878280000,8.2,8.23,8.2,8.23,1233.02
1650878340000,8.23,8.23,8.22,8.23,591.1
1650878400000,8.22,8.22,8.21,8.22,523.12
1650878460000,8.22,8.23,8.22,8.22,598.46
1650878520000,8.23,8.24,8.22,8.23,946.65
1650878580000,8.22,8.23,8.22,8.23,310.46
1650878640000,8.21,8.22,8.19,8.22,2300.49
1650878700000,8.23,8.26,8.23,8.24,12305.01
1650878760000,8.24,8.25,8.23,8.23,799.4
1650878820000,8.24,8.25,8.23,8.24,683.81
1650878880000,8.24,8.25,8.24,8.24,169.96
1650878940000,8.24,8.25,8.24,8.24,539.64
1650879000000,8.24,8.26,8.24,8.25,1497.59
1650879060000,8.24,8.28,8.24,8.26,3202.86
1650879120000,8.25,8.29,8.25,8.29,2148.88
1650879180000,8.28,8.3,8.28,8.3,1678.22
1650879240000,8.29,8.31,8.29,8.3,2026.05
1650879300000,8.31,8.32,8.29,8.32,709.59
1650879360000,8.31,8.31,8.3,8.31,1216.31
1650879420000,8.3,8.32,8.3,8.31,521.86
1650879480000,8.31,8.32,8.3,8.3,1056.56
1650879540000,8.31,8.32,8.29,8.31,2620.4
1650879600000,8.31,8.32,8.31,8.32,2851.21
1650879660000,8.32,8.33,8.32,8.32,696.36
1650879720000,8.32,8.32,8.31,8.31,173.3
1650879780000,8.31,8.31,8.3,8.31,945.0
1650879840000,8.31,8.31,8.31,8.31,338.45
1650879900000,8.32,8.33,8.31,8.31,365.1
1650879960000,8.31,8.32,8.31,8.32,155.85
1650880020000,8.33,8.33,8.31,8.31,238.79
1650880080000,8.31,8.32,8.31,8.31,151.79
1650880140000,8.32,8.32,8.31,8.31,191.08
1650880200000,8.32,8.33,8.31,8.33,1870.18
1650880260000,8.32,8.33,8.31,8.32,2713.15
1650880320000,8.31,8.32,8.31,8.32,204.19
1650880380000,8.31,8.32,8.31,8.31,1077.71
1650880440000,8.31,8.33,8.31,8.33,571.1
1650880500000,8.32,8.32,8.31,8.32,142.85
1650880560000,8.32,8.32,8.31,8.31,168.58
1650880620000,8.31,8.33,8.31,8.33,2155.86
1650880680000,8.32,8.33,8.32,8.33,344.03
1650880740000,8.33,8.34,8.32,8.34,1541.65
1650880800000,8.33,8.34,8.33,8.33,181.48
1650880860000,8.34,8.34,8.33,8.33,182.76
1650880920000,8.34,8.34,8.33,8.33,176.01
1650880980000,8.33,8.34,8.32,8.32,495.75
1650881040000,8.32,8.33,8.31,8.31,286.94
1650881100000,8.31,8.32,8.29,8.29,3266.7
1650881160000,8.3,8.31,8.29,8.31,512.32
1650881220000,8.3,8.31,8.3,8.3,595.82
1650881280000,8.3,8.3,8.3,8.3,359.94
1650881340000,8.3,8.31,8.3,8.3,785.47
1650881400000,8.29,8.29,8.29,8.29,402.56
1650881460000,8.28,8.3,8.28,8.29,499.09
1650881520000,8.29,8.31,8.29,8.31,183.1
1650881580000,8.3,8.3,8.29,8.3,196.67
1650881640000,8.29,8.3,8.29,8.3,370.2
1650881700000,8.29,8.3,8.29,8.3,430.28
1650881760000,8.3,8.31,8.29,8.31,499.8
1650881820000,8.3,8.3,8.29,8.3,267.16
1650881880000,8.3,8.31,8.3,8.3,141.26
1650881940000,8.3,8.31,8.3,8.3,1080.35
1650882000000,8.3,8.31,8.3,8.31,453.31
1650882060000,8.32,8.32,8.3,8.31,383.67
1650882120000,8.3,8.31,8.3,8.31,656.77
1650882180000,8.31,8.34,8.31,8.32,3261.62
1650882240000,8.31,8.33,8.31,8.31,375.96
1650882300000,8.32,8.33,8.3,8.31,1580.44
1650882360000,8.31,8.32,8.3,8.3,747.33
1650882420000,8.31,8.31,8.3,8.3,304.08
1650882480000,8.31,8.32,8.3,8.3,389.05
1650882540000,8.31,8.31,8.3,8.31,697.24
1650882600000,8.31,8.31,8.31,8.31,564.7
1650882660000,8.31,8.32,8.3,8.31,474.78
1650882720000,8.3,8.31,8.29,8.29,819.6
1650882780000,8.29,8.3,8.29,8.29,274.11
1650882840000,8.29,8.3,8.29,8.29,218.98
1650882900000,8.29,8.29,8.29,8.29,824.41
1650882960000,8.29,8.31,8.29,8.31,1710.33
1650883020000,8.3,8.3,8.29,8.29,1047.31
1650883080000,8.3,8.31,8.29,8.31,333.37
1650883140000,8.3,8.3,8.29,8.29,148.72
1650883200000,8.29,8.31,8.29,8.3,545.24
1650883260000,8.3,8.31,8.3,8.3,823.08
1650883320000,8.3,8.3,8.3,8.3,129.0
1650883380000,8.31,8.31,8.3,8.3,163.99
1650883440000,8.31,8.31,8.29,8.29,155.16
1650883500000,8.3,8.3,8.29,8.3,363.26
1650883560000,8.31,8.31,8.3,8.3,199.13
1650883620000,8.31,8.31,8.3,8.3,154.44
1650883680000,8.3,8.31,8.29,8.3,440.38
1650883740000,8.3,8.3,8.29,8.3,268.68
1650883800000,8.3,8.31,8.3,8.3,168.52
1650883860000,8.3,8.3,8.29,8.29,278.23
1650883920000,8.3,8.3,8.29,8.29,363.11
1650883980000,8.29,8.3,8.29,8.3,913.51
1650884040000,8.29,8.29,8.28,8.28,508.81
1650884100000,8.28,8.29,8.28,8.29,537.72
1650884160000,8.28,8.29,8.28,8.29,258.1
1650884220000,8.28,8.29,8.28,8.28,639.44
1650884280000,8.28,8.28,8.28,8.28,251.78
1650884340000,8.28,8.29,8.26,8.28,2151.08
1650884400000,8.28,8.28,8.27,8.27,542.14
1650884460000,8.27,8.27,8.26,8.27,340.16
1650884520000,8.28,8.29,8.28,8.28,5003.18
1650884580000,8.28,8.28,8.26,8.27,1374.81
1650884640000,8.28,8.28,8.27,8.28,548.63
1650884700000,8.28,8.28,8.27,8.27,600.28
1650884760000,8.27,8.29,8.27,8.28,388.02
1650884820000,8.28,8.29,8.27,8.28,789.06
1650884880000,8.28,8.29,8.27,8.27,430.2
1650884940000,8.28,8.28,8.27,8.28,1860.74
1650885000000,8.28,8.3,8.28,8.28,1132.59
1650885060000,8.28,8.29,8.27,8.27,158.45
1650885120000,8.28,8.28,8.25,8.26,1758.65
1650885180000,8.25,8.27,8.25,8.26,1077.55
1650885240000,8.26,8.29,8.26,8.28,3330.56
1650885300000,8.28,8.31,8.27,8.31,2987.67
1650885360000,8.3,8.3,8.27,8.28,1414.82
1650885420000,8.27,8.28,8.26,8.28,761.91
1650885480000,8.28,8.29,8.27,8.28,1306.09
1650885540000,8.28,8.29,8.27,8.27,163.23
1650885600000,8.28,8.29,8.28,8.28,1195.9
1650885660000,8.28,8.31,8.28,8.3,1335.06
1650885720000,8.3,8.33,8.3,8.33,2420.44
1650885780000,8.33,8.36,8.32,8.35,5736.03
1650885840000,8.35,8.39,8.35,8.38,5964.34
1650885900000,8.39,8.39,8.35,8.36,10359.03
1650885960000,8.36,8.37,8.35,8.35,3132.9
1650886020000,8.35,8.36,8.31,8.33,2826.52
1650886080000,8.33,8.35,8.33,8.33,1460.2
1650886140000,8.34,8.35,8.33,8.34,641.83
1650886200000,8.35,8.39,8.35,8.37,8963.43
1650886260000,8.36,8.38,8.36,8.36,754.44
1650886320000,8.37,8.37,8.37,8.37,758.41
1650886380000,8.38,8.39,8.37,8.37,891.73
1650886440000,8.37,8.37,8.37,8.37,407.87
1650886500000,8.37,8.39,8.35,8.38,1089.73
1650886560000,8.38,8.38,8.37,8.37,186.45
1650886620000,8.37,8.38,8.37,8.38,2671.56
1650886680000,8.38,8.38,8.38,8.38,49.91
1650886740000,8.38,8.38,8.37,8.37,490.39
1650886800000,8.36,8.37,8.36,8.36,124.46
1650886860000,8.36,8.37,8.36,8.37,160.0
1650886920000,8.37,8.38,8.37,8.38,1775.54
1650886980000,8.38,8.38,8.36,8.36,124.31
1650887040000,8.37,8.4,8.37,8.39,2641.79
1650887100000,8.39,8.39,8.38,8.39,293.86
1650887160000,8.39,8.4,8.39,8.4,595.98
1650887220000,8.39,8.42,8.39,8.42,1143.35
1650887280000,8.41,8.44,8.41,8.44,1993.65
1650887340000,8.43,8.45,8.42,8.42,2177.81
1650887400000,8.43,8.43,8.42,8.43,531.05
1650887460000,8.43,8.44,8.43,8.43,900.0
1650887520000,8.44,8.45,8.43,8.43,213.81
1650887580000,8.44,8.44,8.42,8.43,4953.82
1650887640000,8.44,8.44,8.42,8.42,2071.45
1650887700000,8.43,8.44,8.43,8.43,1120.82
1650887760000,8.44,8.44,8.42,8.43,238.83
1650887820000,8.44,8.44,8.43,8.43,623.61
1650887880000,8.42,8.43,8.42,8.43,904.22
1650887940000,8.43,8.43,8.43,8.43,113.98
1650888000000,8.44,8.48,8.43,8.45,18427.9
1650888060000,8.46,8.47,8.45,8.45,812.27
1650888120000,8.45,8.46,8.44,8.45,1071.65
1650888180000,8.46,8.47,8.46,8.46,169.97
1650888240000,8.46,8.47,8.45,8.45,205.94
1650888300000,8.46,8.46,8.45,8.46,544.54
1650888360000,8.46,8.46,8.44,8.45,696.42
1650888420000,8.45,8.45,8.45,8.45,1.24
1650888480000,8.45,8.46,8.45,8.45,169.99
1650888540000,8.45,8.45,8.45,8.45,6.05
1650888600000,8.45,8.45,8.45,8.45,37.1
1650888660000,8.45,8.45,8.44,8.44,539.75
1650888720000,8.45,8.46,8.43,8.46,1664.13
1650888780000,8.45,8.46,8.45,8.45,353.06
1650888840000,8.44,8.45,8.44,8.45,168.15
1650888900000,8.45,8.45,8.45,8.45,21.32
1650888960000,8.45,8.46,8.45,8.46,54.7
1650889020000,8.45,8.45,8.44,8.45,508.0
1650889080000,8.46,8.47,8.45,8.46,472.09
1650889140000,8.47,8.48,8.47,8.47,213.56
1650889200000,8.47,8.47,8.47,8.47,381.03
1650889260000,8.47,8.47,8.47,8.47,1767.23
1650889320000,8.46,8.46,8.46,8.46,109.41
1650889380000,8.46,8.48,8.46,8.47,728.48
1650889440000,8.48,8.5,8.48,8.49,1954.49
1650889500000,8.49,8.51,8.48,8.5,20176.29
1650889560000,8.5,8.51,8.5,8.5,833.52
1650889620000,8.49,8.5,8.49,8.5,514.41
1650889680000,8.51,8.51,8.5,8.5,731.57
1650889740000,8.5,8.52,8.5,8.51,111.98
1650889800000,8.52,8.52,8.5,8.5,1957.11
1650889860000,8.5,8.51,8.49,8.49,2209.53
1650889920000,8.5,8.5,8.49,8.5,95.35
1650889980000,8.5,8.51,8.5,8.5,1403.82
1650890040000,8.5,8.5,8.49,8.5,770.97
1650890100000,8.51,8.51,8.51,8.51,60.51
1650890160000,8.5,8.5,8.49,8.49,524.71
1650890220000,8.49,8.5,8.49,8.5,294.8
1650890280000,8.5,8.5,8.5,8.5,0.0
1650890340000,8.5,8.5,8.49,8.5,93.9
1650890400000,8.49,8.5,8.49,8.49,674.31
1650890460000,8.49,8.5,8.48,8.49,1074.65
1650890520000,8.5,8.5,8.49,8.49,61.06
1650890580000,8.49,8.49,8.47,8.48,674.31
1650890640000,8.49,8.49,8.48,8.48,218.69
1650890700000,8.48,8.48,8.48,8.48,15.0
1650890760000,8.48,8.49,8.48,8.48,1247.31
1650890820000,8.48,8.48,8.47,8.48,2005.04
1650890880000,8.48,8.49,8.48,8.48,592.36
1650890940000,8.48,8.49,8.47,8.49,65.49
1650891000000,8.49,8.49,8.47,8.47,270.16
1650891060000,8.47,8.48,8.47,8.47,62.02
1650891120000,8.47,8.47,8.47,8.47,62.59
1650891180000,8.48,8.48,8.47,8.48,164.13
1650891240000,8.47,8.47,8.47,8.47,94.62
1650891300000,8.48,8.48,8.47,8.47,57.42
1650891360000,8.48,8.48,8.47,8.47,115.26
1650891420000,8.48,8.48,8.48,8.48,333.01
1650891480000,8.47,8.48,8.47,8.48,93.95
1650891540000,8.48,8.48,8.47,8.48,57.06
1650891600000,8.48,8.48,8.46,8.47,2607.37
1650891660000,8.47,8.48,8.47,8.47,555.36
1650891720000,8.48,8.48,8.47,8.47,173.04
1650891780000,8.47,8.48,8.47,8.48,20.01
1650891840000,8.48,8.48,8.46,8.46,513.79
1650891900000,8.46,8.46,8.43,8.45,4206.96
1650891960000,8.45,8.46,8.45,8.45,75.56
1650892020000,8.46,8.47,8.44,8.44,2391.29
1650892080000,8.45,8.46,8.45,8.45,222.26
1650892140000,8.46,8.47,8.46,8.46,100.16
1650892200000,8.45,8.46,8.45,8.45,320.44
1650892260000,8.45,8.45,8.45,8.45,375.65
1650892320000,8.45,8.46,8.45,8.45,458.22
1650892380000,8.46,8.46,8.45,8.46,287.09
1650892440000,8.47,8.47,8.47,8.47,115.55
1650892500000,8.46,8.46,8.45,8.45,669.77
1650892560000,8.46,8.46,8.45,8.46,801.29
1650892620000,8.45,8.46,8.45,8.45,364.18
1650892680000,8.46,8.46,8.46,8.46,14.07
1650892740000,8.46,8.46,8.44,8.45,5563.24
1650892800000,8.44,8.45,8.44,8.45,262.57
1650892860000,8.45,8.45,8.44,8.44,111.65
1650892920000,8.45,8.45,8.45,8.45,33.52
1650892980000,8.45,8.45,8.45,8.45,205.79
1650893040000,8.45,8.45,8.44,8.44,490.52
1650893100000,8.44,8.46,8.44,8.45,254.95
1650893160000,8.46,8.46,8.45,8.45,1033.36
1650893220000,8.45,8.45,8.43,8.45,1824.7
1650893280000,8.44,8.45,8.43,8.45,105.94
1650893340000,8.45,8.45,8.45,8.45,118.34
1650893400000,8.45,8.45,8.44,8.44,345.16
1650893460000,8.43,8.43,8.39,8.4,6132.85
1650893520000,8.4,8.42,8.4,8.42,2371.22
1650893580000,8.42,8.42,8.41,8.41,1446.26
1650893640000,8.4,8.41,8.4,8.41,2659.04
1650893700000,8.42,8.45,8.42,8.45,701.28
1650893760000,8.44,8.49,8.44,8.49,3303.38
1650893820000,8.5,8.54,8.49,8.51,9476.33
1650893880000,8.51,8.52,8.49,8.5,4123.67
1650893940000,8.5,8.51,8.48,8.48,4905.24
1650894000000,8.49,8.52,8.49,8.51,2966.42
1650894060000,8.51,8.54,8.51,8.53,1971.49
1650894120000,8.53,8.54,8.52,8.52,6717.74
1650894180000,8.53,8.55,8.53,8.54,3503.97
1650894240000,8.55,8.55,8.49,8.49,6040.27
1650894300000,8.5,8.5,8.49,8.49,1643.12
1650894360000,8.49,8.52,8.49,8.51,12257.94
1650894420000,8.51,8.52,8.51,8.51,697.17
1650894480000,8.52,8.52,8.5,8.51,4324.15
1650894540000,8.51,8.52,8.48,8.52,9369.49
1650894600000,8.52,8.53,8.51,8.53,3707.99
1650894660000,8.54,8.55,8.51,8.52,13991.14
1650894720000,8.52,8.52,8.5,8.51,1645.99
1650894780000,8.51,8.51,8.49,8.51,3256.25
1650894840000,8.51,8.51,8.5,8.5,1004.03
1650894900000,8.5,8.52,8.5,8.51,889.38
1650894960000,8.52,8.52,8.51,8.51,3286.34
1650895020000,8.51,8.51,8.49,8.51,2543.66
1650895080000,8.51,8.51,8.48,8.49,1487.29
1650895140000,8.49,8.49,8.47,8.47,1243.8
1650895200000,8.47,8.48,8.46,8.46,2293.03
1650895260000,8.46,8.47,8.46,8.47,50.22
1650895320000,8.47,8.47,8.45,8.47,2801.36
1650895380000,8.47,8.47,8.47,8.47,361.21
1650895440000,8.46,8.47,8.46,8.46,998.16
1650895500000,8.46,8.46,8.45,8.45,1365.77
1650895560000,8.46,8.47,8.46,8.47,1074.07
1650895620000,8.47,8.48,8.47,8.48,158.08
1650895680000,8.48,8.49,8.48,8.48,1773.45
1650895740000,8.49,8.49,8.49,8.49,19.86
1650895800000,8.48,8.49,8.48,8.49,184.6
1650895860000,8.49,8.5,8.49,8.5,81.35
1650895920000,8.49,8.49,8.49,8.49,80.13
1650895980000,8.49,8.49,8.44,8.46,2877.65
1650896040000,8.46,8.47,8.45,8.45,643.6
1650896100000,8.47,8.47,8.45,8.46,109.52
1650896160000,8.46,8.46,8.45,8.46,401.48
1650896220000,8.46,8.46,8.45,8.45,1979.14
1650896280000,8.45,8.45,8.44,8.45,1059.95
1650896340000,8.45,8.46,8.45,8.46,641.03
1650896400000,8.46,8.47,8.46,8.46,320.03
1650896460000,8.45,8.45,8.42,8.42,4130.23
1650896520000,8.42,8.45,8.42,8.45,1544.39
1650896580000,8.45,8.45,8.45,8.45,50.66
1650896640000,8.46,8.49,8.46,8.49,4575.49
1650896700000,8.5,8.5,8.49,8.5,395.76
1650896760000,8.5,8.51,8.5,8.5,511.87
1650896820000,8.51,8.52,8.5,8.52,948.92
1650896880000,8.51,8.52,8.51,8.52,254.59
1650896940000,8.52,8.53,8.52,8.52,913.52
1650897000000,8.52,8.54,8.52,8.54,2185.85
1650897060000,8.54,8.56,8.53,8.55,699.33
1650897120000,8.56,8.59,8.55,8.57,9122.94
1650897180000,8.57,8.58,8.56,8.56,739.35
1650897240000,8.57,8.59,8.57,8.58,864.53
1650897300000,8.58,8.59,8.58,8.58,445.69
1650897360000,8.59,8.6,8.58,8.6,2353.68
1650897420000,8.6,8.62,8.59,8.6,2400.81
1650897480000,8.6,8.6,8.59,8.59,2213.45
1650897540000,8.6,8.6,8.58,8.59,413.07
1650897600000,8.59,8.6,8.57,8.57,878.95
1650897660000,8.58,8.59,8.56,8.57,8007.89
1650897720000,8.57,8.58,8.57,8.58,267.73
1650897780000,8.59,8.59,8.57,8.58,425.04
1650897840000,8.58,8.58,8.56,8.57,2329.54
1650897900000,8.58,8.58,8.57,8.58,248.72
1650897960000,8.59,8.59,8.57,8.57,1266.56
1650898020000,8.57,8.59,8.57,8.59,1591.72
1650898080000,8.59,8.59,8.58,8.58,1277.82
1650898140000,8.58,8.58,8.58,8.58,0.0
1650898200000,8.59,8.59,8.58,8.59,211.67
1650898260000,8.59,8.59,8.57,8.57,1111.94
1650898320000,8.57,8.57,8.55,8.56,1674.78
1650898380000,8.55,8.56,8.54,8.55,955.58
1650898440000,8.55,8.57,8.55,8.57,4011.71
1650898500000,8.56,8.56,8.55,8.55,1710.04
1650898560000,8.56,8.56,8.55,8.55,66.23
1650898620000,8.56,8.56,8.55,8.55,260.72
1650898680000,8.55,8.56,8.54,8.55,2085.53
1650898740000,8.55,8.55,8.54,8.55,708.76
1650898800000,8.55,8.57,8.55,8.55,1706.62
1650898860000,8.55,8.55,8.52,8.53,1454.66
1650898920000,8.54,8.55,8.54,8.54,1229.66
1650898980000,8.55,8.55,8.55,8.55,19.96
1650899040000,8.55,8.56,8.55,8.55,428.24
1650899100000,8.56,8.56,8.53,8.54,215.89
1650899160000,8.54,8.55,8.54,8.54,368.97
1650899220000,8.55,8.55,8.55,8.55,166.09
1650899280000,8.55,8.55,8.55,8.55,141.22
1650899340000,8.56,8.56,8.55,8.55,32.53
1650899400000,8.56,8.56,8.54,8.55,116.27
1650899460000,8.55,8.57,8.55,8.57,548.24
1650899520000,8.57,8.59,8.56,8.59,971.92
1650899580000,8.59,8.6,8.57,8.57,1263.65
1650899640000,8.57,8.57,8.56,8.57,282.72
1650899700000,8.57,8.57,8.55,8.55,677.9
1650899760000,8.55,8.56,8.55,8.56,455.44
1650899820000,8.57,8.57,8.56,8.57,19.71
1650899880000,8.56,8.56,8.56,8.56,24.0
1650899940000,8.56,8.56,8.56,8.56,65.62
1650900000000,8.57,8.59,8.57,8.58,491.25
1650900060000,8.58,8.59,8.57,8.59,708.59
1650900120000,8.58,8.58,8.57,8.58,1174.13
1650900180000,8.58,8.58,8.57,8.57,475.75
1650900240000,8.58,8.58,8.58,8.58,29.11
1650900300000,8.58,8.58,8.58,8.58,76.85
1650900360000,8.59,8.59,8.59,8.59,106.05
1650900420000,8.58,8.59,8.58,8.58,532.53
1650900480000,8.58,8.58,8.57,8.58,619.98
1650900540000,8.57,8.57,8.56,8.56,1079.22
1650900600000,8.57,8.57,8.54,8.54,993.19
1650900660000,8.55,8.55,8.55,8.55,296.25
1650900720000,8.55,8.55,8.54,8.54,203.5
1650900780000,8.54,8.55,8.53,8.55,831.05
1650900840000,8.55,8.55,8.54,8.55,868.84
1650900900000,8.55,8.58,8.55,8.58,1773.05
1650900960000,8.57,8.58,8.57,8.57,661.29
1650901020000,8.57,8.57,8.56,8.56,440.39
1650901080000,8.56,8.56,8.55,8.55,277.62
1650901140000,8.55,8.56,8.55,8.56,240.22
1650901200000,8.56,8.56,8.55,8.55,210.93
1650901260000,8.55,8.56,8.55,8.55,265.76
1650901320000,8.56,8.56,8.55,8.55,27.88
1650901380000,8.55,8.55,8.55,8.55,80.66
1650901440000,8.56,8.56,8.54,8.54,302.91
1650901500000,8.55,8.55,8.53,8.53,1098.07
1650901560000,8.53,8.54,8.52,8.53,549.49
1650901620000,8.53,8.53,8.52,8.52,140.52
1650901680000,8.52,8.52,8.51,8.52,846.62
1650901740000,8.51,8.52,8.51,8.52,435.18
1650901800000,8.52,8.52,8.52,8.52,11.76
1650901860000,8.52,8.52,8.51,8.52,1035.61
1650901920000,8.52,8.52,8.51,8.52,259.32
1650901980000,8.52,8.52,8.52,8.52,439.42
1650902040000,8.52,8.53,8.5,8.5,2603.6
1650902100000,8.51,8.53,8.51,8.53,1371.15
1650902160000,8.53,8.53,8.52,8.53,437.41
1650902220000,8.52,8.53,8.52,8.53,241.07
1650902280000,8.53,8.53,8.52,8.53,221.93
1650902340000,8.53,8.53,8.52,8.52,158.31
1650902400000,8.53,8.53,8.51,8.51,2027.58
1650902460000,8.51,8.53,8.51,8.53,1001.66
1650902520000,8.53,8.53,8.51,8.52,882.93
1650902580000,8.52,8.53,8.51,8.53,384.15
1650902640000,8.52,8.54,8.52,8.53,2794.42
1650902700000,8.54,8.55,8.53,8.53,812.62
1650902760000,8.54,8.55,8.54,8.54,855.72
1650902820000,8.55,8.57,8.55,8.55,1372.46
1650902880000,8.56,8.56,8.55,8.56,225.22
1650902940000,8.55,8.56,8.55,8.56,190.82
1650903000000,8.56,8.57,8.56,8.57,431.95
1650903060000,8.57,8.58,8.57,8.57,870.55
1650903120000,8.57,8.57,8.56,8.56,49.24
1650903180000,8.57,8.59,8.57,8.59,1740.05
1650903240000,8.58,8.59,8.57,8.59,655.69
1650903300000,8.59,8.62,8.58,8.61,15851.92
1650903360000,8.62,8.62,8.59,8.6,1716.25
1650903420000,8.6,8.61,8.59,8.6,710.26
1650903480000,8.6,8.6,8.6,8.6,40.68
1650903540000,8.6,8.62,8.6,8.62,1385.6
1650903600000,8.62,8.62,8.6,8.6,4579.52
1650903660000,8.61,8.62,8.59,8.6,2100.27
1650903720000,8.6,8.61,8.6,8.61,13.61
1650903780000,8.6,8.61,8.6,8.61,294.94
1650903840000,8.61,8.62,8.6,8.62,1380.76
1650903900000,8.62,8.63,8.62,8.62,368.21
1650903960000,8.62,8.62,8.61,8.61,124.82
1650904020000,8.61,8.62,8.61,8.62,1734.2
1650904080000,8.61,8.62,8.61,8.62,126.29
1650904140000,8.62,8.62,8.62,8.62,111.93
1650904200000,8.63,8.63,8.62,8.63,34.3
1650904260000,8.62,8.63,8.62,8.62,385.36
1650904320000,8.63,8.64,8.63,8.63,826.65
1650904380000,8.64,8.64,8.63,8.64,739.19
1650904440000,8.64,8.65,8.64,8.64,167.45
1650904500000,8.64,8.65,8.63,8.63,270.27
1650904560000,8.63,8.65,8.63,8.64,681.99
1650904620000,8.63,8.64,8.63,8.64,32.98
1650904680000,8.63,8.64,8.63,8.64,486.98
1650904740000,8.64,8.68,8.64,8.66,6888.12
1650904800000,8.66,8.69,8.66,8.67,3957.89
1650904860000,8.66,8.68,8.66,8.67,420.05
1650904920000,8.67,8.67,8.64,8.66,7960.18
1650904980000,8.66,8.7,8.66,8.69,4245.02
1650905040000,8.69,8.69,8.67,8.67,1603.81
1650905100000,8.68,8.68,8.67,8.68,506.65
1650905160000,8.68,8.68,8.66,8.66,363.67
1650905220000,8.67,8.68,8.65,8.68,702.09
1650905280000,8.68,8.69,8.66,8.68,1290.82
1650905340000,8.68,8.7,8.67,8.69,2010.67
1650905400000,8.69,8.71,8.68,8.7,7492.68
1650905460000,8.69,8.7,8.69,8.7,582.53
1650905520000,8.7,8.71,8.7,8.7,486.11
1650905580000,8.71,8.71,8.68,8.7,19683.75
1650905640000,8.69,8.69,8.68,8.68,495.08
1650905700000,8.69,8.69,8.68,8.68,168.66
1650905760000,8.68,8.68,8.66,8.66,1626.03
1650905820000,8.66,8.67,8.65,8.67,770.28
1650905880000,8.66,8.66,8.64,8.64,3909.22
1650905940000,8.65,8.65,8.65,8.65,840.51
1650906000000,8.65,8.66,8.65,8.65,1838.87
1650906060000,8.64,8.64,8.64,8.64,615.31
1650906120000,8.65,8.66,8.65,8.66,1224.44
1650906180000,8.66,8.66,8.65,8.65,711.0
1650906240000,8.66,8.67,8.66,8.67,17.55
1650906300000,8.67,8.67,8.65,8.65,81.55
1650906360000,8.66,8.67,8.66,8.66,1140.05
1650906420000,8.67,8.67,8.66,8.67,1250.23
1650906480000,8.68,8.68,8.67,8.67,14.28
1650906540000,8.68,8.69,8.68,8.68,988.85
1650906600000,8.69,8.69,8.69,8.69,392.89
1650906660000,8.68,8.7,8.68,8.7,795.99
1650906720000,8.7,8.71,8.7,8.7,1111.52
1650906780000,8.7,8.71,8.7,8.71,1061.35
1650906840000,8.7,8.71,8.7,8.7,1006.09
1650906900000,8.71,8.72,8.71,8.71,2608.62
1650906960000,8.72,8.72,8.7,8.7,4326.95
1650907020000,8.7,8.7,8.7,8.7,756.44
1650907080000,8.71,8.71,8.71,8.71,145.8
1650907140000,8.7,8.7,8.7,8.7,32.79
1650907200000,8.7,8.7,8.7,8.7,150.59
1650907260000,8.71,8.71,8.71,8.71,12.73
1650907320000,8.7,8.7,8.68,8.68,3891.67
1650907380000,8.68,8.7,8.68,8.7,579.03
1650907440000,8.7,8.7,8.7,8.7,0.0
1650907500000,8.69,8.7,8.69,8.7,18.89
1650907560000,8.7,8.7,8.68,8.68,320.14
1650907620000,8.68,8.68,8.66,8.68,4122.72
1650907680000,8.68,8.68,8.68,8.68,21.56
1650907740000,8.67,8.67,8.67,8.67,200.11
1650907800000,8.67,8.68,8.65,8.67,1265.53
1650907860000,8.67,8.67,8.67,8.67,50.02
1650907920000,8.66,8.66,8.65,8.65,191.88
1650907980000,8.65,8.65,8.64,8.65,817.15
1650908040000,8.65,8.65,8.64,8.64,97.23
1650908100000,8.65,8.65,8.64,8.64,7.04
1650908160000,8.64,8.64,8.64,8.64,0.0
1650908220000,8.64,8.64,8.64,8.64,7.03
1650908280000,8.64,8.64,8.64,8.64,552.97
1650908340000,8.64,8.64,8.62,8.64,934.01
1650908400000,8.64,8.65,8.63,8.64,796.98
1650908460000,8.64,8.64,8.63,8.63,186.07
1650908520000,8.63,8.63,8.63,8.63,0.0
1650908580000,8.64,8.64,8.64,8.64,4.15
1650908640000,8.64,8.64,8.62,8.63,604.31
1650908700000,8.63,8.64,8.63,8.63,292.64
1650908760000,8.63,8.64,8.62,8.63,948.68
1650908820000,8.63,8.63,8.62,8.63,160.92
1650908880000,8.63,8.63,8.63,8.63,50.78
1650908940000,8.63,8.63,8.63,8.63,230.37
1650909000000,8.63,8.63,8.62,8.62,830.07
1650909060000,8.62,8.63,8.61,8.62,1775.19
1650909120000,8.62,8.63,8.62,8.62,1021.48
1650909180000,8.62,8.63,8.62,8.63,50.68
1650909240000,8.62,8.62,8.62,8.62,110.44
1650909300000,8.62,8.63,8.61,8.62,753.29
1650909360000,8.62,8.62,8.61,8.62,362.27
1650909420000,8.62,8.62,8.61,8.62,227.76
1650909480000,8.61,8.62,8.61,8.62,21.27
1650909540000,8.61,8.62,8.61,8.61,91.79
1650909600000,8.62,8.62,8.61,8.61,753.57
1650909660000,8.61,8.61,8.6,8.6,853.42
1650909720000,8.6,8.61,8.6,8.61,15.0
1650909780000,8.6,8.6,8.59,8.59,333.89
1650909840000,8.59,8.59,8.59,8.59,299.71
1650909900000,8.6,8.61,8.59,8.6,881.96
1650909960000,8.6,8.6,8.59,8.59,11.98
1650910020000,8.59,8.6,8.59,8.6,407.33
1650910080000,8.59,8.6,8.59,8.6,107.39
1650910140000,8.6,8.6,8.6,8.6,0.0
1650910200000,8.61,8.61,8.6,8.6,356.08
1650910260000,8.59,8.6,8.58,8.59,656.83
1650910320000,8.59,8.59,8.59,8.59,3.14
1650910380000,8.59,8.6,8.59,8.6,491.8
1650910440000,8.59,8.6,8.59,8.6,44.46
1650910500000,8.6,8.6,8.6,8.6,1.17
1650910560000,8.6,8.6,8.59,8.59,102.85
1650910620000,8.6,8.6,8.6,8.6,53.7
1650910680000,8.6,8.61,8.6,8.6,627.4
1650910740000,8.6,8.61,8.6,8.6,1366.33
1650910800000,8.59,8.6,8.59,8.6,4.13
1650910860000,8.6,8.62,8.6,8.61,660.4
1650910920000,8.6,8.6,8.59,8.59,1571.3
1650910980000,8.59,8.59,8.59,8.59,40.64
1650911040000,8.59,8.6,8.59,8.6,12.54
1650911100000,8.6,8.61,8.6,8.6,1364.83
1650911160000,8.6,8.6,8.6,8.6,0.0
1650911220000,8.59,8.6,8.59,8.6,160.18
1650911280000,8.6,8.6,8.6,8.6,518.63
1650911340000,8.6,8.61,8.6,8.61,164.29
1650911400000,8.61,8.61,8.6,8.6,50.81
1650911460000,8.6,8.6,8.59,8.6,45.38
1650911520000,8.6,8.61,8.6,8.61,199.97
1650911580000,8.6,8.61,8.6,8.61,164.24
1650911640000,8.61,8.61,8.6,8.61,131.44
1650911700000,8.6,8.61,8.6,8.6,68.81
1650911760000,8.61,8.61,8.6,8.6,610.08
1650911820000,8.6,8.61,8.6,8.61,83.37
1650911880000,8.61,8.62,8.61,8.62,937.73
1650911940000,8.62,8.62,8.61,8.61,52.64
1650912000000,8.61,8.62,8.61,8.62,143.42
1650912060000,8.61,8.61,8.61,8.61,258.71
1650912120000,8.61,8.61,8.6,8.61,542.02
1650912180000,8.61,8.61,8.61,8.61,0.0
1650912240000,8.62,8.62,8.61,8.61,339.36
1650912300000,8.62,8.64,8.61,8.63,4118.61
1650912360000,8.63,8.66,8.63,8.65,3062.82
1650912420000,8.65,8.65,8.65,8.65,1619.43
1650912480000,8.65,8.69,8.64,8.68,3837.61
1650912540000,8.68,8.7,8.67,8.69,10619.99
1650912600000,8.69,8.69,8.68,8.68,540.74
1650912660000,8.68,8.7,8.68,8.69,686.02
1650912720000,8.69,8.69,8.68,8.68,241.54
1650912780000,8.68,8.7,8.68,8.7,36.02
1650912840000,8.7,8.71,8.69,8.7,1592.56
1650912900000,8.71,8.71,8.68,8.69,590.11
1650912960000,8.68,8.69,8.68,8.69,633.73
1650913020000,8.69,8.69,8.69,8.69,49.94
1650913080000,8.68,8.69,8.68,8.69,196.34
1650913140000,8.68,8.68,8.66,8.66,875.33
1650913200000,8.67,8.67,8.67,8.67,756.47
1650913260000,8.67,8.67,8.67,8.67,33.36
1650913320000,8.67,8.67,8.67,8.67,0.0
1650913380000,8.66,8.67,8.65,8.65,238.57
1650913440000,8.66,8.66,8.64,8.66,1193.95
1650913500000,8.65,8.66,8.65,8.65,493.75
1650913560000,8.65,8.66,8.65,8.65,114.43
1650913620000,8.64,8.66,8.64,8.66,131.99
1650913680000,8.65,8.66,8.65,8.65,115.34
1650913740000,8.64,8.64,8.64,8.64,1431.91
1650913800000,8.64,8.64,8.64,8.64,8.87
1650913860000,8.64,8.65,8.64,8.64,185.0
1650913920000,8.63,8.63,8.62,8.63,466.36
1650913980000,8.63,8.64,8.63,8.64,3098.37
1650914040000,8.64,8.64,8.63,8.63,445.97
1650914100000,8.63,8.65,8.63,8.63,540.28
1650914160000,8.64,8.65,8.64,8.64,2260.46
1650914220000,8.65,8.65,8.63,8.63,317.24
1650914280000,8.64,8.64,8.64,8.64,51.54
1650914340000,8.65,8.67,8.65,8.65,613.61
1650914400000,8.66,8.68,8.66,8.67,202.23
1650914460000,8.67,8.68,8.66,8.68,276.37
1650914520000,8.68,8.68,8.68,8.68,68.28
1650914580000,8.67,8.69,8.67,8.69,1370.25
1650914640000,8.68,8.68,8.67,8.68,87.42
1650914700000,8.69,8.69,8.69,8.69,190.31
1650914760000,8.69,8.69,8.67,8.68,59.41
1650914820000,8.68,8.68,8.67,8.67,302.13
1650914880000,8.67,8.69,8.67,8.69,1726.75
1650914940000,8.69,8.71,8.68,8.71,1497.59
1650915000000,8.71,8.72,8.71,8.71,1574.3
1650915060000,8.71,8.72,8.69,8.72,4585.69
1650915120000,8.72,8.72,8.71,8.71,579.88
1650915180000,8.72,8.72,8.71,8.72,82.59
1650915240000,8.72,8.72,8.71,8.71,180.35
1650915300000,8.71,8.74,8.71,8.73,1330.15
1650915360000,8.73,8.73,8.72,8.73,270.34
1650915420000,8.73,8.74,8.73,8.74,178.14
1650915480000,8.73,8.74,8.73,8.74,1091.35
1650915540000,8.75,8.75,8.74,8.74,765.56
1650915600000,8.74,8.74,8.74,8.74,345.24
1650915660000,8.74,8.75,8.73,8.74,804.35
1650915720000,8.73,8.74,8.72,8.74,1518.62
1650915780000,8.74,8.74,8.7,8.73,7472.8
1650915840000,8.73,8.73,8.73,8.73,245.95
1650915900000,8.72,8.73,8.72,8.73,269.76
1650915960000,8.72,8.74,8.72,8.74,63.14
1650916020000,8.74,8.74,8.73,8.73,38.51
1650916080000,8.73,8.74,8.72,8.73,183.14
1650916140000,8.72,8.72,8.71,8.71,1771.88
1650916200000,8.71,8.72,8.7,8.72,824.32
1650916260000,8.72,8.73,8.71,8.71,501.01
1650916320000,8.71,8.72,8.71,8.72,264.57
1650916380000,8.72,8.72,8.72,8.72,21.86
1650916440000,8.72,8.73,8.72,8.72,484.42
1650916500000,8.72,8.72,8.72,8.72,326.0
1650916560000,8.72,8.72,8.72,8.72,27.17
1650916620000,8.72,8.73,8.72,8.73,335.16
1650916680000,8.72,8.73,8.72,8.72,242.13
1650916740000,8.72,8.73,8.72,8.72,644.86
1650916800000,8.72,8.73,8.72,8.72,648.22
1650916860000,8.73,8.73,8.72,8.73,111.14
1650916920000,8.72,8.73,8.72,8.73,727.17
1650916980000,8.72,8.73,8.72,8.72,39.74
1650917040000,8.72,8.73,8.72,8.72,704.27
1650917100000,8.72,8.73,8.71,8.73,567.02
1650917160000,8.73,8.73,8.71,8.71,285.27
1650917220000,8.72,8.72,8.71,8.72,30.21
1650917280000,8.72,8.72,8.71,8.72,161.03
1650917340000,8.72,8.72,8.71,8.71,183.52
1650917400000,8.71,8.72,8.71,8.71,755.38
1650917460000,8.7,8.72,8.7,8.71,115.47
1650917520000,8.71,8.71,8.7,8.7,873.03
1650917580000,8.7,8.7,8.69,8.7,308.08
1650917640000,8.69,8.7,8.69,8.69,40.53
1650917700000,8.7,8.7,8.69,8.7,46.87
1650917760000,8.7,8.7,8.7,8.7,79.81
1650917820000,8.7,8.7,8.69,8.7,22.17
1650917880000,8.7,8.7,8.7,8.7,11.68
1650917940000,8.7,8.7,8.69,8.7,25.75
1650918000000,8.7,8.7,8.69,8.69,52.09
1650918060000,8.69,8.7,8.69,8.7,5.45
1650918120000,8.7,8.7,8.7,8.7,8.34
1650918180000,8.7,8.71,8.7,8.7,1522.23
1650918240000,8.7,8.71,8.68,8.68,1115.07
1650918300000,8.68,8.69,8.68,8.69,3.15
1650918360000,8.69,8.69,8.69,8.69,36.66
1650918420000,8.68,8.68,8.68,8.68,1.39
1650918480000,8.69,8.69,8.68,8.68,213.88
1650918540000,8.68,8.68,8.68,8.68,166.79
1650918600000,8.68,8.68,8.67,8.67,556.59
1650918660000,8.67,8.69,8.67,8.67,567.75
1650918720000,8.67,8.67,8.67,8.67,10.37
1650918780000,8.68,8.69,8.68,8.69,20.98
1650918840000,8.69,8.69,8.68,8.69,23.53
1650918900000,8.69,8.69,8.69,8.69,0.0
1650918960000,8.69,8.69,8.67,8.67,170.39
1650919020000,8.67,8.69,8.67,8.68,391.03
1650919080000,8.68,8.68,8.68,8.68,0.0
1650919140000,8.69,8.69,8.68,8.69,49.17
1650919200000,8.69,8.69,8.69,8.69,100.3
1650919260000,8.69,8.69,8.69,8.69,0.0
1650919320000,8.69,8.69,8.68,8.69,356.53
1650919380000,8.69,8.69,8.68,8.69,629.96
1650919440000,8.68,8.68,8.68,8.68,3.71
1650919500000,8.69,8.69,8.69,8.69,295.03
1650919560000,8.68,8.69,8.68,8.69,51.42
1650919620000,8.69,8.69,8.69,8.69,4.62
1650919680000,8.68,8.68,8.68,8.68,50.89
1650919740000,8.68,8.69,8.67,8.67,338.42
1650919800000,8.68,8.68,8.68,8.68,716.14
1650919860000,8.68,8.68,8.68,8.68,155.86
1650919920000,8.68,8.69,8.66,8.67,428.83
1650919980000,8.66,8.67,8.66,8.67,33.21
1650920040000,8.67,8.67,8.66,8.67,504.18
1650920100000,8.66,8.67,8.66,8.66,539.86
1650920160000,8.67,8.67,8.67,8.67,4.16
1650920220000,8.67,8.67,8.67,8.67,0.0
1650920280000,8.67,8.67,8.66,8.66,212.65
1650920340000,8.67,8.67,8.66,8.67,81.17
1650920400000,8.67,8.68,8.67,8.67,116.31
1650920460000,8.67,8.67,8.67,8.67,121.06
1650920520000,8.68,8.68,8.68,8.68,8.16
1650920580000,8.67,8.67,8.67,8.67,20.52
1650920640000,8.67,8.68,8.67,8.68,5.55
1650920700000,8.68,8.68,8.67,8.67,63.05
1650920760000,8.68,8.68,8.68,8.68,14.97
1650920820000,8.68,8.69,8.68,8.69,1034.73
1650920880000,8.69,8.69,8.68,8.69,63.76
1650920940000,8.68,8.68,8.68,8.68,109.84
1650921000000,8.69,8.69,8.68,8.68,120.79
1650921060000,8.68,8.68,8.68,8.68,0.0
1650921120000,8.68,8.69,8.68,8.69,56.82
1650921180000,8.68,8.68,8.68,8.68,2.1
1650921240000,8.68,8.7,8.68,8.7,129.84
1650921300000,8.69,8.7,8.69,8.69,510.7
1650921360000,8.69,8.7,8.69,8.7,50.85
1650921420000,8.69,8.69,8.69,8.69,18.3
1650921480000,8.69,8.7,8.69,8.7,15.21
1650921540000,8.69,8.7,8.69,8.69,76.02
1650921600000,8.7,8.7,8.69,8.69,51.07
1650921660000,8.69,8.7,8.69,8.7,81.09
1650921720000,8.7,8.7,8.7,8.7,4.71
1650921780000,8.7,8.7,8.7,8.7,81.12
1650921840000,8.7,8.7,8.69,8.69,185.11
1650921900000,8.69,8.7,8.68,8.68,70.78
1650921960000,8.68,8.68,8.68,8.68,0.0
1650922020000,8.68,8.68,8.68,8.68,0.0
1650922080000,8.68,8.68,8.68,8.68,148.74
1650922140000,8.68,8.69,8.68,8.68,1801.66
1650922200000,8.68,8.68,8.68,8.68,9.18
1650922260000,8.68,8.69,8.68,8.68,716.69
1650922320000,8.68,8.68,8.67,8.68,1645.26
1650922380000,8.67,8.68,8.67,8.68,54.5
1650922440000,8.69,8.69,8.69,8.69,1.26
1650922500000,8.69,8.69,8.69,8.69,2.01
1650922560000,8.69,8.69,8.68,8.68,52.04
1650922620000,8.68,8.68,8.68,8.68,1324.32
1650922680000,8.69,8.69,8.69,8.69,184.0
1650922740000,8.68,8.7,8.68,8.7,108.56
1650922800000,8.69,8.7,8.69,8.7,3.32
1650922860000,8.7,8.7,8.7,8.7,34.74
1650922920000,8.7,8.7,8.7,8.7,242.0
1650922980000,8.7,8.71,8.7,8.71,149.57
1650923040000,8.71,8.71,8.71,8.71,7.52
1650923100000,8.7,8.71,8.7,8.71,15.61
1650923160000,8.71,8.71,8.71,8.71,8.04
1650923220000,8.7,8.71,8.7,8.71,11.26
1650923280000,8.71,8.71,8.71,8.71,0.0
1650923340000,8.71,8.71,8.71,8.71,103.95
1650923400000,8.71,8.72,8.7,8.71,1172.67
1650923460000,8.71,8.71,8.7,8.7,127.0
1650923520000,8.71,8.71,8.7,8.7,200.1
1650923580000,8.71,8.71,8.71,8.71,3.95
1650923640000,8.71,8.72,8.71,8.72,55.69
1650923700000,8.72,8.72,8.71,8.71,55.79
1650923760000,8.7,8.71,8.7,8.71,219.44
1650923820000,8.7,8.71,8.7,8.71,49.57
1650923880000,8.71,8.71,8.71,8.71,0.0
1650923940000,8.71,8.71,8.7,8.7,62.99
1650924000000,8.71,8.72,8.71,8.71,446.69
1650924060000,8.71,8.71,8.71,8.71,4.65
1650924120000,8.71,8.72,8.7,8.7,256.84
1650924180000,8.7,8.7,8.7,8.7,0.0
1650924240000,8.71,8.71,8.69,8.7,246.32
1650924300000,8.71,8.71,8.69,8.7,354.51
1650924360000,8.7,8.7,8.69,8.69,231.21
1650924420000,8.7,8.7,8.69,8.69,18.99
1650924480000,8.69,8.69,8.69,8.69,131.71
1650924540000,8.68,8.69,8.68,8.69,26.61
1650924600000,8.69,8.69,8.69,8.69,11.5
1650924660000,8.69,8.69,8.69,8.69,0.0
1650924720000,8.68,8.69,8.68,8.69,247.86
1650924780000,8.69,8.69,8.67,8.68,239.73
1650924840000,8.68,8.69,8.68,8.69,35.42
1650924900000,8.68,8.69,8.68,8.69,544.53
1650924960000,8.69,8.69,8.69,8.69,0.0
1650925020000,8.69,8.69,8.69,8.69,2.3
1650925080000,8.68,8.68,8.68,8.68,87.12
1650925140000,8.68,8.69,8.68,8.69,82.38
1650925200000,8.68,8.69,8.68,8.68,821.74
1650925260000,8.69,8.71,8.69,8.69,1116.78
1650925320000,8.69,8.69,8.68,8.69,732.72
1650925380000,8.68,8.68,8.67,8.67,756.78
1650925440000,8.67,8.68,8.66,8.67,268.1
1650925500000,8.68,8.68,8.68,8.68,565.69
1650925560000,8.69,8.69,8.68,8.69,125.06
1650925620000,8.68,8.69,8.67,8.67,706.1
1650925680000,8.67,8.68,8.67,8.68,11.15
1650925740000,8.68,8.69,8.68,8.69,2645.52
1650925800000,8.68,8.68,8.68,8.68,3.21
1650925860000,8.68,8.69,8.68,8.69,49.18
1650925920000,8.69,8.69,8.69,8.69,19.46
1650925980000,8.69,8.69,8.69,8.69,0.0
1650926040000,8.68,8.68,8.68,8.68,1.45
1650926100000,8.68,8.68,8.68,8.68,4.81
1650926160000,8.68,8.69,8.68,8.68,123.99
1650926220000,8.68,8.68,8.68,8.68,2.18
1650926280000,8.69,8.69,8.68,8.68,10.17
1650926340000,8.69,8.69,8.69,8.69,1.71
1650926400000,8.69,8.69,8.69,8.69,0.0
1650926460000,8.68,8.69,8.68,8.69,31.04
1650926520000,8.69,8.69,8.69,8.69,405.94
1650926580000,8.69,8.69,8.69,8.69,55.21
1650926640000,8.69,8.69,8.69,8.69,181.44
1650926700000,8.69,8.69,8.69,8.69,420.17
1650926760000,8.69,8.7,8.69,8.7,13.72
1650926820000,8.7,8.73,8.7,8.72,2390.04
1650926880000,8.72,8.72,8.71,8.72,723.49
1650926940000,8.72,8.72,8.69,8.69,3546.81
1650927000000,8.69,8.69,8.68,8.69,176.49
1650927060000,8.69,8.69,8.69,8.69,96.41
1650927120000,8.7,8.71,8.69,8.69,714.71
1650927180000,8.7,8.71,8.7,8.7,57.45
1650927240000,8.7,8.71,8.7,8.7,237.21
1650927300000,8.71,8.71,8.71,8.71,1.2
1650927360000,8.71,8.72,8.71,8.72,197.63
1650927420000,8.71,8.72,8.7,8.7,71.47
1650927480000,8.71,8.71,8.71,8.71,11.46
1650927540000,8.71,8.71,8.71,8.71,1.61
1650927600000,8.71,8.72,8.71,8.71,208.05
1650927660000,8.71,8.71,8.71,8.71,140.24
1650927720000,8.71,8.72,8.71,8.72,690.06
1650927780000,8.72,8.73,8.72,8.73,526.33
1650927840000,8.73,8.73,8.73,8.73,763.41
1650927900000,8.73,8.73,8.73,8.73,220.56
1650927960000,8.73,8.74,8.73,8.73,457.58
1650928020000,8.73,8.73,8.73,8.73,124.33
1650928080000,8.74,8.74,8.72,8.72,867.83
1650928140000,8.74,8.74,8.74,8.74,285.5
1650928200000,8.74,8.75,8.74,8.74,1159.01
1650928260000,8.73,8.73,8.73,8.73,1.61
1650928320000,8.74,8.74,8.74,8.74,58.33
1650928380000,8.74,8.74,8.74,8.74,10.73
1650928440000,8.74,8.74,8.74,8.74,1.62
1650928500000,8.74,8.74,8.74,8.74,40.31
1650928560000,8.74,8.74,8.74,8.74,31.7
1650928620000,8.74,8.74,8.74,8.74,704.75
1650928680000,8.73,8.75,8.73,8.75,7.89
1650928740000,8.74,8.74,8.74,8.74,105.79
1650928800000,8.74,8.74,8.73,8.73,25.74
1650928860000,8.73,8.77,8.73,8.76,2879.2
1650928920000,8.76,8.78,8.76,8.77,2461.41
1650928980000,8.76,8.77,8.75,8.76,2226.2
1650929040000,8.76,8.76,8.75,8.75,20.77
1650929100000,8.75,8.75,8.73,8.74,1881.57
1650929160000,8.74,8.74,8.74,8.74,180.0
1650929220000,8.74,8.74,8.74,8.74,0.0
1650929280000,8.74,8.74,8.74,8.74,0.0
1650929340000,8.74,8.74,8.73,8.73,95.84
1650929400000,8.74,8.74,8.74,8.74,52.43
1650929460000,8.74,8.74,8.73,8.73,38.0
1650929520000,8.73,8.75,8.73,8.75,1144.73
1650929580000,8.75,8.76,8.75,8.76,636.24
1650929640000,8.75,8.75,8.74,8.75,267.21
1650929700000,8.74,8.74,8.74,8.74,139.0
1650929760000,8.75,8.75,8.74,8.75,43.36
1650929820000,8.74,8.75,8.74,8.74,2264.9
1650929880000,8.74,8.75,8.74,8.74,218.94
1650929940000,8.75,8.75,8.74,8.74,7.49
1650930000000,8.74,8.74,8.74,8.74,57.58
1650930060000,8.75,8.75,8.75,8.75,5.72
1650930120000,8.75,8.75,8.75,8.75,4.68
1650930180000,8.74,8.75,8.73,8.73,739.62
1650930240000,8.73,8.73,8.73,8.73,0.0
1650930300000,8.74,8.75,8.74,8.75,102.55
1650930360000,8.75,8.75,8.75,8.75,0.0
1650930420000,8.75,8.76,8.75,8.75,771.51
1650930480000,8.75,8.75,8.74,8.74,380.62
1650930540000,8.74,8.75,8.74,8.75,54.06
1650930600000,8.74,8.74,8.74,8.74,183.47
1650930660000,8.74,8.74,8.73,8.73,88.1
1650930720000,8.73,8.75,8.73,8.75,149.3
1650930780000,8.74,8.74,8.74,8.74,80.0
1650930840000,8.74,8.74,8.74,8.74,224.88
1650930900000,8.74,8.74,8.74,8.74,0.0
1650930960000,8.74,8.74,8.73,8.73,18.54
1650931020000,8.73,8.73,8.73,8.73,1.48
1650931080000,8.73,8.74,8.73,8.73,156.12
1650931140000,8.73,8.73,8.72,8.73,1234.51
1650931200000,8.74,8.75,8.73,8.75,498.89
1650931260000,8.74,8.74,8.74,8.74,179.99
1650931320000,8.75,8.75,8.74,8.74,33.82
1650931380000,8.75,8.77,8.74,8.76,5743.15
1650931440000,8.75,8.76,8.73,8.74,1482.13
1650931500000,8.73,8.76,8.73,8.76,526.19
1650931560000,8.75,8.76,8.75,8.75,195.87
1650931620000,8.75,8.75,8.74,8.74,570.57
1650931680000,8.74,8.75,8.74,8.75,140.57
1650931740000,8.75,8.75,8.75,8.75,1.14
1650931800000,8.75,8.76,8.75,8.75,1214.51
1650931860000,8.75,8.76,8.75,8.75,608.31
1650931920000,8.76,8.76,8.75,8.75,288.06
1650931980000,8.75,8.76,8.75,8.76,61.27
1650932040000,8.75,8.76,8.75,8.76,1380.05
1650932100000,8.76,8.76,8.75,8.76,2370.5
1650932160000,8.76,8.77,8.76,8.77,47.31
1650932220000,8.76,8.76,8.75,8.75,321.87
1650932280000,8.74,8.75,8.73,8.74,1366.63
1650932340000,8.74,8.74,8.74,8.74,494.12
1650932400000,8.74,8.74,8.74,8.74,24.03
1650932460000,8.74,8.75,8.74,8.74,26.92
1650932520000,8.75,8.75,8.75,8.75,2.32
1650932580000,8.74,8.76,8.74,8.75,280.96
1650932640000,8.75,8.75,8.75,8.75,272.31
1650932700000,8.76,8.78,8.76,8.77,1584.72
1650932760000,8.77,8.78,8.76,8.76,598.49
1650932820000,8.77,8.78,8.77,8.78,782.61
1650932880000,8.78,8.78,8.76,8.77,2187.71
1650932940000,8.77,8.79,8.77,8.77,912.99
1650933000000,8.78,8.78,8.76,8.77,1035.96
1650933060000,8.77,8.78,8.77,8.78,766.55
1650933120000,8.77,8.78,8.77,8.77,98.95
1650933180000,8.77,8.78,8.76,8.77,3677.75
1650933240000,8.78,8.79,8.77,8.78,1363.34
1650933300000,8.78,8.8,8.77,8.79,870.83
1650933360000,8.79,8.82,8.78,8.8,8481.8
1650933420000,8.8,8.81,8.8,8.81,241.14
1650933480000,8.81,8.81,8.8,8.8,161.1
1650933540000,8.81,8.81,8.79,8.81,2723.51
1650933600000,8.8,8.8,8.78,8.79,698.74
1650933660000,8.79,8.8,8.78,8.8,1142.51
1650933720000,8.79,8.79,8.76,8.77,6014.68
1650933780000,8.77,8.78,8.77,8.77,682.71
1650933840000,8.77,8.77,8.77,8.77,117.51
1650933900000,8.78,8.78,8.77,8.78,541.13
1650933960000,8.77,8.78,8.77,8.78,46.85
1650934020000,8.78,8.78,8.77,8.77,93.29
1650934080000,8.78,8.79,8.78,8.78,1240.57
1650934140000,8.78,8.78,8.78,8.78,25.13
1650934200000,8.78,8.78,8.78,8.78,0.0
1650934260000,8.78,8.78,8.77,8.77,322.75
1650934320000,8.78,8.78,8.77,8.78,32.18
1650934380000,8.77,8.77,8.77,8.77,21.68
1650934440000,8.77,8.77,8.77,8.77,30.0
1650934500000,8.78,8.78,8.77,8.78,386.81
1650934560000,8.78,8.78,8.78,8.78,116.16
1650934620000,8.77,8.77,8.76,8.77,164.9
1650934680000,8.77,8.77,8.76,8.77,70.5
1650934740000,8.77,8.78,8.76,8.76,1488.52
1650934800000,8.77,8.77,8.77,8.77,243.35
1650934860000,8.77,8.78,8.77,8.77,79.35
1650934920000,8.77,8.77,8.77,8.77,426.25
1650934980000,8.77,8.77,8.76,8.76,90.03
1650935040000,8.77,8.77,8.76,8.77,228.51
1650935100000,8.77,8.77,8.77,8.77,9.26
1650935160000,8.76,8.76,8.76,8.76,30.67
1650935220000,8.76,8.76,8.75,8.75,1113.92
1650935280000,8.75,8.76,8.75,8.76,18.06
1650935340000,8.76,8.76,8.76,8.76,283.03
1650935400000,8.75,8.75,8.74,8.74,3972.7
1650935460000,8.74,8.75,8.74,8.75,141.67
1650935520000,8.75,8.75,8.73,8.74,1830.74
1650935580000,8.74,8.74,8.73,8.74,379.14
1650935640000,8.74,8.74,8.74,8.74,2.14
1650935700000,8.74,8.75,8.74,8.74,34.99
1650935760000,8.74,8.76,8.74,8.76,1230.02
1650935820000,8.76,8.76,8.76,8.76,63.16
1650935880000,8.75,8.75,8.75,8.75,524.03
1650935940000,8.74,8.75,8.74,8.75,36.81
1650936000000,8.75,8.75,8.75,8.75,0.0
1650936060000,8.75,8.76,8.75,8.75,1648.94
1650936120000,8.75,8.75,8.75,8.75,0.0
1650936180000,8.75,8.76,8.74,8.75,321.98
1650936240000,8.75,8.75,8.75,8.75,17.75
1650936300000,8.75,8.76,8.74,8.75,555.48
1650936360000,8.74,8.74,8.74,8.74,7.93
1650936420000,8.74,8.74,8.73,8.73,626.52
1650936480000,8.74,8.75,8.74,8.75,312.67
1650936540000,8.74,8.75,8.74,8.74,26.8
1650936600000,8.73,8.75,8.73,8.74,120.58
1650936660000,8.74,8.74,8.73,8.73,42.18
1650936720000,8.73,8.74,8.73,8.74,136.33
1650936780000,8.74,8.74,8.73,8.73,17.62
1650936840000,8.73,8.73,8.72,8.73,273.26
1650936900000,8.73,8.73,8.72,8.72,205.2
1650936960000,8.72,8.73,8.72,8.72,248.2
1650937020000,8.72,8.72,8.72,8.72,705.52
1650937080000,8.72,8.72,8.72,8.72,104.29
1650937140000,8.72,8.72,8.71,8.72,70.78
1650937200000,8.72,8.72,8.71,8.72,797.27
1650937260000,8.73,8.73,8.73,8.73,183.31
1650937320000,8.72,8.73,8.72,8.73,19.77
1650937380000,8.73,8.73,8.72,8.72,55.7
1650937440000,8.73,8.73,8.72,8.73,478.95
1650937500000,8.73,8.74,8.73,8.74,475.19
1650937560000,8.74,8.74,8.74,8.74,0.0
1650937620000,8.74,8.74,8.73,8.73,80.69
1650937680000,8.73,8.74,8.73,8.73,144.47
1650937740000,8.73,8.73,8.73,8.73,195.74
1650937800000,8.72,8.72,8.71,8.71,653.86
1650937860000,8.71,8.71,8.7,8.7,13.48
1650937920000,8.71,8.71,8.7,8.7,48.02
1650937980000,8.7,8.71,8.7,8.7,340.4
1650938040000,8.71,8.71,8.7,8.7,92.01
1650938100000,8.71,8.71,8.7,8.7,48.15
1650938160000,8.7,8.71,8.7,8.71,13.31
1650938220000,8.7,8.7,8.7,8.7,5.92
1650938280000,8.7,8.71,8.7,8.7,63.84
1650938340000,8.7,8.7,8.7,8.7,0.0
1650938400000,8.7,8.71,8.7,8.7,2198.66
1650938460000,8.69,8.72,8.69,8.71,1314.6
1650938520000,8.71,8.71,8.7,8.7,156.4
1650938580000,8.71,8.71,8.71,8.71,92.5
1650938640000,8.71,8.72,8.71,8.71,755.47
1650938700000,8.71,8.71,8.71,8.71,309.64
1650938760000,8.71,8.71,8.71,8.71,24.92
1650938820000,8.71,8.71,8.71,8.71,50.0
1650938880000,8.7,8.71,8.7,8.7,204.4
1650938940000,8.71,8.71,8.7,8.7,395.37
1650939000000,8.7,8.7,8.7,8.7,0.0
1650939060000,8.7,8.71,8.7,8.7,54.64
1650939120000,8.7,8.7,8.7,8.7,219.08
1650939180000,8.7,8.7,8.7,8.7,88.41
1650939240000,8.7,8.71,8.7,8.71,6.0
1650939300000,8.71,8.71,8.7,8.7,215.63
1650939360000,8.71,8.71,8.7,8.7,89.87
1650939420000,8.7,8.7,8.7,8.7,17.69
1650939480000,8.71,8.72,8.71,8.72,232.58
1650939540000,8.71,8.72,8.71,8.72,38.07
1650939600000,8.72,8.72,8.72,8.72,4.25
1650939660000,8.72,8.72,8.7,8.7,92.15
1650939720000,8.71,8.72,8.71,8.72,206.72
1650939780000,8.72,8.72,8.71,8.71,220.92
1650939840000,8.71,8.72,8.71,8.72,572.92
1650939900000,8.71,8.72,8.71,8.71,1044.96
1650939960000,8.72,8.72,8.71,8.71,14.17
1650940020000,8.71,8.72,8.71,8.71,82.19
1650940080000,8.71,8.72,8.71,8.72,94.69
1650940140000,8.72,8.72,8.71,8.71,26.36
1650940200000,8.71,8.72,8.71,8.71,69.46
1650940260000,8.72,8.72,8.71,8.72,4164.06
1650940320000,8.73,8.73,8.73,8.73,709.07
1650940380000,8.72,8.72,8.72,8.72,4.08
1650940440000,8.72,8.72,8.72,8.72,2997.39
1650940500000,8.71,8.71,8.71,8.71,4.22
1650940560000,8.71,8.71,8.7,8.7,1827.35
1650940620000,8.7,8.71,8.7,8.71,1233.25
1650940680000,8.7,8.7,8.68,8.69,3640.86
1650940740000,8.69,8.7,8.69,8.69,1726.78
1650940800000,8.69,8.69,8.68,8.69,466.74
1650940860000,8.69,8.69,8.66,8.67,7533.63
1650940920000,8.67,8.68,8.67,8.67,418.21
1650940980000,8.67,8.68,8.67,8.68,346.74
1650941040000,8.68,8.68,8.67,8.67,43.01
1650941100000,8.68,8.68,8.66,8.67,397.97
1650941160000,8.67,8.7,8.67,8.7,1962.68
1650941220000,8.69,8.7,8.69,8.7,3188.45
1650941280000,8.71,8.72,8.71,8.71,1892.76
1650941340000,8.71,8.72,8.71,8.72,290.63
1650941400000,8.71,8.72,8.71,8.71,620.35
1650941460000,8.72,8.72,8.71,8.71,700.57
1650941520000,8.71,8.71,8.71,8.71,93.68
1650941580000,8.72,8.72,8.72,8.72,12.8
1650941640000,8.72,8.72,8.72,8.72,0.0
1650941700000,8.72,8.74,8.72,8.73,5220.22
1650941760000,8.73,8.75,8.73,8.73,4115.16
1650941820000,8.74,8.75,8.73,8.73,2555.61
1650941880000,8.74,8.74,8.73,8.74,779.54
1650941940000,8.74,8.74,8.73,8.73,312.84
1650942000000,8.73,8.73,8.73,8.73,249.44
1650942060000,8.72,8.73,8.72,8.73,32.05
1650942120000,8.73,8.73,8.73,8.73,266.98
1650942180000,8.72,8.73,8.72,8.73,6.23
1650942240000,8.72,8.73,8.71,8.73,859.66
1650942300000,8.72,8.73,8.72,8.73,246.5
1650942360000,8.73,8.73,8.73,8.73,15.45
1650942420000,8.72,8.73,8.72,8.73,719.93
1650942480000,8.73,8.73,8.73,8.73,5.14
1650942540000,8.73,8.73,8.72,8.73,2191.75
1650942600000,8.73,8.73,8.73,8.73,1930.0
1650942660000,8.73,8.73,8.72,8.73,532.29
1650942720000,8.72,8.73,8.72,8.73,491.9
1650942780000,8.73,8.74,8.73,8.73,602.39
1650942840000,8.74,8.75,8.74,8.75,450.22
1650942900000,8.75,8.75,8.74,8.75,356.05
1650942960000,8.74,8.75,8.74,8.75,62.72
1650943020000,8.74,8.74,8.74,8.74,2002.09
1650943080000,8.74,8.74,8.74,8.74,97.53
1650943140000,8.74,8.74,8.74,8.74,168.31
1650943200000,8.74,8.74,8.74,8.74,52.09
1650943260000,8.74,8.74,8.73,8.74,66.63
1650943320000,8.74,8.74,8.74,8.74,58.0
1650943380000,8.73,8.73,8.73,8.73,354.13
1650943440000,8.73,8.73,8.73,8.73,43.24
1650943500000,8.73,8.73,8.72,8.73,94.78
1650943560000,8.73,8.73,8.72,8.73,102.93
1650943620000,8.73,8.73,8.73,8.73,46.49
1650943680000,8.73,8.73,8.73,8.73,54.57
1650943740000,8.72,8.73,8.72,8.73,761.15
1650943800000,8.73,8.73,8.72,8.73,221.46
1650943860000,8.73,8.73,8.72,8.72,397.3
1650943920000,8.72,8.72,8.71,8.72,2780.1
1650943980000,8.72,8.72,8.71,8.72,78.72
1650944040000,8.71,8.71,8.7,8.71,541.41
1650944100000,8.71,8.72,8.71,8.72,223.0
1650944160000,8.71,8.71,8.71,8.71,15.57
1650944220000,8.72,8.72,8.71,8.71,91.49
1650944280000,8.71,8.71,8.7,8.7,178.77
1650944340000,8.71,8.71,8.69,8.69,1803.37
1650944400000,8.7,8.71,8.7,8.71,894.52
1650944460000,8.7,8.7,8.7,8.7,354.86
1650944520000,8.71,8.71,8.7,8.7,6.38
1650944580000,8.71,8.71,8.71,8.71,15.69
1650944640000,8.71,8.71,8.7,8.71,250.66
1650944700000,8.7,8.71,8.7,8.71,63.41
1650944760000,8.7,8.7,8.7,8.7,28.9
1650944820000,8.71,8.71,8.71,8.71,14.06
1650944880000,8.71,8.71,8.71,8.71,11.0
1650944940000,8.71,8.71,8.71,8.71,37.63
1650945000000,8.71,8.72,8.71,8.72,648.77
1650945060000,8.72,8.72,8.71,8.71,273.5
1650945120000,8.71,8.72,8.71,8.72,416.0
1650945180000,8.72,8.72,8.71,8.71,14.08
1650945240000,8.71,8.71,8.71,8.71,0.0
1650945300000,8.71,8.71,8.71,8.71,174.62
1650945360000,8.7,8.71,8.7,8.71,153.28
1650945420000,8.71,8.71,8.7,8.7,345.18
1650945480000,8.7,8.7,8.7,8.7,0.0
1650945540000,8.71,8.71,8.71,8.71,14.52
1650945600000,8.71,8.71,8.71,8.71,239.2
1650945660000,8.71,8.71,8.71,8.71,27.46
1650945720000,8.71,8.73,8.71,8.71,5235.98
1650945780000,8.72,8.72,8.69,8.69,2278.69
1650945840000,8.7,8.7,8.69,8.7,51.28
1650945900000,8.7,8.7,8.7,8.7,16.01
1650945960000,8.7,8.7,8.7,8.7,25.11
1650946020000,8.7,8.71,8.7,8.71,53.6
1650946080000,8.71,8.71,8.7,8.71,141.3
1650946140000,8.7,8.7,8.69,8.69,319.11
1650946200000,8.7,8.71,8.7,8.71,1222.8
1650946260000,8.71,8.71,8.71,8.71,0.0
1650946320000,8.71,8.71,8.71,8.71,12.8
1650946380000,8.71,8.72,8.7,8.72,370.09
1650946440000,8.71,8.71,8.7,8.7,1396.92
1650946500000,8.71,8.71,8.7,8.7,62.13
1650946560000,8.71,8.71,8.71,8.71,18.39
1650946620000,8.71,8.71,8.71,8.71,0.0
1650946680000,8.7,8.71,8.7,8.7,258.84
1650946740000,8.7,8.7,8.7,8.7,169.22
1650946800000,8.7,8.7,8.7,8.7,21.85
1650946860000,8.7,8.7,8.7,8.7,1132.87
1650946920000,8.7,8.72,8.7,8.72,284.6
1650946980000,8.72,8.72,8.71,8.71,63.64
1650947040000,8.71,8.71,8.7,8.7,1188.09
1650947100000,8.71,8.72,8.71,8.71,643.47
1650947160000,8.72,8.73,8.72,8.72,507.66
1650947220000,8.71,8.71,8.71,8.71,40.98
1650947280000,8.71,8.71,8.71,8.71,0.0
1650947340000,8.72,8.72,8.71,8.71,26.29
1650947400000,8.72,8.73,8.72,8.72,88.38
1650947460000,8.73,8.75,8.73,8.74,2299.24
1650947520000,8.75,8.75,8.74,8.75,78.44
1650947580000,8.74,8.75,8.74,8.74,27.2
1650947640000,8.75,8.75,8.74,8.74,39.32
1650947700000,8.75,8.75,8.75,8.75,14.04
1650947760000,8.75,8.75,8.74,8.74,6.55
1650947820000,8.75,8.75,8.75,8.75,46.22
1650947880000,8.75,8.75,8.75,8.75,114.14
1650947940000,8.75,8.75,8.74,8.75,34.07
1650948000000,8.75,8.75,8.75,8.75,361.85
1650948060000,8.75,8.75,8.75,8.75,89.16
1650948120000,8.75,8.75,8.75,8.75,0.0
1650948180000,8.74,8.74,8.73,8.73,1603.76
1650948240000,8.74,8.75,8.73,8.73,435.74
1650948300000,8.74,8.75,8.74,8.74,206.5
1650948360000,8.74,8.74,8.73,8.73,230.82
1650948420000,8.74,8.74,8.74,8.74,1.37
1650948480000,8.73,8.74,8.73,8.74,292.45
1650948540000,8.74,8.75,8.74,8.74,631.42
1650948600000,8.74,8.75,8.74,8.74,36.6
1650948660000,8.74,8.74,8.73,8.74,989.81
1650948720000,8.74,8.74,8.74,8.74,0.0
1650948780000,8.75,8.75,8.74,8.74,144.26
1650948840000,8.75,8.76,8.74,8.75,1522.47
1650948900000,8.74,8.76,8.74,8.75,799.92
1650948960000,8.76,8.76,8.76,8.76,6.9
1650949020000,8.75,8.75,8.75,8.75,1.84
1650949080000,8.76,8.76,8.75,8.75,15.5
1650949140000,8.75,8.75,8.74,8.74,52.88
1650949200000,8.75,8.76,8.75,8.76,78.09
1650949260000,8.75,8.76,8.75,8.75,72.2
1650949320000,8.76,8.76,8.76,8.76,1.58
1650949380000,8.75,8.76,8.75,8.75,156.53
1650949440000,8.75,8.76,8.75,8.76,5.8
1650949500000,8.76,8.76,8.76,8.76,1285.31
1650949560000,8.77,8.77,8.76,8.76,165.95
1650949620000,8.76,8.76,8.76,8.76,4.6
1650949680000,8.76,8.76,8.76,8.76,5.99
1650949740000,8.76,8.77,8.76,8.77,1007.72
1650949800000,8.77,8.77,8.76,8.77,342.02
1650949860000,8.77,8.78,8.77,8.77,837.15
1650949920000,8.78,8.78,8.77,8.77,222.7
1650949980000,8.76,8.76,8.76,8.76,108.78
1650950040000,8.76,8.77,8.76,8.77,22.76
1650950100000,8.77,8.77,8.77,8.77,70.79
1650950160000,8.76,8.76,8.76,8.76,112.25
1650950220000,8.77,8.77,8.76,8.76,182.63
1650950280000,8.76,8.76,8.75,8.76,422.8
1650950340000,8.76,8.76,8.75,8.75,10192.77
1650950400000,8.75,8.75,8.75,8.75,511.15
1650950460000,8.75,8.76,8.75,8.75,35.71
1650950520000,8.75,8.75,8.75,8.75,0.0
1650950580000,8.75,8.75,8.75,8.75,2.2
1650950640000,8.75,8.76,8.75,8.75,331.32
1650950700000,8.76,8.76,8.74,8.75,771.84
1650950760000,8.75,8.76,8.75,8.75,773.41
1650950820000,8.75,8.75,8.75,8.75,115.91
1650950880000,8.75,8.75,8.75,8.75,9.46
1650950940000,8.76,8.76,8.75,8.75,158.77
1650951000000,8.75,8.75,8.75,8.75,18.5
1650951060000,8.75,8.75,8.75,8.75,1.34
1650951120000,8.75,8.75,8.74,8.75,227.13
1650951180000,8.74,8.74,8.74,8.74,1.7
1650951240000,8.75,8.75,8.74,8.74,605.78
1650951300000,8.74,8.75,8.74,8.75,82.88
1650951360000,8.74,8.75,8.74,8.74,178.41
1650951420000,8.74,8.74,8.73,8.73,167.37
1650951480000,8.74,8.74,8.73,8.73,202.89
1650951540000,8.73,8.73,8.68,8.71,9753.79
1650951600000,8.7,8.71,8.69,8.7,550.34
1650951660000,8.7,8.71,8.7,8.71,478.75
1650951720000,8.71,8.71,8.71,8.71,146.56
1650951780000,8.71,8.71,8.71,8.71,108.84
1650951840000,8.71,8.71,8.69,8.71,23298.29
1650951900000,8.7,8.7,8.7,8.7,4.64
1650951960000,8.7,8.72,8.7,8.71,546.68
1650952020000,8.72,8.72,8.72,8.72,934.31
1650952080000,8.71,8.73,8.71,8.73,2234.74
1650952140000,8.73,8.73,8.72,8.73,473.7
1650952200000,8.73,8.73,8.72,8.73,52.77
1650952260000,8.73,8.74,8.73,8.74,603.62
1650952320000,8.73,8.73,8.72,8.73,143.1
1650952380000,8.72,8.73,8.72,8.72,95.39
1650952440000,8.72,8.72,8.72,8.72,578.67
1650952500000,8.72,8.72,8.72,8.72,111.06
1650952560000,8.72,8.72,8.71,8.71,218.32
1650952620000,8.71,8.71,8.71,8.71,15.54
1650952680000,8.71,8.71,8.71,8.71,100.0
1650952740000,8.71,8.71,8.71,8.71,5.94
1650952800000,8.72,8.73,8.71,8.72,1954.11
1650952860000,8.72,8.72,8.71,8.72,156.94
1650952920000,8.72,8.72,8.7,8.71,897.31
1650952980000,8.7,8.71,8.69,8.7,818.77
1650953040000,8.71,8.71,8.7,8.71,195.37
1650953100000,8.71,8.71,8.69,8.7,265.77
1650953160000,8.69,8.7,8.68,8.7,3088.23
1650953220000,8.7,8.7,8.7,8.7,1.68
1650953280000,8.7,8.7,8.7,8.7,20.0
1650953340000,8.7,8.7,8.7,8.7,21.71
1650953400000,8.69,8.7,8.69,8.7,51.33
1650953460000,8.69,8.7,8.68,8.69,1739.47
1650953520000,8.68,8.7,8.68,8.69,165.96
1650953580000,8.69,8.7,8.69,8.7,79.24
1650953640000,8.7,8.7,8.7,8.7,0.0
1650953700000,8.69,8.69,8.68,8.68,250.54
1650953760000,8.69,8.7,8.69,8.69,510.05
1650953820000,8.69,8.69,8.69,8.69,0.0
1650953880000,8.7,8.7,8.7,8.7,1.71
1650953940000,8.7,8.7,8.69,8.69,116.63
1650954000000,8.69,8.69,8.69,8.69,57.84
1650954060000,8.69,8.69,8.68,8.68,125.93
1650954120000,8.69,8.69,8.68,8.68,9.61
1650954180000,8.69,8.69,8.68,8.68,1164.36
1650954240000,8.68,8.68,8.68,8.68,2.54
1650954300000,8.67,8.68,8.66,8.67,1100.03
1650954360000,8.67,8.67,8.65,8.66,1142.63
1650954420000,8.66,8.66,8.65,8.66,339.23
1650954480000,8.66,8.66,8.65,8.66,97.25
1650954540000,8.65,8.66,8.65,8.66,206.66
1650954600000,8.65,8.67,8.65,8.66,354.8
1650954660000,8.66,8.67,8.66,8.67,961.84
1650954720000,8.66,8.67,8.66,8.67,1063.28
1650954780000,8.67,8.67,8.66,8.67,468.43
1650954840000,8.67,8.67,8.66,8.66,814.06
1650954900000,8.66,8.67,8.65,8.66,1851.26
1650954960000,8.66,8.66,8.64,8.65,2688.19
1650955020000,8.65,8.67,8.65,8.67,2237.33
1650955080000,8.66,8.66,8.66,8.66,188.66
1650955140000,8.66,8.66,8.65,8.65,262.52
1650955200000,8.65,8.65,8.65,8.65,5.17
1650955260000,8.65,8.66,8.65,8.66,120.93
1650955320000,8.66,8.66,8.66,8.66,74.49
1650955380000,8.66,8.66,8.66,8.66,12.18
1650955440000,8.66,8.66,8.66,8.66,0.0
1650955500000,8.66,8.67,8.66,8.67,443.48
1650955560000,8.67,8.67,8.66,8.67,912.81
1650955620000,8.67,8.68,8.67,8.68,1222.64
1650955680000,8.68,8.68,8.68,8.68,898.12
1650955740000,8.68,8.69,8.68,8.69,819.97
1650955800000,8.68,8.7,8.68,8.69,1393.83
1650955860000,8.7,8.7,8.68,8.68,3169.18
1650955920000,8.68,8.69,8.68,8.69,459.68
1650955980000,8.69,8.69,8.68,8.68,940.1
1650956040000,8.68,8.69,8.68,8.69,402.15
1650956100000,8.69,8.69,8.68,8.68,661.23
1650956160000,8.69,8.69,8.69,8.69,99.02
1650956220000,8.69,8.69,8.68,8.68,240.56
1650956280000,8.68,8.68,8.67,8.67,1088.77
1650956340000,8.68,8.68,8.67,8.68,579.22
1650956400000,8.68,8.69,8.68,8.69,357.78
1650956460000,8.68,8.68,8.67,8.68,250.74
1650956520000,8.68,8.68,8.67,8.67,251.23
1650956580000,8.67,8.67,8.66,8.67,103.36
1650956640000,8.67,8.68,8.67,8.68,331.12
1650956700000,8.67,8.68,8.67,8.68,31.36
1650956760000,8.67,8.67,8.63,8.65,5581.86
1650956820000,8.65,8.67,8.65,8.65,689.94
1650956880000,8.66,8.68,8.66,8.68,702.68
1650956940000,8.67,8.68,8.67,8.67,152.96
1650957000000,8.68,8.68,8.68,8.68,77.19
1650957060000,8.67,8.69,8.67,8.69,607.26
1650957120000,8.7,8.71,8.7,8.7,1132.08
1650957180000,8.7,8.7,8.69,8.7,734.52
1650957240000,8.7,8.7,8.68,8.68,1226.93
1650957300000,8.68,8.68,8.68,8.68,398.04
1650957360000,8.68,8.68,8.67,8.67,325.97
1650957420000,8.68,8.69,8.68,8.69,306.01
1650957480000,8.68,8.68,8.68,8.68,114.94
1650957540000,8.69,8.69,8.68,8.69,253.44
1650957600000,8.69,8.69,8.67,8.67,263.61
1650957660000,8.68,8.68,8.67,8.68,300.19
1650957720000,8.67,8.68,8.67,8.67,121.23
1650957780000,8.67,8.68,8.67,8.67,302.48
1650957840000,8.67,8.68,8.67,8.67,72.05
1650957900000,8.67,8.67,8.66,8.67,213.14
1650957960000,8.66,8.66,8.65,8.65,474.46
1650958020000,8.66,8.66,8.65,8.66,76.97
1650958080000,8.65,8.66,8.65,8.66,213.84
1650958140000,8.66,8.66,8.65,8.65,1451.52
1650958200000,8.66,8.66,8.65,8.66,660.61
1650958260000,8.66,8.66,8.65,8.65,202.91
1650958320000,8.66,8.66,8.66,8.66,310.35
1650958380000,8.66,8.67,8.66,8.66,134.2
1650958440000,8.66,8.68,8.66,8.67,2436.45
1650958500000,8.67,8.68,8.67,8.67,680.58
1650958560000,8.67,8.68,8.67,8.67,116.7
1650958620000,8.68,8.69,8.67,8.68,210.55
1650958680000,8.67,8.68,8.67,8.68,314.17
1650958740000,8.68,8.7,8.68,8.69,409.66
1650958800000,8.69,8.69,8.68,8.69,432.49
1650958860000,8.68,8.71,8.67,8.7,13595.49
1650958920000,8.7,8.7,8.69,8.69,2619.4
1650958980000,8.69,8.69,8.69,8.69,280.04
1650959040000,8.69,8.69,8.68,8.68,817.95
1650959100000,8.68,8.68,8.68,8.68,413.03
1650959160000,8.68,8.69,8.68,8.68,173.33
1650959220000,8.69,8.69,8.69,8.69,219.27
1650959280000,8.69,8.7,8.69,8.7,1595.53
1650959340000,8.7,8.71,8.7,8.7,200.78
1650959400000,8.69,8.72,8.69,8.72,12396.25
1650959460000,8.71,8.71,8.71,8.71,303.62
1650959520000,8.71,8.72,8.71,8.72,1016.37
1650959580000,8.71,8.72,8.71,8.71,423.53
1650959640000,8.71,8.72,8.7,8.71,852.7
1650959700000,8.72,8.72,8.71,8.71,295.84
1650959760000,8.7,8.72,8.7,8.71,206.45
1650959820000,8.71,8.71,8.71,8.71,203.71
1650959880000,8.71,8.71,8.7,8.7,186.6
1650959940000,8.7,8.7,8.7,8.7,22.83
1650960000000,8.71,8.72,8.71,8.72,1421.84
1650960060000,8.72,8.72,8.71,8.72,317.95
1650960120000,8.72,8.72,8.72,8.72,823.89
1650960180000,8.72,8.75,8.72,8.75,4995.68
1650960240000,8.74,8.74,8.73,8.73,238.55
1650960300000,8.73,8.73,8.73,8.73,11.78
1650960360000,8.73,8.75,8.73,8.75,441.04
1650960420000,8.74,8.75,8.74,8.75,27.54
1650960480000,8.74,8.74,8.74,8.74,9.81
1650960540000,8.74,8.74,8.74,8.74,163.05
1650960600000,8.74,8.74,8.74,8.74,0.0
1650960660000,8.74,8.75,8.74,8.75,754.52
1650960720000,8.75,8.75,8.73,8.73,757.8
1650960780000,8.73,8.75,8.73,8.74,412.79
1650960840000,8.74,8.74,8.74,8.74,3.42
1650960900000,8.74,8.74,8.74,8.74,108.31
1650960960000,8.74,8.75,8.74,8.75,115.24
1650961020000,8.74,8.74,8.73,8.74,754.62
1650961080000,8.74,8.74,8.73,8.73,5039.75
1650961140000,8.73,8.74,8.73,8.74,22.9
1650961200000,8.74,8.74,8.73,8.74,236.67
1650961260000,8.74,8.75,8.74,8.75,556.54
1650961320000,8.74,8.75,8.74,8.74,50.0
1650961380000,8.75,8.78,8.75,8.76,2690.68
1650961440000,8.76,8.77,8.75,8.76,580.57
1650961500000,8.75,8.76,8.73,8.75,7560.33
1650961560000,8.74,8.74,8.73,8.74,499.5
1650961620000,8.73,8.74,8.73,8.73,17.31
1650961680000,8.73,8.73,8.73,8.73,500.76
1650961740000,8.73,8.74,8.73,8.73,769.89
1650961800000,8.74,8.74,8.72,8.72,55.98
1650961860000,8.72,8.72,8.71,8.71,415.88
1650961920000,8.71,8.71,8.7,8.7,209.41
1650961980000,8.7,8.71,8.7,8.71,1019.36
1650962040000,8.71,8.73,8.71,8.72,965.42
1650962100000,8.72,8.72,8.72,8.72,14.8
1650962160000,8.72,8.72,8.71,8.72,151.92
1650962220000,8.71,8.71,8.7,8.71,215.52
1650962280000,8.7,8.71,8.7,8.71,466.72
1650962340000,8.72,8.72,8.7,8.7,53.45
1650962400000,8.7,8.7,8.7,8.7,34.91
1650962460000,8.7,8.71,8.7,8.7,150.82
1650962520000,8.7,8.71,8.7,8.7,21.91
1650962580000,8.7,8.7,8.7,8.7,33.82
1650962640000,8.7,8.7,8.7,8.7,67.12
1650962700000,8.7,8.71,8.7,8.71,57.17
1650962760000,8.7,8.71,8.7,8.71,20.45
1650962820000,8.7,8.7,8.69,8.7,313.85
1650962880000,8.71,8.71,8.71,8.71,3.9
1650962940000,8.71,8.72,8.69,8.7,1260.7
1650963000000,8.7,8.7,8.69,8.7,662.96
1650963060000,8.7,8.71,8.7,8.71,548.08
1650963120000,8.71,8.71,8.7,8.7,52.63
1650963180000,8.71,8.71,8.7,8.71,128.28
1650963240000,8.7,8.71,8.7,8.71,27.42
1650963300000,8.71,8.71,8.7,8.71,1389.58
1650963360000,8.72,8.72,8.71,8.71,70.15
1650963420000,8.71,8.71,8.71,8.71,0.0
1650963480000,8.7,8.7,8.7,8.7,10.97
1650963540000,8.71,8.71,8.71,8.71,548.08
1650963600000,8.72,8.72,8.71,8.72,476.81
1650963660000,8.71,8.71,8.71,8.71,36.26
1650963720000,8.7,8.72,8.7,8.71,933.61
1650963780000,8.71,8.71,8.71,8.71,0.0
1650963840000,8.7,8.71,8.7,8.71,320.46
1650963900000,8.7,8.71,8.7,8.71,13.44
1650963960000,8.71,8.71,8.71,8.71,0.0
1650964020000,8.71,8.71,8.71,8.71,1.15
1650964080000,8.71,8.71,8.71,8.71,0.0
1650964140000,8.7,8.7,8.7,8.7,1.17
1650964200000,8.71,8.71,8.71,8.71,57.0
1650964260000,8.71,8.71,8.71,8.71,389.47
1650964320000,8.71,8.71,8.71,8.71,0.0
1650964380000,8.7,8.7,8.7,8.7,70.68
1650964440000,8.71,8.71,8.71,8.71,5.94
1650964500000,8.71,8.71,8.71,8.71,0.0
1650964560000,8.71,8.71,8.71,8.71,200.0
1650964620000,8.71,8.72,8.71,8.72,1245.29
1650964680000,8.71,8.72,8.71,8.71,373.54
1650964740000,8.71,8.72,8.71,8.72,350.09
1650964800000,8.73,8.73,8.71,8.72,253.38
1650964860000,8.72,8.72,8.7,8.71,1650.36
1650964920000,8.71,8.71,8.71,8.71,2.36
1650964980000,8.72,8.73,8.72,8.72,193.6
1650965040000,8.72,8.73,8.72,8.72,246.68
1650965100000,8.71,8.73,8.71,8.72,495.53
1650965160000,8.72,8.72,8.72,8.72,0.0
1650965220000,8.72,8.72,8.72,8.72,40.49
1650965280000,8.72,8.72,8.72,8.72,311.01
1650965340000,8.72,8.72,8.72,8.72,100.69
1650965400000,8.72,8.72,8.71,8.72,327.99
1650965460000,8.71,8.73,8.71,8.73,308.27
1650965520000,8.72,8.73,8.72,8.73,1280.08
1650965580000,8.73,8.73,8.72,8.72,146.57
1650965640000,8.73,8.73,8.73,8.73,9.65
1650965700000,8.72,8.73,8.72,8.73,200.73
1650965760000,8.72,8.74,8.72,8.74,16.5
1650965820000,8.74,8.74,8.73,8.73,96.77
1650965880000,8.73,8.74,8.73,8.74,58.53
1650965940000,8.74,8.74,8.73,8.74,44.83
1650966000000,8.74,8.74,8.72,8.72,329.43
1650966060000,8.72,8.72,8.72,8.72,0.0
1650966120000,8.72,8.72,8.71,8.71,1135.44
1650966180000,8.71,8.72,8.7,8.71,1986.01
1650966240000,8.71,8.71,8.71,8.71,0.0
1650966300000,8.7,8.7,8.7,8.7,56.0
1650966360000,8.69,8.71,8.69,8.69,617.61
1650966420000,8.69,8.7,8.69,8.7,363.12
1650966480000,8.69,8.69,8.69,8.69,3.01
1650966540000,8.69,8.69,8.69,8.69,0.0
1650966600000,8.69,8.69,8.69,8.69,0.0
1650966660000,8.69,8.69,8.69,8.69,74.88
1650966720000,8.7,8.71,8.7,8.7,505.78
1650966780000,8.7,8.72,8.7,8.72,3840.9
1650966840000,8.71,8.71,8.71,8.71,1299.71
1650966900000,8.72,8.72,8.71,8.71,92.22
1650966960000,8.71,8.71,8.71,8.71,0.0
1650967020000,8.71,8.73,8.71,8.73,1791.97
1650967080000,8.73,8.73,8.73,8.73,793.32
1650967140000,8.73,8.73,8.72,8.73,2215.01
1650967200000,8.73,8.74,8.72,8.73,420.5
1650967260000,8.74,8.74,8.74,8.74,30.69
1650967320000,8.74,8.74,8.74,8.74,66.03
1650967380000,8.74,8.74,8.74,8.74,6.17
1650967440000,8.73,8.74,8.73,8.74,80.04
1650967500000,8.73,8.74,8.72,8.72,138.13
1650967560000,8.72,8.72,8.72,8.72,45.72
1650967620000,8.72,8.73,8.72,8.73,228.42
1650967680000,8.72,8.74,8.72,8.74,523.62
1650967740000,8.74,8.75,8.74,8.74,431.44
1650967800000,8.74,8.74,8.73,8.74,265.79
1650967860000,8.72,8.74,8.72,8.74,536.01
1650967920000,8.73,8.75,8.73,8.74,3323.43
1650967980000,8.74,8.76,8.74,8.74,1464.26
1650968040000,8.75,8.76,8.74,8.74,275.92
1650968100000,8.74,8.74,8.73,8.73,2488.31
1650968160000,8.73,8.73,8.73,8.73,0.0
1650968220000,8.73,8.73,8.73,8.73,591.51
1650968280000,8.73,8.73,8.73,8.73,26.0
1650968340000,8.72,8.73,8.72,8.72,27.15
1650968400000,8.73,8.73,8.73,8.73,12.26
1650968460000,8.73,8.73,8.72,8.73,1447.02
1650968520000,8.73,8.74,8.73,8.73,350.09
1650968580000,8.72,8.73,8.72,8.72,109.9
1650968640000,8.72,8.72,8.72,8.72,29.3
1650968700000,8.73,8.73,8.72,8.73,9.38
1650968760000,8.73,8.73,8.73,8.73,197.09
1650968820000,8.73,8.74,8.73,8.73,211.27
1650968880000,8.73,8.73,8.73,8.73,0.0
1650968940000,8.73,8.73,8.73,8.73,11.45
1650969000000,8.72,8.74,8.72,8.73,478.73
1650969060000,8.74,8.74,8.73,8.73,33.88
1650969120000,8.73,8.74,8.73,8.73,15.72
1650969180000,8.73,8.73,8.72,8.72,33.43
1650969240000,8.73,8.73,8.73,8.73,18.12
1650969300000,8.72,8.74,8.72,8.74,621.05
1650969360000,8.73,8.73,8.73,8.73,133.56
1650969420000,8.73,8.73,8.73,8.73,29.56
1650969480000,8.73,8.73,8.73,8.73,0.0
1650969540000,8.72,8.74,8.72,8.74,23.41
1650969600000,8.73,8.73,8.73,8.73,19.8
1650969660000,8.72,8.74,8.72,8.74,42.11
1650969720000,8.74,8.74,8.74,8.74,29.88
1650969780000,8.74,8.74,8.73,8.73,22.39
1650969840000,8.74,8.74,8.73,8.74,163.37
1650969900000,8.74,8.74,8.74,8.74,54.31
1650969960000,8.74,8.74,8.73,8.73,12.59
1650970020000,8.74,8.74,8.74,8.74,22.11
1650970080000,8.73,8.74,8.73,8.73,87.02
1650970140000,8.74,8.74,8.73,8.73,18.95
1650970200000,8.73,8.73,8.73,8.73,78.15
1650970260000,8.73,8.74,8.73,8.73,307.97
1650970320000,8.73,8.74,8.73,8.74,226.98
1650970380000,8.73,8.73,8.73,8.73,6.97
1650970440000,8.73,8.73,8.73,8.73,59.79
1650970500000,8.73,8.73,8.73,8.73,0.0
1650970560000,8.73,8.73,8.72,8.72,1269.88
1650970620000,8.73,8.74,8.73,8.74,951.12
1650970680000,8.74,8.74,8.74,8.74,0.0
1650970740000,8.74,8.74,8.74,8.74,8.07
1650970800000,8.74,8.75,8.74,8.74,444.15
1650970860000,8.74,8.74,8.74,8.74,2.86
1650970920000,8.74,8.74,8.74,8.74,72.33
1650970980000,8.74,8.75,8.73,8.73,521.84
1650971040000,8.74,8.74,8.73,8.73,460.62
1650971100000,8.72,8.73,8.72,8.73,678.89
1650971160000,8.73,8.73,8.73,8.73,237.46
1650971220000,8.74,8.74,8.73,8.73,380.19
1650971280000,8.72,8.72,8.72,8.72,280.93
1650971340000,8.71,8.71,8.68,8.68,4336.89
1650971400000,8.67,8.7,8.67,8.68,5992.4
1650971460000,8.69,8.73,8.69,8.72,805.36
1650971520000,8.72,8.73,8.72,8.72,157.13
1650971580000,8.73,8.74,8.73,8.73,157.47
1650971640000,8.73,8.74,8.73,8.73,65.74
1650971700000,8.73,8.73,8.72,8.72,305.86
1650971760000,8.72,8.73,8.72,8.72,432.92
1650971820000,8.72,8.73,8.72,8.73,613.26
1650971880000,8.72,8.72,8.72,8.72,50.76
1650971940000,8.73,8.74,8.72,8.74,409.49
1650972000000,8.73,8.74,8.73,8.74,1148.86
1650972060000,8.73,8.73,8.73,8.73,16.85
1650972120000,8.74,8.74,8.73,8.73,8.21
1650972180000,8.74,8.75,8.74,8.74,500.25
1650972240000,8.74,8.74,8.74,8.74,407.23
1650972300000,8.74,8.74,8.73,8.74,335.06
1650972360000,8.73,8.73,8.73,8.73,14.3
1650972420000,8.74,8.74,8.74,8.74,82.24
1650972480000,8.73,8.73,8.72,8.72,811.49
1650972540000,8.73,8.74,8.73,8.74,75.0
1650972600000,8.73,8.73,8.71,8.72,621.12
1650972660000,8.71,8.72,8.71,8.71,763.36
1650972720000,8.72,8.73,8.71,8.72,404.48
1650972780000,8.72,8.72,8.72,8.72,69.17
1650972840000,8.72,8.72,8.71,8.71,92.0
1650972900000,8.71,8.71,8.71,8.71,0.0
1650972960000,8.71,8.71,8.71,8.71,66.59
1650973020000,8.71,8.71,8.7,8.7,563.27
1650973080000,8.7,8.7,8.7,8.7,6.11
1650973140000,8.7,8.7,8.7,8.7,0.0
1650973200000,8.7,8.7,8.7,8.7,8.38
1650973260000,8.7,8.7,8.69,8.69,239.1
1650973320000,8.69,8.69,8.69,8.69,0.0
1650973380000,8.7,8.71,8.7,8.7,82.72
1650973440000,8.7,8.7,8.7,8.7,0.0
1650973500000,8.71,8.72,8.7,8.71,942.58
1650973560000,8.71,8.71,8.7,8.7,533.84
1650973620000,8.7,8.7,8.7,8.7,0.0
1650973680000,8.7,8.7,8.7,8.7,137.38
1650973740000,8.71,8.71,8.7,8.7,212.11
1650973800000,8.7,8.7,8.7,8.7,0.0
1650973860000,8.7,8.7,8.7,8.7,59.72
1650973920000,8.71,8.71,8.71,8.71,1.2
1650973980000,8.7,8.7,8.7,8.7,221.76
1650974040000,8.69,8.69,8.69,8.69,55.23
1650974100000,8.69,8.69,8.68,8.69,1104.89
1650974160000,8.69,8.7,8.69,8.7,20.8
1650974220000,8.7,8.7,8.69,8.69,88.77
1650974280000,8.7,8.7,8.7,8.7,404.28
1650974340000,8.7,8.7,8.7,8.7,0.0
1650974400000,8.7,8.7,8.69,8.69,85.58
1650974460000,8.7,8.7,8.7,8.7,22.83
1650974520000,8.7,8.7,8.7,8.7,0.0
1650974580000,8.69,8.69,8.69,8.69,145.43
1650974640000,8.7,8.7,8.69,8.69,1159.58
1650974700000,8.68,8.68,8.67,8.67,413.97
1650974760000,8.68,8.7,8.68,8.7,1317.64
1650974820000,8.69,8.7,8.69,8.7,46.0
1650974880000,8.7,8.7,8.69,8.69,40.08
1650974940000,8.69,8.69,8.69,8.69,15.52
1650975000000,8.69,8.69,8.69,8.69,0.0
1650975060000,8.7,8.7,8.7,8.7,23.68
1650975120000,8.71,8.71,8.7,8.7,120.13
1650975180000,8.7,8.7,8.7,8.7,9.86
1650975240000,8.7,8.71,8.7,8.71,9.27
1650975300000,8.7,8.7,8.7,8.7,28.05
1650975360000,8.7,8.7,8.69,8.7,268.39
1650975420000,8.69,8.7,8.69,8.7,287.79
1650975480000,8.7,8.7,8.69,8.69,187.03
1650975540000,8.7,8.7,8.69,8.69,44.47
1650975600000,8.69,8.69,8.69,8.69,62.01
1650975660000,8.69,8.69,8.68,8.69,525.28
1650975720000,8.69,8.69,8.69,8.69,79.64
1650975780000,8.68,8.68,8.68,8.68,40.96
1650975840000,8.68,8.68,8.68,8.68,913.22
1650975900000,8.67,8.68,8.67,8.67,788.37
1650975960000,8.67,8.69,8.67,8.69,446.99
1650976020000,8.69,8.69,8.68,8.68,433.09
1650976080000,8.69,8.69,8.68,8.68,100.71
1650976140000,8.68,8.68,8.68,8.68,4.09
1650976200000,8.69,8.7,8.68,8.68,1475.7
1650976260000,8.68,8.7,8.68,8.7,290.21
1650976320000,8.69,8.7,8.69,8.69,5.72
1650976380000,8.69,8.69,8.69,8.69,9.97
1650976440000,8.69,8.71,8.69,8.71,401.22
1650976500000,8.7,8.71,8.7,8.71,16.36
1650976560000,8.7,8.7,8.7,8.7,12.34
1650976620000,8.71,8.71,8.69,8.69,69.19
1650976680000,8.69,8.69,8.69,8.69,509.76
1650976740000,8.69,8.69,8.69,8.69,26.44
1650976800000,8.68,8.68,8.67,8.68,366.17
1650976860000,8.68,8.68,8.68,8.68,232.55
1650976920000,8.67,8.68,8.66,8.66,865.46
1650976980000,8.67,8.67,8.65,8.65,288.89
1650977040000,8.66,8.66,8.65,8.65,44.66
1650977100000,8.65,8.65,8.61,8.62,12376.59
1650977160000,8.62,8.63,8.61,8.62,4072.31
1650977220000,8.62,8.63,8.62,8.62,1043.45
1650977280000,8.62,8.63,8.62,8.62,85.11
1650977340000,8.62,8.62,8.61,8.61,266.28
1650977400000,8.62,8.62,8.6,8.61,836.61
1650977460000,8.6,8.6,8.58,8.59,4267.5
1650977520000,8.59,8.6,8.58,8.58,263.38
1650977580000,8.57,8.58,8.55,8.57,3890.8
1650977640000,8.57,8.61,8.57,8.59,12705.94
1650977700000,8.6,8.6,8.59,8.59,716.73
1650977760000,8.59,8.6,8.58,8.6,615.93
1650977820000,8.6,8.6,8.58,8.58,106.97
1650977880000,8.59,8.59,8.58,8.58,38.07
1650977940000,8.59,8.59,8.58,8.59,955.33
1650978000000,8.59,8.59,8.57,8.57,1132.96
1650978060000,8.58,8.6,8.58,8.6,2171.78
1650978120000,8.6,8.61,8.58,8.61,1661.97
1650978180000,8.61,8.61,8.59,8.6,280.04
1650978240000,8.6,8.6,8.6,8.6,34.03
1650978300000,8.6,8.6,8.6,8.6,1392.6
1650978360000,8.61,8.63,8.61,8.62,1342.88
1650978420000,8.62,8.62,8.61,8.61,38.06
1650978480000,8.62,8.62,8.62,8.62,5.2
1650978540000,8.61,8.61,8.61,8.61,22.96
1650978600000,8.61,8.61,8.6,8.6,58.3
1650978660000,8.59,8.6,8.59,8.59,140.33
1650978720000,8.59,8.59,8.59,8.59,756.06
1650978780000,8.59,8.6,8.59,8.6,498.72
1650978840000,8.6,8.61,8.6,8.6,110.64
1650978900000,8.6,8.6,8.6,8.6,87.28
1650978960000,8.61,8.61,8.6,8.6,470.63
1650979020000,8.6,8.6,8.6,8.6,23.08
1650979080000,8.59,8.59,8.59,8.59,220.34
1650979140000,8.59,8.59,8.59,8.59,143.19
1650979200000,8.58,8.59,8.56,8.56,5038.02
1650979260000,8.57,8.57,8.55,8.56,598.59
1650979320000,8.56,8.56,8.55,8.56,451.96
1650979380000,8.55,8.56,8.55,8.55,609.25
1650979440000,8.55,8.55,8.53,8.55,2070.38
1650979500000,8.54,8.56,8.54,8.55,705.32
1650979560000,8.54,8.55,8.54,8.54,260.35
1650979620000,8.54,8.54,8.54,8.54,12.07
1650979680000,8.55,8.58,8.55,8.58,2264.08
1650979740000,8.58,8.58,8.56,8.56,236.18
1650979800000,8.56,8.57,8.55,8.55,2540.54
1650979860000,8.55,8.55,8.54,8.54,681.08
1650979920000,8.54,8.54,8.54,8.54,602.72
1650979980000,8.54,8.54,8.54,8.54,3.23
1650980040000,8.54,8.54,8.54,8.54,227.94
1650980100000,8.53,8.55,8.53,8.54,3026.76
1650980160000,8.53,8.54,8.52,8.53,1755.31
1650980220000,8.52,8.53,8.52,8.52,336.94
1650980280000,8.52,8.55,8.51,8.55,812.73
1650980340000,8.55,8.55,8.53,8.53,97.81
1650980400000,8.53,8.54,8.51,8.53,7268.94
1650980460000,8.53,8.53,8.53,8.53,111.06
1650980520000,8.53,8.53,8.52,8.52,174.07
1650980580000,8.52,8.52,8.52,8.52,425.09
1650980640000,8.52,8.54,8.52,8.53,237.05
1650980700000,8.52,8.54,8.51,8.54,932.52
1650980760000,8.54,8.54,8.52,8.53,383.08
1650980820000,8.53,8.55,8.53,8.55,363.36
1650980880000,8.55,8.57,8.54,8.57,1341.46
1650980940000,8.57,8.57,8.53,8.54,989.81
1650981000000,8.54,8.55,8.53,8.53,175.05
1650981060000,8.53,8.54,8.53,8.53,2008.57
1650981120000,8.53,8.53,8.52,8.52,374.87
1650981180000,8.53,8.53,8.53,8.53,12.8
1650981240000,8.52,8.52,8.51,8.52,58.93
1650981300000,8.52,8.53,8.51,8.51,424.69
1650981360000,8.51,8.52,8.49,8.5,2539.04
1650981420000,8.5,8.51,8.49,8.5,251.49
1650981480000,8.49,8.5,8.48,8.48,2887.25
1650981540000,8.48,8.5,8.48,8.48,937.34
1650981600000,8.49,8.49,8.48,8.49,1066.88
1650981660000,8.48,8.49,8.46,8.46,2059.92
1650981720000,8.46,8.47,8.44,8.47,2884.17
1650981780000,8.47,8.48,8.46,8.47,1128.63
1650981840000,8.47,8.48,8.47,8.48,168.99
1650981900000,8.47,8.5,8.47,8.49,1768.57
1650981960000,8.49,8.49,8.46,8.48,5241.6
1650982020000,8.48,8.49,8.47,8.48,1174.09
1650982080000,8.47,8.47,8.45,8.46,996.64
1650982140000,8.46,8.48,8.46,8.46,232.93
1650982200000,8.47,8.47,8.47,8.47,652.95
1650982260000,8.47,8.48,8.46,8.47,1420.06
1650982320000,8.47,8.47,8.45,8.45,435.23
1650982380000,8.45,8.46,8.44,8.44,845.95
1650982440000,8.45,8.46,8.45,8.46,1068.2
1650982500000,8.46,8.46,8.44,8.45,139.61
1650982560000,8.45,8.46,8.43,8.43,1837.92
1650982620000,8.43,8.44,8.42,8.43,771.46
1650982680000,8.42,8.43,8.39,8.39,5349.44
1650982740000,8.4,8.41,8.39,8.4,2440.38
1650982800000,8.4,8.42,8.4,8.42,1672.57
1650982860000,8.42,8.42,8.39,8.4,1586.04
1650982920000,8.4,8.42,8.4,8.42,3534.08
1650982980000,8.42,8.43,8.42,8.43,560.51
1650983040000,8.43,8.43,8.4,8.4,1215.51
1650983100000,8.41,8.41,8.41,8.41,87.35
1650983160000,8.41,8.41,8.39,8.4,2572.56
1650983220000,8.4,8.42,8.4,8.41,1223.54
1650983280000,8.41,8.41,8.41,8.41,6.03
1650983340000,8.42,8.42,8.41,8.42,1143.54
1650983400000,8.42,8.42,8.4,8.41,841.14
1650983460000,8.41,8.41,8.4,8.41,235.96
1650983520000,8.41,8.42,8.41,8.42,729.48
1650983580000,8.42,8.42,8.39,8.4,1541.41
1650983640000,8.39,8.39,8.37,8.38,2351.93
1650983700000,8.38,8.4,8.37,8.38,4189.61
1650983760000,8.38,8.39,8.37,8.38,1156.28
1650983820000,8.38,8.38,8.37,8.37,63.05
1650983880000,8.37,8.39,8.35,8.35,2584.1
1650983940000,8.36,8.36,8.35,8.36,1231.85
1650984000000,8.36,8.37,8.35,8.37,1054.21
1650984060000,8.36,8.36,8.34,8.35,754.69
1650984120000,8.35,8.35,8.33,8.34,2456.02
1650984180000,8.35,8.36,8.34,8.34,2244.26
1650984240000,8.34,8.34,8.33,8.33,1843.35
1650984300000,8.34,8.35,8.34,8.35,329.59
1650984360000,8.34,8.36,8.34,8.35,1429.29
1650984420000,8.35,8.36,8.34,8.34,506.15
1650984480000,8.34,8.36,8.34,8.35,657.45
1650984540000,8.35,8.35,8.35,8.35,194.39
1650984600000,8.34,8.34,8.34,8.34,712.77
1650984660000,8.34,8.34,8.32,8.33,661.24
1650984720000,8.33,8.34,8.33,8.34,192.36
1650984780000,8.34,8.34,8.33,8.33,579.04
1650984840000,8.32,8.33,8.31,8.32,1278.74
1650984900000,8.33,8.33,8.31,8.31,887.3
1650984960000,8.31,8.34,8.31,8.34,1832.6
1650985020000,8.34,8.35,8.32,8.35,708.35
1650985080000,8.34,8.34,8.33,8.33,1988.66
1650985140000,8.33,8.33,8.31,8.32,2128.81
1650985200000,8.31,8.32,8.3,8.31,1005.9
1650985260000,8.31,8.31,8.28,8.29,2348.62
1650985320000,8.29,8.31,8.28,8.3,2164.64
1650985380000,8.3,8.32,8.3,8.32,4514.29
1650985440000,8.32,8.32,8.3,8.31,703.91
1650985500000,8.3,8.3,8.27,8.28,2512.84
1650985560000,8.28,8.3,8.28,8.29,1471.09
1650985620000,8.3,8.32,8.3,8.31,5254.0
1650985680000,8.32,8.37,8.32,8.36,15776.82
1650985740000,8.36,8.38,8.35,8.36,12128.29
1650985800000,8.37,8.38,8.37,8.38,920.49
1650985860000,8.37,8.38,8.36,8.37,838.99
1650985920000,8.37,8.37,8.36,8.37,256.86
1650985980000,8.36,8.36,8.35,8.35,269.08
1650986040000,8.36,8.36,8.36,8.36,305.53
1650986100000,8.35,8.35,8.34,8.34,601.66
1650986160000,8.34,8.34,8.32,8.34,996.75
1650986220000,8.33,8.33,8.32,8.32,205.74
1650986280000,8.33,8.33,8.3,8.31,721.42
1650986340000,8.31,8.31,8.29,8.3,1595.27
1650986400000,8.3,8.3,8.3,8.3,400.97
1650986460000,8.3,8.31,8.28,8.3,2259.01
1650986520000,8.31,8.34,8.31,8.34,1474.53
1650986580000,8.35,8.35,8.33,8.33,1036.62
1650986640000,8.34,8.35,8.34,8.35,930.71
1650986700000,8.34,8.35,8.34,8.35,187.29
1650986760000,8.35,8.35,8.35,8.35,182.72
1650986820000,8.35,8.35,8.34,8.35,186.33
1650986880000,8.35,8.35,8.33,8.34,1772.64
1650986940000,8.34,8.34,8.33,8.34,859.46
1650987000000,8.33,8.33,8.33,8.33,26.32
1650987060000,8.33,8.34,8.33,8.34,141.19
1650987120000,8.35,8.35,8.33,8.34,1686.06
1650987180000,8.34,8.34,8.32,8.34,129.73
1650987240000,8.35,8.35,8.33,8.33,255.2
1650987300000,8.33,8.33,8.29,8.29,1249.44
1650987360000,8.3,8.31,8.3,8.3,129.27
1650987420000,8.31,8.31,8.29,8.3,247.45
1650987480000,8.3,8.32,8.3,8.32,172.37
1650987540000,8.31,8.32,8.31,8.31,581.65
1650987600000,8.31,8.31,8.3,8.3,53.76
1650987660000,8.3,8.3,8.27,8.28,2666.61
1650987720000,8.28,8.29,8.28,8.29,891.74
1650987780000,8.3,8.31,8.3,8.31,298.67
1650987840000,8.31,8.33,8.31,8.33,546.26
1650987900000,8.32,8.32,8.3,8.31,4161.9
1650987960000,8.31,8.32,8.31,8.32,825.03
1650988020000,8.32,8.32,8.32,8.32,288.08
1650988080000,8.32,8.33,8.32,8.32,601.46
1650988140000,8.32,8.32,8.32,8.32,0.0
1650988200000,8.32,8.33,8.31,8.32,699.51
1650988260000,8.32,8.33,8.31,8.33,686.18
1650988320000,8.32,8.33,8.31,8.31,1315.06
1650988380000,8.31,8.31,8.3,8.31,268.9
1650988440000,8.3,8.3,8.3,8.3,77.69
1650988500000,8.29,8.3,8.27,8.27,4072.62
1650988560000,8.27,8.28,8.27,8.27,1243.22
1650988620000,8.27,8.28,8.25,8.26,5583.68
1650988680000,8.26,8.27,8.24,8.25,3232.0
1650988740000,8.25,8.27,8.25,8.27,371.92
1650988800000,8.26,8.3,8.26,8.3,2053.33
1650988860000,8.3,8.3,8.28,8.29,838.86
1650988920000,8.28,8.28,8.24,8.25,6216.57
1650988980000,8.25,8.26,8.2,8.26,14850.1
1650989040000,8.26,8.29,8.26,8.29,3436.13
1650989100000,8.28,8.3,8.26,8.29,1343.39
1650989160000,8.29,8.3,8.29,8.29,403.51
1650989220000,8.29,8.3,8.28,8.3,264.96
1650989280000,8.3,8.31,8.3,8.31,3529.29
1650989340000,8.31,8.32,8.29,8.32,1497.14
1650989400000,8.32,8.32,8.31,8.31,529.93
1650989460000,8.3,8.32,8.3,8.31,6680.13
1650989520000,8.32,8.32,8.31,8.31,92.82
1650989580000,8.32,8.32,8.29,8.31,3482.62
1650989640000,8.31,8.31,8.3,8.3,121.58
1650989700000,8.31,8.31,8.28,8.28,482.21
1650989760000,8.29,8.32,8.28,8.31,2521.14
1650989820000,8.3,8.3,8.27,8.28,1203.4
1650989880000,8.28,8.29,8.28,8.28,61.51
1650989940000,8.28,8.29,8.27,8.29,215.02
1650990000000,8.3,8.32,8.3,8.32,370.34
1650990060000,8.32,8.32,8.31,8.31,283.5
1650990120000,8.3,8.31,8.29,8.3,611.37
1650990180000,8.3,8.33,8.3,8.32,2105.62
1650990240000,8.33,8.36,8.33,8.33,8570.37
1650990300000,8.34,8.35,8.33,8.35,880.08
1650990360000,8.35,8.35,8.33,8.34,5276.06
1650990420000,8.34,8.35,8.33,8.34,1667.92
1650990480000,8.35,8.35,8.35,8.35,114.04
1650990540000,8.35,8.35,8.33,8.34,220.33
1650990600000,8.34,8.35,8.33,8.33,147.91
1650990660000,8.33,8.33,8.31,8.31,442.75
1650990720000,8.32,8.33,8.32,8.32,384.8
1650990780000,8.33,8.33,8.31,8.33,392.35
1650990840000,8.32,8.32,8.32,8.32,34.0
1650990900000,8.32,8.33,8.32,8.33,501.08
1650990960000,8.34,8.34,8.33,8.33,1084.8
1650991020000,8.33,8.33,8.31,8.31,560.73
1650991080000,8.31,8.32,8.31,8.32,82.06
1650991140000,8.31,8.31,8.3,8.3,618.73
1650991200000,8.3,8.31,8.3,8.31,419.89
1650991260000,8.32,8.32,8.31,8.32,266.14
1650991320000,8.32,8.33,8.32,8.32,759.58
1650991380000,8.32,8.32,8.32,8.32,0.0
1650991440000,8.32,8.32,8.31,8.32,211.08
1650991500000,8.32,8.32,8.32,8.32,1.32
1650991560000,8.31,8.34,8.31,8.32,1434.28
1650991620000,8.32,8.32,8.28,8.3,2841.4
1650991680000,8.29,8.3,8.28,8.29,1502.63
1650991740000,8.28,8.29,8.28,8.28,586.99
1650991800000,8.29,8.29,8.27,8.29,3457.92
1650991860000,8.28,8.3,8.27,8.3,1160.68
1650991920000,8.29,8.3,8.28,8.28,1928.51
1650991980000,8.29,8.3,8.27,8.28,4591.31
1650992040000,8.29,8.29,8.27,8.28,865.89
1650992100000,8.29,8.29,8.28,8.29,100.19
1650992160000,8.29,8.3,8.28,8.29,1594.61
1650992220000,8.29,8.32,8.29,8.32,6380.72
1650992280000,8.33,8.34,8.33,8.34,1862.94
1650992340000,8.33,8.33,8.33,8.33,174.06
1650992400000,8.33,8.33,8.32,8.33,66.32
1650992460000,8.32,8.32,8.28,8.29,2168.71
1650992520000,8.29,8.29,8.28,8.29,1491.99
1650992580000,8.29,8.3,8.28,8.28,1299.12
1650992640000,8.27,8.29,8.27,8.27,371.16
1650992700000,8.28,8.28,8.27,8.27,334.54
1650992760000,8.27,8.28,8.26,8.26,645.57
1650992820000,8.27,8.27,8.26,8.26,127.57
1650992880000,8.26,8.27,8.26,8.26,615.06
1650992940000,8.25,8.27,8.25,8.27,1006.07
1650993000000,8.26,8.26,8.26,8.26,243.02
1650993060000,8.25,8.26,8.25,8.26,91.25
1650993120000,8.27,8.27,8.26,8.27,872.04
1650993180000,8.27,8.27,8.25,8.25,838.59
1650993240000,8.25,8.25,8.23,8.25,1881.31
1650993300000,8.25,8.26,8.24,8.25,625.35
1650993360000,8.26,8.26,8.23,8.23,1869.04
1650993420000,8.23,8.24,8.22,8.24,1090.83
1650993480000,8.24,8.24,8.23,8.23,34.28
1650993540000,8.24,8.24,8.23,8.24,761.88
1650993600000,8.24,8.25,8.24,8.25,415.3
1650993660000,8.24,8.24,8.2,8.22,12391.47
1650993720000,8.21,8.24,8.2,8.23,4515.33
1650993780000,8.23,8.23,8.21,8.21,1155.9
1650993840000,8.22,8.22,8.21,8.22,204.0
1650993900000,8.21,8.23,8.21,8.23,322.75
1650993960000,8.23,8.25,8.23,8.24,1200.45
1650994020000,8.25,8.25,8.24,8.24,624.03
1650994080000,8.24,8.24,8.24,8.24,24.16
1650994140000,8.24,8.24,8.23,8.23,237.64
1650994200000,8.24,8.24,8.23,8.24,447.53
1650994260000,8.24,8.25,8.24,8.24,1536.97
1650994320000,8.23,8.23,8.21,8.22,2722.46
1650994380000,8.22,8.25,8.22,8.25,3301.65
1650994440000,8.25,8.25,8.23,8.24,304.51
1650994500000,8.24,8.24,8.23,8.24,23.4
1650994560000,8.24,8.24,8.23,8.24,363.59
1650994620000,8.24,8.26,8.24,8.26,402.41
1650994680000,8.26,8.26,8.24,8.24,1433.06
1650994740000,8.23,8.25,8.22,8.24,4787.88
1650994800000,8.24,8.25,8.23,8.23,431.74
1650994860000,8.24,8.26,8.24,8.26,2223.24
1650994920000,8.25,8.27,8.25,8.25,413.39
1650994980000,8.26,8.27,8.26,8.27,200.16
1650995040000,8.27,8.27,8.27,8.27,126.42
1650995100000,8.26,8.27,8.26,8.27,151.41
1650995160000,8.26,8.27,8.25,8.25,309.39
1650995220000,8.25,8.25,8.25,8.25,542.34
1650995280000,8.25,8.25,8.24,8.25,641.28
1650995340000,8.25,8.25,8.25,8.25,69.75
1650995400000,8.25,8.25,8.24,8.25,67.62
1650995460000,8.25,8.26,8.25,8.26,1855.56
1650995520000,8.25,8.25,8.24,8.25,2962.78
1650995580000,8.26,8.26,8.26,8.26,98.29
1650995640000,8.27,8.27,8.25,8.25,312.69
1650995700000,8.25,8.26,8.25,8.26,500.29
1650995760000,8.25,8.26,8.25,8.26,79.72
1650995820000,8.27,8.27,8.26,8.26,22.57
1650995880000,8.26,8.26,8.25,8.25,265.16
1650995940000,8.26,8.27,8.26,8.27,28.19
1650996000000,8.27,8.27,8.24,8.24,483.58
1650996060000,8.24,8.24,8.23,8.23,634.75
1650996120000,8.22,8.22,8.21,8.22,451.89
1650996180000,8.22,8.22,8.2,8.21,598.39
1650996240000,8.21,8.22,8.2,8.21,107.36
1650996300000,8.21,8.22,8.2,8.2,220.61
1650996360000,8.2,8.21,8.19,8.2,4019.65
1650996420000,8.2,8.21,8.19,8.21,334.97
1650996480000,8.21,8.22,8.21,8.21,86.11
1650996540000,8.21,8.21,8.2,8.21,563.1
1650996600000,8.21,8.21,8.21,8.21,95.2
1650996660000,8.21,8.23,8.21,8.23,321.57
1650996720000,8.23,8.23,8.23,8.23,5.54
1650996780000,8.23,8.23,8.23,8.23,22.27
1650996840000,8.23,8.24,8.22,8.24,101.46
1650996900000,8.23,8.25,8.23,8.24,3693.38
1650996960000,8.25,8.25,8.23,8.24,2262.28
1650997020000,8.23,8.23,8.22,8.23,271.09
1650997080000,8.23,8.24,8.23,8.24,251.53
1650997140000,8.23,8.25,8.23,8.24,70.77
1650997200000,8.23,8.23,8.23,8.23,6.19
1650997260000,8.24,8.26,8.24,8.25,169.31
1650997320000,8.25,8.25,8.23,8.24,1312.22
1650997380000,8.24,8.24,8.24,8.24,275.01
1650997440000,8.25,8.25,8.24,8.24,58.97
1650997500000,8.24,8.24,8.24,8.24,33.9
1650997560000,8.25,8.25,8.24,8.24,432.61
1650997620000,8.24,8.24,8.24,8.24,53.58
1650997680000,8.25,8.25,8.24,8.24,258.43
1650997740000,8.25,8.26,8.24,8.25,359.14
1650997800000,8.24,8.24,8.24,8.24,264.01
1650997860000,8.24,8.24,8.23,8.23,547.74
1650997920000,8.24,8.24,8.24,8.24,27.03
1650997980000,8.25,8.25,8.23,8.23,767.38
1650998040000,8.23,8.24,8.23,8.24,21.21
1650998100000,8.24,8.25,8.24,8.25,81.96
1650998160000,8.24,8.25,8.24,8.25,64.3
1650998220000,8.25,8.26,8.24,8.26,295.43
1650998280000,8.25,8.26,8.23,8.23,139.91
1650998340000,8.23,8.23,8.23,8.23,403.76
1650998400000,8.23,8.23,8.22,8.22,434.6
1650998460000,8.22,8.22,8.22,8.22,171.84
1650998520000,8.21,8.21,8.19,8.2,1137.56
1650998580000,8.2,8.21,8.2,8.21,222.32
1650998640000,8.2,8.2,8.2,8.2,176.28
1650998700000,8.2,8.2,8.19,8.19,113.74
1650998760000,8.2,8.21,8.2,8.2,236.42
1650998820000,8.21,8.21,8.21,8.21,358.87
1650998880000,8.21,8.22,8.21,8.22,111.6
1650998940000,8.22,8.22,8.22,8.22,12.84
1650999000000,8.21,8.22,8.2,8.22,165.15
1650999060000,8.22,8.22,8.21,8.21,57.44
1650999120000,8.21,8.22,8.21,8.21,15.32
1650999180000,8.21,8.21,8.21,8.21,2.0
1650999240000,8.21,8.22,8.21,8.22,2579.47
1650999300000,8.22,8.22,8.22,8.22,52.02
1650999360000,8.23,8.23,8.23,8.23,966.8
1650999420000,8.23,8.23,8.23,8.23,0.0
1650999480000,8.23,8.24,8.23,8.24,1467.54
1650999540000,8.23,8.23,8.23,8.23,504.92
1650999600000,8.24,8.24,8.23,8.23,510.85
1650999660000,8.23,8.23,8.21,8.21,825.07
1650999720000,8.22,8.22,8.21,8.22,583.32
1650999780000,8.22,8.22,8.2,8.21,651.71
1650999840000,8.2,8.21,8.2,8.2,656.45
1650999900000,8.21,8.22,8.2,8.2,691.69
1650999960000,8.2,8.21,8.2,8.2,331.34
1651000020000,8.21,8.22,8.2,8.22,298.26
1651000080000,8.21,8.21,8.21,8.21,182.06
1651000140000,8.22,8.25,8.22,8.24,3439.22
1651000200000,8.23,8.24,8.23,8.24,199.67
1651000260000,8.24,8.25,8.24,8.25,313.63
1651000320000,8.24,8.25,8.23,8.23,1048.47
1651000380000,8.23,8.23,8.23,8.23,30.36
1651000440000,8.22,8.23,8.22,8.23,31.22
1651000500000,8.22,8.23,8.21,8.22,902.93
1651000560000,8.22,8.22,8.18,8.19,1301.03
1651000620000,8.19,8.2,8.16,8.16,2845.92
1651000680000,8.17,8.17,8.14,8.15,3024.17
1651000740000,8.14,8.16,8.14,8.15,664.73
1651000800000,8.15,8.16,8.15,8.16,410.24
1651000860000,8.16,8.18,8.16,8.18,527.73
1651000920000,8.17,8.17,8.16,8.16,1363.28
1651000980000,8.17,8.17,8.16,8.16,537.36
1651001040000,8.16,8.17,8.16,8.17,60.49
1651001100000,8.16,8.17,8.15,8.15,568.0
1651001160000,8.15,8.16,8.15,8.16,42.82
1651001220000,8.16,8.16,8.15,8.16,812.55
1651001280000,8.16,8.16,8.14,8.15,770.6
1651001340000,8.16,8.16,8.15,8.15,648.63
1651001400000,8.15,8.16,8.15,8.15,491.75
1651001460000,8.16,8.16,8.15,8.15,403.39
1651001520000,8.14,8.15,8.09,8.09,14371.62
1651001580000,8.1,8.1,8.07,8.08,6585.61
1651001640000,8.07,8.08,8.03,8.07,14400.45
1651001700000,8.07,8.08,8.05,8.07,4592.58
1651001760000,8.07,8.09,8.06,8.09,804.99
1651001820000,8.09,8.13,8.09,8.12,3499.93
1651001880000,8.12,8.14,8.12,8.13,3172.5
1651001940000,8.14,8.14,8.12,8.14,198.53
1651002000000,8.14,8.14,8.13,8.14,677.62
1651002060000,8.13,8.13,8.11,8.11,2080.24
1651002120000,8.11,8.14,8.11,8.13,735.35
1651002180000,8.13,8.13,8.11,8.11,577.43
1651002240000,8.12,8.14,8.12,8.14,1001.5
1651002300000,8.14,8.14,8.12,8.12,503.91
1651002360000,8.13,8.13,8.11,8.12,809.62
1651002420000,8.12,8.13,8.12,8.12,2511.77
1651002480000,8.13,8.13,8.11,8.13,1972.73
1651002540000,8.12,8.13,8.12,8.12,292.21
1651002600000,8.12,8.15,8.11,8.14,2177.87
1651002660000,8.15,8.18,8.13,8.14,6041.07
1651002720000,8.15,8.15,8.13,8.15,1825.36
1651002780000,8.14,8.14,8.13,8.13,491.32
1651002840000,8.13,8.14,8.13,8.13,1211.95
1651002900000,8.13,8.15,8.12,8.13,1735.58
1651002960000,8.12,8.13,8.11,8.11,3121.69
1651003020000,8.11,8.13,8.11,8.13,3448.03
1651003080000,8.12,8.13,8.12,8.12,634.88
1651003140000,8.12,8.12,8.1,8.12,2070.16
1651003200000,8.12,8.12,8.11,8.11,548.11
1651003260000,8.12,8.14,8.08,8.13,5423.66
1651003320000,8.13,8.15,8.13,8.14,2444.84
1651003380000,8.14,8.14,8.1,8.1,1891.94
1651003440000,8.11,8.12,8.1,8.11,617.59
1651003500000,8.11,8.11,8.09,8.1,299.48
1651003560000,8.1,8.1,8.08,8.09,1455.68
1651003620000,8.09,8.09,8.05,8.07,3003.81
1651003680000,8.07,8.07,8.06,8.07,815.57
1651003740000,8.08,8.08,8.05,8.06,1220.34
1651003800000,8.07,8.07,8.04,8.06,796.27
1651003860000,8.05,8.07,8.05,8.06,2488.09
1651003920000,8.06,8.07,8.05,8.07,2070.41
1651003980000,8.05,8.06,8.04,8.04,754.53
1651004040000,8.03,8.04,8.01,8.02,3828.77
1651004100000,8.02,8.04,8.02,8.04,1392.36
1651004160000,8.05,8.06,8.04,8.04,1365.69
1651004220000,8.05,8.08,8.05,8.07,5745.03
1651004280000,8.07,8.07,8.05,8.07,600.68
1651004340000,8.07,8.08,8.07,8.08,747.14
1651004400000,8.08,8.08,8.06,8.08,956.98
1651004460000,8.08,8.08,8.07,8.07,60.54
1651004520000,8.07,8.07,8.07,8.07,149.86
1651004580000,8.07,8.07,8.06,8.07,208.52
1651004640000,8.07,8.07,8.06,8.07,367.34
1651004700000,8.07,8.07,8.04,8.04,702.54
1651004760000,8.04,8.04,8.03,8.04,1097.12
1651004820000,8.04,8.04,8.03,8.03,1080.26
1651004880000,8.02,8.03,8.01,8.02,2328.82
1651004940000,8.02,8.04,8.02,8.03,1449.33
1651005000000,8.02,8.02,8.01,8.01,475.66
1651005060000,8.02,8.02,8.0,8.01,3958.68
1651005120000,8.0,8.01,8.0,8.01,2810.09
1651005180000,8.02,8.04,8.02,8.04,2258.18
1651005240000,8.04,8.05,8.03,8.05,5003.77
1651005300000,8.04,8.04,8.02,8.04,1364.54
1651005360000,8.05,8.05,8.03,8.03,390.18
1651005420000,8.05,8.05,8.02,8.02,821.72
1651005480000,8.03,8.05,8.03,8.04,1449.69
1651005540000,8.04,8.05,8.03,8.05,858.47
1651005600000,8.05,8.05,8.02,8.03,1332.86
1651005660000,8.03,8.03,8.0,8.01,4036.79
1651005720000,8.01,8.02,8.0,8.02,1057.68
1651005780000,8.02,8.02,8.0,8.01,1436.6
1651005840000,8.02,8.02,8.01,8.02,38.31
1651005900000,8.01,8.02,8.01,8.01,144.44
1651005960000,8.01,8.02,8.01,8.01,268.35
1651006020000,8.02,8.03,8.02,8.03,5991.9
1651006080000,8.03,8.03,8.01,8.02,436.36
1651006140000,8.03,8.04,8.03,8.04,4427.15
1651006200000,8.04,8.04,8.04,8.04,19.18
1651006260000,8.04,8.04,8.01,8.01,797.23
1651006320000,8.02,8.04,8.02,8.04,845.51
1651006380000,8.04,8.05,8.03,8.03,1127.02
1651006440000,8.03,8.03,8.02,8.02,1080.06
1651006500000,8.02,8.05,8.02,8.05,471.96
1651006560000,8.05,8.06,8.04,8.05,832.62
1651006620000,8.06,8.07,8.06,8.07,445.34
1651006680000,8.06,8.08,8.06,8.07,565.12
1651006740000,8.07,8.07,8.07,8.07,1070.03
1651006800000,8.07,8.07,8.06,8.06,258.22
1651006860000,8.07,8.07,8.05,8.05,2571.64
1651006920000,8.05,8.05,8.04,8.04,56.49
1651006980000,8.04,8.04,8.04,8.04,293.17
1651007040000,8.04,8.05,8.03,8.05,248.46
1651007100000,8.05,8.06,8.04,8.05,612.5
1651007160000,8.05,8.06,8.05,8.05,1940.85
1651007220000,8.05,8.07,8.05,8.07,1561.64
1651007280000,8.06,8.08,8.05,8.08,488.95
1651007340000,8.07,8.09,8.07,8.09,1938.25
1651007400000,8.1,8.12,8.09,8.09,3353.16
1651007460000,8.1,8.11,8.1,8.11,687.99
1651007520000,8.11,8.11,8.11,8.11,80.08
1651007580000,8.11,8.12,8.11,8.11,364.66
1651007640000,8.11,8.12,8.1,8.11,1322.85
1651007700000,8.12,8.13,8.11,8.11,3226.75
1651007760000,8.12,8.12,8.11,8.11,374.68
1651007820000,8.12,8.12,8.11,8.11,1282.81
1651007880000,8.11,8.11,8.1,8.11,1486.68
1651007940000,8.1,8.11,8.1,8.11,737.18
1651008000000,8.1,8.1,8.1,8.1,35.48
1651008060000,8.1,8.1,8.1,8.1,4.23
1651008120000,8.1,8.1,8.1,8.1,104.25
1651008180000,8.1,8.1,8.1,8.1,35.98
1651008240000,8.1,8.1,8.1,8.1,12.74
1651008300000,8.1,8.1,8.09,8.09,11.35
1651008360000,8.09,8.1,8.09,8.1,367.52
1651008420000,8.1,8.1,8.1,8.1,3.7
1651008480000,8.1,8.1,8.09,8.09,930.05
1651008540000,8.1,8.1,8.1,8.1,41.11
1651008600000,8.1,8.1,8.09,8.1,27.48
1651008660000,8.09,8.1,8.09,8.1,34.71
1651008720000,8.1,8.1,8.1,8.1,201.84
1651008780000,8.1,8.1,8.1,8.1,10.56
1651008840000,8.1,8.1,8.09,8.09,6.57
1651008900000,8.1,8.1,8.09,8.1,245.89
1651008960000,8.09,8.09,8.09,8.09,1589.07
1651009020000,8.09,8.09,8.09,8.09,202.87
1651009080000,8.09,8.09,8.09,8.09,29.34
1651009140000,8.09,8.09,8.09,8.09,58.67
1651009200000,8.09,8.09,8.09,8.09,238.83
1651009260000,8.09,8.09,8.08,8.08,1068.38
1651009320000,8.09,8.09,8.09,8.09,2.72
1651009380000,8.09,8.09,8.08,8.09,1563.61
1651009440000,8.09,8.1,8.08,8.1,3107.83
1651009500000,8.1,8.11,8.1,8.1,301.86
1651009560000,8.11,8.11,8.11,8.11,2.48
1651009620000,8.1,8.11,8.1,8.11,367.82
1651009680000,8.11,8.12,8.11,8.11,601.51
1651009740000,8.11,8.12,8.11,8.11,675.32
1651009800000,8.12,8.12,8.11,8.11,113.47
1651009860000,8.11,8.12,8.11,8.12,4.96
1651009920000,8.12,8.12,8.11,8.11,24.17
1651009980000,8.11,8.12,8.11,8.12,356.57
1651010040000,8.12,8.13,8.12,8.13,1205.65
1651010100000,8.12,8.13,8.12,8.13,19.39
1651010160000,8.13,8.14,8.12,8.12,266.67
1651010220000,8.12,8.12,8.12,8.12,125.76
1651010280000,8.12,8.13,8.12,8.13,46.53
1651010340000,8.13,8.13,8.12,8.12,37.49
1651010400000,8.13,8.13,8.12,8.13,158.05
1651010460000,8.12,8.12,8.12,8.12,190.49
1651010520000,8.12,8.12,8.12,8.12,62.74
1651010580000,8.12,8.12,8.12,8.12,62.33
1651010640000,8.12,8.12,8.12,8.12,77.05
1651010700000,8.13,8.13,8.13,8.13,272.52
1651010760000,8.13,8.14,8.12,8.13,949.01
1651010820000,8.13,8.13,8.13,8.13,98.32
1651010880000,8.14,8.15,8.14,8.14,584.7
1651010940000,8.14,8.15,8.14,8.14,452.67
1651011000000,8.15,8.15,8.14,8.14,27.45
1651011060000,8.15,8.16,8.14,8.14,366.78
1651011120000,8.15,8.15,8.15,8.15,38.24
1651011180000,8.15,8.17,8.15,8.15,841.67
1651011240000,8.16,8.16,8.15,8.15,208.52
1651011300000,8.15,8.15,8.14,8.14,180.69
1651011360000,8.14,8.16,8.14,8.16,28.13
1651011420000,8.15,8.16,8.15,8.15,195.77
1651011480000,8.15,8.15,8.14,8.14,321.98
1651011540000,8.14,8.14,8.14,8.14,6.04
1651011600000,8.14,8.14,8.13,8.13,33.25
1651011660000,8.14,8.14,8.14,8.14,5.55
1651011720000,8.14,8.14,8.14,8.14,15.56
1651011780000,8.14,8.14,8.14,8.14,5.0
1651011840000,8.13,8.13,8.12,8.13,4198.26
1651011900000,8.12,8.13,8.12,8.12,106.71
1651011960000,8.12,8.13,8.12,8.13,364.76
1651012020000,8.13,8.13,8.13,8.13,12.6
1651012080000,8.13,8.13,8.13,8.13,42.55
1651012140000,8.13,8.13,8.12,8.12,448.05
1651012200000,8.13,8.14,8.13,8.14,456.72
1651012260000,8.14,8.15,8.12,8.12,2702.51
1651012320000,8.12,8.12,8.11,8.12,1263.04
1651012380000,8.11,8.11,8.1,8.11,1571.03
1651012440000,8.11,8.11,8.09,8.1,4283.89
1651012500000,8.1,8.1,8.1,8.1,10.6
1651012560000,8.1,8.1,8.07,8.08,2606.78
1651012620000,8.07,8.09,8.07,8.09,112.24
1651012680000,8.09,8.1,8.09,8.1,1652.69
1651012740000,8.1,8.1,8.09,8.09,402.0
1651012800000,8.09,8.09,8.09,8.09,34.25
1651012860000,8.08,8.09,8.08,8.09,107.58
1651012920000,8.08,8.1,8.08,8.09,2197.71
1651012980000,8.09,8.09,8.09,8.09,0.0
1651013040000,8.1,8.1,8.07,8.08,10474.1
1651013100000,8.08,8.09,8.08,8.09,319.57
1651013160000,8.1,8.1,8.09,8.09,161.33
1651013220000,8.1,8.11,8.1,8.1,1975.6
1651013280000,8.11,8.12,8.11,8.11,6360.35
1651013340000,8.12,8.12,8.11,8.11,218.09
1651013400000,8.12,8.13,8.12,8.13,3792.11
1651013460000,8.13,8.13,8.13,8.13,295.79
1651013520000,8.13,8.15,8.13,8.13,3316.8
1651013580000,8.12,8.12,8.1,8.11,1331.83
1651013640000,8.12,8.12,8.12,8.12,1.23
1651013700000,8.12,8.12,8.12,8.12,534.84
1651013760000,8.12,8.12,8.11,8.12,36.79
1651013820000,8.12,8.13,8.12,8.13,449.12
1651013880000,8.13,8.13,8.13,8.13,278.41
1651013940000,8.13,8.13,8.11,8.11,651.42
1651014000000,8.12,8.12,8.11,8.11,1014.68
1651014060000,8.1,8.11,8.09,8.11,1048.94
1651014120000,8.11,8.11,8.1,8.11,59.72
1651014180000,8.1,8.11,8.09,8.09,97.68
1651014240000,8.1,8.11,8.1,8.11,139.33
1651014300000,8.1,8.11,8.1,8.11,174.1
1651014360000,8.11,8.11,8.08,8.09,503.16
1651014420000,8.09,8.09,8.09,8.09,0.0
1651014480000,8.09,8.1,8.09,8.1,275.47
1651014540000,8.09,8.09,8.09,8.09,61.82
1651014600000,8.08,8.09,8.07,8.07,615.39
1651014660000,8.08,8.08,8.06,8.06,287.76
1651014720000,8.05,8.06,8.04,8.05,1736.6
1651014780000,8.05,8.05,8.03,8.04,1291.12
1651014840000,8.03,8.05,8.03,8.05,246.09
1651014900000,8.04,8.04,8.03,8.04,1843.39
1651014960000,8.04,8.04,8.04,8.04,25.91
1651015020000,8.03,8.03,8.0,8.02,1483.43
1651015080000,8.0,8.02,7.96,7.96,21327.58
1651015140000,7.97,7.97,7.91,7.91,10401.55
1651015200000,7.92,7.96,7.92,7.94,7688.02
1651015260000,7.94,7.95,7.93,7.95,1969.67
1651015320000,7.95,7.97,7.94,7.95,5701.33
1651015380000,7.95,7.97,7.94,7.94,3237.7
1651015440000,7.94,7.96,7.93,7.95,928.99
1651015500000,7.95,7.96,7.94,7.95,801.53
1651015560000,7.96,7.96,7.95,7.95,188.96
1651015620000,7.94,7.94,7.91,7.93,4412.58
1651015680000,7.94,7.95,7.94,7.95,82.21
1651015740000,7.95,7.95,7.94,7.94,1805.21
1651015800000,7.94,7.94,7.93,7.94,968.58
1651015860000,7.94,7.96,7.94,7.95,1990.49
1651015920000,7.95,7.97,7.95,7.97,1075.43
1651015980000,7.97,7.98,7.96,7.98,705.0
1651016040000,7.98,8.0,7.97,7.98,1589.67
1651016100000,7.99,7.99,7.97,7.98,271.82
1651016160000,7.97,7.97,7.96,7.97,718.44
1651016220000,7.97,7.99,7.97,7.99,498.29
1651016280000,7.98,7.99,7.98,7.99,569.47
1651016340000,8.0,8.0,7.98,7.98,314.51
1651016400000,7.99,8.0,7.98,7.99,99.92
1651016460000,7.99,7.99,7.98,7.98,55.59
1651016520000,7.98,7.98,7.98,7.98,0.0
1651016580000,7.99,7.99,7.99,7.99,11.41
1651016640000,8.0,8.0,8.0,8.0,3.83
1651016700000,7.99,7.99,7.97,7.97,1792.17
1651016760000,7.97,7.98,7.95,7.97,723.75
1651016820000,7.97,7.97,7.95,7.96,601.59
1651016880000,7.96,7.97,7.95,7.97,656.23
1651016940000,7.97,7.98,7.97,7.98,174.95
1651017000000,7.98,7.98,7.97,7.98,400.81
1651017060000,7.98,7.99,7.98,7.99,353.92
1651017120000,7.99,7.99,7.98,7.98,2.57
1651017180000,7.97,7.97,7.97,7.97,502.18
1651017240000,7.96,7.97,7.96,7.96,183.67
1651017300000,7.96,7.97,7.96,7.97,1561.23
1651017360000,7.98,8.0,7.98,8.0,664.29
1651017420000,8.0,8.01,7.99,8.0,1394.03
1651017480000,8.0,8.0,8.0,8.0,276.1
1651017540000,8.0,8.01,7.99,8.01,201.9
1651017600000,8.01,8.01,8.0,8.0,559.73
