timestamp,open,high,low,close,volume
1649808000000,305.0,305.0,304.8,305.0,37.802
1649808060000,304.9,305.0,304.8,304.9,40.405
1649808120000,304.9,306.5,304.8,306.2,352.331
1649808180000,306.0,306.5,305.0,305.0,837.968
1649808240000,304.9,304.9,304.5,304.6,147.028
1649808300000,304.6,304.6,304.5,304.6,64.803
1649808360000,304.4,304.4,304.4,304.4,0.711
1649808420000,304.5,304.7,304.5,304.5,10.352
1649808480000,304.5,304.8,304.5,304.8,28.687
1649808540000,304.9,305.3,304.9,305.0,90.454
1649808600000,304.9,305.0,304.8,305.0,7.267
1649808660000,305.0,305.3,305.0,305.2,20.248
1649808720000,305.2,305.2,305.2,305.2,5.557
1649808780000,305.4,305.5,305.4,305.4,2.697
1649808840000,305.3,305.4,305.2,305.4,7.98
1649808900000,305.4,305.4,305.0,305.0,15.729
1649808960000,305.0,305.0,304.7,304.8,16.797
1649809020000,304.8,304.8,304.8,304.8,0.127
1649809080000,304.9,304.9,304.9,304.9,20.028
1649809140000,304.9,305.0,304.5,304.6,12.325
1649809200000,304.8,304.9,304.6,304.6,10.812
1649809260000,304.6,304.7,304.6,304.7,3.581
1649809320000,304.6,304.7,304.5,304.5,21.52
1649809380000,304.4,304.5,304.3,304.5,23.771
1649809440000,304.5,304.6,304.5,304.6,6.35
1649809500000,304.6,304.8,304.6,304.8,5.806
1649809560000,304.6,304.6,304.2,304.2,11.786
1649809620000,304.2,304.3,304.2,304.3,20.278
1649809680000,304.2,304.4,304.2,304.4,9.082
1649809740000,304.3,304.3,304.3,304.3,0.645
1649809800000,304.2,304.2,303.7,303.9,10.25
1649809860000,304.0,304.0,303.7,303.7,6.004
1649809920000,303.8,303.9,303.6,303.6,27.831
1649809980000,303.7,303.9,303.7,303.9,2.912
1649810040000,303.9,304.2,303.9,304.0,19.629
1649810100000,304.0,304.0,303.9,303.9,1.708
1649810160000,303.9,303.9,303.9,303.9,0.0
1649810220000,303.8,304.1,303.8,304.1,14.768
1649810280000,304.0,304.2,303.9,304.0,19.243
1649810340000,304.1,304.1,304.1,304.1,6.802
1649810400000,304.0,304.4,304.0,304.2,39.81
1649810460000,304.3,304.3,304.2,304.2,3.241
1649810520000,304.2,304.2,303.9,303.9,17.866
1649810580000,304.0,304.1,304.0,304.1,3.572
1649810640000,303.9,304.1,303.9,304.1,3.342
1649810700000,303.9,303.9,303.9,303.9,0.125
1649810760000,303.9,303.9,303.7,303.8,13.83
1649810820000,303.8,303.8,303.3,303.4,14.811
1649810880000,303.3,303.3,303.3,303.3,1.39
1649810940000,303.4,303.4,303.4,303.4,1.741
1649811000000,303.4,303.4,303.0,303.0,52.793
1649811060000,303.0,303.1,302.4,302.4,32.211
1649811120000,302.4,302.5,302.4,302.5,3.829
1649811180000,302.6,302.7,302.5,302.7,8.874
1649811240000,302.7,302.8,302.7,302.7,16.985
1649811300000,302.7,302.7,302.7,302.7,0.245
1649811360000,302.7,302.7,302.6,302.7,3.189
1649811420000,302.7,302.8,302.4,302.4,3.14
1649811480000,302.4,302.6,302.4,302.5,5.781
1649811540000,302.5,302.5,302.5,302.5,3.001
1649811600000,302.5,302.5,302.3,302.4,108.88
1649811660000,302.6,302.7,302.5,302.5,26.792
1649811720000,302.6,302.7,302.6,302.7,3.919
1649811780000,302.6,302.7,302.3,302.3,20.529
1649811840000,302.3,302.4,302.3,302.4,5.023
1649811900000,302.3,302.7,302.2,302.5,25.033
1649811960000,302.6,302.6,302.0,302.0,19.574
1649812020000,301.9,301.9,301.4,301.7,58.735
1649812080000,301.7,301.7,301.7,301.7,0.0
1649812140000,301.6,301.6,301.6,301.6,0.823
1649812200000,301.5,302.4,301.5,302.0,41.334
1649812260000,302.0,302.0,301.5,301.5,16.827
1649812320000,301.5,301.5,301.5,301.5,1.201
1649812380000,301.4,301.6,301.4,301.6,9.321
1649812440000,301.6,302.3,301.6,302.3,41.11
1649812500000,302.2,302.3,301.9,301.9,3.372
1649812560000,302.2,302.4,302.1,302.1,27.161
1649812620000,302.0,302.0,301.3,301.5,10.064
1649812680000,301.7,301.7,301.7,301.7,0.128
1649812740000,301.7,301.8,301.7,301.8,5.006
1649812800000,301.9,302.4,301.9,302.2,73.692
1649812860000,302.1,302.1,301.8,301.9,5.998
1649812920000,301.9,302.0,301.9,302.0,0.358
1649812980000,302.2,302.4,302.0,302.4,11.193
1649813040000,302.3,302.3,302.0,302.0,22.127
1649813100000,302.0,302.2,302.0,302.2,7.922
1649813160000,302.1,302.1,302.1,302.1,0.147
1649813220000,302.0,302.1,302.0,302.1,2.6
1649813280000,302.0,302.1,301.8,301.9,22.515
1649813340000,301.9,302.2,301.9,302.2,5.029
1649813400000,302.2,302.2,302.2,302.2,0.0
1649813460000,301.9,302.8,301.9,302.8,11.585
1649813520000,302.7,303.4,302.7,303.3,148.079
1649813580000,303.3,303.7,303.3,303.7,18.216
1649813640000,303.7,303.7,303.1,303.3,144.828
1649813700000,303.3,303.8,303.1,303.5,6.618
1649813760000,303.6,304.0,303.2,303.3,67.659
1649813820000,303.2,303.4,303.1,303.4,14.008
1649813880000,303.4,303.4,303.2,303.4,5.307
1649813940000,303.4,303.4,303.4,303.4,1.792
1649814000000,303.3,303.8,303.3,303.8,5.972
1649814060000,303.8,304.1,303.8,303.8,43.496
1649814120000,303.7,303.7,303.2,303.2,15.183
1649814180000,303.1,303.2,303.1,303.2,2.832
1649814240000,303.2,303.2,303.0,303.1,1.366
1649814300000,303.1,303.1,303.0,303.0,5.976
1649814360000,303.1,303.2,303.0,303.2,6.903
1649814420000,302.9,302.9,302.3,302.4,125.244
1649814480000,302.4,302.4,302.2,302.4,23.628
1649814540000,302.3,302.6,302.3,302.6,7.218
1649814600000,302.6,302.7,302.6,302.7,13.458
1649814660000,302.7,303.2,302.7,303.2,19.087
1649814720000,303.1,303.1,303.0,303.0,3.663
1649814780000,302.9,302.9,302.9,302.9,0.548
1649814840000,302.9,303.0,302.9,303.0,0.369
1649814900000,303.0,303.3,302.9,303.3,4.167
1649814960000,303.2,303.3,303.2,303.2,3.98
1649815020000,303.2,303.2,302.9,302.9,25.519
1649815080000,303.1,303.4,303.1,303.4,40.674
1649815140000,303.3,303.5,303.3,303.5,19.923
1649815200000,303.3,303.5,303.3,303.5,1.73
1649815260000,303.4,303.4,303.3,303.3,4.36
1649815320000,303.4,303.5,303.2,303.2,6.543
1649815380000,303.1,303.1,303.1,303.1,2.878
1649815440000,303.4,303.5,303.4,303.5,33.623
1649815500000,303.5,303.7,303.3,303.7,41.409
1649815560000,303.7,303.9,303.7,303.8,29.574
1649815620000,303.8,303.9,303.7,303.8,4.074
1649815680000,303.6,303.7,303.4,303.7,17.857
1649815740000,303.8,303.8,303.8,303.8,0.148
1649815800000,303.7,303.7,303.5,303.5,3.748
1649815860000,303.5,303.6,303.5,303.6,0.22
1649815920000,303.5,303.9,303.5,303.9,18.632
1649815980000,303.9,303.9,303.7,303.7,2.606
1649816040000,303.6,303.6,303.1,303.1,8.002
1649816100000,303.3,303.3,302.9,303.0,16.718
1649816160000,303.1,303.1,302.4,302.5,24.126
1649816220000,302.6,302.6,302.4,302.5,8.045
1649816280000,302.5,302.5,302.5,302.5,0.538
1649816340000,302.7,302.8,302.7,302.8,0.516
1649816400000,302.7,302.7,302.5,302.5,18.64
1649816460000,302.5,302.6,302.4,302.6,0.136
1649816520000,302.6,302.7,302.5,302.7,1.408
1649816580000,302.7,302.7,302.5,302.5,10.527
1649816640000,302.5,302.5,302.2,302.4,66.885
1649816700000,302.3,302.5,302.3,302.4,1.173
1649816760000,302.4,302.4,302.1,302.1,9.774
1649816820000,302.0,302.0,302.0,302.0,1.805
1649816880000,302.0,302.4,302.0,302.4,8.021
1649816940000,302.4,302.4,302.2,302.4,16.75
1649817000000,302.5,303.0,302.5,302.9,12.909
1649817060000,302.9,303.0,302.9,303.0,3.643
1649817120000,303.0,303.1,303.0,303.1,0.867
1649817180000,303.1,303.7,303.1,303.7,26.817
1649817240000,303.7,303.8,303.6,303.8,29.088
1649817300000,303.7,304.4,303.5,304.4,21.7
1649817360000,304.3,304.5,304.1,304.4,23.461
1649817420000,304.6,304.7,304.4,304.6,6.355
1649817480000,304.6,305.0,304.6,304.9,78.244
1649817540000,304.8,305.5,304.8,305.5,76.588
1649817600000,305.5,305.5,305.0,305.0,37.163
1649817660000,305.0,305.0,304.6,304.6,17.737
1649817720000,304.7,304.8,304.7,304.8,1.002
1649817780000,304.5,304.7,304.3,304.3,8.673
1649817840000,304.3,304.6,304.3,304.6,1.451
1649817900000,304.6,304.6,304.4,304.5,7.737
1649817960000,304.3,304.3,304.0,304.0,15.9
1649818020000,304.0,304.0,304.0,304.0,4.357
1649818080000,304.3,304.4,304.3,304.3,1.577
1649818140000,304.5,304.8,304.5,304.8,6.398
1649818200000,304.9,304.9,304.5,304.5,14.613
1649818260000,304.6,304.6,304.4,304.4,0.243
1649818320000,304.4,304.5,303.7,303.8,232.707
1649818380000,303.8,304.2,303.7,304.2,103.133
1649818440000,304.2,304.3,304.1,304.3,13.123
1649818500000,304.3,304.3,304.0,304.2,3.785
1649818560000,304.0,304.2,304.0,304.2,3.063
1649818620000,304.1,304.1,303.8,303.8,7.013
1649818680000,303.7,303.8,303.7,303.8,6.885
1649818740000,303.9,304.0,303.8,304.0,1.338
1649818800000,303.7,303.7,303.7,303.7,2.726
1649818860000,303.8,303.8,303.8,303.8,0.127
1649818920000,303.8,303.9,303.6,303.9,13.919
1649818980000,304.1,304.3,304.1,304.3,11.237
1649819040000,304.3,304.4,304.3,304.4,4.271
1649819100000,304.4,304.6,304.4,304.6,5.809
1649819160000,304.6,304.6,304.5,304.5,6.607
1649819220000,304.3,304.3,304.1,304.2,5.961
1649819280000,304.2,304.4,304.2,304.4,12.631
1649819340000,304.4,304.6,304.4,304.5,15.569
1649819400000,304.5,304.5,304.3,304.3,3.378
1649819460000,304.5,304.5,304.4,304.4,8.233
1649819520000,304.5,304.6,304.5,304.6,0.794
1649819580000,304.3,304.4,304.3,304.4,0.291
1649819640000,304.6,304.6,304.5,304.5,20.492
1649819700000,304.5,304.5,304.5,304.5,2.364
1649819760000,304.5,304.7,304.5,304.7,12.401
1649819820000,304.6,304.6,304.4,304.6,10.341
1649819880000,304.6,304.6,304.6,304.6,1.542
1649819940000,304.7,305.2,304.7,305.2,49.164
1649820000000,305.2,305.4,305.0,305.1,44.029
1649820060000,305.1,305.2,305.0,305.0,4.265
1649820120000,305.1,305.1,304.8,305.0,102.814
1649820180000,304.9,305.3,304.9,305.3,14.263
1649820240000,305.3,305.5,305.3,305.4,5.039
1649820300000,305.4,305.4,305.3,305.3,23.364
1649820360000,305.2,305.3,305.2,305.3,11.457
1649820420000,305.3,305.3,305.1,305.1,4.139
1649820480000,305.1,305.2,305.1,305.1,1.88
1649820540000,305.1,305.2,305.0,305.0,17.796
1649820600000,305.1,305.4,305.1,305.4,16.213
1649820660000,305.3,305.3,304.8,304.9,46.168
1649820720000,304.8,304.8,304.5,304.7,8.848
1649820780000,304.9,305.0,304.8,304.8,7.749
1649820840000,304.8,304.8,304.8,304.8,0.131
1649820900000,304.7,304.7,304.6,304.6,15.391
1649820960000,304.6,304.6,304.6,304.6,0.0
1649821020000,304.6,304.6,304.6,304.6,0.0
1649821080000,304.6,304.6,304.6,304.6,0.035
1649821140000,304.8,304.8,304.6,304.7,6.751
1649821200000,304.6,304.6,304.6,304.6,0.443
1649821260000,304.7,304.7,304.5,304.5,3.965
1649821320000,304.5,304.5,304.4,304.5,2.709
1649821380000,304.5,304.6,304.5,304.5,10.296
1649821440000,304.5,304.5,304.5,304.5,1.021
1649821500000,304.6,304.6,304.6,304.6,0.707
1649821560000,304.4,304.4,304.1,304.1,28.262
1649821620000,304.0,304.0,303.4,303.7,217.193
1649821680000,303.7,304.0,303.5,303.6,38.314
1649821740000,303.7,303.7,303.5,303.5,20.863
1649821800000,303.5,304.1,303.4,303.9,293.299
1649821860000,304.0,304.2,303.2,303.3,288.874
1649821920000,303.3,304.2,303.3,304.0,236.822
1649821980000,304.0,304.0,303.8,303.9,12.055
1649822040000,303.9,303.9,303.9,303.9,0.0
1649822100000,303.9,303.9,303.8,303.8,0.267
1649822160000,303.9,303.9,303.9,303.9,2.0
1649822220000,303.8,303.8,303.6,303.6,16.037
1649822280000,303.9,303.9,303.9,303.9,0.064
1649822340000,303.8,304.0,303.8,304.0,13.699
1649822400000,303.9,303.9,303.8,303.8,0.634
1649822460000,303.9,304.2,303.9,304.2,26.642
1649822520000,304.2,304.2,304.2,304.2,4.538
1649822580000,304.1,304.3,303.8,303.8,32.549
1649822640000,303.7,303.7,303.7,303.7,1.363
1649822700000,303.6,303.7,303.6,303.7,0.221
1649822760000,303.6,303.8,303.6,303.8,2.256
1649822820000,303.7,303.7,303.5,303.5,4.536
1649822880000,303.4,303.5,303.4,303.5,1.129
1649822940000,303.4,303.7,303.3,303.6,19.486
1649823000000,303.5,303.5,303.5,303.5,0.06
1649823060000,303.6,303.6,303.6,303.6,0.516
1649823120000,303.6,303.7,303.5,303.5,6.286
1649823180000,303.5,303.6,303.5,303.6,2.485
1649823240000,303.7,303.7,303.7,303.7,2.525
1649823300000,303.6,303.6,303.6,303.6,0.265
1649823360000,303.8,304.2,303.8,304.0,8.944
1649823420000,304.0,304.0,304.0,304.0,0.186
1649823480000,304.1,304.1,304.1,304.1,0.066
1649823540000,303.9,303.9,303.9,303.9,10.718
1649823600000,303.9,303.9,303.8,303.8,6.712
1649823660000,303.8,303.9,303.8,303.9,7.405
1649823720000,303.8,303.8,303.8,303.8,0.578
1649823780000,303.8,303.9,303.8,303.9,2.459
1649823840000,303.7,303.7,303.7,303.7,3.497
1649823900000,303.7,304.0,303.7,303.7,8.42
1649823960000,303.6,303.6,302.8,303.1,269.359
1649824020000,303.1,303.4,303.1,303.4,25.234
1649824080000,303.4,303.4,303.1,303.4,23.368
1649824140000,303.3,303.3,303.3,303.3,14.942
1649824200000,303.4,303.5,303.4,303.5,1.32
1649824260000,303.6,303.9,303.6,303.6,12.763
1649824320000,303.6,303.6,303.3,303.3,10.742
1649824380000,303.3,303.3,303.2,303.3,9.171
1649824440000,303.4,303.6,303.4,303.6,0.637
1649824500000,303.7,303.7,303.7,303.7,1.149
1649824560000,303.7,303.7,303.6,303.7,0.98
1649824620000,303.7,303.7,303.7,303.7,0.0
1649824680000,303.7,303.7,303.7,303.7,0.0
1649824740000,303.4,303.4,303.3,303.3,3.718
1649824800000,303.2,303.2,303.1,303.1,54.266
1649824860000,303.1,303.1,302.9,302.9,19.31
1649824920000,303.0,303.2,303.0,303.2,7.5
1649824980000,303.2,303.2,303.2,303.2,0.783
1649825040000,303.2,303.3,303.2,303.3,2.989
1649825100000,303.4,303.9,303.4,303.9,30.651
1649825160000,304.0,305.8,304.0,305.3,322.574
1649825220000,305.3,305.3,304.8,304.8,34.162
1649825280000,304.7,304.9,304.7,304.9,7.273
1649825340000,305.0,305.2,305.0,305.1,2.256
1649825400000,305.2,305.2,305.0,305.0,0.335
1649825460000,305.1,305.1,305.0,305.0,0.222
1649825520000,305.1,305.2,304.8,304.8,14.562
1649825580000,304.9,305.1,304.9,305.1,2.645
1649825640000,305.0,305.0,305.0,305.0,1.683
1649825700000,305.0,305.1,304.9,305.1,0.574
1649825760000,305.0,305.3,305.0,305.3,7.538
1649825820000,305.4,305.5,305.4,305.5,2.373
1649825880000,305.6,305.7,305.4,305.5,17.766
1649825940000,305.6,305.8,305.5,305.5,7.047
1649826000000,305.6,305.8,305.6,305.8,8.876
1649826060000,305.7,305.8,305.5,305.5,104.446
1649826120000,305.6,305.8,305.6,305.8,43.039
1649826180000,305.7,305.7,305.4,305.7,25.529
1649826240000,305.4,305.7,305.4,305.7,19.016
1649826300000,305.7,305.7,305.6,305.6,0.513
1649826360000,305.7,305.7,305.7,305.7,1.974
1649826420000,305.7,305.7,305.7,305.7,0.0
1649826480000,305.8,305.8,305.5,305.5,15.266
1649826540000,305.5,305.5,305.3,305.4,7.562
1649826600000,305.3,305.3,305.1,305.3,8.977
1649826660000,305.3,305.3,305.3,305.3,2.05
1649826720000,305.3,305.3,305.3,305.3,0.06
1649826780000,305.3,305.3,305.1,305.2,1.884
1649826840000,305.2,305.2,305.2,305.2,0.072
1649826900000,305.1,305.1,305.0,305.0,0.244
1649826960000,305.1,305.3,305.1,305.1,10.323
1649827020000,305.1,305.2,305.0,305.2,20.964
1649827080000,305.3,305.4,305.3,305.4,13.641
1649827140000,305.2,305.2,305.1,305.1,5.231
1649827200000,305.2,305.2,305.0,305.0,1.679
1649827260000,305.0,305.4,305.0,305.2,23.614
1649827320000,305.3,305.3,305.1,305.1,16.068
1649827380000,305.1,305.3,305.1,305.2,2.694
1649827440000,305.2,305.3,304.9,304.9,10.609
1649827500000,304.9,304.9,304.9,304.9,5.161
1649827560000,304.9,305.1,304.9,305.1,7.032
1649827620000,305.2,305.2,305.0,305.0,0.463
1649827680000,305.1,305.1,305.1,305.1,2.965
1649827740000,305.0,305.1,305.0,305.1,0.82
1649827800000,305.2,305.3,305.0,305.3,3.251
1649827860000,305.4,305.5,305.4,305.5,11.779
1649827920000,305.4,305.4,305.3,305.4,7.496
1649827980000,305.4,305.4,305.4,305.4,0.28
1649828040000,305.4,305.7,305.4,305.7,1.375
1649828100000,305.7,306.0,305.6,305.6,110.366
1649828160000,305.9,306.0,305.7,305.9,15.606
1649828220000,306.0,306.1,305.9,306.1,25.09
1649828280000,306.1,306.2,305.9,306.2,74.864
1649828340000,306.0,306.1,305.8,305.9,21.801
1649828400000,306.0,306.0,306.0,306.0,1.249
1649828460000,305.9,305.9,305.7,305.7,2.138
1649828520000,305.7,305.8,305.7,305.7,14.072
1649828580000,305.8,306.0,305.7,306.0,16.904
1649828640000,305.9,306.0,305.8,305.8,0.695
1649828700000,305.9,305.9,305.9,305.9,20.943
1649828760000,305.9,306.3,305.9,306.2,34.964
1649828820000,306.2,306.4,306.2,306.3,90.019
1649828880000,306.4,306.4,306.3,306.4,7.6
1649828940000,306.4,306.6,306.4,306.6,8.46
1649829000000,306.6,306.6,306.4,306.6,18.944
1649829060000,306.6,306.6,306.4,306.6,16.805
1649829120000,306.7,306.8,306.5,306.5,24.744
1649829180000,306.7,306.9,306.7,306.9,26.891
1649829240000,306.8,307.1,306.7,307.0,11.057
1649829300000,306.9,307.0,306.9,307.0,26.528
1649829360000,307.1,307.1,306.9,306.9,4.184
1649829420000,306.9,307.0,306.8,306.8,9.647
1649829480000,306.8,306.8,306.3,306.5,169.166
1649829540000,306.6,306.7,306.6,306.7,2.704
1649829600000,306.7,307.7,306.4,307.6,333.324
1649829660000,307.6,307.7,306.9,307.0,377.502
1649829720000,307.0,307.4,307.0,307.2,11.962
1649829780000,307.1,307.2,307.0,307.0,10.609
1649829840000,307.0,307.0,306.8,306.9,16.889
1649829900000,306.7,306.8,306.6,306.8,4.292
1649829960000,306.8,306.8,306.7,306.7,3.769
1649830020000,306.7,306.8,306.6,306.8,2.28
1649830080000,306.8,306.9,306.7,306.8,10.091
1649830140000,306.8,306.8,306.8,306.8,0.205
1649830200000,306.7,306.7,306.5,306.5,26.024
1649830260000,306.5,306.6,306.2,306.2,61.97
1649830320000,306.2,306.3,306.1,306.3,13.008
1649830380000,306.4,306.5,306.4,306.5,1.016
1649830440000,306.4,306.4,306.3,306.4,0.536
1649830500000,306.3,306.3,306.1,306.1,9.149
1649830560000,306.2,306.2,306.2,306.2,0.822
1649830620000,306.1,306.1,306.1,306.1,1.484
1649830680000,306.0,306.1,305.9,305.9,16.332
1649830740000,306.0,306.0,306.0,306.0,0.225
1649830800000,305.9,305.9,305.9,305.9,0.079
1649830860000,305.9,305.9,305.7,305.7,22.172
1649830920000,305.8,305.8,305.6,305.7,3.698
1649830980000,305.7,305.7,305.7,305.7,0.0
1649831040000,305.6,305.6,305.5,305.5,17.119
1649831100000,305.5,305.5,305.5,305.5,2.085
1649831160000,305.5,305.6,305.5,305.6,30.268
1649831220000,305.6,305.6,305.6,305.6,10.144
1649831280000,305.5,305.5,305.5,305.5,15.048
1649831340000,305.5,305.6,305.5,305.6,16.204
1649831400000,305.6,305.6,305.6,305.6,3.359
1649831460000,305.5,305.5,305.4,305.4,3.133
1649831520000,305.5,305.5,305.4,305.4,58.448
1649831580000,305.5,305.6,305.3,305.3,57.848
1649831640000,305.2,305.3,305.2,305.2,7.64
1649831700000,305.2,305.2,305.1,305.2,12.161
1649831760000,305.1,305.4,305.1,305.3,94.693
1649831820000,305.4,305.7,305.4,305.5,192.302
1649831880000,305.5,305.7,305.5,305.6,42.304
1649831940000,305.5,305.6,305.4,305.4,27.462
1649832000000,305.4,305.7,305.4,305.6,55.476
1649832060000,305.6,305.6,305.4,305.5,3.585
1649832120000,305.4,305.4,305.2,305.2,18.376
1649832180000,305.3,305.4,305.2,305.2,19.49
1649832240000,305.2,305.3,305.1,305.2,10.262
1649832300000,305.1,305.4,305.1,305.4,12.929
1649832360000,305.4,305.4,305.4,305.4,22.011
1649832420000,305.3,305.3,304.8,304.8,27.586
1649832480000,304.8,304.9,304.8,304.9,27.107
1649832540000,304.9,305.3,304.9,305.2,44.197
1649832600000,305.2,305.3,305.1,305.1,10.68
1649832660000,305.0,305.0,304.6,304.6,105.491
1649832720000,304.7,304.7,304.1,304.3,25.144
1649832780000,304.2,304.2,303.4,304.1,141.9
1649832840000,304.1,304.2,303.9,304.0,10.839
1649832900000,304.0,304.0,303.8,304.0,2.815
1649832960000,304.0,304.3,304.0,304.2,4.421
1649833020000,304.1,304.1,304.0,304.0,0.789
1649833080000,304.1,304.1,304.0,304.0,1.676
1649833140000,304.0,304.2,304.0,304.2,20.795
1649833200000,304.0,304.4,303.8,303.8,6.897
1649833260000,303.8,304.0,303.8,304.0,6.641
1649833320000,303.9,304.2,303.9,304.2,8.07
1649833380000,304.1,304.5,304.1,304.4,11.572
1649833440000,304.4,304.4,304.3,304.3,0.749
1649833500000,304.3,304.5,304.2,304.2,4.996
1649833560000,304.1,304.2,304.0,304.0,5.508
1649833620000,304.1,304.1,304.1,304.1,1.897
1649833680000,304.1,304.1,303.9,304.0,6.308
1649833740000,303.9,304.0,303.8,304.0,3.621
1649833800000,304.0,304.1,303.8,303.8,19.216
1649833860000,303.7,303.7,303.6,303.6,28.082
1649833920000,303.6,303.6,303.6,303.6,2.872
1649833980000,303.6,304.5,303.6,304.2,67.384
1649834040000,304.1,304.4,304.1,304.1,12.414
1649834100000,304.0,304.2,304.0,304.0,2.142
1649834160000,304.4,305.0,304.4,304.9,12.423
1649834220000,304.9,305.1,304.7,304.9,62.794
1649834280000,304.9,304.9,304.6,304.9,30.634
1649834340000,304.9,304.9,304.5,304.6,48.162
1649834400000,304.6,304.6,304.6,304.6,1.776
1649834460000,304.5,305.2,304.5,305.2,6.965
1649834520000,305.3,305.3,304.9,304.9,7.328
1649834580000,304.8,304.8,304.7,304.7,2.727
1649834640000,304.6,304.9,304.6,304.9,2.693
1649834700000,304.9,305.1,304.8,305.1,22.951
1649834760000,305.1,305.1,304.8,304.8,16.488
1649834820000,304.8,305.4,304.8,305.2,16.14
1649834880000,305.1,305.3,305.0,305.2,15.831
1649834940000,305.1,305.2,305.1,305.1,5.954
1649835000000,305.0,305.4,305.0,305.4,8.784
1649835060000,305.3,305.4,305.2,305.3,17.992
1649835120000,305.4,305.5,305.1,305.3,12.327
1649835180000,305.4,305.4,305.1,305.2,2.17
1649835240000,305.3,305.3,305.2,305.2,8.585
1649835300000,305.3,305.5,305.3,305.4,8.693
1649835360000,305.4,305.4,305.0,305.0,6.73
1649835420000,305.1,305.1,304.9,305.1,13.179
1649835480000,305.0,305.3,305.0,305.3,20.052
1649835540000,305.3,305.5,305.2,305.2,10.82
1649835600000,305.1,305.3,305.0,305.3,12.359
1649835660000,305.3,305.3,305.2,305.2,3.763
1649835720000,305.3,305.3,305.1,305.3,4.056
1649835780000,305.2,305.3,305.1,305.2,1.519
1649835840000,305.1,305.3,305.0,305.3,2.335
1649835900000,305.3,305.5,305.1,305.5,17.25
1649835960000,305.5,305.5,305.4,305.5,4.55
1649836020000,305.5,305.5,305.4,305.4,5.973
1649836080000,305.4,305.4,305.4,305.4,1.743
1649836140000,305.4,306.2,305.4,306.2,46.382
1649836200000,306.1,306.1,305.6,305.7,5.767
1649836260000,305.8,306.0,305.7,305.9,5.355
1649836320000,305.9,306.1,305.8,306.0,8.079
1649836380000,306.0,306.1,305.9,306.0,4.345
1649836440000,305.9,306.0,305.6,305.7,14.681
1649836500000,305.7,305.8,305.7,305.8,13.214
1649836560000,305.8,305.9,305.8,305.8,4.005
1649836620000,305.9,305.9,305.8,305.8,5.765
1649836680000,305.7,305.7,305.6,305.7,4.228
1649836740000,305.7,305.8,305.6,305.8,5.305
1649836800000,305.9,305.9,305.4,305.7,49.805
1649836860000,305.8,305.9,305.8,305.8,3.883
1649836920000,305.8,305.9,305.7,305.7,6.232
1649836980000,305.7,306.2,305.7,306.1,94.687
1649837040000,306.0,306.0,305.9,306.0,8.94
1649837100000,305.8,306.1,305.7,306.1,13.643
1649837160000,306.0,306.1,306.0,306.1,17.748
1649837220000,306.1,306.1,305.9,305.9,34.198
1649837280000,305.9,305.9,305.8,305.8,13.653
1649837340000,305.7,305.8,305.7,305.8,1.816
1649837400000,305.8,305.9,305.6,305.9,22.612
1649837460000,305.7,305.8,305.7,305.7,9.512
1649837520000,305.7,305.7,305.1,305.3,53.391
1649837580000,305.4,305.7,305.4,305.7,4.385
1649837640000,305.7,305.9,305.7,305.7,9.401
1649837700000,305.7,305.8,305.0,305.1,75.462
1649837760000,305.1,305.4,305.1,305.4,14.314
1649837820000,305.3,305.5,305.3,305.5,10.252
1649837880000,305.5,305.5,305.4,305.4,0.965
1649837940000,305.4,305.4,305.4,305.4,0.0
1649838000000,305.6,305.6,305.6,305.6,0.612
1649838060000,305.5,305.5,305.4,305.4,0.616
1649838120000,305.4,305.4,305.3,305.3,0.564
1649838180000,305.3,305.5,305.2,305.5,9.258
1649838240000,305.6,305.6,305.2,305.2,31.827
1649838300000,305.2,305.3,305.2,305.3,1.186
1649838360000,305.2,305.3,305.2,305.3,9.354
1649838420000,305.4,305.4,305.2,305.3,20.077
1649838480000,305.2,305.2,305.2,305.2,7.221
1649838540000,305.2,305.2,305.2,305.2,0.0
1649838600000,305.2,305.5,305.2,305.5,2.9
1649838660000,305.5,305.9,305.5,305.9,17.725
1649838720000,305.9,306.3,305.9,306.2,72.6
1649838780000,306.2,306.5,306.2,306.3,46.092
1649838840000,306.3,306.7,306.3,306.6,54.736
1649838900000,306.5,307.2,305.7,305.9,477.322
1649838960000,305.9,306.0,305.4,305.8,88.955
1649839020000,305.8,306.0,305.2,305.3,131.552
1649839080000,305.2,306.4,304.8,305.7,437.982
1649839140000,305.7,305.9,305.0,305.5,277.229
1649839200000,305.6,306.0,305.1,305.5,350.75
1649839260000,305.5,305.5,305.3,305.3,18.845
1649839320000,305.3,305.7,305.1,305.5,31.99
1649839380000,305.5,306.9,305.5,306.5,93.65
1649839440000,306.5,307.4,306.4,306.8,233.15
1649839500000,306.7,307.2,306.7,306.9,15.431
1649839560000,306.9,306.9,306.5,306.8,36.927
1649839620000,306.7,307.0,306.7,306.9,18.89
1649839680000,306.9,306.9,306.7,306.8,5.522
1649839740000,306.8,307.0,306.8,307.0,4.746
1649839800000,307.0,307.3,307.0,307.1,8.495
1649839860000,307.3,307.4,307.2,307.3,20.492
1649839920000,307.3,307.6,307.2,307.5,23.731
1649839980000,307.5,307.6,306.6,306.7,141.279
1649840040000,306.6,307.4,306.5,306.5,350.533
1649840100000,306.4,306.8,306.4,306.6,29.267
1649840160000,306.6,307.3,306.5,306.7,274.906
1649840220000,306.6,306.8,306.5,306.7,13.543
1649840280000,306.7,307.0,306.7,307.0,8.15
1649840340000,307.0,307.0,306.8,306.9,6.76
1649840400000,306.9,307.2,306.9,307.1,86.166
1649840460000,307.0,307.0,306.7,306.7,6.746
1649840520000,306.9,307.1,306.9,307.1,7.617
1649840580000,307.1,307.4,307.0,307.4,10.382
1649840640000,307.3,307.9,307.0,307.4,73.898
1649840700000,307.3,307.6,307.1,307.4,40.175
1649840760000,307.5,308.1,307.5,308.0,94.126
1649840820000,308.0,308.5,307.6,307.8,205.65
1649840880000,307.8,307.9,307.4,307.9,57.044
1649840940000,307.9,307.9,307.1,307.2,137.315
1649841000000,307.2,307.3,306.7,306.9,133.67
1649841060000,306.9,307.5,306.9,307.4,147.185
1649841120000,307.4,307.8,307.4,307.8,71.482
1649841180000,307.8,307.9,307.8,307.9,32.915
1649841240000,307.8,307.8,307.4,307.6,61.544
1649841300000,307.6,307.6,307.2,307.4,36.373
1649841360000,307.5,307.8,307.3,307.8,36.073
1649841420000,307.8,307.8,307.3,307.4,43.306
1649841480000,307.5,307.5,306.8,307.1,37.725
1649841540000,307.1,307.2,307.1,307.2,6.264
1649841600000,307.2,307.2,307.2,307.2,4.009
1649841660000,307.2,307.8,307.2,307.8,32.999
1649841720000,307.7,308.0,307.6,307.7,25.525
1649841780000,307.8,308.3,307.8,308.3,21.301
1649841840000,308.3,308.4,308.2,308.2,40.19
1649841900000,308.3,308.3,308.1,308.1,84.05
1649841960000,308.0,308.1,307.8,307.8,12.748
1649842020000,307.9,308.0,307.6,307.6,16.656
1649842080000,307.6,307.6,307.3,307.3,34.159
1649842140000,307.2,307.5,307.2,307.5,14.426
1649842200000,307.6,307.8,307.6,307.7,2.675
1649842260000,307.7,307.7,307.5,307.5,4.523
1649842320000,307.4,307.4,307.0,307.1,11.859
1649842380000,307.2,307.2,306.8,306.8,7.429
1649842440000,307.0,307.1,306.9,307.1,4.042
1649842500000,307.1,307.2,307.0,307.1,2.36
1649842560000,306.9,307.2,306.7,307.1,31.605
1649842620000,307.0,307.0,307.0,307.0,2.085
1649842680000,306.9,307.1,306.9,307.1,9.638
1649842740000,306.9,307.1,306.9,307.1,2.321
1649842800000,306.8,306.9,306.8,306.8,0.266
1649842860000,306.9,306.9,306.8,306.8,2.192
1649842920000,306.8,306.8,306.5,306.6,17.743
1649842980000,306.6,306.8,306.6,306.7,6.26
1649843040000,306.7,306.7,306.6,306.7,1.628
1649843100000,306.7,306.7,306.6,306.7,4.806
1649843160000,306.6,306.7,306.6,306.7,0.77
1649843220000,306.7,307.0,306.7,307.0,21.047
1649843280000,306.9,306.9,306.9,306.9,0.205
1649843340000,307.0,307.1,307.0,307.1,19.71
1649843400000,307.2,307.3,307.2,307.3,9.58
1649843460000,307.3,307.4,307.2,307.3,1.727
1649843520000,307.3,307.9,307.3,307.9,49.754
1649843580000,308.0,308.0,307.4,307.8,72.28
1649843640000,307.8,307.8,307.5,307.7,24.397
1649843700000,307.6,307.6,307.5,307.5,2.529
1649843760000,307.5,307.6,307.4,307.4,6.606
1649843820000,307.3,307.9,307.3,307.9,97.25
1649843880000,307.7,307.7,307.6,307.6,15.263
1649843940000,307.5,307.8,307.5,307.8,4.331
1649844000000,307.9,307.9,307.5,307.8,11.735
1649844060000,307.8,308.0,307.8,308.0,3.953
1649844120000,308.0,308.2,308.0,308.1,13.83
1649844180000,307.9,307.9,307.6,307.7,6.325
1649844240000,307.9,308.1,307.9,308.0,3.087
1649844300000,308.1,308.1,308.0,308.0,11.305
1649844360000,307.9,308.0,307.9,308.0,0.709
1649844420000,308.0,308.1,307.8,307.8,28.16
1649844480000,307.7,307.8,307.4,307.4,15.317
1649844540000,307.4,307.4,307.4,307.4,4.286
1649844600000,307.4,307.6,307.4,307.6,3.877
1649844660000,307.7,307.7,307.6,307.6,0.167
1649844720000,307.5,307.6,307.5,307.6,0.878
1649844780000,307.5,307.5,307.3,307.3,0.677
1649844840000,307.3,307.3,307.3,307.3,0.834
1649844900000,307.3,307.4,307.3,307.4,9.536
1649844960000,307.2,307.2,306.4,306.4,127.598
1649845020000,306.4,306.5,306.2,306.5,10.087
1649845080000,306.5,307.2,306.5,307.2,147.108
1649845140000,307.2,307.2,306.8,307.1,76.773
1649845200000,307.1,307.3,307.1,307.1,10.449
1649845260000,307.1,307.1,306.9,306.9,3.586
1649845320000,306.8,306.8,306.5,306.5,55.739
1649845380000,306.5,306.8,306.5,306.7,6.759
1649845440000,306.7,306.7,306.7,306.7,2.498
1649845500000,306.6,306.7,306.6,306.6,2.051
1649845560000,306.5,306.5,305.5,305.8,201.269
1649845620000,305.9,306.0,305.9,306.0,7.713
1649845680000,306.1,306.7,306.0,306.3,236.82
1649845740000,306.3,306.5,306.3,306.5,7.392
1649845800000,306.7,306.7,306.5,306.5,28.237
1649845860000,306.5,306.7,306.1,306.1,147.175
1649845920000,306.1,306.1,306.0,306.1,3.484
1649845980000,306.1,306.1,305.6,305.6,145.524
1649846040000,305.5,305.9,305.4,305.9,12.382
1649846100000,306.0,306.0,305.8,305.8,3.581
1649846160000,305.8,305.8,305.7,305.7,2.397
1649846220000,305.8,306.0,305.8,306.0,27.35
1649846280000,306.1,306.3,306.1,306.3,9.636
1649846340000,306.4,306.5,306.4,306.5,2.013
1649846400000,306.4,306.4,305.9,305.9,119.349
1649846460000,305.9,305.9,305.8,305.8,22.449
1649846520000,305.7,305.7,305.6,305.6,19.223
1649846580000,305.7,306.0,305.7,305.9,0.97
1649846640000,305.8,305.8,305.6,305.6,23.906
1649846700000,305.6,306.3,305.6,306.3,259.552
1649846760000,306.3,306.5,306.2,306.2,19.506
1649846820000,306.2,306.2,306.1,306.1,4.548
1649846880000,306.3,306.9,306.3,306.6,64.329
1649846940000,306.4,306.4,306.2,306.3,25.715
1649847000000,306.4,306.4,306.1,306.1,19.956
1649847060000,306.0,306.0,305.7,305.9,44.116
1649847120000,305.8,306.2,305.7,306.2,27.453
1649847180000,306.2,306.2,306.0,306.1,0.745
1649847240000,306.0,306.1,305.9,306.0,38.999
1649847300000,306.1,306.3,306.1,306.3,8.933
1649847360000,306.3,306.3,305.9,305.9,13.636
1649847420000,306.2,306.5,306.0,306.5,6.531
1649847480000,306.4,306.4,306.3,306.3,1.303
1649847540000,306.4,306.5,306.2,306.5,5.781
1649847600000,306.5,306.7,306.5,306.7,12.034
1649847660000,306.8,306.8,306.7,306.7,38.957
1649847720000,306.7,307.1,306.7,307.1,12.086
1649847780000,307.0,307.0,306.9,307.0,1.958
1649847840000,307.0,307.0,306.9,306.9,2.253
1649847900000,306.8,307.3,306.6,307.1,78.851
1649847960000,307.2,307.3,306.7,306.8,188.43
1649848020000,306.9,307.3,306.9,307.2,40.527
1649848080000,307.2,307.7,307.1,307.7,41.283
1649848140000,307.7,308.0,307.6,307.6,277.732
1649848200000,307.7,307.8,307.6,307.7,33.779
1649848260000,307.7,307.9,307.7,307.9,2.817
1649848320000,308.0,308.2,307.9,308.1,58.717
1649848380000,308.1,308.5,308.0,308.3,206.125
1649848440000,308.4,308.8,308.4,308.6,134.135
1649848500000,308.6,309.6,308.6,309.5,107.927
1649848560000,309.5,310.6,309.5,310.6,312.553
1649848620000,310.4,311.0,310.4,310.9,165.313
1649848680000,311.0,312.6,310.9,312.1,167.002
1649848740000,312.1,313.3,312.0,313.0,243.809
1649848800000,313.0,313.9,313.0,313.4,203.796
1649848860000,313.4,314.4,312.3,313.9,432.431
1649848920000,314.0,314.7,313.8,313.8,120.353
1649848980000,313.8,314.4,313.3,314.2,122.133
1649849040000,314.3,314.6,314.2,314.4,147.428
1649849100000,314.5,316.2,314.5,315.5,339.132
1649849160000,315.6,316.7,315.6,316.6,113.974
1649849220000,316.5,318.1,316.5,318.0,852.495
1649849280000,318.0,319.4,318.0,319.0,338.782
1649849340000,318.9,319.4,317.7,318.9,501.769
1649849400000,318.9,320.0,318.9,319.8,217.023
1649849460000,319.6,319.7,317.6,318.0,405.225
1649849520000,317.9,317.9,317.1,317.2,171.614
1649849580000,317.3,317.8,317.1,317.6,97.854
1649849640000,317.6,318.0,317.6,318.0,96.183
1649849700000,317.9,318.7,317.2,318.5,218.235
1649849760000,318.6,320.4,318.6,319.7,802.337
1649849820000,319.6,325.5,319.6,323.5,3068.464
1649849880000,323.5,323.5,321.1,321.4,723.903
1649849940000,321.3,322.9,320.8,322.0,520.225
1649850000000,322.0,322.6,321.6,322.2,196.542
1649850060000,322.1,324.1,322.0,323.9,373.297
1649850120000,323.8,324.1,322.4,323.2,545.68
1649850180000,323.2,323.5,322.2,322.9,596.866
1649850240000,322.9,323.2,322.1,323.1,280.518
1649850300000,323.1,323.3,322.0,322.7,228.572
1649850360000,322.6,324.5,322.5,323.8,538.178
1649850420000,323.9,324.5,323.0,324.4,347.839
1649850480000,324.4,324.4,321.1,321.4,907.585
1649850540000,321.5,323.5,321.5,321.7,941.519
1649850600000,321.7,322.3,320.8,321.1,554.607
1649850660000,321.2,321.6,320.7,321.2,481.971
1649850720000,321.2,322.2,321.2,321.9,122.319
1649850780000,321.9,323.1,321.9,322.7,157.339
1649850840000,322.6,322.9,321.8,322.0,352.831
1649850900000,321.9,322.6,321.0,321.1,528.182
1649850960000,321.1,321.4,320.5,321.0,234.792
1649851020000,321.1,322.0,321.1,321.7,138.386
1649851080000,321.6,321.6,320.4,321.3,240.562
1649851140000,321.3,321.3,319.1,320.1,702.676
1649851200000,320.1,320.9,319.9,320.6,234.051
1649851260000,320.5,321.7,320.1,321.4,188.717
1649851320000,321.5,321.7,320.4,321.0,296.13
1649851380000,321.1,321.3,320.2,321.3,100.893
1649851440000,321.2,321.4,320.9,321.0,62.025
1649851500000,320.9,321.9,320.7,321.9,92.595
1649851560000,321.9,322.3,321.7,321.8,208.059
1649851620000,321.9,323.0,321.9,322.5,195.864
1649851680000,322.4,323.2,322.3,323.1,157.097
1649851740000,323.1,323.5,322.3,323.1,574.13
1649851800000,323.2,324.6,323.2,324.1,273.006
1649851860000,324.3,324.9,323.3,323.4,340.661
1649851920000,323.4,324.1,323.0,323.8,261.461
1649851980000,323.7,323.9,323.6,323.9,32.625
1649852040000,323.7,323.9,322.7,323.6,267.938
1649852100000,323.7,323.7,323.0,323.1,147.203
1649852160000,323.2,324.9,323.2,324.4,307.813
1649852220000,324.5,325.9,324.4,325.4,993.899
1649852280000,325.4,325.5,324.1,324.6,614.17
1649852340000,324.7,324.7,323.6,324.1,106.656
1649852400000,324.1,324.1,323.2,323.2,115.976
1649852460000,323.3,323.7,323.0,323.4,258.571
1649852520000,323.5,323.5,322.5,323.1,253.481
1649852580000,323.1,323.2,322.4,322.9,146.854
1649852640000,322.9,323.2,322.3,323.1,200.257
1649852700000,323.0,323.1,322.2,322.7,247.486
1649852760000,322.6,322.9,322.4,322.7,122.351
1649852820000,322.7,323.7,322.7,323.6,390.15
1649852880000,323.6,323.9,323.0,323.6,454.337
1649852940000,323.5,324.0,322.9,323.9,321.095
1649853000000,323.9,324.4,323.3,324.1,299.423
1649853060000,324.2,324.7,323.7,323.8,111.957
1649853120000,323.7,324.5,323.7,324.5,48.313
1649853180000,324.4,325.5,324.3,324.8,157.338
1649853240000,324.7,324.9,324.1,324.5,252.693
1649853300000,324.3,324.5,323.7,323.9,118.027
1649853360000,323.8,324.4,323.7,324.1,128.357
1649853420000,324.0,325.5,324.0,325.1,129.002
1649853480000,325.0,325.8,324.4,325.5,397.729
1649853540000,325.5,325.9,324.9,325.2,226.005
1649853600000,325.1,325.3,324.7,324.7,108.805
1649853660000,324.7,325.7,324.7,325.6,96.337
1649853720000,325.5,327.4,325.5,326.5,827.455
1649853780000,326.4,327.0,325.9,326.2,248.392
1649853840000,326.3,326.8,325.7,325.9,209.558
1649853900000,326.0,326.3,325.7,326.1,285.611
1649853960000,326.1,326.1,324.9,325.0,114.186
1649854020000,325.1,325.2,324.7,324.9,133.203
1649854080000,324.8,325.2,324.6,325.1,158.662
1649854140000,325.1,325.1,324.7,324.8,76.366
1649854200000,324.8,325.0,324.7,324.9,30.328
1649854260000,325.0,325.2,324.9,324.9,62.699
1649854320000,324.9,325.0,324.3,324.3,130.738
1649854380000,324.5,324.5,324.0,324.0,121.978
1649854440000,324.1,324.5,323.8,324.5,252.344
1649854500000,324.4,324.5,323.4,323.8,160.122
1649854560000,323.7,323.7,323.3,323.5,82.621
1649854620000,323.5,323.7,323.0,323.2,51.394
1649854680000,323.2,323.5,322.7,323.3,207.996
1649854740000,323.3,324.0,323.2,323.4,276.498
1649854800000,323.3,323.8,323.1,323.6,75.712
1649854860000,323.7,323.9,323.0,323.0,64.166
1649854920000,322.9,322.9,321.8,322.1,429.541
1649854980000,322.2,323.0,322.1,322.9,59.573
1649855040000,322.9,323.7,322.9,323.2,214.199
1649855100000,323.1,323.5,322.9,323.5,261.062
1649855160000,323.6,325.2,323.0,325.0,504.266
1649855220000,324.9,325.1,324.2,324.7,438.623
1649855280000,324.6,326.0,324.5,326.0,458.413
1649855340000,325.8,326.2,325.1,326.1,385.591
1649855400000,326.0,326.7,325.6,325.7,228.114
1649855460000,325.6,325.7,325.1,325.5,144.531
1649855520000,325.6,326.1,325.1,326.0,175.373
1649855580000,326.0,326.0,325.7,325.9,151.919
1649855640000,325.9,326.7,325.9,326.0,540.414
1649855700000,326.1,326.6,325.9,326.4,234.069
1649855760000,326.3,328.9,326.2,328.4,853.943
1649855820000,328.4,329.4,327.7,328.2,973.503
1649855880000,328.3,328.9,327.9,327.9,311.667
1649855940000,327.9,328.4,327.7,328.0,138.273
1649856000000,327.9,328.1,327.5,327.7,217.139
1649856060000,327.7,327.9,327.3,327.5,115.626
1649856120000,327.5,327.6,327.1,327.4,303.49
1649856180000,327.5,327.5,327.0,327.4,139.296
1649856240000,327.5,327.6,326.9,327.1,226.333
1649856300000,327.1,327.8,326.9,327.7,79.524
1649856360000,327.8,329.0,327.8,328.8,243.682
1649856420000,328.7,329.6,328.7,328.9,269.829
1649856480000,328.8,329.0,328.1,328.1,321.664
1649856540000,328.1,328.6,327.9,327.9,199.109
1649856600000,328.0,329.2,327.7,328.7,178.261
1649856660000,328.6,329.4,328.3,329.2,282.31
1649856720000,329.2,330.1,328.8,330.0,315.057
1649856780000,330.0,330.2,329.2,329.4,236.106
1649856840000,329.5,329.8,328.7,328.7,118.622
1649856900000,328.7,329.5,328.5,328.9,184.595
1649856960000,329.1,329.4,327.9,328.0,291.324
1649857020000,328.0,329.1,327.9,328.8,165.061
1649857080000,328.7,329.0,328.6,329.0,104.273
1649857140000,329.0,329.1,328.3,328.4,56.918
1649857200000,328.3,328.4,327.8,328.1,143.107
1649857260000,327.9,328.6,327.6,328.5,157.602
1649857320000,328.6,328.9,328.5,328.7,165.583
1649857380000,328.8,329.0,328.5,328.8,76.762
1649857440000,328.9,329.6,328.9,329.4,292.571
1649857500000,329.2,329.4,328.5,328.7,94.26
1649857560000,328.9,329.5,328.6,329.1,54.749
1649857620000,329.2,329.3,328.3,328.6,315.885
1649857680000,328.6,328.7,327.8,328.0,165.99
1649857740000,328.0,328.0,327.2,327.6,275.709
1649857800000,327.7,328.6,327.1,328.4,395.513
1649857860000,328.4,329.5,328.4,329.3,154.873
1649857920000,329.4,329.7,328.9,329.0,145.04
1649857980000,329.2,329.6,328.8,328.8,98.861
1649858040000,328.8,329.1,328.7,329.1,62.681
1649858100000,329.1,329.6,328.9,329.6,66.378
1649858160000,329.6,331.2,329.4,330.9,318.272
1649858220000,330.9,332.2,330.7,331.9,1561.915
1649858280000,332.0,334.9,332.0,333.6,1245.655
1649858340000,333.7,334.1,333.0,333.7,450.76
1649858400000,333.6,334.5,333.1,333.2,413.343
1649858460000,333.1,333.8,332.7,332.9,1162.915
1649858520000,332.9,333.4,332.7,332.9,252.09
1649858580000,332.8,332.8,331.7,332.2,156.134
1649858640000,332.3,332.6,331.9,331.9,76.53
1649858700000,332.1,332.6,331.8,332.1,205.907
1649858760000,332.2,332.5,331.6,331.8,167.626
1649858820000,331.6,331.6,330.8,331.1,181.771
1649858880000,331.1,331.6,331.0,331.2,95.925
1649858940000,331.0,331.4,330.8,330.8,108.692
1649859000000,330.7,331.4,330.7,331.0,87.505
1649859060000,331.1,332.1,331.1,331.5,265.837
1649859120000,331.5,332.0,331.3,331.5,153.175
1649859180000,331.7,332.6,331.7,332.2,58.333
1649859240000,332.3,333.5,332.3,333.0,1087.403
1649859300000,333.0,333.6,332.4,333.0,256.023
1649859360000,332.9,333.3,332.3,332.6,143.611
1649859420000,332.6,332.9,331.3,331.4,270.743
1649859480000,331.4,331.8,331.2,331.4,119.085
1649859540000,331.4,332.0,331.2,331.9,162.326
1649859600000,332.0,332.1,331.5,332.0,187.747
1649859660000,332.1,332.1,331.6,331.9,102.717
1649859720000,331.9,332.1,331.7,331.9,70.075
1649859780000,331.9,332.0,331.5,331.9,122.42
1649859840000,331.8,332.2,331.8,332.2,46.314
1649859900000,332.1,332.1,330.8,330.8,201.208
1649859960000,330.8,330.9,329.9,330.9,1199.009
1649860020000,330.9,330.9,330.4,330.5,69.455
1649860080000,330.7,330.9,330.2,330.2,128.226
1649860140000,330.2,330.6,329.6,330.2,182.629
1649860200000,330.2,330.7,329.9,330.1,38.873
1649860260000,330.1,330.8,330.1,330.3,143.239
1649860320000,330.3,330.6,329.8,330.5,181.28
1649860380000,330.5,331.0,330.2,330.9,85.694
1649860440000,330.8,330.8,330.3,330.3,65.345
1649860500000,330.4,330.8,330.4,330.7,10.317
1649860560000,330.7,331.6,330.7,331.5,121.262
1649860620000,331.5,332.3,331.4,332.1,119.464
1649860680000,332.0,332.6,332.0,332.1,210.51
1649860740000,332.1,332.2,331.6,331.7,155.526
1649860800000,331.6,331.7,331.3,331.3,33.625
1649860860000,331.4,331.8,331.3,331.7,12.736
1649860920000,331.8,332.0,331.6,332.0,37.641
1649860980000,332.1,332.4,332.0,332.2,38.963
1649861040000,332.2,332.5,331.9,332.3,159.129
1649861100000,332.3,332.8,332.2,332.4,136.333
1649861160000,332.3,332.7,331.6,332.6,126.225
1649861220000,332.5,332.5,331.5,331.5,45.115
1649861280000,331.5,331.8,331.5,331.7,51.72
1649861340000,331.8,332.0,331.4,331.5,99.363
1649861400000,331.5,331.7,331.3,331.3,105.46
1649861460000,331.4,331.6,331.4,331.6,14.964
1649861520000,331.7,333.1,331.7,332.9,345.548
1649861580000,333.0,333.0,332.5,333.0,68.963
1649861640000,332.9,333.1,332.4,332.5,78.925
1649861700000,332.4,333.2,332.3,332.9,260.953
1649861760000,332.9,332.9,332.3,332.4,68.542
1649861820000,332.4,333.4,332.4,333.1,542.994
1649861880000,333.0,333.5,332.6,332.7,106.004
1649861940000,332.8,333.0,332.6,332.6,49.774
1649862000000,332.6,332.9,332.5,332.5,155.535
1649862060000,332.5,332.7,331.8,332.7,81.805
1649862120000,332.8,334.2,332.8,333.9,173.302
1649862180000,333.9,334.2,333.4,333.4,187.27
1649862240000,333.5,333.5,333.1,333.1,247.476
1649862300000,333.0,333.1,332.9,333.0,15.975
1649862360000,332.9,333.6,332.8,333.5,381.077
1649862420000,333.5,334.0,333.4,333.9,110.177
1649862480000,334.1,334.5,333.9,334.0,119.403
1649862540000,333.9,334.3,333.5,334.0,69.112
1649862600000,334.0,334.0,333.3,333.3,141.286
1649862660000,333.4,333.4,332.6,332.7,262.978
1649862720000,332.8,333.5,332.8,333.4,84.752
1649862780000,333.4,333.8,333.2,333.3,72.757
1649862840000,333.2,333.4,333.1,333.1,27.191
1649862900000,333.3,333.9,333.1,333.9,48.106
1649862960000,333.9,334.3,333.6,334.3,117.492
1649863020000,334.2,334.6,333.8,334.1,132.149
1649863080000,334.1,334.1,333.8,333.9,74.24
1649863140000,333.8,334.2,333.7,334.1,20.474
1649863200000,334.1,334.4,334.1,334.1,32.279
1649863260000,334.2,334.2,333.3,333.7,75.067
1649863320000,333.5,339.8,333.4,336.5,3231.029
1649863380000,336.5,340.0,336.3,338.8,621.44
1649863440000,338.8,339.0,337.4,338.4,363.008
1649863500000,338.5,338.5,337.0,337.0,209.573
1649863560000,337.1,337.7,336.4,336.4,169.872
1649863620000,336.4,336.8,336.1,336.1,122.472
1649863680000,336.2,336.9,336.1,336.4,180.342
1649863740000,336.5,336.9,336.5,336.8,156.614
1649863800000,336.8,337.0,336.3,337.0,166.366
1649863860000,336.9,337.0,336.4,336.8,116.691
1649863920000,337.0,337.1,336.4,336.7,153.598
1649863980000,336.6,336.7,336.0,336.0,103.902
1649864040000,336.0,336.5,335.9,336.4,92.929
1649864100000,336.3,336.9,336.3,336.6,203.381
1649864160000,336.7,336.8,336.4,336.4,50.953
1649864220000,336.4,336.4,335.7,335.8,164.101
1649864280000,335.9,336.5,335.8,336.1,154.381
1649864340000,336.1,336.5,336.0,336.5,95.025
1649864400000,336.4,337.2,335.8,336.5,516.665
1649864460000,336.5,336.6,335.8,336.0,62.669
1649864520000,336.1,337.0,336.1,336.9,75.547
1649864580000,337.1,337.7,336.8,337.1,525.496
1649864640000,337.2,337.2,336.2,336.2,62.226
1649864700000,336.3,336.5,335.9,336.2,143.923
1649864760000,336.2,337.5,336.2,337.3,178.314
1649864820000,337.2,337.7,336.9,337.2,181.397
1649864880000,337.4,337.5,336.8,337.2,48.447
1649864940000,337.2,337.3,336.7,336.7,43.224
1649865000000,336.7,337.2,336.7,337.1,95.512
1649865060000,337.1,338.0,336.9,338.0,251.745
1649865120000,338.0,338.6,337.8,337.8,271.135
1649865180000,337.8,338.1,337.5,337.8,413.282
1649865240000,337.8,338.1,337.5,337.7,80.658
1649865300000,337.7,338.5,337.7,338.3,88.103
1649865360000,338.1,338.3,337.8,338.2,65.938
1649865420000,338.1,338.6,338.0,338.3,129.807
1649865480000,338.2,338.2,336.4,336.7,475.342
1649865540000,336.7,337.7,336.7,337.4,203.528
1649865600000,337.6,338.4,337.1,337.1,183.078
1649865660000,337.1,337.3,336.4,337.1,268.9
1649865720000,337.2,338.9,337.1,338.6,236.202
1649865780000,338.5,339.8,338.4,339.6,665.214
1649865840000,339.5,340.5,338.2,338.2,597.886
1649865900000,338.2,339.3,338.2,338.9,335.285
1649865960000,338.9,339.1,338.0,338.2,381.712
1649866020000,338.3,338.5,338.0,338.3,68.287
1649866080000,338.3,338.3,337.8,338.0,72.586
1649866140000,338.0,338.3,337.9,338.3,80.898
1649866200000,338.2,338.3,337.8,337.8,27.302
1649866260000,337.7,339.0,337.5,338.7,158.78
1649866320000,338.7,339.5,337.6,338.1,532.978
1649866380000,338.1,338.4,337.0,337.3,303.295
1649866440000,337.3,337.3,336.5,337.1,219.675
1649866500000,337.0,337.0,336.3,336.6,108.003
1649866560000,336.6,336.8,336.0,336.1,115.957
1649866620000,336.2,336.7,336.1,336.5,59.27
1649866680000,336.6,336.8,336.5,336.8,79.222
1649866740000,336.8,337.0,336.5,336.5,37.094
1649866800000,336.7,337.2,336.3,337.0,171.11
1649866860000,337.1,338.2,337.0,338.2,77.139
1649866920000,338.0,338.3,337.3,337.8,170.128
1649866980000,337.9,338.1,337.7,337.7,46.192
1649867040000,337.7,337.7,337.2,337.7,75.326
1649867100000,337.8,338.4,337.6,337.6,63.143
1649867160000,337.6,338.1,337.6,337.8,65.276
1649867220000,338.0,338.0,337.6,337.8,27.737
1649867280000,337.9,338.0,337.6,337.9,63.532
1649867340000,337.8,337.8,337.2,337.2,34.625
1649867400000,337.3,337.5,335.7,335.7,800.141
1649867460000,335.8,336.7,335.2,336.5,201.977
1649867520000,336.5,336.9,336.5,336.5,173.423
1649867580000,336.6,336.7,336.4,336.6,25.498
1649867640000,336.7,337.3,336.5,337.3,83.787
1649867700000,337.3,338.0,337.3,337.4,53.767
1649867760000,337.3,337.3,336.8,337.1,53.837
1649867820000,337.1,337.1,336.6,336.7,29.06
1649867880000,336.8,336.9,336.3,336.4,217.223
1649867940000,336.4,336.8,336.4,336.4,79.265
1649868000000,336.3,336.9,336.3,336.8,95.396
1649868060000,336.7,336.7,336.5,336.5,6.754
1649868120000,336.4,336.4,336.1,336.2,63.81
1649868180000,336.2,336.6,336.2,336.5,32.098
1649868240000,336.6,337.4,336.5,337.1,260.564
1649868300000,337.2,337.4,337.1,337.1,100.437
1649868360000,337.1,337.9,337.1,337.6,179.376
1649868420000,337.5,337.6,337.0,337.3,114.5
1649868480000,337.4,337.8,337.0,337.6,131.532
1649868540000,337.6,337.6,336.8,337.0,82.887
1649868600000,337.0,338.0,337.0,337.3,137.701
1649868660000,337.3,337.5,337.0,337.2,52.519
1649868720000,337.2,337.3,336.9,336.9,100.09
1649868780000,337.2,337.4,336.8,336.9,99.208
1649868840000,336.9,337.3,336.7,336.7,80.097
1649868900000,336.7,337.5,336.7,337.1,166.681
1649868960000,337.2,337.7,337.2,337.6,42.72
1649869020000,337.6,337.7,337.4,337.6,36.782
1649869080000,337.6,337.7,337.4,337.5,31.841
1649869140000,337.6,337.9,337.3,337.3,61.732
1649869200000,337.2,337.4,337.2,337.3,24.125
1649869260000,337.3,337.3,335.5,335.5,202.658
1649869320000,335.6,336.9,335.4,336.5,193.122
1649869380000,336.5,336.6,336.4,336.5,20.194
1649869440000,336.4,336.4,335.8,335.9,81.21
1649869500000,336.2,336.9,335.5,336.6,920.927
1649869560000,336.6,337.4,336.6,336.9,53.013
1649869620000,337.0,337.8,336.8,337.5,225.061
1649869680000,337.5,337.8,337.5,337.5,9.991
1649869740000,337.4,338.6,337.3,338.5,110.162
1649869800000,338.4,338.4,338.0,338.0,59.307
1649869860000,338.0,338.0,337.6,337.7,20.734
1649869920000,337.7,338.8,337.7,338.5,149.076
1649869980000,338.4,338.4,337.8,338.2,81.076
1649870040000,338.3,338.3,336.9,337.7,431.752
1649870100000,337.5,337.8,337.4,337.4,19.235
1649870160000,337.5,338.4,337.3,338.4,45.899
1649870220000,338.5,338.5,338.1,338.2,26.052
1649870280000,338.2,338.9,338.1,338.3,154.531
1649870340000,338.3,338.5,338.0,338.5,78.043
1649870400000,338.6,339.0,338.6,338.7,48.767
1649870460000,338.6,338.6,338.2,338.5,80.956
1649870520000,338.5,338.6,338.4,338.6,8.683
1649870580000,338.6,339.4,338.6,339.2,181.238
1649870640000,339.2,339.3,338.8,338.9,80.313
1649870700000,339.1,339.9,339.1,339.5,95.315
1649870760000,339.4,339.4,339.0,339.0,27.25
1649870820000,339.0,339.3,339.0,339.3,21.933
1649870880000,339.3,340.2,339.1,339.8,278.484
1649870940000,339.7,340.0,339.4,339.6,51.66
1649871000000,339.5,339.8,339.2,339.3,27.422
1649871060000,339.4,339.7,339.3,339.7,43.245
1649871120000,339.6,339.9,339.5,339.5,48.536
1649871180000,339.4,339.4,338.6,338.8,63.159
1649871240000,339.0,339.0,338.7,338.9,30.767
1649871300000,338.6,338.7,338.4,338.5,31.521
1649871360000,338.5,338.7,338.4,338.7,27.902
1649871420000,338.8,338.8,338.3,338.5,14.306
1649871480000,338.5,339.4,338.1,339.4,144.634
1649871540000,339.4,339.6,339.1,339.6,52.69
1649871600000,339.6,339.7,339.0,339.0,40.984
1649871660000,338.9,339.4,338.8,339.4,32.815
1649871720000,339.2,339.3,338.8,338.8,13.771
1649871780000,338.8,339.2,338.7,339.0,21.95
1649871840000,339.0,340.4,339.0,339.9,204.249
1649871900000,339.8,340.1,339.3,339.6,55.309
1649871960000,339.7,343.7,339.6,342.1,1439.447
1649872020000,342.2,342.5,341.3,341.8,141.163
1649872080000,341.9,342.1,340.9,341.3,263.904
1649872140000,341.2,341.4,341.0,341.1,59.053
1649872200000,341.3,341.8,340.8,341.8,97.448
1649872260000,341.8,341.8,341.1,341.2,37.221
1649872320000,341.2,341.2,340.8,340.8,42.257
1649872380000,340.7,341.2,340.6,340.6,88.397
1649872440000,340.7,341.1,340.5,341.1,15.993
1649872500000,341.1,341.3,340.4,340.5,89.192
1649872560000,340.5,340.7,339.6,340.0,115.678
1649872620000,339.9,340.3,339.7,340.0,51.534
1649872680000,340.1,341.2,340.1,340.8,177.108
1649872740000,340.6,340.9,339.8,340.3,213.919
1649872800000,340.4,340.4,339.4,339.4,147.171
1649872860000,339.4,339.9,338.6,339.0,127.467
1649872920000,339.2,339.4,338.5,338.5,151.64
1649872980000,338.6,338.9,338.5,338.8,89.156
1649873040000,338.9,339.7,338.7,339.0,205.782
1649873100000,339.0,339.4,339.0,339.2,20.202
1649873160000,339.3,339.6,339.3,339.4,38.534
1649873220000,339.4,339.6,338.9,339.3,73.968
1649873280000,339.2,339.9,339.2,339.7,77.261
1649873340000,339.8,340.0,339.5,339.5,25.031
1649873400000,339.5,339.7,339.5,339.7,40.547
1649873460000,339.8,340.8,339.8,340.0,136.643
1649873520000,340.1,340.8,339.9,340.8,170.735
1649873580000,340.9,341.1,340.4,340.5,63.345
1649873640000,340.5,340.5,340.1,340.4,71.434
1649873700000,340.4,341.3,340.4,340.5,60.477
1649873760000,340.6,341.6,340.1,341.4,223.147
1649873820000,341.3,341.4,340.9,341.4,40.183
1649873880000,341.1,341.2,340.5,340.6,95.031
1649873940000,340.8,341.3,340.7,341.2,22.34
1649874000000,341.3,341.9,341.2,341.6,184.862
1649874060000,341.5,341.7,341.5,341.6,16.227
1649874120000,341.7,342.1,341.6,342.0,50.157
1649874180000,342.0,342.1,341.8,342.0,21.358
1649874240000,342.0,342.0,341.0,341.2,137.718
1649874300000,341.2,341.4,341.1,341.1,77.116
1649874360000,341.3,341.9,341.3,341.7,57.801
1649874420000,341.8,343.8,341.8,343.2,346.07
1649874480000,343.3,343.5,341.9,342.6,383.791
1649874540000,342.5,343.0,342.3,342.3,49.177
1649874600000,342.2,342.6,342.0,342.3,51.282
1649874660000,342.2,343.5,342.0,343.1,137.854
1649874720000,343.0,343.1,342.5,342.6,59.687
1649874780000,342.6,342.6,341.8,342.1,66.18
1649874840000,342.1,342.1,341.2,341.5,112.928
1649874900000,341.4,341.7,341.3,341.3,21.29
1649874960000,341.4,341.9,341.1,341.7,171.742
1649875020000,341.8,341.9,341.3,341.3,31.652
1649875080000,341.2,341.3,340.4,340.9,277.013
1649875140000,340.9,341.2,340.9,341.0,30.752
1649875200000,341.0,341.4,340.6,340.7,131.186
1649875260000,340.6,341.7,340.6,341.1,404.984
1649875320000,341.1,341.4,340.9,341.0,77.138
1649875380000,341.0,341.9,341.0,341.4,171.909
1649875440000,341.4,341.8,341.3,341.5,67.93
1649875500000,341.5,341.7,341.3,341.3,23.258
1649875560000,341.3,341.3,340.6,340.7,178.444
1649875620000,340.8,341.0,340.7,340.7,17.485
1649875680000,340.7,341.2,340.7,341.2,47.268
1649875740000,341.2,341.6,340.9,341.0,73.521
1649875800000,341.0,341.0,340.7,340.7,44.233
1649875860000,340.7,340.7,340.3,340.7,64.697
1649875920000,340.6,341.3,340.6,340.7,73.608
1649875980000,340.7,340.9,339.9,340.8,442.377
1649876040000,340.8,340.9,340.6,340.7,14.077
1649876100000,340.6,341.1,340.5,341.1,47.788
1649876160000,340.9,340.9,340.6,340.6,12.016
1649876220000,340.7,341.0,340.7,341.0,7.71
1649876280000,341.0,341.4,341.0,341.4,76.242
1649876340000,341.4,341.7,341.4,341.7,9.113
1649876400000,341.6,341.9,340.6,340.7,212.926
1649876460000,340.8,341.1,340.7,341.1,62.79
1649876520000,341.0,341.1,340.8,341.1,9.199
1649876580000,341.1,341.3,341.0,341.3,26.366
1649876640000,341.2,341.3,341.1,341.2,26.144
1649876700000,341.3,341.7,341.3,341.7,23.484
1649876760000,341.7,341.7,341.1,341.3,111.4
1649876820000,341.3,341.4,340.6,340.7,62.826
1649876880000,340.7,340.8,340.5,340.5,32.935
1649876940000,340.5,340.7,340.2,340.5,104.025
1649877000000,340.4,340.9,340.4,340.8,77.044
1649877060000,340.8,340.9,340.6,340.8,21.319
1649877120000,340.8,340.8,339.9,340.3,153.005
1649877180000,340.3,340.4,340.0,340.2,39.155
1649877240000,340.1,340.5,340.1,340.1,57.198
1649877300000,340.2,340.7,340.2,340.6,26.445
1649877360000,340.7,340.7,340.5,340.6,10.266
1649877420000,340.8,341.0,340.7,341.0,44.202
1649877480000,341.0,341.1,340.8,341.0,78.231
1649877540000,341.0,341.3,341.0,341.0,21.959
1649877600000,341.0,341.2,340.8,340.8,29.15
1649877660000,340.9,341.2,340.9,340.9,49.42
1649877720000,340.9,341.4,340.9,341.3,32.58
1649877780000,341.3,341.5,341.2,341.4,3.752
1649877840000,341.4,341.5,341.2,341.2,376.318
1649877900000,341.2,341.6,341.2,341.5,38.214
1649877960000,341.5,341.5,341.2,341.3,9.773
1649878020000,341.2,341.3,340.8,341.0,14.76
1649878080000,341.1,341.2,341.0,341.2,15.265
1649878140000,341.1,341.3,341.1,341.3,12.617
1649878200000,341.3,341.4,341.1,341.4,24.608
1649878260000,341.4,341.7,341.3,341.6,9.364
1649878320000,341.5,341.8,341.5,341.8,24.222
1649878380000,341.7,342.1,341.5,341.9,59.375
1649878440000,341.9,342.0,340.7,340.9,224.738
1649878500000,340.9,341.2,340.8,341.1,90.021
1649878560000,341.2,341.3,340.8,341.2,75.933
1649878620000,341.1,341.9,341.1,341.8,113.502
1649878680000,341.7,341.9,341.6,341.9,19.877
1649878740000,341.8,341.8,341.6,341.8,12.578
1649878800000,341.8,342.0,341.6,341.7,36.676
1649878860000,341.7,341.7,340.8,340.9,104.14
1649878920000,341.0,341.2,340.9,341.1,54.677
1649878980000,341.0,341.1,340.7,340.7,129.697
1649879040000,340.8,341.0,340.8,340.9,12.258
1649879100000,341.0,341.2,340.8,341.2,43.381
1649879160000,341.2,341.3,340.4,340.5,92.896
1649879220000,340.6,341.9,340.6,341.7,279.748
1649879280000,341.6,341.8,341.5,341.8,6.093
1649879340000,341.8,342.2,341.8,342.0,23.864
1649879400000,341.9,342.0,341.4,341.9,64.49
1649879460000,342.0,342.8,342.0,342.5,121.026
1649879520000,342.6,342.8,342.2,342.6,21.677
1649879580000,342.5,342.5,342.0,342.1,39.136
1649879640000,342.1,342.1,341.7,342.0,87.715
1649879700000,341.9,342.1,341.9,342.1,26.949
1649879760000,342.0,342.5,342.0,342.4,149.976
1649879820000,342.4,342.4,342.0,342.0,45.634
1649879880000,342.1,342.1,341.5,342.0,116.387
1649879940000,342.1,342.1,341.9,342.1,26.411
1649880000000,342.1,342.3,342.0,342.1,28.711
1649880060000,341.9,343.0,341.5,343.0,201.722
1649880120000,343.0,344.1,342.9,343.6,244.329
1649880180000,343.5,343.8,342.9,343.2,140.34
1649880240000,343.2,343.3,342.9,343.1,12.631
1649880300000,343.1,343.2,342.5,342.7,73.096
1649880360000,342.7,343.7,341.7,342.2,639.279
1649880420000,342.3,343.3,342.3,343.0,184.028
1649880480000,343.0,343.1,342.4,343.0,93.389
1649880540000,343.1,343.1,342.5,342.8,33.16
1649880600000,342.7,342.9,342.7,342.8,12.847
1649880660000,342.7,343.0,342.6,343.0,13.647
1649880720000,342.9,343.3,342.9,343.1,62.983
1649880780000,343.1,343.2,342.9,342.9,29.276
1649880840000,342.9,343.3,342.9,343.1,36.109
1649880900000,343.2,343.2,342.9,343.1,16.839
1649880960000,342.9,343.0,342.8,343.0,36.521
1649881020000,343.1,343.1,342.4,342.7,47.842
1649881080000,342.7,343.0,342.6,342.8,19.472
1649881140000,342.8,343.1,342.6,342.6,35.37
1649881200000,342.6,343.0,342.6,342.9,90.036
1649881260000,342.8,343.1,342.5,343.0,133.811
1649881320000,342.9,343.0,342.9,342.9,12.416
1649881380000,342.8,343.0,342.5,343.0,38.777
1649881440000,343.0,343.1,342.9,343.1,18.044
1649881500000,343.2,343.2,342.9,343.1,42.563
1649881560000,343.1,343.6,343.0,343.3,207.269
1649881620000,343.2,343.3,342.6,342.8,77.534
1649881680000,342.8,342.9,342.6,342.9,45.302
1649881740000,342.9,342.9,342.6,342.7,24.289
1649881800000,342.7,343.0,342.1,342.7,200.988
1649881860000,342.7,342.8,342.4,342.4,40.876
1649881920000,342.4,342.5,342.1,342.3,37.432
1649881980000,342.3,342.8,342.3,342.8,6.386
1649882040000,342.8,342.8,342.6,342.7,8.663
1649882100000,342.7,342.8,342.6,342.8,26.547
1649882160000,342.6,342.7,342.3,342.6,16.68
1649882220000,342.6,342.7,342.6,342.6,11.153
1649882280000,342.5,342.5,342.1,342.2,10.864
1649882340000,342.1,342.3,341.7,342.0,37.702
1649882400000,342.0,342.1,341.9,342.0,29.312
1649882460000,342.0,342.5,342.0,342.3,71.45
1649882520000,342.3,342.5,342.2,342.4,12.741
1649882580000,342.5,342.6,342.4,342.5,13.543
1649882640000,342.5,343.0,342.5,343.0,59.68
1649882700000,343.0,343.2,342.7,343.1,19.548
1649882760000,343.1,343.7,342.8,343.5,124.653
1649882820000,343.5,346.5,343.3,345.2,1237.112
1649882880000,345.2,345.8,344.6,344.7,213.414
1649882940000,344.8,346.7,344.2,346.2,1392.173
1649883000000,346.2,346.5,345.7,346.0,254.942
1649883060000,346.0,346.6,345.4,346.0,142.23
1649883120000,346.0,346.0,345.4,345.7,60.271
1649883180000,345.7,345.7,345.1,345.2,86.697
1649883240000,345.1,345.3,344.6,344.6,47.208
1649883300000,344.6,345.0,344.5,344.6,68.83
1649883360000,344.5,344.9,344.3,344.9,208.215
1649883420000,344.9,344.9,344.4,344.5,34.618
1649883480000,344.5,344.8,344.4,344.5,44.67
1649883540000,344.5,344.9,344.4,344.6,55.885
1649883600000,344.7,345.6,344.7,345.4,205.387
1649883660000,345.4,345.4,344.7,344.7,50.441
1649883720000,344.7,344.7,344.2,344.5,53.441
1649883780000,344.5,344.8,344.5,344.6,22.467
1649883840000,344.5,344.5,344.1,344.2,24.198
1649883900000,344.1,344.3,343.7,344.3,80.796
1649883960000,344.3,344.3,344.0,344.0,20.664
1649884020000,343.9,344.0,343.7,344.0,33.082
1649884080000,344.0,344.5,344.0,344.3,64.674
1649884140000,344.3,344.5,344.3,344.3,26.312
1649884200000,344.3,344.7,344.3,344.6,62.796
1649884260000,344.5,344.5,344.1,344.2,11.206
1649884320000,344.1,344.3,344.1,344.3,13.532
1649884380000,344.3,344.5,344.1,344.2,14.805
1649884440000,344.2,344.2,343.9,344.0,26.841
1649884500000,344.1,344.5,344.1,344.5,33.734
1649884560000,344.4,344.5,343.9,344.0,78.899
1649884620000,344.0,344.1,343.8,343.9,62.56
1649884680000,344.0,344.1,343.9,343.9,24.069
1649884740000,344.0,344.5,343.9,344.5,93.409
1649884800000,344.5,345.2,344.4,344.9,43.46
1649884860000,344.9,346.1,344.9,345.6,107.555
1649884920000,345.6,345.7,345.4,345.5,21.694
1649884980000,345.4,345.5,345.1,345.5,46.703
1649885040000,345.5,346.0,345.3,345.9,79.238
1649885100000,345.9,346.0,345.7,345.7,17.724
1649885160000,345.7,345.7,345.5,345.5,122.94
1649885220000,345.6,345.6,345.3,345.6,81.471
1649885280000,345.6,345.8,345.2,345.4,66.392
1649885340000,345.4,345.5,345.1,345.2,26.486
1649885400000,345.1,345.7,345.0,345.6,172.806
1649885460000,345.7,345.7,345.5,345.6,16.358
1649885520000,345.5,345.6,345.3,345.5,11.552
1649885580000,345.6,345.8,345.4,345.8,7.264
1649885640000,345.8,346.1,345.7,346.1,29.77
1649885700000,346.1,347.0,346.0,346.5,113.704
1649885760000,346.6,349.6,346.5,348.5,817.169
1649885820000,348.4,348.4,347.8,348.4,262.461
1649885880000,348.5,348.5,347.3,347.6,262.227
1649885940000,347.6,347.7,347.0,347.1,56.955
1649886000000,347.0,347.1,346.4,346.8,111.164
1649886060000,346.9,347.1,346.8,347.0,26.385
1649886120000,347.1,348.0,347.0,347.2,118.757
1649886180000,347.1,347.1,346.4,346.5,55.554
1649886240000,346.5,346.5,346.4,346.5,4.914
1649886300000,346.4,346.6,346.0,346.1,37.123
1649886360000,346.0,346.5,345.7,346.4,261.337
1649886420000,346.3,346.4,346.0,346.1,28.445
1649886480000,346.0,346.3,345.8,346.3,27.896
1649886540000,346.3,346.5,346.2,346.4,64.829
1649886600000,346.4,346.4,346.2,346.3,16.068
1649886660000,346.3,346.5,346.1,346.1,30.34
1649886720000,346.3,346.4,346.1,346.2,16.909
1649886780000,346.2,346.3,346.1,346.3,11.206
1649886840000,346.3,346.4,346.1,346.4,6.417
1649886900000,346.3,346.5,345.8,346.0,193.355
1649886960000,346.0,346.0,345.8,345.8,48.155
1649887020000,345.8,345.9,345.4,345.4,68.866
1649887080000,345.4,345.4,345.2,345.2,14.448
1649887140000,345.2,345.2,344.4,344.9,220.501
1649887200000,344.9,345.2,344.3,344.6,229.835
1649887260000,344.6,344.9,344.4,344.9,51.793
1649887320000,344.9,345.3,344.8,345.2,65.031
1649887380000,345.2,345.2,345.0,345.0,33.733
1649887440000,344.9,345.3,344.9,345.3,9.158
1649887500000,345.4,345.5,345.1,345.1,22.577
1649887560000,345.2,345.8,345.1,345.6,30.252
1649887620000,345.6,345.8,345.6,345.8,49.424
1649887680000,345.7,345.7,345.6,345.6,2.642
1649887740000,345.6,345.6,345.3,345.6,16.128
1649887800000,345.6,345.8,345.5,345.6,8.742
1649887860000,345.7,346.2,345.7,346.1,16.731
1649887920000,346.1,346.5,346.1,346.2,61.124
1649887980000,346.2,346.2,346.0,346.0,21.382
1649888040000,346.0,346.5,346.0,346.4,61.057
1649888100000,346.5,346.5,346.0,346.0,37.919
1649888160000,346.0,346.0,345.7,345.8,14.719
1649888220000,345.7,346.1,345.7,346.1,20.582
1649888280000,346.0,346.0,345.7,345.8,12.074
1649888340000,345.9,346.0,345.9,346.0,0.876
1649888400000,346.0,346.2,345.7,345.8,117.659
1649888460000,345.7,346.1,345.7,346.0,22.691
1649888520000,345.9,346.0,345.8,345.8,6.202
1649888580000,345.7,345.7,345.2,345.4,107.399
1649888640000,345.4,345.5,345.1,345.5,17.088
1649888700000,345.6,345.9,345.2,345.3,81.233
1649888760000,345.3,345.4,345.1,345.2,24.981
1649888820000,345.3,345.8,344.4,344.7,563.193
1649888880000,344.8,344.8,344.4,344.5,78.44
1649888940000,344.5,344.6,344.4,344.5,11.474
1649889000000,344.4,344.5,343.7,344.3,113.278
1649889060000,344.4,344.9,344.3,344.7,72.74
1649889120000,344.7,344.7,344.3,344.4,18.586
1649889180000,344.3,344.3,344.0,344.2,57.619
1649889240000,344.3,344.7,343.9,344.6,150.64
1649889300000,344.5,344.6,344.1,344.3,34.378
1649889360000,344.3,344.4,344.1,344.3,11.786
1649889420000,344.3,344.3,344.1,344.2,8.326
1649889480000,344.2,344.2,343.7,343.7,148.102
1649889540000,343.8,344.0,343.2,343.4,80.566
1649889600000,343.4,343.7,343.4,343.4,34.093
1649889660000,343.3,343.4,342.9,343.0,67.531
1649889720000,343.0,343.4,343.0,343.3,29.516
1649889780000,343.4,343.5,343.0,343.1,45.432
1649889840000,343.0,343.1,342.6,342.8,23.564
1649889900000,342.9,343.2,342.7,343.1,72.694
1649889960000,343.2,343.5,342.7,343.4,163.002
1649890020000,343.4,343.8,343.1,343.7,223.054
1649890080000,343.4,343.6,343.3,343.6,28.211
1649890140000,343.6,343.7,343.1,343.2,52.536
1649890200000,343.3,344.8,343.2,344.2,288.809
1649890260000,344.2,344.4,343.9,343.9,38.735
1649890320000,343.9,344.0,343.5,343.8,73.228
1649890380000,343.9,344.8,343.8,344.7,197.058
1649890440000,344.6,344.7,344.1,344.1,55.124
1649890500000,344.2,344.2,343.7,343.7,132.221
1649890560000,343.8,344.1,343.8,344.1,31.59
1649890620000,344.1,344.1,344.0,344.0,30.385
1649890680000,344.1,344.3,344.0,344.3,20.168
1649890740000,344.3,344.6,344.3,344.4,15.96
1649890800000,344.5,344.8,344.4,344.5,41.274
1649890860000,344.5,344.5,344.3,344.3,20.924
1649890920000,344.3,344.4,344.1,344.2,33.795
1649890980000,344.2,344.3,344.1,344.2,35.021
1649891040000,344.1,344.1,343.3,343.3,114.178
1649891100000,343.4,343.7,343.2,343.6,131.2
1649891160000,343.7,343.8,342.8,343.0,169.613
1649891220000,343.2,343.2,342.7,343.0,97.513
1649891280000,343.0,343.3,342.8,343.2,126.265
1649891340000,343.2,343.4,343.2,343.2,42.795
1649891400000,343.2,343.2,342.8,343.1,111.203
1649891460000,343.0,343.0,342.6,342.7,24.018
1649891520000,342.9,343.4,342.8,343.4,22.123
1649891580000,343.4,343.4,343.2,343.2,20.836
1649891640000,343.2,343.5,343.2,343.5,17.134
1649891700000,343.4,343.5,343.3,343.3,24.333
1649891760000,343.4,343.7,343.3,343.6,27.0
1649891820000,343.5,343.6,343.2,343.2,20.229
1649891880000,343.2,343.3,343.0,343.2,28.742
1649891940000,343.2,343.2,343.0,343.0,3.015
1649892000000,342.9,343.0,342.8,342.8,25.798
1649892060000,342.8,342.8,342.1,342.3,86.383
1649892120000,342.3,342.5,341.7,342.4,134.023
1649892180000,342.3,342.4,342.1,342.4,37.777
1649892240000,342.4,342.4,342.1,342.1,35.539
1649892300000,342.1,342.3,342.1,342.3,28.143
1649892360000,342.3,342.3,341.7,341.7,40.492
1649892420000,341.7,342.1,341.3,342.0,116.369
1649892480000,342.0,342.4,342.0,342.1,56.14
1649892540000,342.2,342.2,342.0,342.2,49.971
1649892600000,342.2,342.3,341.8,342.3,47.639
1649892660000,342.3,342.6,342.3,342.4,29.666
1649892720000,342.4,342.4,341.8,342.2,66.434
1649892780000,342.2,342.2,341.8,342.0,44.898
1649892840000,341.9,342.3,341.9,342.3,41.594
1649892900000,342.2,342.4,342.1,342.3,23.963
1649892960000,342.3,342.4,342.1,342.1,48.529
1649893020000,342.2,342.3,342.0,342.2,38.01
1649893080000,342.3,342.3,342.3,342.3,8.866
1649893140000,342.4,342.6,342.4,342.4,17.145
1649893200000,342.4,342.9,342.4,342.9,23.662
1649893260000,342.9,343.2,342.9,343.0,27.169
1649893320000,343.0,343.0,342.5,342.5,14.765
1649893380000,342.4,342.4,342.3,342.4,8.07
1649893440000,342.4,342.6,342.4,342.4,1.351
1649893500000,342.4,342.7,342.2,342.2,30.906
1649893560000,342.1,342.3,341.8,342.2,96.272
1649893620000,342.2,342.2,341.8,341.8,20.337
1649893680000,341.9,341.9,341.5,341.9,95.503
1649893740000,341.9,341.9,341.6,341.6,97.854
1649893800000,341.6,341.8,341.5,341.8,29.338
1649893860000,341.7,341.8,341.5,341.8,20.307
1649893920000,341.8,341.8,341.8,341.8,0.299
1649893980000,341.8,341.8,341.7,341.8,2.13
1649894040000,341.7,341.7,341.4,341.6,17.593
1649894100000,341.6,341.7,341.4,341.7,41.33
1649894160000,341.7,341.7,341.5,341.5,14.57
1649894220000,341.4,341.5,341.2,341.3,50.842
1649894280000,341.3,341.4,341.1,341.1,18.513
1649894340000,341.1,341.2,340.8,341.2,89.93
1649894400000,341.1,341.7,341.1,341.4,162.659
1649894460000,341.4,341.7,341.0,341.0,35.216
1649894520000,341.0,341.4,340.8,341.0,68.49
1649894580000,341.0,341.4,341.0,341.1,52.434
1649894640000,341.2,342.1,341.1,342.0,145.109
1649894700000,342.0,343.1,342.0,342.7,88.614
1649894760000,342.8,343.0,342.6,342.8,81.08
1649894820000,343.0,343.9,343.0,343.1,114.65
1649894880000,343.2,343.2,342.5,342.5,63.717
1649894940000,342.5,342.5,342.2,342.2,156.853
1649895000000,342.1,342.4,341.7,342.0,157.996
1649895060000,342.0,342.2,341.6,341.7,98.031
1649895120000,341.7,342.1,341.6,341.7,174.875
1649895180000,342.0,342.0,341.4,341.5,31.027
1649895240000,341.4,341.4,340.9,341.0,41.806
1649895300000,341.0,342.0,340.8,341.8,355.374
1649895360000,341.8,342.0,341.5,341.9,55.555
1649895420000,341.8,341.8,341.4,341.4,20.998
1649895480000,341.4,341.5,341.2,341.2,42.712
1649895540000,341.2,341.2,341.1,341.1,19.918
1649895600000,341.2,341.3,340.7,340.9,184.735
1649895660000,340.9,340.9,340.6,340.6,34.361
1649895720000,340.6,340.7,340.4,340.6,38.743
1649895780000,340.8,341.3,340.8,341.2,17.096
1649895840000,341.1,341.6,341.1,341.5,12.213
1649895900000,341.5,341.9,341.4,341.8,32.454
1649895960000,341.7,341.8,341.6,341.6,2.908
1649896020000,341.6,341.8,341.5,341.6,27.092
1649896080000,341.7,342.4,341.7,342.4,68.883
1649896140000,342.4,342.7,342.4,342.7,36.747
1649896200000,342.8,342.9,342.7,342.9,19.65
1649896260000,342.9,343.3,342.7,343.3,64.377
1649896320000,343.3,343.4,342.8,342.8,42.303
1649896380000,342.9,343.0,342.5,342.5,13.94
1649896440000,342.4,342.8,342.4,342.5,12.105
1649896500000,342.6,343.4,342.6,343.0,50.747
1649896560000,343.0,343.7,342.8,343.2,307.724
1649896620000,343.2,343.2,343.1,343.1,3.464
1649896680000,343.1,343.7,343.1,343.4,49.582
1649896740000,343.3,343.4,343.1,343.4,31.78
1649896800000,343.4,343.5,343.2,343.2,26.336
1649896860000,343.2,343.4,343.1,343.1,5.005
1649896920000,343.0,343.2,342.6,343.0,116.686
1649896980000,343.0,343.1,342.7,343.1,53.807
1649897040000,343.0,343.0,342.5,342.5,82.709
1649897100000,342.5,342.7,342.2,342.7,35.76
1649897160000,342.7,343.0,342.6,342.7,28.236
1649897220000,342.6,342.6,342.3,342.3,13.973
1649897280000,342.2,342.5,342.2,342.2,78.871
1649897340000,342.2,342.5,342.2,342.3,8.108
1649897400000,342.2,342.4,342.2,342.3,31.618
1649897460000,342.2,342.6,342.2,342.6,52.102
1649897520000,342.6,342.6,342.3,342.3,63.501
1649897580000,342.4,342.4,341.7,341.7,182.968
1649897640000,341.8,342.0,341.7,341.8,10.159
1649897700000,341.8,341.9,341.5,341.6,59.751
1649897760000,341.6,341.8,341.5,341.8,46.778
1649897820000,341.8,342.1,341.8,341.9,25.827
1649897880000,341.9,342.1,341.8,342.0,17.432
1649897940000,342.1,342.1,341.7,341.7,54.292
1649898000000,341.9,341.9,341.7,341.8,16.403
1649898060000,341.8,342.1,341.8,341.9,22.135
1649898120000,341.9,342.1,341.9,342.0,12.886
1649898180000,342.0,342.1,341.8,342.1,37.563
1649898240000,342.2,342.5,342.2,342.3,33.246
1649898300000,342.4,342.6,342.3,342.4,13.698
1649898360000,342.4,342.5,342.3,342.3,22.254
1649898420000,342.2,342.5,342.1,342.3,25.244
1649898480000,342.4,342.5,342.2,342.2,4.93
1649898540000,342.2,342.2,341.9,342.0,11.825
1649898600000,342.0,342.0,341.6,341.8,17.977
1649898660000,341.8,341.8,341.5,341.6,71.142
1649898720000,341.6,341.7,341.4,341.5,66.201
1649898780000,341.6,341.9,341.5,341.9,17.672
1649898840000,342.0,342.5,341.9,342.1,88.491
1649898900000,342.2,343.0,342.2,342.9,108.47
1649898960000,342.8,343.0,342.4,342.5,44.614
1649899020000,342.5,342.6,342.1,342.4,62.419
1649899080000,342.4,342.4,342.1,342.3,7.298
1649899140000,342.2,342.2,341.9,342.2,36.195
1649899200000,342.3,342.6,342.1,342.4,80.955
1649899260000,342.3,342.3,342.1,342.1,3.388
1649899320000,342.1,342.3,342.1,342.3,21.276
1649899380000,342.4,342.5,342.3,342.4,18.493
1649899440000,342.4,342.4,342.3,342.3,0.671
1649899500000,342.3,342.3,342.2,342.3,37.922
1649899560000,342.3,343.0,342.3,342.8,133.675
1649899620000,342.8,342.9,342.7,342.9,18.092
1649899680000,343.0,343.6,343.0,343.6,90.091
1649899740000,343.6,343.6,343.4,343.5,22.182
1649899800000,343.5,343.6,343.3,343.5,23.463
1649899860000,343.7,343.7,343.6,343.7,6.805
1649899920000,343.8,344.4,343.8,344.2,121.783
1649899980000,344.2,344.2,343.9,344.2,54.162
1649900040000,343.9,344.0,343.8,343.9,6.354
1649900100000,344.1,344.6,344.1,344.4,63.279
1649900160000,344.4,344.6,344.2,344.2,28.042
1649900220000,344.2,344.3,344.1,344.2,9.023
1649900280000,344.2,344.2,344.0,344.2,21.886
1649900340000,344.4,344.5,344.1,344.2,13.671
1649900400000,344.1,344.7,343.8,344.6,265.906
1649900460000,344.6,344.7,344.6,344.7,14.693
1649900520000,344.8,345.0,344.8,344.9,94.055
1649900580000,344.9,344.9,344.5,344.6,23.726
1649900640000,344.9,345.1,344.9,345.1,66.851
1649900700000,345.2,345.5,345.0,345.2,76.745
1649900760000,345.2,345.3,344.6,344.7,117.036
1649900820000,344.8,345.1,344.7,344.7,72.552
1649900880000,344.7,344.7,344.1,344.2,94.086
1649900940000,344.2,344.5,344.1,344.5,42.23
1649901000000,344.3,344.6,344.3,344.6,6.025
1649901060000,344.6,345.2,344.6,344.9,21.757
1649901120000,345.0,345.4,344.5,345.1,246.456
1649901180000,345.2,345.7,345.1,345.5,284.357
1649901240000,345.6,345.8,345.2,345.5,70.546
1649901300000,345.6,345.6,345.3,345.4,40.336
1649901360000,345.4,345.4,344.7,344.8,33.806
1649901420000,344.9,345.1,344.9,345.1,23.218
1649901480000,345.1,345.2,345.1,345.1,12.711
1649901540000,345.1,345.2,344.9,345.2,20.789
1649901600000,345.2,345.3,344.9,344.9,21.444
1649901660000,345.0,345.0,344.7,344.7,5.814
1649901720000,344.7,345.1,344.7,344.8,22.268
1649901780000,344.8,344.9,344.8,344.9,3.246
1649901840000,344.9,345.4,344.8,345.4,36.372
1649901900000,345.4,346.1,345.4,345.9,222.219
1649901960000,345.9,346.4,345.9,346.3,44.536
1649902020000,346.3,346.4,346.0,346.0,63.375
1649902080000,346.1,346.4,346.1,346.1,39.081
1649902140000,346.1,346.3,345.5,345.5,86.357
1649902200000,345.5,345.7,345.5,345.6,9.882
1649902260000,345.5,345.9,345.4,345.9,57.041
1649902320000,345.9,346.0,345.8,346.0,9.98
1649902380000,346.1,346.2,345.8,345.8,12.825
1649902440000,345.8,346.0,345.7,345.7,3.135
1649902500000,345.8,345.9,345.7,345.8,15.457
1649902560000,345.8,345.8,345.4,345.5,42.866
1649902620000,345.5,345.5,345.1,345.2,21.564
1649902680000,345.2,345.4,345.0,345.4,23.594
1649902740000,345.3,345.4,345.2,345.3,22.019
1649902800000,345.4,345.5,345.3,345.4,11.5
1649902860000,345.4,345.5,345.3,345.4,28.377
1649902920000,345.4,345.7,345.2,345.6,108.851
1649902980000,345.6,345.6,345.2,345.6,32.434
1649903040000,345.5,345.9,345.5,345.9,11.451
1649903100000,345.8,346.4,345.8,346.2,21.73
1649903160000,346.1,346.2,345.4,345.6,92.781
1649903220000,345.7,345.9,345.6,345.7,5.297
1649903280000,345.7,346.1,345.7,346.1,41.528
1649903340000,346.1,346.1,345.7,346.0,6.24
1649903400000,346.0,346.4,346.0,346.2,31.646
1649903460000,346.2,346.4,345.9,346.4,38.772
1649903520000,346.4,346.4,346.2,346.2,5.774
1649903580000,346.2,346.2,346.1,346.1,9.105
1649903640000,346.1,346.2,345.7,346.2,75.055
1649903700000,346.2,346.2,345.7,345.8,10.81
1649903760000,345.7,345.9,345.7,345.8,18.719
1649903820000,345.8,346.2,345.8,346.2,20.791
1649903880000,346.2,346.5,346.1,346.1,37.986
1649903940000,346.2,346.4,346.0,346.4,165.954
1649904000000,346.4,346.5,346.2,346.3,145.88
1649904060000,346.4,346.5,346.4,346.5,34.404
1649904120000,346.4,346.4,346.1,346.2,51.132
1649904180000,346.3,346.4,346.2,346.3,21.576
1649904240000,346.2,346.4,346.2,346.4,3.281
1649904300000,346.3,346.4,345.9,346.0,32.059
1649904360000,346.0,346.2,346.0,346.2,16.36
1649904420000,346.2,346.3,346.1,346.2,7.849
1649904480000,346.2,346.4,346.1,346.3,23.727
1649904540000,346.4,346.4,345.6,345.6,10.163
1649904600000,345.8,345.8,345.7,345.8,14.448
1649904660000,345.8,345.9,345.2,345.2,66.918
1649904720000,345.3,345.5,345.1,345.2,49.445
1649904780000,345.4,345.5,345.1,345.5,19.64
1649904840000,345.4,346.0,345.4,345.7,97.924
1649904900000,345.7,345.9,345.6,345.8,9.727
1649904960000,345.8,345.8,345.4,345.4,11.545
1649905020000,345.3,345.5,345.3,345.5,8.695
1649905080000,345.6,345.6,345.0,345.4,173.139
1649905140000,345.3,345.6,345.3,345.6,3.663
1649905200000,345.6,345.6,345.2,345.4,28.224
1649905260000,345.4,345.5,345.2,345.3,15.765
1649905320000,345.3,345.5,345.3,345.3,38.478
1649905380000,345.4,345.6,345.4,345.4,22.209
1649905440000,345.5,345.5,344.9,344.9,22.315
1649905500000,345.0,345.1,344.7,344.7,82.511
1649905560000,344.8,344.9,344.6,344.9,58.568
1649905620000,344.7,344.9,344.7,344.8,19.332
1649905680000,344.7,344.7,344.2,344.3,84.712
1649905740000,344.4,344.8,344.3,344.8,45.208
1649905800000,344.7,344.8,344.5,344.7,14.302
1649905860000,344.8,344.9,344.7,344.7,27.851
1649905920000,344.7,345.2,344.7,345.2,42.826
1649905980000,345.1,345.1,344.8,345.0,5.466
1649906040000,345.0,345.0,344.9,344.9,1.792
1649906100000,344.8,345.0,344.8,344.8,29.743
1649906160000,344.7,344.9,344.5,344.9,41.693
1649906220000,344.9,345.0,344.9,345.0,2.942
1649906280000,345.0,345.0,344.9,344.9,3.104
1649906340000,345.0,345.1,344.8,345.1,24.952
1649906400000,345.0,345.1,344.9,344.9,14.811
1649906460000,345.0,345.1,344.9,345.0,23.446
1649906520000,344.9,344.9,344.4,344.5,63.082
1649906580000,344.5,344.6,344.4,344.5,19.186
1649906640000,344.5,344.8,344.5,344.8,9.047
1649906700000,344.7,344.7,344.4,344.5,12.088
1649906760000,344.5,344.6,344.3,344.4,52.94
1649906820000,344.3,344.6,344.3,344.6,12.011
1649906880000,344.6,344.6,344.3,344.3,1.231
1649906940000,344.4,344.4,343.9,344.0,111.844
1649907000000,344.1,344.6,344.1,344.4,81.128
1649907060000,344.4,344.4,344.2,344.3,24.563
1649907120000,344.2,344.8,344.2,344.7,60.215
1649907180000,344.7,344.7,344.5,344.5,33.436
1649907240000,344.5,344.5,344.2,344.2,39.825
1649907300000,344.2,344.3,344.1,344.1,16.653
1649907360000,344.1,344.4,344.0,344.4,30.615
1649907420000,344.4,344.5,344.3,344.3,39.868
1649907480000,344.3,345.3,344.3,345.2,134.896
1649907540000,345.1,345.2,344.9,345.2,50.754
1649907600000,345.2,345.6,345.2,345.4,59.538
1649907660000,345.4,346.2,345.4,346.2,105.569
1649907720000,346.2,346.2,345.9,346.0,1.372
1649907780000,346.1,346.4,346.1,346.4,15.866
1649907840000,346.5,347.4,346.4,347.3,132.915
1649907900000,347.3,347.5,347.0,347.4,157.358
1649907960000,347.4,348.1,347.3,347.8,139.277
1649908020000,347.8,348.0,347.4,347.5,86.777
1649908080000,347.5,349.9,347.5,349.7,354.098
1649908140000,349.7,349.7,348.7,348.9,256.34
1649908200000,348.9,349.1,348.3,348.6,77.423
1649908260000,348.6,348.6,348.1,348.2,32.379
1649908320000,348.1,348.3,347.5,347.8,226.378
1649908380000,347.8,347.9,347.6,347.6,21.179
1649908440000,347.6,348.0,347.5,347.8,36.438
1649908500000,347.8,348.2,347.6,348.1,73.682
1649908560000,348.1,348.1,347.9,348.1,22.448
1649908620000,348.2,348.7,348.1,348.2,81.822
1649908680000,348.2,348.2,348.0,348.2,9.662
1649908740000,348.1,348.2,347.8,348.0,56.852
1649908800000,348.0,348.6,347.9,348.6,105.183
1649908860000,348.6,348.6,348.1,348.2,49.793
1649908920000,348.1,348.5,347.8,347.9,114.164
1649908980000,347.9,348.1,347.8,347.8,37.528
1649909040000,347.9,347.9,347.6,347.7,14.153
1649909100000,347.7,348.2,347.7,348.2,43.469
1649909160000,348.3,348.9,348.1,348.9,168.699
1649909220000,348.9,353.0,348.7,351.9,1359.005
1649909280000,351.9,352.4,351.2,352.2,443.83
1649909340000,352.1,352.1,351.3,351.4,153.041
1649909400000,351.3,351.4,351.0,351.3,230.517
1649909460000,351.3,351.9,351.2,351.7,237.096
1649909520000,351.7,351.8,351.2,351.6,93.314
1649909580000,351.7,352.2,351.5,352.0,181.243
1649909640000,352.0,352.1,351.0,351.0,246.59
1649909700000,351.1,351.8,350.8,351.7,180.892
1649909760000,351.7,352.6,351.5,352.2,469.909
1649909820000,352.2,353.3,352.0,353.1,412.636
1649909880000,353.2,353.2,352.0,352.1,166.057
1649909940000,352.1,352.2,351.5,351.7,51.151
1649910000000,351.6,351.7,351.0,351.7,241.647
1649910060000,351.6,351.6,351.2,351.4,60.034
1649910120000,351.5,351.5,351.2,351.2,50.607
1649910180000,351.3,351.6,351.3,351.6,28.68
1649910240000,351.6,351.6,351.2,351.3,38.077
1649910300000,351.2,351.5,351.1,351.5,76.535
1649910360000,351.4,351.4,350.8,351.3,214.539
1649910420000,351.3,351.3,350.4,351.2,434.554
1649910480000,351.1,351.4,351.1,351.2,84.748
1649910540000,351.2,351.3,351.0,351.3,112.797
1649910600000,351.3,351.3,351.0,351.0,43.627
1649910660000,351.2,351.3,350.7,350.9,80.157
1649910720000,350.9,350.9,350.7,350.8,40.571
1649910780000,350.7,350.9,350.1,350.9,168.407
1649910840000,350.8,351.0,349.8,350.0,200.969
1649910900000,349.9,350.1,349.8,350.0,46.197
1649910960000,350.0,350.2,349.3,349.7,191.936
1649911020000,349.7,349.7,349.3,349.3,95.331
1649911080000,349.3,349.3,348.9,349.0,133.245
1649911140000,349.1,349.1,348.8,348.9,61.438
1649911200000,348.8,348.9,348.6,348.7,204.25
1649911260000,348.7,348.7,348.3,348.3,191.944
1649911320000,348.4,348.6,348.0,348.0,171.282
1649911380000,348.1,348.2,347.6,347.7,91.987
1649911440000,347.7,348.1,347.6,347.6,111.666
1649911500000,347.7,347.9,347.2,347.8,104.385
1649911560000,347.8,347.9,347.3,347.4,152.106
1649911620000,347.3,347.5,346.9,346.9,477.229
1649911680000,346.9,347.1,346.1,346.3,301.617
1649911740000,346.2,347.5,346.1,347.0,341.083
1649911800000,347.0,347.0,346.8,346.8,50.856
1649911860000,346.8,346.9,346.4,346.9,78.223
1649911920000,346.8,346.9,346.7,346.9,46.541
1649911980000,346.9,347.0,346.6,346.6,30.947
1649912040000,346.7,346.9,346.2,346.3,45.032
1649912100000,346.2,346.6,346.1,346.3,45.7
1649912160000,346.4,346.9,346.4,346.9,76.816
1649912220000,346.9,347.2,346.6,346.8,161.76
1649912280000,346.8,346.8,346.4,346.6,66.356
1649912340000,346.5,346.7,346.3,346.4,139.969
1649912400000,346.4,346.8,346.3,346.6,96.258
1649912460000,346.6,347.1,346.6,347.1,39.174
1649912520000,347.0,347.4,346.9,347.2,52.471
1649912580000,347.2,347.3,347.1,347.2,37.493
1649912640000,347.2,347.3,347.1,347.2,30.028
1649912700000,347.3,347.8,346.9,347.0,273.156
1649912760000,346.9,346.9,346.5,346.8,36.001
1649912820000,346.7,346.9,346.5,346.8,50.831
1649912880000,346.8,346.9,346.7,346.9,94.458
1649912940000,346.9,346.9,346.5,346.6,25.766
1649913000000,346.7,347.0,346.5,346.9,22.235
1649913060000,346.9,346.9,346.8,346.8,8.575
1649913120000,346.8,347.2,346.8,347.0,50.014
1649913180000,347.2,347.5,347.2,347.5,71.007
1649913240000,347.5,347.5,347.2,347.2,28.213
1649913300000,347.1,347.1,347.0,347.1,15.497
1649913360000,346.9,346.9,346.5,346.5,16.628
1649913420000,346.4,346.4,345.5,346.2,428.625
1649913480000,346.3,346.4,346.2,346.2,57.331
1649913540000,346.2,346.3,346.0,346.0,31.731
1649913600000,346.1,346.1,345.9,346.1,38.934
1649913660000,345.9,346.0,345.3,345.5,142.529
1649913720000,345.4,346.1,345.4,346.0,23.112
1649913780000,345.8,346.0,345.8,345.9,38.411
1649913840000,345.9,346.0,345.8,346.0,12.921
1649913900000,345.9,345.9,345.5,345.6,17.593
1649913960000,345.6,345.6,345.5,345.5,10.039
1649914020000,345.5,345.6,345.4,345.4,53.428
1649914080000,345.5,345.5,345.0,345.0,87.928
1649914140000,344.9,344.9,344.5,344.7,101.696
1649914200000,344.6,345.2,344.4,345.1,225.188
1649914260000,345.1,345.1,344.3,344.5,185.301
1649914320000,344.5,344.5,344.3,344.4,16.299
1649914380000,344.4,344.4,343.9,343.9,83.124
1649914440000,343.9,344.3,343.4,344.2,237.678
1649914500000,344.2,344.6,344.0,344.1,87.053
1649914560000,344.3,344.5,344.3,344.5,13.604
1649914620000,344.5,344.8,344.4,344.7,23.192
1649914680000,344.9,345.0,344.7,345.0,23.821
1649914740000,344.9,344.9,344.7,344.7,7.742
1649914800000,344.6,344.7,344.6,344.7,25.946
1649914860000,344.7,344.9,344.7,344.9,6.077
1649914920000,344.9,345.0,344.6,344.9,10.28
1649914980000,344.9,344.9,344.5,344.8,10.233
1649915040000,344.8,344.9,344.7,344.9,18.523
1649915100000,344.9,345.3,344.8,345.2,42.15
1649915160000,345.2,345.3,345.0,345.0,40.342
1649915220000,345.1,345.2,344.8,344.8,11.909
1649915280000,344.8,344.8,344.5,344.5,15.37
1649915340000,344.5,344.6,344.5,344.5,15.201
1649915400000,344.5,344.8,344.4,344.7,36.627
1649915460000,344.6,344.7,344.5,344.5,4.999
1649915520000,344.5,344.5,344.1,344.1,22.848
1649915580000,344.1,344.3,344.0,344.0,29.11
1649915640000,344.1,344.7,344.1,344.7,26.337
1649915700000,344.7,344.9,344.6,344.7,21.995
1649915760000,344.7,344.7,344.3,344.4,10.903
1649915820000,344.4,344.6,344.4,344.6,23.123
1649915880000,344.6,344.7,344.5,344.6,36.264
1649915940000,344.6,344.6,344.0,344.3,38.81
1649916000000,344.3,345.1,344.3,344.7,112.555
1649916060000,344.6,344.6,344.1,344.1,35.139
1649916120000,344.1,345.1,344.1,344.9,116.134
1649916180000,345.2,345.8,345.2,345.5,135.745
1649916240000,345.5,345.5,342.8,343.5,1107.552
1649916300000,343.6,343.6,343.1,343.3,145.573
1649916360000,343.4,343.4,342.9,343.0,76.508
1649916420000,343.1,343.1,342.7,343.0,85.365
1649916480000,343.0,343.5,343.0,343.3,83.176
1649916540000,343.3,343.6,343.3,343.5,14.862
1649916600000,343.4,343.6,343.2,343.3,20.057
1649916660000,343.1,343.3,343.0,343.3,44.203
1649916720000,343.3,343.3,343.1,343.3,38.167
1649916780000,343.3,343.6,343.2,343.4,49.646
1649916840000,343.5,343.8,343.4,343.7,61.573
1649916900000,343.7,344.7,343.6,344.3,160.977
1649916960000,344.2,344.8,344.1,344.5,93.903
1649917020000,344.5,344.6,344.4,344.6,22.036
1649917080000,344.5,344.5,344.2,344.4,11.484
1649917140000,344.4,344.7,344.3,344.5,50.207
1649917200000,344.4,344.7,344.4,344.5,48.0
1649917260000,344.5,344.5,344.3,344.3,12.38
1649917320000,344.3,344.4,344.3,344.3,14.943
1649917380000,344.5,344.6,344.5,344.5,14.4
1649917440000,344.5,344.6,344.3,344.5,19.342
1649917500000,344.4,344.6,344.4,344.6,13.0
1649917560000,344.5,345.1,344.5,345.0,74.428
1649917620000,345.1,345.1,344.7,344.9,41.119
1649917680000,344.9,344.9,344.8,344.8,11.834
1649917740000,344.9,344.9,344.7,344.8,29.196
1649917800000,344.8,344.9,344.6,344.8,65.458
1649917860000,344.8,344.8,344.4,344.4,35.818
1649917920000,344.3,344.5,344.2,344.2,56.735
1649917980000,344.1,344.1,344.0,344.1,20.19
1649918040000,344.1,344.2,344.0,344.2,36.248
1649918100000,344.1,344.3,343.7,343.9,47.08
1649918160000,343.9,344.2,343.9,344.0,21.625
1649918220000,344.0,344.2,343.9,343.9,31.936
1649918280000,344.1,344.2,344.1,344.2,6.974
1649918340000,344.1,344.1,343.8,343.9,29.769
1649918400000,343.8,343.9,343.7,343.8,14.234
1649918460000,343.9,343.9,343.7,343.7,21.904
1649918520000,343.6,343.6,343.3,343.3,14.953
1649918580000,343.3,343.3,342.8,342.9,99.203
1649918640000,343.0,343.2,343.0,343.1,33.405
1649918700000,343.1,343.3,343.0,343.1,44.969
1649918760000,343.1,343.4,343.0,343.4,36.3
1649918820000,343.4,343.6,343.1,343.5,52.362
1649918880000,343.5,343.6,343.4,343.5,5.097
1649918940000,343.4,343.5,343.3,343.3,22.794
1649919000000,343.4,343.4,343.3,343.3,11.541
1649919060000,343.3,343.3,342.8,342.8,79.8
1649919120000,342.9,342.9,342.6,342.9,13.073
1649919180000,342.9,343.0,342.7,342.7,10.152
1649919240000,342.8,343.2,342.8,343.1,8.459
1649919300000,343.1,343.2,342.9,343.0,19.713
1649919360000,342.8,342.9,342.7,342.9,8.481
1649919420000,342.9,342.9,342.7,342.8,5.909
1649919480000,342.8,342.9,342.8,342.9,1.019
1649919540000,343.0,343.0,342.7,342.9,67.792
1649919600000,342.8,342.9,342.1,342.5,137.303
1649919660000,342.5,342.7,342.3,342.5,325.226
1649919720000,342.5,342.5,342.2,342.4,9.576
1649919780000,342.5,342.9,342.5,342.8,6.423
1649919840000,342.8,342.9,342.8,342.8,1.718
1649919900000,342.8,343.3,342.8,343.2,30.71
1649919960000,343.2,343.3,343.1,343.1,16.365
1649920020000,343.1,343.1,343.0,343.1,1.344
1649920080000,343.1,343.1,342.9,342.9,18.778
1649920140000,342.9,342.9,342.4,342.4,50.263
1649920200000,342.3,342.7,342.3,342.3,58.493
1649920260000,342.2,342.7,342.1,342.7,27.535
1649920320000,342.7,342.9,342.6,342.6,15.181
1649920380000,342.6,342.7,342.3,342.7,31.689
1649920440000,342.7,342.8,342.7,342.7,7.927
1649920500000,342.7,342.7,342.6,342.6,7.164
1649920560000,342.6,342.6,342.5,342.6,12.412
1649920620000,342.5,343.0,342.5,342.9,18.477
1649920680000,342.9,343.6,342.9,343.4,37.4
1649920740000,343.5,343.5,343.3,343.4,33.029
1649920800000,343.4,343.8,343.4,343.5,77.204
1649920860000,343.6,344.2,343.6,344.0,22.408
1649920920000,344.0,344.4,344.0,344.0,20.336
1649920980000,344.0,344.1,343.8,343.9,31.023
1649921040000,343.9,343.9,343.8,343.9,26.031
1649921100000,343.8,343.8,343.6,343.7,20.085
1649921160000,343.7,344.0,343.7,343.8,15.311
1649921220000,343.8,343.9,343.7,343.9,24.17
1649921280000,343.9,343.9,343.7,343.8,21.863
1649921340000,343.7,343.8,343.7,343.8,4.862
1649921400000,343.7,343.9,343.7,343.9,24.218
1649921460000,343.9,344.1,343.8,343.8,21.084
1649921520000,343.8,343.8,343.7,343.7,10.772
1649921580000,343.7,343.9,343.7,343.9,4.557
1649921640000,343.9,343.9,343.8,343.9,31.255
1649921700000,343.8,343.8,343.4,343.5,61.005
1649921760000,343.5,344.6,343.5,344.5,93.749
1649921820000,344.5,344.6,344.4,344.5,15.972
1649921880000,344.6,344.8,344.4,344.5,66.1
1649921940000,344.5,344.6,344.5,344.6,1.843
1649922000000,344.6,345.1,344.6,345.0,111.354
1649922060000,345.0,345.4,345.0,345.3,29.615
1649922120000,345.3,345.3,345.0,345.1,78.582
1649922180000,345.0,345.5,344.8,345.5,76.521
1649922240000,345.5,346.0,345.4,345.5,80.762
1649922300000,345.6,345.9,345.6,345.7,39.44
1649922360000,345.8,346.4,345.7,346.2,111.929
1649922420000,346.2,346.5,346.0,346.1,42.399
1649922480000,346.1,346.1,346.0,346.0,19.771
1649922540000,346.0,346.6,346.0,346.5,36.387
1649922600000,346.5,346.5,346.2,346.5,36.016
1649922660000,346.5,346.5,346.3,346.3,70.841
1649922720000,346.1,346.1,345.8,345.8,106.053
1649922780000,345.8,346.3,345.8,346.3,119.417
1649922840000,346.0,346.0,345.9,345.9,12.49
1649922900000,345.8,345.9,345.6,345.7,7.752
1649922960000,345.7,345.7,345.5,345.5,52.452
1649923020000,345.5,346.0,345.5,346.0,37.787
1649923080000,346.0,346.2,345.9,346.2,24.292
1649923140000,346.2,346.3,346.1,346.2,66.568
1649923200000,346.1,346.4,345.5,345.5,122.477
1649923260000,345.5,345.6,345.5,345.5,56.245
1649923320000,345.5,345.5,345.2,345.4,34.65
1649923380000,345.5,345.5,345.3,345.4,32.851
1649923440000,345.2,345.3,344.7,344.7,57.792
1649923500000,344.6,344.7,344.5,344.7,14.527
1649923560000,344.6,344.7,344.4,344.7,32.607
1649923620000,344.8,345.1,344.7,345.0,55.923
1649923680000,345.0,345.3,345.0,345.1,7.862
1649923740000,345.3,345.5,345.1,345.2,40.692
1649923800000,345.1,345.4,345.0,345.2,46.864
1649923860000,345.5,345.7,345.3,345.6,26.614
1649923920000,345.7,345.9,345.6,345.7,32.337
1649923980000,345.7,346.1,345.7,346.0,25.849
1649924040000,345.9,345.9,345.7,345.7,57.3
1649924100000,345.8,345.9,345.7,345.8,17.152
1649924160000,345.8,346.1,345.7,345.9,27.038
1649924220000,345.9,346.0,345.9,345.9,18.9
1649924280000,345.9,345.9,345.7,345.7,38.939
1649924340000,345.8,345.8,345.5,345.5,77.34
1649924400000,345.5,345.5,345.4,345.4,12.959
1649924460000,345.3,345.4,345.1,345.4,27.879
1649924520000,345.4,345.4,345.2,345.2,8.416
1649924580000,345.2,345.3,345.2,345.2,6.972
1649924640000,345.1,345.1,344.6,344.7,65.035
1649924700000,344.7,344.9,344.7,344.9,7.804
1649924760000,344.7,344.7,344.5,344.5,15.067
1649924820000,344.5,344.5,344.4,344.4,1.856
1649924880000,344.4,344.5,343.9,344.1,32.771
1649924940000,344.1,344.1,343.8,344.0,124.383
1649925000000,343.9,344.1,343.8,343.8,20.653
1649925060000,343.8,343.9,343.5,343.6,46.538
1649925120000,343.6,343.7,343.5,343.5,11.028
1649925180000,343.5,343.6,343.4,343.6,53.758
1649925240000,343.6,343.8,343.6,343.7,13.549
1649925300000,343.6,343.7,343.4,343.4,49.851
1649925360000,343.4,343.6,343.4,343.6,15.394
1649925420000,343.6,343.6,343.4,343.5,18.318
1649925480000,343.4,343.6,343.3,343.5,82.457
1649925540000,343.5,343.6,343.3,343.3,21.465
1649925600000,343.3,343.6,343.3,343.5,20.948
1649925660000,343.5,343.7,343.2,343.2,29.795
1649925720000,343.3,343.3,342.7,343.1,57.188
1649925780000,343.1,343.1,342.7,342.7,48.038
1649925840000,342.7,342.8,342.6,342.6,51.425
1649925900000,342.6,342.8,342.6,342.6,38.257
1649925960000,342.7,342.7,342.5,342.5,22.843
1649926020000,342.6,342.8,342.5,342.6,18.411
1649926080000,342.7,342.7,342.6,342.7,2.982
1649926140000,342.8,343.0,342.5,342.6,30.982
1649926200000,342.6,342.7,342.2,342.5,23.658
1649926260000,342.6,342.7,342.5,342.5,13.017
1649926320000,342.6,342.7,342.3,342.6,30.545
1649926380000,342.4,342.5,342.1,342.3,38.198
1649926440000,342.3,342.3,342.2,342.2,3.157
1649926500000,342.2,342.2,341.7,341.7,63.894
1649926560000,341.8,342.1,341.8,342.1,51.879
1649926620000,342.2,342.2,341.9,342.0,13.713
1649926680000,342.1,342.1,341.9,342.0,3.097
1649926740000,342.1,342.2,342.0,342.1,29.289
1649926800000,342.0,342.2,341.8,342.1,19.471
1649926860000,342.2,342.5,342.1,342.3,30.851
1649926920000,342.2,342.6,342.2,342.6,15.05
1649926980000,342.6,343.0,342.4,342.9,125.135
1649927040000,342.9,342.9,342.5,342.7,41.118
1649927100000,342.6,342.6,342.4,342.4,6.611
1649927160000,342.5,342.6,342.1,342.1,149.846
1649927220000,342.1,342.3,342.1,342.3,3.992
1649927280000,342.2,342.2,342.0,342.0,44.115
1649927340000,342.0,342.0,341.7,341.7,12.258
1649927400000,341.7,342.2,341.7,341.9,201.743
1649927460000,341.8,341.9,341.8,341.8,5.007
1649927520000,341.7,341.7,341.7,341.7,1.868
1649927580000,341.7,341.8,341.7,341.8,44.25
1649927640000,341.9,342.0,341.7,342.0,22.691
1649927700000,341.9,342.7,341.9,342.6,115.582
1649927760000,342.5,342.7,342.3,342.6,28.618
1649927820000,342.6,342.9,342.6,342.7,23.143
1649927880000,342.7,342.7,342.6,342.6,8.215
1649927940000,342.5,342.7,342.5,342.7,4.05
1649928000000,342.6,342.8,342.6,342.6,16.593
1649928060000,342.6,342.6,342.4,342.5,44.923
1649928120000,342.5,342.6,342.5,342.6,27.227
1649928180000,342.6,342.7,342.5,342.5,30.066
1649928240000,342.6,342.7,342.5,342.6,11.542
1649928300000,342.5,342.6,341.8,341.8,88.604
1649928360000,341.7,342.0,341.0,341.0,74.25
1649928420000,341.0,341.8,341.0,341.7,69.671
1649928480000,341.7,341.7,341.6,341.6,5.69
1649928540000,341.6,342.4,341.5,342.4,47.246
1649928600000,342.3,342.3,342.1,342.1,46.215
1649928660000,342.0,342.2,341.9,342.2,19.331
1649928720000,342.1,342.2,342.0,342.1,53.445
1649928780000,342.3,342.7,342.3,342.3,117.342
1649928840000,342.4,343.2,342.4,343.2,102.981
1649928900000,343.2,343.9,343.2,343.8,102.903
1649928960000,343.8,344.0,343.5,343.5,40.442
1649929020000,343.4,343.4,342.8,342.9,26.502
1649929080000,343.1,343.3,343.1,343.2,7.673
1649929140000,343.2,343.8,343.2,343.8,40.734
1649929200000,343.9,344.8,343.8,344.5,120.53
1649929260000,344.6,344.6,344.2,344.2,40.038
1649929320000,344.3,344.3,344.0,344.0,6.535
1649929380000,344.0,344.1,344.0,344.1,31.616
1649929440000,344.0,344.1,343.9,343.9,18.669
1649929500000,343.9,344.0,343.9,344.0,11.275
1649929560000,343.9,343.9,343.3,343.4,68.146
1649929620000,343.4,343.5,343.4,343.5,4.033
1649929680000,343.5,343.5,343.3,343.3,12.642
1649929740000,343.3,343.5,343.3,343.5,32.412
1649929800000,343.5,343.5,342.9,343.0,20.614
1649929860000,343.1,343.2,343.0,343.1,23.99
1649929920000,343.1,343.3,343.0,343.2,24.724
1649929980000,343.2,344.0,343.2,344.0,90.237
1649930040000,343.9,345.2,343.9,344.6,151.653
1649930100000,344.5,344.7,344.5,344.6,15.92
1649930160000,344.7,344.7,344.7,344.7,7.185
1649930220000,344.6,344.7,344.4,344.4,16.747
1649930280000,344.5,344.7,344.3,344.4,21.189
1649930340000,344.3,344.4,344.3,344.4,39.178
1649930400000,344.4,344.4,343.9,344.2,85.855
1649930460000,344.3,344.3,344.1,344.1,36.14
1649930520000,344.2,344.2,344.1,344.2,15.312
1649930580000,344.2,344.3,344.1,344.3,6.713
1649930640000,344.2,344.2,343.8,343.9,24.257
1649930700000,343.8,343.8,343.3,343.3,48.59
1649930760000,343.2,343.2,342.8,342.8,83.123
1649930820000,342.8,343.0,342.6,343.0,43.03
1649930880000,343.0,343.0,342.1,342.7,266.986
1649930940000,342.8,342.8,342.7,342.7,18.682
1649931000000,342.7,342.9,342.6,342.7,41.092
1649931060000,342.6,342.6,342.3,342.4,32.942
1649931120000,342.5,342.6,342.4,342.4,116.216
1649931180000,342.5,342.7,342.4,342.7,14.024
1649931240000,342.8,342.9,342.5,342.5,30.678
1649931300000,342.5,342.8,342.4,342.7,116.23
1649931360000,342.7,342.7,342.5,342.5,9.404
1649931420000,342.5,342.5,342.2,342.2,11.958
1649931480000,342.1,342.2,341.9,342.1,87.959
1649931540000,342.0,342.0,341.8,341.9,18.188
1649931600000,341.9,341.9,341.9,341.9,6.526
1649931660000,342.0,342.1,341.9,342.1,9.499
1649931720000,342.0,342.0,341.8,341.8,16.087
1649931780000,341.7,341.9,341.6,341.8,32.658
1649931840000,341.8,342.2,341.8,342.2,18.876
1649931900000,342.1,342.2,342.0,342.1,9.899
1649931960000,342.2,342.2,342.2,342.2,3.478
1649932020000,342.1,342.1,341.9,342.1,18.7
1649932080000,342.1,342.1,342.0,342.0,3.291
1649932140000,342.1,342.2,342.1,342.2,17.271
1649932200000,342.3,342.4,341.9,341.9,79.098
1649932260000,341.9,342.0,341.7,341.7,11.025
1649932320000,341.6,341.7,341.3,341.7,48.091
1649932380000,341.7,341.9,341.5,341.6,49.027
1649932440000,341.5,341.5,341.4,341.5,21.41
1649932500000,341.5,341.6,341.4,341.5,14.282
1649932560000,341.5,341.5,341.3,341.3,18.586
1649932620000,341.4,341.4,341.3,341.3,27.671
1649932680000,341.2,341.5,341.2,341.5,13.447
1649932740000,341.5,341.6,341.3,341.6,21.479
1649932800000,341.5,341.6,341.4,341.4,14.479
1649932860000,341.4,341.6,341.4,341.6,5.991
1649932920000,341.7,341.8,341.6,341.6,20.627
1649932980000,341.6,341.6,341.2,341.2,16.061
1649933040000,341.2,341.3,341.2,341.3,6.229
1649933100000,341.2,341.2,340.6,340.7,105.61
1649933160000,340.7,341.5,340.3,341.3,202.261
1649933220000,341.2,341.3,340.7,340.7,17.754
1649933280000,340.7,340.9,340.7,340.9,21.706
1649933340000,340.8,340.8,340.2,340.2,54.434
1649933400000,340.2,340.5,339.5,339.7,244.617
1649933460000,339.7,340.2,339.7,340.1,98.813
1649933520000,340.1,340.1,340.0,340.0,16.362
1649933580000,340.0,340.0,339.6,339.7,63.955
1649933640000,339.8,339.9,339.7,339.8,33.13
1649933700000,339.8,339.9,339.5,339.6,37.936
1649933760000,339.6,340.1,339.6,339.7,194.833
1649933820000,339.7,339.7,339.2,339.3,35.085
1649933880000,339.3,339.6,338.9,339.3,145.245
1649933940000,339.0,339.4,339.0,339.3,42.841
1649934000000,339.2,339.5,339.0,339.5,27.305
1649934060000,339.5,339.5,339.2,339.4,106.236
1649934120000,339.4,339.5,339.1,339.5,83.129
1649934180000,339.5,339.7,339.1,339.1,50.49
1649934240000,339.2,339.5,339.2,339.5,138.301
1649934300000,339.5,339.8,339.3,339.5,52.622
1649934360000,339.5,339.6,339.2,339.5,76.563
1649934420000,339.6,339.6,339.1,339.1,46.231
1649934480000,339.2,339.2,338.9,339.2,55.691
1649934540000,339.2,339.2,339.1,339.1,7.754
1649934600000,339.0,339.1,338.7,338.9,55.951
1649934660000,339.0,339.3,338.8,339.3,73.009
1649934720000,339.3,339.6,339.3,339.5,59.371
1649934780000,339.5,339.5,339.4,339.5,6.672
1649934840000,339.5,339.5,339.0,339.3,120.435
1649934900000,339.2,339.3,339.1,339.3,23.252
1649934960000,339.2,339.3,338.7,338.8,218.463
1649935020000,338.8,339.2,338.8,339.0,123.929
1649935080000,339.0,339.0,338.8,338.8,12.124
1649935140000,338.7,338.9,338.6,338.7,54.237
1649935200000,338.7,338.8,338.5,338.5,12.711
1649935260000,338.6,338.7,338.4,338.6,21.446
1649935320000,338.6,338.9,338.4,338.9,20.063
1649935380000,338.9,339.0,338.6,339.0,19.321
1649935440000,339.0,339.0,338.8,338.8,100.686
1649935500000,338.9,338.9,338.5,338.7,24.09
1649935560000,338.6,338.6,338.1,338.1,67.613
1649935620000,338.2,338.8,338.1,338.5,357.076
1649935680000,338.6,338.9,338.6,338.8,14.078
1649935740000,339.0,339.1,338.8,338.8,46.867
1649935800000,338.8,338.8,338.3,338.6,115.235
1649935860000,338.6,339.0,338.6,338.8,22.338
1649935920000,338.8,339.0,338.8,338.9,22.86
1649935980000,338.9,339.0,338.8,339.0,6.947
1649936040000,339.1,339.1,338.9,338.9,5.193
1649936100000,338.9,338.9,338.6,338.6,61.191
1649936160000,338.6,338.7,338.4,338.6,27.447
1649936220000,338.7,339.0,338.7,339.0,7.891
1649936280000,338.9,338.9,338.4,338.5,39.853
1649936340000,338.4,338.7,338.4,338.6,27.151
1649936400000,338.5,338.6,338.3,338.6,8.788
1649936460000,338.6,338.7,338.1,338.3,120.12
1649936520000,338.3,338.6,338.3,338.4,64.679
1649936580000,338.3,338.3,337.7,337.7,93.617
1649936640000,337.7,338.0,337.6,337.9,114.19
1649936700000,337.9,338.0,337.7,337.8,20.261
1649936760000,337.9,338.2,337.8,338.2,72.985
1649936820000,338.2,338.3,338.0,338.0,17.792
1649936880000,337.9,337.9,337.3,337.4,27.467
1649936940000,337.3,337.5,337.3,337.4,11.464
1649937000000,337.4,337.4,337.2,337.3,13.817
1649937060000,337.2,337.3,337.0,337.2,47.03
1649937120000,337.2,337.4,336.9,336.9,58.97
1649937180000,337.0,337.3,336.9,337.0,44.514
1649937240000,337.0,337.5,336.8,337.4,202.325
1649937300000,337.3,337.5,337.3,337.5,21.625
1649937360000,337.5,337.5,337.2,337.2,12.77
1649937420000,337.3,337.4,337.0,337.1,13.465
1649937480000,337.0,337.6,337.0,337.4,73.404
1649937540000,337.4,337.5,337.4,337.5,8.209
1649937600000,337.4,338.0,337.2,337.8,121.272
1649937660000,337.9,338.2,337.9,338.1,257.726
1649937720000,338.0,338.1,337.5,337.7,99.057
1649937780000,337.6,337.8,337.3,337.8,135.244
1649937840000,337.6,337.6,337.5,337.5,12.055
1649937900000,337.5,337.5,336.8,336.8,65.326
1649937960000,336.9,337.1,336.9,337.0,6.506
1649938020000,337.1,337.4,337.1,337.3,38.601
1649938080000,337.4,337.4,337.2,337.3,21.145
1649938140000,337.2,337.2,336.7,336.7,144.645
1649938200000,336.8,337.0,336.7,336.9,67.791
1649938260000,336.8,336.8,336.6,336.6,49.496
1649938320000,336.7,337.1,336.7,337.0,16.262
1649938380000,337.0,337.2,337.0,337.0,72.629
1649938440000,336.9,337.2,336.9,337.2,19.593
1649938500000,337.2,337.7,337.2,337.4,156.487
1649938560000,337.5,337.7,337.4,337.4,49.842
1649938620000,337.4,337.6,337.4,337.5,3.465
1649938680000,337.6,337.6,337.4,337.5,23.978
1649938740000,337.4,337.4,337.0,337.2,186.768
1649938800000,337.2,337.5,337.2,337.5,54.903
1649938860000,337.5,337.5,337.4,337.4,9.526
1649938920000,337.3,337.3,337.2,337.2,2.514
1649938980000,337.2,337.3,337.2,337.3,11.759
1649939040000,337.2,337.3,337.2,337.2,7.405
1649939100000,337.2,337.3,337.0,337.2,21.934
1649939160000,337.1,337.1,337.1,337.1,0.282
1649939220000,337.0,337.1,336.8,337.1,34.88
1649939280000,337.1,337.1,337.0,337.1,7.566
1649939340000,337.0,337.0,336.9,336.9,11.676
1649939400000,337.0,337.4,336.9,337.4,18.416
1649939460000,337.4,337.5,337.3,337.5,15.611
1649939520000,337.3,337.5,337.2,337.3,80.984
1649939580000,337.3,337.4,337.2,337.2,23.814
1649939640000,337.3,337.3,337.2,337.3,11.648
1649939700000,337.3,337.4,337.2,337.3,11.56
1649939760000,337.1,337.2,336.9,337.1,43.006
1649939820000,337.2,337.3,337.1,337.2,23.605
1649939880000,337.2,337.2,337.1,337.2,9.857
1649939940000,337.1,337.3,337.1,337.2,13.345
1649940000000,337.1,337.2,337.1,337.2,9.212
1649940060000,337.2,337.3,337.1,337.1,13.375
1649940120000,337.1,337.2,337.1,337.2,2.535
1649940180000,337.1,337.3,337.1,337.2,6.182
1649940240000,337.3,337.3,337.2,337.2,5.159
1649940300000,337.2,337.3,337.2,337.3,18.317
1649940360000,337.3,337.7,337.3,337.7,54.619
1649940420000,337.6,338.3,337.5,338.2,136.104
1649940480000,338.1,338.7,338.1,338.4,99.901
1649940540000,338.5,339.0,338.3,338.6,286.074
1649940600000,338.9,339.7,338.8,339.2,281.87
1649940660000,339.2,339.4,339.0,339.2,46.479
1649940720000,339.3,339.7,339.0,339.1,129.422
1649940780000,339.2,339.5,339.2,339.2,37.809
1649940840000,339.2,339.3,339.0,339.3,123.13
1649940900000,339.2,339.3,339.0,339.0,17.305
1649940960000,338.9,339.0,338.5,338.6,28.449
1649941020000,338.5,338.7,338.5,338.5,20.857
1649941080000,338.4,338.6,338.4,338.6,36.281
1649941140000,338.7,339.0,338.7,339.0,48.501
1649941200000,338.8,339.0,338.8,338.9,20.487
1649941260000,338.8,338.9,338.7,338.9,10.663
1649941320000,338.9,338.9,338.6,338.8,8.379
1649941380000,338.7,339.5,338.6,339.5,118.772
1649941440000,339.5,339.6,339.4,339.4,4.123
1649941500000,339.3,340.3,339.3,340.0,451.772
1649941560000,339.9,340.0,339.8,339.8,13.925
1649941620000,339.9,340.1,339.6,339.6,77.449
1649941680000,339.7,339.7,339.5,339.6,37.391
1649941740000,339.6,339.6,339.4,339.6,20.505
1649941800000,339.5,339.6,339.3,339.5,25.391
1649941860000,339.5,339.5,339.4,339.5,7.86
1649941920000,339.4,339.4,339.1,339.1,53.695
1649941980000,339.0,339.0,338.6,338.6,31.148
1649942040000,338.6,338.6,338.4,338.5,46.469
1649942100000,338.5,338.5,337.8,338.1,270.476
1649942160000,338.1,338.1,337.8,337.9,23.3
1649942220000,337.9,337.9,337.4,337.8,65.271
1649942280000,337.6,337.6,337.5,337.5,14.274
1649942340000,337.6,337.6,337.5,337.5,5.227
1649942400000,337.5,337.5,337.2,337.3,81.407
1649942460000,337.3,337.7,337.3,337.4,21.698
1649942520000,337.4,337.8,337.4,337.7,4.555
1649942580000,337.7,337.7,337.0,337.2,187.336
1649942640000,337.1,337.2,337.1,337.2,17.45
1649942700000,337.1,338.0,337.1,337.7,213.326
1649942760000,337.8,338.1,337.6,338.0,31.587
1649942820000,337.9,337.9,337.8,337.8,22.922
1649942880000,337.9,337.9,337.7,337.7,1.798
1649942940000,337.9,338.0,337.9,338.0,3.286
1649943000000,338.0,338.1,337.9,337.9,33.956
1649943060000,338.0,338.5,338.0,338.2,46.172
1649943120000,338.2,338.3,338.2,338.2,4.328
1649943180000,338.2,338.8,338.2,338.4,49.44
1649943240000,338.4,338.6,338.1,338.6,51.719
1649943300000,338.6,339.9,338.6,338.7,358.499
1649943360000,338.8,338.8,338.6,338.6,22.713
1649943420000,338.6,338.9,338.6,338.7,23.041
1649943480000,338.7,338.7,338.3,338.3,32.703
1649943540000,338.4,338.4,337.6,337.6,224.313
1649943600000,337.6,337.8,336.6,336.9,120.106
1649943660000,336.7,337.1,336.1,337.0,376.433
1649943720000,336.9,337.1,336.3,336.6,72.796
1649943780000,336.6,337.4,336.5,337.0,110.796
1649943840000,337.0,337.0,336.8,336.9,30.617
1649943900000,336.8,336.8,335.8,336.2,191.173
1649943960000,336.1,336.8,335.8,336.2,262.028
1649944020000,336.3,336.7,336.2,336.6,104.465
1649944080000,336.5,336.5,335.8,336.2,122.574
1649944140000,336.1,336.6,335.9,336.3,54.468
1649944200000,336.3,336.4,336.2,336.3,38.509
1649944260000,336.2,336.2,335.7,335.7,102.2
1649944320000,335.6,335.7,334.5,335.2,419.63
1649944380000,335.2,335.4,335.0,335.2,60.595
1649944440000,335.4,335.6,335.4,335.4,60.127
1649944500000,335.3,335.5,334.8,335.2,216.02
1649944560000,335.2,335.4,335.1,335.4,86.586
1649944620000,335.4,335.4,335.3,335.4,25.85
1649944680000,335.4,335.7,334.8,334.8,159.148
1649944740000,334.9,335.2,334.8,335.0,41.402
1649944800000,334.9,335.3,334.7,335.2,35.889
1649944860000,335.1,335.2,334.8,335.0,56.335
1649944920000,335.0,335.1,334.8,334.9,90.446
1649944980000,334.8,335.0,334.3,334.4,133.498
1649945040000,334.5,334.6,334.0,334.0,100.146
1649945100000,334.1,334.6,333.8,333.8,208.245
1649945160000,333.8,334.4,333.5,334.4,179.18
1649945220000,334.3,334.4,334.1,334.3,31.429
1649945280000,334.4,335.1,334.1,334.1,278.342
1649945340000,334.0,335.1,334.0,334.8,154.312
1649945400000,334.7,335.2,334.5,335.0,126.047
1649945460000,334.9,335.2,334.7,334.7,68.397
1649945520000,334.7,335.0,334.7,334.9,10.032
1649945580000,335.0,335.1,334.9,334.9,15.757
1649945640000,335.0,335.1,334.9,335.0,15.444
1649945700000,334.9,335.0,334.8,335.0,14.887
1649945760000,335.1,335.1,334.9,334.9,18.159
1649945820000,334.9,335.8,334.9,335.6,145.908
1649945880000,335.5,335.6,334.6,334.6,134.706
1649945940000,334.7,334.8,334.5,334.5,21.094
1649946000000,334.4,334.6,334.2,334.6,41.169
1649946060000,334.6,334.9,334.5,334.6,113.611
1649946120000,334.6,334.8,334.6,334.8,36.048
1649946180000,334.9,335.1,334.9,335.0,7.444
1649946240000,335.1,335.1,334.9,334.9,54.161
1649946300000,335.0,335.4,334.8,335.2,75.485
1649946360000,335.3,335.3,334.9,335.0,44.131
1649946420000,334.9,335.4,334.8,335.4,70.341
1649946480000,335.3,335.4,335.3,335.4,1.317
1649946540000,335.5,335.6,335.3,335.6,8.599
1649946600000,335.5,336.7,335.4,336.5,183.542
1649946660000,336.5,336.8,336.3,336.8,51.636
1649946720000,336.8,337.0,336.6,336.6,34.568
1649946780000,336.6,336.9,336.6,336.6,13.531
1649946840000,336.7,336.7,336.4,336.4,48.664
1649946900000,336.4,336.4,336.0,336.3,19.224
1649946960000,336.4,336.5,336.3,336.4,3.355
1649947020000,336.4,336.4,336.2,336.2,9.326
1649947080000,336.2,336.2,335.6,335.6,55.673
1649947140000,335.7,335.8,335.5,335.8,36.971
1649947200000,335.8,336.7,335.8,336.2,165.639
1649947260000,336.2,336.2,336.0,336.0,28.896
1649947320000,336.0,336.0,335.6,335.6,45.762
1649947380000,335.5,335.6,335.2,335.2,15.284
1649947440000,335.3,335.5,335.3,335.4,23.786
1649947500000,335.3,335.7,335.3,335.6,17.634
1649947560000,335.6,335.6,335.3,335.3,36.147
1649947620000,335.3,335.8,335.3,335.7,39.774
1649947680000,335.7,335.8,335.6,335.6,52.843
1649947740000,335.6,335.6,335.2,335.2,39.173
1649947800000,335.2,335.6,335.2,335.5,25.311
1649947860000,335.5,335.6,335.5,335.6,1.651
1649947920000,335.4,335.8,335.4,335.8,11.831
1649947980000,335.8,335.9,335.6,335.7,50.601
1649948040000,335.9,336.1,335.6,335.6,145.434
1649948100000,335.5,336.1,335.5,336.0,29.545
1649948160000,336.0,336.0,336.0,336.0,2.608
1649948220000,336.1,336.5,336.1,336.5,80.406
1649948280000,336.5,336.6,336.5,336.6,9.835
1649948340000,336.5,336.6,336.5,336.5,11.265
1649948400000,336.4,336.9,336.1,336.9,41.145
1649948460000,336.9,337.0,336.8,336.9,51.741
1649948520000,336.9,336.9,336.5,336.6,40.008
1649948580000,336.6,336.6,336.6,336.6,0.203
1649948640000,336.5,336.6,336.3,336.6,114.491
1649948700000,336.5,336.8,336.5,336.8,5.048
1649948760000,336.8,337.0,336.8,337.0,39.423
1649948820000,336.9,336.9,336.4,336.4,51.664
1649948880000,336.4,336.4,336.2,336.2,17.151
1649948940000,336.2,336.4,336.2,336.3,21.957
1649949000000,336.3,336.4,336.2,336.4,9.493
1649949060000,336.2,336.2,335.9,336.0,21.488
1649949120000,336.1,336.6,336.1,336.3,39.649
1649949180000,336.2,336.4,336.2,336.3,83.686
1649949240000,336.4,336.6,336.1,336.1,109.706
1649949300000,336.0,336.0,335.5,335.8,134.377
1649949360000,335.9,336.1,335.7,335.7,29.857
1649949420000,335.6,335.6,334.9,334.9,140.223
1649949480000,335.0,335.1,334.7,335.1,18.803
1649949540000,335.0,335.0,334.7,334.8,66.483
1649949600000,334.9,334.9,334.5,334.6,128.027
1649949660000,334.6,334.7,334.4,334.4,23.615
1649949720000,334.5,334.5,334.0,334.1,81.682
1649949780000,334.1,334.4,334.1,334.3,7.908
1649949840000,334.3,334.7,334.3,334.7,5.631
1649949900000,334.7,335.0,334.6,334.6,23.823
1649949960000,334.7,335.1,334.7,335.1,8.179
1649950020000,335.0,335.1,334.8,335.1,7.932
1649950080000,335.0,335.0,334.8,334.9,29.025
1649950140000,334.9,335.0,334.9,335.0,8.543
1649950200000,334.9,335.3,334.9,335.0,84.005
1649950260000,335.0,335.1,334.9,334.9,22.56
1649950320000,334.9,335.0,334.8,334.8,8.42
1649950380000,334.9,334.9,334.6,334.6,43.234
1649950440000,334.6,334.6,334.2,334.2,23.667
1649950500000,334.3,334.3,334.1,334.1,11.375
1649950560000,334.1,334.1,332.9,333.4,607.406
1649950620000,333.4,333.9,333.4,333.6,102.532
1649950680000,333.5,333.5,333.2,333.4,104.76
1649950740000,333.3,333.7,333.3,333.4,36.493
1649950800000,333.6,333.6,333.2,333.4,67.455
1649950860000,333.4,333.7,333.4,333.7,34.812
1649950920000,333.7,333.9,333.3,333.5,174.465
1649950980000,333.4,333.5,333.1,333.2,78.953
1649951040000,333.3,333.4,333.2,333.2,34.798
1649951100000,333.3,333.4,333.0,333.0,33.176
1649951160000,332.9,333.6,332.9,333.2,122.313
1649951220000,333.0,333.6,332.8,333.5,136.922
1649951280000,333.5,333.5,333.3,333.5,37.808
1649951340000,333.5,333.6,333.1,333.1,25.389
1649951400000,333.0,333.3,332.9,333.3,43.994
1649951460000,333.3,333.5,333.3,333.5,31.687
1649951520000,333.6,333.6,333.5,333.5,5.815
1649951580000,333.2,333.5,333.0,333.3,123.568
1649951640000,333.3,333.5,333.3,333.4,35.618
1649951700000,333.3,333.7,333.3,333.4,64.246
1649951760000,333.4,333.4,333.2,333.3,12.273
1649951820000,333.2,333.2,332.8,333.1,119.069
1649951880000,333.1,333.1,333.0,333.0,39.739
1649951940000,333.0,333.7,333.0,333.4,89.551
1649952000000,333.5,333.6,333.0,333.2,174.329
1649952060000,333.2,333.6,333.2,333.5,61.757
1649952120000,333.6,333.9,333.6,333.9,47.709
1649952180000,334.0,334.0,333.7,333.7,42.018
1649952240000,333.7,333.7,332.8,333.2,19.763
1649952300000,333.1,333.4,332.9,333.4,21.642
1649952360000,333.5,333.5,333.3,333.4,8.106
1649952420000,333.4,333.7,333.4,333.7,26.499
1649952480000,333.6,333.8,333.5,333.8,29.566
1649952540000,333.7,333.7,333.6,333.6,0.667
1649952600000,333.6,334.4,333.6,334.3,108.253
1649952660000,334.5,334.5,334.0,334.2,8.793
1649952720000,334.0,334.1,333.8,333.8,53.067
1649952780000,333.8,333.8,333.6,333.6,13.473
1649952840000,333.5,333.6,333.5,333.6,5.6
1649952900000,333.7,334.2,333.7,334.1,48.535
1649952960000,334.1,334.1,333.8,333.8,17.078
1649953020000,333.9,334.0,333.7,333.8,5.621
1649953080000,333.9,333.9,333.3,333.5,20.169
1649953140000,333.5,333.6,333.5,333.6,7.194
1649953200000,333.5,333.7,333.5,333.7,25.081
1649953260000,333.6,333.6,333.3,333.4,22.778
1649953320000,333.5,333.5,333.1,333.1,21.78
1649953380000,333.1,333.2,333.0,333.2,11.2
1649953440000,333.3,333.4,333.3,333.4,1.697
1649953500000,333.5,333.5,333.4,333.5,7.178
1649953560000,333.5,333.6,333.2,333.3,43.073
1649953620000,333.2,333.2,333.1,333.2,10.289
1649953680000,333.2,333.2,333.0,333.1,14.599
1649953740000,333.1,333.2,333.1,333.2,12.449
1649953800000,333.1,333.4,333.1,333.3,23.953
1649953860000,333.4,333.4,333.3,333.3,11.254
1649953920000,333.4,333.6,333.3,333.5,37.84
1649953980000,333.5,333.5,333.0,333.0,63.153
1649954040000,333.1,333.3,333.1,333.2,19.582
1649954100000,333.2,333.2,332.8,332.8,36.593
1649954160000,332.9,333.0,332.6,332.7,77.76
1649954220000,332.7,333.0,332.7,333.0,9.501
1649954280000,333.0,333.4,332.9,333.2,60.608
1649954340000,333.3,333.7,332.9,332.9,141.159
1649954400000,333.0,333.3,332.8,333.1,26.565
1649954460000,333.1,333.4,333.1,333.3,13.648
1649954520000,333.3,333.5,333.2,333.4,17.017
1649954580000,333.4,333.4,333.2,333.3,15.339
1649954640000,333.4,333.6,333.3,333.6,12.287
1649954700000,333.6,333.7,333.3,333.5,16.677
1649954760000,333.5,333.6,333.5,333.6,5.167
1649954820000,333.6,333.6,333.4,333.5,4.786
1649954880000,333.4,333.5,333.1,333.2,45.354
1649954940000,333.3,333.3,332.9,332.9,26.855
1649955000000,333.1,333.3,332.8,333.2,16.923
1649955060000,333.2,333.3,333.1,333.3,13.25
1649955120000,333.4,333.5,333.4,333.5,4.199
1649955180000,333.5,333.7,333.5,333.5,27.39
1649955240000,333.5,333.6,333.5,333.6,16.337
1649955300000,333.6,334.3,333.5,334.2,79.322
1649955360000,334.3,334.6,334.2,334.4,99.792
1649955420000,334.4,334.5,334.1,334.5,8.722
1649955480000,334.5,334.9,334.5,334.8,56.49
1649955540000,334.8,335.3,334.7,335.3,21.496
1649955600000,335.3,335.3,334.6,335.0,77.353
1649955660000,335.0,335.2,335.0,335.2,31.652
1649955720000,335.2,335.3,334.9,335.1,36.459
1649955780000,335.1,335.3,335.0,335.3,56.455
1649955840000,335.2,335.2,335.0,335.1,15.094
1649955900000,335.1,335.4,335.0,335.2,120.016
1649955960000,335.2,335.2,334.9,335.1,34.955
1649956020000,335.1,335.3,334.9,335.3,21.08
1649956080000,335.3,335.4,335.0,335.1,29.071
1649956140000,335.2,335.2,335.1,335.2,17.57
1649956200000,335.2,335.2,335.1,335.2,49.318
1649956260000,335.1,335.2,335.1,335.2,17.106
1649956320000,335.2,335.2,334.8,334.9,56.618
1649956380000,334.8,334.9,334.5,334.5,59.38
1649956440000,334.4,334.6,334.2,334.2,23.186
1649956500000,334.4,334.4,333.8,333.8,73.193
1649956560000,333.8,334.0,333.4,333.6,87.224
1649956620000,333.8,334.1,333.6,333.8,35.403
1649956680000,333.8,334.6,333.7,334.4,176.508
1649956740000,334.3,334.4,334.1,334.2,77.385
1649956800000,334.1,334.3,334.1,334.2,32.498
1649956860000,334.1,334.3,334.1,334.2,21.106
1649956920000,334.1,334.4,334.1,334.3,28.364
1649956980000,334.4,334.5,334.3,334.5,30.327
1649957040000,334.4,334.5,334.1,334.3,35.477
1649957100000,334.4,334.7,334.3,334.7,57.791
1649957160000,334.8,335.0,334.8,335.0,19.376
1649957220000,334.9,334.9,334.5,334.8,31.422
1649957280000,334.7,334.8,334.6,334.8,17.245
1649957340000,334.7,335.0,334.6,335.0,95.914
1649957400000,335.0,335.1,334.9,334.9,11.486
1649957460000,334.9,335.0,334.9,335.0,3.793
1649957520000,335.0,335.4,335.0,335.4,23.755
1649957580000,335.4,335.5,335.3,335.5,31.022
1649957640000,335.4,337.7,335.4,337.4,244.544
1649957700000,337.4,337.8,337.0,337.4,179.222
1649957760000,337.3,337.4,336.6,336.8,81.991
1649957820000,336.8,337.2,336.8,336.9,27.502
1649957880000,336.8,336.8,336.7,336.8,13.389
1649957940000,336.8,336.8,336.4,336.6,132.817
1649958000000,336.6,336.7,336.2,336.7,89.229
1649958060000,336.6,336.7,336.5,336.7,13.053
1649958120000,336.6,336.8,336.6,336.7,9.56
1649958180000,336.7,336.8,336.5,336.7,24.77
1649958240000,336.6,336.6,336.2,336.3,12.188
1649958300000,336.3,336.3,336.0,336.0,16.195
1649958360000,336.0,336.2,335.8,335.8,32.3
1649958420000,335.8,336.0,335.8,336.0,4.129
1649958480000,336.0,336.3,336.0,336.3,3.053
1649958540000,336.3,336.3,336.0,336.3,9.636
1649958600000,336.3,336.3,336.1,336.2,25.211
1649958660000,336.1,336.2,336.0,336.2,23.544
1649958720000,336.2,336.5,336.2,336.4,21.632
1649958780000,336.3,336.5,335.9,336.4,192.492
1649958840000,336.3,336.4,336.3,336.4,3.386
1649958900000,336.4,336.4,336.2,336.3,16.854
1649958960000,336.4,336.4,336.3,336.3,15.465
1649959020000,336.4,336.5,336.4,336.5,11.818
1649959080000,336.5,336.8,336.4,336.8,10.341
1649959140000,336.8,336.9,336.7,336.9,61.33
1649959200000,336.9,337.1,336.7,337.0,50.108
1649959260000,337.0,337.0,336.7,336.8,21.513
1649959320000,336.8,337.1,336.8,337.1,29.064
1649959380000,337.1,337.2,337.1,337.2,2.244
1649959440000,337.3,337.9,337.3,337.8,175.482
1649959500000,337.8,337.8,337.5,337.6,19.812
1649959560000,337.6,337.6,337.4,337.5,19.022
1649959620000,337.6,337.6,337.5,337.6,51.689
1649959680000,337.6,337.7,337.5,337.6,104.658
1649959740000,337.6,337.7,337.6,337.6,32.503
1649959800000,337.6,337.7,337.5,337.7,21.55
1649959860000,337.7,337.8,337.6,337.8,3.179
1649959920000,337.9,337.9,337.7,337.7,12.762
1649959980000,337.6,337.9,337.6,337.8,8.93
1649960040000,337.8,337.8,337.6,337.7,1.47
1649960100000,337.8,337.9,337.6,337.9,19.917
1649960160000,337.9,338.0,337.9,337.9,48.105
1649960220000,338.0,338.1,337.9,338.0,122.156
1649960280000,338.0,338.0,337.8,337.9,52.477
1649960340000,337.8,337.9,337.5,337.7,42.938
1649960400000,337.6,337.6,337.2,337.2,35.489
1649960460000,337.3,337.4,337.2,337.4,10.172
1649960520000,337.4,337.5,337.1,337.2,58.111
1649960580000,337.3,337.4,336.9,337.1,59.16
1649960640000,337.0,337.1,336.9,337.0,17.888
1649960700000,337.0,337.1,336.8,337.0,22.834
1649960760000,337.0,337.1,337.0,337.1,9.121
1649960820000,337.1,337.1,336.6,336.7,48.86
1649960880000,336.7,336.9,336.3,336.4,208.288
1649960940000,336.4,336.7,336.3,336.7,113.247
1649961000000,336.6,336.9,336.5,336.9,57.624
1649961060000,336.8,336.8,336.5,336.6,38.364
1649961120000,336.5,336.5,336.0,336.0,33.752
1649961180000,335.9,336.0,335.8,336.0,11.26
1649961240000,335.9,335.9,335.1,335.3,181.428
1649961300000,335.2,335.2,335.0,335.0,31.822
1649961360000,335.0,335.0,334.8,335.0,56.184
1649961420000,335.0,335.0,334.8,334.8,2.137
1649961480000,334.9,334.9,334.8,334.9,10.312
1649961540000,335.0,335.2,335.0,335.0,23.65
1649961600000,335.0,335.1,335.0,335.0,13.486
1649961660000,334.9,335.0,334.8,334.8,18.241
1649961720000,334.9,335.1,334.9,335.1,1.08
1649961780000,335.0,335.1,335.0,335.1,2.416
1649961840000,335.0,335.1,335.0,335.0,1.786
1649961900000,335.0,335.4,335.0,335.4,27.484
1649961960000,335.4,335.4,335.1,335.2,7.127
1649962020000,335.2,335.2,335.2,335.2,0.057
1649962080000,335.2,335.2,335.1,335.1,10.739
1649962140000,335.2,335.4,335.2,335.3,13.941
1649962200000,335.2,335.5,335.2,335.4,11.159
1649962260000,335.4,335.5,335.3,335.3,1.172
1649962320000,335.3,335.3,335.2,335.2,2.814
1649962380000,335.1,335.2,334.9,334.9,19.732
1649962440000,334.8,334.8,333.4,333.4,149.074
1649962500000,333.5,333.7,333.1,333.1,74.281
1649962560000,333.1,333.5,333.1,333.3,18.704
1649962620000,333.4,333.5,332.8,333.0,50.792
1649962680000,332.9,333.1,332.8,333.0,9.471
1649962740000,333.0,333.0,332.8,332.8,42.027
1649962800000,332.8,333.2,332.8,333.2,39.784
1649962860000,333.2,333.6,332.8,332.9,423.993
1649962920000,333.0,333.4,333.0,333.4,27.653
1649962980000,333.5,333.5,333.2,333.5,47.615
1649963040000,333.4,334.0,333.4,333.8,25.362
1649963100000,333.7,334.0,333.6,334.0,106.044
1649963160000,333.9,334.4,333.9,334.4,79.004
1649963220000,334.4,334.4,334.1,334.2,11.817
1649963280000,334.1,334.1,333.8,333.9,30.261
1649963340000,333.8,333.8,333.7,333.7,5.35
1649963400000,333.5,333.7,333.5,333.7,6.166
1649963460000,333.7,333.7,333.7,333.7,4.648
1649963520000,333.8,334.0,333.8,333.8,11.903
1649963580000,333.7,333.7,333.6,333.6,9.976
1649963640000,333.5,333.5,333.5,333.5,0.299
1649963700000,333.8,333.8,333.7,333.8,5.04
1649963760000,333.8,334.3,333.8,334.3,5.913
1649963820000,334.4,334.6,334.4,334.4,24.292
1649963880000,334.4,334.4,334.0,334.3,81.757
1649963940000,334.2,334.3,334.2,334.3,4.645
1649964000000,334.3,334.5,334.3,334.4,5.628
1649964060000,334.4,334.4,334.2,334.3,12.243
1649964120000,334.3,334.7,334.3,334.7,15.121
1649964180000,334.6,334.6,334.5,334.5,7.359
1649964240000,334.4,334.5,334.3,334.3,10.619
1649964300000,334.4,334.5,334.3,334.3,3.442
1649964360000,334.3,334.4,334.3,334.4,1.818
1649964420000,334.4,334.5,334.4,334.5,0.184
1649964480000,334.6,334.8,334.6,334.8,4.282
1649964540000,334.8,334.8,334.5,334.5,8.63
1649964600000,334.4,334.4,334.1,334.3,13.084
1649964660000,334.3,334.3,334.3,334.3,0.0
1649964720000,334.4,334.5,334.4,334.5,3.443
1649964780000,334.6,334.7,334.5,334.6,4.234
1649964840000,334.7,334.7,334.5,334.5,8.608
1649964900000,334.4,334.7,334.3,334.7,9.864
1649964960000,334.7,334.9,334.7,334.9,1.016
1649965020000,334.8,334.8,334.4,334.6,16.76
1649965080000,334.5,334.5,334.3,334.4,6.489
1649965140000,334.5,334.6,334.5,334.6,32.24
1649965200000,334.6,334.6,334.6,334.6,0.41
1649965260000,334.7,334.7,334.7,334.7,0.138
1649965320000,334.7,334.8,334.7,334.8,6.676
1649965380000,334.7,334.7,334.6,334.6,0.107
1649965440000,334.9,335.0,334.9,334.9,8.454
1649965500000,334.9,335.0,334.9,335.0,1.021
1649965560000,334.9,335.0,334.9,334.9,1.351
1649965620000,334.9,334.9,334.7,334.8,5.919
1649965680000,334.8,334.9,334.8,334.9,1.807
1649965740000,334.8,334.9,334.8,334.9,3.359
1649965800000,334.8,334.9,334.6,334.8,54.732
1649965860000,334.8,334.8,334.6,334.7,76.156
1649965920000,334.7,335.1,334.7,335.1,57.075
1649965980000,335.3,335.5,335.3,335.4,4.623
1649966040000,335.3,335.3,335.1,335.2,32.513
1649966100000,335.3,335.6,335.1,335.1,51.13
1649966160000,335.1,335.2,335.1,335.2,22.296
1649966220000,335.1,335.1,335.1,335.1,16.736
1649966280000,335.0,335.1,334.9,334.9,13.543
1649966340000,335.0,335.1,334.8,335.1,15.815
1649966400000,334.9,335.0,334.8,334.9,8.6
1649966460000,334.9,335.0,334.8,334.8,0.349
1649966520000,334.8,334.8,334.5,334.5,33.432
1649966580000,334.5,334.5,334.1,334.2,30.682
1649966640000,334.2,334.5,334.2,334.3,13.131
1649966700000,334.4,334.4,334.2,334.2,7.988
1649966760000,334.3,334.4,334.3,334.3,2.561
1649966820000,334.4,335.0,334.4,334.7,106.765
1649966880000,334.6,334.6,334.2,334.2,26.216
1649966940000,334.1,334.2,334.0,334.2,32.291
1649967000000,334.3,334.3,334.2,334.3,0.929
1649967060000,334.1,334.1,333.9,333.9,9.007
1649967120000,333.8,333.9,333.7,333.7,1.836
1649967180000,333.7,333.8,333.2,333.2,53.112
1649967240000,333.2,333.6,333.1,333.5,89.772
1649967300000,333.5,333.7,333.5,333.7,8.77
1649967360000,333.8,333.9,333.8,333.9,1.536
1649967420000,333.8,333.9,333.5,333.5,6.738
1649967480000,333.6,333.6,333.4,333.4,14.06
1649967540000,333.3,333.6,333.3,333.6,5.142
1649967600000,333.6,333.8,333.6,333.8,9.773
1649967660000,333.8,333.8,333.6,333.7,9.596
1649967720000,333.7,333.7,333.7,333.7,0.911
1649967780000,333.8,333.9,333.7,333.7,8.027
1649967840000,333.8,333.8,333.8,333.8,1.789
1649967900000,333.7,333.9,333.7,333.9,11.8
1649967960000,334.0,334.1,334.0,334.1,31.419
1649968020000,334.1,334.2,334.1,334.2,2.908
1649968080000,334.2,334.2,334.1,334.1,1.326
1649968140000,334.2,334.2,334.2,334.2,3.861
1649968200000,334.2,334.6,334.2,334.6,5.773
1649968260000,334.6,334.7,334.4,334.4,39.711
1649968320000,334.3,334.3,334.3,334.3,0.092
1649968380000,334.3,334.5,334.3,334.4,8.628
1649968440000,334.7,334.8,334.7,334.8,32.848
1649968500000,334.7,334.8,334.6,334.7,19.684
1649968560000,334.8,335.6,334.8,335.3,70.979
1649968620000,335.1,335.8,335.1,335.7,34.462
1649968680000,335.5,335.5,335.2,335.5,26.116
1649968740000,335.5,336.2,335.5,336.1,215.81
1649968800000,336.1,336.1,335.8,336.0,55.126
1649968860000,336.0,336.0,335.6,335.8,88.139
1649968920000,335.8,335.8,335.8,335.8,10.843
1649968980000,335.7,335.8,335.7,335.8,13.009
1649969040000,335.9,335.9,335.6,335.7,36.434
1649969100000,335.6,335.7,335.3,335.6,16.174
1649969160000,335.5,335.5,335.2,335.2,19.654
1649969220000,335.2,335.2,335.1,335.1,4.872
1649969280000,335.0,335.0,334.8,334.9,40.069
1649969340000,335.0,335.3,335.0,335.3,6.938
1649969400000,335.2,335.4,335.1,335.4,11.053
1649969460000,335.4,335.4,335.4,335.4,0.0
1649969520000,335.3,335.4,335.3,335.3,23.58
1649969580000,335.4,335.4,335.4,335.4,0.032
1649969640000,335.4,335.6,335.4,335.4,10.101
1649969700000,335.5,335.6,335.4,335.6,9.972
1649969760000,335.6,335.6,335.5,335.5,5.624
1649969820000,335.7,335.8,335.7,335.8,3.257
1649969880000,335.9,336.0,335.8,335.8,8.513
1649969940000,335.9,335.9,335.9,335.9,0.981
1649970000000,335.9,336.7,335.9,336.7,99.82
1649970060000,336.7,337.0,336.7,336.9,44.159
1649970120000,337.0,337.0,336.6,336.7,31.488
1649970180000,336.7,336.7,336.4,336.4,9.919
1649970240000,336.3,336.5,336.0,336.3,35.03
1649970300000,336.3,336.6,336.3,336.5,1.172
1649970360000,336.5,336.7,336.5,336.7,2.059
1649970420000,336.7,336.7,336.3,336.3,9.561
1649970480000,336.3,336.3,336.1,336.1,7.335
1649970540000,336.2,336.5,336.2,336.5,8.495
1649970600000,336.4,336.4,336.2,336.3,8.848
1649970660000,336.3,336.4,336.3,336.4,6.053
1649970720000,336.4,336.4,336.3,336.3,2.731
1649970780000,336.4,336.4,336.4,336.4,0.3
1649970840000,336.4,336.5,336.4,336.4,6.539
1649970900000,336.3,336.6,336.3,336.5,6.187
1649970960000,336.5,336.5,336.5,336.5,1.071
1649971020000,336.6,336.6,336.6,336.6,3.257
1649971080000,336.6,336.8,336.6,336.8,49.493
1649971140000,336.8,336.8,336.8,336.8,0.0
1649971200000,336.7,337.1,336.7,337.1,24.585
1649971260000,337.1,337.1,336.8,336.8,14.102
1649971320000,336.8,337.1,336.8,337.1,46.227
1649971380000,337.2,337.2,337.1,337.1,4.577
1649971440000,337.1,337.2,337.0,337.2,7.707
1649971500000,337.1,337.2,337.1,337.2,3.52
1649971560000,337.2,337.2,337.2,337.2,0.059
1649971620000,337.1,337.1,337.1,337.1,0.475
1649971680000,337.1,337.3,337.0,337.1,17.544
1649971740000,337.0,337.0,337.0,337.0,0.032
1649971800000,337.0,337.1,336.9,337.1,9.031
1649971860000,337.1,337.6,337.1,337.6,122.372
1649971920000,337.6,337.8,337.6,337.8,16.966
1649971980000,337.8,337.8,337.6,337.7,14.215
1649972040000,337.8,337.9,337.7,337.9,2.544
1649972100000,337.9,338.0,337.7,337.8,9.083
1649972160000,337.8,337.8,337.6,337.7,85.177
1649972220000,337.7,337.7,337.5,337.5,1.447
1649972280000,337.5,337.6,337.4,337.6,30.705
1649972340000,337.7,337.7,337.6,337.7,0.735
1649972400000,337.6,337.7,337.6,337.7,13.014
1649972460000,337.7,337.8,337.7,337.7,16.184
1649972520000,337.7,337.7,337.5,337.5,15.64
1649972580000,337.4,337.5,337.4,337.5,25.743
1649972640000,337.4,337.4,337.2,337.3,5.895
1649972700000,337.3,337.4,337.1,337.4,13.812
1649972760000,337.2,337.3,337.2,337.3,4.346
1649972820000,337.2,337.2,337.0,337.0,8.508
1649972880000,336.9,337.0,336.9,336.9,0.909
1649972940000,336.9,336.9,336.9,336.9,4.505
1649973000000,336.9,337.0,336.8,337.0,15.607
1649973060000,337.0,337.0,336.8,336.8,0.235
1649973120000,336.9,337.0,336.9,337.0,4.054
1649973180000,337.0,337.1,336.9,337.1,6.064
1649973240000,337.1,337.2,337.1,337.2,3.812
1649973300000,337.2,337.2,337.0,337.0,48.728
1649973360000,337.0,337.0,337.0,337.0,17.885
1649973420000,337.2,337.3,337.2,337.3,5.285
1649973480000,337.2,337.2,337.0,337.0,34.26
1649973540000,337.1,337.1,337.1,337.1,2.327
1649973600000,337.0,337.3,336.9,336.9,40.192
1649973660000,336.9,337.0,336.9,337.0,35.098
1649973720000,337.1,337.3,337.1,337.3,10.892
1649973780000,337.2,337.2,337.2,337.2,5.481
1649973840000,337.3,337.3,337.3,337.3,9.228
1649973900000,337.2,337.4,337.2,337.2,2.321
1649973960000,337.2,337.2,337.2,337.2,0.0
1649974020000,337.3,337.5,337.2,337.5,30.96
1649974080000,337.4,337.4,337.4,337.4,4.801
1649974140000,337.3,337.6,337.3,337.5,4.256
1649974200000,337.4,337.6,337.4,337.6,13.663
1649974260000,337.6,337.6,337.6,337.6,0.0
1649974320000,337.6,337.6,337.6,337.6,3.043
1649974380000,337.6,337.7,337.6,337.6,7.087
1649974440000,337.7,337.9,337.7,337.9,3.716
1649974500000,337.8,337.9,337.7,337.9,2.972
1649974560000,337.9,337.9,337.9,337.9,1.466
1649974620000,337.9,337.9,337.7,337.7,4.867
1649974680000,337.8,337.8,337.7,337.7,1.924
1649974740000,337.7,337.7,337.4,337.5,55.601
1649974800000,337.5,337.7,337.5,337.6,2.603
1649974860000,337.7,337.8,337.4,337.6,18.18
1649974920000,337.5,337.7,337.5,337.6,1.751
1649974980000,337.7,337.8,337.7,337.8,0.996
1649975040000,337.8,337.8,337.7,337.7,6.644
1649975100000,337.7,337.9,337.7,337.7,5.356
1649975160000,337.8,337.9,337.7,337.8,56.899
1649975220000,337.9,337.9,337.8,337.8,4.259
1649975280000,337.8,337.8,337.6,337.7,53.207
1649975340000,337.6,337.9,337.6,337.9,15.383
1649975400000,337.8,338.1,337.8,337.9,11.313
1649975460000,337.9,338.1,337.9,338.1,8.755
1649975520000,338.0,338.0,337.9,338.0,25.049
1649975580000,338.1,338.1,338.1,338.1,0.209
1649975640000,338.1,339.3,338.1,338.9,140.977
1649975700000,339.0,339.5,338.9,339.0,91.657
1649975760000,339.0,339.0,337.9,337.9,79.962
1649975820000,337.9,338.0,337.4,337.4,34.771
1649975880000,337.3,337.3,337.1,337.3,19.586
1649975940000,337.3,337.4,337.2,337.3,9.158
1649976000000,337.3,337.3,337.0,337.0,9.475
1649976060000,337.0,337.4,337.0,337.4,18.085
1649976120000,337.5,338.0,337.3,337.3,113.841
1649976180000,337.3,337.4,337.3,337.3,21.409
1649976240000,337.2,337.2,336.8,336.8,40.104
1649976300000,336.8,337.2,336.8,337.2,33.813
1649976360000,337.3,337.4,337.2,337.2,11.584
1649976420000,337.3,337.4,337.3,337.3,4.066
1649976480000,337.3,337.5,337.2,337.5,7.846
1649976540000,337.4,337.4,337.3,337.4,9.304
1649976600000,337.4,337.5,337.4,337.5,2.401
1649976660000,337.5,337.5,337.4,337.5,10.136
1649976720000,337.4,337.5,337.4,337.4,11.338
1649976780000,337.3,337.4,337.3,337.3,3.997
1649976840000,337.3,337.3,337.2,337.2,12.714
1649976900000,337.1,337.2,337.0,337.1,11.71
1649976960000,337.0,337.0,336.9,336.9,3.709
1649977020000,336.8,337.1,336.7,336.9,63.322
1649977080000,337.0,337.0,337.0,337.0,3.854
1649977140000,337.0,337.0,336.9,337.0,7.718
1649977200000,337.0,337.2,336.8,336.9,81.721
1649977260000,336.9,336.9,336.3,336.5,18.785
1649977320000,336.4,336.8,336.4,336.7,6.605
1649977380000,336.8,337.1,336.7,337.1,5.651
1649977440000,337.1,337.1,336.9,336.9,14.26
1649977500000,336.8,337.3,336.8,337.3,41.629
1649977560000,337.3,337.4,337.2,337.3,11.15
1649977620000,337.2,337.3,337.1,337.1,5.052
1649977680000,337.1,337.2,336.9,337.2,40.667
1649977740000,337.2,337.3,337.2,337.3,0.962
1649977800000,337.3,337.3,337.1,337.2,25.195
1649977860000,337.2,337.3,337.1,337.1,22.496
1649977920000,337.1,337.1,337.0,337.1,1.212
1649977980000,337.1,337.3,337.1,337.3,6.254
1649978040000,337.4,337.4,337.2,337.4,23.218
1649978100000,337.4,337.5,337.3,337.3,4.133
1649978160000,337.4,337.6,337.4,337.4,51.892
1649978220000,337.4,337.5,337.3,337.5,9.793
1649978280000,337.5,337.5,337.4,337.5,1.445
1649978340000,337.5,337.7,337.4,337.7,2.697
1649978400000,337.6,337.8,337.6,337.8,12.366
1649978460000,337.8,337.8,337.4,337.4,17.44
1649978520000,337.6,337.6,337.5,337.6,5.826
1649978580000,337.5,337.5,337.3,337.3,19.451
1649978640000,337.4,337.4,337.3,337.3,5.359
1649978700000,337.3,337.3,337.1,337.3,39.227
1649978760000,337.3,337.5,337.3,337.5,5.927
1649978820000,337.4,337.8,337.4,337.7,39.153
1649978880000,337.7,338.1,337.7,337.9,38.248
1649978940000,337.9,338.0,337.9,337.9,1.523
1649979000000,337.8,338.0,337.8,338.0,4.636
1649979060000,338.0,338.0,337.5,337.8,11.293
1649979120000,337.8,337.8,337.8,337.8,2.994
1649979180000,337.8,337.9,337.8,337.9,8.89
1649979240000,337.9,338.1,337.9,338.1,3.279
1649979300000,338.0,338.4,338.0,338.4,24.947
1649979360000,338.4,338.5,338.4,338.4,3.105
1649979420000,338.5,338.6,338.5,338.6,9.019
1649979480000,338.6,338.7,338.6,338.7,20.198
1649979540000,338.6,338.9,338.6,338.9,29.398
1649979600000,338.8,338.8,338.2,338.2,139.329
1649979660000,338.1,338.3,338.1,338.3,9.416
1649979720000,338.3,338.4,338.3,338.4,1.545
1649979780000,338.4,338.4,338.4,338.4,0.0
1649979840000,338.4,338.5,338.4,338.4,8.403
1649979900000,338.4,338.4,338.3,338.3,4.743
1649979960000,338.4,338.6,338.4,338.6,13.066
1649980020000,338.7,338.7,338.6,338.6,0.105
1649980080000,338.5,338.5,338.4,338.4,3.815
1649980140000,338.3,338.3,338.1,338.2,15.472
1649980200000,338.1,338.2,337.6,337.6,23.233
1649980260000,337.6,337.7,337.6,337.6,19.699
1649980320000,337.6,337.7,337.5,337.5,13.594
1649980380000,337.5,337.5,337.3,337.3,20.389
1649980440000,337.4,337.5,337.4,337.5,6.589
1649980500000,337.4,337.5,337.4,337.5,1.655
1649980560000,337.5,337.5,337.5,337.5,0.0
1649980620000,337.5,337.5,337.5,337.5,2.723
1649980680000,337.5,337.7,337.5,337.7,8.709
1649980740000,337.6,337.6,337.6,337.6,0.045
1649980800000,337.6,337.7,337.4,337.5,19.284
1649980860000,337.7,337.8,337.7,337.8,1.759
1649980920000,337.9,338.2,337.9,338.1,81.219
1649980980000,338.2,338.6,338.1,338.1,74.093
1649981040000,338.1,338.1,338.0,338.0,36.926
1649981100000,338.0,338.0,337.8,337.9,2.4
1649981160000,337.8,338.2,337.8,338.2,42.787
1649981220000,338.2,338.5,338.2,338.4,19.007
1649981280000,338.4,338.6,338.3,338.6,53.445
1649981340000,338.6,338.6,338.4,338.4,10.633
1649981400000,338.4,338.5,338.4,338.4,26.597
1649981460000,338.5,338.5,338.5,338.5,2.533
1649981520000,338.5,338.6,338.2,338.3,7.017
1649981580000,338.2,338.2,337.9,337.9,19.708
1649981640000,338.0,338.0,338.0,338.0,7.442
1649981700000,337.9,337.9,337.6,337.8,49.183
1649981760000,337.9,337.9,337.8,337.8,4.588
1649981820000,337.8,337.8,337.7,337.7,3.753
1649981880000,337.8,337.9,337.8,337.8,13.57
1649981940000,337.8,338.0,337.8,338.0,20.97
1649982000000,337.9,338.3,337.9,338.3,35.898
1649982060000,338.5,338.9,338.5,338.6,87.492
1649982120000,338.7,338.8,338.7,338.8,0.164
1649982180000,338.8,338.9,338.6,338.9,42.936
1649982240000,338.9,339.7,338.6,339.7,168.952
1649982300000,339.7,339.8,339.3,339.4,35.396
1649982360000,339.3,339.5,339.3,339.5,18.139
1649982420000,339.5,339.5,339.3,339.3,6.516
1649982480000,339.3,339.5,339.3,339.5,4.44
1649982540000,339.5,339.5,339.5,339.5,0.136
1649982600000,339.4,339.5,339.3,339.5,4.184
1649982660000,339.5,339.5,339.3,339.3,11.51
1649982720000,339.3,339.4,339.0,339.1,71.459
1649982780000,339.1,339.1,338.8,338.9,10.905
1649982840000,338.9,338.9,338.2,338.2,59.158
1649982900000,338.2,338.6,338.2,338.6,17.306
1649982960000,338.6,338.7,338.6,338.7,2.505
1649983020000,338.7,338.9,338.7,338.7,6.502
1649983080000,338.7,338.7,338.1,338.1,7.049
1649983140000,337.9,337.9,337.2,337.2,80.028
1649983200000,337.2,337.2,336.5,336.6,53.212
1649983260000,336.6,336.7,336.3,336.4,9.573
1649983320000,336.3,336.4,335.7,336.1,59.26
1649983380000,336.0,336.5,336.0,336.4,14.671
1649983440000,336.4,336.5,336.4,336.5,2.726
1649983500000,336.3,336.4,334.7,334.8,158.294
1649983560000,334.8,335.7,334.6,335.7,152.43
1649983620000,335.7,335.7,335.3,335.7,24.019
1649983680000,335.7,336.5,335.7,336.3,46.24
1649983740000,336.3,336.4,336.3,336.3,4.109
1649983800000,336.3,336.5,336.3,336.5,7.541
1649983860000,336.5,336.6,336.3,336.5,10.991
1649983920000,336.5,336.5,336.4,336.4,6.71
1649983980000,336.4,336.6,336.4,336.6,3.037
1649984040000,336.6,336.6,336.5,336.6,8.304
1649984100000,336.6,336.6,336.1,336.4,50.424
1649984160000,336.4,336.4,336.0,336.4,80.078
1649984220000,336.4,336.4,336.1,336.1,13.829
1649984280000,336.1,336.2,336.1,336.1,9.832
1649984340000,336.1,336.2,336.0,336.2,13.033
1649984400000,336.1,336.2,335.9,336.1,9.821
1649984460000,336.0,336.1,335.7,335.8,24.467
1649984520000,335.8,335.9,335.8,335.9,6.992
1649984580000,335.9,336.2,335.9,336.2,10.978
1649984640000,336.2,336.2,336.0,336.0,6.236
1649984700000,336.0,336.5,335.9,336.4,112.478
1649984760000,336.4,336.4,335.9,336.1,87.962
1649984820000,336.0,336.2,336.0,336.2,5.458
1649984880000,336.2,336.3,336.1,336.3,9.027
1649984940000,336.3,336.3,336.0,336.1,7.468
1649985000000,336.1,336.3,336.0,336.3,15.931
1649985060000,336.3,336.3,336.1,336.2,5.243
1649985120000,336.2,336.3,336.2,336.3,3.785
1649985180000,336.3,337.0,336.3,336.6,334.52
1649985240000,336.6,336.7,336.4,336.5,7.862
1649985300000,336.5,336.5,336.2,336.3,17.112
1649985360000,336.3,336.5,336.2,336.5,12.554
1649985420000,336.5,336.7,336.5,336.7,8.12
1649985480000,336.7,336.7,336.5,336.7,43.86
1649985540000,336.8,336.8,336.7,336.7,6.722
1649985600000,336.7,336.9,336.6,336.9,14.044
1649985660000,336.9,337.1,336.8,337.1,15.508
1649985720000,337.2,337.2,336.6,336.8,45.969
1649985780000,336.9,336.9,336.6,336.7,12.258
1649985840000,336.7,337.1,336.7,337.1,19.432
1649985900000,337.1,337.1,336.9,337.1,12.444
1649985960000,337.1,337.1,337.0,337.0,9.809
1649986020000,337.0,337.0,336.8,336.9,12.193
1649986080000,336.9,337.2,336.9,337.1,32.154
1649986140000,337.1,337.3,337.0,337.1,23.352
1649986200000,337.1,337.1,336.7,337.0,25.204
1649986260000,337.1,337.1,336.5,336.6,32.525
1649986320000,336.6,336.6,336.4,336.4,10.968
1649986380000,336.4,336.6,336.4,336.6,5.731
1649986440000,336.6,336.6,336.1,336.1,61.997
1649986500000,336.1,336.2,336.1,336.2,8.825
1649986560000,336.2,336.2,336.0,336.0,10.659
1649986620000,336.0,336.1,335.8,335.9,11.165
1649986680000,335.9,336.0,335.9,335.9,7.916
1649986740000,335.9,336.1,335.8,336.1,28.307
1649986800000,336.1,336.4,336.1,336.4,19.576
1649986860000,336.4,336.5,336.2,336.3,19.931
1649986920000,336.4,336.4,336.4,336.4,5.794
1649986980000,336.4,336.6,336.4,336.6,4.009
1649987040000,336.6,336.8,336.6,336.8,8.085
1649987100000,336.8,336.8,336.5,336.6,14.794
1649987160000,336.6,336.9,336.6,336.9,30.162
1649987220000,336.9,337.0,336.7,336.8,42.627
1649987280000,336.8,337.0,336.8,337.0,6.251
1649987340000,337.0,337.1,337.0,337.1,19.823
1649987400000,337.1,337.2,337.0,337.1,20.79
1649987460000,337.1,337.2,337.1,337.2,2.927
1649987520000,337.2,337.4,337.2,337.4,3.741
1649987580000,337.4,337.6,337.4,337.5,27.822
1649987640000,337.5,337.6,337.5,337.6,7.456
1649987700000,337.6,337.8,337.5,337.8,3.824
1649987760000,337.8,337.9,337.8,337.9,12.177
1649987820000,337.9,338.0,337.8,337.9,45.117
1649987880000,337.9,337.9,337.7,337.8,12.408
1649987940000,337.8,337.9,337.8,337.9,39.379
1649988000000,337.8,337.9,337.2,337.3,26.474
1649988060000,337.3,337.5,337.3,337.5,19.224
1649988120000,337.5,337.6,337.4,337.5,43.784
1649988180000,337.6,337.6,337.3,337.4,10.634
1649988240000,337.4,337.4,337.2,337.2,15.823
1649988300000,337.1,337.4,337.0,337.4,8.117
1649988360000,337.4,337.4,337.3,337.3,3.456
1649988420000,337.4,337.5,337.2,337.3,31.41
1649988480000,337.3,337.3,336.9,337.0,51.062
1649988540000,337.0,337.0,337.0,337.0,10.027
1649988600000,337.0,337.0,336.9,337.0,31.669
1649988660000,337.1,337.2,337.1,337.2,9.96
1649988720000,337.2,337.2,337.1,337.2,6.156
1649988780000,337.2,337.2,336.9,337.0,33.294
1649988840000,337.0,337.1,337.0,337.1,14.25
1649988900000,337.1,337.4,337.0,337.4,14.185
1649988960000,337.3,337.3,337.1,337.1,8.554
1649989020000,337.1,337.1,336.7,337.1,45.199
1649989080000,337.2,337.2,337.1,337.1,14.027
1649989140000,337.1,337.3,337.1,337.3,24.35
1649989200000,337.2,337.4,337.2,337.4,3.223
1649989260000,337.4,337.7,337.4,337.7,47.832
1649989320000,337.7,338.0,337.7,338.0,51.478
1649989380000,337.9,337.9,337.8,337.8,5.224
1649989440000,337.8,337.8,337.5,337.6,26.251
1649989500000,337.5,337.7,337.5,337.7,1.882
1649989560000,337.7,337.7,337.6,337.7,5.963
1649989620000,337.7,337.7,337.6,337.7,7.937
1649989680000,337.7,337.7,337.7,337.7,2.799
1649989740000,337.7,337.7,337.6,337.6,2.998
1649989800000,337.6,337.8,337.5,337.8,14.011
1649989860000,337.8,337.8,337.5,337.5,8.168
1649989920000,337.5,337.5,337.1,337.5,51.545
1649989980000,337.5,337.6,337.5,337.6,1.322
1649990040000,337.6,337.6,337.5,337.6,8.463
1649990100000,337.5,337.6,337.5,337.6,2.316
1649990160000,337.6,337.6,337.6,337.6,3.133
1649990220000,337.6,337.6,337.3,337.3,9.328
1649990280000,337.4,337.6,337.4,337.6,10.571
1649990340000,337.8,338.2,337.8,338.2,17.899
1649990400000,338.2,338.3,338.2,338.3,0.969
1649990460000,338.3,338.4,338.2,338.4,40.439
1649990520000,338.5,338.7,338.4,338.6,17.292
1649990580000,338.7,339.2,338.7,339.1,154.236
1649990640000,339.1,339.1,338.8,339.0,37.44
1649990700000,339.0,339.8,339.0,339.4,121.457
1649990760000,339.3,339.4,339.3,339.3,9.964
1649990820000,339.3,339.3,339.0,339.1,17.92
1649990880000,339.2,339.4,339.2,339.3,6.83
1649990940000,339.4,339.7,339.3,339.7,37.122
1649991000000,339.7,339.8,339.2,339.4,115.14
1649991060000,339.5,339.5,339.4,339.4,1.29
1649991120000,339.4,339.4,339.3,339.3,17.469
1649991180000,339.3,339.4,339.1,339.2,6.756
1649991240000,339.2,339.2,339.1,339.2,0.847
1649991300000,339.2,339.4,339.1,339.4,5.157
1649991360000,339.4,339.5,339.3,339.5,8.184
1649991420000,339.4,339.6,339.4,339.6,5.416
1649991480000,339.6,339.6,339.1,339.1,3.821
1649991540000,339.1,339.4,339.1,339.4,28.155
1649991600000,339.3,339.6,339.3,339.5,13.221
1649991660000,339.4,339.7,339.4,339.7,15.447
1649991720000,339.6,339.8,339.6,339.8,4.684
1649991780000,339.8,339.9,339.8,339.8,1.106
1649991840000,339.8,341.1,339.8,340.8,375.438
1649991900000,340.8,340.8,340.3,340.4,41.831
1649991960000,340.5,340.8,340.5,340.7,16.522
1649992020000,340.7,341.0,340.7,340.8,15.663
1649992080000,340.9,341.2,340.9,341.2,14.588
1649992140000,341.2,341.7,341.2,341.6,58.141
1649992200000,341.6,342.5,341.6,342.3,71.612
1649992260000,342.3,342.3,341.9,342.0,39.317
1649992320000,342.0,342.1,342.0,342.1,6.256
1649992380000,342.1,342.3,341.9,341.9,22.518
1649992440000,342.0,342.1,341.9,342.0,13.512
1649992500000,341.8,342.2,341.8,341.8,33.674
1649992560000,342.0,342.0,341.8,341.9,23.739
1649992620000,342.0,342.2,341.8,341.9,33.097
1649992680000,342.1,342.8,342.1,342.7,29.894
1649992740000,342.7,343.3,342.7,343.2,79.941
1649992800000,343.2,343.5,342.6,342.6,67.737
1649992860000,342.6,342.7,341.5,341.5,84.798
1649992920000,341.5,341.6,341.0,341.2,29.953
1649992980000,341.0,341.2,340.8,340.8,44.076
1649993040000,340.8,340.8,340.3,340.3,170.723
1649993100000,340.5,342.5,340.5,341.4,288.151
1649993160000,341.4,341.7,341.1,341.2,43.299
1649993220000,341.2,341.3,341.1,341.3,10.822
1649993280000,341.3,341.8,341.0,341.1,74.05
1649993340000,341.1,341.3,341.1,341.3,3.421
1649993400000,341.3,341.7,341.3,341.6,17.662
1649993460000,341.6,341.9,341.6,341.8,17.088
1649993520000,341.9,342.2,341.8,341.8,13.545
1649993580000,341.8,342.0,341.5,341.5,30.737
1649993640000,341.5,341.5,341.2,341.2,14.73
1649993700000,341.2,341.7,341.2,341.6,11.273
1649993760000,341.7,342.0,341.6,341.9,37.645
1649993820000,341.9,343.4,341.9,342.4,195.489
1649993880000,342.4,342.8,342.4,342.4,19.251
1649993940000,342.4,343.0,342.4,343.0,29.016
1649994000000,343.0,344.0,343.0,343.9,99.11
1649994060000,343.9,345.2,342.4,342.7,742.202
1649994120000,342.6,343.7,342.6,343.2,137.916
1649994180000,343.2,343.9,343.2,343.8,75.571
1649994240000,343.8,344.5,343.8,344.2,62.545
1649994300000,344.2,344.4,343.4,344.2,222.367
1649994360000,344.3,345.0,344.2,344.7,83.234
1649994420000,344.7,345.1,344.1,344.1,109.695
1649994480000,344.1,344.3,343.9,344.1,35.237
1649994540000,344.1,344.1,343.7,344.1,138.48
1649994600000,344.1,344.2,343.9,344.0,42.657
1649994660000,344.0,344.2,343.9,343.9,7.798
1649994720000,343.9,344.0,343.8,343.9,5.678
1649994780000,343.9,344.0,343.9,343.9,6.764
1649994840000,343.9,344.0,343.5,344.0,147.393
1649994900000,343.8,343.9,343.5,343.5,17.028
1649994960000,343.6,343.7,343.6,343.7,5.866
1649995020000,343.8,344.0,343.8,344.0,7.726
1649995080000,344.1,344.4,344.1,344.3,32.955
1649995140000,344.3,344.4,344.1,344.1,5.92
1649995200000,344.1,344.5,344.1,344.4,10.537
1649995260000,344.6,344.8,344.6,344.6,7.398
1649995320000,344.5,344.5,344.0,344.0,31.164
1649995380000,344.1,344.4,344.0,344.3,32.477
1649995440000,344.3,344.4,344.2,344.2,8.249
1649995500000,344.0,344.2,344.0,344.2,6.914
1649995560000,344.3,344.3,344.2,344.3,5.448
1649995620000,344.3,344.4,343.9,344.0,34.394
1649995680000,344.1,344.1,344.0,344.0,5.833
1649995740000,344.1,344.1,344.1,344.1,5.002
1649995800000,344.0,344.0,343.8,343.8,6.479
1649995860000,344.0,344.1,344.0,344.1,8.962
1649995920000,344.2,344.5,344.2,344.5,4.933
1649995980000,344.4,344.4,344.4,344.4,0.546
1649996040000,344.3,344.3,343.9,344.0,22.777
1649996100000,343.9,343.9,343.5,343.8,49.904
1649996160000,343.7,343.8,343.7,343.7,2.754
1649996220000,343.8,343.9,343.4,343.9,52.329
1649996280000,344.0,344.2,343.9,344.2,30.194
1649996340000,344.2,344.2,344.2,344.2,0.392
1649996400000,344.2,344.3,344.1,344.3,2.57
1649996460000,344.3,344.3,344.1,344.3,10.891
1649996520000,344.3,344.3,344.3,344.3,6.0
1649996580000,344.4,344.4,344.3,344.3,2.771
1649996640000,344.3,344.4,344.3,344.4,5.853
1649996700000,344.3,344.3,343.7,344.1,31.468
1649996760000,344.1,344.1,344.1,344.1,0.22
1649996820000,343.8,343.8,343.3,343.4,24.677
1649996880000,343.4,343.7,343.4,343.5,10.922
1649996940000,343.4,343.4,343.0,343.1,4.473
1649997000000,343.1,343.2,342.7,342.8,7.555
1649997060000,342.7,342.9,342.7,342.8,52.073
1649997120000,342.8,343.2,342.8,343.2,28.027
1649997180000,343.2,343.2,343.2,343.2,0.816
1649997240000,343.1,343.1,342.9,342.9,9.007
1649997300000,342.9,343.0,342.8,342.8,4.09
1649997360000,342.7,342.8,342.7,342.8,14.007
1649997420000,342.9,343.0,342.9,342.9,0.377
1649997480000,343.0,343.0,342.9,342.9,9.83
1649997540000,342.9,343.4,342.9,343.2,5.455
1649997600000,343.2,343.2,343.1,343.1,4.085
1649997660000,343.1,343.1,343.1,343.1,6.146
1649997720000,343.1,343.1,343.1,343.1,0.043
1649997780000,343.1,343.2,343.1,343.2,0.14
1649997840000,343.0,343.0,343.0,343.0,0.708
1649997900000,343.0,343.0,342.9,342.9,1.127
1649997960000,342.9,342.9,342.6,342.6,9.954
1649998020000,342.6,342.7,342.6,342.7,6.95
1649998080000,342.6,342.7,342.6,342.7,10.83
1649998140000,342.6,342.6,342.5,342.5,1.551
1649998200000,342.4,342.6,342.3,342.3,15.014
1649998260000,342.3,342.4,341.7,341.7,44.05
1649998320000,341.7,341.8,341.6,341.6,15.459
1649998380000,341.7,341.8,341.6,341.6,6.631
1649998440000,341.7,341.8,341.7,341.8,0.94
1649998500000,341.7,342.0,341.5,341.5,26.004
1649998560000,341.5,341.7,341.3,341.5,33.44
1649998620000,341.5,341.6,341.5,341.5,14.158
1649998680000,341.7,341.8,341.7,341.7,0.233
1649998740000,341.8,342.2,341.8,342.2,57.138
1649998800000,342.0,342.3,341.9,342.1,19.357
1649998860000,342.1,342.6,342.1,342.6,11.058
1649998920000,342.7,343.1,342.7,343.0,12.316
1649998980000,343.0,343.0,342.7,342.7,33.631
1649999040000,342.9,342.9,342.6,342.8,1.093
1649999100000,342.9,342.9,342.8,342.8,1.051
1649999160000,342.7,342.7,342.6,342.6,0.962
1649999220000,342.7,342.9,342.7,342.9,5.352
1649999280000,342.8,342.8,342.6,342.8,4.242
1649999340000,342.6,342.7,342.6,342.7,1.872
1649999400000,342.7,342.9,342.7,342.8,21.093
1649999460000,342.7,342.7,342.3,342.6,9.356
1649999520000,342.7,342.7,342.6,342.6,0.87
1649999580000,342.6,342.6,342.0,342.1,26.683
1649999640000,342.0,342.1,341.8,341.8,7.569
1649999700000,341.7,341.8,341.5,341.5,1.459
1649999760000,341.6,341.7,341.3,341.3,11.066
1649999820000,341.4,341.6,341.3,341.3,2.197
1649999880000,341.4,341.6,341.4,341.6,15.554
1649999940000,341.6,341.7,341.5,341.5,1.112
1650000000000,341.4,341.7,341.4,341.7,8.691
1650000060000,341.6,341.9,341.6,341.8,4.147
1650000120000,341.9,341.9,341.8,341.8,3.37
1650000180000,341.8,342.0,341.8,342.0,7.05
1650000240000,341.8,342.0,341.8,341.8,70.758
1650000300000,341.8,342.1,341.8,342.1,17.829
1650000360000,342.1,342.1,342.0,342.0,3.384
1650000420000,342.0,342.0,342.0,342.0,16.444
1650000480000,342.1,342.4,342.1,342.3,34.283
1650000540000,342.2,342.2,342.2,342.2,1.397
1650000600000,342.2,342.3,342.1,342.1,8.627
1650000660000,342.1,342.3,342.1,342.3,4.993
1650000720000,342.3,342.5,342.2,342.5,4.537
1650000780000,342.5,342.5,342.4,342.4,0.768
1650000840000,342.5,342.6,342.5,342.6,7.148
1650000900000,342.6,343.0,342.5,343.0,12.899
1650000960000,343.0,343.0,342.8,342.8,18.693
1650001020000,342.9,342.9,342.6,342.6,58.179
1650001080000,342.8,342.8,342.7,342.7,1.248
1650001140000,342.7,343.0,342.7,342.8,34.056
1650001200000,342.9,343.2,342.9,343.2,77.438
1650001260000,343.1,343.1,342.9,343.0,7.048
1650001320000,343.0,343.2,343.0,343.0,1.549
1650001380000,343.0,343.4,342.9,343.3,61.72
1650001440000,343.2,343.3,342.8,343.0,94.377
1650001500000,342.9,343.0,342.8,342.9,4.274
1650001560000,342.8,342.8,342.6,342.6,1.122
1650001620000,342.7,342.7,342.4,342.5,3.006
1650001680000,342.4,343.3,342.4,343.2,224.827
1650001740000,343.2,343.4,343.2,343.4,7.563
1650001800000,343.3,343.4,343.0,343.0,36.599
1650001860000,343.0,343.4,343.0,343.4,8.972
1650001920000,343.4,343.6,343.4,343.5,50.103
1650001980000,343.5,343.6,343.5,343.5,5.635
1650002040000,343.5,343.9,343.5,343.7,12.139
1650002100000,343.7,343.7,343.4,343.4,7.093
1650002160000,343.5,343.5,343.2,343.4,51.327
1650002220000,343.3,343.3,343.2,343.3,7.331
1650002280000,343.3,343.3,342.8,342.8,20.117
1650002340000,342.8,343.1,342.8,343.0,17.86
1650002400000,343.0,343.2,343.0,343.2,5.968
1650002460000,343.1,343.2,342.9,342.9,2.239
1650002520000,342.9,342.9,342.8,342.8,2.866
1650002580000,342.8,342.8,342.6,342.6,10.392
1650002640000,342.6,342.6,342.1,342.1,28.798
1650002700000,342.1,342.2,342.0,342.0,12.45
1650002760000,342.0,342.3,342.0,342.2,29.775
1650002820000,342.2,342.2,342.2,342.2,0.0
1650002880000,342.3,342.3,342.2,342.2,1.479
1650002940000,342.2,342.4,342.2,342.4,3.757
1650003000000,342.4,342.5,342.4,342.5,1.621
1650003060000,342.5,342.5,342.5,342.5,12.989
1650003120000,342.4,342.4,342.2,342.2,11.704
1650003180000,342.2,342.2,342.2,342.2,0.0
1650003240000,342.2,342.2,342.2,342.2,0.429
1650003300000,342.1,342.2,342.1,342.1,11.839
1650003360000,342.2,342.4,342.1,342.4,19.077
1650003420000,342.4,342.4,342.4,342.4,0.202
1650003480000,342.4,342.5,342.1,342.1,66.002
1650003540000,342.2,342.2,342.1,342.2,8.512
1650003600000,342.1,342.2,342.1,342.2,0.658
1650003660000,342.2,342.2,342.1,342.2,5.168
1650003720000,342.1,342.1,342.0,342.1,9.74
1650003780000,342.1,342.2,342.1,342.2,15.204
1650003840000,342.1,342.1,342.0,342.0,4.829
1650003900000,342.0,342.1,342.0,342.1,1.104
1650003960000,341.9,341.9,341.8,341.8,2.219
1650004020000,341.8,341.9,341.4,341.6,21.569
1650004080000,341.7,341.7,341.6,341.6,1.901
1650004140000,341.5,341.5,341.5,341.5,3.608
1650004200000,341.4,341.7,341.4,341.6,4.784
1650004260000,341.5,341.5,341.3,341.3,11.767
1650004320000,341.4,341.4,340.7,340.9,115.331
1650004380000,340.9,341.0,340.7,340.9,110.112
1650004440000,340.8,340.9,340.6,340.7,8.581
1650004500000,340.7,340.7,340.6,340.6,2.868
1650004560000,340.6,340.7,340.6,340.7,43.767
1650004620000,340.7,340.7,340.1,340.1,28.949
1650004680000,340.2,340.2,339.1,339.6,84.127
1650004740000,339.6,339.7,339.3,339.3,16.71
1650004800000,339.3,339.9,339.3,339.6,21.393
1650004860000,339.8,339.9,339.5,339.5,5.393
1650004920000,339.6,339.7,339.6,339.6,15.134
1650004980000,339.7,339.9,339.6,339.6,20.889
1650005040000,339.6,339.6,339.6,339.6,7.837
1650005100000,339.5,339.6,339.1,339.2,42.879
1650005160000,339.2,339.3,339.1,339.1,3.427
1650005220000,339.1,339.1,338.7,338.7,125.078
1650005280000,338.6,339.0,338.4,338.8,21.342
1650005340000,338.9,339.3,338.9,339.3,37.313
1650005400000,339.2,339.4,339.1,339.2,6.864
1650005460000,339.3,339.4,339.3,339.4,3.451
1650005520000,339.4,339.6,339.3,339.3,9.721
1650005580000,339.3,339.3,339.3,339.3,0.294
1650005640000,339.3,339.3,339.3,339.3,0.294
1650005700000,339.3,339.4,339.3,339.3,2.817
1650005760000,339.3,339.4,339.3,339.3,1.783
1650005820000,339.3,339.3,339.0,339.1,25.677
1650005880000,339.1,339.2,339.1,339.2,0.917
1650005940000,339.1,339.2,339.1,339.1,3.525
1650006000000,339.1,339.3,338.9,339.2,32.462
1650006060000,339.2,339.2,338.9,338.9,14.853
1650006120000,338.9,339.1,338.9,338.9,32.606
1650006180000,338.9,338.9,338.1,338.2,104.092
1650006240000,338.2,338.5,338.2,338.3,54.622
1650006300000,338.4,338.8,338.4,338.8,38.442
1650006360000,338.8,338.9,338.8,338.9,1.72
1650006420000,338.9,338.9,338.5,338.5,19.552
1650006480000,338.5,338.6,338.4,338.5,9.543
1650006540000,338.5,338.5,338.2,338.5,20.791
1650006600000,338.5,338.6,338.5,338.6,1.142
1650006660000,338.5,338.5,338.0,338.1,13.863
1650006720000,338.0,338.1,337.9,337.9,13.105
1650006780000,337.9,337.9,337.7,337.7,4.709
1650006840000,337.7,337.7,337.7,337.7,6.901
1650006900000,337.7,338.0,337.7,337.8,11.282
1650006960000,337.7,337.8,337.7,337.7,5.691
1650007020000,337.8,338.1,337.8,338.1,10.101
1650007080000,338.0,338.2,338.0,338.0,34.618
1650007140000,338.0,338.0,337.9,337.9,15.292
1650007200000,337.9,337.9,337.1,337.2,26.339
1650007260000,337.2,338.0,337.1,337.7,25.303
1650007320000,337.7,337.7,337.1,337.4,92.811
1650007380000,337.3,337.4,336.8,336.8,99.906
1650007440000,336.8,336.9,336.7,336.8,41.111
1650007500000,336.8,336.9,336.7,336.8,62.459
1650007560000,336.9,337.0,336.8,337.0,19.147
1650007620000,336.9,336.9,336.6,336.8,66.232
1650007680000,336.6,336.6,336.1,336.1,129.985
1650007740000,336.1,336.4,336.1,336.3,12.051
1650007800000,336.2,336.3,336.0,336.3,12.369
1650007860000,336.4,336.6,336.1,336.2,98.414
1650007920000,336.2,336.2,336.2,336.2,23.552
1650007980000,336.2,336.4,336.2,336.2,14.947
1650008040000,336.2,336.8,336.2,336.8,151.992
1650008100000,336.7,338.2,336.7,338.2,54.083
1650008160000,338.2,338.5,338.0,338.1,71.774
1650008220000,338.1,338.1,337.9,338.0,3.848
1650008280000,338.2,338.2,338.0,338.0,3.736
1650008340000,338.1,338.2,338.1,338.2,12.31
1650008400000,338.3,338.3,338.1,338.1,11.966
1650008460000,338.2,338.3,338.2,338.3,5.185
1650008520000,338.4,338.5,338.4,338.5,3.488
1650008580000,338.6,338.7,338.5,338.7,1.07
1650008640000,338.6,338.6,338.4,338.6,55.866
1650008700000,338.4,338.7,338.4,338.5,24.649
1650008760000,338.4,338.6,338.4,338.5,10.75
1650008820000,338.7,339.4,338.7,339.3,66.397
1650008880000,339.3,339.3,339.3,339.3,0.0
1650008940000,339.2,339.5,339.2,339.4,12.285
1650009000000,339.4,340.1,339.4,339.6,88.213
1650009060000,339.6,340.0,339.3,340.0,80.732
1650009120000,340.0,341.2,340.0,341.0,293.261
1650009180000,340.8,341.2,340.4,341.1,105.041
1650009240000,341.3,341.4,340.9,341.0,39.476
1650009300000,340.9,340.9,340.7,340.8,39.391
1650009360000,340.8,341.0,340.7,340.8,49.8
1650009420000,340.7,340.7,340.5,340.5,11.282
1650009480000,340.2,340.5,339.7,340.0,89.11
1650009540000,340.0,340.5,339.9,340.4,91.494
1650009600000,340.4,340.5,339.8,340.1,54.356
1650009660000,340.1,340.1,340.0,340.0,53.066
1650009720000,340.1,340.4,340.1,340.3,56.254
1650009780000,340.3,340.4,340.2,340.4,9.984
1650009840000,340.5,340.8,340.5,340.8,51.522
1650009900000,340.8,340.8,340.5,340.5,4.886
1650009960000,340.5,340.5,340.4,340.4,2.816
1650010020000,340.4,340.4,340.4,340.4,0.0
1650010080000,340.4,340.4,340.4,340.4,0.0
1650010140000,340.6,340.6,340.6,340.6,0.157
1650010200000,340.6,341.0,340.6,340.9,77.371
1650010260000,340.8,340.8,340.6,340.8,14.317
1650010320000,340.7,340.7,340.6,340.7,26.98
1650010380000,340.7,340.8,340.7,340.8,4.629
1650010440000,340.8,341.0,340.8,341.0,13.398
1650010500000,340.9,341.7,340.8,340.8,172.366
1650010560000,340.7,340.8,340.0,340.1,145.835
1650010620000,340.0,340.2,339.8,339.8,39.078
1650010680000,339.8,339.9,339.3,339.6,207.431
1650010740000,339.3,339.5,338.8,339.0,602.867
1650010800000,339.0,339.4,339.0,339.4,44.852
1650010860000,339.3,339.4,339.1,339.4,20.868
1650010920000,339.3,339.5,339.3,339.5,2.862
1650010980000,339.4,339.5,339.1,339.1,34.645
1650011040000,339.1,339.3,338.8,338.8,49.371
1650011100000,338.6,338.6,338.1,338.4,78.163
1650011160000,338.4,338.4,338.3,338.3,3.558
1650011220000,338.4,338.8,338.4,338.7,86.771
1650011280000,338.5,338.5,338.2,338.3,16.047
1650011340000,338.3,338.3,338.1,338.1,9.094
1650011400000,338.1,338.4,337.9,338.3,56.802
1650011460000,338.2,338.3,338.0,338.0,3.115
1650011520000,337.9,337.9,337.7,337.9,61.502
1650011580000,337.8,338.0,337.8,337.8,36.09
1650011640000,337.8,338.0,337.8,338.0,6.277
1650011700000,338.0,338.4,338.0,338.3,23.589
1650011760000,338.4,338.4,338.3,338.4,4.863
1650011820000,338.3,338.3,338.1,338.3,36.954
1650011880000,338.3,338.3,338.0,338.0,12.102
1650011940000,338.0,338.0,337.9,337.9,1.548
1650012000000,337.9,338.4,337.9,338.4,26.688
1650012060000,338.3,338.3,338.1,338.1,12.457
1650012120000,338.1,338.1,337.9,338.0,20.204
1650012180000,337.9,338.2,337.9,338.2,1.273
1650012240000,338.1,338.1,338.1,338.1,0.035
1650012300000,338.0,338.1,337.9,338.1,20.066
1650012360000,338.1,338.1,338.0,338.0,34.749
1650012420000,338.2,338.3,338.2,338.3,2.41
1650012480000,338.2,338.2,338.0,338.0,43.309
1650012540000,338.1,338.1,338.1,338.1,0.616
1650012600000,338.0,338.2,338.0,338.1,11.077
1650012660000,338.1,338.1,338.0,338.0,0.596
1650012720000,338.0,338.0,337.8,337.8,4.208
1650012780000,337.8,337.8,337.6,337.6,6.521
1650012840000,337.6,337.7,337.6,337.7,19.218
1650012900000,337.7,338.0,337.7,338.0,52.049
1650012960000,338.0,338.4,338.0,338.4,46.045
1650013020000,338.4,338.7,338.2,338.2,53.59
1650013080000,338.3,338.3,338.2,338.2,2.293
1650013140000,338.1,338.2,338.1,338.2,2.788
1650013200000,338.2,338.4,338.2,338.3,44.553
1650013260000,338.3,338.3,338.3,338.3,0.0
1650013320000,338.3,338.3,338.1,338.1,6.165
1650013380000,338.2,338.2,338.2,338.2,0.304
1650013440000,338.2,338.3,338.0,338.0,5.98
1650013500000,338.1,338.1,337.8,337.8,1.495
1650013560000,337.9,337.9,337.8,337.8,7.668
1650013620000,337.7,337.7,337.4,337.4,99.308
1650013680000,337.5,337.5,337.5,337.5,13.001
1650013740000,337.5,337.7,337.5,337.5,5.698
1650013800000,337.5,337.6,337.5,337.6,51.459
1650013860000,337.5,337.7,337.5,337.7,65.009
1650013920000,337.7,337.8,337.6,337.8,2.794
1650013980000,337.8,338.0,337.8,338.0,84.87
1650014040000,337.9,338.3,337.8,338.2,36.712
1650014100000,338.1,338.4,338.1,338.1,17.725
1650014160000,338.0,338.0,337.8,337.9,5.592
1650014220000,337.7,337.7,337.6,337.7,5.781
1650014280000,337.6,337.7,337.6,337.7,0.653
1650014340000,337.7,337.8,337.7,337.7,12.035
1650014400000,337.6,337.7,337.5,337.7,8.96
1650014460000,337.7,337.7,337.5,337.5,16.502
1650014520000,337.4,337.5,337.2,337.2,11.546
1650014580000,337.3,337.3,336.8,336.9,170.722
1650014640000,336.9,337.1,336.8,336.9,45.142
1650014700000,336.8,336.9,336.7,336.7,4.9
1650014760000,336.8,337.1,336.8,337.1,9.159
1650014820000,337.1,337.2,337.1,337.1,5.14
1650014880000,337.1,337.1,336.8,336.8,43.785
1650014940000,336.8,336.8,336.8,336.8,1.876
1650015000000,336.8,336.8,336.6,336.6,3.629
1650015060000,336.7,336.7,336.3,336.3,13.439
1650015120000,336.3,336.4,336.3,336.4,42.38
1650015180000,336.4,336.4,336.1,336.3,66.634
1650015240000,336.2,336.2,335.7,335.8,61.377
1650015300000,335.9,336.3,335.9,336.3,35.98
1650015360000,336.3,336.5,336.3,336.4,7.562
1650015420000,336.4,336.5,336.1,336.5,31.813
1650015480000,336.5,336.5,336.4,336.4,1.482
1650015540000,336.3,336.3,336.2,336.3,5.939
1650015600000,336.3,336.4,336.3,336.4,1.88
1650015660000,336.3,336.3,335.9,335.9,6.632
1650015720000,335.9,336.1,335.6,336.1,53.25
1650015780000,336.0,336.0,336.0,336.0,0.247
1650015840000,336.0,336.0,335.9,336.0,4.312
1650015900000,336.1,336.2,335.9,335.9,38.146
1650015960000,335.8,335.8,335.3,335.6,30.673
1650016020000,335.5,335.7,335.3,335.7,12.826
1650016080000,335.8,336.2,335.8,336.2,14.735
1650016140000,336.2,336.7,336.2,336.7,22.82
1650016200000,336.7,336.7,336.4,336.7,41.754
1650016260000,336.7,336.8,336.7,336.8,16.135
1650016320000,336.8,336.8,336.6,336.8,11.39
1650016380000,336.7,336.7,336.3,336.6,55.733
1650016440000,336.6,336.6,336.5,336.5,5.127
1650016500000,336.3,336.3,336.1,336.2,16.86
1650016560000,336.1,336.2,336.0,336.0,0.918
1650016620000,335.9,336.0,335.9,336.0,11.008
1650016680000,336.0,336.0,336.0,336.0,0.263
1650016740000,335.9,335.9,335.7,335.7,35.849
1650016800000,335.8,336.1,335.8,335.9,110.21
1650016860000,336.0,336.0,335.7,335.7,7.115
1650016920000,335.6,335.6,335.4,335.6,19.926
1650016980000,335.5,335.7,335.5,335.7,3.99
1650017040000,335.7,335.7,335.7,335.7,0.147
1650017100000,335.7,335.7,334.8,335.3,1313.58
1650017160000,335.4,335.5,335.0,335.5,100.084
1650017220000,335.7,335.7,335.6,335.7,2.231
1650017280000,335.7,335.7,335.6,335.6,4.514
1650017340000,335.7,335.7,335.6,335.6,6.264
1650017400000,335.6,335.7,335.5,335.7,5.423
1650017460000,335.5,335.6,335.5,335.6,2.919
1650017520000,335.5,335.8,335.5,335.5,34.346
1650017580000,335.5,335.5,335.1,335.1,15.761
1650017640000,335.2,335.4,335.1,335.2,9.989
1650017700000,335.2,335.3,335.1,335.1,1.807
1650017760000,335.0,335.0,334.5,334.6,45.66
1650017820000,334.5,334.7,334.5,334.6,6.037
1650017880000,334.6,334.8,334.4,334.4,96.904
1650017940000,334.6,335.1,334.6,334.6,123.079
1650018000000,334.6,334.7,334.6,334.6,1.411
1650018060000,334.5,334.5,333.8,334.2,141.605
1650018120000,334.2,334.3,334.1,334.2,8.05
1650018180000,334.3,334.4,334.3,334.4,0.959
1650018240000,334.3,334.5,334.3,334.5,6.641
1650018300000,334.4,334.6,334.4,334.5,6.103
1650018360000,334.5,335.3,334.5,335.3,28.282
1650018420000,335.4,336.0,335.2,335.6,301.051
1650018480000,335.6,335.7,335.2,335.2,15.106
1650018540000,335.3,335.7,335.3,335.6,19.912
1650018600000,335.8,335.9,335.6,335.6,40.627
1650018660000,335.6,335.6,335.2,335.2,20.244
1650018720000,335.2,335.2,335.0,335.0,7.36
1650018780000,335.0,335.0,335.0,335.0,0.0
1650018840000,335.1,335.1,334.9,335.0,5.71
1650018900000,335.0,335.1,335.0,335.0,12.287
1650018960000,335.3,335.3,335.1,335.1,4.55
1650019020000,335.1,335.2,334.9,335.2,28.139
1650019080000,335.2,335.9,335.1,335.8,19.506
1650019140000,335.7,335.7,335.5,335.7,14.376
1650019200000,335.6,335.8,335.4,335.8,18.247
1650019260000,335.8,336.1,335.8,336.0,35.151
1650019320000,336.0,336.3,336.0,336.2,8.11
1650019380000,336.2,336.4,336.2,336.3,27.42
1650019440000,336.3,336.3,336.3,336.3,0.0
1650019500000,336.1,336.4,336.1,336.3,36.157
1650019560000,336.4,336.5,336.4,336.5,2.4
1650019620000,336.4,336.9,336.4,336.9,42.955
1650019680000,336.8,337.3,336.8,337.2,80.695
1650019740000,337.1,337.1,336.7,336.7,25.778
1650019800000,336.7,336.7,336.5,336.6,34.761
1650019860000,336.5,336.6,336.5,336.6,2.015
1650019920000,336.6,336.6,336.6,336.6,4.367
1650019980000,336.6,336.8,336.6,336.8,14.971
1650020040000,336.7,336.7,336.6,336.7,24.987
1650020100000,336.7,336.7,336.4,336.4,23.349
1650020160000,336.4,336.5,336.4,336.5,1.663
1650020220000,336.5,336.5,336.5,336.5,23.023
1650020280000,336.5,336.5,336.2,336.2,105.603
1650020340000,336.2,336.2,336.2,336.2,7.699
1650020400000,336.1,336.2,336.1,336.2,12.337
1650020460000,336.3,336.5,336.3,336.4,12.884
1650020520000,336.4,336.4,336.4,336.4,0.215
1650020580000,336.3,336.3,336.3,336.3,19.083
1650020640000,336.3,336.6,336.3,336.6,13.114
1650020700000,336.5,336.6,336.4,336.6,4.48
1650020760000,336.6,336.6,336.6,336.6,0.775
1650020820000,336.6,336.6,336.5,336.5,9.209
1650020880000,336.4,336.5,336.3,336.3,5.962
1650020940000,336.3,336.5,336.3,336.4,8.831
1650021000000,336.4,336.5,336.3,336.3,8.99
1650021060000,336.3,336.4,336.3,336.4,1.424
1650021120000,336.4,336.5,336.4,336.5,0.167
1650021180000,336.6,337.3,336.6,337.2,26.497
1650021240000,337.2,337.2,336.8,336.8,61.508
1650021300000,336.8,336.9,336.8,336.9,8.157
1650021360000,336.8,336.9,336.6,336.6,144.684
1650021420000,336.7,336.8,336.7,336.8,10.118
1650021480000,336.8,337.0,336.8,337.0,4.398
1650021540000,337.0,337.1,336.6,336.6,20.571
1650021600000,336.5,336.5,336.2,336.2,20.002
1650021660000,336.3,336.5,336.3,336.5,2.148
1650021720000,336.5,336.6,336.4,336.4,40.445
1650021780000,336.4,336.4,336.4,336.4,0.618
1650021840000,336.3,336.3,336.2,336.2,1.6
1650021900000,336.2,336.3,336.1,336.2,29.96
1650021960000,336.1,336.2,336.0,336.1,4.374
1650022020000,336.1,336.1,336.1,336.1,0.208
1650022080000,336.2,336.2,336.1,336.1,8.313
1650022140000,336.1,336.1,335.9,335.9,12.89
1650022200000,335.9,335.9,335.0,335.2,177.642
1650022260000,335.4,335.5,335.3,335.5,32.704
1650022320000,335.4,335.5,335.4,335.5,15.467
1650022380000,335.6,335.7,335.4,335.7,43.259
1650022440000,335.7,335.8,335.7,335.7,6.424
1650022500000,335.7,335.8,335.6,335.6,5.371
1650022560000,335.7,335.9,335.7,335.9,21.777
1650022620000,336.0,336.0,335.9,335.9,0.917
1650022680000,336.0,336.0,335.4,335.4,116.693
1650022740000,335.7,335.7,335.0,335.1,288.079
1650022800000,335.1,335.1,334.9,335.0,116.531
1650022860000,335.1,335.4,335.1,335.4,21.856
1650022920000,335.4,335.4,335.4,335.4,4.248
1650022980000,335.4,335.5,335.3,335.5,6.94
1650023040000,335.5,335.5,335.3,335.3,2.302
1650023100000,335.3,335.4,335.1,335.1,10.194
1650023160000,335.1,335.3,335.1,335.2,62.4
1650023220000,335.3,335.4,335.3,335.4,38.674
1650023280000,335.5,335.9,335.5,335.8,209.826
1650023340000,335.8,335.8,335.5,335.7,25.611
1650023400000,335.7,336.0,335.7,336.0,8.943
1650023460000,335.9,336.0,335.7,335.7,8.932
1650023520000,336.0,336.0,336.0,336.0,0.455
1650023580000,336.0,336.2,336.0,336.1,11.406
1650023640000,336.2,336.2,336.0,336.0,6.486
1650023700000,335.9,336.0,335.9,336.0,36.855
1650023760000,335.9,335.9,335.7,335.7,45.594
1650023820000,335.8,336.0,335.8,336.0,1.508
1650023880000,335.9,335.9,335.8,335.9,0.93
1650023940000,335.9,336.0,335.8,336.0,8.544
1650024000000,335.9,336.5,335.9,336.5,166.461
1650024060000,336.5,336.6,336.3,336.3,20.695
1650024120000,336.3,336.3,336.1,336.1,6.335
1650024180000,336.1,336.4,336.1,336.3,34.853
1650024240000,336.3,336.5,336.3,336.4,13.548
1650024300000,336.3,336.7,336.3,336.6,13.556
1650024360000,336.6,336.9,336.6,336.8,22.174
1650024420000,336.9,337.2,336.9,337.0,31.763
1650024480000,337.1,337.3,337.1,337.3,14.13
1650024540000,337.2,337.2,336.7,336.7,61.028
1650024600000,336.7,336.7,336.4,336.4,53.029
1650024660000,336.4,336.4,336.3,336.3,3.782
1650024720000,336.4,336.6,336.4,336.5,25.489
1650024780000,336.4,336.8,336.3,336.8,7.9
1650024840000,336.8,336.8,336.8,336.8,1.096
1650024900000,336.7,336.7,336.6,336.6,2.552
1650024960000,336.7,336.8,336.7,336.7,11.36
1650025020000,336.8,337.1,336.8,337.0,14.09
1650025080000,336.9,336.9,336.9,336.9,1.515
1650025140000,336.9,337.1,336.9,337.1,12.714
1650025200000,337.1,337.4,337.0,337.3,27.927
1650025260000,337.3,337.9,337.3,337.8,38.285
1650025320000,337.8,337.8,337.2,337.3,160.665
1650025380000,337.4,337.7,337.4,337.7,20.311
1650025440000,337.7,337.7,337.2,337.2,40.862
1650025500000,337.1,337.3,337.1,337.3,11.111
1650025560000,337.3,337.3,337.0,337.0,6.37
1650025620000,337.1,337.1,336.9,336.9,1.69
1650025680000,336.8,337.1,336.6,336.9,53.486
1650025740000,336.9,336.9,336.6,336.6,8.673
1650025800000,336.5,336.5,336.4,336.5,8.225
1650025860000,336.6,336.8,336.6,336.8,9.548
1650025920000,336.7,336.7,336.5,336.5,48.505
1650025980000,336.5,336.5,336.3,336.3,10.122
1650026040000,336.4,336.4,336.3,336.4,10.336
1650026100000,336.3,336.3,336.2,336.2,2.157
1650026160000,336.2,336.2,335.8,335.9,16.644
1650026220000,336.0,336.1,335.9,335.9,3.878
1650026280000,336.0,336.0,335.7,335.7,0.289
1650026340000,335.9,336.2,335.9,336.1,31.522
1650026400000,336.1,336.1,336.0,336.1,0.47
1650026460000,336.1,336.1,336.1,336.1,0.967
1650026520000,336.0,336.3,336.0,336.3,44.864
1650026580000,336.4,336.7,336.4,336.7,52.138
1650026640000,336.7,336.7,336.6,336.7,48.712
1650026700000,336.6,336.7,336.6,336.6,3.076
1650026760000,336.5,336.5,336.3,336.4,2.271
1650026820000,336.3,336.3,336.1,336.1,10.89
1650026880000,336.1,336.1,335.7,335.8,25.049
1650026940000,335.8,336.3,335.8,336.2,45.668
1650027000000,336.2,336.3,336.2,336.3,6.144
1650027060000,336.3,336.3,335.8,335.9,2.811
1650027120000,335.8,335.8,335.4,335.4,34.973
1650027180000,335.5,335.6,335.4,335.6,17.807
1650027240000,335.6,335.7,335.6,335.7,33.306
1650027300000,335.6,335.8,335.6,335.7,1.148
1650027360000,335.6,335.7,335.6,335.7,2.281
1650027420000,335.8,335.8,335.7,335.7,0.584
1650027480000,335.7,335.7,335.7,335.7,1.422
1650027540000,335.7,335.9,335.7,335.9,4.706
1650027600000,336.0,336.3,336.0,336.2,6.032
1650027660000,336.0,336.2,335.8,335.8,6.912
1650027720000,335.8,335.8,335.8,335.8,1.566
1650027780000,335.7,335.7,335.1,335.1,11.514
1650027840000,335.3,335.5,335.3,335.4,3.809
1650027900000,335.2,335.3,335.2,335.2,1.665
1650027960000,335.2,335.3,335.2,335.3,1.105
1650028020000,335.2,335.2,334.7,334.7,20.625
1650028080000,334.7,334.8,334.5,334.6,33.045
1650028140000,334.5,334.8,334.5,334.5,8.009
1650028200000,334.5,334.6,334.4,334.6,1.632
1650028260000,334.5,334.9,334.5,334.8,3.748
1650028320000,334.8,334.8,334.5,334.5,2.86
1650028380000,334.5,334.8,334.5,334.8,6.973
1650028440000,334.8,334.9,334.6,334.6,4.312
1650028500000,334.6,335.1,334.6,334.7,39.727
1650028560000,334.5,335.2,334.5,335.2,18.273
1650028620000,335.2,335.3,335.0,335.1,8.349
1650028680000,335.0,335.2,335.0,335.2,23.239
1650028740000,335.1,335.5,335.1,335.1,12.86
1650028800000,335.1,335.4,335.1,335.4,8.08
1650028860000,335.4,336.0,335.4,335.9,46.475
1650028920000,336.0,336.0,336.0,336.0,5.09
1650028980000,336.1,336.2,336.1,336.1,2.18
1650029040000,336.0,336.0,336.0,336.0,1.123
1650029100000,336.0,336.0,336.0,336.0,1.078
1650029160000,336.1,336.1,335.8,335.8,4.185
1650029220000,336.0,336.0,335.7,335.8,6.706
1650029280000,335.8,335.8,335.7,335.7,3.258
1650029340000,335.7,335.7,335.7,335.7,0.173
1650029400000,335.7,336.0,335.7,336.0,17.159
1650029460000,336.0,336.0,335.9,335.9,2.302
1650029520000,336.0,336.0,335.7,336.0,13.768
1650029580000,335.9,336.0,335.9,335.9,3.801
1650029640000,335.9,336.1,335.9,336.0,1.836
1650029700000,336.0,336.2,336.0,336.0,8.025
1650029760000,335.9,335.9,335.3,335.4,22.687
1650029820000,335.3,335.3,334.9,335.0,10.742
1650029880000,335.1,335.1,335.0,335.1,1.881
1650029940000,335.2,335.4,335.2,335.3,7.702
1650030000000,335.3,335.3,335.1,335.2,11.13
1650030060000,335.2,335.4,335.1,335.4,8.648
1650030120000,335.4,335.4,335.1,335.1,47.086
1650030180000,335.2,335.7,335.2,335.7,26.463
1650030240000,335.7,335.7,335.4,335.4,5.871
1650030300000,335.4,335.7,335.4,335.5,3.809
1650030360000,335.5,335.5,335.4,335.5,21.417
1650030420000,335.5,335.5,334.6,334.7,31.653
1650030480000,334.7,334.7,334.2,334.3,23.041
1650030540000,334.5,334.5,333.8,334.1,109.903
1650030600000,334.0,334.2,333.4,333.4,65.312
1650030660000,333.4,333.8,333.3,333.6,86.245
1650030720000,333.8,334.1,333.6,333.6,42.157
1650030780000,333.7,334.0,333.6,333.8,14.32
1650030840000,333.8,333.8,333.6,333.6,5.121
1650030900000,333.6,333.7,333.4,333.4,74.906
1650030960000,333.4,333.9,333.2,333.9,29.996
1650031020000,333.8,335.6,333.8,334.8,713.669
1650031080000,334.8,334.8,334.7,334.7,16.125
1650031140000,334.6,334.9,334.6,334.9,8.753
1650031200000,334.9,335.2,334.9,335.1,7.355
1650031260000,335.0,335.0,334.6,334.8,54.689
1650031320000,334.9,335.4,334.9,335.4,20.845
1650031380000,335.5,335.6,335.4,335.5,20.023
1650031440000,335.3,335.3,335.3,335.3,0.569
1650031500000,335.3,335.9,335.3,335.8,14.368
1650031560000,335.9,336.0,335.9,336.0,28.576
1650031620000,336.0,336.1,336.0,336.1,61.89
1650031680000,336.1,336.4,336.1,336.4,16.469
1650031740000,336.3,336.4,336.2,336.3,8.468
1650031800000,336.3,336.4,336.3,336.4,0.793
1650031860000,336.3,336.3,335.7,335.7,13.711
1650031920000,335.8,336.0,335.8,335.9,23.475
1650031980000,335.9,336.1,335.8,336.1,17.59
1650032040000,336.1,336.1,335.6,335.6,20.865
1650032100000,335.7,336.0,335.7,336.0,1.061
1650032160000,335.9,336.2,335.8,336.1,22.42
1650032220000,336.2,336.3,336.1,336.3,14.879
1650032280000,336.1,336.1,335.9,335.9,10.397
1650032340000,336.2,336.3,336.2,336.3,9.765
1650032400000,336.2,336.9,336.2,336.8,39.772
1650032460000,336.8,336.8,336.4,336.4,17.872
1650032520000,336.4,336.4,336.3,336.3,1.075
1650032580000,336.2,336.2,335.7,335.7,18.607
1650032640000,335.7,335.7,335.4,335.4,22.774
1650032700000,335.4,335.6,335.3,335.5,6.332
1650032760000,335.6,335.9,335.6,335.8,17.943
1650032820000,335.8,335.8,334.9,335.0,99.172
1650032880000,335.0,335.4,335.0,335.4,12.469
1650032940000,335.2,335.2,335.1,335.1,8.214
1650033000000,335.2,335.4,335.1,335.3,12.191
1650033060000,335.4,336.1,335.3,336.1,49.604
1650033120000,336.1,336.3,335.9,335.9,12.891
1650033180000,335.8,335.9,335.7,335.7,5.923
1650033240000,335.7,335.9,335.7,335.8,5.432
1650033300000,335.9,336.0,335.8,335.8,10.096
1650033360000,335.8,335.8,335.5,335.6,16.382
1650033420000,335.5,335.5,335.5,335.5,3.851
1650033480000,335.5,335.8,335.4,335.8,22.368
1650033540000,335.8,335.8,335.6,335.7,4.42
1650033600000,335.6,335.7,335.4,335.4,22.62
1650033660000,335.4,335.5,335.4,335.4,10.147
1650033720000,335.4,335.5,335.4,335.4,1.553
1650033780000,335.4,336.0,335.4,335.7,97.068
1650033840000,335.7,336.1,335.7,335.7,46.49
1650033900000,335.6,335.8,335.6,335.8,9.178
1650033960000,335.6,336.7,335.6,336.7,63.638
1650034020000,336.8,337.8,336.8,337.7,301.537
1650034080000,337.7,339.6,337.5,339.6,271.264
1650034140000,339.5,340.5,339.2,340.5,172.756
1650034200000,340.4,341.8,340.2,340.7,387.497
1650034260000,340.7,340.8,339.6,339.6,121.402
1650034320000,339.7,340.5,339.6,340.4,83.179
1650034380000,340.5,340.6,339.9,340.0,16.146
1650034440000,340.1,340.1,339.6,339.6,66.59
1650034500000,339.7,340.2,339.3,339.4,67.357
1650034560000,339.3,339.3,338.6,338.7,68.786
1650034620000,338.7,339.3,338.7,339.3,20.321
1650034680000,339.2,339.2,338.8,338.8,15.738
1650034740000,338.8,338.9,338.7,338.7,5.535
1650034800000,338.8,339.4,338.8,339.4,108.267
1650034860000,339.4,339.4,338.0,338.0,30.616
1650034920000,338.0,338.8,338.0,338.7,35.819
1650034980000,338.7,339.3,338.7,339.2,11.74
1650035040000,339.1,339.4,339.1,339.1,5.881
1650035100000,339.0,339.9,339.0,339.6,24.619
1650035160000,339.5,339.6,339.4,339.4,38.734
1650035220000,339.4,339.7,339.4,339.7,10.01
1650035280000,339.8,339.9,339.3,339.4,47.225
1650035340000,339.4,339.4,339.2,339.2,5.096
1650035400000,339.3,339.3,339.2,339.2,0.618
1650035460000,339.3,339.3,338.8,339.3,23.536
1650035520000,339.3,339.6,339.1,339.1,60.89
1650035580000,339.1,339.1,338.7,338.8,28.931
1650035640000,338.9,339.1,338.8,339.0,41.669
1650035700000,338.8,339.0,338.6,338.8,45.206
1650035760000,338.8,338.8,338.3,338.4,108.057
1650035820000,338.5,338.6,338.2,338.3,9.049
1650035880000,338.4,339.1,338.4,339.0,42.841
1650035940000,339.2,339.2,338.6,338.8,53.947
1650036000000,338.8,339.6,338.8,339.6,40.157
1650036060000,339.7,339.8,339.6,339.8,8.8
1650036120000,339.8,339.9,339.8,339.8,9.362
1650036180000,339.8,339.8,339.7,339.8,3.201
1650036240000,339.8,340.3,339.8,340.3,117.789
1650036300000,340.3,340.9,340.2,340.3,102.909
1650036360000,340.3,340.4,340.0,340.4,46.554
1650036420000,340.4,340.7,340.3,340.7,3.856
1650036480000,340.6,340.7,340.4,340.4,4.611
1650036540000,340.4,340.5,340.2,340.2,24.062
1650036600000,340.3,340.4,340.2,340.3,1.662
1650036660000,340.2,340.2,340.0,340.0,41.427
1650036720000,340.0,340.2,340.0,340.2,17.18
1650036780000,340.1,340.2,340.0,340.0,2.943
1650036840000,339.9,340.0,339.9,340.0,14.433
1650036900000,339.8,339.9,339.8,339.8,4.835
1650036960000,339.7,339.7,339.6,339.6,11.759
1650037020000,339.6,339.7,339.5,339.6,58.715
1650037080000,339.5,339.7,339.5,339.6,11.451
1650037140000,339.5,339.8,339.5,339.8,10.284
1650037200000,339.7,339.8,339.6,339.7,10.85
1650037260000,339.8,339.8,339.8,339.8,0.03
1650037320000,339.8,340.1,339.8,340.1,24.254
1650037380000,340.2,340.2,340.2,340.2,1.497
1650037440000,340.1,340.4,340.1,340.4,8.711
1650037500000,340.3,340.4,340.1,340.2,1.35
1650037560000,340.2,340.3,340.2,340.3,13.225
1650037620000,340.2,340.4,340.2,340.4,3.315
1650037680000,340.3,340.3,340.3,340.3,5.199
1650037740000,340.2,340.3,340.2,340.3,11.293
1650037800000,340.3,340.3,339.7,339.8,60.41
1650037860000,339.8,339.8,339.6,339.7,21.484
1650037920000,339.6,340.0,339.6,339.9,14.95
1650037980000,340.0,340.1,339.8,340.1,8.073
1650038040000,340.0,340.0,339.9,340.0,7.005
1650038100000,340.0,340.2,339.9,340.0,10.482
1650038160000,339.9,340.9,339.8,340.7,510.331
1650038220000,340.6,340.8,340.6,340.6,11.602
1650038280000,340.6,340.7,340.5,340.6,11.308
1650038340000,340.7,341.4,340.7,341.2,87.491
1650038400000,341.4,341.5,340.9,340.9,41.954
1650038460000,341.1,341.3,341.1,341.1,24.877
1650038520000,341.1,344.8,341.1,344.4,783.991
1650038580000,344.7,344.7,342.1,342.2,191.95
1650038640000,342.1,342.1,341.4,341.6,86.96
1650038700000,341.6,341.9,341.6,341.7,19.696
1650038760000,341.5,341.5,341.3,341.3,5.575
1650038820000,341.5,341.8,341.5,341.6,11.524
1650038880000,341.7,341.7,341.2,341.2,15.058
1650038940000,341.2,341.2,340.8,341.1,21.191
1650039000000,341.0,341.1,340.8,340.8,19.817
1650039060000,340.7,340.7,340.0,340.2,137.43
1650039120000,340.2,340.2,340.1,340.1,3.875
1650039180000,340.1,340.2,340.1,340.2,17.714
1650039240000,340.2,340.4,340.2,340.4,47.456
1650039300000,340.3,340.3,340.1,340.1,7.48
1650039360000,340.0,340.0,339.7,339.9,9.052
1650039420000,339.8,340.1,339.8,340.1,8.045
1650039480000,340.3,340.3,340.1,340.1,5.805
1650039540000,340.2,340.2,340.1,340.1,9.881
1650039600000,340.1,340.1,339.9,340.1,62.435
1650039660000,340.1,340.2,340.0,340.0,10.206
1650039720000,340.0,340.0,339.6,339.6,195.227
1650039780000,339.7,339.8,339.4,339.4,40.724
1650039840000,339.6,339.9,339.6,339.7,6.14
1650039900000,339.7,340.1,339.6,340.1,13.709
1650039960000,340.1,340.8,340.1,340.8,39.227
1650040020000,340.9,341.1,340.6,340.7,36.834
1650040080000,340.6,340.8,340.5,340.7,10.652
1650040140000,340.7,341.0,340.6,341.0,18.785
1650040200000,340.8,340.9,340.5,340.9,6.558
1650040260000,340.9,341.1,340.8,341.1,48.064
1650040320000,341.1,341.5,341.1,341.4,22.956
1650040380000,341.5,341.5,341.2,341.4,16.363
1650040440000,341.4,341.4,341.2,341.2,7.946
1650040500000,341.2,341.5,341.0,341.5,8.598
1650040560000,341.4,341.6,341.1,341.3,30.842
1650040620000,341.2,341.4,341.1,341.3,2.998
1650040680000,341.6,341.6,341.5,341.5,6.034
1650040740000,341.5,341.7,341.5,341.7,5.958
1650040800000,341.6,341.8,341.4,341.6,55.263
1650040860000,341.6,341.6,341.4,341.6,3.437
1650040920000,341.6,341.6,341.3,341.3,2.345
1650040980000,341.4,341.6,341.4,341.4,3.982
1650041040000,341.4,341.4,341.1,341.1,15.365
1650041100000,341.0,341.3,340.9,341.3,4.136
1650041160000,341.3,341.6,341.2,341.6,28.72
1650041220000,341.6,341.6,341.5,341.5,6.412
1650041280000,341.6,341.7,341.6,341.7,0.42
1650041340000,341.5,341.6,341.5,341.5,10.016
1650041400000,341.5,342.1,341.5,342.1,44.811
1650041460000,342.0,342.0,341.6,341.6,30.859
1650041520000,341.6,341.6,341.4,341.5,5.264
1650041580000,341.5,341.8,341.5,341.6,22.877
1650041640000,341.8,341.8,341.8,341.8,0.622
1650041700000,341.7,341.8,341.4,341.4,15.74
1650041760000,341.5,341.6,341.4,341.5,2.874
1650041820000,341.5,341.5,341.4,341.4,7.93
1650041880000,341.4,341.4,341.3,341.3,12.136
1650041940000,341.2,341.3,341.2,341.3,10.935
1650042000000,341.3,341.6,341.3,341.4,19.271
1650042060000,341.3,341.5,341.2,341.5,1.221
1650042120000,341.4,341.6,341.4,341.6,22.408
1650042180000,341.5,341.8,341.5,341.8,65.288
1650042240000,341.8,342.5,341.8,342.3,76.626
1650042300000,342.2,342.3,342.2,342.3,12.344
1650042360000,342.4,343.0,342.4,342.8,128.112
1650042420000,342.8,342.9,342.8,342.8,4.307
1650042480000,342.8,343.0,342.8,342.8,23.94
1650042540000,342.8,342.8,342.8,342.8,14.551
1650042600000,342.7,342.7,342.4,342.4,4.315
1650042660000,342.5,342.6,342.5,342.6,5.066
1650042720000,342.5,342.5,342.5,342.5,0.672
1650042780000,342.5,342.5,342.4,342.5,1.546
1650042840000,342.4,342.4,341.8,342.1,39.034
1650042900000,342.1,342.1,341.9,341.9,2.18
1650042960000,341.8,342.0,341.8,341.9,6.812
1650043020000,342.0,342.0,341.8,341.8,24.876
1650043080000,341.9,342.0,341.7,341.7,10.625
1650043140000,341.7,341.8,341.7,341.7,6.427
1650043200000,341.7,341.7,341.5,341.5,2.569
1650043260000,341.6,341.8,341.5,341.8,26.057
1650043320000,342.0,342.0,341.7,341.8,27.138
1650043380000,341.8,341.8,341.1,341.2,55.305
1650043440000,341.2,341.2,341.0,341.1,12.639
1650043500000,341.0,341.1,340.9,340.9,4.343
1650043560000,340.9,341.1,340.9,341.1,7.714
1650043620000,341.1,341.1,340.9,341.0,12.815
1650043680000,341.0,341.0,340.5,340.6,48.059
1650043740000,340.6,340.9,340.1,340.2,60.098
1650043800000,340.1,340.4,340.0,340.1,128.664
1650043860000,340.0,340.0,339.5,339.7,136.568
1650043920000,339.7,340.0,339.6,339.6,13.165
1650043980000,339.6,339.7,339.3,339.5,70.789
1650044040000,339.4,339.5,339.3,339.3,23.801
1650044100000,339.2,339.2,338.3,338.4,106.9
1650044160000,338.5,338.8,338.3,338.3,26.929
1650044220000,338.5,339.2,338.4,339.2,70.756
1650044280000,339.2,339.2,339.0,339.0,16.275
1650044340000,339.0,339.0,338.9,339.0,13.175
1650044400000,338.9,339.1,338.8,338.9,23.62
1650044460000,338.9,339.6,338.9,339.3,180.549
1650044520000,339.3,339.3,338.9,339.0,8.906
1650044580000,339.0,339.2,339.0,339.2,9.483
1650044640000,339.1,339.2,339.0,339.1,19.482
1650044700000,339.2,339.2,338.9,339.1,23.408
1650044760000,339.1,339.2,339.1,339.1,2.729
1650044820000,339.1,339.1,339.0,339.0,5.015
1650044880000,339.1,339.7,339.0,339.6,20.854
1650044940000,339.8,339.9,339.4,339.4,44.724
1650045000000,339.4,339.6,339.4,339.5,9.052
1650045060000,339.6,339.7,339.6,339.7,5.358
1650045120000,339.6,339.6,339.3,339.4,17.847
1650045180000,339.4,339.5,339.3,339.3,4.172
1650045240000,339.4,339.5,339.3,339.4,6.163
1650045300000,339.3,339.3,339.1,339.3,32.51
1650045360000,339.2,339.3,339.1,339.2,15.955
1650045420000,339.2,339.5,339.2,339.5,32.248
1650045480000,339.5,339.5,339.4,339.4,4.245
1650045540000,339.4,339.4,339.4,339.4,8.453
1650045600000,339.3,339.4,339.3,339.4,0.574
1650045660000,339.3,339.3,339.1,339.3,62.737
1650045720000,339.3,339.5,339.3,339.5,20.626
1650045780000,339.4,339.4,339.2,339.2,6.222
1650045840000,339.1,339.3,339.0,339.3,17.728
1650045900000,339.2,339.4,339.2,339.4,4.245
1650045960000,339.3,339.3,339.3,339.3,0.583
1650046020000,339.4,339.4,338.7,338.8,75.391
1650046080000,338.8,339.0,338.8,338.9,10.72
1650046140000,338.9,339.0,338.8,339.0,25.904
1650046200000,338.9,338.9,338.8,338.8,2.062
1650046260000,338.8,338.8,338.8,338.8,0.0
1650046320000,339.1,339.3,339.1,339.3,8.918
1650046380000,339.3,339.3,339.1,339.1,2.845
1650046440000,339.2,339.2,339.2,339.2,10.29
1650046500000,339.2,339.2,339.2,339.2,0.349
1650046560000,339.2,339.2,339.2,339.2,6.527
1650046620000,339.2,339.2,339.0,339.1,13.484
1650046680000,339.0,339.0,338.6,338.8,20.738
1650046740000,338.9,338.9,338.7,338.9,34.171
1650046800000,338.7,338.7,338.6,338.6,3.506
1650046860000,338.6,338.8,338.6,338.8,7.396
1650046920000,338.8,338.8,338.7,338.7,12.255
1650046980000,338.6,338.7,338.5,338.7,1.249
1650047040000,338.5,338.6,338.5,338.5,1.414
1650047100000,338.5,338.6,338.5,338.6,6.034
1650047160000,338.6,338.9,338.6,338.9,34.325
1650047220000,338.8,338.9,338.7,338.9,1.022
1650047280000,338.8,338.8,338.7,338.7,6.34
1650047340000,338.7,338.8,338.7,338.8,0.896
1650047400000,338.7,338.8,338.7,338.8,0.293
1650047460000,338.8,338.9,338.8,338.8,3.113
1650047520000,338.8,338.9,338.8,338.9,3.166
1650047580000,338.8,338.8,338.6,338.6,51.173
1650047640000,338.7,338.9,338.7,338.8,10.566
1650047700000,338.8,338.8,338.7,338.7,0.605
1650047760000,338.8,338.9,338.6,338.7,26.249
1650047820000,338.7,338.7,338.7,338.7,0.0
1650047880000,338.6,338.8,338.6,338.8,16.911
1650047940000,338.7,338.9,338.7,338.8,24.262
1650048000000,338.8,338.8,338.5,338.6,3.15
1650048060000,338.5,338.5,338.2,338.3,11.538
1650048120000,338.4,338.7,338.4,338.6,6.063
1650048180000,338.6,338.6,338.2,338.3,30.424
1650048240000,338.3,338.3,338.1,338.2,7.271
1650048300000,338.2,338.4,338.2,338.3,2.297
1650048360000,338.3,338.4,338.3,338.4,4.563
1650048420000,338.5,338.6,338.5,338.6,1.159
1650048480000,338.6,338.6,338.6,338.6,0.636
1650048540000,338.4,338.5,338.4,338.4,1.075
1650048600000,338.3,338.3,338.2,338.3,2.906
1650048660000,338.2,338.4,338.2,338.4,10.113
1650048720000,338.4,338.4,338.3,338.3,0.109
1650048780000,338.4,338.4,338.3,338.3,1.993
1650048840000,338.3,338.4,338.2,338.3,5.994
1650048900000,338.3,338.3,338.3,338.3,0.102
1650048960000,338.3,338.3,338.0,338.1,31.834
1650049020000,338.2,338.3,338.1,338.1,4.547
1650049080000,338.1,338.1,338.0,338.1,5.624
1650049140000,338.2,338.2,337.9,338.0,17.713
1650049200000,338.0,338.0,338.0,338.0,8.562
1650049260000,338.0,338.1,338.0,338.1,6.725
1650049320000,338.0,338.0,337.9,337.9,2.189
1650049380000,337.9,337.9,337.8,337.9,8.973
1650049440000,337.9,338.1,337.9,338.0,14.492
1650049500000,338.0,338.0,337.7,337.9,12.818
1650049560000,337.7,337.7,337.7,337.7,1.974
1650049620000,337.6,337.6,337.6,337.6,0.032
1650049680000,337.7,337.7,337.2,337.3,15.576
1650049740000,337.4,337.6,337.4,337.6,45.274
1650049800000,337.4,337.5,337.4,337.5,0.424
1650049860000,337.5,337.5,336.5,336.6,377.931
1650049920000,336.7,336.9,336.6,336.7,20.71
1650049980000,336.7,336.8,336.6,336.6,15.116
1650050040000,336.7,337.2,336.7,337.1,57.944
1650050100000,337.1,337.2,336.9,336.9,26.857
1650050160000,337.0,337.0,337.0,337.0,1.721
1650050220000,337.0,337.0,336.7,336.8,23.786
1650050280000,336.7,336.7,336.6,336.7,7.744
1650050340000,336.6,336.7,336.5,336.7,21.952
1650050400000,336.6,336.7,336.5,336.5,3.422
1650050460000,336.6,336.8,336.6,336.7,29.788
1650050520000,336.7,336.8,336.6,336.6,6.98
1650050580000,336.6,336.7,336.4,336.7,7.926
1650050640000,336.7,336.7,336.7,336.7,1.221
1650050700000,336.5,336.5,336.5,336.5,0.413
1650050760000,336.5,336.6,336.5,336.6,1.56
1650050820000,336.7,336.7,336.6,336.7,16.098
1650050880000,336.7,336.7,336.7,336.7,0.0
1650050940000,336.7,336.7,336.7,336.7,1.914
1650051000000,336.6,336.6,336.5,336.5,5.454
1650051060000,336.4,336.4,336.2,336.3,28.909
1650051120000,336.3,336.3,336.2,336.2,29.942
1650051180000,336.2,336.4,336.2,336.4,27.105
1650051240000,336.4,336.7,336.4,336.5,14.605
1650051300000,336.5,336.5,336.5,336.5,0.642
1650051360000,336.4,336.5,336.3,336.4,18.476
1650051420000,336.4,336.4,336.4,336.4,0.0
1650051480000,336.6,336.6,336.5,336.5,30.379
1650051540000,336.6,336.6,336.6,336.6,1.195
1650051600000,336.5,336.5,336.5,336.5,1.446
1650051660000,336.5,336.5,336.5,336.5,1.373
1650051720000,336.6,336.6,336.5,336.6,11.15
1650051780000,336.5,336.5,336.3,336.4,7.28
1650051840000,336.4,336.4,336.4,336.4,2.278
1650051900000,336.4,336.5,336.4,336.5,0.752
1650051960000,336.5,336.8,336.5,336.8,34.051
1650052020000,337.0,337.0,336.8,336.8,7.912
1650052080000,336.9,337.2,336.9,337.2,5.637
1650052140000,337.3,337.5,337.2,337.3,30.703
1650052200000,337.3,337.4,337.1,337.2,9.616
1650052260000,337.1,337.1,337.0,337.0,43.617
1650052320000,337.0,337.0,336.8,336.8,30.267
1650052380000,336.8,336.8,336.8,336.8,0.0
1650052440000,337.0,337.0,337.0,337.0,0.226
1650052500000,336.9,337.0,336.9,336.9,7.741
1650052560000,337.0,337.1,337.0,337.1,9.105
1650052620000,337.1,337.1,336.7,336.7,28.685
1650052680000,336.8,336.8,336.4,336.4,21.78
1650052740000,336.5,336.5,336.5,336.5,0.859
1650052800000,336.3,336.4,335.6,336.4,67.983
1650052860000,336.5,336.9,336.4,336.7,26.084
1650052920000,336.6,336.9,336.5,336.9,14.653
1650052980000,336.8,336.9,336.6,336.8,10.731
1650053040000,336.8,336.8,336.6,336.7,7.61
1650053100000,336.7,336.8,336.7,336.7,11.288
1650053160000,336.7,336.9,336.6,336.9,12.568
1650053220000,336.9,336.9,336.4,336.5,70.817
1650053280000,336.7,336.7,336.3,336.4,14.53
1650053340000,336.4,336.5,336.3,336.3,8.593
1650053400000,336.5,336.5,336.0,336.2,19.099
1650053460000,336.1,336.2,336.0,336.2,18.592
1650053520000,336.1,336.2,335.9,335.9,12.66
1650053580000,336.0,336.1,336.0,336.0,25.869
1650053640000,336.1,336.1,336.0,336.0,20.75
1650053700000,336.0,336.0,335.9,335.9,20.167
1650053760000,335.8,335.9,335.7,335.7,8.881
1650053820000,335.8,335.8,335.5,335.5,26.647
1650053880000,335.5,335.5,334.9,335.1,69.241
1650053940000,335.1,335.5,335.1,335.5,30.901
1650054000000,335.6,335.6,335.2,335.2,16.83
1650054060000,335.2,335.3,335.0,335.0,10.92
1650054120000,335.0,335.0,334.8,334.9,20.636
1650054180000,334.9,335.2,334.9,335.0,13.826
1650054240000,334.9,335.0,334.7,334.7,11.259
1650054300000,334.8,335.0,334.7,334.8,17.03
1650054360000,334.8,334.8,334.6,334.6,11.697
1650054420000,334.7,334.9,334.6,334.8,48.593
1650054480000,334.8,335.0,334.7,335.0,71.285
1650054540000,334.9,335.1,334.6,335.1,77.584
1650054600000,335.0,335.1,334.9,334.9,15.691
1650054660000,335.0,335.2,335.0,335.2,6.577
1650054720000,335.1,335.4,335.1,335.4,7.15
1650054780000,335.4,335.8,335.4,335.4,23.19
1650054840000,335.4,335.8,335.4,335.6,13.223
1650054900000,335.6,335.6,335.3,335.4,9.358
1650054960000,335.3,335.3,335.3,335.3,3.763
1650055020000,335.3,335.7,335.3,335.7,11.157
1650055080000,335.6,335.6,335.3,335.3,6.485
1650055140000,335.3,335.4,335.3,335.3,2.291
1650055200000,335.3,335.4,335.2,335.2,4.412
1650055260000,335.3,335.3,335.2,335.3,0.885
1650055320000,335.4,335.8,335.4,335.6,17.243
1650055380000,335.5,335.5,335.5,335.5,2.191
1650055440000,335.7,335.7,335.7,335.7,0.059
1650055500000,335.6,335.8,335.6,335.8,15.559
1650055560000,335.9,336.0,335.8,336.0,13.467
1650055620000,336.1,337.1,336.1,337.1,129.215
1650055680000,336.9,336.9,336.8,336.8,0.95
1650055740000,336.8,336.8,336.6,336.6,18.011
1650055800000,336.5,336.6,336.5,336.5,3.589
1650055860000,336.5,336.6,336.5,336.6,0.614
1650055920000,336.7,336.7,336.5,336.7,12.921
1650055980000,336.6,337.0,336.6,336.8,46.054
1650056040000,336.6,336.9,336.6,336.7,28.01
1650056100000,336.7,336.8,336.7,336.7,6.667
1650056160000,336.7,336.7,336.6,336.6,1.835
1650056220000,336.7,336.9,336.5,336.6,49.031
1650056280000,336.8,336.8,336.8,336.8,0.293
1650056340000,336.8,336.8,336.7,336.7,0.832
1650056400000,336.6,337.2,336.5,337.2,44.188
1650056460000,337.1,337.2,337.0,337.2,4.723
1650056520000,337.3,337.4,337.3,337.4,29.235
1650056580000,337.4,337.4,337.2,337.2,2.375
1650056640000,337.2,337.2,337.2,337.2,0.0
1650056700000,337.1,337.1,337.0,337.0,0.438
1650056760000,337.0,337.0,336.9,336.9,1.463
1650056820000,336.8,337.1,336.8,336.8,18.986
1650056880000,336.9,336.9,336.8,336.8,2.701
1650056940000,336.8,336.8,336.7,336.7,2.697
1650057000000,336.7,337.2,336.7,337.2,9.838
1650057060000,337.3,337.3,337.3,337.3,1.0
1650057120000,337.2,337.2,336.8,336.8,2.012
1650057180000,336.9,336.9,336.9,336.9,4.416
1650057240000,336.9,337.0,336.9,337.0,2.393
1650057300000,337.0,337.3,337.0,337.3,23.84
1650057360000,337.2,337.2,337.0,337.1,6.672
1650057420000,337.0,338.5,336.9,338.2,159.057
1650057480000,338.2,339.9,338.2,339.3,240.564
1650057540000,339.2,339.6,338.7,339.6,374.239
1650057600000,339.6,340.1,339.6,339.7,85.413
1650057660000,339.7,339.9,339.7,339.8,19.316
1650057720000,339.7,339.7,339.2,339.2,28.064
1650057780000,339.4,339.4,339.1,339.2,37.579
1650057840000,339.1,339.2,338.9,338.9,33.785
1650057900000,339.0,339.1,338.9,338.9,18.023
1650057960000,338.9,338.9,338.9,338.9,1.0
1650058020000,339.0,339.0,338.9,338.9,13.885
1650058080000,338.8,339.1,338.8,339.1,13.338
1650058140000,339.0,339.1,338.9,339.1,2.921
1650058200000,339.1,339.4,339.1,339.4,4.867
1650058260000,339.4,339.4,339.4,339.4,0.0
1650058320000,339.4,339.7,339.2,339.5,31.405
1650058380000,339.6,339.6,339.5,339.5,6.925
1650058440000,339.4,339.5,339.4,339.5,2.076
1650058500000,339.4,339.4,339.3,339.3,5.88
1650058560000,339.3,339.8,339.3,339.8,17.877
1650058620000,339.8,340.0,339.8,340.0,41.604
1650058680000,340.0,340.0,339.8,339.8,4.134
1650058740000,339.9,339.9,339.8,339.8,2.939
1650058800000,339.9,340.0,339.8,339.9,1.309
1650058860000,339.9,339.9,339.9,339.9,0.0
1650058920000,339.9,340.2,339.9,340.1,94.364
1650058980000,340.1,340.2,340.1,340.2,0.198
1650059040000,340.1,340.2,340.1,340.2,2.766
1650059100000,340.1,340.3,340.1,340.2,6.378
1650059160000,340.3,340.6,340.2,340.4,17.608
1650059220000,340.5,340.5,340.5,340.5,0.142
1650059280000,340.4,340.7,340.4,340.6,6.383
1650059340000,340.6,340.6,340.6,340.6,0.249
1650059400000,340.5,340.5,340.4,340.4,0.989
1650059460000,340.4,340.4,340.3,340.3,0.98
1650059520000,340.3,340.4,340.3,340.3,1.903
1650059580000,340.3,340.3,340.2,340.2,1.814
1650059640000,340.2,340.3,340.1,340.2,18.741
1650059700000,340.2,340.2,340.1,340.1,0.808
1650059760000,340.2,340.4,340.2,340.2,16.899
1650059820000,340.3,340.4,340.2,340.4,10.066
1650059880000,340.4,340.4,340.4,340.4,0.074
1650059940000,340.4,340.7,340.4,340.7,12.101
1650060000000,340.6,340.9,340.6,340.8,13.643
1650060060000,340.8,340.9,340.6,340.6,4.862
1650060120000,340.6,341.6,340.6,341.3,299.501
1650060180000,341.2,341.3,340.8,340.8,47.632
1650060240000,340.8,340.8,340.6,340.6,1.982
1650060300000,340.6,340.7,340.6,340.7,2.671
1650060360000,340.7,340.7,340.2,340.2,31.321
1650060420000,340.1,340.2,339.8,339.9,37.442
1650060480000,339.9,340.0,339.6,339.8,165.652
1650060540000,340.0,340.0,339.8,339.8,11.802
1650060600000,339.8,339.8,339.8,339.8,0.155
1650060660000,339.8,340.0,339.8,339.9,9.343
1650060720000,339.9,340.0,339.8,339.8,3.316
1650060780000,339.9,339.9,339.8,339.8,3.671
1650060840000,339.8,340.0,339.8,340.0,4.675
1650060900000,339.8,339.8,339.6,339.6,1.484
1650060960000,339.6,339.7,339.6,339.7,1.547
1650061020000,339.6,339.6,339.6,339.6,0.118
1650061080000,339.6,339.6,339.6,339.6,9.036
1650061140000,339.7,339.7,339.7,339.7,2.091
1650061200000,339.7,339.8,339.7,339.8,0.196
1650061260000,339.8,339.8,339.7,339.8,1.273
1650061320000,339.8,340.2,339.8,340.2,5.916
1650061380000,340.2,340.4,340.2,340.3,1.143
1650061440000,340.2,340.2,340.0,340.0,68.117
1650061500000,340.0,340.0,339.7,340.0,10.512
1650061560000,340.1,340.1,340.1,340.1,0.197
1650061620000,340.1,340.1,339.7,339.8,7.383
1650061680000,340.0,340.0,340.0,340.0,2.31
1650061740000,340.0,340.0,339.8,339.8,1.556
1650061800000,339.8,339.9,339.7,339.9,4.763
1650061860000,339.9,339.9,339.9,339.9,4.471
1650061920000,339.9,339.9,339.9,339.9,2.874
1650061980000,340.0,340.0,340.0,340.0,1.321
1650062040000,340.1,340.2,340.1,340.2,5.156
1650062100000,340.2,340.2,340.0,340.2,8.695
1650062160000,340.2,340.2,340.0,340.0,4.554
1650062220000,340.1,340.1,340.0,340.0,5.072
1650062280000,340.0,340.1,340.0,340.1,3.51
1650062340000,340.1,340.2,340.1,340.1,0.741
1650062400000,340.2,340.2,340.0,340.0,1.943
1650062460000,340.0,340.1,340.0,340.1,5.902
1650062520000,340.0,340.0,340.0,340.0,0.873
1650062580000,339.9,339.9,339.7,339.7,5.045
1650062640000,339.7,339.7,339.7,339.7,0.0
1650062700000,339.8,339.8,339.8,339.8,2.217
1650062760000,339.7,339.8,339.7,339.8,1.0
1650062820000,339.6,339.8,339.6,339.8,6.565
1650062880000,339.7,339.7,339.7,339.7,1.77
1650062940000,339.7,339.7,339.7,339.7,1.057
1650063000000,339.6,339.6,339.6,339.6,1.184
1650063060000,339.6,339.6,339.6,339.6,0.091
1650063120000,339.5,339.6,339.5,339.6,11.625
1650063180000,339.6,339.6,339.5,339.5,0.401
1650063240000,339.6,339.7,339.6,339.7,2.877
1650063300000,339.6,339.7,339.6,339.7,5.729
1650063360000,339.9,340.1,339.9,340.0,6.701
1650063420000,340.0,340.1,340.0,340.0,2.28
1650063480000,340.0,340.1,339.9,339.9,40.381
1650063540000,339.9,339.9,339.7,339.9,12.512
1650063600000,339.8,339.9,339.6,339.9,15.003
1650063660000,339.9,339.9,339.6,339.8,5.258
1650063720000,339.8,339.8,339.7,339.7,1.167
1650063780000,339.8,340.0,339.8,340.0,5.662
1650063840000,340.0,340.1,340.0,340.0,9.959
1650063900000,340.0,340.1,340.0,340.1,1.962
1650063960000,340.0,340.0,339.7,339.7,31.735
1650064020000,339.8,339.8,339.8,339.8,0.756
1650064080000,339.8,339.9,339.8,339.8,4.721
1650064140000,339.8,340.1,339.8,340.1,79.522
1650064200000,340.1,340.1,339.9,339.9,18.311
1650064260000,340.0,340.0,340.0,340.0,12.769
1650064320000,340.2,340.3,340.1,340.3,9.104
1650064380000,340.3,340.3,340.3,340.3,0.0
1650064440000,340.4,340.4,340.3,340.3,3.26
1650064500000,340.3,340.4,340.3,340.4,4.694
1650064560000,340.2,340.2,340.2,340.2,26.383
1650064620000,340.2,340.2,340.1,340.2,4.017
1650064680000,340.2,340.2,339.8,339.9,14.682
1650064740000,339.8,339.8,339.7,339.8,1.021
1650064800000,339.7,339.8,339.6,339.7,9.745
1650064860000,339.7,339.8,339.7,339.8,1.559
1650064920000,339.7,339.8,339.6,339.7,0.725
1650064980000,339.8,339.8,339.8,339.8,0.338
1650065040000,339.8,339.8,339.7,339.7,4.459
1650065100000,339.6,339.6,339.6,339.6,0.977
1650065160000,339.7,339.7,339.7,339.7,0.059
1650065220000,339.7,339.7,339.5,339.5,5.108
1650065280000,339.6,339.7,339.6,339.7,13.169
1650065340000,339.6,339.6,339.6,339.6,0.059
1650065400000,339.7,339.7,339.5,339.5,0.852
1650065460000,339.5,339.5,339.5,339.5,2.964
1650065520000,339.6,339.7,339.6,339.7,0.164
1650065580000,339.7,339.7,339.6,339.6,5.948
1650065640000,339.6,339.6,339.6,339.6,0.0
1650065700000,339.6,339.8,339.6,339.8,4.589
1650065760000,339.9,340.0,339.9,340.0,0.587
1650065820000,340.0,340.1,340.0,340.0,14.22
1650065880000,339.9,340.0,339.7,340.0,27.372
1650065940000,339.9,340.1,339.9,340.1,3.199
1650066000000,340.0,341.7,340.0,341.3,143.359
1650066060000,341.4,341.6,341.1,341.1,20.625
1650066120000,341.1,341.1,341.0,341.0,2.829
1650066180000,341.0,341.6,341.0,341.6,10.15
1650066240000,341.7,341.8,341.7,341.7,4.456
1650066300000,341.7,341.8,341.7,341.8,9.459
1650066360000,341.7,341.7,340.8,340.8,61.894
1650066420000,340.7,341.1,340.7,340.9,6.742
1650066480000,340.9,341.0,340.9,341.0,3.142
1650066540000,341.0,341.0,341.0,341.0,0.264
1650066600000,340.8,340.8,340.6,340.7,3.595
1650066660000,340.8,340.8,340.7,340.7,2.903
1650066720000,340.7,340.7,340.7,340.7,0.0
1650066780000,340.8,340.8,340.7,340.7,0.946
1650066840000,340.8,340.8,340.7,340.7,1.757
1650066900000,340.6,340.7,340.6,340.7,2.817
1650066960000,340.6,340.6,340.5,340.6,3.424
1650067020000,340.5,340.6,340.5,340.6,0.686
1650067080000,340.7,341.0,340.7,341.0,3.701
1650067140000,341.0,341.2,340.8,340.8,14.528
1650067200000,340.8,341.0,340.8,341.0,46.88
1650067260000,340.9,341.0,340.9,341.0,5.267
1650067320000,340.9,340.9,340.4,340.4,17.933
1650067380000,340.5,340.5,340.4,340.4,1.529
1650067440000,340.4,340.4,340.4,340.4,0.0
1650067500000,340.4,340.5,340.4,340.5,2.392
1650067560000,340.5,340.7,340.5,340.6,8.31
1650067620000,340.6,340.9,340.6,340.9,6.127
1650067680000,340.8,340.9,340.8,340.8,4.623
1650067740000,340.8,340.8,340.8,340.8,0.0
1650067800000,340.9,340.9,340.7,340.9,0.697
1650067860000,340.9,340.9,340.6,340.6,5.636
1650067920000,340.6,340.7,340.6,340.7,0.135
1650067980000,340.6,340.6,340.5,340.5,6.248
1650068040000,340.5,340.5,340.5,340.5,2.31
1650068100000,340.4,340.5,340.4,340.5,3.79
1650068160000,340.4,340.4,340.3,340.4,4.32
1650068220000,340.4,340.7,340.4,340.7,12.889
1650068280000,340.6,340.6,340.5,340.5,6.495
1650068340000,340.4,340.5,340.4,340.4,0.749
1650068400000,340.4,340.4,340.1,340.2,2.927
1650068460000,340.1,340.4,340.1,340.4,28.148
1650068520000,340.3,340.4,340.3,340.3,1.542
1650068580000,340.3,340.3,340.2,340.2,0.865
1650068640000,340.3,340.3,340.2,340.3,0.961
1650068700000,340.2,340.3,340.1,340.1,8.838
1650068760000,340.0,340.0,339.8,340.0,17.705
1650068820000,339.9,340.0,339.8,340.0,2.71
1650068880000,340.0,340.3,340.0,340.2,23.954
1650068940000,340.2,340.4,340.1,340.2,4.807
1650069000000,340.3,340.3,340.1,340.1,1.075
1650069060000,340.0,340.1,339.9,340.0,0.268
1650069120000,340.0,340.0,339.8,339.9,9.133
1650069180000,339.9,339.9,339.9,339.9,2.123
1650069240000,339.8,340.0,339.8,339.9,18.044
1650069300000,339.9,339.9,339.9,339.9,0.535
1650069360000,340.0,340.1,339.9,340.0,9.893
1650069420000,339.9,340.3,339.9,340.3,4.741
1650069480000,340.2,340.5,340.2,340.3,25.309
1650069540000,340.4,340.4,340.4,340.4,2.808
1650069600000,340.4,340.7,340.4,340.5,3.787
1650069660000,340.6,340.7,340.5,340.7,0.969
1650069720000,340.7,340.7,340.5,340.7,5.087
1650069780000,340.7,340.8,340.7,340.8,0.376
1650069840000,340.8,340.9,340.8,340.9,6.877
1650069900000,340.9,340.9,340.4,340.9,18.582
1650069960000,341.1,341.4,341.1,341.4,7.536
1650070020000,341.5,341.5,340.9,340.9,19.762
1650070080000,341.0,341.3,340.9,341.2,123.441
1650070140000,341.2,341.7,341.2,341.7,41.077
1650070200000,341.6,342.0,341.6,341.9,17.879
1650070260000,341.9,342.8,341.9,342.5,268.112
1650070320000,342.7,342.7,342.3,342.3,22.461
1650070380000,342.3,343.0,342.3,342.6,282.921
1650070440000,342.6,342.9,342.6,342.9,20.742
1650070500000,342.9,343.0,342.8,342.9,29.722
1650070560000,342.8,342.9,342.8,342.9,0.083
1650070620000,342.8,342.8,342.6,342.6,4.382
1650070680000,342.6,342.6,342.3,342.5,21.215
1650070740000,342.5,342.5,342.4,342.5,4.046
1650070800000,342.5,343.8,342.5,343.2,652.001
1650070860000,343.3,343.4,343.1,343.2,32.659
1650070920000,343.2,343.2,342.9,343.1,2.187
1650070980000,343.0,343.0,342.7,342.8,22.35
1650071040000,342.8,342.8,342.5,342.6,35.674
1650071100000,342.5,342.5,342.2,342.3,11.951
1650071160000,342.4,342.5,342.3,342.3,3.453
1650071220000,342.4,342.4,342.3,342.4,3.738
1650071280000,342.4,342.4,342.3,342.3,0.887
1650071340000,342.4,342.5,342.4,342.4,6.648
1650071400000,342.4,342.4,342.2,342.4,15.849
1650071460000,342.3,342.5,342.3,342.5,1.652
1650071520000,342.4,342.4,342.2,342.3,6.791
1650071580000,342.2,342.3,342.1,342.3,2.677
1650071640000,342.4,342.6,342.4,342.6,12.431
1650071700000,342.5,342.8,342.4,342.8,86.674
1650071760000,342.9,343.5,342.9,343.4,65.286
1650071820000,343.3,343.3,342.9,342.9,6.687
1650071880000,342.9,343.0,342.8,342.9,25.885
1650071940000,342.9,343.0,342.9,343.0,1.43
1650072000000,342.9,343.0,342.9,342.9,2.161
1650072060000,342.9,343.3,342.9,343.1,11.463
1650072120000,343.1,343.1,342.9,342.9,1.207
1650072180000,343.0,343.0,342.9,342.9,4.358
1650072240000,342.9,343.6,342.9,343.4,139.322
1650072300000,343.3,343.3,343.1,343.2,17.986
1650072360000,343.3,343.5,343.2,343.5,2.73
1650072420000,343.3,343.3,343.2,343.3,4.969
1650072480000,343.2,343.2,343.1,343.2,4.924
1650072540000,343.1,343.4,343.1,343.3,8.597
1650072600000,343.3,343.4,343.3,343.4,2.281
1650072660000,343.3,343.5,343.2,343.5,5.3
1650072720000,343.4,343.5,343.4,343.5,14.725
1650072780000,343.4,343.5,343.4,343.5,4.821
1650072840000,343.5,343.5,343.5,343.5,5.219
1650072900000,343.5,343.5,343.4,343.5,16.36
1650072960000,343.5,343.5,343.4,343.5,1.231
1650073020000,343.4,343.5,343.4,343.4,17.391
1650073080000,343.5,343.5,343.3,343.4,23.025
1650073140000,343.4,343.6,343.4,343.6,23.993
1650073200000,343.5,344.4,343.5,344.2,156.05
1650073260000,344.3,344.5,344.2,344.3,79.617
1650073320000,344.3,344.3,343.9,343.9,32.453
1650073380000,344.0,344.0,343.9,344.0,6.113
1650073440000,344.0,344.1,343.7,343.7,11.958
1650073500000,343.5,343.8,343.5,343.7,18.952
1650073560000,343.7,343.7,343.7,343.7,0.663
1650073620000,343.7,344.1,343.7,344.1,5.563
1650073680000,344.2,344.2,343.9,343.9,25.43
1650073740000,343.9,343.9,343.6,343.6,3.058
1650073800000,343.6,343.7,343.6,343.7,8.356
1650073860000,343.7,343.7,343.5,343.5,25.359
1650073920000,343.5,343.5,343.3,343.4,10.763
1650073980000,343.4,343.4,342.9,343.0,76.557
1650074040000,342.9,342.9,342.7,342.7,11.317
1650074100000,342.6,342.9,342.6,342.8,13.576
1650074160000,342.7,342.7,342.7,342.7,0.079
1650074220000,342.7,342.7,342.6,342.6,4.129
1650074280000,342.6,342.6,342.6,342.6,0.106
1650074340000,342.6,342.7,342.6,342.7,0.267
1650074400000,342.5,342.6,342.4,342.4,16.774
1650074460000,342.4,342.4,342.3,342.3,11.402
1650074520000,342.4,342.4,342.1,342.3,5.021
1650074580000,342.3,342.3,342.1,342.1,2.251
1650074640000,342.0,342.0,341.7,341.7,111.317
1650074700000,341.6,341.7,341.5,341.6,13.705
1650074760000,341.6,341.6,341.4,341.4,4.459
1650074820000,341.5,341.6,341.5,341.5,0.78
1650074880000,341.6,341.6,341.5,341.5,2.267
1650074940000,341.5,341.6,341.5,341.6,4.242
1650075000000,341.5,341.7,341.5,341.7,5.18
1650075060000,341.7,341.7,341.6,341.6,2.865
1650075120000,341.8,341.8,341.5,341.5,1.866
1650075180000,341.7,341.7,341.6,341.6,6.881
1650075240000,341.5,341.6,341.5,341.5,18.969
1650075300000,341.5,341.6,341.4,341.4,5.049
1650075360000,341.6,341.7,341.6,341.7,8.902
1650075420000,341.7,341.7,341.6,341.6,0.095
1650075480000,341.7,341.7,341.7,341.7,5.605
1650075540000,341.7,341.7,341.7,341.7,0.161
1650075600000,341.6,341.6,341.4,341.6,11.606
1650075660000,341.6,342.0,341.6,342.0,49.115
1650075720000,342.1,342.8,342.1,342.6,22.388
1650075780000,342.6,342.6,342.5,342.5,13.684
1650075840000,342.4,342.4,342.3,342.4,4.076
1650075900000,342.4,342.4,342.3,342.3,0.809
1650075960000,342.4,342.4,342.4,342.4,0.029
1650076020000,342.5,342.5,342.2,342.3,1.811
1650076080000,342.3,342.3,342.3,342.3,0.0
1650076140000,342.3,342.6,342.0,342.1,113.516
1650076200000,342.0,342.2,341.5,342.1,474.572
1650076260000,342.0,342.4,341.9,342.4,55.971
1650076320000,342.4,342.4,342.4,342.4,3.256
1650076380000,342.4,342.4,341.6,341.6,116.695
1650076440000,341.6,342.0,341.6,342.0,12.234
1650076500000,342.1,342.2,342.0,342.2,16.252
1650076560000,342.1,342.1,341.8,341.8,2.49
1650076620000,342.0,342.0,341.8,341.9,0.362
1650076680000,342.1,342.2,342.1,342.2,0.854
1650076740000,342.1,342.1,341.8,341.8,0.447
1650076800000,341.8,341.8,341.8,341.8,0.175
1650076860000,341.9,341.9,341.9,341.9,0.154
1650076920000,341.8,341.8,341.8,341.8,5.594
1650076980000,341.7,341.7,341.6,341.7,5.969
1650077040000,341.6,341.6,341.6,341.6,0.22
1650077100000,341.6,341.6,341.5,341.5,0.52
1650077160000,341.6,341.9,341.6,341.9,4.766
1650077220000,342.0,342.1,342.0,342.0,10.765
1650077280000,341.8,341.9,341.8,341.9,2.088
1650077340000,341.9,341.9,341.9,341.9,0.07
1650077400000,341.8,342.0,341.8,342.0,6.373
1650077460000,342.0,342.1,342.0,342.0,9.147
1650077520000,342.0,342.0,342.0,342.0,0.999
1650077580000,341.9,341.9,341.7,341.7,12.408
1650077640000,341.7,341.7,341.5,341.6,14.487
1650077700000,341.6,341.9,341.6,341.8,7.523
1650077760000,341.9,341.9,341.9,341.9,0.6
1650077820000,341.8,341.8,341.7,341.7,4.56
1650077880000,341.7,341.7,341.6,341.6,28.477
1650077940000,341.5,341.7,341.5,341.6,7.592
1650078000000,341.6,341.6,341.3,341.3,6.527
1650078060000,341.3,341.4,341.2,341.3,2.811
1650078120000,341.2,341.2,340.8,340.9,22.84
1650078180000,340.9,341.2,340.9,341.2,15.03
1650078240000,341.0,341.0,340.8,340.9,14.145
1650078300000,340.8,340.9,340.6,340.9,34.639
1650078360000,340.8,341.0,340.8,341.0,1.197
1650078420000,340.9,341.0,340.8,340.9,0.542
1650078480000,341.0,341.1,340.9,340.9,2.681
1650078540000,341.0,341.1,340.9,340.9,8.647
1650078600000,340.9,341.0,340.8,340.8,3.647
1650078660000,340.8,340.8,340.6,340.6,11.739
1650078720000,340.7,340.7,340.4,340.4,12.831
1650078780000,340.4,340.6,340.4,340.4,16.183
1650078840000,340.5,340.6,340.5,340.6,0.072
1650078900000,340.5,340.7,340.5,340.6,5.766
1650078960000,340.6,340.6,340.6,340.6,3.063
1650079020000,340.6,340.6,339.9,339.9,66.771
1650079080000,340.0,340.0,339.6,339.8,58.365
1650079140000,339.7,339.8,339.7,339.8,0.339
1650079200000,339.7,340.1,339.7,340.0,6.035
1650079260000,339.8,339.9,339.8,339.9,13.073
1650079320000,339.9,340.1,339.9,339.9,10.525
1650079380000,340.0,340.0,339.9,339.9,3.72
1650079440000,339.8,340.0,339.6,340.0,40.394
1650079500000,339.9,340.1,339.8,339.8,17.707
1650079560000,339.7,339.9,339.7,339.9,3.265
1650079620000,339.9,339.9,339.9,339.9,0.208
1650079680000,339.8,339.8,339.7,339.8,10.228
1650079740000,339.8,339.9,339.8,339.9,0.467
1650079800000,339.8,340.4,339.8,340.0,14.729
1650079860000,340.2,340.6,340.2,340.4,3.109
1650079920000,340.4,340.4,340.2,340.3,2.695
1650079980000,340.1,340.3,340.1,340.3,0.216
1650080040000,340.3,340.3,340.3,340.3,5.406
1650080100000,340.4,340.5,340.2,340.2,1.619
1650080160000,340.4,340.4,340.4,340.4,0.059
1650080220000,340.2,340.4,340.2,340.3,5.753
1650080280000,340.3,340.4,340.2,340.3,4.53
1650080340000,340.4,340.5,340.3,340.3,2.785
1650080400000,340.4,340.6,340.4,340.6,5.793
1650080460000,340.6,340.6,340.5,340.6,10.082
1650080520000,340.6,340.6,340.6,340.6,14.916
1650080580000,340.7,340.7,340.7,340.7,0.152
1650080640000,340.6,340.7,340.5,340.6,1.428
1650080700000,340.5,340.8,340.5,340.7,8.878
1650080760000,340.6,340.6,340.5,340.5,5.554
1650080820000,340.6,340.6,340.3,340.4,28.676
1650080880000,340.3,340.3,340.2,340.3,0.268
1650080940000,340.2,340.3,340.2,340.2,1.829
1650081000000,340.2,340.5,340.2,340.5,8.365
1650081060000,340.5,340.5,340.4,340.4,9.391
1650081120000,340.4,340.5,340.4,340.4,3.575
1650081180000,340.4,340.5,340.4,340.5,0.118
1650081240000,340.4,340.4,340.3,340.3,25.063
1650081300000,340.2,340.3,340.2,340.3,1.304
1650081360000,340.2,340.2,340.0,340.0,4.286
1650081420000,340.0,340.0,340.0,340.0,0.0
1650081480000,340.0,340.0,340.0,340.0,1.65
1650081540000,339.8,339.9,339.8,339.9,0.507
1650081600000,339.8,340.0,339.8,340.0,4.937
1650081660000,339.9,340.2,339.7,340.0,26.812
1650081720000,339.9,340.1,339.9,340.1,1.837
1650081780000,340.0,340.1,340.0,340.0,0.647
1650081840000,340.0,340.1,340.0,340.1,3.358
1650081900000,340.0,340.2,340.0,340.1,7.964
1650081960000,340.1,340.2,340.1,340.2,6.463
1650082020000,340.1,340.1,340.1,340.1,0.059
1650082080000,340.1,340.1,340.0,340.0,2.848
1650082140000,340.0,340.1,340.0,340.1,2.535
1650082200000,340.2,340.3,340.1,340.3,3.788
1650082260000,340.2,340.3,340.1,340.1,9.54
1650082320000,340.0,340.1,340.0,340.1,0.161
1650082380000,340.1,340.1,340.0,340.0,2.438
1650082440000,339.9,340.2,339.9,340.1,7.477
1650082500000,340.1,340.2,340.1,340.2,1.338
1650082560000,340.1,340.2,340.1,340.2,0.429
1650082620000,340.2,340.2,340.2,340.2,6.674
1650082680000,340.2,340.5,340.2,340.5,16.648
1650082740000,340.5,340.6,340.5,340.6,3.189
1650082800000,340.5,340.7,340.5,340.7,0.893
1650082860000,340.7,340.7,340.7,340.7,0.089
1650082920000,340.6,340.6,340.6,340.6,7.689
1650082980000,340.7,341.2,340.7,340.9,76.483
1650083040000,340.9,341.1,340.9,341.1,1.528
1650083100000,341.0,341.3,341.0,341.3,16.255
1650083160000,341.4,341.4,341.3,341.4,4.383
1650083220000,341.4,341.4,341.0,341.0,8.184
1650083280000,341.0,341.1,341.0,341.1,0.335
1650083340000,341.0,341.0,341.0,341.0,6.971
1650083400000,340.9,341.0,340.9,341.0,3.911
1650083460000,340.9,341.0,340.9,340.9,2.182
1650083520000,341.0,341.4,341.0,341.4,34.549
1650083580000,341.3,341.3,341.3,341.3,1.014
1650083640000,341.5,341.7,341.5,341.6,15.165
1650083700000,341.5,341.7,341.5,341.7,4.127
1650083760000,341.6,341.6,341.5,341.5,3.503
1650083820000,341.5,341.7,341.5,341.7,5.891
1650083880000,341.7,341.8,341.7,341.8,19.621
1650083940000,341.8,341.8,341.6,341.6,8.155
1650084000000,341.6,341.8,341.6,341.8,0.582
1650084060000,341.8,341.8,341.8,341.8,0.066
1650084120000,341.7,341.7,341.7,341.7,0.079
1650084180000,341.9,341.9,341.7,341.8,29.986
1650084240000,341.9,341.9,341.8,341.8,0.323
1650084300000,341.8,341.8,341.5,341.5,41.445
1650084360000,341.6,341.6,341.5,341.6,12.576
1650084420000,341.5,341.5,341.3,341.3,23.74
1650084480000,341.4,341.4,341.3,341.4,1.049
1650084540000,341.4,341.4,341.4,341.4,14.275
1650084600000,341.3,341.4,341.2,341.4,4.001
1650084660000,341.4,341.4,341.4,341.4,0.3
1650084720000,341.4,341.4,341.4,341.4,3.271
1650084780000,341.4,341.5,341.4,341.5,2.348
1650084840000,341.4,341.4,341.4,341.4,0.147
1650084900000,341.4,341.4,341.4,341.4,1.123
1650084960000,341.4,341.4,341.4,341.4,0.487
1650085020000,341.3,341.4,341.2,341.4,31.429
1650085080000,341.5,341.7,341.4,341.7,15.263
1650085140000,341.8,341.9,341.7,341.7,8.184
1650085200000,341.7,341.7,341.6,341.6,8.544
1650085260000,341.5,341.5,341.3,341.3,8.887
1650085320000,341.4,341.5,341.4,341.4,5.197
1650085380000,341.5,341.5,341.3,341.5,10.005
1650085440000,341.6,341.6,341.6,341.6,0.696
1650085500000,341.6,341.6,341.3,341.3,7.637
1650085560000,341.3,341.3,340.9,340.9,10.602
1650085620000,341.0,341.2,340.9,341.2,17.718
1650085680000,341.2,341.4,341.2,341.3,8.507
1650085740000,341.4,341.8,341.4,341.8,11.126
1650085800000,341.7,341.7,341.4,341.4,25.074
1650085860000,341.4,341.4,341.3,341.3,0.767
1650085920000,341.6,341.6,341.5,341.5,0.455
1650085980000,341.4,341.4,341.4,341.4,2.394
1650086040000,341.3,341.7,341.3,341.7,4.154
1650086100000,341.6,341.9,341.6,341.6,3.792
1650086160000,341.6,341.6,341.6,341.6,0.166
1650086220000,341.7,341.7,341.7,341.7,5.172
1650086280000,341.6,341.7,341.6,341.7,5.727
1650086340000,341.6,341.8,341.6,341.8,15.696
1650086400000,341.7,342.4,341.7,342.3,21.247
1650086460000,342.3,342.3,341.3,341.3,64.347
1650086520000,341.3,341.4,341.3,341.4,1.304
1650086580000,341.4,341.4,341.4,341.4,0.0
1650086640000,341.6,341.6,341.6,341.6,0.031
1650086700000,341.5,341.7,341.5,341.7,2.279
1650086760000,341.7,342.3,341.7,342.3,150.171
1650086820000,342.2,342.3,342.2,342.2,0.884
1650086880000,342.2,342.2,342.1,342.1,9.609
1650086940000,342.1,342.3,342.1,342.3,4.964
1650087000000,342.3,342.4,342.3,342.4,1.383
1650087060000,342.3,342.3,342.1,342.1,5.202
1650087120000,342.0,342.0,341.8,341.8,4.718
1650087180000,341.9,342.4,341.9,342.4,13.954
1650087240000,342.4,342.4,342.2,342.3,6.485
1650087300000,342.3,342.3,342.0,342.1,12.483
1650087360000,342.1,342.2,342.0,342.1,13.989
1650087420000,342.0,342.1,342.0,342.1,10.497
1650087480000,342.1,342.1,341.9,342.0,18.851
1650087540000,342.0,342.1,342.0,342.1,3.933
1650087600000,342.1,342.3,342.0,342.2,10.343
1650087660000,342.2,342.4,342.2,342.4,6.601
1650087720000,342.4,342.4,342.3,342.4,3.137
1650087780000,342.4,342.8,342.4,342.8,18.959
1650087840000,342.8,342.9,342.6,342.9,45.324
1650087900000,342.9,342.9,342.7,342.7,12.057
1650087960000,342.6,342.8,342.5,342.8,58.944
1650088020000,342.9,342.9,342.8,342.8,2.148
1650088080000,342.7,342.8,342.7,342.8,5.126
1650088140000,342.7,342.9,342.7,342.9,3.764
1650088200000,342.9,342.9,342.7,342.8,10.912
1650088260000,342.8,343.0,342.8,342.9,8.826
1650088320000,342.8,343.1,342.8,343.1,5.289
1650088380000,343.1,343.6,343.1,343.5,269.465
1650088440000,343.5,343.6,343.5,343.5,6.366
1650088500000,343.6,343.7,343.5,343.6,14.83
1650088560000,343.6,343.6,343.5,343.6,3.13
1650088620000,343.5,343.6,343.4,343.4,16.807
1650088680000,343.3,343.5,343.3,343.5,6.87
1650088740000,343.5,343.8,343.4,343.4,50.81
1650088800000,343.4,343.5,343.2,343.2,10.956
1650088860000,343.2,343.2,343.0,343.1,9.945
1650088920000,343.2,343.5,343.2,343.5,6.569
1650088980000,343.4,343.6,343.4,343.6,2.931
1650089040000,343.6,343.6,343.4,343.5,13.714
1650089100000,343.4,343.5,343.4,343.5,2.581
1650089160000,343.5,343.6,343.3,343.4,10.41
1650089220000,343.4,343.5,343.4,343.5,11.933
1650089280000,343.5,343.6,343.4,343.6,3.659
1650089340000,343.6,343.6,343.3,343.5,24.611
1650089400000,343.4,343.4,343.1,343.1,34.191
1650089460000,343.2,343.2,343.1,343.2,4.921
1650089520000,343.2,343.2,343.0,343.2,19.254
1650089580000,343.1,343.2,343.0,343.0,38.942
1650089640000,343.0,343.1,342.9,343.1,5.739
1650089700000,342.9,343.2,342.9,343.0,4.775
1650089760000,343.0,343.1,342.9,343.1,4.361
1650089820000,343.1,343.1,343.1,343.1,4.454
1650089880000,343.1,343.2,343.0,343.1,7.273
1650089940000,343.1,343.1,342.8,342.9,74.908
1650090000000,342.9,343.2,342.9,342.9,37.883
1650090060000,343.0,343.5,342.9,343.5,49.464
1650090120000,343.6,343.9,343.6,343.9,30.602
1650090180000,343.8,344.0,343.7,343.7,36.117
1650090240000,343.7,343.8,343.7,343.8,6.842
1650090300000,343.7,343.8,343.7,343.8,3.402
1650090360000,343.7,343.9,343.7,343.9,5.796
1650090420000,343.9,343.9,343.6,343.7,13.173
1650090480000,343.7,343.7,343.6,343.7,2.301
1650090540000,343.7,343.8,343.4,343.4,47.67
1650090600000,343.4,343.5,343.1,343.3,151.267
1650090660000,343.2,343.7,343.2,343.7,36.467
1650090720000,343.7,343.8,343.6,343.6,10.279
1650090780000,343.7,343.7,343.6,343.6,4.949
1650090840000,343.5,343.6,343.5,343.6,6.49
1650090900000,343.6,343.8,343.6,343.8,19.659
1650090960000,343.8,343.8,343.4,343.6,41.14
1650091020000,343.7,343.7,343.4,343.4,2.222
1650091080000,343.5,343.6,343.2,343.4,11.618
1650091140000,343.4,343.6,343.4,343.6,2.088
1650091200000,343.5,343.7,343.4,343.7,20.077
1650091260000,343.6,343.7,343.5,343.7,12.625
1650091320000,343.7,343.8,343.2,343.2,128.438
1650091380000,343.2,343.7,343.2,343.6,74.004
1650091440000,343.7,343.7,343.5,343.6,4.808
1650091500000,343.5,343.7,343.5,343.7,15.307
1650091560000,343.7,343.9,343.7,343.9,15.248
1650091620000,343.8,343.9,343.8,343.9,3.306
1650091680000,343.9,344.0,343.8,343.8,2.299
1650091740000,343.9,344.0,343.8,343.8,6.413
1650091800000,343.8,343.9,343.7,343.8,3.478
1650091860000,343.7,343.9,343.7,343.7,9.542
1650091920000,343.6,343.9,343.6,343.9,51.892
1650091980000,343.8,343.9,343.8,343.8,9.381
1650092040000,343.9,343.9,343.8,343.8,4.339
1650092100000,343.7,343.9,343.7,343.9,3.083
1650092160000,344.0,344.0,344.0,344.0,3.269
1650092220000,344.0,344.1,344.0,344.1,34.407
1650092280000,344.1,344.1,344.0,344.1,4.932
1650092340000,344.1,344.1,344.1,344.1,5.723
1650092400000,344.0,344.3,343.9,344.3,218.015
1650092460000,344.3,344.3,344.2,344.3,3.993
1650092520000,344.4,344.4,344.3,344.4,5.473
1650092580000,344.4,344.4,344.1,344.4,21.781
1650092640000,344.2,344.3,344.2,344.3,4.982
1650092700000,344.3,344.3,344.2,344.3,3.7
1650092760000,344.3,344.3,344.3,344.3,1.303
1650092820000,344.2,344.3,343.8,343.9,29.781
1650092880000,343.9,343.9,343.7,343.8,15.078
1650092940000,343.9,344.0,343.9,344.0,30.575
1650093000000,343.9,344.0,343.9,343.9,6.161
1650093060000,344.0,344.0,343.7,343.8,8.209
1650093120000,343.8,344.0,343.8,343.8,12.435
1650093180000,343.9,344.0,343.8,344.0,9.684
1650093240000,344.0,344.0,343.8,343.9,3.202
1650093300000,343.8,343.8,343.6,343.8,17.93
1650093360000,343.8,343.8,343.6,343.6,20.173
1650093420000,343.7,343.8,343.5,343.6,11.073
1650093480000,343.6,343.7,343.5,343.7,4.828
1650093540000,343.7,343.7,343.6,343.6,3.189
1650093600000,343.5,343.6,343.3,343.3,22.103
1650093660000,343.3,343.3,343.2,343.3,9.307
1650093720000,343.3,343.7,343.3,343.7,3.961
1650093780000,343.6,343.6,343.5,343.6,2.096
1650093840000,343.6,343.6,343.5,343.5,8.632
1650093900000,343.5,343.6,343.5,343.5,9.915
1650093960000,343.4,343.5,343.3,343.4,13.915
1650094020000,343.5,343.7,343.4,343.5,2.723
1650094080000,343.5,343.7,343.5,343.7,1.642
1650094140000,343.7,343.7,343.5,343.7,13.635
1650094200000,343.6,343.7,343.6,343.6,1.857
1650094260000,343.5,343.7,343.5,343.7,3.864
1650094320000,343.7,343.7,343.6,343.7,11.931
1650094380000,343.6,343.6,343.3,343.4,3.396
1650094440000,343.4,343.5,343.1,343.1,15.786
1650094500000,343.1,343.3,343.1,343.2,12.053
1650094560000,343.2,343.3,342.9,343.2,140.045
1650094620000,343.2,343.3,343.1,343.3,20.299
1650094680000,343.3,343.3,343.2,343.2,7.211
1650094740000,343.2,343.2,343.2,343.2,1.38
1650094800000,343.1,343.2,343.0,343.1,14.855
1650094860000,343.1,343.1,343.0,343.1,12.647
1650094920000,343.1,343.3,343.1,343.2,6.029
1650094980000,343.2,343.2,343.1,343.2,5.53
1650095040000,343.2,343.2,342.8,343.1,20.992
1650095100000,343.0,343.1,342.8,342.9,16.475
1650095160000,342.9,343.0,342.8,343.0,24.575
1650095220000,343.0,343.0,342.9,343.0,11.981
1650095280000,343.0,343.2,343.0,343.2,37.384
1650095340000,343.2,343.2,343.2,343.2,1.992
1650095400000,343.1,343.3,343.1,343.2,10.254
1650095460000,343.3,343.3,343.2,343.3,2.928
1650095520000,343.3,343.5,343.3,343.4,8.031
1650095580000,343.5,343.6,343.4,343.4,41.498
1650095640000,343.4,343.5,343.4,343.4,20.926
1650095700000,343.5,343.7,343.4,343.6,20.116
1650095760000,343.6,343.8,343.6,343.6,10.008
1650095820000,343.8,343.8,343.5,343.6,6.815
1650095880000,343.6,343.7,343.5,343.7,3.59
1650095940000,343.6,343.7,343.6,343.7,8.202
1650096000000,343.6,343.7,343.6,343.7,11.427
1650096060000,343.7,343.7,343.1,343.1,51.068
1650096120000,343.2,344.3,343.2,344.1,112.501
1650096180000,344.1,344.5,344.0,344.4,101.91
1650096240000,344.3,344.9,344.3,344.9,113.647
1650096300000,344.9,347.8,344.8,346.3,947.219
1650096360000,346.3,346.4,345.4,345.5,82.26
1650096420000,345.6,346.1,345.6,345.6,100.424
1650096480000,345.8,345.8,345.3,345.8,76.048
1650096540000,345.9,346.3,345.9,346.0,82.694
1650096600000,345.9,346.0,345.6,345.8,39.37
1650096660000,345.8,345.8,345.2,345.2,34.121
1650096720000,345.2,345.4,345.1,345.4,14.88
1650096780000,345.4,345.5,345.2,345.4,21.129
1650096840000,345.3,345.5,345.2,345.3,20.06
1650096900000,345.2,345.4,345.2,345.3,8.509
1650096960000,345.3,345.8,345.3,345.8,29.487
1650097020000,345.8,345.9,345.8,345.8,11.841
1650097080000,345.9,346.0,345.9,346.0,3.549
1650097140000,345.9,345.9,345.6,345.6,9.765
1650097200000,345.6,346.8,345.6,346.6,158.869
1650097260000,346.6,346.6,346.2,346.2,17.348
1650097320000,346.3,346.3,346.1,346.3,13.212
1650097380000,346.3,346.3,345.6,345.6,75.15
1650097440000,345.6,345.7,345.5,345.7,4.691
1650097500000,345.6,345.7,345.3,345.5,16.704
1650097560000,345.6,346.0,345.4,345.8,90.973
1650097620000,345.8,345.8,345.3,345.3,22.632
1650097680000,345.3,345.3,345.0,345.2,23.375
1650097740000,345.2,346.0,345.2,345.8,132.785
1650097800000,345.8,345.9,345.6,345.6,3.883
1650097860000,345.5,345.5,345.2,345.2,15.385
1650097920000,345.1,345.2,344.9,345.2,31.316
1650097980000,345.1,345.1,344.8,344.8,10.34
1650098040000,345.0,345.1,344.9,345.1,9.731
1650098100000,345.0,345.1,345.0,345.0,5.673
1650098160000,345.1,345.1,344.9,345.0,0.344
1650098220000,345.0,345.3,344.9,345.3,13.393
1650098280000,345.2,345.5,345.2,345.5,15.584
1650098340000,345.3,345.3,345.1,345.1,3.018
1650098400000,345.1,345.3,345.1,345.2,2.365
1650098460000,345.2,345.2,345.0,345.1,4.661
1650098520000,345.0,345.0,345.0,345.0,0.088
1650098580000,345.1,345.1,345.0,345.0,0.841
1650098640000,345.1,345.3,345.1,345.3,17.025
1650098700000,345.2,345.2,345.2,345.2,1.096
1650098760000,345.1,345.2,345.0,345.0,6.134
1650098820000,345.0,345.2,345.0,345.1,24.435
1650098880000,345.1,345.2,345.1,345.2,5.269
1650098940000,345.1,345.3,345.1,345.3,12.611
1650099000000,345.2,345.3,345.2,345.3,2.607
1650099060000,345.3,345.3,345.2,345.3,0.913
1650099120000,345.3,345.3,345.2,345.2,0.925
1650099180000,345.2,345.2,345.2,345.2,1.629
1650099240000,345.3,345.4,345.3,345.3,8.223
1650099300000,345.3,345.5,345.3,345.3,3.379
1650099360000,345.3,345.3,345.1,345.2,6.706
1650099420000,345.2,345.2,345.0,345.1,13.79
1650099480000,345.1,345.4,345.1,345.4,3.159
1650099540000,345.3,345.3,345.2,345.2,1.771
1650099600000,345.1,345.2,344.9,345.0,20.57
1650099660000,344.9,345.1,344.9,345.0,12.205
1650099720000,345.0,345.0,344.9,344.9,3.777
1650099780000,344.9,344.9,344.9,344.9,1.0
1650099840000,344.9,344.9,344.7,344.8,10.92
1650099900000,344.8,344.9,344.3,344.4,72.35
1650099960000,344.5,344.5,344.3,344.4,8.63
1650100020000,344.5,344.7,344.4,344.6,3.496
1650100080000,344.6,344.8,344.6,344.7,5.564
1650100140000,344.8,344.8,344.8,344.8,0.688
1650100200000,344.8,345.3,344.8,345.1,12.63
1650100260000,345.1,345.3,345.0,345.2,9.791
1650100320000,345.2,345.2,345.0,345.0,18.686
1650100380000,345.1,345.1,345.1,345.1,1.45
1650100440000,345.2,345.2,345.1,345.1,2.107
1650100500000,345.0,345.0,345.0,345.0,1.783
1650100560000,345.0,345.1,344.8,344.9,15.34
1650100620000,345.0,345.0,344.9,344.9,0.102
1650100680000,344.9,345.0,344.8,344.9,4.667
1650100740000,344.9,344.9,344.9,344.9,0.749
1650100800000,344.9,344.9,344.9,344.9,0.216
1650100860000,344.9,344.9,344.9,344.9,1.785
1650100920000,345.0,345.0,344.7,344.7,5.095
1650100980000,344.7,344.7,344.7,344.7,3.34
1650101040000,344.7,344.7,344.6,344.6,11.505
1650101100000,344.5,344.7,344.5,344.7,4.185
1650101160000,344.6,344.7,344.6,344.7,2.154
1650101220000,344.7,344.7,344.6,344.6,0.277
1650101280000,344.7,344.7,344.5,344.7,8.806
1650101340000,344.7,344.9,344.6,344.6,19.82
1650101400000,344.5,344.7,344.5,344.7,1.347
1650101460000,344.7,344.8,344.6,344.7,7.816
1650101520000,344.7,345.2,344.7,345.1,23.556
1650101580000,345.0,345.1,344.9,345.1,8.964
1650101640000,345.2,345.2,345.0,345.1,5.192
1650101700000,345.0,345.2,345.0,345.0,22.861
1650101760000,345.1,345.1,344.9,344.9,2.003
1650101820000,344.9,344.9,344.3,344.3,16.222
1650101880000,344.4,344.4,343.6,343.8,255.653
1650101940000,343.8,344.3,343.5,343.6,44.633
1650102000000,343.5,343.9,343.5,343.9,16.155
1650102060000,343.8,343.9,343.8,343.9,19.964
1650102120000,343.9,343.9,343.7,343.8,35.022
1650102180000,343.7,343.7,343.2,343.2,26.395
1650102240000,343.2,344.0,343.2,343.8,52.373
1650102300000,343.7,343.9,343.7,343.8,18.584
1650102360000,343.9,343.9,343.7,343.8,3.408
1650102420000,343.9,344.2,343.8,343.8,32.475
1650102480000,343.7,343.9,343.2,343.2,67.135
1650102540000,343.2,343.8,343.0,343.5,149.992
1650102600000,343.4,343.5,343.3,343.4,3.56
1650102660000,343.4,343.6,343.3,343.5,26.62
1650102720000,343.6,343.8,343.6,343.8,1.709
1650102780000,343.7,343.8,343.4,343.4,10.62
1650102840000,343.5,343.6,343.3,343.6,6.285
1650102900000,343.6,343.6,343.4,343.4,10.03
1650102960000,343.4,343.7,343.3,343.7,62.618
1650103020000,343.8,343.9,343.7,343.7,8.137
1650103080000,343.7,343.7,343.6,343.6,24.247
1650103140000,343.6,343.7,343.6,343.7,21.002
1650103200000,343.7,344.0,343.7,344.0,22.654
1650103260000,344.0,344.0,343.9,344.0,33.507
1650103320000,344.1,344.3,344.1,344.2,27.595
1650103380000,344.3,344.5,344.3,344.4,9.842
1650103440000,344.3,344.5,344.0,344.0,9.351
1650103500000,344.0,344.1,343.9,344.1,16.73
1650103560000,344.1,344.2,344.1,344.2,3.098
1650103620000,344.1,344.2,343.9,344.2,11.974
1650103680000,344.1,344.3,344.1,344.3,6.018
1650103740000,344.2,344.3,344.1,344.3,4.68
1650103800000,344.3,344.4,343.9,344.0,35.874
1650103860000,344.0,344.4,344.0,344.2,62.313
1650103920000,344.2,344.7,344.2,344.7,12.319
1650103980000,344.6,344.7,344.5,344.6,7.302
1650104040000,344.6,344.6,344.5,344.6,5.483
1650104100000,344.5,344.7,344.5,344.6,4.786
1650104160000,344.6,344.7,344.5,344.5,38.959
1650104220000,344.4,344.9,344.3,344.8,39.461
1650104280000,344.8,345.0,344.8,345.0,7.274
1650104340000,345.1,345.3,344.9,345.1,21.464
1650104400000,345.1,345.3,345.1,345.3,3.41
1650104460000,345.3,345.8,345.3,345.7,76.922
1650104520000,345.7,345.9,345.5,345.7,24.353
1650104580000,345.7,345.7,345.6,345.6,6.213
1650104640000,345.6,345.8,345.4,345.6,30.501
1650104700000,345.5,345.6,345.5,345.6,9.457
1650104760000,345.5,345.5,345.2,345.3,4.234
1650104820000,345.3,345.3,344.5,344.8,50.622
1650104880000,344.8,345.1,344.7,345.1,10.497
1650104940000,345.1,345.1,345.0,345.0,11.363
1650105000000,344.8,345.0,344.8,344.8,5.241
1650105060000,344.8,344.9,344.7,344.8,6.088
1650105120000,344.9,344.9,344.7,344.7,7.93
1650105180000,344.8,344.8,344.7,344.7,1.279
1650105240000,344.7,345.1,344.7,345.0,63.12
1650105300000,345.0,345.0,344.5,344.5,22.441
1650105360000,344.6,344.6,344.4,344.5,0.993
1650105420000,344.5,344.5,344.4,344.5,1.86
1650105480000,344.6,344.7,344.5,344.7,10.37
1650105540000,344.7,344.8,344.7,344.8,1.522
1650105600000,344.7,345.1,344.7,345.0,51.937
1650105660000,345.1,345.2,345.0,345.0,21.011
1650105720000,345.0,345.1,344.6,344.9,17.609
1650105780000,344.9,345.2,344.9,345.1,11.447
1650105840000,345.1,345.2,345.0,345.1,9.069
1650105900000,345.0,345.0,344.9,345.0,7.494
1650105960000,344.9,345.2,344.9,345.1,45.938
1650106020000,345.1,345.1,345.1,345.1,0.943
1650106080000,345.1,345.1,344.9,344.9,23.371
1650106140000,345.1,345.1,345.0,345.1,8.629
1650106200000,345.1,345.1,345.1,345.1,1.098
1650106260000,345.1,345.1,345.0,345.1,2.44
1650106320000,345.1,345.3,345.0,345.3,10.572
1650106380000,345.3,345.6,345.1,345.6,16.58
1650106440000,345.6,346.0,345.6,346.0,17.165
1650106500000,345.9,345.9,345.7,345.8,10.098
1650106560000,345.8,345.9,345.6,345.9,4.511
1650106620000,345.9,346.0,345.8,345.9,4.111
1650106680000,346.0,346.1,345.8,345.9,6.217
1650106740000,345.9,346.0,345.7,345.8,14.901
1650106800000,345.8,345.9,345.8,345.8,3.769
1650106860000,345.9,346.3,345.9,346.3,36.045
1650106920000,346.4,346.4,346.2,346.3,20.773
1650106980000,346.2,346.3,346.0,346.1,8.867
1650107040000,346.1,346.4,346.1,346.2,5.145
1650107100000,346.3,346.4,346.1,346.4,4.872
1650107160000,346.4,346.6,346.4,346.5,6.611
1650107220000,346.4,346.6,346.4,346.6,19.193
1650107280000,346.7,346.8,346.6,346.6,23.757
1650107340000,346.6,346.6,346.4,346.4,4.219
1650107400000,346.3,346.4,346.3,346.4,6.623
1650107460000,346.4,346.4,346.3,346.4,0.857
1650107520000,346.4,346.4,346.3,346.4,0.582
1650107580000,346.4,346.4,346.1,346.2,59.142
1650107640000,346.3,346.3,346.0,346.0,21.732
1650107700000,345.9,345.9,345.6,345.9,18.735
1650107760000,345.9,345.9,345.5,345.6,8.872
1650107820000,345.5,345.7,345.5,345.5,7.541
1650107880000,345.6,346.0,345.6,346.0,6.665
1650107940000,345.9,345.9,345.9,345.9,2.541
1650108000000,345.9,345.9,345.8,345.8,37.572
1650108060000,346.0,346.4,346.0,346.4,15.915
1650108120000,346.3,346.4,346.1,346.2,2.751
1650108180000,346.3,346.4,346.3,346.4,6.429
1650108240000,346.4,346.4,346.2,346.2,3.822
1650108300000,346.2,346.2,346.2,346.2,3.097
1650108360000,346.2,346.4,346.2,346.2,13.211
1650108420000,346.2,346.3,346.2,346.3,2.422
1650108480000,346.3,346.3,346.0,346.0,4.119
1650108540000,346.1,346.2,346.1,346.2,3.555
1650108600000,346.1,346.1,345.9,345.9,71.751
1650108660000,345.9,346.0,345.9,345.9,8.467
1650108720000,345.8,345.8,345.8,345.8,2.078
1650108780000,345.9,346.0,345.8,345.8,1.289
1650108840000,345.9,345.9,345.8,345.8,5.396
1650108900000,345.8,345.8,345.8,345.8,0.738
1650108960000,346.0,346.2,346.0,346.1,1.764
1650109020000,346.0,346.0,345.9,346.0,8.978
1650109080000,346.1,346.1,346.0,346.0,2.695
1650109140000,346.0,346.0,345.9,345.9,2.513
1650109200000,345.8,346.0,345.8,346.0,5.204
1650109260000,345.9,346.1,345.9,346.0,10.184
1650109320000,346.0,346.1,346.0,346.0,3.917
1650109380000,346.0,346.0,345.9,346.0,6.685
1650109440000,345.9,346.1,345.9,346.1,4.14
1650109500000,346.0,346.1,346.0,346.1,2.362
1650109560000,345.9,345.9,345.6,345.6,9.758
1650109620000,345.6,345.6,345.5,345.5,9.197
1650109680000,345.5,345.6,345.3,345.3,20.691
1650109740000,345.2,345.2,344.9,344.9,17.57
1650109800000,344.9,345.1,344.7,344.9,63.634
1650109860000,344.8,345.2,344.8,345.0,31.005
1650109920000,345.0,345.0,344.7,344.7,10.277
1650109980000,344.9,345.0,344.8,344.9,5.132
1650110040000,345.0,345.0,344.8,345.0,1.722
1650110100000,344.9,345.0,344.9,344.9,1.624
1650110160000,344.9,345.2,344.8,345.0,44.454
1650110220000,345.0,345.0,344.9,345.0,13.794
1650110280000,344.9,344.9,344.9,344.9,1.66
1650110340000,344.8,345.0,344.8,345.0,0.079
1650110400000,345.0,345.1,344.5,344.7,74.651
1650110460000,344.7,345.0,344.7,344.9,46.114
1650110520000,345.1,345.2,345.0,345.2,24.765
1650110580000,345.3,345.5,345.3,345.3,18.905
1650110640000,345.3,345.3,345.3,345.3,0.042
1650110700000,345.3,345.5,345.3,345.5,34.78
1650110760000,345.4,345.7,345.4,345.7,21.076
1650110820000,345.7,345.8,345.7,345.7,1.381
1650110880000,345.7,345.8,345.7,345.8,11.893
1650110940000,345.9,345.9,345.6,345.7,2.506
1650111000000,345.6,345.6,345.4,345.4,13.116
1650111060000,345.5,345.6,345.4,345.6,3.78
1650111120000,345.5,345.5,345.5,345.5,1.829
1650111180000,345.4,345.4,345.4,345.4,11.613
1650111240000,345.4,345.4,345.2,345.2,0.495
1650111300000,345.2,345.2,344.9,344.9,11.013
1650111360000,345.0,345.2,345.0,345.1,4.249
1650111420000,345.1,345.2,345.1,345.2,6.43
1650111480000,345.1,345.3,345.1,345.3,2.314
1650111540000,345.2,345.2,345.2,345.2,2.141
1650111600000,345.2,345.3,345.1,345.1,4.942
1650111660000,345.2,345.4,345.0,345.1,84.384
1650111720000,345.1,345.3,345.1,345.3,14.969
1650111780000,345.5,345.8,345.5,345.7,10.393
1650111840000,345.8,346.5,345.8,346.2,276.916
1650111900000,346.1,346.1,345.9,346.0,9.433
1650111960000,346.0,346.0,346.0,346.0,0.029
1650112020000,346.1,346.4,346.1,346.4,9.499
1650112080000,346.5,346.5,346.3,346.3,1.915
1650112140000,346.3,346.5,346.3,346.5,5.482
1650112200000,346.4,346.5,346.3,346.4,10.135
1650112260000,346.6,346.6,346.6,346.6,0.22
1650112320000,346.6,346.8,346.6,346.8,5.901
1650112380000,346.7,346.9,346.7,346.9,14.068
1650112440000,346.8,347.1,346.8,347.1,16.106
1650112500000,347.0,347.1,347.0,347.0,10.137
1650112560000,347.0,347.0,346.7,346.7,11.684
1650112620000,346.6,346.6,346.6,346.6,14.607
1650112680000,346.6,346.6,346.5,346.5,12.141
1650112740000,346.4,346.4,346.0,346.0,5.64
1650112800000,346.0,346.4,345.9,346.4,10.998
1650112860000,346.4,346.4,346.1,346.1,16.278
1650112920000,346.1,346.1,346.1,346.1,6.87
1650112980000,346.1,346.1,346.1,346.1,0.645
1650113040000,346.2,346.2,346.1,346.2,2.565
1650113100000,346.2,346.5,346.2,346.5,7.098
1650113160000,346.5,346.6,346.5,346.6,8.538
1650113220000,346.6,346.6,346.2,346.2,16.656
1650113280000,346.3,346.4,346.2,346.2,31.683
1650113340000,346.1,346.1,346.1,346.1,1.314
1650113400000,346.1,346.2,346.1,346.2,6.517
1650113460000,346.2,346.2,345.9,345.9,12.103
1650113520000,345.8,345.9,345.7,345.9,57.072
1650113580000,345.9,346.2,345.9,346.1,59.007
1650113640000,346.2,346.3,346.2,346.3,0.845
1650113700000,346.3,346.3,346.2,346.2,3.307
1650113760000,346.2,346.2,346.2,346.2,0.351
1650113820000,346.2,346.2,346.1,346.1,1.26
1650113880000,346.1,346.2,345.9,346.0,36.825
1650113940000,345.9,346.2,345.7,346.2,200.884
1650114000000,346.2,346.4,345.9,346.1,45.102
1650114060000,346.1,346.1,346.1,346.1,4.434
1650114120000,346.0,346.0,346.0,346.0,0.067
1650114180000,346.2,346.2,346.2,346.2,0.187
1650114240000,346.0,346.0,346.0,346.0,3.994
1650114300000,346.0,346.1,346.0,346.1,1.588
1650114360000,346.1,346.2,346.1,346.1,6.76
1650114420000,346.2,346.3,346.2,346.3,5.433
1650114480000,346.4,346.4,346.1,346.3,23.98
1650114540000,346.3,346.3,346.2,346.3,10.309
1650114600000,346.2,346.5,346.2,346.3,11.351
1650114660000,346.4,346.4,346.1,346.1,15.996
1650114720000,346.2,346.5,346.2,346.4,19.327
1650114780000,346.3,346.3,346.1,346.3,7.746
1650114840000,346.1,346.1,346.1,346.1,0.5
1650114900000,346.0,346.0,345.9,345.9,7.707
1650114960000,345.9,345.9,345.8,345.8,0.161
1650115020000,345.8,345.9,345.7,345.7,5.164
1650115080000,345.7,345.7,345.6,345.7,34.535
1650115140000,345.7,345.8,345.7,345.8,5.012
1650115200000,345.8,346.2,345.8,346.0,6.432
1650115260000,346.0,346.0,345.8,345.9,0.961
1650115320000,345.8,346.1,345.8,346.1,10.014
1650115380000,346.0,346.1,346.0,346.0,1.576
1650115440000,346.0,346.0,346.0,346.0,0.052
1650115500000,346.1,346.4,346.0,346.4,19.749
1650115560000,346.3,346.4,346.3,346.4,32.75
1650115620000,346.2,346.3,346.2,346.2,18.091
1650115680000,346.2,346.2,345.9,346.1,2.24
1650115740000,346.0,346.0,345.6,345.6,18.842
1650115800000,345.7,345.7,345.7,345.7,5.359
1650115860000,345.5,345.6,345.2,345.5,45.49
1650115920000,345.4,345.5,345.1,345.1,21.705
1650115980000,345.2,345.2,344.7,344.7,44.138
1650116040000,344.7,345.1,344.7,345.1,3.27
1650116100000,345.0,345.2,345.0,345.0,10.611
1650116160000,345.0,345.0,344.7,344.7,10.326
1650116220000,344.8,345.1,344.8,345.0,44.192
1650116280000,345.1,345.4,345.1,345.2,3.272
1650116340000,345.3,345.3,344.8,345.1,25.184
1650116400000,344.9,344.9,344.9,344.9,5.25
1650116460000,344.9,344.9,344.9,344.9,2.159
1650116520000,345.0,345.1,344.8,345.0,16.312
1650116580000,345.0,345.0,345.0,345.0,2.123
1650116640000,345.0,345.0,344.3,344.3,81.242
1650116700000,344.3,344.8,344.3,344.7,8.118
1650116760000,344.6,344.6,344.1,344.1,41.886
1650116820000,344.2,344.2,344.0,344.0,29.426
1650116880000,344.1,344.1,344.0,344.1,0.338
1650116940000,344.1,344.1,344.1,344.1,0.0
1650117000000,344.1,344.2,344.1,344.2,16.647
1650117060000,344.2,344.3,344.2,344.2,1.534
1650117120000,344.2,344.2,344.1,344.1,9.125
1650117180000,344.1,344.1,344.1,344.1,16.767
1650117240000,344.2,344.2,344.1,344.1,3.269
1650117300000,344.1,344.1,343.7,343.8,60.444
1650117360000,343.7,343.9,343.7,343.9,11.318
1650117420000,344.0,344.1,343.9,343.9,4.323
1650117480000,343.9,343.9,343.8,343.9,3.68
1650117540000,343.8,344.2,343.8,344.1,17.828
1650117600000,344.1,344.2,344.0,344.2,9.588
1650117660000,344.2,344.3,344.2,344.3,3.402
1650117720000,344.0,344.0,343.9,344.0,4.598
1650117780000,344.1,344.2,344.1,344.2,1.0
1650117840000,344.2,344.3,344.2,344.3,0.952
1650117900000,344.2,344.4,344.1,344.2,20.74
1650117960000,344.2,344.3,344.2,344.3,2.342
1650118020000,344.4,344.5,344.3,344.5,10.559
1650118080000,344.5,344.8,344.5,344.8,12.687
1650118140000,344.7,344.7,344.5,344.7,5.462
1650118200000,344.6,344.7,344.5,344.7,5.387
1650118260000,344.7,345.0,344.7,345.0,64.852
1650118320000,345.0,345.0,344.7,344.7,8.384
1650118380000,344.7,344.7,344.3,344.3,22.444
1650118440000,344.3,344.3,344.2,344.2,9.35
1650118500000,344.1,344.1,343.8,343.8,11.164
1650118560000,343.9,344.0,343.9,343.9,4.452
1650118620000,344.0,344.1,343.8,344.1,63.833
1650118680000,344.0,344.0,343.8,343.8,41.446
1650118740000,343.7,343.8,343.7,343.7,1.8
1650118800000,343.7,343.7,343.5,343.6,11.511
1650118860000,343.6,343.7,342.8,343.0,93.456
1650118920000,343.1,343.6,343.1,343.6,46.743
1650118980000,343.6,343.7,343.6,343.7,29.633
1650119040000,343.8,343.8,343.8,343.8,19.766
1650119100000,343.8,343.8,343.2,343.3,60.692
1650119160000,343.3,344.0,343.3,344.0,120.327
1650119220000,344.0,344.1,344.0,344.1,0.116
1650119280000,344.1,344.1,344.0,344.0,7.959
1650119340000,344.0,344.2,344.0,344.2,10.694
1650119400000,344.1,344.3,344.1,344.3,6.807
1650119460000,344.4,344.4,343.8,343.8,7.43
1650119520000,343.9,344.0,343.7,344.0,13.008
1650119580000,344.0,344.1,344.0,344.0,3.305
1650119640000,344.0,344.0,343.8,344.0,14.033
1650119700000,343.9,343.9,343.9,343.9,10.16
1650119760000,343.8,343.9,343.8,343.9,0.148
1650119820000,343.8,343.9,343.8,343.9,10.496
1650119880000,343.9,344.2,343.9,344.2,47.985
1650119940000,344.2,344.3,344.1,344.2,48.211
1650120000000,344.2,344.3,344.2,344.3,14.793
1650120060000,344.3,344.3,344.2,344.2,3.003
1650120120000,344.2,344.2,344.2,344.2,7.02
1650120180000,344.1,344.5,344.1,344.3,35.474
1650120240000,344.4,344.8,344.4,344.4,40.291
1650120300000,344.5,344.6,344.5,344.5,21.013
1650120360000,344.5,344.6,344.5,344.6,3.057
1650120420000,344.4,344.4,344.1,344.2,23.858
1650120480000,344.2,344.2,344.2,344.2,8.306
1650120540000,344.2,344.2,344.1,344.2,1.946
1650120600000,344.2,344.2,344.2,344.2,30.77
1650120660000,344.2,344.6,344.2,344.6,17.232
1650120720000,344.6,345.1,344.5,345.1,92.091
1650120780000,345.0,345.0,344.9,345.0,25.726
1650120840000,345.0,345.1,345.0,345.1,15.712
1650120900000,345.1,345.1,345.0,345.1,6.303
1650120960000,345.0,345.2,345.0,345.1,17.565
1650121020000,345.0,345.1,345.0,345.0,5.887
1650121080000,345.0,345.1,344.9,345.0,15.264
1650121140000,345.0,345.2,345.0,345.2,38.76
1650121200000,345.2,346.3,345.2,346.1,113.788
1650121260000,346.1,346.1,345.8,346.0,4.211
1650121320000,346.1,346.3,345.7,345.9,55.867
1650121380000,345.8,345.8,345.1,345.3,163.116
1650121440000,345.3,345.3,344.9,345.3,41.148
1650121500000,345.0,345.0,344.7,344.7,21.13
1650121560000,345.1,345.2,345.1,345.2,2.007
1650121620000,345.3,345.6,345.0,345.0,15.868
1650121680000,345.0,345.1,344.7,344.8,9.722
1650121740000,344.9,344.9,344.3,344.3,18.298
1650121800000,344.4,344.5,344.2,344.5,72.666
1650121860000,344.4,344.5,344.3,344.5,9.652
1650121920000,344.3,344.3,344.3,344.3,0.609
1650121980000,344.2,344.2,343.2,343.2,69.251
1650122040000,343.2,343.2,341.7,341.7,367.391
1650122100000,341.9,342.1,341.1,342.1,212.511
1650122160000,342.0,342.5,341.8,342.5,42.936
1650122220000,342.3,342.8,342.1,342.8,54.685
1650122280000,342.8,342.8,342.6,342.8,21.044
1650122340000,342.8,342.8,342.3,342.3,37.698
1650122400000,342.4,342.4,341.8,341.9,11.773
1650122460000,341.8,341.8,341.3,341.4,50.501
1650122520000,341.4,342.0,341.4,342.0,31.64
1650122580000,342.2,342.2,341.7,341.7,14.321
1650122640000,341.9,341.9,341.7,341.7,26.488
1650122700000,341.6,341.7,341.6,341.7,11.682
1650122760000,341.7,342.0,341.7,342.0,23.32
1650122820000,342.0,342.1,341.8,342.1,31.395
1650122880000,342.1,342.3,342.1,342.2,12.47
1650122940000,342.3,342.3,341.9,341.9,15.193
1650123000000,341.8,342.3,341.8,342.2,21.05
1650123060000,342.3,342.3,342.0,342.2,19.144
1650123120000,342.0,342.0,341.8,341.8,47.521
1650123180000,341.8,341.8,341.3,341.3,21.496
1650123240000,341.3,341.3,340.2,340.6,308.37
1650123300000,340.5,340.7,340.3,340.6,40.252
1650123360000,340.6,341.1,340.5,340.9,61.804
1650123420000,341.0,341.0,340.6,340.6,18.086
1650123480000,340.6,340.6,339.7,340.0,140.058
1650123540000,339.9,340.0,338.7,339.5,73.177
1650123600000,339.6,340.4,339.6,340.3,36.403
1650123660000,340.3,341.0,340.1,340.4,18.915
1650123720000,340.5,340.6,340.2,340.3,28.688
1650123780000,340.2,340.5,340.0,340.4,25.598
1650123840000,340.6,340.9,340.6,340.8,29.583
1650123900000,340.7,340.8,340.2,340.4,26.892
1650123960000,340.3,341.4,340.3,341.4,35.685
1650124020000,341.3,341.8,341.1,341.7,28.58
1650124080000,341.6,341.6,340.9,340.9,65.254
1650124140000,340.9,341.0,340.8,341.0,19.915
1650124200000,341.0,341.3,340.9,340.9,19.736
1650124260000,340.9,341.1,340.8,340.9,22.471
1650124320000,340.9,341.0,340.4,340.5,18.499
1650124380000,340.4,340.4,339.8,340.0,120.019
1650124440000,339.9,340.2,339.8,340.0,68.742
1650124500000,340.1,340.5,340.1,340.2,59.818
1650124560000,340.1,340.1,339.4,339.5,74.571
1650124620000,339.5,340.1,339.2,339.9,126.319
1650124680000,339.8,339.8,339.6,339.6,60.027
1650124740000,339.6,340.5,339.4,340.0,185.8
1650124800000,339.9,339.9,339.5,339.8,39.867
1650124860000,339.8,339.9,339.4,339.5,237.376
1650124920000,339.6,340.0,339.5,340.0,40.681
1650124980000,340.2,340.3,339.9,339.9,23.237
1650125040000,339.9,340.0,339.2,339.2,23.29
1650125100000,339.1,339.6,339.1,339.6,69.68
1650125160000,339.6,340.0,339.6,340.0,34.575
1650125220000,339.8,339.9,339.5,339.6,9.001
1650125280000,339.7,339.9,339.6,339.8,11.275
1650125340000,339.7,340.0,339.7,339.8,12.147
1650125400000,339.7,340.1,339.7,340.1,16.858
1650125460000,340.0,340.5,339.9,340.5,14.005
1650125520000,340.6,341.5,340.5,340.6,263.302
1650125580000,340.5,340.5,340.3,340.4,11.899
1650125640000,340.3,340.4,340.3,340.4,8.186
1650125700000,340.4,340.8,340.4,340.7,28.718
1650125760000,340.7,340.8,340.5,340.6,14.232
1650125820000,340.7,340.7,340.6,340.6,2.698
1650125880000,340.6,340.9,340.6,340.8,18.506
1650125940000,340.8,341.0,340.6,340.6,6.687
1650126000000,340.6,341.1,340.6,340.8,46.577
1650126060000,340.8,341.0,340.8,340.8,9.609
1650126120000,340.8,341.3,340.7,341.1,13.264
1650126180000,341.2,341.3,341.0,341.0,33.045
1650126240000,341.1,341.2,341.1,341.2,8.806
1650126300000,341.2,341.6,341.0,341.6,128.822
1650126360000,341.6,341.6,341.3,341.3,2.945
1650126420000,341.4,341.4,341.1,341.2,140.171
1650126480000,341.2,341.2,341.0,341.1,2.494
1650126540000,341.1,341.1,340.8,340.8,13.216
1650126600000,340.8,341.2,340.8,341.0,35.56
1650126660000,341.0,341.2,340.9,341.2,5.655
1650126720000,341.0,341.0,340.8,340.9,13.3
1650126780000,341.1,341.1,341.0,341.0,1.624
1650126840000,341.1,341.1,340.8,340.9,11.217
1650126900000,340.8,340.8,340.5,340.6,31.561
1650126960000,340.6,340.8,340.6,340.8,11.817
1650127020000,340.8,340.8,340.4,340.6,37.481
1650127080000,340.7,341.1,340.6,340.8,18.34
1650127140000,340.9,341.0,340.8,340.9,6.217
1650127200000,340.9,341.2,340.8,341.2,21.221
1650127260000,341.2,341.2,341.1,341.1,18.471
1650127320000,341.1,341.1,340.9,340.9,3.862
1650127380000,340.9,341.1,340.9,341.0,9.683
1650127440000,341.1,341.2,341.0,341.0,9.574
1650127500000,341.1,341.1,340.8,340.9,8.448
1650127560000,340.8,340.9,340.8,340.9,12.935
1650127620000,340.9,340.9,340.6,340.6,21.855
1650127680000,340.7,340.7,340.6,340.7,3.457
1650127740000,340.7,340.9,340.7,340.9,7.808
1650127800000,340.8,340.9,340.6,340.7,25.029
1650127860000,340.7,340.8,340.6,340.8,5.411
1650127920000,340.8,340.9,340.6,340.9,46.457
1650127980000,340.9,340.9,340.8,340.8,0.888
1650128040000,340.9,340.9,340.7,340.7,1.982
1650128100000,340.8,340.9,340.7,340.8,8.91
1650128160000,340.8,341.2,340.8,341.1,81.328
1650128220000,341.0,341.1,341.0,341.0,3.561
1650128280000,341.2,341.4,341.2,341.3,15.313
1650128340000,341.3,341.3,341.1,341.1,5.62
1650128400000,341.1,341.5,341.0,341.5,16.957
1650128460000,341.4,341.4,341.2,341.4,19.929
1650128520000,341.4,341.5,341.3,341.4,32.573
1650128580000,341.3,341.4,341.1,341.2,15.862
1650128640000,341.2,341.2,341.2,341.2,0.498
1650128700000,341.1,341.2,341.0,341.0,6.925
1650128760000,340.9,341.0,340.6,340.6,19.871
1650128820000,340.7,340.7,340.6,340.7,1.872
1650128880000,340.7,340.7,340.5,340.5,1.902
1650128940000,340.5,340.5,340.4,340.5,7.523
1650129000000,340.4,340.5,340.1,340.3,159.319
1650129060000,340.3,340.5,340.3,340.3,11.594
1650129120000,340.4,340.5,340.1,340.1,75.553
1650129180000,340.1,340.1,340.0,340.0,29.727
1650129240000,340.1,340.4,340.1,340.2,21.221
1650129300000,340.1,340.1,340.1,340.1,0.5
1650129360000,340.2,340.4,340.2,340.3,9.17
1650129420000,340.1,340.2,340.0,340.0,1.365
1650129480000,340.0,340.1,340.0,340.1,0.962
1650129540000,340.2,340.2,340.2,340.2,1.312
1650129600000,340.1,340.2,340.0,340.0,4.441
1650129660000,340.0,340.1,340.0,340.1,5.293
1650129720000,340.1,340.3,340.1,340.3,0.566
1650129780000,340.3,340.3,340.3,340.3,0.314
1650129840000,340.2,340.2,340.0,340.0,13.175
1650129900000,339.9,340.0,339.9,339.9,0.243
1650129960000,339.8,340.0,339.8,340.0,6.241
1650130020000,340.0,340.2,340.0,340.2,9.5
1650130080000,340.1,340.2,339.9,340.0,11.348
1650130140000,340.2,340.2,339.7,339.9,60.191
1650130200000,339.8,340.0,339.7,339.7,3.929
1650130260000,339.7,339.8,339.7,339.8,1.603
1650130320000,339.8,340.0,339.8,339.9,8.121
1650130380000,340.0,340.0,339.8,339.8,0.903
1650130440000,339.8,340.0,339.8,339.9,3.894
1650130500000,339.9,339.9,339.8,339.8,9.209
1650130560000,339.9,339.9,339.9,339.9,4.555
1650130620000,339.9,339.9,339.8,339.8,8.487
1650130680000,340.0,340.1,340.0,340.1,7.508
1650130740000,340.1,340.1,339.8,339.9,16.18
1650130800000,340.1,340.2,340.1,340.2,0.138
1650130860000,340.2,340.2,340.2,340.2,0.0
1650130920000,340.0,340.1,340.0,340.1,4.1
1650130980000,340.1,340.1,339.8,339.8,16.244
1650131040000,339.9,340.0,339.9,340.0,3.705
1650131100000,339.9,340.3,339.9,340.3,6.116
1650131160000,340.1,340.1,339.9,339.9,4.385
1650131220000,339.9,340.0,339.9,340.0,3.429
1650131280000,339.9,339.9,339.8,339.9,12.318
1650131340000,339.8,339.9,339.7,339.9,20.834
1650131400000,339.8,339.9,339.8,339.9,2.781
1650131460000,340.0,340.0,340.0,340.0,1.0
1650131520000,340.0,340.0,340.0,340.0,0.583
1650131580000,340.0,340.1,340.0,340.1,4.574
1650131640000,340.2,340.2,340.2,340.2,8.599
1650131700000,340.1,340.1,339.9,339.9,0.371
1650131760000,339.8,340.2,339.8,340.2,13.461
1650131820000,340.1,340.1,339.9,340.0,0.856
1650131880000,339.9,340.0,339.9,340.0,0.38
1650131940000,340.0,340.2,339.9,340.1,12.434
1650132000000,340.2,340.3,340.1,340.3,5.067
1650132060000,340.3,340.3,340.3,340.3,6.793
1650132120000,340.2,340.3,340.2,340.3,0.711
1650132180000,340.3,340.3,340.3,340.3,0.0
1650132240000,340.3,340.5,340.3,340.5,8.97
1650132300000,340.4,340.7,340.4,340.6,26.76
1650132360000,340.6,340.7,340.6,340.7,4.453
1650132420000,340.7,340.9,340.7,340.9,4.368
1650132480000,340.9,341.0,340.9,340.9,1.027
1650132540000,340.9,341.1,340.8,341.1,7.236
1650132600000,341.0,341.0,340.8,340.8,43.393
1650132660000,340.7,340.8,340.6,340.6,22.155
1650132720000,340.6,340.7,340.6,340.6,16.047
1650132780000,340.6,340.6,340.6,340.6,0.0
1650132840000,340.7,340.7,340.5,340.5,0.814
1650132900000,340.4,340.4,340.3,340.3,4.156
1650132960000,340.4,340.4,340.4,340.4,0.056
1650133020000,340.4,340.4,340.2,340.2,4.254
1650133080000,340.2,340.2,340.1,340.2,1.284
1650133140000,340.2,340.2,340.1,340.1,0.14
1650133200000,340.1,340.1,340.1,340.1,0.113
1650133260000,340.1,340.1,340.1,340.1,0.0
1650133320000,340.1,340.1,339.9,340.0,5.579
1650133380000,340.0,340.0,339.9,340.0,4.502
1650133440000,340.0,340.1,340.0,340.1,19.592
1650133500000,339.9,340.1,339.9,340.1,4.126
1650133560000,340.1,340.2,340.1,340.1,16.573
1650133620000,340.2,340.4,340.2,340.4,0.698
1650133680000,340.4,340.4,340.4,340.4,0.718
1650133740000,340.4,340.4,340.3,340.3,0.68
1650133800000,340.2,340.2,340.2,340.2,0.425
1650133860000,340.2,340.2,340.2,340.2,0.0
1650133920000,340.2,340.2,340.2,340.2,0.81
1650133980000,340.2,340.2,340.2,340.2,8.671
1650134040000,340.2,340.2,339.9,340.0,34.373
1650134100000,340.0,340.4,339.9,340.4,131.964
1650134160000,340.4,340.4,340.2,340.2,39.436
1650134220000,340.1,340.1,340.1,340.1,0.084
1650134280000,340.1,340.1,340.1,340.1,1.509
1650134340000,340.1,340.2,340.1,340.2,3.762
1650134400000,340.1,340.4,340.1,340.3,6.561
1650134460000,340.3,340.4,340.3,340.4,2.584
1650134520000,340.3,340.4,340.3,340.4,2.833
1650134580000,340.4,340.4,340.2,340.2,39.983
1650134640000,340.3,340.3,340.3,340.3,1.644
1650134700000,340.4,340.6,340.4,340.6,8.947
1650134760000,340.7,340.7,340.7,340.7,6.32
1650134820000,340.7,340.7,340.5,340.6,3.036
1650134880000,340.6,340.6,340.6,340.6,0.124
1650134940000,340.6,340.7,340.6,340.7,12.713
1650135000000,340.8,340.8,340.8,340.8,0.301
1650135060000,340.9,340.9,340.8,340.8,1.313
1650135120000,340.9,340.9,340.9,340.9,0.379
1650135180000,340.8,340.9,340.8,340.8,17.631
1650135240000,340.8,341.1,340.8,340.9,40.42
1650135300000,340.9,341.2,340.9,341.1,18.435
1650135360000,341.2,341.2,341.1,341.1,0.286
1650135420000,341.1,341.1,341.1,341.1,3.787
1650135480000,341.1,341.1,341.1,341.1,0.073
1650135540000,341.1,341.1,341.0,341.1,8.432
1650135600000,341.0,341.3,341.0,341.3,13.33
1650135660000,341.3,341.4,341.3,341.3,20.305
1650135720000,341.4,341.6,341.4,341.6,5.986
1650135780000,341.6,341.6,341.5,341.5,2.197
1650135840000,341.6,341.9,341.6,341.7,14.678
1650135900000,341.7,341.8,341.6,341.6,58.395
1650135960000,341.6,341.6,341.5,341.5,0.634
1650136020000,341.4,341.5,341.3,341.4,2.288
1650136080000,341.4,341.4,341.4,341.4,0.558
1650136140000,341.4,341.4,341.3,341.3,3.735
1650136200000,341.3,341.8,341.3,341.7,68.382
1650136260000,341.7,341.8,341.7,341.7,3.272
1650136320000,341.7,341.8,341.6,341.8,3.731
1650136380000,341.8,342.1,341.8,342.1,26.183
1650136440000,342.1,342.2,342.0,342.1,14.31
1650136500000,342.1,342.1,342.0,342.1,1.095
1650136560000,342.0,342.1,341.9,342.0,10.626
1650136620000,342.0,342.0,341.9,341.9,2.982
1650136680000,341.9,341.9,341.9,341.9,0.237
1650136740000,341.9,342.1,341.8,342.1,10.638
1650136800000,342.1,342.1,342.0,342.0,11.415
1650136860000,341.9,342.0,341.9,342.0,1.037
1650136920000,342.0,342.0,341.8,341.8,1.984
1650136980000,342.0,342.0,341.8,341.8,7.331
1650137040000,341.9,341.9,341.9,341.9,0.586
1650137100000,341.9,342.1,341.9,342.1,8.445
1650137160000,342.2,342.3,342.1,342.2,15.048
1650137220000,342.3,342.3,342.3,342.3,3.561
1650137280000,342.3,342.6,342.3,342.5,20.671
1650137340000,342.4,342.4,342.3,342.4,9.208
1650137400000,342.5,342.5,342.2,342.4,44.837
1650137460000,342.4,342.6,342.3,342.3,18.606
1650137520000,342.2,342.2,342.0,342.2,10.774
1650137580000,342.1,342.2,342.1,342.2,6.043
1650137640000,342.2,342.5,342.2,342.5,8.779
1650137700000,342.5,342.5,342.5,342.5,0.0
1650137760000,342.6,342.6,342.6,342.6,0.097
1650137820000,342.5,342.5,342.4,342.4,2.785
1650137880000,342.4,342.4,342.4,342.4,0.105
1650137940000,342.4,342.5,342.4,342.5,2.272
1650138000000,342.5,342.5,342.4,342.4,5.067
1650138060000,342.3,342.3,342.2,342.2,10.53
1650138120000,342.2,342.3,342.1,342.1,13.554
1650138180000,342.1,342.1,341.9,342.1,3.589
1650138240000,342.0,342.0,342.0,342.0,1.338
1650138300000,342.1,342.2,342.1,342.2,2.863
1650138360000,342.2,342.2,341.7,341.7,74.706
1650138420000,341.8,341.8,341.8,341.8,2.495
1650138480000,341.8,341.8,341.8,341.8,0.147
1650138540000,341.8,341.8,341.3,341.3,70.173
1650138600000,341.4,341.4,341.1,341.4,82.288
1650138660000,341.4,341.7,341.4,341.7,14.775
1650138720000,341.7,341.7,341.6,341.6,0.608
1650138780000,341.6,341.6,341.5,341.5,0.062
1650138840000,341.6,341.6,341.6,341.6,3.04
1650138900000,341.5,341.5,341.5,341.5,0.348
1650138960000,341.5,341.5,341.5,341.5,3.138
1650139020000,341.5,341.5,341.4,341.4,1.572
1650139080000,341.5,341.8,341.5,341.7,3.49
1650139140000,341.7,341.8,341.6,341.6,1.092
1650139200000,341.5,341.5,341.0,341.0,6.803
1650139260000,341.1,341.3,341.1,341.3,17.224
1650139320000,341.3,341.4,341.3,341.4,3.285
1650139380000,341.4,341.4,341.2,341.2,2.444
1650139440000,341.2,341.4,341.2,341.3,4.579
1650139500000,341.3,341.3,341.2,341.2,1.61
1650139560000,341.1,341.2,341.1,341.2,1.984
1650139620000,341.2,341.2,341.2,341.2,1.132
1650139680000,341.3,341.4,341.3,341.4,0.706
1650139740000,341.4,341.6,341.4,341.6,2.819
1650139800000,341.6,341.6,341.5,341.5,13.584
1650139860000,341.5,341.5,341.3,341.3,1.606
1650139920000,341.2,341.2,341.2,341.2,3.636
1650139980000,341.1,341.1,341.0,341.0,2.469
1650140040000,341.1,341.1,341.1,341.1,0.847
1650140100000,341.0,341.0,341.0,341.0,1.19
1650140160000,341.2,341.2,341.2,341.2,0.994
1650140220000,341.3,341.3,341.1,341.2,0.774
1650140280000,341.3,341.4,341.3,341.3,2.123
1650140340000,341.1,341.1,341.0,341.0,3.585
1650140400000,340.9,341.2,340.9,341.2,11.518
1650140460000,341.1,341.2,341.1,341.2,0.933
1650140520000,341.2,341.2,341.2,341.2,0.209
1650140580000,341.1,341.2,341.1,341.1,14.633
1650140640000,341.1,341.2,341.0,341.0,9.611
1650140700000,341.0,341.0,341.0,341.0,0.775
1650140760000,341.1,341.2,341.1,341.1,7.564
1650140820000,341.2,341.5,341.2,341.4,2.847
1650140880000,341.3,341.5,341.3,341.4,16.415
1650140940000,341.4,341.5,341.3,341.4,2.208
1650141000000,341.2,341.5,341.2,341.5,3.158
1650141060000,341.5,341.6,341.0,341.1,7.323
1650141120000,341.1,341.1,341.0,341.0,9.14
1650141180000,341.1,341.1,340.9,341.0,5.812
1650141240000,340.9,341.0,340.9,341.0,20.95
1650141300000,341.0,341.0,340.9,340.9,0.992
1650141360000,341.0,341.0,341.0,341.0,0.098
1650141420000,340.9,340.9,340.8,340.8,30.809
1650141480000,340.8,340.8,340.7,340.7,1.733
1650141540000,340.6,340.7,340.6,340.7,0.327
1650141600000,340.6,340.6,340.5,340.5,158.749
1650141660000,340.7,340.7,340.7,340.7,2.82
1650141720000,340.7,340.7,340.2,340.2,78.823
1650141780000,340.2,340.2,340.1,340.2,16.813
1650141840000,340.3,340.3,340.2,340.2,28.372
1650141900000,340.2,340.2,340.0,340.0,6.978
1650141960000,340.0,340.0,339.8,339.9,15.859
1650142020000,339.9,340.1,339.9,340.0,37.531
1650142080000,339.9,340.2,339.9,340.2,16.772
1650142140000,340.2,340.2,340.2,340.2,5.678
1650142200000,340.1,340.2,340.1,340.2,16.638
1650142260000,340.3,340.3,340.2,340.2,0.829
1650142320000,340.2,341.9,340.2,341.6,209.369
1650142380000,341.6,341.9,341.4,341.4,13.872
1650142440000,341.3,341.4,341.2,341.4,17.202
1650142500000,341.5,341.5,341.3,341.3,6.111
1650142560000,341.3,341.3,341.0,341.2,21.868
1650142620000,341.1,341.1,340.8,341.0,4.902
1650142680000,341.0,341.1,340.8,340.9,49.148
1650142740000,340.8,340.8,340.5,340.5,42.515
1650142800000,340.6,340.7,340.5,340.7,26.804
1650142860000,340.7,340.8,340.7,340.8,22.847
1650142920000,340.8,340.8,340.6,340.6,7.302
1650142980000,340.7,340.7,340.4,340.4,41.993
1650143040000,340.4,340.5,340.4,340.4,17.357
1650143100000,340.5,340.5,340.4,340.4,1.173
1650143160000,340.3,340.5,340.3,340.5,16.691
1650143220000,340.4,340.5,340.4,340.4,11.742
1650143280000,340.5,340.7,340.5,340.6,5.053
1650143340000,340.6,340.6,340.4,340.6,4.801
1650143400000,340.3,340.3,340.3,340.3,1.965
1650143460000,340.3,340.3,340.1,340.1,13.856
1650143520000,340.1,340.2,340.0,340.0,3.971
1650143580000,340.0,340.0,340.0,340.0,0.0
1650143640000,340.1,340.1,340.1,340.1,0.501
1650143700000,340.1,340.1,340.1,340.1,6.93
1650143760000,340.0,340.0,339.9,339.9,3.024
1650143820000,339.9,339.9,339.8,339.9,11.601
1650143880000,339.9,340.0,339.9,339.9,2.189
1650143940000,339.9,339.9,339.9,339.9,0.0
1650144000000,340.0,340.1,340.0,340.0,33.792
1650144060000,340.0,340.0,339.8,339.8,5.649
1650144120000,339.8,340.0,339.8,340.0,1.293
1650144180000,340.0,340.0,340.0,340.0,4.855
1650144240000,340.0,340.1,340.0,340.1,1.27
1650144300000,340.1,340.5,340.1,340.5,30.4
1650144360000,340.5,340.5,340.4,340.4,1.826
1650144420000,340.5,340.5,340.5,340.5,0.279
1650144480000,340.5,340.5,340.2,340.4,18.007
1650144540000,340.5,340.5,340.5,340.5,0.294
1650144600000,340.4,340.5,340.4,340.4,2.602
1650144660000,340.5,340.5,340.5,340.5,0.042
1650144720000,340.5,340.5,340.5,340.5,0.678
1650144780000,340.5,340.5,340.2,340.2,3.925
1650144840000,340.4,340.4,340.4,340.4,0.07
1650144900000,340.4,340.4,340.4,340.4,0.163
1650144960000,340.4,340.4,340.2,340.2,0.098
1650145020000,340.2,340.2,340.2,340.2,0.0
1650145080000,340.3,340.4,340.3,340.4,15.187
1650145140000,340.6,340.6,340.6,340.6,0.146
1650145200000,340.6,340.6,340.4,340.4,4.886
1650145260000,340.4,340.4,340.4,340.4,0.043
1650145320000,340.4,340.4,340.4,340.4,0.0
1650145380000,340.5,340.5,340.5,340.5,0.124
1650145440000,340.5,340.8,340.5,340.8,7.165
1650145500000,340.8,340.8,340.8,340.8,0.0
1650145560000,340.8,340.9,340.7,340.9,7.542
1650145620000,340.9,341.9,340.9,341.5,24.866
1650145680000,341.6,341.7,341.5,341.6,2.719
1650145740000,341.5,341.5,341.4,341.5,1.056
1650145800000,341.3,341.5,341.3,341.5,1.153
1650145860000,341.4,341.4,341.3,341.3,3.402
1650145920000,341.3,341.4,341.3,341.4,0.222
1650145980000,341.4,341.4,341.4,341.4,0.0
1650146040000,341.4,341.6,341.4,341.5,22.427
1650146100000,341.4,341.8,341.4,341.7,59.62
1650146160000,341.5,341.5,341.5,341.5,12.379
1650146220000,341.4,341.7,341.4,341.7,7.969
1650146280000,341.5,341.6,341.5,341.6,3.363
1650146340000,341.8,341.8,341.6,341.6,0.927
1650146400000,341.8,342.0,341.8,341.9,11.856
1650146460000,342.0,343.1,342.0,342.6,101.734
1650146520000,342.6,342.6,342.3,342.4,17.456
1650146580000,342.4,343.0,342.4,342.8,97.423
1650146640000,342.6,343.0,342.6,343.0,31.902
1650146700000,343.0,343.0,343.0,343.0,0.031
1650146760000,343.0,343.7,342.9,343.5,71.127
1650146820000,343.5,344.0,343.5,344.0,12.527
1650146880000,344.0,344.0,343.8,343.8,26.901
1650146940000,343.7,343.8,343.7,343.7,35.795
1650147000000,343.6,344.0,343.4,344.0,86.796
1650147060000,343.7,343.7,343.4,343.4,7.123
1650147120000,343.4,343.6,343.3,343.6,24.562
1650147180000,343.5,343.7,343.3,343.4,56.052
1650147240000,343.3,343.3,343.2,343.2,7.756
1650147300000,343.2,343.2,342.8,342.8,3.644
1650147360000,342.9,343.0,342.8,342.9,14.601
1650147420000,343.1,343.1,343.1,343.1,4.433
1650147480000,343.1,343.4,343.1,343.4,3.668
1650147540000,343.3,343.3,343.1,343.3,8.265
1650147600000,343.3,343.4,343.3,343.4,2.428
1650147660000,343.4,343.4,343.3,343.4,2.025
1650147720000,343.3,343.3,342.3,342.5,48.509
1650147780000,342.4,342.8,342.4,342.8,8.493
1650147840000,342.8,342.9,342.8,342.9,12.893
1650147900000,342.9,342.9,342.8,342.8,2.418
1650147960000,342.8,342.8,342.5,342.5,0.632
1650148020000,342.5,342.5,342.5,342.5,0.0
1650148080000,342.6,342.6,342.2,342.4,33.412
1650148140000,342.5,342.5,342.5,342.5,0.5
1650148200000,342.6,342.6,342.4,342.4,2.843
1650148260000,342.4,342.4,342.2,342.2,2.679
1650148320000,342.0,342.1,342.0,342.0,6.05
1650148380000,341.9,341.9,341.7,341.8,19.322
1650148440000,341.8,341.9,341.8,341.9,1.531
1650148500000,341.9,342.1,341.8,342.1,24.659
1650148560000,342.2,342.3,341.9,341.9,22.184
1650148620000,341.9,341.9,341.9,341.9,0.0
1650148680000,341.9,342.0,341.9,341.9,2.69
1650148740000,342.1,342.1,341.8,341.8,0.397
1650148800000,341.8,341.9,341.8,341.9,0.06
1650148860000,341.9,342.0,341.9,342.0,3.177
1650148920000,342.0,342.1,342.0,342.1,1.487
1650148980000,342.1,342.2,342.0,342.1,6.636
1650149040000,342.2,342.3,342.2,342.3,6.903
1650149100000,342.3,342.5,342.3,342.5,3.564
1650149160000,342.6,342.7,342.6,342.7,5.69
1650149220000,342.7,342.8,342.7,342.8,0.364
1650149280000,342.7,342.7,342.4,342.4,16.825
1650149340000,342.3,342.3,342.1,342.1,7.018
1650149400000,342.2,342.2,342.1,342.1,1.03
1650149460000,342.1,342.2,342.1,342.2,6.188
1650149520000,342.1,342.1,342.0,342.0,9.225
1650149580000,341.9,341.9,341.8,341.8,7.939
1650149640000,341.8,341.9,341.7,341.9,13.831
1650149700000,341.9,341.9,341.9,341.9,2.798
1650149760000,341.8,341.9,341.8,341.8,4.933
1650149820000,341.8,342.2,341.8,342.1,20.634
1650149880000,342.1,342.1,342.0,342.1,0.128
1650149940000,342.0,342.1,342.0,342.1,11.923
1650150000000,342.1,342.2,341.9,342.2,7.043
1650150060000,342.0,342.0,342.0,342.0,2.506
1650150120000,341.9,342.2,341.9,341.9,16.576
1650150180000,342.0,342.2,342.0,342.2,8.846
1650150240000,342.2,342.3,342.2,342.2,2.895
1650150300000,342.3,342.3,342.3,342.3,0.241
1650150360000,342.3,342.3,342.3,342.3,0.0
1650150420000,342.4,342.4,342.4,342.4,2.37
1650150480000,342.3,342.3,342.3,342.3,0.03
1650150540000,342.3,342.3,342.3,342.3,2.301
1650150600000,342.3,342.7,342.3,342.7,42.186
1650150660000,342.7,342.7,342.5,342.7,5.594
1650150720000,342.6,342.6,342.4,342.4,7.827
1650150780000,342.4,342.8,342.4,342.8,12.537
1650150840000,342.7,342.7,342.5,342.5,8.465
1650150900000,342.6,342.6,342.5,342.6,1.526
1650150960000,342.7,342.9,342.6,342.8,21.628
1650151020000,342.9,342.9,342.9,342.9,1.294
1650151080000,343.0,343.0,342.9,342.9,0.62
1650151140000,342.9,342.9,342.9,342.9,0.203
1650151200000,342.9,342.9,342.9,342.9,0.167
1650151260000,342.8,342.8,342.7,342.7,0.882
1650151320000,342.9,343.0,342.8,343.0,11.381
1650151380000,343.0,343.0,343.0,343.0,0.0
1650151440000,342.9,343.1,342.9,343.1,7.714
1650151500000,343.0,343.0,343.0,343.0,1.918
1650151560000,342.9,343.4,342.9,343.4,18.458
1650151620000,343.2,343.2,343.1,343.1,2.603
1650151680000,343.1,343.1,343.1,343.1,0.0
1650151740000,343.2,343.5,343.1,343.5,17.609
1650151800000,343.6,343.7,343.6,343.6,8.923
1650151860000,343.5,343.5,343.4,343.4,6.318
1650151920000,343.5,343.5,343.5,343.5,0.061
1650151980000,343.5,343.6,343.5,343.6,4.689
1650152040000,343.7,343.7,343.4,343.4,9.915
1650152100000,343.3,343.3,343.3,343.3,0.071
1650152160000,343.3,343.3,343.3,343.3,0.0
1650152220000,343.3,343.3,343.3,343.3,0.0
1650152280000,343.5,343.5,343.5,343.5,1.682
1650152340000,343.5,343.5,343.3,343.3,1.195
1650152400000,343.4,343.6,343.3,343.6,9.8
1650152460000,343.7,343.8,343.7,343.7,8.051
1650152520000,343.7,343.9,343.7,343.9,1.914
1650152580000,343.8,343.9,343.8,343.9,1.423
1650152640000,343.8,343.8,343.8,343.8,1.0
1650152700000,343.9,343.9,343.8,343.8,0.317
1650152760000,343.7,343.8,343.5,343.8,12.093
1650152820000,343.7,343.9,343.7,343.8,8.333
1650152880000,343.8,343.8,343.6,343.6,11.434
1650152940000,343.5,343.5,343.2,343.3,31.806
1650153000000,343.2,343.2,343.1,343.1,5.82
1650153060000,343.1,343.3,343.1,343.3,2.205
1650153120000,343.1,343.1,343.0,343.0,2.628
1650153180000,343.0,343.0,343.0,343.0,34.327
1650153240000,343.0,343.2,343.0,343.0,49.299
1650153300000,343.0,343.0,343.0,343.0,3.868
1650153360000,342.9,343.2,342.9,343.2,3.495
1650153420000,343.2,343.2,343.2,343.2,0.375
1650153480000,343.2,343.2,342.8,342.8,11.737
1650153540000,342.9,342.9,342.8,342.8,11.18
1650153600000,342.8,343.0,342.7,342.9,41.087
1650153660000,342.8,343.0,342.8,342.9,4.864
1650153720000,342.9,343.2,342.9,343.2,4.032
1650153780000,343.2,343.3,343.2,343.3,9.427
1650153840000,343.2,343.8,343.2,343.5,48.009
1650153900000,343.6,343.9,343.6,343.9,19.063
1650153960000,344.0,344.2,343.9,343.9,48.664
1650154020000,343.7,343.9,343.6,343.7,5.836
1650154080000,343.8,344.2,343.7,344.1,16.642
1650154140000,344.1,344.3,344.1,344.3,9.321
1650154200000,344.3,344.4,344.2,344.4,9.907
1650154260000,344.2,344.3,343.9,344.0,29.177
1650154320000,344.0,344.0,343.8,343.9,19.677
1650154380000,343.9,344.1,343.9,344.1,2.971
1650154440000,344.1,344.1,343.8,344.0,129.199
1650154500000,344.1,344.3,344.1,344.3,8.44
1650154560000,344.1,344.1,344.0,344.0,6.337
1650154620000,344.2,344.3,344.2,344.3,3.916
1650154680000,344.3,344.4,344.2,344.4,14.092
1650154740000,344.4,344.9,344.4,344.8,29.927
1650154800000,344.8,345.0,344.7,344.7,97.547
1650154860000,344.9,344.9,344.4,344.4,131.757
1650154920000,344.4,344.4,344.2,344.2,2.933
1650154980000,344.2,344.4,344.2,344.3,21.155
1650155040000,344.3,344.4,344.1,344.4,90.115
1650155100000,344.4,344.4,344.4,344.4,2.648
1650155160000,344.4,344.8,344.4,344.5,50.433
1650155220000,344.5,344.6,344.1,344.1,8.717
1650155280000,344.0,344.3,343.9,344.1,24.263
1650155340000,344.1,344.1,344.1,344.1,0.038
1650155400000,344.1,344.3,343.8,343.9,110.588
1650155460000,343.9,343.9,343.9,343.9,2.929
1650155520000,344.0,344.2,344.0,344.1,15.138
1650155580000,344.2,344.4,344.2,344.3,13.762
1650155640000,344.3,344.4,344.1,344.1,1.739
1650155700000,344.2,344.3,344.1,344.1,1.664
1650155760000,344.1,344.1,344.1,344.1,0.865
1650155820000,344.0,344.0,343.8,343.9,2.831
1650155880000,343.8,343.8,343.3,343.3,23.379
1650155940000,343.2,343.6,343.2,343.6,2.693
1650156000000,343.6,343.7,343.6,343.7,0.738
1650156060000,343.7,343.7,343.7,343.7,0.0
1650156120000,343.4,343.5,343.4,343.5,3.849
1650156180000,343.6,343.7,343.5,343.5,65.937
1650156240000,343.5,343.6,343.5,343.5,43.068
1650156300000,343.6,343.6,343.5,343.5,4.465
1650156360000,343.4,343.7,343.3,343.7,43.677
1650156420000,343.7,343.7,343.5,343.7,1.843
1650156480000,343.7,343.7,343.7,343.7,0.552
1650156540000,343.6,343.7,343.6,343.7,3.637
1650156600000,343.8,344.2,343.8,343.9,23.037
1650156660000,343.9,343.9,343.9,343.9,0.746
1650156720000,344.0,344.1,344.0,344.1,2.457
1650156780000,344.1,344.2,344.1,344.2,1.119
1650156840000,344.3,344.5,344.3,344.5,5.346
1650156900000,344.3,344.3,344.2,344.3,7.131
1650156960000,344.2,344.2,344.2,344.2,0.099
1650157020000,344.2,344.3,344.2,344.3,0.928
1650157080000,344.2,344.3,344.2,344.2,0.545
1650157140000,344.3,344.3,344.3,344.3,2.614
1650157200000,344.3,344.4,344.2,344.2,3.206
1650157260000,344.2,344.2,344.2,344.2,0.2
1650157320000,344.2,344.4,344.2,344.3,7.84
1650157380000,344.3,344.5,344.3,344.5,5.283
1650157440000,344.5,344.5,344.5,344.5,0.29
1650157500000,344.5,344.5,344.4,344.4,4.294
1650157560000,344.4,344.4,344.4,344.4,0.1
1650157620000,344.4,344.4,343.9,343.9,6.229
1650157680000,343.9,343.9,343.8,343.8,3.631
1650157740000,343.8,344.2,343.8,344.2,15.319
1650157800000,344.2,344.4,344.2,344.3,10.904
1650157860000,344.3,344.5,344.3,344.4,6.657
1650157920000,344.5,344.5,344.5,344.5,0.721
1650157980000,344.3,344.5,344.1,344.1,26.747
1650158040000,344.1,344.1,344.1,344.1,0.121
1650158100000,344.1,344.2,344.1,344.1,1.703
1650158160000,344.1,344.1,344.0,344.1,4.586
1650158220000,344.0,344.0,343.7,343.8,33.076
1650158280000,343.8,343.8,343.7,343.7,3.237
1650158340000,343.7,343.7,343.6,343.6,9.18
1650158400000,343.5,343.6,343.5,343.6,0.61
1650158460000,343.7,343.8,343.5,343.8,43.976
1650158520000,343.8,343.9,343.5,343.8,19.61
1650158580000,343.7,344.1,343.7,344.1,8.916
1650158640000,344.1,344.2,344.0,344.0,2.347
1650158700000,344.0,344.0,344.0,344.0,0.15
1650158760000,344.0,344.1,344.0,344.0,1.185
1650158820000,344.0,344.1,344.0,344.1,2.049
1650158880000,344.0,344.4,344.0,344.3,6.164
1650158940000,344.2,344.3,344.2,344.3,1.452
1650159000000,344.2,344.3,344.2,344.2,0.248
1650159060000,344.1,344.2,344.1,344.2,0.554
1650159120000,344.1,344.2,344.0,344.1,0.839
1650159180000,344.0,344.0,343.9,343.9,1.89
1650159240000,343.9,344.1,343.9,344.1,4.771
1650159300000,344.1,344.2,344.0,344.1,16.598
1650159360000,344.1,344.4,344.1,344.4,5.885
1650159420000,344.3,344.5,344.3,344.4,1.829
1650159480000,344.4,344.4,344.3,344.3,3.933
1650159540000,344.2,344.4,344.2,344.3,0.83
1650159600000,344.3,344.3,344.3,344.3,4.386
1650159660000,344.4,344.4,344.3,344.3,2.891
1650159720000,344.3,344.3,344.3,344.3,0.452
1650159780000,344.3,344.4,344.2,344.2,1.892
1650159840000,344.2,344.3,344.1,344.3,2.17
1650159900000,344.3,344.5,344.3,344.5,17.942
1650159960000,344.5,344.7,344.5,344.7,15.267
1650160020000,344.6,344.7,344.6,344.6,24.705
1650160080000,344.6,344.7,344.6,344.6,1.185
1650160140000,344.6,344.6,344.4,344.5,43.878
1650160200000,344.4,344.5,344.4,344.5,1.09
1650160260000,344.5,344.5,344.3,344.3,14.908
1650160320000,344.3,344.3,344.3,344.3,1.85
1650160380000,344.1,344.1,344.1,344.1,1.836
1650160440000,344.1,344.2,344.1,344.1,1.388
1650160500000,344.0,344.2,344.0,344.2,0.403
1650160560000,344.1,344.3,344.1,344.1,2.261
1650160620000,344.1,344.1,344.0,344.0,10.706
1650160680000,344.1,344.1,344.1,344.1,1.702
1650160740000,344.1,344.1,344.0,344.0,3.336
1650160800000,344.0,344.1,343.9,343.9,26.013
1650160860000,343.9,343.9,343.8,343.8,15.688
1650160920000,343.8,344.0,343.8,343.8,40.169
1650160980000,343.8,343.8,343.7,343.7,2.607
1650161040000,343.7,343.7,343.6,343.6,0.356
1650161100000,343.6,343.6,343.6,343.6,0.582
1650161160000,343.6,343.7,343.6,343.7,1.348
1650161220000,343.7,343.8,343.6,343.7,5.591
1650161280000,343.7,343.7,343.6,343.6,0.5
1650161340000,343.6,343.7,343.6,343.7,1.988
1650161400000,343.7,343.9,343.7,343.7,62.158
1650161460000,343.7,343.7,343.6,343.6,22.667
1650161520000,343.6,343.8,343.6,343.8,0.963
1650161580000,343.8,343.9,343.8,343.9,5.468
1650161640000,344.0,344.1,344.0,344.0,2.312
1650161700000,344.0,344.1,344.0,344.0,6.683
1650161760000,344.0,344.0,343.6,343.6,3.891
1650161820000,343.6,343.6,343.5,343.6,0.712
1650161880000,343.6,343.6,343.6,343.6,0.0
1650161940000,343.5,343.7,343.4,343.6,9.025
1650162000000,343.7,343.7,343.6,343.6,4.719
1650162060000,343.5,343.5,343.5,343.5,1.077
1650162120000,343.6,343.6,343.4,343.4,0.311
1650162180000,343.5,343.5,343.4,343.4,1.112
1650162240000,343.3,343.4,343.3,343.4,0.564
1650162300000,343.4,343.5,343.4,343.4,2.282
1650162360000,343.3,343.3,342.9,342.9,23.387
1650162420000,342.9,343.1,342.9,343.1,11.285
1650162480000,342.8,342.8,342.2,342.2,35.282
1650162540000,342.4,342.5,342.1,342.1,52.749
1650162600000,342.0,342.0,341.8,341.9,29.312
1650162660000,341.8,342.3,341.7,342.0,41.853
1650162720000,342.0,342.1,342.0,342.1,0.327
1650162780000,342.2,342.2,341.9,341.9,11.488
1650162840000,341.8,341.8,341.5,341.6,11.231
1650162900000,341.5,341.8,341.5,341.8,17.556
1650162960000,341.8,342.3,341.8,342.2,11.349
1650163020000,342.2,342.2,342.0,342.0,3.454
1650163080000,342.0,342.0,341.7,341.7,7.596
1650163140000,341.7,341.7,341.6,341.6,0.566
1650163200000,341.6,341.7,341.6,341.6,5.799
1650163260000,341.6,341.7,341.6,341.6,2.38
1650163320000,341.7,341.7,341.6,341.6,5.569
1650163380000,341.5,341.5,340.8,340.9,47.418
1650163440000,340.9,341.1,340.8,341.1,10.894
1650163500000,341.1,341.4,341.1,341.4,44.165
1650163560000,341.0,341.1,340.7,340.8,36.672
1650163620000,340.9,341.4,340.9,341.2,36.276
1650163680000,341.2,341.2,341.0,341.0,13.788
1650163740000,340.9,340.9,340.6,340.7,5.828
1650163800000,340.6,341.3,340.6,341.0,98.375
1650163860000,341.1,341.1,341.0,341.0,10.13
1650163920000,340.9,340.9,340.9,340.9,2.829
1650163980000,341.1,341.7,341.1,341.6,26.028
1650164040000,341.5,341.6,341.2,341.2,27.879
1650164100000,341.3,341.5,341.3,341.5,17.808
1650164160000,341.5,341.5,341.2,341.2,22.945
1650164220000,341.1,341.2,340.8,341.0,26.223
1650164280000,341.1,341.3,341.1,341.2,11.805
1650164340000,341.0,341.0,340.9,340.9,6.75
1650164400000,340.8,340.8,340.7,340.8,1.186
1650164460000,340.8,340.8,340.7,340.8,5.58
1650164520000,340.8,340.8,340.6,340.6,2.338
1650164580000,340.7,340.8,340.7,340.8,1.075
1650164640000,340.9,341.4,340.9,341.3,41.683
1650164700000,341.1,341.1,341.0,341.0,0.736
1650164760000,341.1,341.1,340.5,340.5,76.031
1650164820000,340.5,340.8,340.3,340.8,39.419
1650164880000,340.9,340.9,340.7,340.7,10.556
1650164940000,340.7,340.7,340.7,340.7,0.0
1650165000000,340.7,340.9,340.7,340.8,0.967
1650165060000,340.8,340.8,340.8,340.8,10.001
1650165120000,340.8,341.1,340.8,341.1,8.463
1650165180000,340.8,340.8,340.7,340.7,1.136
1650165240000,340.9,341.2,340.9,341.0,25.502
1650165300000,341.0,341.1,341.0,341.0,2.202
1650165360000,341.0,341.1,341.0,341.1,2.432
1650165420000,341.1,341.3,341.1,341.2,2.614
1650165480000,341.3,341.3,341.2,341.3,1.267
1650165540000,341.3,341.6,341.3,341.5,30.543
1650165600000,341.3,341.4,341.3,341.4,1.051
1650165660000,341.3,341.8,341.3,341.8,73.376
1650165720000,341.8,341.8,341.5,341.6,6.713
1650165780000,341.6,341.9,341.5,341.9,22.612
1650165840000,341.8,341.9,341.8,341.9,0.767
1650165900000,341.8,342.2,341.8,342.0,29.795
1650165960000,342.1,342.1,342.1,342.1,1.397
1650166020000,342.0,342.0,342.0,342.0,0.238
1650166080000,342.1,342.1,341.6,341.7,15.601
1650166140000,341.7,341.7,341.6,341.6,4.846
1650166200000,341.6,341.6,341.6,341.6,0.03
1650166260000,341.8,342.0,341.8,342.0,3.406
1650166320000,342.1,342.1,342.1,342.1,1.857
1650166380000,342.1,342.1,342.1,342.1,8.84
1650166440000,342.2,342.2,342.1,342.2,9.37
1650166500000,342.1,342.5,342.1,342.5,21.901
1650166560000,342.4,342.5,342.4,342.4,2.238
1650166620000,342.4,342.4,342.3,342.3,0.689
1650166680000,342.3,342.3,342.2,342.2,0.417
1650166740000,342.2,342.3,342.2,342.3,1.443
1650166800000,342.4,342.4,342.2,342.2,6.215
1650166860000,342.2,342.2,342.2,342.2,0.339
1650166920000,342.3,342.4,342.3,342.4,0.529
1650166980000,342.3,342.3,342.2,342.3,5.669
1650167040000,342.3,342.4,342.3,342.4,3.358
1650167100000,342.4,342.4,342.4,342.4,1.0
1650167160000,342.5,342.5,342.5,342.5,0.296
1650167220000,342.5,342.5,342.5,342.5,0.051
1650167280000,342.5,342.5,342.3,342.3,2.538
1650167340000,342.3,342.4,342.3,342.4,9.186
1650167400000,342.4,342.4,342.4,342.4,0.07
1650167460000,342.4,342.4,342.3,342.3,0.747
1650167520000,342.3,342.3,342.3,342.3,2.006
1650167580000,342.4,342.5,342.4,342.5,0.145
1650167640000,342.4,342.5,342.4,342.5,1.95
1650167700000,342.5,342.6,342.5,342.6,7.834
1650167760000,342.4,342.4,342.3,342.4,10.812
1650167820000,342.4,342.4,342.3,342.3,2.781
1650167880000,342.3,342.5,342.3,342.3,10.838
1650167940000,342.3,342.3,341.9,341.9,19.841
1650168000000,341.9,342.0,341.9,342.0,4.047
1650168060000,342.1,342.1,342.1,342.1,0.809
1650168120000,342.2,342.2,342.2,342.2,0.592
1650168180000,342.2,342.2,342.1,342.1,0.88
1650168240000,342.2,342.2,342.2,342.2,3.171
1650168300000,342.3,342.6,342.3,342.5,1.493
1650168360000,342.6,342.6,342.3,342.5,14.187
1650168420000,342.5,342.5,342.5,342.5,0.0
1650168480000,342.5,342.5,342.5,342.5,0.445
1650168540000,342.6,342.7,342.6,342.7,0.248
1650168600000,342.6,342.6,342.5,342.6,3.993
1650168660000,342.5,342.7,342.5,342.7,2.221
1650168720000,342.8,342.8,342.8,342.8,0.232
1650168780000,342.8,342.8,342.8,342.8,0.0
1650168840000,342.8,342.8,342.8,342.8,10.886
1650168900000,342.8,342.9,342.8,342.9,0.51
1650168960000,342.9,343.5,342.9,343.5,24.232
1650169020000,343.4,343.4,343.1,343.1,7.766
1650169080000,343.1,343.5,343.1,343.5,6.17
1650169140000,343.4,343.4,343.2,343.2,0.144
1650169200000,343.2,343.3,343.2,343.3,0.108
1650169260000,343.4,343.5,343.4,343.5,9.076
1650169320000,343.4,343.4,343.3,343.3,6.683
1650169380000,343.2,343.3,343.2,343.3,4.395
1650169440000,343.4,343.4,343.3,343.3,2.112
1650169500000,343.3,343.3,343.1,343.1,0.43
1650169560000,343.2,343.4,343.2,343.3,43.13
1650169620000,343.3,343.3,343.1,343.1,1.823
1650169680000,343.1,343.4,343.1,343.4,5.178
1650169740000,343.4,343.6,343.4,343.6,3.311
1650169800000,343.6,343.6,343.5,343.6,0.572
1650169860000,343.6,343.7,343.6,343.7,0.894
1650169920000,343.7,343.7,343.3,343.3,2.176
1650169980000,343.3,343.3,343.3,343.3,1.488
1650170040000,343.3,343.4,343.3,343.4,2.084
1650170100000,343.4,343.4,343.3,343.3,2.703
1650170160000,343.4,343.4,343.4,343.4,2.381
1650170220000,343.5,343.5,343.5,343.5,0.196
1650170280000,343.5,343.5,343.5,343.5,0.0
1650170340000,343.4,343.4,343.4,343.4,0.212
1650170400000,343.4,343.4,343.2,343.3,1.05
1650170460000,343.3,343.3,343.3,343.3,1.896
1650170520000,343.3,343.5,343.3,343.5,1.104
1650170580000,343.3,343.5,343.3,343.5,0.136
1650170640000,343.4,343.5,343.4,343.5,4.331
1650170700000,343.6,343.6,343.5,343.6,5.641
1650170760000,343.7,344.2,343.7,343.9,86.056
1650170820000,343.8,343.8,343.7,343.7,4.469
1650170880000,343.8,343.9,343.7,343.7,1.494
1650170940000,343.7,343.8,343.7,343.7,1.469
1650171000000,343.5,343.5,343.2,343.3,73.325
1650171060000,343.2,343.2,343.0,343.2,16.472
1650171120000,343.1,343.1,343.1,343.1,0.043
1650171180000,343.2,343.2,343.2,343.2,1.172
1650171240000,343.3,343.4,343.3,343.4,4.273
1650171300000,343.3,343.4,343.2,343.4,27.717
1650171360000,343.5,343.6,343.5,343.6,2.055
1650171420000,343.5,343.5,343.4,343.4,0.614
1650171480000,343.4,343.4,343.3,343.3,1.026
1650171540000,343.3,343.3,343.2,343.2,9.975
1650171600000,343.3,343.3,343.3,343.3,6.658
1650171660000,343.2,343.2,343.2,343.2,0.11
1650171720000,343.2,343.2,343.1,343.1,0.087
1650171780000,343.1,343.1,343.0,343.0,14.561
1650171840000,343.0,343.0,342.8,342.8,4.942
1650171900000,342.8,343.0,342.7,343.0,26.941
1650171960000,343.1,343.1,343.0,343.1,0.947
1650172020000,343.1,343.3,343.1,343.3,17.251
1650172080000,343.3,343.3,343.3,343.3,0.106
1650172140000,343.3,343.3,343.3,343.3,0.206
1650172200000,343.3,343.6,343.3,343.6,13.229
1650172260000,343.6,343.6,343.6,343.6,6.688
1650172320000,343.7,344.1,343.7,343.9,79.459
1650172380000,344.1,344.2,344.0,344.0,21.487
1650172440000,344.0,344.0,343.9,344.0,21.891
1650172500000,344.0,344.0,343.8,343.9,7.997
1650172560000,343.9,344.2,343.9,344.2,12.289
1650172620000,344.2,344.2,344.0,344.1,76.478
1650172680000,344.1,344.5,344.1,344.5,55.723
1650172740000,344.4,344.5,344.4,344.5,1.287
1650172800000,344.5,344.5,344.3,344.4,30.078
1650172860000,344.3,344.4,344.3,344.4,0.101
1650172920000,344.3,344.3,344.1,344.1,2.546
1650172980000,344.4,344.4,344.4,344.4,0.051
1650173040000,344.3,344.3,344.3,344.3,4.729
1650173100000,344.3,344.3,344.2,344.2,2.84
1650173160000,344.2,344.4,344.2,344.4,7.718
1650173220000,344.4,344.5,344.4,344.5,6.389
1650173280000,344.5,344.5,344.5,344.5,23.27
1650173340000,344.5,344.5,344.4,344.5,0.617
1650173400000,344.5,344.6,344.5,344.6,5.712
1650173460000,344.6,344.6,344.5,344.6,1.4
1650173520000,344.5,344.6,344.4,344.6,9.188
1650173580000,344.6,344.6,344.4,344.5,28.139
1650173640000,344.5,344.5,344.4,344.4,4.393
1650173700000,344.3,344.4,344.3,344.4,1.753
1650173760000,344.4,344.6,344.4,344.6,3.126
1650173820000,344.5,344.8,344.5,344.7,25.716
1650173880000,344.8,345.0,344.7,345.0,43.646
1650173940000,345.0,345.2,344.9,345.0,43.402
1650174000000,345.1,345.1,344.9,345.0,17.48
1650174060000,345.0,345.0,344.9,345.0,6.045
1650174120000,345.0,345.1,344.9,345.1,1.59
1650174180000,345.1,345.6,345.1,345.4,51.149
1650174240000,345.4,345.5,345.1,345.3,8.408
1650174300000,345.3,345.4,345.2,345.2,14.638
1650174360000,345.3,345.5,345.3,345.5,34.136
1650174420000,345.5,345.7,345.5,345.5,28.732
1650174480000,345.4,345.5,345.3,345.5,22.709
1650174540000,345.5,345.5,345.1,345.1,5.799
1650174600000,345.2,345.2,345.2,345.2,7.142
1650174660000,345.2,345.2,345.1,345.2,1.764
1650174720000,345.1,345.1,344.4,344.8,191.619
1650174780000,344.8,345.0,344.7,344.9,13.405
1650174840000,345.0,345.6,345.0,345.6,47.543
1650174900000,345.6,345.6,345.3,345.4,4.688
1650174960000,345.3,345.4,345.3,345.3,23.782
1650175020000,345.3,345.7,345.3,345.4,22.305
1650175080000,345.5,345.5,345.2,345.2,2.102
1650175140000,345.3,345.4,345.1,345.2,10.665
1650175200000,345.3,345.3,345.2,345.2,0.97
1650175260000,345.2,345.5,345.2,345.5,10.787
1650175320000,345.5,345.7,345.5,345.6,3.731
1650175380000,345.6,345.6,345.6,345.6,3.19
1650175440000,345.5,345.5,345.4,345.5,2.37
1650175500000,345.4,345.5,345.3,345.4,2.582
1650175560000,345.5,345.5,345.3,345.4,7.779
1650175620000,345.4,345.5,345.3,345.3,6.368
1650175680000,345.3,345.3,345.2,345.3,1.407
1650175740000,345.3,345.4,345.2,345.2,7.388
1650175800000,345.3,345.3,345.0,345.1,18.391
1650175860000,345.1,345.2,344.9,345.0,6.756
1650175920000,344.9,345.0,344.7,344.9,43.154
1650175980000,344.9,344.9,344.9,344.9,2.797
1650176040000,344.9,345.1,344.8,345.1,4.773
1650176100000,345.0,345.0,344.8,344.8,6.806
1650176160000,344.8,344.8,344.8,344.8,1.161
1650176220000,344.8,344.9,344.8,344.8,46.827
1650176280000,344.8,344.9,344.8,344.8,0.78
1650176340000,344.8,344.8,344.7,344.7,4.235
1650176400000,344.7,344.8,344.7,344.8,4.997
1650176460000,344.7,344.8,344.7,344.8,2.458
1650176520000,344.8,344.8,344.7,344.8,4.471
1650176580000,344.8,344.8,344.8,344.8,1.01
1650176640000,344.8,344.8,344.7,344.7,5.427
1650176700000,344.8,344.8,344.7,344.7,3.212
1650176760000,344.6,344.7,344.6,344.7,34.347
1650176820000,344.8,344.8,344.7,344.8,20.83
1650176880000,344.8,344.9,344.7,344.9,3.452
1650176940000,344.9,345.0,344.9,345.0,14.006
1650177000000,345.0,345.2,344.9,345.2,7.651
1650177060000,345.2,345.6,345.2,345.5,12.387
1650177120000,345.6,345.6,345.4,345.5,4.593
1650177180000,345.5,345.5,344.7,344.9,23.009
1650177240000,344.9,345.2,344.9,345.2,13.855
1650177300000,345.2,345.5,345.1,345.3,38.383
1650177360000,345.4,345.4,345.2,345.2,9.176
1650177420000,345.2,345.3,345.1,345.3,1.411
1650177480000,345.3,345.6,345.2,345.6,31.862
1650177540000,345.5,345.6,345.4,345.6,6.143
1650177600000,345.6,345.6,345.5,345.6,3.812
1650177660000,345.6,345.6,345.5,345.5,3.105
1650177720000,345.6,345.7,345.6,345.6,3.398
1650177780000,345.7,345.7,345.6,345.7,1.019
1650177840000,345.6,345.6,345.3,345.5,39.25
1650177900000,345.5,345.7,345.5,345.5,6.545
1650177960000,345.6,345.6,345.4,345.4,31.419
1650178020000,345.5,345.6,345.4,345.6,3.357
1650178080000,345.6,345.7,345.6,345.7,1.435
1650178140000,345.7,345.7,345.6,345.6,1.757
1650178200000,345.6,345.7,345.6,345.6,3.888
1650178260000,345.6,345.6,345.6,345.6,1.237
1650178320000,345.6,345.7,345.6,345.6,12.908
1650178380000,345.6,345.7,345.4,345.4,7.112
1650178440000,345.4,345.5,345.4,345.5,4.75
1650178500000,345.5,345.6,345.4,345.5,1.497
1650178560000,345.6,345.7,345.5,345.5,61.913
1650178620000,345.5,345.5,345.4,345.5,1.446
1650178680000,345.4,345.5,345.3,345.5,10.087
1650178740000,345.5,345.5,345.1,345.1,30.968
1650178800000,345.1,345.5,345.1,345.4,6.922
1650178860000,345.4,345.4,345.1,345.3,62.809
1650178920000,345.2,345.3,345.2,345.2,2.054
1650178980000,345.2,345.2,345.1,345.1,0.454
1650179040000,345.2,345.2,344.8,344.9,8.211
1650179100000,344.9,344.9,344.8,344.8,0.325
1650179160000,344.9,345.1,344.9,345.1,16.453
1650179220000,345.1,345.1,345.0,345.0,1.453
1650179280000,345.1,345.1,345.0,345.1,0.664
1650179340000,345.1,345.2,345.0,345.2,1.757
1650179400000,345.2,345.2,344.9,344.9,20.15
1650179460000,345.0,345.0,344.9,345.0,13.416
1650179520000,345.0,345.0,344.9,344.9,0.381
1650179580000,344.9,344.9,344.9,344.9,0.0
1650179640000,344.9,344.9,344.9,344.9,2.464
1650179700000,344.8,344.8,344.7,344.7,5.764
1650179760000,344.7,344.8,344.7,344.8,0.87
1650179820000,344.9,344.9,344.9,344.9,1.031
1650179880000,344.8,344.9,344.8,344.9,16.363
1650179940000,344.8,345.1,344.8,345.0,8.595
1650180000000,345.1,345.1,345.1,345.1,0.644
1650180060000,345.1,345.2,345.0,345.0,6.116
1650180120000,345.0,345.0,344.8,344.8,5.008
1650180180000,344.7,344.7,344.6,344.6,7.911
1650180240000,344.5,344.6,344.5,344.6,0.865
1650180300000,344.6,344.6,344.1,344.1,20.074
1650180360000,344.3,344.3,344.1,344.1,5.264
1650180420000,344.0,344.1,344.0,344.0,4.997
1650180480000,344.1,344.1,344.0,344.0,7.986
1650180540000,344.0,344.0,343.9,343.9,7.427
1650180600000,344.0,344.1,344.0,344.0,1.39
1650180660000,343.9,344.1,343.9,344.1,13.709
1650180720000,344.0,344.0,344.0,344.0,2.357
1650180780000,343.9,344.0,343.9,344.0,16.127
1650180840000,344.0,344.0,344.0,344.0,0.082
1650180900000,344.0,344.0,344.0,344.0,4.746
1650180960000,343.9,343.9,343.9,343.9,3.455
1650181020000,343.8,343.9,343.7,343.7,4.973
1650181080000,343.7,343.8,343.4,343.7,24.774
1650181140000,343.5,343.7,343.5,343.7,3.766
1650181200000,343.8,343.8,343.7,343.7,35.017
1650181260000,343.7,343.7,343.7,343.7,0.0
1650181320000,343.7,343.7,343.6,343.6,3.479
1650181380000,343.5,343.5,343.4,343.4,3.815
1650181440000,343.5,343.8,343.5,343.7,6.166
1650181500000,343.8,343.9,343.8,343.8,4.704
1650181560000,343.8,344.0,343.8,344.0,5.58
1650181620000,344.0,344.0,344.0,344.0,0.0
1650181680000,344.0,344.0,343.9,344.0,8.176
1650181740000,344.0,344.0,343.9,343.9,1.529
1650181800000,343.8,343.8,343.8,343.8,0.096
1650181860000,343.9,343.9,343.8,343.8,5.992
1650181920000,343.9,344.0,343.9,344.0,1.242
1650181980000,344.0,344.1,344.0,344.0,19.125
1650182040000,344.0,344.0,344.0,344.0,0.221
1650182100000,344.0,344.0,344.0,344.0,0.323
1650182160000,344.0,344.0,344.0,344.0,1.424
1650182220000,344.0,344.2,344.0,344.2,3.827
1650182280000,344.1,344.4,344.1,344.4,23.844
1650182340000,344.3,344.6,344.3,344.4,10.533
1650182400000,344.3,344.6,344.3,344.4,58.615
1650182460000,344.4,344.6,344.4,344.6,14.926
1650182520000,344.6,344.7,344.6,344.7,0.313
1650182580000,344.8,344.9,344.8,344.9,2.235
1650182640000,344.9,345.0,344.9,345.0,14.213
1650182700000,345.0,345.1,344.7,344.9,57.027
1650182760000,344.9,345.1,344.9,345.1,15.52
1650182820000,345.1,345.1,345.0,345.1,5.454
1650182880000,345.0,345.0,345.0,345.0,2.182
1650182940000,345.0,345.0,344.9,345.0,2.823
1650183000000,345.0,345.0,345.0,345.0,1.886
1650183060000,344.9,345.2,344.8,344.9,38.226
1650183120000,345.0,345.2,344.8,345.2,11.678
1650183180000,345.1,345.1,344.9,344.9,18.548
1650183240000,344.8,344.8,344.8,344.8,0.034
1650183300000,344.8,345.0,344.8,344.9,2.096
1650183360000,344.9,345.2,344.9,345.1,9.538
1650183420000,345.1,345.6,345.1,345.4,89.725
1650183480000,345.6,345.6,345.5,345.5,10.516
1650183540000,345.4,345.5,345.4,345.4,1.085
1650183600000,345.4,345.4,345.4,345.4,7.242
1650183660000,345.3,345.4,345.3,345.4,1.04
1650183720000,345.4,345.7,345.4,345.6,26.06
1650183780000,345.6,345.6,345.6,345.6,0.0
1650183840000,345.6,345.6,345.6,345.6,0.27
1650183900000,345.7,345.7,345.4,345.6,13.758
1650183960000,345.5,345.6,345.5,345.6,2.66
1650184020000,345.5,345.5,345.5,345.5,2.895
1650184080000,345.3,345.4,345.3,345.4,1.115
1650184140000,345.4,345.4,345.3,345.3,6.569
1650184200000,345.3,345.3,345.1,345.1,7.249
1650184260000,345.1,345.1,345.1,345.1,3.932
1650184320000,345.0,345.1,345.0,345.1,8.321
1650184380000,345.1,345.2,345.1,345.2,2.36
1650184440000,345.2,345.2,345.2,345.2,8.383
1650184500000,345.1,345.2,345.1,345.2,3.167
1650184560000,345.1,345.1,345.0,345.1,6.466
1650184620000,345.1,345.3,345.1,345.3,12.97
1650184680000,345.1,345.1,345.0,345.0,29.002
1650184740000,345.0,345.0,345.0,345.0,0.492
1650184800000,345.0,345.0,344.9,344.9,4.582
1650184860000,344.9,344.9,344.9,344.9,0.0
1650184920000,344.7,344.7,344.7,344.7,2.902
1650184980000,344.7,344.7,344.7,344.7,4.572
1650185040000,344.6,344.6,344.5,344.5,8.365
1650185100000,344.6,344.9,344.6,344.9,10.631
1650185160000,344.7,344.7,344.7,344.7,0.676
1650185220000,344.8,344.8,344.7,344.7,0.727
1650185280000,344.6,344.7,344.6,344.7,6.702
1650185340000,344.7,344.7,344.7,344.7,2.822
1650185400000,344.7,344.7,344.6,344.6,3.004
1650185460000,344.6,344.7,344.5,344.5,2.819
1650185520000,344.5,344.6,344.5,344.5,2.928
1650185580000,344.6,344.7,344.6,344.6,3.72
1650185640000,344.7,344.7,344.6,344.6,5.368
1650185700000,344.6,344.8,344.6,344.8,2.965
1650185760000,344.8,344.8,344.7,344.7,13.425
1650185820000,344.8,344.8,344.6,344.6,1.13
1650185880000,344.6,344.6,344.6,344.6,1.249
1650185940000,344.6,344.6,344.5,344.5,0.832
1650186000000,344.6,344.7,344.5,344.6,2.912
1650186060000,344.7,344.7,344.6,344.6,4.979
1650186120000,344.6,344.6,344.4,344.6,9.15
1650186180000,344.6,344.8,344.4,344.8,12.08
1650186240000,344.8,344.8,344.6,344.6,2.993
1650186300000,344.7,344.7,343.9,344.7,186.827
1650186360000,344.7,344.9,344.6,344.9,36.282
1650186420000,344.9,345.0,344.8,344.9,17.848
1650186480000,344.9,345.1,344.9,344.9,31.02
1650186540000,344.8,345.0,344.8,345.0,11.548
1650186600000,345.0,345.6,345.0,345.5,80.891
1650186660000,345.5,345.6,345.2,345.6,24.861
1650186720000,345.6,345.6,345.5,345.6,38.564
1650186780000,345.6,346.2,345.6,345.9,535.638
1650186840000,346.0,346.0,345.7,345.7,38.429
1650186900000,345.8,346.0,345.8,345.9,16.184
1650186960000,345.9,346.1,345.8,346.0,30.937
1650187020000,346.0,346.0,345.8,346.0,17.803
1650187080000,346.0,346.1,345.8,345.8,60.571
1650187140000,345.8,346.0,345.8,346.0,23.022
1650187200000,346.0,346.1,345.9,346.1,15.686
1650187260000,346.0,346.1,345.9,346.1,7.878
1650187320000,346.1,346.2,346.1,346.1,11.826
1650187380000,346.2,346.2,346.1,346.1,7.977
1650187440000,346.2,346.2,346.2,346.2,4.399
1650187500000,346.2,346.2,345.9,346.2,12.486
1650187560000,346.0,346.1,346.0,346.1,5.181
1650187620000,346.0,346.0,345.8,345.8,8.26
1650187680000,345.9,346.0,345.8,345.9,13.181
1650187740000,345.9,345.9,345.8,345.9,3.521
1650187800000,346.1,346.1,346.0,346.1,3.229
1650187860000,346.1,346.1,346.1,346.1,1.081
1650187920000,346.0,346.1,346.0,346.1,1.069
1650187980000,346.0,346.0,345.9,346.0,3.055
1650188040000,345.9,345.9,345.7,345.7,15.31
1650188100000,345.8,345.9,345.8,345.8,2.981
1650188160000,345.9,346.0,345.9,346.0,11.209
1650188220000,346.0,346.2,346.0,346.2,21.982
1650188280000,346.1,346.3,346.1,346.2,51.331
1650188340000,346.2,346.3,346.1,346.1,11.08
1650188400000,346.1,346.1,346.0,346.0,3.195
1650188460000,345.9,346.0,345.8,345.9,38.736
1650188520000,345.9,346.0,345.9,345.9,2.276
1650188580000,345.9,345.9,345.5,345.5,28.28
1650188640000,345.6,345.6,345.5,345.5,6.294
1650188700000,345.5,345.5,345.3,345.4,16.881
1650188760000,345.3,345.3,345.3,345.3,0.028
1650188820000,345.3,345.4,345.3,345.3,1.192
1650188880000,345.4,345.4,345.3,345.3,7.576
1650188940000,345.2,345.2,345.0,345.0,22.744
1650189000000,345.0,345.1,345.0,345.1,1.579
1650189060000,345.1,345.2,345.1,345.1,12.972
1650189120000,345.2,345.2,345.1,345.2,5.859
1650189180000,345.2,345.2,345.1,345.1,1.855
1650189240000,345.1,345.2,345.0,345.1,1.571
1650189300000,345.1,345.2,345.1,345.1,4.703
1650189360000,345.0,345.4,345.0,345.4,13.92
1650189420000,345.3,345.3,345.3,345.3,1.196
1650189480000,345.3,345.5,345.2,345.2,8.436
1650189540000,345.2,345.2,345.2,345.2,1.398
1650189600000,345.2,345.5,345.2,345.4,2.828
1650189660000,345.4,345.5,345.4,345.5,3.091
1650189720000,345.6,346.4,345.6,346.4,67.583
1650189780000,346.3,346.4,346.2,346.3,11.666
1650189840000,346.3,346.4,346.3,346.3,24.618
1650189900000,346.3,346.3,346.3,346.3,0.058
1650189960000,346.3,346.3,346.0,346.0,7.766
1650190020000,346.0,346.2,346.0,346.2,6.588
1650190080000,346.1,346.1,346.0,346.0,0.386
1650190140000,346.1,346.2,346.1,346.1,2.475
1650190200000,346.2,346.2,346.0,346.1,9.352
1650190260000,346.1,346.1,345.9,346.1,6.644
1650190320000,346.0,346.0,346.0,346.0,0.031
1650190380000,346.0,346.0,345.9,346.0,2.511
1650190440000,346.0,346.1,346.0,346.0,4.094
1650190500000,346.0,346.2,346.0,346.2,25.038
1650190560000,346.2,346.4,346.2,346.4,18.519
1650190620000,346.4,346.5,346.4,346.5,16.898
1650190680000,346.4,346.4,346.3,346.3,6.272
1650190740000,346.3,346.4,346.3,346.3,28.114
1650190800000,346.3,346.3,346.2,346.2,31.963
1650190860000,346.2,346.3,346.1,346.1,1.652
1650190920000,346.1,346.2,346.1,346.1,12.432
1650190980000,346.1,346.1,346.0,346.1,1.389
1650191040000,346.1,346.2,346.1,346.2,0.946
1650191100000,346.2,346.3,346.2,346.3,14.484
1650191160000,346.3,346.4,346.0,346.0,16.887
1650191220000,346.0,346.1,346.0,346.1,0.769
1650191280000,346.1,346.1,346.0,346.0,3.161
1650191340000,346.0,346.0,345.8,345.9,31.846
1650191400000,345.9,346.1,345.9,346.1,28.284
1650191460000,346.0,346.0,345.9,346.0,5.829
1650191520000,346.0,346.2,345.9,346.2,1.763
1650191580000,346.2,346.2,346.2,346.2,0.982
1650191640000,346.2,346.2,346.0,346.2,9.483
1650191700000,346.2,346.2,346.1,346.2,3.302
1650191760000,346.2,346.4,346.2,346.4,7.948
1650191820000,346.4,346.4,346.3,346.4,2.044
1650191880000,346.3,346.4,346.3,346.4,2.76
1650191940000,346.4,346.4,346.1,346.3,5.526
1650192000000,346.3,346.3,346.3,346.3,1.219
1650192060000,346.3,346.6,346.3,346.6,136.289
1650192120000,346.6,346.6,346.5,346.6,24.8
1650192180000,346.6,346.6,346.4,346.5,24.746
1650192240000,346.5,346.5,346.3,346.3,15.047
1650192300000,346.3,346.3,345.9,346.1,20.797
1650192360000,346.1,346.1,346.0,346.1,4.371
1650192420000,346.1,346.3,346.1,346.2,5.083
1650192480000,346.3,346.5,346.3,346.4,8.394
1650192540000,346.4,346.5,346.2,346.5,21.204
1650192600000,346.5,346.6,346.4,346.5,6.436
1650192660000,346.6,346.6,346.5,346.6,1.913
1650192720000,346.7,346.7,346.6,346.7,1.427
1650192780000,346.7,346.8,346.7,346.8,3.221
1650192840000,346.7,346.9,346.7,346.8,4.882
1650192900000,346.9,347.0,346.8,347.0,6.145
1650192960000,346.9,347.0,346.9,347.0,29.767
1650193020000,347.0,347.1,347.0,347.1,28.558
1650193080000,347.1,347.5,347.1,347.2,64.14
1650193140000,347.1,347.1,347.0,347.0,9.804
1650193200000,347.0,347.2,347.0,347.2,1.953
1650193260000,347.2,348.5,347.2,347.8,385.382
1650193320000,347.8,348.7,347.7,348.5,113.649
1650193380000,348.4,348.8,348.0,348.8,57.876
1650193440000,348.7,348.7,348.4,348.4,15.005
1650193500000,348.4,348.5,348.1,348.1,10.467
1650193560000,348.1,348.1,347.7,347.7,62.919
1650193620000,347.8,347.9,347.5,347.6,40.538
1650193680000,347.7,347.7,347.2,347.3,21.227
1650193740000,347.3,347.4,347.3,347.3,6.455
1650193800000,347.2,347.3,347.0,347.3,6.855
1650193860000,347.2,347.2,347.0,347.0,5.513
1650193920000,347.1,347.1,346.9,347.0,13.655
1650193980000,346.9,346.9,346.7,346.8,52.211
1650194040000,346.7,346.8,346.7,346.8,3.478
1650194100000,346.7,346.7,346.6,346.7,5.802
1650194160000,346.7,346.7,346.4,346.4,9.593
1650194220000,346.4,346.4,346.1,346.2,14.963
1650194280000,346.1,346.1,345.6,345.7,45.679
1650194340000,345.7,345.9,345.6,345.8,35.138
1650194400000,345.9,346.0,345.6,345.6,40.03
1650194460000,345.6,345.9,345.6,345.8,28.418
1650194520000,345.7,345.7,345.6,345.6,2.876
1650194580000,345.5,345.5,345.4,345.5,28.677
1650194640000,345.4,345.5,345.4,345.5,3.596
1650194700000,345.5,346.4,345.5,346.3,79.669
1650194760000,346.3,346.4,346.2,346.3,11.007
1650194820000,346.3,346.3,346.3,346.3,2.971
1650194880000,346.4,346.4,346.4,346.4,0.755
1650194940000,346.4,346.5,346.4,346.5,2.73
1650195000000,346.4,346.5,346.3,346.5,12.486
1650195060000,346.5,346.5,346.4,346.4,12.647
1650195120000,346.5,346.6,346.4,346.6,1.882
1650195180000,346.5,346.6,346.5,346.5,2.472
1650195240000,346.5,346.5,346.1,346.2,31.315
1650195300000,346.2,346.2,346.0,346.0,3.492
1650195360000,346.1,346.3,346.1,346.3,7.491
1650195420000,346.4,346.4,346.2,346.4,11.03
1650195480000,346.3,346.3,346.2,346.2,1.359
1650195540000,346.3,346.6,346.3,346.6,37.245
1650195600000,346.5,346.5,346.5,346.5,6.29
1650195660000,346.6,346.9,346.6,346.8,17.704
1650195720000,347.0,347.0,346.8,346.8,1.735
1650195780000,346.8,346.8,346.6,346.6,5.662
1650195840000,346.7,346.7,346.7,346.7,0.072
1650195900000,346.6,346.7,346.5,346.5,0.371
1650195960000,346.5,346.5,346.5,346.5,2.358
1650196020000,346.5,346.5,346.4,346.4,1.347
1650196080000,346.3,346.3,346.3,346.3,1.37
1650196140000,346.2,346.2,346.2,346.2,2.273
1650196200000,346.1,346.1,346.0,346.0,7.588
1650196260000,346.0,346.1,346.0,346.1,4.669
1650196320000,346.1,346.2,346.1,346.2,0.343
1650196380000,346.2,346.4,346.2,346.3,59.429
1650196440000,346.2,346.3,346.2,346.2,11.943
1650196500000,346.2,346.2,346.2,346.2,3.398
1650196560000,346.2,346.2,346.2,346.2,0.906
1650196620000,346.3,346.5,346.3,346.4,4.156
1650196680000,346.4,346.6,346.4,346.6,0.464
1650196740000,346.6,346.8,346.6,346.7,8.831
1650196800000,346.8,347.0,346.8,346.9,19.956
1650196860000,347.0,347.0,346.8,346.8,5.701
1650196920000,346.8,346.9,346.6,346.9,22.072
1650196980000,346.9,346.9,346.7,346.7,2.803
1650197040000,346.7,346.7,346.4,346.4,7.355
1650197100000,346.4,346.5,346.4,346.4,1.016
1650197160000,346.3,346.3,345.9,345.9,56.586
1650197220000,346.0,346.2,346.0,346.2,1.747
1650197280000,346.1,346.1,346.1,346.1,5.686
1650197340000,346.1,346.1,346.0,346.1,10.36
1650197400000,346.1,346.1,345.8,345.9,59.976
1650197460000,345.9,345.9,345.9,345.9,2.135
1650197520000,346.1,346.1,346.1,346.1,0.057
1650197580000,346.1,346.1,346.1,346.1,6.18
1650197640000,346.2,346.4,346.2,346.4,17.999
1650197700000,346.3,346.3,346.3,346.3,0.167
1650197760000,346.2,346.2,346.2,346.2,0.291
1650197820000,346.1,346.1,346.0,346.0,3.155
1650197880000,346.0,346.0,346.0,346.0,2.523
1650197940000,346.0,346.0,345.9,345.9,4.354
1650198000000,345.9,345.9,345.8,345.8,2.593
1650198060000,345.9,346.0,345.8,345.8,2.233
1650198120000,345.8,346.2,345.8,346.2,5.583
1650198180000,346.1,346.1,345.9,345.9,5.165
1650198240000,345.9,345.9,345.8,345.9,8.262
1650198300000,345.8,345.8,345.8,345.8,3.605
1650198360000,345.9,345.9,345.8,345.8,23.334
1650198420000,345.7,345.7,345.7,345.7,1.002
1650198480000,345.7,345.8,345.6,345.7,5.097
1650198540000,345.9,346.1,345.9,346.1,18.066
1650198600000,346.1,346.1,346.1,346.1,6.355
1650198660000,346.0,346.2,346.0,346.2,3.199
1650198720000,346.3,346.5,346.3,346.4,58.345
1650198780000,346.4,346.4,346.2,346.2,12.882
1650198840000,346.3,346.3,346.3,346.3,12.073
1650198900000,346.3,346.3,346.3,346.3,0.32
1650198960000,346.3,347.5,346.3,347.3,927.501
1650199020000,347.4,347.4,347.1,347.1,2.148
1650199080000,347.0,347.2,347.0,347.1,3.988
1650199140000,347.0,347.1,347.0,347.0,5.028
1650199200000,347.0,347.2,347.0,347.2,8.269
1650199260000,347.1,347.2,347.0,347.2,10.223
1650199320000,347.2,347.2,347.1,347.1,6.624
1650199380000,347.2,347.4,347.2,347.4,2.511
1650199440000,347.4,347.6,347.3,347.6,103.171
1650199500000,347.6,347.8,347.6,347.7,14.224
1650199560000,347.7,347.8,347.7,347.8,0.584
1650199620000,347.7,347.7,347.6,347.6,9.433
1650199680000,347.6,347.7,347.6,347.7,5.343
1650199740000,347.6,347.6,347.6,347.6,0.287
1650199800000,347.6,347.7,347.5,347.5,7.902
1650199860000,347.6,347.6,347.6,347.6,0.08
1650199920000,347.6,347.6,347.3,347.4,5.451
1650199980000,347.3,347.3,347.3,347.3,0.391
1650200040000,347.1,347.1,347.0,347.0,4.286
1650200100000,347.1,347.1,347.1,347.1,4.403
1650200160000,347.1,347.1,347.1,347.1,0.864
1650200220000,347.2,347.2,347.1,347.2,0.218
1650200280000,347.2,347.2,347.2,347.2,1.163
1650200340000,347.1,347.2,347.0,347.2,3.335
1650200400000,347.2,347.2,347.0,347.1,6.271
1650200460000,347.1,347.1,347.1,347.1,0.082
1650200520000,347.1,347.1,347.1,347.1,2.186
1650200580000,347.0,347.0,346.9,346.9,10.96
1650200640000,346.9,347.0,346.9,347.0,12.287
1650200700000,347.0,347.0,347.0,347.0,0.592
1650200760000,347.0,347.1,347.0,347.1,0.329
1650200820000,347.1,347.1,347.1,347.1,0.043
1650200880000,347.2,347.3,347.2,347.3,1.593
1650200940000,347.4,347.4,347.2,347.2,1.87
1650201000000,347.3,347.5,347.1,347.5,33.956
1650201060000,347.5,347.6,347.5,347.6,1.128
1650201120000,347.5,347.6,347.5,347.5,3.758
1650201180000,347.6,347.6,347.3,347.3,23.824
1650201240000,347.3,347.4,347.3,347.4,1.411
1650201300000,347.6,347.9,347.6,347.9,9.558
1650201360000,347.9,348.0,347.8,348.0,11.5
1650201420000,347.8,347.8,347.7,347.8,4.592
1650201480000,347.7,347.8,347.7,347.7,1.065
1650201540000,347.8,347.9,347.8,347.9,17.38
1650201600000,347.9,347.9,347.7,347.9,5.166
1650201660000,348.0,348.0,347.6,347.7,32.1
1650201720000,347.8,348.1,347.7,347.7,17.291
1650201780000,347.7,347.7,347.4,347.4,6.706
1650201840000,347.3,347.3,347.3,347.3,0.047
1650201900000,347.3,347.3,347.2,347.2,1.317
1650201960000,347.2,347.2,347.0,347.0,6.689
1650202020000,347.0,347.0,346.5,346.6,27.67
1650202080000,346.5,346.5,346.4,346.4,0.101
1650202140000,346.3,346.5,346.3,346.3,7.899
1650202200000,346.3,346.3,346.0,346.3,21.662
1650202260000,346.4,346.5,346.3,346.5,12.434
1650202320000,346.6,346.8,346.6,346.8,13.09
1650202380000,346.6,346.7,346.6,346.7,0.522
1650202440000,346.7,346.8,346.6,346.7,2.442
1650202500000,346.7,347.2,346.7,347.1,31.96
1650202560000,347.1,347.7,347.1,347.7,20.523
1650202620000,347.8,348.0,347.5,347.5,18.398
1650202680000,347.5,347.7,347.5,347.6,41.167
1650202740000,347.5,347.7,347.5,347.7,3.97
1650202800000,347.7,348.5,347.7,348.2,54.818
1650202860000,348.3,348.6,348.3,348.5,10.449
1650202920000,348.6,348.6,348.2,348.2,7.224
1650202980000,348.2,348.6,348.1,348.6,44.184
1650203040000,348.6,348.6,348.3,348.3,9.1
1650203100000,348.4,348.7,348.3,348.3,71.343
1650203160000,348.2,348.4,348.1,348.2,19.827
1650203220000,348.2,348.4,348.0,348.0,1.464
1650203280000,348.1,348.3,348.0,348.2,23.381
1650203340000,348.2,348.2,348.1,348.1,2.818
1650203400000,348.2,348.2,347.7,347.9,47.639
1650203460000,348.0,348.1,347.7,347.9,12.835
1650203520000,347.9,347.9,347.4,347.4,8.337
1650203580000,347.5,347.7,347.5,347.7,5.823
1650203640000,347.6,347.6,347.3,347.3,14.479
1650203700000,347.4,347.4,347.2,347.2,10.593
1650203760000,347.5,347.5,347.3,347.3,1.183
1650203820000,347.2,347.2,347.2,347.2,1.178
1650203880000,347.2,347.3,347.1,347.3,22.58
1650203940000,347.2,347.2,346.6,346.6,83.881
1650204000000,346.6,346.6,344.8,345.1,195.698
1650204060000,345.0,346.1,345.0,346.1,19.459
1650204120000,346.0,346.2,345.5,345.5,30.385
1650204180000,345.5,345.6,345.2,345.5,24.512
1650204240000,345.5,345.7,345.5,345.6,4.255
1650204300000,345.6,345.7,345.6,345.6,8.108
1650204360000,345.7,346.1,345.7,345.8,154.404
1650204420000,345.9,345.9,345.1,345.4,175.139
1650204480000,345.5,345.5,345.4,345.4,5.186
1650204540000,345.5,345.6,345.5,345.6,2.462
1650204600000,345.4,345.6,345.4,345.6,7.848
1650204660000,345.7,345.7,345.7,345.7,0.087
1650204720000,345.7,345.8,345.5,345.5,2.599
1650204780000,345.5,345.6,345.5,345.6,18.602
1650204840000,345.5,345.6,345.4,345.5,6.439
1650204900000,345.6,345.6,345.3,345.3,3.638
1650204960000,345.4,345.4,345.4,345.4,11.47
1650205020000,345.5,345.6,345.4,345.6,4.666
1650205080000,345.5,345.5,345.5,345.5,0.55
1650205140000,345.6,345.6,345.6,345.6,0.044
1650205200000,345.5,345.7,345.5,345.6,4.843
1650205260000,345.7,345.8,345.7,345.8,10.957
1650205320000,345.8,345.8,345.6,345.6,19.4
1650205380000,345.5,345.5,345.0,345.1,114.569
1650205440000,345.2,345.2,345.1,345.2,15.918
1650205500000,345.2,345.3,344.5,344.7,97.14
1650205560000,344.7,344.8,344.7,344.8,15.464
1650205620000,344.8,344.9,344.8,344.9,30.619
1650205680000,345.0,345.3,345.0,345.3,3.931
1650205740000,345.2,345.3,345.0,345.0,12.311
1650205800000,345.0,345.1,344.9,345.0,11.135
1650205860000,345.1,345.5,345.1,345.5,84.198
1650205920000,345.5,345.6,345.5,345.6,19.9
1650205980000,345.6,345.7,345.6,345.7,30.136
1650206040000,345.6,345.7,345.6,345.7,4.278
1650206100000,345.8,345.9,345.7,345.7,51.924
1650206160000,345.8,345.8,345.5,345.5,16.763
1650206220000,345.4,345.6,345.4,345.6,1.029
1650206280000,345.7,345.7,345.6,345.6,12.938
1650206340000,345.6,345.6,345.6,345.6,0.0
1650206400000,345.7,345.8,345.6,345.6,53.167
1650206460000,345.7,345.8,345.6,345.6,3.983
1650206520000,345.8,345.9,345.8,345.8,16.007
1650206580000,345.8,345.8,345.7,345.7,37.681
1650206640000,345.7,345.7,345.2,345.2,6.432
1650206700000,345.2,345.3,345.0,345.3,7.333
1650206760000,345.4,345.4,345.3,345.4,0.661
1650206820000,345.4,345.4,345.4,345.4,0.0
1650206880000,345.4,345.4,345.4,345.4,1.247
1650206940000,345.4,345.5,345.4,345.5,8.704
1650207000000,345.4,345.5,345.4,345.4,18.314
1650207060000,345.3,345.3,345.3,345.3,0.07
1650207120000,345.3,345.3,345.1,345.2,17.556
1650207180000,345.1,345.2,345.1,345.2,1.072
1650207240000,345.2,345.2,345.0,345.0,3.783
1650207300000,345.0,345.0,344.7,344.7,3.575
1650207360000,344.7,344.8,344.7,344.8,1.068
1650207420000,344.7,344.8,344.6,344.7,14.339
1650207480000,344.8,344.8,344.7,344.7,29.387
1650207540000,344.7,344.7,344.5,344.6,47.259
1650207600000,344.6,345.0,344.6,344.9,28.929
1650207660000,345.0,345.3,345.0,345.1,35.467
1650207720000,344.8,344.8,344.6,344.6,5.974
1650207780000,344.5,344.5,344.5,344.5,2.451
1650207840000,344.5,344.6,344.1,344.3,32.201
1650207900000,344.2,344.6,344.2,344.5,13.116
1650207960000,344.5,344.5,344.4,344.4,6.716
1650208020000,344.4,344.4,343.9,344.0,39.902
1650208080000,344.0,344.2,344.0,344.2,29.867
1650208140000,344.2,344.3,344.1,344.3,17.704
1650208200000,344.2,344.3,344.2,344.3,3.929
1650208260000,344.4,344.4,344.4,344.4,0.126
1650208320000,344.3,344.3,344.2,344.3,7.204
1650208380000,344.2,344.2,344.0,344.0,12.155
1650208440000,344.0,344.0,343.9,343.9,14.526
1650208500000,343.9,344.0,343.8,343.9,21.463
1650208560000,343.9,344.3,343.9,344.3,16.456
1650208620000,344.3,344.7,344.3,344.7,44.974
1650208680000,344.7,344.8,344.6,344.6,4.681
1650208740000,344.7,344.8,344.6,344.6,10.605
1650208800000,344.6,344.6,344.5,344.5,2.412
1650208860000,344.5,344.5,344.5,344.5,0.176
1650208920000,344.5,344.5,344.0,344.1,163.77
1650208980000,344.1,344.1,343.8,344.1,33.291
1650209040000,344.1,344.2,344.1,344.2,0.411
1650209100000,344.1,344.4,344.1,344.4,2.519
1650209160000,344.3,344.6,344.3,344.4,6.179
1650209220000,344.5,344.7,344.5,344.7,3.045
1650209280000,344.5,344.5,344.5,344.5,0.869
1650209340000,344.5,344.5,344.3,344.5,3.446
1650209400000,344.4,344.4,344.3,344.4,3.174
1650209460000,344.5,345.1,344.5,344.9,16.532
1650209520000,344.7,344.8,344.6,344.6,5.841
1650209580000,344.7,344.8,344.6,344.8,15.722
1650209640000,344.8,344.9,344.8,344.9,0.95
1650209700000,344.9,345.0,344.8,344.8,1.733
1650209760000,344.8,344.8,344.7,344.7,14.843
1650209820000,344.7,344.7,344.6,344.7,3.596
1650209880000,344.7,344.7,344.7,344.7,0.121
1650209940000,344.7,344.7,344.6,344.7,11.546
1650210000000,344.7,344.8,344.6,344.7,1.854
1650210060000,344.8,344.8,344.7,344.7,2.131
1650210120000,344.7,344.8,344.7,344.8,7.0
1650210180000,344.6,344.6,344.6,344.6,0.474
1650210240000,344.7,345.5,344.7,345.3,130.423
1650210300000,345.2,345.3,344.7,344.7,12.31
1650210360000,344.6,344.6,344.5,344.5,9.16
1650210420000,344.6,344.6,344.6,344.6,1.099
1650210480000,344.6,344.6,344.4,344.6,3.192
1650210540000,344.6,344.6,344.4,344.4,1.561
1650210600000,344.5,344.6,344.4,344.4,10.888
1650210660000,344.4,344.7,344.4,344.7,11.122
1650210720000,344.6,344.8,344.6,344.8,1.07
1650210780000,344.5,344.9,344.5,344.9,10.177
1650210840000,344.9,345.0,344.9,344.9,3.921
1650210900000,344.8,344.8,344.6,344.6,11.051
1650210960000,344.5,344.6,344.5,344.6,9.419
1650211020000,344.7,344.7,344.6,344.7,0.483
1650211080000,344.7,344.7,344.4,344.5,30.881
1650211140000,344.5,344.5,344.5,344.5,1.437
1650211200000,344.6,344.8,344.4,344.5,100.904
1650211260000,344.4,344.4,344.3,344.3,26.645
1650211320000,344.2,344.2,344.1,344.1,5.559
1650211380000,344.1,344.3,344.1,344.2,6.541
1650211440000,344.4,344.6,344.3,344.5,11.719
1650211500000,344.5,344.5,344.3,344.4,3.054
1650211560000,344.3,344.3,344.1,344.2,7.482
1650211620000,344.2,344.2,344.1,344.1,2.472
1650211680000,344.0,344.1,343.9,344.0,32.293
1650211740000,344.0,344.0,343.7,343.9,33.614
1650211800000,344.0,344.0,343.6,343.6,16.655
1650211860000,343.6,344.2,343.6,344.1,39.455
1650211920000,344.1,344.1,343.9,343.9,10.696
1650211980000,343.9,344.0,343.8,343.8,5.938
1650212040000,343.8,343.9,343.8,343.8,9.056
1650212100000,343.8,343.8,343.6,343.7,49.442
1650212160000,343.8,343.9,343.7,343.8,12.088
1650212220000,343.7,343.7,343.6,343.6,4.443
1650212280000,343.7,343.7,343.5,343.6,6.828
1650212340000,343.5,343.6,343.5,343.5,15.289
1650212400000,343.5,343.7,343.5,343.7,6.191
1650212460000,343.6,344.0,343.6,344.0,49.512
1650212520000,344.0,344.1,343.9,344.1,4.149
1650212580000,344.1,344.1,343.9,344.0,5.227
1650212640000,344.0,344.2,344.0,344.2,7.076
1650212700000,344.1,344.2,343.8,344.0,24.716
1650212760000,344.0,344.2,344.0,344.2,11.526
1650212820000,344.2,344.3,344.1,344.1,25.2
1650212880000,344.1,344.1,343.9,343.9,2.911
1650212940000,343.9,343.9,343.8,343.9,7.024
1650213000000,343.9,344.0,343.6,343.6,18.66
1650213060000,343.6,343.6,343.6,343.6,9.566
1650213120000,343.7,343.8,343.6,343.8,10.921
1650213180000,343.8,343.8,343.5,343.5,13.904
1650213240000,343.5,343.6,343.5,343.5,8.944
1650213300000,343.5,343.6,343.4,343.4,10.791
1650213360000,343.3,343.3,342.8,343.0,70.626
1650213420000,343.1,343.3,343.0,343.0,49.098
1650213480000,343.2,343.3,343.0,343.2,10.96
1650213540000,343.1,343.1,342.8,342.9,16.096
1650213600000,342.9,343.1,342.8,342.9,32.45
1650213660000,342.9,343.1,342.8,342.8,31.583
1650213720000,342.8,343.2,342.8,343.2,65.56
1650213780000,343.1,343.3,343.0,343.2,21.445
1650213840000,343.1,343.1,342.9,343.1,43.583
1650213900000,343.0,343.0,342.5,342.7,33.649
1650213960000,342.6,342.8,342.3,342.4,39.018
1650214020000,342.2,342.4,342.0,342.3,53.117
1650214080000,342.3,342.8,342.3,342.3,23.997
1650214140000,342.3,342.5,342.2,342.4,25.812
1650214200000,342.5,342.8,342.5,342.7,31.022
1650214260000,342.5,342.7,342.5,342.7,22.115
1650214320000,342.6,342.6,342.3,342.3,12.133
1650214380000,342.3,342.3,342.2,342.2,16.704
1650214440000,342.2,342.2,342.2,342.2,7.741
1650214500000,342.2,342.2,341.7,341.8,135.374
1650214560000,341.8,341.8,341.3,341.3,29.632
1650214620000,341.3,341.4,340.6,340.6,166.273
1650214680000,340.6,340.9,340.4,340.7,50.604
1650214740000,340.8,341.2,340.5,340.9,67.453
1650214800000,340.9,340.9,340.7,340.8,7.408
1650214860000,340.9,341.4,340.9,341.3,21.482
1650214920000,341.2,341.2,340.5,340.5,26.172
1650214980000,340.4,340.6,340.3,340.5,25.813
1650215040000,340.5,340.8,340.4,340.8,28.501
1650215100000,340.7,340.9,340.7,340.8,17.87
1650215160000,340.9,340.9,340.7,340.7,0.178
1650215220000,340.9,340.9,340.7,340.7,2.917
1650215280000,340.7,340.7,340.3,340.4,7.542
1650215340000,340.4,340.4,340.4,340.4,4.933
1650215400000,340.5,340.5,340.3,340.3,2.817
1650215460000,340.4,340.4,340.0,340.1,102.635
1650215520000,340.1,340.5,339.9,340.5,51.955
1650215580000,340.4,340.8,340.3,340.7,16.238
1650215640000,340.6,340.8,340.6,340.7,4.576
1650215700000,340.7,341.2,340.7,341.1,43.029
1650215760000,341.2,341.2,341.0,341.2,10.873
1650215820000,341.2,341.2,341.0,341.0,1.3
1650215880000,341.1,341.2,341.1,341.2,10.714
1650215940000,341.2,341.2,341.0,341.0,11.672
1650216000000,340.9,341.1,340.9,341.1,1.576
1650216060000,341.0,341.0,340.2,340.2,41.109
1650216120000,340.2,340.3,340.2,340.3,0.587
1650216180000,340.3,340.3,340.1,340.2,21.872
1650216240000,340.4,340.5,340.3,340.3,6.152
1650216300000,340.2,340.3,340.2,340.2,1.956
1650216360000,340.1,340.7,340.0,340.7,165.398
1650216420000,340.6,340.6,340.2,340.3,24.487
1650216480000,340.3,340.4,340.2,340.4,6.763
1650216540000,340.3,340.3,340.1,340.1,3.975
1650216600000,340.1,340.5,340.1,340.5,7.149
1650216660000,340.5,340.6,340.4,340.6,7.756
1650216720000,340.7,340.7,340.5,340.5,4.826
1650216780000,340.5,340.5,339.9,340.1,159.185
1650216840000,340.2,340.8,340.2,340.8,38.983
1650216900000,340.8,340.8,340.4,340.4,7.979
1650216960000,340.5,340.5,340.3,340.4,10.459
1650217020000,340.5,340.5,340.4,340.4,2.452
1650217080000,340.5,340.5,340.3,340.3,1.868
1650217140000,340.3,340.3,340.3,340.3,6.162
1650217200000,340.3,340.6,340.3,340.3,59.067
1650217260000,340.4,340.6,340.4,340.6,5.896
1650217320000,340.6,340.9,340.6,340.9,22.14
1650217380000,340.9,340.9,340.6,340.6,5.886
1650217440000,340.5,340.6,340.5,340.6,0.439
1650217500000,340.6,340.7,340.3,340.3,22.966
1650217560000,340.2,340.2,340.2,340.2,3.631
1650217620000,340.3,340.4,340.0,340.1,13.054
1650217680000,340.1,340.1,340.0,340.1,5.475
1650217740000,340.2,340.2,340.0,340.0,5.743
1650217800000,340.1,340.1,339.9,340.0,4.738
1650217860000,340.0,340.4,340.0,340.3,36.187
1650217920000,340.4,340.5,340.3,340.3,22.463
1650217980000,340.2,340.3,340.1,340.1,5.246
1650218040000,340.2,340.3,340.2,340.3,0.129
1650218100000,340.2,340.2,340.0,340.0,4.352
1650218160000,340.2,340.3,340.1,340.1,9.906
1650218220000,340.1,340.1,338.8,339.2,124.035
1650218280000,339.2,339.4,338.2,338.7,264.204
1650218340000,338.8,339.5,338.8,339.5,49.732
1650218400000,339.3,339.3,338.7,338.7,31.114
1650218460000,339.0,339.5,339.0,339.5,36.146
1650218520000,339.6,339.7,339.2,339.2,9.584
1650218580000,339.1,339.1,338.7,338.7,8.986
1650218640000,338.7,338.7,338.4,338.6,17.078
1650218700000,338.6,339.1,338.4,338.5,85.768
1650218760000,338.4,338.4,337.7,337.7,86.415
1650218820000,337.7,337.7,336.6,336.7,421.59
1650218880000,336.7,337.2,336.2,336.7,245.53
1650218940000,336.7,337.3,336.3,336.8,85.215
1650219000000,336.7,336.9,336.6,336.9,16.018
1650219060000,337.0,337.2,336.8,337.0,86.384
1650219120000,336.9,337.6,336.9,337.6,25.337
1650219180000,337.4,337.5,337.2,337.4,10.741
1650219240000,337.5,337.5,337.0,337.1,15.874
1650219300000,337.1,338.2,337.0,337.8,144.385
1650219360000,337.7,337.7,337.4,337.4,7.29
1650219420000,337.3,337.6,337.1,337.5,31.961
1650219480000,337.5,337.7,337.5,337.6,3.118
1650219540000,337.5,337.6,337.5,337.5,8.867
1650219600000,337.5,337.7,337.5,337.7,2.819
1650219660000,337.7,339.0,337.7,338.9,106.337
1650219720000,338.7,339.1,338.5,338.8,26.992
1650219780000,338.9,339.2,338.7,338.7,17.695
1650219840000,338.7,338.7,338.5,338.6,0.533
1650219900000,338.6,338.7,338.6,338.7,15.46
1650219960000,338.7,338.7,338.5,338.7,6.88
1650220020000,338.5,338.6,338.3,338.6,7.407
1650220080000,338.5,338.6,338.5,338.5,9.973
1650220140000,338.3,338.5,338.3,338.4,0.403
1650220200000,338.3,338.4,338.3,338.4,21.415
1650220260000,338.4,338.5,338.3,338.3,9.394
1650220320000,338.3,338.3,338.0,338.2,20.409
1650220380000,338.2,338.2,338.2,338.2,0.146
1650220440000,338.0,338.0,337.8,338.0,3.766
1650220500000,337.8,338.0,337.8,338.0,0.928
1650220560000,338.0,338.1,338.0,338.0,2.562
1650220620000,338.2,338.2,337.9,338.0,8.296
1650220680000,337.9,337.9,337.7,337.7,1.753
1650220740000,337.9,337.9,337.9,337.9,0.158
1650220800000,338.0,338.5,338.0,338.5,31.532
1650220860000,338.5,338.7,338.4,338.7,56.299
1650220920000,338.5,338.5,338.3,338.3,1.774
1650220980000,338.2,338.3,338.0,338.3,7.12
1650221040000,338.3,338.3,338.1,338.2,0.491
1650221100000,338.2,338.5,338.2,338.4,3.698
1650221160000,338.5,338.5,338.2,338.2,16.063
1650221220000,338.3,338.5,338.3,338.5,2.993
1650221280000,338.3,338.3,338.2,338.2,0.634
1650221340000,338.3,338.3,338.2,338.3,9.343
1650221400000,338.3,338.3,338.2,338.2,19.344
1650221460000,338.2,338.5,338.2,338.5,330.625
1650221520000,338.3,338.3,338.3,338.3,1.549
1650221580000,338.2,338.2,337.9,337.9,13.672
1650221640000,338.0,338.2,337.9,338.2,13.737
1650221700000,338.1,338.1,338.0,338.0,1.371
1650221760000,337.9,337.9,337.7,337.7,4.683
1650221820000,337.7,337.7,337.7,337.7,1.707
1650221880000,337.9,337.9,337.8,337.9,3.23
1650221940000,337.9,338.2,337.9,338.1,9.026
1650222000000,338.1,338.1,337.7,337.9,6.283
1650222060000,337.9,337.9,337.7,337.8,20.816
1650222120000,338.0,338.0,338.0,338.0,11.621
1650222180000,338.0,338.2,338.0,338.2,17.615
1650222240000,338.2,338.4,338.1,338.3,48.948
1650222300000,338.4,338.5,338.1,338.1,28.104
1650222360000,338.1,338.1,337.6,337.7,21.879
1650222420000,337.9,338.0,337.9,338.0,2.231
1650222480000,337.8,337.9,337.8,337.9,0.211
1650222540000,337.9,338.0,337.8,337.8,3.68
1650222600000,337.7,337.8,337.7,337.8,9.396
1650222660000,337.8,337.8,337.8,337.8,0.071
1650222720000,337.8,337.8,337.8,337.8,0.0
1650222780000,337.8,337.9,337.8,337.8,1.769
1650222840000,337.8,338.0,337.8,337.9,3.268
1650222900000,337.8,338.1,337.8,337.9,17.47
1650222960000,338.0,338.0,337.9,338.0,34.508
1650223020000,338.0,338.1,338.0,338.1,0.538
1650223080000,337.9,338.1,337.8,337.9,74.465
1650223140000,337.9,338.1,337.9,338.1,13.837
1650223200000,338.0,338.0,337.9,337.9,2.139
1650223260000,337.9,337.9,337.8,337.8,0.987
1650223320000,337.9,337.9,337.6,337.6,16.342
1650223380000,337.6,337.8,337.5,337.8,20.41
1650223440000,337.7,337.8,337.7,337.7,4.392
1650223500000,337.7,337.7,337.7,337.7,1.336
1650223560000,337.7,337.7,337.6,337.6,10.258
1650223620000,337.6,337.8,337.6,337.8,8.075
1650223680000,337.7,337.7,337.6,337.6,2.032
1650223740000,337.7,337.7,337.6,337.7,5.079
1650223800000,337.6,337.8,337.4,337.8,24.395
1650223860000,337.8,338.1,337.8,338.1,2.742
1650223920000,338.1,338.1,337.8,337.8,6.965
1650223980000,337.8,337.8,337.5,337.6,11.163
1650224040000,337.4,337.6,337.4,337.5,1.812
1650224100000,337.4,337.6,337.4,337.6,5.872
1650224160000,337.5,337.8,337.5,337.8,21.718
1650224220000,337.8,337.9,337.7,337.9,12.508
1650224280000,337.9,337.9,337.9,337.9,0.681
1650224340000,337.9,338.1,337.9,338.0,19.307
1650224400000,337.9,337.9,337.8,337.9,8.532
1650224460000,337.9,338.1,337.9,337.9,20.789
1650224520000,337.9,338.1,337.8,338.1,2.639
1650224580000,338.0,338.0,337.9,337.9,4.621
1650224640000,337.9,337.9,337.9,337.9,0.0
1650224700000,337.9,338.3,337.9,338.3,12.088
1650224760000,338.3,338.3,338.3,338.3,19.151
1650224820000,338.3,339.5,338.3,339.0,66.72
1650224880000,339.1,341.1,339.1,340.1,295.454
1650224940000,340.0,340.4,340.0,340.4,30.138
1650225000000,340.5,340.8,340.0,340.4,126.617
1650225060000,340.3,340.3,340.0,340.1,16.34
1650225120000,340.1,340.5,340.1,340.4,20.843
1650225180000,340.3,340.3,340.0,340.0,5.251
1650225240000,340.0,340.0,340.0,340.0,0.0
1650225300000,340.1,340.1,339.8,339.9,65.937
1650225360000,339.7,339.7,339.7,339.7,0.04
1650225420000,339.8,339.8,339.5,339.5,11.567
1650225480000,339.5,339.5,339.4,339.5,28.255
1650225540000,339.5,339.5,339.5,339.5,3.896
1650225600000,339.6,339.8,339.4,339.4,41.208
1650225660000,339.4,339.4,339.4,339.4,2.481
1650225720000,339.4,339.5,339.4,339.5,4.385
1650225780000,339.5,339.7,339.3,339.5,107.83
1650225840000,339.6,339.6,339.5,339.6,2.353
1650225900000,339.6,339.6,339.4,339.4,9.248
1650225960000,339.4,339.4,339.4,339.4,1.191
1650226020000,339.4,339.4,339.3,339.3,0.372
1650226080000,339.5,339.5,339.4,339.4,3.938
1650226140000,339.3,339.3,339.1,339.1,2.076
1650226200000,339.1,339.2,338.6,339.2,107.551
1650226260000,339.2,339.2,339.0,339.2,5.318
1650226320000,339.2,339.2,339.1,339.1,2.63
1650226380000,338.9,338.9,338.9,338.9,2.029
1650226440000,338.9,338.9,338.6,338.7,10.209
1650226500000,338.7,338.7,338.6,338.6,6.941
1650226560000,338.6,338.7,338.6,338.7,2.358
1650226620000,338.7,338.7,338.7,338.7,3.221
1650226680000,338.7,338.8,338.7,338.8,26.23
1650226740000,338.8,338.8,338.6,338.6,246.01
1650226800000,338.7,338.7,338.4,338.6,51.998
1650226860000,338.6,338.6,337.9,337.9,187.944
1650226920000,337.9,338.0,337.9,338.0,0.073
1650226980000,338.0,338.1,338.0,338.0,8.794
1650227040000,338.1,338.1,338.0,338.0,12.243
1650227100000,338.0,338.0,337.8,337.9,9.985
1650227160000,337.8,338.0,337.4,337.4,76.316
1650227220000,337.4,337.8,337.4,337.8,21.395
1650227280000,337.8,337.8,337.6,337.6,49.237
1650227340000,337.7,337.7,337.7,337.7,3.327
1650227400000,337.7,337.7,337.3,337.6,12.502
1650227460000,337.6,337.8,337.6,337.6,23.959
1650227520000,337.8,338.0,337.8,338.0,14.561
1650227580000,338.0,338.0,337.8,337.8,4.886
1650227640000,337.8,337.8,337.7,337.8,10.637
1650227700000,337.7,337.8,337.7,337.8,10.563
1650227760000,337.7,337.8,337.7,337.8,1.179
1650227820000,337.8,338.2,337.8,338.2,49.326
1650227880000,338.1,338.1,337.8,337.8,8.888
1650227940000,337.9,337.9,337.8,337.9,4.657
1650228000000,337.8,338.0,337.8,337.9,17.957
1650228060000,337.9,337.9,337.9,337.9,0.0
1650228120000,337.8,337.8,337.5,337.7,25.705
1650228180000,337.9,338.1,337.6,337.6,56.987
1650228240000,337.6,337.6,337.6,337.6,1.809
1650228300000,337.6,337.8,337.6,337.6,16.502
1650228360000,337.5,337.5,337.3,337.4,28.188
1650228420000,337.4,337.4,337.0,337.2,65.567
1650228480000,337.2,337.2,336.3,336.5,51.821
1650228540000,336.6,336.8,336.4,336.7,18.568
1650228600000,336.5,336.5,335.7,335.9,130.459
1650228660000,335.9,336.5,335.9,336.5,17.976
1650228720000,336.4,336.5,336.2,336.5,9.587
1650228780000,336.3,336.4,336.3,336.4,3.0
1650228840000,336.3,336.4,336.3,336.4,2.385
1650228900000,336.3,336.5,336.2,336.5,14.567
1650228960000,336.5,336.6,336.5,336.5,5.305
1650229020000,336.6,336.7,336.3,336.3,38.442
1650229080000,336.3,336.3,336.2,336.2,8.253
1650229140000,336.1,336.2,336.1,336.2,2.552
1650229200000,336.1,336.4,336.1,336.4,1.286
1650229260000,336.4,336.4,336.2,336.2,0.91
1650229320000,336.2,336.2,335.8,335.8,34.229
1650229380000,335.9,336.0,335.9,335.9,4.156
1650229440000,336.0,336.0,336.0,336.0,12.563
1650229500000,336.0,336.1,335.8,335.8,65.669
1650229560000,335.8,335.9,335.8,335.9,1.694
1650229620000,335.9,335.9,335.5,335.5,33.537
1650229680000,335.5,335.7,335.5,335.6,23.628
1650229740000,335.6,336.0,335.6,336.0,11.047
1650229800000,335.9,336.3,335.9,336.0,34.24
1650229860000,336.0,336.0,335.9,335.9,3.754
1650229920000,335.9,336.0,335.9,336.0,3.917
1650229980000,336.1,336.1,335.8,335.8,10.547
1650230040000,335.9,335.9,335.4,335.6,767.695
1650230100000,335.7,335.7,335.5,335.6,2.031
1650230160000,335.6,335.6,335.3,335.3,14.49
1650230220000,335.4,335.9,335.4,335.9,31.933
1650230280000,335.8,335.9,335.8,335.8,11.992
1650230340000,335.9,336.0,335.8,336.0,1.318
1650230400000,336.0,336.1,335.8,336.0,102.193
1650230460000,336.0,336.1,335.9,336.0,17.698
1650230520000,336.0,336.0,336.0,336.0,9.985
1650230580000,335.9,335.9,335.8,335.8,2.702
1650230640000,335.8,335.8,335.8,335.8,2.352
1650230700000,335.8,336.0,335.8,335.8,13.864
1650230760000,335.9,335.9,335.9,335.9,2.813
1650230820000,335.9,335.9,335.7,335.9,2.514
1650230880000,335.8,336.0,335.8,335.9,24.422
1650230940000,335.8,336.0,335.8,336.0,3.672
1650231000000,335.9,335.9,335.8,335.9,1.264
1650231060000,335.9,336.1,335.9,336.1,26.696
1650231120000,336.2,336.2,336.1,336.2,3.052
1650231180000,336.2,336.2,336.2,336.2,0.329
1650231240000,336.1,336.1,335.6,335.7,4.843
1650231300000,335.6,335.8,335.6,335.6,2.844
1650231360000,335.7,335.7,335.6,335.6,2.564
1650231420000,335.6,335.8,335.5,335.8,41.881
1650231480000,335.7,335.8,335.7,335.8,15.233
1650231540000,335.9,335.9,335.7,335.7,13.446
1650231600000,335.7,335.8,335.7,335.8,0.44
1650231660000,335.9,336.0,335.9,336.0,24.986
1650231720000,336.0,336.0,335.9,335.9,2.269
1650231780000,336.0,336.1,335.8,335.9,20.334
1650231840000,335.9,336.0,335.7,335.8,4.523
1650231900000,335.8,335.8,335.7,335.7,0.559
1650231960000,335.8,335.8,335.6,335.7,1.852
1650232020000,335.7,335.7,335.7,335.7,0.871
1650232080000,335.7,335.7,335.7,335.7,0.543
1650232140000,335.7,335.7,335.6,335.7,7.455
1650232200000,335.6,335.8,335.6,335.7,22.1
1650232260000,335.7,335.7,335.6,335.7,1.777
1650232320000,335.8,335.8,335.8,335.8,0.03
1650232380000,335.9,335.9,335.8,335.8,1.079
1650232440000,335.8,335.8,335.6,335.7,17.524
1650232500000,335.7,335.8,335.7,335.7,29.068
1650232560000,335.7,335.9,335.7,335.8,7.779
1650232620000,335.7,335.7,335.7,335.7,5.81
1650232680000,335.8,335.8,335.7,335.7,22.818
1650232740000,335.7,335.9,335.7,335.8,27.13
1650232800000,335.7,335.9,335.4,335.6,29.053
1650232860000,335.6,335.6,335.3,335.4,16.569
1650232920000,335.3,335.3,334.5,334.5,214.045
1650232980000,334.7,334.7,334.5,334.5,8.384
1650233040000,334.5,334.7,334.4,334.7,5.522
1650233100000,334.6,334.7,334.2,334.7,62.502
1650233160000,334.7,334.8,334.7,334.8,4.789
1650233220000,334.7,335.0,334.6,334.7,40.42
1650233280000,334.8,335.0,334.8,335.0,17.217
1650233340000,335.1,336.4,335.1,336.3,156.435
1650233400000,336.2,336.2,335.8,335.9,6.659
1650233460000,335.9,335.9,335.7,335.9,19.449
1650233520000,335.7,335.7,335.7,335.7,8.419
1650233580000,335.6,335.9,335.6,335.9,5.364
1650233640000,335.9,336.2,335.9,336.2,9.658
1650233700000,336.2,336.3,336.0,336.3,20.366
1650233760000,336.0,336.1,335.9,336.1,5.055
1650233820000,335.9,335.9,335.7,335.7,6.054
1650233880000,335.8,336.1,335.8,336.1,31.249
1650233940000,336.0,336.0,335.9,335.9,3.898
1650234000000,335.8,335.8,335.8,335.8,1.77
1650234060000,335.9,335.9,335.9,335.9,7.535
1650234120000,336.0,336.0,336.0,336.0,0.417
1650234180000,335.9,336.3,335.7,336.3,70.468
1650234240000,336.3,336.3,336.0,336.1,31.468
1650234300000,336.1,336.3,336.1,336.2,17.932
1650234360000,336.3,336.4,336.2,336.2,8.307
1650234420000,336.3,336.4,336.3,336.3,15.321
1650234480000,336.2,336.2,336.1,336.2,3.615
1650234540000,336.3,336.5,336.2,336.5,129.606
1650234600000,336.5,336.5,336.5,336.5,0.545
1650234660000,336.6,336.7,336.5,336.5,8.512
1650234720000,336.5,336.5,336.1,336.1,25.798
1650234780000,336.1,336.5,335.8,336.5,110.487
1650234840000,336.2,336.2,336.0,336.0,2.991
1650234900000,336.0,336.4,336.0,336.3,38.557
1650234960000,336.1,336.1,335.8,336.0,7.257
1650235020000,336.1,336.1,336.1,336.1,13.24
1650235080000,336.1,336.1,335.8,335.8,18.392
1650235140000,335.8,335.8,335.6,335.7,62.454
1650235200000,335.5,335.5,335.2,335.2,17.111
1650235260000,335.2,335.2,334.8,334.8,73.266
1650235320000,334.9,334.9,334.4,334.4,19.578
1650235380000,334.5,334.7,334.5,334.6,8.267
1650235440000,334.6,334.8,334.6,334.8,0.174
1650235500000,334.6,334.8,334.4,334.7,36.931
1650235560000,334.6,334.6,334.4,334.4,11.854
1650235620000,334.4,334.6,333.5,333.7,245.007
1650235680000,333.7,333.7,332.8,332.9,78.809
1650235740000,332.8,333.3,332.8,333.3,67.975
1650235800000,333.2,333.7,333.1,333.5,34.036
1650235860000,333.4,333.4,333.0,333.2,115.867
1650235920000,333.0,333.0,332.9,333.0,10.581
1650235980000,333.0,333.6,333.0,333.5,68.002
1650236040000,333.6,333.6,333.3,333.4,31.378
1650236100000,333.3,333.5,333.2,333.4,72.72
1650236160000,333.5,334.0,333.4,333.6,107.451
1650236220000,333.5,333.6,333.5,333.6,0.979
1650236280000,333.5,333.5,333.4,333.4,0.57
1650236340000,333.3,333.3,333.0,333.3,90.892
1650236400000,333.3,333.3,333.0,333.0,10.611
1650236460000,333.1,333.1,331.7,332.1,541.415
1650236520000,332.3,332.5,332.0,332.0,70.905
1650236580000,332.1,332.1,331.2,331.6,161.629
1650236640000,331.5,332.0,331.5,331.6,119.02
1650236700000,331.5,331.9,331.4,331.7,76.42
1650236760000,331.7,331.9,331.5,331.9,58.284
1650236820000,331.9,332.2,331.9,332.0,30.507
1650236880000,332.0,332.4,332.0,332.2,124.698
1650236940000,332.1,332.3,331.3,331.5,72.33
1650237000000,331.4,332.0,331.4,331.7,76.738
1650237060000,331.8,332.3,331.8,332.3,73.253
1650237120000,332.3,332.3,331.8,331.8,84.929
1650237180000,331.9,332.0,331.8,331.8,8.764
1650237240000,331.9,332.0,331.8,331.9,9.368
1650237300000,331.8,331.9,331.4,331.7,23.198
1650237360000,331.7,332.3,331.7,332.2,44.992
1650237420000,332.3,332.4,332.0,332.1,94.145
1650237480000,332.0,332.0,331.8,331.8,24.521
1650237540000,331.8,331.8,331.6,331.6,6.385
1650237600000,331.5,331.7,331.5,331.7,16.954
1650237660000,331.6,331.8,331.6,331.7,38.735
1650237720000,331.7,331.8,331.2,331.2,17.874
1650237780000,331.1,331.2,329.3,330.2,707.315
1650237840000,330.1,330.4,329.9,330.4,50.801
1650237900000,330.4,330.9,330.1,330.2,213.215
1650237960000,330.2,330.2,328.4,328.6,197.078
1650238020000,328.8,329.5,328.3,329.1,151.674
1650238080000,329.1,329.1,328.3,328.3,38.96
1650238140000,328.3,328.8,328.3,328.4,52.306
1650238200000,328.4,329.4,328.2,329.4,117.979
1650238260000,329.3,329.4,329.1,329.1,45.107
1650238320000,328.8,328.8,327.8,328.2,192.601
1650238380000,328.2,328.7,328.1,328.7,52.634
1650238440000,328.6,328.7,328.1,328.7,123.898
1650238500000,328.7,328.9,328.4,328.9,21.779
1650238560000,328.8,328.8,328.0,328.3,78.752
1650238620000,328.3,328.9,328.3,328.9,23.073
1650238680000,328.9,328.9,328.5,328.5,19.793
1650238740000,328.5,328.5,328.4,328.4,44.195
1650238800000,328.3,328.4,327.8,327.9,40.075
1650238860000,327.9,328.2,327.7,328.2,28.153
1650238920000,328.2,328.6,328.1,328.1,53.356
1650238980000,328.1,328.2,327.8,328.1,32.715
1650239040000,328.0,328.0,327.7,327.9,27.082
1650239100000,327.9,328.6,327.9,328.2,39.043
1650239160000,328.2,328.2,327.9,327.9,10.075
1650239220000,327.7,327.7,327.2,327.4,135.739
1650239280000,327.4,327.9,327.3,327.8,19.69
1650239340000,327.8,327.9,327.5,327.6,55.278
1650239400000,327.8,328.2,327.7,328.2,37.592
1650239460000,328.0,328.4,328.0,328.1,50.992
1650239520000,328.2,328.4,328.1,328.1,52.601
1650239580000,328.0,328.3,327.9,328.0,82.61
1650239640000,328.0,328.2,327.9,328.1,32.552
1650239700000,328.1,328.7,328.0,328.7,19.612
1650239760000,328.6,328.6,328.2,328.2,13.906
1650239820000,328.2,328.2,328.1,328.1,13.398
1650239880000,328.0,328.1,327.8,328.1,20.679
1650239940000,328.0,328.3,327.9,328.1,40.117
1650240000000,327.9,328.5,327.8,328.4,57.842
1650240060000,328.4,328.5,328.0,328.0,41.338
1650240120000,328.0,328.2,327.6,327.6,56.71
1650240180000,327.6,328.3,327.6,328.3,50.381
1650240240000,328.2,328.2,327.7,327.9,23.439
1650240300000,327.9,328.1,327.8,328.0,18.572
1650240360000,328.0,328.1,327.9,327.9,22.851
1650240420000,327.9,327.9,327.6,327.8,9.938
1650240480000,327.9,327.9,327.8,327.8,18.378
1650240540000,327.7,327.9,327.7,327.9,20.094
1650240600000,327.8,327.9,327.8,327.9,14.296
1650240660000,328.1,328.2,327.9,328.1,44.492
1650240720000,328.1,328.3,328.0,328.0,47.243
1650240780000,328.1,328.2,328.0,328.1,30.651
1650240840000,328.0,328.3,328.0,328.2,15.509
1650240900000,328.3,328.5,328.3,328.3,66.009
1650240960000,328.3,328.5,328.2,328.4,16.292
1650241020000,328.4,328.5,328.3,328.5,23.667
1650241080000,328.5,328.5,328.1,328.2,15.08
1650241140000,328.3,328.3,327.6,327.9,79.544
1650241200000,328.0,328.1,328.0,328.1,15.254
1650241260000,328.1,328.1,327.7,327.8,45.226
1650241320000,327.8,328.0,327.8,328.0,24.467
1650241380000,327.8,327.9,327.7,327.9,19.758
1650241440000,328.0,328.0,327.9,328.0,27.575
1650241500000,328.0,328.0,327.7,327.7,16.493
1650241560000,327.9,327.9,327.9,327.9,7.625
1650241620000,327.8,327.9,327.7,327.9,3.773
1650241680000,328.0,328.0,327.8,327.8,5.892
1650241740000,327.7,327.8,327.7,327.8,1.139
1650241800000,327.8,327.8,327.2,327.4,64.384
1650241860000,327.4,327.5,327.4,327.5,17.973
1650241920000,327.4,327.5,327.4,327.4,29.274
1650241980000,327.4,327.4,327.4,327.4,0.746
1650242040000,327.4,327.4,327.3,327.4,45.013
1650242100000,327.3,327.4,326.6,326.6,128.739
1650242160000,326.6,326.9,326.5,326.8,78.308
1650242220000,326.8,327.1,326.7,327.0,40.561
1650242280000,326.9,327.0,326.9,327.0,1.202
1650242340000,327.1,327.2,327.0,327.1,5.14
1650242400000,327.0,327.2,327.0,327.1,5.635
1650242460000,327.2,327.2,327.0,327.0,0.541
1650242520000,327.0,327.0,326.7,326.7,39.01
1650242580000,326.7,327.2,326.7,327.1,54.785
1650242640000,327.1,327.2,327.0,327.1,56.923
1650242700000,327.0,327.2,327.0,327.0,86.365
1650242760000,327.0,327.2,327.0,327.1,34.616
1650242820000,327.1,327.2,327.0,327.1,4.835
1650242880000,327.2,327.2,327.0,327.0,5.482
1650242940000,327.1,327.2,326.8,326.8,73.903
1650243000000,326.8,326.8,326.5,326.6,64.288
1650243060000,326.6,326.9,326.6,326.9,3.635
1650243120000,326.8,327.2,326.8,327.0,22.686
1650243180000,327.0,327.5,327.0,327.3,111.757
1650243240000,327.3,327.5,327.3,327.3,17.502
1650243300000,327.3,327.5,327.3,327.4,12.438
1650243360000,327.4,327.4,327.2,327.4,32.294
1650243420000,327.3,327.4,327.1,327.4,19.982
1650243480000,327.4,327.4,327.2,327.2,8.243
1650243540000,327.2,327.2,327.1,327.1,5.361
1650243600000,327.1,327.1,326.8,326.9,46.285
1650243660000,326.9,327.0,326.9,326.9,6.004
1650243720000,326.9,326.9,326.9,326.9,1.728
1650243780000,326.9,326.9,326.7,326.8,21.425
1650243840000,326.8,327.0,326.8,326.9,66.093
1650243900000,326.9,327.0,326.7,326.9,52.541
1650243960000,326.8,326.8,326.7,326.7,8.525
1650244020000,326.8,326.8,326.6,326.7,11.766
1650244080000,326.7,326.8,326.7,326.8,25.89
1650244140000,326.8,327.0,326.7,326.9,13.262
1650244200000,326.9,327.0,326.8,326.8,45.055
1650244260000,326.8,326.9,326.7,326.7,13.214
1650244320000,326.8,326.8,326.5,326.7,51.464
1650244380000,326.7,326.8,326.7,326.8,6.694
1650244440000,326.7,326.7,326.7,326.7,4.033
1650244500000,326.7,326.7,326.6,326.6,33.724
1650244560000,326.5,326.6,326.4,326.5,70.275
1650244620000,326.6,326.7,326.4,326.4,53.144
1650244680000,326.4,326.7,326.4,326.5,21.445
1650244740000,326.5,326.7,326.5,326.5,19.088
1650244800000,326.5,326.6,326.5,326.5,13.183
1650244860000,326.5,326.6,326.4,326.4,11.202
1650244920000,326.5,326.7,326.4,326.5,78.22
1650244980000,326.5,326.9,326.4,326.7,217.826
1650245040000,326.7,326.9,326.6,326.6,78.669
1650245100000,326.6,326.7,326.5,326.7,38.624
1650245160000,326.7,326.7,326.5,326.6,25.031
1650245220000,326.6,326.6,326.5,326.5,40.816
1650245280000,326.6,326.9,326.6,326.9,12.54
1650245340000,326.9,327.0,326.8,326.8,5.096
1650245400000,326.8,327.1,326.8,327.0,10.158
1650245460000,327.0,327.0,326.9,326.9,14.317
1650245520000,326.9,327.0,326.7,326.7,27.119
1650245580000,326.7,326.8,326.6,326.7,12.408
1650245640000,326.6,326.8,326.5,326.7,15.168
1650245700000,326.7,326.9,326.6,326.6,52.303
1650245760000,326.6,326.7,326.6,326.6,5.976
1650245820000,326.6,326.8,326.6,326.7,8.046
1650245880000,326.7,327.1,326.7,326.8,28.064
1650245940000,326.8,326.8,326.7,326.8,8.822
1650246000000,326.7,327.0,326.7,326.8,38.54
1650246060000,327.0,327.0,326.8,326.8,18.874
1650246120000,326.8,327.2,326.8,327.0,51.01
1650246180000,327.0,327.0,326.6,326.6,9.379
1650246240000,326.6,326.8,326.5,326.6,29.191
1650246300000,326.6,326.8,326.5,326.5,30.765
1650246360000,326.5,326.6,326.3,326.3,31.286
1650246420000,326.3,326.4,326.2,326.3,10.028
1650246480000,326.3,326.5,326.3,326.4,22.533
1650246540000,326.5,326.7,326.5,326.6,11.329
1650246600000,326.6,326.8,326.6,326.7,12.631
1650246660000,326.7,326.8,326.7,326.7,7.723
1650246720000,326.7,326.8,326.7,326.7,4.446
1650246780000,326.7,327.2,326.7,326.9,159.208
1650246840000,326.9,326.9,326.8,326.8,19.843
1650246900000,326.8,326.9,326.8,326.8,6.713
1650246960000,326.8,326.9,326.8,326.9,7.67
1650247020000,326.9,326.9,326.8,326.9,8.487
1650247080000,326.9,327.0,326.9,326.9,4.991
1650247140000,326.9,327.0,326.8,326.8,16.291
1650247200000,326.8,326.9,326.6,326.8,182.121
1650247260000,326.6,326.9,326.6,326.9,12.689
1650247320000,326.9,327.1,326.9,327.1,17.235
1650247380000,327.0,327.0,326.9,326.9,7.808
1650247440000,326.9,327.0,326.7,326.9,45.493
1650247500000,326.9,327.0,326.9,327.0,11.097
1650247560000,327.0,327.0,326.9,326.9,6.005
1650247620000,326.9,327.0,326.9,326.9,3.711
1650247680000,326.9,327.1,326.9,327.0,61.256
1650247740000,327.0,327.3,327.0,327.2,58.33
1650247800000,327.1,327.3,327.1,327.3,7.572
1650247860000,327.2,327.4,327.1,327.2,37.638
1650247920000,327.2,327.4,327.1,327.2,13.021
1650247980000,327.2,327.4,327.1,327.2,27.228
1650248040000,327.2,327.3,327.1,327.1,6.098
1650248100000,327.1,327.1,326.8,326.8,10.925
1650248160000,326.8,326.9,326.8,326.8,14.283
1650248220000,326.8,326.9,326.8,326.9,19.587
1650248280000,326.7,326.7,326.5,326.5,71.141
1650248340000,326.6,326.7,326.6,326.6,3.68
1650248400000,326.6,326.7,326.4,326.6,96.391
1650248460000,326.6,326.6,326.4,326.5,17.748
1650248520000,326.4,326.6,326.4,326.6,38.592
1650248580000,326.7,326.7,326.5,326.5,16.262
1650248640000,326.5,326.6,326.4,326.4,5.59
1650248700000,326.4,326.4,326.2,326.3,49.686
1650248760000,326.3,326.5,326.3,326.5,48.764
1650248820000,326.5,326.6,326.5,326.6,1.507
1650248880000,326.5,326.6,326.5,326.6,6.295
1650248940000,326.6,326.8,326.6,326.7,4.251
1650249000000,326.7,327.0,326.7,327.0,27.704
1650249060000,327.0,327.0,326.9,326.9,1.421
1650249120000,326.8,326.9,326.8,326.8,14.452
1650249180000,326.8,327.1,326.8,326.9,11.11
1650249240000,326.9,327.0,326.9,326.9,3.935
1650249300000,326.9,327.0,326.9,326.9,4.078
1650249360000,326.9,327.0,326.9,326.9,1.65
1650249420000,326.9,327.0,326.9,326.9,33.088
1650249480000,326.9,327.1,326.9,326.9,6.186
1650249540000,326.9,326.9,326.7,326.7,12.898
1650249600000,326.7,326.8,326.6,326.8,19.005
1650249660000,326.8,326.8,326.8,326.8,2.485
1650249720000,326.8,326.8,326.7,326.8,22.922
1650249780000,326.8,326.8,326.6,326.7,9.843
1650249840000,326.8,326.8,326.7,326.7,4.646
1650249900000,326.7,326.8,326.7,326.8,13.494
1650249960000,326.8,326.8,326.8,326.8,8.592
1650250020000,326.7,326.7,326.7,326.7,0.746
1650250080000,326.7,326.7,326.6,326.6,5.547
1650250140000,326.7,327.0,326.6,326.6,106.585
1650250200000,326.6,326.6,326.6,326.6,3.061
1650250260000,326.6,326.7,326.5,326.5,3.016
1650250320000,326.5,326.5,326.5,326.5,0.072
1650250380000,326.6,326.8,326.5,326.6,82.549
1650250440000,326.6,326.8,326.6,326.8,0.604
1650250500000,326.8,326.8,326.8,326.8,1.636
1650250560000,326.8,326.8,326.8,326.8,0.256
1650250620000,326.8,326.8,326.6,326.6,7.139
1650250680000,326.6,327.1,326.5,326.9,65.507
1650250740000,326.9,326.9,326.7,326.7,9.442
1650250800000,326.8,327.0,326.8,327.0,10.801
1650250860000,326.9,326.9,326.9,326.9,0.088
1650250920000,327.0,327.1,327.0,327.0,3.023
1650250980000,327.1,327.1,327.1,327.1,3.356
1650251040000,327.1,327.1,327.1,327.1,1.554
1650251100000,327.0,327.1,327.0,327.0,6.23
1650251160000,327.1,327.2,327.1,327.2,4.305
1650251220000,327.1,327.1,327.1,327.1,4.923
1650251280000,327.1,327.3,327.0,327.0,14.388
1650251340000,327.0,327.0,326.9,327.0,4.058
1650251400000,326.9,327.0,326.9,326.9,18.483
1650251460000,327.0,327.0,327.0,327.0,0.033
1650251520000,326.9,326.9,326.8,326.9,15.19
1650251580000,326.8,326.9,326.8,326.9,10.047
1650251640000,327.0,327.0,326.8,326.8,3.622
1650251700000,326.9,327.1,326.8,327.0,41.426
1650251760000,327.0,327.0,326.7,326.7,38.809
1650251820000,326.7,326.7,326.7,326.7,3.356
1650251880000,326.7,326.7,326.7,326.7,12.614
1650251940000,326.6,326.7,326.6,326.7,9.01
1650252000000,326.6,326.6,326.5,326.5,7.939
1650252060000,326.5,326.5,326.5,326.5,2.276
1650252120000,326.5,326.7,326.5,326.7,10.072
1650252180000,326.7,326.7,326.6,326.7,0.648
1650252240000,326.7,326.7,326.5,326.6,10.666
1650252300000,326.5,326.7,326.5,326.6,31.473
1650252360000,326.6,326.7,326.6,326.7,8.34
1650252420000,326.8,326.8,326.8,326.8,0.292
1650252480000,326.8,326.8,326.8,326.8,13.925
1650252540000,326.8,326.8,326.8,326.8,0.0
1650252600000,326.8,326.9,326.8,326.8,5.734
1650252660000,326.9,326.9,326.8,326.8,3.297
1650252720000,326.7,326.7,326.7,326.7,0.131
1650252780000,326.6,326.6,326.6,326.6,0.05
1650252840000,326.6,326.7,326.6,326.6,22.772
1650252900000,326.6,326.6,326.3,326.5,27.898
1650252960000,326.5,326.7,326.5,326.7,25.053
1650253020000,326.7,326.7,326.7,326.7,2.517
1650253080000,326.8,326.9,326.8,326.8,7.416
1650253140000,326.9,327.0,326.9,327.0,19.642
1650253200000,326.9,327.0,326.9,327.0,6.488
1650253260000,327.0,327.0,326.9,326.9,0.104
1650253320000,327.0,327.0,326.9,326.9,7.845
1650253380000,326.9,326.9,326.9,326.9,1.355
1650253440000,327.0,327.0,326.9,326.9,0.368
1650253500000,326.9,326.9,326.8,326.8,0.189
1650253560000,326.8,326.9,326.8,326.9,3.333
1650253620000,326.9,327.0,326.9,327.0,20.087
1650253680000,327.0,327.1,326.9,327.0,15.388
1650253740000,327.0,327.0,327.0,327.0,0.152
1650253800000,326.9,326.9,326.9,326.9,0.724
1650253860000,326.8,326.8,326.8,326.8,3.872
1650253920000,326.8,326.9,326.8,326.9,13.043
1650253980000,326.8,326.8,326.8,326.8,0.634
1650254040000,326.8,326.9,326.8,326.9,36.895
1650254100000,326.8,326.8,326.8,326.8,1.089
1650254160000,326.9,326.9,326.8,326.8,1.18
1650254220000,326.8,326.8,326.7,326.7,7.215
1650254280000,326.6,326.7,326.6,326.7,3.686
1650254340000,326.7,327.0,326.7,326.9,25.608
1650254400000,326.8,327.0,326.6,326.8,40.051
1650254460000,326.8,327.0,326.8,326.9,13.904
1650254520000,327.0,327.0,327.0,327.0,1.232
1650254580000,326.9,326.9,326.5,326.5,57.086
1650254640000,326.6,326.7,326.5,326.6,19.99
1650254700000,326.6,326.9,326.6,326.8,29.889
1650254760000,326.8,326.8,326.7,326.7,0.671
1650254820000,326.6,326.6,326.5,326.6,9.424
1650254880000,326.6,326.6,326.5,326.5,2.774
1650254940000,326.5,326.5,326.3,326.5,8.854
1650255000000,326.5,326.5,326.5,326.5,0.0
1650255060000,326.5,326.5,326.5,326.5,0.0
1650255120000,326.4,326.4,326.0,326.2,79.915
1650255180000,326.2,326.3,326.0,326.0,26.844
1650255240000,326.0,326.1,324.4,325.0,313.062
1650255300000,324.9,324.9,324.3,324.6,118.372
1650255360000,324.6,324.6,323.2,323.3,166.466
1650255420000,323.6,323.7,323.2,323.4,107.176
1650255480000,323.4,323.7,323.3,323.6,229.312
1650255540000,323.5,323.5,320.1,320.5,1253.22
1650255600000,320.5,322.3,320.5,321.9,625.89
1650255660000,321.9,322.1,321.1,321.4,220.662
1650255720000,321.5,322.0,321.3,321.5,383.887
1650255780000,321.6,321.6,321.0,321.3,132.197
1650255840000,321.3,321.3,318.9,320.4,466.562
1650255900000,320.5,320.8,319.9,320.8,232.564
1650255960000,320.7,320.7,318.9,319.2,464.124
1650256020000,319.3,319.7,319.1,319.3,52.863
1650256080000,319.3,320.2,319.2,319.5,191.615
1650256140000,319.5,320.7,319.5,320.5,118.341
1650256200000,320.4,320.9,320.1,320.9,83.251
1650256260000,320.8,321.3,320.7,320.8,149.134
1650256320000,320.7,320.9,320.4,320.4,96.842
1650256380000,320.4,320.5,320.3,320.5,18.723
1650256440000,320.5,320.7,320.2,320.5,91.866
1650256500000,320.4,320.5,320.1,320.1,53.999
1650256560000,320.1,320.1,319.7,319.8,38.377
1650256620000,319.8,319.8,319.5,319.6,57.816
1650256680000,319.6,319.7,319.6,319.6,4.561
1650256740000,319.6,319.8,319.6,319.8,55.64
1650256800000,319.8,320.0,319.3,319.4,113.365
1650256860000,319.4,319.4,318.9,319.0,34.199
1650256920000,318.9,318.9,318.5,318.6,51.379
1650256980000,318.5,319.3,318.5,319.2,26.429
1650257040000,319.0,319.3,318.8,319.2,38.886
1650257100000,319.1,319.3,319.0,319.0,26.494
1650257160000,319.0,319.0,318.7,318.7,15.166
1650257220000,318.7,319.0,318.7,318.8,2.791
1650257280000,318.9,319.2,318.9,318.9,4.302
1650257340000,318.9,319.3,318.9,319.3,10.163
1650257400000,319.2,319.5,319.2,319.4,7.301
1650257460000,319.4,319.5,319.3,319.4,27.158
1650257520000,319.4,319.4,319.0,319.0,34.046
1650257580000,319.0,319.0,318.9,319.0,7.852
1650257640000,319.0,319.2,319.0,319.1,21.853
1650257700000,319.0,319.1,318.8,318.8,11.245
1650257760000,318.8,319.2,318.8,319.2,52.547
1650257820000,319.2,319.2,318.7,319.0,15.373
1650257880000,319.0,319.0,318.8,318.8,6.615
1650257940000,318.8,319.0,318.5,319.0,40.569
1650258000000,319.0,319.0,318.5,318.7,19.804
1650258060000,318.8,319.2,318.8,319.2,33.705
1650258120000,319.2,319.5,319.2,319.5,96.189
1650258180000,319.5,319.7,319.0,319.1,23.512
1650258240000,319.1,319.2,319.1,319.2,1.439
1650258300000,319.2,319.2,318.1,318.4,297.151
1650258360000,318.4,319.8,318.3,319.5,194.52
1650258420000,319.4,319.6,319.3,319.4,48.747
1650258480000,319.2,319.4,319.0,319.1,20.762
1650258540000,319.2,319.2,319.1,319.1,13.38
1650258600000,319.1,319.8,319.1,319.6,67.184
1650258660000,319.5,319.6,319.5,319.6,0.131
1650258720000,319.7,319.9,319.7,319.7,19.57
1650258780000,319.7,319.9,319.6,319.7,14.019
1650258840000,319.7,319.9,319.7,319.9,36.514
1650258900000,319.9,320.4,319.9,320.4,60.931
1650258960000,320.4,320.8,320.4,320.8,35.549
1650259020000,320.7,320.9,320.6,320.6,21.934
1650259080000,320.7,321.0,320.6,320.7,21.522
1650259140000,320.7,320.8,320.7,320.8,1.142
1650259200000,320.8,320.8,320.6,320.7,3.111
1650259260000,320.7,320.8,320.5,320.5,13.44
1650259320000,320.5,320.6,320.5,320.5,2.59
1650259380000,320.4,320.4,320.0,320.0,52.423
1650259440000,320.0,320.0,319.8,319.9,84.798
1650259500000,319.8,320.1,319.8,320.1,19.313
1650259560000,320.1,320.2,320.1,320.1,1.898
1650259620000,320.1,320.2,319.8,319.8,10.514
1650259680000,319.8,319.9,319.7,319.9,15.078
1650259740000,319.9,319.9,319.3,319.3,80.552
1650259800000,319.3,319.4,318.8,318.8,93.465
1650259860000,318.8,318.8,318.6,318.8,41.52
1650259920000,318.8,318.8,318.5,318.5,8.194
1650259980000,318.4,318.7,318.4,318.6,6.487
1650260040000,318.5,318.5,318.3,318.3,26.839
1650260100000,318.4,318.5,318.4,318.4,3.943
1650260160000,318.5,318.8,318.5,318.7,61.258
1650260220000,318.6,318.7,318.6,318.7,2.133
1650260280000,318.5,318.5,318.4,318.5,7.306
1650260340000,318.5,318.5,318.5,318.5,0.0
1650260400000,318.6,318.7,318.6,318.7,1.121
1650260460000,318.7,318.7,318.6,318.6,0.364
1650260520000,318.6,318.7,318.6,318.7,31.926
1650260580000,318.7,318.7,318.5,318.5,5.546
1650260640000,318.4,318.4,318.3,318.4,8.339
1650260700000,318.4,318.7,318.4,318.7,7.021
1650260760000,318.7,318.7,318.6,318.7,7.981
1650260820000,318.7,318.8,318.6,318.8,4.466
1650260880000,318.7,318.8,318.6,318.6,4.872
1650260940000,318.5,318.5,318.5,318.5,4.855
1650261000000,318.5,318.6,318.4,318.4,8.382
1650261060000,318.5,319.1,318.5,319.1,30.397
1650261120000,319.0,319.0,318.7,318.7,12.853
1650261180000,318.7,318.8,318.5,318.7,29.079
1650261240000,318.7,318.9,318.5,318.5,36.737
1650261300000,318.5,318.7,318.5,318.7,1.311
1650261360000,318.7,318.8,318.7,318.7,1.868
1650261420000,318.7,318.8,318.6,318.7,9.269
1650261480000,318.7,318.7,318.7,318.7,0.721
1650261540000,318.7,318.9,318.7,318.7,10.106
1650261600000,318.7,318.8,318.6,318.7,10.794
1650261660000,318.7,318.8,318.7,318.8,3.633
1650261720000,318.8,318.8,318.5,318.6,51.244
1650261780000,318.7,318.7,318.6,318.6,1.489
1650261840000,318.7,318.7,318.4,318.5,38.148
1650261900000,318.6,318.8,318.6,318.8,1.856
1650261960000,318.7,318.8,318.6,318.6,1.807
1650262020000,318.6,318.8,318.6,318.8,7.341
1650262080000,318.8,318.8,318.8,318.8,2.329
1650262140000,318.8,319.0,318.8,318.9,24.87
1650262200000,319.0,319.0,318.7,318.7,124.028
1650262260000,318.7,318.7,318.5,318.5,14.757
1650262320000,318.6,318.6,318.5,318.6,5.117
1650262380000,318.5,318.5,318.5,318.5,10.106
1650262440000,318.5,318.7,318.5,318.6,32.376
1650262500000,318.6,318.7,318.5,318.7,1.159
1650262560000,318.6,318.6,318.5,318.6,12.462
1650262620000,318.6,318.7,318.6,318.6,3.886
1650262680000,318.6,318.6,318.6,318.6,0.203
1650262740000,318.5,318.6,318.5,318.6,5.296
1650262800000,318.6,318.6,318.6,318.6,2.45
1650262860000,318.7,318.7,318.6,318.6,0.462
1650262920000,318.7,318.7,318.6,318.6,1.861
1650262980000,318.6,318.8,318.6,318.6,15.075
1650263040000,318.7,318.7,318.6,318.6,4.007
1650263100000,318.6,318.7,318.4,318.5,27.18
1650263160000,318.6,318.7,318.6,318.6,10.308
1650263220000,318.6,318.7,318.5,318.5,5.186
1650263280000,318.5,318.6,318.5,318.6,6.522
1650263340000,318.6,318.7,318.5,318.7,9.941
1650263400000,318.7,318.8,318.5,318.5,16.3
1650263460000,318.5,318.5,318.4,318.4,2.059
1650263520000,318.5,318.5,318.3,318.3,12.077
1650263580000,318.2,318.4,318.2,318.4,4.185
1650263640000,318.4,318.4,318.4,318.4,1.874
1650263700000,318.4,318.6,318.4,318.6,63.301
1650263760000,318.5,318.6,318.2,318.6,26.062
1650263820000,318.5,318.7,318.5,318.6,44.316
1650263880000,318.6,318.8,318.6,318.8,19.153
1650263940000,318.8,319.0,318.8,318.8,84.698
1650264000000,318.9,319.3,318.8,318.8,94.158
1650264060000,318.8,318.8,318.7,318.7,0.32
1650264120000,318.7,318.7,318.6,318.7,5.816
1650264180000,318.7,318.9,318.7,318.8,6.267
1650264240000,318.7,318.9,318.7,318.7,6.864
1650264300000,318.8,318.9,318.8,318.9,0.606
1650264360000,318.9,318.9,318.7,318.8,14.045
1650264420000,318.7,318.7,318.5,318.5,26.737
1650264480000,318.6,318.9,318.5,318.7,22.557
1650264540000,318.7,318.7,318.5,318.6,31.18
1650264600000,318.6,318.7,318.5,318.7,19.366
1650264660000,318.6,318.9,318.6,318.8,16.65
1650264720000,318.8,318.8,318.8,318.8,0.0
1650264780000,318.7,318.7,318.4,318.4,18.048
1650264840000,318.4,318.7,318.4,318.5,7.907
1650264900000,318.6,318.6,318.4,318.6,6.711
1650264960000,318.5,318.7,318.4,318.6,15.243
1650265020000,318.5,318.5,318.4,318.4,3.818
1650265080000,318.4,318.4,318.4,318.4,0.0
1650265140000,318.5,318.5,318.2,318.4,11.578
1650265200000,318.3,318.8,318.3,318.7,151.981
1650265260000,318.7,318.7,318.5,318.7,30.885
1650265320000,318.6,318.6,318.5,318.6,28.698
1650265380000,318.7,319.0,318.7,318.7,38.439
1650265440000,318.6,318.6,318.3,318.3,21.378
1650265500000,318.3,318.3,318.1,318.1,32.968
1650265560000,318.1,318.5,318.1,318.4,8.022
1650265620000,318.5,318.5,318.4,318.4,2.822
1650265680000,318.4,318.4,318.3,318.3,3.917
1650265740000,318.1,318.3,318.1,318.3,2.085
1650265800000,318.3,318.4,318.2,318.3,5.931
1650265860000,318.4,318.5,318.3,318.4,9.735
1650265920000,318.4,318.4,318.4,318.4,0.628
1650265980000,318.6,318.6,318.4,318.4,2.888
1650266040000,318.5,318.6,318.5,318.6,0.935
1650266100000,318.5,318.5,318.4,318.4,6.222
1650266160000,318.6,318.7,318.5,318.5,4.756
1650266220000,318.5,318.6,318.5,318.6,16.369
1650266280000,318.5,318.7,318.5,318.6,15.029
1650266340000,318.5,318.6,318.5,318.5,2.012
1650266400000,318.6,318.6,318.4,318.4,5.097
1650266460000,318.2,318.2,318.0,318.2,45.749
1650266520000,318.2,318.2,318.0,318.0,11.619
1650266580000,318.0,318.0,317.3,317.5,116.844
1650266640000,317.6,317.8,317.6,317.8,14.573
1650266700000,317.6,317.6,317.6,317.6,0.033
1650266760000,317.7,317.7,317.5,317.5,19.392
1650266820000,317.4,317.8,317.3,317.8,55.682
1650266880000,317.8,317.8,317.8,317.8,2.0
1650266940000,317.8,317.8,317.6,317.6,9.451
1650267000000,317.5,317.5,317.2,317.5,16.193
1650267060000,317.5,317.7,317.5,317.6,13.74
1650267120000,317.6,317.8,317.6,317.8,8.595
1650267180000,317.8,318.2,317.8,318.0,20.135
1650267240000,318.0,318.1,317.9,318.0,5.227
1650267300000,317.9,317.9,317.4,317.6,103.953
1650267360000,317.6,317.7,317.6,317.7,1.722
1650267420000,317.7,317.7,317.7,317.7,3.879
1650267480000,317.7,317.7,317.6,317.6,3.03
1650267540000,317.7,317.7,317.7,317.7,1.983
1650267600000,317.6,317.7,317.2,317.6,40.455
1650267660000,317.6,317.6,317.5,317.6,10.046
1650267720000,317.7,317.7,317.4,317.4,3.684
1650267780000,317.3,317.5,317.3,317.5,2.501
1650267840000,317.4,317.7,317.4,317.7,25.919
1650267900000,317.7,317.7,317.6,317.7,1.482
1650267960000,317.7,317.7,317.4,317.6,10.409
1650268020000,317.5,317.5,317.4,317.5,7.851
1650268080000,317.5,317.5,317.3,317.3,19.564
1650268140000,317.2,317.2,316.3,316.7,149.353
1650268200000,316.6,317.2,316.4,317.2,39.729
1650268260000,316.9,317.2,316.9,317.0,12.842
1650268320000,316.9,317.0,316.8,316.8,7.926
1650268380000,316.7,317.1,316.7,317.0,11.551
1650268440000,317.1,317.1,316.9,317.1,3.953
1650268500000,317.1,317.2,317.1,317.1,6.773
1650268560000,317.2,317.2,317.0,317.0,28.365
1650268620000,317.0,317.0,316.7,316.7,7.979
1650268680000,316.7,316.8,316.7,316.8,2.783
1650268740000,316.8,317.0,316.7,316.9,8.026
1650268800000,316.9,317.0,316.5,316.7,21.625
1650268860000,316.6,317.2,316.6,317.2,39.02
1650268920000,317.0,317.1,316.3,316.4,40.479
1650268980000,316.3,316.5,316.2,316.4,30.085
1650269040000,316.6,316.6,316.4,316.5,9.109
1650269100000,316.5,316.5,316.4,316.4,1.593
1650269160000,316.5,316.7,316.4,316.6,62.769
1650269220000,316.6,316.6,316.4,316.4,11.473
1650269280000,316.4,316.5,316.4,316.5,0.603
1650269340000,316.5,316.6,316.5,316.5,2.028
1650269400000,316.4,316.5,316.4,316.5,7.266
1650269460000,316.5,316.5,316.5,316.5,3.809
1650269520000,316.5,316.6,316.5,316.6,1.566
1650269580000,316.5,316.5,316.5,316.5,5.15
1650269640000,316.6,316.6,316.0,316.1,63.343
1650269700000,316.2,316.3,316.1,316.1,19.03
1650269760000,316.2,316.3,316.2,316.3,21.271
1650269820000,316.2,316.3,316.1,316.3,13.802
1650269880000,316.3,316.3,316.0,316.2,25.454
1650269940000,316.1,316.1,315.2,315.7,192.946
1650270000000,315.7,316.0,315.7,315.9,38.645
1650270060000,316.0,316.2,316.0,316.0,31.589
1650270120000,316.0,316.1,315.9,316.0,15.782
1650270180000,316.0,316.2,315.9,316.0,5.504
1650270240000,316.0,316.0,316.0,316.0,3.587
1650270300000,315.9,316.6,315.9,316.3,103.378
1650270360000,316.2,316.5,315.9,316.5,23.289
1650270420000,316.5,316.7,316.4,316.5,69.824
1650270480000,316.5,316.7,316.3,316.7,25.806
1650270540000,316.6,316.6,316.4,316.4,6.106
1650270600000,316.4,316.4,316.1,316.1,14.982
1650270660000,316.0,316.0,315.7,315.7,37.509
1650270720000,315.7,315.7,315.7,315.7,12.502
1650270780000,315.8,315.8,315.6,315.6,2.593
1650270840000,315.6,315.6,315.6,315.6,0.0
1650270900000,315.7,315.7,315.5,315.6,15.056
1650270960000,315.6,315.7,315.4,315.6,56.337
1650271020000,315.6,315.7,315.4,315.7,101.339
1650271080000,315.6,315.8,315.6,315.7,26.981
1650271140000,315.8,315.8,315.4,315.6,20.709
1650271200000,315.6,315.7,315.6,315.7,7.39
1650271260000,315.6,315.6,315.4,315.5,14.668
1650271320000,315.5,315.6,315.5,315.6,21.724
1650271380000,315.6,315.7,315.6,315.7,23.494
1650271440000,315.8,315.9,315.8,315.8,8.108
1650271500000,315.8,315.9,315.8,315.8,16.451
1650271560000,315.7,315.8,315.6,315.7,52.119
1650271620000,315.7,315.8,315.7,315.7,15.454
1650271680000,315.7,315.7,315.7,315.7,0.257
1650271740000,315.7,315.7,315.2,315.4,24.223
1650271800000,315.5,315.5,315.5,315.5,0.29
1650271860000,315.5,315.5,315.3,315.3,55.758
1650271920000,315.3,315.4,315.1,315.3,23.529
1650271980000,315.2,315.3,315.0,315.0,51.57
1650272040000,315.1,315.1,315.0,315.0,66.158
1650272100000,315.0,315.1,314.8,315.0,28.056
1650272160000,314.9,315.1,314.9,315.0,5.845
1650272220000,315.0,315.0,315.0,315.0,0.035
1650272280000,314.9,314.9,314.8,314.8,1.802
1650272340000,314.7,314.8,314.5,314.5,40.175
1650272400000,314.7,315.0,314.7,314.9,8.401
1650272460000,314.9,315.1,314.9,314.9,15.078
1650272520000,314.9,314.9,314.5,314.5,16.22
1650272580000,314.5,315.0,314.4,314.8,25.707
1650272640000,314.9,315.6,314.9,315.4,106.406
1650272700000,315.5,315.6,315.3,315.6,25.115
1650272760000,315.5,315.6,315.5,315.6,2.941
1650272820000,315.5,315.9,315.5,315.9,40.972
1650272880000,315.9,315.9,315.6,315.7,6.187
1650272940000,315.8,315.9,315.8,315.9,124.838
1650273000000,315.9,315.9,315.7,315.8,4.499
1650273060000,315.9,315.9,315.6,315.6,20.253
1650273120000,315.6,315.7,315.3,315.5,23.698
1650273180000,315.3,315.3,314.6,314.6,109.219
1650273240000,314.6,314.8,314.6,314.7,44.9
1650273300000,314.6,314.6,314.4,314.4,10.463
1650273360000,314.4,314.4,314.2,314.3,62.218
1650273420000,314.4,314.4,314.2,314.4,23.248
1650273480000,314.4,314.4,314.2,314.4,19.175
1650273540000,314.4,314.5,314.4,314.5,9.045
1650273600000,314.4,314.8,314.4,314.6,214.938
1650273660000,314.5,314.6,314.4,314.5,43.103
1650273720000,314.4,314.4,313.5,313.5,83.97
1650273780000,313.5,313.6,313.4,313.5,41.203
1650273840000,313.5,313.5,313.1,313.3,51.929
1650273900000,313.4,313.5,313.2,313.4,10.409
1650273960000,313.4,313.4,313.4,313.4,0.0
1650274020000,313.4,313.6,313.4,313.6,21.975
1650274080000,313.6,313.6,313.6,313.6,0.46
1650274140000,313.5,313.5,313.4,313.4,2.035
1650274200000,313.5,315.0,313.5,314.6,345.535
1650274260000,314.6,314.8,314.6,314.7,19.441
1650274320000,314.7,314.7,313.9,313.9,60.886
1650274380000,313.9,313.9,313.5,313.5,45.667
1650274440000,313.6,314.0,313.6,313.6,15.206
1650274500000,313.6,314.0,313.6,314.0,15.77
1650274560000,314.0,314.0,313.7,313.7,21.68
1650274620000,313.7,314.1,313.7,314.0,47.846
1650274680000,314.1,314.1,313.3,313.3,45.283
1650274740000,313.4,313.5,313.0,313.4,65.997
1650274800000,313.5,313.5,313.1,313.1,18.769
1650274860000,313.2,313.3,313.0,313.0,39.937
1650274920000,313.0,313.3,313.0,313.1,62.34
1650274980000,313.0,313.1,312.8,312.8,26.471
1650275040000,312.9,312.9,312.8,312.9,11.796
1650275100000,313.0,313.5,313.0,313.5,102.004
1650275160000,313.4,313.6,313.3,313.5,23.501
1650275220000,313.3,313.3,313.1,313.2,11.148
1650275280000,313.1,313.4,313.1,313.4,11.037
1650275340000,313.4,313.4,313.2,313.3,2.67
1650275400000,313.3,313.4,313.2,313.4,47.748
1650275460000,313.3,313.4,313.3,313.4,15.481
1650275520000,313.3,313.3,313.2,313.3,2.693
1650275580000,313.5,313.7,313.5,313.6,40.449
1650275640000,313.5,313.6,313.4,313.4,6.601
1650275700000,313.5,313.6,313.4,313.6,6.054
1650275760000,313.6,313.8,313.6,313.7,30.051
1650275820000,313.7,313.8,313.6,313.6,25.946
1650275880000,313.6,313.7,313.5,313.5,46.297
1650275940000,313.4,313.6,313.2,313.5,14.964
1650276000000,313.7,313.7,313.4,313.5,7.661
1650276060000,313.5,313.6,313.4,313.5,4.369
1650276120000,313.6,313.7,313.6,313.7,9.906
1650276180000,313.8,314.0,313.8,313.8,6.351
1650276240000,313.9,314.0,313.7,313.9,50.694
1650276300000,313.9,314.0,313.5,314.0,259.723
1650276360000,313.9,314.0,313.8,314.0,15.453
1650276420000,314.0,314.8,314.0,314.8,82.571
1650276480000,314.9,314.9,314.4,314.6,40.304
1650276540000,314.5,314.6,314.4,314.5,9.197
1650276600000,314.5,314.7,314.4,314.7,9.168
1650276660000,314.7,314.8,314.6,314.8,1.109
1650276720000,314.8,314.9,314.7,314.9,37.871
1650276780000,314.8,314.9,314.7,314.7,19.636
1650276840000,314.8,315.2,314.7,315.2,62.835
1650276900000,315.2,315.3,314.8,314.9,100.203
1650276960000,314.8,315.0,314.8,315.0,62.12
1650277020000,315.1,315.2,315.1,315.2,2.199
1650277080000,315.2,315.2,314.9,314.9,2.391
1650277140000,315.0,315.0,314.6,314.7,102.151
1650277200000,314.7,314.7,314.3,314.6,331.327
1650277260000,314.6,314.7,314.6,314.7,43.566
1650277320000,314.6,314.7,314.6,314.7,9.947
1650277380000,314.7,315.1,314.7,314.9,202.292
1650277440000,315.0,315.0,315.0,315.0,0.089
1650277500000,315.0,315.2,314.9,315.2,82.178
1650277560000,315.1,315.1,315.0,315.0,18.078
1650277620000,315.0,315.1,314.7,314.9,8.814
1650277680000,314.8,315.1,314.8,314.9,35.337
1650277740000,315.1,315.3,314.9,315.1,29.52
1650277800000,315.2,315.3,315.1,315.1,14.014
1650277860000,315.2,315.9,315.2,315.6,81.331
1650277920000,315.7,315.9,315.4,315.5,58.87
1650277980000,315.6,315.7,315.6,315.6,10.024
1650278040000,315.6,316.2,315.6,316.0,17.122
1650278100000,315.7,315.8,315.7,315.8,13.555
1650278160000,315.7,315.9,315.5,315.6,32.413
1650278220000,315.5,315.5,315.5,315.5,2.695
1650278280000,315.5,315.5,315.3,315.4,13.406
1650278340000,315.4,315.5,315.4,315.5,6.85
1650278400000,315.4,315.5,315.3,315.5,0.325
1650278460000,315.4,315.4,315.3,315.4,5.633
1650278520000,315.4,315.4,314.9,315.0,24.817
1650278580000,315.0,315.0,315.0,315.0,1.865
1650278640000,314.9,315.2,314.9,315.2,8.312
1650278700000,315.1,315.1,315.1,315.1,3.672
1650278760000,315.2,315.3,315.2,315.3,0.639
1650278820000,315.2,315.2,314.9,315.0,22.945
1650278880000,315.0,315.1,314.9,315.1,2.192
1650278940000,315.1,315.1,315.1,315.1,11.739
1650279000000,315.2,315.2,315.0,315.0,0.598
1650279060000,315.1,315.3,315.1,315.3,6.024
1650279120000,315.2,315.3,315.1,315.2,1.457
1650279180000,315.1,315.4,315.0,315.2,27.521
1650279240000,315.2,315.3,315.0,315.0,21.199
1650279300000,314.9,314.9,314.8,314.8,10.231
1650279360000,314.9,315.0,314.9,315.0,11.735
1650279420000,314.7,314.8,314.5,314.7,45.441
1650279480000,314.7,314.7,314.3,314.4,60.399
1650279540000,314.4,314.6,314.4,314.4,23.71
1650279600000,314.5,314.8,314.5,314.5,23.368
1650279660000,314.5,314.7,314.5,314.7,2.087
1650279720000,314.7,314.7,314.5,314.5,3.33
1650279780000,314.6,314.6,314.6,314.6,0.427
1650279840000,314.6,314.7,314.6,314.7,1.554
1650279900000,314.8,314.8,314.6,314.6,4.163
1650279960000,314.8,315.1,314.6,315.1,47.891
1650280020000,315.0,315.1,314.9,315.1,9.352
1650280080000,315.1,315.7,315.1,315.5,179.265
1650280140000,315.5,315.5,315.2,315.2,4.898
1650280200000,315.1,315.1,314.9,315.0,5.608
1650280260000,315.0,315.2,315.0,315.2,6.063
1650280320000,315.1,315.6,314.9,315.6,187.32
1650280380000,315.6,315.6,315.5,315.5,10.909
1650280440000,315.5,315.6,315.3,315.6,77.037
1650280500000,315.7,315.7,315.5,315.7,5.906
1650280560000,315.8,316.1,315.8,316.1,20.908
1650280620000,316.0,316.0,315.8,315.8,23.154
1650280680000,315.9,315.9,315.9,315.9,4.978
1650280740000,316.0,316.0,315.8,315.9,17.966
1650280800000,315.9,316.0,315.5,315.6,5.521
1650280860000,315.6,315.6,315.5,315.5,0.367
1650280920000,315.5,315.5,315.3,315.4,32.331
1650280980000,315.5,315.5,315.4,315.4,8.666
1650281040000,315.4,315.4,315.4,315.4,0.058
1650281100000,315.3,315.4,315.3,315.4,0.295
1650281160000,315.4,315.5,315.4,315.5,8.139
1650281220000,315.4,315.4,315.2,315.4,13.047
1650281280000,315.4,315.5,315.3,315.5,12.756
1650281340000,315.5,315.5,315.3,315.3,21.638
1650281400000,315.4,315.5,315.3,315.4,5.881
1650281460000,315.3,315.5,315.2,315.3,8.896
1650281520000,315.3,315.3,315.3,315.3,0.064
1650281580000,315.3,315.4,315.3,315.3,26.112
1650281640000,315.2,315.7,315.2,315.6,12.135
1650281700000,315.6,315.6,315.4,315.4,6.188
1650281760000,315.5,315.5,315.3,315.3,11.314
1650281820000,315.4,315.5,315.3,315.5,2.846
1650281880000,315.5,315.6,315.4,315.5,5.18
1650281940000,315.6,315.8,315.5,315.7,69.554
1650282000000,315.5,315.5,315.3,315.3,22.58
1650282060000,315.2,315.5,315.2,315.5,12.715
1650282120000,315.4,315.7,315.3,315.4,19.509
1650282180000,315.5,315.6,315.5,315.5,1.493
1650282240000,315.6,316.5,315.6,316.4,108.294
1650282300000,316.3,316.5,316.0,316.2,24.884
1650282360000,316.1,316.4,316.0,316.0,31.718
1650282420000,316.0,316.0,315.7,315.8,15.802
1650282480000,315.9,316.3,315.9,316.1,25.133
1650282540000,316.1,316.1,315.8,315.8,8.471
1650282600000,315.9,316.1,315.8,315.9,4.765
1650282660000,316.1,316.1,315.8,316.1,17.515
1650282720000,316.0,316.0,315.3,315.4,60.586
1650282780000,315.3,315.3,314.8,315.0,68.063
1650282840000,315.0,315.3,314.9,314.9,20.026
1650282900000,315.0,315.0,314.7,315.0,9.675
1650282960000,315.1,315.1,314.9,315.0,5.315
1650283020000,314.9,315.2,314.9,315.2,16.108
1650283080000,315.2,315.2,315.2,315.2,8.869
1650283140000,315.1,315.4,314.9,315.4,6.272
1650283200000,315.4,315.8,315.0,315.2,91.292
1650283260000,315.2,315.4,315.0,315.4,24.561
1650283320000,315.2,315.3,315.1,315.3,17.106
1650283380000,315.3,315.5,315.1,315.5,15.35
1650283440000,315.5,315.5,315.3,315.5,7.925
1650283500000,315.3,315.5,315.0,315.3,69.771
1650283560000,315.3,315.4,315.0,315.2,32.709
1650283620000,315.2,315.4,314.9,315.2,126.066
1650283680000,315.2,315.3,315.0,315.2,18.556
1650283740000,315.2,315.3,315.1,315.2,9.673
1650283800000,315.0,315.3,315.0,315.2,12.604
1650283860000,315.2,315.2,315.0,315.0,14.864
1650283920000,315.1,315.3,314.8,315.1,32.386
1650283980000,315.2,315.2,314.9,315.0,73.626
1650284040000,315.2,315.2,315.2,315.2,5.784
1650284100000,315.2,315.2,315.0,315.0,15.33
1650284160000,314.9,315.2,314.9,315.1,1.551
1650284220000,315.1,315.9,315.1,315.9,105.595
1650284280000,316.1,317.0,316.0,316.4,91.822
1650284340000,316.5,316.8,316.3,316.6,57.627
1650284400000,316.5,316.6,316.3,316.5,19.611
1650284460000,316.5,317.0,316.5,317.0,17.354
1650284520000,316.9,317.8,316.8,317.6,183.86
1650284580000,317.7,317.7,317.1,317.6,40.693
1650284640000,317.3,317.5,317.3,317.3,36.693
1650284700000,317.3,317.4,317.0,317.4,32.904
1650284760000,317.2,317.3,316.9,317.3,35.146
1650284820000,317.2,317.8,317.1,317.4,148.685
1650284880000,317.4,317.6,317.3,317.4,25.093
1650284940000,317.4,317.8,317.4,317.6,29.75
1650285000000,317.6,317.7,317.5,317.6,43.954
1650285060000,317.4,317.4,317.1,317.1,22.401
1650285120000,317.1,317.3,317.1,317.3,7.305
1650285180000,317.3,317.6,317.3,317.6,32.859
1650285240000,317.6,317.8,317.6,317.8,19.674
1650285300000,317.7,318.9,317.7,318.3,143.22
1650285360000,318.3,318.4,317.9,318.3,67.24
1650285420000,318.4,318.4,318.0,318.2,30.408
1650285480000,318.1,318.4,317.8,318.1,147.392
1650285540000,318.2,318.3,317.8,317.8,54.307
1650285600000,318.0,318.1,317.8,318.0,24.868
1650285660000,318.1,318.1,317.8,318.1,17.314
1650285720000,318.1,318.2,318.0,318.2,14.615
1650285780000,318.2,318.3,318.1,318.2,7.163
1650285840000,318.3,318.3,318.1,318.1,8.819
1650285900000,318.1,318.3,317.8,317.8,25.736
1650285960000,317.8,317.9,317.4,317.7,25.075
1650286020000,317.8,318.2,317.8,318.1,90.151
1650286080000,318.2,318.2,317.9,317.9,23.539
1650286140000,318.0,318.1,318.0,318.1,8.626
1650286200000,318.1,318.4,318.1,318.1,79.708
1650286260000,318.1,318.9,318.1,318.5,218.649
1650286320000,318.5,318.9,318.4,318.9,213.364
1650286380000,318.6,318.7,318.3,318.7,21.681
1650286440000,318.7,318.8,318.5,318.8,168.009
1650286500000,318.7,318.9,318.7,318.8,10.675
1650286560000,318.7,319.2,318.7,319.1,60.593
1650286620000,319.1,319.1,318.8,318.8,20.814
1650286680000,318.8,318.9,318.4,318.4,46.128
1650286740000,318.4,318.8,318.4,318.7,30.358
1650286800000,318.7,318.9,318.2,318.2,42.899
1650286860000,318.2,318.5,318.1,318.2,37.015
1650286920000,318.3,318.6,318.3,318.6,15.108
1650286980000,318.6,319.2,318.6,319.0,30.279
1650287040000,319.0,319.4,318.8,318.9,140.874
1650287100000,318.9,319.0,318.7,318.9,167.136
1650287160000,318.8,319.2,318.8,319.2,10.822
1650287220000,319.1,319.1,318.9,318.9,9.157
1650287280000,318.9,318.9,317.8,318.3,100.057
1650287340000,318.1,318.4,318.1,318.4,17.682
1650287400000,318.2,318.5,318.1,318.5,9.218
1650287460000,318.5,318.5,318.3,318.3,2.733
1650287520000,318.3,318.4,318.2,318.2,15.953
1650287580000,318.3,318.5,318.3,318.4,8.357
1650287640000,318.4,318.5,318.3,318.4,11.362
1650287700000,318.2,318.3,318.1,318.3,16.683
1650287760000,318.3,318.3,317.9,318.0,27.523
1650287820000,317.9,318.1,317.9,318.0,8.059
1650287880000,317.9,318.2,317.9,318.2,2.811
1650287940000,318.2,318.2,318.1,318.2,3.208
1650288000000,318.2,318.3,318.1,318.3,7.759
1650288060000,318.2,318.4,318.2,318.4,0.919
1650288120000,318.4,318.5,318.4,318.5,5.386
1650288180000,318.5,318.7,318.5,318.7,2.421
1650288240000,318.7,318.9,318.7,318.8,24.318
1650288300000,318.7,318.9,318.3,318.4,41.203
1650288360000,318.4,318.5,318.2,318.3,11.04
1650288420000,318.3,318.4,318.3,318.4,4.224
1650288480000,318.3,318.4,318.2,318.3,31.072
1650288540000,318.3,318.5,318.3,318.4,21.513
1650288600000,318.4,319.7,318.4,319.4,127.934
1650288660000,319.4,320.0,319.2,319.9,98.054
1650288720000,319.9,320.2,319.6,320.0,56.738
1650288780000,320.1,320.7,320.1,320.2,76.793
1650288840000,320.2,320.6,319.6,319.6,50.288
1650288900000,319.5,319.8,319.0,319.8,77.929
1650288960000,319.9,320.4,319.9,320.3,14.046
1650289020000,320.5,321.1,320.3,320.3,86.298
1650289080000,320.2,320.5,320.1,320.5,18.626
1650289140000,320.1,320.3,319.4,319.4,34.77
1650289200000,319.2,319.2,318.7,318.8,24.033
1650289260000,318.7,319.1,318.7,318.9,5.332
1650289320000,319.1,319.3,318.6,318.9,14.483
1650289380000,318.9,319.1,318.9,319.0,12.421
1650289440000,319.1,319.4,318.8,318.9,42.383
1650289500000,318.9,319.0,318.5,318.6,12.449
1650289560000,318.6,318.8,318.3,318.3,23.142
1650289620000,318.4,318.5,318.3,318.4,23.085
1650289680000,318.6,318.8,318.5,318.5,20.174
1650289740000,318.4,318.5,318.2,318.2,17.237
1650289800000,318.2,318.7,318.2,318.3,50.342
1650289860000,318.3,319.0,318.2,318.8,92.926
1650289920000,318.9,318.9,318.2,318.3,29.511
1650289980000,318.3,318.7,318.3,318.7,55.632
1650290040000,318.8,318.8,317.9,318.4,144.201
1650290100000,318.2,318.2,317.8,318.0,22.831
1650290160000,318.0,318.2,317.8,318.0,17.364
1650290220000,318.2,318.3,318.0,318.0,38.923
1650290280000,318.0,318.2,318.0,318.1,9.927
1650290340000,318.1,318.2,318.0,318.2,10.57
1650290400000,318.2,318.2,317.8,317.8,170.785
1650290460000,317.8,318.6,317.8,318.4,32.165
1650290520000,318.5,318.9,318.4,318.6,35.526
1650290580000,318.6,318.6,318.5,318.5,31.177
1650290640000,318.5,318.9,318.5,318.7,16.875
1650290700000,318.7,318.8,318.7,318.7,11.099
1650290760000,318.7,319.0,318.5,318.8,20.306
1650290820000,319.0,319.1,319.0,319.1,39.573
1650290880000,319.0,319.0,318.8,318.8,17.761
1650290940000,318.8,318.8,318.6,318.6,15.936
1650291000000,318.6,318.8,318.3,318.7,30.578
1650291060000,318.8,319.7,318.8,319.7,36.137
1650291120000,319.7,320.2,319.6,319.8,62.058
1650291180000,319.9,319.9,319.8,319.8,10.123
1650291240000,319.9,320.0,319.9,319.9,10.293
1650291300000,319.8,319.9,319.7,319.8,36.954
1650291360000,319.8,320.1,319.8,320.0,17.278
1650291420000,320.1,320.1,319.7,319.8,17.557
1650291480000,319.8,320.8,319.8,320.6,77.839
1650291540000,320.6,320.8,320.3,320.5,103.8
1650291600000,320.4,320.6,320.1,320.1,26.882
1650291660000,320.1,320.4,320.1,320.3,24.418
1650291720000,320.3,320.6,320.3,320.5,40.561
1650291780000,320.6,320.6,320.3,320.3,18.304
1650291840000,320.3,321.6,320.3,321.2,128.968
1650291900000,321.2,321.4,320.6,321.4,194.806
1650291960000,321.3,321.3,320.8,321.0,122.115
1650292020000,321.0,321.6,320.9,321.6,167.558
1650292080000,321.5,322.0,321.2,321.8,134.564
1650292140000,321.7,321.8,321.2,321.2,56.689
1650292200000,321.3,321.6,321.3,321.5,12.51
1650292260000,321.4,321.6,321.3,321.4,6.735
1650292320000,321.5,321.7,321.4,321.5,9.496
1650292380000,321.5,321.5,321.2,321.5,77.105
1650292440000,321.3,321.4,321.2,321.3,4.655
1650292500000,321.3,321.3,320.8,320.9,37.144
1650292560000,320.9,321.4,320.9,321.2,45.656
1650292620000,321.1,321.1,320.9,321.1,4.308
1650292680000,321.1,321.2,321.0,321.1,26.796
1650292740000,321.1,321.1,320.9,321.0,6.993
1650292800000,321.1,321.4,321.1,321.1,18.668
1650292860000,321.0,321.1,320.9,321.1,4.991
1650292920000,321.1,321.4,321.1,321.4,2.111
1650292980000,321.3,321.3,321.1,321.2,46.16
1650293040000,321.3,322.0,321.1,322.0,125.768
1650293100000,321.8,322.0,321.3,321.4,52.358
1650293160000,321.4,321.5,321.4,321.4,8.77
1650293220000,321.4,321.5,321.4,321.5,0.684
1650293280000,321.5,321.6,321.4,321.4,2.297
1650293340000,321.4,321.5,321.4,321.5,2.064
1650293400000,321.4,321.6,321.4,321.4,8.233
1650293460000,321.5,321.6,321.4,321.5,25.293
1650293520000,321.5,321.5,321.4,321.5,8.037
1650293580000,321.4,321.5,321.4,321.5,0.571
1650293640000,321.5,321.5,321.2,321.3,5.855
1650293700000,321.2,321.2,321.2,321.2,1.687
1650293760000,321.2,321.3,321.1,321.2,22.939
1650293820000,321.2,321.4,321.2,321.4,9.723
1650293880000,321.2,321.2,321.2,321.2,12.324
1650293940000,321.2,321.4,321.2,321.3,8.969
1650294000000,321.3,321.6,321.2,321.5,16.004
1650294060000,321.4,321.5,321.2,321.2,37.879
1650294120000,321.2,321.3,321.2,321.3,1.523
1650294180000,321.2,321.5,321.2,321.5,7.597
1650294240000,321.4,321.5,321.3,321.3,31.83
1650294300000,321.4,321.7,321.3,321.6,116.789
1650294360000,321.6,321.7,321.6,321.7,11.827
1650294420000,321.7,321.8,321.5,321.5,22.796
1650294480000,321.5,321.6,321.5,321.5,4.777
1650294540000,321.6,321.8,321.5,321.5,29.285
1650294600000,321.5,321.7,321.4,321.7,3.679
1650294660000,321.7,321.8,321.6,321.6,13.248
1650294720000,321.6,321.6,321.2,321.4,35.635
1650294780000,321.4,321.8,321.4,321.5,76.053
1650294840000,321.5,321.6,321.4,321.4,13.979
1650294900000,321.4,321.4,321.1,321.3,34.79
1650294960000,321.3,321.3,320.6,320.7,71.725
1650295020000,320.6,320.6,319.7,319.7,80.922
1650295080000,319.7,320.0,319.7,319.7,13.805
1650295140000,319.9,320.0,319.7,320.0,13.029
1650295200000,319.8,320.0,319.8,319.8,7.158
1650295260000,319.8,320.0,319.7,319.7,27.46
1650295320000,319.7,319.7,319.3,319.5,59.12
1650295380000,319.3,319.3,318.6,318.7,72.684
1650295440000,318.7,318.8,318.4,318.4,46.278
1650295500000,318.4,318.9,318.4,318.9,11.299
1650295560000,318.9,319.1,318.7,318.7,21.516
1650295620000,318.9,319.0,318.6,318.7,20.027
1650295680000,318.7,319.0,318.3,319.0,70.303
1650295740000,319.0,319.1,318.9,319.0,9.685
1650295800000,319.0,319.4,319.0,319.2,42.03
1650295860000,319.2,319.4,319.0,319.4,16.421
1650295920000,319.2,319.3,319.1,319.2,17.631
1650295980000,319.1,319.4,319.1,319.1,70.329
1650296040000,319.2,319.2,318.8,318.8,221.779
1650296100000,318.9,319.1,318.8,319.0,12.485
1650296160000,319.0,319.1,318.8,319.1,50.682
1650296220000,319.0,319.1,319.0,319.1,6.735
1650296280000,319.0,319.1,318.9,318.9,42.307
1650296340000,318.9,319.0,318.7,318.7,27.328
1650296400000,318.7,318.7,318.6,318.7,15.928
1650296460000,318.5,318.6,318.4,318.5,55.635
1650296520000,318.5,318.6,318.4,318.5,35.246
1650296580000,318.5,318.6,318.4,318.6,99.022
1650296640000,318.6,318.7,318.4,318.5,12.41
1650296700000,318.4,318.5,318.3,318.5,42.344
1650296760000,318.6,318.9,318.5,318.9,80.79
1650296820000,318.8,318.8,318.7,318.8,9.835
1650296880000,318.7,318.7,318.3,318.4,27.431
1650296940000,318.4,318.5,318.2,318.5,15.631
1650297000000,318.4,318.6,318.3,318.3,36.875
1650297060000,318.5,318.5,318.4,318.5,8.831
1650297120000,318.5,319.0,318.5,318.8,64.562
1650297180000,318.9,319.0,318.9,318.9,25.176
1650297240000,318.9,318.9,318.6,318.8,95.674
1650297300000,318.8,319.0,318.8,318.8,7.782
1650297360000,319.0,319.0,318.9,319.0,7.858
1650297420000,319.0,319.3,319.0,319.0,46.248
1650297480000,319.0,319.3,319.0,319.2,7.677
1650297540000,319.3,319.6,319.3,319.3,85.269
1650297600000,319.3,319.4,319.2,319.3,53.323
1650297660000,319.4,319.6,319.4,319.4,15.448
1650297720000,319.6,319.6,319.3,319.3,14.107
1650297780000,319.3,319.6,319.2,319.4,9.283
1650297840000,319.4,319.4,319.2,319.3,9.993
1650297900000,319.3,319.3,318.9,319.0,21.55
1650297960000,319.0,319.5,319.0,319.3,29.221
1650298020000,319.3,319.5,319.2,319.2,16.901
1650298080000,319.2,319.3,319.1,319.3,7.127
1650298140000,319.2,319.2,319.0,319.0,4.534
1650298200000,319.1,319.3,319.0,319.0,92.181
1650298260000,319.0,319.0,317.6,317.8,107.298
1650298320000,317.8,318.0,317.3,318.0,30.628
1650298380000,318.0,318.0,318.0,318.0,2.081
1650298440000,317.8,317.9,317.6,317.6,29.758
1650298500000,317.9,317.9,317.6,317.7,0.978
1650298560000,317.7,318.4,317.7,318.4,194.41
1650298620000,318.4,318.4,318.3,318.3,41.726
1650298680000,318.4,318.5,318.4,318.4,18.515
1650298740000,318.3,318.3,318.0,318.2,24.027
1650298800000,318.3,318.9,318.3,318.9,77.467
1650298860000,318.9,318.9,318.6,318.6,27.902
1650298920000,318.6,318.6,318.6,318.6,9.641
1650298980000,318.8,320.0,318.8,319.9,57.308
1650299040000,319.9,320.0,319.7,319.8,32.995
1650299100000,319.7,319.7,319.6,319.6,22.184
1650299160000,319.6,319.6,319.6,319.6,4.179
1650299220000,319.6,319.7,319.6,319.6,4.373
1650299280000,319.7,320.0,319.7,319.9,10.838
1650299340000,319.8,319.9,319.8,319.9,2.437
1650299400000,319.8,320.2,319.7,319.7,34.317
1650299460000,319.7,319.7,319.7,319.7,9.066
1650299520000,319.7,320.0,319.6,320.0,2.498
1650299580000,319.9,319.9,319.8,319.8,1.05
1650299640000,320.1,320.1,320.0,320.0,1.692
1650299700000,320.0,320.9,320.0,320.9,85.578
1650299760000,320.9,321.8,320.9,321.6,49.75
1650299820000,321.5,321.6,321.4,321.4,2.723
1650299880000,321.5,322.0,321.3,321.8,121.793
1650299940000,321.7,321.7,321.2,321.3,96.419
1650300000000,321.5,321.6,321.5,321.6,3.632
1650300060000,321.5,321.6,321.4,321.6,29.303
1650300120000,321.7,322.0,321.7,322.0,38.242
1650300180000,322.0,322.0,322.0,322.0,5.712
1650300240000,322.1,322.6,321.9,322.4,111.579
1650300300000,322.5,323.7,322.4,323.4,113.558
1650300360000,323.5,323.9,323.3,323.9,122.301
1650300420000,323.8,323.9,323.4,323.6,78.592
1650300480000,323.6,323.6,323.3,323.4,21.915
1650300540000,323.4,323.4,323.1,323.2,158.529
1650300600000,323.2,323.2,323.1,323.2,46.262
1650300660000,323.3,323.3,322.8,322.8,116.742
1650300720000,322.8,322.8,322.4,322.7,49.011
1650300780000,322.7,322.9,322.6,322.9,18.161
1650300840000,322.8,322.9,322.8,322.9,20.59
1650300900000,323.0,323.4,322.9,323.0,55.333
1650300960000,322.9,322.9,322.8,322.9,7.0
1650301020000,322.8,322.8,322.6,322.6,41.023
1650301080000,322.7,322.7,322.7,322.7,5.265
1650301140000,322.7,322.7,322.2,322.2,36.683
1650301200000,322.3,322.6,322.2,322.6,257.46
1650301260000,322.7,322.8,322.7,322.8,31.872
1650301320000,322.9,322.9,322.6,322.6,34.902
1650301380000,322.5,322.8,322.4,322.8,53.888
1650301440000,322.7,323.0,322.6,323.0,82.347
1650301500000,323.1,323.3,323.1,323.3,14.045
1650301560000,323.3,323.3,323.0,323.0,47.505
1650301620000,323.0,323.9,323.0,323.9,60.208
1650301680000,323.9,323.9,323.9,323.9,39.019
1650301740000,324.0,325.1,323.9,324.7,308.034
1650301800000,324.8,326.6,324.1,326.5,297.17
1650301860000,326.5,327.9,326.5,327.0,597.531
1650301920000,326.9,327.7,326.6,327.4,192.053
1650301980000,327.3,328.1,327.3,328.1,46.168
1650302040000,328.0,328.7,327.4,328.0,221.268
1650302100000,328.1,328.2,327.8,328.2,41.045
1650302160000,328.2,331.6,328.2,331.3,925.348
1650302220000,331.4,331.5,330.3,330.8,370.218
1650302280000,330.8,331.0,329.7,329.7,133.167
1650302340000,329.6,329.9,328.3,328.6,163.644
1650302400000,328.6,328.8,327.9,328.5,108.248
1650302460000,328.5,328.8,328.1,328.6,22.738
1650302520000,328.6,329.3,328.6,329.2,20.117
1650302580000,329.2,329.3,328.3,328.7,63.912
1650302640000,328.5,328.8,328.3,328.5,35.839
1650302700000,328.5,328.7,327.9,327.9,38.116
1650302760000,327.8,328.4,327.5,328.3,138.3
1650302820000,328.4,329.7,328.4,329.7,38.602
1650302880000,329.8,330.0,329.6,329.9,44.691
1650302940000,329.8,330.7,329.8,330.2,107.594
1650303000000,330.2,331.5,330.1,331.3,122.599
1650303060000,331.3,331.6,330.4,330.6,140.002
1650303120000,330.5,331.6,330.1,330.3,94.279
1650303180000,330.4,331.1,330.4,331.1,54.545
1650303240000,330.9,331.9,330.7,331.9,39.777
1650303300000,331.7,331.9,331.6,331.9,34.002
1650303360000,331.8,332.3,331.5,331.8,62.407
1650303420000,331.8,331.8,331.5,331.6,2.54
1650303480000,331.7,332.4,331.6,332.0,101.365
1650303540000,332.1,332.1,331.5,331.5,35.82
1650303600000,331.6,332.0,331.6,331.8,18.771
1650303660000,331.9,332.0,331.5,331.5,61.611
1650303720000,331.5,331.9,331.5,331.8,20.19
1650303780000,331.9,331.9,331.7,331.9,8.044
1650303840000,331.9,332.1,331.7,331.9,17.532
1650303900000,331.9,332.1,331.8,331.9,9.795
1650303960000,331.8,331.8,331.6,331.6,15.935
1650304020000,331.7,332.5,331.7,332.3,24.939
1650304080000,332.3,332.3,331.9,331.9,10.715
1650304140000,332.0,332.4,332.0,332.2,35.574
1650304200000,332.2,332.3,332.1,332.2,10.214
1650304260000,332.2,332.3,332.2,332.3,16.694
1650304320000,332.4,332.5,332.2,332.2,33.514
1650304380000,332.1,332.4,332.1,332.4,10.634
1650304440000,332.4,332.5,332.4,332.4,16.031
1650304500000,332.4,333.3,332.4,333.0,166.051
1650304560000,332.9,333.3,332.7,333.2,144.44
1650304620000,333.1,333.4,332.5,332.8,70.609
1650304680000,332.6,333.0,332.5,333.0,30.07
1650304740000,333.2,333.2,332.5,332.8,19.039
1650304800000,332.8,333.3,332.5,332.7,128.377
1650304860000,332.9,333.6,332.9,333.5,18.285
1650304920000,333.4,333.5,333.2,333.4,37.194
1650304980000,333.3,333.5,333.3,333.4,14.505
1650305040000,333.5,334.1,333.5,333.8,31.445
1650305100000,333.8,334.2,333.8,333.9,247.62
1650305160000,333.9,334.2,333.8,334.2,50.316
1650305220000,334.3,334.5,333.9,334.1,84.336
1650305280000,334.2,334.2,333.3,333.3,70.053
1650305340000,333.3,333.9,333.3,333.8,67.379
1650305400000,333.6,334.0,333.6,334.0,30.43
1650305460000,333.9,334.3,333.8,334.3,39.142
1650305520000,334.3,334.3,333.0,333.6,143.487
1650305580000,333.7,333.7,333.5,333.6,13.277
1650305640000,333.6,333.7,333.5,333.6,7.664
1650305700000,333.5,335.2,333.5,334.9,374.701
1650305760000,334.9,337.1,334.8,336.3,660.149
1650305820000,336.3,336.3,335.6,336.0,149.151
1650305880000,335.8,337.5,335.8,337.4,127.639
1650305940000,337.5,338.5,337.5,337.6,163.334
1650306000000,337.5,337.8,336.6,337.4,145.35
1650306060000,337.4,337.4,336.1,336.2,70.512
1650306120000,336.1,336.4,336.0,336.3,0.619
1650306180000,336.3,337.6,336.2,337.1,162.368
1650306240000,337.2,337.4,337.0,337.3,46.753
1650306300000,337.4,338.0,336.8,337.0,91.057
1650306360000,336.8,337.1,336.7,336.8,18.756
1650306420000,336.7,336.8,336.6,336.6,4.651
1650306480000,336.8,337.9,336.8,337.9,68.741
1650306540000,337.8,338.5,337.8,337.9,78.668
1650306600000,337.9,338.0,336.7,337.1,98.006
1650306660000,337.2,337.3,336.7,337.3,131.822
1650306720000,337.3,337.4,337.0,337.4,55.78
1650306780000,337.5,338.3,337.5,338.2,34.176
1650306840000,338.2,339.6,338.2,339.5,114.74
1650306900000,339.4,339.5,339.0,339.1,91.523
1650306960000,339.1,339.1,338.3,338.5,70.622
1650307020000,338.7,338.9,338.3,338.6,96.538
1650307080000,338.6,338.9,338.2,338.6,130.513
1650307140000,338.6,338.6,338.1,338.1,22.856
1650307200000,338.1,338.5,338.1,338.5,19.147
1650307260000,338.3,338.4,338.1,338.4,11.684
1650307320000,338.4,338.5,338.3,338.4,7.505
1650307380000,338.5,338.7,338.3,338.4,15.065
1650307440000,338.4,338.8,338.2,338.8,65.796
1650307500000,338.8,339.1,338.4,338.5,103.503
1650307560000,338.3,338.7,338.1,338.6,94.694
1650307620000,338.8,338.9,338.4,338.4,33.862
1650307680000,338.5,338.5,338.3,338.4,22.877
1650307740000,338.5,339.4,338.4,339.3,44.88
1650307800000,339.1,339.5,339.1,339.5,85.231
1650307860000,339.5,339.5,339.1,339.2,2.785
1650307920000,339.1,339.5,338.4,338.6,150.726
1650307980000,338.6,339.0,338.6,338.9,26.398
1650308040000,339.0,339.3,338.9,339.0,15.333
1650308100000,339.0,339.1,338.8,339.1,48.073
1650308160000,339.1,339.2,339.1,339.2,20.266
1650308220000,339.0,339.3,339.0,339.3,12.909
1650308280000,339.3,339.3,339.2,339.3,4.967
1650308340000,339.4,339.6,339.3,339.5,104.935
1650308400000,339.6,340.9,339.6,340.7,247.206
1650308460000,340.6,340.7,340.1,340.2,56.251
1650308520000,340.1,340.3,340.0,340.1,29.482
1650308580000,340.0,340.0,339.0,339.0,23.473
1650308640000,339.0,339.1,338.8,338.9,31.462
1650308700000,339.0,339.7,339.0,339.4,7.66
1650308760000,339.5,339.5,339.5,339.5,2.389
1650308820000,339.6,339.7,338.8,339.0,63.754
1650308880000,339.1,339.1,338.7,338.8,8.726
1650308940000,338.9,339.1,338.6,338.9,9.061
1650309000000,338.9,339.3,338.7,339.2,41.559
1650309060000,339.2,339.4,339.0,339.0,18.865
1650309120000,339.1,339.1,338.8,338.8,8.074
1650309180000,338.9,338.9,338.5,338.6,82.554
1650309240000,338.6,338.7,338.3,338.4,63.607
1650309300000,338.6,338.7,338.4,338.6,11.513
1650309360000,338.6,338.8,338.6,338.8,16.458
1650309420000,338.8,338.8,338.5,338.7,2.953
1650309480000,338.5,338.7,338.5,338.7,1.713
1650309540000,338.7,339.1,338.6,339.0,64.364
1650309600000,338.9,339.1,338.8,338.9,22.725
1650309660000,339.0,339.8,339.0,339.6,37.815
1650309720000,339.6,339.6,339.3,339.4,3.801
1650309780000,339.4,339.4,339.3,339.4,17.722
1650309840000,339.3,339.7,339.3,339.6,8.983
1650309900000,339.5,339.5,339.1,339.2,90.635
1650309960000,339.3,339.6,339.3,339.5,16.77
1650310020000,339.5,339.5,339.4,339.5,54.537
1650310080000,339.4,339.7,339.1,339.1,26.255
1650310140000,339.4,340.5,339.4,340.3,239.111
1650310200000,340.2,340.2,339.7,339.7,25.33
1650310260000,339.6,340.0,339.5,339.9,50.402
1650310320000,339.8,339.8,339.6,339.6,9.084
1650310380000,339.7,339.8,339.6,339.6,17.85
1650310440000,339.7,339.7,339.4,339.5,20.327
1650310500000,339.6,339.6,339.4,339.5,6.191
1650310560000,339.4,339.6,339.4,339.4,12.613
1650310620000,339.4,339.4,339.2,339.2,4.898
1650310680000,339.2,339.2,338.3,338.4,56.657
1650310740000,338.4,338.4,337.9,338.1,26.263
1650310800000,338.3,338.5,338.2,338.3,6.405
1650310860000,338.3,338.4,338.1,338.3,10.012
1650310920000,338.3,338.3,338.3,338.3,2.623
1650310980000,338.2,338.5,338.2,338.4,4.663
1650311040000,338.4,338.4,338.3,338.3,22.204
1650311100000,338.2,338.4,338.1,338.4,9.43
1650311160000,338.2,338.2,337.8,338.0,25.645
1650311220000,337.9,337.9,337.8,337.9,13.899
1650311280000,337.9,338.0,337.9,338.0,17.213
1650311340000,337.9,337.9,337.3,337.4,28.975
1650311400000,337.4,337.4,336.9,337.1,94.121
1650311460000,337.1,337.1,336.5,336.8,127.758
1650311520000,336.7,336.9,336.6,336.7,6.813
1650311580000,336.6,336.7,336.5,336.6,11.952
1650311640000,336.6,336.9,336.6,336.9,13.662
1650311700000,336.9,337.7,336.9,337.7,16.201
1650311760000,337.7,338.0,337.5,337.8,60.959
1650311820000,337.7,337.9,337.4,337.8,52.49
1650311880000,337.7,337.7,337.6,337.7,5.328
1650311940000,337.6,337.9,337.3,337.4,101.559
1650312000000,337.6,338.4,337.6,338.2,46.022
1650312060000,338.2,338.2,337.7,337.9,13.643
1650312120000,337.8,337.8,337.4,337.5,48.88
1650312180000,337.5,337.7,337.4,337.4,27.951
1650312240000,337.5,337.6,337.1,337.2,36.83
1650312300000,337.4,337.4,337.0,337.1,27.952
1650312360000,337.1,337.8,337.1,337.6,55.617
1650312420000,337.6,338.3,337.4,338.2,23.862
1650312480000,338.1,338.2,337.6,337.6,16.947
1650312540000,337.6,337.7,337.4,337.7,23.567
1650312600000,337.6,337.7,337.5,337.5,4.096
1650312660000,337.6,337.6,337.1,337.4,13.423
1650312720000,337.4,337.5,337.3,337.3,16.149
1650312780000,337.3,337.8,337.3,337.4,21.462
1650312840000,337.5,337.7,337.5,337.6,6.351
1650312900000,337.7,337.9,337.2,337.2,16.532
1650312960000,337.4,337.5,336.8,336.8,16.426
1650313020000,336.8,336.8,336.8,336.8,0.219
1650313080000,336.7,336.7,336.5,336.7,4.998
1650313140000,336.5,337.3,336.5,337.3,143.261
1650313200000,337.3,337.3,336.8,336.9,43.471
1650313260000,336.8,336.9,336.8,336.9,0.605
1650313320000,336.9,337.8,336.8,337.8,216.258
1650313380000,337.8,337.9,337.5,337.5,15.543
1650313440000,337.4,337.4,336.4,336.5,94.019
1650313500000,336.7,336.8,336.5,336.8,1.225
1650313560000,336.7,337.7,336.7,337.5,42.031
1650313620000,337.4,337.7,337.4,337.5,12.533
1650313680000,337.4,337.5,337.3,337.4,2.222
1650313740000,337.5,337.6,337.3,337.3,2.455
1650313800000,337.3,337.3,337.2,337.2,4.747
1650313860000,337.2,337.5,337.2,337.2,11.545
1650313920000,337.2,337.2,337.2,337.2,0.0
1650313980000,337.2,337.3,337.2,337.3,10.592
1650314040000,337.1,337.1,337.0,337.0,4.924
1650314100000,337.1,337.2,337.0,337.0,11.693
1650314160000,337.0,337.2,336.9,337.2,9.949
1650314220000,337.2,337.3,337.1,337.2,16.724
1650314280000,337.3,337.6,337.2,337.2,23.705
1650314340000,337.2,337.2,337.0,337.0,7.39
1650314400000,337.1,337.3,337.1,337.2,4.753
1650314460000,337.1,337.3,337.0,337.2,15.053
1650314520000,337.1,337.2,337.0,337.0,1.656
1650314580000,337.0,337.0,337.0,337.0,8.134
1650314640000,337.0,337.1,337.0,337.1,1.881
1650314700000,336.9,336.9,336.9,336.9,1.0
1650314760000,336.9,337.2,336.9,337.2,16.094
1650314820000,337.2,337.2,337.2,337.2,7.984
1650314880000,337.2,337.5,337.2,337.5,15.916
1650314940000,337.5,337.5,337.0,337.1,7.618
1650315000000,337.2,337.2,337.0,337.0,1.275
1650315060000,337.0,337.0,337.0,337.0,0.881
1650315120000,337.0,337.2,337.0,337.1,4.802
1650315180000,337.1,337.1,336.7,336.7,8.013
1650315240000,337.0,337.0,336.9,336.9,6.035
1650315300000,336.9,337.0,336.8,336.9,10.505
1650315360000,336.9,337.0,336.7,337.0,8.654
1650315420000,337.0,337.0,336.9,336.9,3.921
1650315480000,336.9,336.9,336.9,336.9,6.969
1650315540000,336.8,336.8,336.7,336.8,9.323
1650315600000,336.8,337.0,336.8,337.0,3.12
1650315660000,336.9,337.0,336.8,336.9,23.959
1650315720000,337.0,337.2,336.9,336.9,33.474
1650315780000,337.1,337.2,337.1,337.2,0.607
1650315840000,337.1,337.6,337.1,337.5,76.073
1650315900000,337.4,337.5,337.4,337.4,3.808
1650315960000,337.3,337.8,337.3,337.7,14.971
1650316020000,337.7,337.7,337.5,337.7,15.144
1650316080000,337.6,337.8,337.5,337.6,16.191
1650316140000,337.7,337.7,337.4,337.4,9.417
1650316200000,337.4,337.7,337.3,337.5,10.124
1650316260000,337.5,337.8,337.5,337.8,3.641
1650316320000,337.7,337.7,337.6,337.6,7.45
1650316380000,337.7,337.8,337.5,337.5,9.736
1650316440000,337.5,337.5,337.5,337.5,1.0
1650316500000,337.5,337.7,337.5,337.7,19.208
1650316560000,337.6,337.6,337.5,337.5,2.609
1650316620000,337.5,337.7,337.5,337.6,4.431
1650316680000,337.6,338.3,337.6,338.2,130.307
1650316740000,338.2,338.3,338.1,338.3,18.172
1650316800000,338.1,339.0,338.1,338.5,39.302
1650316860000,338.8,339.1,338.3,338.3,245.303
1650316920000,338.4,338.8,338.4,338.8,12.453
1650316980000,338.8,338.8,338.5,338.5,16.954
1650317040000,338.7,339.0,338.3,339.0,104.58
1650317100000,339.0,339.3,339.0,339.3,2.987
1650317160000,339.3,339.3,339.0,339.0,7.74
1650317220000,338.9,339.5,338.9,339.5,62.461
1650317280000,339.5,339.8,339.3,339.5,59.824
1650317340000,339.5,339.5,339.1,339.1,5.325
1650317400000,339.1,339.7,339.1,339.5,9.508
1650317460000,339.6,339.6,339.5,339.5,3.662
1650317520000,339.4,339.6,339.4,339.6,0.212
1650317580000,339.5,339.5,339.5,339.5,0.298
1650317640000,339.5,340.1,339.4,340.1,114.02
1650317700000,340.1,340.2,340.0,340.0,30.26
1650317760000,340.0,340.1,339.9,339.9,2.123
1650317820000,339.9,340.0,339.9,339.9,3.167
1650317880000,340.1,340.1,340.0,340.0,2.61
1650317940000,340.1,340.1,340.0,340.1,18.996
1650318000000,340.1,340.1,339.2,339.2,43.682
1650318060000,339.3,339.4,339.3,339.4,0.707
1650318120000,339.2,339.2,339.1,339.1,4.857
1650318180000,339.1,339.2,339.1,339.1,1.013
1650318240000,339.2,339.4,339.2,339.4,2.708
1650318300000,339.2,339.2,338.8,338.8,6.209
1650318360000,338.8,339.5,338.8,339.4,28.581
1650318420000,339.6,339.6,339.6,339.6,0.121
1650318480000,339.3,339.5,339.2,339.5,3.822
1650318540000,339.3,339.4,339.1,339.2,29.323
1650318600000,339.2,340.5,339.2,340.3,23.41
1650318660000,340.4,340.7,339.8,340.1,57.185
1650318720000,340.1,340.1,340.0,340.0,0.334
1650318780000,340.1,340.1,339.9,339.9,0.602
1650318840000,339.9,340.1,339.8,340.1,6.583
1650318900000,340.2,340.5,340.1,340.1,12.609
1650318960000,340.0,340.1,340.0,340.0,1.057
1650319020000,339.9,339.9,339.9,339.9,3.44
1650319080000,340.0,340.0,340.0,340.0,1.883
1650319140000,340.0,340.0,339.5,339.5,10.955
1650319200000,339.6,340.0,339.6,340.0,34.139
1650319260000,340.0,340.0,340.0,340.0,1.699
1650319320000,339.9,339.9,339.8,339.8,20.864
1650319380000,339.8,339.8,339.8,339.8,8.091
1650319440000,339.9,340.2,339.8,340.2,17.196
1650319500000,340.1,340.2,339.6,339.6,10.245
1650319560000,339.6,339.6,339.6,339.6,0.0
1650319620000,339.7,340.1,339.7,340.0,20.538
1650319680000,340.0,340.3,339.9,340.1,67.266
1650319740000,340.1,340.2,339.9,340.0,22.432
1650319800000,340.0,340.0,339.9,340.0,7.951
1650319860000,339.8,339.8,339.3,339.4,213.465
1650319920000,339.2,339.2,338.8,338.8,288.809
1650319980000,338.8,338.9,338.6,338.8,62.702
1650320040000,338.8,338.9,338.8,338.8,7.434
1650320100000,338.6,338.6,338.4,338.4,47.889
1650320160000,338.3,338.4,338.3,338.4,4.514
1650320220000,338.4,338.4,338.2,338.2,8.157
1650320280000,338.3,338.5,338.3,338.5,1.301
1650320340000,338.4,338.5,338.4,338.5,10.024
1650320400000,338.5,338.7,337.8,338.1,162.585
1650320460000,338.1,338.1,338.1,338.1,4.468
1650320520000,338.1,338.4,338.1,338.4,10.797
1650320580000,338.5,338.7,338.5,338.7,2.132
1650320640000,338.7,338.7,338.7,338.7,17.232
1650320700000,338.8,338.9,338.6,338.6,25.133
1650320760000,338.6,338.7,338.6,338.7,2.467
1650320820000,338.7,338.7,338.4,338.4,1.799
1650320880000,338.3,338.3,338.2,338.2,6.369
1650320940000,338.2,338.2,338.2,338.2,6.399
1650321000000,338.2,338.4,338.0,338.0,29.534
1650321060000,338.1,338.1,337.9,338.0,2.977
1650321120000,338.0,338.1,337.7,337.7,5.234
1650321180000,337.6,337.9,337.6,337.9,9.061
1650321240000,338.0,338.0,337.9,338.0,2.031
1650321300000,338.0,338.2,338.0,338.1,28.33
1650321360000,338.1,338.1,337.9,338.1,9.39
1650321420000,338.1,338.1,338.1,338.1,5.314
1650321480000,338.0,338.0,338.0,338.0,11.241
1650321540000,337.9,337.9,337.8,337.8,4.978
1650321600000,337.8,338.1,337.6,337.6,121.533
1650321660000,337.7,337.9,337.7,337.9,3.046
1650321720000,337.9,337.9,337.9,337.9,0.0
1650321780000,337.8,337.8,337.7,337.7,1.359
1650321840000,337.6,337.6,337.5,337.5,0.552
1650321900000,337.6,337.7,337.6,337.7,52.672
1650321960000,337.7,337.7,337.6,337.6,1.691
1650322020000,337.7,338.0,337.7,337.9,17.241
1650322080000,338.0,338.0,338.0,338.0,0.295
1650322140000,338.0,338.0,337.9,337.9,1.494
1650322200000,337.7,338.0,337.7,338.0,62.267
1650322260000,338.1,338.5,338.1,338.4,47.156
1650322320000,338.5,338.5,338.0,338.0,40.182
1650322380000,338.1,338.2,338.1,338.2,0.605
1650322440000,338.2,338.7,338.1,338.4,48.15
1650322500000,338.6,338.7,338.5,338.5,44.931
1650322560000,338.5,339.2,338.4,339.0,125.087
1650322620000,339.0,339.0,338.7,338.7,12.109
1650322680000,338.7,339.0,338.7,338.9,9.845
1650322740000,339.0,339.0,338.9,338.9,16.399
1650322800000,339.0,339.3,339.0,339.3,41.352
1650322860000,339.2,339.5,339.0,339.5,38.02
1650322920000,339.5,340.0,339.4,339.8,62.709
1650322980000,339.8,340.2,339.8,340.0,35.155
1650323040000,340.0,340.4,340.0,340.3,42.21
1650323100000,340.2,340.6,340.2,340.5,42.429
1650323160000,340.6,340.8,340.6,340.6,61.984
1650323220000,340.6,340.7,339.9,339.9,21.066
1650323280000,339.8,339.8,339.3,339.4,18.419
1650323340000,339.4,339.7,339.4,339.7,20.311
1650323400000,339.7,339.9,339.6,339.8,68.038
1650323460000,339.8,339.9,339.7,339.8,40.366
1650323520000,339.7,339.7,339.5,339.5,2.506
1650323580000,339.6,339.8,339.4,339.4,19.361
1650323640000,339.4,339.4,339.4,339.4,1.053
1650323700000,339.4,339.5,339.4,339.4,10.758
1650323760000,339.4,339.9,339.4,339.9,17.764
1650323820000,340.1,340.2,340.1,340.2,21.909
1650323880000,340.1,340.1,339.7,339.9,36.126
1650323940000,339.9,340.0,339.9,339.9,3.246
1650324000000,340.0,340.2,340.0,340.2,22.324
1650324060000,340.2,340.4,340.1,340.1,38.466
1650324120000,340.2,340.3,340.2,340.3,22.846
1650324180000,340.2,341.0,340.2,340.8,71.36
1650324240000,340.7,341.0,340.7,340.8,154.747
1650324300000,340.8,340.8,340.1,340.1,23.807
1650324360000,340.2,340.2,340.0,340.1,3.016
1650324420000,340.0,340.1,340.0,340.1,14.178
1650324480000,340.1,340.1,340.0,340.0,1.829
1650324540000,340.0,340.0,339.9,339.9,1.142
1650324600000,339.9,340.1,339.9,340.1,17.992
1650324660000,340.0,340.1,339.9,340.1,3.587
1650324720000,339.9,340.0,339.8,340.0,1.818
1650324780000,339.9,340.0,339.9,340.0,11.702
1650324840000,339.9,339.9,339.8,339.8,5.176
1650324900000,340.0,340.0,339.8,339.8,7.807
1650324960000,339.7,339.8,339.6,339.8,27.822
1650325020000,339.7,339.7,339.6,339.6,0.646
1650325080000,339.6,339.7,339.3,339.7,23.985
1650325140000,339.7,339.7,339.5,339.5,4.34
1650325200000,339.7,339.8,339.7,339.7,10.567
1650325260000,339.6,339.6,339.6,339.6,0.58
1650325320000,339.6,339.8,339.5,339.8,12.177
1650325380000,339.7,339.8,339.5,339.7,21.019
1650325440000,339.7,339.8,339.7,339.8,14.822
1650325500000,339.9,340.3,339.9,339.9,127.457
1650325560000,339.8,339.9,339.8,339.8,3.026
1650325620000,339.9,339.9,339.8,339.8,1.444
1650325680000,339.8,340.2,339.8,340.2,1.657
1650325740000,340.2,340.2,340.0,340.0,4.141
1650325800000,340.0,340.2,339.8,339.8,24.05
1650325860000,340.0,340.4,340.0,340.0,22.907
1650325920000,340.0,340.5,340.0,340.4,48.779
1650325980000,340.5,340.5,340.3,340.3,39.968
1650326040000,340.4,340.4,340.2,340.2,18.541
1650326100000,340.2,340.2,340.2,340.2,7.879
1650326160000,340.3,340.5,340.3,340.5,4.044
1650326220000,340.5,340.7,340.2,340.3,81.616
1650326280000,340.3,340.4,340.1,340.4,37.682
1650326340000,340.4,340.5,340.3,340.3,16.504
1650326400000,340.4,340.8,340.4,340.8,53.359
1650326460000,340.6,340.7,340.5,340.5,19.567
1650326520000,340.5,341.5,340.3,341.4,200.168
1650326580000,341.2,341.8,341.1,341.4,122.094
1650326640000,341.3,341.3,340.8,340.8,22.813
1650326700000,340.9,341.1,340.3,340.4,231.973
1650326760000,340.5,340.9,340.5,340.8,15.123
1650326820000,340.8,341.1,340.6,341.1,17.049
1650326880000,341.0,341.6,341.0,341.5,65.085
1650326940000,341.4,341.5,341.2,341.4,35.65
1650327000000,341.3,341.6,341.2,341.3,17.316
1650327060000,341.2,341.2,340.9,341.1,57.657
1650327120000,341.0,341.4,341.0,341.4,11.413
1650327180000,341.5,343.0,341.5,342.9,247.923
1650327240000,342.9,343.0,342.6,342.9,75.078
1650327300000,342.8,343.0,342.2,342.3,94.178
1650327360000,342.3,342.4,341.8,341.8,50.214
1650327420000,341.8,341.9,341.6,341.6,16.939
1650327480000,341.6,341.8,341.5,341.7,60.66
1650327540000,341.8,342.0,341.8,341.8,6.02
1650327600000,341.8,341.8,341.6,341.7,4.504
1650327660000,341.8,342.0,341.7,342.0,32.831
1650327720000,341.8,342.0,341.8,341.9,3.628
1650327780000,341.9,341.9,341.7,341.7,15.14
1650327840000,341.6,341.6,341.5,341.5,47.748
1650327900000,341.6,341.7,341.4,341.6,64.265
1650327960000,341.6,341.7,341.6,341.7,20.964
1650328020000,341.8,341.8,341.5,341.5,12.906
1650328080000,341.5,341.5,341.5,341.5,0.988
1650328140000,341.5,341.7,341.5,341.7,7.469
1650328200000,341.7,342.2,341.5,342.1,66.391
1650328260000,342.2,342.2,341.7,342.1,62.035
1650328320000,342.2,342.9,342.2,342.7,157.687
1650328380000,342.7,342.7,342.4,342.7,27.292
1650328440000,342.7,342.7,342.4,342.4,32.239
1650328500000,342.5,342.6,342.0,342.1,114.166
1650328560000,342.1,342.1,341.7,341.8,55.833
1650328620000,341.8,342.1,341.7,342.1,0.86
1650328680000,342.1,342.4,342.1,342.4,17.246
1650328740000,342.4,342.4,342.3,342.3,49.744
1650328800000,342.2,342.2,341.8,341.8,21.405
1650328860000,341.8,341.9,341.8,341.8,6.665
1650328920000,341.8,341.8,341.4,341.4,30.678
1650328980000,341.4,341.4,341.0,341.3,12.777
1650329040000,341.5,341.5,341.4,341.5,0.231
1650329100000,341.4,341.5,341.3,341.3,30.176
1650329160000,341.3,341.4,341.3,341.3,16.953
1650329220000,341.3,341.3,340.5,340.5,110.429
1650329280000,340.5,340.5,339.2,339.3,153.271
1650329340000,339.3,339.5,338.6,339.1,81.177
1650329400000,339.2,339.5,339.2,339.5,40.377
1650329460000,339.5,339.6,339.3,339.5,12.082
1650329520000,339.5,339.8,339.5,339.8,16.763
1650329580000,339.8,339.8,339.5,339.6,113.274
1650329640000,339.6,339.7,339.4,339.5,7.671
1650329700000,339.5,339.6,339.1,339.3,199.287
1650329760000,339.2,339.3,339.1,339.3,26.32
1650329820000,339.3,339.3,338.8,339.0,37.335
1650329880000,339.0,339.1,338.6,338.6,37.176
1650329940000,338.7,338.7,338.4,338.5,39.497
1650330000000,338.6,338.6,338.3,338.6,46.903
1650330060000,338.6,338.8,338.5,338.6,116.2
1650330120000,338.6,338.8,338.5,338.8,50.387
1650330180000,338.9,339.0,338.8,339.0,10.983
1650330240000,338.9,338.9,338.7,338.8,23.936
1650330300000,338.9,338.9,338.7,338.7,20.351
1650330360000,338.8,338.8,338.5,338.6,4.163
1650330420000,338.6,338.7,338.5,338.6,7.125
1650330480000,338.6,338.6,338.5,338.6,27.13
1650330540000,338.6,338.6,338.3,338.5,12.611
1650330600000,338.6,338.7,338.5,338.7,14.621
1650330660000,338.7,338.8,337.9,338.1,96.022
1650330720000,338.2,338.4,338.0,338.0,51.922
1650330780000,338.1,338.2,337.6,338.1,139.732
1650330840000,338.1,338.2,337.9,338.0,7.129
1650330900000,338.0,338.2,338.0,338.0,27.454
1650330960000,338.0,338.2,338.0,338.1,16.66
1650331020000,338.1,338.2,338.0,338.2,21.502
1650331080000,338.2,338.2,338.1,338.2,4.529
1650331140000,338.2,338.2,337.6,337.6,107.218
1650331200000,337.6,337.6,336.9,337.3,149.544
1650331260000,337.3,337.6,337.2,337.6,15.753
1650331320000,337.6,337.6,336.8,336.9,55.045
1650331380000,336.9,337.3,336.8,336.9,45.221
1650331440000,336.9,337.2,336.9,337.2,6.685
1650331500000,337.2,337.3,336.7,337.0,83.927
1650331560000,337.0,337.0,336.8,337.0,1.699
1650331620000,337.0,337.0,336.8,336.9,6.71
1650331680000,336.8,337.2,336.8,337.1,65.453
1650331740000,337.1,337.2,337.1,337.2,23.184
1650331800000,337.2,337.3,336.9,337.0,22.384
1650331860000,337.1,337.1,336.8,336.8,3.759
1650331920000,336.8,336.9,336.8,336.9,2.697
1650331980000,337.0,337.0,337.0,337.0,1.903
1650332040000,337.0,337.0,336.7,336.8,7.313
1650332100000,336.8,336.8,336.6,336.6,15.547
1650332160000,336.6,336.7,336.6,336.7,18.218
1650332220000,336.7,336.7,336.5,336.6,28.334
1650332280000,336.6,337.1,336.6,336.7,127.245
1650332340000,336.7,336.7,336.4,336.5,19.38
1650332400000,336.5,336.6,336.4,336.6,14.157
1650332460000,336.6,336.8,336.5,336.8,4.773
1650332520000,336.8,336.9,336.7,336.8,8.878
1650332580000,336.8,336.8,336.8,336.8,3.654
1650332640000,336.7,336.8,336.6,336.8,13.391
1650332700000,336.8,336.9,336.7,336.7,12.359
1650332760000,336.7,336.9,336.7,336.9,38.857
1650332820000,337.0,337.1,337.0,337.1,1.872
1650332880000,337.2,337.2,336.9,337.1,7.413
1650332940000,337.1,337.1,336.9,337.0,9.214
1650333000000,337.0,337.0,336.9,337.0,9.518
1650333060000,337.0,337.0,336.6,336.6,11.813
1650333120000,336.6,336.6,336.6,336.6,3.503
1650333180000,336.6,336.6,336.4,336.5,5.76
1650333240000,336.5,336.5,336.4,336.5,5.809
1650333300000,336.5,336.6,336.4,336.4,36.014
1650333360000,336.4,336.4,336.2,336.2,29.857
1650333420000,336.3,336.3,335.5,335.6,122.954
1650333480000,335.6,335.9,335.6,335.6,29.775
1650333540000,335.6,335.8,335.6,335.8,12.61
1650333600000,335.9,336.6,335.9,336.4,222.138
1650333660000,336.4,336.4,336.2,336.3,17.785
1650333720000,336.3,336.3,336.1,336.3,61.19
1650333780000,336.3,336.5,336.3,336.5,14.807
1650333840000,336.5,336.6,336.3,336.6,37.006
1650333900000,336.6,336.7,336.6,336.6,14.609
1650333960000,336.6,336.6,336.3,336.5,17.949
1650334020000,336.5,336.5,336.3,336.3,5.222
1650334080000,336.3,336.3,336.2,336.2,5.528
1650334140000,336.2,336.3,336.0,336.0,26.714
1650334200000,336.0,336.2,335.9,336.0,86.723
1650334260000,335.9,336.1,335.8,335.8,15.495
1650334320000,335.8,335.9,335.7,335.8,29.343
1650334380000,335.9,335.9,335.6,335.7,7.335
1650334440000,335.7,335.7,335.6,335.7,6.786
1650334500000,335.7,335.9,335.6,335.9,75.484
1650334560000,335.9,336.1,335.6,336.1,53.337
1650334620000,336.1,336.1,335.8,335.9,40.081
1650334680000,335.9,335.9,335.8,335.8,26.31
1650334740000,335.8,336.1,335.8,336.1,21.453
1650334800000,336.1,336.2,336.0,336.2,28.752
1650334860000,336.3,336.4,336.2,336.4,14.091
1650334920000,336.4,336.5,336.3,336.3,4.45
1650334980000,336.4,336.5,336.2,336.2,38.472
1650335040000,336.2,336.4,336.2,336.3,12.153
1650335100000,336.3,336.4,336.2,336.3,11.68
1650335160000,336.3,336.6,336.3,336.5,36.801
1650335220000,336.5,336.5,336.2,336.5,29.356
1650335280000,336.5,336.5,336.4,336.4,3.428
1650335340000,336.3,336.4,336.3,336.4,4.67
1650335400000,336.2,336.3,336.1,336.2,6.993
1650335460000,336.2,336.2,336.0,336.1,24.237
1650335520000,336.2,336.2,336.1,336.2,6.78
1650335580000,336.1,336.1,335.9,336.0,6.777
1650335640000,336.0,336.0,335.8,335.9,15.594
1650335700000,335.9,335.9,335.6,335.6,45.256
1650335760000,335.6,335.8,335.6,335.7,56.097
1650335820000,335.7,335.7,334.8,334.9,239.897
1650335880000,334.8,334.9,334.8,334.9,42.457
1650335940000,334.9,335.2,334.9,335.0,31.57
1650336000000,335.0,335.0,334.4,334.8,483.279
1650336060000,334.8,335.4,334.8,335.4,195.834
1650336120000,335.4,335.4,334.9,335.0,78.662
1650336180000,335.0,335.0,334.7,334.7,19.614
1650336240000,334.8,334.8,334.6,334.7,49.64
1650336300000,334.7,334.8,334.2,334.6,106.556
1650336360000,334.6,334.6,334.3,334.5,24.709
1650336420000,334.5,334.5,334.2,334.5,33.082
1650336480000,334.5,334.6,334.4,334.6,23.792
1650336540000,334.6,334.7,334.5,334.5,13.263
1650336600000,334.5,334.6,334.4,334.6,3.983
1650336660000,334.6,334.6,334.5,334.6,31.757
1650336720000,334.6,334.7,334.5,334.6,12.209
1650336780000,334.5,334.5,334.4,334.4,18.964
1650336840000,334.5,334.5,334.2,334.3,7.979
1650336900000,334.3,334.5,334.3,334.5,58.863
1650336960000,334.5,334.5,334.1,334.2,11.772
1650337020000,334.1,334.1,334.0,334.1,7.284
1650337080000,334.0,334.1,333.8,333.9,55.333
1650337140000,333.8,334.0,333.8,334.0,31.049
1650337200000,334.0,334.4,333.9,334.1,45.583
1650337260000,334.3,334.3,334.1,334.2,8.535
1650337320000,334.3,334.3,334.1,334.1,7.287
1650337380000,334.3,334.3,334.3,334.3,4.856
1650337440000,334.4,334.8,334.3,334.7,138.685
1650337500000,334.6,334.9,334.6,334.9,32.212
1650337560000,335.0,335.6,335.0,335.5,74.343
1650337620000,335.5,335.6,335.3,335.5,37.94
1650337680000,335.7,335.7,335.5,335.7,36.039
1650337740000,335.7,335.7,335.4,335.4,5.701
1650337800000,335.5,335.6,335.3,335.5,37.832
1650337860000,335.5,335.5,335.3,335.4,9.852
1650337920000,335.5,335.5,335.3,335.3,3.11
1650337980000,335.5,335.5,335.2,335.4,107.462
1650338040000,335.3,335.4,335.3,335.3,4.357
1650338100000,335.3,335.4,335.2,335.2,9.994
1650338160000,335.3,335.3,335.2,335.2,6.52
1650338220000,335.2,335.2,335.1,335.1,1.521
1650338280000,335.1,335.2,335.1,335.2,1.968
1650338340000,335.2,335.2,335.1,335.2,10.232
1650338400000,335.1,335.4,335.1,335.3,20.763
1650338460000,335.3,335.4,335.1,335.3,14.523
1650338520000,335.3,335.3,335.0,335.2,5.488
1650338580000,335.2,335.2,335.2,335.2,2.978
1650338640000,335.2,335.3,335.2,335.2,2.366
1650338700000,335.2,335.2,334.9,334.9,32.847
1650338760000,335.0,335.2,335.0,335.1,22.721
1650338820000,335.1,335.2,335.0,335.0,4.514
1650338880000,335.1,335.1,335.1,335.1,0.287
1650338940000,335.1,335.2,335.1,335.1,12.97
1650339000000,335.1,335.3,335.1,335.3,15.581
1650339060000,335.1,335.4,335.1,335.2,113.529
1650339120000,335.3,335.3,335.2,335.3,14.695
1650339180000,335.3,335.3,335.3,335.3,5.676
1650339240000,335.3,335.3,335.0,335.0,15.676
1650339300000,335.1,335.1,334.7,334.7,5.217
1650339360000,334.6,334.7,334.6,334.7,7.977
1650339420000,334.8,334.8,334.7,334.8,8.079
1650339480000,334.8,334.8,334.8,334.8,1.134
1650339540000,334.9,334.9,334.9,334.9,6.239
1650339600000,335.0,335.2,335.0,335.0,8.476
1650339660000,335.0,335.1,335.0,335.1,0.838
1650339720000,335.1,335.4,335.1,335.1,46.043
1650339780000,335.1,335.1,335.1,335.1,0.715
1650339840000,335.0,335.2,334.9,335.1,13.916
1650339900000,335.1,335.1,334.9,334.9,8.957
1650339960000,334.9,335.3,334.9,335.3,47.585
1650340020000,335.3,335.3,335.2,335.3,11.451
1650340080000,335.3,335.3,335.2,335.2,1.294
1650340140000,335.2,335.2,335.0,335.0,15.899
1650340200000,335.0,335.1,335.0,335.1,0.889
1650340260000,335.0,335.1,335.0,335.1,10.874
1650340320000,335.0,335.0,334.8,334.8,11.969
1650340380000,334.8,334.8,334.5,334.6,61.277
1650340440000,334.7,334.7,334.6,334.6,8.564
1650340500000,334.6,334.6,334.6,334.6,1.822
1650340560000,334.7,334.8,334.7,334.8,16.437
1650340620000,334.8,334.9,334.8,334.9,55.833
1650340680000,335.0,335.1,334.9,334.9,28.419
1650340740000,334.9,334.9,334.7,334.8,22.431
1650340800000,334.8,335.1,334.8,335.0,18.414
1650340860000,335.0,335.1,334.8,334.8,5.494
1650340920000,334.8,334.8,334.4,334.4,15.177
1650340980000,334.5,334.7,334.4,334.7,60.307
1650341040000,334.7,334.7,334.7,334.7,1.659
1650341100000,334.7,334.9,334.6,334.6,8.046
1650341160000,334.7,334.7,334.3,334.3,5.545
1650341220000,334.3,334.3,334.1,334.1,7.845
1650341280000,334.1,334.2,334.0,334.2,14.482
1650341340000,334.2,334.3,334.2,334.3,12.962
1650341400000,334.3,334.4,334.3,334.4,2.603
1650341460000,334.4,334.4,334.4,334.4,0.0
1650341520000,334.4,334.4,334.2,334.2,3.348
1650341580000,334.2,334.3,334.2,334.3,2.186
1650341640000,334.4,334.6,334.4,334.5,24.692
1650341700000,334.5,334.8,334.5,334.8,24.152
1650341760000,334.9,334.9,334.8,334.8,10.694
1650341820000,334.9,335.0,334.7,334.8,9.784
1650341880000,334.6,334.9,334.6,334.9,9.445
1650341940000,334.9,335.0,334.9,335.0,6.397
1650342000000,334.9,334.9,334.8,334.9,0.887
1650342060000,334.8,334.9,334.6,334.7,3.77
1650342120000,334.9,335.1,334.9,335.1,13.611
1650342180000,335.0,335.0,335.0,335.0,0.428
1650342240000,334.9,334.9,334.8,334.8,7.982
1650342300000,334.9,335.0,334.8,335.0,7.699
1650342360000,335.1,335.1,335.1,335.1,0.209
1650342420000,335.1,335.4,335.0,335.4,61.702
1650342480000,335.4,335.8,335.3,335.7,192.56
1650342540000,335.7,335.7,335.4,335.6,16.413
1650342600000,335.6,335.8,335.6,335.7,5.963
1650342660000,335.7,335.9,335.7,335.9,10.158
1650342720000,335.9,336.0,335.8,335.8,1.307
1650342780000,335.8,335.9,335.8,335.8,1.293
1650342840000,335.9,335.9,335.9,335.9,6.932
1650342900000,335.9,335.9,335.9,335.9,3.791
1650342960000,335.9,336.0,335.9,335.9,11.367
1650343020000,335.9,336.0,335.8,335.8,0.47
1650343080000,335.8,335.9,335.8,335.8,1.336
1650343140000,335.8,335.8,335.8,335.8,1.642
1650343200000,335.8,335.8,335.8,335.8,1.8
1650343260000,335.8,335.8,335.8,335.8,0.06
1650343320000,335.9,335.9,335.9,335.9,0.329
1650343380000,335.9,335.9,335.8,335.9,12.207
1650343440000,335.9,335.9,335.9,335.9,1.206
1650343500000,335.9,335.9,335.9,335.9,0.934
1650343560000,335.9,335.9,335.9,335.9,0.0
1650343620000,335.9,335.9,335.8,335.8,5.359
1650343680000,335.8,336.0,335.8,336.0,71.578
1650343740000,336.0,336.0,335.9,336.0,1.422
1650343800000,335.9,336.0,335.9,336.0,2.616
1650343860000,336.0,336.5,336.0,336.4,37.176
1650343920000,336.4,336.4,336.0,336.1,4.339
1650343980000,336.1,336.6,336.1,336.6,49.569
1650344040000,336.6,336.6,336.4,336.4,2.226
1650344100000,336.3,337.0,336.3,336.8,82.541
1650344160000,336.8,336.9,336.7,336.8,1.714
1650344220000,336.8,336.8,336.8,336.8,1.269
1650344280000,336.8,336.9,336.8,336.9,0.895
1650344340000,336.9,337.2,336.9,337.1,8.526
1650344400000,337.1,337.6,337.1,337.4,29.898
1650344460000,337.4,337.5,337.4,337.5,41.515
1650344520000,337.5,337.5,337.3,337.3,1.936
1650344580000,337.3,337.3,337.2,337.2,7.887
1650344640000,337.3,337.3,337.0,337.2,16.397
1650344700000,337.0,337.0,336.9,336.9,12.982
1650344760000,336.9,337.2,336.8,337.0,34.569
1650344820000,336.8,337.0,336.8,337.0,1.102
1650344880000,337.0,337.3,337.0,337.0,29.72
1650344940000,337.0,337.2,337.0,337.1,3.975
1650345000000,337.1,337.1,337.1,337.1,12.158
1650345060000,337.1,337.5,337.1,337.5,14.955
1650345120000,337.4,337.6,337.4,337.4,27.273
1650345180000,337.5,337.5,337.5,337.5,0.035
1650345240000,337.5,337.5,337.4,337.4,0.653
1650345300000,337.4,337.5,337.4,337.5,11.326
1650345360000,337.3,337.3,337.3,337.3,0.832
1650345420000,337.4,337.5,337.4,337.4,2.945
1650345480000,337.4,337.4,337.3,337.3,14.009
1650345540000,337.3,337.3,337.3,337.3,0.0
1650345600000,337.2,337.2,336.9,337.0,65.191
1650345660000,337.0,337.0,336.7,336.7,15.78
1650345720000,336.7,336.8,336.2,336.3,48.494
1650345780000,336.4,336.4,335.8,336.1,17.547
1650345840000,336.1,336.1,335.9,336.1,12.255
1650345900000,336.0,336.2,335.8,335.9,23.041
1650345960000,336.0,336.2,336.0,336.2,6.11
1650346020000,336.1,336.1,335.9,336.0,64.717
1650346080000,336.1,336.2,336.1,336.1,9.451
1650346140000,336.2,336.5,336.2,336.5,14.283
1650346200000,336.4,336.5,336.2,336.2,12.206
1650346260000,336.2,336.4,336.2,336.3,26.44
1650346320000,336.4,336.4,336.3,336.3,12.035
1650346380000,336.4,336.5,336.4,336.4,18.402
1650346440000,336.5,336.5,336.5,336.5,0.879
1650346500000,336.5,336.5,336.4,336.5,13.701
1650346560000,336.5,336.6,336.5,336.6,6.428
1650346620000,336.6,336.6,336.6,336.6,1.212
1650346680000,336.4,336.5,336.4,336.5,10.725
1650346740000,336.6,336.6,336.6,336.6,0.268
1650346800000,336.6,336.6,336.5,336.5,19.945
1650346860000,336.6,336.7,336.5,336.7,15.971
1650346920000,336.6,336.7,336.4,336.4,12.888
1650346980000,336.5,336.6,336.5,336.6,2.258
1650347040000,336.6,336.6,336.6,336.6,0.285
1650347100000,336.6,336.7,336.6,336.7,9.342
1650347160000,336.6,336.7,336.5,336.5,0.566
1650347220000,336.5,336.6,336.5,336.6,1.196
1650347280000,336.5,336.5,336.0,336.1,154.432
1650347340000,336.1,336.2,336.1,336.1,13.719
1650347400000,336.0,336.1,335.8,335.8,16.393
1650347460000,335.7,335.8,335.7,335.8,27.815
1650347520000,335.9,336.0,335.8,336.0,9.212
1650347580000,335.7,335.7,335.7,335.7,5.024
1650347640000,335.7,336.4,335.7,336.2,158.151
1650347700000,336.2,336.4,336.2,336.2,13.142
1650347760000,336.1,336.2,336.1,336.2,0.528
1650347820000,336.1,336.1,336.0,336.0,3.906
1650347880000,335.9,336.0,335.9,336.0,9.22
1650347940000,336.0,336.0,335.8,335.8,1.671
1650348000000,335.8,336.3,335.8,336.2,17.504
1650348060000,336.2,336.4,336.1,336.1,7.694
1650348120000,336.1,336.3,336.1,336.1,2.715
1650348180000,336.1,336.1,336.1,336.1,1.473
1650348240000,336.1,336.1,336.1,336.1,4.415
1650348300000,336.0,336.1,336.0,336.1,2.028
1650348360000,336.1,336.2,336.0,336.2,1.108
1650348420000,336.2,336.2,336.1,336.2,0.447
1650348480000,336.2,336.4,336.1,336.3,7.501
1650348540000,336.4,336.4,336.4,336.4,0.368
1650348600000,336.3,336.4,336.3,336.3,1.602
1650348660000,336.3,336.5,336.3,336.5,8.011
1650348720000,336.5,336.5,336.4,336.5,0.759
1650348780000,336.5,336.6,336.5,336.6,1.173
1650348840000,336.5,336.7,336.5,336.7,26.285
1650348900000,336.6,336.7,336.6,336.6,1.556
1650348960000,336.6,336.7,336.6,336.6,5.506
1650349020000,336.5,336.7,336.5,336.7,0.177
1650349080000,336.7,336.8,336.6,336.6,16.952
1650349140000,336.6,336.6,336.5,336.6,0.241
1650349200000,336.5,336.6,336.5,336.5,2.595
1650349260000,336.6,336.6,336.6,336.6,3.848
1650349320000,336.7,336.7,336.7,336.7,0.174
1650349380000,336.7,336.7,336.7,336.7,1.03
1650349440000,336.8,336.8,336.7,336.7,1.469
1650349500000,336.7,337.1,336.7,337.1,27.927
1650349560000,337.1,337.1,337.0,337.0,0.346
1650349620000,337.0,337.0,336.9,337.0,6.032
1650349680000,336.9,336.9,336.9,336.9,0.148
1650349740000,336.9,336.9,336.9,336.9,0.169
1650349800000,336.9,336.9,336.8,336.8,11.475
1650349860000,336.9,336.9,336.8,336.8,2.041
1650349920000,336.8,336.8,336.8,336.8,2.969
1650349980000,336.8,337.2,336.8,337.2,17.809
1650350040000,337.2,337.2,337.0,337.0,1.555
1650350100000,337.1,337.2,337.1,337.2,4.27
1650350160000,337.1,337.2,337.1,337.1,1.211
1650350220000,337.1,337.2,337.1,337.2,0.177
1650350280000,337.1,337.2,337.1,337.1,0.858
1650350340000,337.1,337.1,336.9,336.9,34.596
1650350400000,336.9,337.0,336.9,337.0,15.964
1650350460000,336.9,336.9,336.2,336.5,118.109
1650350520000,336.6,336.6,336.6,336.6,0.082
1650350580000,336.3,336.3,336.3,336.3,5.113
1650350640000,336.4,336.5,336.4,336.4,21.158
1650350700000,336.3,336.4,336.2,336.4,11.447
1650350760000,336.5,336.5,336.4,336.5,4.872
1650350820000,336.5,336.6,336.5,336.6,1.039
1650350880000,336.6,336.6,336.6,336.6,1.039
1650350940000,336.6,336.8,336.5,336.8,4.425
1650351000000,336.8,337.0,336.8,337.0,77.001
1650351060000,337.0,337.0,336.5,336.5,17.444
1650351120000,336.5,336.7,336.5,336.6,10.281
1650351180000,336.7,336.7,336.6,336.6,0.221
1650351240000,336.7,336.7,336.6,336.6,8.984
1650351300000,336.5,336.5,336.3,336.3,63.749
1650351360000,336.3,336.3,336.2,336.2,7.641
1650351420000,336.2,336.2,336.2,336.2,0.0
1650351480000,336.2,336.2,336.2,336.2,11.0
1650351540000,336.2,336.2,335.8,335.8,5.582
1650351600000,335.7,335.8,335.6,335.8,4.65
1650351660000,335.8,336.0,335.8,336.0,12.255
1650351720000,336.0,336.0,335.7,336.0,12.622
1650351780000,336.0,336.1,336.0,336.0,13.627
1650351840000,336.1,336.2,336.0,336.2,4.509
1650351900000,336.1,336.2,336.1,336.2,10.09
1650351960000,336.2,336.7,336.2,336.6,21.567
1650352020000,336.7,336.8,336.4,336.4,15.716
1650352080000,336.4,336.4,336.3,336.4,0.717
1650352140000,336.4,336.4,336.3,336.4,0.833
1650352200000,336.3,336.4,336.1,336.2,3.976
1650352260000,336.3,336.3,336.1,336.2,8.497
1650352320000,336.1,336.2,336.0,336.1,21.248
1650352380000,336.1,336.1,335.9,335.9,2.254
1650352440000,335.8,335.8,334.9,334.9,140.909
1650352500000,334.9,335.0,334.6,335.0,61.925
1650352560000,334.9,334.9,333.9,334.2,79.664
1650352620000,334.1,334.1,333.8,334.0,31.1
1650352680000,333.9,333.9,333.7,333.8,25.596
1650352740000,333.8,334.0,333.7,333.8,9.711
1650352800000,333.7,333.7,332.4,332.9,192.134
1650352860000,332.8,333.1,332.8,333.0,20.705
1650352920000,333.0,333.3,333.0,333.3,6.141
1650352980000,333.3,333.7,333.3,333.7,15.674
1650353040000,333.7,333.7,333.5,333.7,8.423
1650353100000,333.7,333.7,333.6,333.7,7.989
1650353160000,333.8,333.8,333.5,333.5,9.02
1650353220000,333.6,333.8,333.6,333.8,4.122
1650353280000,333.8,333.8,333.8,333.8,0.0
1650353340000,333.8,333.8,333.7,333.7,18.477
1650353400000,333.7,333.9,333.6,333.7,33.592
1650353460000,333.5,333.9,333.5,333.9,141.605
1650353520000,334.0,334.3,333.9,334.2,39.14
1650353580000,334.0,334.1,334.0,334.0,0.867
1650353640000,334.0,334.0,333.8,333.8,2.24
1650353700000,333.8,333.9,333.7,333.9,3.186
1650353760000,333.8,333.8,333.8,333.8,1.601
1650353820000,333.8,333.8,333.8,333.8,17.803
1650353880000,333.8,333.8,333.8,333.8,1.693
1650353940000,333.8,333.8,333.7,333.7,8.38
1650354000000,333.6,333.6,333.6,333.6,7.811
1650354060000,333.4,333.4,333.3,333.4,3.064
1650354120000,333.3,333.3,333.3,333.3,2.674
1650354180000,333.3,333.3,333.3,333.3,0.0
1650354240000,333.3,333.3,333.3,333.3,0.821
1650354300000,333.2,333.4,333.2,333.4,4.429
1650354360000,333.5,333.8,333.5,333.7,18.64
1650354420000,333.8,333.9,333.6,333.8,90.592
1650354480000,333.8,333.8,333.7,333.7,0.52
1650354540000,333.8,333.9,333.7,333.9,1.455
1650354600000,333.9,333.9,333.8,333.8,10.703
1650354660000,333.8,333.8,333.5,333.5,10.908
1650354720000,333.4,333.5,333.3,333.4,6.769
1650354780000,333.3,333.3,333.3,333.3,7.555
1650354840000,333.5,333.5,333.5,333.5,0.161
1650354900000,333.5,333.7,333.5,333.6,14.641
1650354960000,333.6,333.6,333.6,333.6,0.596
1650355020000,333.6,333.6,333.6,333.6,0.0
1650355080000,333.7,334.0,333.7,334.0,83.901
1650355140000,333.9,333.9,333.8,333.8,6.319
1650355200000,333.8,333.9,333.8,333.9,7.696
1650355260000,333.9,334.1,333.9,334.1,22.947
1650355320000,334.0,334.3,334.0,334.2,87.313
1650355380000,334.2,334.2,334.0,334.1,8.54
1650355440000,334.1,334.1,333.9,334.1,11.856
1650355500000,334.0,334.1,334.0,334.1,4.634
1650355560000,334.1,334.2,334.0,334.1,9.094
1650355620000,334.0,334.2,334.0,334.2,125.816
1650355680000,334.1,334.1,334.0,334.1,5.158
1650355740000,334.1,334.1,334.0,334.1,0.669
1650355800000,334.2,335.2,334.1,335.1,363.319
1650355860000,335.0,335.6,335.0,335.4,142.942
1650355920000,335.4,335.6,335.3,335.5,28.31
1650355980000,335.5,335.7,335.5,335.7,11.321
1650356040000,335.7,335.7,335.5,335.6,7.004
1650356100000,335.4,335.6,335.4,335.6,20.802
1650356160000,335.6,335.9,335.6,335.8,72.041
1650356220000,335.7,335.7,335.4,335.4,5.303
1650356280000,335.4,335.4,335.2,335.3,14.454
1650356340000,335.2,335.2,335.1,335.1,9.374
1650356400000,335.0,335.2,334.7,335.2,62.861
1650356460000,335.2,335.7,335.2,335.6,69.586
1650356520000,335.5,335.7,335.5,335.7,6.188
1650356580000,335.8,336.0,335.8,336.0,34.377
1650356640000,336.0,336.1,336.0,336.0,6.037
1650356700000,336.0,336.0,335.8,335.8,5.001
1650356760000,335.8,336.4,335.8,336.4,57.485
1650356820000,336.4,336.4,336.1,336.2,11.778
1650356880000,336.0,336.1,335.9,336.1,6.889
1650356940000,336.1,336.9,336.1,336.6,140.704
1650357000000,336.5,337.0,336.5,336.7,348.269
1650357060000,336.8,337.0,336.8,337.0,9.548
1650357120000,337.0,337.0,337.0,337.0,5.264
1650357180000,337.0,337.1,336.9,336.9,10.697
1650357240000,336.8,336.9,336.6,336.6,11.49
1650357300000,336.6,336.7,336.5,336.6,6.167
1650357360000,336.7,336.9,336.7,336.7,13.436
1650357420000,336.7,336.7,336.7,336.7,4.377
1650357480000,336.8,336.9,336.7,336.7,6.817
1650357540000,336.7,336.7,336.5,336.5,9.132
1650357600000,336.5,336.5,336.3,336.3,15.755
1650357660000,336.4,336.4,336.3,336.3,3.03
1650357720000,336.3,336.5,336.3,336.4,7.36
1650357780000,336.4,336.5,336.3,336.3,6.508
1650357840000,336.3,336.3,336.1,336.2,15.676
1650357900000,336.2,336.3,336.1,336.1,6.017
1650357960000,336.2,336.3,336.0,336.0,7.626
1650358020000,336.0,336.0,335.9,336.0,3.792
1650358080000,336.1,336.2,336.0,336.0,8.988
1650358140000,336.0,336.0,335.7,335.9,51.68
1650358200000,335.9,335.9,335.5,335.5,25.758
1650358260000,335.5,335.5,335.3,335.4,3.816
1650358320000,335.4,335.4,335.0,335.0,103.245
1650358380000,335.0,335.0,334.6,334.9,63.57
1650358440000,335.0,335.0,334.8,335.0,31.613
1650358500000,335.0,335.5,335.0,335.5,31.675
1650358560000,335.5,335.6,335.2,335.2,34.72
1650358620000,335.2,335.3,335.2,335.3,2.706
1650358680000,335.4,335.5,335.4,335.5,4.806
1650358740000,335.5,335.5,335.3,335.3,9.186
1650358800000,335.2,335.5,335.2,335.4,64.934
1650358860000,335.5,335.8,335.4,335.6,60.828
1650358920000,335.6,335.7,335.6,335.7,0.913
1650358980000,335.7,335.8,335.7,335.7,6.034
1650359040000,335.6,335.8,335.6,335.7,88.93
1650359100000,335.7,335.8,335.7,335.8,1.145
1650359160000,335.8,336.0,335.8,335.9,2.508
1650359220000,335.9,336.3,335.9,336.3,11.996
1650359280000,336.3,336.5,336.2,336.4,24.289
1650359340000,336.4,336.6,336.4,336.6,8.203
1650359400000,336.5,336.5,335.9,335.9,138.201
1650359460000,335.9,336.0,335.5,335.7,112.382
1650359520000,335.7,335.7,335.6,335.6,4.951
1650359580000,335.5,335.5,334.8,334.8,79.568
1650359640000,334.7,334.8,333.9,333.9,116.333
1650359700000,334.1,334.5,334.0,334.4,53.417
1650359760000,334.5,334.5,334.0,334.3,376.094
1650359820000,334.3,334.5,334.2,334.2,4.508
1650359880000,334.3,334.4,334.2,334.3,6.474
1650359940000,334.4,334.5,334.3,334.3,17.585
1650360000000,334.2,334.4,334.1,334.4,18.196
1650360060000,334.3,334.3,334.2,334.2,11.653
1650360120000,334.2,334.3,334.1,334.3,7.072
1650360180000,334.2,334.2,334.1,334.1,1.72
1650360240000,334.1,334.2,334.1,334.2,13.853
1650360300000,334.2,334.5,334.0,334.0,155.849
1650360360000,334.0,334.0,333.2,333.5,87.025
1650360420000,333.5,333.7,333.5,333.6,330.457
1650360480000,333.5,333.5,333.3,333.3,43.994
1650360540000,333.3,333.4,333.3,333.4,13.911
1650360600000,333.4,333.8,333.3,333.8,89.827
1650360660000,333.7,334.0,333.6,334.0,17.316
1650360720000,333.9,334.5,333.9,334.1,65.309
1650360780000,334.0,334.2,333.9,334.1,22.655
1650360840000,334.2,334.5,334.2,334.3,6.579
1650360900000,334.3,334.3,334.2,334.2,10.782
1650360960000,334.0,334.0,333.8,333.8,23.264
1650361020000,333.7,333.8,333.6,333.7,4.776
1650361080000,333.7,334.0,333.7,334.0,2.921
1650361140000,333.9,333.9,333.8,333.8,8.418
1650361200000,333.8,333.9,333.7,333.9,7.264
1650361260000,333.9,333.9,333.8,333.8,1.817
1650361320000,333.7,333.8,333.7,333.8,4.449
1650361380000,333.8,333.9,333.8,333.8,9.849
1650361440000,333.8,333.9,333.8,333.8,3.29
1650361500000,333.8,333.9,333.5,333.5,128.613
1650361560000,333.5,333.5,333.4,333.5,1.333
1650361620000,333.5,333.8,333.5,333.8,27.136
1650361680000,333.7,334.9,333.7,334.7,407.211
1650361740000,334.7,334.8,334.6,334.6,10.016
1650361800000,334.5,334.6,334.4,334.6,13.757
1650361860000,334.5,334.5,334.3,334.3,1.636
1650361920000,334.2,334.2,333.7,333.9,186.736
1650361980000,333.6,333.6,333.6,333.6,0.05
1650362040000,333.7,333.7,333.6,333.6,25.28
1650362100000,333.5,333.6,333.5,333.6,3.85
1650362160000,333.7,333.7,333.6,333.6,15.653
1650362220000,333.7,333.8,333.7,333.8,0.5
1650362280000,333.8,333.8,333.8,333.8,3.295
1650362340000,333.8,334.1,333.8,334.1,23.288
1650362400000,334.0,334.1,333.9,334.0,6.923
1650362460000,334.2,334.3,334.2,334.3,0.348
1650362520000,334.3,334.8,334.3,334.6,29.039
1650362580000,334.6,334.6,334.5,334.5,2.821
1650362640000,334.4,334.4,334.0,334.1,15.721
1650362700000,334.2,334.4,334.2,334.3,3.642
1650362760000,334.4,334.5,334.3,334.4,4.38
1650362820000,334.3,334.4,334.3,334.4,48.562
1650362880000,334.4,334.5,334.4,334.5,2.428
1650362940000,334.6,335.0,334.5,334.8,64.069
1650363000000,334.8,334.9,334.8,334.8,9.63
1650363060000,334.8,335.0,334.8,334.9,3.563
1650363120000,335.0,335.2,335.0,335.2,19.031
1650363180000,335.2,335.2,335.1,335.1,5.249
1650363240000,334.9,335.1,334.9,335.1,0.394
1650363300000,335.0,335.3,335.0,335.3,2.684
1650363360000,335.2,335.2,335.2,335.2,0.21
1650363420000,335.2,335.2,335.1,335.1,3.37
1650363480000,335.1,335.1,335.1,335.1,6.128
1650363540000,335.0,335.0,335.0,335.0,0.342
1650363600000,334.9,334.9,334.8,334.8,8.082
1650363660000,334.8,334.8,334.4,334.5,34.424
1650363720000,334.5,334.7,334.5,334.5,21.554
1650363780000,334.6,334.6,334.4,334.4,25.74
1650363840000,334.4,334.7,334.4,334.7,74.013
1650363900000,334.7,334.7,334.6,334.6,6.376
1650363960000,334.8,334.9,334.8,334.9,8.45
1650364020000,335.0,335.2,335.0,335.2,23.493
1650364080000,335.2,335.3,335.1,335.3,15.726
1650364140000,335.3,335.3,335.0,335.0,13.592
1650364200000,335.0,335.4,335.0,335.4,3.549
1650364260000,335.4,335.4,335.1,335.2,8.817
1650364320000,335.2,335.5,335.2,335.5,13.836
1650364380000,335.4,335.4,334.8,334.8,124.132
1650364440000,334.8,334.8,334.7,334.7,13.608
1650364500000,334.7,334.9,334.7,334.9,6.646
1650364560000,334.8,334.8,334.7,334.8,4.419
1650364620000,334.8,334.8,334.7,334.8,12.023
1650364680000,334.6,334.6,334.3,334.3,6.894
1650364740000,334.3,334.4,334.3,334.4,13.615
1650364800000,334.4,334.4,334.3,334.3,12.165
1650364860000,334.3,334.3,334.2,334.2,15.053
1650364920000,334.2,334.3,334.2,334.2,5.487
1650364980000,334.2,334.4,334.2,334.4,29.929
1650365040000,334.4,334.5,334.4,334.5,10.917
1650365100000,334.4,334.4,334.3,334.3,3.952
1650365160000,334.3,334.4,334.3,334.3,10.682
1650365220000,334.3,334.6,334.3,334.6,33.807
1650365280000,334.6,334.7,334.6,334.6,9.857
1650365340000,334.7,334.9,334.5,334.9,45.911
1650365400000,334.9,334.9,334.8,334.8,18.673
1650365460000,334.9,335.0,334.9,335.0,37.423
1650365520000,335.0,335.0,334.9,334.9,37.082
1650365580000,334.8,335.7,334.7,335.4,291.47
1650365640000,335.4,335.4,335.1,335.3,57.472
1650365700000,335.3,335.8,335.3,335.8,30.362
1650365760000,335.8,335.8,335.6,335.7,3.454
1650365820000,335.7,336.2,335.6,336.2,107.254
1650365880000,336.2,336.3,336.1,336.3,28.447
1650365940000,336.4,336.5,335.9,336.2,72.905
1650366000000,336.2,336.3,336.1,336.3,12.557
1650366060000,336.3,336.4,336.3,336.3,26.678
1650366120000,336.2,336.3,336.2,336.2,11.602
1650366180000,336.2,336.2,335.9,335.9,9.375
1650366240000,335.8,336.0,335.8,336.0,6.232
1650366300000,335.9,335.9,335.7,335.7,9.864
1650366360000,335.7,335.8,335.7,335.7,21.353
1650366420000,335.8,335.9,335.8,335.9,9.177
1650366480000,335.9,336.0,335.9,336.0,14.243
1650366540000,335.9,336.1,335.9,336.1,25.168
1650366600000,336.0,336.3,336.0,336.2,13.253
1650366660000,336.1,336.2,335.9,335.9,2.928
1650366720000,336.0,336.0,336.0,336.0,9.352
1650366780000,336.1,336.4,336.0,336.4,58.705
1650366840000,336.4,336.5,336.3,336.5,14.069
1650366900000,336.4,336.7,336.4,336.6,24.312
1650366960000,336.6,336.6,336.3,336.3,2.085
1650367020000,336.4,336.6,336.4,336.6,22.328
1650367080000,336.5,336.7,336.5,336.7,1.218
1650367140000,336.7,336.8,336.7,336.8,8.615
1650367200000,336.7,337.1,336.7,336.9,24.599
1650367260000,337.0,337.0,336.7,336.7,1.213
1650367320000,336.6,336.9,336.6,336.8,13.931
1650367380000,336.9,337.0,336.9,337.0,2.667
1650367440000,337.0,337.3,337.0,337.2,57.496
1650367500000,337.3,337.4,337.2,337.2,14.252
1650367560000,337.3,337.3,336.9,336.9,3.817
1650367620000,336.8,336.8,336.2,336.7,53.898
1650367680000,336.7,336.7,336.6,336.6,2.527
1650367740000,336.6,336.6,336.4,336.4,3.253
1650367800000,336.3,336.5,336.2,336.2,9.786
1650367860000,336.1,336.2,336.1,336.2,9.54
1650367920000,336.0,336.3,336.0,336.3,4.277
1650367980000,336.2,336.3,336.2,336.3,4.307
1650368040000,336.4,336.4,336.3,336.3,8.905
1650368100000,336.1,336.2,335.8,335.8,15.621
1650368160000,335.9,335.9,335.8,335.8,3.921
1650368220000,335.8,335.8,335.8,335.8,0.0
1650368280000,336.0,336.0,335.7,335.8,7.155
1650368340000,335.9,335.9,335.9,335.9,1.04
1650368400000,335.9,335.9,335.5,335.5,29.565
1650368460000,335.4,335.5,335.4,335.4,3.569
1650368520000,335.3,335.4,335.3,335.4,1.484
1650368580000,335.5,335.5,335.5,335.5,4.233
1650368640000,335.5,335.5,335.5,335.5,2.437
1650368700000,335.5,335.5,335.5,335.5,1.69
1650368760000,335.5,335.7,335.5,335.7,10.88
1650368820000,335.7,335.7,335.7,335.7,0.382
1650368880000,335.7,335.7,335.6,335.6,9.166
1650368940000,335.6,335.7,335.6,335.6,3.549
1650369000000,335.6,335.6,335.5,335.5,3.025
1650369060000,335.8,336.8,335.8,336.5,94.204
1650369120000,336.3,336.3,335.4,335.8,105.219
1650369180000,335.8,335.8,335.4,335.6,10.402
1650369240000,335.6,335.6,335.0,335.1,27.079
1650369300000,335.0,335.1,334.7,334.8,18.858
1650369360000,334.8,335.0,334.8,334.9,80.072
1650369420000,334.9,334.9,334.6,334.6,2.512
1650369480000,334.7,334.7,334.0,334.0,37.526
1650369540000,334.0,334.3,333.8,333.9,98.442
1650369600000,333.8,334.2,333.6,334.2,10.554
1650369660000,334.0,334.0,333.5,334.0,206.983
1650369720000,334.0,334.0,333.9,333.9,16.667
1650369780000,333.8,333.8,333.5,333.7,20.711
1650369840000,333.7,333.9,333.7,333.9,1.463
1650369900000,334.0,334.4,334.0,334.4,24.166
1650369960000,334.4,334.5,334.4,334.5,6.569
1650370020000,334.6,334.6,334.5,334.5,7.412
1650370080000,334.5,334.7,334.5,334.6,13.368
1650370140000,334.7,334.8,334.6,334.8,2.68
1650370200000,334.8,335.1,334.8,334.9,62.042
1650370260000,335.0,335.2,334.9,335.2,25.384
1650370320000,335.2,335.8,335.2,335.5,51.872
1650370380000,335.5,335.9,335.4,335.8,23.609
1650370440000,335.7,335.7,335.5,335.7,6.202
1650370500000,335.7,336.0,335.7,335.7,17.141
1650370560000,335.7,335.7,335.7,335.7,18.898
1650370620000,335.7,335.7,335.4,335.4,2.014
1650370680000,335.5,335.5,335.4,335.4,0.571
1650370740000,335.3,335.3,335.0,335.1,54.275
1650370800000,335.1,335.2,335.1,335.1,7.749
1650370860000,335.1,335.2,335.1,335.1,8.763
1650370920000,335.0,335.1,334.8,334.8,9.414
1650370980000,334.7,334.7,334.6,334.7,10.69
1650371040000,334.8,334.9,334.8,334.8,3.111
1650371100000,334.8,335.4,334.8,335.4,27.411
1650371160000,335.4,335.6,335.3,335.3,44.787
1650371220000,335.6,335.8,335.6,335.7,9.098
1650371280000,335.5,335.6,335.4,335.6,5.475
1650371340000,335.5,335.7,335.4,335.7,4.107
1650371400000,335.6,335.8,335.4,335.6,62.478
1650371460000,335.7,335.7,335.5,335.6,5.108
1650371520000,335.5,335.5,335.3,335.4,59.204
1650371580000,335.3,336.0,335.3,336.0,102.157
1650371640000,336.0,336.1,335.9,336.0,40.739
1650371700000,336.1,336.4,336.1,336.4,4.661
1650371760000,336.5,336.6,336.1,336.5,42.186
1650371820000,336.5,336.5,336.3,336.4,12.645
1650371880000,336.4,336.4,336.3,336.4,3.892
1650371940000,336.3,336.3,336.0,336.0,4.59
1650372000000,336.0,336.1,335.8,336.1,7.661
1650372060000,336.1,336.5,336.1,336.5,29.516
1650372120000,336.4,336.4,336.4,336.4,6.948
1650372180000,336.3,336.3,336.2,336.2,7.773
1650372240000,336.1,336.1,335.9,335.9,2.256
1650372300000,335.9,336.2,335.8,336.2,17.846
1650372360000,336.0,336.0,335.9,335.9,1.013
1650372420000,335.7,335.8,335.6,335.6,35.796
1650372480000,335.7,335.7,335.5,335.6,10.852
1650372540000,335.5,335.6,335.5,335.5,5.849
1650372600000,335.5,335.8,335.3,335.8,45.833
1650372660000,335.8,335.8,335.6,335.6,47.106
1650372720000,335.6,335.6,335.6,335.6,2.703
1650372780000,335.5,335.5,335.3,335.3,9.381
1650372840000,335.4,335.6,335.4,335.6,22.472
1650372900000,335.5,335.6,335.4,335.5,32.088
1650372960000,335.3,335.3,335.3,335.3,0.035
1650373020000,335.5,335.5,335.4,335.4,1.249
1650373080000,335.4,335.5,335.4,335.5,0.3
1650373140000,335.3,335.3,335.2,335.3,16.874
1650373200000,335.4,335.5,335.3,335.5,5.98
1650373260000,335.6,335.9,335.6,335.8,15.275
1650373320000,335.7,335.7,335.0,335.1,136.683
1650373380000,335.2,335.2,334.6,334.7,52.266
1650373440000,334.5,334.6,333.8,334.0,81.729
1650373500000,334.1,334.2,333.9,334.0,15.71
1650373560000,333.9,334.0,333.8,334.0,18.707
1650373620000,333.9,333.9,333.8,333.9,35.104
1650373680000,333.8,333.9,333.8,333.9,6.718
1650373740000,334.0,334.0,334.0,334.0,10.754
1650373800000,333.9,333.9,333.7,333.8,16.535
1650373860000,333.8,333.8,333.8,333.8,2.058
1650373920000,333.9,333.9,333.9,333.9,5.626
1650373980000,333.8,333.8,333.7,333.8,16.591
1650374040000,333.8,334.0,333.8,334.0,7.265
1650374100000,334.0,334.2,334.0,334.1,39.95
1650374160000,334.2,334.3,334.2,334.2,17.767
1650374220000,334.4,334.5,334.4,334.5,0.063
1650374280000,334.4,334.4,334.3,334.3,0.394
1650374340000,334.3,334.4,334.1,334.1,44.376
1650374400000,334.1,334.3,334.0,334.3,14.173
1650374460000,334.5,334.5,334.2,334.4,14.685
1650374520000,334.4,334.5,334.4,334.4,23.105
1650374580000,334.4,334.6,334.4,334.4,15.221
1650374640000,334.5,334.5,334.0,334.3,88.848
1650374700000,334.4,334.5,334.4,334.4,11.104
1650374760000,334.4,334.5,334.3,334.3,7.708
1650374820000,334.2,334.4,333.9,334.3,95.225
1650374880000,334.3,334.4,334.3,334.4,58.694
1650374940000,334.3,334.5,334.3,334.4,4.048
1650375000000,334.6,334.8,334.4,334.4,34.733
1650375060000,334.7,335.1,334.1,334.2,62.337
1650375120000,334.0,334.0,333.3,333.8,39.127
1650375180000,333.9,334.1,333.6,334.1,14.64
1650375240000,334.0,334.7,334.0,334.4,35.264
1650375300000,334.5,334.5,333.8,334.1,111.058
1650375360000,334.2,334.4,334.1,334.3,10.882
1650375420000,334.1,334.6,334.1,334.6,64.189
1650375480000,334.5,334.7,334.4,334.7,15.976
1650375540000,334.8,335.2,334.6,334.6,37.902
1650375600000,334.6,334.7,334.2,334.7,18.132
1650375660000,334.7,334.7,334.4,334.4,13.713
1650375720000,334.4,334.7,334.4,334.7,25.223
1650375780000,334.7,335.3,334.7,335.0,35.791
1650375840000,335.0,335.8,335.0,335.3,113.843
1650375900000,335.4,335.5,335.2,335.2,9.672
1650375960000,335.2,335.5,335.1,335.3,28.329
1650376020000,335.3,335.8,335.3,335.8,26.535
1650376080000,335.9,336.3,335.8,336.1,52.223
1650376140000,336.0,336.3,335.9,336.0,47.676
1650376200000,336.1,336.7,336.1,336.7,90.63
1650376260000,336.6,336.8,336.6,336.7,33.339
1650376320000,336.7,337.0,336.5,336.8,103.888
1650376380000,336.9,337.5,336.9,337.4,134.515
1650376440000,337.4,337.5,337.0,337.3,73.994
1650376500000,337.2,338.1,337.2,337.9,65.596
1650376560000,337.9,337.9,337.5,337.5,14.518
1650376620000,337.6,338.0,337.5,338.0,88.235
1650376680000,337.9,338.4,337.9,338.2,89.605
1650376740000,338.2,338.6,338.1,338.5,81.545
1650376800000,338.6,339.2,338.2,339.1,216.162
1650376860000,339.2,339.7,339.1,339.5,139.743
1650376920000,339.5,339.5,339.2,339.3,17.5
1650376980000,339.4,339.8,339.3,339.4,96.747
1650377040000,339.4,340.0,339.4,339.5,141.303
1650377100000,339.5,340.0,339.2,339.3,250.08
1650377160000,339.3,339.7,339.3,339.4,112.544
1650377220000,339.4,339.9,339.4,339.8,37.883
1650377280000,339.8,340.0,339.5,339.5,88.24
1650377340000,339.4,339.4,338.7,338.8,39.744
1650377400000,338.7,339.4,338.5,339.3,119.714
1650377460000,339.3,339.6,339.3,339.4,109.403
1650377520000,339.5,339.5,338.6,338.7,57.776
1650377580000,338.7,339.2,338.7,339.2,54.979
1650377640000,339.1,339.1,339.0,339.1,25.775
1650377700000,339.0,339.1,338.4,338.4,101.997
1650377760000,338.4,338.7,338.3,338.7,80.333
1650377820000,338.7,339.1,338.6,338.7,29.582
1650377880000,338.7,338.7,338.2,338.4,53.835
1650377940000,338.3,338.4,338.0,338.2,155.904
1650378000000,338.2,338.5,338.1,338.3,60.993
1650378060000,338.1,338.2,338.0,338.0,8.627
1650378120000,338.1,338.2,337.8,337.8,44.491
1650378180000,337.9,338.0,337.8,337.9,9.664
1650378240000,338.1,338.1,337.9,337.9,9.603
1650378300000,338.0,338.4,338.0,338.2,75.569
1650378360000,338.1,338.3,338.1,338.3,8.466
1650378420000,338.4,338.9,338.4,338.6,113.576
1650378480000,338.5,338.5,338.2,338.3,9.354
1650378540000,338.3,338.5,338.3,338.4,3.827
1650378600000,338.3,338.5,338.3,338.4,4.874
1650378660000,338.2,338.5,338.2,338.5,41.9
1650378720000,338.5,338.8,338.5,338.7,33.697
1650378780000,338.7,338.7,338.6,338.7,30.259
1650378840000,338.7,338.7,338.3,338.4,35.534
1650378900000,338.3,338.5,338.2,338.3,30.697
1650378960000,338.2,338.2,338.2,338.2,14.211
1650379020000,338.2,338.3,338.2,338.2,0.321
1650379080000,338.2,338.2,338.0,338.2,22.544
1650379140000,338.2,338.4,338.2,338.3,7.175
1650379200000,338.3,338.3,337.8,337.9,57.906
1650379260000,338.0,338.3,338.0,338.3,20.115
1650379320000,338.2,338.3,338.1,338.1,21.258
1650379380000,338.1,338.3,338.1,338.3,5.377
1650379440000,338.3,338.4,338.2,338.3,10.351
1650379500000,338.2,338.4,338.1,338.3,75.837
1650379560000,338.4,338.6,338.4,338.6,29.409
1650379620000,338.7,338.8,338.7,338.8,19.884
1650379680000,338.7,338.7,338.6,338.7,2.504
1650379740000,338.6,338.8,338.5,338.7,45.096
1650379800000,338.6,338.9,338.5,338.9,12.355
1650379860000,338.8,338.8,338.7,338.7,4.378
1650379920000,338.8,339.0,338.8,338.9,42.795
1650379980000,338.9,339.0,338.9,338.9,17.509
1650380040000,338.9,339.0,338.8,338.9,48.496
1650380100000,338.9,339.1,338.8,339.0,39.886
1650380160000,339.0,339.2,339.0,339.1,18.109
1650380220000,339.2,339.2,339.2,339.2,9.119
1650380280000,339.3,339.4,339.3,339.4,14.516
1650380340000,339.3,339.4,339.0,339.0,24.544
1650380400000,338.9,339.1,338.9,338.9,33.649
1650380460000,339.0,339.0,338.8,338.8,25.23
1650380520000,338.8,339.0,338.8,338.9,24.35
1650380580000,339.0,339.5,339.0,339.5,116.525
1650380640000,339.5,339.7,339.4,339.7,31.912
1650380700000,339.6,339.7,339.4,339.4,27.949
1650380760000,339.5,339.8,339.5,339.8,34.057
1650380820000,339.7,340.0,339.7,339.9,39.019
1650380880000,339.8,339.8,339.7,339.7,35.54
1650380940000,339.6,339.6,339.6,339.6,10.524
1650381000000,339.5,339.6,339.5,339.6,13.179
1650381060000,339.6,340.3,339.6,340.3,172.577
1650381120000,340.3,340.3,339.9,340.1,62.682
1650381180000,340.1,340.1,339.8,339.9,33.473
1650381240000,339.8,339.8,339.5,339.6,20.265
1650381300000,339.7,339.8,339.6,339.8,25.035
1650381360000,339.8,339.8,339.5,339.5,28.084
1650381420000,339.4,339.5,339.0,339.1,19.624
1650381480000,338.9,339.0,338.7,338.8,35.765
1650381540000,338.7,338.7,338.2,338.4,52.221
1650381600000,338.3,338.4,338.1,338.3,26.448
1650381660000,338.4,338.5,338.2,338.2,58.24
1650381720000,338.2,338.2,338.2,338.2,15.519
1650381780000,338.2,338.3,338.2,338.3,16.789
1650381840000,338.2,338.2,338.0,338.0,17.134
1650381900000,337.9,338.1,337.5,338.1,364.521
1650381960000,338.1,338.1,338.1,338.1,3.776
1650382020000,338.1,338.4,338.1,338.2,24.889
1650382080000,338.3,338.3,338.1,338.1,1.356
1650382140000,338.2,338.3,338.1,338.1,13.303
1650382200000,338.0,338.0,337.7,337.7,42.856
1650382260000,337.7,337.8,337.7,337.8,24.792
1650382320000,337.7,337.8,337.7,337.7,14.408
1650382380000,337.8,337.8,336.4,336.5,201.902
1650382440000,336.6,336.7,335.9,336.2,104.206
1650382500000,336.2,336.9,336.2,336.8,141.461
1650382560000,336.7,336.7,336.2,336.3,17.346
1650382620000,336.4,336.5,336.3,336.5,26.558
1650382680000,336.5,336.9,336.5,336.9,35.537
1650382740000,336.8,336.8,336.5,336.8,63.4
1650382800000,336.8,336.9,336.3,336.8,121.117
1650382860000,336.8,336.8,336.5,336.7,25.819
1650382920000,336.8,337.1,336.8,337.1,46.996
1650382980000,337.0,337.4,336.9,336.9,38.6
1650383040000,336.9,336.9,336.7,336.7,62.188
1650383100000,336.6,336.8,336.6,336.7,23.137
1650383160000,336.6,336.7,336.4,336.7,88.911
1650383220000,336.6,336.9,336.6,336.9,45.548
1650383280000,336.7,336.7,336.6,336.6,11.054
1650383340000,336.6,336.9,336.6,336.8,13.42
1650383400000,336.8,337.2,336.8,337.0,36.978
1650383460000,337.2,337.8,337.2,337.6,103.493
1650383520000,337.5,337.5,337.2,337.2,25.49
1650383580000,337.4,337.4,337.4,337.4,0.192
1650383640000,337.4,337.8,337.3,337.5,63.516
1650383700000,337.4,337.4,337.2,337.3,186.307
1650383760000,337.3,337.4,337.3,337.4,12.189
1650383820000,337.4,337.4,337.2,337.2,62.982
1650383880000,337.3,337.5,337.2,337.2,72.534
1650383940000,337.1,337.3,337.1,337.3,21.167
1650384000000,337.3,337.8,337.1,337.6,431.156
1650384060000,337.6,337.8,337.4,337.6,59.508
1650384120000,337.7,337.8,337.7,337.7,20.837
1650384180000,337.6,337.7,337.5,337.6,27.904
1650384240000,337.6,337.9,337.6,337.6,34.968
1650384300000,337.5,337.7,337.5,337.7,14.649
1650384360000,337.7,338.0,337.7,337.8,36.062
1650384420000,337.9,338.0,337.8,338.0,11.426
1650384480000,338.0,338.2,337.9,337.9,41.031
1650384540000,337.9,338.0,337.9,338.0,27.657
1650384600000,337.9,338.0,337.7,337.9,62.285
1650384660000,338.0,338.5,338.0,338.4,117.396
1650384720000,338.5,338.6,338.5,338.6,12.29
1650384780000,338.5,338.5,338.3,338.3,10.257
1650384840000,338.4,338.5,338.3,338.3,39.618
1650384900000,338.3,338.5,338.3,338.3,92.991
1650384960000,338.3,338.4,338.3,338.4,5.55
1650385020000,338.3,338.4,338.0,338.0,38.286
1650385080000,338.1,338.4,338.0,338.4,69.272
1650385140000,338.4,338.8,338.4,338.8,60.072
1650385200000,338.7,338.7,338.7,338.7,0.9
1650385260000,338.6,338.7,338.6,338.7,25.647
1650385320000,338.7,339.0,338.7,338.9,24.808
1650385380000,338.9,339.4,338.5,339.3,350.047
1650385440000,339.2,339.2,338.9,338.9,66.004
1650385500000,338.9,339.0,338.8,339.0,15.148
1650385560000,338.9,339.1,338.9,339.1,9.22
1650385620000,339.1,339.2,338.9,339.1,14.972
1650385680000,339.0,339.0,338.8,339.0,27.637
1650385740000,339.1,339.4,338.7,339.0,173.113
1650385800000,339.0,339.3,339.0,339.2,31.048
1650385860000,339.1,339.1,339.0,339.0,53.627
1650385920000,339.0,339.0,338.8,338.9,18.821
1650385980000,339.0,339.0,338.5,338.7,172.349
1650386040000,338.8,338.8,338.6,338.8,15.642
1650386100000,338.7,338.8,338.5,338.5,5.391
1650386160000,338.7,338.7,338.3,338.4,53.363
1650386220000,338.3,338.3,337.6,337.7,17.848
1650386280000,337.7,337.7,336.5,336.7,124.358
1650386340000,336.7,337.2,336.3,336.3,90.972
1650386400000,336.4,336.7,336.4,336.5,39.98
1650386460000,336.4,336.4,335.4,335.7,52.084
1650386520000,335.6,335.7,335.1,335.7,86.749
1650386580000,335.8,335.8,335.5,335.7,24.727
1650386640000,335.7,336.2,335.7,335.9,59.308
1650386700000,335.9,336.0,335.2,335.2,121.762
1650386760000,335.4,336.3,335.4,336.2,101.969
1650386820000,336.2,336.2,336.0,336.1,12.499
1650386880000,336.1,336.3,336.1,336.1,64.59
1650386940000,336.2,336.5,336.2,336.5,39.539
1650387000000,336.4,336.5,336.4,336.4,13.637
1650387060000,336.5,336.7,336.5,336.7,12.112
1650387120000,336.7,336.7,336.6,336.6,11.93
1650387180000,336.6,337.1,336.6,337.1,81.28
1650387240000,337.1,337.3,337.1,337.2,31.077
1650387300000,337.2,337.4,337.1,337.1,15.437
1650387360000,337.1,337.1,337.0,337.0,11.519
1650387420000,337.0,337.0,336.6,336.6,15.597
1650387480000,336.5,336.7,336.5,336.7,32.758
1650387540000,336.8,336.8,336.6,336.6,7.741
1650387600000,336.7,336.7,336.5,336.5,9.331
1650387660000,336.5,336.8,336.5,336.7,163.7
1650387720000,336.8,337.0,336.8,336.8,22.493
1650387780000,336.9,336.9,336.7,336.7,14.554
1650387840000,336.7,336.9,336.7,336.9,26.423
1650387900000,336.8,336.9,336.5,336.5,128.5
1650387960000,336.4,336.8,336.4,336.5,47.582
1650388020000,336.4,336.5,335.7,335.9,75.046
1650388080000,335.8,336.0,335.7,335.9,11.879
1650388140000,335.9,335.9,335.5,335.6,12.41
1650388200000,335.5,335.7,335.5,335.7,25.027
1650388260000,335.7,335.8,335.7,335.7,4.564
1650388320000,335.7,335.8,335.7,335.7,6.063
1650388380000,335.7,335.7,335.4,335.5,97.215
1650388440000,335.6,335.7,335.6,335.6,1.656
1650388500000,335.6,336.0,335.6,336.0,40.742
1650388560000,336.0,336.0,336.0,336.0,1.105
1650388620000,336.0,336.0,335.9,336.0,8.612
1650388680000,336.0,336.1,335.9,336.1,5.925
1650388740000,336.0,336.0,335.9,335.9,4.508
1650388800000,335.7,336.2,335.7,336.1,7.883
1650388860000,336.2,336.2,335.7,335.7,29.999
1650388920000,335.8,335.9,335.8,335.9,0.599
1650388980000,335.9,335.9,335.8,335.9,2.552
1650389040000,335.9,335.9,335.9,335.9,5.152
1650389100000,335.8,335.8,335.7,335.7,2.916
1650389160000,335.6,335.6,335.4,335.4,26.688
1650389220000,335.3,335.3,334.8,335.1,166.944
1650389280000,335.2,335.3,335.0,335.0,16.01
1650389340000,334.9,335.2,334.8,335.1,32.886
1650389400000,335.2,335.3,335.2,335.3,5.091
1650389460000,335.4,335.6,335.4,335.5,0.946
1650389520000,335.5,335.5,335.5,335.5,2.124
1650389580000,335.6,335.6,335.6,335.6,1.126
1650389640000,335.6,335.7,335.4,335.4,5.273
1650389700000,335.3,335.5,335.3,335.5,23.465
1650389760000,335.5,335.9,335.5,335.9,10.982
1650389820000,335.9,336.2,335.9,336.2,28.291
1650389880000,336.3,336.5,336.2,336.4,22.364
1650389940000,336.3,336.4,336.3,336.4,13.17
1650390000000,336.3,336.4,336.2,336.2,6.05
1650390060000,336.3,336.4,336.3,336.3,2.349
1650390120000,336.3,336.4,336.0,336.0,127.737
1650390180000,335.9,335.9,335.8,335.9,17.477
1650390240000,335.8,336.0,335.8,336.0,2.366
1650390300000,335.9,336.0,335.7,335.7,20.835
1650390360000,335.7,336.0,335.7,336.0,2.449
1650390420000,336.0,336.0,335.9,335.9,4.918
1650390480000,336.0,336.4,336.0,336.4,3.724
1650390540000,336.4,336.4,336.2,336.3,10.334
1650390600000,336.2,336.6,336.2,336.6,6.761
1650390660000,336.6,336.6,336.3,336.3,6.504
1650390720000,336.4,336.4,336.4,336.4,0.704
1650390780000,336.4,336.4,336.4,336.4,0.048
1650390840000,336.3,336.3,336.2,336.2,2.204
1650390900000,336.2,336.3,336.2,336.3,3.543
1650390960000,336.2,336.3,336.1,336.2,9.153
1650391020000,336.2,336.4,336.2,336.4,6.478
1650391080000,336.5,336.5,336.5,336.5,1.334
1650391140000,336.5,336.7,336.5,336.6,8.647
1650391200000,336.6,336.6,336.5,336.6,12.838
1650391260000,336.5,336.7,336.5,336.7,3.71
1650391320000,336.6,336.7,336.6,336.6,6.035
1650391380000,336.5,336.5,336.4,336.4,3.541
1650391440000,336.3,336.5,336.3,336.3,6.193
1650391500000,336.3,336.4,336.3,336.4,1.445
1650391560000,336.5,336.6,336.2,336.2,34.377
1650391620000,336.1,336.1,335.8,336.0,19.204
1650391680000,336.0,336.3,336.0,336.3,8.354
1650391740000,336.2,336.2,335.9,336.1,4.658
1650391800000,336.0,336.2,336.0,336.0,26.167
1650391860000,336.0,336.0,336.0,336.0,6.009
1650391920000,335.9,336.0,335.9,335.9,33.781
1650391980000,335.9,335.9,335.8,335.9,9.643
1650392040000,336.0,336.1,336.0,336.0,10.119
1650392100000,336.0,336.0,335.8,335.8,2.496
1650392160000,335.7,335.9,335.7,335.9,15.664
1650392220000,335.9,335.9,335.8,335.9,5.443
1650392280000,335.8,335.9,335.8,335.8,8.804
1650392340000,335.8,335.8,335.7,335.8,0.262
1650392400000,335.6,335.7,335.6,335.6,10.625
1650392460000,335.6,335.8,335.6,335.7,11.073
1650392520000,335.7,335.7,335.7,335.7,2.052
1650392580000,335.6,335.8,335.6,335.7,10.383
1650392640000,335.7,336.0,335.7,336.0,8.538
1650392700000,335.9,335.9,335.8,335.8,1.758
1650392760000,335.7,335.8,335.6,335.8,11.734
1650392820000,335.9,335.9,335.8,335.8,0.264
1650392880000,335.8,335.8,335.8,335.8,0.228
1650392940000,335.8,336.2,335.8,336.2,6.343
1650393000000,336.2,336.5,336.2,336.5,22.359
1650393060000,336.4,336.5,336.2,336.2,8.081
1650393120000,336.1,336.2,336.1,336.1,1.173
1650393180000,336.1,336.1,335.9,335.9,4.201
1650393240000,335.9,335.9,335.8,335.9,13.795
1650393300000,335.8,336.1,335.8,335.9,26.43
1650393360000,335.9,335.9,335.7,335.7,1.737
1650393420000,335.7,335.7,335.6,335.7,11.799
1650393480000,335.7,335.7,335.6,335.6,1.093
1650393540000,335.7,335.8,335.6,335.6,2.436
1650393600000,335.7,335.7,335.6,335.7,12.413
1650393660000,335.6,335.6,335.6,335.6,0.321
1650393720000,335.6,335.6,335.6,335.6,3.967
1650393780000,335.6,335.8,335.6,335.6,3.238
1650393840000,335.6,335.8,335.6,335.6,2.771
1650393900000,335.6,335.7,335.6,335.7,5.399
1650393960000,335.7,335.7,335.6,335.6,4.881
1650394020000,335.6,335.6,335.0,335.1,87.908
1650394080000,335.1,335.4,335.1,335.3,12.997
1650394140000,335.3,335.5,335.3,335.5,4.824
1650394200000,335.4,335.6,335.4,335.6,4.312
1650394260000,335.6,335.7,335.5,335.6,3.853
1650394320000,335.6,335.6,335.5,335.5,2.532
1650394380000,335.5,335.5,335.2,335.3,2.55
1650394440000,335.3,335.3,335.2,335.3,11.021
1650394500000,335.2,335.4,335.2,335.4,9.813
1650394560000,335.4,335.4,335.3,335.4,3.61
1650394620000,335.4,335.5,335.4,335.5,2.292
1650394680000,335.6,335.6,335.4,335.4,5.225
1650394740000,335.4,335.5,335.4,335.4,5.676
1650394800000,335.4,335.7,335.3,335.6,67.885
1650394860000,335.6,335.7,335.5,335.6,5.358
1650394920000,335.6,335.6,335.6,335.6,3.137
1650394980000,335.6,335.7,335.5,335.6,55.212
1650395040000,335.6,335.6,335.6,335.6,2.838
1650395100000,335.5,335.7,335.5,335.6,2.839
1650395160000,335.5,335.5,335.0,335.2,19.667
1650395220000,335.2,335.2,335.2,335.2,1.103
1650395280000,335.3,335.8,335.3,335.6,14.969
1650395340000,335.6,335.8,335.6,335.8,15.774
1650395400000,335.7,335.7,335.6,335.7,3.322
1650395460000,335.6,336.2,335.6,336.1,60.82
1650395520000,336.1,336.1,336.0,336.1,1.601
1650395580000,336.1,336.3,336.1,336.2,12.838
1650395640000,336.3,336.3,336.1,336.2,2.317
1650395700000,336.2,336.3,336.1,336.3,7.731
1650395760000,336.3,336.9,336.3,336.9,66.489
1650395820000,336.9,336.9,336.7,336.8,50.275
1650395880000,336.8,336.9,336.8,336.9,6.518
1650395940000,336.8,336.9,336.3,336.6,126.358
1650396000000,336.6,336.7,336.5,336.7,10.244
1650396060000,336.7,337.0,336.7,336.9,80.33
1650396120000,337.0,337.4,336.9,337.4,294.825
1650396180000,337.4,337.4,337.2,337.3,14.785
1650396240000,337.4,337.5,337.3,337.3,3.981
1650396300000,337.4,337.4,336.9,337.2,22.571
1650396360000,337.1,337.1,336.8,336.9,5.695
1650396420000,336.9,337.0,336.6,336.8,13.42
1650396480000,336.8,337.1,336.8,337.1,13.775
1650396540000,336.9,337.0,336.7,336.9,17.465
1650396600000,336.9,337.0,336.8,337.0,8.949
1650396660000,336.9,337.1,336.8,336.9,9.597
1650396720000,336.9,336.9,336.8,336.9,6.465
1650396780000,337.0,337.1,336.8,337.1,8.179
1650396840000,337.1,337.3,337.1,337.3,11.234
1650396900000,337.2,337.3,337.2,337.3,4.502
1650396960000,337.3,337.3,337.2,337.3,1.825
1650397020000,337.3,337.3,337.3,337.3,1.752
1650397080000,337.3,337.5,337.3,337.5,5.492
1650397140000,337.5,337.7,337.5,337.7,14.807
1650397200000,337.6,337.6,337.1,337.3,21.887
1650397260000,337.3,337.4,337.2,337.3,2.795
1650397320000,337.3,337.3,337.1,337.2,28.649
1650397380000,337.3,337.3,336.8,336.8,17.12
1650397440000,336.8,336.8,336.7,336.8,2.609
1650397500000,336.8,336.8,336.6,336.6,3.07
1650397560000,336.6,336.7,336.5,336.7,3.669
1650397620000,336.7,336.7,336.7,336.7,4.219
1650397680000,336.8,336.9,336.8,336.9,3.449
1650397740000,336.9,337.0,336.8,336.8,3.209
1650397800000,336.9,337.2,336.9,337.1,6.858
1650397860000,337.1,338.0,337.1,337.9,24.921
1650397920000,337.9,337.9,337.7,337.8,60.732
1650397980000,337.7,337.7,337.5,337.5,14.52
1650398040000,337.6,337.6,337.3,337.3,2.716
1650398100000,337.2,337.2,336.7,336.8,12.726
1650398160000,336.9,336.9,336.9,336.9,0.941
1650398220000,337.0,337.0,336.8,336.8,11.168
1650398280000,336.8,337.0,336.8,337.0,12.858
1650398340000,337.0,337.4,337.0,337.3,7.301
1650398400000,337.3,337.4,336.5,337.0,27.712
1650398460000,336.8,337.0,336.6,336.7,15.815
1650398520000,336.6,337.3,336.6,337.2,33.907
1650398580000,337.2,337.2,336.9,336.9,2.221
1650398640000,336.9,336.9,336.7,336.7,6.023
1650398700000,336.6,336.8,336.5,336.5,56.932
1650398760000,336.4,336.4,336.2,336.2,6.364
1650398820000,336.3,336.3,336.2,336.3,1.96
1650398880000,336.3,336.3,336.2,336.2,14.071
1650398940000,336.1,336.2,336.1,336.1,3.562
1650399000000,336.1,336.4,336.1,336.2,6.204
1650399060000,336.1,336.2,336.1,336.1,6.889
1650399120000,336.1,336.1,336.1,336.1,5.141
1650399180000,336.3,336.3,336.2,336.2,3.389
1650399240000,336.1,336.2,336.0,336.1,6.872
1650399300000,336.1,336.4,336.0,336.4,56.827
1650399360000,336.1,336.1,336.1,336.1,5.162
1650399420000,336.2,336.5,336.2,336.5,9.46
1650399480000,336.5,336.7,336.5,336.7,7.835
1650399540000,336.7,336.7,336.7,336.7,0.37
1650399600000,336.7,336.8,336.6,336.8,4.003
1650399660000,336.8,336.9,336.8,336.9,9.724
1650399720000,336.8,336.9,336.8,336.8,12.705
1650399780000,337.0,337.0,336.9,336.9,2.472
1650399840000,337.0,337.1,336.9,336.9,7.277
1650399900000,336.9,337.0,336.9,336.9,1.276
1650399960000,336.8,336.9,336.8,336.9,3.314
1650400020000,336.9,336.9,336.9,336.9,0.522
1650400080000,337.0,337.0,336.8,336.8,14.845
1650400140000,336.8,336.8,336.8,336.8,1.259
1650400200000,336.9,337.0,336.7,336.7,21.29
1650400260000,336.7,336.7,336.3,336.3,19.088
1650400320000,336.2,336.3,336.2,336.3,9.016
1650400380000,336.4,336.7,336.4,336.7,2.65
1650400440000,336.6,336.6,336.5,336.6,14.545
1650400500000,336.6,336.8,336.6,336.7,4.669
1650400560000,336.7,336.7,336.6,336.6,2.341
1650400620000,336.6,336.6,336.6,336.6,0.0
1650400680000,336.4,336.4,335.9,335.9,46.53
1650400740000,335.9,335.9,335.7,335.9,27.004
1650400800000,335.8,336.0,335.8,336.0,7.47
1650400860000,336.0,336.0,335.9,335.9,3.751
1650400920000,336.0,336.1,336.0,336.0,1.771
1650400980000,336.0,336.0,336.0,336.0,0.431
1650401040000,336.0,336.2,336.0,336.2,1.926
1650401100000,336.2,336.7,336.2,336.4,41.54
1650401160000,336.4,336.4,336.2,336.2,4.08
1650401220000,336.1,336.1,336.0,336.0,17.506
1650401280000,336.2,336.3,336.2,336.3,7.619
1650401340000,336.3,336.3,336.1,336.1,1.865
1650401400000,336.0,336.2,336.0,336.1,1.072
1650401460000,336.1,336.3,336.1,336.3,1.274
1650401520000,336.3,336.3,336.1,336.1,1.345
1650401580000,336.3,336.3,336.2,336.3,3.728
1650401640000,336.3,336.5,336.3,336.5,2.406
1650401700000,336.5,336.6,336.4,336.6,9.471
1650401760000,336.6,336.6,336.6,336.6,0.06
1650401820000,336.7,336.7,336.6,336.7,4.041
1650401880000,336.7,336.7,336.7,336.7,2.374
1650401940000,336.8,336.9,336.8,336.9,3.616
1650402000000,336.9,337.0,336.8,336.9,6.372
1650402060000,337.0,337.0,336.8,336.8,9.974
1650402120000,336.9,336.9,336.8,336.8,2.489
1650402180000,336.7,336.8,336.7,336.7,0.736
1650402240000,336.6,336.7,336.6,336.7,0.686
1650402300000,336.6,336.7,336.6,336.7,4.524
1650402360000,336.7,336.8,336.7,336.7,1.332
1650402420000,336.8,336.8,336.6,336.6,4.022
1650402480000,336.6,336.6,336.4,336.5,0.602
1650402540000,336.4,336.6,336.4,336.6,5.061
1650402600000,336.5,336.5,336.4,336.5,2.02
1650402660000,336.5,336.5,336.5,336.5,0.277
1650402720000,336.5,336.6,336.5,336.6,2.729
1650402780000,336.5,336.8,336.5,336.8,8.929
1650402840000,336.8,336.9,336.8,336.8,1.238
1650402900000,336.8,336.8,336.8,336.8,0.716
1650402960000,336.8,337.0,336.8,337.0,12.203
1650403020000,337.0,337.1,337.0,337.1,0.516
1650403080000,337.2,337.2,336.9,336.9,7.516
1650403140000,336.9,337.0,336.9,337.0,1.604
1650403200000,337.0,337.1,336.9,337.1,22.679
1650403260000,337.1,337.1,337.0,337.0,7.032
1650403320000,336.9,337.1,336.9,336.9,3.599
1650403380000,337.0,337.0,336.8,336.8,8.174
1650403440000,336.8,337.0,336.8,336.9,0.965
1650403500000,336.8,336.9,336.8,336.9,4.702
1650403560000,336.9,336.9,336.7,336.7,17.545
1650403620000,336.8,336.8,336.8,336.8,0.441
1650403680000,336.8,337.0,336.8,337.0,12.317
1650403740000,336.9,337.0,336.8,336.8,13.81
1650403800000,336.8,336.9,336.8,336.8,39.718
1650403860000,336.8,336.9,336.6,336.7,7.008
1650403920000,336.7,336.7,336.5,336.6,44.427
1650403980000,336.7,336.7,336.5,336.6,3.667
1650404040000,336.6,336.8,336.5,336.7,36.415
1650404100000,336.7,336.8,336.5,336.8,36.58
1650404160000,336.8,336.8,336.7,336.8,1.216
1650404220000,336.7,336.8,336.7,336.8,0.723
1650404280000,336.8,336.8,336.7,336.8,0.201
1650404340000,336.7,336.8,336.7,336.8,1.255
1650404400000,336.7,336.8,336.7,336.7,6.081
1650404460000,336.7,336.7,336.7,336.7,0.246
1650404520000,336.7,336.8,336.7,336.8,0.379
1650404580000,336.8,336.8,336.5,336.6,3.081
1650404640000,336.6,336.6,336.3,336.5,4.046
1650404700000,336.4,336.6,336.4,336.5,1.384
1650404760000,336.5,336.6,336.4,336.6,1.63
1650404820000,336.6,336.6,336.6,336.6,0.0
1650404880000,336.6,336.7,336.5,336.5,0.391
1650404940000,336.6,336.6,336.5,336.5,0.446
1650405000000,336.6,336.8,336.5,336.7,2.346
1650405060000,336.7,336.7,336.7,336.7,0.094
1650405120000,336.8,336.8,336.7,336.8,5.836
1650405180000,336.9,336.9,336.9,336.9,0.697
1650405240000,336.8,336.8,336.8,336.8,0.263
1650405300000,336.8,337.1,336.6,337.1,3.593
1650405360000,337.1,337.1,337.0,337.0,0.458
1650405420000,337.0,337.0,336.8,336.8,164.701
1650405480000,336.9,336.9,336.9,336.9,1.143
1650405540000,336.7,336.7,336.6,336.7,50.78
1650405600000,336.8,336.9,336.7,336.9,5.766
1650405660000,336.9,337.0,336.7,336.7,15.511
1650405720000,336.8,336.9,336.8,336.9,5.254
1650405780000,336.8,337.0,336.8,337.0,2.313
1650405840000,337.1,337.2,337.1,337.2,1.915
1650405900000,337.2,337.7,337.2,337.6,25.584
1650405960000,337.6,337.8,337.6,337.8,10.992
1650406020000,337.9,337.9,337.6,337.7,9.98
1650406080000,337.7,337.7,337.4,337.5,46.712
1650406140000,337.5,337.5,337.5,337.5,0.0
1650406200000,337.4,337.8,337.4,337.6,30.519
1650406260000,337.6,337.6,337.6,337.6,0.06
1650406320000,337.5,337.5,337.2,337.2,13.711
1650406380000,337.3,337.5,337.3,337.5,48.19
1650406440000,337.4,337.6,337.4,337.6,1.544
1650406500000,337.4,337.4,337.3,337.3,17.009
1650406560000,337.3,337.3,337.1,337.2,3.845
1650406620000,337.2,337.3,337.2,337.3,8.048
1650406680000,337.3,337.3,337.2,337.3,9.708
1650406740000,337.5,337.5,337.3,337.3,2.058
1650406800000,337.4,337.5,337.4,337.5,8.764
1650406860000,337.4,337.4,337.3,337.3,12.364
1650406920000,337.3,337.4,337.3,337.4,0.388
1650406980000,337.4,337.4,337.2,337.2,6.474
1650407040000,337.2,337.2,337.2,337.2,0.0
1650407100000,337.3,337.3,337.3,337.3,0.848
1650407160000,337.3,337.5,337.3,337.5,7.167
1650407220000,337.5,337.5,337.3,337.3,18.409
1650407280000,337.3,337.6,337.3,337.6,14.519
1650407340000,337.7,337.9,337.7,337.9,58.965
1650407400000,337.9,338.0,337.8,337.8,8.94
1650407460000,338.0,338.1,338.0,338.0,3.4
1650407520000,338.0,338.3,338.0,338.3,4.25
1650407580000,338.4,338.8,338.4,338.8,29.087
1650407640000,338.9,339.1,338.6,338.6,65.785
1650407700000,338.6,338.9,338.6,338.9,7.931
1650407760000,338.9,339.5,338.9,339.3,89.597
1650407820000,339.3,339.4,339.3,339.4,16.757
1650407880000,339.4,339.4,339.4,339.4,0.466
1650407940000,339.5,339.5,339.4,339.5,1.104
1650408000000,339.4,339.4,339.0,339.0,27.756
1650408060000,339.1,339.1,338.7,338.7,3.063
1650408120000,338.7,338.7,338.7,338.7,0.0
1650408180000,338.8,338.8,338.7,338.7,4.344
1650408240000,338.8,338.9,338.7,338.9,14.682
1650408300000,339.0,339.3,339.0,339.3,3.203
1650408360000,339.3,339.3,339.1,339.2,4.849
1650408420000,339.1,339.1,339.1,339.1,0.586
1650408480000,338.9,338.9,338.5,338.5,11.062
1650408540000,338.4,338.4,337.8,337.9,23.408
1650408600000,337.9,338.0,337.9,338.0,5.116
1650408660000,337.9,338.0,337.7,338.0,13.171
1650408720000,338.0,338.0,338.0,338.0,0.281
1650408780000,338.1,338.1,338.0,338.0,11.3
1650408840000,338.1,338.2,338.1,338.2,24.441
1650408900000,338.2,338.3,338.2,338.2,2.551
1650408960000,338.3,338.3,338.3,338.3,0.088
1650409020000,338.3,338.3,338.3,338.3,0.239
1650409080000,338.3,338.3,338.3,338.3,6.215
1650409140000,338.1,338.2,337.9,338.0,7.213
1650409200000,338.1,338.2,338.0,338.2,18.971
1650409260000,338.1,338.1,338.0,338.1,10.603
1650409320000,338.1,338.1,338.1,338.1,0.873
1650409380000,338.1,338.2,338.0,338.2,6.107
1650409440000,338.1,338.1,338.1,338.1,0.819
1650409500000,338.1,338.3,338.1,338.3,2.078
1650409560000,338.3,338.6,338.1,338.1,31.402
1650409620000,338.2,338.2,338.1,338.2,2.149
1650409680000,338.1,338.2,338.1,338.1,8.456
1650409740000,338.1,338.1,338.1,338.1,0.894
1650409800000,338.1,338.4,338.1,338.3,5.543
1650409860000,338.2,338.2,338.1,338.2,4.629
1650409920000,338.1,338.2,338.1,338.2,4.793
1650409980000,338.2,338.6,338.2,338.5,70.812
1650410040000,338.6,338.6,338.3,338.3,21.187
1650410100000,338.2,338.3,338.2,338.3,7.268
1650410160000,338.3,338.8,338.3,338.8,24.79
1650410220000,338.8,339.1,338.6,339.0,134.327
1650410280000,338.8,338.8,338.7,338.8,1.719
1650410340000,338.8,338.8,338.7,338.7,34.509
1650410400000,338.7,339.1,338.7,339.1,6.796
1650410460000,339.2,339.2,339.1,339.1,0.162
1650410520000,339.2,339.8,339.2,339.7,114.954
1650410580000,339.6,339.9,339.5,339.9,58.627
1650410640000,339.9,339.9,339.4,339.5,12.059
1650410700000,339.5,339.5,339.0,339.0,11.681
1650410760000,339.2,339.7,339.2,339.7,109.294
1650410820000,339.7,340.2,339.7,340.2,115.545
1650410880000,340.1,340.1,339.8,339.8,13.91
1650410940000,339.7,339.9,339.7,339.9,3.714
1650411000000,339.8,340.1,339.8,340.1,34.689
1650411060000,340.2,340.2,340.1,340.1,15.713
1650411120000,340.1,340.5,340.1,340.4,19.495
1650411180000,340.5,340.7,340.4,340.7,32.499
1650411240000,340.8,340.8,340.7,340.8,3.169
1650411300000,340.7,340.7,340.2,340.2,45.342
1650411360000,340.1,340.1,340.0,340.0,10.976
1650411420000,340.0,340.1,339.7,340.0,18.493
1650411480000,339.9,339.9,339.7,339.7,11.902
1650411540000,339.7,340.0,339.7,339.9,7.464
1650411600000,339.8,340.0,339.8,340.0,10.979
1650411660000,339.9,340.1,339.9,339.9,3.72
1650411720000,340.0,340.0,339.8,339.8,18.689
1650411780000,339.8,339.8,339.7,339.7,9.267
1650411840000,339.7,339.7,339.6,339.6,16.915
1650411900000,339.6,340.3,339.6,340.2,24.976
1650411960000,339.9,339.9,339.6,339.6,22.028
1650412020000,339.7,340.1,339.7,340.1,40.579
1650412080000,340.2,340.9,340.2,340.8,70.294
1650412140000,340.8,341.0,340.8,340.8,12.61
1650412200000,340.8,340.8,340.6,340.7,8.242
1650412260000,340.7,341.0,340.7,340.7,29.087
1650412320000,340.9,341.0,340.8,341.0,19.158
1650412380000,340.8,340.8,340.7,340.8,0.326
1650412440000,340.7,341.0,340.7,341.0,5.427
1650412500000,340.9,340.9,340.8,340.9,1.007
1650412560000,340.8,340.8,340.4,340.5,23.323
1650412620000,340.5,340.5,340.4,340.5,12.507
1650412680000,340.5,340.5,340.4,340.5,2.029
1650412740000,340.4,340.5,340.4,340.5,8.014
1650412800000,340.4,340.5,340.2,340.3,70.04
