timestamp,open,high,low,close,volume
1638921600000,161.8,162.0,161.8,162.0,398.447
1638921660000,162.0,162.2,161.8,161.8,347.694
1638921720000,161.7,161.8,161.3,161.5,411.607
1638921780000,161.5,161.5,160.8,160.8,386.477
1638921840000,161.0,161.0,160.5,160.5,988.208
1638921900000,160.5,160.7,160.5,160.6,743.277
1638921960000,160.6,160.6,160.3,160.4,336.638
1638922020000,160.4,160.6,159.9,160.5,924.866
1638922080000,160.5,161.3,160.5,161.3,659.338
1638922140000,161.3,161.6,160.8,161.6,796.168
1638922200000,161.7,162.1,161.6,161.7,1429.483
1638922260000,161.6,161.7,161.2,161.3,464.468
1638922320000,161.3,161.3,160.9,160.9,248.557
1638922380000,161.0,161.2,160.8,160.9,729.704
1638922440000,161.1,161.4,161.0,161.4,338.357
1638922500000,161.3,161.3,160.7,161.0,641.645
1638922560000,160.9,160.9,160.7,160.7,375.604
1638922620000,160.7,160.7,160.5,160.6,210.39
1638922680000,160.7,160.9,160.6,160.7,139.182
1638922740000,160.6,160.9,160.6,160.8,306.853
1638922800000,160.7,161.0,160.7,160.8,143.191
1638922860000,160.9,160.9,160.7,160.7,204.904
1638922920000,160.8,160.8,160.5,160.6,393.97
1638922980000,160.6,160.6,160.4,160.5,577.058
1638923040000,160.5,160.5,160.0,160.1,239.669
1638923100000,160.1,160.3,160.0,160.2,374.508
1638923160000,160.3,160.6,160.2,160.6,256.764
1638923220000,160.6,160.8,160.5,160.7,271.255
1638923280000,160.7,161.6,160.7,161.5,1024.153
1638923340000,161.5,161.5,161.3,161.5,231.763
1638923400000,161.4,161.9,161.3,161.7,393.722
1638923460000,161.7,161.8,161.5,161.5,217.896
1638923520000,161.5,161.6,161.2,161.3,267.495
1638923580000,161.3,162.2,161.2,162.1,947.634
1638923640000,162.0,162.2,161.9,162.1,425.339
1638923700000,162.2,162.7,162.1,162.7,453.976
1638923760000,162.8,163.4,162.5,163.2,1872.187
1638923820000,163.3,163.3,162.6,162.9,966.037
1638923880000,162.9,163.5,162.8,163.2,817.558
1638923940000,163.3,163.4,163.0,163.1,491.497
1638924000000,163.2,163.3,162.6,162.6,449.787
1638924060000,162.5,162.7,162.3,162.6,476.109
1638924120000,162.5,162.6,162.3,162.5,158.328
1638924180000,162.6,163.0,162.6,162.8,514.948
1638924240000,162.8,163.1,162.8,163.1,104.776
1638924300000,163.1,163.1,162.7,162.9,104.388
1638924360000,163.0,163.0,162.5,162.5,258.995
1638924420000,162.5,162.9,162.4,162.8,551.161
1638924480000,162.8,162.8,162.4,162.5,527.408
1638924540000,162.5,162.5,162.3,162.5,179.762
1638924600000,162.6,162.6,162.2,162.3,247.518
1638924660000,162.3,162.4,161.9,162.1,136.127
1638924720000,162.0,162.1,161.9,162.0,232.122
1638924780000,162.0,162.2,161.9,161.9,284.874
1638924840000,162.0,162.2,162.0,162.1,221.132
1638924900000,162.2,162.6,162.2,162.5,494.633
1638924960000,162.5,162.7,162.3,162.7,245.787
1638925020000,162.7,162.9,162.7,162.8,385.544
1638925080000,162.7,163.0,162.7,162.9,109.619
1638925140000,162.9,163.5,162.9,163.2,361.083
1638925200000,163.2,163.3,162.9,163.1,482.536
1638925260000,163.2,163.5,163.1,163.3,474.659
1638925320000,163.2,163.4,163.1,163.4,321.357
1638925380000,163.4,163.5,163.3,163.5,100.356
1638925440000,163.4,163.5,163.4,163.5,127.917
1638925500000,163.5,163.8,163.5,163.7,610.136
1638925560000,163.6,164.1,163.5,163.9,1112.077
1638925620000,164.0,164.0,163.5,163.6,430.859
1638925680000,163.6,163.9,163.6,163.8,662.053
1638925740000,163.8,163.9,163.6,163.9,478.956
1638925800000,163.9,163.9,163.5,163.8,338.153
1638925860000,163.8,164.0,163.8,163.9,319.647
1638925920000,163.8,164.0,163.7,163.9,784.73
1638925980000,163.9,164.0,163.7,163.8,298.859
1638926040000,163.8,163.8,163.5,163.5,276.014
1638926100000,163.5,163.5,163.0,163.0,445.226
1638926160000,163.0,163.2,163.0,163.0,335.674
1638926220000,163.0,163.1,162.7,162.7,328.24
1638926280000,162.7,163.1,162.7,162.9,461.944
1638926340000,163.0,163.2,162.9,163.2,374.655
1638926400000,163.1,163.2,163.0,163.1,351.216
1638926460000,163.2,163.3,163.1,163.2,65.111
1638926520000,163.3,163.5,163.2,163.5,113.358
1638926580000,163.4,163.9,163.4,163.9,251.414
1638926640000,163.9,163.9,163.5,163.5,479.665
1638926700000,163.6,163.6,163.4,163.4,24.844
1638926760000,163.4,163.4,163.2,163.2,128.483
1638926820000,163.3,163.4,163.2,163.3,58.987
1638926880000,163.3,163.3,163.0,163.2,155.033
1638926940000,163.3,163.3,163.1,163.1,59.43
1638927000000,163.2,163.4,163.0,163.0,412.527
1638927060000,163.0,163.2,163.0,163.2,186.839
1638927120000,163.1,163.2,162.7,162.7,477.85
1638927180000,162.6,162.6,162.4,162.4,321.994
1638927240000,162.5,162.6,162.3,162.3,167.301
1638927300000,162.3,162.6,162.3,162.5,184.19
1638927360000,162.4,162.4,162.3,162.3,69.963
1638927420000,162.3,162.5,162.2,162.4,155.756
1638927480000,162.4,162.4,162.1,162.1,285.28
1638927540000,162.2,162.2,161.9,162.0,231.869
1638927600000,161.9,162.3,161.9,162.3,252.778
1638927660000,162.2,162.3,162.1,162.1,341.88
1638927720000,162.1,162.2,162.1,162.1,181.044
1638927780000,162.1,162.3,162.1,162.1,121.38
1638927840000,162.1,162.4,162.1,162.4,204.979
1638927900000,162.4,162.7,162.4,162.5,394.539
1638927960000,162.5,162.5,162.2,162.2,335.903
1638928020000,162.3,162.4,162.2,162.3,139.258
1638928080000,162.3,162.3,162.1,162.3,111.996
1638928140000,162.3,162.5,162.2,162.5,194.702
1638928200000,162.5,162.5,162.2,162.3,93.301
1638928260000,162.2,162.3,161.7,162.0,2415.245
1638928320000,162.0,162.0,161.6,161.7,374.143
1638928380000,161.7,161.8,161.6,161.7,382.602
1638928440000,161.6,161.6,161.5,161.5,97.069
1638928500000,161.4,161.6,161.3,161.5,271.441
1638928560000,161.5,161.8,161.5,161.7,442.135
1638928620000,161.7,162.0,161.6,161.8,203.213
1638928680000,161.9,162.0,161.7,161.8,162.263
1638928740000,161.8,162.0,161.8,161.8,87.627
1638928800000,161.9,162.2,161.8,162.2,87.007
1638928860000,162.1,162.2,162.0,162.1,202.589
1638928920000,162.2,162.4,162.2,162.4,269.389
1638928980000,162.4,162.4,162.3,162.3,112.445
1638929040000,162.4,162.7,162.3,162.6,197.332
1638929100000,162.6,162.9,162.6,162.8,244.94
1638929160000,162.7,162.7,162.4,162.4,264.425
1638929220000,162.4,162.9,162.4,162.9,207.098
1638929280000,163.0,163.0,162.7,162.7,127.52
1638929340000,162.7,162.9,162.7,162.9,74.978
1638929400000,162.8,162.8,162.6,162.6,37.565
1638929460000,162.7,162.7,162.5,162.7,41.31
1638929520000,162.7,162.8,162.7,162.7,159.446
1638929580000,162.6,163.1,162.6,163.1,215.048
1638929640000,163.1,163.2,163.1,163.1,20.524
1638929700000,163.1,163.3,162.8,162.8,128.372
1638929760000,162.9,162.9,162.5,162.7,250.678
1638929820000,162.7,163.0,162.7,163.0,358.712
1638929880000,163.0,163.0,162.7,163.0,183.556
1638929940000,163.0,163.0,162.5,162.5,309.985
1638930000000,162.5,162.6,162.2,162.4,325.236
1638930060000,162.4,162.6,162.3,162.4,317.829
1638930120000,162.3,162.5,162.3,162.4,132.14
1638930180000,162.5,162.7,162.5,162.7,119.246
1638930240000,162.7,162.9,162.6,162.9,161.794
1638930300000,162.9,163.2,162.9,162.9,182.18
1638930360000,162.9,163.4,162.9,163.4,160.316
1638930420000,163.4,163.4,163.1,163.1,223.739
1638930480000,163.1,163.2,163.0,163.1,65.832
1638930540000,163.1,163.4,163.1,163.4,138.402
1638930600000,163.4,163.4,163.2,163.4,256.485
1638930660000,163.4,163.5,163.4,163.5,209.788
1638930720000,163.5,163.8,163.4,163.8,307.951
1638930780000,163.7,164.0,163.6,163.8,385.213
1638930840000,163.8,164.1,163.7,164.0,729.668
1638930900000,164.0,164.1,163.7,163.8,502.14
1638930960000,163.8,163.8,163.5,163.5,159.323
1638931020000,163.7,163.7,163.3,163.5,396.273
1638931080000,163.5,163.6,163.1,163.2,292.262
1638931140000,163.2,163.3,163.2,163.2,38.476
1638931200000,163.2,163.3,163.0,163.0,361.812
1638931260000,163.0,163.1,162.9,162.9,101.079
1638931320000,162.9,163.0,162.8,162.9,592.941
1638931380000,163.0,163.0,162.8,162.9,43.921
1638931440000,162.9,163.0,162.8,162.9,314.128
1638931500000,162.9,163.1,162.8,163.1,343.477
1638931560000,163.2,163.2,163.0,163.1,86.313
1638931620000,163.0,163.2,163.0,163.2,118.917
1638931680000,163.2,163.3,163.1,163.2,632.105
1638931740000,163.2,163.3,163.0,163.0,163.399
1638931800000,163.0,163.0,162.5,162.5,174.889
1638931860000,162.5,162.7,162.2,162.3,515.837
1638931920000,162.3,162.3,162.1,162.2,152.302
1638931980000,162.1,162.3,162.0,162.2,303.232
1638932040000,162.2,162.3,162.1,162.2,74.269
1638932100000,162.1,162.4,162.0,162.1,522.639
1638932160000,162.1,162.1,161.7,161.8,387.224
1638932220000,161.8,161.8,161.3,161.3,291.287
1638932280000,161.2,161.2,161.0,161.0,482.35
1638932340000,161.0,161.2,161.0,161.0,264.905
1638932400000,161.1,161.1,160.9,161.0,326.47
1638932460000,161.0,161.1,160.7,160.7,900.34
1638932520000,160.8,161.1,160.8,161.0,100.612
1638932580000,160.9,161.2,160.9,161.2,109.072
1638932640000,161.2,161.4,161.2,161.4,688.58
1638932700000,161.3,161.4,161.2,161.3,173.154
1638932760000,161.3,161.5,161.3,161.3,106.684
1638932820000,161.4,161.5,161.2,161.5,215.882
1638932880000,161.4,161.7,161.4,161.5,256.373
1638932940000,161.6,161.7,161.5,161.7,55.247
1638933000000,161.6,161.9,161.5,161.9,318.136
1638933060000,161.9,162.1,161.8,161.9,157.694
1638933120000,162.0,162.0,161.8,162.0,204.652
1638933180000,161.9,162.4,161.9,162.1,532.22
1638933240000,162.1,162.2,162.1,162.1,13.163
1638933300000,162.1,162.1,161.8,161.8,844.777
1638933360000,161.8,162.2,161.7,162.2,211.139
1638933420000,162.2,162.4,162.1,162.3,108.859
1638933480000,162.4,162.4,162.1,162.1,150.096
1638933540000,162.2,162.2,162.0,162.0,53.856
1638933600000,162.0,162.0,161.6,161.7,252.388
1638933660000,161.6,161.8,161.6,161.8,165.861
1638933720000,161.7,161.9,161.4,161.5,158.588
1638933780000,161.5,161.6,161.4,161.5,83.531
1638933840000,161.6,161.8,161.6,161.8,183.708
1638933900000,161.9,162.2,161.9,162.2,78.054
1638933960000,162.1,162.3,162.1,162.3,133.782
1638934020000,162.3,162.7,162.3,162.4,444.277
1638934080000,162.4,162.5,162.2,162.3,317.44
1638934140000,162.2,162.2,161.7,161.7,207.618
1638934200000,161.7,162.0,161.7,161.8,248.821
1638934260000,161.9,161.9,161.8,161.9,49.055
1638934320000,162.0,162.2,161.9,162.2,265.109
1638934380000,162.2,162.3,162.2,162.3,222.562
1638934440000,162.3,162.4,162.2,162.3,43.085
1638934500000,162.3,162.4,162.0,162.0,269.732
1638934560000,162.0,162.1,161.9,162.0,257.322
1638934620000,162.0,162.1,161.9,162.0,112.346
1638934680000,162.1,162.2,161.8,161.8,141.518
1638934740000,161.8,161.9,161.7,161.8,177.654
1638934800000,161.8,162.0,161.7,161.7,397.657
1638934860000,161.8,161.8,161.4,161.5,126.767
1638934920000,161.4,161.4,161.3,161.3,96.789
1638934980000,161.3,161.6,161.3,161.5,155.341
1638935040000,161.6,161.6,161.3,161.3,62.475
1638935100000,161.4,161.4,160.8,160.9,574.252
1638935160000,160.9,161.1,160.8,161.1,410.758
1638935220000,161.1,161.3,161.0,161.0,238.637
1638935280000,161.0,161.0,160.6,160.6,847.162
1638935340000,160.7,160.8,160.6,160.7,140.987
1638935400000,160.6,160.6,159.8,159.9,1478.729
1638935460000,160.0,160.2,159.6,159.8,1445.37
1638935520000,159.9,160.3,159.5,160.1,881.246
1638935580000,160.0,160.3,159.9,160.1,263.91
1638935640000,160.1,160.2,159.6,159.8,534.195
1638935700000,159.8,159.9,159.6,159.6,449.695
1638935760000,159.6,159.8,159.5,159.8,366.764
1638935820000,159.7,160.0,159.7,159.9,196.023
1638935880000,159.9,159.9,159.6,159.6,71.282
1638935940000,159.7,160.2,159.7,159.9,398.844
1638936000000,159.9,160.6,159.8,160.5,974.619
1638936060000,160.5,160.6,160.3,160.4,268.328
1638936120000,160.5,160.7,160.3,160.3,309.293
1638936180000,160.4,160.6,160.3,160.3,312.592
1638936240000,160.3,160.4,160.2,160.3,233.178
1638936300000,160.4,160.9,160.4,160.8,572.447
1638936360000,160.8,160.9,160.7,160.9,524.861
1638936420000,160.8,161.3,160.8,161.2,197.818
1638936480000,161.2,161.3,161.0,161.0,347.678
1638936540000,161.0,161.1,160.8,160.9,498.212
1638936600000,160.8,161.3,160.8,161.2,245.834
1638936660000,161.1,161.2,161.0,161.0,130.349
1638936720000,160.9,161.1,160.9,161.0,36.64
1638936780000,161.1,161.1,161.0,161.1,96.341
1638936840000,161.1,161.3,161.1,161.2,149.598
1638936900000,161.2,161.4,161.2,161.4,485.707
1638936960000,161.3,161.3,161.1,161.1,207.551
1638937020000,161.1,161.6,161.1,161.5,628.152
1638937080000,161.5,161.6,161.4,161.5,123.528
1638937140000,161.5,161.5,161.3,161.4,247.978
1638937200000,161.3,161.3,161.1,161.1,248.229
1638937260000,161.1,161.3,161.1,161.2,124.186
1638937320000,161.2,161.2,161.1,161.2,185.246
1638937380000,161.2,161.3,161.0,161.0,194.608
1638937440000,160.9,161.3,160.9,161.2,211.351
1638937500000,161.3,161.5,161.2,161.5,448.519
1638937560000,161.4,161.5,161.2,161.3,173.182
1638937620000,161.3,161.3,160.9,161.0,177.076
1638937680000,160.9,160.9,160.6,160.7,178.114
1638937740000,160.7,160.8,160.6,160.6,110.261
1638937800000,160.6,160.9,160.6,160.7,150.395
1638937860000,160.7,160.9,160.7,160.7,37.458
1638937920000,160.8,160.9,160.7,160.9,54.457
1638937980000,160.9,160.9,160.6,160.6,160.235
1638938040000,160.6,160.6,160.1,160.2,343.011
1638938100000,160.2,160.3,160.0,160.1,173.452
1638938160000,160.1,160.2,160.0,160.1,121.309
1638938220000,160.1,160.2,159.9,160.0,158.636
1638938280000,159.9,160.2,159.9,160.0,72.372
1638938340000,160.0,160.1,159.8,159.8,152.965
1638938400000,159.8,160.0,159.7,160.0,295.964
1638938460000,160.0,160.3,160.0,160.2,235.452
1638938520000,160.3,160.4,160.1,160.4,226.595
1638938580000,160.4,160.7,160.4,160.5,351.582
1638938640000,160.5,160.6,160.4,160.6,105.114
1638938700000,160.6,160.7,160.4,160.6,116.178
1638938760000,160.5,160.7,160.5,160.6,113.757
1638938820000,160.6,160.9,160.4,160.4,614.346
1638938880000,160.4,160.4,160.0,160.2,489.035
1638938940000,160.3,160.3,160.0,160.2,505.295
1638939000000,160.1,160.4,160.1,160.4,340.68
1638939060000,160.4,160.5,160.3,160.5,183.056
1638939120000,160.4,160.6,160.4,160.5,59.758
1638939180000,160.6,160.6,160.4,160.5,68.126
1638939240000,160.6,160.8,160.6,160.8,171.828
1638939300000,160.7,161.0,160.7,161.0,181.719
1638939360000,160.9,161.0,160.8,161.0,41.805
1638939420000,160.9,161.1,160.9,161.0,55.804
1638939480000,161.0,161.1,160.9,161.0,82.578
1638939540000,160.9,160.9,160.7,160.8,224.393
1638939600000,160.8,161.1,160.8,160.9,112.071
1638939660000,160.9,160.9,160.5,160.6,310.626
1638939720000,160.6,160.9,160.5,160.6,296.557
1638939780000,160.7,160.9,160.6,160.8,90.121
1638939840000,160.9,160.9,160.5,160.5,622.593
1638939900000,160.4,160.4,160.2,160.3,421.06
1638939960000,160.3,160.3,160.1,160.2,68.267
1638940020000,160.2,160.2,160.1,160.2,33.496
1638940080000,160.3,160.6,160.3,160.6,220.983
1638940140000,160.7,160.9,160.7,160.9,176.324
1638940200000,160.9,161.2,160.9,161.1,152.026
1638940260000,161.2,161.5,161.2,161.4,326.062
1638940320000,161.3,161.4,161.2,161.2,114.36
1638940380000,161.3,161.5,161.1,161.3,516.831
1638940440000,161.3,161.5,161.3,161.4,267.776
1638940500000,161.4,161.4,161.0,161.1,227.273
1638940560000,161.1,161.2,160.9,160.9,511.517
1638940620000,160.9,161.0,160.9,160.9,23.589
1638940680000,161.0,161.2,161.0,161.1,263.385
1638940740000,161.1,161.5,161.0,161.4,232.748
1638940800000,161.4,161.6,161.4,161.5,252.374
1638940860000,161.5,161.6,161.4,161.4,277.599
1638940920000,161.4,161.4,161.2,161.4,101.691
1638940980000,161.3,161.3,161.1,161.3,61.279
1638941040000,161.2,161.5,161.2,161.5,24.976
1638941100000,161.4,161.7,161.4,161.6,602.997
1638941160000,161.6,161.6,161.4,161.6,240.071
1638941220000,161.6,161.7,161.5,161.7,153.372
1638941280000,161.6,161.8,161.6,161.7,355.509
1638941340000,161.7,161.7,161.5,161.7,107.23
1638941400000,161.6,161.7,161.4,161.4,72.11
1638941460000,161.4,161.5,161.3,161.3,162.42
1638941520000,161.3,161.3,161.1,161.2,206.428
1638941580000,161.1,161.3,161.0,161.3,450.308
1638941640000,161.3,161.4,161.2,161.4,360.339
1638941700000,161.4,161.4,161.0,161.0,459.445
1638941760000,161.1,161.2,160.8,160.9,221.136
1638941820000,160.9,160.9,160.5,160.6,328.83
1638941880000,160.6,160.8,160.6,160.7,203.336
1638941940000,160.7,160.9,160.6,160.8,41.754
1638942000000,160.7,160.7,160.5,160.6,834.836
1638942060000,160.6,160.9,160.6,160.7,276.438
1638942120000,160.6,160.9,160.5,160.8,169.355
1638942180000,160.9,161.0,160.8,160.9,37.669
1638942240000,160.9,161.0,160.9,161.0,53.572
1638942300000,161.0,161.1,160.7,160.9,175.161
1638942360000,160.8,160.9,160.6,160.8,145.043
1638942420000,160.7,160.7,160.5,160.6,121.526
1638942480000,160.6,160.6,160.4,160.4,106.921
1638942540000,160.4,160.6,160.4,160.5,47.534
1638942600000,160.5,160.5,160.3,160.4,167.396
1638942660000,160.3,160.5,160.3,160.5,141.825
1638942720000,160.5,160.5,160.2,160.3,620.903
1638942780000,160.3,160.5,160.3,160.4,95.042
1638942840000,160.5,160.5,160.3,160.5,193.692
1638942900000,160.4,160.5,160.3,160.3,324.893
1638942960000,160.3,160.4,160.2,160.2,167.395
1638943020000,160.2,160.2,160.0,160.0,152.124
1638943080000,160.0,160.2,160.0,160.1,238.413
1638943140000,160.1,160.4,160.1,160.1,436.067
1638943200000,160.1,160.6,160.1,160.6,352.426
1638943260000,160.5,160.6,160.3,160.3,55.142
1638943320000,160.3,160.3,160.1,160.2,82.366
1638943380000,160.1,160.4,160.1,160.4,43.39
1638943440000,160.4,160.5,160.3,160.3,63.88
1638943500000,160.3,160.3,160.1,160.1,41.183
1638943560000,160.1,160.4,160.1,160.3,107.537
1638943620000,160.4,160.5,160.3,160.5,197.544
1638943680000,160.5,160.6,160.5,160.6,59.101
1638943740000,160.6,160.7,160.6,160.6,92.989
1638943800000,160.7,160.7,160.5,160.6,139.036
1638943860000,160.5,160.7,160.5,160.7,66.491
1638943920000,160.7,160.9,160.5,160.6,572.968
1638943980000,160.6,160.9,160.5,160.9,309.267
1638944040000,160.8,160.9,160.7,160.8,359.888
1638944100000,160.7,161.0,160.6,161.0,359.611
1638944160000,161.1,161.5,161.1,161.1,858.256
1638944220000,161.2,161.4,161.0,161.3,710.244
1638944280000,161.4,161.4,161.1,161.4,265.144
1638944340000,161.3,161.4,161.3,161.3,30.984
1638944400000,161.3,161.6,161.3,161.5,268.871
1638944460000,161.6,161.7,161.4,161.5,251.295
1638944520000,161.6,161.6,161.3,161.4,241.407
1638944580000,161.4,161.4,161.3,161.3,143.551
1638944640000,161.4,161.5,161.2,161.5,58.42
1638944700000,161.4,161.5,161.2,161.3,144.196
1638944760000,161.3,161.4,161.3,161.4,196.993
1638944820000,161.4,161.4,161.2,161.3,52.886
1638944880000,161.3,161.6,161.2,161.5,293.382
1638944940000,161.5,161.7,161.5,161.6,288.455
1638945000000,161.5,161.9,161.5,161.7,198.478
1638945060000,161.7,162.1,161.5,161.6,1138.098
1638945120000,161.5,161.6,161.4,161.5,240.881
1638945180000,161.5,161.6,161.4,161.4,441.49
1638945240000,161.4,161.5,161.2,161.4,397.061
1638945300000,161.3,161.5,160.9,161.3,936.02
1638945360000,161.3,161.6,161.3,161.5,248.043
1638945420000,161.5,161.5,161.3,161.4,107.572
1638945480000,161.3,161.6,161.2,161.3,319.108
1638945540000,161.3,161.8,161.2,161.8,441.23
1638945600000,161.8,161.9,161.4,161.8,547.24
1638945660000,161.8,161.8,161.5,161.8,401.672
1638945720000,161.8,161.8,161.6,161.7,296.952
1638945780000,161.7,161.8,161.5,161.7,298.117
1638945840000,161.8,161.8,161.6,161.8,408.186
1638945900000,161.7,162.0,161.6,162.0,280.14
1638945960000,162.1,162.1,161.8,162.1,268.012
1638946020000,162.1,162.5,162.0,162.4,1126.316
1638946080000,162.4,162.6,162.2,162.4,1917.78
1638946140000,162.5,162.7,162.3,162.3,518.403
1638946200000,162.4,162.8,162.3,162.6,748.864
1638946260000,162.6,162.8,162.5,162.6,264.512
1638946320000,162.6,162.7,162.5,162.6,250.747
1638946380000,162.6,162.7,162.6,162.7,140.937
1638946440000,162.7,162.8,162.5,162.5,529.133
1638946500000,162.5,162.8,162.5,162.8,168.986
1638946560000,162.8,162.8,162.6,162.7,154.195
1638946620000,162.6,162.8,162.5,162.7,660.2
1638946680000,162.7,162.8,162.5,162.7,555.231
1638946740000,162.7,162.7,162.5,162.5,170.617
1638946800000,162.5,162.8,162.5,162.7,274.969
1638946860000,162.7,162.7,162.1,162.1,2408.439
1638946920000,162.1,162.2,161.9,162.0,452.484
1638946980000,162.0,162.1,161.8,161.9,130.695
1638947040000,161.8,161.9,161.8,161.8,80.066
1638947100000,161.8,161.9,161.8,161.9,221.387
1638947160000,162.0,162.3,161.9,162.2,723.981
1638947220000,162.2,162.4,162.1,162.3,119.449
1638947280000,162.3,162.4,162.2,162.4,252.159
1638947340000,162.3,163.1,162.3,163.0,1306.639
1638947400000,163.0,163.3,162.7,162.7,485.88
1638947460000,162.8,163.0,162.7,162.8,780.397
1638947520000,162.9,163.0,162.7,162.9,625.555
1638947580000,162.9,163.5,162.9,163.1,731.087
1638947640000,163.1,163.1,162.9,162.9,303.389
1638947700000,162.9,163.4,162.9,163.4,132.921
1638947760000,163.4,163.7,163.3,163.5,906.557
1638947820000,163.5,163.6,163.1,163.2,1618.493
1638947880000,163.2,163.4,163.2,163.2,396.2
1638947940000,163.2,163.4,163.1,163.4,221.949
1638948000000,163.3,163.6,163.3,163.6,143.758
1638948060000,163.5,163.7,163.4,163.6,3613.615
1638948120000,163.7,163.9,163.6,163.7,452.193
1638948180000,163.8,164.0,163.7,163.8,1354.388
1638948240000,163.8,163.8,163.4,163.6,341.343
1638948300000,163.5,163.5,163.0,163.4,375.862
1638948360000,163.3,163.5,163.2,163.2,229.281
1638948420000,163.2,163.2,162.9,163.1,461.541
1638948480000,163.0,163.3,163.0,163.2,298.084
1638948540000,163.2,163.5,163.1,163.4,928.948
1638948600000,163.4,163.4,163.0,163.0,123.526
1638948660000,163.1,163.2,162.9,163.0,280.873
1638948720000,163.0,163.1,162.8,163.1,443.498
1638948780000,163.1,163.7,163.1,163.5,716.996
1638948840000,163.6,163.6,163.4,163.5,619.565
1638948900000,163.6,164.1,163.5,164.0,955.957
1638948960000,164.1,164.6,163.8,163.8,5310.885
1638949020000,163.8,164.1,163.7,163.8,447.445
1638949080000,163.9,163.9,163.5,163.7,455.291
1638949140000,163.7,164.0,163.6,163.9,237.401
1638949200000,163.9,164.1,163.8,164.1,155.434
1638949260000,164.1,164.2,163.9,164.0,286.407
1638949320000,164.1,164.2,164.0,164.2,254.519
1638949380000,164.2,164.5,164.1,164.4,542.682
1638949440000,164.4,164.5,164.2,164.3,664.921
1638949500000,164.4,164.8,164.2,164.8,1427.311
1638949560000,164.8,165.2,164.4,164.4,3957.158
1638949620000,164.5,164.5,164.1,164.2,825.066
1638949680000,164.1,164.2,163.8,164.1,512.115
1638949740000,164.0,164.1,163.9,164.0,472.592
1638949800000,164.0,164.4,164.0,164.3,441.487
1638949860000,164.4,164.7,164.2,164.4,363.518
1638949920000,164.4,164.7,164.3,164.5,466.945
1638949980000,164.5,164.7,164.5,164.5,103.814
1638950040000,164.5,165.0,164.5,165.0,432.168
1638950100000,164.9,166.1,164.9,165.5,3890.989
1638950160000,165.5,165.6,164.6,164.9,1343.902
1638950220000,164.8,165.0,164.6,164.8,705.634
1638950280000,164.8,164.9,164.6,164.6,401.839
1638950340000,164.6,164.9,164.5,164.7,694.537
1638950400000,164.7,165.1,164.7,165.1,379.779
1638950460000,165.1,165.3,165.0,165.2,958.686
1638950520000,165.0,165.1,164.6,164.8,656.972
1638950580000,164.7,165.3,164.7,165.1,357.368
1638950640000,165.1,166.2,165.1,165.8,2367.658
1638950700000,165.8,166.2,165.8,166.1,1504.416
1638950760000,166.1,166.2,165.7,165.8,675.001
1638950820000,165.7,166.2,165.6,166.2,468.726
1638950880000,166.0,166.7,165.8,166.6,4140.783
1638950940000,166.7,167.1,166.3,166.8,7455.064
1638951000000,166.8,169.4,166.6,168.6,25813.209
1638951060000,168.5,170.3,168.5,169.4,16042.484
1638951120000,169.3,169.5,168.3,168.8,3007.112
1638951180000,168.8,169.2,168.2,168.4,2241.552
1638951240000,168.5,168.6,167.6,167.8,2505.428
1638951300000,167.8,168.1,167.4,167.5,1232.287
1638951360000,167.5,167.9,167.3,167.7,1694.913
1638951420000,167.7,167.7,167.2,167.2,1050.754
1638951480000,167.3,167.3,166.7,166.8,1770.981
1638951540000,166.9,167.5,166.9,167.4,1976.824
1638951600000,167.3,168.3,167.1,168.1,1374.974
1638951660000,168.1,168.2,167.5,167.6,1665.983
1638951720000,167.6,167.9,167.0,167.0,3349.075
1638951780000,167.0,167.3,166.9,167.1,442.665
1638951840000,167.2,167.4,167.0,167.4,269.705
1638951900000,167.3,167.6,167.2,167.4,414.836
1638951960000,167.4,167.5,167.2,167.2,172.38
1638952020000,167.2,167.3,167.0,167.1,993.249
1638952080000,167.1,167.1,166.4,166.6,1736.92
1638952140000,166.6,166.9,166.5,166.5,1255.655
1638952200000,166.6,167.0,166.5,167.0,925.652
1638952260000,166.9,167.4,166.9,167.2,869.523
1638952320000,167.2,167.5,166.9,166.9,1007.984
1638952380000,166.9,167.0,166.7,166.8,941.501
1638952440000,166.9,167.2,166.9,167.0,614.778
1638952500000,167.0,167.3,167.0,167.2,570.484
1638952560000,167.2,167.6,167.2,167.4,585.884
1638952620000,167.3,167.6,167.3,167.5,376.455
1638952680000,167.4,167.5,167.0,167.1,350.133
1638952740000,167.0,167.2,166.9,167.1,349.349
1638952800000,167.1,167.3,167.0,167.3,266.579
1638952860000,167.2,167.2,166.3,166.3,790.912
1638952920000,166.4,166.6,166.1,166.6,2025.186
1638952980000,166.6,166.6,166.0,166.2,831.003
1638953040000,166.1,166.4,166.1,166.3,763.282
1638953100000,166.3,166.7,166.0,166.6,1484.22
1638953160000,166.5,166.7,166.2,166.6,1743.509
1638953220000,166.7,167.0,166.7,166.9,599.832
1638953280000,166.9,167.1,166.9,167.0,227.775
1638953340000,167.0,167.3,167.0,167.2,277.652
1638953400000,167.2,167.3,167.0,167.0,2112.966
1638953460000,166.9,167.2,166.9,167.0,548.497
1638953520000,167.1,167.8,167.0,167.5,1352.862
1638953580000,167.5,167.5,167.0,167.1,569.818
1638953640000,167.1,168.4,167.0,168.2,1323.533
1638953700000,168.2,168.2,167.6,167.7,2976.071
1638953760000,167.7,167.7,167.3,167.4,442.963
1638953820000,167.3,167.6,167.3,167.5,433.847
1638953880000,167.6,167.7,167.3,167.5,364.999
1638953940000,167.6,167.8,167.5,167.5,442.064
1638954000000,167.6,168.0,167.6,167.6,580.574
1638954060000,167.7,167.7,167.4,167.4,610.131
1638954120000,167.5,167.6,167.4,167.5,655.699
1638954180000,167.5,167.6,167.3,167.4,1263.658
1638954240000,167.3,167.4,167.0,167.2,861.317
1638954300000,167.2,167.5,167.0,167.5,532.007
1638954360000,167.5,167.6,167.3,167.5,256.166
1638954420000,167.5,167.9,167.4,167.9,398.875
1638954480000,167.8,168.1,167.8,168.1,313.604
1638954540000,168.0,168.4,167.8,168.3,289.77
1638954600000,168.3,168.3,168.0,168.2,329.252
1638954660000,168.2,168.2,167.9,168.0,359.043
1638954720000,167.9,168.0,167.5,167.7,611.165
1638954780000,167.7,167.8,167.7,167.8,134.415
1638954840000,167.7,167.8,167.6,167.6,241.119
1638954900000,167.6,167.9,167.5,167.8,600.135
1638954960000,167.9,167.9,167.7,167.8,214.509
1638955020000,167.8,167.8,167.6,167.6,148.36
1638955080000,167.7,167.7,167.4,167.6,532.629
1638955140000,167.6,167.7,167.5,167.6,222.982
1638955200000,167.6,167.7,167.4,167.6,291.75
1638955260000,167.7,167.7,167.4,167.6,406.926
1638955320000,167.6,167.7,167.4,167.5,341.354
1638955380000,167.5,167.6,167.2,167.3,476.877
1638955440000,167.2,167.6,167.2,167.6,580.31
1638955500000,167.6,167.7,167.2,167.2,453.253
1638955560000,167.3,167.3,166.7,166.7,2004.412
1638955620000,166.7,166.8,166.6,166.6,490.048
1638955680000,166.7,166.8,166.2,166.3,1220.282
1638955740000,166.3,166.7,166.2,166.4,805.728
1638955800000,166.5,166.6,166.4,166.6,67.976
1638955860000,166.6,166.7,166.4,166.5,280.874
1638955920000,166.6,166.6,166.5,166.6,48.085
1638955980000,166.5,166.5,165.6,165.8,1407.235
1638956040000,165.7,165.8,165.4,165.6,965.538
1638956100000,165.6,165.7,165.1,165.7,2439.888
1638956160000,165.8,165.8,165.5,165.7,702.475
1638956220000,165.7,165.7,164.8,165.2,3767.298
1638956280000,165.2,165.6,165.2,165.5,570.389
1638956340000,165.4,165.4,164.8,164.9,920.962
1638956400000,164.9,165.0,164.1,164.6,2818.948
1638956460000,164.5,164.7,164.3,164.5,562.702
1638956520000,164.6,164.8,164.5,164.6,501.774
1638956580000,164.6,164.8,164.6,164.7,319.217
1638956640000,164.6,164.9,164.4,164.4,866.072
1638956700000,164.5,164.8,164.4,164.7,283.157
1638956760000,164.7,164.8,164.4,164.5,221.516
1638956820000,164.5,164.5,163.6,163.9,1365.206
1638956880000,163.9,164.2,163.9,163.9,853.646
1638956940000,163.9,163.9,163.5,163.6,1932.328
1638957000000,163.7,163.8,163.5,163.6,1257.13
1638957060000,163.7,163.8,163.5,163.7,362.339
1638957120000,163.7,163.8,163.3,163.3,1639.963
1638957180000,163.4,163.7,163.3,163.6,507.935
1638957240000,163.5,163.9,163.5,163.9,324.844
1638957300000,163.8,164.1,163.8,164.0,335.522
1638957360000,164.0,164.0,163.6,163.8,324.237
1638957420000,163.7,163.8,163.5,163.5,392.694
1638957480000,163.5,163.5,163.0,163.3,989.908
1638957540000,163.3,163.4,163.2,163.2,227.315
1638957600000,163.2,164.0,163.1,163.6,2153.155
1638957660000,163.6,164.1,163.4,164.1,598.666
1638957720000,164.1,164.3,164.0,164.2,706.547
1638957780000,164.2,165.4,164.2,164.8,5425.852
1638957840000,164.9,164.9,164.5,164.6,753.065
1638957900000,164.6,164.8,164.3,164.3,310.215
1638957960000,164.3,164.5,164.2,164.5,373.639
1638958020000,164.5,164.6,164.4,164.4,145.4
1638958080000,164.4,164.9,164.3,164.8,711.577
1638958140000,164.9,165.6,164.9,165.4,1189.39
1638958200000,165.4,165.6,165.2,165.2,656.619
1638958260000,165.2,165.3,164.9,165.1,297.677
1638958320000,165.0,165.3,164.9,165.2,1326.52
1638958380000,165.3,165.4,165.1,165.2,217.758
1638958440000,165.1,165.2,165.0,165.1,97.196
1638958500000,165.0,165.2,164.7,164.8,472.921
1638958560000,164.8,165.0,164.8,165.0,96.437
1638958620000,164.9,165.1,164.9,165.0,130.522
1638958680000,165.0,165.1,164.9,165.0,118.033
1638958740000,165.1,165.5,165.1,165.4,298.625
1638958800000,165.4,165.7,165.3,165.4,641.883
1638958860000,165.4,165.4,165.2,165.3,148.151
1638958920000,165.2,165.2,164.8,165.0,435.62
1638958980000,164.9,165.1,164.9,165.1,300.17
1638959040000,165.1,165.2,165.0,165.2,130.031
1638959100000,165.2,165.4,165.0,165.1,628.831
1638959160000,165.1,165.1,164.9,165.0,122.814
1638959220000,165.1,165.2,164.9,165.2,155.234
1638959280000,165.1,165.1,164.8,164.8,364.081
1638959340000,164.8,164.8,164.4,164.5,378.712
1638959400000,164.6,164.6,163.9,164.1,3188.076
1638959460000,164.1,164.5,164.1,164.4,241.516
1638959520000,164.4,164.4,164.3,164.3,76.421
1638959580000,164.4,164.9,164.4,164.6,871.03
1638959640000,164.7,164.7,164.5,164.5,65.074
1638959700000,164.6,164.6,164.1,164.1,583.915
1638959760000,164.2,164.2,163.7,163.8,582.793
1638959820000,163.7,163.9,161.5,161.7,5082.129
1638959880000,161.7,162.4,161.2,161.2,7395.415
1638959940000,161.3,161.7,160.4,160.8,9393.194
1638960000000,160.7,161.1,160.2,160.3,16545.833
1638960060000,160.2,160.9,160.2,160.3,932.643
1638960120000,160.4,160.4,158.5,158.9,5861.003
1638960180000,158.9,159.7,158.4,159.5,5474.696
1638960240000,159.6,159.9,159.4,159.5,2120.484
1638960300000,159.5,160.3,159.3,160.2,2272.541
1638960360000,160.2,160.3,159.5,159.8,4095.91
1638960420000,159.8,159.9,158.6,159.1,1889.642
1638960480000,159.0,159.2,158.6,158.9,1779.809
1638960540000,159.0,159.0,158.0,158.5,2831.319
1638960600000,158.5,159.6,158.2,159.4,3978.055
1638960660000,159.5,159.8,159.5,159.6,1114.735
1638960720000,159.5,159.9,159.5,159.7,1405.634
1638960780000,159.7,160.0,159.1,159.2,2128.372
1638960840000,159.1,159.3,158.5,158.5,1269.217
1638960900000,158.5,159.2,158.5,158.5,1814.853
1638960960000,158.6,158.8,158.0,158.7,3796.594
1638961020000,158.7,159.0,158.4,158.7,923.544
1638961080000,158.7,158.8,158.1,158.2,1139.548
1638961140000,158.3,158.7,158.1,158.2,1543.17
1638961200000,158.3,158.9,157.7,158.9,1913.879
1638961260000,158.9,159.1,158.2,158.3,1480.337
1638961320000,158.3,158.6,157.5,157.7,4486.825
1638961380000,157.7,157.7,155.8,156.6,7024.246
1638961440000,156.6,157.8,156.5,157.3,3194.493
1638961500000,157.4,157.4,156.5,157.4,3226.099
1638961560000,157.4,158.0,157.3,157.9,2142.529
1638961620000,157.8,158.3,157.5,158.1,1695.024
1638961680000,158.1,158.6,157.9,158.0,2455.078
1638961740000,158.0,158.3,157.6,157.7,1662.618
1638961800000,157.7,158.8,157.7,158.5,2040.37
1638961860000,158.5,158.8,158.4,158.5,1602.173
1638961920000,158.6,158.8,158.4,158.5,646.682
1638961980000,158.4,158.6,158.1,158.3,1005.163
1638962040000,158.3,158.3,157.9,158.1,1225.18
1638962100000,158.2,158.3,157.9,158.1,859.32
1638962160000,158.1,158.4,157.9,158.3,2313.05
1638962220000,158.4,159.1,158.4,158.9,1781.367
1638962280000,158.9,159.7,158.9,159.2,2919.233
1638962340000,159.3,159.3,158.8,159.0,1287.17
1638962400000,159.0,159.2,158.8,159.1,791.145
1638962460000,159.1,159.2,158.8,158.9,408.192
1638962520000,159.0,159.2,158.8,158.9,293.086
1638962580000,159.0,159.3,158.6,158.7,804.643
1638962640000,158.7,159.1,158.7,159.0,1229.705
1638962700000,158.9,159.2,158.8,159.0,530.333
1638962760000,158.9,159.0,158.1,158.1,1079.827
1638962820000,158.1,158.2,157.9,158.0,664.888
1638962880000,158.0,158.3,157.9,158.2,623.619
1638962940000,158.2,158.2,157.9,157.9,1055.021
1638963000000,158.1,158.6,158.0,158.3,754.071
1638963060000,158.3,158.6,158.2,158.5,321.983
1638963120000,158.6,158.7,158.5,158.6,349.767
1638963180000,158.6,158.8,158.3,158.3,759.742
1638963240000,158.3,158.4,158.1,158.4,411.598
1638963300000,158.4,159.3,158.3,159.1,1981.551
1638963360000,159.0,159.0,158.4,158.4,385.027
1638963420000,158.5,158.6,158.3,158.4,460.741
1638963480000,158.5,158.7,158.2,158.2,576.156
1638963540000,158.1,158.2,157.7,158.0,669.088
1638963600000,158.1,158.1,157.2,157.4,1344.541
1638963660000,157.4,157.6,156.7,156.9,2901.781
1638963720000,156.8,157.5,156.8,157.5,779.948
1638963780000,157.5,157.5,156.9,157.1,756.249
1638963840000,157.0,157.7,157.0,157.7,499.753
1638963900000,157.6,158.1,157.5,158.1,1409.312
1638963960000,158.2,158.7,158.0,158.1,2905.988
1638964020000,158.1,158.4,157.8,158.3,1369.093
1638964080000,158.4,158.5,158.1,158.3,648.186
1638964140000,158.3,158.5,158.2,158.3,376.666
1638964200000,158.3,158.4,157.9,158.1,1263.027
1638964260000,158.2,158.5,158.1,158.5,312.804
1638964320000,158.5,158.8,158.2,158.5,1430.704
1638964380000,158.5,158.6,158.1,158.3,252.275
1638964440000,158.3,158.6,158.3,158.4,547.092
1638964500000,158.3,158.6,158.1,158.5,682.139
1638964560000,158.6,159.0,158.6,158.8,555.744
1638964620000,158.8,158.9,158.6,158.8,769.519
1638964680000,158.8,158.8,158.5,158.6,395.217
1638964740000,158.6,159.3,158.5,158.8,738.833
1638964800000,158.8,159.4,158.8,159.3,760.371
1638964860000,159.3,159.7,159.2,159.4,1764.537
1638964920000,159.5,159.6,159.2,159.5,480.306
1638964980000,159.5,159.7,159.4,159.7,575.18
1638965040000,159.6,159.6,159.4,159.5,190.953
1638965100000,159.4,159.5,158.9,159.0,468.683
1638965160000,159.1,159.2,158.6,158.7,1402.246
1638965220000,158.8,159.0,158.6,158.8,907.385
1638965280000,158.8,159.2,158.8,159.1,283.014
1638965340000,159.1,159.2,159.0,159.0,722.627
1638965400000,158.9,159.0,158.7,158.9,442.613
1638965460000,158.9,158.9,158.5,158.5,473.516
1638965520000,158.4,158.5,158.1,158.2,457.456
1638965580000,158.1,158.2,157.8,157.8,977.137
1638965640000,157.8,158.3,157.8,158.3,401.799
1638965700000,158.2,158.4,158.1,158.3,397.981
1638965760000,158.2,158.8,158.2,158.8,244.572
1638965820000,158.7,158.8,158.5,158.6,283.37
1638965880000,158.6,158.9,158.6,158.7,448.4
1638965940000,158.7,158.7,158.1,158.1,1016.857
1638966000000,158.2,158.7,158.2,158.7,593.025
1638966060000,158.6,158.7,158.5,158.5,157.981
1638966120000,158.5,158.5,157.6,157.7,1058.349
1638966180000,157.7,157.9,157.5,157.5,1038.783
1638966240000,157.6,157.7,156.7,157.3,2770.848
1638966300000,157.3,157.7,157.0,157.1,1272.455
1638966360000,157.1,157.7,157.0,157.6,809.904
1638966420000,157.7,157.9,157.6,157.8,1084.222
1638966480000,157.8,157.9,157.4,157.5,396.432
1638966540000,157.4,157.8,157.4,157.7,403.181
1638966600000,157.6,158.2,157.5,158.1,546.939
1638966660000,158.2,158.3,158.1,158.2,251.821
1638966720000,158.2,158.6,158.2,158.4,434.013
1638966780000,158.4,158.8,158.4,158.7,449.75
1638966840000,158.6,158.7,158.5,158.7,238.621
1638966900000,158.6,158.7,158.3,158.5,826.403
1638966960000,158.5,158.5,157.9,158.1,3253.404
1638967020000,158.2,158.4,158.1,158.2,456.691
1638967080000,158.3,158.4,158.1,158.2,498.967
1638967140000,158.2,158.4,158.1,158.2,382.443
1638967200000,158.3,158.7,158.3,158.6,346.081
1638967260000,158.6,158.7,158.5,158.7,177.78
1638967320000,158.7,159.0,158.6,159.0,511.98
1638967380000,159.0,159.0,158.8,159.0,217.35
1638967440000,159.0,159.1,158.8,158.8,289.459
1638967500000,158.9,159.0,158.7,158.9,654.822
1638967560000,158.8,159.0,158.5,158.6,529.307
1638967620000,158.5,158.7,158.4,158.7,551.729
1638967680000,158.7,159.1,158.5,159.1,551.841
1638967740000,159.2,159.6,159.1,159.2,658.302
1638967800000,159.1,159.4,159.1,159.4,380.069
1638967860000,159.4,159.7,159.3,159.7,347.549
1638967920000,159.6,159.6,159.2,159.5,483.672
1638967980000,159.4,159.5,159.3,159.4,174.429
1638968040000,159.4,160.3,159.3,160.2,5407.479
1638968100000,160.2,160.2,159.7,160.0,996.2
1638968160000,159.9,160.1,159.8,159.9,962.329
1638968220000,159.9,160.2,159.7,160.2,422.223
1638968280000,160.2,160.3,159.8,160.0,364.749
1638968340000,160.0,160.2,159.8,160.1,287.768
1638968400000,160.1,160.3,159.3,159.6,1451.898
1638968460000,159.6,160.5,159.6,160.4,900.328
1638968520000,160.4,160.6,160.2,160.4,484.986
1638968580000,160.4,160.7,160.2,160.6,561.142
1638968640000,160.7,160.7,160.5,160.7,457.1
1638968700000,160.6,160.7,160.5,160.7,343.146
1638968760000,160.6,160.7,160.5,160.5,205.377
1638968820000,160.5,160.8,160.4,160.7,907.709
1638968880000,160.7,160.8,160.6,160.6,252.187
1638968940000,160.7,160.7,160.5,160.7,233.252
1638969000000,160.7,160.8,160.4,160.4,284.126
1638969060000,160.4,160.6,160.3,160.4,1428.705
1638969120000,160.4,160.4,159.8,160.0,751.229
1638969180000,159.9,160.0,159.7,159.7,312.15
1638969240000,159.9,160.0,159.7,159.7,292.383
1638969300000,159.7,160.2,159.7,159.9,445.08
1638969360000,159.9,160.0,159.6,159.7,987.772
1638969420000,159.6,159.7,159.4,159.5,659.235
1638969480000,159.6,159.6,158.9,159.2,1309.891
1638969540000,159.2,159.3,159.0,159.0,318.452
1638969600000,159.0,159.0,158.8,158.9,553.244
1638969660000,158.9,159.1,158.8,159.1,350.158
1638969720000,159.1,159.3,158.9,159.3,464.566
1638969780000,159.3,159.4,159.2,159.3,204.608
1638969840000,159.3,159.5,159.0,159.0,283.849
1638969900000,159.0,159.2,159.0,159.1,270.564
1638969960000,159.0,159.1,158.5,158.7,636.288
1638970020000,158.7,158.8,158.5,158.7,260.144
1638970080000,158.7,158.9,158.5,158.9,251.233
1638970140000,158.9,159.0,158.8,158.9,649.153
1638970200000,158.9,159.5,158.9,159.5,390.389
1638970260000,159.4,159.5,159.3,159.4,618.612
1638970320000,159.3,159.8,159.3,159.8,276.819
1638970380000,159.8,159.9,159.6,159.8,201.772
1638970440000,159.8,160.3,159.8,160.1,754.611
1638970500000,160.1,160.2,159.8,159.9,1058.336
1638970560000,159.9,160.0,159.4,159.6,512.123
1638970620000,159.6,159.8,159.6,159.8,296.626
1638970680000,159.8,159.9,159.8,159.8,138.987
1638970740000,159.7,160.0,159.7,160.0,533.295
1638970800000,160.0,160.1,159.7,159.8,124.684
1638970860000,159.8,159.9,159.7,159.8,118.1
1638970920000,159.9,160.0,159.8,160.0,403.631
1638970980000,160.0,160.0,159.7,159.7,191.682
1638971040000,159.8,159.9,159.5,159.5,373.136
1638971100000,159.5,159.9,159.5,159.9,189.226
1638971160000,159.9,160.4,159.8,160.3,787.252
1638971220000,160.3,160.4,160.0,160.3,438.734
1638971280000,160.2,160.3,159.9,160.1,1175.89
1638971340000,160.2,160.3,160.0,160.2,272.474
1638971400000,160.1,160.8,160.1,160.3,854.822
1638971460000,160.3,160.3,159.8,159.9,449.346
1638971520000,159.8,160.0,159.8,160.0,738.928
1638971580000,160.0,160.2,160.0,160.2,95.366
1638971640000,160.1,160.3,160.0,160.0,206.838
1638971700000,160.1,160.3,160.0,160.3,407.466
1638971760000,160.3,160.6,160.1,160.1,411.098
1638971820000,160.1,160.3,160.1,160.2,346.166
1638971880000,160.2,160.2,159.5,159.8,1116.347
1638971940000,159.9,160.1,159.9,159.9,340.907
1638972000000,160.0,160.0,159.6,159.8,336.136
1638972060000,159.8,159.9,159.3,159.5,436.848
1638972120000,159.6,159.8,159.5,159.8,535.298
1638972180000,159.9,160.1,159.8,159.8,369.073
1638972240000,159.9,159.9,159.5,159.5,516.162
1638972300000,159.5,159.7,159.4,159.5,65.07
1638972360000,159.4,159.5,159.2,159.2,222.982
1638972420000,159.3,159.5,159.2,159.3,186.597
1638972480000,159.3,159.6,159.3,159.6,235.2
1638972540000,159.5,159.9,159.4,159.8,707.002
1638972600000,159.9,160.6,159.8,160.5,838.618
1638972660000,160.5,160.6,160.2,160.5,557.366
1638972720000,160.7,161.0,160.6,160.7,1295.376
1638972780000,160.7,161.0,160.5,161.0,381.329
1638972840000,161.0,161.2,160.9,160.9,630.492
1638972900000,160.9,162.0,160.9,161.9,2161.102
1638972960000,161.9,162.6,161.8,162.1,6935.576
1638973020000,162.1,162.6,162.0,162.2,1742.395
1638973080000,162.2,162.8,162.1,162.6,1638.028
1638973140000,162.5,162.7,162.2,162.5,785.886
1638973200000,162.5,163.0,162.4,162.6,1214.561
1638973260000,162.6,162.9,162.0,162.8,975.508
1638973320000,162.8,162.9,162.4,162.4,746.283
1638973380000,162.4,163.0,162.4,162.6,757.622
1638973440000,162.6,163.0,162.5,162.8,653.493
1638973500000,162.8,163.0,162.6,163.0,240.828
1638973560000,162.9,164.0,162.9,163.6,1574.693
1638973620000,163.6,164.4,163.5,163.6,4125.023
1638973680000,163.6,164.2,163.5,164.0,1123.857
1638973740000,164.0,164.9,163.8,164.7,2788.845
1638973800000,164.7,164.9,163.6,163.9,2437.211
1638973860000,163.9,164.0,162.9,163.6,2753.855
1638973920000,163.6,164.2,163.4,164.1,1109.792
1638973980000,164.0,164.6,163.8,164.4,861.283
1638974040000,164.5,164.5,163.8,164.1,1571.714
1638974100000,164.1,164.3,163.8,163.9,1377.011
1638974160000,163.9,164.1,163.8,164.1,593.867
1638974220000,164.1,164.2,163.6,163.8,1668.595
1638974280000,163.8,164.0,163.4,163.6,522.393
1638974340000,163.5,163.6,163.2,163.4,616.733
1638974400000,163.4,164.0,163.3,163.8,1480.514
1638974460000,163.9,163.9,163.4,163.6,655.908
1638974520000,163.6,163.9,163.4,163.7,1443.951
1638974580000,163.8,163.8,163.4,163.6,1288.166
1638974640000,163.5,163.5,163.2,163.3,710.673
1638974700000,163.3,163.6,163.2,163.4,563.79
1638974760000,163.4,164.1,163.4,164.1,532.299
1638974820000,164.1,165.1,164.1,164.6,2978.241
1638974880000,164.6,165.3,164.1,165.0,2937.163
1638974940000,164.9,165.9,164.9,165.1,3609.146
1638975000000,165.1,165.6,164.7,165.3,2048.202
1638975060000,165.2,165.4,164.8,165.3,995.59
1638975120000,165.2,165.2,164.7,165.0,756.487
1638975180000,165.0,165.3,164.9,165.0,1181.834
1638975240000,165.0,165.0,164.7,165.0,522.593
1638975300000,165.0,165.0,164.5,164.8,918.136
1638975360000,164.7,165.3,164.7,165.3,727.305
1638975420000,165.3,165.6,165.1,165.3,885.37
1638975480000,165.2,165.8,165.2,165.5,742.032
1638975540000,165.5,165.7,165.3,165.3,431.92
1638975600000,165.4,166.2,165.3,165.3,4514.099
1638975660000,165.2,165.5,165.2,165.5,695.65
1638975720000,165.4,166.0,165.3,165.9,476.394
1638975780000,165.9,165.9,165.6,165.6,532.81
1638975840000,165.6,165.8,165.5,165.8,385.941
1638975900000,165.7,166.0,165.6,166.0,315.31
1638975960000,166.0,166.5,166.0,166.2,764.44
1638976020000,166.3,166.6,166.0,166.1,712.816
1638976080000,166.1,166.2,165.8,166.1,650.74
1638976140000,166.1,166.5,166.0,166.3,919.409
1638976200000,166.3,166.5,166.2,166.3,686.293
1638976260000,166.2,166.4,165.9,166.2,587.003
1638976320000,166.2,166.6,166.1,166.5,594.223
1638976380000,166.5,166.6,166.2,166.6,546.845
1638976440000,166.5,166.6,166.3,166.5,384.022
1638976500000,166.5,166.9,166.4,166.5,761.818
1638976560000,166.5,166.5,166.0,166.1,630.626
1638976620000,166.1,166.3,166.0,166.3,626.889
1638976680000,166.3,166.3,166.1,166.2,694.34
1638976740000,166.2,166.7,166.1,166.2,625.452
1638976800000,166.2,166.7,166.0,166.6,1610.301
1638976860000,166.7,168.1,166.5,167.4,2749.648
1638976920000,167.3,169.7,167.2,169.5,8587.975
1638976980000,169.4,169.7,168.8,169.1,1759.222
1638977040000,169.1,169.4,168.6,168.6,1038.187
1638977100000,168.6,168.8,168.0,168.2,2403.067
1638977160000,168.2,168.3,167.6,167.8,795.642
1638977220000,167.8,167.8,167.1,167.2,1184.044
1638977280000,167.2,167.8,167.2,167.6,807.136
1638977340000,167.6,167.7,167.1,167.1,286.654
1638977400000,167.1,167.5,167.1,167.5,725.003
1638977460000,167.4,168.0,167.3,167.8,457.435
1638977520000,167.8,167.8,167.3,167.5,368.311
1638977580000,167.5,167.8,167.4,167.5,730.842
1638977640000,167.6,167.6,167.3,167.5,254.182
1638977700000,167.5,167.5,166.6,167.0,2865.808
1638977760000,167.0,167.1,166.7,166.8,730.853
1638977820000,166.7,166.8,165.8,166.1,1490.666
1638977880000,166.2,166.5,166.1,166.1,650.457
1638977940000,166.2,166.3,165.8,165.8,393.525
1638978000000,165.9,165.9,165.6,165.8,1205.814
1638978060000,165.7,165.9,165.6,165.7,396.705
1638978120000,165.7,165.7,165.4,165.6,650.745
1638978180000,165.5,165.5,165.2,165.3,708.0
1638978240000,165.2,165.5,165.1,165.2,494.349
1638978300000,165.3,166.0,165.2,165.8,1067.774
1638978360000,165.7,165.9,165.4,165.5,609.264
1638978420000,165.5,165.5,165.1,165.3,1225.028
1638978480000,165.3,165.4,165.2,165.3,299.143
1638978540000,165.3,165.5,165.2,165.3,262.708
1638978600000,165.2,165.8,165.2,165.7,408.248
1638978660000,165.8,165.9,165.5,165.5,440.914
1638978720000,165.5,165.7,165.5,165.7,195.214
1638978780000,165.7,165.8,165.4,165.5,509.709
1638978840000,165.4,165.8,165.4,165.7,402.7
1638978900000,165.7,166.3,165.7,166.1,649.399
1638978960000,166.1,166.1,165.7,165.7,502.532
1638979020000,165.8,166.1,165.7,166.0,156.037
1638979080000,166.0,166.0,165.8,166.0,199.855
1638979140000,165.9,166.1,165.8,165.9,285.035
1638979200000,165.9,166.2,165.9,166.1,583.633
1638979260000,166.1,166.2,166.0,166.2,227.789
1638979320000,166.1,166.5,166.0,166.2,850.617
1638979380000,166.2,166.5,166.1,166.5,1883.99
1638979440000,166.4,166.6,166.2,166.3,888.276
1638979500000,166.3,166.3,165.9,166.0,563.278
1638979560000,165.9,165.9,165.3,165.5,502.745
1638979620000,165.6,166.0,165.5,165.8,361.283
1638979680000,165.7,165.7,165.6,165.7,48.284
1638979740000,165.6,166.3,165.6,166.2,1032.395
1638979800000,166.1,166.3,165.8,166.0,365.59
1638979860000,166.0,166.2,165.8,165.8,404.314
1638979920000,165.7,166.0,165.7,165.7,280.697
1638979980000,165.8,165.9,165.6,165.9,187.716
1638980040000,165.9,165.9,165.6,165.6,298.899
1638980100000,165.7,165.8,165.6,165.7,624.329
1638980160000,165.6,165.7,165.5,165.6,167.971
1638980220000,165.5,165.5,165.1,165.2,278.538
1638980280000,165.2,165.2,164.7,164.8,1749.966
1638980340000,164.7,164.9,164.5,164.8,444.886
1638980400000,164.8,165.0,164.5,164.9,1004.437
1638980460000,165.0,165.4,165.0,165.3,149.942
1638980520000,165.3,165.5,165.2,165.3,243.174
1638980580000,165.3,165.3,164.7,164.9,841.841
1638980640000,164.9,165.8,164.9,165.6,1789.3
1638980700000,165.6,166.0,165.3,165.4,1257.905
1638980760000,165.4,165.5,165.3,165.3,129.385
1638980820000,165.4,165.5,165.1,165.3,1060.801
1638980880000,165.4,165.6,165.4,165.6,533.16
1638980940000,165.5,165.5,165.0,165.0,423.596
1638981000000,165.0,165.2,164.9,165.1,232.792
1638981060000,165.1,165.1,164.5,164.5,209.087
1638981120000,164.5,164.6,164.3,164.4,786.26
1638981180000,164.4,164.7,164.3,164.6,371.777
1638981240000,164.6,164.6,164.2,164.2,482.376
1638981300000,164.2,164.2,163.8,164.0,690.358
1638981360000,164.0,164.1,163.6,163.7,344.711
1638981420000,163.6,163.9,163.6,163.8,376.566
1638981480000,163.7,163.8,163.6,163.7,480.285
1638981540000,163.8,164.0,163.4,163.4,1207.149
1638981600000,163.5,163.6,163.0,163.2,928.674
1638981660000,163.3,163.4,163.0,163.2,642.089
1638981720000,163.2,163.7,163.2,163.7,558.566
1638981780000,163.8,164.6,163.7,164.5,1477.093
1638981840000,164.5,164.9,163.9,164.2,1297.21
1638981900000,164.1,164.8,164.0,164.0,601.227
1638981960000,164.1,164.4,163.9,163.9,563.359
1638982020000,163.9,164.2,163.8,163.9,214.728
1638982080000,163.8,164.2,163.7,164.1,209.678
1638982140000,164.1,164.4,164.1,164.1,286.526
1638982200000,164.3,164.4,164.1,164.2,99.783
1638982260000,164.2,164.3,164.1,164.3,179.983
1638982320000,164.2,164.5,164.1,164.3,383.642
1638982380000,164.4,164.4,164.2,164.2,86.145
1638982440000,164.3,164.4,164.2,164.4,109.917
1638982500000,164.5,164.7,164.4,164.5,431.366
1638982560000,164.5,164.5,163.7,163.8,567.073
1638982620000,163.8,164.4,163.8,164.3,789.586
1638982680000,164.3,164.3,164.0,164.1,485.411
1638982740000,164.2,164.2,163.7,164.2,500.715
1638982800000,164.2,164.4,164.1,164.1,559.487
1638982860000,164.1,164.3,164.0,164.2,312.248
1638982920000,164.2,164.2,164.0,164.0,252.796
1638982980000,164.1,164.3,164.1,164.2,333.42
1638983040000,164.3,164.3,164.1,164.2,162.812
1638983100000,164.1,164.6,164.1,164.5,821.438
1638983160000,164.5,164.8,164.4,164.5,1275.889
1638983220000,164.5,164.7,164.3,164.3,209.567
1638983280000,164.3,164.5,164.3,164.3,162.261
1638983340000,164.4,164.4,164.1,164.2,96.023
1638983400000,164.1,164.6,164.1,164.6,280.699
1638983460000,164.5,164.6,164.2,164.4,333.46
1638983520000,164.4,164.5,164.2,164.3,34.997
1638983580000,164.3,164.6,164.2,164.5,150.432
1638983640000,164.6,164.6,164.3,164.4,139.216
1638983700000,164.4,164.5,163.8,164.0,504.95
1638983760000,164.0,164.1,163.7,163.7,78.489
1638983820000,163.7,163.8,163.5,163.8,590.885
1638983880000,163.7,164.0,163.7,163.9,417.802
1638983940000,163.8,164.1,163.7,164.0,118.39
1638984000000,164.0,164.0,163.8,163.8,234.019
1638984060000,163.8,163.8,163.5,163.6,146.827
1638984120000,163.6,163.7,163.6,163.7,114.755
1638984180000,163.7,163.9,163.7,163.8,132.534
1638984240000,163.7,164.0,163.6,163.8,170.437
1638984300000,163.8,164.0,163.6,163.7,221.99
1638984360000,163.7,163.7,163.5,163.7,354.267
1638984420000,163.6,163.9,163.6,163.8,433.893
1638984480000,163.9,163.9,163.7,163.8,439.485
1638984540000,163.7,163.8,163.6,163.7,492.255
1638984600000,163.6,163.8,163.6,163.7,264.464
1638984660000,163.7,163.7,163.5,163.6,151.692
1638984720000,163.5,163.7,163.5,163.6,147.777
1638984780000,163.6,163.6,163.4,163.4,685.536
1638984840000,163.5,163.5,163.4,163.5,266.042
1638984900000,163.4,163.6,163.4,163.5,210.712
1638984960000,163.5,163.5,163.3,163.3,165.034
1638985020000,163.2,163.4,163.2,163.3,229.786
1638985080000,163.3,163.4,163.2,163.4,227.439
1638985140000,163.4,163.5,163.3,163.4,166.421
1638985200000,163.5,163.5,163.3,163.4,191.237
1638985260000,163.3,163.4,163.2,163.2,230.364
1638985320000,163.3,163.3,163.2,163.2,25.885
1638985380000,163.3,163.3,163.2,163.3,105.358
1638985440000,163.2,163.5,163.2,163.5,101.919
1638985500000,163.4,163.5,163.1,163.2,392.375
1638985560000,163.2,163.4,162.9,163.3,683.485
1638985620000,163.3,163.5,163.1,163.2,377.71
1638985680000,163.2,163.2,163.0,163.0,128.835
1638985740000,163.0,163.3,163.0,163.3,320.309
1638985800000,163.3,163.4,163.3,163.4,113.3
1638985860000,163.4,163.5,163.3,163.4,70.67
1638985920000,163.5,163.9,163.4,163.9,2117.112
1638985980000,163.9,163.9,163.4,163.5,340.091
1638986040000,163.4,163.5,163.1,163.2,459.073
1638986100000,163.2,163.3,163.1,163.1,158.771
1638986160000,163.1,163.2,163.0,163.2,537.69
1638986220000,163.2,163.3,163.1,163.1,151.798
1638986280000,163.2,163.5,163.1,163.4,160.449
1638986340000,163.4,163.5,163.2,163.3,509.384
1638986400000,163.3,163.6,163.3,163.6,230.15
1638986460000,163.6,163.7,163.4,163.4,188.998
1638986520000,163.5,163.5,163.3,163.3,256.935
1638986580000,163.4,163.6,163.3,163.4,231.801
1638986640000,163.5,163.5,163.0,163.2,273.497
1638986700000,163.2,163.2,162.6,162.9,1331.168
1638986760000,162.9,163.1,162.8,163.1,207.767
1638986820000,163.1,163.8,163.0,163.6,731.676
1638986880000,163.5,164.0,163.5,163.8,531.247
1638986940000,163.8,163.8,163.4,163.6,268.732
1638987000000,163.5,163.8,163.3,163.4,265.211
1638987060000,163.5,163.6,163.4,163.4,150.288
1638987120000,163.5,163.6,163.3,163.5,74.648
1638987180000,163.5,163.8,163.5,163.7,206.196
1638987240000,163.6,163.9,163.6,163.8,256.171
1638987300000,163.7,163.9,163.6,163.8,177.396
1638987360000,163.8,164.1,163.7,164.0,421.078
1638987420000,163.9,163.9,163.7,163.9,279.834
1638987480000,163.8,164.0,163.7,164.0,407.885
1638987540000,164.0,164.1,163.9,164.0,77.661
1638987600000,164.0,164.2,163.9,164.1,246.521
1638987660000,164.1,164.1,163.9,163.9,145.844
1638987720000,163.9,164.0,163.4,163.8,2948.063
1638987780000,163.8,163.8,163.5,163.6,126.216
1638987840000,163.6,163.8,163.5,163.6,344.643
1638987900000,163.5,163.6,163.4,163.5,109.819
1638987960000,163.5,163.7,163.4,163.6,105.957
1638988020000,163.6,163.7,163.4,163.5,488.109
1638988080000,163.4,163.7,163.4,163.6,176.279
1638988140000,163.6,163.8,163.5,163.8,529.25
1638988200000,163.8,164.0,163.7,163.9,207.416
1638988260000,163.9,164.0,163.8,164.0,328.728
1638988320000,164.0,164.1,163.9,163.9,268.411
1638988380000,164.0,164.0,163.8,164.0,182.208
1638988440000,163.9,164.0,163.6,163.9,1517.798
1638988500000,163.8,163.9,163.6,163.6,452.986
1638988560000,163.7,163.8,163.6,163.8,206.41
1638988620000,163.8,164.0,163.7,163.9,169.283
1638988680000,164.0,164.0,163.9,163.9,174.161
1638988740000,163.9,164.4,163.8,164.3,460.364
1638988800000,164.2,164.4,164.1,164.2,1546.725
1638988860000,164.2,164.3,164.1,164.3,106.714
1638988920000,164.3,164.4,164.2,164.4,240.782
1638988980000,164.3,164.7,164.2,164.6,640.495
1638989040000,164.6,165.0,164.5,164.5,1147.01
1638989100000,164.5,164.5,164.2,164.5,595.613
1638989160000,164.5,164.5,164.2,164.4,367.116
1638989220000,164.4,164.7,164.3,164.6,462.963
1638989280000,164.5,164.6,164.5,164.5,208.525
1638989340000,164.6,164.9,164.6,164.7,339.548
1638989400000,164.8,164.9,164.7,164.7,168.941
1638989460000,164.8,164.8,164.5,164.8,230.859
1638989520000,164.7,164.9,164.7,164.7,389.295
1638989580000,164.8,164.8,164.6,164.6,116.139
1638989640000,164.7,164.9,164.7,164.9,566.957
1638989700000,164.8,164.9,164.6,164.9,261.608
1638989760000,164.8,164.9,164.7,164.8,480.619
1638989820000,164.8,164.8,164.6,164.7,144.866
1638989880000,164.7,165.2,164.6,165.0,1248.867
1638989940000,165.0,165.0,164.7,164.8,332.698
1638990000000,164.7,165.0,164.6,164.7,767.487
1638990060000,164.7,165.1,164.7,164.9,615.734
1638990120000,164.9,165.1,164.9,165.0,138.216
1638990180000,165.0,165.0,164.8,164.9,281.812
1638990240000,164.9,165.0,164.8,164.9,444.504
1638990300000,164.9,165.0,164.8,165.0,207.773
1638990360000,165.0,165.0,164.8,164.8,149.405
1638990420000,164.9,164.9,164.8,164.9,25.082
1638990480000,164.9,165.0,164.8,164.9,185.346
1638990540000,165.0,165.2,164.9,165.2,180.527
1638990600000,165.1,165.2,164.7,164.8,919.289
1638990660000,164.8,164.9,164.6,164.8,279.716
1638990720000,164.9,165.0,164.8,164.9,248.827
1638990780000,164.9,165.0,164.7,164.8,93.371
1638990840000,164.8,164.9,164.7,164.8,97.209
1638990900000,164.9,165.2,164.8,165.0,279.605
1638990960000,165.0,165.2,165.0,165.2,140.429
1638991020000,165.1,165.2,165.0,165.1,180.249
1638991080000,165.1,165.1,164.8,164.9,193.287
1638991140000,164.9,165.0,164.8,164.9,215.789
1638991200000,164.9,165.3,164.8,165.2,447.259
1638991260000,165.3,165.3,164.9,164.9,219.852
1638991320000,164.8,164.9,164.7,164.8,263.401
1638991380000,164.8,164.9,164.7,164.7,240.703
1638991440000,164.7,164.8,164.7,164.7,49.273
1638991500000,164.8,164.8,164.7,164.7,17.118
1638991560000,164.7,164.9,164.7,164.7,226.088
1638991620000,164.7,164.7,164.6,164.6,90.993
1638991680000,164.6,165.0,164.6,164.9,243.555
1638991740000,164.9,165.1,164.8,165.1,229.644
1638991800000,165.1,165.3,165.0,165.2,332.81
1638991860000,165.2,165.8,165.1,165.5,1267.34
1638991920000,165.4,165.6,165.3,165.4,248.403
1638991980000,165.4,165.6,165.2,165.5,533.676
1638992040000,165.5,165.5,165.4,165.5,340.792
1638992100000,165.5,165.8,165.5,165.6,288.893
1638992160000,165.6,165.7,165.3,165.4,289.404
1638992220000,165.3,165.4,165.1,165.3,480.427
1638992280000,165.3,165.3,165.1,165.1,65.641
1638992340000,165.0,165.1,164.9,165.1,174.833
1638992400000,165.1,165.3,164.9,164.9,398.874
1638992460000,164.9,165.0,164.8,165.0,195.735
1638992520000,164.9,165.0,164.8,164.8,111.357
1638992580000,164.9,164.9,164.5,164.6,276.522
1638992640000,164.6,164.7,164.4,164.5,297.75
1638992700000,164.5,164.6,164.4,164.5,406.474
1638992760000,164.6,164.6,164.4,164.5,227.8
1638992820000,164.5,164.6,164.4,164.4,323.144
1638992880000,164.4,164.5,164.2,164.3,323.51
1638992940000,164.4,164.4,164.2,164.3,70.212
1638993000000,164.3,164.5,164.3,164.4,299.853
1638993060000,164.4,164.5,164.3,164.4,160.432
1638993120000,164.4,164.4,164.2,164.2,249.897
1638993180000,164.2,164.4,164.2,164.4,59.183
1638993240000,164.4,164.4,164.0,164.2,592.114
1638993300000,164.2,164.3,164.1,164.2,66.527
1638993360000,164.1,164.2,164.1,164.1,21.499
1638993420000,164.2,164.4,164.2,164.4,427.921
1638993480000,164.4,164.6,164.4,164.5,103.14
1638993540000,164.5,164.7,164.5,164.7,40.269
1638993600000,164.7,164.9,164.4,164.4,446.701
1638993660000,164.3,164.3,164.0,164.3,280.588
1638993720000,164.3,164.5,164.3,164.3,221.549
1638993780000,164.2,164.5,164.2,164.4,219.943
1638993840000,164.5,164.7,164.4,164.4,210.445
1638993900000,164.5,164.7,164.4,164.6,438.582
1638993960000,164.6,164.7,164.3,164.4,107.337
1638994020000,164.3,164.4,164.2,164.3,333.236
1638994080000,164.3,164.6,164.2,164.3,260.02
1638994140000,164.3,164.3,163.9,164.0,173.799
1638994200000,164.0,164.1,164.0,164.1,191.919
1638994260000,164.1,164.2,164.0,164.1,612.115
1638994320000,164.1,164.2,164.0,164.1,237.836
1638994380000,164.1,164.3,164.0,164.0,215.893
1638994440000,164.0,164.2,163.7,163.8,1170.379
1638994500000,163.9,164.1,163.7,164.1,335.124
1638994560000,164.1,164.1,163.9,164.0,188.257
1638994620000,163.9,164.1,163.9,163.9,153.896
1638994680000,164.0,164.1,164.0,164.1,90.456
1638994740000,164.0,164.0,163.4,163.5,2733.493
1638994800000,163.5,163.7,163.5,163.7,247.605
1638994860000,163.7,163.9,163.6,163.7,347.256
1638994920000,163.6,163.7,163.4,163.7,329.902
1638994980000,163.7,163.8,163.6,163.7,87.946
1638995040000,163.6,163.8,163.5,163.8,235.515
1638995100000,163.8,163.9,163.7,163.9,82.42
1638995160000,163.8,163.8,163.6,163.7,87.456
1638995220000,163.7,163.9,163.5,163.9,539.451
1638995280000,163.9,163.9,163.7,163.7,322.488
1638995340000,163.8,163.9,163.8,163.9,98.839
1638995400000,163.8,164.0,163.8,163.9,125.682
1638995460000,163.9,164.1,163.9,164.0,247.32
1638995520000,164.1,164.2,164.0,164.0,304.693
1638995580000,164.0,164.2,164.0,164.1,280.178
1638995640000,164.2,164.2,164.0,164.2,155.413
1638995700000,164.2,164.3,164.2,164.3,224.075
1638995760000,164.3,164.4,164.2,164.2,304.012
1638995820000,164.2,164.6,164.2,164.6,285.644
1638995880000,164.5,164.6,164.4,164.5,114.184
1638995940000,164.4,164.6,164.3,164.4,400.628
1638996000000,164.4,164.5,164.3,164.5,262.707
1638996060000,164.5,164.6,164.5,164.6,170.406
1638996120000,164.6,164.9,164.6,164.9,578.627
1638996180000,165.0,165.0,164.6,164.7,252.841
1638996240000,164.7,164.8,164.6,164.8,158.848
1638996300000,164.8,164.8,164.7,164.8,82.699
1638996360000,164.8,164.9,164.7,164.7,224.373
1638996420000,164.6,164.7,164.6,164.6,225.971
1638996480000,164.6,164.8,164.6,164.8,172.384
1638996540000,164.8,164.9,164.6,164.7,317.89
1638996600000,164.7,165.2,164.7,165.1,769.108
1638996660000,165.1,165.2,165.0,165.2,167.3
1638996720000,165.2,165.4,165.2,165.3,167.725
1638996780000,165.3,165.3,165.1,165.2,179.015
1638996840000,165.2,165.3,165.1,165.1,114.615
1638996900000,165.2,165.2,164.9,165.0,566.216
1638996960000,165.0,165.0,164.9,165.0,632.15
1638997020000,165.0,165.1,164.9,165.1,70.701
1638997080000,165.1,165.2,165.0,165.1,132.538
1638997140000,165.0,165.1,164.8,164.9,278.956
1638997200000,164.9,165.0,164.6,164.7,223.935
1638997260000,164.7,164.8,164.6,164.8,117.283
1638997320000,164.8,164.9,164.7,164.8,478.81
1638997380000,164.9,165.1,164.8,165.0,215.423
1638997440000,165.0,165.2,164.8,164.9,344.417
1638997500000,164.8,165.2,164.8,165.2,89.564
1638997560000,165.1,165.2,165.0,165.0,175.388
1638997620000,165.1,165.1,164.9,165.0,536.315
1638997680000,165.0,165.0,164.8,164.8,291.743
1638997740000,164.9,165.2,164.8,165.1,155.224
1638997800000,165.2,165.3,165.1,165.2,237.871
1638997860000,165.2,165.4,165.2,165.2,209.833
1638997920000,165.3,165.3,165.1,165.3,214.925
1638997980000,165.3,165.4,165.2,165.3,202.4
1638998040000,165.3,165.3,164.9,165.0,394.492
1638998100000,164.9,165.0,164.6,164.7,273.18
1638998160000,164.6,164.9,164.6,164.9,267.202
1638998220000,165.0,165.0,164.8,164.9,338.38
1638998280000,164.9,165.1,164.8,165.1,166.739
1638998340000,165.0,165.0,164.9,165.0,101.118
1638998400000,164.9,165.0,164.9,164.9,106.431
1638998460000,164.9,165.0,164.8,164.9,159.086
1638998520000,165.0,165.0,164.6,164.7,371.474
1638998580000,164.8,164.8,164.6,164.7,72.779
1638998640000,164.7,164.9,164.7,164.9,252.251
1638998700000,164.9,164.9,164.5,164.6,158.742
1638998760000,164.6,164.6,164.3,164.4,345.426
1638998820000,164.5,164.5,164.4,164.5,184.076
1638998880000,164.4,164.4,164.2,164.3,346.128
1638998940000,164.2,164.3,164.2,164.2,90.016
1638999000000,164.3,164.4,164.2,164.4,91.485
1638999060000,164.4,164.4,163.8,163.8,404.401
1638999120000,163.9,164.1,163.9,164.1,202.868
1638999180000,164.0,164.3,164.0,164.3,187.85
1638999240000,164.2,164.3,164.1,164.3,175.062
1638999300000,164.2,164.6,164.2,164.5,159.053
1638999360000,164.6,164.6,164.4,164.6,60.489
1638999420000,164.5,164.7,164.5,164.7,53.119
1638999480000,164.6,164.8,164.5,164.6,94.993
1638999540000,164.6,164.7,164.5,164.5,54.275
1638999600000,164.5,164.8,164.5,164.6,202.477
1638999660000,164.7,164.8,164.6,164.7,88.82
1638999720000,164.7,164.9,164.6,164.7,85.961
1638999780000,164.7,164.8,164.7,164.7,144.042
1638999840000,164.7,164.7,164.3,164.5,118.15
1638999900000,164.5,164.6,164.2,164.3,145.469
1638999960000,164.4,164.4,164.2,164.2,121.006
1639000020000,164.3,164.7,164.2,164.6,269.518
1639000080000,164.6,164.7,164.4,164.6,156.621
1639000140000,164.7,164.7,164.4,164.5,58.944
1639000200000,164.4,164.6,164.4,164.6,104.248
1639000260000,164.5,164.6,164.5,164.6,53.628
1639000320000,164.5,164.7,164.5,164.7,106.648
1639000380000,164.6,164.7,164.6,164.7,31.375
1639000440000,164.7,164.7,164.5,164.6,182.103
1639000500000,164.5,164.6,164.5,164.6,95.953
1639000560000,164.5,164.6,164.4,164.6,229.606
1639000620000,164.6,164.6,164.4,164.4,103.047
1639000680000,164.4,164.5,164.2,164.2,214.636
1639000740000,164.3,164.4,164.2,164.4,247.415
1639000800000,164.3,164.4,164.1,164.2,358.971
1639000860000,164.2,164.2,164.1,164.2,38.111
1639000920000,164.1,164.5,164.1,164.4,366.021
1639000980000,164.5,164.5,164.3,164.4,125.706
1639001040000,164.4,164.5,164.3,164.3,40.074
1639001100000,164.3,164.5,164.3,164.4,32.959
1639001160000,164.3,164.4,164.2,164.2,253.434
1639001220000,164.3,164.3,164.1,164.2,167.47
1639001280000,164.2,164.2,164.1,164.2,80.169
1639001340000,164.2,164.2,163.9,163.9,223.902
1639001400000,163.9,163.9,163.5,163.7,2108.472
1639001460000,163.7,163.8,163.6,163.8,526.254
1639001520000,163.8,163.9,163.7,163.8,166.085
1639001580000,163.8,163.8,163.6,163.6,51.076
1639001640000,163.7,163.7,163.5,163.6,376.265
1639001700000,163.6,163.7,163.5,163.7,59.283
1639001760000,163.7,164.2,163.7,163.9,1243.571
1639001820000,163.8,164.1,163.8,164.1,233.692
1639001880000,164.2,164.3,164.0,164.0,143.642
1639001940000,164.1,164.2,164.0,164.2,45.982
1639002000000,164.2,164.2,163.8,163.9,411.939
1639002060000,163.8,163.8,163.7,163.8,47.4
1639002120000,163.8,164.0,163.8,163.8,308.709
1639002180000,163.9,164.2,163.9,164.2,205.231
1639002240000,164.3,164.4,164.2,164.4,151.527
1639002300000,164.3,164.4,164.0,164.2,464.59
1639002360000,164.2,164.3,164.2,164.2,99.266
1639002420000,164.2,164.3,164.2,164.2,32.217
1639002480000,164.3,164.3,164.2,164.3,132.869
1639002540000,164.2,164.3,164.2,164.2,31.015
1639002600000,164.3,164.4,164.2,164.4,33.631
1639002660000,164.4,164.4,164.3,164.4,44.233
1639002720000,164.4,164.4,164.2,164.3,156.943
1639002780000,164.3,164.3,164.2,164.3,167.387
1639002840000,164.3,164.3,164.2,164.3,28.974
1639002900000,164.3,164.5,164.3,164.5,608.936
1639002960000,164.5,164.5,164.4,164.5,44.691
1639003020000,164.4,164.6,164.4,164.6,94.968
1639003080000,164.5,164.7,164.5,164.7,249.887
1639003140000,164.7,164.8,164.7,164.8,97.152
1639003200000,164.7,164.9,164.7,164.9,117.559
1639003260000,164.9,164.9,164.8,164.9,199.533
1639003320000,164.9,164.9,164.8,164.9,44.522
1639003380000,164.9,164.9,164.8,164.8,109.708
1639003440000,164.8,164.9,164.8,164.9,53.454
1639003500000,164.9,165.0,164.9,165.0,153.466
1639003560000,165.0,165.0,164.9,164.9,257.107
1639003620000,165.0,165.0,164.8,164.8,471.504
1639003680000,164.7,164.8,164.4,164.5,243.011
1639003740000,164.5,164.5,164.3,164.4,219.436
1639003800000,164.5,164.5,163.7,163.9,246.17
1639003860000,163.8,163.9,163.7,163.8,247.395
1639003920000,163.8,163.9,163.7,163.8,44.36
1639003980000,163.9,163.9,163.3,163.3,378.024
1639004040000,163.3,163.3,162.4,162.8,2330.089
1639004100000,162.8,162.9,162.5,162.9,332.353
1639004160000,162.8,162.8,162.1,162.3,531.158
1639004220000,162.3,162.4,162.1,162.2,195.061
1639004280000,162.2,162.4,162.1,162.3,145.122
1639004340000,162.2,162.7,162.2,162.7,313.959
1639004400000,162.8,163.3,162.7,163.1,818.783
1639004460000,163.1,163.5,163.1,163.4,176.268
1639004520000,163.4,163.5,163.3,163.5,345.967
1639004580000,163.4,163.5,163.1,163.1,590.778
1639004640000,163.1,163.2,162.6,162.7,214.042
1639004700000,162.6,163.3,162.4,163.2,1247.357
1639004760000,163.1,163.2,162.9,163.2,430.764
1639004820000,163.2,163.4,163.1,163.2,111.644
1639004880000,163.3,163.6,163.3,163.5,134.873
1639004940000,163.4,163.6,163.4,163.5,127.729
1639005000000,163.4,163.6,163.1,163.3,584.552
1639005060000,163.4,163.4,163.2,163.2,350.786
1639005120000,163.3,163.3,163.1,163.2,294.11
1639005180000,163.2,163.6,163.2,163.4,364.067
1639005240000,163.4,163.5,163.4,163.4,317.548
1639005300000,163.5,163.7,163.4,163.7,293.662
1639005360000,163.6,163.8,163.6,163.8,250.759
1639005420000,163.8,163.9,163.6,163.8,306.254
1639005480000,163.8,164.0,163.8,163.9,203.734
1639005540000,163.9,164.0,163.8,164.0,126.888
1639005600000,164.0,164.3,164.0,164.3,133.008
1639005660000,164.2,164.5,164.2,164.4,94.784
1639005720000,164.4,164.5,163.9,164.1,324.368
1639005780000,164.1,164.2,163.9,164.0,430.012
1639005840000,164.1,164.2,163.9,163.9,73.145
1639005900000,164.0,164.2,164.0,164.2,71.927
1639005960000,164.1,164.1,163.8,163.8,76.848
1639006020000,163.8,163.8,163.5,163.6,184.469
1639006080000,163.6,163.7,163.5,163.6,72.582
1639006140000,163.7,163.9,163.7,163.9,190.869
1639006200000,163.9,163.9,163.8,163.8,40.738
1639006260000,163.9,163.9,163.7,163.9,145.874
1639006320000,163.9,163.9,163.7,163.7,107.348
1639006380000,163.7,164.0,163.6,164.0,373.228
1639006440000,164.1,164.2,164.1,164.2,69.201
1639006500000,164.2,164.3,164.1,164.3,63.191
1639006560000,164.3,164.4,164.2,164.3,217.762
1639006620000,164.3,164.3,164.1,164.1,123.515
1639006680000,164.1,164.2,164.1,164.1,78.775
1639006740000,164.1,164.1,163.8,163.8,177.374
1639006800000,163.8,164.2,163.8,164.1,462.197
1639006860000,164.2,165.2,164.2,164.9,3801.266
1639006920000,164.8,165.1,164.8,165.1,221.462
1639006980000,165.1,165.1,164.8,165.1,257.531
1639007040000,165.0,165.4,165.0,165.2,602.383
1639007100000,165.3,165.3,165.0,165.0,271.565
1639007160000,165.0,165.0,164.6,164.6,185.164
1639007220000,164.6,164.7,164.5,164.6,65.945
1639007280000,164.6,164.6,164.2,164.4,293.13
1639007340000,164.3,164.7,164.2,164.6,263.937
1639007400000,164.5,164.6,164.3,164.6,339.719
1639007460000,164.7,165.4,164.7,165.1,574.51
1639007520000,165.1,165.3,165.0,165.2,223.768
1639007580000,165.3,165.4,165.1,165.1,200.827
1639007640000,165.1,165.1,164.8,164.8,319.152
1639007700000,164.9,165.3,164.9,165.3,88.612
1639007760000,165.3,165.4,165.2,165.3,61.562
1639007820000,165.2,165.3,165.1,165.2,146.72
1639007880000,165.2,165.2,165.0,165.1,55.633
1639007940000,165.1,165.1,164.9,165.1,164.6
1639008000000,165.2,165.3,165.1,165.2,191.778
1639008060000,165.1,165.3,165.0,165.3,369.263
1639008120000,165.3,165.3,164.7,165.1,551.234
1639008180000,165.1,165.6,165.1,165.5,1218.521
1639008240000,165.5,165.9,165.0,165.2,941.899
1639008300000,165.2,165.9,164.9,165.8,972.632
1639008360000,165.9,166.4,165.8,165.8,1063.698
1639008420000,165.9,166.4,165.8,166.3,1036.087
1639008480000,166.4,166.4,165.9,166.0,651.078
1639008540000,166.0,166.2,166.0,166.2,127.835
1639008600000,166.3,166.4,166.2,166.3,157.231
1639008660000,166.3,166.9,166.2,166.8,681.441
1639008720000,166.8,167.0,166.5,166.5,597.468
1639008780000,166.5,166.7,166.2,166.6,476.58
1639008840000,166.6,167.1,166.6,167.1,389.631
1639008900000,167.1,167.1,166.5,166.6,260.552
1639008960000,166.7,166.7,166.4,166.4,115.18
1639009020000,166.5,166.6,166.4,166.4,116.807
1639009080000,166.4,166.5,166.2,166.2,271.776
1639009140000,166.2,166.3,166.1,166.2,587.631
1639009200000,166.2,166.7,166.1,166.7,403.626
1639009260000,166.7,166.7,166.2,166.3,347.457
1639009320000,166.3,166.4,165.7,165.9,588.008
1639009380000,165.8,165.8,165.4,165.5,593.897
1639009440000,165.5,165.5,164.7,164.8,818.348
1639009500000,164.7,164.9,164.6,164.7,170.837
1639009560000,164.7,164.7,163.8,164.5,1105.749
1639009620000,164.6,165.0,164.6,165.0,522.691
1639009680000,165.0,165.4,164.8,165.2,505.704
1639009740000,165.2,165.2,164.6,164.7,246.099
1639009800000,164.8,164.8,164.5,164.6,254.264
1639009860000,164.6,165.5,164.5,165.5,459.459
1639009920000,165.5,165.6,165.2,165.3,155.976
1639009980000,165.3,165.4,165.2,165.2,111.104
1639010040000,165.3,165.3,164.8,165.2,295.717
1639010100000,165.2,165.6,165.2,165.3,208.267
1639010160000,165.3,165.4,164.8,164.9,453.341
1639010220000,165.0,165.0,164.6,164.6,254.619
1639010280000,164.5,164.6,164.1,164.4,793.259
1639010340000,164.5,164.7,164.4,164.6,87.444
1639010400000,164.7,164.8,164.6,164.7,108.185
1639010460000,164.6,164.8,164.6,164.7,117.131
1639010520000,164.8,164.9,164.7,164.8,155.254
1639010580000,164.7,165.2,164.7,165.1,323.037
1639010640000,165.1,165.1,164.7,164.9,290.701
1639010700000,165.0,165.0,164.7,164.8,188.406
1639010760000,164.8,165.5,164.8,165.3,572.658
1639010820000,165.2,165.6,165.2,165.6,159.647
1639010880000,165.5,165.6,165.2,165.4,252.794
1639010940000,165.3,165.3,165.0,165.1,120.607
1639011000000,165.0,165.4,165.0,165.2,182.412
1639011060000,165.2,165.2,164.8,165.0,205.738
1639011120000,165.0,165.1,164.9,165.0,55.7
1639011180000,165.0,165.2,164.9,165.0,96.266
1639011240000,165.0,165.2,165.0,165.1,129.972
1639011300000,165.1,165.1,164.7,164.8,192.837
1639011360000,164.8,164.9,164.4,164.4,747.301
1639011420000,164.4,164.4,164.0,164.1,502.197
1639011480000,164.1,164.2,163.9,164.0,121.548
1639011540000,164.0,164.0,163.3,163.6,1383.882
1639011600000,163.5,163.8,163.4,163.5,309.09
1639011660000,163.5,163.8,163.5,163.8,165.764
1639011720000,163.8,163.9,163.7,163.9,101.23
1639011780000,163.9,164.1,163.8,163.9,414.264
1639011840000,163.9,164.2,163.9,164.1,165.067
1639011900000,164.1,164.2,164.0,164.0,568.344
1639011960000,164.0,164.2,163.7,163.7,162.108
1639012020000,163.7,163.8,163.4,163.5,263.165
1639012080000,163.5,163.6,163.3,163.4,176.979
1639012140000,163.4,163.5,163.1,163.3,424.151
1639012200000,163.3,163.3,163.1,163.1,245.023
1639012260000,163.2,163.6,163.2,163.6,413.602
1639012320000,163.6,163.7,163.6,163.6,96.189
1639012380000,163.6,163.7,163.3,163.4,136.571
1639012440000,163.5,163.5,163.1,163.3,394.623
1639012500000,163.3,163.7,163.3,163.7,280.597
1639012560000,163.7,163.9,163.5,163.8,354.028
1639012620000,163.8,163.9,163.6,163.8,102.731
1639012680000,163.7,163.8,163.6,163.7,341.576
1639012740000,163.7,163.8,163.5,163.5,152.274
1639012800000,163.5,163.8,163.3,163.8,820.945
1639012860000,163.8,164.2,163.8,164.1,506.565
1639012920000,164.0,164.1,163.7,163.8,99.799
1639012980000,163.8,163.9,163.7,163.8,104.612
1639013040000,163.7,163.8,163.6,163.8,84.706
1639013100000,163.8,164.0,163.4,163.4,229.884
1639013160000,163.5,163.8,163.4,163.7,274.318
1639013220000,163.8,164.0,163.8,163.8,135.194
1639013280000,163.8,163.9,163.7,163.8,174.56
1639013340000,163.8,164.0,163.8,164.0,100.987
1639013400000,164.0,164.1,163.7,163.8,347.69
1639013460000,163.8,163.9,163.6,163.7,470.837
1639013520000,163.7,163.8,163.7,163.7,134.643
1639013580000,163.6,163.7,163.4,163.4,44.613
1639013640000,163.4,163.6,163.4,163.5,68.584
1639013700000,163.6,163.6,163.4,163.6,221.735
1639013760000,163.5,163.7,163.5,163.7,93.596
1639013820000,163.7,163.9,163.7,163.8,98.108
1639013880000,163.8,164.0,163.8,163.9,106.268
1639013940000,163.9,164.0,163.6,163.7,319.446
1639014000000,163.6,164.0,163.6,163.9,304.462
1639014060000,163.9,163.9,163.7,163.7,192.575
1639014120000,163.8,163.8,163.6,163.7,56.594
1639014180000,163.7,163.9,163.7,163.9,217.961
1639014240000,163.9,163.9,163.8,163.8,61.965
1639014300000,163.9,164.0,163.8,163.8,214.984
1639014360000,163.7,163.8,163.6,163.7,105.324
1639014420000,163.6,163.7,163.5,163.6,100.272
1639014480000,163.6,163.6,163.1,163.2,363.206
1639014540000,163.3,163.6,163.2,163.5,397.832
1639014600000,163.4,163.6,163.4,163.6,202.076
1639014660000,163.7,163.8,163.6,163.7,101.007
1639014720000,163.6,163.8,163.6,163.6,291.89
1639014780000,163.6,163.8,163.6,163.8,82.691
1639014840000,163.8,163.8,163.3,163.3,218.174
1639014900000,163.4,163.4,162.9,162.9,349.114
1639014960000,162.9,162.9,162.7,162.8,977.417
1639015020000,162.7,162.8,162.5,162.7,615.935
1639015080000,162.6,162.8,162.5,162.6,218.848
1639015140000,162.7,162.7,162.6,162.7,150.466
1639015200000,162.7,163.2,162.6,163.0,316.33
1639015260000,163.1,163.1,163.0,163.1,135.062
1639015320000,163.0,163.2,163.0,163.1,40.402
1639015380000,163.1,163.2,162.9,163.2,75.197
1639015440000,163.2,163.3,162.9,162.9,144.408
1639015500000,163.0,163.1,162.9,162.9,207.531
1639015560000,162.9,163.0,162.6,162.6,925.205
1639015620000,162.6,162.7,162.5,162.5,305.917
1639015680000,162.5,162.5,161.9,162.1,963.946
1639015740000,162.1,162.2,161.7,162.2,2312.251
1639015800000,162.1,162.3,162.0,162.2,353.929
1639015860000,162.2,162.4,162.0,162.1,714.752
1639015920000,162.2,162.4,162.2,162.4,271.514
1639015980000,162.5,162.5,162.4,162.4,95.394
1639016040000,162.4,162.6,162.3,162.6,159.788
1639016100000,162.6,162.7,162.5,162.6,34.183
1639016160000,162.5,162.7,162.5,162.6,261.079
1639016220000,162.6,162.6,162.4,162.5,165.9
1639016280000,162.5,162.5,162.2,162.4,147.429
1639016340000,162.4,162.4,162.1,162.1,312.832
1639016400000,162.1,162.1,160.5,161.2,7753.961
1639016460000,161.2,161.2,159.8,160.4,4551.988
1639016520000,160.4,161.4,160.2,160.4,2972.393
1639016580000,160.5,161.1,160.4,160.8,1022.55
1639016640000,160.8,161.3,160.7,161.2,986.908
1639016700000,161.2,161.5,160.6,160.6,675.662
1639016760000,160.7,161.0,160.5,160.8,572.201
1639016820000,160.8,161.1,160.8,161.1,381.706
1639016880000,161.2,161.2,161.0,161.2,459.774
1639016940000,161.1,161.2,161.0,161.2,129.235
1639017000000,161.2,161.2,160.7,161.2,803.211
1639017060000,161.3,161.4,161.1,161.2,783.895
1639017120000,161.2,161.4,161.1,161.4,412.755
1639017180000,161.4,161.5,161.3,161.4,57.013
1639017240000,161.4,161.5,161.2,161.4,283.325
1639017300000,161.3,161.6,161.3,161.6,557.283
1639017360000,161.6,161.7,161.3,161.4,216.614
1639017420000,161.5,161.6,161.4,161.5,700.67
1639017480000,161.6,161.7,161.5,161.6,197.5
1639017540000,161.5,161.8,161.5,161.8,450.479
1639017600000,161.9,161.9,161.6,161.6,375.489
1639017660000,161.6,161.7,161.6,161.6,69.71
1639017720000,161.6,161.7,161.5,161.6,184.364
1639017780000,161.6,161.6,161.3,161.5,371.345
1639017840000,161.5,161.6,161.1,161.2,244.517
1639017900000,161.3,161.7,161.3,161.7,410.033
1639017960000,161.7,161.9,161.6,161.8,211.914
1639018020000,161.9,162.0,161.9,162.0,52.52
1639018080000,161.9,161.9,161.7,161.7,217.952
1639018140000,161.8,162.0,161.8,161.8,181.107
1639018200000,161.8,162.0,161.7,161.8,315.515
1639018260000,161.8,161.8,161.4,161.4,101.532
1639018320000,161.5,161.5,161.1,161.1,240.592
1639018380000,161.1,161.5,161.1,161.4,96.555
1639018440000,161.5,161.5,161.4,161.4,56.219
1639018500000,161.4,161.4,161.2,161.3,135.894
1639018560000,161.3,161.5,161.2,161.4,402.244
1639018620000,161.4,161.4,161.3,161.4,67.648
1639018680000,161.5,161.7,161.5,161.7,221.401
1639018740000,161.7,161.7,161.3,161.4,489.095
1639018800000,161.3,161.3,161.0,161.1,352.508
1639018860000,161.1,161.3,161.0,161.3,348.141
1639018920000,161.2,161.4,161.2,161.3,106.805
1639018980000,161.3,161.5,161.3,161.4,70.538
1639019040000,161.4,161.7,161.4,161.6,73.36
1639019100000,161.7,161.7,161.6,161.6,43.295
1639019160000,161.6,161.6,161.4,161.5,318.171
1639019220000,161.5,161.5,161.4,161.4,50.818
1639019280000,161.5,161.5,161.4,161.4,55.363
1639019340000,161.4,161.5,161.4,161.5,243.367
1639019400000,161.5,161.5,161.1,161.1,283.898
1639019460000,161.1,161.2,160.8,160.9,407.59
1639019520000,161.0,161.2,160.9,161.1,188.744
1639019580000,161.0,161.1,160.5,160.6,697.977
1639019640000,160.7,161.0,160.6,160.9,267.749
1639019700000,160.9,161.1,160.9,161.1,142.073
1639019760000,161.1,161.2,160.8,160.8,361.719
1639019820000,160.8,161.0,160.8,160.8,82.871
1639019880000,160.9,161.1,160.9,161.0,94.93
1639019940000,161.1,161.1,160.9,160.9,141.584
1639020000000,160.9,161.1,160.9,161.1,96.111
1639020060000,161.0,161.0,160.6,160.6,354.154
1639020120000,160.7,161.0,160.6,161.0,357.3
1639020180000,160.9,161.0,160.8,160.9,200.008
1639020240000,161.0,161.0,160.8,160.9,70.405
1639020300000,160.8,161.0,160.8,161.0,153.209
1639020360000,161.0,161.1,161.0,161.1,107.124
1639020420000,161.0,161.1,160.9,161.0,142.977
1639020480000,161.0,161.1,160.9,161.0,45.231
1639020540000,161.0,161.1,160.8,161.1,164.448
1639020600000,161.0,161.2,161.0,161.1,54.984
1639020660000,161.1,161.2,161.1,161.1,41.676
1639020720000,161.1,161.2,161.0,161.1,113.69
1639020780000,161.0,161.0,160.9,160.9,168.093
1639020840000,160.8,160.8,160.7,160.8,273.223
1639020900000,160.9,160.9,160.7,160.9,230.253
1639020960000,160.9,161.2,160.7,161.0,1383.64
1639021020000,161.0,161.0,160.6,160.6,323.188
1639021080000,160.6,160.7,160.3,160.6,731.609
1639021140000,160.5,160.6,160.4,160.6,241.175
1639021200000,160.6,160.6,160.3,160.5,364.608
1639021260000,160.4,160.6,160.4,160.5,98.564
1639021320000,160.4,160.4,160.2,160.4,128.449
1639021380000,160.4,160.6,160.4,160.5,236.402
1639021440000,160.6,160.7,160.4,160.7,340.822
1639021500000,160.6,160.7,159.3,159.9,4300.591
1639021560000,159.8,159.9,159.4,159.5,1400.975
1639021620000,159.5,159.6,158.9,159.5,2488.455
1639021680000,159.6,159.8,159.4,159.8,701.272
1639021740000,159.7,159.7,159.4,159.5,445.437
1639021800000,159.6,159.8,159.4,159.7,525.84
1639021860000,159.8,160.1,159.8,160.0,570.14
1639021920000,160.1,160.1,159.9,160.1,99.483
1639021980000,160.1,160.3,160.0,160.0,494.999
1639022040000,160.1,160.2,159.9,160.0,71.34
1639022100000,159.9,159.9,159.8,159.8,143.031
1639022160000,159.9,160.0,159.8,159.8,178.835
1639022220000,159.9,159.9,159.7,159.9,665.144
1639022280000,159.9,160.0,159.7,159.7,275.308
1639022340000,159.7,159.9,159.4,159.7,1074.193
1639022400000,159.6,160.1,159.3,160.0,1574.843
1639022460000,159.9,160.2,159.8,160.2,433.143
1639022520000,160.1,160.2,160.0,160.2,176.038
1639022580000,160.1,160.4,160.1,160.4,408.779
1639022640000,160.3,160.6,160.3,160.4,293.387
1639022700000,160.4,160.4,160.3,160.4,193.397
1639022760000,160.4,160.4,160.3,160.3,31.857
1639022820000,160.4,160.5,160.3,160.5,305.601
1639022880000,160.4,160.5,160.4,160.4,212.84
1639022940000,160.5,160.5,160.4,160.5,88.522
1639023000000,160.5,160.8,160.3,160.8,265.655
1639023060000,160.8,160.8,160.5,160.6,239.517
1639023120000,160.6,160.7,160.5,160.6,183.16
1639023180000,160.6,160.6,160.3,160.4,129.377
1639023240000,160.5,160.5,160.4,160.5,112.309
1639023300000,160.5,160.8,160.4,160.5,254.145
1639023360000,160.5,160.6,160.4,160.5,229.057
1639023420000,160.6,160.8,160.6,160.6,296.236
1639023480000,160.6,160.6,160.3,160.4,197.772
1639023540000,160.4,160.4,160.3,160.4,98.872
1639023600000,160.5,160.5,160.4,160.4,56.099
1639023660000,160.5,160.6,160.4,160.5,134.973
1639023720000,160.6,160.7,160.6,160.6,112.899
1639023780000,160.6,160.7,160.5,160.6,45.542
1639023840000,160.7,160.7,160.6,160.6,103.449
1639023900000,160.7,160.7,160.5,160.7,163.864
1639023960000,160.7,160.7,160.6,160.6,36.478
1639024020000,160.6,160.8,160.6,160.8,186.507
1639024080000,160.8,161.0,160.8,161.0,234.572
1639024140000,160.9,161.0,160.9,161.0,43.125
1639024200000,160.9,161.0,160.8,160.9,326.001
1639024260000,160.9,161.0,160.8,160.8,175.855
1639024320000,160.8,161.0,160.8,160.9,295.912
1639024380000,160.9,160.9,160.8,160.9,9.683
1639024440000,160.9,161.0,160.7,160.8,151.39
1639024500000,160.7,160.8,160.7,160.8,32.76
1639024560000,160.7,160.9,160.7,160.9,145.305
1639024620000,160.9,160.9,160.7,160.8,157.554
1639024680000,160.9,161.1,160.8,161.1,135.237
1639024740000,161.1,161.2,160.8,160.8,352.923
1639024800000,160.9,161.0,160.6,160.6,247.094
1639024860000,160.7,160.9,160.7,160.8,119.721
1639024920000,160.9,160.9,160.6,160.6,470.763
1639024980000,160.7,160.8,160.6,160.7,202.552
1639025040000,160.7,160.8,160.6,160.8,40.604
1639025100000,160.8,160.9,160.8,160.9,113.632
1639025160000,161.0,161.0,160.7,160.8,181.0
1639025220000,160.8,160.9,160.7,160.8,361.207
1639025280000,160.9,160.9,160.7,160.9,99.77
1639025340000,160.9,160.9,160.7,160.8,96.728
1639025400000,160.7,161.0,160.5,161.0,342.176
1639025460000,161.0,161.0,160.8,160.9,191.208
1639025520000,160.8,160.9,160.8,160.9,21.187
1639025580000,160.9,160.9,160.8,160.9,64.385
1639025640000,160.8,161.0,160.8,161.0,28.41
1639025700000,161.0,161.0,160.9,161.0,45.879
1639025760000,161.0,161.1,160.9,161.0,106.239
1639025820000,160.9,161.1,160.9,161.1,36.307
1639025880000,161.0,161.3,161.0,161.1,462.652
1639025940000,161.1,161.2,161.0,161.0,173.195
1639026000000,161.1,161.3,161.1,161.3,230.006
1639026060000,161.2,161.3,161.0,161.0,157.489
1639026120000,161.0,161.0,160.8,160.8,207.643
1639026180000,160.9,160.9,160.8,160.8,85.461
1639026240000,160.7,160.9,160.7,160.8,21.111
1639026300000,160.9,161.1,160.8,161.0,92.186
1639026360000,160.9,161.2,160.9,161.1,125.638
1639026420000,161.0,161.1,160.9,161.1,100.427
1639026480000,161.0,161.2,161.0,161.1,214.817
1639026540000,161.1,161.2,161.0,161.0,63.704
1639026600000,161.0,161.2,161.0,161.1,252.726
1639026660000,161.1,161.2,161.1,161.2,179.859
1639026720000,161.2,161.3,161.0,161.1,359.032
1639026780000,161.2,161.2,160.9,160.9,94.446
1639026840000,160.9,161.1,160.9,161.0,76.926
1639026900000,161.0,161.3,161.0,161.2,258.31
1639026960000,161.2,161.2,160.8,161.0,516.24
1639027020000,160.9,160.9,160.6,160.8,600.559
1639027080000,160.7,160.8,160.6,160.7,86.933
1639027140000,160.8,160.9,160.4,160.5,421.975
1639027200000,160.4,160.8,160.4,160.7,333.932
1639027260000,160.7,160.8,160.7,160.8,41.862
1639027320000,160.9,161.1,160.9,161.0,154.998
1639027380000,161.0,161.2,161.0,161.0,73.767
1639027440000,161.0,161.2,161.0,161.1,19.532
1639027500000,161.1,161.5,161.1,161.2,1084.945
1639027560000,161.4,161.4,161.1,161.3,99.82
1639027620000,161.3,161.4,161.2,161.2,189.852
1639027680000,161.1,161.3,161.1,161.2,15.512
1639027740000,161.3,161.6,161.3,161.4,226.571
1639027800000,161.4,161.5,161.1,161.2,505.342
1639027860000,161.2,161.4,161.2,161.4,110.571
1639027920000,161.3,161.5,161.3,161.4,209.823
1639027980000,161.4,161.4,161.3,161.4,137.886
1639028040000,161.4,161.4,161.3,161.4,44.179
1639028100000,161.3,161.4,161.3,161.3,139.423
1639028160000,161.4,161.5,161.3,161.4,309.315
1639028220000,161.4,161.8,161.4,161.8,315.773
1639028280000,161.7,161.9,161.7,161.9,335.9
1639028340000,161.9,162.0,161.7,161.9,484.681
1639028400000,161.8,161.9,161.7,161.8,62.596
1639028460000,161.8,161.8,161.5,161.6,162.178
1639028520000,161.6,161.7,161.5,161.6,230.093
1639028580000,161.6,161.7,161.6,161.7,357.775
1639028640000,161.7,161.7,161.6,161.7,47.822
1639028700000,161.7,161.8,161.6,161.8,23.42
1639028760000,161.8,161.9,161.7,161.8,57.01
1639028820000,161.9,162.2,161.9,162.1,265.29
1639028880000,162.1,162.1,162.0,162.1,18.91
1639028940000,162.1,162.1,161.8,161.9,183.958
1639029000000,161.9,161.9,161.7,161.7,73.792
1639029060000,161.7,161.8,161.6,161.6,69.165
1639029120000,161.7,161.7,161.5,161.7,248.502
1639029180000,161.6,161.7,161.3,161.5,664.152
1639029240000,161.5,161.7,161.4,161.7,271.914
1639029300000,161.6,161.9,161.6,161.8,230.544
1639029360000,161.8,161.8,161.6,161.7,124.462
1639029420000,161.7,161.7,161.3,161.3,316.906
1639029480000,161.4,161.5,161.3,161.5,73.832
1639029540000,161.5,161.5,161.2,161.4,153.44
1639029600000,161.3,161.4,161.2,161.3,68.854
1639029660000,161.2,161.3,161.1,161.1,201.369
1639029720000,161.1,161.3,161.1,161.2,31.743
1639029780000,161.3,161.3,161.2,161.3,129.412
1639029840000,161.2,161.3,161.1,161.3,134.332
1639029900000,161.2,161.5,161.2,161.5,156.023
1639029960000,161.5,161.8,161.5,161.7,241.97
1639030020000,161.7,161.7,161.5,161.5,97.381
1639030080000,161.6,161.6,161.4,161.5,88.58
1639030140000,161.5,161.7,161.4,161.7,183.379
1639030200000,161.7,161.9,161.7,161.8,174.664
1639030260000,161.8,161.8,161.7,161.7,28.376
1639030320000,161.8,161.8,161.7,161.7,54.416
1639030380000,161.6,161.9,161.6,161.9,370.512
1639030440000,161.8,162.0,161.7,161.8,134.695
1639030500000,161.7,161.8,161.6,161.6,230.893
1639030560000,161.7,161.8,161.6,161.8,141.401
1639030620000,161.8,161.9,161.6,161.7,128.08
1639030680000,161.7,161.7,161.5,161.6,123.22
1639030740000,161.5,161.7,161.5,161.6,345.248
1639030800000,161.6,161.6,161.5,161.6,49.186
1639030860000,161.5,161.6,161.5,161.6,200.188
1639030920000,161.6,161.6,161.4,161.5,71.403
1639030980000,161.4,161.5,161.4,161.4,40.832
1639031040000,161.4,161.5,161.2,161.2,179.399
1639031100000,161.3,161.4,161.2,161.3,104.277
1639031160000,161.3,161.4,161.2,161.2,306.808
1639031220000,161.2,161.2,161.0,161.2,250.334
1639031280000,161.1,161.2,160.9,161.2,469.329
1639031340000,161.2,161.3,161.1,161.2,288.553
1639031400000,161.2,161.2,161.1,161.2,219.092
1639031460000,161.3,161.4,161.1,161.2,224.216
1639031520000,161.2,161.2,161.0,161.0,37.381
1639031580000,161.0,161.1,160.9,160.9,148.153
1639031640000,161.0,161.0,160.5,160.5,343.779
1639031700000,160.5,160.6,160.0,160.0,543.739
1639031760000,160.0,160.2,159.7,160.2,424.398
1639031820000,160.3,160.4,160.0,160.2,680.747
1639031880000,160.3,160.3,160.1,160.3,28.149
1639031940000,160.2,160.3,160.1,160.2,91.429
1639032000000,160.2,160.6,160.2,160.4,238.642
1639032060000,160.5,161.0,160.4,160.6,740.851
1639032120000,160.5,160.7,160.4,160.6,237.83
1639032180000,160.6,160.8,160.5,160.8,112.516
1639032240000,160.7,160.8,160.6,160.6,108.69
1639032300000,160.6,160.8,160.5,160.7,632.292
1639032360000,160.7,160.7,160.5,160.6,90.957
1639032420000,160.5,160.8,160.5,160.8,1249.396
1639032480000,160.7,161.2,160.7,161.1,769.614
1639032540000,161.2,161.2,161.0,161.2,237.167
1639032600000,161.2,161.3,161.0,161.1,222.692
1639032660000,161.1,161.1,160.9,160.9,125.458
1639032720000,160.9,160.9,160.7,160.7,302.929
1639032780000,160.7,160.8,160.4,160.4,1451.016
1639032840000,160.5,160.7,160.4,160.5,381.048
1639032900000,160.5,160.9,160.4,160.9,290.316
1639032960000,160.9,160.9,160.8,160.9,130.931
1639033020000,160.8,160.9,160.8,160.8,43.797
1639033080000,160.9,161.0,160.8,160.9,72.769
1639033140000,160.9,161.0,160.7,160.8,127.924
1639033200000,160.9,161.0,160.7,160.7,656.993
1639033260000,160.8,160.8,160.4,160.5,227.893
1639033320000,160.4,160.6,160.4,160.5,130.038
1639033380000,160.4,160.5,160.3,160.4,328.012
1639033440000,160.4,160.5,160.3,160.4,105.558
1639033500000,160.4,160.5,160.3,160.4,64.177
1639033560000,160.4,160.4,159.3,159.6,1459.901
1639033620000,159.6,159.7,158.7,159.4,2678.279
1639033680000,159.4,159.5,158.4,159.2,3841.726
1639033740000,159.2,159.2,158.6,158.6,718.789
1639033800000,158.7,158.9,158.5,158.6,712.57
1639033860000,158.6,158.9,158.5,158.8,786.524
1639033920000,158.8,158.9,158.5,158.7,1620.803
1639033980000,158.6,158.9,158.6,158.8,634.427
1639034040000,158.9,158.9,158.8,158.9,420.88
1639034100000,158.9,159.1,158.8,159.0,129.145
1639034160000,159.1,159.3,159.0,159.2,400.314
1639034220000,159.3,159.4,159.2,159.3,217.262
1639034280000,159.3,159.4,159.2,159.3,269.439
1639034340000,159.4,159.6,159.3,159.6,422.138
1639034400000,159.5,159.6,159.3,159.5,436.535
1639034460000,159.5,159.6,159.3,159.6,530.735
1639034520000,159.5,159.9,159.5,159.8,1188.435
1639034580000,159.8,160.0,159.8,160.0,199.086
1639034640000,160.0,160.1,159.9,160.1,105.35
1639034700000,160.0,160.2,159.9,160.1,398.445
1639034760000,160.2,160.2,159.9,159.9,359.228
1639034820000,159.9,160.1,159.9,160.1,399.054
1639034880000,160.1,160.1,159.9,160.1,385.042
1639034940000,160.1,160.1,159.9,160.0,348.637
1639035000000,160.0,160.7,160.0,160.7,564.75
1639035060000,160.8,162.4,160.7,161.7,4445.32
1639035120000,161.7,163.0,161.5,162.4,3459.449
1639035180000,162.3,163.0,162.2,162.6,1662.352
1639035240000,162.5,162.5,162.0,162.0,1010.958
1639035300000,162.0,162.1,161.5,161.7,802.176
1639035360000,161.7,161.7,161.4,161.7,362.012
1639035420000,161.7,162.1,161.6,162.0,1352.906
1639035480000,162.0,162.1,161.5,162.0,410.234
1639035540000,161.9,162.2,161.9,162.1,241.857
1639035600000,162.0,162.2,161.8,162.2,353.416
1639035660000,162.1,162.2,162.0,162.0,429.892
1639035720000,162.1,162.2,161.8,161.8,241.266
1639035780000,161.9,161.9,161.6,161.7,486.321
1639035840000,161.7,162.1,161.6,162.1,657.387
1639035900000,162.0,162.1,161.6,161.8,437.693
1639035960000,161.8,162.0,161.7,161.8,396.04
1639036020000,161.7,162.0,161.7,161.9,470.996
1639036080000,162.0,162.3,161.8,162.2,552.402
1639036140000,162.3,162.3,162.1,162.2,237.162
1639036200000,162.2,162.2,162.0,162.0,322.604
1639036260000,162.0,162.2,162.0,162.1,514.812
1639036320000,162.1,162.5,162.0,162.2,390.508
1639036380000,162.1,162.3,162.0,162.3,130.481
1639036440000,162.2,162.3,162.0,162.1,244.475
1639036500000,162.0,162.1,161.9,162.0,104.344
1639036560000,162.1,162.1,161.9,161.9,103.788
1639036620000,161.8,162.0,161.8,161.9,112.508
1639036680000,161.9,161.9,161.8,161.9,84.422
1639036740000,162.0,162.1,161.9,161.9,91.202
1639036800000,161.9,161.9,161.7,161.9,418.163
1639036860000,161.9,162.0,161.7,161.8,360.746
1639036920000,161.7,162.0,161.6,161.7,571.386
1639036980000,161.7,161.8,161.4,161.4,324.222
1639037040000,161.4,161.6,161.3,161.3,254.738
1639037100000,161.3,161.5,161.3,161.4,136.429
1639037160000,161.4,161.6,161.3,161.5,167.9
1639037220000,161.5,161.6,161.4,161.6,320.904
1639037280000,161.5,161.6,161.5,161.6,74.704
1639037340000,161.6,161.6,161.1,161.2,521.141
1639037400000,161.2,161.3,160.6,160.7,676.526
1639037460000,160.7,161.0,160.7,160.9,550.523
1639037520000,160.9,160.9,160.4,160.6,790.488
1639037580000,160.6,160.9,160.4,160.7,712.712
1639037640000,160.8,160.9,160.7,160.8,258.615
1639037700000,160.7,161.1,160.7,161.1,285.051
1639037760000,161.0,161.2,161.0,161.0,179.195
1639037820000,161.0,161.0,160.6,160.6,201.373
1639037880000,160.5,160.5,160.2,160.3,454.751
1639037940000,160.4,160.5,159.9,160.2,644.512
1639038000000,160.1,160.2,159.8,159.8,573.399
1639038060000,159.8,160.1,159.8,160.0,550.86
1639038120000,160.0,160.0,159.8,159.9,200.067
1639038180000,159.9,160.0,159.7,159.9,346.138
1639038240000,159.9,160.2,159.8,160.1,505.211
1639038300000,160.1,160.2,159.9,160.2,154.145
1639038360000,160.2,160.2,160.1,160.2,33.578
1639038420000,160.1,160.3,160.1,160.3,208.55
1639038480000,160.2,160.3,160.2,160.3,82.983
1639038540000,160.2,160.5,160.2,160.4,144.138
1639038600000,160.3,160.6,160.1,160.6,627.995
1639038660000,160.6,160.8,160.4,160.7,313.102
1639038720000,160.7,160.9,160.6,160.8,375.994
1639038780000,160.7,160.9,160.6,160.7,535.872
1639038840000,160.7,160.9,160.6,160.7,200.477
1639038900000,160.6,160.6,160.1,160.1,349.363
1639038960000,160.0,160.0,159.0,159.9,2287.218
1639039020000,159.8,160.1,159.5,159.8,1255.741
1639039080000,159.7,160.2,159.6,159.8,648.489
1639039140000,159.8,160.2,159.8,160.2,505.75
1639039200000,160.2,160.2,159.8,159.8,234.562
1639039260000,159.8,160.0,159.7,160.0,155.986
1639039320000,160.1,160.3,160.0,160.1,287.591
1639039380000,160.2,160.2,160.1,160.2,64.641
1639039440000,160.2,160.3,159.9,160.2,226.754
1639039500000,160.2,160.4,160.0,160.4,625.079
1639039560000,160.4,160.5,160.2,160.2,381.477
1639039620000,160.3,160.4,160.0,160.1,425.158
1639039680000,160.0,160.1,159.9,160.0,275.143
1639039740000,160.0,160.0,159.7,159.8,142.553
1639039800000,159.8,159.9,159.7,159.9,149.713
1639039860000,159.9,160.0,159.8,160.0,212.656
1639039920000,160.0,160.1,159.9,160.0,116.919
1639039980000,159.9,160.1,159.9,160.0,137.244
1639040040000,160.0,160.1,160.0,160.0,189.292
1639040100000,160.0,160.2,159.9,160.1,244.012
1639040160000,160.1,160.5,160.1,160.4,277.979
1639040220000,160.4,160.6,160.2,160.2,341.336
1639040280000,160.1,160.4,160.1,160.4,64.303
1639040340000,160.3,160.4,160.0,160.0,236.16
1639040400000,160.1,160.2,159.9,159.9,117.886
1639040460000,160.0,160.0,159.8,159.9,249.762
1639040520000,159.8,159.8,159.6,159.6,259.353
1639040580000,159.7,159.9,159.6,159.8,256.689
1639040640000,159.9,160.1,159.8,159.9,211.035
1639040700000,160.0,160.0,159.5,159.6,290.677
1639040760000,159.6,159.6,159.4,159.6,350.18
1639040820000,159.6,159.6,159.3,159.4,195.832
1639040880000,159.4,159.6,159.3,159.4,217.743
1639040940000,159.5,159.8,159.5,159.8,221.841
1639041000000,159.7,159.8,159.6,159.7,128.57
1639041060000,159.6,159.8,159.5,159.5,304.391
1639041120000,159.6,159.7,159.4,159.5,124.997
1639041180000,159.4,159.5,159.3,159.3,196.274
1639041240000,159.4,159.5,159.2,159.3,190.954
1639041300000,159.3,159.5,159.2,159.5,882.79
1639041360000,159.4,159.6,159.1,159.2,802.784
1639041420000,159.2,159.4,159.0,159.0,1616.155
1639041480000,159.0,159.5,158.8,159.5,839.099
1639041540000,159.5,159.7,159.4,159.6,484.187
1639041600000,159.6,159.7,159.4,159.5,282.798
1639041660000,159.5,159.7,159.2,159.6,613.809
1639041720000,159.7,159.7,159.4,159.5,646.095
1639041780000,159.5,159.6,159.3,159.5,139.803
1639041840000,159.5,159.6,159.2,159.4,324.713
1639041900000,159.4,159.4,159.2,159.3,682.923
1639041960000,159.4,159.5,159.0,159.1,335.134
1639042020000,159.1,159.2,159.0,159.1,188.852
1639042080000,159.2,159.6,159.1,159.5,351.571
1639042140000,159.6,159.6,159.1,159.3,356.96
1639042200000,159.3,159.3,159.0,159.0,167.432
1639042260000,159.0,159.0,158.7,158.8,635.173
1639042320000,158.7,158.8,158.5,158.5,860.253
1639042380000,158.5,158.6,157.4,158.3,4623.634
1639042440000,158.3,158.7,157.9,157.9,2738.77
1639042500000,158.0,158.5,157.8,158.4,1400.273
1639042560000,158.3,158.6,158.0,158.1,1278.916
1639042620000,158.2,158.2,157.6,158.0,1069.675
1639042680000,158.1,158.2,157.6,157.6,565.804
1639042740000,157.7,158.1,157.5,157.9,618.77
1639042800000,157.9,159.0,157.9,158.3,1276.072
1639042860000,158.3,158.6,158.1,158.3,2089.88
1639042920000,158.4,158.8,158.4,158.5,1176.812
1639042980000,158.5,158.8,158.5,158.8,819.674
1639043040000,158.7,159.1,158.7,159.0,899.209
1639043100000,158.9,159.1,158.7,158.8,826.344
1639043160000,158.9,158.9,158.6,158.6,455.188
1639043220000,158.6,158.9,158.4,158.6,768.266
1639043280000,158.5,158.7,158.4,158.7,774.928
1639043340000,158.7,159.3,158.7,159.2,1122.496
1639043400000,159.3,159.7,159.2,159.6,2575.747
1639043460000,159.6,160.0,159.5,159.7,891.535
1639043520000,159.7,159.9,159.3,159.5,1905.992
1639043580000,159.6,159.7,159.4,159.4,954.214
1639043640000,159.5,159.5,159.2,159.2,981.858
1639043700000,159.2,159.5,159.0,159.3,879.214
1639043760000,159.4,159.4,158.9,159.0,639.681
1639043820000,159.0,159.2,158.9,159.1,948.976
1639043880000,159.1,159.5,159.0,159.3,1879.933
1639043940000,159.3,159.5,159.2,159.3,979.703
1639044000000,159.3,159.4,159.0,159.1,1037.591
1639044060000,159.1,159.5,159.0,159.4,488.103
1639044120000,159.4,160.0,159.3,159.4,3271.434
1639044180000,159.5,159.5,159.2,159.2,465.616
1639044240000,159.2,159.3,158.9,159.0,785.949
1639044300000,159.1,159.3,159.0,159.1,643.977
1639044360000,159.0,159.2,159.0,159.0,734.998
1639044420000,159.0,159.1,158.2,158.4,963.956
1639044480000,158.4,158.6,158.1,158.2,1011.349
1639044540000,158.2,158.3,158.0,158.3,785.498
1639044600000,158.2,158.4,158.2,158.2,525.729
1639044660000,158.2,158.2,157.8,158.1,689.502
1639044720000,158.1,158.3,158.0,158.2,224.643
1639044780000,158.2,158.3,157.8,158.2,855.475
1639044840000,158.3,158.6,158.2,158.5,512.218
1639044900000,158.5,158.6,158.3,158.5,479.42
1639044960000,158.6,159.0,158.6,159.0,347.235
1639045020000,158.9,159.0,158.7,158.8,314.712
1639045080000,158.7,158.8,158.5,158.5,284.343
1639045140000,158.6,159.0,158.6,159.0,491.035
1639045200000,159.0,159.1,158.9,158.9,268.412
1639045260000,158.9,159.2,158.8,159.1,192.789
1639045320000,159.0,159.0,158.7,158.9,528.09
1639045380000,158.9,158.9,158.7,158.7,192.536
1639045440000,158.8,159.1,158.8,159.0,210.257
1639045500000,159.0,159.0,158.6,158.7,308.983
1639045560000,158.8,158.9,158.6,158.8,120.436
1639045620000,158.7,158.8,158.5,158.6,131.969
1639045680000,158.6,158.6,158.5,158.6,193.385
1639045740000,158.6,158.7,158.2,158.3,460.826
1639045800000,158.3,158.9,158.2,158.9,402.76
1639045860000,158.9,159.0,158.8,158.8,444.309
1639045920000,158.9,158.9,158.4,158.5,331.968
1639045980000,158.5,158.7,158.3,158.5,479.327
1639046040000,158.5,158.6,158.3,158.6,585.21
1639046100000,158.5,158.8,158.5,158.7,455.487
1639046160000,158.7,158.9,158.6,158.8,157.258
1639046220000,158.8,159.0,158.7,158.8,181.602
1639046280000,158.8,159.1,158.7,159.0,909.826
1639046340000,159.0,159.3,159.0,159.1,215.549
1639046400000,159.1,159.3,159.0,159.2,318.263
1639046460000,159.1,159.3,159.0,159.2,122.146
1639046520000,159.3,159.3,159.1,159.3,518.88
1639046580000,159.3,159.6,159.3,159.4,452.733
1639046640000,159.4,159.5,159.2,159.3,240.591
1639046700000,159.3,159.4,159.1,159.4,353.708
1639046760000,159.4,159.4,159.2,159.2,147.858
1639046820000,159.3,159.5,159.2,159.5,246.93
1639046880000,159.6,159.7,159.4,159.6,703.385
1639046940000,159.6,159.9,159.6,159.8,283.723
1639047000000,159.8,160.0,159.7,160.0,556.798
1639047060000,160.0,160.2,159.9,160.1,443.183
1639047120000,160.1,160.2,159.9,159.9,157.531
1639047180000,159.9,159.9,159.6,159.6,379.677
1639047240000,159.7,159.8,159.5,159.8,864.114
1639047300000,159.8,159.9,159.7,159.7,160.44
1639047360000,159.7,159.8,159.7,159.7,62.065
1639047420000,159.7,159.8,159.6,159.7,505.77
1639047480000,159.7,160.0,159.6,160.0,204.835
1639047540000,159.9,160.0,159.5,159.5,680.518
1639047600000,159.5,159.7,159.5,159.7,242.59
1639047660000,159.6,159.9,159.6,159.9,351.713
1639047720000,159.9,160.5,159.9,160.4,590.001
1639047780000,160.5,160.5,160.1,160.2,497.918
1639047840000,160.1,160.1,159.9,160.1,292.537
1639047900000,160.0,160.0,159.8,159.9,338.676
1639047960000,159.9,159.9,159.7,159.8,217.203
1639048020000,159.9,160.1,159.8,160.1,192.088
1639048080000,160.0,160.0,159.8,160.0,261.283
1639048140000,159.9,160.2,159.9,160.0,292.966
1639048200000,160.0,160.3,160.0,160.3,246.148
1639048260000,160.2,160.3,160.0,160.0,110.363
1639048320000,160.1,160.2,159.9,160.0,117.767
1639048380000,160.0,160.2,159.8,159.8,606.549
1639048440000,159.9,159.9,159.5,159.6,466.324
1639048500000,159.7,159.7,159.5,159.5,119.018
1639048560000,159.6,159.8,159.6,159.6,331.303
1639048620000,159.6,159.7,159.5,159.6,345.259
1639048680000,159.5,159.6,159.3,159.3,513.877
1639048740000,159.3,159.4,159.2,159.4,229.477
1639048800000,159.4,159.6,159.3,159.5,382.462
1639048860000,159.4,159.9,159.4,159.7,1512.876
1639048920000,159.8,159.8,159.7,159.8,103.104
1639048980000,159.8,159.9,159.6,159.7,364.258
1639049040000,159.6,159.7,159.4,159.4,148.069
1639049100000,159.5,159.6,159.3,159.3,189.339
1639049160000,159.2,159.4,159.1,159.2,305.061
1639049220000,159.2,159.3,159.0,159.1,540.622
1639049280000,159.1,159.3,159.1,159.2,117.931
1639049340000,159.3,159.5,159.3,159.3,120.759
1639049400000,159.4,159.7,159.4,159.6,410.815
1639049460000,159.5,159.5,158.9,159.0,394.561
1639049520000,159.1,159.1,158.9,159.0,528.216
1639049580000,159.0,159.1,158.9,159.0,304.391
1639049640000,158.9,159.0,158.8,158.9,133.585
1639049700000,158.9,159.1,158.7,158.9,469.085
1639049760000,159.0,159.0,158.8,158.9,520.57
1639049820000,158.8,158.9,158.7,158.8,106.862
1639049880000,158.8,159.1,158.8,159.1,222.043
1639049940000,159.0,159.3,158.9,159.2,657.965
1639050000000,159.1,159.4,158.9,159.4,354.196
1639050060000,159.4,159.5,159.3,159.3,281.894
1639050120000,159.4,159.4,159.0,159.2,1008.179
1639050180000,159.2,159.3,159.1,159.3,305.678
1639050240000,159.3,159.3,159.1,159.3,133.026
1639050300000,159.2,159.4,159.1,159.1,177.613
1639050360000,159.1,159.2,158.9,159.1,117.539
1639050420000,159.1,159.4,159.1,159.4,210.806
1639050480000,159.3,159.8,159.3,159.8,357.205
1639050540000,159.8,159.9,159.7,159.8,337.133
1639050600000,159.8,159.8,159.5,159.7,308.395
1639050660000,159.7,160.0,159.7,160.0,152.37
1639050720000,159.9,160.0,159.8,159.9,63.279
1639050780000,159.9,160.0,159.8,159.9,52.393
1639050840000,159.9,159.9,159.7,159.7,202.717
1639050900000,159.7,159.9,159.6,159.7,289.288
1639050960000,159.7,159.9,159.6,159.6,201.504
1639051020000,159.6,159.9,159.6,159.9,253.042
1639051080000,159.8,159.8,159.5,159.5,277.284
1639051140000,159.6,159.6,159.4,159.5,212.661
1639051200000,159.4,159.5,159.3,159.4,550.795
1639051260000,159.3,159.3,159.0,159.0,300.496
1639051320000,159.0,159.3,158.9,158.9,564.444
1639051380000,159.0,159.1,158.2,158.3,727.169
1639051440000,158.3,158.5,158.0,158.5,850.748
1639051500000,158.4,158.8,158.3,158.8,914.44
1639051560000,158.8,159.4,158.8,159.3,349.024
1639051620000,159.3,159.5,159.1,159.5,224.21
1639051680000,159.4,159.4,159.2,159.3,529.783
1639051740000,159.2,159.5,159.1,159.2,179.587
1639051800000,159.3,159.5,159.2,159.3,144.999
1639051860000,159.3,159.4,159.2,159.3,247.999
1639051920000,159.3,159.3,159.1,159.3,428.017
1639051980000,159.2,159.6,159.2,159.5,245.071
1639052040000,159.6,159.9,159.6,159.8,602.538
1639052100000,159.8,160.6,159.8,160.3,1510.077
1639052160000,160.4,160.5,160.0,160.2,936.933
1639052220000,160.2,160.4,160.1,160.1,260.179
1639052280000,160.1,160.2,159.5,159.6,629.773
1639052340000,159.7,159.8,159.0,159.2,767.095
1639052400000,159.1,159.5,159.1,159.5,262.009
1639052460000,159.5,159.9,159.3,159.9,364.667
1639052520000,159.8,160.0,159.7,159.9,709.925
1639052580000,160.0,160.2,159.9,160.0,334.684
1639052640000,160.0,160.1,159.8,159.9,323.19
1639052700000,160.0,160.0,159.7,159.8,324.435
1639052760000,159.7,159.9,159.6,159.8,426.056
1639052820000,159.9,159.9,159.7,159.8,354.228
1639052880000,159.7,159.8,159.6,159.8,212.817
1639052940000,159.8,159.8,159.6,159.7,228.949
1639053000000,159.6,159.7,159.4,159.4,420.368
1639053060000,159.4,159.5,159.3,159.4,198.08
1639053120000,159.3,159.7,159.3,159.5,319.184
1639053180000,159.5,159.8,159.4,159.8,235.288
1639053240000,159.8,159.8,159.6,159.7,93.752
1639053300000,159.7,159.8,159.6,159.8,226.275
1639053360000,159.8,160.1,159.7,160.0,1059.286
1639053420000,159.9,160.1,159.9,160.0,218.636
1639053480000,160.0,160.0,159.7,159.9,218.498
1639053540000,159.9,160.0,159.8,159.9,274.945
1639053600000,159.9,160.0,159.8,159.8,306.407
1639053660000,159.8,159.8,159.6,159.8,134.114
1639053720000,159.7,159.9,159.7,159.9,298.753
1639053780000,159.9,160.2,159.9,160.0,189.583
1639053840000,160.1,160.4,159.9,160.3,690.484
1639053900000,160.3,160.4,160.0,160.1,621.764
1639053960000,160.2,160.6,160.1,160.5,626.356
1639054020000,160.5,160.6,160.4,160.5,728.091
1639054080000,160.4,160.6,160.3,160.4,436.475
1639054140000,160.3,160.5,160.0,160.2,708.605
1639054200000,160.3,160.3,160.0,160.3,364.173
1639054260000,160.3,160.4,160.1,160.3,142.73
1639054320000,160.3,160.3,160.2,160.2,271.189
1639054380000,160.3,160.3,160.2,160.3,89.402
1639054440000,160.2,160.2,159.9,160.1,473.066
1639054500000,160.2,160.2,160.0,160.2,189.662
1639054560000,160.1,160.4,160.1,160.3,191.16
1639054620000,160.3,160.3,160.0,160.1,184.823
1639054680000,160.1,160.3,160.0,160.1,223.521
1639054740000,160.1,160.2,160.0,160.2,124.535
1639054800000,160.1,160.2,160.0,160.0,60.595
1639054860000,160.0,160.0,159.8,159.9,396.522
1639054920000,159.8,159.9,159.7,159.8,82.554
1639054980000,159.8,160.0,159.7,159.8,505.745
1639055040000,159.9,160.0,159.8,159.8,230.067
1639055100000,159.9,159.9,159.7,159.8,106.988
1639055160000,159.8,159.8,159.4,159.4,609.982
1639055220000,159.5,159.6,159.4,159.4,140.94
1639055280000,159.4,159.5,159.3,159.4,168.571
1639055340000,159.4,159.4,159.2,159.3,512.243
1639055400000,159.4,159.5,159.3,159.3,184.377
1639055460000,159.3,159.6,159.3,159.5,246.018
1639055520000,159.5,159.6,159.4,159.4,317.621
1639055580000,159.5,159.6,159.2,159.4,278.861
1639055640000,159.4,159.4,159.1,159.3,168.751
1639055700000,159.3,159.6,159.3,159.5,346.168
1639055760000,159.4,159.4,159.0,159.1,972.219
1639055820000,159.1,159.2,159.1,159.2,94.881
1639055880000,159.2,159.4,159.1,159.3,127.573
1639055940000,159.3,159.5,159.3,159.5,111.14
1639056000000,159.5,159.6,159.4,159.5,114.918
1639056060000,159.5,159.6,159.2,159.3,158.044
1639056120000,159.2,159.2,159.0,159.0,263.507
1639056180000,159.1,159.2,158.9,159.0,152.703
1639056240000,159.0,159.1,158.8,159.1,305.827
1639056300000,159.0,159.1,158.8,158.8,330.702
1639056360000,158.8,159.1,158.8,158.9,137.877
1639056420000,159.0,159.1,158.9,159.1,284.65
1639056480000,159.1,159.5,159.0,159.4,285.908
1639056540000,159.4,159.5,159.2,159.5,229.686
1639056600000,159.5,159.5,159.4,159.5,78.854
1639056660000,159.5,159.5,159.2,159.2,257.749
1639056720000,159.2,159.2,158.9,158.9,201.693
1639056780000,158.9,159.3,158.9,159.3,367.318
1639056840000,159.2,159.3,158.9,158.9,339.966
1639056900000,159.0,159.2,159.0,159.0,196.454
1639056960000,159.0,159.2,159.0,159.1,442.519
1639057020000,159.1,159.1,159.0,159.0,182.168
1639057080000,159.1,159.2,159.0,159.1,191.491
1639057140000,159.2,159.3,159.1,159.3,203.251
1639057200000,159.3,159.4,159.1,159.2,552.418
1639057260000,159.2,159.4,159.1,159.4,443.991
1639057320000,159.4,160.0,159.4,159.8,544.955
1639057380000,159.8,160.0,159.5,159.6,973.62
1639057440000,159.6,159.6,159.4,159.5,368.334
1639057500000,159.4,159.8,159.4,159.8,351.076
1639057560000,159.8,160.0,159.5,159.5,260.377
1639057620000,159.6,159.7,159.5,159.6,63.832
1639057680000,159.6,159.6,159.2,159.3,257.131
1639057740000,159.2,159.4,159.2,159.3,120.594
1639057800000,159.3,159.5,159.2,159.5,206.86
1639057860000,159.6,159.6,159.3,159.4,121.098
1639057920000,159.4,159.6,159.4,159.6,154.964
1639057980000,159.6,159.7,159.5,159.6,203.133
1639058040000,159.6,159.7,159.5,159.6,232.548
1639058100000,159.5,159.7,159.5,159.7,903.339
1639058160000,159.7,159.7,159.4,159.5,316.733
1639058220000,159.5,159.6,159.3,159.3,118.194
1639058280000,159.3,159.4,159.3,159.3,35.92
1639058340000,159.3,159.7,159.3,159.6,1149.877
1639058400000,159.6,159.7,159.4,159.6,375.538
1639058460000,159.6,159.8,159.6,159.8,427.483
1639058520000,159.8,160.0,159.7,159.8,179.871
1639058580000,159.8,159.9,159.7,159.9,259.86
1639058640000,159.8,160.0,159.6,159.7,302.105
1639058700000,159.6,159.8,159.6,159.7,131.027
1639058760000,159.6,159.7,159.5,159.6,144.907
1639058820000,159.6,159.7,159.5,159.7,358.548
1639058880000,159.6,159.7,159.6,159.7,160.644
1639058940000,159.7,159.7,159.4,159.4,351.249
1639059000000,159.5,159.6,159.4,159.6,267.954
1639059060000,159.6,159.6,159.0,159.4,1081.128
1639059120000,159.3,159.4,159.2,159.4,290.407
1639059180000,159.3,159.5,159.3,159.4,419.251
1639059240000,159.3,159.6,159.3,159.5,198.579
1639059300000,159.5,159.8,159.5,159.8,322.988
1639059360000,159.7,159.8,159.6,159.6,107.743
1639059420000,159.7,159.9,159.6,159.7,210.166
1639059480000,159.7,159.7,159.2,159.2,245.668
1639059540000,159.2,159.2,158.8,158.9,538.618
1639059600000,158.8,158.9,158.4,158.5,298.567
1639059660000,158.5,158.5,157.6,158.1,2781.855
1639059720000,158.2,158.3,157.6,157.7,4412.676
1639059780000,157.8,158.0,157.6,157.6,685.947
1639059840000,157.6,157.7,157.4,157.5,722.062
1639059900000,157.5,157.6,156.5,156.7,4309.648
1639059960000,156.6,157.0,156.6,156.9,1729.913
1639060020000,157.0,157.3,156.9,157.1,782.917
1639060080000,157.1,157.3,157.0,157.2,316.542
1639060140000,157.2,157.3,156.9,157.1,665.737
1639060200000,157.0,157.2,156.4,156.4,773.533
1639060260000,156.4,156.5,154.8,155.6,8604.905
1639060320000,155.7,156.0,154.1,155.3,7002.632
1639060380000,155.1,155.9,155.1,155.6,1683.467
1639060440000,155.5,155.5,154.8,155.2,1017.939
1639060500000,155.2,155.5,154.9,155.0,1198.997
1639060560000,155.1,155.2,154.9,155.0,551.613
1639060620000,155.0,155.5,155.0,155.5,231.357
1639060680000,155.5,155.6,155.1,155.3,690.38
1639060740000,155.3,155.3,154.6,154.9,2216.804
1639060800000,154.9,155.6,154.7,155.6,1875.449
1639060860000,155.5,155.6,155.2,155.5,1011.222
1639060920000,155.5,155.5,155.2,155.2,363.263
1639060980000,155.2,155.3,154.8,155.0,1068.315
1639061040000,155.0,155.4,154.9,155.1,842.757
1639061100000,155.2,155.2,154.9,155.0,483.652
1639061160000,155.0,155.0,154.8,154.9,238.285
1639061220000,154.9,155.0,154.8,154.8,374.588
1639061280000,154.8,154.8,154.2,154.3,1061.657
1639061340000,154.3,154.4,153.3,154.2,5296.218
1639061400000,154.2,154.7,154.1,154.5,979.332
1639061460000,154.4,154.6,154.0,154.1,609.755
1639061520000,154.1,154.6,154.0,154.4,1140.664
1639061580000,154.3,154.5,154.1,154.5,662.976
1639061640000,154.5,154.5,154.0,154.1,278.174
1639061700000,154.1,154.1,153.5,153.9,1559.509
1639061760000,153.8,153.9,153.5,153.8,1143.701
1639061820000,153.8,154.1,153.7,154.0,747.683
1639061880000,154.0,154.1,153.8,153.9,253.288
1639061940000,154.0,154.2,153.9,153.9,545.13
1639062000000,154.0,154.6,153.8,154.2,1657.764
1639062060000,154.2,154.4,153.6,154.3,2166.04
1639062120000,154.3,154.4,153.8,154.2,557.145
1639062180000,154.2,154.6,154.1,154.6,382.321
1639062240000,154.6,155.0,154.5,155.0,1023.621
1639062300000,154.9,155.2,154.7,155.2,408.713
1639062360000,155.1,155.9,155.0,155.7,3039.281
1639062420000,155.6,155.7,155.2,155.5,746.108
1639062480000,155.6,156.1,155.5,155.8,631.925
1639062540000,155.8,156.0,155.5,155.6,722.485
1639062600000,155.7,155.9,155.5,155.5,252.265
1639062660000,155.5,155.6,155.2,155.3,674.583
1639062720000,155.3,155.8,155.1,155.5,659.067
1639062780000,155.5,155.5,155.3,155.5,449.367
1639062840000,155.5,156.1,155.4,155.7,1046.35
1639062900000,155.8,156.2,155.5,155.5,907.659
1639062960000,155.6,155.7,155.4,155.4,832.049
1639063020000,155.4,155.6,155.3,155.6,259.257
1639063080000,155.5,155.5,154.8,155.0,1670.301
1639063140000,155.1,155.1,154.4,154.5,1390.371
1639063200000,154.4,154.8,154.0,154.1,735.758
1639063260000,154.1,154.3,153.7,154.3,1307.346
1639063320000,154.2,154.2,153.9,154.1,406.587
1639063380000,154.0,154.3,153.6,153.7,415.576
1639063440000,153.7,153.8,153.4,153.6,1403.302
1639063500000,153.6,154.0,153.6,154.0,529.488
1639063560000,153.9,154.0,153.6,153.8,536.874
1639063620000,153.8,153.9,153.4,153.8,950.869
1639063680000,153.7,153.7,152.6,152.9,2288.349
1639063740000,153.0,153.3,152.7,153.2,1190.49
1639063800000,153.3,153.3,153.0,153.1,284.056
1639063860000,153.1,153.5,152.8,153.5,923.148
1639063920000,153.5,153.5,153.2,153.4,1058.367
1639063980000,153.4,153.9,153.3,153.7,816.395
1639064040000,153.8,154.0,153.7,153.7,839.345
1639064100000,153.7,153.9,153.6,153.9,421.405
1639064160000,153.9,154.3,153.9,154.0,448.882
1639064220000,153.9,154.2,153.9,154.1,533.981
1639064280000,154.1,154.1,153.7,153.8,730.67
1639064340000,153.8,154.0,153.7,153.8,261.965
1639064400000,153.8,154.0,153.4,154.0,772.272
1639064460000,154.0,154.3,153.9,154.3,621.677
1639064520000,154.4,154.7,154.3,154.5,389.456
1639064580000,154.5,154.7,154.5,154.6,351.983
1639064640000,154.7,154.8,154.5,154.6,292.799
1639064700000,154.7,155.9,154.6,155.4,2579.556
1639064760000,155.4,155.4,154.9,155.0,1062.544
1639064820000,155.0,155.2,154.7,155.0,311.806
1639064880000,155.1,155.3,154.8,155.3,532.697
1639064940000,155.3,155.7,155.3,155.4,979.934
1639065000000,155.4,155.8,155.3,155.6,520.233
1639065060000,155.6,155.7,155.2,155.4,295.323
1639065120000,155.4,155.4,154.9,154.9,396.222
1639065180000,154.9,155.2,154.9,155.1,530.358
1639065240000,155.1,155.1,154.9,155.0,538.527
1639065300000,155.0,155.3,154.8,155.2,526.412
1639065360000,155.2,155.6,155.2,155.3,272.48
1639065420000,155.4,155.6,155.4,155.4,226.767
1639065480000,155.5,155.8,155.4,155.6,419.013
1639065540000,155.7,155.7,155.4,155.6,260.218
1639065600000,155.5,155.6,155.0,155.2,960.642
1639065660000,155.1,155.3,154.9,155.2,501.194
1639065720000,155.1,155.5,155.1,155.3,215.937
1639065780000,155.4,155.5,155.0,155.0,466.239
1639065840000,155.0,155.1,154.5,154.6,279.434
1639065900000,154.6,155.0,154.6,154.7,192.969
1639065960000,154.7,155.1,154.6,155.0,166.227
1639066020000,155.1,155.4,155.0,155.3,679.004
1639066080000,155.3,155.4,155.2,155.3,374.996
1639066140000,155.3,155.4,155.2,155.4,70.466
1639066200000,155.4,155.7,155.3,155.7,80.773
1639066260000,155.6,155.8,155.2,155.3,432.096
1639066320000,155.4,155.4,155.1,155.2,129.57
1639066380000,155.1,155.2,154.8,154.8,249.44
1639066440000,154.9,155.0,154.8,154.8,227.805
1639066500000,154.8,155.0,154.7,155.0,413.031
1639066560000,155.1,155.3,154.9,155.2,415.3
1639066620000,155.2,155.5,154.9,155.4,907.834
1639066680000,155.4,155.5,155.2,155.5,224.866
1639066740000,155.6,155.7,155.4,155.4,536.3
1639066800000,155.4,155.5,155.2,155.3,163.833
1639066860000,155.2,155.5,155.1,155.5,259.647
1639066920000,155.5,155.6,155.4,155.5,168.715
1639066980000,155.4,155.6,155.3,155.5,194.757
1639067040000,155.4,155.8,155.4,155.7,158.804
1639067100000,155.7,155.8,155.4,155.5,221.869
1639067160000,155.5,155.5,155.3,155.3,305.428
1639067220000,155.3,155.6,155.3,155.5,218.236
1639067280000,155.5,155.8,155.5,155.8,259.163
1639067340000,155.8,155.9,155.7,155.7,214.828
1639067400000,155.8,155.9,155.6,155.9,426.921
1639067460000,155.9,156.1,155.9,156.0,771.19
1639067520000,156.0,156.3,155.9,156.2,296.129
1639067580000,156.2,156.2,156.0,156.1,257.369
1639067640000,156.2,156.2,156.0,156.1,305.272
1639067700000,156.1,156.2,155.9,156.0,170.076
1639067760000,156.0,156.2,155.9,156.2,103.505
1639067820000,156.3,156.4,156.2,156.3,282.647
1639067880000,156.3,156.4,156.2,156.3,127.02
1639067940000,156.3,156.8,156.2,156.7,7207.079
1639068000000,156.7,157.2,156.7,156.7,2102.324
1639068060000,156.7,157.3,156.7,157.0,676.595
1639068120000,157.0,157.1,156.9,157.0,601.222
1639068180000,157.0,157.1,156.7,156.7,841.643
1639068240000,156.8,156.9,156.7,156.7,368.589
1639068300000,156.8,156.9,156.2,156.3,640.032
1639068360000,156.2,156.6,156.2,156.5,492.433
1639068420000,156.5,156.6,156.4,156.5,269.613
1639068480000,156.4,156.9,156.3,156.9,568.849
1639068540000,156.8,157.0,156.6,156.7,887.411
1639068600000,156.6,156.9,156.6,156.7,140.06
1639068660000,156.7,156.8,156.6,156.6,176.246
1639068720000,156.5,156.9,156.5,156.7,377.839
1639068780000,156.8,156.8,156.4,156.6,434.09
1639068840000,156.5,156.8,156.5,156.7,131.252
1639068900000,156.7,156.9,156.7,156.9,420.316
1639068960000,156.8,156.8,156.6,156.7,143.897
1639069020000,156.7,156.9,156.6,156.7,234.217
1639069080000,156.7,156.8,156.5,156.7,169.491
1639069140000,156.7,156.9,156.6,156.6,304.674
1639069200000,156.7,156.8,156.5,156.6,605.648
1639069260000,156.6,157.0,156.6,156.9,167.468
1639069320000,157.0,157.3,156.8,157.3,879.057
1639069380000,157.2,157.5,157.0,157.1,310.589
1639069440000,157.1,157.2,156.9,157.1,127.409
1639069500000,157.1,157.1,156.8,156.9,304.551
1639069560000,156.9,156.9,156.7,156.9,174.248
1639069620000,157.0,157.1,156.9,157.1,136.942
1639069680000,157.0,157.3,157.0,157.1,342.393
1639069740000,157.1,157.3,157.1,157.2,98.702
1639069800000,157.2,157.2,157.0,157.1,253.168
1639069860000,157.1,157.2,157.1,157.2,77.062
1639069920000,157.2,157.6,157.2,157.4,327.96
1639069980000,157.4,157.4,156.9,157.0,1576.483
1639070040000,157.0,157.2,157.0,157.1,318.479
1639070100000,157.0,157.1,156.8,156.8,163.336
1639070160000,156.9,157.1,156.8,157.1,269.093
1639070220000,157.1,157.2,157.1,157.2,69.313
1639070280000,157.2,157.2,156.9,157.0,256.262
1639070340000,157.1,157.1,156.9,156.9,122.238
1639070400000,156.9,157.0,156.8,156.8,96.555
1639070460000,156.8,156.9,156.6,156.7,218.571
1639070520000,156.8,157.1,156.7,157.0,215.616
1639070580000,157.0,157.0,156.6,156.7,561.694
1639070640000,156.7,157.0,156.7,156.9,173.189
1639070700000,156.9,157.0,156.8,156.9,623.58
1639070760000,156.9,156.9,156.6,156.7,337.235
1639070820000,156.6,156.7,156.2,156.3,455.937
1639070880000,156.4,156.5,156.2,156.4,186.781
1639070940000,156.3,156.5,156.3,156.3,176.666
1639071000000,156.3,156.3,156.0,156.1,511.343
1639071060000,156.2,156.2,156.1,156.2,46.942
1639071120000,156.2,156.5,156.2,156.4,191.445
1639071180000,156.4,156.7,156.4,156.6,220.729
1639071240000,156.6,156.7,156.5,156.6,42.044
1639071300000,156.6,156.8,156.4,156.4,325.741
1639071360000,156.5,156.7,156.4,156.6,394.309
1639071420000,156.6,156.6,156.2,156.3,134.648
1639071480000,156.3,156.3,156.1,156.2,480.805
1639071540000,156.2,156.2,155.9,156.1,258.13
1639071600000,156.1,156.2,156.0,156.2,266.325
1639071660000,156.1,156.4,156.1,156.2,363.237
1639071720000,156.2,156.4,156.2,156.2,133.771
1639071780000,156.2,156.2,155.9,156.0,431.447
1639071840000,156.0,156.0,155.7,155.7,235.73
1639071900000,155.7,156.0,155.7,155.8,367.741
1639071960000,155.8,156.0,155.8,156.0,138.394
1639072020000,155.9,156.1,155.8,155.9,109.156
1639072080000,155.9,156.0,155.9,155.9,44.008
1639072140000,156.0,156.1,155.9,156.0,150.901
1639072200000,156.0,156.0,155.9,155.9,55.55
1639072260000,155.9,156.2,155.9,156.2,674.024
1639072320000,156.1,156.3,156.0,156.0,642.756
1639072380000,156.1,156.1,156.0,156.1,90.622
1639072440000,156.1,156.1,155.7,155.7,266.311
1639072500000,155.6,155.7,155.5,155.6,450.251
1639072560000,155.6,155.6,155.2,155.3,195.402
1639072620000,155.3,155.4,155.0,155.0,395.366
1639072680000,155.0,155.1,154.4,154.4,871.295
1639072740000,154.4,154.8,154.1,154.7,1114.354
1639072800000,154.7,155.0,154.7,154.9,591.73
1639072860000,155.0,155.2,154.9,155.0,530.693
1639072920000,155.1,155.3,155.0,155.3,143.124
1639072980000,155.3,155.6,155.3,155.4,224.852
1639073040000,155.4,155.4,154.8,155.0,451.173
1639073100000,155.0,155.1,154.8,154.8,359.128
1639073160000,154.9,155.1,154.9,154.9,131.125
1639073220000,155.0,155.4,155.0,155.3,116.039
1639073280000,155.4,155.5,155.3,155.4,121.798
1639073340000,155.4,155.7,155.3,155.6,256.774
1639073400000,155.6,155.8,155.4,155.6,514.474
1639073460000,155.7,155.7,155.3,155.3,144.441
1639073520000,155.4,155.4,155.2,155.3,50.759
1639073580000,155.3,155.3,155.1,155.2,146.463
1639073640000,155.2,155.5,155.2,155.4,295.206
1639073700000,155.4,155.6,155.2,155.4,954.544
1639073760000,155.4,155.8,155.4,155.7,386.892
1639073820000,155.8,155.8,155.6,155.8,146.754
1639073880000,155.7,155.9,155.5,155.6,113.117
1639073940000,155.5,155.7,155.4,155.4,190.778
1639074000000,155.5,155.6,155.4,155.4,89.757
1639074060000,155.5,155.5,154.8,154.9,337.62
1639074120000,154.9,154.9,154.5,154.7,771.451
1639074180000,154.8,154.9,154.3,154.7,1028.98
1639074240000,154.6,154.9,154.4,154.6,1666.74
1639074300000,154.6,154.9,154.4,154.4,650.685
1639074360000,154.4,154.4,153.7,154.1,1615.317
1639074420000,154.1,154.1,153.4,154.0,3493.73
1639074480000,153.9,154.2,153.5,153.9,4536.779
1639074540000,154.0,154.3,153.8,154.0,1455.413
1639074600000,153.9,153.9,153.5,153.8,1350.385
1639074660000,153.9,154.0,153.4,153.6,561.218
1639074720000,153.7,154.1,153.7,154.0,430.25
1639074780000,154.0,154.2,153.7,153.7,442.053
1639074840000,153.7,154.0,153.4,153.6,633.297
1639074900000,153.7,153.7,153.0,153.3,910.607
1639074960000,153.3,153.5,153.2,153.4,502.525
1639075020000,153.3,153.9,153.3,153.7,384.033
1639075080000,153.7,154.0,153.7,153.9,1001.608
1639075140000,154.0,154.3,153.8,154.1,510.804
1639075200000,154.2,154.2,153.8,154.1,461.786
1639075260000,154.0,154.1,153.9,153.9,196.182
1639075320000,153.9,154.1,153.7,153.7,728.388
1639075380000,153.8,154.0,153.7,154.0,277.799
1639075440000,154.0,154.2,153.8,153.8,254.239
1639075500000,153.9,154.3,153.9,154.2,196.911
1639075560000,154.1,154.1,153.8,153.9,662.773
1639075620000,153.9,154.0,153.4,153.6,538.099
1639075680000,153.6,153.6,153.1,153.3,1021.07
1639075740000,153.3,153.6,153.2,153.3,541.745
1639075800000,153.3,153.4,152.9,152.9,307.784
1639075860000,153.0,153.1,152.8,152.9,226.454
1639075920000,152.8,152.9,152.2,152.5,1338.997
1639075980000,152.5,153.0,152.5,152.8,423.151
1639076040000,152.9,153.2,152.6,152.8,2531.985
1639076100000,152.9,153.3,152.8,153.1,290.336
1639076160000,153.2,153.7,153.2,153.5,1073.871
1639076220000,153.5,153.8,153.3,153.8,297.026
1639076280000,153.7,153.7,153.3,153.5,429.556
1639076340000,153.5,153.5,153.3,153.5,209.064
1639076400000,153.5,153.7,153.3,153.7,279.525
1639076460000,153.8,154.3,153.8,154.1,647.721
1639076520000,154.2,154.2,153.9,153.9,495.064
1639076580000,153.9,153.9,153.6,153.8,345.447
1639076640000,153.7,153.8,153.5,153.6,96.432
1639076700000,153.5,153.7,153.5,153.6,185.462
1639076760000,153.7,154.2,153.6,154.1,271.529
1639076820000,154.2,154.5,154.2,154.5,464.418
1639076880000,154.4,154.9,154.4,154.6,428.023
1639076940000,154.6,154.9,154.3,154.4,1326.465
1639077000000,154.4,154.4,153.7,153.8,381.489
1639077060000,153.8,154.0,153.7,154.0,403.53
1639077120000,154.0,154.3,153.9,154.0,666.371
1639077180000,154.1,154.2,153.7,153.8,409.698
1639077240000,153.7,153.9,153.6,153.8,123.524
1639077300000,153.7,153.8,153.5,153.7,258.917
1639077360000,153.8,154.2,153.7,154.1,642.514
1639077420000,154.2,154.3,154.0,154.2,214.014
1639077480000,154.3,154.6,154.2,154.5,190.621
1639077540000,154.6,154.6,154.1,154.2,269.563
1639077600000,154.2,154.4,154.1,154.3,284.755
1639077660000,154.2,154.4,154.1,154.1,281.662
1639077720000,154.1,154.4,154.0,154.2,224.638
1639077780000,154.2,154.6,154.2,154.6,445.673
1639077840000,154.6,154.8,154.5,154.6,476.943
1639077900000,154.7,154.7,154.4,154.5,457.945
1639077960000,154.6,154.7,154.3,154.4,671.266
1639078020000,154.4,154.5,154.2,154.3,322.684
1639078080000,154.3,154.4,154.2,154.4,222.504
1639078140000,154.4,154.4,154.2,154.3,194.274
1639078200000,154.4,154.7,154.4,154.5,327.54
1639078260000,154.6,154.6,154.3,154.3,132.268
1639078320000,154.3,154.3,154.0,154.1,386.976
1639078380000,154.2,154.4,154.0,154.3,547.87
1639078440000,154.4,154.7,154.2,154.6,477.575
1639078500000,154.6,154.7,154.5,154.6,200.118
1639078560000,154.7,154.9,154.7,154.8,286.794
1639078620000,154.8,155.2,154.8,155.2,484.443
1639078680000,155.1,155.2,154.9,155.0,329.226
1639078740000,155.0,155.2,155.0,155.1,89.707
1639078800000,155.1,155.3,155.1,155.1,276.256
1639078860000,155.2,155.3,155.1,155.2,388.651
1639078920000,155.1,155.1,154.6,154.8,705.564
1639078980000,154.7,154.8,154.4,154.5,257.47
1639079040000,154.5,154.7,154.3,154.5,426.611
1639079100000,154.5,154.5,154.3,154.3,232.221
1639079160000,154.4,154.6,154.3,154.5,374.821
1639079220000,154.4,154.6,154.3,154.4,548.1
1639079280000,154.3,154.5,154.3,154.4,115.314
1639079340000,154.4,154.8,154.3,154.8,146.373
1639079400000,154.7,154.9,154.7,154.7,113.635
1639079460000,154.7,154.9,154.6,154.8,101.215
1639079520000,154.7,154.8,154.5,154.6,366.871
1639079580000,154.5,154.6,154.3,154.4,146.857
1639079640000,154.5,154.5,154.2,154.3,522.453
1639079700000,154.3,154.4,154.1,154.1,171.092
1639079760000,154.1,154.1,153.8,153.9,140.441
1639079820000,153.9,154.1,153.7,154.0,423.324
1639079880000,154.0,154.3,154.0,154.1,473.989
1639079940000,154.0,154.1,153.9,153.9,190.528
1639080000000,153.9,154.0,153.6,153.9,660.788
1639080060000,153.9,154.4,153.8,154.4,494.204
1639080120000,154.3,154.5,154.2,154.2,337.38
1639080180000,154.2,154.4,153.8,153.9,330.133
1639080240000,153.8,153.9,153.6,153.6,253.248
1639080300000,153.7,153.7,153.4,153.6,562.493
1639080360000,153.6,153.8,153.4,153.6,129.255
1639080420000,153.6,153.6,153.4,153.5,93.082
1639080480000,153.5,153.8,153.4,153.8,480.244
1639080540000,153.7,153.8,153.4,153.6,432.205
1639080600000,153.6,153.8,153.4,153.8,261.653
1639080660000,153.7,153.7,153.3,153.4,406.561
1639080720000,153.4,153.4,152.9,152.9,530.755
1639080780000,152.9,153.1,152.7,152.8,685.24
1639080840000,152.8,152.9,152.6,152.6,491.956
1639080900000,152.6,153.1,152.6,153.1,321.424
1639080960000,153.0,153.6,152.9,153.6,618.071
1639081020000,153.5,153.8,153.4,153.7,574.686
1639081080000,153.7,154.0,153.6,154.0,760.745
1639081140000,153.9,154.0,153.6,154.0,558.301
1639081200000,154.0,154.0,153.5,153.6,579.783
1639081260000,153.7,153.8,153.5,153.5,342.75
1639081320000,153.5,153.5,153.3,153.4,98.687
1639081380000,153.3,153.9,153.3,153.9,270.113
1639081440000,153.8,153.9,153.6,153.6,208.269
1639081500000,153.6,153.6,153.1,153.4,709.595
1639081560000,153.4,153.4,152.9,153.3,389.015
1639081620000,153.3,153.8,153.3,153.8,308.169
1639081680000,153.8,153.8,153.5,153.5,364.708
1639081740000,153.5,153.6,153.3,153.3,180.31
1639081800000,153.3,153.9,153.1,153.8,1296.056
1639081860000,153.7,153.9,153.5,153.6,127.5
1639081920000,153.5,153.5,153.2,153.3,353.607
1639081980000,153.3,153.3,152.9,153.0,115.793
1639082040000,152.9,152.9,152.6,152.8,340.389
1639082100000,152.7,152.9,152.7,152.8,152.806
1639082160000,152.7,153.2,152.5,152.6,567.787
1639082220000,152.5,152.8,152.5,152.7,492.173
1639082280000,152.6,153.1,152.6,152.9,379.256
1639082340000,152.9,153.2,152.8,153.1,292.993
1639082400000,153.1,153.2,152.7,152.7,254.179
1639082460000,152.8,152.9,152.7,152.9,230.934
1639082520000,152.9,152.9,152.5,152.5,243.569
1639082580000,152.5,152.7,152.2,152.6,234.958
1639082640000,152.5,152.7,152.4,152.5,155.592
1639082700000,152.5,152.5,152.3,152.3,190.721
1639082760000,152.3,152.7,152.3,152.7,345.984
1639082820000,152.7,152.7,152.4,152.7,317.161
1639082880000,152.7,153.3,152.7,153.0,747.902
1639082940000,153.0,153.1,152.7,152.8,359.288
1639083000000,152.7,152.7,152.5,152.7,463.253
1639083060000,152.7,153.0,152.7,152.9,340.723
1639083120000,152.9,153.0,152.8,153.0,107.728
1639083180000,153.1,153.1,152.8,152.8,497.76
1639083240000,152.8,153.0,152.7,152.9,272.991
1639083300000,152.8,153.0,152.7,152.7,322.08
1639083360000,152.8,153.2,152.6,153.0,613.405
1639083420000,153.1,153.3,153.0,153.2,260.865
1639083480000,153.2,153.5,153.1,153.5,1045.067
1639083540000,153.5,153.8,153.5,153.7,915.1
1639083600000,153.7,154.0,153.5,153.8,207.591
1639083660000,153.9,154.0,153.7,153.8,474.545
1639083720000,153.9,153.9,153.6,153.7,212.06
1639083780000,153.7,153.7,153.3,153.4,126.212
1639083840000,153.3,153.4,153.3,153.4,74.422
1639083900000,153.3,153.4,153.1,153.4,284.171
1639083960000,153.4,153.5,153.1,153.3,395.439
1639084020000,153.3,153.7,153.3,153.7,252.997
1639084080000,153.7,154.0,153.6,153.9,542.97
1639084140000,154.0,154.1,153.7,153.8,306.661
1639084200000,153.7,154.0,153.7,153.8,128.842
1639084260000,153.8,153.9,153.6,153.8,130.367
1639084320000,153.8,153.8,153.6,153.8,300.571
1639084380000,153.8,154.0,153.7,153.9,174.017
1639084440000,154.0,154.0,153.7,153.8,294.319
1639084500000,153.7,153.8,153.6,153.8,94.449
1639084560000,153.8,153.8,153.4,153.6,785.882
1639084620000,153.6,153.6,153.3,153.6,255.316
1639084680000,153.5,154.0,153.4,153.9,1872.081
1639084740000,153.9,154.1,153.8,153.8,441.587
1639084800000,153.9,154.0,153.8,153.8,193.925
1639084860000,153.8,154.0,153.8,154.0,315.856
1639084920000,154.0,154.0,153.6,153.7,278.301
1639084980000,153.7,154.0,153.5,153.6,466.748
1639085040000,153.6,153.7,153.4,153.6,146.321
1639085100000,153.6,153.6,153.4,153.5,127.515
1639085160000,153.4,153.8,153.4,153.7,391.134
1639085220000,153.8,154.3,153.7,154.1,722.134
1639085280000,154.2,154.4,154.2,154.3,314.689
1639085340000,154.2,154.3,154.0,154.1,257.275
1639085400000,154.0,154.2,153.9,154.2,128.188
1639085460000,154.1,154.2,153.9,154.0,152.035
1639085520000,154.0,154.0,153.7,153.8,392.295
1639085580000,153.8,153.9,153.7,153.7,112.852
1639085640000,153.8,153.9,153.7,153.9,67.177
1639085700000,154.0,154.0,153.5,153.5,594.15
1639085760000,153.6,153.8,153.6,153.6,181.387
1639085820000,153.6,153.9,153.6,153.9,179.894
1639085880000,153.8,154.1,153.8,153.9,450.465
1639085940000,154.0,154.3,153.9,154.2,203.125
1639086000000,154.2,154.4,154.1,154.2,151.081
1639086060000,154.1,154.1,154.0,154.1,120.673
1639086120000,154.0,154.4,153.9,154.2,438.008
1639086180000,154.2,154.4,154.1,154.3,115.376
1639086240000,154.4,154.8,154.3,154.8,1971.864
1639086300000,154.7,154.8,154.6,154.7,335.197
1639086360000,154.7,154.9,154.7,154.8,510.895
1639086420000,154.8,154.8,154.5,154.7,368.539
1639086480000,154.5,154.7,154.5,154.6,158.6
1639086540000,154.6,154.8,154.5,154.8,127.814
1639086600000,154.8,154.8,154.6,154.8,141.699
1639086660000,154.7,155.1,154.7,155.1,246.322
1639086720000,155.1,155.1,154.8,154.9,372.187
1639086780000,155.0,155.0,154.6,154.7,295.623
1639086840000,154.8,154.9,154.6,154.8,244.036
1639086900000,154.8,154.8,154.6,154.6,58.761
1639086960000,154.6,154.7,154.5,154.7,62.976
1639087020000,154.7,154.7,154.5,154.7,168.842
1639087080000,154.6,154.6,154.2,154.4,626.047
1639087140000,154.4,154.7,154.4,154.5,211.789
1639087200000,154.5,154.8,154.4,154.7,487.877
1639087260000,154.6,154.8,154.6,154.8,350.324
1639087320000,154.9,155.1,154.9,155.1,373.759
1639087380000,155.0,155.6,155.0,155.5,816.389
1639087440000,155.5,155.8,155.4,155.6,432.273
1639087500000,155.6,156.0,155.5,155.9,843.137
1639087560000,155.8,155.9,155.4,155.6,650.995
1639087620000,155.5,155.5,155.3,155.4,335.25
1639087680000,155.3,155.8,155.3,155.4,240.673
1639087740000,155.5,155.6,155.4,155.6,374.416
1639087800000,155.6,155.7,155.4,155.5,276.794
1639087860000,155.4,155.6,155.2,155.3,698.612
1639087920000,155.3,155.4,155.1,155.2,409.624
1639087980000,155.1,155.2,155.0,155.1,501.61
1639088040000,155.0,155.2,155.0,155.2,221.817
1639088100000,155.1,155.2,154.9,155.0,118.805
1639088160000,155.1,155.1,155.0,155.0,52.115
1639088220000,155.0,155.6,155.0,155.6,271.775
1639088280000,155.5,155.6,155.3,155.5,294.836
1639088340000,155.5,155.5,155.3,155.3,19.545
1639088400000,155.4,155.4,155.2,155.3,57.636
1639088460000,155.3,155.4,155.1,155.2,167.953
1639088520000,155.2,155.3,155.1,155.3,74.129
1639088580000,155.2,155.3,155.1,155.3,58.05
1639088640000,155.3,155.4,155.2,155.3,144.368
1639088700000,155.3,155.5,155.3,155.4,51.618
1639088760000,155.4,155.4,155.3,155.3,111.115
1639088820000,155.3,155.4,155.2,155.3,182.342
1639088880000,155.4,155.4,155.2,155.3,168.436
1639088940000,155.2,155.3,155.2,155.3,57.439
1639089000000,155.3,155.3,155.2,155.3,12.618
1639089060000,155.3,155.4,155.3,155.3,40.014
1639089120000,155.4,155.4,155.3,155.4,29.791
1639089180000,155.3,155.3,155.2,155.2,279.175
1639089240000,155.2,155.3,155.2,155.3,45.482
1639089300000,155.2,155.3,155.2,155.2,22.555
1639089360000,155.3,155.3,155.1,155.2,68.05
1639089420000,155.2,155.2,155.1,155.1,42.315
1639089480000,155.2,155.2,155.1,155.1,20.733
1639089540000,155.1,155.1,155.0,155.1,164.985
1639089600000,155.0,155.0,154.5,154.6,647.603
1639089660000,154.6,154.6,154.3,154.4,81.641
1639089720000,154.3,154.4,154.0,154.0,431.969
1639089780000,153.9,154.1,153.9,153.9,122.799
1639089840000,153.9,154.2,153.8,154.0,281.676
1639089900000,154.0,154.3,154.0,154.3,101.943
1639089960000,154.2,154.4,154.0,154.1,149.658
1639090020000,154.1,154.4,154.0,154.3,90.281
1639090080000,154.3,154.4,154.2,154.3,253.565
1639090140000,154.3,154.5,154.2,154.4,94.211
1639090200000,154.5,154.5,154.4,154.4,60.566
1639090260000,154.3,154.5,154.3,154.5,173.038
1639090320000,154.5,154.6,154.4,154.6,118.312
1639090380000,154.6,154.7,154.6,154.7,84.716
1639090440000,154.7,154.7,154.4,154.5,103.661
1639090500000,154.5,154.6,154.2,154.3,287.874
1639090560000,154.3,154.4,154.2,154.4,74.411
1639090620000,154.3,154.3,154.2,154.2,77.226
1639090680000,154.2,154.3,154.1,154.1,135.499
1639090740000,154.2,154.7,154.1,154.6,512.147
1639090800000,154.7,154.7,154.3,154.3,159.519
1639090860000,154.3,154.3,153.9,154.0,548.838
1639090920000,154.1,154.3,154.0,154.2,104.634
1639090980000,154.2,154.3,154.0,154.1,93.283
1639091040000,154.1,154.3,154.0,154.3,72.321
1639091100000,154.2,154.6,154.1,154.5,433.994
1639091160000,154.5,154.7,154.4,154.6,296.469
1639091220000,154.5,154.7,154.5,154.6,156.789
1639091280000,154.5,154.7,154.5,154.6,193.574
1639091340000,154.5,154.7,154.5,154.6,88.959
1639091400000,154.5,154.6,154.4,154.6,50.862
1639091460000,154.5,154.8,154.5,154.8,208.889
1639091520000,154.8,154.9,154.7,154.9,191.681
1639091580000,154.9,155.0,154.8,154.8,97.799
1639091640000,154.8,155.1,154.8,154.9,649.245
1639091700000,155.0,155.2,154.9,155.1,388.15
1639091760000,155.0,155.0,154.9,154.9,248.387
1639091820000,154.9,155.0,154.8,154.9,196.522
1639091880000,155.0,155.0,154.8,154.8,112.519
1639091940000,154.7,154.7,154.6,154.7,143.971
1639092000000,154.6,154.7,154.5,154.5,32.895
1639092060000,154.6,154.6,154.0,154.2,2105.51
1639092120000,154.2,154.2,154.1,154.1,22.085
1639092180000,154.1,154.4,154.1,154.4,610.86
1639092240000,154.4,154.6,154.4,154.5,159.112
1639092300000,154.5,154.6,154.4,154.4,85.377
1639092360000,154.4,154.4,154.1,154.2,226.963
1639092420000,154.2,154.2,154.1,154.2,16.482
1639092480000,154.2,154.2,154.1,154.2,67.617
1639092540000,154.2,154.3,154.1,154.3,60.847
1639092600000,154.3,154.4,154.1,154.2,181.193
1639092660000,154.1,154.2,154.1,154.1,79.593
1639092720000,154.1,154.5,154.1,154.5,598.55
1639092780000,154.5,154.5,154.4,154.5,390.998
1639092840000,154.5,154.5,154.1,154.1,72.838
1639092900000,154.1,154.2,153.9,153.9,494.348
1639092960000,153.9,153.9,153.6,153.7,380.927
1639093020000,153.7,153.7,153.5,153.7,1248.098
1639093080000,153.6,153.7,153.6,153.7,50.791
1639093140000,153.6,153.9,153.5,153.8,197.881
1639093200000,153.9,153.9,153.8,153.8,21.133
1639093260000,153.8,153.8,153.4,153.4,298.123
1639093320000,153.5,153.6,153.4,153.4,99.238
1639093380000,153.5,153.5,153.3,153.4,108.144
1639093440000,153.4,153.6,153.3,153.5,180.063
1639093500000,153.4,153.6,153.0,153.0,495.689
1639093560000,153.0,153.2,152.9,153.1,508.184
1639093620000,153.1,153.2,153.1,153.1,205.578
1639093680000,153.1,153.2,153.0,153.1,159.503
1639093740000,153.1,153.3,152.9,152.9,949.451
1639093800000,152.9,152.9,152.5,152.5,973.037
1639093860000,152.6,152.6,152.3,152.4,1196.45
1639093920000,152.4,152.6,152.3,152.4,182.105
1639093980000,152.3,152.8,152.3,152.6,265.175
1639094040000,152.6,152.7,151.9,152.2,1053.566
1639094100000,152.1,152.2,151.9,152.0,264.12
1639094160000,152.0,152.4,152.0,152.1,825.322
1639094220000,152.0,152.1,151.4,151.6,944.092
1639094280000,151.6,151.8,151.1,151.7,1259.518
1639094340000,151.7,151.8,151.3,151.3,422.807
1639094400000,151.4,151.9,151.2,151.6,1045.23
1639094460000,151.6,151.8,151.5,151.7,680.605
1639094520000,151.7,151.9,151.4,151.6,1058.849
1639094580000,151.5,151.6,150.9,151.2,2291.689
1639094640000,151.1,151.4,150.9,151.4,705.759
1639094700000,151.5,152.1,151.4,151.9,699.547
1639094760000,151.9,152.5,151.8,152.3,1696.371
1639094820000,152.3,152.7,152.3,152.5,389.488
1639094880000,152.5,152.8,152.3,152.7,1195.161
1639094940000,152.8,153.2,152.6,153.1,556.948
1639095000000,153.2,153.6,153.1,153.3,577.335
1639095060000,153.3,153.5,152.9,152.9,413.38
1639095120000,152.9,153.0,152.7,152.7,397.417
1639095180000,152.7,152.9,152.6,152.6,474.559
1639095240000,152.7,153.5,152.6,153.4,733.579
1639095300000,153.3,153.6,153.2,153.5,353.527
1639095360000,153.4,153.5,153.1,153.3,179.031
1639095420000,153.2,153.5,153.1,153.3,340.861
1639095480000,153.3,153.4,153.2,153.2,238.492
1639095540000,153.1,153.1,152.9,153.0,116.308
1639095600000,152.9,153.0,152.6,152.7,137.251
1639095660000,152.7,152.9,152.6,152.9,109.58
1639095720000,152.9,153.2,152.9,153.1,432.286
1639095780000,153.0,153.3,153.0,153.0,671.17
1639095840000,153.1,153.4,153.1,153.3,259.906
1639095900000,153.2,153.4,153.1,153.4,228.599
1639095960000,153.3,153.3,152.8,152.9,385.627
1639096020000,153.0,153.2,152.9,153.0,147.938
1639096080000,153.0,153.2,152.8,153.2,183.688
1639096140000,153.2,153.6,153.2,153.5,152.3
1639096200000,153.4,153.7,153.3,153.6,282.224
1639096260000,153.7,153.9,153.6,153.8,237.535
1639096320000,153.8,154.8,153.8,154.6,2011.546
1639096380000,154.7,155.7,154.7,155.5,2920.198
1639096440000,155.6,156.0,155.3,155.3,1789.658
1639096500000,155.4,155.9,155.1,155.6,1060.636
1639096560000,155.7,155.9,155.2,155.4,2817.954
1639096620000,155.3,155.3,154.7,154.9,877.651
1639096680000,154.9,155.0,154.5,154.5,1058.198
1639096740000,154.6,154.6,154.3,154.5,264.178
1639096800000,154.6,154.6,153.4,153.7,1113.364
1639096860000,153.8,153.8,153.1,153.8,823.348
1639096920000,153.9,154.0,153.5,153.7,484.451
1639096980000,153.8,154.1,153.7,153.9,240.634
1639097040000,154.0,154.0,153.9,154.0,199.944
1639097100000,153.9,154.0,153.7,153.7,491.723
1639097160000,153.7,154.1,153.6,154.1,249.033
1639097220000,154.1,154.1,153.5,153.5,431.92
1639097280000,153.5,153.9,153.5,153.8,271.08
1639097340000,153.8,153.9,153.7,153.7,282.428
1639097400000,153.6,153.9,153.5,153.9,214.847
1639097460000,153.8,153.9,153.5,153.6,642.173
1639097520000,153.6,153.7,153.4,153.5,381.939
1639097580000,153.6,153.7,153.5,153.5,106.267
1639097640000,153.5,153.6,153.1,153.1,543.009
1639097700000,153.2,153.4,153.1,153.2,233.202
1639097760000,153.3,153.4,152.9,153.1,391.526
1639097820000,153.1,153.4,153.0,153.2,530.195
1639097880000,153.3,153.4,153.0,153.1,358.261
1639097940000,153.1,153.3,153.1,153.2,118.929
1639098000000,153.3,153.5,152.8,152.8,836.062
1639098060000,152.9,153.1,152.6,152.9,1206.071
1639098120000,152.9,152.9,152.5,152.7,657.281
1639098180000,152.7,152.7,152.5,152.6,152.512
1639098240000,152.6,152.6,152.2,152.2,201.699
1639098300000,152.2,152.5,152.2,152.2,279.291
1639098360000,152.2,152.5,152.1,152.5,431.682
1639098420000,152.5,153.2,152.5,153.2,1577.277
1639098480000,153.1,153.4,153.0,153.1,634.029
1639098540000,153.0,153.4,153.0,153.3,103.981
1639098600000,153.3,153.4,153.0,153.1,701.743
1639098660000,153.1,153.5,153.1,153.4,1553.415
1639098720000,153.4,153.5,152.4,152.5,5097.713
1639098780000,152.5,153.3,152.4,153.1,1480.116
1639098840000,153.2,153.4,153.0,153.4,515.694
1639098900000,153.4,153.5,153.1,153.2,187.347
1639098960000,153.1,153.4,153.1,153.4,540.213
1639099020000,153.5,153.6,153.3,153.5,340.93
1639099080000,153.6,154.0,153.5,154.0,465.971
1639099140000,154.0,154.3,153.9,154.1,674.488
1639099200000,154.3,154.4,154.1,154.3,512.422
1639099260000,154.3,154.6,154.2,154.5,203.017
1639099320000,154.5,154.6,154.2,154.3,341.468
1639099380000,154.3,154.5,154.2,154.4,518.329
1639099440000,154.4,154.5,154.1,154.3,691.408
1639099500000,154.2,154.2,153.9,154.1,425.919
1639099560000,154.0,154.1,153.9,154.1,83.333
1639099620000,154.0,154.6,153.9,154.4,503.421
1639099680000,154.4,154.5,154.2,154.4,327.291
1639099740000,154.4,154.6,154.4,154.5,164.306
1639099800000,154.5,154.6,154.3,154.3,152.484
1639099860000,154.3,154.4,154.2,154.3,734.083
1639099920000,154.2,154.2,154.0,154.0,106.885
1639099980000,154.1,154.3,154.0,154.2,336.847
1639100040000,154.2,154.2,154.0,154.1,482.57
1639100100000,154.2,154.4,154.0,154.1,400.066
1639100160000,154.0,154.2,153.9,154.0,281.543
1639100220000,154.1,154.6,154.1,154.4,809.322
1639100280000,154.4,154.7,154.4,154.6,868.739
1639100340000,154.6,154.6,154.3,154.4,138.012
1639100400000,154.4,154.4,154.2,154.3,89.451
1639100460000,154.4,154.6,154.4,154.4,723.394
1639100520000,154.4,154.7,154.4,154.7,265.385
1639100580000,154.7,154.8,154.6,154.6,388.147
1639100640000,154.7,154.9,154.6,154.8,187.657
1639100700000,154.8,154.8,154.6,154.7,478.631
1639100760000,154.7,154.7,154.6,154.6,406.756
1639100820000,154.6,154.7,154.5,154.7,142.767
1639100880000,154.7,154.7,154.4,154.6,203.731
1639100940000,154.5,154.6,154.4,154.6,298.649
1639101000000,154.6,154.8,154.5,154.8,238.647
1639101060000,154.7,155.1,154.7,155.0,348.878
1639101120000,155.0,155.1,154.9,155.0,106.488
1639101180000,155.0,155.2,154.9,155.1,319.385
1639101240000,155.1,155.1,154.9,155.0,313.853
1639101300000,155.0,155.0,154.9,155.0,176.35
1639101360000,154.9,155.0,154.7,154.9,175.63
1639101420000,154.8,154.8,154.6,154.6,159.363
1639101480000,154.7,154.8,154.7,154.8,70.454
1639101540000,154.8,154.8,154.6,154.7,113.705
1639101600000,154.7,154.8,154.5,154.7,292.587
1639101660000,154.8,155.0,154.8,155.0,188.092
1639101720000,154.9,155.2,154.9,155.0,527.699
1639101780000,155.0,155.0,154.7,154.7,251.895
1639101840000,154.7,154.9,154.7,154.8,129.451
1639101900000,154.7,154.7,154.4,154.5,357.723
1639101960000,154.5,154.5,154.3,154.4,61.417
1639102020000,154.3,154.3,154.0,154.0,365.29
1639102080000,154.1,154.1,153.9,153.9,104.63
1639102140000,154.0,154.0,153.7,153.8,91.05
1639102200000,153.9,154.0,153.8,154.0,110.299
1639102260000,154.0,154.1,153.8,153.9,138.036
1639102320000,153.9,154.0,153.8,153.9,18.092
1639102380000,153.9,154.4,153.8,154.3,1726.997
1639102440000,154.3,154.7,154.3,154.6,292.392
1639102500000,154.5,154.5,154.3,154.3,192.036
1639102560000,154.4,154.7,154.4,154.6,178.428
1639102620000,154.6,154.9,154.6,154.8,109.526
1639102680000,154.7,154.9,154.6,154.9,147.817
1639102740000,154.9,155.6,154.9,155.3,907.933
1639102800000,155.3,155.4,155.1,155.3,621.014
1639102860000,155.3,155.4,155.1,155.4,103.421
1639102920000,155.3,155.3,155.0,155.0,270.785
1639102980000,155.0,155.4,155.0,155.3,129.347
1639103040000,155.3,155.4,155.1,155.2,96.003
1639103100000,155.1,155.4,155.1,155.3,154.698
1639103160000,155.3,155.4,155.2,155.2,86.035
1639103220000,155.3,155.3,155.1,155.2,124.526
1639103280000,155.2,155.2,155.0,155.0,167.298
1639103340000,155.0,155.1,154.9,154.9,134.144
1639103400000,155.0,155.0,154.7,154.8,108.02
1639103460000,154.8,154.9,154.5,154.6,265.381
1639103520000,154.6,154.7,154.3,154.5,1295.933
1639103580000,154.5,154.8,154.4,154.8,244.558
1639103640000,154.8,154.8,154.7,154.8,34.457
1639103700000,154.7,154.8,154.6,154.7,162.704
1639103760000,154.7,154.8,154.6,154.8,86.985
1639103820000,154.7,154.9,154.7,154.9,141.799
1639103880000,154.9,155.0,154.8,155.0,102.077
1639103940000,155.0,155.8,155.0,155.7,2229.46
1639104000000,155.8,155.9,155.2,155.3,1151.021
1639104060000,155.2,155.2,155.0,155.1,229.134
1639104120000,155.2,155.4,155.1,155.4,285.207
1639104180000,155.4,155.4,155.2,155.4,105.969
1639104240000,155.4,155.5,155.3,155.3,142.434
1639104300000,155.4,155.4,155.2,155.3,183.609
1639104360000,155.3,155.3,155.0,155.1,420.084
1639104420000,155.1,155.2,154.8,154.9,1263.762
1639104480000,154.8,154.9,154.7,154.7,307.165
1639104540000,154.8,155.0,154.5,154.5,802.685
1639104600000,154.5,154.7,154.5,154.5,301.372
1639104660000,154.6,154.6,154.4,154.4,116.784
1639104720000,154.4,154.5,154.2,154.5,338.7
1639104780000,154.4,154.4,154.2,154.4,227.069
1639104840000,154.3,154.4,154.2,154.3,227.701
1639104900000,154.2,154.2,153.9,154.1,696.538
1639104960000,154.1,154.2,154.0,154.2,974.769
1639105020000,154.2,154.5,154.2,154.2,373.161
1639105080000,154.3,154.5,154.2,154.5,147.913
1639105140000,154.4,154.5,154.3,154.3,116.091
1639105200000,154.4,154.6,154.3,154.5,112.703
1639105260000,154.5,154.9,154.5,154.7,1295.131
1639105320000,154.7,155.0,154.6,154.8,608.596
1639105380000,154.8,154.9,154.5,154.5,188.257
1639105440000,154.5,154.6,154.4,154.4,90.072
1639105500000,154.4,154.5,154.3,154.5,93.598
1639105560000,154.5,154.6,154.4,154.6,264.363
1639105620000,154.5,154.5,153.8,154.0,1716.57
1639105680000,154.0,154.2,153.9,154.0,128.158
1639105740000,154.0,154.1,153.9,154.0,137.41
1639105800000,154.0,154.1,153.9,154.0,237.482
1639105860000,153.9,154.0,153.7,153.8,274.951
1639105920000,153.7,153.9,153.7,153.8,144.979
1639105980000,153.8,153.8,153.7,153.7,14.065
1639106040000,153.8,153.8,153.7,153.7,263.838
1639106100000,153.7,153.8,153.6,153.8,346.079
1639106160000,153.9,154.0,153.8,153.8,327.667
1639106220000,153.8,154.0,153.8,153.9,168.765
1639106280000,154.0,154.1,153.9,153.9,165.143
1639106340000,154.0,154.0,153.6,153.8,327.561
1639106400000,153.7,153.7,153.5,153.6,163.979
1639106460000,153.6,153.7,153.6,153.7,103.801
1639106520000,153.6,153.7,153.5,153.5,182.407
1639106580000,153.6,153.7,153.6,153.6,92.433
1639106640000,153.6,153.8,153.6,153.8,279.816
1639106700000,153.8,153.8,153.7,153.8,25.752
1639106760000,153.8,153.9,153.7,153.9,147.148
1639106820000,153.8,153.9,153.8,153.8,44.484
1639106880000,153.8,153.9,153.6,153.6,254.245
1639106940000,153.6,153.8,153.6,153.8,151.836
1639107000000,153.8,153.8,153.6,153.6,123.412
1639107060000,153.7,153.8,153.7,153.8,169.903
1639107120000,153.8,153.9,153.7,153.7,56.554
1639107180000,153.7,153.8,153.6,153.6,134.904
1639107240000,153.7,153.7,153.6,153.7,86.793
1639107300000,153.7,154.0,153.7,153.9,232.429
1639107360000,153.9,154.0,153.7,153.7,286.583
1639107420000,153.8,153.8,153.6,153.6,119.93
1639107480000,153.7,153.7,153.6,153.6,49.677
1639107540000,153.6,153.7,153.6,153.7,336.785
1639107600000,153.7,153.9,153.7,153.8,201.003
1639107660000,153.8,153.8,153.6,153.6,242.069
1639107720000,153.7,153.7,153.5,153.5,292.381
1639107780000,153.5,153.5,153.4,153.5,172.478
1639107840000,153.5,153.7,153.5,153.5,253.195
1639107900000,153.6,153.7,153.5,153.5,67.585
1639107960000,153.5,153.8,153.5,153.7,165.535
1639108020000,153.8,153.9,153.7,153.8,83.255
1639108080000,153.8,153.9,153.8,153.8,27.078
1639108140000,153.9,153.9,153.6,153.6,270.135
1639108200000,153.7,154.0,153.7,154.0,233.045
1639108260000,154.0,154.1,153.9,154.0,114.687
1639108320000,153.9,154.0,153.8,153.9,90.904
1639108380000,153.9,153.9,153.7,153.7,141.582
1639108440000,153.6,153.7,153.6,153.7,71.146
1639108500000,153.7,153.8,153.7,153.8,67.837
1639108560000,153.8,153.8,153.7,153.8,192.938
1639108620000,153.9,153.9,153.8,153.9,64.388
1639108680000,153.9,153.9,153.8,153.9,46.05
1639108740000,153.9,153.9,153.6,153.7,371.511
1639108800000,153.8,153.9,153.7,153.9,115.601
1639108860000,153.8,154.0,153.8,154.0,219.491
1639108920000,154.1,154.3,154.0,154.2,201.541
1639108980000,154.2,154.3,153.9,154.0,162.111
1639109040000,153.9,153.9,153.8,153.9,95.789
1639109100000,153.8,154.6,153.8,154.0,3981.04
1639109160000,153.9,153.9,153.6,153.6,271.235
1639109220000,153.6,153.7,153.5,153.5,128.257
1639109280000,153.5,153.7,153.4,153.5,183.624
1639109340000,153.5,153.7,153.4,153.4,323.238
1639109400000,153.4,153.4,153.1,153.4,330.972
1639109460000,153.3,153.5,153.2,153.5,331.084
1639109520000,153.5,153.6,153.4,153.5,103.493
1639109580000,153.5,153.9,153.5,153.9,356.92
1639109640000,153.9,154.1,153.9,154.0,100.349
1639109700000,154.0,154.3,154.0,154.3,53.574
1639109760000,154.2,154.5,154.2,154.5,239.832
1639109820000,154.4,154.4,154.1,154.1,143.826
1639109880000,154.1,154.1,154.0,154.0,31.046
1639109940000,154.0,154.4,153.9,154.4,135.554
1639110000000,154.3,154.6,154.3,154.6,156.883
1639110060000,154.6,154.8,154.5,154.7,324.542
1639110120000,154.7,154.8,154.6,154.8,38.594
1639110180000,154.9,154.9,154.5,154.7,213.814
1639110240000,154.6,154.7,154.4,154.5,85.457
1639110300000,154.5,154.6,154.3,154.4,146.187
1639110360000,154.4,154.6,154.4,154.5,117.412
1639110420000,154.4,154.9,154.4,154.7,138.95
1639110480000,154.7,154.8,154.5,154.7,201.549
1639110540000,154.8,154.8,154.6,154.7,50.671
1639110600000,154.8,155.1,154.8,155.0,462.995
1639110660000,154.9,154.9,154.4,154.5,336.348
1639110720000,154.5,154.6,154.3,154.3,48.273
1639110780000,154.4,154.4,154.3,154.4,24.84
1639110840000,154.4,154.5,154.3,154.5,244.633
1639110900000,154.4,154.7,154.4,154.6,272.341
1639110960000,154.7,154.8,154.7,154.7,209.244
1639111020000,154.7,154.7,154.5,154.6,112.427
1639111080000,154.7,154.7,154.5,154.6,60.366
1639111140000,154.5,154.6,154.1,154.1,264.972
1639111200000,154.1,154.2,153.8,153.8,216.172
1639111260000,153.9,153.9,153.6,153.6,253.184
1639111320000,153.5,153.7,153.3,153.4,190.115
1639111380000,153.5,153.6,153.3,153.3,391.685
1639111440000,153.3,153.8,153.2,153.7,637.94
1639111500000,153.7,154.1,153.6,153.9,299.778
1639111560000,153.9,154.0,153.8,153.8,53.915
1639111620000,153.9,154.0,153.8,154.0,744.675
1639111680000,154.0,154.1,153.8,153.9,136.233
1639111740000,153.9,154.1,153.9,153.9,55.139
1639111800000,154.0,154.0,153.5,153.5,332.224
1639111860000,153.5,153.5,153.3,153.4,244.79
1639111920000,153.4,153.5,153.4,153.5,20.121
1639111980000,153.5,153.5,153.3,153.3,154.959
1639112040000,153.2,153.5,153.2,153.5,201.29
1639112100000,153.5,153.6,153.3,153.4,136.051
1639112160000,153.4,153.8,153.4,153.7,184.794
1639112220000,153.8,153.8,153.6,153.6,99.322
1639112280000,153.5,153.6,153.5,153.6,107.715
1639112340000,153.5,153.6,153.2,153.2,474.42
1639112400000,153.2,153.6,153.2,153.3,622.624
1639112460000,153.3,153.3,153.0,153.3,414.359
1639112520000,153.2,153.3,153.1,153.1,94.278
1639112580000,153.1,153.2,153.0,153.2,286.888
1639112640000,153.2,153.3,153.1,153.3,249.72
1639112700000,153.3,153.8,153.2,153.8,257.513
1639112760000,153.8,153.8,153.5,153.7,377.624
1639112820000,153.7,153.8,153.5,153.5,99.318
1639112880000,153.6,153.7,153.5,153.7,56.761
1639112940000,153.7,153.8,153.6,153.7,57.088
1639113000000,153.6,153.9,153.5,153.8,94.844
1639113060000,153.8,154.1,153.8,154.1,188.041
1639113120000,154.1,154.1,154.0,154.1,30.402
1639113180000,154.1,154.2,153.9,153.9,103.668
1639113240000,154.0,154.0,153.6,153.7,249.015
1639113300000,153.8,153.9,153.7,153.8,395.641
1639113360000,153.9,153.9,153.9,153.9,20.941
1639113420000,153.9,154.2,153.9,154.2,239.095
1639113480000,154.2,154.4,154.2,154.3,137.53
1639113540000,154.4,154.5,154.2,154.3,261.383
1639113600000,154.3,154.5,154.3,154.3,213.999
1639113660000,154.3,154.4,154.1,154.1,454.55
1639113720000,154.1,154.2,153.8,153.9,186.468
1639113780000,153.9,153.9,153.6,153.6,236.38
1639113840000,153.6,153.6,153.0,153.1,362.047
1639113900000,153.1,153.1,152.4,152.6,2343.447
1639113960000,152.6,152.9,152.4,152.5,684.018
1639114020000,152.5,152.6,152.4,152.6,321.71
1639114080000,152.6,152.6,152.4,152.4,41.754
1639114140000,152.5,153.0,152.5,152.9,620.365
1639114200000,152.9,153.4,152.9,153.2,623.608
1639114260000,153.1,153.3,153.0,153.3,96.105
1639114320000,153.2,153.4,153.1,153.2,156.105
1639114380000,153.2,153.4,152.9,152.9,268.06
1639114440000,152.9,152.9,152.5,152.5,94.107
1639114500000,152.6,152.9,152.6,152.7,174.959
1639114560000,152.7,152.7,152.3,152.4,328.642
1639114620000,152.4,152.5,152.0,152.2,809.806
1639114680000,152.2,152.2,151.5,151.8,2004.783
1639114740000,151.8,152.1,151.8,152.0,213.322
1639114800000,152.1,152.3,152.0,152.1,477.811
1639114860000,152.2,152.4,152.1,152.4,152.742
1639114920000,152.3,152.4,152.2,152.3,108.418
1639114980000,152.3,152.4,152.1,152.2,362.695
1639115040000,152.2,152.4,152.2,152.3,292.345
1639115100000,152.3,152.6,152.3,152.3,179.098
1639115160000,152.4,152.4,151.9,152.0,331.058
1639115220000,152.0,152.3,152.0,152.3,120.575
1639115280000,152.3,152.5,152.3,152.4,128.046
1639115340000,152.5,152.5,152.2,152.3,151.278
1639115400000,152.3,152.4,152.2,152.3,67.283
1639115460000,152.4,152.4,152.2,152.2,190.531
1639115520000,152.2,152.2,152.0,152.0,239.247
1639115580000,152.1,152.2,152.0,152.0,232.158
1639115640000,152.1,152.2,152.0,152.1,144.641
1639115700000,152.1,152.3,152.1,152.2,105.178
1639115760000,152.2,152.3,152.1,152.2,185.898
1639115820000,152.3,152.6,152.3,152.6,291.667
1639115880000,152.5,152.6,152.4,152.5,211.111
1639115940000,152.5,152.8,152.5,152.8,126.739
1639116000000,152.7,153.3,152.7,153.2,865.334
1639116060000,153.1,153.1,152.9,152.9,322.001
1639116120000,152.8,152.8,152.4,152.6,446.207
1639116180000,152.6,152.8,152.4,152.5,296.615
1639116240000,152.6,153.0,152.6,153.0,142.239
1639116300000,153.0,153.2,153.0,153.0,89.089
1639116360000,153.1,153.2,153.1,153.2,17.137
1639116420000,153.2,153.2,153.1,153.2,29.392
1639116480000,153.2,153.4,153.1,153.4,255.207
1639116540000,153.4,153.6,153.3,153.3,348.446
1639116600000,153.3,153.4,153.1,153.3,364.654
1639116660000,153.3,153.4,153.0,153.2,278.612
1639116720000,153.3,153.3,153.1,153.1,16.73
1639116780000,153.2,153.2,152.9,153.1,206.577
1639116840000,153.0,153.0,152.9,152.9,59.13
1639116900000,152.9,153.5,152.8,153.4,301.035
1639116960000,153.5,153.6,153.4,153.5,1037.815
1639117020000,153.5,153.8,153.5,153.6,427.241
1639117080000,153.7,154.0,153.7,153.8,276.345
1639117140000,153.8,153.8,153.6,153.7,344.32
1639117200000,153.7,154.0,153.7,153.7,633.957
1639117260000,153.8,153.8,153.2,153.6,550.34
1639117320000,153.6,153.6,153.3,153.5,36.411
1639117380000,153.5,153.5,153.0,153.2,236.149
1639117440000,153.1,153.1,152.9,153.1,173.545
1639117500000,153.0,153.2,152.9,153.0,225.278
1639117560000,152.9,152.9,152.6,152.8,290.321
1639117620000,152.7,152.9,152.6,152.7,334.61
1639117680000,152.6,152.6,152.5,152.5,88.396
1639117740000,152.5,152.6,152.4,152.4,246.762
1639117800000,152.4,152.4,152.2,152.2,107.793
1639117860000,152.2,152.5,152.1,152.5,680.269
1639117920000,152.5,152.6,152.3,152.6,154.905
1639117980000,152.7,153.0,152.7,153.0,1028.387
1639118040000,153.0,153.1,152.8,152.9,344.532
1639118100000,152.8,152.9,152.6,152.6,220.907
1639118160000,152.7,153.0,152.6,152.9,530.427
1639118220000,153.0,153.1,152.8,152.8,133.475
1639118280000,152.8,152.8,152.4,152.5,182.193
1639118340000,152.5,152.6,152.5,152.5,431.946
1639118400000,152.5,152.6,152.4,152.6,169.471
1639118460000,152.6,152.9,152.5,152.9,554.129
1639118520000,152.8,152.9,152.7,152.9,63.38
1639118580000,152.9,153.1,152.9,153.1,22.327
1639118640000,153.1,153.1,152.9,153.1,50.994
1639118700000,153.1,153.5,153.1,153.5,168.649
1639118760000,153.4,153.4,153.3,153.4,106.456
1639118820000,153.4,153.4,153.0,153.1,395.872
1639118880000,153.1,153.2,152.8,153.2,372.56
1639118940000,153.2,153.3,152.9,152.9,112.289
1639119000000,152.9,153.0,152.9,153.0,117.489
1639119060000,152.9,152.9,152.6,152.6,86.022
1639119120000,152.7,152.7,152.4,152.4,359.391
1639119180000,152.3,152.4,152.3,152.3,57.594
1639119240000,152.3,152.4,152.1,152.3,254.345
1639119300000,152.3,152.5,151.9,151.9,1032.686
1639119360000,152.0,152.2,151.1,151.3,3090.586
1639119420000,151.3,151.3,150.6,151.0,1844.069
1639119480000,151.0,151.3,150.7,151.3,646.37
1639119540000,151.2,151.4,150.7,150.8,838.181
1639119600000,150.7,151.1,150.5,150.8,1192.411
1639119660000,150.9,151.0,150.5,150.5,646.001
1639119720000,150.6,150.6,150.3,150.3,1451.466
1639119780000,150.3,150.6,149.4,150.1,5195.962
1639119840000,150.1,150.7,150.1,150.6,1544.943
1639119900000,150.6,150.6,150.3,150.3,408.131
1639119960000,150.3,150.3,149.8,149.9,500.032
1639120020000,150.0,150.1,149.9,150.0,246.08
1639120080000,150.0,150.2,149.7,149.9,338.392
1639120140000,149.9,149.9,149.3,149.8,1934.565
1639120200000,149.8,150.1,149.7,150.1,962.95
1639120260000,150.0,150.2,149.8,150.1,775.533
1639120320000,150.1,150.4,150.1,150.3,630.712
1639120380000,150.3,150.4,150.2,150.3,193.628
1639120440000,150.3,150.3,150.0,150.2,271.213
1639120500000,150.2,150.2,149.7,149.8,427.196
1639120560000,149.7,150.0,149.7,149.9,480.917
1639120620000,150.0,150.3,149.9,150.3,491.406
1639120680000,150.3,150.5,149.9,149.9,516.058
1639120740000,149.9,150.0,149.7,149.9,720.067
1639120800000,149.9,150.1,149.8,150.1,406.718
1639120860000,150.0,150.1,149.8,149.9,493.95
1639120920000,149.9,150.2,149.9,150.2,369.42
1639120980000,150.1,150.3,150.1,150.3,121.646
1639121040000,150.3,150.4,150.1,150.3,386.561
1639121100000,150.3,150.4,150.1,150.4,363.955
1639121160000,150.4,150.5,150.1,150.3,1958.807
1639121220000,150.2,150.3,150.1,150.1,176.404
1639121280000,150.2,150.6,150.2,150.6,555.365
1639121340000,150.6,150.7,150.5,150.6,182.478
1639121400000,150.6,150.8,150.5,150.5,219.638
1639121460000,150.6,150.7,150.4,150.7,267.395
1639121520000,150.6,150.9,150.6,150.7,161.862
1639121580000,150.7,150.9,150.6,150.8,879.192
1639121640000,150.9,151.0,150.6,151.0,608.477
1639121700000,150.9,151.2,150.9,151.2,349.043
1639121760000,151.2,151.3,150.9,151.2,578.38
1639121820000,151.2,151.2,151.0,151.0,174.568
1639121880000,151.0,151.0,150.5,150.7,2868.116
1639121940000,150.7,150.7,150.3,150.3,903.313
1639122000000,150.4,150.5,150.3,150.5,71.62
1639122060000,150.4,150.7,150.4,150.6,1329.867
1639122120000,150.7,150.7,150.5,150.6,55.073
1639122180000,150.6,150.9,150.5,150.8,264.602
1639122240000,150.8,151.0,150.8,150.9,157.843
1639122300000,150.9,151.1,150.7,151.0,314.682
1639122360000,151.0,151.0,150.7,150.7,348.949
1639122420000,150.7,150.9,150.4,150.4,498.42
1639122480000,150.4,150.4,149.9,150.2,1862.81
1639122540000,150.2,150.2,149.9,149.9,348.176
1639122600000,149.8,150.0,149.6,149.8,373.908
1639122660000,149.9,150.1,149.5,149.6,441.823
1639122720000,149.7,149.9,149.5,149.7,323.061
1639122780000,149.9,149.9,149.4,149.7,906.83
1639122840000,149.7,150.0,149.6,149.6,893.57
1639122900000,149.7,149.9,149.4,149.4,496.478
1639122960000,149.4,149.4,149.2,149.4,1011.101
1639123020000,149.4,149.7,149.3,149.4,719.454
1639123080000,149.4,149.7,149.3,149.7,1647.071
1639123140000,149.7,150.4,149.7,150.4,487.618
1639123200000,150.3,150.3,150.0,150.0,820.429
1639123260000,150.1,150.5,150.1,150.5,681.005
1639123320000,150.5,150.5,149.8,150.2,2348.071
1639123380000,150.2,150.6,150.1,150.5,1072.878
1639123440000,150.5,150.6,149.9,150.0,561.164
1639123500000,149.9,150.3,149.9,150.3,355.673
1639123560000,150.3,150.7,150.3,150.6,356.505
1639123620000,150.6,150.7,150.4,150.6,558.036
1639123680000,150.7,150.8,150.4,150.7,547.927
1639123740000,150.7,150.7,150.5,150.7,184.962
1639123800000,150.6,150.8,150.5,150.7,977.043
1639123860000,150.6,150.6,150.4,150.5,136.653
1639123920000,150.5,150.5,150.0,150.2,582.578
1639123980000,150.2,150.2,149.9,149.9,205.121
1639124040000,149.9,150.1,149.9,150.1,203.771
1639124100000,150.2,150.5,150.2,150.4,255.488
1639124160000,150.5,150.6,150.4,150.6,386.152
1639124220000,150.6,150.7,150.5,150.6,127.336
1639124280000,150.6,151.0,150.6,150.8,1023.654
1639124340000,150.8,150.9,150.6,150.7,299.9
1639124400000,150.7,151.0,150.7,150.9,283.92
1639124460000,151.0,151.0,150.8,151.0,685.17
1639124520000,151.0,151.1,150.9,151.0,241.72
1639124580000,150.9,151.5,150.9,151.4,511.089
1639124640000,151.4,151.5,151.0,151.2,986.219
1639124700000,151.2,151.3,151.0,151.1,448.901
1639124760000,151.1,151.3,151.0,151.3,188.238
1639124820000,151.2,151.4,151.2,151.4,158.857
1639124880000,151.4,151.4,151.3,151.4,85.55
1639124940000,151.4,151.6,151.1,151.5,2327.204
1639125000000,151.4,151.4,151.1,151.1,699.449
1639125060000,151.2,151.2,151.0,151.1,217.286
1639125120000,151.2,151.4,151.1,151.4,341.109
1639125180000,151.5,151.6,151.4,151.5,41.172
1639125240000,151.6,151.7,151.5,151.6,221.571
1639125300000,151.6,151.9,151.6,151.8,108.313
1639125360000,151.8,151.9,151.6,151.6,201.947
1639125420000,151.6,152.0,151.5,152.0,274.886
1639125480000,151.9,152.4,151.9,152.2,538.156
1639125540000,152.3,152.3,152.0,152.2,501.184
1639125600000,152.2,152.4,151.8,151.9,721.228
1639125660000,151.9,152.0,151.6,151.7,1429.435
1639125720000,151.7,151.7,151.5,151.6,179.057
1639125780000,151.6,151.7,151.5,151.5,206.461
1639125840000,151.6,151.7,151.5,151.7,291.883
1639125900000,151.6,151.7,151.4,151.5,78.074
1639125960000,151.5,151.6,151.5,151.5,93.781
1639126020000,151.5,151.6,151.4,151.6,144.147
1639126080000,151.5,151.7,151.4,151.6,619.049
1639126140000,151.7,152.1,151.7,152.1,629.147
1639126200000,152.0,152.2,151.9,152.2,277.04
1639126260000,152.2,152.3,152.0,152.3,513.127
1639126320000,152.2,152.3,152.1,152.1,454.557
1639126380000,152.1,152.2,151.9,152.0,738.138
1639126440000,152.0,152.3,152.0,152.2,326.941
1639126500000,152.2,152.2,152.0,152.2,280.522
1639126560000,152.3,152.5,152.1,152.2,305.162
1639126620000,152.2,152.2,152.1,152.1,21.878
1639126680000,152.0,152.2,151.8,152.1,274.648
1639126740000,152.1,152.2,152.0,152.1,60.829
1639126800000,152.0,152.4,152.0,152.2,288.581
1639126860000,152.3,152.5,152.1,152.4,531.207
1639126920000,152.5,152.7,152.4,152.6,2178.305
1639126980000,152.5,152.6,152.4,152.5,357.287
1639127040000,152.5,152.5,152.3,152.5,260.114
1639127100000,152.5,152.6,152.2,152.3,326.536
1639127160000,152.2,152.4,152.0,152.1,336.411
1639127220000,152.2,152.3,152.1,152.2,471.773
1639127280000,152.2,152.3,152.1,152.2,70.686
1639127340000,152.2,152.3,152.1,152.1,133.784
1639127400000,152.1,152.7,152.1,152.7,583.24
1639127460000,152.6,153.0,152.5,152.7,724.087
1639127520000,152.7,153.1,152.7,152.9,542.993
1639127580000,152.9,152.9,152.6,152.7,327.958
1639127640000,152.6,152.6,152.1,152.2,518.215
1639127700000,152.1,152.3,152.0,152.0,565.102
1639127760000,152.1,152.1,151.8,152.0,1139.134
1639127820000,151.9,152.0,151.7,151.8,336.702
1639127880000,151.7,151.9,151.6,151.8,624.887
1639127940000,151.8,152.0,151.8,151.9,153.268
1639128000000,151.8,151.8,151.5,151.6,316.827
1639128060000,151.7,152.1,151.6,152.1,361.818
1639128120000,152.1,152.2,152.0,152.1,114.408
1639128180000,152.2,152.3,152.1,152.2,244.851
1639128240000,152.3,152.5,152.1,152.2,311.013
1639128300000,152.1,152.2,152.0,152.0,80.551
1639128360000,152.0,152.1,151.8,151.8,309.642
1639128420000,151.8,151.8,151.4,151.4,271.702
1639128480000,151.3,151.5,151.3,151.4,428.491
1639128540000,151.4,151.5,151.2,151.2,203.172
1639128600000,151.2,151.6,151.1,151.6,465.707
1639128660000,151.5,151.8,151.5,151.8,138.603
1639128720000,151.7,152.0,151.7,151.9,96.901
1639128780000,151.9,152.1,151.9,152.0,98.343
1639128840000,152.1,152.1,151.7,151.8,276.13
1639128900000,151.8,151.9,151.6,151.9,182.9
1639128960000,151.9,152.3,151.9,152.2,182.889
1639129020000,152.3,152.3,152.0,152.2,199.525
1639129080000,152.2,152.3,152.1,152.2,93.34
1639129140000,152.2,152.4,152.1,152.2,599.437
1639129200000,152.3,153.1,152.3,152.9,910.194
1639129260000,152.9,153.0,152.6,152.6,511.24
1639129320000,152.7,152.8,152.6,152.6,95.382
1639129380000,152.7,152.9,152.6,152.8,833.378
1639129440000,152.8,153.1,152.8,153.0,551.283
1639129500000,152.9,152.9,152.6,152.7,474.904
1639129560000,152.7,152.8,152.5,152.5,264.188
1639129620000,152.6,152.7,152.4,152.6,149.717
1639129680000,152.6,152.7,152.3,152.5,616.129
1639129740000,152.6,152.6,152.5,152.6,159.127
1639129800000,152.5,152.8,152.5,152.8,395.006
1639129860000,152.7,153.1,152.7,153.1,809.377
1639129920000,153.1,153.6,153.0,153.6,982.827
1639129980000,153.6,153.9,153.4,153.6,623.095
1639130040000,153.7,153.9,153.6,153.8,547.966
1639130100000,153.9,153.9,153.5,153.8,564.009
1639130160000,153.8,154.1,153.8,153.9,520.33
1639130220000,153.9,154.0,153.4,153.6,2011.389
1639130280000,153.6,154.0,153.4,153.9,402.443
1639130340000,153.9,154.0,153.6,153.6,196.731
1639130400000,153.6,153.8,153.5,153.8,777.725
1639130460000,153.7,154.3,153.7,154.1,1725.583
1639130520000,154.0,154.3,154.0,154.1,434.101
1639130580000,154.1,154.1,153.7,153.9,406.696
1639130640000,153.9,154.0,153.5,153.5,308.838
1639130700000,153.6,153.8,153.3,153.7,702.595
1639130760000,153.8,153.8,153.5,153.6,332.122
1639130820000,153.6,153.6,153.3,153.6,1159.312
1639130880000,153.6,153.6,153.3,153.4,146.921
1639130940000,153.3,153.5,153.2,153.3,298.287
1639131000000,153.4,153.5,153.3,153.4,279.278
1639131060000,153.4,153.4,153.0,153.2,282.984
1639131120000,153.2,153.3,153.0,153.0,210.92
1639131180000,153.0,153.1,152.8,153.0,183.573
1639131240000,153.0,153.3,152.9,153.3,864.393
1639131300000,153.3,153.6,153.3,153.5,359.072
1639131360000,153.6,153.6,153.2,153.3,215.034
1639131420000,153.3,153.3,153.1,153.1,161.284
1639131480000,153.2,153.3,153.0,153.1,434.664
1639131540000,153.1,153.2,152.9,152.9,51.731
1639131600000,153.0,153.2,152.8,153.1,679.245
1639131660000,153.1,153.2,152.9,153.2,227.659
1639131720000,153.2,153.4,153.1,153.3,342.432
1639131780000,153.3,153.3,153.0,153.0,314.474
1639131840000,152.9,153.2,152.9,153.2,595.806
1639131900000,153.1,153.3,153.0,153.3,117.741
1639131960000,153.2,153.3,152.9,152.9,563.953
1639132020000,153.0,153.3,153.0,153.3,226.991
1639132080000,153.2,153.2,153.0,153.0,80.55
1639132140000,153.0,153.2,152.9,153.0,230.568
1639132200000,152.9,153.1,152.9,153.1,161.208
1639132260000,153.1,153.2,153.1,153.2,15.256
1639132320000,153.2,153.3,153.2,153.2,163.871
1639132380000,153.2,153.2,152.9,152.9,179.846
1639132440000,152.9,153.2,152.9,153.0,264.491
1639132500000,153.0,153.2,153.0,153.2,109.126
1639132560000,153.1,153.2,153.0,153.1,54.602
1639132620000,153.0,153.1,152.9,152.9,87.036
1639132680000,152.9,152.9,152.6,152.7,318.081
1639132740000,152.7,152.7,152.5,152.6,178.366
1639132800000,152.6,152.8,152.5,152.7,366.604
1639132860000,152.8,153.0,152.8,152.9,111.556
1639132920000,152.9,152.9,152.7,152.8,240.789
1639132980000,152.7,153.0,152.6,152.9,829.864
1639133040000,152.9,153.0,152.7,152.9,423.198
1639133100000,152.9,153.2,152.7,153.1,254.29
1639133160000,153.0,153.1,152.9,153.0,254.083
1639133220000,153.1,153.1,152.7,152.7,808.5
1639133280000,152.6,152.9,152.6,152.8,149.15
1639133340000,152.9,152.9,152.7,152.7,320.722
1639133400000,152.7,152.7,152.5,152.6,92.376
1639133460000,152.6,152.6,152.4,152.5,206.187
1639133520000,152.5,152.5,152.2,152.3,521.246
1639133580000,152.4,152.6,152.4,152.5,295.008
1639133640000,152.5,152.7,152.5,152.7,80.272
1639133700000,152.7,152.7,152.7,152.7,275.125
1639133760000,152.7,153.0,152.7,153.0,734.303
1639133820000,153.1,153.1,152.9,153.0,389.38
1639133880000,152.9,153.0,152.8,152.8,229.504
1639133940000,152.9,152.9,152.7,152.7,152.778
1639134000000,152.7,153.0,152.7,152.9,403.991
1639134060000,152.8,152.8,152.7,152.8,334.939
1639134120000,152.9,153.2,152.8,153.1,584.233
1639134180000,153.0,153.3,153.0,153.3,57.004
1639134240000,153.3,153.3,153.0,153.2,160.275
1639134300000,153.3,153.6,153.0,153.4,410.591
1639134360000,153.4,154.0,153.4,153.5,1611.765
1639134420000,153.5,153.7,153.4,153.6,260.153
1639134480000,153.5,153.8,153.5,153.8,230.782
1639134540000,153.7,153.9,153.6,153.7,545.979
1639134600000,153.7,153.8,153.6,153.7,195.874
1639134660000,153.7,153.8,153.5,153.5,113.129
1639134720000,153.6,153.6,153.4,153.6,129.818
1639134780000,153.6,154.0,153.5,153.8,309.619
1639134840000,153.8,154.0,153.8,153.9,211.749
1639134900000,154.0,154.0,153.7,153.9,605.847
1639134960000,153.8,153.9,153.6,153.6,386.847
1639135020000,153.7,153.9,153.7,153.7,1098.686
1639135080000,153.7,153.8,153.6,153.6,124.706
1639135140000,153.7,153.8,153.5,153.5,264.508
1639135200000,153.6,153.7,153.5,153.6,90.39
1639135260000,153.6,153.7,153.5,153.6,159.733
1639135320000,153.6,153.6,153.5,153.5,100.858
1639135380000,153.6,153.7,153.5,153.6,250.525
1639135440000,153.6,153.6,153.5,153.5,27.369
1639135500000,153.6,154.0,153.5,153.9,368.19
1639135560000,153.9,154.0,153.8,154.0,276.84
1639135620000,154.0,154.2,154.0,154.2,381.105
1639135680000,154.2,154.2,153.9,154.0,282.456
1639135740000,154.1,154.2,153.8,153.8,273.104
1639135800000,153.9,154.0,153.7,153.7,489.335
1639135860000,153.7,154.1,153.7,154.1,436.63
1639135920000,154.2,154.2,153.8,153.8,167.519
1639135980000,153.9,154.3,153.9,154.1,720.284
1639136040000,154.1,154.3,154.0,154.3,548.671
1639136100000,154.3,154.4,154.3,154.4,481.391
1639136160000,154.5,154.5,154.3,154.4,316.24
1639136220000,154.4,154.6,154.4,154.5,116.793
1639136280000,154.5,154.7,154.4,154.7,266.383
1639136340000,154.6,154.9,154.6,154.8,396.01
1639136400000,154.7,154.8,154.6,154.8,188.139
1639136460000,154.7,154.8,154.6,154.6,110.53
1639136520000,154.6,154.9,154.6,154.9,337.18
1639136580000,154.9,155.0,154.8,155.0,260.407
1639136640000,154.9,155.2,154.8,154.9,1222.96
1639136700000,154.9,155.0,154.7,154.9,498.125
1639136760000,155.0,155.3,154.9,155.0,388.24
1639136820000,155.0,155.4,155.0,155.3,538.553
1639136880000,155.4,155.4,155.1,155.2,371.568
1639136940000,155.1,155.5,155.1,155.3,456.476
1639137000000,155.4,155.4,155.1,155.1,513.028
1639137060000,155.2,155.4,155.1,155.2,425.089
1639137120000,155.3,155.3,155.1,155.2,183.94
1639137180000,155.1,155.4,155.1,155.4,150.791
1639137240000,155.4,155.4,155.2,155.3,194.638
1639137300000,155.2,155.3,155.1,155.2,225.121
1639137360000,155.2,155.2,155.0,155.1,581.563
1639137420000,155.1,155.4,155.0,155.4,610.676
1639137480000,155.4,155.6,155.3,155.5,527.824
1639137540000,155.4,155.5,155.3,155.4,257.231
1639137600000,155.5,155.6,155.0,155.2,1509.705
1639137660000,155.3,156.1,155.2,155.9,1340.077
1639137720000,156.0,156.2,155.6,155.8,1098.539
1639137780000,155.8,156.3,155.5,156.2,1191.931
1639137840000,156.1,156.5,156.0,156.5,645.736
1639137900000,156.5,156.6,156.1,156.3,1734.404
1639137960000,156.3,156.6,156.3,156.5,652.155
1639138020000,156.5,156.7,156.4,156.6,763.273
1639138080000,156.5,156.6,156.4,156.4,626.866
1639138140000,156.5,156.6,156.2,156.4,998.216
1639138200000,156.3,156.5,156.2,156.3,356.908
1639138260000,156.4,156.6,156.3,156.6,304.403
1639138320000,156.6,156.9,156.5,156.8,714.089
1639138380000,156.8,156.9,156.7,156.8,269.036
1639138440000,156.8,157.0,156.7,156.9,386.466
1639138500000,156.9,157.0,156.6,156.7,294.54
1639138560000,156.7,156.8,156.6,156.7,274.92
1639138620000,156.7,156.7,156.6,156.6,213.673
1639138680000,156.6,156.7,156.4,156.5,484.491
1639138740000,156.5,156.5,156.2,156.2,598.607
1639138800000,156.2,156.3,155.9,155.9,365.976
1639138860000,155.9,156.1,155.8,156.0,467.994
1639138920000,156.0,156.2,155.9,156.0,551.614
1639138980000,155.9,156.2,155.9,156.0,549.174
1639139040000,156.0,156.0,155.8,155.8,105.364
1639139100000,155.8,156.1,155.8,156.0,139.964
1639139160000,156.0,156.1,155.9,156.0,315.957
1639139220000,156.0,156.0,155.9,155.9,125.115
1639139280000,155.9,156.0,155.7,156.0,919.464
1639139340000,156.0,156.3,155.9,156.1,416.425
1639139400000,156.2,156.2,156.0,156.1,193.321
1639139460000,156.1,156.2,156.0,156.2,120.326
1639139520000,156.2,156.2,156.0,156.1,478.145
1639139580000,156.1,156.1,155.8,155.9,319.059
1639139640000,155.8,156.0,155.7,156.0,473.388
1639139700000,156.0,156.1,155.9,156.0,254.104
1639139760000,156.0,156.1,155.9,156.1,172.071
1639139820000,156.2,156.5,156.2,156.5,499.051
1639139880000,156.5,156.5,156.2,156.4,449.328
1639139940000,156.4,156.5,156.4,156.4,166.971
1639140000000,156.4,156.5,156.1,156.2,396.854
1639140060000,156.1,156.2,156.0,156.1,137.278
1639140120000,156.0,156.2,156.0,156.1,160.791
1639140180000,156.2,156.3,156.0,156.2,574.747
1639140240000,156.2,156.5,156.2,156.4,83.134
1639140300000,156.4,156.4,156.1,156.4,272.73
1639140360000,156.4,156.6,156.3,156.6,215.187
1639140420000,156.5,156.6,156.4,156.4,217.722
1639140480000,156.5,156.5,156.1,156.1,129.29
1639140540000,156.1,156.4,156.1,156.4,294.538
1639140600000,156.3,156.4,156.2,156.4,394.71
1639140660000,156.4,156.5,156.3,156.5,372.759
1639140720000,156.4,156.4,156.3,156.4,186.549
1639140780000,156.4,156.4,156.3,156.3,24.719
1639140840000,156.4,156.5,156.3,156.4,268.22
1639140900000,156.4,156.5,156.3,156.5,77.009
1639140960000,156.5,156.5,156.4,156.4,18.447
1639141020000,156.4,156.6,156.3,156.6,320.873
1639141080000,156.6,156.8,156.4,156.7,474.731
1639141140000,156.8,156.9,156.6,156.6,538.308
1639141200000,156.6,156.8,156.6,156.7,349.062
1639141260000,156.6,156.7,156.5,156.5,628.524
1639141320000,156.5,156.6,156.2,156.4,756.661
1639141380000,156.3,156.5,156.2,156.2,342.849
1639141440000,156.1,156.4,156.1,156.3,228.47
1639141500000,156.4,156.5,156.2,156.3,369.666
1639141560000,156.2,156.4,156.2,156.4,500.988
1639141620000,156.3,156.5,156.3,156.4,219.859
1639141680000,156.5,156.5,156.2,156.2,444.863
1639141740000,156.3,156.4,156.2,156.3,70.66
1639141800000,156.3,156.5,156.3,156.4,332.88
1639141860000,156.4,156.4,156.2,156.3,115.864
1639141920000,156.3,156.3,156.1,156.2,322.78
1639141980000,156.1,156.3,156.1,156.2,340.681
1639142040000,156.2,156.3,156.1,156.1,259.977
1639142100000,156.1,156.2,156.0,156.1,330.156
1639142160000,156.0,156.0,155.9,155.9,245.413
1639142220000,155.9,156.0,155.7,155.9,925.841
1639142280000,155.9,155.9,155.7,155.7,109.744
1639142340000,155.7,155.8,155.6,155.6,224.188
1639142400000,155.7,155.9,155.7,155.7,85.802
1639142460000,155.6,155.8,155.4,155.5,182.001
1639142520000,155.5,155.6,155.2,155.5,690.063
1639142580000,155.5,155.5,155.4,155.5,149.868
1639142640000,155.4,155.6,155.4,155.4,85.729
1639142700000,155.5,155.6,155.4,155.4,568.711
1639142760000,155.5,155.5,155.2,155.3,382.529
1639142820000,155.3,155.4,155.2,155.2,483.192
1639142880000,155.2,155.4,155.2,155.3,634.948
1639142940000,155.3,155.4,155.2,155.2,259.405
1639143000000,155.2,157.0,155.2,156.3,3447.169
1639143060000,156.3,157.6,156.3,157.5,2114.501
1639143120000,157.4,157.5,156.9,157.1,1669.559
1639143180000,157.0,157.1,156.3,156.6,1479.996
1639143240000,156.6,156.8,156.2,156.4,1660.771
1639143300000,156.4,158.0,156.4,157.6,4374.48
1639143360000,157.6,158.5,157.5,158.1,5206.884
1639143420000,158.1,158.2,157.6,157.9,1431.987
1639143480000,157.9,158.3,157.8,158.3,987.275
1639143540000,158.3,159.7,158.3,159.6,6378.563
1639143600000,159.5,159.6,159.0,159.3,2357.107
1639143660000,159.2,159.8,159.1,159.8,1582.614
1639143720000,159.7,159.7,159.2,159.4,1358.17
1639143780000,159.4,159.7,158.7,158.8,1008.109
1639143840000,158.8,159.0,158.4,158.5,1066.91
1639143900000,158.5,158.9,157.8,157.9,3315.839
1639143960000,158.0,158.2,157.8,158.1,1214.399
1639144020000,158.1,158.1,157.5,157.5,1951.381
1639144080000,157.6,158.0,157.6,157.8,978.899
1639144140000,157.8,158.1,157.8,158.0,873.44
1639144200000,158.0,158.2,157.9,158.1,401.737
1639144260000,158.1,158.2,158.0,158.0,254.976
1639144320000,158.0,158.2,158.0,158.1,174.702
1639144380000,158.2,158.2,157.8,158.0,675.857
1639144440000,158.0,158.1,157.9,158.0,471.268
1639144500000,157.9,158.2,157.9,158.0,401.684
1639144560000,158.1,158.2,158.0,158.0,129.961
1639144620000,158.1,158.1,157.7,157.8,490.802
1639144680000,157.9,158.0,157.7,157.9,290.962
1639144740000,157.9,157.9,157.7,157.9,268.923
1639144800000,157.8,157.9,157.7,157.7,227.733
1639144860000,157.7,158.0,157.6,157.9,422.062
1639144920000,157.9,158.0,157.8,158.0,778.993
1639144980000,157.9,158.2,157.9,158.1,275.006
1639145040000,158.0,158.2,158.0,158.2,205.61
1639145100000,158.1,158.2,158.0,158.0,177.723
1639145160000,158.0,158.2,158.0,158.1,206.533
1639145220000,158.1,158.2,157.9,158.1,307.254
1639145280000,158.1,158.1,157.9,158.1,112.486
1639145340000,158.1,158.1,157.9,158.0,258.739
1639145400000,157.9,158.1,157.9,157.9,174.896
1639145460000,158.0,158.3,158.0,158.1,448.4
1639145520000,158.1,158.4,158.1,158.1,355.178
1639145580000,158.2,158.3,157.6,157.7,794.057
1639145640000,157.8,158.0,157.6,157.7,464.063
1639145700000,157.6,157.8,157.6,157.7,183.876
1639145760000,157.7,157.8,157.6,157.6,343.184
1639145820000,157.6,157.7,157.2,157.3,765.455
1639145880000,157.2,157.4,157.2,157.4,233.66
1639145940000,157.3,157.3,157.0,157.0,382.358
1639146000000,157.0,157.2,156.9,157.1,407.615
1639146060000,157.1,157.2,157.0,157.2,209.606
1639146120000,157.1,157.3,157.1,157.2,108.758
1639146180000,157.1,157.3,157.1,157.2,245.325
1639146240000,157.2,157.3,157.1,157.1,377.545
1639146300000,157.2,157.2,157.1,157.2,167.891
1639146360000,157.2,157.3,157.1,157.2,180.599
1639146420000,157.1,157.2,157.0,157.0,226.38
1639146480000,157.1,157.2,157.0,157.1,615.232
1639146540000,157.0,157.1,156.8,156.8,437.685
1639146600000,156.9,157.2,156.9,157.1,307.738
1639146660000,157.0,157.1,156.8,156.9,663.917
1639146720000,156.9,157.0,156.7,156.7,951.556
1639146780000,156.8,156.8,156.6,156.6,195.257
1639146840000,156.7,157.0,156.6,157.0,732.373
1639146900000,157.0,157.1,156.9,157.0,419.342
1639146960000,157.0,157.1,156.9,157.1,542.188
1639147020000,157.1,157.2,157.0,157.1,416.563
1639147080000,157.1,157.3,157.0,157.2,630.463
1639147140000,157.2,157.8,157.2,157.6,1650.357
1639147200000,157.6,157.7,157.4,157.5,554.213
1639147260000,157.5,157.5,157.3,157.4,208.764
1639147320000,157.3,157.4,157.2,157.4,327.991
1639147380000,157.4,157.5,157.3,157.4,354.748
1639147440000,157.4,157.5,157.1,157.2,336.886
1639147500000,157.2,157.3,155.7,155.8,3637.783
1639147560000,155.7,156.1,154.8,155.4,6878.146
1639147620000,155.4,155.5,154.8,155.2,2154.041
1639147680000,155.2,155.5,154.8,155.1,1027.166
1639147740000,155.0,155.1,153.3,153.8,7183.75
1639147800000,153.8,154.2,153.5,154.1,2047.079
1639147860000,154.2,154.4,153.7,153.8,1978.937
1639147920000,153.8,154.2,153.6,154.0,1198.57
1639147980000,154.0,154.1,153.5,153.8,894.053
1639148040000,153.8,153.9,153.2,153.4,780.673
1639148100000,153.3,153.7,153.3,153.4,499.394
1639148160000,153.4,153.4,152.3,152.7,2197.942
1639148220000,152.7,152.9,152.3,152.4,1622.336
1639148280000,152.4,152.6,151.7,152.2,2382.132
1639148340000,152.3,152.4,151.9,152.1,1480.796
1639148400000,152.1,153.1,152.0,153.0,6104.907
1639148460000,153.1,153.4,152.7,153.0,1286.297
1639148520000,152.9,152.9,152.1,152.5,2004.444
1639148580000,152.6,152.8,152.2,152.3,792.77
1639148640000,152.2,152.2,151.3,151.5,3428.709
1639148700000,151.5,152.3,151.4,152.3,1814.089
1639148760000,152.2,152.4,151.8,152.2,1138.558
1639148820000,152.2,152.5,152.1,152.4,472.527
1639148880000,152.4,153.1,152.3,152.9,1268.29
1639148940000,152.8,153.0,152.7,153.0,645.965
1639149000000,152.9,153.0,152.6,152.7,550.799
1639149060000,152.7,152.9,152.4,152.5,451.374
1639149120000,152.5,152.7,152.1,152.2,296.069
1639149180000,152.2,152.8,152.2,152.6,1318.612
1639149240000,152.6,152.7,152.4,152.6,486.394
1639149300000,152.7,153.1,152.5,152.5,2591.556
1639149360000,152.5,153.1,152.5,153.1,679.583
1639149420000,153.1,154.0,153.1,153.6,2238.054
1639149480000,153.5,153.9,153.3,153.8,958.751
1639149540000,153.8,153.9,153.4,153.5,1584.9
1639149600000,153.5,153.7,153.4,153.5,674.51
1639149660000,153.5,153.6,153.3,153.3,416.706
1639149720000,153.4,153.6,153.3,153.5,330.222
1639149780000,153.4,153.5,153.3,153.4,188.646
1639149840000,153.3,153.6,153.3,153.4,249.31
1639149900000,153.4,153.7,153.2,153.6,660.83
1639149960000,153.6,153.7,153.5,153.6,213.858
1639150020000,153.7,153.7,153.5,153.6,284.045
1639150080000,153.7,153.7,153.5,153.7,174.874
1639150140000,153.6,153.7,153.4,153.5,367.966
1639150200000,153.4,153.5,152.9,153.0,481.727
1639150260000,152.9,153.3,152.8,153.2,1315.984
1639150320000,153.1,153.3,153.0,153.1,403.771
1639150380000,153.0,153.1,152.8,153.0,833.221
1639150440000,153.0,153.0,152.4,152.6,771.859
1639150500000,152.5,152.7,152.1,152.2,369.516
1639150560000,152.2,152.4,152.1,152.3,432.799
1639150620000,152.3,152.4,152.2,152.4,658.394
1639150680000,152.4,152.5,152.2,152.3,265.311
1639150740000,152.3,152.4,152.2,152.4,188.966
1639150800000,152.5,152.5,152.2,152.4,102.865
1639150860000,152.5,152.6,152.4,152.5,162.234
1639150920000,152.5,152.6,152.4,152.6,107.627
1639150980000,152.5,152.6,152.4,152.5,193.645
1639151040000,152.5,152.7,152.5,152.6,124.141
1639151100000,152.6,152.7,152.3,152.3,305.081
1639151160000,152.3,152.3,151.7,151.9,1461.464
1639151220000,152.0,152.1,151.8,151.8,330.044
1639151280000,151.8,151.9,151.7,151.8,231.086
1639151340000,151.8,152.0,151.4,151.4,900.724
1639151400000,151.4,151.4,150.8,151.1,3310.948
1639151460000,151.1,151.5,151.0,151.3,600.248
1639151520000,151.3,151.4,151.2,151.3,285.806
1639151580000,151.3,151.7,151.3,151.4,667.976
1639151640000,151.4,151.5,151.2,151.4,399.686
1639151700000,151.4,151.6,151.3,151.4,349.404
1639151760000,151.4,151.5,151.0,151.1,290.093
1639151820000,151.1,151.3,150.8,151.2,903.385
1639151880000,151.1,151.7,151.1,151.7,1291.204
1639151940000,151.7,151.8,151.3,151.7,821.641
1639152000000,151.6,151.7,151.3,151.4,1847.151
1639152060000,151.4,151.7,151.4,151.5,331.553
1639152120000,151.7,151.7,151.0,151.0,1087.406
1639152180000,150.9,151.3,150.8,151.0,989.799
1639152240000,151.0,151.1,150.5,150.6,1375.342
1639152300000,150.6,150.7,150.0,150.6,4500.626
1639152360000,150.6,150.8,150.3,150.3,1066.999
1639152420000,150.4,150.5,150.0,150.3,893.916
1639152480000,150.3,150.9,149.8,150.8,1411.856
1639152540000,150.8,150.9,150.3,150.7,902.658
1639152600000,150.7,151.1,150.7,151.0,252.89
1639152660000,151.0,151.2,150.9,151.1,367.409
1639152720000,151.1,151.1,150.5,150.9,797.672
1639152780000,150.8,150.9,150.5,150.8,521.118
1639152840000,150.7,150.9,150.4,150.6,513.065
1639152900000,150.7,150.8,150.0,150.2,1283.136
1639152960000,150.2,150.2,149.8,150.0,1325.146
1639153020000,150.0,150.1,149.5,149.7,2257.818
1639153080000,149.6,149.7,148.8,149.3,2956.161
1639153140000,149.4,149.6,148.7,149.3,2841.769
1639153200000,149.4,150.2,149.4,149.8,1636.9
1639153260000,149.8,150.0,149.3,149.7,1379.427
1639153320000,149.7,149.9,149.5,149.5,461.603
1639153380000,149.6,149.9,149.4,149.4,1471.516
1639153440000,149.5,149.9,149.5,149.8,2264.206
1639153500000,149.8,150.1,149.7,149.9,535.386
1639153560000,150.0,150.6,149.9,150.4,501.926
1639153620000,150.4,150.7,150.3,150.6,357.042
1639153680000,150.6,150.9,150.6,150.9,931.369
1639153740000,150.9,151.2,150.9,151.0,792.874
1639153800000,151.0,151.1,150.7,151.0,597.285
1639153860000,151.0,151.0,150.8,150.9,665.278
1639153920000,150.9,151.2,150.7,151.2,561.282
1639153980000,151.1,151.5,151.0,151.5,849.812
1639154040000,151.5,151.6,151.3,151.5,540.235
1639154100000,151.6,151.6,151.3,151.3,442.738
1639154160000,151.2,151.3,151.0,151.3,1176.891
1639154220000,151.3,151.3,151.1,151.1,309.022
1639154280000,151.1,151.2,150.2,150.3,1603.73
1639154340000,150.3,150.4,150.0,150.2,772.374
1639154400000,150.2,150.4,150.2,150.2,471.168
1639154460000,150.3,150.4,149.8,150.2,480.553
1639154520000,150.2,150.5,150.2,150.5,415.53
1639154580000,150.6,150.7,150.4,150.5,263.244
1639154640000,150.6,150.7,150.4,150.6,110.923
1639154700000,150.6,150.8,150.6,150.6,365.407
1639154760000,150.6,151.3,150.5,151.1,1818.673
1639154820000,151.1,151.4,151.0,151.4,799.092
1639154880000,151.4,151.5,151.2,151.4,495.933
1639154940000,151.3,151.4,151.1,151.3,245.858
1639155000000,151.4,151.5,151.3,151.4,154.838
1639155060000,151.3,151.3,151.2,151.2,358.273
1639155120000,151.2,151.3,151.0,151.2,335.473
1639155180000,151.2,151.3,151.1,151.2,253.128
1639155240000,151.3,151.4,151.2,151.3,119.456
1639155300000,151.4,151.8,151.3,151.6,667.282
1639155360000,151.6,151.7,151.2,151.3,866.102
1639155420000,151.2,151.3,151.1,151.1,162.627
1639155480000,151.1,151.3,151.0,151.1,241.474
1639155540000,151.0,151.1,150.8,150.9,214.829
1639155600000,151.0,151.0,150.6,150.6,645.957
1639155660000,150.7,150.9,150.5,150.7,527.695
1639155720000,150.7,150.9,150.6,150.7,766.016
1639155780000,150.8,150.9,150.7,150.7,512.936
1639155840000,150.8,151.1,150.7,151.1,713.052
1639155900000,151.0,151.2,150.9,151.0,627.598
1639155960000,150.9,151.1,150.8,150.8,327.175
1639156020000,150.7,150.8,150.6,150.7,223.424
1639156080000,150.6,150.9,150.5,150.5,780.397
1639156140000,150.5,150.7,150.4,150.6,194.262
1639156200000,150.6,150.9,150.5,150.8,371.53
1639156260000,150.7,150.8,150.6,150.7,307.995
1639156320000,150.8,150.9,150.7,150.8,330.406
1639156380000,150.8,150.9,150.8,150.9,301.912
1639156440000,150.9,150.9,150.8,150.9,261.852
1639156500000,150.9,150.9,150.8,150.8,205.583
1639156560000,150.9,150.9,150.7,150.8,152.073
1639156620000,150.8,151.0,150.7,151.0,287.204
1639156680000,150.9,151.0,150.9,150.9,487.714
1639156740000,150.8,150.8,150.6,150.6,208.45
1639156800000,150.6,150.8,150.4,150.5,696.389
1639156860000,150.4,150.4,150.2,150.3,258.781
1639156920000,150.2,150.4,150.1,150.2,472.172
1639156980000,150.3,150.3,150.2,150.3,94.043
1639157040000,150.3,150.3,150.2,150.3,90.291
1639157100000,150.3,150.3,150.1,150.3,548.52
1639157160000,150.2,150.3,149.8,150.0,576.524
1639157220000,150.0,150.0,149.5,149.7,847.016
1639157280000,149.6,149.8,149.4,149.7,345.476
1639157340000,149.6,149.6,149.0,149.4,1143.605
1639157400000,149.4,149.5,149.0,149.3,436.365
1639157460000,149.2,149.8,149.2,149.7,316.082
1639157520000,149.7,149.7,149.0,149.1,1021.396
1639157580000,149.2,149.4,149.0,149.3,400.582
1639157640000,149.3,149.4,149.1,149.2,75.087
1639157700000,149.2,149.7,149.2,149.4,803.726
1639157760000,149.4,149.4,149.3,149.3,149.123
1639157820000,149.3,149.5,149.3,149.5,115.715
1639157880000,149.5,149.6,149.3,149.4,499.272
1639157940000,149.5,149.5,149.0,149.1,196.293
1639158000000,149.2,149.3,149.0,149.1,311.279
1639158060000,149.1,149.4,149.0,149.3,309.779
1639158120000,149.3,149.6,149.3,149.6,134.088
1639158180000,149.5,149.7,149.4,149.5,240.741
1639158240000,149.4,149.6,149.4,149.5,103.397
1639158300000,149.6,149.9,149.5,149.7,492.902
1639158360000,149.8,149.8,149.5,149.6,330.006
1639158420000,149.5,149.7,149.4,149.6,214.429
1639158480000,149.6,149.8,149.5,149.8,187.398
1639158540000,149.7,149.8,149.6,149.6,123.991
1639158600000,149.6,149.8,149.5,149.8,83.745
1639158660000,149.8,150.1,149.7,149.8,545.096
1639158720000,149.9,149.9,149.6,149.6,302.003
1639158780000,149.7,149.9,149.6,149.8,245.106
1639158840000,149.9,150.0,149.7,150.0,159.018
1639158900000,150.0,150.0,149.8,149.9,114.216
1639158960000,150.0,150.1,149.9,150.1,121.119
1639159020000,150.1,150.4,150.1,150.4,382.613
1639159080000,150.4,150.7,150.4,150.7,787.559
1639159140000,150.6,150.7,150.5,150.6,235.252
1639159200000,150.6,150.7,150.4,150.5,244.195
1639159260000,150.5,150.7,150.4,150.7,148.087
1639159320000,150.6,150.9,150.6,150.7,323.496
1639159380000,150.8,150.9,150.6,150.8,2702.835
1639159440000,150.9,151.0,150.7,150.7,325.849
1639159500000,150.8,151.2,150.7,151.0,1361.818
1639159560000,151.0,151.1,150.8,151.0,386.367
1639159620000,151.0,151.2,150.9,151.1,273.595
1639159680000,151.2,151.2,151.0,151.1,841.288
1639159740000,151.1,151.2,151.0,151.1,462.302
1639159800000,151.1,151.3,151.0,151.3,198.307
1639159860000,151.2,151.4,151.1,151.1,359.39
1639159920000,151.1,151.2,151.0,151.1,185.783
1639159980000,151.2,151.3,151.1,151.1,202.881
1639160040000,151.2,151.8,151.0,151.4,1038.597
1639160100000,151.5,152.3,151.4,151.9,1165.474
1639160160000,152.0,152.3,151.9,152.2,656.882
1639160220000,152.2,152.4,151.9,152.0,708.16
1639160280000,152.0,152.0,151.7,151.7,232.773
1639160340000,151.6,151.9,151.5,151.8,367.318
1639160400000,151.8,151.9,151.6,151.7,94.889
1639160460000,151.6,151.7,151.3,151.4,216.103
1639160520000,151.5,151.5,151.3,151.3,99.899
1639160580000,151.3,151.5,151.1,151.2,200.284
1639160640000,151.2,151.2,151.0,151.1,77.431
1639160700000,151.1,151.3,151.1,151.2,127.576
1639160760000,151.3,151.3,151.1,151.3,344.948
1639160820000,151.2,151.5,151.2,151.5,473.707
1639160880000,151.4,151.7,151.4,151.5,407.545
1639160940000,151.5,151.6,151.5,151.6,42.616
1639161000000,151.6,151.7,151.4,151.7,309.809
1639161060000,151.7,151.8,151.5,151.7,294.466
1639161120000,151.7,151.8,151.6,151.6,293.324
1639161180000,151.7,151.8,151.6,151.6,179.915
1639161240000,151.7,151.8,151.7,151.7,68.386
1639161300000,151.6,151.7,151.4,151.6,584.276
1639161360000,151.5,151.6,151.4,151.5,131.865
1639161420000,151.5,151.7,151.4,151.7,515.398
1639161480000,151.6,151.6,151.4,151.6,183.81
1639161540000,151.6,151.8,151.5,151.8,263.789
1639161600000,151.9,152.0,151.8,151.9,208.854
1639161660000,151.9,152.0,151.8,151.8,297.165
1639161720000,151.9,151.9,151.7,151.9,172.967
1639161780000,151.8,151.9,151.7,151.8,169.949
1639161840000,151.7,151.9,151.6,151.7,184.119
1639161900000,151.8,151.8,151.4,151.4,177.425
1639161960000,151.4,151.6,151.4,151.5,194.534
1639162020000,151.4,151.5,151.2,151.2,222.086
1639162080000,151.2,151.5,151.2,151.5,137.622
1639162140000,151.4,151.5,151.3,151.4,72.33
1639162200000,151.3,151.4,151.2,151.2,113.841
1639162260000,151.2,151.5,151.2,151.4,159.122
1639162320000,151.5,151.5,151.4,151.4,137.076
1639162380000,151.4,151.5,151.3,151.4,60.547
1639162440000,151.3,151.4,151.2,151.2,94.873
1639162500000,151.2,151.3,151.1,151.1,497.097
1639162560000,151.1,151.1,150.8,150.9,309.528
1639162620000,150.9,151.0,150.7,150.9,475.364
1639162680000,150.9,151.2,150.8,151.0,2711.105
1639162740000,151.1,151.4,151.0,151.4,336.682
1639162800000,151.3,151.4,151.2,151.3,369.339
1639162860000,151.4,151.5,151.1,151.2,867.209
1639162920000,151.2,151.3,150.8,151.0,774.725
1639162980000,151.0,151.1,150.6,150.8,177.83
1639163040000,150.9,150.9,150.7,150.8,60.122
1639163100000,150.8,150.9,150.7,150.7,121.957
1639163160000,150.9,151.0,150.8,151.0,113.499
1639163220000,151.0,151.1,150.8,151.0,107.274
1639163280000,151.0,151.0,150.8,151.0,142.304
1639163340000,150.9,151.0,150.6,150.7,439.257
1639163400000,150.8,151.0,150.8,150.9,117.607
1639163460000,151.0,151.2,151.0,151.2,219.13
1639163520000,151.1,151.2,151.0,151.2,87.984
1639163580000,151.2,151.2,151.1,151.1,95.354
1639163640000,151.1,151.3,151.0,151.2,513.488
1639163700000,151.2,151.5,151.1,151.5,331.71
1639163760000,151.5,151.7,151.5,151.7,287.515
1639163820000,151.6,151.8,151.6,151.8,175.608
1639163880000,151.8,151.9,151.7,151.7,228.679
1639163940000,151.8,151.8,151.7,151.8,14.451
1639164000000,151.7,151.8,151.7,151.7,44.24
1639164060000,151.7,151.8,151.7,151.8,8.941
1639164120000,151.7,151.8,151.6,151.8,130.613
1639164180000,151.8,152.3,151.8,152.2,479.949
1639164240000,152.2,152.2,152.0,152.2,145.425
1639164300000,152.1,152.3,152.1,152.2,193.062
1639164360000,152.2,152.5,152.1,152.4,332.709
1639164420000,152.3,152.5,152.2,152.3,276.438
1639164480000,152.4,152.5,152.2,152.3,334.44
1639164540000,152.4,152.4,152.2,152.3,293.893
1639164600000,152.3,152.4,152.2,152.4,212.36
1639164660000,152.3,152.6,152.3,152.4,304.957
1639164720000,152.3,152.7,152.3,152.7,287.947
1639164780000,152.6,152.7,152.5,152.7,633.32
1639164840000,152.6,152.6,152.4,152.5,215.599
1639164900000,152.5,152.7,152.3,152.3,413.847
1639164960000,152.3,152.5,152.3,152.3,175.506
1639165020000,152.4,152.6,152.2,152.5,172.281
1639165080000,152.5,152.7,152.4,152.6,244.869
1639165140000,152.6,152.9,152.5,152.9,412.255
1639165200000,152.9,152.9,152.6,152.7,217.523
1639165260000,152.7,152.9,152.5,152.7,327.106
1639165320000,152.7,152.7,152.5,152.6,121.525
1639165380000,152.6,152.7,152.5,152.5,300.594
1639165440000,152.6,152.7,152.5,152.7,149.399
1639165500000,152.6,152.9,152.5,152.9,452.019
1639165560000,152.9,152.9,152.7,152.8,298.803
1639165620000,152.9,152.9,152.7,152.9,527.615
1639165680000,152.9,152.9,152.7,152.9,406.528
1639165740000,152.8,152.8,152.6,152.7,514.154
1639165800000,152.7,152.8,152.6,152.7,124.327
1639165860000,152.7,152.8,152.6,152.7,326.632
1639165920000,152.8,152.8,152.6,152.6,133.863
1639165980000,152.6,152.7,152.5,152.6,164.214
1639166040000,152.5,152.8,152.5,152.7,452.267
1639166100000,152.6,152.7,152.5,152.6,83.16
1639166160000,152.7,152.8,152.6,152.8,62.809
1639166220000,152.7,152.9,152.7,152.7,144.481
1639166280000,152.7,152.9,152.6,152.6,153.293
1639166340000,152.7,152.8,152.6,152.6,108.509
1639166400000,152.7,152.9,152.6,152.9,235.325
1639166460000,152.9,153.3,152.9,153.1,1512.934
1639166520000,153.1,153.5,153.1,153.3,719.112
1639166580000,153.3,153.4,153.2,153.3,110.854
1639166640000,153.2,153.3,153.0,153.0,196.023
1639166700000,153.0,153.2,153.0,153.1,76.099
1639166760000,153.2,153.5,153.1,153.4,472.932
1639166820000,153.4,153.5,153.3,153.4,96.884
1639166880000,153.3,153.5,153.2,153.5,173.14
1639166940000,153.5,153.6,153.4,153.5,344.878
1639167000000,153.6,153.9,153.5,153.7,275.144
1639167060000,153.7,153.8,153.6,153.7,157.466
1639167120000,153.7,154.1,153.7,154.1,440.285
1639167180000,154.0,154.1,153.6,153.7,254.826
1639167240000,153.6,153.7,153.5,153.6,164.335
1639167300000,153.7,153.7,153.3,153.3,516.096
1639167360000,153.3,153.4,153.2,153.3,91.325
1639167420000,153.4,153.4,153.2,153.3,184.509
1639167480000,153.3,153.5,153.2,153.4,155.412
1639167540000,153.5,153.7,153.5,153.6,268.173
1639167600000,153.5,153.8,153.5,153.7,494.973
1639167660000,153.7,153.8,153.5,153.6,233.907
1639167720000,153.7,153.9,153.6,153.9,166.447
1639167780000,153.9,153.9,153.7,153.7,180.77
1639167840000,153.7,153.7,153.6,153.6,32.61
1639167900000,153.7,153.8,153.6,153.6,64.155
1639167960000,153.7,153.9,153.6,153.7,121.205
1639168020000,153.8,153.9,153.8,153.9,131.198
1639168080000,153.8,153.9,153.6,153.7,301.164
1639168140000,153.8,153.8,153.6,153.7,70.751
1639168200000,153.7,153.8,153.6,153.8,77.179
1639168260000,153.8,153.9,153.8,153.9,95.821
1639168320000,153.9,153.9,153.6,153.6,86.205
1639168380000,153.6,153.8,153.6,153.7,101.836
1639168440000,153.8,154.0,153.7,154.0,119.024
1639168500000,153.9,154.1,153.9,154.1,398.657
1639168560000,154.0,154.0,153.8,153.9,99.587
1639168620000,153.9,153.9,153.8,153.8,79.067
1639168680000,153.9,153.9,153.6,153.7,160.498
1639168740000,153.7,153.8,153.6,153.7,277.829
1639168800000,153.7,153.9,153.6,153.7,245.192
1639168860000,153.7,153.7,153.5,153.6,285.869
1639168920000,153.7,153.7,153.5,153.7,137.3
1639168980000,153.6,153.7,153.5,153.7,204.273
1639169040000,153.6,153.7,153.5,153.6,110.38
1639169100000,153.7,153.7,153.5,153.7,88.58
1639169160000,153.7,153.9,153.7,153.9,133.423
1639169220000,153.8,153.9,153.7,153.9,141.845
1639169280000,153.9,154.0,153.6,153.6,219.772
1639169340000,153.7,153.9,153.7,153.9,141.25
1639169400000,153.9,154.2,153.9,154.1,368.857
1639169460000,154.1,154.2,153.9,154.0,349.959
1639169520000,154.1,154.1,154.0,154.0,55.407
1639169580000,154.1,154.2,154.0,154.0,63.043
1639169640000,154.1,154.1,153.9,154.0,224.015
1639169700000,154.0,154.0,153.9,154.0,118.105
1639169760000,154.0,154.2,153.9,154.2,225.259
1639169820000,154.2,154.3,154.1,154.3,123.737
1639169880000,154.3,154.3,154.2,154.2,78.106
1639169940000,154.3,154.8,154.3,154.6,799.027
1639170000000,154.6,154.6,154.2,154.3,1100.014
1639170060000,154.4,154.5,154.3,154.5,399.805
1639170120000,154.4,154.5,154.3,154.4,43.979
1639170180000,154.3,154.4,154.2,154.3,145.349
1639170240000,154.3,154.5,154.2,154.5,197.622
1639170300000,154.5,154.5,154.3,154.4,244.741
1639170360000,154.4,154.5,154.2,154.2,185.525
1639170420000,154.2,154.5,154.2,154.3,357.646
1639170480000,154.3,154.3,154.1,154.2,107.123
1639170540000,154.2,154.2,154.0,154.1,74.313
1639170600000,154.1,154.6,153.9,154.6,1044.919
1639170660000,154.7,154.9,154.5,154.5,326.558
1639170720000,154.6,154.6,154.3,154.4,520.764
1639170780000,154.4,154.4,154.2,154.3,41.627
1639170840000,154.3,154.5,154.2,154.4,244.376
1639170900000,154.3,154.3,154.1,154.2,187.554
1639170960000,154.1,154.3,154.1,154.3,96.476
1639171020000,154.3,154.4,154.2,154.3,50.263
1639171080000,154.3,154.7,154.2,154.7,115.132
1639171140000,154.7,154.7,154.5,154.5,57.935
1639171200000,154.6,154.8,154.5,154.7,198.085
1639171260000,154.7,154.8,154.6,154.8,141.461
1639171320000,154.8,154.9,154.7,154.9,108.93
1639171380000,154.8,154.9,154.8,154.9,72.499
1639171440000,154.9,154.9,154.7,154.7,118.696
1639171500000,154.8,154.8,154.5,154.5,297.963
1639171560000,154.5,154.7,154.4,154.4,94.431
1639171620000,154.5,154.6,154.4,154.6,187.717
1639171680000,154.6,154.6,154.3,154.3,366.366
1639171740000,154.4,154.5,153.9,154.5,1366.524
1639171800000,154.5,154.5,154.3,154.3,143.174
1639171860000,154.3,154.6,154.3,154.6,191.411
1639171920000,154.6,154.9,154.5,154.8,537.02
1639171980000,154.9,154.9,154.7,154.9,392.835
1639172040000,154.9,155.0,154.5,154.6,944.117
1639172100000,154.6,154.8,154.5,154.7,233.412
1639172160000,154.6,154.6,154.5,154.6,201.998
1639172220000,154.6,154.7,154.5,154.7,136.325
1639172280000,154.7,154.7,154.5,154.7,186.421
1639172340000,154.6,154.7,154.3,154.3,230.416
1639172400000,154.4,154.4,153.9,154.0,736.827
1639172460000,154.0,154.1,153.8,154.0,458.646
1639172520000,154.1,154.3,154.0,154.3,307.214
1639172580000,154.3,154.3,154.1,154.1,83.134
1639172640000,154.1,154.2,154.0,154.1,221.031
1639172700000,154.1,154.3,154.0,154.2,808.608
1639172760000,154.1,154.2,154.0,154.1,59.176
1639172820000,154.1,154.1,153.7,153.9,189.241
1639172880000,153.8,153.8,152.9,152.9,1105.442
1639172940000,153.0,153.0,152.3,152.7,1055.926
1639173000000,152.7,153.1,152.5,153.0,654.633
1639173060000,153.0,153.0,152.4,152.7,1074.206
1639173120000,152.7,152.9,152.6,152.8,648.793
1639173180000,152.8,152.9,152.6,152.7,501.926
1639173240000,152.8,152.9,152.7,152.8,151.695
1639173300000,152.8,153.3,152.8,153.2,390.467
1639173360000,153.2,153.4,153.2,153.4,137.509
1639173420000,153.4,153.5,153.0,153.1,394.472
1639173480000,153.2,153.2,152.7,153.0,952.629
1639173540000,152.9,153.1,152.7,152.7,192.315
1639173600000,152.8,153.1,152.7,153.1,230.53
1639173660000,153.1,153.2,152.8,153.0,411.501
1639173720000,153.1,153.4,153.0,153.3,321.17
1639173780000,153.3,153.3,153.0,153.0,440.032
1639173840000,152.9,153.0,152.4,152.6,746.39
1639173900000,152.6,152.8,152.4,152.7,671.012
1639173960000,152.7,152.8,152.6,152.7,96.22
1639174020000,152.8,152.9,152.7,152.8,290.692
1639174080000,152.7,153.1,152.6,153.1,464.705
1639174140000,153.0,153.2,153.0,153.1,408.993
1639174200000,153.1,153.1,153.0,153.1,48.579
1639174260000,153.1,153.1,152.8,152.9,266.198
1639174320000,152.9,153.1,152.9,153.1,59.37
1639174380000,153.0,153.1,152.9,153.0,57.846
1639174440000,153.0,153.1,152.9,153.0,169.932
1639174500000,153.1,153.7,153.0,153.6,887.613
1639174560000,153.5,153.8,153.5,153.7,116.916
1639174620000,153.8,153.8,153.7,153.7,131.374
1639174680000,153.6,153.7,153.4,153.5,436.977
1639174740000,153.5,153.6,153.4,153.4,88.906
1639174800000,153.3,153.4,153.0,153.4,225.997
1639174860000,153.3,153.3,153.2,153.3,15.276
1639174920000,153.2,153.4,153.2,153.3,28.486
1639174980000,153.4,153.4,152.8,152.8,314.575
1639175040000,152.8,152.9,152.7,152.7,122.404
1639175100000,152.8,152.8,152.6,152.8,40.282
1639175160000,152.8,152.8,152.7,152.7,12.329
1639175220000,152.8,152.8,152.5,152.5,440.673
1639175280000,152.6,152.8,152.6,152.7,157.218
1639175340000,152.6,152.8,152.6,152.7,52.256
1639175400000,152.6,152.7,152.6,152.7,96.739
1639175460000,152.7,152.7,152.5,152.6,40.494
1639175520000,152.5,152.6,152.3,152.3,117.392
1639175580000,152.3,152.3,152.1,152.1,101.314
1639175640000,152.2,152.3,152.1,152.1,178.073
1639175700000,152.1,152.4,152.1,152.3,254.716
1639175760000,152.4,152.5,152.4,152.5,67.435
1639175820000,152.5,152.5,152.4,152.4,8.779
1639175880000,152.5,152.5,152.4,152.4,34.948
1639175940000,152.5,152.5,152.4,152.4,17.532
1639176000000,152.4,152.7,152.4,152.6,262.05
1639176060000,152.6,152.6,152.5,152.6,75.76
1639176120000,152.6,152.8,152.6,152.7,36.339
1639176180000,152.7,152.8,152.6,152.7,86.737
1639176240000,152.7,152.8,152.6,152.7,59.802
1639176300000,152.8,152.9,152.7,152.8,97.37
1639176360000,152.7,152.7,152.6,152.6,138.045
1639176420000,152.5,152.5,152.4,152.5,51.18
1639176480000,152.5,152.5,152.4,152.5,18.988
1639176540000,152.5,152.6,152.4,152.6,41.237
1639176600000,152.6,152.6,151.9,151.9,402.848
1639176660000,151.9,151.9,151.3,151.5,559.057
1639176720000,151.5,151.8,151.5,151.8,170.151
1639176780000,151.8,151.9,151.7,151.7,54.987
1639176840000,151.8,151.9,151.7,151.9,80.728
1639176900000,151.8,152.1,151.8,152.1,531.685
1639176960000,152.0,152.2,152.0,152.2,132.602
1639177020000,152.1,152.1,151.8,151.8,161.589
1639177080000,151.8,151.9,151.6,151.6,479.235
1639177140000,151.6,151.6,151.4,151.6,108.943
1639177200000,151.7,151.7,150.9,150.9,630.756
1639177260000,151.0,151.3,150.9,151.2,779.115
1639177320000,151.2,151.4,151.2,151.3,192.6
1639177380000,151.3,151.8,151.3,151.7,389.783
1639177440000,151.8,151.9,151.6,151.7,150.335
1639177500000,151.6,151.6,151.3,151.5,713.705
1639177560000,151.5,151.7,151.4,151.4,73.235
1639177620000,151.5,151.8,151.4,151.7,110.401
1639177680000,151.7,151.8,151.6,151.8,21.669
1639177740000,151.9,152.1,151.8,152.1,285.538
1639177800000,152.0,152.2,152.0,152.1,95.161
1639177860000,152.0,152.1,151.8,151.8,622.039
1639177920000,151.8,152.0,151.7,151.9,61.442
1639177980000,151.8,151.8,151.6,151.7,189.838
1639178040000,151.7,151.8,151.4,151.4,279.551
1639178100000,151.3,151.7,151.3,151.7,194.562
1639178160000,151.6,151.9,151.6,151.8,263.048
1639178220000,151.8,151.9,151.8,151.8,296.748
1639178280000,151.9,151.9,151.8,151.8,212.571
1639178340000,151.9,152.1,151.9,152.0,487.736
1639178400000,152.0,152.3,151.9,152.3,74.221
1639178460000,152.3,152.3,152.1,152.1,124.97
1639178520000,152.1,152.2,152.0,152.1,939.99
1639178580000,152.2,152.3,152.1,152.2,176.564
1639178640000,152.2,152.4,152.2,152.2,170.664
1639178700000,152.2,152.5,152.1,152.2,564.084
1639178760000,152.2,152.2,152.0,152.1,253.776
1639178820000,152.1,152.1,151.8,151.9,259.157
1639178880000,151.9,152.0,151.8,151.9,165.95
1639178940000,151.9,152.0,151.7,151.9,177.622
1639179000000,151.9,152.2,151.9,152.2,371.514
1639179060000,152.1,152.2,151.9,151.9,240.076
1639179120000,151.9,151.9,151.4,151.6,768.776
1639179180000,151.6,151.6,151.2,151.3,189.195
1639179240000,151.3,151.3,150.9,151.1,157.317
1639179300000,151.1,151.1,150.2,150.5,3609.208
1639179360000,150.4,150.4,149.7,150.2,1809.931
1639179420000,150.2,150.2,149.8,149.8,414.883
1639179480000,149.8,150.5,149.5,150.1,1851.327
1639179540000,150.1,150.2,150.0,150.0,321.668
1639179600000,150.0,150.2,149.5,149.7,1449.939
1639179660000,149.7,150.2,149.4,150.2,1402.632
1639179720000,150.3,150.6,150.0,150.4,889.486
1639179780000,150.4,150.5,150.3,150.4,335.242
1639179840000,150.4,150.7,150.4,150.4,551.905
1639179900000,150.5,150.5,149.8,150.0,882.837
1639179960000,149.9,150.2,149.9,149.9,232.153
1639180020000,149.9,150.2,149.6,150.2,850.595
1639180080000,150.2,150.5,150.1,150.2,471.154
1639180140000,150.3,150.3,149.6,149.7,1221.454
1639180200000,149.7,149.7,149.2,149.5,1241.809
1639180260000,149.6,149.8,149.4,149.4,325.344
1639180320000,149.4,149.6,148.3,149.0,3987.987
1639180380000,148.9,149.3,148.8,148.8,1207.387
1639180440000,148.9,148.9,147.5,147.9,4689.944
1639180500000,148.0,148.5,147.6,148.1,2965.955
1639180560000,148.1,148.3,147.6,148.1,1663.023
1639180620000,148.1,148.9,148.1,148.5,911.843
1639180680000,148.7,148.7,148.0,148.3,620.791
1639180740000,148.2,148.5,148.1,148.3,492.346
1639180800000,148.4,148.7,148.2,148.6,455.722
1639180860000,148.6,148.9,148.4,148.9,1162.184
1639180920000,148.9,149.1,148.5,148.7,1185.386
1639180980000,148.7,148.9,148.5,148.7,437.02
1639181040000,148.7,148.9,148.5,148.8,788.134
1639181100000,148.8,148.8,148.0,148.0,936.16
1639181160000,148.0,148.1,147.3,148.0,1462.801
1639181220000,148.0,148.5,147.9,148.5,779.047
1639181280000,148.4,148.5,147.9,148.1,558.708
1639181340000,148.2,148.3,147.3,147.6,526.991
1639181400000,147.6,147.7,146.5,146.9,3579.427
1639181460000,146.9,147.4,146.3,147.2,1763.613
1639181520000,147.2,147.3,146.5,146.6,893.899
1639181580000,146.7,146.9,146.5,146.8,943.723
1639181640000,146.8,147.1,146.8,146.8,652.358
1639181700000,146.9,147.5,146.9,147.4,720.469
1639181760000,147.3,147.3,147.0,147.2,559.463
1639181820000,147.2,147.2,145.8,146.1,2486.321
1639181880000,146.0,146.4,145.7,146.1,2854.967
1639181940000,146.2,146.7,146.2,146.6,1150.209
1639182000000,146.6,146.7,146.1,146.2,541.184
1639182060000,146.2,146.8,146.1,146.7,894.811
1639182120000,146.7,147.4,146.7,147.3,586.662
1639182180000,147.3,147.9,147.2,147.9,773.856
1639182240000,147.8,148.2,147.4,148.0,1327.615
1639182300000,147.9,148.4,147.8,148.3,886.978
1639182360000,148.3,148.3,147.9,148.0,1005.478
1639182420000,147.8,150.0,147.8,149.2,5045.642
1639182480000,149.2,149.7,149.0,149.4,2358.09
1639182540000,149.4,150.7,149.3,150.4,2858.318
1639182600000,150.3,150.5,149.9,150.4,2128.954
1639182660000,150.4,150.5,149.7,150.1,1970.069
1639182720000,150.2,150.6,149.7,150.6,1263.154
1639182780000,150.7,151.0,150.5,150.6,1285.042
1639182840000,150.5,150.7,150.5,150.6,621.309
1639182900000,150.7,151.5,150.7,151.3,987.287
1639182960000,151.4,152.3,151.4,151.6,2907.346
1639183020000,151.6,151.9,151.0,151.0,1049.708
1639183080000,151.1,151.5,151.0,151.2,1890.783
1639183140000,151.2,151.7,151.2,151.3,1075.835
1639183200000,151.3,151.7,151.0,151.3,3028.619
1639183260000,151.3,151.3,150.9,151.2,1085.386
1639183320000,151.1,151.2,150.5,150.7,1403.309
1639183380000,150.7,150.7,149.8,149.8,1805.909
1639183440000,150.0,150.2,149.7,150.0,718.946
1639183500000,150.0,150.6,150.0,150.0,775.801
1639183560000,150.1,150.2,149.5,149.9,954.883
1639183620000,149.9,150.4,149.6,150.3,950.396
1639183680000,150.1,150.3,149.8,149.9,385.966
1639183740000,149.8,150.1,149.8,150.1,214.111
1639183800000,150.2,150.4,149.9,149.9,459.048
1639183860000,150.0,150.1,149.6,149.6,245.934
1639183920000,149.6,149.9,149.3,149.3,289.462
1639183980000,149.4,149.5,149.2,149.4,280.832
1639184040000,149.4,149.4,149.2,149.4,549.217
1639184100000,149.4,149.5,149.1,149.4,195.882
1639184160000,149.3,149.4,148.9,149.0,489.39
1639184220000,149.0,149.1,148.5,148.7,793.907
1639184280000,148.7,149.1,148.6,148.9,636.635
1639184340000,148.9,149.0,148.8,149.0,489.14
1639184400000,148.9,148.9,148.6,148.9,271.99
1639184460000,149.0,149.8,149.0,149.7,1105.4
1639184520000,149.6,149.6,149.2,149.5,415.974
1639184580000,149.4,150.3,149.4,150.1,1418.081
1639184640000,150.1,150.3,149.9,150.2,839.557
1639184700000,150.2,150.6,150.2,150.6,214.556
1639184760000,150.6,150.7,150.2,150.4,574.61
1639184820000,150.4,150.6,150.4,150.5,288.46
1639184880000,150.4,150.4,149.8,150.0,684.625
1639184940000,150.1,150.5,150.0,150.5,323.757
1639185000000,150.6,150.6,150.2,150.4,416.691
1639185060000,150.4,150.5,150.2,150.2,361.047
1639185120000,150.2,150.3,149.9,150.0,334.558
1639185180000,150.0,150.1,149.8,149.9,285.964
1639185240000,150.0,150.6,150.0,150.6,340.035
1639185300000,150.5,150.6,150.3,150.6,923.631
1639185360000,150.6,151.1,150.6,150.6,1287.046
1639185420000,150.6,151.1,150.6,151.0,404.013
1639185480000,150.9,151.1,150.9,151.0,174.747
1639185540000,151.0,151.2,151.0,151.1,353.663
1639185600000,151.1,151.1,150.6,150.7,396.992
1639185660000,150.8,150.8,150.3,150.4,262.472
1639185720000,150.5,150.6,150.3,150.4,111.306
1639185780000,150.4,150.6,150.3,150.6,245.99
1639185840000,150.6,151.0,150.6,150.8,209.104
1639185900000,150.7,150.9,150.7,150.8,145.449
1639185960000,150.8,151.1,150.8,150.8,179.831
1639186020000,150.9,151.1,150.8,150.9,121.296
1639186080000,150.9,151.2,150.8,151.0,474.738
1639186140000,151.1,151.4,151.0,151.1,1376.269
1639186200000,151.1,151.2,150.8,150.8,208.887
1639186260000,150.8,150.9,150.8,150.9,55.614
1639186320000,150.9,151.2,150.9,151.2,228.003
1639186380000,151.2,151.8,151.1,151.6,521.816
1639186440000,151.6,151.7,151.4,151.6,151.762
1639186500000,151.5,151.5,151.3,151.4,85.924
1639186560000,151.4,151.8,151.4,151.8,242.419
1639186620000,151.7,151.9,151.7,151.8,351.141
1639186680000,151.7,151.9,151.6,151.9,333.834
1639186740000,151.9,152.1,151.7,151.9,367.16
1639186800000,151.9,151.9,151.7,151.8,445.844
1639186860000,151.8,151.9,151.7,151.7,139.371
1639186920000,151.8,151.8,151.4,151.5,232.235
1639186980000,151.4,151.6,151.2,151.2,504.623
1639187040000,151.2,151.4,151.1,151.4,354.124
1639187100000,151.4,151.4,151.0,151.0,197.619
1639187160000,151.1,151.3,151.0,151.2,306.269
1639187220000,151.1,151.2,150.8,150.8,289.247
1639187280000,150.7,151.0,150.7,151.0,315.565
1639187340000,150.9,151.0,150.4,150.4,386.234
1639187400000,150.4,150.6,150.2,150.4,809.027
1639187460000,150.5,150.6,150.3,150.4,180.763
1639187520000,150.3,150.4,150.1,150.2,109.867
1639187580000,150.3,150.3,150.0,150.2,215.266
1639187640000,150.2,150.2,150.0,150.0,140.799
1639187700000,150.0,150.3,150.0,150.2,298.392
1639187760000,150.2,150.5,150.2,150.4,389.735
1639187820000,150.4,150.4,150.1,150.2,133.341
1639187880000,150.1,150.3,150.1,150.1,161.173
1639187940000,150.0,150.2,150.0,150.1,263.589
1639188000000,150.1,150.2,150.0,150.2,185.9
1639188060000,150.0,150.4,150.0,150.3,249.127
1639188120000,150.2,150.3,149.8,149.9,378.924
1639188180000,150.0,150.4,149.8,150.3,155.735
1639188240000,150.4,150.9,150.4,150.8,468.866
1639188300000,150.9,151.1,150.8,150.8,304.782
1639188360000,150.8,151.1,150.8,151.1,364.655
1639188420000,151.1,151.4,150.9,151.3,737.005
1639188480000,151.2,151.3,150.9,151.1,922.79
1639188540000,151.2,151.3,151.0,151.3,318.014
1639188600000,151.1,151.3,151.0,151.2,56.283
1639188660000,151.2,151.3,150.8,150.9,131.193
1639188720000,150.9,150.9,150.7,150.7,130.299
1639188780000,150.8,151.0,150.7,150.9,149.481
1639188840000,150.9,150.9,150.7,150.9,33.195
1639188900000,150.9,151.0,150.7,150.8,529.249
1639188960000,150.7,150.7,150.4,150.5,102.605
1639189020000,150.4,150.5,150.3,150.4,93.015
1639189080000,150.5,150.5,150.2,150.3,289.506
1639189140000,150.2,150.4,150.2,150.2,130.389
1639189200000,150.3,150.4,150.1,150.4,162.616
1639189260000,150.3,150.7,150.3,150.7,358.935
1639189320000,150.8,150.8,150.4,150.4,419.79
1639189380000,150.4,150.4,150.3,150.4,128.167
1639189440000,150.4,150.6,150.4,150.6,39.704
1639189500000,150.5,150.7,150.5,150.7,35.572
1639189560000,150.7,151.0,150.6,151.0,141.632
1639189620000,151.1,151.1,150.9,150.9,537.965
1639189680000,151.0,151.1,150.9,151.0,41.616
1639189740000,151.0,151.0,150.8,150.8,101.851
1639189800000,150.9,151.1,150.8,150.8,104.025
1639189860000,150.8,150.8,150.3,150.5,194.289
1639189920000,150.5,150.5,150.2,150.3,144.92
1639189980000,150.3,150.5,150.2,150.5,264.609
1639190040000,150.5,150.6,150.4,150.6,86.378
1639190100000,150.6,150.7,150.4,150.4,270.438
1639190160000,150.6,151.0,150.5,151.0,291.068
1639190220000,150.9,151.2,150.9,151.1,103.319
1639190280000,151.2,151.6,151.2,151.5,249.305
1639190340000,151.5,151.5,151.3,151.3,213.96
1639190400000,151.3,151.4,151.1,151.1,267.779
1639190460000,151.2,151.2,151.0,151.2,294.563
1639190520000,151.1,151.4,151.1,151.4,171.558
1639190580000,151.3,151.5,151.3,151.4,114.381
1639190640000,151.4,151.4,151.2,151.4,192.236
1639190700000,151.4,151.4,151.1,151.4,212.787
1639190760000,151.5,151.9,151.5,151.9,380.092
1639190820000,151.9,152.0,151.7,151.8,303.456
1639190880000,151.8,151.8,151.4,151.4,337.099
1639190940000,151.4,151.5,151.3,151.3,80.783
1639191000000,151.4,151.4,151.2,151.3,123.878
1639191060000,151.4,151.7,151.3,151.6,294.403
1639191120000,151.6,151.7,151.5,151.6,21.381
1639191180000,151.6,151.6,151.3,151.5,140.419
1639191240000,151.5,151.5,151.3,151.4,117.289
1639191300000,151.3,151.6,151.3,151.5,135.865
1639191360000,151.5,151.6,151.4,151.4,164.157
1639191420000,151.3,151.4,151.2,151.3,209.617
1639191480000,151.3,151.7,151.2,151.6,339.069
1639191540000,151.7,151.8,151.6,151.7,305.311
1639191600000,151.8,151.8,151.5,151.6,556.664
1639191660000,151.6,151.8,151.5,151.7,850.622
1639191720000,151.7,152.1,151.7,152.0,929.773
1639191780000,152.0,152.2,151.9,151.9,784.729
1639191840000,151.9,151.9,151.7,151.8,346.562
1639191900000,151.7,151.9,151.6,151.9,296.325
1639191960000,151.9,152.1,151.9,152.1,382.277
1639192020000,152.0,152.3,151.9,152.2,684.966
1639192080000,152.2,152.2,152.0,152.1,114.909
1639192140000,152.0,152.1,151.9,151.9,529.963
1639192200000,151.9,152.0,151.7,151.9,351.448
1639192260000,151.9,152.1,151.8,152.0,305.207
1639192320000,151.9,151.9,151.7,151.8,212.612
1639192380000,151.8,152.0,151.8,151.9,732.68
1639192440000,151.9,152.0,151.7,151.8,416.244
1639192500000,151.9,152.3,151.9,152.2,185.788
1639192560000,152.3,153.0,152.3,153.0,1892.431
1639192620000,153.0,153.0,152.7,152.8,626.082
1639192680000,152.8,152.9,152.6,152.8,228.496
1639192740000,152.8,152.9,152.6,152.7,258.428
1639192800000,152.7,152.9,152.6,152.7,94.299
1639192860000,152.7,152.7,152.4,152.7,124.903
1639192920000,152.7,152.8,152.5,152.5,172.286
1639192980000,152.5,152.5,152.3,152.4,132.669
1639193040000,152.4,152.5,152.1,152.1,173.239
1639193100000,152.2,152.5,152.1,152.2,621.123
1639193160000,152.2,152.3,152.1,152.2,174.858
1639193220000,152.3,152.3,152.1,152.3,243.577
1639193280000,152.3,152.5,152.2,152.5,172.12
1639193340000,152.5,152.5,152.3,152.4,78.844
1639193400000,152.3,152.6,152.3,152.6,114.466
1639193460000,152.6,152.8,152.6,152.7,156.387
1639193520000,152.7,152.9,152.6,152.7,289.939
1639193580000,152.6,152.6,152.4,152.5,240.305
1639193640000,152.4,152.6,152.3,152.4,446.673
1639193700000,152.5,152.7,152.4,152.5,282.136
1639193760000,152.4,152.8,152.4,152.7,176.531
1639193820000,152.7,152.7,152.4,152.4,356.817
1639193880000,152.4,152.5,152.4,152.5,13.037
1639193940000,152.5,152.5,152.0,152.1,419.974
1639194000000,152.1,152.2,152.0,152.1,161.134
1639194060000,152.0,152.3,152.0,152.1,292.275
1639194120000,152.2,152.2,151.9,152.0,99.032
1639194180000,151.9,152.1,151.8,152.0,286.27
1639194240000,152.0,152.1,151.9,152.1,46.633
1639194300000,152.0,152.1,151.9,152.0,31.184
1639194360000,152.0,152.1,151.9,152.1,77.784
1639194420000,152.1,152.2,152.1,152.2,149.488
1639194480000,152.2,152.2,152.0,152.0,31.522
1639194540000,152.0,152.0,151.7,151.8,412.575
1639194600000,151.8,152.0,151.7,152.0,154.268
1639194660000,151.9,152.1,151.8,151.9,292.927
1639194720000,152.0,152.1,152.0,152.1,68.617
1639194780000,152.1,152.3,152.0,152.3,238.405
1639194840000,152.3,152.3,151.9,152.0,253.479
1639194900000,152.0,152.0,151.8,151.9,76.608
1639194960000,151.9,152.2,151.9,152.0,336.438
1639195020000,152.0,152.1,152.0,152.1,99.434
1639195080000,152.1,152.2,151.9,151.9,75.777
1639195140000,151.9,151.9,151.6,151.8,1212.899
1639195200000,151.8,152.0,151.8,152.0,242.101
1639195260000,152.0,152.2,152.0,152.0,533.827
1639195320000,152.0,152.1,152.0,152.1,138.283
1639195380000,152.1,152.1,151.8,151.8,242.142
1639195440000,151.7,151.7,151.4,151.5,195.588
1639195500000,151.4,151.8,151.4,151.8,435.708
1639195560000,151.8,152.1,151.7,151.9,274.47
1639195620000,152.1,152.2,152.0,152.2,404.475
1639195680000,152.2,152.4,152.1,152.4,131.165
1639195740000,152.4,152.4,152.0,152.0,281.318
1639195800000,152.1,152.4,152.1,152.2,524.132
1639195860000,152.2,152.2,152.0,152.0,62.497
1639195920000,152.0,152.1,151.9,152.0,54.841
1639195980000,152.0,152.2,151.9,152.1,292.399
1639196040000,152.1,152.2,152.0,152.2,41.77
1639196100000,152.1,152.3,151.9,151.9,234.713
1639196160000,152.0,152.1,151.9,152.1,106.178
1639196220000,152.0,152.2,152.0,152.1,293.316
1639196280000,152.1,152.1,152.0,152.1,46.25
1639196340000,152.1,152.1,152.0,152.0,61.06
1639196400000,151.9,151.9,151.7,151.7,153.197
1639196460000,151.7,151.8,151.7,151.7,4.528
1639196520000,151.7,151.9,151.7,151.9,62.091
1639196580000,151.9,152.0,151.6,151.7,456.474
1639196640000,151.7,151.9,151.7,151.8,146.202
1639196700000,151.9,151.9,151.8,151.8,99.172
1639196760000,151.9,151.9,151.6,151.7,87.444
1639196820000,151.6,151.8,151.6,151.8,22.881
1639196880000,151.8,151.9,151.8,151.9,505.857
1639196940000,151.8,151.8,151.6,151.6,199.903
1639197000000,151.7,151.8,151.6,151.6,115.704
1639197060000,151.6,151.7,151.5,151.6,35.295
1639197120000,151.5,151.6,151.4,151.5,113.274
1639197180000,151.4,151.7,151.4,151.7,317.058
1639197240000,151.7,151.9,151.7,151.8,242.685
1639197300000,151.8,151.9,151.7,151.9,60.464
1639197360000,151.9,151.9,151.8,151.9,54.866
1639197420000,151.9,152.3,151.9,152.2,262.252
1639197480000,152.3,152.3,152.2,152.3,103.507
1639197540000,152.2,152.2,151.9,151.9,277.221
1639197600000,152.0,152.1,151.9,152.0,53.314
1639197660000,152.1,152.2,152.0,152.1,273.695
1639197720000,152.1,152.1,151.8,152.0,146.749
1639197780000,151.9,151.9,151.8,151.9,21.916
1639197840000,151.8,152.0,151.7,151.8,297.216
1639197900000,151.7,152.0,151.6,152.0,540.68
1639197960000,152.0,152.1,151.9,152.1,66.082
1639198020000,152.0,152.1,151.9,152.0,179.195
1639198080000,152.0,152.0,151.8,152.0,120.129
1639198140000,152.0,152.2,152.0,152.2,246.972
1639198200000,152.2,152.5,152.2,152.5,321.846
1639198260000,152.5,152.6,152.4,152.6,59.921
1639198320000,152.6,153.6,152.6,152.9,1735.732
1639198380000,152.9,152.9,152.6,152.8,642.859
1639198440000,152.8,153.1,152.8,152.9,588.363
1639198500000,152.9,153.0,152.6,152.9,639.323
1639198560000,152.9,152.9,152.7,152.8,120.876
1639198620000,152.7,153.2,152.6,152.9,645.209
1639198680000,152.9,153.0,152.6,152.9,338.466
1639198740000,152.9,152.9,152.7,152.9,212.308
1639198800000,152.9,153.2,152.8,153.2,601.273
1639198860000,153.2,153.9,153.1,153.5,2626.213
1639198920000,153.6,153.9,153.4,153.5,1167.456
1639198980000,153.5,153.9,153.4,153.8,305.361
1639199040000,153.8,153.8,153.5,153.8,422.777
1639199100000,153.8,153.8,153.4,153.5,414.281
1639199160000,153.5,153.7,153.4,153.6,515.002
1639199220000,153.6,153.6,153.4,153.5,312.463
1639199280000,153.5,153.8,153.3,153.5,705.354
1639199340000,153.5,153.6,153.5,153.5,133.901
1639199400000,153.6,153.7,153.5,153.5,167.592
1639199460000,153.5,153.7,153.4,153.6,435.665
1639199520000,153.6,154.3,153.6,153.8,810.231
1639199580000,153.8,154.0,153.7,153.8,356.867
1639199640000,153.8,153.8,153.5,153.5,381.055
1639199700000,153.6,153.7,153.3,153.3,427.201
1639199760000,153.2,153.4,153.2,153.3,76.061
1639199820000,153.4,153.5,153.1,153.3,318.868
1639199880000,153.2,153.3,153.0,153.1,231.772
1639199940000,153.0,153.2,152.8,152.9,355.462
1639200000000,153.0,153.2,152.8,153.0,202.003
1639200060000,153.0,153.0,152.7,152.8,217.036
1639200120000,152.8,153.1,152.7,152.9,320.103
1639200180000,152.9,153.1,152.9,153.0,129.693
1639200240000,153.0,153.3,153.0,153.3,157.956
1639200300000,153.2,153.2,152.9,153.0,223.426
1639200360000,153.0,153.0,152.8,153.0,250.392
1639200420000,152.9,153.0,152.8,152.9,104.165
1639200480000,153.0,153.1,152.9,153.0,540.691
1639200540000,153.1,153.2,153.1,153.2,166.326
1639200600000,153.3,153.6,153.3,153.4,519.859
1639200660000,153.3,153.4,153.2,153.4,93.231
1639200720000,153.5,153.6,153.4,153.5,50.785
1639200780000,153.5,153.6,153.5,153.6,189.144
1639200840000,153.7,153.7,153.5,153.7,115.458
1639200900000,153.7,153.7,153.4,153.7,203.399
1639200960000,153.6,153.8,153.5,153.5,154.726
1639201020000,153.6,153.7,153.4,153.6,224.431
1639201080000,153.6,153.8,153.5,153.6,212.947
1639201140000,153.6,153.6,153.5,153.6,30.555
1639201200000,153.7,153.9,153.5,153.8,171.65
1639201260000,153.9,153.9,153.6,153.6,206.875
1639201320000,153.6,153.8,153.5,153.7,214.616
1639201380000,153.8,153.8,153.7,153.8,57.839
1639201440000,153.7,153.9,153.7,153.9,118.172
1639201500000,153.8,154.4,153.8,154.3,730.822
1639201560000,154.3,154.4,154.0,154.0,194.515
1639201620000,154.0,154.1,154.0,154.0,13.243
1639201680000,154.0,154.4,154.0,154.3,753.883
1639201740000,154.3,154.6,154.3,154.4,356.713
1639201800000,154.3,154.5,154.2,154.3,366.727
1639201860000,154.2,154.3,153.7,153.7,848.267
1639201920000,153.7,154.2,153.4,153.5,5328.446
1639201980000,153.4,153.6,153.2,153.3,844.396
1639202040000,153.3,153.6,153.2,153.6,362.551
1639202100000,153.7,153.7,153.4,153.6,461.419
1639202160000,153.6,153.8,153.5,153.8,206.997
1639202220000,153.8,153.8,153.4,153.5,219.345
1639202280000,153.6,153.7,153.5,153.5,107.45
1639202340000,153.6,153.6,153.5,153.6,72.801
1639202400000,153.5,153.7,153.5,153.6,150.811
1639202460000,153.6,153.6,153.1,153.1,305.12
1639202520000,153.2,153.3,153.1,153.3,402.342
1639202580000,153.3,153.5,153.1,153.3,305.435
1639202640000,153.3,153.4,153.1,153.1,906.101
1639202700000,153.2,153.4,153.1,153.4,293.654
1639202760000,153.4,153.4,153.3,153.3,161.226
1639202820000,153.3,153.9,153.3,153.8,382.943
1639202880000,153.9,154.2,153.7,153.9,981.244
1639202940000,153.9,154.0,153.8,153.9,239.628
1639203000000,153.9,154.9,153.9,154.7,2500.482
1639203060000,154.7,155.7,154.7,155.6,5562.941
1639203120000,155.6,155.7,154.8,155.0,1410.137
1639203180000,155.0,155.2,154.8,155.0,617.015
1639203240000,154.9,155.2,154.8,155.0,294.916
1639203300000,155.0,155.2,154.9,155.0,292.47
1639203360000,155.1,155.1,154.5,154.5,264.36
1639203420000,154.6,154.7,154.4,154.6,329.081
1639203480000,154.6,154.9,154.5,154.7,1093.148
1639203540000,154.7,154.7,154.2,154.4,507.552
1639203600000,154.3,154.5,154.3,154.5,237.949
1639203660000,154.4,154.6,154.0,154.1,212.5
1639203720000,154.1,154.2,153.9,154.2,150.136
1639203780000,154.1,154.2,153.8,153.8,187.158
1639203840000,153.8,153.9,153.4,153.5,752.668
1639203900000,153.6,153.7,153.5,153.6,555.458
1639203960000,153.7,154.0,153.5,153.5,340.456
1639204020000,153.4,153.6,153.3,153.4,593.456
1639204080000,153.4,153.6,153.3,153.5,371.493
1639204140000,153.5,153.6,153.4,153.6,125.948
1639204200000,153.6,153.7,153.4,153.5,85.008
1639204260000,153.5,153.5,153.0,153.1,654.573
1639204320000,153.2,153.4,153.1,153.2,255.882
1639204380000,153.4,153.5,153.0,153.1,407.272
1639204440000,153.2,153.4,153.1,153.2,216.517
1639204500000,153.1,153.2,152.9,152.9,98.533
1639204560000,152.9,153.2,152.9,153.1,120.132
1639204620000,153.1,153.2,153.0,153.2,160.663
1639204680000,153.2,153.4,153.1,153.3,64.214
1639204740000,153.4,153.4,153.2,153.4,92.367
1639204800000,153.4,153.6,153.4,153.6,168.08
1639204860000,153.5,153.7,153.4,153.5,119.29
1639204920000,153.4,153.5,153.4,153.4,90.6
1639204980000,153.4,153.6,153.3,153.5,241.085
1639205040000,153.5,153.5,153.4,153.5,62.53
1639205100000,153.4,153.5,153.1,153.3,416.275
1639205160000,153.2,153.2,152.8,153.0,813.863
1639205220000,152.9,153.0,152.6,152.6,512.523
1639205280000,152.7,152.8,152.5,152.5,719.292
1639205340000,152.5,152.7,152.3,152.3,533.06
1639205400000,152.3,152.7,152.3,152.7,153.963
1639205460000,152.7,152.7,152.4,152.5,452.568
1639205520000,152.5,152.5,152.3,152.5,234.44
1639205580000,152.4,152.5,152.2,152.5,360.259
1639205640000,152.5,152.9,152.4,152.6,748.452
1639205700000,152.7,152.9,152.6,152.6,569.749
1639205760000,152.7,152.7,152.4,152.6,564.579
1639205820000,152.6,152.6,152.4,152.4,76.254
1639205880000,152.5,152.5,152.1,152.2,520.533
1639205940000,152.2,152.4,152.1,152.2,389.76
1639206000000,152.3,152.4,152.1,152.4,100.419
1639206060000,152.3,152.4,152.1,152.4,134.853
1639206120000,152.4,152.6,152.4,152.4,97.598
1639206180000,152.5,152.6,152.4,152.5,131.74
1639206240000,152.4,152.6,152.4,152.6,127.251
1639206300000,152.6,152.7,152.3,152.4,161.429
1639206360000,152.4,152.5,152.2,152.2,106.376
1639206420000,152.2,152.5,152.2,152.2,368.902
1639206480000,152.2,152.4,152.2,152.3,231.618
1639206540000,152.4,152.5,152.2,152.4,407.909
1639206600000,152.4,152.5,152.3,152.4,228.599
1639206660000,152.4,152.8,152.4,152.7,310.316
1639206720000,152.7,152.9,152.7,152.8,144.82
1639206780000,152.8,152.9,152.6,152.9,658.398
1639206840000,152.8,152.8,152.5,152.6,229.275
1639206900000,152.6,153.0,152.6,152.9,518.557
1639206960000,152.9,153.2,152.9,153.0,262.189
1639207020000,153.0,153.1,152.9,153.1,193.979
1639207080000,153.0,153.3,153.0,153.1,100.865
1639207140000,153.2,153.3,152.9,153.0,493.294
1639207200000,152.9,153.0,152.8,152.8,96.927
1639207260000,152.7,152.8,152.7,152.7,111.153
1639207320000,152.7,152.8,152.6,152.7,166.245
1639207380000,152.7,152.8,152.6,152.6,929.204
1639207440000,152.6,152.8,152.6,152.8,178.059
1639207500000,152.8,153.0,152.7,152.9,177.757
1639207560000,152.8,152.8,152.7,152.7,83.407
1639207620000,152.8,152.8,152.7,152.7,177.167
1639207680000,152.8,152.9,152.7,152.8,75.546
1639207740000,152.8,152.8,152.6,152.6,128.369
1639207800000,152.6,152.7,151.6,151.7,1471.214
1639207860000,151.7,152.0,151.6,152.0,1042.052
1639207920000,152.0,152.1,151.8,152.0,699.594
1639207980000,152.1,152.5,152.0,152.4,1248.355
1639208040000,152.3,152.3,152.2,152.3,318.137
1639208100000,152.3,152.4,152.2,152.2,99.922
1639208160000,152.2,152.2,151.9,152.2,357.862
1639208220000,152.1,152.5,152.1,152.4,237.472
1639208280000,152.4,152.6,152.4,152.4,450.34
1639208340000,152.4,152.8,152.4,152.6,274.625
1639208400000,152.7,153.0,152.6,152.8,183.263
1639208460000,152.8,152.8,152.6,152.7,230.554
1639208520000,152.8,152.8,152.5,152.5,129.933
1639208580000,152.5,152.6,152.4,152.4,122.254
1639208640000,152.4,152.8,152.4,152.7,155.915
1639208700000,152.6,153.0,152.6,152.9,153.938
1639208760000,152.9,153.0,152.9,152.9,60.884
1639208820000,152.9,153.0,152.9,152.9,129.158
1639208880000,152.9,153.0,152.8,152.8,231.452
1639208940000,152.9,153.2,152.9,153.0,218.99
1639209000000,153.0,153.0,152.7,152.8,261.099
1639209060000,152.7,152.8,152.6,152.8,553.89
1639209120000,152.7,152.9,152.7,152.8,279.029
1639209180000,152.8,153.0,152.7,152.9,111.737
1639209240000,152.9,153.0,152.8,153.0,250.605
1639209300000,152.9,153.2,152.9,153.1,112.862
1639209360000,153.0,153.2,152.9,152.9,320.879
1639209420000,152.9,152.9,152.8,152.8,46.633
1639209480000,152.9,152.9,152.6,152.9,479.981
1639209540000,153.0,153.0,152.7,152.8,336.979
1639209600000,152.7,152.8,152.6,152.7,149.101
1639209660000,152.8,153.1,152.8,153.1,368.397
1639209720000,153.1,153.1,152.7,153.0,1116.336
1639209780000,152.9,152.9,152.6,152.7,238.47
1639209840000,152.8,152.9,152.4,152.4,568.883
1639209900000,152.4,152.4,152.2,152.3,218.27
1639209960000,152.4,152.4,152.2,152.2,151.614
1639210020000,152.2,152.4,152.2,152.2,275.038
1639210080000,152.3,152.4,152.2,152.2,83.816
1639210140000,152.2,152.2,151.9,151.9,172.366
1639210200000,152.0,152.3,152.0,152.3,267.496
1639210260000,152.3,152.5,152.2,152.5,168.259
1639210320000,152.4,152.8,152.4,152.6,453.634
1639210380000,152.7,153.0,152.6,152.8,399.517
1639210440000,152.8,152.9,152.7,152.8,75.027
1639210500000,152.8,153.1,152.8,153.1,395.851
1639210560000,152.9,153.1,152.9,153.0,186.214
1639210620000,153.1,153.4,153.1,153.2,461.594
1639210680000,153.2,153.4,153.1,153.3,168.306
1639210740000,153.3,153.4,153.2,153.3,118.182
1639210800000,153.3,153.4,153.2,153.4,355.113
1639210860000,153.4,153.8,153.3,153.5,1179.046
1639210920000,153.5,153.7,153.4,153.5,87.054
1639210980000,153.5,153.8,153.5,153.6,453.936
1639211040000,153.7,153.8,153.5,153.7,754.038
1639211100000,153.8,154.4,153.7,154.4,1069.258
1639211160000,154.4,155.1,154.2,154.9,2064.683
1639211220000,154.8,155.3,154.8,155.1,663.898
1639211280000,155.1,155.1,154.8,154.9,457.876
1639211340000,154.8,155.9,154.8,155.9,2432.577
1639211400000,155.9,156.1,155.5,155.5,1147.426
1639211460000,155.5,155.7,155.3,155.6,635.42
1639211520000,155.5,155.5,155.2,155.3,314.04
1639211580000,155.3,155.5,154.9,155.1,1557.953
1639211640000,155.2,155.5,155.1,155.4,575.057
1639211700000,155.4,155.4,155.1,155.2,144.125
1639211760000,155.2,155.3,154.9,154.9,151.377
1639211820000,154.9,154.9,154.4,154.5,370.849
1639211880000,154.4,154.7,154.4,154.6,1141.748
1639211940000,154.6,154.6,154.3,154.3,707.588
1639212000000,154.3,154.4,154.1,154.3,163.878
1639212060000,154.2,154.6,154.2,154.6,256.464
1639212120000,154.5,154.6,154.3,154.3,45.772
1639212180000,154.4,154.4,154.1,154.3,111.913
1639212240000,154.2,154.4,154.2,154.2,256.534
1639212300000,154.3,154.4,154.1,154.2,636.304
1639212360000,154.2,154.4,154.0,154.1,308.422
1639212420000,154.2,154.2,153.5,153.6,1312.372
1639212480000,153.6,153.9,153.5,153.7,408.668
1639212540000,153.8,154.0,153.7,153.7,871.643
1639212600000,153.8,153.9,153.7,153.9,128.306
1639212660000,153.8,154.0,153.7,153.7,462.913
1639212720000,153.7,153.9,153.7,153.8,166.14
1639212780000,153.8,153.8,153.3,153.5,353.233
1639212840000,153.5,153.5,152.9,152.9,418.759
1639212900000,153.0,153.1,152.9,153.1,219.795
1639212960000,153.1,153.6,153.1,153.5,1436.619
1639213020000,153.5,153.5,153.1,153.1,1285.955
1639213080000,153.2,153.4,153.1,153.4,331.388
1639213140000,153.4,153.4,153.1,153.4,517.992
1639213200000,153.5,153.6,153.3,153.6,373.87
1639213260000,153.6,153.6,153.4,153.4,273.361
1639213320000,153.5,153.5,153.1,153.3,419.477
1639213380000,153.3,153.4,153.2,153.3,447.213
1639213440000,153.3,153.5,152.8,153.0,970.274
1639213500000,153.0,153.1,152.3,152.4,1090.3
1639213560000,152.5,152.8,152.5,152.7,734.169
1639213620000,152.8,152.9,152.7,152.9,421.542
1639213680000,152.9,153.2,152.9,153.1,347.125
1639213740000,153.1,153.2,153.0,153.0,216.904
1639213800000,153.1,153.1,152.8,152.8,194.493
1639213860000,152.7,153.0,152.7,152.8,364.633
1639213920000,152.9,153.0,152.8,152.8,839.049
1639213980000,152.9,153.1,152.8,152.9,374.053
1639214040000,153.0,153.1,152.9,153.0,191.455
1639214100000,153.1,153.3,153.0,153.2,235.167
1639214160000,153.3,153.5,153.2,153.4,531.431
1639214220000,153.3,153.7,153.3,153.7,315.946
1639214280000,153.6,153.7,153.4,153.5,172.936
1639214340000,153.5,153.7,153.4,153.7,266.729
1639214400000,153.6,153.9,153.5,153.8,684.246
1639214460000,153.8,153.8,153.6,153.7,140.03
1639214520000,153.6,153.7,153.5,153.5,354.434
1639214580000,153.7,153.9,153.7,153.7,592.737
1639214640000,153.8,153.9,153.7,153.8,636.183
1639214700000,153.7,153.8,153.6,153.6,109.011
1639214760000,153.6,153.9,153.6,153.9,383.675
1639214820000,153.9,154.0,153.8,153.9,514.414
1639214880000,153.9,154.0,153.8,153.8,68.606
1639214940000,153.8,153.8,153.4,153.6,426.225
1639215000000,153.7,153.8,153.6,153.7,230.01
1639215060000,153.7,154.0,153.6,154.0,370.745
1639215120000,154.0,154.2,154.0,154.1,1380.412
1639215180000,154.0,154.3,153.9,154.2,218.677
1639215240000,154.2,154.3,154.1,154.2,114.93
1639215300000,154.3,154.3,154.0,154.1,357.435
1639215360000,154.1,154.2,154.1,154.1,324.992
1639215420000,154.1,154.1,153.8,153.9,198.747
1639215480000,153.8,154.0,153.8,154.0,94.316
1639215540000,154.0,154.2,153.9,154.1,229.147
1639215600000,154.1,154.2,154.0,154.2,107.37
1639215660000,154.2,154.4,154.1,154.3,643.182
1639215720000,154.4,154.4,154.2,154.3,52.145
1639215780000,154.3,154.4,154.2,154.4,190.008
1639215840000,154.3,154.4,154.2,154.2,66.736
1639215900000,154.2,154.3,153.9,153.9,465.546
1639215960000,153.8,153.9,153.6,153.6,133.389
1639216020000,153.7,153.9,153.7,153.9,172.468
1639216080000,153.9,153.9,153.8,153.9,93.556
1639216140000,153.8,154.0,153.8,154.0,74.269
1639216200000,153.9,153.9,153.7,153.8,90.577
1639216260000,153.8,154.0,153.7,154.0,135.16
1639216320000,154.0,154.2,153.9,154.1,218.521
1639216380000,154.2,154.2,154.0,154.0,154.135
1639216440000,154.0,154.1,154.0,154.1,45.148
1639216500000,154.0,154.1,153.9,154.1,287.924
1639216560000,154.1,154.2,154.0,154.1,65.599
1639216620000,154.2,154.5,154.2,154.5,295.384
1639216680000,154.5,154.8,154.4,154.8,339.233
1639216740000,154.9,155.0,154.6,154.6,264.096
1639216800000,154.6,154.7,154.4,154.4,322.09
1639216860000,154.5,154.5,154.2,154.4,270.911
1639216920000,154.4,154.7,154.4,154.5,247.657
1639216980000,154.6,154.7,154.4,154.4,223.3
1639217040000,154.5,154.6,154.4,154.5,145.541
1639217100000,154.5,154.9,154.4,154.9,521.885
1639217160000,154.8,155.0,154.7,154.9,195.104
1639217220000,154.9,155.0,154.7,154.9,162.866
1639217280000,154.9,155.0,154.7,154.8,187.974
1639217340000,154.8,154.9,154.7,154.9,354.23
1639217400000,154.8,154.9,154.7,154.8,168.294
1639217460000,154.8,154.9,154.8,154.8,10.821
1639217520000,154.9,154.9,154.6,154.6,555.617
1639217580000,154.5,154.6,154.2,154.3,534.513
1639217640000,154.3,154.3,154.1,154.1,136.098
1639217700000,154.1,154.3,154.1,154.2,73.21
1639217760000,154.3,154.5,154.3,154.4,301.77
1639217820000,154.4,154.6,154.1,154.1,297.131
1639217880000,154.1,154.3,154.0,154.2,356.339
1639217940000,154.2,154.2,154.0,154.1,743.623
1639218000000,154.1,154.2,154.0,154.1,96.095
1639218060000,154.1,154.3,154.1,154.2,207.712
1639218120000,154.2,154.3,154.1,154.2,237.607
1639218180000,154.2,154.6,154.1,154.4,1777.204
1639218240000,154.5,154.5,154.3,154.5,252.156
1639218300000,154.4,154.6,154.4,154.5,69.863
1639218360000,154.6,154.6,154.4,154.5,1166.346
1639218420000,154.5,154.8,154.5,154.7,176.286
1639218480000,154.8,155.0,154.7,154.8,1465.683
1639218540000,154.9,154.9,154.7,154.9,325.622
1639218600000,154.8,155.0,154.8,155.0,57.566
1639218660000,154.9,155.0,154.7,155.0,762.352
1639218720000,155.0,155.1,155.0,155.0,389.423
1639218780000,155.0,155.1,154.8,154.9,1041.777
1639218840000,154.9,155.0,154.9,155.0,63.316
1639218900000,155.1,155.3,155.0,155.1,156.075
1639218960000,155.1,155.1,154.9,155.0,98.377
1639219020000,154.9,155.0,154.8,154.9,89.633
1639219080000,154.9,155.0,154.8,154.9,297.187
1639219140000,154.9,155.0,154.8,154.9,120.467
1639219200000,154.9,155.0,154.8,155.0,166.599
1639219260000,154.9,155.2,154.9,155.0,173.356
1639219320000,155.1,155.2,155.0,155.1,79.297
1639219380000,155.0,155.1,155.0,155.0,150.681
1639219440000,155.1,155.1,154.9,155.0,116.32
1639219500000,155.0,155.2,154.9,155.0,182.435
1639219560000,155.1,155.1,154.8,154.9,212.447
1639219620000,154.9,155.0,154.8,155.0,174.599
1639219680000,155.0,155.2,154.9,155.2,166.331
1639219740000,155.1,155.3,155.0,155.3,293.677
1639219800000,155.2,155.5,155.2,155.5,170.092
1639219860000,155.4,155.5,155.2,155.3,560.935
1639219920000,155.3,155.4,155.2,155.4,40.353
1639219980000,155.3,155.4,155.2,155.3,119.678
1639220040000,155.4,155.5,155.3,155.4,89.589
1639220100000,155.3,155.4,155.2,155.3,93.8
1639220160000,155.2,155.3,155.1,155.2,122.784
1639220220000,155.2,155.3,155.1,155.2,46.353
1639220280000,155.1,155.3,155.1,155.2,106.994
1639220340000,155.2,155.2,155.0,155.1,850.095
1639220400000,155.1,155.2,155.0,155.1,136.331
1639220460000,155.0,155.1,154.8,154.8,89.804
1639220520000,154.8,154.9,154.6,154.9,1079.563
1639220580000,154.8,155.1,154.8,155.0,206.126
1639220640000,154.9,155.0,154.8,155.0,68.841
1639220700000,155.0,155.1,154.9,154.9,65.336
1639220760000,154.9,155.0,154.7,154.7,149.764
1639220820000,154.7,154.8,154.6,154.8,45.949
1639220880000,154.8,155.0,154.8,155.0,288.656
1639220940000,155.0,155.0,154.9,155.0,41.964
1639221000000,155.0,155.1,154.8,155.0,114.432
1639221060000,155.0,155.3,155.0,155.3,279.473
1639221120000,155.2,155.2,154.9,154.9,237.723
1639221180000,154.9,155.0,154.8,155.0,271.372
1639221240000,154.9,155.2,154.9,155.1,186.927
1639221300000,155.1,155.2,154.9,155.0,148.867
1639221360000,155.0,155.1,154.9,155.1,117.186
1639221420000,155.0,155.1,155.0,155.0,75.848
1639221480000,154.9,155.1,154.9,155.0,157.002
1639221540000,155.0,155.1,154.8,154.8,229.855
1639221600000,154.8,154.9,154.7,154.8,260.073
1639221660000,154.7,154.8,154.3,154.3,348.235
1639221720000,154.3,154.4,154.1,154.3,343.254
1639221780000,154.3,154.3,154.0,154.1,425.009
1639221840000,154.2,154.3,154.1,154.3,86.924
1639221900000,154.1,154.4,154.1,154.4,198.861
1639221960000,154.4,154.6,154.3,154.5,189.292
1639222020000,154.5,154.6,154.5,154.6,16.963
1639222080000,154.5,154.5,154.3,154.3,82.968
1639222140000,154.3,154.5,154.3,154.5,47.354
1639222200000,154.4,154.6,154.2,154.5,479.133
1639222260000,154.4,154.9,154.4,154.9,296.771
1639222320000,154.9,154.9,154.7,154.8,160.876
1639222380000,154.7,154.8,154.5,154.6,259.116
1639222440000,154.5,154.7,154.5,154.5,100.917
1639222500000,154.6,154.6,154.3,154.4,221.163
1639222560000,154.4,154.6,154.3,154.5,141.965
1639222620000,154.6,154.9,154.4,154.8,242.73
1639222680000,154.9,155.0,154.7,154.7,279.375
1639222740000,154.7,154.9,154.6,154.9,222.878
1639222800000,154.8,155.1,154.8,155.0,219.412
1639222860000,155.0,155.1,154.9,155.0,88.221
1639222920000,154.9,155.1,154.9,154.9,57.65
1639222980000,155.0,155.1,155.0,155.0,122.335
1639223040000,155.1,155.3,155.1,155.2,539.823
1639223100000,155.1,155.3,155.0,155.0,251.382
1639223160000,155.1,155.3,155.0,155.1,220.554
1639223220000,155.1,155.1,154.7,154.9,798.045
1639223280000,154.9,155.1,154.9,155.0,130.412
1639223340000,154.9,155.0,154.7,154.9,385.687
1639223400000,154.8,155.0,154.8,154.9,301.809
1639223460000,155.0,155.0,154.6,154.7,404.807
1639223520000,154.8,154.8,154.5,154.6,464.86
1639223580000,154.7,154.7,154.5,154.5,120.631
1639223640000,154.6,154.7,154.4,154.6,285.327
1639223700000,154.7,154.8,154.5,154.7,167.815
1639223760000,154.6,154.7,154.6,154.6,106.46
1639223820000,154.6,154.9,154.6,154.9,154.953
1639223880000,154.8,155.1,154.8,155.1,287.089
1639223940000,155.0,155.0,154.7,154.7,480.667
1639224000000,154.7,155.0,154.7,154.7,467.022
1639224060000,154.8,154.8,154.5,154.6,184.165
1639224120000,154.7,154.7,154.5,154.5,70.486
1639224180000,154.5,154.9,154.5,154.9,250.765
1639224240000,154.8,155.1,154.8,155.0,225.457
1639224300000,155.0,155.0,154.8,154.8,346.765
1639224360000,154.8,154.9,154.6,154.9,160.514
1639224420000,154.8,154.9,154.8,154.9,10.66
1639224480000,154.9,154.9,154.7,154.8,29.645
1639224540000,154.9,155.3,154.9,155.2,326.628
1639224600000,155.3,155.7,155.2,155.7,908.91
1639224660000,155.6,155.6,155.2,155.3,485.594
1639224720000,155.3,155.5,155.3,155.5,32.185
1639224780000,155.4,155.5,155.3,155.4,190.437
1639224840000,155.4,155.4,155.2,155.3,93.471
1639224900000,155.3,155.5,155.3,155.4,90.834
1639224960000,155.3,155.3,154.9,154.9,323.618
1639225020000,154.9,155.2,154.8,155.2,246.871
1639225080000,155.1,155.4,155.1,155.4,198.995
1639225140000,155.4,155.4,155.3,155.3,27.712
1639225200000,155.4,155.6,155.3,155.6,238.568
1639225260000,155.5,155.6,155.4,155.5,136.361
1639225320000,155.6,155.7,155.5,155.5,211.234
1639225380000,155.6,155.6,155.5,155.5,295.875
1639225440000,155.6,155.6,155.4,155.4,113.394
1639225500000,155.4,155.7,155.4,155.7,144.978
1639225560000,155.6,155.7,155.5,155.5,148.497
1639225620000,155.5,155.7,155.5,155.5,163.561
1639225680000,155.5,155.6,155.3,155.4,241.868
1639225740000,155.3,155.5,155.3,155.5,92.552
1639225800000,155.4,155.6,155.4,155.5,462.538
1639225860000,155.5,156.0,155.5,156.0,815.921
1639225920000,156.0,156.0,155.9,155.9,229.388
1639225980000,155.9,156.0,155.8,155.8,127.774
1639226040000,155.9,155.9,155.6,155.6,2414.641
1639226100000,155.7,155.7,155.5,155.6,2219.602
1639226160000,155.5,155.7,155.4,155.7,1373.236
1639226220000,155.6,155.7,155.4,155.4,59.84
1639226280000,155.5,155.6,155.4,155.6,77.981
1639226340000,155.6,155.7,155.5,155.6,58.714
1639226400000,155.5,155.6,155.5,155.6,13.836
1639226460000,155.5,155.7,155.5,155.6,76.99
1639226520000,155.7,156.5,155.7,156.3,3346.017
1639226580000,156.3,156.4,156.2,156.3,339.072
1639226640000,156.4,156.6,156.3,156.6,626.152
1639226700000,156.5,156.5,156.1,156.3,418.436
1639226760000,156.2,156.4,155.9,156.0,362.863
1639226820000,156.0,156.0,155.9,155.9,30.167
1639226880000,156.0,156.0,155.8,155.9,109.722
1639226940000,156.0,156.0,155.8,155.9,69.253
1639227000000,155.9,156.4,155.8,156.4,443.05
1639227060000,156.4,156.4,156.2,156.4,838.092
1639227120000,156.4,156.5,156.2,156.3,135.292
1639227180000,156.3,156.4,156.2,156.3,146.98
1639227240000,156.3,156.4,156.2,156.2,176.717
1639227300000,156.1,156.8,156.1,156.7,1369.655
1639227360000,156.8,157.0,156.7,156.8,321.545
1639227420000,156.8,157.0,156.6,156.9,247.972
1639227480000,157.0,157.3,156.9,157.1,577.202
1639227540000,157.2,157.3,156.9,157.0,321.865
1639227600000,156.9,157.0,156.8,156.9,289.511
1639227660000,156.8,156.9,156.8,156.9,133.156
1639227720000,156.8,157.0,156.7,156.7,275.297
1639227780000,156.7,156.7,156.0,156.3,869.704
1639227840000,156.2,156.2,155.9,156.1,345.247
1639227900000,156.1,156.6,156.1,156.5,398.925
1639227960000,156.5,156.6,156.3,156.4,447.597
1639228020000,156.3,156.4,155.9,155.9,497.866
1639228080000,155.9,156.3,155.8,156.2,336.716
1639228140000,156.2,156.5,156.2,156.4,264.015
1639228200000,156.4,157.8,156.3,157.5,2892.915
1639228260000,157.5,157.9,157.4,157.7,2294.938
1639228320000,157.7,157.8,157.0,157.1,761.564
1639228380000,157.1,157.4,156.7,156.7,2348.879
1639228440000,156.7,157.0,156.3,156.6,1769.874
1639228500000,156.6,157.2,156.4,157.1,1742.059
1639228560000,157.2,157.3,156.6,156.9,1192.552
1639228620000,157.0,157.0,156.7,156.9,337.906
1639228680000,156.9,157.0,156.7,156.8,230.171
1639228740000,156.9,156.9,156.6,156.7,178.21
1639228800000,156.6,156.9,156.6,156.7,245.466
1639228860000,156.7,156.9,156.6,156.8,111.099
1639228920000,156.7,157.0,156.7,156.9,90.567
1639228980000,157.0,157.2,156.9,157.0,450.378
1639229040000,157.1,157.3,157.0,157.1,565.553
1639229100000,157.2,157.2,156.9,157.1,660.165
1639229160000,157.1,157.1,156.9,156.9,205.012
1639229220000,157.0,157.0,156.5,156.7,701.881
1639229280000,156.6,156.7,156.5,156.6,168.679
1639229340000,156.7,156.8,156.7,156.7,150.728
1639229400000,156.7,157.1,156.7,157.0,713.318
1639229460000,157.0,157.1,156.9,156.9,212.227
1639229520000,156.9,157.0,156.8,157.0,132.79
1639229580000,156.9,157.1,156.8,157.0,1202.261
1639229640000,157.0,157.3,157.0,157.2,461.728
1639229700000,157.2,157.2,157.0,157.2,144.683
1639229760000,157.1,157.2,157.0,157.1,130.929
1639229820000,157.1,157.3,157.0,157.2,155.251
1639229880000,157.3,157.4,157.2,157.2,186.596
1639229940000,157.2,157.2,156.9,157.2,508.738
1639230000000,157.1,157.1,156.7,156.9,405.024
1639230060000,156.8,157.1,156.8,156.9,258.427
1639230120000,157.0,157.2,156.9,157.2,170.283
1639230180000,157.2,157.3,157.1,157.1,109.873
1639230240000,157.1,157.2,156.7,156.7,567.553
1639230300000,156.8,156.9,156.6,156.7,230.856
1639230360000,156.6,156.7,156.2,156.3,319.138
1639230420000,156.3,156.4,155.9,156.0,1789.616
1639230480000,155.9,156.1,155.8,155.9,362.56
1639230540000,155.9,156.0,155.7,155.8,656.516
1639230600000,155.8,156.0,155.6,155.7,414.977
1639230660000,155.8,156.1,155.7,156.1,209.837
1639230720000,156.1,156.3,156.0,156.2,94.486
1639230780000,156.3,156.3,156.1,156.3,124.834
1639230840000,156.2,156.3,156.0,156.1,130.138
1639230900000,156.1,156.2,156.0,156.1,249.897
1639230960000,156.2,156.3,156.0,156.2,832.802
1639231020000,156.3,156.4,156.2,156.3,266.53
1639231080000,156.2,156.3,156.1,156.2,286.149
1639231140000,156.3,156.5,156.2,156.3,397.292
1639231200000,156.2,156.3,156.1,156.2,201.952
1639231260000,156.2,156.3,156.0,156.3,403.38
1639231320000,156.3,156.7,156.3,156.7,1092.621
1639231380000,156.7,156.9,156.3,156.4,448.07
1639231440000,156.4,156.6,156.1,156.1,1526.75
1639231500000,156.0,156.2,156.0,156.1,555.818
1639231560000,156.2,156.2,155.6,155.8,469.012
1639231620000,155.7,156.2,155.7,156.0,656.669
1639231680000,156.1,156.3,156.0,156.3,295.607
1639231740000,156.3,156.4,156.2,156.3,273.905
1639231800000,156.4,156.4,156.1,156.1,94.626
1639231860000,156.2,156.3,156.0,156.3,212.264
1639231920000,156.3,156.4,156.2,156.4,141.025
1639231980000,156.4,156.4,156.2,156.3,244.026
1639232040000,156.4,156.4,156.3,156.3,44.123
1639232100000,156.3,156.5,156.3,156.4,106.67
1639232160000,156.4,156.5,156.0,156.0,262.174
1639232220000,156.1,156.1,156.0,156.1,128.289
1639232280000,156.1,156.3,156.1,156.2,241.683
1639232340000,156.1,156.3,156.1,156.2,534.859
1639232400000,156.2,156.4,156.2,156.4,465.162
1639232460000,156.3,156.4,156.2,156.3,211.902
1639232520000,156.3,156.4,156.2,156.3,406.537
1639232580000,156.3,156.5,156.1,156.1,519.639
1639232640000,156.2,156.2,155.9,156.1,314.779
1639232700000,156.1,156.2,155.6,155.7,1011.461
1639232760000,155.6,155.9,155.6,155.7,314.045
1639232820000,155.8,155.9,155.7,155.8,75.409
1639232880000,155.8,155.9,155.6,155.8,722.48
1639232940000,155.9,156.1,155.8,155.9,430.382
1639233000000,155.8,156.0,155.7,155.9,124.318
1639233060000,155.9,156.0,155.7,155.8,195.022
1639233120000,155.9,155.9,155.6,155.8,401.328
1639233180000,155.7,156.2,155.6,156.1,312.587
1639233240000,156.0,156.1,155.2,155.3,1132.533
1639233300000,155.3,155.7,155.3,155.5,321.852
1639233360000,155.5,155.6,155.3,155.4,387.831
1639233420000,155.4,155.5,155.3,155.4,266.23
1639233480000,155.5,155.7,155.5,155.5,266.152
1639233540000,155.5,155.6,155.4,155.6,57.058
1639233600000,155.6,155.8,155.6,155.8,328.101
1639233660000,155.8,155.8,155.5,155.7,94.949
1639233720000,155.7,155.7,155.6,155.7,42.856
1639233780000,155.6,155.8,155.6,155.7,131.131
1639233840000,155.6,156.0,155.6,156.0,237.889
1639233900000,155.9,156.4,155.8,156.4,331.764
1639233960000,156.4,156.4,156.1,156.1,517.518
1639234020000,156.0,156.3,156.0,156.3,351.056
1639234080000,156.3,156.4,156.2,156.3,111.585
1639234140000,156.3,156.4,156.2,156.4,103.397
1639234200000,156.4,156.4,156.1,156.2,253.257
1639234260000,156.3,156.4,156.1,156.4,40.106
1639234320000,156.3,156.4,156.2,156.4,103.656
1639234380000,156.3,156.4,156.0,156.0,428.928
1639234440000,156.1,156.4,155.8,156.4,1070.141
1639234500000,156.4,156.6,156.2,156.4,904.93
1639234560000,156.4,156.4,156.1,156.2,191.081
1639234620000,156.1,156.1,156.0,156.1,171.987
1639234680000,156.1,158.0,156.1,157.9,4081.471
1639234740000,158.0,158.8,157.6,157.8,3146.311
1639234800000,157.8,158.4,157.6,157.9,1164.12
1639234860000,157.9,158.1,157.7,158.0,1577.777
1639234920000,158.1,158.2,157.6,157.6,555.267
1639234980000,157.6,157.6,157.3,157.5,425.537
1639235040000,157.6,157.6,157.2,157.6,1391.278
1639235100000,157.6,157.6,157.2,157.4,865.825
1639235160000,157.5,157.5,157.2,157.3,105.942
1639235220000,157.2,157.6,157.2,157.5,265.26
1639235280000,157.5,157.6,157.1,157.1,110.347
1639235340000,157.2,157.2,157.0,157.0,375.181
1639235400000,157.1,157.3,157.0,157.0,73.564
1639235460000,157.1,157.1,156.9,156.9,122.244
1639235520000,156.9,156.9,156.6,156.7,114.564
1639235580000,156.7,156.9,156.6,156.9,298.593
1639235640000,156.9,156.9,156.7,156.8,100.057
1639235700000,156.8,157.0,156.7,156.8,88.993
1639235760000,156.8,157.0,156.8,156.9,150.023
1639235820000,157.0,157.2,156.9,157.2,298.514
1639235880000,157.1,157.2,157.0,157.1,123.557
1639235940000,157.1,157.2,156.9,157.0,186.46
1639236000000,157.0,157.0,156.7,156.8,319.733
1639236060000,156.8,157.2,156.7,157.2,997.384
1639236120000,157.2,157.2,157.1,157.2,42.112
1639236180000,157.2,157.5,157.1,157.4,1043.238
1639236240000,157.5,157.5,157.1,157.3,295.6
1639236300000,157.3,157.4,157.1,157.4,287.965
1639236360000,157.4,157.5,157.3,157.4,123.661
1639236420000,157.3,157.4,157.2,157.3,158.982
1639236480000,157.4,157.5,157.3,157.3,366.127
1639236540000,157.4,157.7,157.4,157.5,601.552
1639236600000,157.5,157.7,157.4,157.6,252.233
1639236660000,157.6,157.7,157.5,157.5,151.957
1639236720000,157.6,157.7,157.5,157.7,201.997
1639236780000,157.7,158.2,157.6,158.2,387.827
1639236840000,158.2,158.6,158.2,158.5,1361.283
1639236900000,158.4,158.6,158.1,158.2,553.073
1639236960000,158.2,158.2,157.9,158.1,255.283
1639237020000,158.0,158.4,157.9,158.3,596.111
1639237080000,158.4,158.5,158.1,158.2,311.816
1639237140000,158.1,158.3,158.0,158.0,190.543
1639237200000,158.1,158.3,158.0,158.3,161.989
1639237260000,158.3,158.3,158.1,158.1,123.28
1639237320000,158.1,158.4,158.0,158.4,230.667
1639237380000,158.3,158.4,158.3,158.3,102.189
1639237440000,158.4,158.5,158.1,158.1,573.67
1639237500000,158.2,158.3,158.0,158.1,252.553
1639237560000,158.0,158.1,157.9,157.9,468.307
1639237620000,157.9,158.3,157.9,158.3,394.844
1639237680000,158.2,158.4,158.2,158.4,288.322
1639237740000,158.3,158.4,158.2,158.2,178.186
1639237800000,158.3,158.4,158.1,158.4,239.66
1639237860000,158.4,158.5,158.3,158.3,167.607
1639237920000,158.3,158.3,158.1,158.2,203.442
1639237980000,158.2,158.3,158.0,158.1,369.311
1639238040000,158.0,158.1,157.8,157.8,164.26
1639238100000,157.9,158.4,157.7,158.2,1143.603
1639238160000,158.2,158.3,158.1,158.2,94.407
1639238220000,158.1,158.5,158.1,158.4,287.556
1639238280000,158.3,158.5,158.2,158.5,245.754
1639238340000,158.5,158.8,158.5,158.6,796.481
1639238400000,158.6,158.8,158.4,158.6,416.369
1639238460000,158.6,158.6,158.2,158.2,362.187
1639238520000,158.2,158.3,158.1,158.1,167.566
1639238580000,158.1,158.5,158.1,158.4,441.323
1639238640000,158.5,158.9,158.4,158.6,713.097
1639238700000,158.6,158.7,158.4,158.6,402.469
1639238760000,158.7,158.9,158.5,158.9,598.148
1639238820000,158.8,159.4,158.6,159.0,2784.855
1639238880000,159.0,159.0,158.6,158.7,439.802
1639238940000,158.7,158.7,158.0,158.0,1153.813
1639239000000,158.1,158.4,157.8,158.2,576.438
1639239060000,158.3,158.4,158.1,158.3,87.652
1639239120000,158.3,158.3,157.9,158.2,338.366
1639239180000,158.3,158.5,158.1,158.3,406.475
1639239240000,158.2,158.5,158.2,158.4,328.912
1639239300000,158.3,158.4,158.0,158.3,324.985
1639239360000,158.3,158.6,158.2,158.3,619.277
1639239420000,158.4,158.4,158.1,158.2,320.254
1639239480000,158.2,158.6,158.1,158.4,496.577
1639239540000,158.5,158.7,158.4,158.5,702.507
1639239600000,158.5,158.8,158.4,158.7,178.757
1639239660000,158.8,158.9,158.6,158.6,1207.664
1639239720000,158.7,158.8,158.4,158.7,193.507
1639239780000,158.7,158.7,158.5,158.7,163.082
1639239840000,158.6,158.8,158.6,158.8,104.049
1639239900000,158.7,158.8,158.5,158.8,285.008
1639239960000,158.7,159.0,158.7,159.0,599.032
1639240020000,159.0,159.0,158.7,158.8,656.307
1639240080000,158.9,159.1,158.8,159.0,549.155
1639240140000,159.0,159.1,158.9,158.9,140.677
1639240200000,159.0,159.2,158.8,159.1,249.893
1639240260000,159.2,159.5,159.2,159.3,480.612
1639240320000,159.3,159.4,159.0,159.1,166.834
1639240380000,159.0,159.1,158.7,158.8,281.034
1639240440000,158.7,158.8,158.5,158.7,289.043
1639240500000,158.6,158.9,158.6,158.8,357.086
1639240560000,158.7,159.1,158.7,159.0,422.314
1639240620000,158.9,159.0,158.7,158.8,374.601
1639240680000,158.7,158.9,158.7,158.8,167.881
1639240740000,158.9,159.0,158.8,158.9,178.245
1639240800000,158.9,158.9,158.5,158.9,311.418
1639240860000,158.8,158.9,158.7,158.7,156.375
1639240920000,158.8,158.9,158.7,158.8,96.41
1639240980000,158.8,158.8,158.5,158.6,187.19
1639241040000,158.7,158.8,158.6,158.6,645.685
1639241100000,158.5,158.6,158.1,158.3,371.828
1639241160000,158.2,158.4,158.2,158.3,286.486
1639241220000,158.3,158.4,158.2,158.4,218.049
1639241280000,158.3,158.4,158.0,158.0,473.642
1639241340000,158.1,158.1,157.6,157.8,1009.48
1639241400000,157.8,157.9,157.6,157.7,501.661
1639241460000,157.7,157.8,157.6,157.6,274.962
1639241520000,157.7,158.0,157.6,157.9,813.342
1639241580000,157.9,157.9,157.7,157.7,200.545
1639241640000,157.7,157.9,157.7,157.9,77.458
1639241700000,157.9,158.0,157.7,157.8,248.915
1639241760000,157.8,157.9,157.6,157.6,149.795
1639241820000,157.7,157.7,157.4,157.5,188.0
1639241880000,157.5,157.9,157.4,157.8,225.72
1639241940000,157.8,157.9,157.5,157.7,137.507
1639242000000,157.7,157.9,157.6,157.6,241.666
1639242060000,157.6,157.6,157.2,157.4,334.522
1639242120000,157.4,157.4,157.3,157.3,260.694
1639242180000,157.3,157.5,157.2,157.4,262.006
1639242240000,157.3,157.3,157.1,157.2,547.02
1639242300000,157.1,157.2,156.9,157.1,402.043
1639242360000,157.1,157.3,157.1,157.3,196.922
1639242420000,157.2,157.4,157.1,157.2,304.596
1639242480000,157.1,157.4,157.0,157.3,310.967
1639242540000,157.3,157.4,157.1,157.2,156.376
1639242600000,157.2,157.4,157.1,157.3,203.357
1639242660000,157.4,157.5,157.3,157.3,240.927
1639242720000,157.3,157.4,157.2,157.3,275.833
1639242780000,157.4,157.4,157.2,157.3,56.938
1639242840000,157.3,157.3,157.0,157.1,75.19
1639242900000,157.1,157.2,156.9,157.2,279.692
1639242960000,157.2,157.3,157.1,157.2,44.143
1639243020000,157.2,157.3,157.2,157.2,178.824
1639243080000,157.2,157.3,157.2,157.2,117.041
1639243140000,157.2,157.3,157.1,157.1,225.083
1639243200000,157.2,157.2,156.9,156.9,634.764
1639243260000,157.0,157.2,157.0,157.2,320.517
1639243320000,157.2,157.3,157.1,157.2,275.728
1639243380000,157.2,157.2,157.0,157.1,155.848
1639243440000,157.1,157.1,157.0,157.1,24.802
1639243500000,157.1,157.1,156.8,156.8,420.233
1639243560000,156.9,157.0,156.8,156.9,182.602
1639243620000,156.9,157.1,156.9,157.1,169.99
1639243680000,157.1,157.1,157.0,157.1,59.945
1639243740000,157.1,157.2,157.0,157.1,91.755
1639243800000,157.1,157.2,157.0,157.1,118.686
1639243860000,157.1,157.2,157.0,157.0,160.539
1639243920000,157.0,157.0,156.7,156.8,205.521
1639243980000,156.8,157.0,156.7,157.0,121.812
1639244040000,157.0,157.1,156.8,156.9,117.796
1639244100000,156.9,157.1,156.8,157.1,172.667
1639244160000,157.0,157.0,156.7,156.8,161.784
1639244220000,156.7,156.9,156.7,156.9,235.379
1639244280000,156.8,157.0,156.8,157.0,234.232
1639244340000,156.9,157.0,156.8,156.9,86.798
1639244400000,156.9,157.0,156.8,156.9,37.521
1639244460000,157.0,157.0,156.8,156.9,72.879
1639244520000,157.0,157.0,156.8,156.9,94.301
1639244580000,156.9,156.9,156.7,156.9,187.217
1639244640000,156.8,157.0,156.8,157.0,85.994
1639244700000,157.0,157.0,156.8,157.0,267.261
1639244760000,157.0,157.0,156.6,156.7,360.616
1639244820000,156.7,156.8,156.3,156.3,540.14
1639244880000,156.4,156.6,156.3,156.5,380.802
1639244940000,156.4,156.6,156.3,156.5,195.793
1639245000000,156.6,156.7,156.4,156.5,356.817
1639245060000,156.5,156.6,156.3,156.3,110.346
1639245120000,156.4,156.6,156.3,156.4,192.542
1639245180000,156.3,156.4,155.8,156.0,919.285
1639245240000,156.0,156.1,155.9,156.0,260.265
1639245300000,155.9,156.1,155.9,156.0,204.499
1639245360000,156.1,156.2,156.0,156.0,141.518
1639245420000,156.1,156.3,155.9,156.2,1366.527
1639245480000,156.1,156.2,156.0,156.1,133.445
1639245540000,156.2,156.3,156.0,156.0,162.999
1639245600000,156.0,156.2,156.0,156.1,156.774
1639245660000,156.0,156.3,155.9,156.1,404.257
1639245720000,156.1,156.3,155.9,156.0,716.314
1639245780000,156.1,156.1,155.9,156.1,138.584
1639245840000,156.0,156.2,155.9,156.2,138.202
1639245900000,156.3,156.5,156.1,156.5,358.774
1639245960000,156.6,156.6,156.2,156.3,237.961
1639246020000,156.3,156.4,155.9,155.9,501.733
1639246080000,156.0,156.2,155.9,156.1,263.757
1639246140000,156.1,156.1,155.8,156.0,164.31
1639246200000,156.0,156.1,155.7,156.0,3859.888
1639246260000,156.0,156.1,155.9,155.9,495.794
1639246320000,155.8,155.9,155.4,155.5,1303.897
1639246380000,155.5,155.8,155.5,155.7,291.428
1639246440000,155.8,155.8,155.4,155.5,641.788
1639246500000,155.6,155.6,155.2,155.4,329.491
1639246560000,155.4,155.8,155.3,155.8,368.762
1639246620000,155.8,156.0,155.7,155.8,981.15
1639246680000,155.8,156.0,155.7,155.8,85.039
1639246740000,155.8,156.0,155.7,155.7,359.094
1639246800000,155.7,155.9,155.6,155.9,326.512
1639246860000,155.9,155.9,155.5,155.6,253.087
1639246920000,155.6,155.8,155.5,155.6,121.91
1639246980000,155.6,155.7,155.5,155.5,90.83
1639247040000,155.6,155.7,155.5,155.6,57.675
1639247100000,155.5,155.7,155.5,155.6,114.351
1639247160000,155.6,155.6,155.5,155.5,39.464
1639247220000,155.6,155.7,155.5,155.6,170.879
1639247280000,155.6,155.7,155.6,155.6,23.547
1639247340000,155.6,155.7,155.4,155.6,226.126
1639247400000,155.5,155.9,155.5,155.7,800.728
1639247460000,155.6,155.7,155.5,155.5,71.227
1639247520000,155.4,155.5,155.3,155.5,307.535
1639247580000,155.5,155.6,155.4,155.6,72.933
1639247640000,155.5,155.6,155.3,155.3,138.17
1639247700000,155.4,155.5,155.3,155.4,87.104
1639247760000,155.4,155.5,155.3,155.5,51.381
1639247820000,155.5,155.9,155.4,155.7,328.159
1639247880000,155.7,155.9,155.7,155.7,38.08
1639247940000,155.8,155.8,155.6,155.8,115.925
1639248000000,155.7,155.8,155.6,155.6,92.122
1639248060000,155.7,155.9,155.6,155.9,221.848
1639248120000,155.9,155.9,155.7,155.8,131.78
1639248180000,155.8,155.8,155.7,155.8,14.377
1639248240000,155.7,155.7,155.5,155.6,86.528
1639248300000,155.6,155.6,155.5,155.6,114.439
1639248360000,155.6,155.9,155.6,155.9,422.969
1639248420000,156.0,156.0,155.7,155.8,277.449
1639248480000,155.8,155.9,155.7,155.8,212.295
1639248540000,155.8,156.0,155.7,155.9,236.751
1639248600000,155.9,155.9,155.7,155.7,278.664
1639248660000,155.7,155.7,155.5,155.6,388.352
1639248720000,155.5,155.7,155.5,155.6,117.379
1639248780000,155.7,155.8,155.5,155.5,612.264
1639248840000,155.5,155.7,155.4,155.5,948.854
1639248900000,155.6,155.6,155.5,155.5,104.005
1639248960000,155.6,155.6,155.4,155.4,197.936
1639249020000,155.4,155.6,155.4,155.5,90.467
1639249080000,155.4,155.5,155.3,155.4,359.545
1639249140000,155.4,155.5,155.3,155.5,50.424
1639249200000,155.4,155.6,155.4,155.6,195.71
1639249260000,155.6,155.6,155.3,155.3,142.26
1639249320000,155.4,155.4,155.2,155.3,95.754
1639249380000,155.2,155.3,154.9,155.1,1545.686
1639249440000,155.2,155.5,155.1,155.5,652.806
1639249500000,155.5,155.6,155.4,155.4,218.078
1639249560000,155.4,155.4,155.1,155.2,145.342
1639249620000,155.3,155.4,155.2,155.4,194.709
1639249680000,155.4,155.7,155.4,155.5,240.462
1639249740000,155.5,155.6,155.2,155.3,655.019
1639249800000,155.3,155.4,155.3,155.4,29.792
1639249860000,155.3,155.6,155.3,155.4,319.153
1639249920000,155.4,155.6,155.3,155.5,267.076
1639249980000,155.4,155.6,155.3,155.4,183.023
1639250040000,155.4,155.4,155.2,155.2,144.788
1639250100000,155.2,155.3,155.1,155.2,105.958
1639250160000,155.2,155.5,155.1,155.4,492.053
1639250220000,155.3,155.5,155.2,155.5,285.897
1639250280000,155.5,155.5,155.4,155.4,119.696
1639250340000,155.5,155.5,155.4,155.5,20.219
1639250400000,155.4,155.5,155.3,155.5,195.056
1639250460000,155.5,155.6,155.4,155.4,40.603
1639250520000,155.4,155.5,155.3,155.4,90.255
1639250580000,155.3,155.5,155.3,155.5,73.484
1639250640000,155.5,155.6,155.4,155.5,259.643
1639250700000,155.5,155.5,155.1,155.2,279.903
1639250760000,155.2,155.3,155.1,155.1,441.565
1639250820000,155.1,155.2,155.0,155.2,865.171
1639250880000,155.2,155.4,155.1,155.3,113.757
1639250940000,155.2,155.2,155.0,155.1,246.589
1639251000000,155.1,155.8,155.1,155.4,2083.151
1639251060000,155.3,155.4,154.9,155.0,380.528
1639251120000,155.0,155.3,155.0,155.0,395.788
1639251180000,155.1,155.2,155.0,155.1,155.866
1639251240000,155.2,155.3,155.1,155.2,51.719
1639251300000,155.3,155.3,155.0,155.1,124.456
1639251360000,155.2,155.2,154.7,154.8,422.85
1639251420000,154.9,155.0,154.7,154.9,652.433
1639251480000,154.9,155.1,154.8,154.9,487.107
1639251540000,154.9,155.1,154.8,155.0,185.248
1639251600000,155.1,155.3,155.0,155.2,230.095
1639251660000,155.1,155.4,155.1,155.3,296.69
1639251720000,155.2,155.2,154.9,155.2,354.113
1639251780000,155.1,155.2,155.0,155.1,133.321
1639251840000,155.0,155.0,154.9,154.9,176.558
1639251900000,155.0,155.3,155.0,155.3,178.606
1639251960000,155.2,155.3,155.1,155.1,178.439
1639252020000,155.1,155.2,155.0,155.2,101.669
1639252080000,155.2,155.4,155.2,155.3,124.042
1639252140000,155.2,155.3,154.9,155.0,217.594
1639252200000,155.0,155.4,155.0,155.4,287.818
1639252260000,155.3,155.3,154.9,154.9,576.323
1639252320000,155.0,155.1,154.8,154.9,143.632
1639252380000,155.0,155.0,154.8,155.0,358.096
1639252440000,154.9,154.9,154.7,154.9,271.3
1639252500000,154.9,154.9,154.5,154.7,396.715
1639252560000,154.7,154.8,154.6,154.7,154.521
1639252620000,154.8,154.9,154.6,154.7,222.083
1639252680000,154.7,154.9,154.7,154.7,171.785
1639252740000,154.8,154.9,154.5,154.7,707.194
1639252800000,154.7,155.1,154.7,155.0,326.091
1639252860000,155.0,155.0,154.6,154.6,313.163
1639252920000,154.6,154.9,154.6,154.8,184.448
1639252980000,154.9,155.0,154.8,154.9,77.037
1639253040000,155.0,155.1,154.8,154.9,295.699
1639253100000,154.9,155.1,154.9,155.1,71.137
1639253160000,155.0,155.1,154.7,154.9,388.442
1639253220000,154.8,154.9,154.6,154.9,175.086
1639253280000,154.9,155.1,154.7,154.8,284.199
1639253340000,154.9,154.9,154.7,154.8,63.783
1639253400000,154.9,155.0,154.9,155.0,173.268
1639253460000,155.0,155.0,154.8,154.8,136.239
1639253520000,154.8,154.9,154.7,154.8,372.288
1639253580000,154.8,155.0,154.7,154.8,239.88
1639253640000,154.8,155.0,154.7,155.0,206.812
1639253700000,155.0,155.2,155.0,155.1,220.491
1639253760000,155.1,155.1,154.8,154.8,102.104
1639253820000,154.9,154.9,154.6,154.7,239.388
1639253880000,154.8,155.1,154.8,155.0,226.102
1639253940000,155.0,155.0,154.9,155.0,72.216
1639254000000,155.1,155.1,154.9,154.9,234.775
1639254060000,154.9,155.0,154.8,154.9,198.951
1639254120000,155.0,155.1,154.9,155.0,78.336
1639254180000,155.1,155.1,154.8,155.0,225.345
1639254240000,154.9,155.2,154.9,155.1,162.834
1639254300000,155.1,155.1,154.8,154.8,118.616
1639254360000,154.9,155.3,154.9,155.2,559.255
1639254420000,155.3,155.4,155.2,155.3,183.721
1639254480000,155.3,155.3,155.0,155.0,70.072
1639254540000,155.2,155.3,155.1,155.2,42.841
1639254600000,155.3,155.4,155.1,155.2,188.508
1639254660000,155.1,155.1,154.9,155.0,120.47
1639254720000,155.0,156.0,154.9,155.8,1199.291
1639254780000,155.8,156.3,155.7,156.0,869.467
1639254840000,156.1,156.3,155.8,156.0,611.936
1639254900000,155.9,156.4,155.9,156.3,290.054
1639254960000,156.2,156.2,156.0,156.1,140.645
1639255020000,156.0,156.2,156.0,156.1,232.996
1639255080000,156.1,157.0,156.1,156.9,3513.691
1639255140000,156.8,156.9,156.4,156.4,415.226
1639255200000,156.4,156.5,156.1,156.2,978.271
1639255260000,156.3,156.3,156.1,156.2,59.467
1639255320000,156.1,156.4,156.1,156.3,183.353
1639255380000,156.3,156.5,156.2,156.3,233.85
1639255440000,156.4,156.5,156.2,156.4,166.457
1639255500000,156.4,156.4,156.0,156.1,206.256
1639255560000,156.0,156.2,155.8,155.8,251.856
1639255620000,155.9,155.9,155.6,155.8,306.207
1639255680000,155.9,155.9,155.7,155.8,183.893
1639255740000,155.8,156.1,155.8,155.9,235.638
1639255800000,155.9,156.0,155.5,155.5,240.586
1639255860000,155.5,155.8,155.5,155.7,102.51
1639255920000,155.7,155.9,155.6,155.9,143.333
1639255980000,155.8,155.8,155.6,155.6,38.783
1639256040000,155.7,156.0,155.6,155.9,309.791
1639256100000,156.0,156.0,155.8,156.0,56.149
1639256160000,156.0,156.0,155.7,155.7,303.885
1639256220000,155.7,155.7,155.4,155.5,169.447
1639256280000,155.5,155.5,155.2,155.3,557.155
1639256340000,155.3,155.3,155.2,155.3,72.034
1639256400000,155.4,155.5,155.1,155.3,441.918
1639256460000,155.3,155.3,155.0,155.0,492.187
1639256520000,155.0,155.3,155.0,155.3,125.059
1639256580000,155.2,155.3,155.0,155.0,153.02
1639256640000,155.0,155.1,154.6,154.7,581.206
1639256700000,154.8,154.8,154.5,154.5,157.178
1639256760000,154.5,154.6,154.3,154.4,293.319
1639256820000,154.4,154.8,154.3,154.8,504.602
1639256880000,154.6,154.7,154.5,154.7,85.184
1639256940000,154.6,154.8,154.6,154.7,102.657
1639257000000,154.6,154.9,154.6,154.6,128.62
1639257060000,154.6,154.6,154.5,154.6,433.321
1639257120000,154.5,154.7,154.5,154.7,64.965
1639257180000,154.6,154.7,154.5,154.5,77.989
1639257240000,154.6,154.8,154.5,154.7,216.547
1639257300000,154.7,154.8,154.6,154.8,156.101
1639257360000,154.9,154.9,154.7,154.7,325.69
1639257420000,154.7,155.0,154.6,155.0,256.597
1639257480000,155.0,155.2,154.9,155.1,336.472
1639257540000,155.0,155.0,154.9,155.0,48.118
1639257600000,155.1,155.1,154.9,154.9,26.293
1639257660000,154.9,155.4,154.9,155.4,157.741
1639257720000,155.4,155.4,155.1,155.2,294.501
1639257780000,155.2,155.3,155.1,155.3,71.55
1639257840000,155.2,155.6,155.2,155.6,114.634
1639257900000,155.5,155.5,155.3,155.3,197.928
1639257960000,155.3,155.4,155.2,155.3,62.801
1639258020000,155.3,155.4,155.2,155.4,71.118
1639258080000,155.3,155.4,155.0,155.0,217.056
1639258140000,155.0,155.3,154.9,155.1,233.383
1639258200000,155.1,155.2,155.0,155.0,82.945
1639258260000,155.1,155.2,155.0,155.2,106.26
1639258320000,155.2,155.7,155.2,155.7,110.877
1639258380000,155.6,155.7,155.3,155.3,377.596
1639258440000,155.4,155.4,154.8,154.8,547.745
1639258500000,154.8,155.0,154.7,154.7,438.785
1639258560000,154.8,155.0,154.7,154.9,285.853
1639258620000,155.0,155.0,154.8,155.0,119.504
1639258680000,155.0,155.1,154.9,155.1,82.402
1639258740000,155.0,155.1,155.0,155.1,27.087
1639258800000,155.1,155.1,154.7,154.9,198.769
1639258860000,154.9,155.1,154.8,155.0,1716.794
1639258920000,154.9,155.2,154.8,155.2,670.679
1639258980000,155.2,155.2,155.1,155.1,8.176
1639259040000,155.2,155.9,155.2,155.8,1856.268
1639259100000,155.7,155.8,155.4,155.7,154.183
1639259160000,155.6,155.9,155.6,155.7,383.329
1639259220000,155.7,155.8,155.6,155.7,455.932
1639259280000,155.7,155.8,155.6,155.7,313.325
1639259340000,155.7,155.7,155.3,155.6,535.233
1639259400000,155.6,155.7,155.4,155.4,204.812
1639259460000,155.5,155.7,155.4,155.6,515.329
1639259520000,155.6,155.7,155.5,155.5,173.499
1639259580000,155.5,155.6,155.4,155.4,233.735
1639259640000,155.4,155.8,155.2,155.8,327.223
1639259700000,155.8,156.0,155.6,155.6,365.443
1639259760000,155.7,156.0,155.7,155.8,280.042
1639259820000,155.9,155.9,155.7,155.7,136.508
1639259880000,155.7,155.8,155.5,155.7,361.898
1639259940000,155.6,155.8,155.5,155.8,465.61
1639260000000,155.9,155.9,155.7,155.8,134.098
1639260060000,155.7,156.0,155.7,156.0,241.627
1639260120000,156.0,156.1,155.9,156.1,417.967
1639260180000,156.0,156.5,156.0,156.4,1090.942
1639260240000,156.4,156.7,156.3,156.3,5726.955
1639260300000,156.4,156.4,156.2,156.4,310.294
1639260360000,156.4,156.4,156.2,156.2,190.717
1639260420000,156.1,156.4,156.1,156.4,203.211
1639260480000,156.3,156.3,156.0,156.1,393.581
1639260540000,156.1,156.6,156.1,156.5,624.523
1639260600000,156.5,156.6,156.3,156.4,359.177
1639260660000,156.4,156.4,156.3,156.4,10.099
1639260720000,156.4,156.5,156.3,156.5,98.592
1639260780000,156.5,156.5,156.4,156.4,14.963
1639260840000,156.5,156.6,156.5,156.6,683.831
1639260900000,156.6,156.7,156.4,156.6,823.812
1639260960000,156.5,156.6,156.4,156.4,545.897
1639261020000,156.4,156.5,156.3,156.4,64.824
1639261080000,156.4,156.6,156.4,156.4,163.744
1639261140000,156.4,156.6,156.4,156.5,61.959
1639261200000,156.6,156.6,156.3,156.3,43.908
1639261260000,156.3,156.3,156.1,156.2,114.286
1639261320000,156.3,156.3,156.0,156.0,158.562
1639261380000,156.0,156.2,156.0,156.1,151.519
1639261440000,156.2,156.3,156.2,156.3,26.099
1639261500000,156.3,156.4,156.2,156.3,68.358
1639261560000,156.4,156.4,156.3,156.3,49.435
1639261620000,156.4,156.4,156.2,156.3,22.962
1639261680000,156.2,156.5,156.2,156.4,483.489
1639261740000,156.4,156.5,156.4,156.5,41.827
1639261800000,156.5,156.5,156.3,156.4,30.572
1639261860000,156.4,156.6,156.4,156.5,65.671
1639261920000,156.5,156.6,156.5,156.6,48.589
1639261980000,156.7,156.8,156.5,156.6,360.87
1639262040000,156.6,156.7,156.6,156.6,41.574
1639262100000,156.6,156.8,156.6,156.8,192.1
1639262160000,156.8,156.8,156.7,156.8,13.032
1639262220000,156.7,156.8,156.7,156.8,57.486
1639262280000,156.8,157.2,156.8,157.2,543.024
1639262340000,157.2,157.2,157.0,157.1,172.702
1639262400000,157.0,157.2,157.0,157.2,28.846
1639262460000,157.1,157.3,157.1,157.3,39.655
1639262520000,157.2,157.5,157.2,157.5,178.512
1639262580000,157.4,157.8,157.4,157.8,452.209
1639262640000,157.7,157.8,157.6,157.7,278.495
1639262700000,157.7,157.7,157.4,157.4,119.818
1639262760000,157.4,157.5,157.4,157.4,1056.193
1639262820000,157.5,157.5,157.4,157.5,40.826
1639262880000,157.5,157.5,157.4,157.5,122.489
1639262940000,157.5,157.5,157.4,157.5,17.385
1639263000000,157.4,157.5,157.4,157.4,29.07
1639263060000,157.4,157.5,157.4,157.4,26.734
1639263120000,157.4,157.5,157.4,157.5,31.106
1639263180000,157.5,157.5,157.4,157.4,2.594
1639263240000,157.5,157.5,157.4,157.5,201.617
1639263300000,157.5,157.5,157.4,157.5,40.684
1639263360000,157.4,157.4,157.3,157.4,157.173
1639263420000,157.3,157.3,157.2,157.2,43.497
1639263480000,157.2,157.2,157.1,157.2,28.098
1639263540000,157.1,157.1,157.0,157.1,260.158
1639263600000,157.1,157.1,157.0,157.1,246.989
1639263660000,157.1,157.4,157.1,157.4,189.645
1639263720000,157.4,157.4,157.3,157.4,21.476
1639263780000,157.4,157.5,157.4,157.4,291.304
1639263840000,157.5,157.5,157.4,157.5,39.479
1639263900000,157.5,157.5,157.4,157.4,11.101
1639263960000,157.4,157.5,157.4,157.5,18.44
1639264020000,157.5,157.9,157.5,157.9,410.414
1639264080000,157.9,158.0,157.8,158.0,97.548
1639264140000,158.0,158.1,158.0,158.0,275.921
1639264200000,157.9,158.0,157.7,157.7,361.468
1639264260000,157.8,158.3,157.7,158.2,479.642
1639264320000,158.2,158.8,158.0,158.4,1244.809
1639264380000,158.3,158.3,157.9,158.1,165.434
1639264440000,158.0,158.0,157.6,157.9,350.444
1639264500000,158.0,158.0,157.6,157.9,288.582
1639264560000,157.9,158.2,157.9,158.1,201.166
1639264620000,158.1,158.2,158.0,158.0,80.844
1639264680000,158.0,158.2,157.9,158.2,126.59
1639264740000,158.2,158.2,158.1,158.2,26.167
1639264800000,158.2,158.2,158.0,158.1,163.411
1639264860000,158.1,158.2,158.0,158.1,43.116
1639264920000,158.1,158.5,158.0,158.4,467.625
1639264980000,158.5,158.6,158.3,158.5,247.355
1639265040000,158.4,158.7,158.4,158.7,330.578
1639265100000,158.7,158.7,158.4,158.6,349.805
1639265160000,158.6,158.7,158.4,158.6,170.886
1639265220000,158.7,158.8,158.5,158.7,234.095
1639265280000,158.7,158.8,158.6,158.8,250.354
1639265340000,158.8,158.9,158.6,158.7,143.566
1639265400000,158.8,159.1,158.7,159.0,461.436
1639265460000,158.9,159.0,158.7,158.7,442.468
1639265520000,158.7,158.8,158.5,158.6,472.151
1639265580000,158.5,158.7,158.5,158.6,150.983
1639265640000,158.7,158.9,158.4,158.8,232.528
1639265700000,158.7,158.7,158.6,158.7,56.544
1639265760000,158.8,158.9,158.6,158.6,223.057
1639265820000,158.7,158.7,158.4,158.6,211.779
1639265880000,158.6,158.8,158.6,158.6,48.622
1639265940000,158.5,158.5,158.2,158.3,211.824
1639266000000,158.2,158.2,157.9,158.2,339.06
1639266060000,158.1,158.2,157.8,157.9,141.697
1639266120000,157.9,157.9,157.6,157.8,588.852
1639266180000,157.7,157.9,157.6,157.7,322.78
1639266240000,157.7,158.0,157.7,157.9,254.006
1639266300000,157.9,157.9,157.7,157.9,104.523
1639266360000,157.9,158.0,157.8,157.9,22.582
1639266420000,157.9,158.1,157.8,157.9,129.819
1639266480000,158.0,158.0,157.9,157.9,67.589
1639266540000,157.8,157.8,157.4,157.7,191.496
1639266600000,157.7,157.9,157.7,157.9,374.046
1639266660000,157.9,157.9,157.7,157.7,819.25
1639266720000,157.7,157.9,157.7,157.9,104.176
1639266780000,157.9,157.9,157.6,157.7,207.23
1639266840000,157.7,158.0,157.7,157.9,154.187
1639266900000,157.9,158.0,157.8,157.8,80.324
1639266960000,157.9,158.1,157.8,157.9,57.691
1639267020000,157.9,158.0,157.8,158.0,119.475
1639267080000,158.0,158.0,157.8,157.8,52.476
1639267140000,157.8,158.0,157.6,158.0,417.125
1639267200000,158.0,158.1,157.9,158.0,1121.658
1639267260000,158.0,158.2,158.0,158.0,136.011
1639267320000,158.0,158.1,157.6,158.1,464.335
1639267380000,158.1,158.3,158.0,158.0,574.336
1639267440000,158.1,158.2,158.0,158.2,110.537
1639267500000,158.2,158.2,158.0,158.1,323.1
1639267560000,158.2,158.3,158.1,158.3,299.315
1639267620000,158.3,158.3,158.3,158.3,108.848
1639267680000,158.3,158.6,158.2,158.6,223.382
1639267740000,158.7,158.9,158.1,158.2,647.819
1639267800000,158.2,158.3,157.9,157.9,399.776
1639267860000,158.0,158.5,157.8,158.3,721.5
1639267920000,158.3,158.5,158.3,158.4,53.719
1639267980000,158.3,158.5,158.3,158.4,32.55
1639268040000,158.4,158.4,158.2,158.3,143.238
1639268100000,158.2,158.4,158.2,158.3,217.45
1639268160000,158.3,158.4,158.2,158.3,115.706
1639268220000,158.4,158.5,158.3,158.5,162.886
1639268280000,158.5,158.5,158.3,158.5,56.442
1639268340000,158.5,158.6,158.4,158.4,179.726
1639268400000,158.4,158.5,158.3,158.4,255.325
1639268460000,158.5,158.7,158.4,158.6,349.537
1639268520000,158.6,158.7,158.5,158.7,188.234
1639268580000,158.6,158.8,158.6,158.7,142.375
1639268640000,158.6,158.8,158.4,158.4,134.817
1639268700000,158.4,158.5,158.4,158.5,110.277
1639268760000,158.5,158.6,158.4,158.5,63.935
1639268820000,158.4,158.4,157.9,157.9,653.469
1639268880000,157.9,158.0,157.8,157.9,280.331
1639268940000,158.0,158.2,157.9,158.0,176.142
1639269000000,158.0,158.1,158.0,158.0,144.275
1639269060000,158.1,158.2,158.0,158.0,97.501
1639269120000,158.1,158.1,157.5,157.5,287.64
1639269180000,157.5,157.6,157.1,157.3,816.475
1639269240000,157.3,157.4,157.1,157.2,262.41
1639269300000,157.3,157.4,157.1,157.1,562.258
1639269360000,157.1,157.1,156.9,156.9,531.872
1639269420000,157.0,157.0,156.6,156.8,794.295
1639269480000,156.8,157.1,156.7,157.0,653.038
1639269540000,157.1,157.1,156.8,156.8,218.651
1639269600000,156.8,156.9,156.5,156.7,288.763
1639269660000,156.7,156.8,156.6,156.8,226.899
1639269720000,156.7,156.7,156.5,156.5,295.923
1639269780000,156.5,156.9,156.5,156.7,291.482
1639269840000,156.8,156.9,156.6,156.6,535.944
1639269900000,156.6,156.7,156.5,156.5,207.879
1639269960000,156.4,156.7,156.4,156.7,370.607
1639270020000,156.6,156.9,156.5,156.9,310.432
1639270080000,156.9,157.0,156.7,156.7,506.074
1639270140000,156.7,156.9,156.6,156.7,188.386
1639270200000,156.7,156.8,156.3,156.5,312.609
1639270260000,156.5,156.5,156.3,156.4,260.98
1639270320000,156.5,156.7,156.5,156.6,414.685
1639270380000,156.6,156.8,156.6,156.6,215.911
1639270440000,156.6,156.7,156.5,156.6,339.688
1639270500000,156.6,156.8,156.6,156.7,138.52
1639270560000,156.8,156.9,156.7,156.9,140.247
1639270620000,156.9,156.9,156.7,156.8,148.058
1639270680000,156.8,157.0,156.8,157.0,143.118
1639270740000,156.9,156.9,156.7,156.8,717.506
1639270800000,156.9,157.1,156.9,157.0,181.868
1639270860000,157.1,157.1,156.9,156.9,68.19
1639270920000,156.8,156.9,156.7,156.7,294.738
1639270980000,156.7,156.7,156.5,156.6,99.598
1639271040000,156.7,157.0,156.7,156.9,158.884
1639271100000,156.8,156.9,156.8,156.8,47.274
1639271160000,156.8,157.2,156.8,157.2,139.167
1639271220000,157.2,157.4,157.1,157.2,100.615
1639271280000,157.3,157.4,157.2,157.3,37.984
1639271340000,157.4,157.5,157.1,157.1,514.114
1639271400000,157.1,157.2,157.0,157.0,199.157
1639271460000,157.0,157.1,156.8,156.8,62.049
1639271520000,156.8,156.9,156.7,156.9,359.354
1639271580000,156.8,157.0,156.8,156.9,57.729
1639271640000,156.9,157.0,156.8,156.9,76.539
1639271700000,156.9,157.1,156.8,157.0,387.407
1639271760000,157.0,157.4,157.0,157.3,288.01
1639271820000,157.3,157.4,157.2,157.2,250.335
1639271880000,157.2,157.3,157.2,157.2,81.41
1639271940000,157.2,157.2,157.0,157.1,76.442
1639272000000,157.1,157.2,156.8,156.8,760.244
1639272060000,156.9,156.9,156.8,156.8,28.781
1639272120000,156.8,156.8,156.6,156.6,139.72
1639272180000,156.6,156.6,156.2,156.4,208.576
1639272240000,156.4,156.4,156.2,156.2,77.15
1639272300000,156.3,156.3,156.1,156.1,39.738
1639272360000,156.1,156.2,156.1,156.2,49.529
1639272420000,156.2,156.3,156.1,156.3,129.092
1639272480000,156.3,156.5,156.2,156.5,106.736
1639272540000,156.5,156.5,156.4,156.5,16.127
1639272600000,156.5,156.5,156.2,156.2,40.447
1639272660000,156.2,156.3,156.1,156.3,208.872
1639272720000,156.2,156.4,156.2,156.4,152.112
1639272780000,156.4,156.6,156.4,156.6,58.677
1639272840000,156.6,156.6,156.5,156.6,125.396
1639272900000,156.6,156.6,156.4,156.6,118.268
1639272960000,156.6,156.6,156.3,156.3,165.086
1639273020000,156.3,156.5,156.3,156.5,174.988
1639273080000,156.5,156.6,156.3,156.3,188.634
1639273140000,156.3,156.5,156.3,156.3,81.621
1639273200000,156.4,156.5,156.3,156.4,73.746
1639273260000,156.4,156.5,156.3,156.3,98.172
1639273320000,156.4,156.5,156.3,156.5,181.118
1639273380000,156.4,156.6,156.4,156.6,166.844
1639273440000,156.6,156.6,156.4,156.4,157.263
1639273500000,156.4,156.4,156.3,156.4,167.486
1639273560000,156.4,156.4,156.2,156.2,164.973
1639273620000,156.3,156.3,156.2,156.2,127.915
1639273680000,156.2,156.2,156.1,156.2,10.562
1639273740000,156.2,156.2,156.1,156.2,130.927
1639273800000,156.3,156.3,156.0,156.0,308.855
1639273860000,156.0,156.1,156.0,156.0,62.432
1639273920000,156.0,156.2,156.0,156.0,229.236
1639273980000,156.0,156.0,155.8,155.9,110.466
1639274040000,155.9,156.1,155.8,156.1,191.491
1639274100000,156.0,156.0,155.9,155.9,163.65
1639274160000,155.9,155.9,155.7,155.9,147.997
1639274220000,155.8,156.0,155.8,155.9,121.669
1639274280000,156.0,156.1,155.9,156.0,83.119
1639274340000,156.0,156.0,155.8,155.9,287.401
1639274400000,155.9,155.9,155.7,155.8,251.344
1639274460000,155.8,156.0,155.8,156.0,76.437
1639274520000,156.1,156.1,155.6,155.7,284.122
1639274580000,155.7,155.8,155.6,155.7,56.858
1639274640000,155.7,155.8,155.7,155.8,170.935
1639274700000,155.7,156.0,155.7,155.9,91.58
1639274760000,155.9,156.1,155.9,155.9,76.481
1639274820000,156.0,156.2,156.0,156.2,105.843
1639274880000,156.1,156.2,156.0,156.1,58.491
1639274940000,156.2,156.2,155.9,156.0,96.529
1639275000000,156.0,156.0,155.8,155.9,34.55
1639275060000,155.9,156.0,155.8,155.9,113.963
1639275120000,156.0,156.0,155.6,155.7,104.563
1639275180000,155.7,155.7,155.6,155.6,19.478
1639275240000,155.7,155.7,155.6,155.7,57.878
1639275300000,155.8,156.1,155.7,156.0,466.269
1639275360000,155.9,155.9,155.8,155.8,132.506
1639275420000,155.9,156.1,155.8,156.0,99.863
1639275480000,156.1,156.1,156.0,156.0,5.162
1639275540000,156.1,156.1,155.8,155.8,69.98
1639275600000,155.8,155.9,155.8,155.8,17.582
1639275660000,155.8,156.0,155.7,155.9,79.214
1639275720000,155.8,156.1,155.7,156.1,57.087
1639275780000,156.0,156.1,155.8,155.9,173.963
1639275840000,155.9,156.1,155.9,156.0,74.349
1639275900000,156.0,156.1,155.9,156.0,19.981
1639275960000,156.1,156.2,156.0,156.1,194.417
1639276020000,156.1,156.1,155.9,156.0,176.442
1639276080000,156.1,156.2,156.0,156.2,79.022
1639276140000,156.2,156.2,155.9,156.0,59.087
1639276200000,156.0,156.2,156.0,156.0,203.183
1639276260000,156.0,156.2,156.0,156.2,139.814
1639276320000,156.2,156.2,156.0,156.0,109.539
1639276380000,156.0,156.2,155.9,156.1,105.204
1639276440000,156.1,156.6,156.0,156.4,713.802
1639276500000,156.3,156.4,156.1,156.4,384.754
1639276560000,156.4,156.4,156.2,156.2,113.348
1639276620000,156.1,156.3,156.1,156.1,39.467
1639276680000,156.2,156.2,156.0,156.1,195.531
1639276740000,156.2,156.4,156.2,156.4,216.545
1639276800000,156.3,156.4,156.2,156.2,55.086
1639276860000,156.2,156.5,156.2,156.5,577.468
1639276920000,156.5,156.5,156.3,156.4,261.174
1639276980000,156.4,156.6,156.3,156.6,97.796
1639277040000,156.6,156.7,156.5,156.7,337.017
1639277100000,156.7,156.7,156.5,156.5,50.441
1639277160000,156.5,156.5,156.2,156.4,332.907
1639277220000,156.3,156.4,156.2,156.3,38.201
1639277280000,156.2,156.4,156.2,156.3,208.439
1639277340000,156.2,156.4,156.2,156.2,182.083
1639277400000,156.3,156.4,156.1,156.2,213.172
1639277460000,156.2,156.2,155.9,155.9,239.565
1639277520000,155.9,156.0,155.7,155.7,444.175
1639277580000,155.7,155.7,155.4,155.7,516.477
1639277640000,155.7,155.9,155.7,155.7,240.43
1639277700000,155.7,155.9,155.6,155.7,211.173
1639277760000,155.6,155.7,155.4,155.5,505.044
1639277820000,155.5,155.7,155.4,155.7,638.416
1639277880000,155.7,155.8,155.4,155.4,387.234
1639277940000,155.4,155.5,155.4,155.5,95.956
1639278000000,155.5,155.7,155.4,155.7,119.553
1639278060000,155.6,155.7,155.5,155.6,344.179
1639278120000,155.5,155.6,155.4,155.5,90.095
1639278180000,155.4,155.7,155.4,155.7,119.92
1639278240000,155.6,155.7,155.5,155.6,73.972
1639278300000,155.6,155.8,155.5,155.8,439.384
1639278360000,155.8,155.8,155.7,155.8,45.337
1639278420000,155.7,155.7,155.6,155.6,263.342
1639278480000,155.5,155.7,155.4,155.6,207.999
1639278540000,155.6,155.7,155.4,155.5,152.989
1639278600000,155.5,155.6,155.5,155.5,112.597
1639278660000,155.6,155.6,155.5,155.5,51.929
1639278720000,155.5,155.7,155.5,155.7,92.192
1639278780000,155.7,155.7,155.4,155.6,118.034
1639278840000,155.5,156.0,155.5,156.0,181.445
1639278900000,156.0,156.0,155.7,155.8,112.205
1639278960000,155.8,155.9,155.6,155.8,208.853
1639279020000,155.9,155.9,155.8,155.8,9.118
1639279080000,155.8,155.8,155.6,155.7,162.891
1639279140000,155.7,155.9,155.7,155.9,75.377
1639279200000,155.8,156.0,155.8,155.9,113.575
1639279260000,156.0,156.0,155.8,155.9,113.763
1639279320000,155.9,155.9,155.8,155.9,18.606
1639279380000,155.8,156.0,155.7,155.9,270.291
1639279440000,155.9,156.0,155.8,155.9,231.815
1639279500000,155.8,155.9,155.7,155.9,74.746
1639279560000,155.8,155.9,155.8,155.8,19.045
1639279620000,155.9,156.0,155.8,155.9,69.932
1639279680000,155.9,156.0,155.9,156.0,14.746
1639279740000,155.9,156.0,155.8,155.9,196.806
1639279800000,155.9,156.0,155.8,156.0,189.552
1639279860000,156.1,156.4,156.0,156.4,435.694
1639279920000,156.3,156.3,156.2,156.3,143.484
1639279980000,156.3,156.3,155.9,156.0,259.481
1639280040000,155.9,156.2,155.9,156.1,216.618
1639280100000,156.2,156.2,156.0,156.1,23.234
1639280160000,156.0,156.1,155.9,156.0,120.265
1639280220000,156.1,156.1,156.0,156.1,31.994
1639280280000,156.1,156.3,156.1,156.3,102.133
1639280340000,156.2,156.4,156.2,156.3,48.505
1639280400000,156.3,156.3,156.0,156.0,135.469
1639280460000,156.0,156.1,156.0,156.0,8.542
1639280520000,156.1,156.5,156.1,156.3,169.029
1639280580000,156.3,156.8,156.3,156.7,1817.791
1639280640000,156.7,156.8,156.6,156.6,332.713
1639280700000,156.5,156.6,156.4,156.5,245.65
1639280760000,156.4,156.6,156.3,156.6,112.214
1639280820000,156.5,156.7,156.4,156.6,44.675
1639280880000,156.7,156.8,156.5,156.6,147.736
1639280940000,156.6,156.6,156.4,156.6,160.703
1639281000000,156.6,156.6,156.5,156.6,40.368
1639281060000,156.5,156.5,156.1,156.1,1463.134
1639281120000,156.2,156.3,156.1,156.2,204.484
1639281180000,156.2,156.4,156.2,156.4,226.401
1639281240000,156.3,156.4,156.1,156.2,150.385
1639281300000,156.2,156.4,156.1,156.4,562.408
1639281360000,156.3,156.5,156.3,156.3,46.291
1639281420000,156.3,156.5,156.3,156.5,26.525
1639281480000,156.4,156.7,156.4,156.6,353.649
1639281540000,156.6,156.6,156.2,156.4,317.143
1639281600000,156.3,156.5,156.3,156.5,148.782
1639281660000,156.5,156.5,156.3,156.3,250.788
1639281720000,156.2,156.2,155.9,155.9,234.973
1639281780000,155.9,155.9,155.7,155.8,630.755
1639281840000,155.8,155.8,155.6,155.6,200.979
1639281900000,155.6,155.8,155.5,155.6,229.353
1639281960000,155.5,155.7,155.4,155.7,174.769
1639282020000,155.7,155.8,155.6,155.7,137.38
1639282080000,155.7,155.8,155.6,155.6,314.51
1639282140000,155.6,155.6,155.5,155.6,60.417
1639282200000,155.6,155.7,155.6,155.6,165.442
1639282260000,155.6,155.8,155.6,155.7,149.266
1639282320000,155.7,155.9,155.7,155.9,254.331
1639282380000,155.9,156.0,155.7,155.8,168.009
1639282440000,155.7,155.8,155.5,155.5,61.122
1639282500000,155.6,155.8,155.5,155.6,376.282
1639282560000,155.6,155.7,155.4,155.5,367.007
1639282620000,155.5,155.8,155.4,155.8,474.41
1639282680000,155.8,156.0,155.7,155.7,414.629
1639282740000,155.8,156.1,155.8,155.9,126.713
1639282800000,156.0,156.0,155.9,156.0,114.477
1639282860000,155.9,156.1,155.9,156.0,57.665
1639282920000,156.0,156.1,155.9,155.9,95.653
1639282980000,155.8,155.8,155.7,155.8,396.635
1639283040000,155.8,155.8,155.7,155.7,115.297
1639283100000,155.7,155.8,155.6,155.6,564.112
1639283160000,155.7,155.7,155.5,155.5,333.072
1639283220000,155.6,155.7,155.5,155.6,152.368
1639283280000,155.7,155.8,155.6,155.7,63.576
1639283340000,155.7,155.8,155.6,155.7,81.848
1639283400000,155.6,155.6,155.3,155.5,718.058
1639283460000,155.5,155.8,155.5,155.8,91.761
1639283520000,155.8,155.8,155.7,155.7,77.382
1639283580000,155.7,155.9,155.7,155.8,72.734
1639283640000,155.8,155.8,155.6,155.6,242.735
1639283700000,155.6,155.7,155.5,155.6,75.262
1639283760000,155.5,155.5,155.4,155.5,308.334
1639283820000,155.5,155.5,155.4,155.4,238.725
1639283880000,155.4,155.5,155.3,155.5,178.867
1639283940000,155.5,155.5,155.3,155.4,225.391
1639284000000,155.5,155.7,155.4,155.6,215.655
1639284060000,155.6,155.7,155.5,155.5,177.958
1639284120000,155.5,155.5,155.3,155.3,97.882
1639284180000,155.3,155.6,155.3,155.3,536.729
1639284240000,155.2,155.2,154.9,155.1,1476.28
1639284300000,155.0,155.1,154.9,154.9,141.557
1639284360000,155.0,155.1,154.7,154.8,291.214
1639284420000,154.8,154.8,154.0,154.4,1467.179
1639284480000,154.4,154.6,154.2,154.5,653.954
1639284540000,154.5,154.6,154.2,154.2,213.149
1639284600000,154.3,154.4,154.2,154.4,147.278
1639284660000,154.3,154.5,154.3,154.3,288.879
1639284720000,154.3,154.4,154.1,154.2,415.248
1639284780000,154.2,154.2,154.0,154.2,199.772
1639284840000,154.1,154.4,154.1,154.4,735.593
1639284900000,154.4,154.6,154.4,154.4,403.817
1639284960000,154.4,154.4,154.2,154.2,131.689
1639285020000,154.3,154.4,154.2,154.3,70.552
1639285080000,154.3,154.6,154.2,154.4,298.687
1639285140000,154.4,154.5,154.2,154.3,216.726
1639285200000,154.3,154.4,154.2,154.4,236.644
1639285260000,154.4,154.8,154.3,154.8,130.085
1639285320000,154.7,154.8,154.6,154.7,190.239
1639285380000,154.8,154.9,154.6,154.7,150.241
1639285440000,154.7,155.0,154.7,154.8,125.757
1639285500000,154.7,154.9,154.7,154.8,49.832
1639285560000,154.8,154.8,154.6,154.6,136.181
1639285620000,154.7,154.7,154.6,154.6,55.303
1639285680000,154.6,154.9,154.5,154.9,157.565
1639285740000,154.9,154.9,154.7,154.8,95.992
1639285800000,154.8,154.9,154.8,154.9,115.82
1639285860000,154.9,154.9,154.7,154.7,108.888
1639285920000,154.8,154.9,154.7,154.8,83.153
1639285980000,154.8,154.9,154.7,154.8,266.231
1639286040000,154.9,155.0,154.8,154.8,321.368
1639286100000,154.8,154.9,154.6,154.6,188.612
1639286160000,154.6,154.6,154.5,154.6,133.896
1639286220000,154.6,154.7,154.4,154.5,224.58
1639286280000,154.5,154.8,154.5,154.8,283.091
1639286340000,154.7,154.8,154.7,154.7,7.23
1639286400000,154.7,154.8,154.6,154.8,316.675
1639286460000,154.9,155.0,154.9,154.9,151.979
1639286520000,154.9,155.0,154.8,154.9,172.456
1639286580000,154.9,155.0,154.9,155.0,79.157
1639286640000,154.9,155.0,154.9,155.0,13.682
1639286700000,155.0,155.0,154.6,154.7,182.371
1639286760000,154.6,154.7,154.5,154.6,158.336
1639286820000,154.6,154.7,154.6,154.7,113.533
1639286880000,154.7,154.9,154.6,154.7,232.31
1639286940000,154.6,154.6,154.3,154.4,2564.938
1639287000000,154.4,154.6,154.2,154.6,247.162
1639287060000,154.6,154.7,154.5,154.6,400.764
1639287120000,154.6,154.7,154.5,154.5,138.326
1639287180000,154.5,154.5,154.4,154.4,162.264
1639287240000,154.4,154.7,154.3,154.6,474.349
1639287300000,154.6,154.7,154.5,154.7,59.927
1639287360000,154.6,154.6,154.4,154.4,57.336
1639287420000,154.5,154.6,154.4,154.5,22.646
1639287480000,154.5,154.6,154.4,154.4,33.455
1639287540000,154.5,154.5,154.4,154.4,157.301
1639287600000,154.4,154.4,154.3,154.3,214.139
1639287660000,154.4,154.6,154.3,154.5,473.667
1639287720000,154.4,154.4,154.3,154.4,117.565
1639287780000,154.4,154.5,154.3,154.4,104.66
1639287840000,154.3,154.4,154.3,154.3,83.4
1639287900000,154.4,154.5,154.3,154.4,169.015
1639287960000,154.4,154.4,154.3,154.3,155.741
1639288020000,154.3,154.4,154.3,154.3,19.759
1639288080000,154.4,154.4,154.2,154.2,51.978
1639288140000,154.3,154.5,154.2,154.4,92.087
1639288200000,154.4,154.4,154.3,154.4,20.062
1639288260000,154.4,154.6,154.3,154.4,363.999
1639288320000,154.5,154.5,154.1,154.2,230.899
1639288380000,154.2,154.3,154.2,154.2,36.443
1639288440000,154.3,154.3,154.2,154.3,20.441
1639288500000,154.3,154.3,154.1,154.1,156.085
1639288560000,154.2,154.4,154.1,154.4,642.708
1639288620000,154.4,154.6,154.4,154.5,268.102
1639288680000,154.5,154.6,154.4,154.4,237.807
1639288740000,154.5,154.5,154.4,154.5,89.712
1639288800000,154.6,154.6,154.3,154.6,778.503
1639288860000,154.5,154.8,154.5,154.8,381.686
1639288920000,154.8,154.8,154.6,154.6,116.78
1639288980000,154.6,154.7,154.6,154.6,185.562
1639289040000,154.6,154.8,154.5,154.5,196.544
1639289100000,154.6,154.6,154.5,154.6,154.016
1639289160000,154.7,154.8,154.6,154.7,181.121
1639289220000,154.7,154.8,154.7,154.8,51.726
1639289280000,154.7,154.9,154.7,154.7,96.249
1639289340000,154.8,154.9,154.7,154.8,108.467
1639289400000,154.8,154.8,154.7,154.8,342.719
1639289460000,154.9,155.1,154.8,155.0,210.951
1639289520000,155.1,155.1,154.9,155.1,88.542
1639289580000,155.1,155.1,154.9,155.0,129.718
1639289640000,155.1,155.1,154.9,155.0,52.104
1639289700000,155.0,155.5,155.0,155.3,521.534
1639289760000,155.2,155.2,155.1,155.1,213.327
1639289820000,155.1,155.1,154.9,155.0,168.531
1639289880000,155.0,155.2,155.0,155.2,178.936
1639289940000,155.2,155.2,155.0,155.2,203.118
1639290000000,155.1,155.1,155.0,155.1,222.42
1639290060000,155.1,155.4,155.1,155.2,182.17
1639290120000,155.3,155.4,155.3,155.4,181.863
1639290180000,155.3,155.5,155.3,155.5,149.872
1639290240000,155.5,155.5,155.2,155.3,57.692
1639290300000,155.3,155.3,155.0,155.1,515.966
1639290360000,155.2,155.3,155.1,155.2,75.296
1639290420000,155.3,155.4,155.2,155.3,184.834
1639290480000,155.3,155.4,155.2,155.3,72.084
1639290540000,155.3,155.4,155.2,155.3,223.432
1639290600000,155.3,155.5,155.3,155.4,282.865
1639290660000,155.3,155.5,155.3,155.3,45.593
1639290720000,155.4,155.5,155.4,155.4,134.613
1639290780000,155.4,155.5,155.4,155.5,64.11
1639290840000,155.4,155.5,155.4,155.4,44.036
1639290900000,155.5,155.5,155.4,155.4,162.484
1639290960000,155.4,155.6,155.4,155.6,124.591
1639291020000,155.5,155.7,155.5,155.7,76.821
1639291080000,155.6,155.6,155.3,155.5,239.221
1639291140000,155.4,155.5,155.4,155.4,29.254
1639291200000,155.4,155.5,155.3,155.5,127.575
1639291260000,155.4,155.7,155.4,155.5,172.42
1639291320000,155.6,155.6,155.5,155.6,118.122
1639291380000,155.6,155.8,155.6,155.7,148.497
1639291440000,155.7,155.8,155.6,155.8,74.348
1639291500000,155.7,155.7,155.5,155.5,92.836
1639291560000,155.6,155.8,155.5,155.7,498.021
1639291620000,155.8,155.9,155.7,155.9,78.269
1639291680000,155.9,155.9,155.7,155.7,266.142
1639291740000,155.7,155.8,155.6,155.6,129.849
1639291800000,155.7,155.7,155.6,155.7,53.847
1639291860000,155.8,155.9,155.7,155.8,71.001
1639291920000,155.8,155.8,155.7,155.7,184.931
1639291980000,155.8,155.9,155.7,155.7,204.097
1639292040000,155.8,155.8,155.7,155.8,42.863
1639292100000,155.8,155.9,155.7,155.8,174.741
1639292160000,155.7,155.9,155.7,155.9,195.183
1639292220000,155.8,156.0,155.8,156.0,68.213
1639292280000,156.0,156.1,155.9,156.0,172.17
1639292340000,156.0,156.0,155.7,155.7,255.381
1639292400000,155.7,155.9,155.7,155.8,297.148
1639292460000,155.9,156.0,155.8,155.9,226.824
1639292520000,155.9,155.9,155.8,155.8,51.587
1639292580000,155.8,155.8,155.5,155.6,336.751
1639292640000,155.6,155.6,155.5,155.5,221.967
1639292700000,155.6,155.6,155.5,155.6,120.67
1639292760000,155.5,155.6,155.4,155.5,83.88
1639292820000,155.6,155.6,155.4,155.6,133.925
1639292880000,155.5,155.7,155.5,155.6,345.96
1639292940000,155.7,155.8,155.6,155.7,91.302
1639293000000,155.7,155.7,155.5,155.6,94.501
1639293060000,155.6,155.6,155.5,155.6,49.65
1639293120000,155.5,155.6,155.5,155.6,37.86
1639293180000,155.5,155.6,155.4,155.5,1286.215
1639293240000,155.5,155.5,155.4,155.4,126.135
1639293300000,155.3,155.5,155.3,155.5,177.537
1639293360000,155.5,155.7,155.5,155.6,203.376
1639293420000,155.7,155.7,155.5,155.6,61.194
1639293480000,155.7,155.7,155.6,155.7,70.484
1639293540000,155.7,155.8,155.6,155.8,104.549
1639293600000,155.7,155.8,155.7,155.7,0.907
1639293660000,155.8,155.9,155.7,155.7,149.486
1639293720000,155.8,155.8,155.6,155.7,94.587
1639293780000,155.6,155.8,155.6,155.8,65.658
1639293840000,155.8,155.9,155.7,155.9,129.001
1639293900000,155.8,156.1,155.8,155.9,208.258
1639293960000,155.9,155.9,155.8,155.9,76.948
1639294020000,155.9,156.3,155.8,156.0,311.481
1639294080000,156.0,156.1,156.0,156.0,231.98
1639294140000,156.0,156.1,155.9,156.1,86.428
1639294200000,156.0,156.1,155.8,155.9,184.036
1639294260000,155.9,156.0,155.8,156.0,134.588
1639294320000,155.9,156.1,155.9,155.9,89.883
1639294380000,155.9,156.0,155.9,156.0,23.935
1639294440000,156.0,156.1,156.0,156.0,222.123
1639294500000,156.0,156.1,155.9,156.0,256.162
1639294560000,155.9,156.1,155.9,156.0,123.424
1639294620000,156.0,156.1,156.0,156.0,124.268
1639294680000,156.0,156.1,156.0,156.1,14.381
1639294740000,156.0,156.1,156.0,156.1,8.976
1639294800000,156.0,156.1,155.9,155.9,194.37
1639294860000,156.0,156.1,155.9,156.0,24.345
1639294920000,156.1,156.1,155.9,156.0,49.942
1639294980000,155.9,156.0,155.9,156.0,10.698
1639295040000,156.0,156.0,156.0,156.0,31.699
1639295100000,156.0,156.1,155.9,156.0,31.021
1639295160000,156.0,156.3,156.0,156.2,700.831
1639295220000,156.2,156.3,156.1,156.1,233.805
1639295280000,156.1,156.2,156.0,156.0,69.356
1639295340000,156.1,156.2,156.0,156.1,206.969
1639295400000,156.0,156.1,156.0,156.0,18.185
1639295460000,156.0,156.0,155.8,155.8,246.53
1639295520000,155.9,156.1,155.8,156.0,234.156
1639295580000,156.0,156.0,155.9,156.0,49.914
1639295640000,156.0,156.0,155.8,155.9,79.981
1639295700000,155.9,156.0,155.9,156.0,39.884
1639295760000,156.0,156.1,155.9,156.1,85.708
1639295820000,156.0,156.1,155.9,156.0,493.18
1639295880000,156.0,156.1,155.9,156.1,91.16
1639295940000,156.0,156.1,155.9,156.0,90.679
1639296000000,156.0,156.2,156.0,156.0,305.626
1639296060000,156.1,156.1,155.8,155.8,281.591
1639296120000,155.9,156.0,155.8,155.9,85.351
1639296180000,155.9,156.0,155.7,155.8,129.577
1639296240000,155.7,155.8,155.6,155.8,88.135
1639296300000,155.8,155.9,155.7,155.7,422.21
1639296360000,155.8,155.8,155.6,155.7,29.125
1639296420000,155.7,155.7,155.5,155.5,142.743
1639296480000,155.6,155.7,155.5,155.6,62.806
1639296540000,155.7,155.9,155.6,155.9,271.223
1639296600000,155.9,156.1,155.7,156.0,748.383
1639296660000,156.1,156.1,156.0,156.1,98.565
1639296720000,156.0,156.2,156.0,156.1,99.849
1639296780000,156.1,156.2,156.1,156.1,23.46
1639296840000,156.2,156.2,156.0,156.1,146.174
1639296900000,156.1,156.2,156.0,156.1,72.48
1639296960000,156.1,156.2,156.1,156.1,15.132
1639297020000,156.2,156.2,156.1,156.2,7.855
1639297080000,156.2,156.2,156.0,156.1,779.086
1639297140000,156.0,156.1,155.8,155.9,357.139
1639297200000,155.9,155.9,155.8,155.8,43.614
1639297260000,155.8,155.9,155.8,155.8,53.392
1639297320000,155.8,155.9,155.8,155.9,58.998
1639297380000,156.0,156.0,155.9,156.0,24.475
1639297440000,155.9,156.0,155.8,155.8,269.22
1639297500000,155.8,155.9,155.7,155.8,274.248
1639297560000,155.8,155.8,155.5,155.5,745.838
1639297620000,155.5,155.7,155.5,155.6,155.451
1639297680000,155.7,155.7,155.5,155.7,65.502
1639297740000,155.7,155.7,155.5,155.5,64.422
1639297800000,155.6,155.6,155.5,155.6,16.668
1639297860000,155.5,155.6,155.4,155.5,184.193
1639297920000,155.5,155.5,155.4,155.5,252.496
1639297980000,155.4,155.5,155.3,155.4,126.236
1639298040000,155.4,155.5,155.3,155.4,161.206
1639298100000,155.4,155.4,155.1,155.2,294.735
1639298160000,155.1,155.3,155.1,155.2,158.5
1639298220000,155.3,155.3,155.1,155.1,141.196
1639298280000,155.1,155.1,154.8,154.8,932.215
1639298340000,154.8,154.8,154.6,154.8,439.147
1639298400000,154.7,154.8,154.6,154.7,233.461
1639298460000,154.6,154.9,154.6,154.7,575.186
1639298520000,154.7,154.9,154.6,154.6,153.483
1639298580000,154.6,154.7,154.5,154.6,320.794
1639298640000,154.7,154.9,154.7,154.7,152.542
1639298700000,154.8,155.0,154.7,154.9,275.087
1639298760000,154.9,154.9,154.3,154.6,536.662
1639298820000,154.6,154.6,154.4,154.5,287.995
1639298880000,154.5,154.6,154.4,154.6,379.58
1639298940000,154.6,154.7,154.5,154.7,121.975
1639299000000,154.6,154.8,154.6,154.7,77.752
1639299060000,154.8,154.9,154.7,154.8,89.253
1639299120000,154.9,155.0,154.8,154.9,156.854
1639299180000,155.0,155.0,154.9,154.9,50.546
1639299240000,155.0,155.4,155.0,155.0,1710.89
1639299300000,155.0,155.2,155.0,155.2,153.611
1639299360000,155.1,155.2,155.1,155.2,50.21
1639299420000,155.2,155.2,154.9,154.9,548.116
1639299480000,155.0,155.4,155.0,155.0,370.894
1639299540000,155.0,155.1,154.8,154.8,682.103
1639299600000,154.8,155.0,154.7,155.0,1016.677
1639299660000,155.0,155.0,154.8,154.9,55.696
1639299720000,154.9,155.1,154.9,154.9,217.043
1639299780000,154.9,155.0,154.8,154.9,122.21
1639299840000,154.9,155.1,154.9,155.1,149.322
1639299900000,155.2,155.3,155.1,155.2,177.597
1639299960000,155.3,155.4,155.2,155.3,221.237
1639300020000,155.3,155.4,155.2,155.4,129.481
1639300080000,155.4,155.5,155.3,155.4,276.543
1639300140000,155.3,155.4,155.2,155.2,148.425
1639300200000,155.1,155.1,155.0,155.1,76.708
1639300260000,155.1,155.3,155.0,155.1,88.498
1639300320000,155.2,155.2,155.0,155.0,51.181
1639300380000,155.1,155.2,155.0,155.1,57.223
1639300440000,155.1,155.1,154.7,154.8,331.599
1639300500000,154.7,154.9,154.7,154.7,143.525
1639300560000,154.6,154.7,154.5,154.6,54.109
1639300620000,154.6,154.7,154.5,154.6,51.016
1639300680000,154.7,155.2,154.6,155.2,415.232
1639300740000,155.2,155.2,155.1,155.2,80.26
1639300800000,155.2,155.3,155.0,155.1,345.726
1639300860000,155.2,155.4,155.2,155.3,238.023
1639300920000,155.3,155.4,155.2,155.2,184.406
1639300980000,155.2,155.4,155.1,155.3,165.514
1639301040000,155.4,155.5,155.3,155.5,314.16
1639301100000,155.4,155.4,155.2,155.3,216.9
1639301160000,155.4,155.4,155.2,155.2,70.54
1639301220000,155.3,155.5,155.2,155.4,86.951
1639301280000,155.4,155.5,155.3,155.3,50.874
1639301340000,155.3,155.4,155.3,155.4,173.181
1639301400000,155.4,155.4,155.2,155.3,125.327
1639301460000,155.2,155.5,155.2,155.3,1544.402
1639301520000,155.4,155.4,155.2,155.3,221.058
1639301580000,155.3,155.3,155.2,155.2,298.68
1639301640000,155.1,155.3,155.1,155.2,57.442
1639301700000,155.2,155.2,155.0,155.1,108.503
1639301760000,155.0,155.1,155.0,155.1,27.129
1639301820000,155.0,155.3,155.0,155.3,225.11
1639301880000,155.2,155.3,155.0,155.1,389.303
1639301940000,155.1,155.1,155.0,155.0,19.094
1639302000000,155.0,155.1,154.8,154.9,330.756
1639302060000,154.9,154.9,154.8,154.8,58.954
1639302120000,154.8,154.9,154.8,154.9,12.077
1639302180000,154.8,154.9,154.5,154.8,686.681
1639302240000,154.7,154.8,154.7,154.8,40.774
1639302300000,154.8,155.0,154.7,154.8,217.99
1639302360000,154.8,154.8,154.4,154.4,388.452
1639302420000,154.4,154.4,153.7,154.1,1409.726
1639302480000,154.1,154.3,154.0,154.1,320.748
1639302540000,154.1,154.4,154.1,154.2,126.156
1639302600000,154.3,154.8,154.3,154.6,509.093
1639302660000,154.6,154.7,154.5,154.6,358.646
1639302720000,154.6,154.7,154.6,154.6,16.742
1639302780000,154.6,154.6,154.3,154.4,187.158
1639302840000,154.3,154.4,154.1,154.2,162.237
1639302900000,154.3,154.3,153.9,154.0,402.917
1639302960000,153.9,154.1,153.9,154.0,143.274
1639303020000,153.9,154.3,153.9,154.2,132.57
1639303080000,154.2,154.3,154.0,154.0,208.656
1639303140000,154.0,154.1,153.9,154.1,173.069
1639303200000,154.1,154.2,153.9,154.2,131.176
1639303260000,154.3,154.3,154.2,154.2,38.099
1639303320000,154.4,154.5,154.3,154.4,130.359
1639303380000,154.3,154.5,154.2,154.2,165.63
1639303440000,154.2,154.3,153.9,154.2,244.183
1639303500000,154.2,154.2,154.1,154.1,74.472
1639303560000,154.1,154.1,153.9,154.0,288.848
1639303620000,153.9,153.9,153.3,153.5,1449.748
1639303680000,153.5,153.7,153.5,153.5,195.329
1639303740000,153.5,153.7,153.5,153.6,78.918
1639303800000,153.7,153.9,153.6,153.9,262.822
1639303860000,153.8,153.8,153.3,153.5,781.479
1639303920000,153.5,153.7,153.3,153.3,238.806
1639303980000,153.3,153.5,153.2,153.5,413.986
1639304040000,153.3,153.9,153.3,153.8,1062.812
1639304100000,153.8,153.9,153.6,153.6,170.322
1639304160000,153.7,154.0,153.7,153.8,330.026
1639304220000,153.8,153.9,153.7,153.8,58.612
1639304280000,153.8,153.9,153.7,153.9,63.727
1639304340000,154.0,154.2,154.0,154.2,148.303
1639304400000,154.1,154.3,154.0,154.2,184.804
1639304460000,154.3,154.5,154.2,154.2,275.188
1639304520000,154.3,154.5,154.2,154.4,837.289
1639304580000,154.5,154.5,154.1,154.2,355.459
1639304640000,154.3,154.4,154.2,154.3,152.807
1639304700000,154.4,154.7,154.4,154.6,467.821
1639304760000,154.6,154.9,154.6,154.7,409.877
1639304820000,154.7,154.7,154.6,154.6,43.203
1639304880000,154.7,154.8,154.6,154.6,91.254
1639304940000,154.7,154.8,154.7,154.8,53.791
1639305000000,154.7,154.7,154.6,154.6,201.069
1639305060000,154.6,155.0,154.6,154.9,200.166
1639305120000,154.9,155.0,154.8,154.9,260.495
1639305180000,154.9,155.1,154.9,155.0,461.304
1639305240000,155.0,155.0,154.6,154.7,287.702
1639305300000,154.7,154.8,154.5,154.8,199.544
1639305360000,154.7,155.0,154.7,155.0,224.429
1639305420000,155.0,155.0,154.4,154.6,499.0
1639305480000,154.6,154.7,154.3,154.4,157.656
1639305540000,154.5,154.7,154.3,154.6,99.286
1639305600000,154.6,154.7,154.5,154.7,16.579
1639305660000,154.7,154.8,154.6,154.7,271.987
1639305720000,154.6,154.8,154.6,154.7,62.256
1639305780000,154.7,154.8,154.6,154.7,95.821
1639305840000,154.6,155.0,154.6,155.0,1181.955
1639305900000,155.0,155.2,154.9,155.1,150.833
1639305960000,155.1,155.1,154.8,154.8,113.521
1639306020000,154.8,154.9,154.7,154.8,198.936
1639306080000,154.8,155.1,154.8,155.0,149.876
1639306140000,155.0,155.0,154.9,155.0,122.245
1639306200000,155.0,155.0,154.9,155.0,134.483
1639306260000,155.0,155.1,154.8,154.8,69.587
1639306320000,154.9,154.9,154.6,154.7,303.179
1639306380000,154.7,154.9,154.7,154.8,83.048
1639306440000,154.8,154.9,154.8,154.8,32.945
1639306500000,154.9,155.3,154.8,155.1,544.248
1639306560000,155.2,155.2,155.0,155.2,248.084
1639306620000,155.2,155.5,155.2,155.5,458.108
1639306680000,155.5,155.5,155.1,155.5,378.197
1639306740000,155.5,155.7,155.5,155.5,389.092
1639306800000,155.6,155.8,155.4,155.7,380.871
1639306860000,155.7,155.8,155.7,155.8,131.352
1639306920000,155.7,156.0,155.6,155.9,367.613
1639306980000,156.0,156.0,155.5,155.7,423.762
1639307040000,155.7,155.7,155.2,155.4,1164.979
1639307100000,155.4,155.4,155.0,155.0,402.941
1639307160000,155.1,155.3,155.0,155.1,238.477
1639307220000,155.1,155.2,155.1,155.2,34.772
1639307280000,155.2,155.3,155.0,155.2,205.199
1639307340000,155.2,155.3,155.1,155.3,143.339
1639307400000,155.3,155.4,155.1,155.4,467.498
1639307460000,155.4,155.5,155.2,155.2,32.4
1639307520000,155.3,155.4,155.2,155.4,72.622
1639307580000,155.4,155.6,155.4,155.6,38.001
1639307640000,155.5,155.6,155.2,155.3,184.334
1639307700000,155.3,155.4,155.2,155.4,98.581
1639307760000,155.3,155.5,155.2,155.4,91.406
1639307820000,155.5,155.6,155.4,155.6,315.356
1639307880000,155.6,155.8,155.6,155.8,72.755
1639307940000,155.8,155.8,155.7,155.7,96.655
1639308000000,155.7,155.9,155.6,155.8,108.313
1639308060000,155.9,156.1,155.7,156.0,408.89
1639308120000,155.9,155.9,155.8,155.9,84.793
1639308180000,155.9,156.0,155.8,155.9,76.557
1639308240000,155.9,156.1,155.9,156.0,579.512
1639308300000,155.9,156.1,155.9,156.0,142.407
1639308360000,156.0,156.0,155.8,155.9,177.608
1639308420000,155.9,156.1,155.8,156.1,181.634
1639308480000,156.1,156.2,155.9,156.1,457.909
1639308540000,156.1,156.2,155.9,155.9,286.556
1639308600000,156.0,156.1,155.8,155.9,265.747
1639308660000,155.9,155.9,155.8,155.9,99.884
1639308720000,155.9,156.1,155.8,156.1,87.464
1639308780000,156.1,156.2,155.9,156.1,179.47
1639308840000,156.2,156.3,156.0,156.0,341.974
1639308900000,156.1,156.1,155.8,156.0,153.728
1639308960000,156.0,156.1,155.9,156.1,149.595
1639309020000,156.1,156.1,156.0,156.1,107.691
1639309080000,156.0,156.2,156.0,156.0,127.108
1639309140000,156.1,156.2,156.0,156.1,72.462
1639309200000,156.1,156.3,156.0,156.3,173.053
1639309260000,156.2,156.2,156.0,156.0,317.216
1639309320000,156.0,156.1,155.9,156.1,81.882
1639309380000,156.1,156.5,156.1,156.5,1320.147
1639309440000,156.5,156.6,156.4,156.6,440.119
1639309500000,156.6,156.8,156.5,156.6,396.75
1639309560000,156.5,156.7,156.4,156.6,188.793
1639309620000,156.6,156.6,156.3,156.3,77.06
1639309680000,156.4,156.5,156.2,156.2,107.065
1639309740000,156.2,156.5,156.2,156.4,47.269
1639309800000,156.4,156.5,156.2,156.3,53.088
1639309860000,156.3,156.3,155.9,156.0,287.609
1639309920000,155.9,156.1,155.9,156.0,423.887
1639309980000,156.0,156.0,155.8,155.9,78.951
1639310040000,156.0,156.3,155.9,156.1,242.342
1639310100000,156.0,156.2,156.0,156.1,78.438
1639310160000,156.1,156.1,155.9,156.0,79.449
1639310220000,156.0,156.0,155.8,155.8,158.502
1639310280000,155.9,155.9,155.7,155.7,171.041
1639310340000,155.8,156.0,155.8,155.9,476.97
1639310400000,155.9,156.2,155.9,156.2,159.448
1639310460000,156.2,156.4,156.1,156.3,376.768
1639310520000,156.3,156.3,156.1,156.2,82.391
1639310580000,156.2,156.2,156.0,156.1,235.934
1639310640000,156.1,156.2,156.1,156.2,37.391
1639310700000,156.1,156.2,156.0,156.1,195.328
1639310760000,156.1,156.1,155.8,155.8,151.602
1639310820000,155.8,155.8,155.6,155.7,257.951
1639310880000,155.7,156.0,155.6,155.9,399.763
1639310940000,155.9,156.1,155.9,156.0,126.302
1639311000000,156.0,156.1,156.0,156.0,64.216
1639311060000,156.2,157.0,156.2,156.8,943.693
1639311120000,156.7,156.8,156.2,156.3,692.625
1639311180000,156.4,156.5,156.2,156.5,431.923
1639311240000,156.4,156.6,156.3,156.5,150.222
1639311300000,156.6,156.6,156.3,156.4,147.407
1639311360000,156.3,156.6,156.3,156.3,133.504
1639311420000,156.3,156.8,156.3,156.6,193.305
1639311480000,156.6,157.7,156.6,157.5,4406.785
1639311540000,157.5,157.6,157.2,157.2,735.738
1639311600000,157.3,157.6,157.2,157.4,875.1
1639311660000,157.5,157.6,157.4,157.6,174.945
1639311720000,157.6,157.6,157.4,157.4,416.048
1639311780000,157.4,157.5,157.3,157.5,377.703
1639311840000,157.5,157.6,157.3,157.5,196.452
1639311900000,157.5,157.5,157.3,157.4,79.722
1639311960000,157.5,157.6,157.3,157.4,383.423
1639312020000,157.4,157.6,157.4,157.6,178.514
1639312080000,157.5,157.7,157.4,157.7,480.123
1639312140000,157.8,157.8,157.6,157.7,381.419
1639312200000,157.7,158.1,157.7,157.9,678.27
1639312260000,157.9,158.0,157.6,157.7,343.846
1639312320000,157.7,157.7,157.4,157.7,268.428
1639312380000,157.7,157.8,157.6,157.6,335.77
1639312440000,157.7,157.7,157.5,157.6,169.624
1639312500000,157.5,157.7,157.4,157.5,1501.372
1639312560000,157.5,157.6,157.4,157.5,77.562
1639312620000,157.4,157.5,157.2,157.3,450.868
1639312680000,157.4,157.5,157.3,157.4,545.271
1639312740000,157.4,157.4,157.2,157.3,283.799
1639312800000,157.4,157.5,157.2,157.3,208.225
1639312860000,157.3,157.4,157.2,157.2,290.698
1639312920000,157.3,157.3,157.1,157.1,115.261
1639312980000,157.2,157.4,157.1,157.2,321.318
1639313040000,157.3,157.3,157.2,157.3,132.325
1639313100000,157.4,157.4,157.1,157.2,163.035
1639313160000,157.2,157.5,157.2,157.2,209.604
1639313220000,157.3,157.3,157.1,157.3,144.403
1639313280000,157.3,157.3,157.1,157.1,182.03
1639313340000,157.2,157.3,156.9,157.1,662.389
1639313400000,157.1,157.2,156.9,157.0,491.338
1639313460000,157.1,157.1,157.0,157.1,136.38
1639313520000,157.1,157.2,157.1,157.1,164.137
1639313580000,157.1,157.1,157.0,157.0,43.86
1639313640000,157.1,157.1,156.8,156.9,190.497
1639313700000,157.0,157.0,156.9,156.9,40.601
1639313760000,156.9,157.1,156.8,157.0,223.371
1639313820000,156.9,157.1,156.9,156.9,148.993
1639313880000,156.9,157.0,156.8,156.9,416.825
1639313940000,156.9,157.0,156.8,156.8,280.88
1639314000000,156.9,157.0,156.8,157.0,139.403
1639314060000,156.9,157.0,156.8,157.0,77.174
1639314120000,157.0,157.1,156.9,157.0,173.406
1639314180000,157.0,157.0,156.9,156.9,29.37
1639314240000,156.9,157.1,156.9,157.0,248.62
1639314300000,156.9,157.2,156.9,157.2,134.832
1639314360000,157.2,157.8,157.1,157.4,1431.208
1639314420000,157.4,157.4,157.2,157.2,283.719
1639314480000,157.2,157.2,157.1,157.2,228.799
1639314540000,157.2,157.6,157.2,157.3,232.577
1639314600000,157.3,157.6,157.3,157.5,314.486
1639314660000,157.5,157.6,157.3,157.3,368.945
1639314720000,157.3,157.7,157.3,157.4,363.479
1639314780000,157.4,157.5,157.3,157.4,322.997
1639314840000,157.4,157.5,157.4,157.5,46.558
1639314900000,157.5,157.7,157.4,157.6,312.636
1639314960000,157.6,157.6,157.3,157.4,161.98
1639315020000,157.5,157.5,157.2,157.2,363.714
1639315080000,157.2,157.4,157.2,157.4,127.796
1639315140000,157.4,157.5,157.2,157.4,482.266
1639315200000,157.4,157.4,157.2,157.3,70.309
1639315260000,157.3,157.4,157.2,157.3,99.696
1639315320000,157.4,157.4,157.3,157.3,159.264
1639315380000,157.3,157.4,157.2,157.3,299.794
1639315440000,157.2,157.3,157.1,157.1,239.068
1639315500000,157.2,157.2,157.0,157.0,611.797
1639315560000,157.1,157.2,157.0,157.0,191.641
1639315620000,157.0,157.2,157.0,157.2,126.238
1639315680000,157.2,157.2,157.1,157.1,141.331
1639315740000,157.2,157.2,157.1,157.2,97.514
1639315800000,157.2,157.2,157.0,157.2,81.204
1639315860000,157.1,157.4,157.1,157.3,298.708
1639315920000,157.4,157.5,157.3,157.4,147.677
1639315980000,157.3,157.4,157.3,157.4,9.047
1639316040000,157.4,157.5,157.3,157.4,121.602
1639316100000,157.4,157.5,157.4,157.4,32.348
1639316160000,157.5,157.5,157.2,157.3,269.885
1639316220000,157.3,157.4,157.0,157.3,386.726
1639316280000,157.3,157.3,157.1,157.1,58.168
1639316340000,157.1,157.2,157.1,157.2,297.073
1639316400000,157.2,157.3,157.1,157.3,150.918
1639316460000,157.3,157.4,157.2,157.3,108.555
1639316520000,157.3,157.4,157.2,157.3,95.964
1639316580000,157.2,157.4,157.2,157.4,139.269
1639316640000,157.4,157.6,157.3,157.5,199.895
1639316700000,157.5,157.5,157.3,157.3,170.541
1639316760000,157.4,157.4,157.3,157.3,71.219
1639316820000,157.4,157.4,157.1,157.2,284.98
1639316880000,157.2,157.3,157.0,157.2,252.625
1639316940000,157.2,157.3,157.2,157.2,233.276
1639317000000,157.2,157.3,157.2,157.3,85.194
1639317060000,157.2,157.3,157.2,157.2,8.842
1639317120000,157.2,157.2,157.1,157.2,147.096
1639317180000,157.1,157.3,157.1,157.3,254.511
1639317240000,157.4,157.4,157.3,157.3,167.315
1639317300000,157.3,157.3,157.2,157.2,227.688
1639317360000,157.3,157.5,157.2,157.5,191.182
1639317420000,157.4,157.5,157.4,157.5,152.797
1639317480000,157.5,158.1,157.4,157.9,1702.804
1639317540000,157.9,158.0,157.7,157.9,334.556
1639317600000,157.9,158.1,157.8,157.9,282.437
1639317660000,158.0,158.0,157.7,157.8,512.21
1639317720000,157.9,158.1,157.8,158.0,293.474
1639317780000,157.9,158.0,157.8,157.9,225.486
1639317840000,157.9,158.0,157.8,158.0,64.391
1639317900000,158.0,158.5,157.9,158.3,1108.403
1639317960000,158.3,158.4,158.1,158.2,455.554
1639318020000,158.2,158.2,158.0,158.1,126.879
1639318080000,158.1,158.2,158.0,158.1,107.5
1639318140000,158.1,158.3,158.1,158.2,255.045
1639318200000,158.2,158.3,158.1,158.3,103.213
1639318260000,158.3,158.3,158.1,158.2,59.936
1639318320000,158.2,158.2,158.1,158.2,149.44
1639318380000,158.2,158.4,158.1,158.4,375.301
1639318440000,158.3,158.3,158.1,158.2,244.757
1639318500000,158.3,158.4,158.1,158.2,267.443
1639318560000,158.2,158.2,158.1,158.2,233.846
1639318620000,158.2,158.2,158.0,158.2,481.887
1639318680000,158.2,158.3,158.1,158.2,464.846
1639318740000,158.2,158.2,157.9,157.9,892.334
1639318800000,158.0,158.1,157.9,157.9,562.083
1639318860000,158.0,158.0,157.9,158.0,74.42
1639318920000,158.0,158.1,157.9,158.0,326.773
1639318980000,158.0,158.0,157.7,158.0,469.79
1639319040000,157.9,158.0,157.8,157.9,140.629
1639319100000,157.9,157.9,157.6,157.7,312.794
1639319160000,157.8,157.8,157.4,157.5,341.748
1639319220000,157.5,157.7,157.5,157.5,325.341
1639319280000,157.5,157.7,157.5,157.6,206.329
1639319340000,157.5,157.7,157.5,157.7,272.186
1639319400000,157.6,157.7,157.5,157.7,184.507
1639319460000,157.6,157.7,157.4,157.5,281.589
1639319520000,157.5,157.5,157.3,157.4,122.288
1639319580000,157.3,157.4,157.2,157.4,206.959
1639319640000,157.4,157.4,157.2,157.2,221.894
1639319700000,157.2,157.2,156.9,157.2,778.476
1639319760000,157.1,157.4,157.1,157.4,359.172
1639319820000,157.3,157.4,157.1,157.3,250.453
1639319880000,157.3,157.3,157.1,157.3,156.511
1639319940000,157.3,157.4,157.2,157.4,107.739
1639320000000,157.3,157.4,157.2,157.2,52.765
1639320060000,157.2,157.4,157.2,157.4,123.502
1639320120000,157.4,157.5,157.3,157.5,162.343
1639320180000,157.5,157.6,157.4,157.6,225.619
1639320240000,157.6,157.6,157.4,157.6,63.683
1639320300000,157.6,157.7,157.5,157.7,130.425
1639320360000,157.7,157.7,157.4,157.5,136.346
1639320420000,157.4,157.5,157.3,157.3,98.834
1639320480000,157.3,157.5,157.3,157.4,80.379
1639320540000,157.4,157.8,157.4,157.5,175.256
1639320600000,157.6,157.7,157.5,157.6,108.419
1639320660000,157.7,157.8,157.6,157.8,108.411
1639320720000,157.8,157.8,157.6,157.7,192.529
1639320780000,157.6,157.8,157.6,157.7,87.781
1639320840000,157.7,157.8,157.6,157.8,96.84
1639320900000,157.8,157.8,157.6,157.7,190.524
1639320960000,157.7,157.8,157.7,157.7,49.303
1639321020000,157.6,157.7,157.6,157.7,91.85
1639321080000,157.7,157.9,157.7,157.8,400.482
1639321140000,157.8,157.8,157.7,157.8,17.966
1639321200000,157.8,157.9,157.7,157.8,187.483
1639321260000,157.9,157.9,157.7,157.7,64.048
1639321320000,157.7,157.8,157.4,157.5,348.102
1639321380000,157.5,157.5,157.3,157.5,244.241
1639321440000,157.5,157.6,157.5,157.6,158.968
1639321500000,157.5,157.5,157.3,157.5,117.965
1639321560000,157.5,157.8,157.5,157.8,3213.973
1639321620000,157.7,158.0,157.7,157.9,205.687
1639321680000,157.9,157.9,157.8,157.8,108.741
1639321740000,157.8,157.8,157.6,157.8,76.796
1639321800000,157.7,157.8,157.5,157.6,785.03
1639321860000,157.5,157.6,157.4,157.5,210.619
1639321920000,157.6,157.7,157.6,157.6,199.381
1639321980000,157.6,157.7,157.6,157.7,81.647
1639322040000,157.6,157.7,157.5,157.7,170.786
1639322100000,157.6,157.7,157.5,157.6,168.069
1639322160000,157.6,157.6,157.4,157.4,154.688
1639322220000,157.4,157.5,157.3,157.3,88.58
1639322280000,157.3,157.4,157.2,157.3,100.829
1639322340000,157.3,157.6,157.3,157.5,336.136
1639322400000,157.5,157.7,157.5,157.7,319.983
1639322460000,157.6,157.6,157.4,157.6,266.047
1639322520000,157.6,157.6,157.4,157.5,134.35
1639322580000,157.5,157.7,157.5,157.6,66.539
1639322640000,157.6,157.6,157.5,157.6,11.598
1639322700000,157.5,157.6,157.4,157.5,51.875
1639322760000,157.5,157.5,157.4,157.4,187.85
1639322820000,157.4,157.5,157.3,157.4,80.072
1639322880000,157.4,157.6,157.3,157.5,325.147
1639322940000,157.5,157.5,157.3,157.4,56.105
1639323000000,157.4,157.4,157.3,157.3,17.655
1639323060000,157.4,157.4,157.3,157.3,150.754
1639323120000,157.3,157.5,157.1,157.2,270.508
1639323180000,157.1,157.2,157.0,157.0,91.878
1639323240000,157.1,157.1,156.9,156.9,337.141
1639323300000,157.0,157.0,156.9,157.0,69.087
1639323360000,157.0,157.2,157.0,157.1,237.055
1639323420000,157.1,157.2,157.0,157.2,58.334
1639323480000,157.2,157.2,157.1,157.1,56.8
1639323540000,157.1,157.2,157.1,157.2,54.27
1639323600000,157.1,157.2,157.1,157.1,20.212
1639323660000,157.2,157.2,157.1,157.1,19.617
1639323720000,157.1,157.1,157.0,157.0,34.457
1639323780000,157.1,157.2,157.0,157.1,108.93
1639323840000,157.2,157.3,157.1,157.2,388.799
1639323900000,157.2,157.2,157.0,157.1,89.594
1639323960000,157.1,157.1,157.0,157.0,49.388
1639324020000,157.0,157.1,156.9,156.9,37.693
1639324080000,156.9,157.1,156.9,157.0,586.859
1639324140000,157.1,157.1,156.8,156.8,420.492
1639324200000,156.9,156.9,156.8,156.9,65.644
1639324260000,156.9,157.0,156.8,156.9,115.915
1639324320000,156.8,156.9,156.7,156.9,106.779
1639324380000,156.9,156.9,156.8,156.9,83.201
1639324440000,156.9,157.1,156.9,157.0,476.57
1639324500000,157.0,157.1,156.9,157.0,107.457
1639324560000,157.1,157.2,157.0,157.2,266.718
1639324620000,157.2,157.3,157.1,157.1,263.062
1639324680000,157.1,157.1,156.8,156.9,203.552
1639324740000,156.9,157.1,156.9,157.0,264.221
1639324800000,157.0,157.1,156.9,157.0,110.914
1639324860000,157.0,157.1,157.0,157.1,113.526
1639324920000,157.0,157.1,156.8,157.0,423.278
1639324980000,157.1,157.3,157.0,157.1,97.784
1639325040000,157.1,157.5,157.1,157.5,301.723
1639325100000,157.5,157.6,157.1,157.2,251.866
1639325160000,157.2,157.2,157.0,157.1,98.239
1639325220000,157.2,157.3,157.1,157.1,148.076
1639325280000,157.1,157.2,156.9,156.9,179.195
1639325340000,156.8,157.0,156.8,157.0,150.229
1639325400000,157.0,157.1,156.9,157.0,65.213
1639325460000,156.9,156.9,156.7,156.9,534.837
1639325520000,156.8,156.9,156.7,156.8,385.453
1639325580000,156.8,156.9,156.7,156.8,198.443
1639325640000,156.8,157.0,156.8,156.9,119.345
1639325700000,156.9,157.0,156.8,156.9,607.653
1639325760000,156.8,156.9,156.7,156.8,285.508
1639325820000,156.8,156.9,156.7,156.9,100.658
1639325880000,157.0,157.0,156.7,156.9,692.627
1639325940000,156.9,156.9,156.7,156.8,100.839
1639326000000,156.8,156.9,156.7,156.9,162.049
1639326060000,157.0,157.2,156.9,157.2,352.008
1639326120000,157.1,157.2,156.9,157.0,246.163
1639326180000,157.0,157.1,156.9,156.9,90.284
1639326240000,157.0,157.1,156.9,157.0,222.758
1639326300000,157.0,157.1,156.9,157.1,51.242
1639326360000,157.0,157.6,157.0,157.4,1037.289
1639326420000,157.4,157.7,157.3,157.7,205.448
1639326480000,157.6,157.7,157.5,157.7,331.053
1639326540000,157.7,157.8,157.6,157.6,166.623
1639326600000,157.7,157.8,157.6,157.7,99.85
1639326660000,157.7,157.8,157.7,157.8,71.691
1639326720000,157.8,157.8,157.5,157.5,190.068
1639326780000,157.6,157.7,157.5,157.6,212.628
1639326840000,157.5,157.7,157.5,157.6,56.147
1639326900000,157.5,157.7,157.5,157.6,146.943
1639326960000,157.6,157.9,157.6,157.8,150.777
1639327020000,157.9,157.9,157.7,157.9,217.173
1639327080000,157.9,158.0,157.8,157.9,127.868
1639327140000,157.9,158.0,157.8,157.9,299.35
1639327200000,157.9,157.9,157.7,157.8,289.395
1639327260000,157.8,158.3,157.8,158.1,298.236
1639327320000,158.1,158.9,158.1,158.6,1560.499
1639327380000,158.5,158.6,158.1,158.2,636.953
1639327440000,158.1,158.6,158.1,158.5,158.062
1639327500000,158.6,158.8,158.5,158.6,198.561
1639327560000,158.6,158.6,158.1,158.2,306.683
1639327620000,158.2,158.4,158.1,158.4,289.911
1639327680000,158.3,158.5,158.3,158.3,289.455
1639327740000,158.4,158.4,158.3,158.4,25.764
1639327800000,158.3,158.4,158.1,158.3,505.471
1639327860000,158.3,158.3,158.2,158.2,63.551
1639327920000,158.1,158.3,158.1,158.3,35.557
1639327980000,158.3,158.5,158.2,158.4,244.884
1639328040000,158.3,158.4,158.2,158.4,111.608
1639328100000,158.3,158.4,158.3,158.3,65.546
1639328160000,158.3,158.4,158.2,158.3,143.156
1639328220000,158.3,158.3,158.2,158.2,8.573
1639328280000,158.2,158.4,158.2,158.2,118.235
1639328340000,158.3,158.5,158.2,158.4,415.977
1639328400000,158.5,158.6,158.4,158.5,232.752
1639328460000,158.5,158.7,158.4,158.5,478.05
1639328520000,158.6,158.6,158.3,158.6,159.644
1639328580000,158.6,159.9,158.6,159.6,7438.896
1639328640000,159.5,159.9,159.4,159.4,1514.6
1639328700000,159.4,159.7,159.4,159.5,704.906
1639328760000,159.5,159.6,159.0,159.1,627.449
1639328820000,159.1,159.6,159.1,159.5,362.515
1639328880000,159.5,159.6,159.4,159.5,1004.756
1639328940000,159.4,159.6,159.2,159.3,444.788
1639329000000,159.2,159.7,159.2,159.7,282.214
1639329060000,159.6,159.8,159.4,159.7,268.911
1639329120000,159.8,159.8,159.5,159.7,251.894
1639329180000,159.7,159.7,159.5,159.6,378.31
1639329240000,159.6,159.8,159.5,159.7,444.922
1639329300000,159.8,159.9,159.7,159.8,369.952
1639329360000,159.9,160.0,159.8,159.9,985.037
1639329420000,160.0,160.4,159.7,160.2,993.026
1639329480000,160.2,160.3,159.8,160.0,958.313
1639329540000,160.0,160.0,159.8,159.9,481.343
1639329600000,159.9,160.1,159.8,160.0,544.897
1639329660000,159.9,160.1,159.9,160.0,193.478
1639329720000,160.0,160.2,160.0,160.2,367.322
1639329780000,160.2,160.2,159.9,160.0,314.685
1639329840000,160.0,160.1,159.7,159.7,252.516
1639329900000,159.7,159.7,159.6,159.6,447.13
1639329960000,159.7,159.9,159.6,159.7,203.927
1639330020000,159.7,159.8,159.6,159.7,163.072
1639330080000,159.7,159.7,159.5,159.6,239.763
1639330140000,159.5,159.7,159.5,159.5,277.056
1639330200000,159.5,159.7,159.1,159.1,962.692
1639330260000,159.2,159.3,158.9,158.9,861.966
1639330320000,158.9,159.2,158.8,159.1,500.947
1639330380000,159.1,159.1,158.9,159.0,272.114
1639330440000,159.1,159.3,159.1,159.1,191.447
1639330500000,159.1,159.3,158.9,158.9,528.63
1639330560000,158.9,159.0,158.6,158.8,634.219
1639330620000,158.9,158.9,158.7,158.9,304.252
1639330680000,158.9,159.0,158.7,158.8,314.042
1639330740000,158.8,159.1,158.8,159.1,220.06
1639330800000,159.0,159.0,158.8,158.9,247.518
1639330860000,159.0,159.3,158.9,159.2,317.372
1639330920000,159.2,159.3,158.9,159.0,363.397
1639330980000,159.1,159.1,158.8,159.0,193.194
1639331040000,159.0,159.1,158.9,159.0,182.635
1639331100000,159.0,159.2,158.9,158.9,215.477
1639331160000,159.0,159.2,158.8,159.1,328.283
1639331220000,159.1,159.3,159.1,159.2,264.888
1639331280000,159.2,159.4,159.1,159.1,287.041
1639331340000,159.2,159.5,159.2,159.3,278.024
1639331400000,159.3,159.4,159.1,159.2,419.773
1639331460000,159.2,159.2,159.0,159.2,133.965
1639331520000,159.1,159.3,159.0,159.2,498.449
1639331580000,159.2,159.6,159.2,159.4,752.972
1639331640000,159.4,159.4,159.3,159.4,115.427
1639331700000,159.5,159.5,159.1,159.2,457.897
1639331760000,159.3,159.6,159.2,159.5,269.529
1639331820000,159.5,159.6,159.3,159.5,182.905
1639331880000,159.6,159.6,159.3,159.4,514.902
1639331940000,159.5,159.6,159.3,159.4,192.953
1639332000000,159.4,159.9,159.4,159.5,584.623
1639332060000,159.6,160.1,159.6,160.0,809.184
1639332120000,160.0,160.0,159.7,159.9,276.721
1639332180000,159.9,160.4,159.8,160.1,770.988
1639332240000,160.1,160.3,160.0,160.1,353.976
1639332300000,160.1,160.5,160.1,160.1,844.512
1639332360000,160.2,160.4,160.1,160.3,266.515
1639332420000,160.3,160.4,160.1,160.3,465.283
1639332480000,160.3,160.5,160.3,160.4,219.968
1639332540000,160.4,160.6,160.3,160.6,433.983
1639332600000,160.6,161.1,160.5,160.5,1300.186
1639332660000,160.6,160.9,160.5,160.8,422.392
1639332720000,160.8,161.1,160.6,160.9,623.435
1639332780000,160.9,161.1,160.8,160.8,258.291
1639332840000,160.9,161.2,160.9,161.2,1252.453
1639332900000,161.2,161.7,161.1,161.4,1760.626
1639332960000,161.5,161.7,161.2,161.4,823.486
1639333020000,161.5,161.5,161.2,161.5,908.981
1639333080000,161.5,161.6,161.4,161.6,422.345
1639333140000,161.5,161.6,161.3,161.4,315.62
1639333200000,161.4,161.5,161.2,161.2,374.096
1639333260000,161.3,161.6,161.2,161.5,270.163
1639333320000,161.5,161.7,161.5,161.6,340.03
1639333380000,161.5,161.7,161.5,161.7,259.942
1639333440000,161.7,161.7,161.5,161.6,217.728
1639333500000,161.6,161.6,161.3,161.3,872.706
1639333560000,161.4,161.4,161.0,161.2,620.807
1639333620000,161.1,161.4,161.0,161.3,539.131
1639333680000,161.3,161.3,160.9,161.1,381.086
1639333740000,161.1,161.5,161.0,161.2,578.304
1639333800000,161.3,161.5,161.3,161.3,148.338
1639333860000,161.3,161.4,161.2,161.2,158.561
1639333920000,161.3,161.5,161.2,161.3,189.396
1639333980000,161.4,161.5,161.3,161.5,104.186
1639334040000,161.4,161.6,161.2,161.3,276.459
1639334100000,161.3,161.3,161.0,161.1,407.364
1639334160000,161.2,161.2,160.9,161.0,605.259
1639334220000,160.9,160.9,160.6,160.7,587.593
1639334280000,160.7,161.0,160.7,160.9,253.423
1639334340000,161.0,161.0,160.8,160.9,241.852
1639334400000,160.9,161.1,160.9,161.0,131.84
1639334460000,161.0,161.0,160.7,160.9,247.177
1639334520000,160.9,161.0,160.8,160.9,124.756
1639334580000,160.8,160.9,160.7,160.7,52.828
1639334640000,160.7,161.0,160.7,160.9,94.605
1639334700000,161.0,161.0,160.6,160.7,97.95
1639334760000,160.7,160.8,160.5,160.6,778.343
1639334820000,160.5,160.7,160.5,160.7,97.898
1639334880000,160.6,160.9,160.5,160.9,427.273
1639334940000,160.9,161.0,160.8,161.0,697.886
1639335000000,161.0,161.4,161.0,161.2,300.624
1639335060000,161.2,161.6,161.2,161.6,1072.979
1639335120000,161.6,162.9,161.6,162.5,2804.263
1639335180000,162.4,162.5,161.5,161.5,1143.906
1639335240000,161.6,161.8,161.5,161.8,296.289
1639335300000,161.8,161.8,161.2,161.4,692.107
1639335360000,161.4,161.6,161.3,161.6,145.299
1639335420000,161.7,161.9,161.6,161.7,534.602
1639335480000,161.8,161.8,161.4,161.5,303.718
1639335540000,161.4,161.6,161.4,161.5,187.956
1639335600000,161.4,161.6,161.4,161.5,138.868
1639335660000,161.6,162.1,161.5,162.0,219.489
1639335720000,162.0,162.0,161.8,162.0,186.269
1639335780000,161.9,162.1,161.9,162.0,329.368
1639335840000,161.9,162.0,161.8,161.9,144.457
1639335900000,162.0,162.0,161.7,161.7,374.823
1639335960000,161.8,161.9,161.6,161.8,708.308
1639336020000,161.8,161.8,161.6,161.6,216.37
1639336080000,161.6,161.8,161.5,161.7,141.653
1639336140000,161.8,161.9,161.6,161.7,158.928
1639336200000,161.6,161.8,161.5,161.7,215.867
1639336260000,161.7,161.8,161.4,161.5,1000.468
1639336320000,161.4,161.6,161.4,161.5,199.133
1639336380000,161.6,161.6,161.4,161.5,170.611
1639336440000,161.6,161.6,161.5,161.5,110.913
1639336500000,161.4,161.6,161.4,161.6,48.644
1639336560000,161.6,161.6,161.4,161.5,137.649
1639336620000,161.5,161.5,161.3,161.4,85.458
1639336680000,161.4,161.5,161.3,161.4,227.765
1639336740000,161.4,161.5,161.2,161.3,143.159
1639336800000,161.2,161.4,161.2,161.3,164.96
1639336860000,161.3,161.4,161.2,161.3,168.343
1639336920000,161.3,161.4,161.2,161.3,135.315
1639336980000,161.2,161.3,161.1,161.1,206.049
1639337040000,161.1,161.1,161.0,161.0,105.989
1639337100000,161.1,161.1,160.8,160.8,300.892
1639337160000,160.8,160.9,160.6,160.7,191.66
1639337220000,160.7,161.1,160.6,161.0,527.643
1639337280000,161.0,161.1,160.8,160.9,302.003
1639337340000,160.9,161.0,160.8,160.9,107.885
1639337400000,160.9,161.1,160.9,160.9,187.061
1639337460000,160.9,161.2,160.9,161.0,300.96
1639337520000,160.9,161.0,160.8,160.9,169.414
1639337580000,160.9,161.0,160.8,160.9,170.906
1639337640000,160.8,161.0,160.8,160.8,284.099
1639337700000,160.9,161.2,160.9,161.2,444.358
1639337760000,161.1,161.1,161.0,161.0,439.999
1639337820000,161.0,161.1,160.9,161.1,96.988
1639337880000,161.1,161.2,161.0,161.0,165.679
1639337940000,161.1,161.2,161.0,161.1,357.753
1639338000000,161.0,161.2,161.0,161.0,120.968
1639338060000,161.1,161.2,161.0,161.1,116.052
1639338120000,161.2,161.2,160.9,160.9,114.052
1639338180000,160.9,161.0,160.8,160.9,214.337
1639338240000,161.0,161.1,160.9,161.0,151.447
1639338300000,160.9,161.0,160.6,160.7,1080.523
1639338360000,160.6,160.8,160.6,160.7,130.885
1639338420000,160.8,160.9,160.7,160.9,91.817
1639338480000,160.8,160.9,160.7,160.9,151.228
1639338540000,160.8,160.9,160.7,160.8,123.263
1639338600000,160.8,161.0,160.8,160.9,87.685
1639338660000,160.9,161.1,160.9,160.9,641.55
1639338720000,160.9,161.0,160.8,160.8,205.441
1639338780000,160.8,160.9,160.7,160.9,117.322
1639338840000,160.9,160.9,160.7,160.8,72.307
1639338900000,160.8,160.9,160.8,160.8,120.442
1639338960000,160.9,161.0,160.8,160.8,129.71
1639339020000,160.8,160.9,160.7,160.7,261.685
1639339080000,160.8,160.8,160.7,160.8,125.344
1639339140000,160.7,160.8,160.7,160.8,74.131
1639339200000,160.7,160.9,160.7,160.8,542.053
1639339260000,160.7,160.8,160.5,160.7,401.33
1639339320000,160.7,161.1,160.5,161.0,580.821
1639339380000,161.0,161.1,160.9,161.1,264.245
1639339440000,161.0,161.0,160.8,160.8,84.084
1639339500000,160.9,160.9,160.8,160.8,287.136
1639339560000,160.8,161.2,160.7,161.1,5344.366
1639339620000,161.0,161.1,160.9,161.0,295.938
1639339680000,161.0,161.4,161.0,161.3,327.611
1639339740000,161.3,161.4,161.1,161.3,339.81
1639339800000,161.2,161.3,161.2,161.2,165.153
1639339860000,161.2,161.3,161.1,161.2,57.337
1639339920000,161.1,161.2,161.0,161.0,183.989
1639339980000,161.1,161.1,160.9,160.9,294.418
1639340040000,160.9,161.1,160.9,161.0,37.468
1639340100000,161.1,161.2,161.0,161.1,243.871
1639340160000,161.0,161.2,161.0,161.0,59.415
1639340220000,161.0,161.1,160.9,161.0,190.434
1639340280000,161.1,161.1,160.9,160.9,73.19
1639340340000,161.0,161.1,160.9,161.0,70.152
1639340400000,161.0,161.2,161.0,161.1,141.663
1639340460000,161.1,161.2,161.0,161.0,97.779
1639340520000,161.0,161.3,161.0,161.2,119.172
1639340580000,161.3,161.3,161.2,161.2,54.0
1639340640000,161.2,161.2,161.1,161.2,138.802
1639340700000,161.2,161.2,161.0,161.0,424.541
1639340760000,161.1,161.1,161.0,161.1,43.928
1639340820000,161.1,161.2,161.0,161.0,377.254
1639340880000,161.0,161.1,161.0,161.1,69.135
1639340940000,161.0,161.4,161.0,161.2,227.328
1639341000000,161.2,161.4,161.2,161.3,167.45
1639341060000,161.3,161.3,161.1,161.2,181.502
1639341120000,161.2,161.3,161.1,161.1,117.89
1639341180000,161.2,161.4,161.2,161.3,216.919
1639341240000,161.2,161.3,161.1,161.2,193.844
1639341300000,161.1,161.2,161.0,161.0,124.984
1639341360000,161.1,161.1,161.0,161.0,312.468
1639341420000,161.0,161.1,160.8,160.9,656.049
1639341480000,161.0,161.0,160.9,160.9,144.055
1639341540000,160.9,161.0,160.8,160.8,222.35
1639341600000,160.9,160.9,160.7,160.9,305.987
1639341660000,160.9,161.0,160.8,160.9,58.15
1639341720000,161.0,161.1,160.9,161.1,142.556
1639341780000,161.1,161.1,160.8,160.9,188.951
1639341840000,160.9,161.0,160.8,160.9,114.874
1639341900000,160.8,160.9,160.8,160.9,114.828
1639341960000,160.8,161.0,160.8,160.9,71.708
1639342020000,160.9,161.1,160.9,161.0,161.727
1639342080000,161.0,161.0,160.5,160.6,627.722
1639342140000,160.7,160.7,160.6,160.7,102.735
1639342200000,160.7,160.8,160.6,160.6,147.863
1639342260000,160.6,160.7,160.5,160.7,241.289
1639342320000,160.6,160.8,160.6,160.8,40.757
1639342380000,160.7,160.7,160.6,160.7,48.584
1639342440000,160.6,160.8,160.6,160.8,134.384
1639342500000,160.8,160.9,160.6,160.7,155.612
1639342560000,160.6,160.7,160.5,160.7,151.784
1639342620000,160.6,160.7,160.6,160.7,42.792
1639342680000,160.7,160.7,160.4,160.5,243.929
1639342740000,160.5,160.5,160.4,160.5,90.486
1639342800000,160.6,160.6,160.4,160.5,48.108
1639342860000,160.5,160.5,160.3,160.5,521.977
1639342920000,160.4,160.5,160.3,160.3,196.206
1639342980000,160.4,160.4,160.1,160.1,796.477
1639343040000,160.2,160.3,159.9,160.2,590.889
1639343100000,160.3,160.4,160.1,160.2,561.027
1639343160000,160.2,160.4,160.2,160.4,310.978
1639343220000,160.3,160.4,160.3,160.4,40.241
1639343280000,160.3,160.4,160.2,160.3,118.251
1639343340000,160.3,160.3,160.2,160.2,23.964
1639343400000,160.3,160.5,160.2,160.4,363.838
1639343460000,160.3,160.5,160.3,160.4,181.067
1639343520000,160.4,160.6,160.4,160.5,327.331
1639343580000,160.5,160.6,160.4,160.4,81.318
1639343640000,160.4,160.5,160.4,160.5,64.928
1639343700000,160.5,160.9,160.4,160.5,1422.513
1639343760000,160.6,160.7,160.5,160.5,211.44
1639343820000,160.4,160.6,160.4,160.6,103.521
1639343880000,160.6,160.9,160.5,160.8,235.085
1639343940000,160.7,160.8,160.6,160.6,179.545
1639344000000,160.7,160.7,160.5,160.5,97.252
1639344060000,160.6,160.6,160.4,160.5,39.63
1639344120000,160.5,160.5,160.4,160.4,206.433
1639344180000,160.3,160.4,160.3,160.4,47.153
1639344240000,160.4,160.6,160.3,160.6,174.049
1639344300000,160.5,160.6,160.4,160.5,186.767
1639344360000,160.5,160.5,160.3,160.4,133.045
1639344420000,160.3,160.6,160.3,160.5,186.28
1639344480000,160.5,160.5,160.4,160.4,126.083
1639344540000,160.5,160.5,160.3,160.4,146.469
1639344600000,160.4,160.5,160.3,160.5,85.944
1639344660000,160.4,160.5,160.3,160.3,256.851
1639344720000,160.3,160.4,160.3,160.3,10.421
1639344780000,160.3,160.4,160.2,160.3,150.057
1639344840000,160.2,160.4,160.1,160.4,322.728
1639344900000,160.4,160.5,160.3,160.5,132.202
1639344960000,160.4,160.5,160.2,160.2,116.34
1639345020000,160.2,160.3,160.0,160.0,226.646
1639345080000,160.1,160.2,159.9,160.2,867.608
1639345140000,160.2,160.3,160.1,160.2,153.824
1639345200000,160.2,160.2,160.1,160.1,105.01
1639345260000,160.1,160.2,159.9,160.0,1207.16
1639345320000,160.1,160.1,159.6,160.0,703.237
1639345380000,160.0,160.1,159.9,160.0,208.198
1639345440000,159.9,160.2,159.9,160.1,605.064
1639345500000,160.1,160.4,160.0,160.1,325.386
1639345560000,160.2,160.2,160.1,160.1,45.6
1639345620000,160.2,160.2,159.9,160.1,241.858
1639345680000,160.1,160.1,159.9,160.0,254.611
1639345740000,159.9,160.0,159.9,159.9,11.562
1639345800000,160.0,160.2,159.9,160.0,156.635
1639345860000,160.0,160.1,159.9,159.9,234.959
1639345920000,160.0,160.0,159.4,159.7,488.804
1639345980000,159.6,159.7,159.5,159.6,180.685
1639346040000,159.6,159.8,159.6,159.6,310.183
1639346100000,159.7,159.9,159.7,159.8,173.063
1639346160000,159.9,160.0,159.7,159.8,149.845
1639346220000,159.8,159.9,159.7,159.8,118.809
1639346280000,159.9,159.9,159.7,159.8,171.963
1639346340000,159.7,159.9,159.7,159.7,633.434
1639346400000,159.8,160.1,159.7,159.8,224.109
1639346460000,159.8,159.9,159.7,159.8,522.881
1639346520000,159.8,159.8,159.6,159.8,203.144
1639346580000,159.8,159.9,159.7,159.7,258.388
1639346640000,159.7,159.8,159.6,159.8,165.216
1639346700000,159.7,159.9,159.7,159.7,182.715
1639346760000,159.7,159.8,159.6,159.8,170.37
1639346820000,159.7,159.9,159.7,159.8,61.697
1639346880000,159.9,160.0,159.8,159.9,192.715
1639346940000,159.9,160.0,159.8,159.9,85.37
1639347000000,159.8,160.0,159.8,160.0,358.565
1639347060000,160.0,160.1,159.9,160.1,143.312
1639347120000,160.1,160.1,159.9,160.0,295.845
1639347180000,160.0,160.1,159.9,160.0,278.032
1639347240000,160.0,160.1,159.9,160.0,72.386
1639347300000,159.9,160.0,159.8,159.8,146.786
1639347360000,159.9,160.1,159.8,160.0,305.448
1639347420000,159.9,160.1,159.9,160.1,153.363
1639347480000,160.0,160.0,159.8,159.9,401.721
1639347540000,160.0,160.2,160.0,160.2,92.381
1639347600000,160.1,160.1,159.8,159.9,130.895
1639347660000,159.8,159.9,159.8,159.9,66.23
1639347720000,159.8,159.9,159.7,159.8,16.106
1639347780000,159.8,159.8,159.6,159.7,136.538
1639347840000,159.7,159.9,159.7,159.9,233.701
1639347900000,159.9,160.1,159.8,160.0,258.264
1639347960000,160.0,160.0,159.8,159.9,59.438
1639348020000,159.9,160.0,159.8,159.9,71.313
1639348080000,159.8,160.0,159.8,160.0,204.713
1639348140000,160.0,160.0,159.9,160.0,106.858
1639348200000,160.0,160.0,159.9,160.0,95.658
1639348260000,160.0,160.1,160.0,160.1,12.336
1639348320000,160.0,160.1,159.9,160.1,86.577
1639348380000,160.1,160.1,160.0,160.0,8.907
1639348440000,160.0,160.1,159.8,159.8,37.249
1639348500000,159.8,160.0,159.8,160.0,76.112
1639348560000,159.9,160.0,159.9,160.0,10.246
1639348620000,160.0,160.0,159.9,159.9,8.271
1639348680000,159.9,160.0,159.9,159.9,12.684
1639348740000,160.0,160.0,159.9,160.0,15.675
1639348800000,160.0,160.0,159.9,160.0,15.047
1639348860000,159.9,160.0,159.9,159.9,14.444
1639348920000,160.0,160.0,159.9,159.9,41.157
1639348980000,160.0,160.0,159.9,160.0,20.514
1639349040000,160.0,160.2,159.9,160.2,539.766
1639349100000,160.2,160.2,160.1,160.2,50.618
1639349160000,160.2,160.2,160.1,160.1,178.173
1639349220000,160.1,160.3,160.1,160.2,71.817
1639349280000,160.3,160.4,160.2,160.4,49.085
1639349340000,160.3,160.3,160.0,160.2,906.296
1639349400000,160.2,160.3,160.1,160.3,102.238
1639349460000,160.3,160.3,160.2,160.3,34.249
1639349520000,160.3,160.3,160.2,160.3,27.144
1639349580000,160.3,160.3,159.9,160.0,182.065
1639349640000,160.0,160.2,159.9,159.9,624.542
1639349700000,159.9,160.0,159.9,160.0,40.799
1639349760000,160.0,160.0,159.9,160.0,163.677
1639349820000,159.9,160.0,159.9,159.9,328.112
1639349880000,159.9,160.3,159.9,160.1,224.303
1639349940000,160.2,160.4,160.1,160.3,113.012
1639350000000,160.4,160.6,160.3,160.4,326.125
1639350060000,160.5,160.5,160.4,160.5,54.792
1639350120000,160.4,160.6,160.3,160.4,669.61
1639350180000,160.3,160.4,160.2,160.3,207.852
1639350240000,160.3,160.3,160.1,160.3,299.285
1639350300000,160.3,160.6,160.2,160.4,737.825
1639350360000,160.5,160.6,160.4,160.5,327.151
1639350420000,160.5,160.7,160.5,160.5,225.132
1639350480000,160.5,160.6,160.3,160.4,473.968
1639350540000,160.4,160.6,160.3,160.5,94.797
1639350600000,160.5,160.6,160.4,160.5,319.703
1639350660000,160.5,160.6,160.4,160.5,100.952
1639350720000,160.5,160.5,160.3,160.4,111.583
1639350780000,160.3,160.3,160.2,160.2,77.341
1639350840000,160.1,160.2,160.0,160.2,236.217
1639350900000,160.1,160.1,160.0,160.0,174.39
1639350960000,160.0,160.1,160.0,160.1,112.577
1639351020000,160.1,160.1,160.0,160.0,42.878
1639351080000,160.0,160.4,160.0,160.2,386.234
1639351140000,160.2,160.3,160.1,160.2,135.964
1639351200000,160.2,160.2,160.1,160.2,57.736
1639351260000,160.2,160.2,160.0,160.0,78.707
1639351320000,160.0,160.1,159.9,160.0,363.05
1639351380000,160.0,160.1,160.0,160.0,181.985
1639351440000,160.0,160.1,159.9,160.0,99.284
1639351500000,159.9,160.0,159.9,159.9,6.682
1639351560000,160.0,160.1,159.9,160.0,423.023
1639351620000,159.9,160.1,159.9,160.0,98.653
1639351680000,160.1,160.2,159.9,159.9,384.105
1639351740000,159.9,160.1,159.9,159.9,291.093
1639351800000,159.9,160.1,159.8,159.9,280.835
1639351860000,159.9,160.0,159.8,159.9,487.419
1639351920000,160.0,160.0,159.7,159.8,441.226
1639351980000,159.7,159.8,159.5,159.7,309.942
1639352040000,159.6,159.7,159.3,159.4,420.179
1639352100000,159.5,159.7,159.5,159.6,458.344
1639352160000,159.6,159.6,159.5,159.6,31.879
1639352220000,159.6,159.6,159.5,159.5,214.029
1639352280000,159.6,159.6,158.9,159.0,814.878
1639352340000,159.1,159.2,158.8,159.0,492.113
1639352400000,159.1,159.3,159.1,159.1,211.516
1639352460000,159.2,159.2,158.9,158.9,179.98
1639352520000,159.0,159.0,158.6,158.8,320.015
1639352580000,158.9,159.0,158.8,158.9,727.686
1639352640000,158.8,159.0,158.8,158.9,269.939
1639352700000,158.9,159.1,158.7,158.7,693.333
1639352760000,158.9,158.9,158.5,158.7,1090.232
1639352820000,158.6,158.9,158.6,158.8,277.968
1639352880000,158.8,158.9,158.7,158.9,202.286
1639352940000,158.9,158.9,158.8,158.9,288.892
1639353000000,158.9,159.1,158.9,158.9,137.554
1639353060000,159.0,159.4,159.0,159.3,759.227
1639353120000,159.2,159.2,159.0,159.0,534.228
1639353180000,159.0,159.2,159.0,159.1,264.083
1639353240000,159.2,159.2,159.0,159.0,196.445
1639353300000,159.1,159.1,158.9,158.9,177.781
1639353360000,158.9,159.0,158.8,158.9,853.655
1639353420000,158.9,159.0,158.8,159.0,85.567
1639353480000,159.0,159.1,158.9,159.1,213.133
1639353540000,159.0,159.1,159.0,159.0,46.53
1639353600000,158.9,159.0,158.8,159.0,229.112
1639353660000,159.0,159.4,159.0,159.4,288.245
1639353720000,159.3,159.7,159.3,159.5,1019.814
1639353780000,159.5,159.7,159.3,159.5,723.482
1639353840000,159.6,159.7,159.5,159.6,88.869
1639353900000,159.6,159.8,159.4,159.6,309.766
1639353960000,159.6,159.7,159.5,159.6,141.858
1639354020000,159.6,159.6,159.4,159.5,197.517
1639354080000,159.6,159.9,159.5,159.8,91.721
1639354140000,159.8,159.9,159.5,159.5,227.924
1639354200000,159.6,159.8,159.4,159.5,233.616
1639354260000,159.5,159.6,159.5,159.6,38.702
1639354320000,159.6,159.7,159.5,159.5,692.53
1639354380000,159.6,159.7,159.5,159.6,71.838
1639354440000,159.6,159.8,159.6,159.8,70.131
1639354500000,159.7,159.9,159.6,159.6,368.114
1639354560000,159.6,159.8,159.3,159.3,273.221
1639354620000,159.2,159.3,159.1,159.2,233.147
1639354680000,159.2,159.4,159.1,159.4,160.971
1639354740000,159.4,159.5,159.4,159.4,171.594
1639354800000,159.4,159.5,159.2,159.2,133.765
1639354860000,159.2,159.2,158.9,159.1,198.03
1639354920000,159.1,159.2,159.0,159.2,33.796
1639354980000,159.2,159.3,158.4,158.6,1234.412
1639355040000,158.6,159.0,158.6,158.9,421.442
1639355100000,158.8,158.8,158.6,158.6,196.097
1639355160000,158.6,158.7,158.0,158.2,1589.911
1639355220000,158.2,158.4,158.1,158.4,305.656
1639355280000,158.4,158.6,158.2,158.6,173.832
1639355340000,158.6,158.9,158.6,158.8,354.756
1639355400000,158.8,158.9,158.5,158.7,491.201
1639355460000,158.7,158.8,158.5,158.6,290.765
1639355520000,158.7,158.8,158.5,158.8,89.283
1639355580000,158.7,158.9,158.6,158.8,138.153
1639355640000,158.7,158.9,158.7,158.9,70.059
1639355700000,158.8,158.9,158.6,158.6,392.188
1639355760000,158.7,158.7,158.4,158.5,490.886
1639355820000,158.5,158.5,158.3,158.5,307.055
1639355880000,158.5,158.5,158.0,158.2,950.959
1639355940000,158.2,158.5,158.1,158.5,331.29
1639356000000,158.5,158.5,158.2,158.3,131.971
1639356060000,158.2,158.6,158.2,158.6,321.014
1639356120000,158.5,158.7,158.5,158.7,522.87
1639356180000,158.7,158.9,158.7,158.9,59.276
1639356240000,158.9,158.9,158.6,158.7,100.614
1639356300000,158.7,159.0,158.7,158.7,203.602
1639356360000,158.7,158.8,158.6,158.7,154.032
1639356420000,158.7,158.7,158.4,158.4,99.958
1639356480000,158.4,158.7,158.4,158.6,218.033
1639356540000,158.6,158.8,158.6,158.7,95.068
1639356600000,158.7,158.7,158.5,158.6,302.634
1639356660000,158.6,158.8,158.6,158.8,128.108
1639356720000,158.8,158.8,158.6,158.6,375.394
1639356780000,158.7,158.7,158.4,158.5,307.136
1639356840000,158.5,158.6,158.1,158.1,709.324
1639356900000,158.1,158.4,157.4,157.7,5028.08
1639356960000,157.7,157.9,157.5,157.5,499.113
1639357020000,157.6,157.8,157.5,157.6,770.181
1639357080000,157.7,157.9,157.6,157.7,527.337
1639357140000,157.8,157.8,157.7,157.8,354.86
1639357200000,157.8,157.8,157.3,157.4,501.563
1639357260000,157.4,157.5,156.9,157.3,1298.416
1639357320000,157.3,157.5,157.1,157.1,690.209
1639357380000,157.1,157.2,157.0,157.2,219.675
1639357440000,157.3,157.6,157.2,157.6,429.531
1639357500000,157.5,157.8,157.3,157.6,752.801
1639357560000,157.6,157.6,157.3,157.4,214.922
1639357620000,157.4,157.5,157.0,157.1,388.286
1639357680000,157.2,157.3,157.1,157.3,94.14
1639357740000,157.2,157.4,156.8,156.9,648.06
1639357800000,156.9,157.0,156.1,156.4,2762.265
1639357860000,156.4,156.8,156.4,156.5,894.186
1639357920000,156.5,156.8,156.4,156.4,528.92
1639357980000,156.4,156.5,156.3,156.3,472.249
1639358040000,156.4,156.4,155.6,156.2,1171.172
1639358100000,156.1,156.2,155.7,156.0,654.016
1639358160000,156.0,156.2,155.9,156.2,375.66
1639358220000,156.2,156.6,156.1,156.5,667.668
1639358280000,156.5,156.9,156.5,156.7,654.634
1639358340000,156.7,156.9,156.6,156.7,449.369
1639358400000,156.6,156.7,156.4,156.6,393.106
1639358460000,156.6,156.7,156.2,156.3,621.399
1639358520000,156.3,156.5,156.3,156.5,149.916
1639358580000,156.5,156.6,156.4,156.5,231.709
1639358640000,156.5,156.6,156.4,156.4,285.323
1639358700000,156.4,156.6,156.4,156.5,204.154
1639358760000,156.4,156.6,156.1,156.1,192.193
1639358820000,156.1,156.3,156.1,156.1,261.349
1639358880000,156.1,156.1,155.5,155.7,477.174
1639358940000,155.7,156.1,155.6,156.1,705.577
1639359000000,156.0,156.1,155.8,155.8,303.633
1639359060000,155.8,156.1,155.6,156.1,596.192
1639359120000,156.0,156.1,155.9,156.0,124.979
1639359180000,156.1,156.4,156.1,156.2,648.941
1639359240000,156.2,156.2,155.9,156.0,473.697
1639359300000,155.9,156.2,155.9,156.2,185.439
1639359360000,156.2,156.4,156.1,156.3,207.991
1639359420000,156.3,156.3,156.1,156.1,203.057
1639359480000,156.1,156.2,156.0,156.1,205.991
1639359540000,156.1,156.1,155.7,155.7,583.187
1639359600000,155.7,155.8,155.5,155.6,647.447
1639359660000,155.6,155.6,154.9,154.9,3914.999
1639359720000,154.8,155.1,154.8,155.1,647.551
1639359780000,155.1,155.4,155.0,155.4,740.13
1639359840000,155.4,155.5,155.2,155.4,600.814
1639359900000,155.4,155.5,155.2,155.5,1269.71
1639359960000,155.5,155.7,155.4,155.5,567.504
1639360020000,155.6,155.8,155.6,155.6,197.322
1639360080000,155.6,155.6,155.2,155.4,295.933
1639360140000,155.3,155.4,155.3,155.3,78.523
1639360200000,155.4,155.6,155.3,155.5,253.973
1639360260000,155.4,155.5,155.1,155.2,426.903
1639360320000,155.1,155.2,155.1,155.2,42.868
1639360380000,155.1,155.2,155.1,155.1,98.879
1639360440000,155.1,155.1,154.0,154.3,1709.724
1639360500000,154.3,154.8,154.2,154.7,891.616
1639360560000,154.6,155.1,154.6,154.8,837.496
1639360620000,154.8,155.0,154.6,154.7,282.761
1639360680000,154.7,154.9,154.6,154.9,235.471
1639360740000,154.9,154.9,154.3,154.3,485.838
1639360800000,154.3,154.8,154.2,154.6,1643.86
1639360860000,154.7,155.1,154.6,155.0,584.983
1639360920000,155.0,155.3,154.9,155.1,918.197
1639360980000,155.1,155.4,154.9,155.0,1326.213
1639361040000,154.9,155.0,154.6,154.7,459.268
1639361100000,154.7,155.1,154.7,155.1,222.873
1639361160000,155.1,155.3,155.0,155.3,408.381
1639361220000,155.3,155.3,155.0,155.2,222.878
1639361280000,155.2,155.2,155.1,155.1,201.468
1639361340000,155.2,155.2,155.0,155.0,545.996
1639361400000,155.1,155.1,154.8,154.8,40.405
1639361460000,154.8,155.0,154.8,154.9,126.952
1639361520000,154.9,155.0,154.8,155.0,80.35
1639361580000,155.0,155.0,154.8,154.9,190.179
1639361640000,154.8,154.9,154.6,154.9,184.107
1639361700000,154.8,155.0,154.7,154.8,288.416
1639361760000,154.7,154.9,154.4,154.5,526.244
1639361820000,154.4,154.6,154.4,154.4,329.843
1639361880000,154.4,154.7,154.4,154.7,402.447
1639361940000,154.7,154.9,154.6,154.7,1102.186
1639362000000,154.7,154.8,154.7,154.8,92.124
1639362060000,154.8,154.9,154.7,154.7,208.01
1639362120000,154.7,154.8,154.6,154.7,220.536
1639362180000,154.7,154.8,154.5,154.5,86.493
1639362240000,154.5,154.5,154.3,154.5,296.559
1639362300000,154.5,154.5,154.3,154.4,319.611
1639362360000,154.4,154.5,153.9,153.9,997.716
1639362420000,153.9,154.3,153.8,154.2,474.725
1639362480000,154.1,154.4,154.0,154.3,565.121
1639362540000,154.2,154.2,154.0,154.1,190.265
1639362600000,154.2,154.2,153.9,154.1,186.007
1639362660000,154.1,154.3,154.0,154.1,351.27
1639362720000,154.0,154.0,153.7,153.8,242.412
1639362780000,153.8,153.8,153.6,153.7,296.042
1639362840000,153.7,153.9,153.6,153.7,487.83
1639362900000,153.8,153.8,153.1,153.2,1629.245
1639362960000,153.1,153.5,153.0,153.5,1026.854
1639363020000,153.5,153.7,153.4,153.6,301.406
1639363080000,153.6,153.9,153.5,153.9,447.307
1639363140000,153.9,154.1,153.8,153.8,1259.921
1639363200000,153.8,154.0,153.8,153.9,205.579
1639363260000,153.8,154.1,153.7,154.0,242.867
1639363320000,154.0,154.0,153.7,153.8,219.665
1639363380000,153.8,153.8,153.5,153.8,221.374
1639363440000,153.8,153.8,153.7,153.7,143.032
1639363500000,153.7,153.8,153.6,153.7,154.172
1639363560000,153.7,153.9,153.5,153.5,363.188
1639363620000,153.6,153.6,153.4,153.5,255.85
1639363680000,153.4,153.6,153.4,153.6,145.127
1639363740000,153.6,153.6,153.3,153.3,209.631
1639363800000,153.3,153.5,153.2,153.3,488.686
1639363860000,153.3,153.4,153.2,153.2,100.964
1639363920000,153.3,153.5,153.2,153.4,447.501
1639363980000,153.4,153.5,153.3,153.5,54.371
1639364040000,153.4,153.6,153.3,153.5,357.252
1639364100000,153.6,153.7,153.4,153.5,931.705
1639364160000,153.4,153.5,153.3,153.4,278.162
1639364220000,153.4,153.5,152.9,153.1,2363.623
1639364280000,153.1,153.5,153.0,153.3,410.022
1639364340000,153.3,153.4,153.0,153.1,608.312
1639364400000,153.1,153.1,152.8,153.0,297.792
1639364460000,153.0,153.4,152.8,153.2,969.364
1639364520000,153.1,153.4,153.1,153.2,154.932
1639364580000,153.2,153.2,152.9,153.1,170.621
1639364640000,153.1,153.3,153.1,153.2,526.834
1639364700000,153.3,153.4,153.2,153.4,170.277
1639364760000,153.3,153.5,153.3,153.4,163.506
1639364820000,153.4,153.5,153.3,153.4,204.177
1639364880000,153.3,153.6,153.3,153.6,228.346
1639364940000,153.7,153.8,153.6,153.6,202.256
1639365000000,153.6,153.7,153.4,153.7,144.204
1639365060000,153.7,153.8,153.5,153.5,319.72
1639365120000,153.6,153.8,153.5,153.8,194.141
1639365180000,153.8,154.1,153.7,154.0,506.969
1639365240000,154.0,154.0,153.7,153.8,391.079
1639365300000,153.8,154.0,153.6,154.0,273.144
1639365360000,153.9,154.0,153.8,154.0,426.142
1639365420000,153.9,153.9,153.7,153.8,217.285
1639365480000,153.8,153.8,153.5,153.6,563.154
1639365540000,153.6,153.8,153.6,153.6,215.232
1639365600000,153.7,153.9,153.6,153.9,343.062
1639365660000,153.8,153.9,153.7,153.9,169.147
1639365720000,153.9,154.0,153.8,154.0,172.998
1639365780000,153.9,154.1,153.9,154.0,124.379
1639365840000,154.1,154.2,153.9,154.1,772.913
1639365900000,154.1,154.3,154.0,154.0,316.696
1639365960000,154.0,154.3,153.8,154.2,1165.896
1639366020000,154.2,154.3,154.1,154.1,149.822
1639366080000,154.2,154.2,154.0,154.0,154.95
1639366140000,154.0,154.3,153.9,154.3,286.875
1639366200000,154.3,154.3,154.0,154.1,79.948
1639366260000,154.0,154.4,154.0,154.2,1257.376
1639366320000,154.3,154.3,154.2,154.3,146.827
1639366380000,154.3,154.4,154.3,154.4,154.329
1639366440000,154.3,154.3,154.2,154.3,190.439
1639366500000,154.2,154.2,154.0,154.1,371.348
1639366560000,154.1,154.3,154.0,154.1,167.512
1639366620000,154.0,154.3,153.9,154.2,145.465
1639366680000,154.2,154.3,154.1,154.2,147.03
1639366740000,154.2,154.5,154.1,154.5,210.549
1639366800000,154.4,154.5,154.3,154.3,121.948
1639366860000,154.3,154.4,154.2,154.3,192.207
1639366920000,154.3,154.4,154.2,154.2,44.364
1639366980000,154.3,154.4,154.3,154.4,145.153
1639367040000,154.4,154.8,154.3,154.7,790.186
1639367100000,154.6,154.7,154.5,154.6,120.165
1639367160000,154.6,154.6,154.5,154.6,50.74
1639367220000,154.6,154.6,154.4,154.5,149.888
1639367280000,154.6,154.7,154.5,154.5,757.3
1639367340000,154.5,154.8,154.5,154.7,220.712
1639367400000,154.7,154.7,154.5,154.6,138.59
1639367460000,154.6,154.6,154.4,154.5,92.438
1639367520000,154.5,154.5,154.4,154.4,294.229
1639367580000,154.4,154.5,154.4,154.5,287.117
1639367640000,154.4,154.5,154.3,154.4,233.037
1639367700000,154.5,154.5,154.3,154.5,206.386
1639367760000,154.4,154.5,154.3,154.3,29.721
1639367820000,154.3,154.5,154.3,154.5,41.619
1639367880000,154.4,154.5,154.4,154.4,130.028
1639367940000,154.4,154.4,154.1,154.2,328.749
1639368000000,154.1,154.2,154.0,154.1,237.038
1639368060000,154.0,154.0,153.9,154.0,135.318
1639368120000,153.9,153.9,153.4,153.5,1814.405
1639368180000,153.5,153.7,153.5,153.5,230.016
1639368240000,153.5,153.7,153.5,153.7,171.712
1639368300000,153.7,153.9,153.6,153.7,111.85
1639368360000,153.8,153.8,153.7,153.8,229.58
1639368420000,153.7,153.8,153.6,153.7,654.882
1639368480000,153.7,153.7,153.5,153.6,152.875
1639368540000,153.7,153.8,153.6,153.8,479.893
1639368600000,153.8,153.8,153.6,153.7,110.949
1639368660000,153.7,153.9,153.7,153.8,133.91
1639368720000,153.8,153.9,153.7,153.8,124.735
1639368780000,153.9,154.2,153.9,154.1,460.79
1639368840000,154.1,154.4,154.1,154.3,492.775
1639368900000,154.4,154.5,154.1,154.2,307.009
1639368960000,154.2,154.2,154.0,154.0,107.023
1639369020000,154.0,154.2,154.0,154.2,124.437
1639369080000,154.2,154.3,154.0,154.0,326.683
1639369140000,154.0,154.1,153.9,154.1,111.477
1639369200000,154.0,154.2,154.0,154.1,89.016
1639369260000,154.2,154.4,154.1,154.1,145.906
1639369320000,154.2,154.5,154.2,154.5,113.485
1639369380000,154.4,154.5,154.3,154.3,396.329
1639369440000,154.3,154.4,154.2,154.4,93.237
1639369500000,154.3,154.4,154.2,154.3,44.731
1639369560000,154.4,154.5,154.3,154.3,266.45
1639369620000,154.2,154.4,154.2,154.4,96.493
1639369680000,154.4,154.5,154.3,154.3,90.182
1639369740000,154.3,154.4,154.3,154.3,150.978
1639369800000,154.3,154.3,154.1,154.1,323.497
1639369860000,154.1,154.3,154.1,154.3,183.264
1639369920000,154.3,154.4,154.3,154.4,78.018
1639369980000,154.4,154.5,154.3,154.5,147.484
1639370040000,154.4,154.6,154.4,154.4,140.803
1639370100000,154.4,154.4,154.3,154.4,64.359
1639370160000,154.4,154.8,154.4,154.8,221.398
1639370220000,154.7,154.8,154.5,154.6,354.699
1639370280000,154.5,154.8,154.5,154.6,105.24
1639370340000,154.6,154.7,154.5,154.5,208.363
1639370400000,154.6,154.6,154.4,154.4,128.25
1639370460000,154.5,154.6,154.4,154.5,119.724
1639370520000,154.5,154.6,154.5,154.5,49.335
1639370580000,154.5,154.8,154.5,154.8,193.556
1639370640000,154.7,155.0,154.7,154.9,414.603
1639370700000,154.8,154.8,154.6,154.6,339.658
1639370760000,154.7,154.7,154.6,154.7,26.517
1639370820000,154.7,154.7,154.6,154.6,159.53
1639370880000,154.6,154.6,154.5,154.6,208.589
1639370940000,154.6,154.9,154.6,154.9,510.965
1639371000000,154.8,154.9,154.7,154.8,78.403
1639371060000,154.8,154.8,154.7,154.8,1228.115
1639371120000,154.8,154.8,154.7,154.8,17.162
1639371180000,154.7,154.9,154.7,154.8,104.535
1639371240000,154.8,155.2,154.8,155.1,552.981
1639371300000,155.2,155.3,154.9,155.2,944.502
1639371360000,155.1,155.2,155.0,155.0,180.313
1639371420000,155.1,155.2,155.0,155.1,310.962
1639371480000,155.1,155.3,154.9,154.9,828.095
1639371540000,155.0,155.0,154.9,154.9,29.215
1639371600000,154.9,155.0,154.8,154.8,43.076
1639371660000,154.8,155.0,154.8,154.9,389.019
1639371720000,154.9,154.9,154.7,154.8,122.73
1639371780000,154.8,155.0,154.8,155.0,121.761
1639371840000,154.9,155.0,154.9,155.0,97.138
1639371900000,154.9,154.9,154.8,154.8,141.36
1639371960000,154.8,154.9,154.8,154.9,214.661
1639372020000,154.9,155.0,154.8,155.0,126.13
1639372080000,155.0,155.3,155.0,155.2,231.938
1639372140000,155.3,155.3,155.1,155.2,119.474
1639372200000,155.1,155.2,155.0,155.1,107.701
1639372260000,155.1,155.2,155.1,155.1,192.201
1639372320000,155.1,155.1,155.0,155.0,3.653
1639372380000,155.0,155.2,154.9,155.1,523.544
1639372440000,155.1,155.1,155.1,155.1,11.154
1639372500000,155.1,155.1,154.8,154.8,456.099
1639372560000,154.9,155.1,154.9,155.0,179.8
1639372620000,155.0,155.2,155.0,155.1,301.708
1639372680000,155.2,155.2,155.1,155.2,149.219
1639372740000,155.2,155.5,155.2,155.4,206.199
1639372800000,155.4,155.4,155.1,155.2,236.887
1639372860000,155.2,155.3,155.1,155.2,274.32
1639372920000,155.1,155.2,155.0,155.1,184.447
1639372980000,155.0,155.1,154.9,155.0,209.641
1639373040000,154.9,154.9,154.7,154.8,167.558
1639373100000,154.8,154.8,154.6,154.6,545.823
1639373160000,154.6,154.8,154.6,154.8,186.473
1639373220000,154.9,154.9,154.5,154.6,177.071
1639373280000,154.5,154.6,154.4,154.5,288.803
1639373340000,154.5,154.6,154.5,154.5,238.76
1639373400000,154.5,154.5,154.3,154.3,261.26
1639373460000,154.2,154.2,154.0,154.1,479.886
1639373520000,154.2,154.3,154.1,154.1,231.468
1639373580000,154.2,154.3,154.2,154.3,13.474
1639373640000,154.3,154.6,154.3,154.5,142.562
1639373700000,154.5,154.6,154.4,154.6,89.013
1639373760000,154.5,154.7,154.5,154.6,191.746
1639373820000,154.7,154.7,154.6,154.7,60.939
1639373880000,154.6,154.7,154.4,154.4,283.146
1639373940000,154.4,154.8,154.4,154.8,250.772
1639374000000,154.7,154.8,154.7,154.8,103.357
1639374060000,154.9,154.9,154.8,154.8,26.844
1639374120000,154.9,154.9,154.8,154.9,29.171
1639374180000,154.8,155.1,154.8,155.1,200.844
1639374240000,155.1,155.2,155.0,155.1,435.847
1639374300000,155.0,155.4,155.0,155.4,313.55
1639374360000,155.4,155.5,155.3,155.4,61.724
1639374420000,155.5,155.5,155.4,155.5,246.635
1639374480000,155.5,155.9,155.3,155.8,2144.419
1639374540000,155.7,155.8,155.5,155.6,506.127
1639374600000,155.6,155.8,155.5,155.7,392.456
1639374660000,155.8,156.0,155.6,155.8,442.087
1639374720000,155.8,155.8,155.6,155.7,47.664
1639374780000,155.8,155.9,155.7,155.8,151.236
1639374840000,155.8,155.8,155.7,155.8,68.459
1639374900000,155.7,155.8,155.7,155.7,62.759
1639374960000,155.7,155.9,155.7,155.7,72.951
1639375020000,155.8,155.9,155.6,155.9,386.002
1639375080000,155.9,155.9,155.7,155.8,419.714
1639375140000,155.8,155.8,155.7,155.7,32.496
1639375200000,155.7,155.7,155.4,155.6,293.163
1639375260000,155.5,155.8,155.5,155.6,320.956
1639375320000,155.6,155.7,155.5,155.6,98.199
1639375380000,155.6,155.6,155.4,155.4,138.805
1639375440000,155.5,155.8,155.4,155.8,166.171
1639375500000,155.7,155.7,155.5,155.5,61.926
1639375560000,155.6,155.7,155.6,155.7,173.182
1639375620000,155.7,155.7,155.5,155.6,364.041
1639375680000,155.6,155.8,155.6,155.6,88.456
1639375740000,155.7,155.8,155.6,155.6,90.301
1639375800000,155.7,155.8,155.6,155.6,790.746
1639375860000,155.5,155.6,155.4,155.4,271.91
1639375920000,155.4,155.4,155.3,155.3,38.129
1639375980000,155.3,155.5,155.2,155.3,210.026
1639376040000,155.3,155.4,155.2,155.4,103.81
1639376100000,155.4,155.4,155.2,155.3,139.612
1639376160000,155.3,155.6,155.2,155.5,138.039
1639376220000,155.5,155.7,155.5,155.7,116.042
1639376280000,155.7,155.7,155.4,155.6,136.361
1639376340000,155.5,155.5,155.4,155.4,33.35
1639376400000,155.4,155.4,155.2,155.2,127.177
1639376460000,155.2,155.2,155.0,155.2,258.479
1639376520000,155.2,155.2,155.0,155.0,116.231
1639376580000,155.0,155.1,154.8,154.9,160.929
1639376640000,154.9,155.1,154.8,155.1,95.947
1639376700000,155.1,155.2,155.0,155.1,94.584
1639376760000,155.1,155.1,155.0,155.1,93.8
1639376820000,155.2,155.3,155.1,155.1,78.507
1639376880000,155.1,155.2,154.7,154.7,586.15
1639376940000,154.8,154.9,154.5,154.7,264.617
1639377000000,154.8,154.9,154.6,154.7,263.56
1639377060000,154.6,154.6,154.2,154.3,413.8
1639377120000,154.4,154.5,154.2,154.5,659.614
1639377180000,154.6,154.6,154.4,154.4,170.662
1639377240000,154.4,154.7,154.4,154.7,107.817
1639377300000,154.7,154.9,154.7,154.7,89.619
1639377360000,154.7,154.9,154.6,154.9,184.793
1639377420000,154.9,155.0,154.8,155.0,122.137
1639377480000,154.9,155.2,154.9,155.0,1500.438
1639377540000,155.0,155.1,154.9,154.9,103.742
1639377600000,155.0,155.2,154.9,155.2,92.73
1639377660000,155.2,155.2,154.8,154.9,420.652
1639377720000,154.9,154.9,154.8,154.9,23.393
1639377780000,154.8,154.9,154.8,154.9,18.36
1639377840000,154.9,155.1,154.8,155.0,256.303
1639377900000,154.9,154.9,154.8,154.9,104.883
1639377960000,154.9,154.9,154.6,154.6,384.661
1639378020000,154.6,154.7,154.6,154.6,79.44
1639378080000,154.6,154.7,154.6,154.7,16.316
1639378140000,154.6,154.8,154.6,154.6,86.178
1639378200000,154.7,154.7,154.5,154.6,261.465
1639378260000,154.6,154.7,154.5,154.6,51.8
1639378320000,154.5,154.9,154.5,154.7,259.674
1639378380000,154.7,154.8,154.5,154.6,300.717
1639378440000,154.6,154.6,154.4,154.5,157.601
1639378500000,154.4,154.6,154.4,154.4,109.583
1639378560000,154.4,154.5,154.3,154.3,344.146
1639378620000,154.3,154.4,153.7,153.8,655.954
1639378680000,153.9,154.1,153.9,154.0,208.814
1639378740000,154.0,154.3,154.0,154.1,194.585
1639378800000,154.1,154.1,153.9,154.1,103.847
1639378860000,154.2,154.5,154.1,154.5,439.164
1639378920000,154.5,154.6,154.4,154.4,261.753
1639378980000,154.4,154.4,154.2,154.2,104.742
1639379040000,154.3,154.3,154.2,154.3,130.774
1639379100000,154.4,154.4,154.0,154.1,189.463
1639379160000,154.0,154.1,153.9,153.9,92.628
1639379220000,153.9,154.2,153.9,154.0,713.768
1639379280000,154.0,154.0,153.6,153.6,718.597
1639379340000,153.7,153.9,153.6,153.8,632.384
1639379400000,153.7,153.7,153.3,153.5,905.286
1639379460000,153.5,153.6,153.5,153.6,148.82
1639379520000,153.6,153.7,153.5,153.5,139.0
1639379580000,153.5,153.7,153.4,153.4,237.122
1639379640000,153.4,153.5,153.4,153.4,652.778
1639379700000,153.5,153.7,153.4,153.7,1317.503
1639379760000,153.7,154.0,153.7,154.0,202.464
1639379820000,153.9,154.1,153.9,154.0,73.404
1639379880000,153.9,154.1,153.9,154.1,96.945
1639379940000,154.1,154.2,153.8,153.8,372.73
1639380000000,153.8,154.1,153.8,154.0,99.892
1639380060000,154.0,154.2,154.0,154.2,171.288
1639380120000,154.2,154.4,154.1,154.2,224.071
1639380180000,154.1,154.2,154.0,154.1,250.45
1639380240000,154.1,154.1,153.9,153.9,120.987
1639380300000,154.0,154.2,153.9,154.1,763.362
1639380360000,154.1,154.1,153.8,153.8,341.124
1639380420000,153.8,154.2,153.8,154.2,103.756
1639380480000,154.1,154.3,154.0,154.3,266.988
1639380540000,154.4,154.4,154.2,154.3,239.46
1639380600000,154.2,154.3,154.1,154.2,190.702
1639380660000,154.2,154.8,154.2,154.6,653.527
1639380720000,154.5,154.6,154.4,154.6,223.114
1639380780000,154.5,154.6,154.4,154.6,128.981
1639380840000,154.6,155.0,154.6,154.6,252.521
1639380900000,154.7,154.8,154.6,154.6,127.342
1639380960000,154.7,154.7,154.4,154.4,308.125
1639381020000,154.4,154.5,154.3,154.4,157.102
1639381080000,154.4,154.4,154.2,154.3,108.443
1639381140000,154.3,154.3,154.1,154.2,178.41
1639381200000,154.2,154.2,154.0,154.0,73.225
1639381260000,154.1,154.2,153.9,154.0,146.3
1639381320000,154.0,154.1,153.7,153.7,201.86
1639381380000,153.7,153.9,153.4,153.4,928.341
1639381440000,153.5,153.7,153.5,153.6,252.39
1639381500000,153.6,153.9,153.6,153.9,156.859
1639381560000,153.9,154.0,153.7,153.8,260.859
1639381620000,153.9,153.9,153.6,153.7,246.97
1639381680000,153.7,153.9,153.6,153.8,46.165
1639381740000,153.8,153.9,153.6,153.6,144.814
1639381800000,153.6,153.8,153.5,153.8,255.491
1639381860000,153.8,153.9,153.7,153.8,76.149
1639381920000,153.7,154.0,153.7,154.0,81.962
1639381980000,153.9,154.0,153.9,153.9,466.887
1639382040000,153.8,154.0,153.8,153.9,132.987
1639382100000,153.9,153.9,153.6,153.8,163.398
1639382160000,153.8,154.0,153.8,154.0,329.127
1639382220000,154.0,154.1,154.0,154.0,21.222
1639382280000,154.0,154.2,153.9,153.9,247.258
1639382340000,154.0,154.1,153.9,154.1,99.034
1639382400000,154.1,154.2,153.9,154.2,132.632
1639382460000,154.2,154.3,154.1,154.2,204.401
1639382520000,154.2,154.4,154.2,154.3,298.25
1639382580000,154.3,154.6,154.0,154.2,1775.297
1639382640000,154.1,154.2,153.9,154.1,300.605
1639382700000,154.1,154.4,153.8,153.8,478.824
1639382760000,153.8,154.0,153.7,153.8,124.631
1639382820000,153.9,154.0,152.3,153.1,5416.758
1639382880000,153.1,153.2,152.7,153.1,2281.679
1639382940000,153.1,153.7,153.1,153.5,857.766
1639383000000,153.6,154.7,153.6,154.5,1765.901
1639383060000,154.5,154.6,154.3,154.5,791.233
1639383120000,154.5,154.5,154.2,154.3,430.339
1639383180000,154.3,155.6,154.2,155.4,4184.245
1639383240000,155.3,155.4,154.9,155.0,609.262
1639383300000,155.0,155.1,154.8,154.9,347.774
1639383360000,154.8,154.9,154.5,154.5,344.218
1639383420000,154.5,154.9,154.5,154.7,340.012
1639383480000,154.7,155.1,154.7,155.1,290.212
1639383540000,155.1,155.2,155.0,155.1,305.134
1639383600000,155.1,155.2,155.0,155.0,257.368
1639383660000,155.0,155.5,155.0,155.4,484.157
1639383720000,155.5,155.5,155.2,155.3,511.883
1639383780000,155.3,155.3,155.1,155.1,143.328
1639383840000,155.1,155.1,154.9,154.9,273.748
1639383900000,155.0,155.0,154.7,154.9,262.895
1639383960000,154.9,155.0,154.7,154.7,114.326
1639384020000,154.7,154.9,154.7,154.7,70.372
1639384080000,154.8,155.0,154.7,155.0,143.371
1639384140000,155.0,155.2,154.9,155.2,53.361
1639384200000,155.1,155.2,155.1,155.1,102.704
1639384260000,155.2,155.3,155.1,155.2,43.631
1639384320000,155.3,155.5,155.2,155.4,321.831
1639384380000,155.6,155.8,155.4,155.6,381.635
1639384440000,155.6,156.2,155.5,156.0,3943.376
1639384500000,156.1,156.1,155.7,155.7,396.927
1639384560000,155.7,155.8,155.5,155.7,1063.694
1639384620000,155.6,155.6,155.3,155.4,130.538
1639384680000,155.4,155.4,155.2,155.3,136.015
1639384740000,155.3,155.7,155.2,155.6,195.629
1639384800000,155.6,156.2,155.5,156.0,648.182
1639384860000,156.0,156.0,155.8,155.8,95.94
1639384920000,155.8,155.8,155.6,155.8,1443.587
1639384980000,155.8,156.1,155.7,156.0,98.72
1639385040000,156.0,156.3,155.9,156.2,546.744
1639385100000,156.3,156.3,155.9,156.1,159.82
1639385160000,156.0,156.3,156.0,156.1,232.24
1639385220000,156.1,156.2,156.0,156.1,174.867
1639385280000,156.1,156.1,155.9,156.0,164.359
1639385340000,156.0,156.1,155.9,156.1,197.733
1639385400000,156.1,156.1,155.9,156.0,219.981
1639385460000,156.1,156.1,155.9,156.1,165.026
1639385520000,156.0,156.2,156.0,156.1,95.522
1639385580000,156.1,156.4,156.1,156.3,464.972
1639385640000,156.3,156.4,156.2,156.3,431.048
1639385700000,156.3,156.5,156.2,156.3,1074.381
1639385760000,156.2,156.3,156.1,156.1,94.123
1639385820000,156.1,156.2,156.0,156.0,85.023
1639385880000,156.0,156.3,156.0,156.1,495.207
1639385940000,156.0,156.1,155.9,156.0,240.529
1639386000000,156.0,156.2,155.9,156.1,388.71
1639386060000,156.1,156.2,155.9,155.9,121.593
1639386120000,155.9,156.0,155.8,155.9,108.526
1639386180000,155.8,156.1,155.8,155.9,593.234
1639386240000,155.8,156.0,155.7,155.9,283.002
1639386300000,155.9,155.9,155.6,155.8,224.556
1639386360000,155.8,155.8,155.5,155.6,290.293
1639386420000,155.7,155.9,155.7,155.9,344.355
1639386480000,155.9,156.0,155.8,155.9,148.588
1639386540000,155.9,155.9,155.4,155.4,639.157
1639386600000,155.5,155.5,155.3,155.5,127.078
1639386660000,155.4,155.6,155.4,155.6,48.214
1639386720000,155.5,155.7,155.5,155.6,48.803
1639386780000,155.7,155.7,155.5,155.6,152.74
1639386840000,155.7,155.8,155.6,155.6,217.846
1639386900000,155.5,155.6,155.4,155.5,151.146
1639386960000,155.4,155.4,155.3,155.3,106.5
1639387020000,155.4,155.4,155.2,155.3,216.792
1639387080000,155.2,155.3,155.1,155.3,237.958
1639387140000,155.4,155.5,155.3,155.4,105.559
1639387200000,155.5,155.6,155.4,155.5,229.975
1639387260000,155.5,155.6,155.4,155.5,170.631
1639387320000,155.4,155.5,155.3,155.5,67.143
1639387380000,155.4,155.8,155.4,155.6,349.331
1639387440000,155.6,155.8,155.6,155.6,116.384
1639387500000,155.6,155.7,155.5,155.6,302.664
1639387560000,155.6,155.6,155.4,155.5,101.643
1639387620000,155.5,155.6,155.3,155.4,115.405
1639387680000,155.3,155.6,155.3,155.6,178.535
1639387740000,155.6,155.8,155.6,155.7,201.736
1639387800000,155.7,155.7,155.5,155.5,237.994
1639387860000,155.5,155.5,155.2,155.4,499.528
1639387920000,155.3,155.4,155.2,155.3,301.411
1639387980000,155.2,155.5,155.2,155.3,304.223
1639388040000,155.3,155.4,155.1,155.1,270.403
1639388100000,155.2,155.2,155.0,155.0,285.46
1639388160000,155.0,155.3,155.0,155.3,272.253
1639388220000,155.4,155.4,155.1,155.2,264.809
1639388280000,155.3,155.3,155.0,155.2,121.04
1639388340000,155.2,155.5,155.1,155.4,180.553
1639388400000,155.3,155.4,155.2,155.3,214.803
1639388460000,155.2,155.2,154.8,155.0,249.346
1639388520000,155.0,155.2,154.9,155.1,371.991
1639388580000,155.0,155.2,155.0,155.1,66.854
1639388640000,155.2,155.8,155.1,155.6,2133.504
1639388700000,155.5,155.8,155.5,155.7,193.686
1639388760000,155.7,155.7,155.6,155.6,15.059
1639388820000,155.6,155.8,155.6,155.6,209.377
1639388880000,155.7,155.9,155.6,155.9,70.644
1639388940000,156.0,156.1,155.8,156.0,272.762
1639389000000,155.9,156.0,155.6,155.9,925.321
1639389060000,156.0,156.0,155.9,155.9,44.095
1639389120000,155.9,156.1,155.9,156.0,217.067
1639389180000,156.0,156.0,155.9,155.9,120.219
1639389240000,155.9,156.0,155.7,155.9,212.341
1639389300000,155.9,156.0,155.8,155.8,59.335
1639389360000,155.9,155.9,155.8,155.8,38.652
1639389420000,155.8,155.9,155.7,155.9,236.166
1639389480000,155.8,155.9,155.6,155.9,230.639
1639389540000,155.9,156.0,155.8,156.0,181.677
1639389600000,155.9,155.9,155.7,155.8,113.091
1639389660000,155.7,156.0,155.7,155.9,312.372
1639389720000,156.0,156.2,156.0,156.1,248.304
1639389780000,156.2,156.4,156.1,156.3,191.097
1639389840000,156.4,156.4,156.1,156.1,170.193
1639389900000,156.1,156.2,155.7,155.7,239.611
1639389960000,155.7,155.8,155.1,155.2,3447.259
1639390020000,155.3,155.3,154.8,155.0,715.664
1639390080000,155.0,155.3,155.0,155.2,119.828
1639390140000,155.2,155.4,155.2,155.3,231.954
1639390200000,155.3,155.5,155.3,155.5,87.222
1639390260000,155.4,155.6,155.4,155.4,96.633
1639390320000,155.4,155.6,155.2,155.2,57.686
1639390380000,155.3,155.5,155.2,155.2,280.497
1639390440000,155.1,155.3,155.1,155.3,66.668
1639390500000,155.3,155.3,155.0,155.1,243.84
1639390560000,155.1,155.3,155.1,155.1,156.989
1639390620000,155.1,155.3,155.1,155.3,129.224
1639390680000,155.4,155.5,155.3,155.3,289.867
1639390740000,155.4,155.4,155.1,155.2,123.215
1639390800000,155.2,155.2,154.9,155.0,129.813
1639390860000,155.0,155.0,154.7,154.7,200.658
1639390920000,154.7,154.8,154.5,154.5,358.799
1639390980000,154.6,154.8,154.6,154.7,215.384
1639391040000,154.7,154.9,154.6,154.9,275.464
1639391100000,154.9,154.9,154.7,154.7,132.278
1639391160000,154.8,154.9,154.5,154.6,653.369
1639391220000,154.6,154.8,154.6,154.8,92.935
1639391280000,154.7,154.9,154.5,154.8,258.38
1639391340000,154.9,155.1,154.8,154.9,735.695
1639391400000,154.9,155.2,154.8,155.2,148.195
1639391460000,155.1,155.2,155.1,155.1,20.443
1639391520000,155.2,155.4,155.1,155.4,117.211
1639391580000,155.3,155.4,155.0,155.0,118.425
1639391640000,155.0,155.0,154.9,154.9,9.307
1639391700000,154.9,155.1,154.8,154.9,898.549
1639391760000,154.9,154.9,154.3,154.6,769.619
1639391820000,154.7,154.9,154.5,154.8,294.834
1639391880000,154.9,155.0,154.7,154.9,228.933
1639391940000,154.9,155.1,154.9,155.0,106.7
1639392000000,155.0,155.3,155.0,155.2,413.396
1639392060000,155.1,155.2,154.9,155.0,376.398
1639392120000,155.1,155.2,155.1,155.2,100.769
1639392180000,155.1,155.2,155.0,155.1,117.939
1639392240000,155.1,155.2,155.0,155.2,274.594
1639392300000,155.1,155.2,155.0,155.2,254.895
1639392360000,155.2,155.4,155.2,155.3,78.418
1639392420000,155.4,155.6,155.3,155.5,339.198
1639392480000,155.4,155.6,155.4,155.4,283.293
1639392540000,155.3,155.5,155.1,155.1,354.751
1639392600000,155.2,155.2,155.0,155.0,228.993
1639392660000,155.0,155.2,155.0,155.1,82.411
1639392720000,155.1,155.1,154.8,154.9,373.563
1639392780000,154.9,154.9,154.7,154.8,140.414
1639392840000,154.9,155.0,154.8,155.0,47.258
1639392900000,154.9,155.4,154.9,155.3,303.506
1639392960000,155.3,155.4,155.1,155.4,207.213
1639393020000,155.3,155.4,155.1,155.2,276.291
1639393080000,155.2,155.2,155.0,155.1,138.813
1639393140000,155.1,155.4,155.1,155.4,160.727
1639393200000,155.4,155.4,154.8,155.0,870.44
1639393260000,155.0,155.0,154.8,154.8,113.383
1639393320000,154.8,154.9,154.7,154.8,296.306
1639393380000,154.8,155.1,154.8,155.1,196.481
1639393440000,155.1,155.3,155.0,155.1,297.308
1639393500000,155.2,155.3,155.0,155.1,195.197
1639393560000,155.0,155.2,154.9,155.1,219.292
1639393620000,155.0,155.2,155.0,155.1,573.128
1639393680000,155.1,155.4,155.1,155.4,116.896
1639393740000,155.4,155.4,155.2,155.3,143.167
1639393800000,155.4,155.4,155.2,155.3,80.497
1639393860000,155.2,155.4,155.2,155.3,27.063
1639393920000,155.3,155.3,155.1,155.2,126.554
1639393980000,155.2,155.4,155.1,155.4,107.639
1639394040000,155.4,155.4,155.2,155.3,207.042
1639394100000,155.2,155.4,155.2,155.3,110.443
1639394160000,155.3,155.3,155.0,155.1,212.909
1639394220000,155.1,155.4,155.1,155.3,248.731
1639394280000,155.4,155.5,155.4,155.5,170.428
1639394340000,155.5,155.7,155.4,155.5,480.845
1639394400000,155.6,155.6,155.4,155.6,115.309
1639394460000,155.5,155.7,155.5,155.7,144.175
1639394520000,155.7,155.7,155.5,155.5,172.466
1639394580000,155.5,155.5,155.3,155.4,559.248
1639394640000,155.4,155.6,155.4,155.4,81.087
1639394700000,155.5,155.5,155.2,155.3,148.893
1639394760000,155.4,155.4,155.2,155.3,260.74
1639394820000,155.3,155.3,155.0,155.2,312.119
1639394880000,155.2,155.3,155.2,155.3,169.458
1639394940000,155.3,155.3,155.0,155.1,232.906
1639395000000,155.0,155.2,155.0,155.1,79.985
1639395060000,155.2,155.4,155.2,155.4,180.389
1639395120000,155.4,155.6,155.4,155.6,806.797
1639395180000,155.6,155.6,155.5,155.5,71.363
1639395240000,155.6,155.7,155.5,155.6,209.2
1639395300000,155.7,155.7,155.5,155.5,502.507
1639395360000,155.5,155.6,155.5,155.5,89.966
1639395420000,155.6,155.7,155.5,155.5,301.613
1639395480000,155.4,155.7,155.4,155.6,133.562
1639395540000,155.6,155.7,155.5,155.6,66.014
1639395600000,155.6,155.7,155.5,155.5,71.602
1639395660000,155.6,155.6,155.4,155.4,86.976
1639395720000,155.4,155.5,155.2,155.3,679.834
1639395780000,155.3,155.3,155.2,155.3,413.05
1639395840000,155.2,155.5,155.2,155.5,588.786
1639395900000,155.4,155.4,155.3,155.4,98.127
1639395960000,155.5,155.7,155.4,155.4,346.204
1639396020000,155.4,155.4,155.2,155.2,74.697
1639396080000,155.2,155.4,155.2,155.3,169.868
1639396140000,155.3,155.3,155.2,155.3,123.929
1639396200000,155.4,155.4,155.2,155.3,126.457
1639396260000,155.2,155.3,155.1,155.2,770.669
1639396320000,155.2,155.3,155.0,155.2,224.252
1639396380000,155.2,155.2,155.1,155.2,128.868
1639396440000,155.2,155.4,155.1,155.3,200.249
1639396500000,155.2,155.4,155.1,155.4,246.117
1639396560000,155.4,155.6,155.3,155.5,244.428
1639396620000,155.5,155.6,155.4,155.6,41.169
1639396680000,155.6,155.6,155.3,155.5,231.415
1639396740000,155.5,155.5,155.3,155.5,177.085
1639396800000,155.4,155.4,155.3,155.4,80.139
1639396860000,155.4,155.5,155.2,155.4,376.817
1639396920000,155.3,155.4,155.1,155.2,244.467
1639396980000,155.1,155.3,155.1,155.3,172.03
1639397040000,155.2,155.3,155.1,155.3,135.898
1639397100000,155.2,155.5,155.1,155.5,480.475
1639397160000,155.5,155.5,155.3,155.5,69.012
1639397220000,155.5,155.5,155.3,155.5,78.408
1639397280000,155.4,155.7,155.4,155.5,545.22
1639397340000,155.4,155.6,155.4,155.6,97.002
1639397400000,155.6,155.6,155.3,155.5,354.6
1639397460000,155.5,155.6,155.5,155.5,142.123
1639397520000,155.5,155.8,155.5,155.6,163.135
1639397580000,155.7,155.8,155.5,155.6,235.828
1639397640000,155.6,155.8,155.6,155.6,393.109
1639397700000,155.6,155.7,155.6,155.7,115.752
1639397760000,155.6,155.8,155.6,155.8,397.861
1639397820000,155.8,155.9,155.7,155.8,126.382
1639397880000,155.8,155.8,155.5,155.6,126.663
1639397940000,155.6,155.7,155.5,155.7,146.292
1639398000000,155.7,156.1,155.5,155.9,1055.573
1639398060000,155.8,156.3,155.8,156.2,1301.327
1639398120000,156.2,156.3,156.0,156.1,338.723
1639398180000,156.1,156.2,156.1,156.1,498.516
1639398240000,156.1,156.2,155.9,156.0,792.838
1639398300000,155.9,156.0,155.7,155.8,408.158
1639398360000,155.9,155.9,155.7,155.8,23.279
1639398420000,155.7,155.9,155.6,155.8,204.078
1639398480000,155.7,155.8,155.5,155.5,549.541
1639398540000,155.5,155.7,155.4,155.4,225.697
1639398600000,155.5,155.6,155.4,155.5,217.274
1639398660000,155.5,155.5,155.3,155.3,206.205
1639398720000,155.3,155.4,155.2,155.3,181.079
1639398780000,155.2,155.3,155.1,155.2,173.166
1639398840000,155.2,155.2,155.1,155.2,170.852
1639398900000,155.2,155.2,155.1,155.1,149.319
1639398960000,155.2,155.3,155.1,155.2,324.94
1639399020000,155.3,155.4,155.1,155.4,193.032
1639399080000,155.4,155.4,155.1,155.2,277.009
1639399140000,155.1,155.1,154.7,154.8,589.74
1639399200000,154.7,154.7,154.5,154.7,297.19
1639399260000,154.7,154.8,154.5,154.5,512.233
1639399320000,154.6,154.8,154.6,154.6,400.653
1639399380000,154.6,154.7,154.5,154.6,143.314
1639399440000,154.6,154.7,154.3,154.3,504.7
1639399500000,154.4,154.5,154.2,154.4,224.635
1639399560000,154.3,154.4,153.7,154.0,1092.632
1639399620000,154.0,154.2,153.9,154.0,531.272
1639399680000,154.0,154.0,153.6,153.6,594.285
1639399740000,153.6,154.0,153.6,154.0,458.942
1639399800000,154.0,154.2,153.8,154.1,543.287
1639399860000,154.1,154.2,154.0,154.2,165.462
1639399920000,154.2,154.3,153.9,154.0,313.839
1639399980000,154.1,154.1,153.8,153.8,110.871
1639400040000,153.9,154.0,153.6,153.7,365.204
1639400100000,153.7,153.8,153.6,153.7,1713.102
1639400160000,153.6,153.7,153.5,153.7,778.902
1639400220000,153.7,154.0,153.5,153.6,2657.642
1639400280000,153.7,153.9,153.6,153.8,105.51
1639400340000,153.8,153.8,153.6,153.7,662.835
1639400400000,153.7,153.8,153.5,153.5,437.852
1639400460000,153.5,153.5,153.2,153.4,505.213
1639400520000,153.3,153.4,153.1,153.4,795.947
1639400580000,153.4,153.7,153.3,153.7,598.408
1639400640000,153.7,154.0,153.7,153.9,3425.225
1639400700000,153.9,154.0,153.8,153.9,358.915
1639400760000,154.0,154.1,153.8,154.1,471.917
1639400820000,154.0,154.1,154.0,154.1,28.71
1639400880000,154.0,154.0,153.8,153.9,189.302
1639400940000,153.8,153.8,153.5,153.6,914.367
1639401000000,153.6,153.7,153.4,153.5,509.785
1639401060000,153.5,153.7,153.5,153.6,257.642
1639401120000,153.6,153.7,153.6,153.6,65.442
1639401180000,153.6,153.7,153.0,153.1,1860.384
1639401240000,153.2,153.3,153.1,153.2,612.984
1639401300000,153.2,153.8,153.1,153.4,1134.226
1639401360000,153.3,153.5,153.2,153.4,772.968
1639401420000,153.4,153.4,153.2,153.2,244.037
1639401480000,153.3,153.3,152.9,153.2,648.869
1639401540000,153.2,153.2,152.9,152.9,463.254
1639401600000,152.9,153.0,152.7,152.8,387.879
1639401660000,152.9,152.9,152.5,152.8,606.256
1639401720000,152.7,152.9,152.7,152.8,419.793
1639401780000,152.8,153.1,152.7,153.1,471.174
1639401840000,153.1,153.5,153.1,153.5,835.521
1639401900000,153.4,153.8,153.3,153.8,283.924
1639401960000,153.8,154.1,153.7,154.0,659.334
1639402020000,153.9,153.9,153.6,153.7,424.063
1639402080000,153.8,153.9,153.6,153.6,350.826
1639402140000,153.6,153.6,153.3,153.4,238.477
1639402200000,153.3,153.5,153.2,153.5,353.644
1639402260000,153.4,153.5,153.3,153.4,176.443
1639402320000,153.4,153.7,153.4,153.6,219.491
1639402380000,153.7,153.9,153.6,153.9,204.813
1639402440000,153.9,154.1,153.8,153.9,276.614
1639402500000,154.0,154.1,153.8,153.9,204.241
1639402560000,153.9,154.0,153.8,153.8,155.719
1639402620000,153.9,153.9,153.5,153.6,439.585
1639402680000,153.6,153.6,153.4,153.5,202.576
1639402740000,153.4,153.7,153.4,153.7,162.017
1639402800000,153.6,153.9,153.6,153.9,236.935
1639402860000,153.9,154.2,153.9,154.1,311.17
1639402920000,154.1,154.2,154.0,154.2,166.676
1639402980000,154.2,154.2,153.9,153.9,298.887
1639403040000,154.0,154.1,153.9,154.1,177.625
1639403100000,154.1,154.2,153.8,153.9,344.792
1639403160000,153.9,154.0,153.7,153.8,221.869
1639403220000,153.7,153.8,153.6,153.7,167.623
1639403280000,153.6,153.7,153.6,153.7,171.413
1639403340000,153.7,153.8,153.6,153.7,133.928
1639403400000,153.7,154.1,153.7,154.0,480.095
1639403460000,154.1,154.2,154.0,154.0,79.217
1639403520000,154.1,154.1,153.9,153.9,66.668
1639403580000,153.9,154.0,153.8,154.0,102.064
1639403640000,153.9,154.2,153.9,154.1,148.083
1639403700000,154.0,154.0,153.8,153.9,409.097
1639403760000,153.9,154.1,153.9,154.1,35.748
1639403820000,154.1,154.2,154.0,154.2,174.443
1639403880000,154.2,154.3,153.9,154.0,139.179
1639403940000,153.9,154.0,153.7,153.8,359.266
1639404000000,153.8,153.9,153.6,153.7,247.079
1639404060000,153.6,153.7,153.5,153.7,187.463
1639404120000,153.6,153.6,153.4,153.6,174.911
1639404180000,153.6,153.6,153.3,153.6,815.886
1639404240000,153.6,153.6,153.4,153.5,778.03
1639404300000,153.4,153.5,153.3,153.5,185.917
1639404360000,153.4,153.4,152.8,152.9,718.857
1639404420000,152.9,153.0,152.7,152.7,666.13
1639404480000,152.7,152.8,152.5,152.6,429.319
1639404540000,152.5,152.9,152.3,152.9,794.458
1639404600000,152.8,153.1,152.6,152.6,495.263
1639404660000,152.6,152.7,152.6,152.7,127.89
1639404720000,152.7,153.0,152.7,152.8,546.185
1639404780000,152.9,152.9,152.4,152.6,604.84
1639404840000,152.6,152.8,152.6,152.6,274.383
1639404900000,152.6,152.7,152.1,152.3,724.439
1639404960000,152.3,152.6,152.1,152.2,548.929
1639405020000,152.3,152.4,152.1,152.3,372.943
1639405080000,152.3,152.3,151.4,151.7,1940.931
1639405140000,151.6,151.7,151.2,151.5,760.42
1639405200000,151.4,151.7,150.9,150.9,3999.163
1639405260000,151.0,151.1,150.2,151.0,3957.914
1639405320000,151.0,151.3,150.8,150.8,666.964
1639405380000,150.7,150.8,150.4,150.7,403.069
1639405440000,150.6,150.8,150.3,150.4,737.107
1639405500000,150.5,150.6,149.9,150.2,1271.299
1639405560000,150.3,150.7,150.3,150.5,505.31
1639405620000,150.4,150.4,150.0,150.3,580.747
1639405680000,150.2,150.4,150.2,150.3,158.559
1639405740000,150.2,150.5,150.1,150.3,476.019
1639405800000,150.3,150.4,150.1,150.3,1577.466
1639405860000,150.4,150.8,150.3,150.6,434.052
1639405920000,150.6,150.6,149.9,150.1,484.992
1639405980000,150.1,150.3,149.9,150.1,596.105
1639406040000,150.1,150.1,149.8,149.9,644.119
1639406100000,149.9,150.2,149.6,150.1,769.037
1639406160000,150.1,150.6,150.1,150.4,713.335
1639406220000,150.3,150.5,150.0,150.1,626.578
1639406280000,150.1,150.2,149.9,149.9,282.743
1639406340000,149.9,149.9,149.6,149.8,674.053
1639406400000,149.7,150.3,149.7,150.1,709.071
1639406460000,150.2,150.3,150.0,150.2,394.097
1639406520000,150.3,150.4,150.1,150.3,352.774
1639406580000,150.3,150.4,150.1,150.3,200.248
1639406640000,150.3,150.4,150.2,150.3,108.503
1639406700000,150.3,150.7,150.1,150.6,542.551
1639406760000,150.7,150.9,150.6,150.7,554.696
1639406820000,150.7,150.9,150.6,150.7,330.116
1639406880000,150.7,151.0,150.7,150.9,424.77
1639406940000,150.8,151.0,150.8,150.9,194.915
1639407000000,150.8,151.0,150.7,151.0,175.637
1639407060000,151.0,151.2,151.0,151.1,268.831
1639407120000,151.1,151.3,150.9,151.2,383.6
1639407180000,151.3,151.3,150.7,150.7,904.831
1639407240000,150.8,150.9,150.6,150.6,235.674
1639407300000,150.6,150.7,150.4,150.6,793.28
1639407360000,150.6,151.0,150.6,150.9,325.387
1639407420000,150.9,151.2,150.9,151.1,109.235
1639407480000,151.1,151.2,150.9,151.1,171.241
1639407540000,151.0,151.1,150.9,151.0,105.154
1639407600000,151.0,151.1,150.7,150.8,405.519
1639407660000,150.8,150.9,150.5,150.7,258.237
1639407720000,150.7,150.7,150.4,150.5,312.078
1639407780000,150.4,150.7,150.4,150.6,342.176
1639407840000,150.7,150.7,150.3,150.3,197.523
1639407900000,150.3,150.4,150.3,150.4,360.217
1639407960000,150.5,150.6,150.1,150.3,946.28
1639408020000,150.2,150.3,150.0,150.2,1126.293
1639408080000,150.2,150.5,150.2,150.5,161.85
1639408140000,150.5,150.7,150.4,150.4,210.553
1639408200000,150.5,150.5,150.0,150.2,470.369
1639408260000,150.3,150.4,149.8,149.9,608.533
1639408320000,149.9,150.0,149.7,149.8,555.318
1639408380000,149.8,149.9,149.2,149.4,805.427
1639408440000,149.5,149.6,149.2,149.5,739.607
1639408500000,149.5,149.6,148.7,149.1,2172.69
1639408560000,149.1,149.1,148.8,149.1,535.681
1639408620000,149.1,149.1,148.9,149.0,215.771
1639408680000,148.9,149.2,148.9,149.0,754.175
1639408740000,149.0,149.1,148.8,148.9,341.757
1639408800000,148.8,149.0,148.3,149.0,3708.388
1639408860000,148.9,149.5,148.9,149.3,665.519
1639408920000,149.3,149.6,149.1,149.2,1693.543
1639408980000,149.2,149.2,148.7,148.8,368.261
1639409040000,148.8,148.9,148.5,148.6,829.86
1639409100000,148.7,148.8,148.4,148.4,420.696
1639409160000,148.4,148.5,148.0,148.2,937.756
1639409220000,148.3,148.4,148.0,148.0,1328.929
1639409280000,148.1,148.2,147.9,148.2,896.558
1639409340000,148.2,148.7,148.2,148.7,275.963
1639409400000,148.6,148.7,148.1,148.7,805.651
1639409460000,148.6,148.8,148.4,148.5,605.114
1639409520000,148.5,148.7,148.1,148.2,428.476
1639409580000,148.3,148.7,148.3,148.6,319.608
1639409640000,148.6,148.7,148.0,148.0,973.257
1639409700000,148.1,148.4,148.1,148.1,308.641
1639409760000,148.1,148.7,147.8,148.7,525.309
1639409820000,148.7,149.1,148.5,149.1,451.195
1639409880000,149.1,149.2,149.0,149.0,636.891
1639409940000,149.0,149.1,148.7,148.8,367.24
1639410000000,148.8,148.9,148.7,148.9,235.166
1639410060000,148.8,149.3,148.8,149.3,414.015
1639410120000,149.2,149.4,149.1,149.4,460.66
1639410180000,149.4,149.5,149.2,149.3,471.5
1639410240000,149.3,149.3,148.7,148.7,1032.782
1639410300000,148.8,149.0,148.7,148.9,787.695
1639410360000,149.0,149.1,148.7,148.8,687.626
1639410420000,148.7,148.8,148.5,148.6,181.236
1639410480000,148.5,148.7,148.2,148.4,1673.968
1639410540000,148.4,148.5,147.9,148.0,473.725
1639410600000,148.0,148.1,147.6,147.6,494.358
1639410660000,147.7,147.8,147.5,147.6,463.717
1639410720000,147.6,147.7,147.3,147.5,473.536
1639410780000,147.6,147.8,147.3,147.3,345.313
1639410840000,147.4,147.5,147.2,147.4,587.119
1639410900000,147.4,147.4,146.9,147.1,1057.187
1639410960000,147.1,147.1,146.7,146.9,1042.964
1639411020000,146.9,146.9,146.5,146.9,1242.529
1639411080000,146.9,147.3,146.9,147.2,848.818
1639411140000,147.2,147.8,147.1,147.7,725.643
1639411200000,147.8,147.8,147.4,147.7,1665.352
1639411260000,147.8,148.2,147.6,147.7,1066.615
1639411320000,147.7,147.9,147.2,147.4,771.36
1639411380000,147.5,147.5,146.5,146.8,867.798
1639411440000,146.8,147.7,146.8,147.6,803.71
1639411500000,147.7,148.3,147.7,148.3,970.967
1639411560000,148.2,148.9,147.9,148.9,1222.176
1639411620000,148.8,148.8,148.3,148.7,712.52
1639411680000,148.6,148.8,148.5,148.6,573.292
1639411740000,148.6,148.6,148.3,148.3,251.07
1639411800000,148.3,148.6,148.0,148.0,795.185
1639411860000,148.0,148.1,147.6,147.7,593.576
1639411920000,147.8,148.2,147.5,148.1,879.615
1639411980000,148.2,148.4,147.7,148.4,991.348
1639412040000,148.3,148.4,148.1,148.3,348.722
1639412100000,148.3,148.5,147.9,148.0,604.652
1639412160000,148.0,148.1,147.8,148.0,292.276
1639412220000,147.9,148.1,147.7,147.7,322.857
1639412280000,147.7,147.9,147.6,147.6,172.996
1639412340000,147.6,147.8,147.4,147.7,486.347
1639412400000,147.7,147.8,147.3,147.4,642.12
1639412460000,147.3,147.4,147.1,147.2,345.0
1639412520000,147.2,147.3,147.1,147.2,223.588
1639412580000,147.2,147.4,146.9,147.0,413.252
1639412640000,147.0,147.1,146.3,146.6,1442.133
1639412700000,146.5,146.7,145.9,146.3,2257.268
1639412760000,146.3,147.4,146.2,147.3,1060.443
1639412820000,147.3,147.9,147.3,147.7,1052.082
1639412880000,147.6,147.6,147.3,147.3,607.948
1639412940000,147.2,147.4,147.0,147.1,322.921
1639413000000,147.2,147.6,147.1,147.5,517.135
1639413060000,147.4,147.8,147.3,147.5,556.239
1639413120000,147.6,147.6,147.3,147.4,170.221
1639413180000,147.4,147.5,147.1,147.1,197.757
1639413240000,147.0,147.1,146.4,146.9,806.706
1639413300000,146.8,147.4,146.7,147.2,619.597
1639413360000,147.2,147.3,147.1,147.2,400.111
1639413420000,147.2,147.4,146.8,146.9,779.414
1639413480000,146.9,146.9,146.7,146.7,186.764
1639413540000,146.7,147.2,146.7,147.0,389.029
1639413600000,147.0,147.2,146.9,147.1,306.558
1639413660000,147.0,147.2,146.8,146.9,346.686
1639413720000,146.9,147.0,146.7,146.9,191.957
1639413780000,146.8,147.4,146.7,147.4,383.279
1639413840000,147.3,147.5,147.1,147.3,507.243
1639413900000,147.4,147.9,147.4,147.9,604.559
1639413960000,147.8,147.9,147.6,147.8,287.544
1639414020000,147.7,148.0,147.7,147.9,479.098
1639414080000,147.9,148.2,147.8,148.1,503.624
1639414140000,148.1,148.2,147.9,147.9,864.375
1639414200000,147.9,148.2,147.9,148.0,449.884
1639414260000,148.0,148.1,147.9,148.0,281.226
1639414320000,148.0,148.2,148.0,148.1,421.748
1639414380000,148.1,148.2,148.0,148.1,311.432
1639414440000,148.1,148.1,147.7,147.7,4258.637
1639414500000,147.8,147.9,147.7,147.8,906.56
1639414560000,147.7,147.7,147.3,147.5,549.215
1639414620000,147.5,147.5,147.3,147.3,314.294
1639414680000,147.4,147.6,147.2,147.5,393.25
1639414740000,147.6,148.1,147.6,147.9,1357.969
1639414800000,147.9,148.1,147.7,148.1,633.959
1639414860000,148.0,148.1,147.8,148.0,661.968
1639414920000,148.0,148.0,147.6,147.7,2614.151
1639414980000,147.7,147.9,147.6,147.9,235.001
1639415040000,147.8,148.1,147.8,148.1,448.411
1639415100000,148.1,148.4,147.9,148.3,359.97
1639415160000,148.4,148.5,148.2,148.2,426.184
1639415220000,148.3,148.5,148.2,148.5,315.632
1639415280000,148.4,148.7,148.3,148.6,376.126
1639415340000,148.6,150.0,148.6,149.4,4081.879
1639415400000,149.4,150.3,149.4,149.5,6230.82
1639415460000,149.5,149.8,149.3,149.5,747.749
1639415520000,149.5,149.6,149.3,149.5,493.743
1639415580000,149.6,149.8,149.3,149.5,2134.934
1639415640000,149.5,149.6,149.3,149.4,491.553
1639415700000,149.4,149.5,149.1,149.2,388.193
1639415760000,149.2,149.2,148.9,149.0,314.693
1639415820000,148.9,149.0,148.7,148.8,165.811
1639415880000,148.9,148.9,148.6,148.6,280.926
1639415940000,148.7,148.7,148.4,148.5,196.735
1639416000000,148.5,148.6,148.4,148.4,134.213
1639416060000,148.5,148.8,148.4,148.7,216.051
1639416120000,148.7,148.9,148.6,148.8,167.827
1639416180000,148.8,149.0,148.8,149.0,277.207
1639416240000,148.9,149.0,148.8,148.8,179.471
1639416300000,148.8,149.0,148.7,148.7,347.988
1639416360000,148.8,148.8,148.4,148.5,268.829
1639416420000,148.4,148.6,148.3,148.4,418.724
1639416480000,148.4,148.5,148.3,148.4,239.516
1639416540000,148.4,148.6,148.3,148.6,161.745
1639416600000,148.6,148.7,148.4,148.6,269.909
1639416660000,148.6,148.7,148.5,148.6,150.22
1639416720000,148.5,148.7,148.5,148.7,354.224
1639416780000,148.7,148.8,148.6,148.7,103.17
1639416840000,148.7,148.7,148.5,148.6,214.438
1639416900000,148.6,148.8,148.5,148.8,486.256
1639416960000,148.8,149.1,148.7,149.0,447.561
1639417020000,149.0,149.0,148.8,148.9,109.036
1639417080000,148.9,148.9,148.7,148.8,187.911
1639417140000,148.8,148.8,148.5,148.5,303.909
1639417200000,148.5,148.5,148.2,148.2,988.675
1639417260000,148.3,148.4,148.1,148.2,393.577
1639417320000,148.2,148.4,148.0,148.1,312.341
1639417380000,148.0,148.3,148.0,148.2,325.873
1639417440000,148.2,148.3,148.1,148.2,205.402
1639417500000,148.2,148.5,148.2,148.3,404.096
1639417560000,148.2,148.4,148.1,148.4,290.911
1639417620000,148.3,148.4,148.2,148.2,237.406
1639417680000,148.2,148.2,147.9,148.0,182.188
1639417740000,148.0,148.4,148.0,148.4,621.87
1639417800000,148.4,148.5,148.3,148.4,552.432
1639417860000,148.5,148.7,148.5,148.7,223.326
1639417920000,148.7,148.9,148.6,148.8,362.91
1639417980000,148.8,148.9,148.7,148.7,263.468
1639418040000,148.8,148.8,148.6,148.6,140.19
1639418100000,148.6,148.8,148.6,148.7,701.882
1639418160000,148.6,148.7,148.5,148.6,330.463
1639418220000,148.5,148.6,148.5,148.5,123.348
1639418280000,148.6,148.6,148.4,148.4,109.358
1639418340000,148.4,148.9,148.3,148.7,333.8
1639418400000,148.7,148.9,148.4,148.4,659.11
1639418460000,148.5,148.7,148.3,148.6,197.348
1639418520000,148.6,148.8,148.5,148.8,173.368
1639418580000,148.8,149.1,148.7,149.1,1164.513
1639418640000,149.0,149.2,148.9,149.2,403.892
1639418700000,149.3,149.3,148.9,148.9,352.755
1639418760000,149.0,149.0,148.8,148.8,255.375
1639418820000,148.8,148.8,148.6,148.7,90.875
1639418880000,148.7,148.8,148.6,148.8,171.461
1639418940000,148.7,149.1,148.7,149.0,424.769
1639419000000,149.1,149.1,148.9,149.0,329.099
1639419060000,148.9,149.0,148.7,148.9,138.091
1639419120000,148.9,149.3,148.8,149.2,294.082
1639419180000,149.2,149.3,149.1,149.2,161.857
1639419240000,149.1,149.1,148.9,149.1,345.195
1639419300000,149.1,149.1,148.8,148.8,163.597
1639419360000,148.8,148.9,148.6,148.7,106.486
1639419420000,148.8,149.2,148.7,149.1,267.151
1639419480000,149.2,149.3,149.0,149.1,195.875
1639419540000,149.1,149.1,148.8,149.0,295.04
1639419600000,149.0,149.2,148.9,149.0,206.335
1639419660000,149.0,149.2,148.8,149.1,151.896
1639419720000,149.0,149.1,148.9,149.0,116.693
1639419780000,149.0,149.0,148.8,148.8,188.261
1639419840000,148.8,148.9,148.7,148.8,199.421
1639419900000,148.7,148.9,148.6,148.8,156.557
1639419960000,148.7,148.7,148.5,148.6,128.486
1639420020000,148.5,148.7,148.4,148.5,214.892
1639420080000,148.5,148.6,148.3,148.6,356.812
1639420140000,148.5,148.7,148.4,148.6,396.135
1639420200000,148.5,148.6,148.2,148.3,249.321
1639420260000,148.2,148.3,148.0,148.1,588.314
1639420320000,148.2,148.4,148.1,148.2,456.281
1639420380000,148.1,148.3,148.1,148.1,227.813
1639420440000,148.1,148.3,147.9,148.2,349.398
1639420500000,148.1,148.4,148.1,148.3,491.07
1639420560000,148.3,148.3,148.2,148.3,206.635
1639420620000,148.3,148.4,148.2,148.2,462.235
1639420680000,148.2,148.2,147.9,148.2,505.678
1639420740000,148.2,148.2,148.0,148.1,718.432
1639420800000,148.1,148.2,148.0,148.1,371.656
1639420860000,148.2,148.2,147.9,147.9,193.363
1639420920000,147.9,148.0,147.7,148.0,296.382
1639420980000,147.9,148.1,147.8,148.0,506.556
1639421040000,147.9,148.0,147.8,147.9,392.719
1639421100000,147.8,148.0,147.8,147.8,286.824
1639421160000,147.8,148.2,147.8,148.0,920.707
1639421220000,148.0,148.2,147.9,148.0,211.584
1639421280000,148.0,148.1,148.0,148.0,65.49
1639421340000,148.0,148.3,148.0,148.2,1076.753
1639421400000,148.2,148.3,148.1,148.1,344.382
1639421460000,148.2,148.3,148.1,148.2,223.691
1639421520000,148.3,148.4,148.3,148.3,106.681
1639421580000,148.3,148.6,148.3,148.4,233.955
1639421640000,148.5,148.6,148.4,148.5,433.787
1639421700000,148.4,148.5,148.2,148.3,305.68
1639421760000,148.3,148.3,147.9,148.1,391.529
1639421820000,148.0,148.2,148.0,148.1,188.376
1639421880000,148.2,148.5,148.2,148.4,229.048
1639421940000,148.4,148.6,148.3,148.5,290.569
1639422000000,148.4,148.4,148.1,148.3,229.84
1639422060000,148.2,148.3,148.1,148.2,281.429
1639422120000,148.2,148.2,147.9,147.9,257.874
1639422180000,147.9,147.9,147.5,147.7,674.535
1639422240000,147.6,147.8,147.4,147.6,926.835
1639422300000,147.6,147.7,147.3,147.4,271.817
1639422360000,147.4,147.6,147.3,147.5,262.105
1639422420000,147.5,147.9,147.4,147.9,432.613
1639422480000,147.9,148.1,147.8,148.0,255.975
1639422540000,148.0,148.1,147.8,147.9,247.943
1639422600000,148.0,148.1,147.7,148.1,184.799
1639422660000,148.1,148.4,148.0,148.2,400.61
1639422720000,148.3,148.4,148.2,148.3,200.676
1639422780000,148.3,148.3,148.0,148.1,285.702
1639422840000,148.1,148.1,147.7,147.8,408.728
1639422900000,147.8,147.9,147.7,147.8,243.665
1639422960000,147.7,147.7,147.4,147.5,605.592
1639423020000,147.5,147.6,147.3,147.4,445.112
1639423080000,147.4,147.5,147.3,147.4,249.024
1639423140000,147.4,147.7,147.3,147.7,438.725
1639423200000,147.7,147.9,147.6,147.8,313.28
1639423260000,147.8,148.1,147.7,148.1,620.919
1639423320000,148.1,148.1,147.6,147.6,384.217
1639423380000,147.5,147.6,147.2,147.3,488.555
1639423440000,147.3,147.4,147.1,147.2,259.162
1639423500000,147.2,147.2,145.6,146.0,5847.982
1639423560000,146.1,147.2,146.1,146.6,3588.571
1639423620000,146.7,147.1,145.5,146.5,3023.442
1639423680000,146.4,146.6,145.8,146.2,1835.327
1639423740000,146.2,146.3,145.4,146.0,1823.143
1639423800000,145.9,146.1,145.6,145.9,1049.77
1639423860000,145.9,145.9,144.3,145.1,4292.135
1639423920000,145.2,145.6,144.5,144.9,4531.847
1639423980000,144.8,144.9,143.6,143.8,5806.959
1639424040000,143.9,145.1,143.8,144.8,2034.456
1639424100000,144.8,144.8,144.3,144.4,1434.11
1639424160000,144.4,144.5,143.9,143.9,4669.762
1639424220000,143.9,144.3,143.7,144.2,1306.408
1639424280000,144.2,144.3,143.9,144.0,495.964
1639424340000,144.0,144.4,143.9,144.1,640.732
1639424400000,144.1,144.2,143.7,144.0,806.48
1639424460000,143.9,143.9,143.1,143.4,1520.656
1639424520000,143.4,143.5,142.7,142.9,2759.832
1639424580000,142.8,143.5,142.8,143.4,1116.778
1639424640000,143.4,144.1,143.3,143.9,1249.708
1639424700000,143.9,144.6,143.5,144.4,2087.213
1639424760000,144.5,144.9,144.3,144.4,1034.736
1639424820000,144.3,145.1,144.2,144.9,1287.741
1639424880000,145.0,145.2,144.9,144.9,794.898
1639424940000,144.9,145.7,144.9,145.7,1206.559
1639425000000,145.6,145.7,145.1,145.4,537.007
1639425060000,145.4,145.7,145.4,145.6,668.225
1639425120000,145.6,145.7,145.3,145.4,888.255
1639425180000,145.5,145.8,145.4,145.6,988.566
1639425240000,145.6,146.2,145.6,145.8,1110.376
1639425300000,145.9,146.1,145.7,146.0,374.76
1639425360000,146.0,146.2,145.7,145.8,1309.117
1639425420000,145.9,146.4,145.7,146.3,871.565
1639425480000,146.2,146.4,146.1,146.2,1179.818
1639425540000,146.2,146.4,145.8,146.0,2026.276
1639425600000,145.9,146.3,145.5,145.6,2466.307
1639425660000,145.6,145.9,145.5,145.6,773.337
1639425720000,145.6,146.3,145.6,146.1,2629.416
1639425780000,146.2,146.5,146.1,146.1,928.983
1639425840000,146.0,146.2,145.9,145.9,342.143
1639425900000,145.9,146.0,145.5,145.6,1809.814
1639425960000,145.7,145.9,145.6,145.9,412.177
1639426020000,145.9,146.4,145.8,146.4,538.107
1639426080000,146.4,146.5,146.2,146.3,561.754
1639426140000,146.3,146.5,146.3,146.5,173.646
1639426200000,146.5,146.6,146.1,146.2,1125.643
1639426260000,146.2,146.5,146.2,146.4,380.872
1639426320000,146.3,146.5,146.2,146.4,329.647
1639426380000,146.5,146.5,146.3,146.5,146.403
1639426440000,146.5,146.7,146.5,146.6,256.687
1639426500000,146.6,146.7,146.3,146.3,214.437
1639426560000,146.4,146.5,145.9,146.1,449.59
1639426620000,146.1,146.1,145.9,146.0,279.898
1639426680000,146.1,146.1,145.5,145.7,1030.476
1639426740000,145.6,145.7,145.2,145.3,640.605
1639426800000,145.3,145.5,145.3,145.3,396.448
1639426860000,145.3,145.4,145.1,145.4,547.681
1639426920000,145.3,146.0,145.3,145.5,703.466
1639426980000,145.6,145.8,145.5,145.6,80.984
1639427040000,145.6,145.8,145.5,145.6,389.426
1639427100000,145.6,145.6,145.3,145.5,197.871
1639427160000,145.4,145.6,145.4,145.5,145.878
1639427220000,145.4,145.5,145.3,145.5,572.798
1639427280000,145.5,145.8,145.5,145.6,586.552
1639427340000,145.6,145.9,145.5,145.5,524.523
1639427400000,145.6,145.8,145.4,145.7,772.973
1639427460000,145.7,145.8,145.6,145.7,273.29
1639427520000,145.8,145.8,145.4,145.5,433.309
1639427580000,145.5,145.6,145.4,145.4,405.477
1639427640000,145.4,145.4,145.2,145.2,629.303
1639427700000,145.2,145.2,144.9,145.0,772.058
1639427760000,144.9,145.2,144.9,145.0,216.689
1639427820000,145.1,145.2,144.8,145.0,277.826
1639427880000,145.0,145.1,144.8,145.0,318.847
1639427940000,145.0,145.0,144.6,144.7,208.462
1639428000000,144.7,144.8,144.4,144.5,494.785
1639428060000,144.6,144.7,144.4,144.5,585.454
1639428120000,144.5,144.8,144.5,144.6,253.679
1639428180000,144.7,145.1,144.6,145.1,668.533
1639428240000,145.0,145.1,144.7,144.8,229.359
1639428300000,144.8,145.3,144.7,145.1,502.843
1639428360000,145.1,145.3,145.1,145.1,179.803
1639428420000,145.1,145.2,144.9,145.1,262.84
1639428480000,145.0,145.2,144.9,145.1,211.457
1639428540000,145.1,145.4,145.1,145.3,669.013
1639428600000,145.3,145.3,144.7,144.9,313.409
1639428660000,144.8,145.0,144.7,144.8,249.518
1639428720000,144.8,145.0,144.8,144.9,169.364
1639428780000,145.0,145.6,144.8,145.5,314.365
1639428840000,145.4,145.7,145.4,145.4,405.744
1639428900000,145.5,145.6,145.4,145.5,212.716
1639428960000,145.4,145.5,145.1,145.2,235.435
1639429020000,145.1,145.2,145.0,145.2,146.619
1639429080000,145.1,145.4,145.1,145.3,215.568
1639429140000,145.3,145.4,145.1,145.3,491.789
1639429200000,145.3,145.6,145.1,145.6,401.092
1639429260000,145.5,145.7,145.5,145.5,353.972
1639429320000,145.5,145.6,145.4,145.4,236.717
1639429380000,145.5,145.6,145.1,145.2,387.304
1639429440000,145.2,145.2,145.0,145.1,232.102
1639429500000,145.1,145.2,144.9,144.9,130.229
1639429560000,145.0,145.1,144.7,144.8,202.788
1639429620000,144.8,144.8,144.3,144.5,235.298
1639429680000,144.5,144.6,144.3,144.4,386.443
1639429740000,144.5,144.6,143.9,143.9,1175.784
1639429800000,144.0,144.2,143.9,144.1,469.264
1639429860000,144.1,144.3,143.9,144.1,304.489
1639429920000,144.1,144.5,144.1,144.3,420.156
1639429980000,144.3,144.3,143.7,144.1,994.398
1639430040000,144.1,144.5,144.1,144.2,300.806
1639430100000,144.2,144.4,144.2,144.3,107.933
1639430160000,144.2,144.6,144.2,144.4,263.93
1639430220000,144.4,144.5,143.8,143.9,317.152
1639430280000,143.9,144.0,143.7,143.9,442.208
1639430340000,143.9,144.0,143.8,144.0,270.383
1639430400000,143.9,144.2,143.7,144.0,413.215
1639430460000,144.1,144.2,143.9,144.0,196.546
1639430520000,144.1,144.4,143.8,144.4,470.97
1639430580000,144.4,144.6,144.3,144.5,169.875
1639430640000,144.5,144.6,144.3,144.4,201.947
1639430700000,144.5,144.7,144.4,144.6,271.94
1639430760000,144.5,144.6,144.2,144.4,409.089
1639430820000,144.4,144.4,144.2,144.2,207.481
1639430880000,144.3,144.3,143.9,144.0,163.432
1639430940000,144.0,144.3,144.0,144.3,856.474
1639431000000,144.3,144.9,144.2,144.8,445.488
1639431060000,144.7,145.2,144.6,145.0,828.892
1639431120000,145.1,145.1,144.9,145.0,187.091
1639431180000,145.0,145.2,144.9,144.9,319.053
1639431240000,144.9,145.2,144.8,145.2,91.976
1639431300000,145.1,145.1,144.7,144.8,211.624
1639431360000,144.8,144.9,144.5,144.5,300.658
1639431420000,144.5,144.7,144.4,144.4,276.061
1639431480000,144.5,144.5,144.4,144.5,107.416
1639431540000,144.5,145.1,144.5,145.1,298.88
1639431600000,145.0,145.2,145.0,145.1,92.034
1639431660000,145.1,145.2,144.4,144.4,411.248
1639431720000,144.3,144.6,144.3,144.6,248.491
1639431780000,144.5,144.8,144.4,144.6,183.505
1639431840000,144.6,144.7,144.5,144.6,154.725
1639431900000,144.6,144.9,144.6,144.8,263.477
1639431960000,144.8,144.9,144.7,144.9,165.676
1639432020000,144.9,145.3,144.8,145.3,239.503
1639432080000,145.2,145.9,145.2,145.3,738.459
1639432140000,145.3,145.6,145.2,145.4,515.568
1639432200000,145.5,145.5,145.2,145.4,237.054
1639432260000,145.5,145.7,145.4,145.7,139.281
1639432320000,145.6,145.6,145.2,145.4,521.883
1639432380000,145.5,145.6,145.4,145.6,201.388
1639432440000,145.5,145.6,145.2,145.5,294.042
1639432500000,145.4,145.7,145.3,145.6,638.03
1639432560000,145.5,145.9,145.5,145.8,214.816
1639432620000,145.8,146.0,145.7,145.9,322.279
1639432680000,145.9,145.9,145.6,145.9,69.054
1639432740000,145.8,145.8,145.5,145.5,216.322
1639432800000,145.5,145.6,145.4,145.4,214.227
1639432860000,145.5,145.6,145.4,145.5,136.231
1639432920000,145.5,145.5,145.0,145.0,632.898
1639432980000,145.0,145.1,144.9,145.0,162.377
1639433040000,145.1,145.2,145.0,145.0,154.893
1639433100000,145.0,145.6,145.0,145.5,348.538
1639433160000,145.5,145.7,145.5,145.7,63.814
1639433220000,145.6,146.1,145.5,146.1,436.645
1639433280000,146.2,146.7,146.2,146.6,1784.176
1639433340000,146.6,146.9,146.5,146.7,1330.816
1639433400000,146.8,146.8,146.1,146.3,727.727
1639433460000,146.4,146.4,146.1,146.4,256.84
1639433520000,146.4,146.4,146.0,146.2,162.862
1639433580000,146.2,146.6,145.9,146.6,616.426
1639433640000,146.5,146.7,146.4,146.6,231.573
1639433700000,146.6,146.7,146.2,146.2,165.192
1639433760000,146.2,146.2,146.0,146.2,110.786
1639433820000,146.1,146.2,145.9,146.2,195.682
1639433880000,146.2,146.4,146.1,146.4,143.024
1639433940000,146.4,146.4,146.2,146.2,95.032
1639434000000,146.3,146.3,146.0,146.1,176.907
1639434060000,146.1,146.2,146.1,146.1,22.656
1639434120000,146.1,146.4,146.1,146.3,295.987
1639434180000,146.3,146.4,146.2,146.2,154.844
1639434240000,146.3,146.5,146.2,146.3,87.445
1639434300000,146.3,146.5,146.2,146.4,72.434
1639434360000,146.4,146.4,146.2,146.3,103.084
1639434420000,146.3,146.4,146.2,146.4,114.311
1639434480000,146.4,146.4,146.2,146.3,334.668
1639434540000,146.4,146.4,146.2,146.3,137.41
1639434600000,146.4,146.4,146.3,146.4,8.875
1639434660000,146.4,146.6,146.4,146.5,94.537
1639434720000,146.6,146.6,146.4,146.5,357.568
1639434780000,146.6,146.6,146.5,146.6,164.559
1639434840000,146.6,146.7,146.5,146.7,306.951
1639434900000,146.6,146.7,146.2,146.2,224.133
1639434960000,146.3,146.3,146.2,146.2,315.336
1639435020000,146.3,146.3,146.2,146.2,37.69
1639435080000,146.2,146.2,146.0,146.1,608.409
1639435140000,146.0,146.3,146.0,146.3,90.017
1639435200000,146.3,146.4,146.2,146.4,135.516
1639435260000,146.3,146.4,146.3,146.3,55.658
1639435320000,146.2,146.4,146.2,146.3,47.563
1639435380000,146.3,146.3,146.2,146.3,69.728
1639435440000,146.2,146.4,146.2,146.4,49.885
1639435500000,146.3,146.4,146.3,146.3,63.274
1639435560000,146.4,146.5,146.3,146.5,115.867
1639435620000,146.5,146.5,146.4,146.5,106.855
1639435680000,146.4,146.5,146.4,146.4,136.818
1639435740000,146.4,146.5,146.3,146.5,72.516
1639435800000,146.4,146.5,146.3,146.4,45.122
1639435860000,146.4,146.4,146.3,146.3,21.575
1639435920000,146.4,146.4,146.3,146.3,63.375
1639435980000,146.4,146.4,146.3,146.4,38.168
1639436040000,146.3,146.6,146.3,146.5,285.801
1639436100000,146.5,146.5,146.2,146.2,207.08
1639436160000,146.3,146.5,146.3,146.3,239.206
1639436220000,146.3,146.3,146.2,146.3,116.61
1639436280000,146.4,146.4,146.0,146.1,163.284
1639436340000,146.1,146.1,146.0,146.1,45.056
1639436400000,146.0,146.4,145.8,145.8,411.847
1639436460000,145.8,145.8,145.6,145.8,458.491
1639436520000,145.8,145.8,145.3,145.3,535.115
1639436580000,145.3,145.6,145.2,145.6,199.457
1639436640000,145.6,145.8,145.4,145.8,87.731
1639436700000,145.8,145.9,145.7,145.8,148.206
1639436760000,145.8,146.1,145.8,145.9,121.217
1639436820000,146.0,146.1,145.8,146.0,235.478
1639436880000,146.0,146.1,145.9,145.9,219.805
1639436940000,145.9,145.9,145.7,145.9,425.193
1639437000000,145.9,145.9,145.8,145.8,74.858
1639437060000,145.9,146.0,145.8,145.9,90.017
1639437120000,145.9,146.1,145.7,145.7,332.791
1639437180000,145.6,145.9,145.5,145.9,558.531
1639437240000,145.9,146.0,145.9,146.0,275.17
1639437300000,146.0,146.0,145.8,145.8,117.808
1639437360000,145.8,146.0,145.7,145.9,118.833
1639437420000,145.9,145.9,145.6,145.8,210.899
1639437480000,145.8,145.9,145.6,145.9,223.523
1639437540000,145.8,146.1,145.8,146.0,57.859
1639437600000,145.9,146.1,145.9,146.0,136.267
1639437660000,145.9,146.0,145.6,145.8,523.111
1639437720000,145.9,145.9,145.6,145.7,48.605
1639437780000,145.7,145.8,145.5,145.6,211.472
1639437840000,145.7,145.8,145.7,145.7,165.246
1639437900000,145.8,145.8,145.6,145.8,846.385
1639437960000,145.8,145.8,145.5,145.6,83.067
1639438020000,145.5,145.5,145.1,145.2,284.851
1639438080000,145.3,145.3,145.0,145.0,551.154
1639438140000,145.0,145.2,144.9,145.0,185.71
1639438200000,145.1,145.2,145.0,145.1,185.478
1639438260000,145.1,145.2,144.9,145.1,169.456
1639438320000,145.2,145.3,145.0,145.2,432.223
1639438380000,145.2,145.2,144.8,144.8,251.901
1639438440000,144.9,144.9,144.4,144.6,520.28
1639438500000,144.6,144.8,144.6,144.6,157.145
1639438560000,144.7,144.9,144.6,144.8,117.995
1639438620000,144.9,145.0,144.8,144.8,58.635
1639438680000,144.9,145.1,144.9,145.1,89.929
1639438740000,145.1,145.1,144.8,144.8,31.024
1639438800000,144.9,145.1,144.8,145.0,62.394
1639438860000,145.0,145.0,144.8,144.9,47.269
1639438920000,145.0,145.1,144.9,145.1,76.881
1639438980000,145.1,145.1,144.6,144.7,134.036
1639439040000,144.7,144.8,144.7,144.7,131.417
1639439100000,144.8,144.8,144.5,144.5,226.857
1639439160000,144.5,144.7,144.3,144.7,489.548
1639439220000,144.6,144.9,144.6,144.9,83.403
1639439280000,144.8,145.1,144.8,145.0,331.851
1639439340000,145.0,145.0,144.9,144.9,83.83
1639439400000,144.8,144.8,144.4,144.6,221.087
1639439460000,144.5,144.7,144.5,144.7,174.834
1639439520000,144.7,145.0,144.7,144.8,227.402
1639439580000,144.8,144.9,144.7,144.9,48.439
1639439640000,144.8,145.0,144.8,144.9,146.096
1639439700000,144.9,145.0,144.6,144.7,194.954
1639439760000,144.7,144.8,144.5,144.5,214.317
1639439820000,144.5,144.6,144.4,144.5,254.602
1639439880000,144.5,144.7,144.4,144.5,393.871
1639439940000,144.5,144.6,144.4,144.6,339.197
1639440000000,144.6,144.7,144.5,144.5,861.704
1639440060000,144.6,144.6,144.1,144.3,497.215
1639440120000,144.2,144.4,143.8,144.4,1041.192
1639440180000,144.5,144.5,143.8,143.8,661.861
1639440240000,143.9,144.0,143.0,143.1,3490.752
1639440300000,143.2,143.6,143.2,143.6,813.975
1639440360000,143.6,144.0,143.5,143.9,608.994
1639440420000,143.8,144.0,143.7,144.0,383.3
1639440480000,144.1,144.4,143.9,144.4,369.811
1639440540000,144.5,144.5,144.0,144.2,453.616
1639440600000,144.2,144.2,143.7,143.8,287.92
1639440660000,143.8,144.2,143.8,144.2,327.162
1639440720000,144.2,144.3,144.1,144.1,200.013
1639440780000,144.1,144.2,143.5,143.5,603.136
1639440840000,143.5,143.5,143.4,143.5,213.704
1639440900000,143.6,143.6,143.3,143.5,215.877
1639440960000,143.5,143.6,143.2,143.2,440.247
1639441020000,143.2,143.4,143.0,143.2,730.921
1639441080000,143.2,143.3,142.9,143.1,209.207
1639441140000,143.2,143.3,143.1,143.2,45.933
1639441200000,143.3,143.5,143.1,143.4,648.025
1639441260000,143.4,143.4,143.2,143.3,636.191
1639441320000,143.2,143.5,143.2,143.5,64.512
1639441380000,143.4,143.9,143.4,143.9,344.025
1639441440000,143.9,144.0,143.8,143.9,383.093
1639441500000,143.9,144.1,143.8,143.9,240.126
1639441560000,143.9,144.2,143.9,144.1,135.88
1639441620000,144.2,144.6,144.2,144.5,390.106
1639441680000,144.4,144.8,144.3,144.8,415.715
1639441740000,144.7,144.9,144.6,144.8,341.821
1639441800000,144.8,145.0,144.8,144.9,194.687
1639441860000,144.9,145.3,144.8,145.3,222.762
1639441920000,145.4,145.7,145.3,145.6,322.834
1639441980000,145.6,146.2,145.3,146.2,1325.674
1639442040000,146.2,146.2,145.8,146.0,1053.91
1639442100000,145.9,146.6,145.9,146.5,1121.17
1639442160000,146.5,146.6,146.2,146.4,213.632
1639442220000,146.3,146.4,146.1,146.2,222.577
1639442280000,146.2,146.2,145.7,145.9,200.125
1639442340000,145.8,145.9,145.5,145.6,562.102
1639442400000,145.7,146.0,145.5,146.0,405.581
1639442460000,146.1,146.3,146.0,146.1,293.192
1639442520000,146.2,146.3,146.1,146.2,206.143
1639442580000,146.3,146.4,146.1,146.4,114.142
1639442640000,146.4,146.6,146.2,146.5,510.007
1639442700000,146.5,146.6,146.2,146.2,409.195
1639442760000,146.1,146.2,146.0,146.0,117.149
1639442820000,146.1,146.1,145.9,145.9,116.344
1639442880000,146.0,146.0,145.9,146.0,59.784
1639442940000,145.9,146.0,145.7,146.0,203.376
1639443000000,145.9,146.1,145.9,146.0,205.42
1639443060000,145.9,146.0,145.7,145.8,176.803
1639443120000,145.9,145.9,145.7,145.8,132.425
1639443180000,145.9,145.9,145.6,145.7,92.001
1639443240000,145.8,145.9,145.7,145.9,271.896
1639443300000,146.0,146.0,145.8,145.9,322.524
1639443360000,145.9,146.0,145.7,145.8,318.694
1639443420000,145.8,145.9,145.7,145.9,489.399
1639443480000,145.8,145.9,145.5,145.5,211.971
1639443540000,145.5,145.6,145.4,145.5,240.228
1639443600000,145.6,145.8,145.5,145.5,307.085
1639443660000,145.6,145.6,145.4,145.4,249.655
1639443720000,145.4,145.5,145.3,145.4,247.822
1639443780000,145.4,145.4,145.2,145.3,385.6
1639443840000,145.3,145.3,145.1,145.1,217.333
1639443900000,145.1,145.1,144.9,145.0,663.725
1639443960000,145.0,145.0,144.8,144.9,224.793
1639444020000,145.0,145.0,144.8,145.0,344.283
1639444080000,145.0,145.3,145.0,145.3,607.581
1639444140000,145.3,145.3,145.0,145.2,271.66
1639444200000,145.1,145.2,144.9,145.1,279.813
1639444260000,145.1,145.1,144.9,145.0,226.533
1639444320000,145.0,145.3,145.0,145.2,271.857
1639444380000,145.2,145.4,145.2,145.2,280.618
1639444440000,145.2,145.5,145.2,145.5,380.593
1639444500000,145.5,145.7,145.4,145.7,434.323
1639444560000,145.8,145.9,145.6,145.7,459.697
1639444620000,145.7,145.8,145.5,145.7,185.59
1639444680000,145.7,145.9,145.7,145.9,123.152
1639444740000,146.0,146.0,145.8,146.0,235.649
1639444800000,146.0,146.1,145.8,145.9,275.02
1639444860000,145.9,145.9,145.5,145.6,282.84
1639444920000,145.6,145.7,145.3,145.5,352.07
1639444980000,145.5,145.5,145.1,145.3,109.217
1639445040000,145.3,145.4,145.1,145.3,300.158
1639445100000,145.3,145.3,145.1,145.2,111.726
1639445160000,145.3,145.4,145.2,145.3,305.394
1639445220000,145.2,145.5,145.1,145.4,223.195
1639445280000,145.5,145.5,145.1,145.2,419.431
1639445340000,145.3,145.3,145.0,145.0,485.409
1639445400000,145.0,145.1,144.6,144.8,368.907
1639445460000,144.7,144.8,144.5,144.7,349.673
1639445520000,144.7,144.8,144.6,144.7,69.0
1639445580000,144.7,144.7,144.5,144.7,1020.527
1639445640000,144.7,144.9,144.6,144.9,392.038
1639445700000,144.9,144.9,144.8,144.8,142.135
1639445760000,144.7,144.8,144.6,144.7,41.657
1639445820000,144.8,144.8,144.5,144.6,96.234
1639445880000,144.6,144.6,144.5,144.6,107.137
1639445940000,144.6,144.7,144.5,144.7,101.077
1639446000000,144.7,144.8,144.6,144.7,292.36
1639446060000,144.8,144.9,144.6,144.7,232.29
1639446120000,144.7,144.7,144.3,144.3,186.842
1639446180000,144.3,144.6,144.3,144.5,320.987
1639446240000,144.5,144.7,144.5,144.6,173.828
1639446300000,144.7,144.8,144.6,144.7,310.43
1639446360000,144.6,144.7,144.5,144.5,406.535
1639446420000,144.5,144.5,144.3,144.4,509.999
1639446480000,144.5,144.8,144.5,144.7,179.756
1639446540000,144.7,144.7,144.6,144.7,140.25
1639446600000,144.8,145.0,144.7,145.0,82.996
1639446660000,145.0,145.4,145.0,145.3,428.514
1639446720000,145.4,145.6,145.3,145.6,438.49
1639446780000,145.6,145.8,145.4,145.5,575.64
1639446840000,145.5,145.6,145.4,145.6,134.807
1639446900000,145.6,145.6,145.3,145.4,164.952
1639446960000,145.5,146.3,145.4,146.1,505.32
1639447020000,146.1,146.4,146.1,146.3,441.023
1639447080000,146.3,146.5,146.1,146.2,254.286
1639447140000,146.1,146.1,145.8,145.9,83.508
1639447200000,145.9,146.0,145.6,145.6,739.477
1639447260000,145.7,145.7,145.3,145.5,372.882
1639447320000,145.4,145.9,145.4,145.9,392.943
1639447380000,145.9,146.5,145.9,146.3,307.177
1639447440000,146.4,146.6,146.3,146.6,676.299
1639447500000,146.6,146.7,146.4,146.4,284.594
1639447560000,146.4,146.4,146.0,146.1,716.852
1639447620000,146.1,146.1,145.9,146.1,173.231
1639447680000,146.1,146.3,145.7,145.7,685.54
1639447740000,145.7,146.1,145.7,146.1,293.103
1639447800000,146.0,146.1,145.9,146.1,138.879
1639447860000,146.0,146.1,145.9,145.9,139.604
1639447920000,145.9,146.0,145.8,145.8,233.371
1639447980000,145.9,146.1,145.7,146.0,310.589
1639448040000,146.0,146.1,145.9,145.9,282.165
1639448100000,145.9,146.0,145.6,145.7,234.078
1639448160000,145.6,145.7,145.4,145.5,261.076
1639448220000,145.6,145.6,145.4,145.5,282.59
1639448280000,145.6,145.6,145.4,145.4,269.075
1639448340000,145.4,145.5,144.9,145.0,461.513
1639448400000,145.0,145.0,144.6,144.7,230.841
1639448460000,144.7,144.9,144.5,144.7,386.223
1639448520000,144.8,145.0,144.8,144.9,102.924
1639448580000,144.9,145.0,144.8,144.9,106.001
1639448640000,145.0,145.0,144.7,144.8,56.854
1639448700000,144.8,145.2,144.7,145.0,224.264
1639448760000,145.0,145.1,144.9,145.1,97.257
1639448820000,145.0,145.0,144.8,144.9,147.327
1639448880000,144.8,144.9,144.6,144.6,203.843
1639448940000,144.6,144.8,144.6,144.8,414.208
1639449000000,144.8,145.0,144.8,144.9,135.35
1639449060000,144.9,145.0,144.7,144.8,285.638
1639449120000,144.8,145.0,144.8,144.9,258.794
1639449180000,144.9,144.9,144.7,144.8,163.729
1639449240000,144.8,145.3,144.8,145.2,348.319
1639449300000,145.2,145.3,145.1,145.3,285.951
1639449360000,145.3,145.4,145.2,145.3,304.011
1639449420000,145.3,145.5,145.2,145.5,221.81
1639449480000,145.5,145.6,145.3,145.5,178.348
1639449540000,145.6,146.1,145.6,145.9,1249.2
1639449600000,145.9,146.0,145.8,145.8,137.18
1639449660000,145.8,145.9,145.6,145.7,161.74
1639449720000,145.8,146.0,145.8,145.9,290.599
1639449780000,145.9,146.1,145.8,146.0,143.827
1639449840000,146.0,146.0,145.7,145.8,172.714
1639449900000,145.8,145.8,145.5,145.6,180.093
1639449960000,145.5,145.7,145.4,145.4,254.294
1639450020000,145.5,145.6,145.4,145.5,140.371
1639450080000,145.4,145.6,145.4,145.5,37.5
1639450140000,145.4,145.5,145.2,145.2,171.155
1639450200000,145.2,145.4,145.2,145.3,324.536
1639450260000,145.3,145.6,145.3,145.6,144.508
1639450320000,145.6,145.8,145.6,145.7,319.674
1639450380000,145.8,145.9,145.7,145.9,148.953
1639450440000,145.9,146.1,145.9,146.1,229.49
1639450500000,146.1,146.1,145.8,145.9,183.663
1639450560000,145.9,146.1,145.9,146.1,92.65
1639450620000,146.0,146.2,146.0,146.1,178.692
1639450680000,146.1,146.1,146.0,146.1,272.162
1639450740000,146.1,146.3,146.0,146.2,529.858
1639450800000,146.2,146.7,146.1,146.7,812.217
1639450860000,146.7,146.8,146.3,146.3,758.648
1639450920000,146.4,146.4,145.9,146.1,258.429
1639450980000,146.0,146.3,145.9,146.2,370.748
1639451040000,146.3,146.4,146.2,146.4,113.879
1639451100000,146.4,146.7,146.4,146.5,283.96
1639451160000,146.6,146.6,146.4,146.5,275.842
1639451220000,146.5,146.7,146.4,146.6,230.117
1639451280000,146.5,146.6,146.3,146.5,214.198
1639451340000,146.5,146.7,146.4,146.5,105.409
1639451400000,146.5,146.8,146.4,146.8,441.327
1639451460000,146.8,146.8,146.4,146.5,280.648
1639451520000,146.4,146.5,146.2,146.4,302.241
1639451580000,146.4,146.4,146.1,146.2,152.538
1639451640000,146.1,146.2,146.0,146.0,165.039
1639451700000,146.0,146.2,146.0,146.2,149.43
1639451760000,146.3,146.4,146.2,146.3,240.945
1639451820000,146.3,146.4,146.2,146.4,154.471
1639451880000,146.3,146.4,146.0,146.1,151.503
1639451940000,146.0,146.0,145.8,145.8,204.601
1639452000000,145.8,145.9,145.6,145.6,423.495
1639452060000,145.7,145.8,145.5,145.6,217.644
1639452120000,145.6,145.7,145.4,145.5,197.795
1639452180000,145.5,145.6,145.4,145.5,90.605
1639452240000,145.5,145.6,145.2,145.3,275.537
1639452300000,145.3,145.6,145.2,145.5,230.68
1639452360000,145.5,145.6,145.4,145.6,115.434
1639452420000,145.6,145.7,145.4,145.7,173.679
1639452480000,145.7,145.8,145.5,145.7,344.726
1639452540000,145.6,146.4,145.6,146.0,1013.007
1639452600000,146.0,146.3,145.9,145.9,213.711
1639452660000,146.0,146.2,146.0,146.1,380.754
1639452720000,146.2,146.3,146.1,146.1,330.814
1639452780000,146.1,146.1,145.8,145.8,153.149
1639452840000,145.8,145.8,145.4,145.5,303.418
1639452900000,145.5,145.5,145.2,145.3,213.517
1639452960000,145.4,145.4,145.1,145.2,230.33
1639453020000,145.2,145.4,145.1,145.2,162.603
1639453080000,145.3,145.4,145.3,145.3,126.405
1639453140000,145.4,145.4,145.1,145.1,311.37
1639453200000,145.1,145.2,144.8,144.8,268.391
1639453260000,144.9,145.1,144.8,145.0,382.354
1639453320000,144.9,145.1,144.9,145.1,61.414
1639453380000,145.1,145.2,145.0,145.2,35.184
1639453440000,145.1,145.2,145.0,145.0,64.724
1639453500000,145.0,145.1,144.8,145.1,210.433
1639453560000,145.1,145.5,145.1,145.4,367.394
1639453620000,145.4,145.6,145.3,145.6,109.2
1639453680000,145.5,145.7,145.4,145.6,329.743
1639453740000,145.6,145.6,145.4,145.5,102.657
1639453800000,145.4,145.4,145.0,145.1,364.863
1639453860000,145.1,145.1,144.9,145.0,204.6
1639453920000,145.0,145.1,144.9,145.0,179.617
1639453980000,145.0,145.3,144.9,145.1,200.313
1639454040000,145.1,145.1,144.9,144.9,127.778
1639454100000,144.9,145.4,144.9,145.4,84.888
1639454160000,145.4,145.6,145.3,145.5,182.9
1639454220000,145.6,145.6,145.4,145.4,214.06
1639454280000,145.5,145.6,145.4,145.6,506.286
1639454340000,145.6,145.7,145.5,145.7,113.916
1639454400000,145.6,145.8,145.4,145.7,244.135
1639454460000,145.7,146.0,145.7,145.8,409.508
1639454520000,145.8,146.0,145.8,145.8,111.856
1639454580000,145.7,145.9,145.6,145.8,77.674
1639454640000,145.9,146.0,145.8,145.8,64.067
1639454700000,145.9,146.0,145.7,145.8,121.783
1639454760000,145.8,145.8,145.6,145.8,322.375
1639454820000,145.8,145.9,145.7,145.9,236.748
1639454880000,145.9,146.1,145.9,146.1,72.738
1639454940000,146.0,146.1,145.9,145.9,111.677
1639455000000,145.9,146.1,145.9,146.1,64.756
1639455060000,146.0,146.0,145.9,146.0,82.993
1639455120000,146.0,146.1,145.9,145.9,285.476
1639455180000,145.9,145.9,145.7,145.8,191.029
1639455240000,145.7,146.0,145.5,146.0,604.152
1639455300000,146.0,146.0,145.8,145.8,62.36
1639455360000,145.9,146.0,145.8,145.8,303.854
1639455420000,145.8,146.1,145.8,145.8,352.133
1639455480000,145.9,146.0,145.7,145.7,358.759
1639455540000,145.8,145.8,145.5,145.6,280.428
1639455600000,145.6,145.7,145.5,145.6,298.346
1639455660000,145.7,145.7,145.5,145.6,183.54
1639455720000,145.6,145.8,145.6,145.6,353.624
1639455780000,145.7,145.7,145.5,145.5,107.751
1639455840000,145.6,145.8,145.6,145.7,84.827
1639455900000,145.7,145.9,145.7,145.8,496.226
1639455960000,145.8,145.8,145.5,145.5,180.892
1639456020000,145.5,145.6,145.5,145.6,97.462
1639456080000,145.6,145.6,145.5,145.6,192.075
1639456140000,145.6,145.7,145.5,145.7,378.24
1639456200000,145.7,146.2,145.7,146.0,695.443
1639456260000,146.0,146.1,145.9,146.0,102.626
1639456320000,146.1,146.1,146.0,146.1,85.546
1639456380000,146.1,146.2,145.9,146.1,176.887
1639456440000,146.1,146.2,146.1,146.1,163.916
1639456500000,146.2,146.2,145.9,146.0,211.013
1639456560000,145.9,146.0,145.7,145.8,114.22
1639456620000,145.8,145.9,145.7,145.7,125.284
1639456680000,145.8,145.8,145.5,145.6,271.774
1639456740000,145.5,145.6,145.4,145.4,171.058
1639456800000,145.4,145.5,145.2,145.3,266.285
1639456860000,145.3,145.5,145.2,145.3,356.954
1639456920000,145.2,145.4,145.1,145.3,284.033
1639456980000,145.3,145.4,145.2,145.3,157.907
1639457040000,145.3,145.6,145.2,145.5,232.877
1639457100000,145.5,145.7,145.4,145.4,212.348
1639457160000,145.4,145.4,145.1,145.1,158.967
1639457220000,145.2,145.2,145.0,145.2,262.713
1639457280000,145.3,145.3,145.0,145.1,54.205
1639457340000,145.0,145.2,144.9,145.0,351.041
1639457400000,145.0,145.0,144.8,144.8,441.613
1639457460000,144.9,144.9,144.8,144.9,59.234
1639457520000,144.9,145.1,144.8,144.9,1251.248
1639457580000,144.9,145.0,144.7,144.7,200.855
1639457640000,144.7,144.8,144.6,144.7,171.098
1639457700000,144.6,144.9,144.6,144.8,408.332
1639457760000,144.8,145.0,144.7,145.0,131.297
1639457820000,144.9,145.2,144.9,145.2,109.797
1639457880000,145.2,145.2,144.9,145.2,186.488
1639457940000,145.1,145.3,145.1,145.1,110.693
1639458000000,145.1,145.2,145.0,145.1,192.583
1639458060000,145.2,145.4,145.1,145.3,208.584
1639458120000,145.4,145.4,145.2,145.3,187.655
1639458180000,145.4,145.5,145.2,145.3,218.451
1639458240000,145.2,145.5,145.2,145.5,137.571
1639458300000,145.5,145.5,145.4,145.5,60.596
1639458360000,145.4,145.5,145.1,145.1,275.064
1639458420000,145.0,145.1,144.9,144.9,131.705
1639458480000,144.9,145.1,144.9,145.0,155.937
1639458540000,145.0,145.1,145.0,145.0,166.323
1639458600000,145.0,145.2,145.0,145.1,266.525
1639458660000,145.1,145.2,145.1,145.2,198.159
1639458720000,145.2,145.2,145.0,145.0,178.535
1639458780000,145.1,145.1,144.4,144.5,327.059
1639458840000,144.4,144.5,144.3,144.4,176.513
1639458900000,144.5,144.6,144.3,144.6,338.345
1639458960000,144.6,144.7,144.5,144.6,125.904
1639459020000,144.7,144.8,144.6,144.8,144.683
1639459080000,144.8,145.0,144.8,144.9,186.635
1639459140000,144.9,145.0,144.8,144.9,110.476
1639459200000,145.0,145.1,144.9,145.1,363.113
1639459260000,145.1,145.4,145.0,145.2,690.674
1639459320000,145.3,145.4,145.1,145.2,270.484
1639459380000,145.2,145.2,145.0,145.1,170.788
1639459440000,145.1,145.1,144.9,144.9,124.062
1639459500000,144.9,145.4,144.9,145.4,129.777
1639459560000,145.4,145.5,145.3,145.3,92.551
1639459620000,145.3,145.4,145.2,145.4,83.141
1639459680000,145.4,145.7,145.4,145.6,296.176
1639459740000,145.6,145.7,145.5,145.7,103.587
1639459800000,145.7,145.8,145.7,145.7,147.44
1639459860000,145.7,145.7,145.4,145.6,598.386
1639459920000,145.5,145.7,145.5,145.6,205.119
1639459980000,145.7,146.0,145.7,145.9,496.036
1639460040000,145.9,146.2,145.9,145.9,375.155
1639460100000,146.0,146.0,145.8,145.9,339.281
1639460160000,145.9,145.9,145.7,145.8,273.643
1639460220000,145.8,145.8,145.7,145.7,149.42
1639460280000,145.8,145.8,145.4,145.6,216.08
1639460340000,145.6,145.6,145.4,145.5,44.182
1639460400000,145.5,145.7,145.4,145.6,99.092
1639460460000,145.7,145.9,145.7,145.8,187.471
1639460520000,145.8,145.8,145.5,145.5,292.787
1639460580000,145.6,145.6,145.4,145.4,206.628
1639460640000,145.5,145.8,145.5,145.7,186.56
1639460700000,145.7,145.8,145.6,145.6,181.351
1639460760000,145.6,145.6,145.1,145.1,235.06
1639460820000,145.1,145.2,145.1,145.1,92.771
1639460880000,145.1,145.1,145.0,145.0,146.489
1639460940000,145.1,145.2,145.0,145.1,160.387
1639461000000,145.0,145.0,144.9,145.0,60.785
1639461060000,145.0,145.1,144.9,145.0,65.834
1639461120000,144.9,144.9,144.6,144.6,214.68
1639461180000,144.7,144.7,144.3,144.5,316.277
1639461240000,144.5,144.7,144.5,144.6,281.179
1639461300000,144.5,144.6,144.4,144.5,156.459
1639461360000,144.4,144.4,144.3,144.3,319.614
1639461420000,144.4,144.4,144.1,144.2,565.293
1639461480000,144.2,144.3,144.1,144.2,112.021
1639461540000,144.1,144.2,144.1,144.2,166.911
1639461600000,144.1,144.5,144.1,144.4,794.374
1639461660000,144.4,145.0,144.4,145.0,399.753
1639461720000,144.9,146.1,144.9,145.4,2550.88
1639461780000,145.5,145.5,145.1,145.3,387.062
1639461840000,145.3,145.6,145.3,145.5,630.782
1639461900000,145.5,145.5,145.0,145.1,418.914
1639461960000,145.1,145.1,144.8,144.8,286.671
1639462020000,144.8,144.9,144.7,144.9,107.607
1639462080000,144.9,144.9,144.7,144.9,75.617
1639462140000,144.9,145.1,144.9,144.9,89.229
1639462200000,145.0,145.0,144.6,144.7,174.055
1639462260000,144.7,144.9,144.7,144.9,161.572
1639462320000,144.8,145.1,144.8,145.1,124.45
1639462380000,145.1,145.2,145.1,145.2,47.198
1639462440000,145.2,145.3,144.9,145.0,422.229
1639462500000,145.0,145.1,144.6,144.7,232.414
1639462560000,144.7,144.7,144.2,144.3,552.976
1639462620000,144.2,144.3,144.1,144.2,178.179
1639462680000,144.2,144.2,143.7,143.9,567.937
1639462740000,144.0,144.3,144.0,144.3,186.233
1639462800000,144.3,144.4,144.0,144.1,411.184
1639462860000,144.1,144.2,143.7,143.8,636.98
1639462920000,143.9,144.0,143.5,143.7,369.62
1639462980000,143.7,144.0,143.6,143.9,336.046
1639463040000,144.0,144.3,144.0,144.2,232.106
1639463100000,144.3,144.5,144.2,144.2,109.72
1639463160000,144.3,144.5,144.0,144.0,212.508
1639463220000,144.0,144.0,143.7,143.9,428.062
1639463280000,143.8,144.1,143.8,143.9,241.879
1639463340000,143.9,143.9,143.5,143.7,359.345
1639463400000,143.6,143.7,143.5,143.6,219.934
1639463460000,143.6,143.9,143.5,143.9,148.254
1639463520000,143.9,144.1,143.9,144.1,229.162
1639463580000,144.0,144.1,143.8,144.0,307.002
1639463640000,144.0,144.3,144.0,144.2,130.815
1639463700000,144.2,144.4,144.0,144.0,293.262
1639463760000,144.1,144.4,144.1,144.4,166.1
1639463820000,144.4,144.4,144.2,144.3,110.277
1639463880000,144.3,144.5,144.2,144.5,127.642
1639463940000,144.4,144.5,144.0,144.0,392.99
1639464000000,144.1,144.1,143.8,143.9,193.537
1639464060000,143.9,144.0,143.8,143.9,94.423
1639464120000,143.9,144.0,143.8,143.9,142.687
1639464180000,144.0,144.0,143.1,143.2,506.522
1639464240000,143.2,143.6,143.2,143.6,697.114
1639464300000,143.7,144.7,143.7,144.1,1822.946
1639464360000,144.1,144.2,143.9,143.9,585.725
1639464420000,144.0,144.1,143.9,144.0,761.426
1639464480000,144.0,144.4,143.9,144.3,738.255
1639464540000,144.3,144.9,144.3,144.9,446.693
1639464600000,144.9,145.4,144.7,144.8,2544.013
1639464660000,144.8,145.2,144.8,145.1,474.45
1639464720000,145.1,145.5,145.1,145.3,876.521
1639464780000,145.4,145.7,145.3,145.3,372.099
1639464840000,145.4,145.7,145.3,145.6,233.23
1639464900000,145.6,145.8,145.5,145.7,139.853
1639464960000,145.7,145.8,145.3,145.4,431.177
1639465020000,145.5,145.6,145.4,145.4,133.019
1639465080000,145.5,145.9,145.4,145.8,524.886
1639465140000,145.8,145.9,145.7,145.8,224.996
1639465200000,145.8,146.2,145.8,146.1,669.042
1639465260000,146.2,146.8,146.2,146.6,1057.882
1639465320000,146.6,147.0,146.4,146.4,1257.915
1639465380000,146.4,146.7,146.4,146.6,449.678
1639465440000,146.6,146.8,146.4,146.5,227.503
1639465500000,146.5,146.5,146.2,146.2,389.839
1639465560000,146.2,146.3,146.0,146.2,141.603
1639465620000,146.2,146.2,145.9,146.1,196.363
1639465680000,146.1,146.2,145.7,145.9,386.434
1639465740000,145.9,146.0,145.8,146.0,81.201
1639465800000,146.0,146.1,145.8,145.9,207.814
1639465860000,145.9,146.2,145.9,146.0,348.79
1639465920000,146.0,146.3,146.0,146.1,163.102
1639465980000,146.2,146.2,146.0,146.1,251.491
1639466040000,146.0,146.1,145.6,145.6,263.797
1639466100000,145.7,145.8,145.5,145.8,247.655
1639466160000,145.8,145.9,145.7,145.9,156.318
1639466220000,146.0,146.0,145.8,146.0,198.907
1639466280000,146.0,146.4,146.0,146.3,753.408
1639466340000,146.3,146.5,146.1,146.5,426.243
1639466400000,146.4,146.5,146.3,146.4,473.695
1639466460000,146.4,146.4,146.1,146.1,281.317
1639466520000,146.1,146.1,145.8,145.8,259.149
1639466580000,145.8,146.3,145.8,146.1,49.084
1639466640000,146.1,146.1,145.8,145.9,140.948
1639466700000,145.9,146.0,145.7,145.9,81.564
1639466760000,145.9,145.9,145.7,145.7,39.132
1639466820000,145.7,145.9,145.7,145.9,48.81
1639466880000,145.8,145.9,145.8,145.8,77.051
1639466940000,145.8,146.1,145.8,145.8,317.642
1639467000000,145.9,146.1,145.8,146.1,131.055
1639467060000,146.2,146.4,146.2,146.3,211.0
1639467120000,146.3,146.6,146.2,146.6,330.291
1639467180000,146.5,146.8,146.4,146.4,262.619
1639467240000,146.5,146.7,146.4,146.6,79.123
1639467300000,146.6,146.6,146.4,146.6,111.46
1639467360000,146.6,146.6,146.4,146.6,102.71
1639467420000,146.6,146.6,146.2,146.3,910.786
1639467480000,146.3,146.4,146.2,146.4,74.612
1639467540000,146.3,146.7,146.3,146.6,165.347
1639467600000,146.6,146.8,146.5,146.5,565.418
1639467660000,146.5,146.5,146.3,146.4,141.309
1639467720000,146.3,146.6,146.2,146.6,164.78
1639467780000,146.5,146.7,146.5,146.6,136.135
1639467840000,146.6,146.6,146.4,146.5,138.701
1639467900000,146.5,146.6,146.4,146.5,47.081
1639467960000,146.5,146.7,146.5,146.6,87.759
1639468020000,146.6,147.0,146.6,147.0,741.863
1639468080000,147.0,147.0,146.7,146.8,406.443
1639468140000,146.7,146.9,146.6,146.8,566.227
1639468200000,146.8,146.9,146.7,146.7,39.371
1639468260000,146.8,146.9,146.7,146.8,230.588
1639468320000,146.8,147.0,146.7,146.8,267.48
1639468380000,146.8,146.9,146.6,146.8,486.218
1639468440000,146.9,147.3,146.8,147.0,1208.647
1639468500000,147.0,147.1,146.7,146.7,209.994
1639468560000,146.8,146.9,146.6,146.8,216.976
1639468620000,146.9,146.9,146.6,146.8,496.114
1639468680000,146.8,146.8,146.7,146.8,143.335
1639468740000,146.8,146.9,146.7,146.9,477.27
1639468800000,146.9,147.4,146.9,147.1,781.602
1639468860000,147.2,148.0,147.0,147.8,2226.959
1639468920000,147.8,148.0,147.7,147.7,440.231
1639468980000,147.6,147.6,147.2,147.4,953.023
1639469040000,147.4,148.5,147.4,148.3,2022.933
1639469100000,148.3,148.3,147.7,147.9,568.259
1639469160000,147.8,148.0,147.7,147.8,372.14
1639469220000,147.9,147.9,147.7,147.8,232.709
1639469280000,147.8,147.9,147.7,147.8,138.463
1639469340000,147.8,147.9,147.7,147.9,387.743
1639469400000,147.9,147.9,147.6,147.6,148.014
1639469460000,147.6,147.7,147.4,147.5,164.173
1639469520000,147.5,147.7,147.3,147.5,288.814
1639469580000,147.6,147.7,147.5,147.7,720.767
1639469640000,147.7,147.7,147.5,147.7,484.866
1639469700000,147.7,147.9,147.7,147.8,242.792
1639469760000,147.8,147.8,147.4,147.5,624.426
1639469820000,147.5,147.7,147.5,147.5,249.009
1639469880000,147.5,147.8,147.5,147.7,384.96
1639469940000,147.7,147.7,147.3,147.4,1234.834
1639470000000,147.4,147.5,147.3,147.4,77.129
1639470060000,147.4,148.0,147.4,147.9,644.824
1639470120000,147.9,148.0,147.7,147.8,373.172
1639470180000,147.7,147.8,147.6,147.7,121.943
1639470240000,147.7,147.8,147.6,147.7,194.061
1639470300000,147.7,147.9,147.7,147.7,220.766
1639470360000,147.8,147.9,147.7,147.8,237.519
1639470420000,147.8,147.8,147.6,147.7,231.158
1639470480000,147.6,147.7,147.5,147.7,165.251
1639470540000,147.7,147.8,147.5,147.6,98.113
1639470600000,147.7,147.8,147.6,147.6,237.217
1639470660000,147.6,147.8,147.6,147.6,141.492
1639470720000,147.5,147.6,147.4,147.5,146.351
1639470780000,147.5,147.6,147.4,147.5,63.494
1639470840000,147.5,147.9,147.5,147.8,177.627
1639470900000,147.8,147.9,147.7,147.9,178.136
1639470960000,147.8,148.0,147.7,147.9,676.327
1639471020000,147.9,148.5,147.7,148.2,1259.388
1639471080000,148.2,148.3,148.1,148.3,451.541
1639471140000,148.2,148.4,148.2,148.2,147.965
1639471200000,148.2,148.3,148.1,148.2,195.64
1639471260000,148.2,148.2,148.0,148.1,164.845
1639471320000,148.0,148.3,148.0,148.2,305.119
1639471380000,148.3,148.5,148.2,148.5,785.035
1639471440000,148.5,148.6,148.4,148.4,185.247
1639471500000,148.4,148.5,148.3,148.5,201.45
1639471560000,148.6,148.6,148.2,148.3,501.648
1639471620000,148.2,148.4,148.1,148.1,193.124
1639471680000,148.2,148.3,148.1,148.2,234.531
1639471740000,148.3,148.3,148.0,148.0,362.147
1639471800000,148.1,148.2,147.9,148.0,360.771
1639471860000,148.0,148.0,147.8,147.8,688.151
1639471920000,147.8,148.1,147.8,148.1,242.642
1639471980000,148.1,148.2,148.0,148.1,162.237
1639472040000,148.1,148.2,148.0,148.1,869.43
1639472100000,148.2,148.3,148.1,148.3,206.215
1639472160000,148.3,148.4,148.2,148.4,229.56
1639472220000,148.5,148.5,148.2,148.4,240.07
1639472280000,148.3,148.6,148.3,148.6,158.396
1639472340000,148.5,148.9,148.5,148.6,1012.65
1639472400000,148.6,148.7,148.5,148.7,258.904
1639472460000,148.7,148.7,148.4,148.5,385.842
1639472520000,148.4,148.6,148.4,148.5,127.931
1639472580000,148.5,148.6,148.5,148.5,117.842
1639472640000,148.4,148.6,148.2,148.3,365.446
1639472700000,148.4,148.4,148.2,148.3,291.774
1639472760000,148.4,148.4,148.2,148.3,177.537
1639472820000,148.3,148.4,148.2,148.4,283.669
1639472880000,148.3,148.3,148.1,148.2,437.004
1639472940000,148.2,148.2,148.0,148.0,231.983
1639473000000,148.1,148.2,148.0,148.1,359.524
1639473060000,148.0,148.0,147.9,148.0,379.244
1639473120000,147.9,148.2,147.9,148.0,234.72
1639473180000,148.0,148.0,147.9,148.0,132.751
1639473240000,147.9,148.0,147.8,147.9,203.916
1639473300000,147.9,148.2,147.9,148.1,321.086
1639473360000,148.1,148.3,148.1,148.2,313.697
1639473420000,148.2,148.2,147.6,147.8,810.26
1639473480000,147.8,148.0,147.7,148.0,391.816
1639473540000,148.1,148.1,147.8,147.8,113.757
1639473600000,147.9,148.0,147.9,148.0,197.978
1639473660000,147.9,148.1,147.7,147.7,121.241
1639473720000,147.8,147.8,147.5,147.7,556.676
1639473780000,147.6,147.9,147.6,147.8,80.161
1639473840000,147.9,148.0,147.8,147.8,301.033
1639473900000,147.8,148.1,147.8,148.1,104.597
1639473960000,148.0,148.2,148.0,148.2,247.707
1639474020000,148.1,148.3,148.0,148.1,248.615
1639474080000,148.1,148.1,147.7,147.8,896.566
1639474140000,147.9,147.9,147.5,147.6,193.975
1639474200000,147.7,147.8,147.7,147.7,150.031
1639474260000,147.7,147.7,147.6,147.7,120.47
1639474320000,147.6,147.7,147.4,147.7,376.021
1639474380000,147.7,147.9,147.7,147.7,245.689
1639474440000,147.8,148.0,147.5,147.6,159.964
1639474500000,147.6,147.7,147.5,147.6,141.992
1639474560000,147.7,147.7,147.5,147.7,271.811
1639474620000,147.6,147.6,147.3,147.4,172.076
1639474680000,147.3,147.4,147.0,147.0,820.904
1639474740000,147.1,147.2,146.6,146.7,1528.174
1639474800000,146.7,146.9,146.5,146.6,825.122
1639474860000,146.6,146.7,146.4,146.7,822.067
1639474920000,146.6,146.8,146.5,146.8,170.083
1639474980000,146.7,146.9,146.7,146.8,385.062
1639475040000,146.7,146.8,146.4,146.4,287.107
1639475100000,146.4,146.5,146.3,146.3,571.16
1639475160000,146.3,146.5,146.3,146.5,554.887
1639475220000,146.6,146.8,146.6,146.7,173.793
1639475280000,146.7,146.8,146.6,146.7,163.357
1639475340000,146.7,146.8,146.6,146.7,160.166
1639475400000,146.7,146.7,146.4,146.5,118.402
1639475460000,146.4,147.0,146.4,146.7,351.53
1639475520000,146.7,146.8,146.4,146.6,242.325
1639475580000,146.6,146.7,146.5,146.7,320.84
1639475640000,146.6,146.6,146.2,146.2,299.375
1639475700000,146.3,146.4,146.0,146.1,565.492
1639475760000,146.1,146.2,146.0,146.2,318.638
1639475820000,146.2,146.3,146.0,146.1,249.365
1639475880000,146.2,146.2,146.0,146.1,192.309
1639475940000,146.1,146.1,145.9,146.0,284.131
1639476000000,146.0,146.6,146.0,146.4,1948.684
1639476060000,146.4,146.6,146.3,146.6,301.303
1639476120000,146.5,146.7,146.4,146.5,306.514
1639476180000,146.6,146.7,146.4,146.4,113.635
1639476240000,146.5,146.9,146.5,146.8,253.101
1639476300000,146.8,147.0,146.8,146.9,254.996
1639476360000,146.9,146.9,146.7,146.7,34.585
1639476420000,146.8,147.0,146.8,146.8,61.065
1639476480000,146.8,146.9,146.8,146.8,60.942
1639476540000,146.8,146.8,146.6,146.8,329.006
1639476600000,146.7,146.8,146.6,146.6,220.146
1639476660000,146.7,146.9,146.6,146.9,236.785
1639476720000,146.9,146.9,146.8,146.9,118.314
1639476780000,146.9,147.3,146.9,147.3,419.131
1639476840000,147.2,147.5,147.1,147.3,2600.457
1639476900000,147.3,147.4,147.1,147.4,399.994
1639476960000,147.4,147.4,147.2,147.3,114.629
1639477020000,147.3,147.4,147.2,147.3,162.453
1639477080000,147.2,147.2,147.0,147.2,286.845
1639477140000,147.1,147.3,147.0,147.3,243.569
1639477200000,147.3,147.7,147.3,147.7,331.759
1639477260000,147.6,148.1,147.6,147.8,254.057
1639477320000,147.9,147.9,147.5,147.7,342.015
1639477380000,147.6,147.7,147.4,147.4,589.871
1639477440000,147.5,147.7,147.4,147.7,66.248
1639477500000,147.7,147.7,147.5,147.7,120.724
1639477560000,147.7,147.8,147.6,147.6,121.841
1639477620000,147.7,147.7,147.5,147.7,95.901
1639477680000,147.7,147.8,147.5,147.8,97.936
1639477740000,147.8,147.8,147.4,147.6,208.27
1639477800000,147.5,147.7,147.4,147.7,447.27
1639477860000,147.7,148.0,147.7,147.8,219.043
1639477920000,147.9,148.2,147.8,148.1,507.791
1639477980000,148.2,148.2,147.9,147.9,87.102
1639478040000,148.0,149.0,147.9,148.7,1295.749
1639478100000,148.8,149.1,148.6,148.9,890.451
1639478160000,149.0,149.0,148.6,148.9,696.499
1639478220000,148.9,149.0,148.7,148.8,399.945
1639478280000,148.8,148.9,148.6,148.6,337.787
1639478340000,148.6,148.7,148.4,148.5,416.976
1639478400000,148.4,148.4,148.2,148.2,482.924
1639478460000,148.2,148.5,148.1,148.2,223.94
1639478520000,148.2,148.4,148.1,148.4,143.444
1639478580000,148.3,148.4,148.1,148.1,130.549
1639478640000,148.2,148.4,148.0,148.2,248.649
1639478700000,148.2,148.7,148.1,148.6,329.836
1639478760000,148.6,148.8,148.5,148.8,265.057
1639478820000,148.8,148.8,148.7,148.7,242.839
1639478880000,148.8,148.8,148.6,148.8,374.917
1639478940000,148.7,149.0,148.7,148.8,487.166
1639479000000,148.9,148.9,148.6,148.6,212.28
1639479060000,148.7,148.7,148.5,148.6,171.502
1639479120000,148.7,149.1,148.7,149.0,554.472
1639479180000,149.1,149.3,148.9,149.2,738.679
1639479240000,149.2,149.6,149.2,149.6,274.505
1639479300000,149.6,149.8,149.5,149.8,367.32
1639479360000,149.8,149.9,149.4,149.5,845.291
1639479420000,149.5,149.6,149.4,149.5,111.64
1639479480000,149.4,149.7,149.4,149.6,247.426
1639479540000,149.6,149.7,149.5,149.5,224.137
1639479600000,149.5,149.8,149.5,149.5,262.404
1639479660000,149.6,149.6,149.3,149.3,643.358
1639479720000,149.4,149.5,149.3,149.5,447.406
1639479780000,149.5,149.7,149.5,149.6,164.349
1639479840000,149.7,149.7,149.5,149.6,149.876
1639479900000,149.6,149.6,149.1,149.2,700.071
1639479960000,149.1,149.3,149.1,149.1,318.449
1639480020000,149.1,149.3,149.1,149.2,136.177
1639480080000,149.2,149.3,149.1,149.2,139.343
1639480140000,149.2,149.3,149.1,149.3,102.305
1639480200000,149.2,149.6,149.2,149.3,244.041
1639480260000,149.3,149.6,149.3,149.4,184.287
1639480320000,149.3,149.4,149.2,149.2,349.474
1639480380000,149.3,149.4,149.1,149.1,320.666
1639480440000,149.1,149.3,149.0,149.1,191.07
1639480500000,149.1,149.3,149.1,149.3,332.826
1639480560000,149.3,149.5,149.3,149.3,578.297
1639480620000,149.3,149.5,149.3,149.3,698.296
1639480680000,149.3,149.5,149.3,149.3,419.83
1639480740000,149.3,149.4,149.2,149.4,536.154
1639480800000,149.5,149.7,149.4,149.6,436.526
1639480860000,149.6,149.7,149.4,149.5,294.221
1639480920000,149.5,149.7,149.3,149.6,425.266
1639480980000,149.7,149.7,149.4,149.4,392.159
1639481040000,149.5,149.6,149.4,149.4,414.128
1639481100000,149.4,149.5,149.2,149.3,274.948
1639481160000,149.3,149.3,149.1,149.1,362.28
1639481220000,149.1,149.1,148.7,148.8,504.796
1639481280000,148.9,149.1,148.8,149.1,236.414
1639481340000,149.0,149.2,149.0,149.1,201.711
1639481400000,149.0,149.1,148.9,148.9,99.538
1639481460000,149.0,149.1,148.8,149.0,452.874
1639481520000,149.1,149.1,148.5,148.5,337.406
1639481580000,148.6,148.7,148.4,148.5,288.451
1639481640000,148.5,148.7,148.5,148.5,314.75
1639481700000,148.5,148.7,148.5,148.7,410.154
1639481760000,148.8,148.9,148.7,148.7,130.253
1639481820000,148.7,148.7,148.4,148.7,710.779
1639481880000,148.7,148.9,148.5,148.5,277.839
1639481940000,148.6,148.7,148.5,148.6,109.849
1639482000000,148.6,148.9,148.6,148.8,477.871
1639482060000,148.7,149.0,148.7,149.0,246.533
1639482120000,149.0,149.0,148.8,148.9,470.431
1639482180000,148.8,149.1,148.8,149.0,342.165
1639482240000,149.1,149.2,149.0,149.1,236.413
1639482300000,149.1,149.2,148.9,149.0,222.177
1639482360000,148.9,149.2,148.9,149.1,286.434
1639482420000,149.0,149.0,148.8,148.9,389.394
1639482480000,148.8,148.9,148.7,148.7,293.064
1639482540000,148.7,149.0,148.4,148.5,827.773
1639482600000,148.5,148.6,148.4,148.5,296.106
1639482660000,148.5,149.2,148.3,149.0,1103.778
1639482720000,149.1,149.7,149.0,149.6,504.036
1639482780000,149.7,150.9,149.6,150.5,4453.878
1639482840000,150.5,150.8,150.5,150.8,642.495
1639482900000,150.7,150.8,150.3,150.4,492.133
1639482960000,150.5,150.5,150.2,150.5,212.088
1639483020000,150.4,150.9,150.3,150.8,466.173
1639483080000,150.9,151.3,150.8,151.0,877.813
1639483140000,150.9,150.9,150.5,150.7,531.576
1639483200000,150.8,151.3,150.7,150.8,1142.304
1639483260000,150.8,151.5,150.8,151.5,1018.6
1639483320000,151.4,151.5,151.3,151.3,498.601
1639483380000,151.3,151.7,151.2,151.5,946.952
1639483440000,151.5,151.7,151.2,151.7,1410.186
1639483500000,151.6,151.7,151.2,151.3,1253.848
1639483560000,151.3,151.3,150.9,151.0,419.602
1639483620000,151.1,151.2,151.0,151.1,255.425
1639483680000,151.0,151.3,150.9,151.2,582.706
1639483740000,151.2,151.5,151.1,151.4,479.85
1639483800000,151.3,151.6,151.3,151.6,500.159
1639483860000,151.5,151.6,151.2,151.2,626.77
1639483920000,151.2,151.4,151.0,151.2,539.628
1639483980000,151.2,151.3,150.9,150.9,333.783
1639484040000,151.0,151.2,150.9,151.1,297.593
1639484100000,151.0,151.1,150.7,150.9,692.255
1639484160000,150.9,150.9,150.7,150.9,375.191
1639484220000,150.9,151.3,150.8,151.2,369.988
1639484280000,151.2,151.3,150.9,150.9,391.879
1639484340000,151.0,151.3,150.9,151.3,501.993
1639484400000,151.2,151.3,151.0,151.0,237.015
1639484460000,151.1,151.1,150.8,151.0,213.747
1639484520000,151.0,151.5,150.9,151.4,548.846
1639484580000,151.5,151.6,151.3,151.5,369.721
1639484640000,151.6,151.9,151.5,151.7,742.095
1639484700000,151.7,151.7,151.2,151.2,1121.496
1639484760000,151.2,151.5,151.2,151.3,432.904
1639484820000,151.2,151.3,150.9,151.0,432.551
1639484880000,151.0,151.0,150.8,150.9,664.886
1639484940000,150.9,151.0,150.8,151.0,328.669
1639485000000,150.9,151.1,150.8,151.0,255.405
1639485060000,151.0,151.0,150.8,150.9,364.457
1639485120000,151.0,151.1,150.7,150.7,277.276
1639485180000,150.7,150.8,150.6,150.7,853.122
1639485240000,150.6,150.7,150.3,150.5,361.409
1639485300000,150.5,150.5,150.1,150.3,318.576
1639485360000,150.3,150.4,150.2,150.3,478.931
1639485420000,150.3,150.4,150.2,150.4,285.192
1639485480000,150.3,150.5,150.2,150.3,153.318
1639485540000,150.2,150.5,150.2,150.3,852.666
1639485600000,150.2,150.5,150.2,150.4,135.045
1639485660000,150.4,150.5,150.1,150.2,453.888
1639485720000,150.1,150.2,149.8,150.1,569.197
1639485780000,150.1,150.3,149.9,150.0,339.721
1639485840000,150.1,150.3,150.0,150.1,127.952
1639485900000,150.2,150.5,150.1,150.3,261.722
1639485960000,150.4,150.4,150.1,150.4,204.511
1639486020000,150.4,150.5,150.2,150.2,140.731
1639486080000,150.2,150.3,150.0,150.1,126.284
1639486140000,150.1,150.3,149.8,150.1,919.514
1639486200000,150.1,150.1,149.9,149.9,95.505
1639486260000,150.0,150.2,150.0,150.1,108.065
1639486320000,150.1,150.4,150.1,150.3,269.054
1639486380000,150.4,150.5,150.3,150.3,290.378
1639486440000,150.2,150.4,150.1,150.3,157.241
1639486500000,150.3,150.4,150.1,150.3,714.814
1639486560000,150.3,150.5,150.2,150.3,995.44
1639486620000,150.3,150.3,149.9,150.2,470.258
1639486680000,150.2,150.5,150.2,150.3,450.344
1639486740000,150.2,150.3,149.9,150.0,339.878
1639486800000,150.0,150.4,150.0,150.2,340.476
1639486860000,150.3,150.6,150.2,150.3,418.555
1639486920000,150.4,150.5,150.3,150.3,111.394
1639486980000,150.4,150.8,150.4,150.7,495.161
1639487040000,150.7,150.8,150.4,150.4,357.799
1639487100000,150.5,150.5,150.2,150.3,164.042
1639487160000,150.4,150.5,150.3,150.4,127.045
1639487220000,150.3,150.4,150.2,150.3,313.933
1639487280000,150.2,150.6,150.1,150.6,300.529
1639487340000,150.5,150.7,150.5,150.5,178.843
1639487400000,150.5,150.7,150.5,150.5,296.463
1639487460000,150.5,150.6,150.5,150.5,169.827
1639487520000,150.5,150.6,150.5,150.6,186.267
1639487580000,150.6,150.7,150.5,150.5,156.284
1639487640000,150.6,150.6,150.3,150.3,492.589
1639487700000,150.3,150.4,150.2,150.2,162.27
1639487760000,150.3,150.3,150.1,150.2,59.054
1639487820000,150.2,150.4,150.1,150.3,331.788
1639487880000,150.3,150.4,150.1,150.2,142.309
1639487940000,150.3,150.3,149.9,149.9,199.857
1639488000000,149.9,149.9,149.5,149.6,453.646
1639488060000,149.6,149.7,149.4,149.5,186.513
1639488120000,149.4,149.4,149.2,149.4,221.168
1639488180000,149.3,149.7,149.3,149.5,337.138
1639488240000,149.5,149.5,149.2,149.3,253.812
1639488300000,149.4,149.5,149.2,149.2,272.535
1639488360000,149.3,149.7,149.2,149.5,412.277
1639488420000,149.5,149.7,149.5,149.5,194.638
1639488480000,149.6,149.7,149.3,149.4,205.525
1639488540000,149.4,149.7,149.4,149.6,192.6
1639488600000,149.6,149.6,149.2,149.2,457.537
1639488660000,149.2,149.4,149.1,149.2,207.909
1639488720000,149.2,149.3,148.9,148.9,457.417
1639488780000,148.9,149.0,148.6,148.7,337.646
1639488840000,148.7,149.0,148.7,148.7,255.098
1639488900000,148.7,149.0,148.7,148.9,128.485
1639488960000,149.0,149.0,148.7,148.8,865.858
1639489020000,148.7,148.8,148.4,148.5,475.289
1639489080000,148.4,148.6,148.3,148.3,598.955
1639489140000,148.4,148.5,148.3,148.4,224.392
1639489200000,148.4,148.6,148.3,148.3,839.275
1639489260000,148.4,148.8,148.4,148.8,286.561
1639489320000,148.8,148.9,148.5,148.6,345.48
1639489380000,148.7,148.7,148.1,148.1,842.918
1639489440000,148.1,148.4,148.1,148.2,290.241
1639489500000,148.2,148.3,147.8,148.0,957.497
1639489560000,147.9,148.0,147.8,148.0,696.545
1639489620000,147.9,148.4,147.9,148.1,1240.605
1639489680000,148.1,148.4,148.1,148.2,371.068
1639489740000,148.1,148.5,148.1,148.5,185.547
1639489800000,148.5,148.6,148.3,148.6,365.388
1639489860000,148.5,148.6,148.3,148.4,716.525
1639489920000,148.3,148.6,148.3,148.4,871.508
1639489980000,148.5,148.8,148.4,148.6,271.89
1639490040000,148.7,149.0,148.6,148.8,440.816
1639490100000,148.7,149.0,148.7,148.9,243.477
1639490160000,148.8,148.8,148.5,148.7,503.502
1639490220000,148.6,149.0,148.6,148.9,134.947
1639490280000,148.9,148.9,148.7,148.8,243.185
1639490340000,148.8,149.0,148.7,148.8,378.805
1639490400000,148.7,148.8,148.3,148.4,274.856
1639490460000,148.4,148.6,148.2,148.6,587.716
1639490520000,148.5,148.9,148.4,148.9,326.78
1639490580000,148.9,148.9,148.7,148.8,130.04
1639490640000,148.8,149.0,148.7,149.0,166.661
1639490700000,149.0,149.4,149.0,149.3,351.07
1639490760000,149.2,149.2,149.0,149.2,207.18
1639490820000,149.2,149.2,148.8,148.9,187.146
1639490880000,148.8,148.9,148.7,148.9,71.73
1639490940000,148.8,149.1,148.5,148.6,613.097
1639491000000,148.6,148.7,148.3,148.4,417.96
1639491060000,148.4,148.6,148.4,148.5,299.098
1639491120000,148.5,148.8,148.4,148.5,198.77
1639491180000,148.5,148.6,148.1,148.3,399.002
1639491240000,148.2,148.4,148.2,148.4,338.54
1639491300000,148.3,148.5,148.2,148.2,228.581
1639491360000,148.1,148.2,147.8,147.9,465.612
1639491420000,147.9,148.0,147.7,147.9,235.608
1639491480000,147.9,147.9,147.7,147.8,167.442
1639491540000,147.8,148.0,147.6,148.0,744.029
1639491600000,147.9,148.2,147.8,148.1,234.347
1639491660000,148.1,148.3,148.1,148.2,200.31
1639491720000,148.1,148.4,148.1,148.4,177.532
1639491780000,148.3,148.4,148.0,148.2,198.287
1639491840000,148.1,148.1,147.8,148.0,445.67
1639491900000,147.9,148.2,147.9,148.1,189.144
1639491960000,148.0,148.4,148.0,148.3,219.071
1639492020000,148.2,148.2,148.0,148.1,131.941
1639492080000,148.1,148.2,147.9,147.9,64.723
1639492140000,147.9,148.1,147.9,148.1,112.513
1639492200000,148.1,148.4,147.9,148.3,425.267
1639492260000,148.2,148.3,148.0,148.2,586.646
1639492320000,148.2,148.7,148.1,148.6,527.69
1639492380000,148.6,148.7,148.5,148.5,151.708
1639492440000,148.6,148.7,148.2,148.6,407.251
1639492500000,148.7,148.8,148.3,148.3,868.944
1639492560000,148.3,148.5,148.2,148.5,128.575
1639492620000,148.5,148.8,148.4,148.8,576.568
1639492680000,148.7,148.9,148.6,148.7,245.969
1639492740000,148.8,148.9,148.5,148.7,255.144
1639492800000,148.7,149.0,148.6,148.9,362.194
1639492860000,148.9,149.3,148.9,149.2,376.472
1639492920000,149.2,149.2,148.9,149.1,239.545
1639492980000,149.0,149.1,148.5,148.7,1457.814
1639493040000,148.6,148.9,148.6,148.9,408.153
1639493100000,148.9,149.3,148.9,149.1,399.318
1639493160000,149.2,149.4,149.1,149.2,159.576
1639493220000,149.3,149.4,149.0,149.0,125.074
1639493280000,149.1,149.1,148.9,148.9,125.446
1639493340000,149.0,149.0,148.9,149.0,157.851
1639493400000,149.1,149.3,148.9,149.2,706.29
1639493460000,149.1,149.3,149.0,149.2,128.843
1639493520000,149.2,149.2,148.9,148.9,128.035
1639493580000,149.0,149.0,148.9,149.0,138.956
1639493640000,149.0,149.3,149.0,149.3,308.899
1639493700000,149.3,149.4,149.1,149.4,247.056
1639493760000,149.4,149.7,149.2,149.5,579.37
1639493820000,149.5,149.7,149.2,149.3,943.487
1639493880000,149.3,149.7,149.3,149.6,316.434
1639493940000,149.6,149.7,149.4,149.5,436.696
1639494000000,149.5,149.6,149.4,149.6,305.8
1639494060000,149.6,149.9,149.5,149.7,412.139
1639494120000,149.7,149.8,149.1,149.3,433.039
1639494180000,149.3,149.3,149.0,149.1,120.933
1639494240000,149.0,149.2,148.9,148.9,335.401
1639494300000,149.0,149.3,148.9,149.2,1148.679
1639494360000,149.3,149.4,149.2,149.4,303.507
1639494420000,149.3,149.5,149.2,149.3,495.35
1639494480000,149.3,149.4,149.2,149.3,407.699
1639494540000,149.3,149.5,149.2,149.3,109.211
1639494600000,149.3,149.4,149.1,149.1,97.832
1639494660000,149.1,149.2,148.9,149.0,368.241
1639494720000,149.0,149.1,148.9,149.0,144.475
1639494780000,149.0,149.1,148.4,148.6,461.301
1639494840000,148.6,148.7,148.5,148.5,319.043
1639494900000,148.5,148.6,148.3,148.6,389.881
1639494960000,148.5,148.8,148.5,148.8,256.236
1639495020000,148.8,149.0,148.7,148.8,223.104
1639495080000,148.8,148.9,148.6,148.7,330.934
1639495140000,148.7,149.0,148.6,148.9,361.977
1639495200000,148.9,148.9,148.5,148.8,272.134
1639495260000,148.7,149.1,148.7,149.0,403.196
1639495320000,149.1,149.2,149.0,149.1,258.52
1639495380000,149.1,149.4,149.1,149.3,300.305
1639495440000,149.3,149.8,149.3,149.8,393.423
1639495500000,149.7,149.9,149.5,149.7,516.857
1639495560000,149.7,149.9,149.6,149.7,340.697
1639495620000,149.7,149.8,149.6,149.8,95.266
1639495680000,149.8,150.0,149.7,149.9,362.045
1639495740000,150.0,150.2,149.9,150.1,709.814
1639495800000,150.0,150.1,149.9,149.9,359.394
1639495860000,149.9,150.5,149.8,150.4,6240.902
1639495920000,150.4,150.7,150.3,150.4,683.075
1639495980000,150.4,150.4,149.9,150.2,309.063
1639496040000,150.1,150.1,149.9,150.1,275.606
1639496100000,150.0,150.0,149.7,149.9,499.447
1639496160000,149.8,150.0,149.8,150.0,344.635
1639496220000,149.9,150.3,149.9,150.2,245.036
1639496280000,150.2,150.2,149.9,150.0,264.917
1639496340000,150.1,150.3,149.9,149.9,397.658
1639496400000,149.9,150.0,149.7,149.9,601.326
1639496460000,149.9,150.0,149.5,149.5,407.986
1639496520000,149.6,149.7,149.6,149.7,224.317
1639496580000,149.7,149.7,149.3,149.5,212.771
1639496640000,149.5,149.7,149.5,149.7,144.643
1639496700000,149.7,149.9,149.2,149.3,1178.835
1639496760000,149.3,149.4,149.1,149.3,272.84
1639496820000,149.2,149.3,148.7,149.0,681.211
1639496880000,149.0,149.0,148.7,148.8,260.305
1639496940000,148.9,148.9,148.0,148.4,1368.634
1639497000000,148.4,148.4,147.9,147.9,495.65
1639497060000,147.9,148.0,147.4,147.5,1489.839
1639497120000,147.5,147.6,147.3,147.4,857.11
1639497180000,147.5,147.6,147.4,147.5,292.918
1639497240000,147.5,147.5,147.0,147.1,1338.091
1639497300000,147.0,147.2,146.6,146.7,702.806
1639497360000,146.7,146.7,146.1,146.6,1426.269
1639497420000,146.6,146.8,146.4,146.8,394.29
1639497480000,146.7,146.9,146.4,146.8,415.343
1639497540000,146.8,146.9,146.5,146.9,466.692
1639497600000,146.9,147.1,146.8,146.9,233.223
1639497660000,147.0,147.0,146.6,146.7,654.927
1639497720000,146.8,146.8,146.4,146.6,370.895
1639497780000,146.6,146.6,146.3,146.4,380.317
1639497840000,146.5,147.1,146.4,147.1,749.6
1639497900000,147.1,147.5,147.0,147.4,805.197
1639497960000,147.5,147.9,147.3,147.7,883.308
1639498020000,147.7,147.7,147.4,147.6,377.377
1639498080000,147.6,148.3,147.5,148.1,604.696
1639498140000,148.1,148.4,148.0,148.1,954.083
1639498200000,148.0,148.2,148.0,148.0,122.243
1639498260000,148.0,148.0,147.7,147.8,383.416
1639498320000,147.7,147.7,147.4,147.4,114.345
1639498380000,147.5,147.6,147.4,147.6,355.434
1639498440000,147.5,147.9,147.5,147.7,338.451
1639498500000,147.7,148.0,147.7,147.9,268.758
1639498560000,147.8,148.1,147.7,148.1,363.872
1639498620000,148.1,148.2,147.9,147.9,198.091
1639498680000,148.0,148.1,147.6,147.6,455.997
1639498740000,147.5,147.6,147.2,147.2,566.414
1639498800000,147.3,147.6,147.2,147.4,309.145
1639498860000,147.4,147.6,147.4,147.4,185.752
1639498920000,147.4,147.4,146.8,147.0,453.453
1639498980000,146.9,146.9,146.4,146.5,1244.031
1639499040000,146.6,146.9,146.5,146.8,357.204
1639499100000,146.8,147.3,146.8,147.2,425.634
1639499160000,147.2,147.5,147.2,147.5,310.543
1639499220000,147.5,147.9,147.5,147.7,296.821
1639499280000,147.7,147.9,147.6,147.7,146.17
1639499340000,147.7,148.1,147.6,148.0,242.462
1639499400000,148.0,148.0,147.8,147.9,148.503
1639499460000,147.9,147.9,147.5,147.7,493.682
1639499520000,147.8,148.1,147.7,148.0,429.884
1639499580000,148.1,148.2,147.9,148.1,223.436
1639499640000,148.1,148.2,147.8,148.0,114.513
1639499700000,148.1,148.6,148.1,148.5,682.758
1639499760000,148.4,148.5,148.3,148.4,313.201
1639499820000,148.4,148.5,148.2,148.3,161.52
1639499880000,148.4,148.7,148.3,148.6,162.402
1639499940000,148.5,148.6,148.3,148.5,131.72
1639500000000,148.6,148.7,148.5,148.5,203.376
1639500060000,148.5,148.9,148.4,148.7,796.755
1639500120000,148.6,148.8,148.5,148.6,651.06
1639500180000,148.6,148.6,148.1,148.3,598.822
1639500240000,148.3,148.3,148.0,148.1,194.608
1639500300000,148.0,148.6,147.9,148.5,448.706
1639500360000,148.5,148.7,148.4,148.6,200.981
1639500420000,148.7,148.7,148.4,148.5,83.502
1639500480000,148.6,148.8,148.5,148.7,187.002
1639500540000,148.6,148.7,148.3,148.4,264.274
1639500600000,148.3,148.5,148.1,148.4,315.786
1639500660000,148.4,148.4,148.2,148.2,207.985
1639500720000,148.1,148.2,148.0,148.1,130.095
1639500780000,148.1,148.2,147.7,147.9,882.662
1639500840000,147.9,147.9,147.6,147.7,325.576
1639500900000,147.8,148.1,147.7,148.1,276.49
1639500960000,148.1,148.1,147.8,147.9,126.873
1639501020000,147.9,148.0,147.3,147.5,2423.812
1639501080000,147.5,147.5,147.3,147.3,232.963
1639501140000,147.3,147.5,147.2,147.3,412.342
1639501200000,147.4,147.7,147.3,147.6,468.231
1639501260000,147.6,147.6,147.3,147.3,131.676
1639501320000,147.4,147.6,147.3,147.4,224.031
1639501380000,147.3,147.5,147.3,147.4,126.722
1639501440000,147.4,147.4,147.0,147.1,486.214
1639501500000,147.1,147.1,146.7,147.0,410.175
1639501560000,147.0,147.6,146.9,147.6,777.868
1639501620000,147.6,147.9,147.5,147.6,556.199
1639501680000,147.5,147.8,147.4,147.8,195.067
1639501740000,147.8,148.0,147.6,147.8,280.074
1639501800000,147.8,148.1,147.7,148.0,245.008
1639501860000,147.9,148.0,147.8,147.8,138.549
1639501920000,147.9,147.9,147.6,147.7,281.688
1639501980000,147.7,147.8,147.6,147.8,133.675
1639502040000,147.7,147.9,147.6,147.7,374.226
1639502100000,147.7,147.9,147.7,147.7,110.056
1639502160000,147.6,147.9,147.6,147.9,550.181
1639502220000,147.8,148.2,147.8,148.1,321.991
1639502280000,148.2,148.5,148.2,148.5,525.477
1639502340000,148.5,148.6,148.3,148.3,378.692
1639502400000,148.4,148.6,148.3,148.6,208.928
1639502460000,148.6,148.6,148.4,148.5,387.862
1639502520000,148.4,148.6,148.4,148.6,238.214
1639502580000,148.5,148.8,148.5,148.6,453.076
1639502640000,148.5,148.8,148.5,148.7,269.122
1639502700000,148.8,148.8,148.6,148.7,503.001
1639502760000,148.7,149.0,148.6,148.7,505.013
1639502820000,148.8,149.0,148.8,148.9,378.706
1639502880000,148.8,149.1,148.8,149.1,252.514
1639502940000,149.1,149.2,148.8,148.9,349.227
1639503000000,148.9,149.0,148.7,148.8,156.122
1639503060000,148.8,148.9,148.6,148.6,200.816
1639503120000,148.7,148.7,148.4,148.4,124.228
1639503180000,148.5,148.7,148.5,148.6,263.662
1639503240000,148.6,148.9,148.6,148.7,242.364
1639503300000,148.7,148.9,148.6,148.6,1306.688
1639503360000,148.6,148.8,148.5,148.7,173.621
1639503420000,148.7,148.7,148.3,148.4,327.116
1639503480000,148.3,148.5,148.1,148.2,201.278
1639503540000,148.2,148.2,147.9,147.9,590.266
1639503600000,147.9,148.3,147.9,148.1,346.358
1639503660000,148.1,148.3,148.0,148.3,71.017
1639503720000,148.3,148.4,148.0,148.0,409.775
1639503780000,148.1,148.1,147.9,148.1,202.895
1639503840000,148.1,148.2,147.9,148.0,198.952
1639503900000,148.0,148.0,147.8,147.9,80.923
1639503960000,147.9,148.0,147.7,148.0,221.603
1639504020000,148.0,148.2,147.9,147.9,489.502
1639504080000,147.9,147.9,147.6,147.7,126.563
1639504140000,147.8,147.9,147.6,147.7,89.579
1639504200000,147.7,147.9,147.7,147.7,194.985
1639504260000,147.7,147.7,147.4,147.5,163.367
1639504320000,147.5,147.5,147.3,147.5,119.932
1639504380000,147.5,147.8,147.5,147.7,228.723
1639504440000,147.8,148.0,147.7,148.0,340.595
1639504500000,147.9,148.0,147.7,147.7,261.008
1639504560000,147.7,147.8,147.4,147.5,167.069
1639504620000,147.5,147.6,147.5,147.5,76.496
1639504680000,147.5,147.5,147.1,147.2,163.985
1639504740000,147.2,147.4,147.1,147.4,279.225
1639504800000,147.3,147.5,147.2,147.5,407.699
1639504860000,147.4,147.6,147.3,147.3,154.128
1639504920000,147.3,147.4,147.1,147.3,364.773
1639504980000,147.3,147.7,147.3,147.5,171.901
1639505040000,147.5,147.8,147.5,147.6,277.466
1639505100000,147.7,148.0,147.6,148.0,275.192
1639505160000,147.9,148.1,147.9,148.0,125.517
1639505220000,147.9,148.1,147.9,148.0,134.654
1639505280000,148.1,148.2,147.9,147.9,111.04
1639505340000,147.9,148.6,147.9,148.5,563.568
1639505400000,148.5,148.5,148.2,148.3,186.793
1639505460000,148.3,148.3,147.9,148.1,291.214
1639505520000,148.0,148.1,147.8,148.1,206.1
1639505580000,148.0,148.3,147.9,148.3,209.236
1639505640000,148.2,148.3,148.0,148.1,144.431
1639505700000,148.1,148.1,147.8,147.8,146.034
1639505760000,147.9,147.9,147.4,147.5,142.792
1639505820000,147.5,147.6,147.4,147.4,218.288
1639505880000,147.5,147.7,147.4,147.6,62.629
1639505940000,147.7,148.0,147.6,148.0,365.603
1639506000000,147.9,148.1,147.8,147.9,238.953
1639506060000,147.8,147.9,147.5,147.6,268.765
1639506120000,147.6,147.6,147.4,147.6,131.02
1639506180000,147.6,147.6,147.2,147.3,157.318
1639506240000,147.3,147.4,147.1,147.1,160.883
1639506300000,147.2,147.6,147.2,147.6,233.593
1639506360000,147.5,147.7,147.4,147.7,209.72
1639506420000,147.8,148.0,147.7,148.0,311.996
1639506480000,148.0,148.1,147.7,147.7,425.87
1639506540000,147.7,147.9,147.6,147.9,163.354
1639506600000,147.9,147.9,147.5,147.6,222.168
1639506660000,147.6,147.6,147.3,147.4,246.48
1639506720000,147.5,147.5,147.1,147.3,394.953
1639506780000,147.2,147.3,146.6,146.6,652.538
1639506840000,146.7,146.9,146.3,146.4,1057.283
1639506900000,146.3,146.6,146.2,146.5,509.143
1639506960000,146.5,146.5,145.9,146.0,1027.415
1639507020000,146.0,146.3,145.6,145.8,1055.328
1639507080000,145.7,146.0,145.6,145.8,598.375
1639507140000,145.8,146.0,145.7,146.0,173.008
1639507200000,146.0,146.4,145.9,146.4,573.102
1639507260000,146.3,146.4,146.1,146.2,342.477
1639507320000,146.2,146.2,145.9,146.0,239.494
1639507380000,146.0,146.1,146.0,146.0,94.703
1639507440000,145.9,146.0,145.4,145.6,563.515
1639507500000,145.6,146.3,145.6,146.0,1036.003
1639507560000,146.0,146.2,145.9,146.0,157.89
1639507620000,145.9,146.0,145.7,145.9,456.565
1639507680000,145.9,146.1,145.9,146.1,131.45
1639507740000,146.1,146.2,145.9,146.1,389.144
1639507800000,146.1,146.3,145.9,146.0,518.414
1639507860000,146.0,146.2,145.7,146.1,484.039
1639507920000,146.1,146.1,145.9,146.0,80.709
1639507980000,146.1,146.2,146.0,146.1,38.533
1639508040000,146.0,146.1,145.8,146.0,205.673
1639508100000,146.0,146.1,145.9,145.9,87.799
1639508160000,145.9,145.9,145.8,145.8,266.342
1639508220000,145.8,145.9,145.7,145.8,112.63
1639508280000,145.9,146.0,145.7,145.9,105.399
1639508340000,146.0,146.3,146.0,146.2,420.604
1639508400000,146.3,146.4,146.1,146.3,200.013
1639508460000,146.3,146.3,146.0,146.2,148.154
1639508520000,146.3,146.6,146.1,146.5,519.057
1639508580000,146.6,146.9,146.5,146.7,195.976
1639508640000,146.8,146.9,146.6,146.7,383.406
1639508700000,146.6,146.8,146.6,146.6,184.393
1639508760000,146.7,146.9,146.7,146.9,220.469
1639508820000,146.8,146.9,146.7,146.8,50.433
1639508880000,146.8,146.8,146.4,146.5,540.189
1639508940000,146.6,146.7,146.2,146.6,225.763
1639509000000,146.5,147.0,146.5,146.9,363.139
1639509060000,147.0,147.0,146.8,146.9,146.383
1639509120000,146.9,147.0,146.8,146.9,215.0
1639509180000,146.9,147.0,146.7,146.7,342.233
1639509240000,146.7,146.8,146.7,146.7,52.765
1639509300000,146.7,147.0,146.7,146.9,269.674
1639509360000,147.0,147.2,146.9,147.0,789.415
1639509420000,147.0,147.1,146.9,147.0,493.078
1639509480000,147.1,147.4,147.0,147.2,572.993
1639509540000,147.1,147.2,146.8,146.9,369.006
1639509600000,146.9,147.0,146.7,146.7,130.049
1639509660000,146.8,147.0,146.7,146.8,112.627
1639509720000,146.8,147.1,146.8,147.1,70.125
1639509780000,147.0,147.2,146.8,146.9,205.034
1639509840000,146.8,147.1,146.8,147.0,278.556
1639509900000,146.9,147.4,146.9,147.2,254.253
1639509960000,147.2,147.4,147.2,147.2,83.725
1639510020000,147.3,147.4,147.2,147.3,253.708
1639510080000,147.3,147.4,147.1,147.2,212.989
1639510140000,147.3,147.4,147.1,147.3,98.145
1639510200000,147.2,147.5,147.2,147.4,294.629
1639510260000,147.5,147.8,147.4,147.6,271.493
1639510320000,147.5,147.7,147.5,147.7,199.62
1639510380000,147.7,147.7,147.6,147.6,129.232
1639510440000,147.6,147.7,147.3,147.4,338.958
1639510500000,147.5,147.5,147.2,147.3,146.417
1639510560000,147.3,147.3,147.1,147.3,149.781
1639510620000,147.3,147.3,146.8,146.9,288.166
1639510680000,146.9,147.0,146.9,146.9,206.016
1639510740000,146.9,147.1,146.9,147.0,124.913
1639510800000,147.1,147.4,147.1,147.3,352.02
1639510860000,147.3,147.3,147.1,147.2,223.14
1639510920000,147.2,147.2,146.8,146.9,206.68
1639510980000,147.0,147.0,146.8,146.9,156.452
1639511040000,146.9,147.1,146.8,147.0,189.86
1639511100000,147.1,147.2,146.9,147.2,244.748
1639511160000,147.1,147.3,147.0,147.0,312.533
1639511220000,147.0,147.2,146.9,147.0,264.176
1639511280000,147.0,147.0,146.5,146.5,213.51
1639511340000,146.6,146.7,146.5,146.6,156.021
1639511400000,146.6,146.8,146.5,146.7,299.885
1639511460000,146.6,146.7,146.3,146.4,243.81
1639511520000,146.3,146.4,146.1,146.1,210.393
1639511580000,146.2,146.4,146.2,146.2,229.902
1639511640000,146.2,146.6,146.2,146.5,356.678
1639511700000,146.6,146.8,146.5,146.8,197.682
1639511760000,146.8,147.0,146.8,146.9,203.273
1639511820000,147.0,147.0,146.7,146.9,348.977
1639511880000,146.8,146.8,146.5,146.6,171.939
1639511940000,146.6,146.9,146.6,146.8,132.744
1639512000000,146.8,147.1,146.8,147.1,334.141
1639512060000,147.0,147.2,146.8,146.9,167.747
1639512120000,146.8,147.5,146.7,147.5,877.165
1639512180000,147.5,147.7,147.4,147.7,219.98
1639512240000,147.6,147.6,147.4,147.4,241.773
1639512300000,147.4,147.6,147.3,147.5,68.114
1639512360000,147.5,147.6,147.4,147.5,140.806
1639512420000,147.6,147.8,147.5,147.7,351.667
1639512480000,147.6,147.7,147.5,147.6,248.888
1639512540000,147.6,147.7,147.5,147.5,156.892
1639512600000,147.5,147.7,147.4,147.5,936.469
1639512660000,147.5,147.6,147.3,147.3,129.543
1639512720000,147.3,147.4,147.2,147.2,136.245
1639512780000,147.2,147.3,147.1,147.2,178.275
1639512840000,147.2,147.4,147.0,147.4,294.045
1639512900000,147.4,147.6,147.2,147.6,986.577
1639512960000,147.6,147.6,147.5,147.5,61.919
1639513020000,147.5,147.7,147.5,147.7,127.029
1639513080000,147.6,147.8,147.5,147.7,349.124
1639513140000,147.6,147.9,147.6,147.9,421.625
1639513200000,147.8,147.9,147.6,147.7,290.035
1639513260000,147.7,147.8,147.4,147.4,415.284
1639513320000,147.4,147.6,147.2,147.4,175.217
1639513380000,147.5,147.6,147.5,147.6,202.765
1639513440000,147.6,147.8,147.5,147.7,80.497
1639513500000,147.7,147.7,147.4,147.5,59.367
1639513560000,147.6,147.7,147.5,147.6,245.218
1639513620000,147.6,147.6,147.4,147.5,79.967
1639513680000,147.5,147.9,147.4,147.7,437.698
1639513740000,147.6,147.8,147.6,147.8,148.971
1639513800000,147.7,147.8,147.5,147.7,279.904
1639513860000,147.6,147.9,147.6,147.9,30.715
1639513920000,147.8,148.1,147.7,148.0,528.213
1639513980000,148.0,148.1,147.9,148.0,128.203
1639514040000,148.1,148.1,147.8,147.9,283.156
1639514100000,147.9,148.2,147.9,148.1,158.827
1639514160000,148.2,148.5,148.1,148.5,613.696
1639514220000,148.4,149.1,148.3,149.0,1774.764
1639514280000,149.1,149.6,149.0,149.3,2523.508
1639514340000,149.3,149.8,149.1,149.8,1102.094
1639514400000,149.7,149.9,149.5,149.9,768.845
1639514460000,149.8,149.9,149.6,149.7,546.894
1639514520000,149.8,149.9,149.6,149.8,992.176
1639514580000,149.8,149.9,149.7,149.8,503.555
1639514640000,149.8,150.0,149.7,149.9,322.368
1639514700000,149.9,149.9,149.3,149.4,707.933
1639514760000,149.4,149.6,149.3,149.5,453.922
1639514820000,149.4,149.6,149.2,149.5,1004.5
1639514880000,149.6,149.6,149.2,149.3,330.88
1639514940000,149.3,149.4,148.9,149.1,359.378
1639515000000,149.0,149.3,149.0,149.1,547.93
1639515060000,149.2,149.5,149.2,149.4,422.614
1639515120000,149.5,149.6,149.2,149.5,580.945
1639515180000,149.4,149.7,149.4,149.5,298.93
1639515240000,149.4,149.4,148.8,148.9,2054.016
1639515300000,149.0,149.3,149.0,149.2,350.348
1639515360000,149.2,149.3,149.0,149.3,128.079
1639515420000,149.2,149.6,149.2,149.4,317.613
1639515480000,149.4,149.6,149.3,149.4,255.377
1639515540000,149.5,149.7,149.4,149.6,227.531
1639515600000,149.7,149.7,149.4,149.4,620.77
1639515660000,149.3,149.5,148.9,148.9,756.38
1639515720000,148.9,149.6,148.8,149.5,1049.747
1639515780000,149.4,149.5,149.3,149.3,527.672
1639515840000,149.4,149.5,149.2,149.3,205.568
1639515900000,149.3,149.7,149.3,149.6,410.222
1639515960000,149.6,149.6,149.5,149.6,70.152
1639516020000,149.6,149.7,149.5,149.6,345.703
1639516080000,149.5,149.7,149.5,149.6,181.515
1639516140000,149.6,150.7,149.5,150.3,2223.501
1639516200000,150.3,150.6,150.1,150.4,769.535
1639516260000,150.5,150.6,150.3,150.4,247.998
1639516320000,150.4,150.9,150.3,150.8,614.549
1639516380000,150.7,151.1,150.7,150.9,916.387
1639516440000,150.9,151.0,150.5,150.8,613.908
1639516500000,150.7,150.9,150.4,150.4,408.664
1639516560000,150.5,150.8,150.5,150.6,343.647
1639516620000,150.6,150.8,150.5,150.6,166.097
1639516680000,150.6,150.6,150.1,150.1,423.289
1639516740000,150.1,150.3,150.1,150.3,343.914
1639516800000,150.2,150.4,150.1,150.3,278.978
1639516860000,150.3,150.6,150.2,150.4,639.695
1639516920000,150.5,150.6,150.3,150.4,184.325
1639516980000,150.4,150.6,150.2,150.5,276.394
1639517040000,150.6,150.6,150.4,150.5,112.252
1639517100000,150.4,150.5,150.1,150.3,289.12
1639517160000,150.2,150.5,150.2,150.5,456.036
1639517220000,150.4,150.6,150.3,150.4,317.085
1639517280000,150.3,150.7,150.3,150.6,369.712
1639517340000,150.6,150.7,150.4,150.5,313.854
1639517400000,150.6,150.7,150.5,150.6,172.795
1639517460000,150.5,150.6,150.4,150.5,348.911
1639517520000,150.5,150.5,150.2,150.3,151.792
1639517580000,150.3,150.5,150.2,150.2,335.519
1639517640000,150.3,150.6,150.2,150.4,370.895
1639517700000,150.4,150.7,150.4,150.7,218.953
1639517760000,150.7,151.0,150.6,151.0,562.884
1639517820000,150.9,151.4,150.8,151.2,1308.352
1639517880000,151.2,151.4,150.8,151.0,1553.35
1639517940000,151.0,151.1,150.9,151.1,854.021
1639518000000,151.0,151.6,150.8,151.5,2713.619
1639518060000,151.6,151.6,151.3,151.4,576.324
1639518120000,151.4,151.6,151.3,151.5,401.498
1639518180000,151.4,151.6,151.2,151.3,773.25
1639518240000,151.3,151.4,151.0,151.1,291.202
1639518300000,151.2,151.4,151.1,151.3,580.205
1639518360000,151.3,151.3,151.1,151.2,97.76
1639518420000,151.2,151.3,150.8,150.8,682.82
1639518480000,150.8,151.1,150.8,151.1,336.317
1639518540000,151.0,151.4,151.0,151.3,306.621
1639518600000,151.4,151.6,151.3,151.4,275.178
1639518660000,151.5,151.5,151.2,151.3,202.856
1639518720000,151.4,151.4,151.0,151.0,202.377
1639518780000,151.0,151.1,150.8,151.0,466.707
1639518840000,151.0,151.1,150.9,150.9,129.319
1639518900000,150.9,151.0,150.6,150.6,749.454
1639518960000,150.6,150.6,150.3,150.5,860.585
1639519020000,150.4,150.5,150.2,150.2,760.7
1639519080000,150.2,150.5,150.2,150.4,104.554
1639519140000,150.4,150.6,150.4,150.5,191.99
1639519200000,150.4,150.7,150.4,150.6,518.486
1639519260000,150.6,150.7,150.4,150.4,314.824
1639519320000,150.4,150.5,150.3,150.4,34.311
1639519380000,150.4,150.4,149.9,149.9,1099.253
1639519440000,150.0,150.1,149.9,150.0,331.72
1639519500000,150.0,150.4,149.9,150.3,930.766
1639519560000,150.2,150.4,150.2,150.3,259.933
1639519620000,150.3,150.5,150.3,150.4,105.218
1639519680000,150.4,150.7,150.4,150.4,249.743
1639519740000,150.5,150.7,150.4,150.6,80.349
1639519800000,150.6,150.9,150.5,150.8,2163.529
1639519860000,150.7,150.9,150.7,150.7,865.231
1639519920000,150.8,150.8,150.3,150.4,341.153
1639519980000,150.4,150.5,150.3,150.3,129.908
1639520040000,150.4,150.6,150.3,150.5,281.672
1639520100000,150.5,150.7,150.4,150.7,153.987
1639520160000,150.7,150.8,150.7,150.7,151.466
1639520220000,150.8,150.8,150.5,150.5,192.809
1639520280000,150.5,150.7,150.5,150.6,96.545
1639520340000,150.5,150.6,150.4,150.5,122.918
1639520400000,150.5,150.7,150.3,150.4,366.573
1639520460000,150.3,150.5,150.3,150.5,155.276
1639520520000,150.5,150.7,150.4,150.5,185.973
1639520580000,150.6,150.6,150.2,150.3,217.105
1639520640000,150.2,150.3,150.1,150.2,151.224
1639520700000,150.2,150.2,150.1,150.1,62.927
1639520760000,150.1,150.1,149.9,150.0,152.983
1639520820000,149.9,150.1,149.8,149.9,392.655
1639520880000,149.9,150.0,149.8,149.8,124.27
1639520940000,149.9,149.9,149.7,149.7,69.678
1639521000000,149.7,149.8,149.7,149.7,34.298
1639521060000,149.8,149.8,149.7,149.7,42.851
1639521120000,149.7,149.8,149.7,149.7,64.733
1639521180000,149.8,149.8,149.7,149.7,128.551
1639521240000,149.7,149.8,149.7,149.7,264.52
1639521300000,149.7,149.7,149.5,149.5,193.527
1639521360000,149.5,149.9,149.5,149.9,611.724
1639521420000,149.8,150.0,149.8,149.9,129.63
1639521480000,150.0,150.0,149.9,150.0,13.294
1639521540000,149.9,150.0,149.8,149.8,158.283
1639521600000,149.8,149.9,149.7,149.7,102.919
1639521660000,149.7,149.8,149.6,149.7,93.272
1639521720000,149.6,149.8,149.6,149.8,83.625
1639521780000,149.8,150.0,149.7,150.0,72.206
1639521840000,149.9,150.2,149.9,150.2,482.058
1639521900000,150.1,150.2,149.9,150.1,238.105
1639521960000,150.1,150.1,149.9,149.9,55.576
1639522020000,150.0,150.1,149.9,150.1,44.584
1639522080000,150.0,150.1,150.0,150.0,91.557
1639522140000,150.0,150.0,149.9,149.9,107.792
1639522200000,150.0,150.0,149.9,149.9,10.09
1639522260000,150.0,150.1,149.9,150.1,81.241
1639522320000,150.1,150.2,150.0,150.2,42.57
1639522380000,150.2,150.3,150.2,150.3,120.76
1639522440000,150.3,150.4,150.3,150.4,45.383
1639522500000,150.3,150.4,150.2,150.3,139.146
1639522560000,150.3,150.4,150.2,150.3,97.218
1639522620000,150.3,150.4,150.3,150.4,28.643
1639522680000,150.3,150.4,150.3,150.3,86.498
1639522740000,150.3,150.4,150.2,150.2,65.229
1639522800000,150.2,150.2,150.0,150.0,146.785
1639522860000,150.0,150.1,149.9,149.9,141.46
1639522920000,149.8,150.0,149.8,149.9,112.283
1639522980000,149.9,149.9,149.7,149.8,339.801
1639523040000,149.8,149.9,149.7,149.8,73.746
1639523100000,149.9,149.9,149.8,149.9,72.76
1639523160000,149.9,149.9,149.8,149.9,30.131
1639523220000,149.9,150.2,149.9,150.0,515.844
1639523280000,150.0,150.0,149.8,150.0,267.746
1639523340000,150.1,150.3,150.0,150.1,228.886
1639523400000,150.1,150.6,150.0,150.5,334.376
1639523460000,150.5,150.5,150.3,150.4,106.269
1639523520000,150.4,150.6,150.2,150.5,335.18
1639523580000,150.5,150.5,150.4,150.5,162.953
1639523640000,150.5,150.6,150.4,150.5,357.882
1639523700000,150.5,150.6,150.3,150.3,234.146
1639523760000,150.3,150.5,150.2,150.3,181.18
1639523820000,150.3,150.4,150.0,150.1,264.067
1639523880000,150.1,150.3,150.1,150.2,308.94
1639523940000,150.3,150.4,150.2,150.4,184.766
1639524000000,150.3,150.4,150.2,150.2,117.828
1639524060000,150.2,150.4,149.9,149.9,690.689
1639524120000,150.0,150.2,150.0,150.1,449.634
1639524180000,150.2,150.2,150.0,150.1,129.563
1639524240000,150.2,150.3,150.1,150.3,81.723
1639524300000,150.3,150.5,150.3,150.4,192.758
1639524360000,150.3,150.4,150.0,150.0,183.903
1639524420000,150.0,150.2,149.9,149.9,202.678
1639524480000,149.9,150.0,149.8,150.0,303.368
1639524540000,149.9,150.0,149.8,149.9,155.662
1639524600000,150.0,150.1,149.9,150.1,138.5
1639524660000,150.1,150.2,149.9,149.9,139.553
1639524720000,149.9,150.0,149.8,149.9,513.026
1639524780000,149.9,150.0,149.9,149.9,82.001
1639524840000,149.9,150.0,149.9,149.9,13.861
1639524900000,149.9,150.3,149.8,150.1,295.265
1639524960000,150.1,150.3,150.0,150.1,108.149
1639525020000,150.1,150.1,149.9,150.1,92.171
1639525080000,150.1,150.3,150.0,150.2,129.321
1639525140000,150.1,150.2,149.9,150.0,33.808
1639525200000,150.0,150.1,149.9,150.1,58.282
1639525260000,150.1,150.5,150.1,150.3,754.64
1639525320000,150.4,150.4,150.2,150.3,116.393
1639525380000,150.3,150.5,150.2,150.3,189.829
1639525440000,150.4,150.4,150.2,150.3,103.846
1639525500000,150.3,150.4,150.1,150.4,175.517
1639525560000,150.4,150.4,150.1,150.2,55.417
1639525620000,150.1,150.2,150.0,150.0,57.158
1639525680000,150.0,150.1,149.9,150.1,152.597
1639525740000,150.0,150.2,150.0,150.2,184.597
1639525800000,150.3,150.3,150.1,150.2,236.465
1639525860000,150.1,150.6,150.1,150.5,798.868
1639525920000,150.6,150.9,150.5,150.5,954.34
1639525980000,150.6,150.8,150.3,150.6,503.006
1639526040000,150.6,150.7,150.4,150.6,131.23
1639526100000,150.6,150.6,150.4,150.5,34.84
1639526160000,150.5,150.6,150.4,150.5,195.509
1639526220000,150.4,150.5,150.3,150.4,67.492
1639526280000,150.5,150.5,150.4,150.5,666.744
1639526340000,150.5,150.6,150.4,150.4,114.952
1639526400000,150.3,150.4,150.1,150.1,543.442
