timestamp,open,high,low,close,volume
1651622400000,0.6047,0.6056,0.6041,0.6049,678798.0
1651622460000,0.605,0.6051,0.6049,0.6051,68754.0
1651622520000,0.6052,0.6056,0.6051,0.6055,500262.0
1651622580000,0.6055,0.6055,0.6042,0.6042,867954.0
1651622640000,0.6043,0.6046,0.6039,0.6044,125623.0
1651622700000,0.6044,0.6056,0.6044,0.6056,164901.0
1651622760000,0.6056,0.6065,0.6056,0.6065,294442.0
1651622820000,0.6064,0.6065,0.6062,0.6062,99891.0
1651622880000,0.6062,0.6101,0.6062,0.6094,741292.0
1651622940000,0.6094,0.6098,0.6085,0.6091,499784.0
1651623000000,0.6089,0.609,0.6085,0.6085,105178.0
1651623060000,0.6085,0.6088,0.6083,0.6085,191987.0
1651623120000,0.6086,0.6086,0.6078,0.6079,190909.0
1651623180000,0.6079,0.6085,0.6079,0.608,300157.0
1651623240000,0.6079,0.608,0.6076,0.6077,355456.0
1651623300000,0.6076,0.608,0.6073,0.6076,274591.0
1651623360000,0.6075,0.6078,0.6073,0.6078,251048.0
1651623420000,0.6079,0.6094,0.6078,0.6091,381287.0
1651623480000,0.6091,0.6091,0.6082,0.6083,339972.0
1651623540000,0.6083,0.6087,0.6082,0.6085,150299.0
1651623600000,0.6085,0.6085,0.6082,0.6084,61515.0
1651623660000,0.6084,0.6085,0.608,0.6081,94293.0
1651623720000,0.608,0.6081,0.6077,0.6079,50873.0
1651623780000,0.6079,0.6079,0.6077,0.6077,8607.0
1651623840000,0.6077,0.6078,0.6074,0.6074,25851.0
1651623900000,0.6074,0.608,0.6074,0.6075,375967.0
1651623960000,0.6075,0.6084,0.6073,0.6082,689110.0
1651624020000,0.6083,0.6083,0.608,0.608,35674.0
1651624080000,0.6079,0.6079,0.6076,0.6076,60623.0
1651624140000,0.6075,0.6079,0.6075,0.6079,67491.0
1651624200000,0.6078,0.6085,0.6077,0.6083,167737.0
1651624260000,0.6083,0.6086,0.6081,0.6085,69663.0
1651624320000,0.6084,0.6092,0.6082,0.6091,233463.0
1651624380000,0.6091,0.6098,0.6088,0.6094,670756.0
1651624440000,0.6095,0.6097,0.6092,0.6094,202565.0
1651624500000,0.6093,0.6096,0.6092,0.6095,84885.0
1651624560000,0.6095,0.61,0.6094,0.61,69378.0
1651624620000,0.6099,0.61,0.6095,0.6096,67332.0
1651624680000,0.6096,0.6096,0.6095,0.6096,62099.0
1651624740000,0.6096,0.6098,0.6096,0.6097,86642.0
1651624800000,0.6097,0.6114,0.6097,0.6108,439525.0
1651624860000,0.6108,0.6109,0.6103,0.6106,205563.0
1651624920000,0.6105,0.6106,0.6102,0.6102,109288.0
1651624980000,0.6103,0.6105,0.61,0.61,88490.0
1651625040000,0.6101,0.6102,0.61,0.6102,142407.0
1651625100000,0.6102,0.6105,0.6101,0.6105,131490.0
1651625160000,0.6105,0.6105,0.6099,0.6102,394966.0
1651625220000,0.6103,0.6103,0.61,0.6101,159195.0
1651625280000,0.61,0.6101,0.6098,0.61,110316.0
1651625340000,0.61,0.6106,0.61,0.6102,124680.0
1651625400000,0.6103,0.6104,0.6098,0.6104,135097.0
1651625460000,0.6105,0.6107,0.6101,0.6102,112708.0
1651625520000,0.6101,0.6106,0.6101,0.6104,201093.0
1651625580000,0.6105,0.6106,0.6102,0.6103,76096.0
1651625640000,0.6102,0.6105,0.6102,0.6104,99678.0
1651625700000,0.6105,0.6105,0.6104,0.6104,32537.0
1651625760000,0.6104,0.6105,0.6104,0.6104,291612.0
1651625820000,0.6105,0.6107,0.6105,0.6106,209509.0
1651625880000,0.6106,0.6106,0.6103,0.6104,113537.0
1651625940000,0.6104,0.6105,0.6104,0.6105,69731.0
1651626000000,0.6105,0.6115,0.6104,0.6115,325986.0
1651626060000,0.6115,0.6124,0.6115,0.612,525096.0
1651626120000,0.612,0.6121,0.6112,0.6112,181269.0
1651626180000,0.6112,0.6113,0.6108,0.6113,293069.0
1651626240000,0.6113,0.6119,0.6113,0.6114,223119.0
1651626300000,0.6114,0.6116,0.611,0.6115,499986.0
1651626360000,0.6115,0.6123,0.6115,0.6116,400635.0
1651626420000,0.6116,0.6116,0.6112,0.6114,180110.0
1651626480000,0.6114,0.6126,0.6114,0.6126,254216.0
1651626540000,0.6126,0.6126,0.6123,0.6125,68318.0
1651626600000,0.6125,0.6129,0.612,0.6127,456082.0
1651626660000,0.6128,0.6128,0.6123,0.6126,251021.0
1651626720000,0.6126,0.6126,0.6123,0.6124,42136.0
1651626780000,0.6125,0.6125,0.6123,0.6123,16988.0
1651626840000,0.6123,0.6129,0.6123,0.6126,409107.0
1651626900000,0.6126,0.6126,0.6122,0.6126,94899.0
1651626960000,0.6125,0.6126,0.6122,0.6122,43045.0
1651627020000,0.6121,0.6121,0.6116,0.6118,163960.0
1651627080000,0.6118,0.6118,0.6117,0.6117,117620.0
1651627140000,0.6117,0.612,0.6116,0.6117,212858.0
1651627200000,0.6116,0.6119,0.6112,0.6117,493987.0
1651627260000,0.6117,0.6123,0.6117,0.6123,114477.0
1651627320000,0.6123,0.6128,0.6122,0.6125,279100.0
1651627380000,0.6126,0.6131,0.6125,0.613,89824.0
1651627440000,0.6131,0.6139,0.613,0.6132,198366.0
1651627500000,0.6132,0.6133,0.6129,0.6131,112725.0
1651627560000,0.6132,0.6133,0.6129,0.613,249896.0
1651627620000,0.6129,0.613,0.6125,0.6125,505343.0
1651627680000,0.6125,0.6127,0.6123,0.6123,99326.0
1651627740000,0.6123,0.6125,0.612,0.6125,587510.0
1651627800000,0.6125,0.6127,0.6125,0.6127,130142.0
1651627860000,0.6127,0.6133,0.6124,0.613,633507.0
1651627920000,0.6131,0.6131,0.6127,0.6128,185359.0
1651627980000,0.6128,0.613,0.6127,0.6129,204642.0
1651628040000,0.613,0.6133,0.6129,0.6129,92950.0
1651628100000,0.613,0.613,0.612,0.6122,397765.0
1651628160000,0.6123,0.6123,0.6111,0.6111,867802.0
1651628220000,0.6112,0.6116,0.6111,0.6115,225331.0
1651628280000,0.6116,0.6116,0.6112,0.6113,44334.0
1651628340000,0.6113,0.6113,0.6109,0.611,49397.0
1651628400000,0.6109,0.611,0.6103,0.6107,648170.0
1651628460000,0.6106,0.6107,0.6097,0.61,244782.0
1651628520000,0.61,0.6105,0.61,0.6105,157382.0
1651628580000,0.6105,0.6107,0.6104,0.6107,114973.0
1651628640000,0.6106,0.6109,0.6104,0.6108,181063.0
1651628700000,0.6108,0.6112,0.6108,0.611,45350.0
1651628760000,0.6111,0.6111,0.6107,0.6111,234582.0
1651628820000,0.6111,0.6111,0.6107,0.6107,101167.0
1651628880000,0.6107,0.6111,0.6106,0.6111,133155.0
1651628940000,0.611,0.6115,0.6109,0.6115,121780.0
1651629000000,0.6115,0.6115,0.6106,0.6107,133160.0
1651629060000,0.6107,0.6112,0.6106,0.6111,384799.0
1651629120000,0.6111,0.6112,0.6106,0.6106,106417.0
1651629180000,0.6107,0.6109,0.6106,0.6107,159613.0
1651629240000,0.6107,0.6113,0.6107,0.6112,167732.0
1651629300000,0.6112,0.6113,0.6112,0.6112,97115.0
1651629360000,0.6112,0.6112,0.6108,0.611,58096.0
1651629420000,0.611,0.6111,0.6107,0.6107,85939.0
1651629480000,0.6108,0.6111,0.6108,0.6108,371958.0
1651629540000,0.6108,0.611,0.6107,0.611,135984.0
1651629600000,0.611,0.611,0.6106,0.6106,102639.0
1651629660000,0.6106,0.6108,0.6105,0.6105,110901.0
1651629720000,0.6105,0.6115,0.6105,0.6111,429792.0
1651629780000,0.611,0.6117,0.611,0.6117,282435.0
1651629840000,0.6116,0.6122,0.6116,0.6116,392431.0
1651629900000,0.6115,0.6116,0.6111,0.6114,360352.0
1651629960000,0.6113,0.6119,0.6109,0.6119,305519.0
1651630020000,0.612,0.612,0.6117,0.6118,35892.0
1651630080000,0.6117,0.612,0.6117,0.6117,82508.0
1651630140000,0.6117,0.6122,0.6117,0.6121,262355.0
1651630200000,0.6121,0.6132,0.6121,0.6128,300511.0
1651630260000,0.6129,0.613,0.6124,0.6127,388162.0
1651630320000,0.6127,0.613,0.6126,0.6129,419806.0
1651630380000,0.6129,0.613,0.6126,0.613,71975.0
1651630440000,0.6131,0.6134,0.6127,0.6129,309616.0
1651630500000,0.6128,0.613,0.6128,0.613,145783.0
1651630560000,0.6129,0.6135,0.6129,0.6134,128828.0
1651630620000,0.6135,0.6135,0.613,0.613,128093.0
1651630680000,0.6131,0.6132,0.6128,0.6129,133503.0
1651630740000,0.6128,0.6131,0.6128,0.6129,66429.0
1651630800000,0.6128,0.6131,0.6126,0.613,250653.0
1651630860000,0.6129,0.6134,0.6127,0.6134,464876.0
1651630920000,0.6134,0.6149,0.6134,0.6148,363052.0
1651630980000,0.6148,0.6148,0.6141,0.6144,406308.0
1651631040000,0.6143,0.6148,0.6141,0.6144,461082.0
1651631100000,0.6145,0.6154,0.6144,0.6146,218106.0
1651631160000,0.6146,0.6147,0.614,0.614,240604.0
1651631220000,0.6141,0.6142,0.6138,0.6139,127621.0
1651631280000,0.6139,0.6141,0.6136,0.614,111624.0
1651631340000,0.614,0.6142,0.6135,0.6137,183904.0
1651631400000,0.6137,0.6137,0.6133,0.6137,222207.0
1651631460000,0.6136,0.6138,0.6134,0.6136,215056.0
1651631520000,0.6137,0.614,0.6134,0.6134,145199.0
1651631580000,0.6135,0.6135,0.6133,0.6133,189311.0
1651631640000,0.6133,0.6134,0.6131,0.6131,122566.0
1651631700000,0.6131,0.6132,0.6129,0.6132,109739.0
1651631760000,0.6132,0.6135,0.6132,0.6134,93941.0
1651631820000,0.6135,0.6135,0.6132,0.6133,97783.0
1651631880000,0.6132,0.6133,0.6132,0.6132,9402.0
1651631940000,0.6132,0.6132,0.6129,0.6131,63934.0
1651632000000,0.613,0.6134,0.6129,0.6134,227535.0
1651632060000,0.6134,0.6137,0.613,0.6135,278094.0
1651632120000,0.6134,0.6135,0.613,0.613,280250.0
1651632180000,0.613,0.6132,0.613,0.6132,74360.0
1651632240000,0.6133,0.6135,0.6131,0.6131,289442.0
1651632300000,0.6132,0.6135,0.613,0.6132,167590.0
1651632360000,0.6132,0.6132,0.6128,0.6129,97146.0
1651632420000,0.6129,0.6132,0.6128,0.613,75775.0
1651632480000,0.613,0.6131,0.613,0.613,24401.0
1651632540000,0.6131,0.6133,0.613,0.6133,37382.0
1651632600000,0.6133,0.6138,0.6132,0.6136,269147.0
1651632660000,0.6135,0.6142,0.6135,0.614,200741.0
1651632720000,0.6139,0.6139,0.6136,0.6136,139004.0
1651632780000,0.6136,0.614,0.6135,0.6138,147435.0
1651632840000,0.6139,0.6142,0.6138,0.6142,81536.0
1651632900000,0.6141,0.6141,0.6136,0.6139,117207.0
1651632960000,0.6139,0.6139,0.6133,0.6134,242977.0
1651633020000,0.6133,0.6136,0.6133,0.6136,186990.0
1651633080000,0.6137,0.6141,0.6137,0.614,172561.0
1651633140000,0.614,0.614,0.6137,0.6137,195160.0
1651633200000,0.6138,0.6141,0.6137,0.6139,434550.0
1651633260000,0.6139,0.6144,0.6139,0.6143,72530.0
1651633320000,0.6143,0.6143,0.6142,0.6142,23259.0
1651633380000,0.6143,0.6148,0.6143,0.6146,230673.0
1651633440000,0.6147,0.6151,0.6147,0.615,75784.0
1651633500000,0.615,0.6156,0.615,0.6155,187992.0
1651633560000,0.6156,0.6163,0.6155,0.6156,343304.0
1651633620000,0.6155,0.6155,0.6151,0.6151,118290.0
1651633680000,0.6151,0.6153,0.6149,0.6153,293075.0
1651633740000,0.6152,0.6157,0.6151,0.6151,310705.0
1651633800000,0.6151,0.6151,0.6147,0.6149,109021.0
1651633860000,0.6149,0.6152,0.6148,0.6151,106401.0
1651633920000,0.6151,0.6151,0.615,0.615,7697.0
1651633980000,0.615,0.6151,0.6148,0.615,136356.0
1651634040000,0.6149,0.6149,0.6143,0.6143,216024.0
1651634100000,0.6144,0.6144,0.6135,0.6135,340834.0
1651634160000,0.6135,0.6141,0.6126,0.6126,461850.0
1651634220000,0.6125,0.6131,0.612,0.6131,366315.0
1651634280000,0.613,0.6131,0.6126,0.613,199436.0
1651634340000,0.613,0.6146,0.613,0.6146,344618.0
1651634400000,0.6146,0.615,0.6143,0.615,145754.0
1651634460000,0.615,0.6152,0.6147,0.6152,219596.0
1651634520000,0.6151,0.6156,0.6151,0.6155,68700.0
1651634580000,0.6155,0.6158,0.6155,0.6156,72431.0
1651634640000,0.6157,0.6157,0.6153,0.6153,138972.0
1651634700000,0.6152,0.6155,0.6143,0.6146,394957.0
1651634760000,0.6145,0.6145,0.6142,0.6143,73576.0
1651634820000,0.6142,0.6142,0.614,0.6141,36252.0
1651634880000,0.6141,0.6143,0.614,0.6143,146211.0
1651634940000,0.6144,0.6144,0.6141,0.6144,204924.0
1651635000000,0.6143,0.616,0.6142,0.616,324473.0
1651635060000,0.616,0.6174,0.6159,0.6159,556494.0
1651635120000,0.6159,0.6162,0.615,0.615,319491.0
1651635180000,0.615,0.6154,0.6145,0.6146,179614.0
1651635240000,0.6147,0.6148,0.6139,0.614,199762.0
1651635300000,0.614,0.614,0.613,0.6131,141162.0
1651635360000,0.6131,0.6144,0.6129,0.614,567938.0
1651635420000,0.6141,0.6151,0.6139,0.615,241346.0
1651635480000,0.6149,0.616,0.6148,0.6148,389740.0
1651635540000,0.6148,0.6185,0.6148,0.6184,773857.0
1651635600000,0.6184,0.6186,0.6171,0.6181,966221.0
1651635660000,0.618,0.618,0.6164,0.6167,827776.0
1651635720000,0.6167,0.6168,0.6164,0.6165,244701.0
1651635780000,0.6166,0.6166,0.6161,0.6162,277067.0
1651635840000,0.6162,0.6162,0.6161,0.6162,97081.0
1651635900000,0.6162,0.6162,0.6158,0.6158,172031.0
1651635960000,0.6158,0.616,0.6156,0.6159,132221.0
1651636020000,0.6159,0.6164,0.6158,0.6163,125167.0
1651636080000,0.6163,0.6163,0.616,0.6161,71511.0
1651636140000,0.6161,0.6162,0.6159,0.616,213237.0
1651636200000,0.6159,0.616,0.6154,0.6158,271885.0
1651636260000,0.6159,0.6159,0.6158,0.6158,38257.0
1651636320000,0.6158,0.6158,0.6151,0.6153,359911.0
1651636380000,0.6153,0.6156,0.6153,0.6155,121532.0
1651636440000,0.6154,0.6156,0.6152,0.6155,68291.0
1651636500000,0.6155,0.6161,0.6153,0.6161,223572.0
1651636560000,0.6161,0.6162,0.6153,0.6154,367815.0
1651636620000,0.6154,0.6154,0.6148,0.6149,206296.0
1651636680000,0.6148,0.6156,0.6148,0.6156,182470.0
1651636740000,0.6156,0.6158,0.615,0.6156,210806.0
1651636800000,0.6157,0.6161,0.6143,0.6148,598945.0
1651636860000,0.6147,0.6153,0.6145,0.615,535235.0
1651636920000,0.6151,0.6158,0.615,0.6158,101128.0
1651636980000,0.6157,0.6173,0.6152,0.617,745974.0
1651637040000,0.617,0.617,0.6163,0.6164,124696.0
1651637100000,0.6162,0.6162,0.6159,0.616,43049.0
1651637160000,0.6159,0.616,0.6156,0.6158,115217.0
1651637220000,0.6158,0.6158,0.6156,0.6156,22703.0
1651637280000,0.6156,0.6158,0.6156,0.6157,33736.0
1651637340000,0.6157,0.6157,0.6146,0.6149,294664.0
1651637400000,0.615,0.6153,0.6149,0.615,220250.0
1651637460000,0.615,0.615,0.6147,0.615,118415.0
1651637520000,0.615,0.615,0.6144,0.6145,440838.0
1651637580000,0.6145,0.6145,0.6142,0.6145,73035.0
1651637640000,0.6146,0.615,0.6145,0.6148,118067.0
1651637700000,0.6149,0.615,0.6145,0.6145,89862.0
1651637760000,0.6146,0.6146,0.6144,0.6144,164123.0
1651637820000,0.6144,0.6145,0.6142,0.6142,80291.0
1651637880000,0.6143,0.6146,0.6142,0.6145,104390.0
1651637940000,0.6145,0.6148,0.6145,0.6147,60080.0
1651638000000,0.6147,0.6148,0.6147,0.6147,22709.0
1651638060000,0.6147,0.6148,0.6145,0.6146,90733.0
1651638120000,0.6147,0.6147,0.6146,0.6146,46716.0
1651638180000,0.6146,0.6152,0.6145,0.6146,460495.0
1651638240000,0.6146,0.6148,0.6145,0.6147,108851.0
1651638300000,0.6148,0.6148,0.6139,0.614,291223.0
1651638360000,0.6141,0.6141,0.6139,0.6139,96589.0
1651638420000,0.6139,0.6142,0.6134,0.6138,315705.0
1651638480000,0.6139,0.6139,0.6127,0.6129,656034.0
1651638540000,0.6129,0.6131,0.6127,0.6127,205356.0
1651638600000,0.6126,0.6126,0.6118,0.6119,208372.0
1651638660000,0.6119,0.6124,0.6119,0.6119,55203.0
1651638720000,0.6119,0.6121,0.6109,0.6109,260862.0
1651638780000,0.611,0.6112,0.6107,0.6108,332322.0
1651638840000,0.6107,0.6109,0.6107,0.6109,115019.0
1651638900000,0.6109,0.6113,0.6109,0.6111,182396.0
1651638960000,0.6111,0.6112,0.6101,0.6105,558757.0
1651639020000,0.6105,0.6108,0.6102,0.6103,255417.0
1651639080000,0.6103,0.6103,0.6099,0.6099,157133.0
1651639140000,0.6098,0.6106,0.6098,0.61,330960.0
1651639200000,0.61,0.6106,0.6099,0.6099,356162.0
1651639260000,0.6099,0.61,0.6098,0.6098,93778.0
1651639320000,0.6098,0.6099,0.609,0.6091,562794.0
1651639380000,0.609,0.6095,0.6089,0.609,238253.0
1651639440000,0.609,0.6093,0.6087,0.6091,218008.0
1651639500000,0.6091,0.6096,0.609,0.6093,273458.0
1651639560000,0.6093,0.6093,0.6088,0.6089,78266.0
1651639620000,0.6088,0.6091,0.6085,0.6087,415037.0
1651639680000,0.6087,0.6089,0.6082,0.6082,156196.0
1651639740000,0.6082,0.6084,0.6081,0.6082,109678.0
1651639800000,0.6082,0.609,0.6082,0.6085,393952.0
1651639860000,0.6084,0.6085,0.6083,0.6084,93599.0
1651639920000,0.6084,0.6086,0.6084,0.6086,141327.0
1651639980000,0.6085,0.6086,0.6083,0.6083,54281.0
1651640040000,0.6083,0.6095,0.6083,0.6094,274714.0
1651640100000,0.6093,0.61,0.6093,0.6098,278173.0
1651640160000,0.6099,0.61,0.6094,0.6097,201016.0
1651640220000,0.6097,0.6097,0.6092,0.6092,194840.0
1651640280000,0.6091,0.6091,0.609,0.6091,21350.0
1651640340000,0.6091,0.6092,0.6089,0.6092,34418.0
1651640400000,0.6092,0.6096,0.6086,0.6087,104178.0
1651640460000,0.6086,0.609,0.6081,0.6087,930753.0
1651640520000,0.6088,0.609,0.6087,0.609,87475.0
1651640580000,0.6089,0.609,0.6087,0.6089,51428.0
1651640640000,0.6089,0.609,0.6088,0.6088,25381.0
1651640700000,0.6088,0.6096,0.6088,0.6093,248174.0
1651640760000,0.6092,0.6092,0.6087,0.609,102107.0
1651640820000,0.6089,0.609,0.6087,0.6088,101744.0
1651640880000,0.6088,0.6089,0.6087,0.6087,111588.0
1651640940000,0.6087,0.6091,0.6086,0.6089,290419.0
1651641000000,0.6089,0.6094,0.6088,0.609,288008.0
1651641060000,0.6089,0.609,0.6089,0.6089,26350.0
1651641120000,0.609,0.6091,0.6088,0.6088,76296.0
1651641180000,0.6089,0.609,0.6088,0.609,50287.0
1651641240000,0.609,0.609,0.6089,0.6089,70677.0
1651641300000,0.609,0.6096,0.609,0.6092,195183.0
1651641360000,0.6093,0.6094,0.6093,0.6093,11500.0
1651641420000,0.6094,0.6095,0.6092,0.6093,95976.0
1651641480000,0.6093,0.6093,0.6085,0.6085,592872.0
1651641540000,0.6085,0.6086,0.6067,0.6073,634472.0
1651641600000,0.6073,0.6081,0.6073,0.608,257683.0
1651641660000,0.608,0.6081,0.6077,0.608,138596.0
1651641720000,0.608,0.6081,0.6073,0.6074,331914.0
1651641780000,0.6074,0.6074,0.607,0.6071,236710.0
1651641840000,0.6071,0.6072,0.6061,0.6065,464892.0
1651641900000,0.6065,0.6071,0.6064,0.6065,135322.0
1651641960000,0.6065,0.6075,0.6065,0.6074,176866.0
1651642020000,0.6075,0.6075,0.6068,0.6068,206102.0
1651642080000,0.6069,0.6072,0.6069,0.6071,109819.0
1651642140000,0.607,0.607,0.6066,0.6068,228344.0
1651642200000,0.6067,0.6074,0.6067,0.6072,499366.0
1651642260000,0.6072,0.6072,0.607,0.6072,117799.0
1651642320000,0.6072,0.6076,0.6072,0.6074,76852.0
1651642380000,0.6073,0.6077,0.6065,0.6069,1030787.0
1651642440000,0.607,0.6077,0.6067,0.6071,2008294.0
1651642500000,0.6071,0.6071,0.6063,0.6064,250366.0
1651642560000,0.6064,0.6066,0.6063,0.6066,37701.0
1651642620000,0.6066,0.607,0.6065,0.607,151245.0
1651642680000,0.607,0.6071,0.6067,0.6071,208406.0
1651642740000,0.607,0.6073,0.6069,0.607,228631.0
1651642800000,0.607,0.6075,0.6069,0.6069,413775.0
1651642860000,0.6069,0.6074,0.6066,0.6068,1450724.0
1651642920000,0.6067,0.6068,0.6062,0.6063,206639.0
1651642980000,0.6062,0.6063,0.6057,0.6063,713969.0
1651643040000,0.6063,0.6066,0.606,0.6062,316509.0
1651643100000,0.6062,0.6064,0.606,0.6062,404833.0
1651643160000,0.6062,0.6066,0.6062,0.6064,109624.0
1651643220000,0.6064,0.6067,0.6063,0.6065,199764.0
1651643280000,0.6066,0.6068,0.6065,0.6067,89610.0
1651643340000,0.6067,0.6072,0.6067,0.607,250768.0
1651643400000,0.607,0.6077,0.607,0.6077,216496.0
1651643460000,0.6077,0.6081,0.6076,0.6078,457139.0
1651643520000,0.6077,0.6077,0.6076,0.6077,32864.0
1651643580000,0.6077,0.6082,0.6077,0.6079,174580.0
1651643640000,0.608,0.6082,0.608,0.608,60637.0
1651643700000,0.608,0.6084,0.608,0.6084,74788.0
1651643760000,0.6084,0.6085,0.6082,0.6083,55575.0
1651643820000,0.6084,0.6086,0.6082,0.6084,125769.0
1651643880000,0.6084,0.6084,0.6081,0.6081,134429.0
1651643940000,0.6081,0.6081,0.6076,0.6077,102529.0
1651644000000,0.6077,0.6083,0.6077,0.608,445565.0
1651644060000,0.6081,0.6081,0.6079,0.608,96629.0
1651644120000,0.6079,0.6081,0.6078,0.6078,211694.0
1651644180000,0.6079,0.6082,0.6078,0.6082,56819.0
1651644240000,0.6082,0.6091,0.6081,0.6091,268709.0
1651644300000,0.6091,0.6096,0.6089,0.6091,416191.0
1651644360000,0.6091,0.6092,0.6091,0.6092,66037.0
1651644420000,0.6091,0.6093,0.6091,0.6092,21783.0
1651644480000,0.6093,0.6107,0.6092,0.6106,414887.0
1651644540000,0.6107,0.6112,0.6106,0.6107,358038.0
1651644600000,0.6107,0.6113,0.6104,0.6105,331129.0
1651644660000,0.6106,0.6109,0.6106,0.6109,119957.0
1651644720000,0.6109,0.6111,0.6107,0.6108,183067.0
1651644780000,0.6108,0.6109,0.6105,0.6108,197903.0
1651644840000,0.6108,0.611,0.6105,0.6107,320117.0
1651644900000,0.6107,0.6111,0.6105,0.6111,315118.0
1651644960000,0.611,0.612,0.611,0.6114,373076.0
1651645020000,0.6114,0.6116,0.6113,0.6116,412504.0
1651645080000,0.6117,0.6131,0.6117,0.6129,674962.0
1651645140000,0.613,0.613,0.6124,0.6124,389065.0
1651645200000,0.6124,0.6125,0.6119,0.612,116356.0
1651645260000,0.6121,0.613,0.6121,0.613,197536.0
1651645320000,0.6129,0.613,0.6125,0.6125,94929.0
1651645380000,0.6126,0.6126,0.6122,0.6122,25142.0
1651645440000,0.6122,0.6123,0.6121,0.6122,53885.0
1651645500000,0.6122,0.6126,0.6117,0.6118,137194.0
1651645560000,0.6117,0.6117,0.6114,0.6115,21939.0
1651645620000,0.6115,0.6121,0.6114,0.6116,268106.0
1651645680000,0.6115,0.6115,0.6111,0.6111,62923.0
1651645740000,0.6111,0.6113,0.6111,0.6111,58028.0
1651645800000,0.6111,0.6116,0.6111,0.6113,127556.0
1651645860000,0.6113,0.6117,0.6112,0.6117,116009.0
1651645920000,0.6116,0.6116,0.6107,0.6108,589070.0
1651645980000,0.6109,0.611,0.6106,0.6107,101343.0
1651646040000,0.6107,0.6109,0.6107,0.6109,117108.0
1651646100000,0.6108,0.6111,0.6108,0.6109,125597.0
1651646160000,0.6109,0.6112,0.6109,0.611,59218.0
1651646220000,0.6111,0.6111,0.6108,0.611,67290.0
1651646280000,0.611,0.6111,0.6108,0.6108,51746.0
1651646340000,0.6108,0.6109,0.6102,0.6103,759316.0
1651646400000,0.6103,0.6103,0.6096,0.6098,811949.0
1651646460000,0.6099,0.6106,0.6099,0.6101,646126.0
1651646520000,0.61,0.61,0.6083,0.609,1346635.0
1651646580000,0.609,0.6091,0.6082,0.6085,1049397.0
1651646640000,0.6085,0.61,0.6084,0.61,231997.0
1651646700000,0.6101,0.6101,0.6093,0.6094,70175.0
1651646760000,0.6093,0.6095,0.609,0.6093,259119.0
1651646820000,0.6094,0.6101,0.6091,0.6092,717826.0
1651646880000,0.6092,0.6103,0.6087,0.609,1763535.0
1651646940000,0.6089,0.6096,0.6089,0.6095,244990.0
1651647000000,0.6095,0.6098,0.6092,0.6097,139401.0
1651647060000,0.6097,0.6098,0.6097,0.6097,36874.0
1651647120000,0.6098,0.61,0.6097,0.61,81683.0
1651647180000,0.6099,0.6102,0.6098,0.6099,117514.0
1651647240000,0.6099,0.6106,0.6099,0.6106,470077.0
1651647300000,0.6106,0.6106,0.6104,0.6106,39571.0
1651647360000,0.6105,0.6113,0.6105,0.6108,227484.0
1651647420000,0.6108,0.6109,0.6103,0.6106,100951.0
1651647480000,0.6105,0.6109,0.6105,0.6106,43071.0
1651647540000,0.6105,0.6107,0.6105,0.6107,53095.0
1651647600000,0.6107,0.6111,0.6095,0.6098,749401.0
1651647660000,0.6097,0.6098,0.6089,0.6092,419146.0
1651647720000,0.6092,0.6101,0.6092,0.6099,456295.0
1651647780000,0.6099,0.6106,0.6099,0.6105,150669.0
1651647840000,0.6105,0.6106,0.6101,0.6102,139298.0
1651647900000,0.6102,0.6105,0.6099,0.61,253321.0
1651647960000,0.61,0.6103,0.6098,0.6102,156208.0
1651648020000,0.6102,0.6112,0.61,0.6112,402022.0
1651648080000,0.6112,0.6119,0.611,0.6119,180351.0
1651648140000,0.6119,0.6123,0.6118,0.6119,143206.0
1651648200000,0.6118,0.6121,0.6117,0.6121,54815.0
1651648260000,0.612,0.6124,0.6115,0.6123,532144.0
1651648320000,0.6123,0.6123,0.6121,0.6122,213258.0
1651648380000,0.6123,0.6123,0.612,0.6121,120097.0
1651648440000,0.6121,0.6121,0.6118,0.6119,95393.0
1651648500000,0.6118,0.6121,0.6118,0.6121,141283.0
1651648560000,0.6121,0.6121,0.612,0.612,32342.0
1651648620000,0.6121,0.6121,0.6118,0.6118,54777.0
1651648680000,0.6119,0.6123,0.6118,0.6122,136826.0
1651648740000,0.6122,0.6122,0.6121,0.6121,15253.0
1651648800000,0.6121,0.6127,0.6121,0.6125,129956.0
1651648860000,0.6125,0.6128,0.6124,0.6125,131792.0
1651648920000,0.6125,0.6126,0.6124,0.6126,53745.0
1651648980000,0.6125,0.6133,0.6125,0.6132,185346.0
1651649040000,0.6132,0.6133,0.613,0.613,130715.0
1651649100000,0.6129,0.6133,0.6128,0.6133,112001.0
1651649160000,0.6133,0.6133,0.6131,0.6132,34865.0
1651649220000,0.6131,0.6133,0.613,0.613,156546.0
1651649280000,0.6131,0.6136,0.6127,0.6127,340243.0
1651649340000,0.6127,0.6129,0.6127,0.6127,127929.0
1651649400000,0.6128,0.6135,0.6127,0.6133,672435.0
1651649460000,0.6134,0.6138,0.6133,0.6134,166232.0
1651649520000,0.6134,0.6136,0.6132,0.6136,64823.0
1651649580000,0.6136,0.6136,0.613,0.613,83098.0
1651649640000,0.613,0.613,0.6128,0.6128,25373.0
1651649700000,0.6128,0.613,0.6126,0.6126,75612.0
1651649760000,0.6127,0.6134,0.6127,0.6131,394721.0
1651649820000,0.6131,0.6132,0.6129,0.613,118353.0
1651649880000,0.613,0.6132,0.6129,0.6131,89813.0
1651649940000,0.6131,0.6135,0.6131,0.6131,106583.0
1651650000000,0.6131,0.6131,0.6129,0.613,56551.0
1651650060000,0.613,0.6141,0.613,0.6136,419914.0
1651650120000,0.6137,0.6137,0.6136,0.6136,36539.0
1651650180000,0.6136,0.614,0.6136,0.614,34278.0
1651650240000,0.614,0.6141,0.6138,0.614,141494.0
1651650300000,0.614,0.6147,0.6138,0.6146,524906.0
1651650360000,0.6146,0.6148,0.6143,0.6148,221419.0
1651650420000,0.6147,0.6159,0.6147,0.6153,1282348.0
1651650480000,0.6154,0.6155,0.615,0.615,169957.0
1651650540000,0.615,0.6157,0.6149,0.6153,502695.0
1651650600000,0.6153,0.6159,0.6153,0.6154,115353.0
1651650660000,0.6153,0.6155,0.615,0.6153,213803.0
1651650720000,0.6153,0.6162,0.6152,0.6154,498113.0
1651650780000,0.6153,0.6154,0.6146,0.6148,240648.0
1651650840000,0.6147,0.6151,0.6144,0.6147,330790.0
1651650900000,0.6147,0.6149,0.6146,0.6148,203571.0
1651650960000,0.6148,0.615,0.6147,0.6148,49237.0
1651651020000,0.6147,0.6149,0.6144,0.6147,407343.0
1651651080000,0.6146,0.615,0.6146,0.615,105828.0
1651651140000,0.6149,0.6149,0.6144,0.6145,214484.0
1651651200000,0.6145,0.6159,0.6144,0.6159,388202.0
1651651260000,0.6159,0.616,0.6152,0.6153,340416.0
1651651320000,0.6153,0.6158,0.6153,0.6156,109059.0
1651651380000,0.6157,0.6159,0.6156,0.6158,184962.0
1651651440000,0.6157,0.6158,0.615,0.615,337216.0
1651651500000,0.615,0.615,0.6134,0.6136,599517.0
1651651560000,0.6136,0.6141,0.6136,0.6139,124510.0
1651651620000,0.6139,0.614,0.6134,0.6134,118674.0
1651651680000,0.6134,0.6141,0.6132,0.6132,548349.0
1651651740000,0.6132,0.6136,0.6132,0.6134,268587.0
1651651800000,0.6133,0.6141,0.6133,0.614,855563.0
1651651860000,0.6141,0.6146,0.614,0.614,240635.0
1651651920000,0.614,0.6143,0.6138,0.6141,128595.0
1651651980000,0.6141,0.6143,0.614,0.6141,215879.0
1651652040000,0.6141,0.6144,0.6138,0.6141,448249.0
1651652100000,0.6141,0.6142,0.6139,0.6141,286483.0
1651652160000,0.6141,0.6148,0.614,0.6147,467536.0
1651652220000,0.6147,0.6148,0.6142,0.6142,195231.0
1651652280000,0.6142,0.6147,0.6142,0.6143,166379.0
1651652340000,0.6142,0.6144,0.6139,0.614,191120.0
1651652400000,0.614,0.6141,0.6135,0.6141,363172.0
1651652460000,0.6141,0.6143,0.6135,0.6135,225703.0
1651652520000,0.6136,0.6141,0.6135,0.6136,135497.0
1651652580000,0.6136,0.6141,0.6136,0.6141,129569.0
1651652640000,0.6141,0.6147,0.6141,0.6145,307949.0
1651652700000,0.6146,0.6149,0.6143,0.6149,312417.0
1651652760000,0.6149,0.6149,0.6146,0.6147,137516.0
1651652820000,0.6147,0.6148,0.6145,0.6146,189981.0
1651652880000,0.6145,0.6145,0.6143,0.6145,127728.0
1651652940000,0.6144,0.6146,0.6141,0.6141,185334.0
1651653000000,0.6141,0.6142,0.6139,0.614,176983.0
1651653060000,0.614,0.6145,0.6138,0.6145,363279.0
1651653120000,0.6144,0.6145,0.614,0.6141,155049.0
1651653180000,0.6141,0.6145,0.6141,0.6144,237346.0
1651653240000,0.6144,0.6144,0.6142,0.6143,126668.0
1651653300000,0.6142,0.6148,0.6142,0.6146,222445.0
1651653360000,0.6146,0.6155,0.6146,0.6155,261987.0
1651653420000,0.6154,0.616,0.6154,0.616,131915.0
1651653480000,0.616,0.6174,0.616,0.6163,1291263.0
1651653540000,0.6164,0.6168,0.615,0.615,936636.0
1651653600000,0.615,0.6155,0.6149,0.6151,401025.0
1651653660000,0.615,0.6154,0.6149,0.615,61885.0
1651653720000,0.615,0.6152,0.6149,0.6149,58428.0
1651653780000,0.615,0.615,0.614,0.6142,172128.0
1651653840000,0.6143,0.6146,0.6142,0.6145,237533.0
1651653900000,0.6144,0.6146,0.614,0.6141,367978.0
1651653960000,0.6142,0.6147,0.6141,0.6144,153580.0
1651654020000,0.6145,0.6146,0.6144,0.6146,150108.0
1651654080000,0.6146,0.6151,0.6146,0.615,76341.0
1651654140000,0.6151,0.6156,0.615,0.6155,84592.0
1651654200000,0.6155,0.6163,0.6155,0.6163,497026.0
1651654260000,0.6163,0.6166,0.6161,0.6166,359396.0
1651654320000,0.6165,0.6168,0.616,0.6162,207782.0
1651654380000,0.6163,0.6167,0.6163,0.6164,85056.0
1651654440000,0.6165,0.6167,0.6165,0.6166,56737.0
1651654500000,0.6166,0.6168,0.6165,0.6165,152123.0
1651654560000,0.6166,0.6177,0.6165,0.6173,426716.0
1651654620000,0.6172,0.6179,0.6172,0.6178,221337.0
1651654680000,0.6177,0.618,0.6172,0.6173,551484.0
1651654740000,0.6173,0.6179,0.6172,0.6179,107124.0
1651654800000,0.6178,0.6185,0.6178,0.6184,223205.0
1651654860000,0.6183,0.6185,0.618,0.6182,312068.0
1651654920000,0.6181,0.6182,0.6179,0.618,94336.0
1651654980000,0.618,0.618,0.6177,0.6177,111241.0
1651655040000,0.6177,0.6177,0.6173,0.6175,73401.0
1651655100000,0.6175,0.6175,0.6171,0.6174,276053.0
1651655160000,0.6175,0.6175,0.6168,0.6173,268809.0
1651655220000,0.6174,0.6178,0.6174,0.6174,211031.0
1651655280000,0.6175,0.6178,0.6174,0.6177,238408.0
1651655340000,0.6177,0.6177,0.6169,0.617,245744.0
1651655400000,0.617,0.6172,0.6167,0.6167,79123.0
1651655460000,0.6167,0.617,0.6162,0.6163,225381.0
1651655520000,0.6163,0.6171,0.6163,0.6169,193677.0
1651655580000,0.6169,0.617,0.6167,0.6169,71255.0
1651655640000,0.617,0.617,0.6168,0.6168,56835.0
1651655700000,0.6168,0.6178,0.6168,0.6174,566484.0
1651655760000,0.6173,0.6178,0.6171,0.6174,308782.0
1651655820000,0.6174,0.6176,0.6173,0.6176,311978.0
1651655880000,0.6176,0.6177,0.6175,0.6175,115466.0
1651655940000,0.6175,0.6176,0.6175,0.6175,66112.0
1651656000000,0.6176,0.6177,0.6173,0.6174,200158.0
1651656060000,0.6174,0.6177,0.6173,0.6173,91048.0
1651656120000,0.6173,0.6173,0.6163,0.6168,1044969.0
1651656180000,0.6167,0.6167,0.6165,0.6166,29093.0
1651656240000,0.6165,0.6166,0.616,0.6161,98281.0
1651656300000,0.6161,0.6161,0.6158,0.6158,70013.0
1651656360000,0.6159,0.6194,0.6158,0.6185,3096296.0
1651656420000,0.6183,0.6199,0.6183,0.6192,412953.0
1651656480000,0.6192,0.6192,0.6186,0.6186,197323.0
1651656540000,0.6186,0.6191,0.6186,0.6187,143740.0
1651656600000,0.6187,0.619,0.6183,0.6188,255914.0
1651656660000,0.6189,0.6196,0.6188,0.6192,264007.0
1651656720000,0.6193,0.6196,0.6191,0.6191,100381.0
1651656780000,0.6192,0.6196,0.6192,0.6195,125214.0
1651656840000,0.6195,0.6196,0.6194,0.6195,61283.0
1651656900000,0.6195,0.6197,0.6194,0.6196,60051.0
1651656960000,0.6195,0.6197,0.6194,0.6195,139417.0
1651657020000,0.6195,0.6199,0.6195,0.6199,85422.0
1651657080000,0.6199,0.6203,0.6199,0.6202,294493.0
1651657140000,0.6201,0.6205,0.6197,0.62,95665.0
1651657200000,0.62,0.6203,0.62,0.6202,51554.0
1651657260000,0.6201,0.6201,0.6186,0.6186,128507.0
1651657320000,0.6186,0.6186,0.6174,0.6176,223210.0
1651657380000,0.6177,0.6177,0.617,0.6174,294932.0
1651657440000,0.6173,0.6183,0.6173,0.6181,373261.0
1651657500000,0.6182,0.6182,0.6171,0.6173,691272.0
1651657560000,0.6173,0.6175,0.6168,0.6175,367942.0
1651657620000,0.6174,0.6174,0.6167,0.6168,138421.0
1651657680000,0.6169,0.6169,0.6161,0.6161,238158.0
1651657740000,0.6161,0.6166,0.6159,0.6165,412899.0
1651657800000,0.6164,0.6166,0.616,0.616,95497.0
1651657860000,0.616,0.6161,0.615,0.6155,341064.0
1651657920000,0.6155,0.6159,0.6153,0.6153,238527.0
1651657980000,0.6154,0.6154,0.6151,0.6152,152172.0
1651658040000,0.6152,0.6154,0.615,0.615,71821.0
1651658100000,0.615,0.6153,0.615,0.6151,48901.0
1651658160000,0.6152,0.6153,0.6141,0.6142,704041.0
1651658220000,0.6141,0.6146,0.6141,0.6145,256298.0
1651658280000,0.6145,0.6145,0.6142,0.6143,79986.0
1651658340000,0.6143,0.6151,0.6142,0.6151,201043.0
1651658400000,0.6151,0.6157,0.6147,0.6148,144889.0
1651658460000,0.6148,0.615,0.6146,0.615,58176.0
1651658520000,0.615,0.6155,0.615,0.6154,45064.0
1651658580000,0.6154,0.6157,0.6151,0.6152,270568.0
1651658640000,0.6152,0.616,0.6152,0.616,103483.0
1651658700000,0.616,0.6165,0.616,0.6164,42214.0
1651658760000,0.6164,0.6166,0.616,0.616,115983.0
1651658820000,0.6159,0.6167,0.6158,0.6164,280275.0
1651658880000,0.6164,0.6165,0.6163,0.6165,34299.0
1651658940000,0.6165,0.6166,0.6164,0.6165,73692.0
1651659000000,0.6164,0.6176,0.6164,0.617,335139.0
1651659060000,0.6171,0.6173,0.6171,0.6173,30380.0
1651659120000,0.6173,0.6174,0.6172,0.6174,52693.0
1651659180000,0.6174,0.6178,0.6172,0.6176,234264.0
1651659240000,0.6176,0.6191,0.6173,0.6179,1402616.0
1651659300000,0.6179,0.6186,0.6178,0.6178,151657.0
1651659360000,0.6178,0.6187,0.6174,0.6184,611742.0
1651659420000,0.6185,0.6185,0.618,0.618,128403.0
1651659480000,0.618,0.6181,0.618,0.618,15386.0
1651659540000,0.6181,0.6181,0.6177,0.618,147045.0
1651659600000,0.6179,0.6184,0.6178,0.618,98190.0
1651659660000,0.6181,0.6182,0.6181,0.6181,81097.0
1651659720000,0.6181,0.6182,0.6179,0.6182,136818.0
1651659780000,0.6182,0.6187,0.6181,0.6186,187137.0
1651659840000,0.6186,0.6188,0.6176,0.6182,489104.0
1651659900000,0.6182,0.619,0.6182,0.6184,65211.0
1651659960000,0.6185,0.619,0.6185,0.6189,95244.0
1651660020000,0.619,0.6199,0.6189,0.6196,146699.0
1651660080000,0.6197,0.6204,0.6196,0.6199,492621.0
1651660140000,0.6198,0.62,0.6195,0.6196,145709.0
1651660200000,0.6197,0.6201,0.6196,0.6196,227666.0
1651660260000,0.6195,0.6195,0.619,0.6191,118564.0
1651660320000,0.6191,0.6197,0.6191,0.6196,87836.0
1651660380000,0.6195,0.6197,0.619,0.619,299955.0
1651660440000,0.6191,0.6195,0.6185,0.6185,173224.0
1651660500000,0.6185,0.6193,0.6184,0.6192,105357.0
1651660560000,0.6192,0.6197,0.6191,0.6193,388460.0
1651660620000,0.6194,0.62,0.6193,0.6198,159030.0
1651660680000,0.6198,0.6201,0.6197,0.62,86817.0
1651660740000,0.6201,0.6204,0.6198,0.6203,273421.0
1651660800000,0.6204,0.6208,0.62,0.6206,274065.0
1651660860000,0.6206,0.6212,0.6204,0.621,279408.0
1651660920000,0.621,0.622,0.6209,0.621,742837.0
1651660980000,0.6211,0.622,0.6211,0.6216,427201.0
1651661040000,0.6216,0.6219,0.6211,0.6212,158656.0
1651661100000,0.6211,0.6214,0.6209,0.621,289146.0
1651661160000,0.6211,0.6214,0.6202,0.6205,323631.0
1651661220000,0.6204,0.6205,0.6198,0.6201,311577.0
1651661280000,0.6201,0.6206,0.62,0.6204,242436.0
1651661340000,0.6204,0.6205,0.6197,0.6199,407779.0
1651661400000,0.6198,0.6203,0.6198,0.6202,291722.0
1651661460000,0.6202,0.6207,0.6201,0.6202,137921.0
1651661520000,0.6201,0.6203,0.6196,0.6199,230913.0
1651661580000,0.6198,0.6199,0.6195,0.6195,93897.0
1651661640000,0.6194,0.6194,0.6192,0.6194,165460.0
1651661700000,0.6193,0.6194,0.619,0.619,554946.0
1651661760000,0.6189,0.6193,0.6186,0.6192,241301.0
1651661820000,0.6192,0.6193,0.6189,0.6192,118973.0
1651661880000,0.6191,0.6193,0.6189,0.6191,99345.0
1651661940000,0.619,0.6194,0.6189,0.6194,228739.0
1651662000000,0.6194,0.6198,0.6193,0.6195,173837.0
1651662060000,0.6196,0.6196,0.6192,0.6193,128699.0
1651662120000,0.6192,0.6199,0.6192,0.6199,329249.0
1651662180000,0.6199,0.62,0.6198,0.62,80925.0
1651662240000,0.62,0.6203,0.6199,0.6201,127338.0
1651662300000,0.6201,0.6201,0.6199,0.6201,152511.0
1651662360000,0.62,0.62,0.6192,0.6193,154851.0
1651662420000,0.6193,0.6199,0.6193,0.6197,294093.0
1651662480000,0.6196,0.6197,0.619,0.619,171848.0
1651662540000,0.619,0.6194,0.6187,0.6191,136139.0
1651662600000,0.6192,0.6192,0.6182,0.6183,207724.0
1651662660000,0.6184,0.6188,0.6183,0.6186,118900.0
1651662720000,0.6186,0.6186,0.6176,0.6176,318900.0
1651662780000,0.6177,0.6182,0.6172,0.6179,424892.0
1651662840000,0.6179,0.6184,0.6179,0.6182,246339.0
1651662900000,0.6183,0.6188,0.6183,0.6185,98043.0
1651662960000,0.6186,0.6187,0.6184,0.6186,69721.0
1651663020000,0.6187,0.6187,0.6182,0.6184,52778.0
1651663080000,0.6184,0.6186,0.6182,0.6183,153044.0
1651663140000,0.6182,0.6191,0.6182,0.619,118807.0
1651663200000,0.6191,0.6199,0.619,0.6199,282089.0
1651663260000,0.6199,0.6202,0.6199,0.6201,277673.0
1651663320000,0.62,0.6202,0.6196,0.6196,379924.0
1651663380000,0.6196,0.62,0.6196,0.62,170845.0
1651663440000,0.6199,0.6203,0.6199,0.6202,37300.0
1651663500000,0.6202,0.6207,0.6202,0.6205,128399.0
1651663560000,0.6204,0.621,0.6204,0.6209,121264.0
1651663620000,0.621,0.6218,0.6209,0.621,528387.0
1651663680000,0.621,0.6213,0.6208,0.6208,193670.0
1651663740000,0.6208,0.6211,0.6205,0.6205,218473.0
1651663800000,0.6205,0.6207,0.6195,0.6197,431022.0
1651663860000,0.6196,0.6197,0.6193,0.6196,83264.0
1651663920000,0.6197,0.6202,0.6196,0.6197,195927.0
1651663980000,0.6197,0.6201,0.6197,0.6198,66989.0
1651664040000,0.6198,0.62,0.6196,0.6196,96157.0
1651664100000,0.6196,0.6199,0.6194,0.6194,22273.0
1651664160000,0.6195,0.6198,0.6194,0.6197,196917.0
1651664220000,0.6197,0.6198,0.6195,0.6196,59981.0
1651664280000,0.6196,0.6196,0.6195,0.6196,37498.0
1651664340000,0.6195,0.62,0.6195,0.6196,64119.0
1651664400000,0.6197,0.6199,0.6197,0.6198,18790.0
1651664460000,0.6198,0.6202,0.6198,0.62,53890.0
1651664520000,0.62,0.6201,0.62,0.62,28394.0
1651664580000,0.6201,0.6202,0.6199,0.6202,299506.0
1651664640000,0.6202,0.6206,0.6202,0.6204,83184.0
1651664700000,0.6203,0.6205,0.6201,0.6202,50265.0
1651664760000,0.6201,0.6201,0.62,0.6201,46299.0
1651664820000,0.6201,0.6202,0.62,0.62,98593.0
1651664880000,0.6199,0.62,0.6199,0.62,90236.0
1651664940000,0.62,0.62,0.6199,0.62,19670.0
1651665000000,0.6199,0.6206,0.6199,0.6206,53190.0
1651665060000,0.6205,0.6206,0.6199,0.6202,101298.0
1651665120000,0.6203,0.6203,0.6198,0.62,172180.0
1651665180000,0.6199,0.6202,0.6198,0.6199,92901.0
1651665240000,0.62,0.6205,0.62,0.62,165734.0
1651665300000,0.62,0.6202,0.62,0.6201,15454.0
1651665360000,0.6201,0.6201,0.6199,0.6199,35585.0
1651665420000,0.6198,0.6201,0.6196,0.6201,142235.0
1651665480000,0.6201,0.6201,0.6197,0.6197,22057.0
1651665540000,0.6197,0.6199,0.6197,0.6197,84190.0
1651665600000,0.6197,0.6202,0.6197,0.6202,39088.0
1651665660000,0.6203,0.6205,0.6201,0.6205,88834.0
1651665720000,0.6205,0.6207,0.6204,0.6204,87794.0
1651665780000,0.6205,0.6205,0.6202,0.6202,23129.0
1651665840000,0.6203,0.6203,0.62,0.6201,208115.0
1651665900000,0.62,0.6206,0.62,0.6206,135085.0
1651665960000,0.6206,0.6206,0.6202,0.6203,126400.0
1651666020000,0.6204,0.6206,0.6201,0.6206,305729.0
1651666080000,0.6206,0.6213,0.6205,0.621,371407.0
1651666140000,0.621,0.6213,0.6209,0.6212,27891.0
1651666200000,0.6213,0.6214,0.6206,0.6206,256728.0
1651666260000,0.6206,0.6207,0.6198,0.6199,188172.0
1651666320000,0.6199,0.6199,0.6165,0.6168,1426229.0
1651666380000,0.6167,0.617,0.6157,0.6161,427772.0
1651666440000,0.6161,0.6175,0.616,0.6168,530111.0
1651666500000,0.6168,0.6174,0.6164,0.6174,382175.0
1651666560000,0.6175,0.6177,0.6168,0.6169,379835.0
1651666620000,0.617,0.617,0.6161,0.6165,219094.0
1651666680000,0.6164,0.6169,0.6164,0.6166,93792.0
1651666740000,0.6167,0.6168,0.6164,0.6166,80553.0
1651666800000,0.6166,0.6168,0.6163,0.6166,325312.0
1651666860000,0.6166,0.6166,0.616,0.616,185640.0
1651666920000,0.6161,0.6164,0.616,0.6161,88379.0
1651666980000,0.6161,0.6163,0.6161,0.6161,89638.0
1651667040000,0.6162,0.6164,0.616,0.6162,238291.0
1651667100000,0.6161,0.6169,0.6161,0.6167,197781.0
1651667160000,0.6166,0.6168,0.6165,0.6167,126023.0
1651667220000,0.6167,0.6168,0.6162,0.6164,222008.0
1651667280000,0.6164,0.6165,0.6156,0.6159,158796.0
1651667340000,0.616,0.6164,0.616,0.6162,135939.0
1651667400000,0.6162,0.6169,0.6159,0.6169,350809.0
1651667460000,0.6168,0.6168,0.6165,0.6165,58757.0
1651667520000,0.6165,0.6165,0.6158,0.616,102857.0
1651667580000,0.616,0.6163,0.616,0.6161,82392.0
1651667640000,0.6161,0.6165,0.6158,0.6159,207941.0
1651667700000,0.6159,0.6169,0.6158,0.6168,414183.0
1651667760000,0.6167,0.6168,0.6159,0.6161,336616.0
1651667820000,0.6162,0.6164,0.6161,0.6162,20397.0
1651667880000,0.6161,0.6162,0.616,0.616,26971.0
1651667940000,0.616,0.6161,0.6154,0.6157,70708.0
1651668000000,0.6156,0.6164,0.6155,0.6163,152245.0
1651668060000,0.6162,0.6165,0.6162,0.6165,120897.0
1651668120000,0.6164,0.6171,0.6162,0.6171,181914.0
1651668180000,0.6171,0.6176,0.617,0.6176,280133.0
1651668240000,0.6177,0.619,0.6175,0.6182,593626.0
1651668300000,0.6181,0.6188,0.6181,0.6187,85197.0
1651668360000,0.6187,0.619,0.6186,0.6188,62073.0
1651668420000,0.6188,0.6191,0.6187,0.6188,125460.0
1651668480000,0.6189,0.6191,0.6187,0.619,160551.0
1651668540000,0.619,0.6192,0.619,0.6191,59325.0
1651668600000,0.619,0.6198,0.6189,0.6196,55853.0
1651668660000,0.6196,0.6196,0.6191,0.6194,59471.0
1651668720000,0.6194,0.6195,0.6191,0.6192,30692.0
1651668780000,0.6191,0.6191,0.6189,0.6189,69541.0
1651668840000,0.619,0.619,0.6188,0.6189,74458.0
1651668900000,0.6188,0.6192,0.6188,0.6191,442956.0
1651668960000,0.619,0.62,0.619,0.6194,395527.0
1651669020000,0.6194,0.6195,0.619,0.6191,228384.0
1651669080000,0.619,0.6191,0.6189,0.6191,168258.0
1651669140000,0.6191,0.6191,0.6184,0.6186,158585.0
1651669200000,0.6185,0.6192,0.6185,0.6191,51164.0
1651669260000,0.6192,0.6198,0.6192,0.6196,245567.0
1651669320000,0.6196,0.6199,0.6196,0.6198,32851.0
1651669380000,0.6197,0.6201,0.6197,0.6199,173059.0
1651669440000,0.6199,0.6201,0.6198,0.6199,139485.0
1651669500000,0.6199,0.6202,0.6199,0.62,194419.0
1651669560000,0.6201,0.6203,0.6197,0.6199,427787.0
1651669620000,0.6199,0.6201,0.6198,0.6199,123944.0
1651669680000,0.6199,0.62,0.6198,0.6199,140643.0
1651669740000,0.6199,0.6201,0.6198,0.6199,78056.0
1651669800000,0.6199,0.6202,0.6196,0.6196,102127.0
1651669860000,0.6195,0.6198,0.6194,0.6195,284128.0
1651669920000,0.6195,0.6202,0.6191,0.6192,428520.0
1651669980000,0.6192,0.6198,0.6188,0.6193,596027.0
1651670040000,0.6193,0.6197,0.6192,0.6194,336898.0
1651670100000,0.6193,0.6203,0.6192,0.6201,266660.0
1651670160000,0.6201,0.6201,0.62,0.6201,44832.0
1651670220000,0.62,0.6202,0.6199,0.6202,239819.0
1651670280000,0.6202,0.6204,0.62,0.6202,175643.0
1651670340000,0.6202,0.6203,0.62,0.6201,67990.0
1651670400000,0.62,0.6201,0.6196,0.6196,87542.0
1651670460000,0.6196,0.6206,0.6196,0.62,758955.0
1651670520000,0.6201,0.6203,0.6199,0.6201,166641.0
1651670580000,0.62,0.6202,0.6196,0.6201,587520.0
1651670640000,0.62,0.6202,0.6197,0.6199,343850.0
1651670700000,0.6199,0.6209,0.6198,0.6208,517059.0
1651670760000,0.6209,0.6209,0.62,0.6203,307775.0
1651670820000,0.6203,0.6204,0.6199,0.6199,77739.0
1651670880000,0.6198,0.62,0.6198,0.6198,75908.0
1651670940000,0.6198,0.62,0.6197,0.6199,42114.0
1651671000000,0.6198,0.6201,0.6184,0.6184,415918.0
1651671060000,0.6184,0.6185,0.6175,0.6181,405556.0
1651671120000,0.6182,0.6183,0.6177,0.6181,225527.0
1651671180000,0.6182,0.6182,0.6176,0.6178,204342.0
1651671240000,0.6179,0.6182,0.6176,0.6176,106674.0
1651671300000,0.6177,0.6178,0.6171,0.6173,170581.0
1651671360000,0.6172,0.6178,0.6172,0.6176,263658.0
1651671420000,0.6176,0.6181,0.6173,0.6178,375541.0
1651671480000,0.6178,0.6181,0.6172,0.6177,411348.0
1651671540000,0.6176,0.6179,0.6173,0.6173,109498.0
1651671600000,0.6172,0.6178,0.617,0.6173,119551.0
1651671660000,0.6174,0.6176,0.6171,0.6171,96826.0
1651671720000,0.6171,0.6174,0.6171,0.6171,196190.0
1651671780000,0.6172,0.6175,0.6168,0.6171,269300.0
1651671840000,0.6171,0.6174,0.6169,0.6171,112572.0
1651671900000,0.6172,0.6174,0.6169,0.6173,126710.0
1651671960000,0.6173,0.6173,0.6169,0.6169,147552.0
1651672020000,0.6169,0.6171,0.6168,0.6169,59167.0
1651672080000,0.6169,0.6169,0.6166,0.6167,163368.0
1651672140000,0.6166,0.6171,0.6166,0.6169,306295.0
1651672200000,0.6169,0.6169,0.6167,0.6167,66021.0
1651672260000,0.6166,0.6168,0.6164,0.6165,68649.0
1651672320000,0.6165,0.6167,0.6165,0.6166,14349.0
1651672380000,0.6165,0.6166,0.6164,0.6165,55925.0
1651672440000,0.6164,0.6164,0.615,0.6151,336762.0
1651672500000,0.615,0.6154,0.6147,0.6152,237244.0
1651672560000,0.6153,0.6153,0.6149,0.6149,60843.0
1651672620000,0.6148,0.6148,0.6125,0.6129,727807.0
1651672680000,0.613,0.6138,0.6122,0.6123,341962.0
1651672740000,0.6123,0.6127,0.6113,0.6115,611861.0
1651672800000,0.6115,0.6132,0.6114,0.612,290123.0
1651672860000,0.612,0.6128,0.6119,0.6128,266006.0
1651672920000,0.6128,0.6143,0.6128,0.614,488756.0
1651672980000,0.614,0.614,0.6133,0.6134,121597.0
1651673040000,0.6134,0.6138,0.6128,0.6129,147465.0
1651673100000,0.613,0.614,0.6128,0.6135,404851.0
1651673160000,0.6134,0.6138,0.6133,0.6133,117087.0
1651673220000,0.6133,0.6143,0.6133,0.6143,150054.0
1651673280000,0.6143,0.6155,0.6143,0.6154,218667.0
1651673340000,0.6153,0.6153,0.6142,0.6144,192776.0
1651673400000,0.6144,0.6151,0.6141,0.615,143325.0
1651673460000,0.615,0.6154,0.615,0.6151,128830.0
1651673520000,0.615,0.615,0.6144,0.6147,45250.0
1651673580000,0.6148,0.6151,0.6147,0.6147,95051.0
1651673640000,0.6146,0.6146,0.614,0.6141,102630.0
1651673700000,0.6142,0.6143,0.6133,0.6138,161850.0
1651673760000,0.6137,0.6137,0.6132,0.6134,185977.0
1651673820000,0.6134,0.6134,0.6125,0.6126,193385.0
1651673880000,0.6126,0.6132,0.6124,0.6129,51124.0
1651673940000,0.613,0.613,0.6127,0.6129,114827.0
1651674000000,0.6129,0.6135,0.6129,0.6134,182020.0
1651674060000,0.6135,0.6139,0.6134,0.6137,61041.0
1651674120000,0.6137,0.6137,0.6132,0.6132,185599.0
1651674180000,0.6132,0.6138,0.6132,0.6138,64396.0
1651674240000,0.6138,0.614,0.6136,0.6139,121330.0
1651674300000,0.6137,0.6141,0.6137,0.6138,76261.0
1651674360000,0.6137,0.6151,0.6137,0.6149,258985.0
1651674420000,0.6148,0.615,0.6144,0.6147,180678.0
1651674480000,0.6147,0.6151,0.6145,0.615,176445.0
1651674540000,0.615,0.615,0.6147,0.6148,138309.0
1651674600000,0.6148,0.615,0.6148,0.6149,209664.0
1651674660000,0.615,0.6155,0.615,0.6151,172222.0
1651674720000,0.615,0.615,0.6136,0.6136,381851.0
1651674780000,0.6136,0.614,0.6136,0.6137,155117.0
1651674840000,0.6137,0.6137,0.6132,0.6134,189357.0
1651674900000,0.6133,0.6137,0.6131,0.6136,149120.0
1651674960000,0.6137,0.6139,0.6133,0.6135,196248.0
1651675020000,0.6135,0.6141,0.6132,0.6139,168574.0
1651675080000,0.6139,0.6142,0.6137,0.6142,142471.0
1651675140000,0.6142,0.6146,0.614,0.6146,66671.0
1651675200000,0.6146,0.6152,0.6142,0.6152,62060.0
1651675260000,0.6151,0.6152,0.6148,0.615,309393.0
1651675320000,0.6149,0.6151,0.6146,0.6149,65301.0
1651675380000,0.6149,0.6152,0.6149,0.6149,82585.0
1651675440000,0.6149,0.6151,0.6148,0.615,44981.0
1651675500000,0.6149,0.6152,0.6149,0.615,50555.0
1651675560000,0.615,0.6151,0.6149,0.615,18505.0
1651675620000,0.6151,0.6152,0.6148,0.6151,162650.0
1651675680000,0.6151,0.6151,0.6145,0.6145,118363.0
1651675740000,0.6145,0.6147,0.6143,0.6143,121288.0
1651675800000,0.6143,0.6144,0.6138,0.6138,57386.0
1651675860000,0.6138,0.6139,0.6133,0.6134,171146.0
1651675920000,0.6135,0.6138,0.6133,0.6137,21010.0
1651675980000,0.6138,0.6139,0.6135,0.6137,83722.0
1651676040000,0.6136,0.6137,0.6132,0.6134,61041.0
1651676100000,0.6133,0.6139,0.6133,0.6138,92199.0
1651676160000,0.6138,0.614,0.6138,0.6138,33256.0
1651676220000,0.6139,0.6139,0.6133,0.6134,149508.0
1651676280000,0.6133,0.6135,0.6132,0.6133,61437.0
1651676340000,0.6133,0.6134,0.613,0.6131,53782.0
1651676400000,0.6132,0.6133,0.6131,0.6132,24827.0
1651676460000,0.6132,0.6134,0.613,0.6133,64679.0
1651676520000,0.6133,0.6134,0.6123,0.6125,239815.0
1651676580000,0.6125,0.613,0.6125,0.6128,75600.0
1651676640000,0.6128,0.613,0.6125,0.6128,390944.0
1651676700000,0.6128,0.6129,0.6122,0.6122,118797.0
1651676760000,0.6121,0.6125,0.6112,0.6115,752978.0
1651676820000,0.6114,0.6114,0.611,0.6111,161812.0
1651676880000,0.6111,0.612,0.6111,0.6116,355945.0
1651676940000,0.6117,0.6125,0.6116,0.6124,105834.0
1651677000000,0.6125,0.613,0.6125,0.6126,94156.0
1651677060000,0.6126,0.613,0.6119,0.6119,89931.0
1651677120000,0.6119,0.612,0.611,0.6113,363859.0
1651677180000,0.6112,0.6112,0.6106,0.6111,401459.0
1651677240000,0.6109,0.6109,0.6106,0.6107,88755.0
1651677300000,0.6107,0.6108,0.6102,0.6108,608516.0
1651677360000,0.6108,0.6112,0.6108,0.6111,84253.0
1651677420000,0.6112,0.6117,0.6112,0.6116,166880.0
1651677480000,0.6117,0.6117,0.6114,0.6116,78263.0
1651677540000,0.6116,0.612,0.6116,0.6118,80783.0
1651677600000,0.6117,0.6121,0.6117,0.6118,51750.0
1651677660000,0.6118,0.612,0.6118,0.6119,96944.0
1651677720000,0.6119,0.6119,0.6116,0.6118,61109.0
1651677780000,0.6119,0.6121,0.6118,0.6121,151958.0
1651677840000,0.6121,0.6121,0.6116,0.6119,177872.0
1651677900000,0.6119,0.612,0.6118,0.6118,43037.0
1651677960000,0.6117,0.6118,0.6114,0.6114,63364.0
1651678020000,0.6114,0.6114,0.6111,0.6111,29096.0
1651678080000,0.611,0.6111,0.61,0.6102,169489.0
1651678140000,0.6102,0.6105,0.61,0.6105,57552.0
1651678200000,0.6105,0.6107,0.6099,0.6101,548112.0
1651678260000,0.61,0.6102,0.6098,0.61,97352.0
1651678320000,0.6099,0.6101,0.6093,0.61,181098.0
1651678380000,0.61,0.6101,0.6098,0.61,37136.0
1651678440000,0.6099,0.6101,0.6098,0.6101,53474.0
1651678500000,0.6101,0.6103,0.61,0.6101,48878.0
1651678560000,0.6101,0.6105,0.6101,0.6103,99041.0
1651678620000,0.6103,0.6107,0.6103,0.6107,37871.0
1651678680000,0.6108,0.6113,0.6108,0.6113,65262.0
1651678740000,0.6113,0.6122,0.6111,0.6122,118136.0
1651678800000,0.6123,0.6153,0.6122,0.6152,414471.0
1651678860000,0.6151,0.6154,0.6141,0.6146,260361.0
1651678920000,0.6147,0.6147,0.6138,0.6138,56312.0
1651678980000,0.6138,0.614,0.6136,0.6138,158508.0
1651679040000,0.6137,0.6138,0.6131,0.6131,135384.0
1651679100000,0.6132,0.6144,0.613,0.6144,103266.0
1651679160000,0.6144,0.6148,0.614,0.614,204315.0
1651679220000,0.6142,0.6148,0.6142,0.6147,52437.0
1651679280000,0.6147,0.6152,0.6146,0.6152,54239.0
1651679340000,0.6151,0.6154,0.6149,0.6152,51175.0
1651679400000,0.6153,0.6153,0.6147,0.6147,185897.0
1651679460000,0.6147,0.6148,0.6143,0.6143,117737.0
1651679520000,0.6143,0.6145,0.6136,0.6143,141292.0
1651679580000,0.6143,0.6143,0.6139,0.6142,90007.0
1651679640000,0.6142,0.6144,0.6141,0.6141,29756.0
1651679700000,0.6142,0.6144,0.6139,0.6139,106865.0
1651679760000,0.6139,0.6141,0.6137,0.614,98490.0
1651679820000,0.614,0.6143,0.6138,0.6141,247440.0
1651679880000,0.614,0.6142,0.6136,0.614,40273.0
1651679940000,0.6141,0.6142,0.6134,0.6134,261502.0
1651680000000,0.6134,0.6136,0.6131,0.6132,97682.0
1651680060000,0.6132,0.6133,0.6126,0.6129,82981.0
1651680120000,0.6129,0.6129,0.6122,0.6129,81129.0
1651680180000,0.6128,0.6128,0.6121,0.6124,128664.0
1651680240000,0.6125,0.6128,0.6122,0.6127,384143.0
1651680300000,0.6125,0.6126,0.6124,0.6125,55230.0
1651680360000,0.6124,0.6127,0.6122,0.6127,81764.0
1651680420000,0.6126,0.613,0.6123,0.6127,190979.0
1651680480000,0.6128,0.6132,0.6128,0.6132,138799.0
1651680540000,0.6133,0.6135,0.6132,0.6134,84889.0
1651680600000,0.6133,0.6135,0.6132,0.6134,68615.0
1651680660000,0.6134,0.6135,0.6132,0.6134,221007.0
1651680720000,0.6134,0.6135,0.6133,0.6135,35578.0
1651680780000,0.6135,0.6146,0.6134,0.6146,148303.0
1651680840000,0.6145,0.6149,0.6145,0.6149,50050.0
1651680900000,0.6149,0.615,0.6143,0.6144,159247.0
1651680960000,0.6145,0.6147,0.6143,0.6145,42247.0
1651681020000,0.6145,0.6146,0.6143,0.6144,27047.0
1651681080000,0.6145,0.6149,0.6144,0.6145,222789.0
1651681140000,0.6145,0.6148,0.6144,0.6144,457598.0
1651681200000,0.6145,0.6151,0.6145,0.6151,96769.0
1651681260000,0.6151,0.6154,0.6148,0.6154,61223.0
1651681320000,0.6153,0.6193,0.6152,0.6189,1527994.0
1651681380000,0.619,0.6207,0.6188,0.6191,842050.0
1651681440000,0.6191,0.6191,0.6174,0.6179,465056.0
1651681500000,0.6179,0.619,0.6178,0.619,155144.0
1651681560000,0.6189,0.619,0.6185,0.619,252495.0
1651681620000,0.619,0.6197,0.6189,0.6193,169427.0
1651681680000,0.6193,0.6204,0.6193,0.6198,461948.0
1651681740000,0.6197,0.6197,0.6188,0.6193,291350.0
1651681800000,0.6193,0.6196,0.6188,0.6189,176935.0
1651681860000,0.619,0.6192,0.6185,0.6186,48264.0
1651681920000,0.6187,0.6187,0.6179,0.6182,113023.0
1651681980000,0.6182,0.6183,0.6179,0.6182,134829.0
1651682040000,0.6182,0.6182,0.6179,0.6181,79863.0
1651682100000,0.6182,0.6185,0.6179,0.6181,191921.0
1651682160000,0.618,0.6181,0.6176,0.6178,149188.0
1651682220000,0.6178,0.6185,0.6178,0.6182,108094.0
1651682280000,0.6182,0.6187,0.6182,0.6187,63620.0
1651682340000,0.6188,0.6196,0.6188,0.6194,228956.0
1651682400000,0.6193,0.6194,0.6189,0.6191,195633.0
1651682460000,0.6191,0.6196,0.6191,0.6196,102387.0
1651682520000,0.6196,0.6196,0.619,0.6191,278173.0
1651682580000,0.6192,0.6194,0.6187,0.6188,239540.0
1651682640000,0.6188,0.6197,0.6186,0.6196,228530.0
1651682700000,0.6196,0.6196,0.6185,0.6185,249237.0
1651682760000,0.6186,0.6186,0.6168,0.6168,139295.0
1651682820000,0.6169,0.6171,0.6165,0.617,180329.0
1651682880000,0.6169,0.6171,0.6167,0.6169,51109.0
1651682940000,0.6169,0.6172,0.6169,0.617,125229.0
1651683000000,0.617,0.617,0.6165,0.6166,127743.0
1651683060000,0.6165,0.617,0.6164,0.6169,101031.0
1651683120000,0.6169,0.6178,0.6169,0.6178,66983.0
1651683180000,0.6177,0.6179,0.6171,0.6172,114294.0
1651683240000,0.6172,0.6176,0.6172,0.6174,78694.0
1651683300000,0.6176,0.6183,0.6176,0.6179,59718.0
1651683360000,0.6178,0.6189,0.6178,0.6188,101427.0
1651683420000,0.6189,0.6192,0.6188,0.6192,78072.0
1651683480000,0.6192,0.6195,0.6191,0.6193,64810.0
1651683540000,0.6192,0.6195,0.6192,0.6195,38631.0
1651683600000,0.6195,0.6199,0.6195,0.6198,103101.0
1651683660000,0.6199,0.6204,0.6199,0.6201,168617.0
1651683720000,0.62,0.6202,0.62,0.6201,73260.0
1651683780000,0.6201,0.6203,0.62,0.6202,150690.0
1651683840000,0.6202,0.6203,0.6194,0.6194,319981.0
1651683900000,0.6194,0.6194,0.6185,0.6186,92406.0
1651683960000,0.6186,0.6195,0.6186,0.6193,166137.0
1651684020000,0.6193,0.6193,0.618,0.6181,234454.0
1651684080000,0.6182,0.6182,0.6171,0.6182,617208.0
1651684140000,0.618,0.618,0.6169,0.617,138512.0
1651684200000,0.617,0.617,0.6162,0.6166,247167.0
1651684260000,0.6167,0.6167,0.6149,0.6155,395777.0
1651684320000,0.6154,0.6155,0.6142,0.6146,165833.0
1651684380000,0.6146,0.6154,0.6145,0.615,316201.0
1651684440000,0.615,0.6151,0.6143,0.6151,168095.0
1651684500000,0.615,0.6152,0.6146,0.6149,69433.0
1651684560000,0.6148,0.6152,0.6147,0.6152,116099.0
1651684620000,0.6152,0.616,0.6152,0.6157,167946.0
1651684680000,0.6158,0.6159,0.6153,0.6155,87017.0
1651684740000,0.6155,0.6156,0.6149,0.6152,279360.0
1651684800000,0.6153,0.6161,0.615,0.6151,99947.0
1651684860000,0.6152,0.6156,0.6148,0.6154,260079.0
1651684920000,0.6153,0.6163,0.6153,0.6159,299279.0
1651684980000,0.6159,0.616,0.6152,0.6155,172628.0
1651685040000,0.6156,0.6157,0.6155,0.6155,79171.0
1651685100000,0.6155,0.6159,0.6154,0.6157,226101.0
1651685160000,0.6157,0.6157,0.6152,0.6152,26837.0
1651685220000,0.6152,0.6154,0.6149,0.615,274798.0
1651685280000,0.6149,0.6155,0.6149,0.6155,74950.0
1651685340000,0.6154,0.6155,0.615,0.615,43578.0
1651685400000,0.6151,0.6158,0.615,0.6158,46562.0
1651685460000,0.6157,0.6157,0.6154,0.6156,35363.0
1651685520000,0.6155,0.6159,0.6154,0.6158,110604.0
1651685580000,0.6157,0.6158,0.6148,0.6149,175771.0
1651685640000,0.6149,0.6149,0.6143,0.6148,179759.0
1651685700000,0.6149,0.6156,0.6145,0.6146,188069.0
1651685760000,0.6145,0.6145,0.6139,0.6141,67476.0
1651685820000,0.6141,0.6144,0.614,0.614,206545.0
1651685880000,0.614,0.6145,0.614,0.6143,62425.0
1651685940000,0.6143,0.6146,0.6142,0.6146,53076.0
1651686000000,0.6146,0.6151,0.6145,0.6149,108108.0
1651686060000,0.6148,0.6151,0.6146,0.6149,93013.0
1651686120000,0.6149,0.6151,0.6149,0.615,30703.0
1651686180000,0.6149,0.6151,0.6148,0.615,31145.0
1651686240000,0.615,0.6152,0.6148,0.6152,74643.0
1651686300000,0.6152,0.6163,0.6151,0.6163,254953.0
1651686360000,0.6162,0.6162,0.6149,0.615,191244.0
1651686420000,0.615,0.615,0.6139,0.6139,179065.0
1651686480000,0.6139,0.6141,0.6137,0.6141,143253.0
1651686540000,0.6142,0.6142,0.6134,0.6135,110413.0
1651686600000,0.6135,0.6139,0.6135,0.6139,86762.0
1651686660000,0.614,0.614,0.6137,0.6139,194461.0
1651686720000,0.614,0.6141,0.6139,0.6141,99067.0
1651686780000,0.6141,0.6142,0.6138,0.6141,105891.0
1651686840000,0.6141,0.6145,0.6141,0.6141,78404.0
1651686900000,0.6141,0.6149,0.614,0.6149,123668.0
1651686960000,0.6149,0.6187,0.6149,0.6174,657750.0
1651687020000,0.6174,0.6189,0.6172,0.6176,734217.0
1651687080000,0.6176,0.6184,0.6166,0.6167,583173.0
1651687140000,0.6166,0.6176,0.6161,0.6167,336556.0
1651687200000,0.6167,0.6191,0.6149,0.6184,1854100.0
1651687260000,0.6185,0.6211,0.6184,0.6196,1499132.0
1651687320000,0.6197,0.6203,0.6179,0.6191,1030647.0
1651687380000,0.619,0.6196,0.6179,0.619,799767.0
1651687440000,0.6191,0.6202,0.6185,0.6195,1127671.0
1651687500000,0.6194,0.6217,0.6193,0.6215,673402.0
1651687560000,0.6217,0.6228,0.6216,0.6219,839752.0
1651687620000,0.6219,0.6219,0.6178,0.6189,967938.0
1651687680000,0.6188,0.6193,0.6178,0.6185,410863.0
1651687740000,0.6186,0.6197,0.6181,0.6192,355134.0
1651687800000,0.6193,0.6195,0.6179,0.6181,456231.0
1651687860000,0.6181,0.6188,0.6175,0.6187,410599.0
1651687920000,0.6186,0.619,0.618,0.619,404200.0
1651687980000,0.6189,0.6198,0.6184,0.6193,306745.0
1651688040000,0.6194,0.6194,0.6182,0.6185,288667.0
1651688100000,0.6185,0.6192,0.6181,0.6189,271972.0
1651688160000,0.6188,0.6191,0.6188,0.6188,99970.0
1651688220000,0.6187,0.6189,0.6183,0.6185,167347.0
1651688280000,0.6185,0.6185,0.6175,0.6176,106229.0
1651688340000,0.6176,0.6178,0.6169,0.6177,306626.0
1651688400000,0.6176,0.6176,0.6156,0.6157,190116.0
1651688460000,0.6157,0.6157,0.6144,0.6148,275814.0
1651688520000,0.6149,0.6159,0.6146,0.6151,281448.0
1651688580000,0.6151,0.6167,0.615,0.6167,298010.0
1651688640000,0.6167,0.6172,0.6164,0.6168,201362.0
1651688700000,0.6168,0.6171,0.6165,0.617,213074.0
1651688760000,0.617,0.6185,0.617,0.6183,202546.0
1651688820000,0.6183,0.6199,0.6181,0.6196,227229.0
1651688880000,0.6196,0.6203,0.6191,0.6197,266186.0
1651688940000,0.6198,0.6199,0.6184,0.6191,232040.0
1651689000000,0.6191,0.6197,0.6161,0.6172,780704.0
1651689060000,0.6173,0.6179,0.6163,0.6169,646815.0
1651689120000,0.6168,0.6177,0.6161,0.6174,754762.0
1651689180000,0.6173,0.6174,0.6157,0.6159,458891.0
1651689240000,0.6159,0.6162,0.6145,0.6154,775092.0
1651689300000,0.6153,0.6165,0.614,0.6159,901694.0
1651689360000,0.6158,0.6178,0.6154,0.6173,1047803.0
1651689420000,0.6173,0.6173,0.6157,0.6167,478563.0
1651689480000,0.6167,0.6172,0.6159,0.6165,244942.0
1651689540000,0.6163,0.6174,0.6161,0.617,425085.0
1651689600000,0.617,0.6173,0.6165,0.617,326325.0
1651689660000,0.617,0.6188,0.617,0.6188,358369.0
1651689720000,0.6188,0.6189,0.6173,0.6177,517571.0
1651689780000,0.6177,0.6193,0.6171,0.6185,781016.0
1651689840000,0.6185,0.629,0.6185,0.6272,5001114.0
1651689900000,0.6272,0.6315,0.6271,0.631,1855745.0
1651689960000,0.631,0.6335,0.6308,0.6333,1374165.0
1651690020000,0.6333,0.6357,0.633,0.6345,1415656.0
1651690080000,0.6344,0.6374,0.6341,0.6365,1385848.0
1651690140000,0.6366,0.64,0.6364,0.6389,1389245.0
1651690200000,0.639,0.6459,0.6388,0.642,3068067.0
1651690260000,0.6421,0.648,0.6415,0.6453,1912740.0
1651690320000,0.6453,0.6461,0.6425,0.6425,877225.0
1651690380000,0.6424,0.6455,0.6418,0.6454,1133286.0
1651690440000,0.6454,0.6473,0.645,0.6463,1123011.0
1651690500000,0.6462,0.6469,0.6439,0.6468,1154560.0
1651690560000,0.6467,0.6467,0.6431,0.6439,1315682.0
1651690620000,0.6438,0.6439,0.6409,0.6415,824033.0
1651690680000,0.6416,0.6432,0.6414,0.6426,530574.0
1651690740000,0.6427,0.6435,0.6414,0.6425,665530.0
1651690800000,0.6425,0.6455,0.6425,0.6436,1068333.0
1651690860000,0.6437,0.6456,0.6436,0.6444,1118223.0
1651690920000,0.6443,0.6449,0.6433,0.6439,725044.0
1651690980000,0.6439,0.6446,0.6418,0.6426,912314.0
1651691040000,0.6425,0.6427,0.6406,0.6418,748185.0
1651691100000,0.6417,0.6426,0.6409,0.6413,761830.0
1651691160000,0.6414,0.6434,0.6414,0.6423,371820.0
1651691220000,0.6422,0.6431,0.6419,0.6425,660864.0
1651691280000,0.6426,0.6467,0.6426,0.6458,1329662.0
1651691340000,0.6458,0.6466,0.6454,0.6458,977340.0
1651691400000,0.6458,0.6462,0.6451,0.6451,622379.0
1651691460000,0.645,0.6458,0.6448,0.645,343162.0
1651691520000,0.645,0.6469,0.6441,0.6449,693409.0
1651691580000,0.6449,0.6459,0.6447,0.6454,468936.0
1651691640000,0.6454,0.6454,0.644,0.6445,545737.0
1651691700000,0.6446,0.6453,0.644,0.6443,682307.0
1651691760000,0.6443,0.6469,0.6443,0.6467,554854.0
1651691820000,0.6466,0.6485,0.6463,0.6484,650564.0
1651691880000,0.6484,0.6489,0.6453,0.6455,598514.0
1651691940000,0.6455,0.6456,0.6442,0.6442,647507.0
1651692000000,0.6444,0.6454,0.6442,0.6444,716937.0
1651692060000,0.6443,0.6446,0.6421,0.6426,654131.0
1651692120000,0.6427,0.6437,0.6423,0.6435,333218.0
1651692180000,0.6435,0.644,0.6434,0.6438,432475.0
1651692240000,0.6438,0.6441,0.6433,0.6439,353578.0
1651692300000,0.6439,0.644,0.6427,0.6433,534113.0
1651692360000,0.6434,0.6439,0.6428,0.6429,303032.0
1651692420000,0.6428,0.6435,0.6427,0.6434,288096.0
1651692480000,0.6434,0.6445,0.6433,0.6443,244000.0
1651692540000,0.6442,0.6443,0.6439,0.644,257914.0
1651692600000,0.644,0.6442,0.643,0.6434,330463.0
1651692660000,0.6434,0.644,0.6433,0.6435,258733.0
1651692720000,0.6436,0.6445,0.6434,0.6442,443939.0
1651692780000,0.6442,0.6443,0.6436,0.644,278899.0
1651692840000,0.644,0.6443,0.6439,0.644,211143.0
1651692900000,0.6439,0.6441,0.6428,0.6441,377823.0
1651692960000,0.6441,0.6448,0.6436,0.6446,194563.0
1651693020000,0.6445,0.6448,0.6443,0.6448,137269.0
1651693080000,0.6448,0.6448,0.6433,0.6436,215331.0
1651693140000,0.6437,0.6446,0.6437,0.6439,228624.0
1651693200000,0.6438,0.644,0.6426,0.6426,328053.0
1651693260000,0.6426,0.6426,0.6409,0.6413,580221.0
1651693320000,0.6414,0.6425,0.6414,0.6416,344213.0
1651693380000,0.6416,0.6418,0.6397,0.6404,654638.0
1651693440000,0.6405,0.641,0.6401,0.6403,580776.0
1651693500000,0.6403,0.6403,0.6382,0.6391,742639.0
1651693560000,0.6391,0.6398,0.6388,0.6393,460417.0
1651693620000,0.6392,0.6392,0.6382,0.6386,211678.0
1651693680000,0.6386,0.6403,0.6385,0.64,441653.0
1651693740000,0.64,0.641,0.6399,0.6408,438698.0
1651693800000,0.6409,0.6411,0.6401,0.6404,330200.0
1651693860000,0.6404,0.6406,0.6401,0.6406,134051.0
1651693920000,0.6406,0.6411,0.6402,0.6406,219196.0
1651693980000,0.6407,0.6419,0.6402,0.6402,353659.0
1651694040000,0.6401,0.6407,0.6398,0.6398,235616.0
1651694100000,0.6398,0.6401,0.6393,0.64,330370.0
1651694160000,0.64,0.64,0.6391,0.6392,123188.0
1651694220000,0.6392,0.6392,0.6385,0.639,248025.0
1651694280000,0.6391,0.6396,0.6389,0.6391,154851.0
1651694340000,0.6391,0.6392,0.6386,0.6391,330686.0
1651694400000,0.639,0.6392,0.6386,0.6392,199370.0
1651694460000,0.6391,0.6398,0.6391,0.6395,170550.0
1651694520000,0.6395,0.6398,0.6394,0.6397,78933.0
1651694580000,0.6396,0.6404,0.6393,0.6398,443231.0
1651694640000,0.6398,0.6399,0.6394,0.6394,162067.0
1651694700000,0.6394,0.641,0.6394,0.6408,118297.0
1651694760000,0.6407,0.641,0.6406,0.6408,223003.0
1651694820000,0.6409,0.6416,0.6408,0.6415,256418.0
1651694880000,0.6414,0.6416,0.6412,0.6416,232846.0
1651694940000,0.6416,0.6418,0.6413,0.6416,287115.0
1651695000000,0.6417,0.6421,0.6416,0.6417,126176.0
1651695060000,0.6417,0.6423,0.6409,0.6423,387325.0
1651695120000,0.6422,0.6422,0.6408,0.6408,88961.0
1651695180000,0.6408,0.641,0.6408,0.6409,35756.0
1651695240000,0.6408,0.6413,0.6408,0.6411,180357.0
1651695300000,0.641,0.6416,0.6409,0.6414,133680.0
1651695360000,0.6415,0.6416,0.6411,0.6411,64553.0
1651695420000,0.6411,0.6416,0.6411,0.6414,73515.0
1651695480000,0.6413,0.6417,0.6413,0.6413,82576.0
1651695540000,0.6414,0.6415,0.6411,0.6414,117051.0
1651695600000,0.6413,0.6415,0.6411,0.6413,75631.0
1651695660000,0.6412,0.6412,0.6406,0.6408,202674.0
1651695720000,0.6407,0.6408,0.6405,0.6407,60836.0
1651695780000,0.6407,0.6407,0.6403,0.6404,82100.0
1651695840000,0.6404,0.6407,0.6403,0.6406,141531.0
1651695900000,0.6407,0.641,0.6406,0.641,138060.0
1651695960000,0.6409,0.6415,0.6409,0.6415,35701.0
1651696020000,0.6414,0.6418,0.6414,0.6417,73241.0
1651696080000,0.6417,0.6422,0.6416,0.6419,165971.0
1651696140000,0.6419,0.6422,0.6417,0.6422,113648.0
1651696200000,0.6421,0.6423,0.6419,0.6422,225408.0
1651696260000,0.6422,0.6429,0.6422,0.6428,127611.0
1651696320000,0.6428,0.6431,0.6428,0.643,169939.0
1651696380000,0.643,0.6433,0.6428,0.6428,138403.0
1651696440000,0.6429,0.6432,0.6428,0.6431,76404.0
1651696500000,0.6431,0.6433,0.643,0.6431,111236.0
1651696560000,0.6431,0.6431,0.6427,0.6429,76456.0
1651696620000,0.643,0.6431,0.6428,0.643,148277.0
1651696680000,0.643,0.6431,0.6428,0.6428,95144.0
1651696740000,0.6429,0.6442,0.6429,0.6442,340370.0
1651696800000,0.6443,0.6446,0.6442,0.6445,41107.0
1651696860000,0.6445,0.6455,0.6445,0.6453,141686.0
1651696920000,0.6453,0.6454,0.6449,0.645,107605.0
1651696980000,0.645,0.645,0.6443,0.6446,218616.0
1651697040000,0.6445,0.6446,0.6442,0.6442,89591.0
1651697100000,0.6442,0.6443,0.6437,0.644,178743.0
1651697160000,0.644,0.644,0.6434,0.6436,165974.0
1651697220000,0.6437,0.6438,0.6434,0.6435,64945.0
1651697280000,0.6435,0.6438,0.6435,0.6437,70972.0
1651697340000,0.6437,0.644,0.6437,0.6438,100018.0
1651697400000,0.6437,0.6437,0.6434,0.6436,155456.0
1651697460000,0.6437,0.6439,0.6435,0.6439,66372.0
1651697520000,0.6438,0.644,0.6438,0.644,16206.0
1651697580000,0.6439,0.6442,0.6435,0.6435,113023.0
1651697640000,0.6436,0.6439,0.6436,0.6438,18313.0
1651697700000,0.6437,0.644,0.6437,0.6439,32420.0
1651697760000,0.6439,0.644,0.6439,0.644,42603.0
1651697820000,0.644,0.644,0.6438,0.6438,35117.0
1651697880000,0.6438,0.6439,0.6435,0.6438,142630.0
1651697940000,0.6437,0.6439,0.6436,0.6436,39503.0
1651698000000,0.6436,0.6444,0.6436,0.6441,108005.0
1651698060000,0.6441,0.6462,0.644,0.646,222851.0
1651698120000,0.646,0.65,0.6459,0.6499,851338.0
1651698180000,0.6499,0.65,0.647,0.648,1214444.0
1651698240000,0.6479,0.6484,0.6479,0.6482,205047.0
1651698300000,0.6482,0.6486,0.6476,0.6478,210153.0
1651698360000,0.6478,0.6478,0.647,0.6471,101555.0
1651698420000,0.6471,0.6472,0.6465,0.647,343767.0
1651698480000,0.6471,0.6471,0.6464,0.6466,195472.0
1651698540000,0.6467,0.6477,0.6461,0.6476,448385.0
1651698600000,0.6477,0.6478,0.647,0.647,128710.0
1651698660000,0.6469,0.647,0.6466,0.6466,45388.0
1651698720000,0.6467,0.6468,0.6463,0.6465,132455.0
1651698780000,0.6464,0.6467,0.6464,0.6467,39593.0
1651698840000,0.6467,0.6468,0.6465,0.6465,15999.0
1651698900000,0.6464,0.6465,0.6461,0.6462,190174.0
1651698960000,0.6462,0.6462,0.6458,0.6458,36027.0
1651699020000,0.6458,0.6459,0.6454,0.6454,58533.0
1651699080000,0.6455,0.6459,0.6455,0.6458,83753.0
1651699140000,0.6457,0.6458,0.6453,0.6454,59678.0
1651699200000,0.6453,0.6459,0.645,0.6458,187747.0
1651699260000,0.6459,0.646,0.6458,0.6459,42128.0
1651699320000,0.6459,0.646,0.6457,0.6457,30808.0
1651699380000,0.6457,0.646,0.6457,0.646,70415.0
1651699440000,0.6459,0.6464,0.6459,0.6459,143796.0
1651699500000,0.646,0.646,0.6453,0.6454,146316.0
1651699560000,0.6454,0.6454,0.6451,0.6452,104476.0
1651699620000,0.6452,0.6457,0.6451,0.6456,54551.0
1651699680000,0.6457,0.646,0.6454,0.6459,99096.0
1651699740000,0.6459,0.646,0.6457,0.6458,81998.0
1651699800000,0.6458,0.6459,0.6457,0.6458,23394.0
1651699860000,0.6458,0.6458,0.6449,0.6449,74972.0
1651699920000,0.645,0.6451,0.6449,0.645,17643.0
1651699980000,0.645,0.6451,0.6449,0.645,31514.0
1651700040000,0.6449,0.6451,0.6445,0.6449,154273.0
1651700100000,0.6449,0.6451,0.6447,0.6448,32156.0
1651700160000,0.6448,0.6448,0.6446,0.6447,34982.0
1651700220000,0.6447,0.645,0.6447,0.6449,24929.0
1651700280000,0.6448,0.6449,0.6446,0.6447,23530.0
1651700340000,0.6446,0.6447,0.6446,0.6447,28383.0
1651700400000,0.6447,0.6449,0.6446,0.6446,74104.0
1651700460000,0.6447,0.6447,0.643,0.6431,222940.0
1651700520000,0.6433,0.6444,0.6432,0.6444,83041.0
1651700580000,0.6444,0.6446,0.644,0.644,29082.0
1651700640000,0.6441,0.6441,0.6432,0.6433,33686.0
1651700700000,0.6433,0.6439,0.6433,0.6438,38118.0
1651700760000,0.6439,0.6443,0.6438,0.6442,55734.0
1651700820000,0.6441,0.6441,0.6438,0.6438,47722.0
1651700880000,0.6439,0.644,0.6437,0.6439,97018.0
1651700940000,0.6438,0.6439,0.6433,0.6435,89984.0
1651701000000,0.6436,0.6442,0.6433,0.6441,352683.0
1651701060000,0.6442,0.6442,0.6437,0.6439,56839.0
1651701120000,0.6438,0.644,0.6436,0.6438,25056.0
1651701180000,0.6438,0.6438,0.6436,0.6437,31275.0
1651701240000,0.6437,0.6437,0.6436,0.6436,25088.0
1651701300000,0.6437,0.644,0.6434,0.6437,208150.0
1651701360000,0.6436,0.6437,0.6432,0.6433,119407.0
1651701420000,0.6432,0.6433,0.6429,0.6429,37968.0
1651701480000,0.6428,0.6431,0.6426,0.6428,102857.0
1651701540000,0.6428,0.6431,0.6428,0.6431,58248.0
1651701600000,0.643,0.6438,0.643,0.6437,280604.0
1651701660000,0.6436,0.6436,0.643,0.643,24218.0
1651701720000,0.643,0.6436,0.643,0.6436,185890.0
1651701780000,0.6435,0.6436,0.6433,0.6434,134319.0
1651701840000,0.6434,0.6436,0.6434,0.6434,60579.0
1651701900000,0.6433,0.6437,0.6433,0.6435,66125.0
1651701960000,0.6435,0.6438,0.6432,0.6438,114722.0
1651702020000,0.6438,0.6444,0.6438,0.6442,204679.0
1651702080000,0.6442,0.6454,0.6438,0.6452,438295.0
1651702140000,0.6453,0.647,0.6453,0.6465,439752.0
1651702200000,0.6464,0.6474,0.6463,0.6466,226935.0
1651702260000,0.6466,0.6467,0.6463,0.6463,39140.0
1651702320000,0.6463,0.6463,0.646,0.646,145913.0
1651702380000,0.6461,0.6462,0.6456,0.6456,249434.0
1651702440000,0.6456,0.6457,0.6452,0.6453,63685.0
1651702500000,0.6452,0.6465,0.6452,0.6462,460371.0
1651702560000,0.6462,0.6464,0.646,0.6462,112977.0
1651702620000,0.6462,0.6468,0.6462,0.6466,116146.0
1651702680000,0.6466,0.647,0.646,0.6468,562282.0
1651702740000,0.6468,0.6468,0.6464,0.6465,113554.0
1651702800000,0.6465,0.6471,0.6465,0.647,58731.0
1651702860000,0.647,0.6471,0.6467,0.6467,98010.0
1651702920000,0.6468,0.6477,0.6467,0.6477,170959.0
1651702980000,0.6478,0.6478,0.6467,0.6469,274699.0
1651703040000,0.6469,0.6473,0.6468,0.6471,135846.0
1651703100000,0.647,0.6473,0.6466,0.6467,18383.0
1651703160000,0.6466,0.6467,0.6462,0.6464,112605.0
1651703220000,0.6465,0.6466,0.6462,0.6466,67317.0
1651703280000,0.6465,0.6471,0.6465,0.6469,235955.0
1651703340000,0.6469,0.6474,0.6466,0.647,443954.0
1651703400000,0.647,0.6476,0.647,0.6474,94664.0
1651703460000,0.6474,0.6477,0.6472,0.6474,68049.0
1651703520000,0.6475,0.6481,0.6474,0.648,165772.0
1651703580000,0.6481,0.6481,0.6475,0.6476,138673.0
1651703640000,0.6475,0.6479,0.6475,0.6478,109013.0
1651703700000,0.6478,0.6483,0.6477,0.6481,127427.0
1651703760000,0.6481,0.6483,0.6481,0.6482,27407.0
1651703820000,0.6481,0.6482,0.6478,0.6481,126811.0
1651703880000,0.6481,0.6482,0.647,0.6471,184234.0
1651703940000,0.6471,0.6473,0.647,0.6471,79140.0
1651704000000,0.647,0.647,0.6455,0.6456,261812.0
1651704060000,0.6455,0.6457,0.6452,0.6453,176987.0
1651704120000,0.6453,0.646,0.6449,0.6456,444486.0
1651704180000,0.6457,0.6457,0.6451,0.6452,70610.0
1651704240000,0.6451,0.6454,0.6449,0.6451,101847.0
1651704300000,0.6452,0.6455,0.645,0.6453,118237.0
1651704360000,0.6452,0.6455,0.6452,0.6455,60126.0
1651704420000,0.6454,0.6455,0.6452,0.6455,57260.0
1651704480000,0.6454,0.6454,0.6452,0.6453,55833.0
1651704540000,0.6452,0.6453,0.6445,0.6447,94547.0
1651704600000,0.6447,0.6448,0.6444,0.6445,90118.0
1651704660000,0.6445,0.6448,0.6445,0.6448,58694.0
1651704720000,0.6447,0.6448,0.6445,0.6447,79285.0
1651704780000,0.6447,0.6449,0.6445,0.6446,181576.0
1651704840000,0.6446,0.6447,0.6443,0.6443,92567.0
1651704900000,0.6443,0.6447,0.6443,0.6444,103311.0
1651704960000,0.6445,0.6452,0.6445,0.6451,118234.0
1651705020000,0.645,0.6456,0.6449,0.6456,136917.0
1651705080000,0.6456,0.6456,0.6451,0.6454,135986.0
1651705140000,0.6454,0.6457,0.6452,0.6456,118919.0
1651705200000,0.6455,0.6455,0.6451,0.6451,197216.0
1651705260000,0.6452,0.6455,0.6452,0.6453,36216.0
1651705320000,0.6454,0.6458,0.6452,0.6457,118222.0
1651705380000,0.6457,0.646,0.6456,0.646,62363.0
1651705440000,0.6459,0.6462,0.6459,0.6462,91608.0
1651705500000,0.6462,0.6463,0.646,0.6462,97016.0
1651705560000,0.6462,0.6466,0.6458,0.6466,209142.0
1651705620000,0.6465,0.6466,0.6463,0.6464,68867.0
1651705680000,0.6464,0.6464,0.6462,0.6462,23446.0
1651705740000,0.6462,0.6463,0.646,0.6461,52700.0
1651705800000,0.6462,0.6464,0.6461,0.6463,51107.0
1651705860000,0.6462,0.6463,0.6462,0.6463,81691.0
1651705920000,0.6462,0.6466,0.6462,0.6466,169791.0
1651705980000,0.6466,0.6468,0.646,0.6463,382508.0
1651706040000,0.6463,0.6464,0.6462,0.6463,47255.0
1651706100000,0.6463,0.6464,0.6457,0.6457,147435.0
1651706160000,0.6456,0.646,0.6456,0.6458,81277.0
1651706220000,0.6458,0.6459,0.6454,0.6457,14732.0
1651706280000,0.6456,0.6457,0.6454,0.6455,17204.0
1651706340000,0.6454,0.6455,0.6454,0.6455,14366.0
1651706400000,0.6456,0.6459,0.6456,0.6459,29231.0
1651706460000,0.6458,0.646,0.6457,0.646,132344.0
1651706520000,0.646,0.6462,0.6455,0.6455,165095.0
1651706580000,0.6455,0.6456,0.6451,0.6456,50925.0
1651706640000,0.6455,0.6456,0.6452,0.6452,93499.0
1651706700000,0.6453,0.6457,0.6453,0.6454,54177.0
1651706760000,0.6454,0.6454,0.645,0.6452,18583.0
1651706820000,0.6452,0.6454,0.6451,0.6452,27216.0
1651706880000,0.6453,0.6453,0.6447,0.6447,72136.0
1651706940000,0.6448,0.6448,0.6446,0.6446,24989.0
1651707000000,0.6447,0.6451,0.6447,0.6451,77853.0
1651707060000,0.645,0.6452,0.645,0.6451,50520.0
1651707120000,0.645,0.6451,0.645,0.645,16839.0
1651707180000,0.6451,0.6453,0.645,0.6451,89851.0
1651707240000,0.645,0.6453,0.645,0.6452,22310.0
1651707300000,0.6453,0.646,0.6452,0.6454,223217.0
1651707360000,0.6455,0.6458,0.6454,0.6458,123684.0
1651707420000,0.6457,0.6459,0.6457,0.6459,23475.0
1651707480000,0.6458,0.6459,0.6458,0.6458,11033.0
1651707540000,0.6458,0.6459,0.6458,0.6459,64424.0
1651707600000,0.6459,0.6461,0.6458,0.646,118948.0
1651707660000,0.6461,0.6462,0.6459,0.6461,379089.0
1651707720000,0.6461,0.6475,0.6459,0.647,820227.0
1651707780000,0.647,0.6486,0.6468,0.6473,823791.0
1651707840000,0.6474,0.6477,0.6465,0.6465,92147.0
1651707900000,0.6466,0.6475,0.6466,0.6473,223695.0
1651707960000,0.6473,0.6482,0.6473,0.6474,325866.0
1651708020000,0.6474,0.6476,0.6472,0.6476,202339.0
1651708080000,0.6476,0.6484,0.6476,0.648,148304.0
1651708140000,0.6481,0.6485,0.6479,0.6485,183371.0
1651708200000,0.6484,0.6485,0.6479,0.648,106367.0
1651708260000,0.648,0.648,0.6461,0.6467,452925.0
1651708320000,0.6467,0.6468,0.6462,0.6463,158270.0
1651708380000,0.6465,0.6465,0.6462,0.6463,45694.0
1651708440000,0.6464,0.6464,0.6455,0.6455,144142.0
1651708500000,0.6455,0.6461,0.6455,0.6458,109084.0
1651708560000,0.6458,0.6462,0.6458,0.6458,171529.0
1651708620000,0.6458,0.6463,0.6458,0.6461,121347.0
1651708680000,0.6461,0.6462,0.6458,0.6458,129149.0
1651708740000,0.6458,0.6461,0.6458,0.6459,89264.0
1651708800000,0.646,0.6462,0.6455,0.6457,599474.0
1651708860000,0.6458,0.6465,0.6457,0.6465,152739.0
1651708920000,0.6465,0.6473,0.6465,0.6473,226315.0
1651708980000,0.6473,0.6493,0.6472,0.649,921450.0
1651709040000,0.649,0.649,0.6475,0.6476,311525.0
1651709100000,0.6476,0.6479,0.6476,0.6477,198945.0
1651709160000,0.6478,0.6478,0.6475,0.6477,233439.0
1651709220000,0.6476,0.648,0.6474,0.648,255649.0
1651709280000,0.6479,0.6493,0.6479,0.6486,467512.0
1651709340000,0.6487,0.6489,0.6479,0.648,207443.0
1651709400000,0.6481,0.6485,0.6474,0.6477,318028.0
1651709460000,0.6477,0.6479,0.6468,0.6474,570413.0
1651709520000,0.6474,0.6475,0.6469,0.6472,453214.0
1651709580000,0.6472,0.6476,0.6471,0.6474,220195.0
1651709640000,0.6474,0.6475,0.6473,0.6474,43519.0
1651709700000,0.6475,0.6475,0.6469,0.6475,250625.0
1651709760000,0.6474,0.6475,0.6472,0.6475,153649.0
1651709820000,0.6475,0.6476,0.647,0.6472,149641.0
1651709880000,0.6472,0.6473,0.6469,0.647,287937.0
1651709940000,0.647,0.6471,0.6462,0.6465,491722.0
1651710000000,0.6465,0.6476,0.6462,0.6475,346929.0
1651710060000,0.6475,0.6479,0.6474,0.6478,82592.0
1651710120000,0.6479,0.6483,0.6475,0.6477,309547.0
1651710180000,0.6477,0.6484,0.6476,0.6479,292863.0
1651710240000,0.6479,0.6482,0.6476,0.6476,175937.0
1651710300000,0.6476,0.648,0.6473,0.6477,135568.0
1651710360000,0.6477,0.6478,0.647,0.6471,79169.0
1651710420000,0.6471,0.6472,0.6467,0.647,91635.0
1651710480000,0.647,0.6472,0.6466,0.6469,248798.0
1651710540000,0.6469,0.6471,0.6464,0.6471,454182.0
1651710600000,0.6472,0.6474,0.6468,0.6469,184067.0
1651710660000,0.6469,0.647,0.6466,0.6468,176262.0
1651710720000,0.6468,0.6474,0.6468,0.6471,133913.0
1651710780000,0.6471,0.6472,0.647,0.6471,114598.0
1651710840000,0.6471,0.6478,0.6471,0.6475,331475.0
1651710900000,0.6474,0.6478,0.6474,0.6475,166161.0
1651710960000,0.6475,0.6477,0.6475,0.6475,92727.0
1651711020000,0.6475,0.6479,0.6474,0.6478,147990.0
1651711080000,0.6478,0.6479,0.6475,0.6476,79322.0
1651711140000,0.6476,0.6477,0.6474,0.6475,58426.0
1651711200000,0.6474,0.648,0.6474,0.6479,86469.0
1651711260000,0.6479,0.6482,0.6478,0.6481,90501.0
1651711320000,0.6482,0.6488,0.6482,0.6485,175763.0
1651711380000,0.6486,0.6496,0.6486,0.6494,526762.0
1651711440000,0.6493,0.6497,0.649,0.6492,324499.0
1651711500000,0.6492,0.6494,0.6486,0.6487,115097.0
1651711560000,0.6486,0.6487,0.6485,0.6486,109255.0
1651711620000,0.6485,0.6486,0.6481,0.6483,103940.0
1651711680000,0.6484,0.6484,0.6477,0.6479,204429.0
1651711740000,0.6479,0.648,0.6477,0.6479,114736.0
1651711800000,0.6479,0.6483,0.6478,0.6482,297631.0
1651711860000,0.6482,0.6482,0.6478,0.648,142037.0
1651711920000,0.648,0.648,0.6476,0.6479,54656.0
1651711980000,0.648,0.6481,0.6478,0.6478,31003.0
1651712040000,0.6478,0.6485,0.6477,0.6485,63455.0
1651712100000,0.6485,0.6488,0.6484,0.6486,118375.0
1651712160000,0.6487,0.6487,0.6485,0.6486,95364.0
1651712220000,0.6486,0.6487,0.6485,0.6486,20575.0
1651712280000,0.6486,0.6493,0.6486,0.6492,299553.0
1651712340000,0.6492,0.6494,0.649,0.6493,157646.0
1651712400000,0.6493,0.6495,0.6491,0.6495,110176.0
1651712460000,0.6495,0.6496,0.6492,0.6495,95692.0
1651712520000,0.6496,0.6496,0.6492,0.6492,133028.0
1651712580000,0.6493,0.6497,0.6492,0.6496,156213.0
1651712640000,0.6495,0.6496,0.6493,0.6496,84872.0
1651712700000,0.6495,0.6499,0.6495,0.6498,78371.0
1651712760000,0.6497,0.6498,0.6494,0.6495,160759.0
1651712820000,0.6495,0.65,0.6492,0.65,117621.0
1651712880000,0.65,0.6541,0.6499,0.653,2536457.0
1651712940000,0.653,0.6542,0.6522,0.6536,592242.0
1651713000000,0.6535,0.6536,0.6521,0.6524,311829.0
1651713060000,0.6524,0.6525,0.6513,0.6513,332750.0
1651713120000,0.6514,0.6514,0.6506,0.6512,324197.0
1651713180000,0.6513,0.6516,0.651,0.6515,171519.0
1651713240000,0.6516,0.6525,0.6516,0.6523,290715.0
1651713300000,0.6524,0.6525,0.6522,0.6523,143009.0
1651713360000,0.6524,0.6527,0.6523,0.6527,181149.0
1651713420000,0.6527,0.6528,0.652,0.6523,137008.0
1651713480000,0.6523,0.6528,0.652,0.6523,390373.0
1651713540000,0.6523,0.6528,0.6523,0.6524,189710.0
1651713600000,0.6524,0.654,0.6523,0.6537,276028.0
1651713660000,0.6537,0.6537,0.6533,0.6533,103186.0
1651713720000,0.6534,0.6534,0.6528,0.6529,195803.0
1651713780000,0.6529,0.6529,0.6525,0.6525,84791.0
1651713840000,0.6526,0.6526,0.6522,0.6523,56394.0
1651713900000,0.6522,0.6525,0.6521,0.6523,147638.0
1651713960000,0.6523,0.6531,0.6522,0.653,103260.0
1651714020000,0.6531,0.6531,0.6525,0.6525,162018.0
1651714080000,0.6526,0.6534,0.6525,0.6533,97769.0
1651714140000,0.6533,0.6534,0.6532,0.6533,128365.0
1651714200000,0.6534,0.6557,0.6533,0.6557,822681.0
1651714260000,0.6557,0.6572,0.6555,0.6566,840646.0
1651714320000,0.6566,0.6572,0.6555,0.6557,490056.0
1651714380000,0.6556,0.6557,0.6546,0.6546,224643.0
1651714440000,0.6546,0.6551,0.6546,0.6551,76931.0
1651714500000,0.655,0.6552,0.6535,0.6542,394581.0
1651714560000,0.6541,0.6542,0.653,0.6531,273977.0
1651714620000,0.653,0.654,0.6526,0.6528,923531.0
1651714680000,0.6528,0.6533,0.6525,0.653,302594.0
1651714740000,0.6529,0.653,0.6524,0.6527,136598.0
1651714800000,0.6526,0.6527,0.6523,0.6523,85898.0
1651714860000,0.6522,0.6529,0.6521,0.6527,341121.0
1651714920000,0.6527,0.6527,0.6523,0.6526,120492.0
1651714980000,0.6527,0.6527,0.6523,0.6526,174975.0
1651715040000,0.6526,0.6526,0.6521,0.6524,160508.0
1651715100000,0.6524,0.6524,0.6523,0.6524,45389.0
1651715160000,0.6523,0.6524,0.652,0.6523,124929.0
1651715220000,0.6523,0.6524,0.6519,0.6519,143448.0
1651715280000,0.652,0.652,0.6515,0.6517,272989.0
1651715340000,0.6517,0.6517,0.651,0.6513,137317.0
1651715400000,0.6514,0.6514,0.6506,0.6509,372576.0
1651715460000,0.651,0.6511,0.6501,0.6502,283227.0
1651715520000,0.6501,0.6502,0.6495,0.6496,401157.0
1651715580000,0.6496,0.6497,0.6492,0.6497,177229.0
1651715640000,0.6499,0.6499,0.6498,0.6499,17800.0
1651715700000,0.6499,0.6499,0.6498,0.6499,29826.0
1651715760000,0.6498,0.6499,0.6494,0.6496,242068.0
1651715820000,0.6495,0.6497,0.6492,0.6495,207367.0
1651715880000,0.6494,0.6494,0.649,0.6492,328602.0
1651715940000,0.6492,0.6492,0.6485,0.6485,310335.0
1651716000000,0.6486,0.649,0.6485,0.6487,423281.0
1651716060000,0.6486,0.6487,0.6481,0.6482,67407.0
1651716120000,0.6482,0.6484,0.6481,0.6482,178348.0
1651716180000,0.6482,0.6482,0.6478,0.6478,230476.0
1651716240000,0.6479,0.6488,0.6478,0.6488,196132.0
1651716300000,0.6488,0.6488,0.6483,0.6483,85435.0
1651716360000,0.6484,0.6485,0.6478,0.6479,191705.0
1651716420000,0.6479,0.6479,0.6473,0.6477,267947.0
1651716480000,0.6477,0.6477,0.6476,0.6477,19417.0
1651716540000,0.6476,0.6491,0.6476,0.6491,556266.0
1651716600000,0.6492,0.6502,0.649,0.6501,534466.0
1651716660000,0.6501,0.6508,0.6501,0.6508,237475.0
1651716720000,0.6507,0.6507,0.6502,0.6503,92599.0
1651716780000,0.6503,0.6507,0.6501,0.6505,131799.0
1651716840000,0.6504,0.6504,0.6502,0.6502,109620.0
1651716900000,0.6502,0.6508,0.6501,0.6505,234049.0
1651716960000,0.6504,0.6506,0.6503,0.6505,74246.0
1651717020000,0.6505,0.6506,0.6504,0.6505,47200.0
1651717080000,0.6505,0.6507,0.6505,0.6507,80830.0
1651717140000,0.6507,0.6511,0.6507,0.6511,61630.0
1651717200000,0.651,0.6518,0.651,0.6518,163460.0
1651717260000,0.6518,0.6531,0.6517,0.6529,259627.0
1651717320000,0.6528,0.6528,0.6522,0.6523,133398.0
1651717380000,0.6522,0.6523,0.6518,0.6518,102131.0
1651717440000,0.6518,0.6519,0.6515,0.6516,49910.0
1651717500000,0.6515,0.6516,0.6513,0.6514,87416.0
1651717560000,0.6514,0.6517,0.6513,0.6513,187221.0
1651717620000,0.6514,0.6521,0.6513,0.6518,138971.0
1651717680000,0.6518,0.6522,0.6518,0.6521,81360.0
1651717740000,0.6521,0.6524,0.652,0.6523,82734.0
1651717800000,0.6523,0.6531,0.6523,0.6523,210767.0
1651717860000,0.6522,0.6523,0.652,0.652,28677.0
1651717920000,0.652,0.652,0.6516,0.652,111892.0
1651717980000,0.6521,0.6522,0.6517,0.6519,183662.0
1651718040000,0.6519,0.6519,0.6517,0.6517,24645.0
1651718100000,0.6517,0.6521,0.6517,0.6521,109527.0
1651718160000,0.652,0.6532,0.652,0.6531,344546.0
1651718220000,0.6531,0.6534,0.6524,0.6524,625183.0
1651718280000,0.6524,0.6531,0.6524,0.6526,567949.0
1651718340000,0.6525,0.6525,0.6518,0.6521,111399.0
1651718400000,0.6521,0.6524,0.652,0.6521,108431.0
1651718460000,0.652,0.6522,0.6518,0.652,67790.0
1651718520000,0.652,0.6524,0.652,0.6523,82808.0
1651718580000,0.6523,0.6524,0.6521,0.6523,67724.0
1651718640000,0.6522,0.6525,0.6522,0.6524,32811.0
1651718700000,0.6525,0.6528,0.6523,0.6527,203158.0
1651718760000,0.6527,0.6527,0.6518,0.6518,496834.0
1651718820000,0.6518,0.6519,0.6517,0.6519,90072.0
1651718880000,0.652,0.652,0.6517,0.6517,29666.0
1651718940000,0.6518,0.6526,0.6517,0.6524,524932.0
1651719000000,0.6524,0.6528,0.6523,0.6524,50596.0
1651719060000,0.6523,0.6523,0.652,0.652,102493.0
1651719120000,0.6521,0.6521,0.6517,0.6517,47615.0
1651719180000,0.6517,0.6518,0.6517,0.6518,10916.0
1651719240000,0.6517,0.6518,0.6513,0.6514,448041.0
1651719300000,0.6515,0.6526,0.651,0.6522,691531.0
1651719360000,0.6522,0.6522,0.6518,0.6518,144349.0
1651719420000,0.6517,0.6521,0.6509,0.6509,331219.0
1651719480000,0.6509,0.6512,0.6504,0.6512,256712.0
1651719540000,0.6511,0.6511,0.6506,0.6506,139052.0
1651719600000,0.6506,0.6507,0.6504,0.6505,172798.0
1651719660000,0.6506,0.6506,0.6502,0.6502,43093.0
1651719720000,0.6502,0.6503,0.6502,0.6502,32898.0
1651719780000,0.6502,0.6507,0.65,0.6503,521677.0
1651719840000,0.6504,0.6504,0.6502,0.6503,27286.0
1651719900000,0.6503,0.6508,0.6503,0.6508,168596.0
1651719960000,0.6509,0.651,0.6509,0.6509,184265.0
1651720020000,0.6509,0.6511,0.6507,0.651,189534.0
1651720080000,0.651,0.6514,0.651,0.6513,188517.0
1651720140000,0.6513,0.652,0.6513,0.652,337941.0
1651720200000,0.652,0.6525,0.652,0.6521,221427.0
1651720260000,0.652,0.6524,0.652,0.6524,113328.0
1651720320000,0.6523,0.6526,0.6521,0.6522,124625.0
1651720380000,0.6522,0.6522,0.6517,0.6518,43563.0
1651720440000,0.6518,0.6518,0.6517,0.6518,50502.0
1651720500000,0.6517,0.6519,0.6517,0.6518,172936.0
1651720560000,0.6518,0.6518,0.6515,0.6515,143253.0
1651720620000,0.6515,0.6516,0.6513,0.6513,106317.0
1651720680000,0.6514,0.6514,0.6509,0.6512,303734.0
1651720740000,0.6513,0.6519,0.6511,0.6519,183921.0
1651720800000,0.6519,0.6522,0.651,0.6514,436460.0
1651720860000,0.6514,0.6515,0.6511,0.6511,156014.0
1651720920000,0.6512,0.6513,0.6512,0.6513,24608.0
1651720980000,0.6512,0.6513,0.6508,0.6508,203923.0
1651721040000,0.6509,0.6509,0.6507,0.6508,145044.0
1651721100000,0.6507,0.6509,0.6507,0.6508,25450.0
1651721160000,0.6509,0.6517,0.6506,0.6517,318748.0
1651721220000,0.6516,0.6517,0.6507,0.6507,258282.0
1651721280000,0.6507,0.6508,0.6505,0.6505,150294.0
1651721340000,0.6505,0.6507,0.6503,0.6503,321684.0
1651721400000,0.6503,0.6508,0.6499,0.6499,419027.0
1651721460000,0.6499,0.6507,0.6496,0.6497,648477.0
1651721520000,0.6496,0.6497,0.6494,0.6496,150288.0
1651721580000,0.6496,0.6505,0.6495,0.6503,492761.0
1651721640000,0.6502,0.6503,0.6501,0.6501,37650.0
1651721700000,0.6501,0.6501,0.6497,0.6497,105836.0
1651721760000,0.6497,0.6505,0.6496,0.6499,345496.0
1651721820000,0.6498,0.6503,0.6497,0.6501,185619.0
1651721880000,0.6502,0.6506,0.6502,0.6505,86315.0
1651721940000,0.6504,0.6506,0.6504,0.6505,35658.0
1651722000000,0.6505,0.6515,0.6504,0.6515,182621.0
1651722060000,0.6514,0.6515,0.651,0.651,222821.0
1651722120000,0.651,0.6511,0.6505,0.6506,18031.0
1651722180000,0.6506,0.6508,0.6505,0.6506,264107.0
1651722240000,0.6506,0.651,0.6506,0.651,128830.0
1651722300000,0.651,0.651,0.6502,0.6504,401969.0
1651722360000,0.6504,0.6504,0.6493,0.6493,510049.0
1651722420000,0.6494,0.6494,0.648,0.6484,546394.0
1651722480000,0.6483,0.6495,0.6483,0.6492,232441.0
1651722540000,0.6492,0.6498,0.6491,0.6495,423934.0
1651722600000,0.6495,0.6496,0.6493,0.6494,45205.0
1651722660000,0.6494,0.6496,0.6489,0.649,56555.0
1651722720000,0.649,0.6494,0.6489,0.6492,195881.0
1651722780000,0.6491,0.6493,0.649,0.6493,155575.0
1651722840000,0.6493,0.6493,0.6491,0.6493,96905.0
1651722900000,0.6492,0.6498,0.6492,0.6494,256933.0
1651722960000,0.6494,0.6494,0.6492,0.6492,26943.0
1651723020000,0.6492,0.6496,0.6491,0.6492,187193.0
1651723080000,0.6492,0.6492,0.649,0.649,109277.0
1651723140000,0.6491,0.6491,0.6489,0.6489,20671.0
1651723200000,0.6489,0.6496,0.6489,0.6494,144134.0
1651723260000,0.6494,0.6494,0.6492,0.6492,64990.0
1651723320000,0.6491,0.6492,0.6489,0.6489,147662.0
1651723380000,0.6488,0.6493,0.6484,0.6493,647604.0
1651723440000,0.6494,0.6527,0.6491,0.6526,3189676.0
1651723500000,0.6525,0.6542,0.6516,0.6539,1381658.0
1651723560000,0.6538,0.6547,0.6533,0.654,1014644.0
1651723620000,0.654,0.6543,0.6532,0.6533,176331.0
1651723680000,0.6533,0.6538,0.6528,0.6533,482032.0
1651723740000,0.6532,0.6536,0.6525,0.6525,151213.0
1651723800000,0.6526,0.6532,0.6525,0.653,425055.0
1651723860000,0.653,0.653,0.6527,0.6528,99306.0
1651723920000,0.6527,0.6527,0.6516,0.6517,855957.0
1651723980000,0.6516,0.6517,0.6507,0.6511,300595.0
1651724040000,0.651,0.651,0.6501,0.6505,245326.0
1651724100000,0.6504,0.6508,0.6503,0.6503,149088.0
1651724160000,0.6503,0.6505,0.65,0.6501,138223.0
1651724220000,0.65,0.6508,0.65,0.6505,217088.0
1651724280000,0.6503,0.6507,0.6503,0.6504,135658.0
1651724340000,0.6503,0.6511,0.6503,0.6505,261428.0
1651724400000,0.6505,0.6514,0.6505,0.6512,644816.0
1651724460000,0.6511,0.6518,0.651,0.6517,58261.0
1651724520000,0.6517,0.6519,0.6512,0.6512,338319.0
1651724580000,0.6511,0.6512,0.6511,0.6512,6178.0
1651724640000,0.6511,0.6513,0.6511,0.6513,74747.0
1651724700000,0.6513,0.6518,0.6513,0.6516,82626.0
1651724760000,0.6515,0.6516,0.6513,0.6514,105994.0
1651724820000,0.6513,0.6515,0.6513,0.6515,21487.0
1651724880000,0.6514,0.6515,0.651,0.651,109596.0
1651724940000,0.651,0.651,0.6509,0.6509,20405.0
1651725000000,0.651,0.6512,0.6509,0.651,105639.0
1651725060000,0.6511,0.6513,0.651,0.6512,71141.0
1651725120000,0.6511,0.6512,0.6502,0.6502,110017.0
1651725180000,0.6502,0.6502,0.6488,0.6492,479756.0
1651725240000,0.6492,0.6492,0.6484,0.6484,257021.0
1651725300000,0.6485,0.6485,0.6471,0.648,461478.0
1651725360000,0.6479,0.6482,0.6474,0.6474,304832.0
1651725420000,0.6473,0.648,0.6473,0.648,86779.0
1651725480000,0.648,0.6483,0.6467,0.6472,348480.0
1651725540000,0.6472,0.6473,0.6469,0.647,142826.0
1651725600000,0.647,0.6476,0.647,0.6473,307808.0
1651725660000,0.6473,0.6473,0.6465,0.6465,167988.0
1651725720000,0.6465,0.6472,0.6464,0.6472,226408.0
1651725780000,0.6472,0.6476,0.6468,0.6469,351624.0
1651725840000,0.6469,0.6476,0.6469,0.6474,88377.0
1651725900000,0.6474,0.6483,0.6474,0.6478,223118.0
1651725960000,0.6478,0.6482,0.6477,0.6482,83597.0
1651726020000,0.6482,0.6483,0.6478,0.6482,220318.0
1651726080000,0.6482,0.6483,0.648,0.6482,59799.0
1651726140000,0.6482,0.6483,0.6482,0.6482,71165.0
1651726200000,0.6483,0.6488,0.648,0.6483,105519.0
1651726260000,0.6482,0.6486,0.6482,0.6484,175812.0
1651726320000,0.6485,0.6485,0.6484,0.6484,6870.0
1651726380000,0.6484,0.6485,0.6482,0.6482,83819.0
1651726440000,0.6482,0.6483,0.6482,0.6483,43886.0
1651726500000,0.6482,0.6483,0.6478,0.6479,111276.0
1651726560000,0.6479,0.6482,0.6477,0.6478,228821.0
1651726620000,0.6477,0.6477,0.6474,0.6474,178093.0
1651726680000,0.6474,0.6474,0.6472,0.6473,50995.0
1651726740000,0.6473,0.6473,0.647,0.647,63145.0
1651726800000,0.6471,0.6473,0.647,0.6472,101534.0
1651726860000,0.6473,0.6473,0.6469,0.6469,128111.0
1651726920000,0.647,0.6473,0.6461,0.6461,1428761.0
1651726980000,0.6461,0.6463,0.6456,0.6458,205552.0
1651727040000,0.6458,0.646,0.6453,0.6456,195090.0
1651727100000,0.6456,0.646,0.6454,0.646,421954.0
1651727160000,0.646,0.6462,0.6457,0.6458,242445.0
1651727220000,0.6458,0.6459,0.6454,0.6455,310133.0
1651727280000,0.6456,0.6459,0.6456,0.6456,248484.0
1651727340000,0.6456,0.6456,0.6453,0.6455,156727.0
1651727400000,0.6455,0.646,0.6454,0.6457,148642.0
1651727460000,0.6458,0.6458,0.6454,0.6456,85393.0
1651727520000,0.6455,0.6455,0.6449,0.6453,168646.0
1651727580000,0.6454,0.6456,0.6453,0.6456,81946.0
1651727640000,0.6456,0.6458,0.6455,0.6458,79290.0
1651727700000,0.6458,0.6476,0.6458,0.6469,454739.0
1651727760000,0.6469,0.6472,0.6469,0.6471,91915.0
1651727820000,0.6471,0.6471,0.6465,0.6465,103744.0
1651727880000,0.6465,0.6471,0.6464,0.647,140544.0
1651727940000,0.647,0.6472,0.6468,0.6469,142071.0
1651728000000,0.6468,0.6477,0.6468,0.6472,294277.0
1651728060000,0.6471,0.6474,0.6465,0.6465,241872.0
1651728120000,0.6465,0.6468,0.6463,0.6463,204642.0
1651728180000,0.6463,0.6463,0.6452,0.6455,341923.0
1651728240000,0.6455,0.6456,0.645,0.645,358964.0
1651728300000,0.645,0.6453,0.6448,0.6451,165542.0
1651728360000,0.6452,0.6452,0.6451,0.6452,41739.0
1651728420000,0.6452,0.6454,0.645,0.645,132451.0
1651728480000,0.645,0.6451,0.6447,0.645,179554.0
1651728540000,0.6451,0.6454,0.645,0.6454,103002.0
1651728600000,0.6453,0.646,0.6453,0.6454,293078.0
1651728660000,0.6454,0.6454,0.6444,0.6444,304706.0
1651728720000,0.6445,0.6448,0.6444,0.6447,348055.0
1651728780000,0.6447,0.6452,0.6445,0.6446,201379.0
1651728840000,0.6445,0.6448,0.6445,0.6448,120989.0
1651728900000,0.6449,0.6452,0.6447,0.6448,96491.0
1651728960000,0.6448,0.6448,0.6444,0.6447,148252.0
1651729020000,0.6446,0.645,0.6443,0.6443,279844.0
1651729080000,0.6443,0.6447,0.6441,0.6442,361253.0
1651729140000,0.6442,0.6444,0.6437,0.6438,562410.0
1651729200000,0.6439,0.6443,0.6427,0.6434,681176.0
1651729260000,0.6434,0.6444,0.6429,0.6444,380012.0
1651729320000,0.6443,0.6448,0.6443,0.6445,137742.0
1651729380000,0.6446,0.6449,0.6445,0.6449,215408.0
1651729440000,0.6448,0.6449,0.6444,0.6445,25511.0
1651729500000,0.6445,0.6449,0.6442,0.6449,106803.0
1651729560000,0.6449,0.6449,0.6444,0.6446,113724.0
1651729620000,0.6446,0.6448,0.6445,0.6445,34172.0
1651729680000,0.6446,0.6446,0.644,0.6445,256480.0
1651729740000,0.6444,0.6445,0.6441,0.6441,45028.0
1651729800000,0.6441,0.6445,0.644,0.6441,105758.0
1651729860000,0.644,0.6443,0.6438,0.644,62168.0
1651729920000,0.644,0.6441,0.6439,0.644,46725.0
1651729980000,0.644,0.644,0.6433,0.6433,502083.0
1651730040000,0.6434,0.6435,0.6429,0.6429,92861.0
1651730100000,0.643,0.6434,0.6429,0.6433,130353.0
1651730160000,0.6432,0.6435,0.6426,0.6432,239784.0
1651730220000,0.6433,0.6436,0.6432,0.6433,182917.0
1651730280000,0.6433,0.6434,0.6429,0.6434,125083.0
1651730340000,0.6433,0.6433,0.6429,0.643,60480.0
1651730400000,0.643,0.644,0.6429,0.644,365657.0
1651730460000,0.6441,0.6445,0.6441,0.6443,89329.0
1651730520000,0.6442,0.6444,0.6441,0.6441,54390.0
1651730580000,0.6442,0.6454,0.6442,0.6453,295712.0
1651730640000,0.6453,0.6453,0.645,0.645,56222.0
1651730700000,0.645,0.6456,0.6449,0.6449,148232.0
1651730760000,0.645,0.645,0.6447,0.6449,59589.0
1651730820000,0.6449,0.6451,0.6447,0.6451,113417.0
1651730880000,0.6451,0.6453,0.6449,0.6453,55423.0
1651730940000,0.6453,0.6453,0.645,0.6451,69585.0
1651731000000,0.6451,0.6454,0.6451,0.6453,78186.0
1651731060000,0.6454,0.6457,0.6453,0.6454,148996.0
1651731120000,0.6453,0.6456,0.6453,0.6456,59033.0
1651731180000,0.6457,0.6458,0.6454,0.6454,54200.0
1651731240000,0.6455,0.6456,0.6454,0.6456,70229.0
1651731300000,0.6456,0.6457,0.6456,0.6456,50395.0
1651731360000,0.6456,0.6457,0.6456,0.6456,10602.0
1651731420000,0.6456,0.6461,0.6456,0.6457,101957.0
1651731480000,0.6458,0.6463,0.6457,0.6461,169870.0
1651731540000,0.6461,0.6462,0.6459,0.6459,46127.0
1651731600000,0.6458,0.6463,0.6458,0.6459,121458.0
1651731660000,0.6459,0.646,0.6459,0.646,75346.0
1651731720000,0.646,0.6462,0.6459,0.6461,66190.0
1651731780000,0.6462,0.6462,0.6459,0.6459,21221.0
1651731840000,0.6458,0.6459,0.6458,0.6458,46481.0
1651731900000,0.6458,0.6459,0.6456,0.6456,33902.0
1651731960000,0.6457,0.6458,0.6453,0.6453,234607.0
1651732020000,0.6454,0.6454,0.6453,0.6453,35884.0
1651732080000,0.6454,0.6456,0.6453,0.6455,102610.0
1651732140000,0.6455,0.6455,0.6451,0.6452,70579.0
1651732200000,0.6453,0.6456,0.6452,0.6453,97474.0
1651732260000,0.6452,0.6453,0.6449,0.645,150377.0
1651732320000,0.6451,0.6451,0.6444,0.6444,561439.0
1651732380000,0.6445,0.6445,0.6442,0.6443,78151.0
1651732440000,0.6444,0.6444,0.6437,0.6443,145644.0
1651732500000,0.6443,0.6443,0.6438,0.6439,61436.0
1651732560000,0.6439,0.644,0.6437,0.6438,190801.0
1651732620000,0.6438,0.6442,0.6437,0.644,89836.0
1651732680000,0.644,0.6442,0.6439,0.6441,35171.0
1651732740000,0.6441,0.6442,0.6441,0.6441,46884.0
1651732800000,0.6441,0.6441,0.6436,0.644,273658.0
1651732860000,0.644,0.644,0.6437,0.6438,147548.0
1651732920000,0.6437,0.6438,0.6433,0.6433,151046.0
1651732980000,0.6433,0.6438,0.6432,0.6432,563343.0
1651733040000,0.6431,0.6433,0.6426,0.643,213245.0
1651733100000,0.643,0.6431,0.6429,0.643,155152.0
1651733160000,0.643,0.6431,0.643,0.643,15984.0
1651733220000,0.6431,0.6431,0.643,0.6431,51230.0
1651733280000,0.643,0.6432,0.643,0.6432,74929.0
1651733340000,0.6431,0.6434,0.6431,0.6432,71637.0
1651733400000,0.6432,0.6433,0.6431,0.6431,22891.0
1651733460000,0.6431,0.6434,0.6431,0.6432,89597.0
1651733520000,0.6432,0.6432,0.643,0.643,87173.0
1651733580000,0.643,0.643,0.6424,0.6425,134021.0
1651733640000,0.6425,0.6426,0.6424,0.6425,90114.0
1651733700000,0.6426,0.6432,0.6425,0.6431,70540.0
1651733760000,0.6432,0.6433,0.6428,0.6431,151052.0
1651733820000,0.643,0.6432,0.6429,0.6432,122196.0
1651733880000,0.6432,0.6433,0.6425,0.6425,253830.0
1651733940000,0.6424,0.643,0.6424,0.6426,132797.0
1651734000000,0.6426,0.6427,0.6424,0.6426,141429.0
1651734060000,0.6426,0.6427,0.6425,0.6426,54146.0
1651734120000,0.6427,0.6428,0.6425,0.6425,68503.0
1651734180000,0.6425,0.6426,0.6417,0.6421,595528.0
1651734240000,0.6422,0.643,0.6422,0.6429,108391.0
1651734300000,0.643,0.6431,0.6426,0.6426,110948.0
1651734360000,0.6426,0.6427,0.6421,0.6425,85972.0
1651734420000,0.6424,0.6427,0.6423,0.6424,337506.0
1651734480000,0.6424,0.6427,0.6424,0.6425,59299.0
1651734540000,0.6424,0.6429,0.6424,0.6428,42766.0
1651734600000,0.6428,0.6429,0.6426,0.6426,48410.0
1651734660000,0.6427,0.6429,0.6425,0.6427,336457.0
1651734720000,0.6427,0.6431,0.6426,0.6429,151595.0
1651734780000,0.643,0.6432,0.6426,0.6429,144316.0
1651734840000,0.6429,0.6429,0.6425,0.6425,225803.0
1651734900000,0.6425,0.6431,0.6425,0.6429,111400.0
1651734960000,0.643,0.643,0.6425,0.6426,142692.0
1651735020000,0.6426,0.6427,0.642,0.6424,86106.0
1651735080000,0.6423,0.6424,0.642,0.6423,168648.0
1651735140000,0.6424,0.6424,0.642,0.6422,140285.0
1651735200000,0.6422,0.6425,0.6421,0.6425,56639.0
1651735260000,0.6425,0.6429,0.6424,0.6426,74359.0
1651735320000,0.6425,0.643,0.6425,0.643,81600.0
1651735380000,0.6429,0.6432,0.6429,0.6429,57074.0
1651735440000,0.643,0.643,0.6424,0.6424,206104.0
1651735500000,0.6424,0.6427,0.6423,0.6423,127834.0
1651735560000,0.6424,0.6424,0.6421,0.6422,88843.0
1651735620000,0.6421,0.6422,0.642,0.642,14555.0
1651735680000,0.642,0.6426,0.642,0.6424,200662.0
1651735740000,0.6424,0.6425,0.6418,0.6421,198875.0
1651735800000,0.6422,0.6428,0.6421,0.6426,125620.0
1651735860000,0.6425,0.643,0.6425,0.6429,85901.0
1651735920000,0.643,0.643,0.6427,0.6429,90087.0
1651735980000,0.6429,0.6432,0.6429,0.6431,59904.0
1651736040000,0.6431,0.6433,0.6431,0.6433,99009.0
1651736100000,0.6432,0.6433,0.6432,0.6433,44125.0
1651736160000,0.6433,0.6441,0.6433,0.6441,152991.0
1651736220000,0.6441,0.6446,0.6441,0.6445,134365.0
1651736280000,0.6444,0.6445,0.6444,0.6444,9469.0
1651736340000,0.6445,0.6445,0.6441,0.6441,54844.0
1651736400000,0.6441,0.6445,0.6441,0.6445,84853.0
1651736460000,0.6445,0.645,0.6444,0.6448,173456.0
1651736520000,0.6448,0.6455,0.6447,0.6454,179696.0
1651736580000,0.6454,0.6455,0.645,0.645,59921.0
1651736640000,0.645,0.6451,0.6447,0.6448,126568.0
1651736700000,0.6448,0.6448,0.6445,0.6446,103401.0
1651736760000,0.6446,0.6447,0.6444,0.6444,97747.0
1651736820000,0.6443,0.6444,0.644,0.644,25917.0
1651736880000,0.644,0.6441,0.6434,0.6435,96330.0
1651736940000,0.6434,0.644,0.6434,0.6436,168287.0
1651737000000,0.6436,0.6439,0.6435,0.6435,104995.0
1651737060000,0.6435,0.6438,0.6434,0.6438,21398.0
1651737120000,0.6438,0.6438,0.6434,0.6435,54594.0
1651737180000,0.6436,0.6438,0.6435,0.6438,34584.0
1651737240000,0.6438,0.6438,0.6437,0.6437,17726.0
1651737300000,0.6437,0.6439,0.6437,0.6438,43756.0
1651737360000,0.6438,0.6439,0.6438,0.6439,6992.0
1651737420000,0.6438,0.6438,0.6436,0.6436,41300.0
1651737480000,0.6437,0.6438,0.6436,0.6437,67592.0
1651737540000,0.6437,0.6438,0.6427,0.6428,117087.0
1651737600000,0.6428,0.643,0.6426,0.6429,120687.0
1651737660000,0.6428,0.6435,0.6428,0.6432,159413.0
1651737720000,0.6432,0.6432,0.6421,0.6424,204701.0
1651737780000,0.6424,0.6428,0.6402,0.6406,1060998.0
1651737840000,0.6405,0.6415,0.64,0.6411,1301622.0
1651737900000,0.6411,0.6418,0.6406,0.6418,120000.0
1651737960000,0.6417,0.6423,0.6416,0.6419,262693.0
1651738020000,0.6419,0.642,0.6414,0.6414,38317.0
1651738080000,0.6415,0.6419,0.6412,0.6413,279548.0
1651738140000,0.6412,0.6416,0.6412,0.6414,74347.0
1651738200000,0.6414,0.6415,0.6409,0.6414,287732.0
1651738260000,0.6413,0.6414,0.6409,0.6411,149511.0
1651738320000,0.6411,0.6413,0.641,0.6411,100500.0
1651738380000,0.6412,0.6415,0.6411,0.6414,74381.0
1651738440000,0.6415,0.6415,0.6412,0.6412,155512.0
1651738500000,0.6411,0.6414,0.6411,0.6412,142226.0
1651738560000,0.6412,0.6412,0.6411,0.6411,90905.0
1651738620000,0.6411,0.6411,0.6407,0.6407,256316.0
1651738680000,0.6408,0.6408,0.6403,0.6406,104220.0
1651738740000,0.6406,0.6406,0.6402,0.6402,160192.0
1651738800000,0.6402,0.6403,0.6402,0.6402,143344.0
1651738860000,0.6403,0.6403,0.6401,0.6402,194101.0
1651738920000,0.6401,0.6402,0.6398,0.6399,991546.0
1651738980000,0.6399,0.6402,0.6398,0.6399,309038.0
1651739040000,0.6399,0.6402,0.6395,0.6402,118024.0
1651739100000,0.6401,0.6402,0.6396,0.64,202773.0
1651739160000,0.64,0.6402,0.6399,0.6401,77009.0
1651739220000,0.64,0.6401,0.6398,0.64,102740.0
1651739280000,0.64,0.6401,0.6399,0.64,77753.0
1651739340000,0.6401,0.6402,0.6399,0.6402,147250.0
1651739400000,0.6401,0.6402,0.6399,0.64,60486.0
1651739460000,0.64,0.6402,0.64,0.64,141057.0
1651739520000,0.64,0.64,0.6398,0.6398,41933.0
1651739580000,0.6399,0.6399,0.6397,0.6397,248672.0
1651739640000,0.6397,0.6398,0.6391,0.6394,262396.0
1651739700000,0.6395,0.6397,0.6393,0.6396,100688.0
1651739760000,0.6396,0.64,0.6395,0.64,187636.0
1651739820000,0.64,0.64,0.6395,0.6395,76460.0
1651739880000,0.6396,0.6398,0.6395,0.6397,56003.0
1651739940000,0.6398,0.64,0.6397,0.6399,134043.0
1651740000000,0.6399,0.64,0.6393,0.6395,166664.0
1651740060000,0.6396,0.6396,0.6393,0.6394,66830.0
1651740120000,0.6393,0.6393,0.6378,0.6384,555168.0
1651740180000,0.6384,0.6386,0.6372,0.6378,662465.0
1651740240000,0.6377,0.6385,0.6377,0.6377,329035.0
1651740300000,0.6377,0.638,0.6373,0.638,264784.0
1651740360000,0.638,0.6382,0.6379,0.6379,164900.0
1651740420000,0.638,0.6382,0.6378,0.6378,352480.0
1651740480000,0.6379,0.6379,0.6375,0.6375,150516.0
1651740540000,0.6375,0.638,0.6374,0.6375,224045.0
1651740600000,0.6376,0.6379,0.6373,0.6374,151964.0
1651740660000,0.6374,0.6378,0.6374,0.6375,114493.0
1651740720000,0.6375,0.638,0.6375,0.6379,222846.0
1651740780000,0.6378,0.638,0.6376,0.6377,160997.0
1651740840000,0.6377,0.6377,0.6375,0.6375,70860.0
1651740900000,0.6375,0.6375,0.6374,0.6375,129483.0
1651740960000,0.6375,0.6375,0.6363,0.6364,294560.0
1651741020000,0.6364,0.6368,0.6363,0.6365,164394.0
1651741080000,0.6364,0.6366,0.6361,0.6364,241028.0
1651741140000,0.6363,0.6363,0.636,0.6363,294902.0
1651741200000,0.6362,0.637,0.636,0.637,313062.0
1651741260000,0.637,0.6373,0.6368,0.6371,235385.0
1651741320000,0.6371,0.6375,0.6367,0.6371,401019.0
1651741380000,0.6371,0.6375,0.6371,0.6375,174148.0
1651741440000,0.6375,0.6376,0.6374,0.6375,77256.0
1651741500000,0.6376,0.6376,0.6371,0.6373,205224.0
1651741560000,0.6375,0.6377,0.6374,0.6375,103639.0
1651741620000,0.6374,0.6377,0.6374,0.6377,113024.0
1651741680000,0.6377,0.6377,0.6374,0.6377,185195.0
1651741740000,0.6376,0.6376,0.6375,0.6376,28816.0
1651741800000,0.6375,0.6385,0.6375,0.6383,307499.0
1651741860000,0.6383,0.6385,0.6382,0.6383,133606.0
1651741920000,0.6382,0.6385,0.6381,0.6384,74752.0
1651741980000,0.6383,0.6386,0.6383,0.6384,136412.0
1651742040000,0.6385,0.6385,0.6384,0.6385,13651.0
1651742100000,0.6384,0.6386,0.6383,0.6383,77721.0
1651742160000,0.6383,0.6383,0.6381,0.6381,15970.0
1651742220000,0.638,0.6382,0.638,0.6382,105407.0
1651742280000,0.6382,0.6384,0.6381,0.6382,131611.0
1651742340000,0.6383,0.6383,0.638,0.638,86184.0
1651742400000,0.6381,0.6382,0.638,0.638,78275.0
1651742460000,0.6381,0.6383,0.6381,0.6383,150624.0
1651742520000,0.6382,0.6383,0.6377,0.6377,153238.0
1651742580000,0.6377,0.6377,0.6367,0.6373,362953.0
1651742640000,0.6373,0.6374,0.6366,0.6368,163411.0
1651742700000,0.6369,0.6369,0.6361,0.6365,657448.0
1651742760000,0.6364,0.6366,0.6361,0.6365,169869.0
1651742820000,0.6364,0.6368,0.6362,0.6364,267601.0
1651742880000,0.6364,0.6365,0.6362,0.6364,208139.0
1651742940000,0.6364,0.6365,0.6361,0.6361,73258.0
1651743000000,0.6362,0.6363,0.635,0.6358,479382.0
1651743060000,0.6358,0.6359,0.6354,0.6358,112471.0
1651743120000,0.6358,0.636,0.6357,0.6358,73728.0
1651743180000,0.6358,0.6363,0.6352,0.6355,672782.0
1651743240000,0.6355,0.6361,0.6354,0.6358,522183.0
1651743300000,0.6358,0.6363,0.6357,0.6362,118856.0
1651743360000,0.6363,0.6364,0.636,0.6363,46263.0
1651743420000,0.6363,0.6366,0.6363,0.6365,126981.0
1651743480000,0.6366,0.6367,0.6364,0.6366,65169.0
1651743540000,0.6366,0.6367,0.6366,0.6367,51010.0
1651743600000,0.6367,0.6369,0.6366,0.6369,35535.0
1651743660000,0.6369,0.637,0.6361,0.6363,197744.0
1651743720000,0.6362,0.6363,0.636,0.6361,92268.0
1651743780000,0.6361,0.6365,0.636,0.6363,314721.0
1651743840000,0.6363,0.6366,0.6361,0.6362,174869.0
1651743900000,0.6361,0.6362,0.6355,0.6355,34699.0
1651743960000,0.6356,0.6361,0.6354,0.636,153503.0
1651744020000,0.636,0.6361,0.6359,0.636,39035.0
1651744080000,0.6359,0.6364,0.6359,0.6361,92714.0
1651744140000,0.6362,0.6362,0.6357,0.6358,62214.0
1651744200000,0.6358,0.6361,0.6355,0.6355,189025.0
1651744260000,0.6356,0.636,0.6352,0.636,154107.0
1651744320000,0.636,0.636,0.6358,0.6358,99669.0
1651744380000,0.6359,0.6359,0.6355,0.6357,55016.0
1651744440000,0.6357,0.6366,0.6356,0.6366,348010.0
1651744500000,0.6365,0.6367,0.6363,0.6364,212676.0
1651744560000,0.6364,0.6364,0.6363,0.6364,8742.0
1651744620000,0.6364,0.6365,0.6363,0.6364,23734.0
1651744680000,0.6364,0.6366,0.6363,0.6364,71732.0
1651744740000,0.6364,0.6365,0.6363,0.6364,31987.0
1651744800000,0.6365,0.6365,0.6362,0.6363,56136.0
1651744860000,0.6364,0.6364,0.6361,0.6362,42579.0
1651744920000,0.6363,0.6367,0.6363,0.6365,174132.0
1651744980000,0.6366,0.6371,0.6365,0.637,177920.0
1651745040000,0.637,0.6371,0.6366,0.6366,142461.0
1651745100000,0.6367,0.6367,0.6364,0.6365,42692.0
1651745160000,0.6365,0.6366,0.6364,0.6364,74940.0
1651745220000,0.6364,0.6369,0.6364,0.6368,228135.0
1651745280000,0.637,0.637,0.6364,0.6366,207220.0
1651745340000,0.6366,0.6368,0.6363,0.6367,317916.0
1651745400000,0.6367,0.6368,0.6366,0.6367,29926.0
1651745460000,0.6367,0.6367,0.6366,0.6366,11058.0
1651745520000,0.6366,0.6372,0.6366,0.6367,329785.0
1651745580000,0.6368,0.6368,0.6363,0.6363,86517.0
1651745640000,0.6363,0.6363,0.6359,0.6363,168273.0
1651745700000,0.6363,0.6364,0.636,0.6361,131572.0
1651745760000,0.6362,0.6362,0.6357,0.6357,119754.0
1651745820000,0.6357,0.6357,0.6353,0.6357,360581.0
1651745880000,0.6358,0.6358,0.6353,0.6354,76581.0
1651745940000,0.6354,0.6354,0.6346,0.6348,606521.0
1651746000000,0.6348,0.6353,0.6346,0.6352,310927.0
1651746060000,0.6353,0.6354,0.635,0.6354,93996.0
1651746120000,0.6354,0.6363,0.6354,0.6359,375616.0
1651746180000,0.6358,0.6359,0.6355,0.6357,122980.0
1651746240000,0.6357,0.636,0.6356,0.6356,45417.0
1651746300000,0.6355,0.6361,0.6355,0.6359,115432.0
1651746360000,0.6359,0.6362,0.6357,0.636,107430.0
1651746420000,0.636,0.6363,0.6359,0.6363,79718.0
1651746480000,0.6363,0.6368,0.6362,0.6365,194163.0
1651746540000,0.6365,0.6384,0.6365,0.6381,197759.0
1651746600000,0.6381,0.6382,0.6376,0.6376,121061.0
1651746660000,0.6376,0.6379,0.6376,0.6377,55245.0
1651746720000,0.6376,0.6381,0.6374,0.6381,151828.0
1651746780000,0.6381,0.6386,0.6378,0.6385,93034.0
1651746840000,0.6386,0.6396,0.6386,0.6393,108212.0
1651746900000,0.6394,0.6403,0.6393,0.6403,360435.0
1651746960000,0.6402,0.6403,0.6394,0.6395,161439.0
1651747020000,0.6395,0.6398,0.6394,0.6395,86236.0
1651747080000,0.6396,0.6396,0.6393,0.6394,105085.0
1651747140000,0.6394,0.6405,0.6393,0.6404,111995.0
1651747200000,0.6405,0.6408,0.6402,0.6405,174464.0
1651747260000,0.6404,0.6409,0.6404,0.6406,155084.0
1651747320000,0.6407,0.6409,0.6401,0.6401,232912.0
1651747380000,0.6402,0.6407,0.6402,0.6407,50576.0
1651747440000,0.6407,0.6408,0.6404,0.6404,48670.0
1651747500000,0.6403,0.6403,0.6399,0.6402,167965.0
1651747560000,0.6402,0.6407,0.6401,0.6407,64947.0
1651747620000,0.6406,0.6407,0.6401,0.6401,277595.0
1651747680000,0.6402,0.6402,0.6395,0.6397,92469.0
1651747740000,0.6397,0.6398,0.6393,0.6398,106203.0
1651747800000,0.6398,0.64,0.6395,0.64,187756.0
1651747860000,0.6401,0.6405,0.64,0.6405,110732.0
1651747920000,0.6404,0.6404,0.6399,0.6399,57761.0
1651747980000,0.64,0.6401,0.6396,0.64,74862.0
1651748040000,0.64,0.6401,0.6384,0.6387,310518.0
1651748100000,0.6387,0.6388,0.6377,0.6382,310580.0
1651748160000,0.6382,0.6388,0.6382,0.6387,147123.0
1651748220000,0.6387,0.6388,0.6385,0.6388,92437.0
1651748280000,0.6388,0.6388,0.6386,0.6386,16342.0
1651748340000,0.6387,0.6388,0.6384,0.6384,96745.0
1651748400000,0.6384,0.6387,0.6376,0.6376,522666.0
1651748460000,0.6375,0.6382,0.6375,0.6381,128215.0
1651748520000,0.6381,0.6381,0.6373,0.6376,406469.0
1651748580000,0.6376,0.6376,0.6374,0.6374,33922.0
1651748640000,0.6375,0.6382,0.6374,0.6379,164445.0
1651748700000,0.6379,0.638,0.6372,0.6372,102021.0
1651748760000,0.6372,0.6386,0.6372,0.6385,388459.0
1651748820000,0.6385,0.6385,0.6381,0.6381,49012.0
1651748880000,0.6382,0.6385,0.6381,0.6381,86972.0
1651748940000,0.6382,0.6384,0.6379,0.6381,78894.0
1651749000000,0.6381,0.6382,0.6375,0.6376,51585.0
1651749060000,0.6377,0.6379,0.6376,0.6379,23338.0
1651749120000,0.6379,0.6382,0.6377,0.6377,54900.0
1651749180000,0.6377,0.6378,0.6373,0.6375,71109.0
1651749240000,0.6375,0.6375,0.6371,0.6375,81335.0
1651749300000,0.6376,0.6376,0.6368,0.637,56938.0
1651749360000,0.637,0.6371,0.637,0.637,29325.0
1651749420000,0.637,0.6371,0.6366,0.6366,177047.0
1651749480000,0.6367,0.6371,0.6364,0.6369,328638.0
1651749540000,0.6368,0.6369,0.6361,0.6363,346753.0
1651749600000,0.6363,0.6366,0.636,0.6365,66599.0
1651749660000,0.6365,0.637,0.6363,0.637,121607.0
1651749720000,0.637,0.6373,0.6368,0.6368,222931.0
1651749780000,0.6367,0.637,0.6366,0.6366,155045.0
1651749840000,0.6366,0.6369,0.6366,0.6368,40712.0
1651749900000,0.6367,0.6368,0.6363,0.6364,41237.0
1651749960000,0.6364,0.6365,0.6364,0.6364,28399.0
1651750020000,0.6364,0.6365,0.6362,0.6363,181349.0
1651750080000,0.6362,0.6363,0.6362,0.6362,67161.0
1651750140000,0.6362,0.6369,0.6362,0.6369,138748.0
1651750200000,0.6369,0.6369,0.6364,0.6368,147851.0
1651750260000,0.6369,0.6371,0.6366,0.6366,152798.0
1651750320000,0.6366,0.6369,0.6364,0.6367,197675.0
1651750380000,0.6368,0.637,0.6367,0.6369,36297.0
1651750440000,0.637,0.6373,0.6369,0.6373,21988.0
1651750500000,0.6372,0.6372,0.637,0.6371,85608.0
1651750560000,0.637,0.6372,0.637,0.6371,68650.0
1651750620000,0.637,0.6371,0.637,0.6371,49548.0
1651750680000,0.637,0.6373,0.6369,0.6369,132546.0
1651750740000,0.6369,0.6395,0.6369,0.6386,1942524.0
1651750800000,0.6386,0.6388,0.6383,0.6387,110695.0
1651750860000,0.6388,0.6388,0.6386,0.6386,47404.0
1651750920000,0.6387,0.639,0.6386,0.639,123936.0
1651750980000,0.639,0.639,0.6386,0.6387,226338.0
1651751040000,0.6387,0.6391,0.6377,0.6381,794633.0
1651751100000,0.6381,0.6381,0.6371,0.6372,200432.0
1651751160000,0.6371,0.6376,0.6371,0.6374,121014.0
1651751220000,0.6373,0.6373,0.6366,0.6366,101781.0
1651751280000,0.6366,0.6367,0.6364,0.6364,106096.0
1651751340000,0.6365,0.6365,0.6363,0.6363,120303.0
1651751400000,0.6364,0.6364,0.636,0.636,157068.0
1651751460000,0.636,0.636,0.6347,0.6349,640152.0
1651751520000,0.6349,0.6356,0.6349,0.6355,173229.0
1651751580000,0.6356,0.6356,0.635,0.6352,112781.0
1651751640000,0.6352,0.6355,0.6351,0.6354,95344.0
1651751700000,0.6354,0.6359,0.6354,0.6358,114407.0
1651751760000,0.6357,0.6361,0.6355,0.6361,149185.0
1651751820000,0.6361,0.6362,0.6359,0.6361,194095.0
1651751880000,0.6361,0.6361,0.6359,0.6359,67120.0
1651751940000,0.6359,0.636,0.6357,0.6357,72305.0
1651752000000,0.6359,0.6363,0.6357,0.6362,136956.0
1651752060000,0.6362,0.6363,0.6357,0.6359,85249.0
1651752120000,0.6359,0.6359,0.6355,0.6356,69842.0
1651752180000,0.6356,0.6361,0.6354,0.6358,88699.0
1651752240000,0.6357,0.6362,0.6342,0.6344,2715666.0
1651752300000,0.6344,0.6346,0.6332,0.6344,700925.0
1651752360000,0.6344,0.6348,0.6343,0.6346,236422.0
1651752420000,0.6345,0.6351,0.6345,0.635,75563.0
1651752480000,0.6351,0.6354,0.635,0.6354,239777.0
1651752540000,0.6353,0.6358,0.6351,0.6358,269874.0
1651752600000,0.6358,0.6366,0.6357,0.6362,194949.0
1651752660000,0.6361,0.6363,0.6359,0.6362,91986.0
1651752720000,0.6362,0.6363,0.6356,0.6359,314355.0
1651752780000,0.636,0.6361,0.6358,0.636,86249.0
1651752840000,0.6361,0.6366,0.6361,0.6362,189029.0
1651752900000,0.6361,0.6362,0.6357,0.636,227820.0
1651752960000,0.636,0.6361,0.6357,0.6357,109663.0
1651753020000,0.6356,0.6362,0.6355,0.6362,52905.0
1651753080000,0.6361,0.6366,0.6361,0.6365,51987.0
1651753140000,0.6365,0.6367,0.6363,0.6367,46808.0
1651753200000,0.6367,0.6367,0.6359,0.6359,99130.0
1651753260000,0.6359,0.6362,0.6358,0.6362,160915.0
1651753320000,0.6361,0.6362,0.6359,0.6361,36889.0
1651753380000,0.636,0.6362,0.6356,0.6357,117514.0
1651753440000,0.6356,0.6357,0.6354,0.6354,103566.0
1651753500000,0.6353,0.6359,0.6351,0.6359,408409.0
1651753560000,0.6359,0.6361,0.6357,0.6359,34034.0
1651753620000,0.6359,0.6367,0.6359,0.6365,104612.0
1651753680000,0.6366,0.6366,0.6364,0.6364,36721.0
1651753740000,0.6364,0.6386,0.6364,0.6379,1428697.0
1651753800000,0.638,0.6382,0.6374,0.6379,254068.0
1651753860000,0.6379,0.6379,0.6376,0.6377,92141.0
1651753920000,0.6376,0.6377,0.6374,0.6375,86660.0
1651753980000,0.6375,0.6375,0.6368,0.6371,126663.0
1651754040000,0.6371,0.6371,0.6367,0.6367,8938.0
1651754100000,0.6368,0.6369,0.6363,0.6367,173696.0
1651754160000,0.6367,0.637,0.6367,0.6369,23965.0
1651754220000,0.6369,0.6372,0.6365,0.6371,199708.0
1651754280000,0.6371,0.6371,0.6366,0.6367,140241.0
1651754340000,0.6368,0.6368,0.6366,0.6367,44338.0
1651754400000,0.6367,0.6369,0.6363,0.6367,113593.0
1651754460000,0.6366,0.6369,0.6366,0.6367,154729.0
1651754520000,0.6366,0.6371,0.6366,0.6367,111909.0
1651754580000,0.6368,0.6371,0.6367,0.6371,81628.0
1651754640000,0.637,0.6373,0.6369,0.6373,86820.0
1651754700000,0.6373,0.6375,0.6369,0.637,57086.0
1651754760000,0.6369,0.6376,0.6369,0.6376,121010.0
1651754820000,0.6376,0.638,0.6375,0.6377,64260.0
1651754880000,0.6377,0.6379,0.6376,0.6379,58731.0
1651754940000,0.6378,0.6379,0.6375,0.6375,27705.0
1651755000000,0.6376,0.6376,0.6373,0.6374,49322.0
1651755060000,0.6373,0.6374,0.6369,0.6371,51468.0
1651755120000,0.6371,0.6372,0.637,0.6371,25729.0
1651755180000,0.6372,0.6372,0.637,0.6371,63809.0
1651755240000,0.6372,0.6373,0.6369,0.6369,133479.0
1651755300000,0.6369,0.637,0.6365,0.6367,120120.0
1651755360000,0.6368,0.637,0.6366,0.6366,124690.0
1651755420000,0.6367,0.6369,0.6365,0.6368,119629.0
1651755480000,0.6368,0.6368,0.6367,0.6367,22146.0
1651755540000,0.6367,0.6369,0.6367,0.6369,37901.0
1651755600000,0.6369,0.637,0.6363,0.6366,226204.0
1651755660000,0.6367,0.6367,0.6364,0.6365,63052.0
1651755720000,0.6365,0.6366,0.6365,0.6366,78652.0
1651755780000,0.6366,0.6366,0.6357,0.636,162837.0
1651755840000,0.636,0.636,0.635,0.6355,154453.0
1651755900000,0.6356,0.6358,0.6351,0.6355,198524.0
1651755960000,0.6356,0.6362,0.6356,0.6361,66941.0
1651756020000,0.6361,0.6361,0.6357,0.6358,42479.0
1651756080000,0.6358,0.636,0.6356,0.6358,39775.0
1651756140000,0.6357,0.6361,0.6357,0.636,110431.0
1651756200000,0.6359,0.636,0.6358,0.6358,35332.0
1651756260000,0.6359,0.6361,0.6356,0.6357,239351.0
1651756320000,0.6357,0.636,0.6357,0.6358,50090.0
1651756380000,0.6358,0.6358,0.6355,0.6356,19764.0
1651756440000,0.6356,0.6357,0.6356,0.6356,56750.0
1651756500000,0.6356,0.6363,0.6356,0.6363,98438.0
1651756560000,0.6363,0.6364,0.6362,0.6364,39839.0
1651756620000,0.6363,0.6363,0.6358,0.636,118895.0
1651756680000,0.636,0.6365,0.636,0.636,73691.0
1651756740000,0.636,0.6361,0.6351,0.6351,78404.0
1651756800000,0.6352,0.6354,0.635,0.6353,190725.0
1651756860000,0.6353,0.6353,0.6347,0.6349,237431.0
1651756920000,0.6348,0.6354,0.6344,0.635,139999.0
1651756980000,0.635,0.635,0.6338,0.6344,93941.0
1651757040000,0.6344,0.6348,0.6342,0.6344,174136.0
1651757100000,0.6343,0.6345,0.634,0.6343,145564.0
1651757160000,0.6343,0.6348,0.6343,0.6344,181864.0
1651757220000,0.6345,0.6351,0.634,0.6342,266835.0
1651757280000,0.6341,0.6344,0.634,0.6342,137421.0
1651757340000,0.6342,0.6344,0.634,0.6342,164000.0
1651757400000,0.6342,0.6342,0.6326,0.6328,401082.0
1651757460000,0.6328,0.6329,0.6313,0.6324,375280.0
1651757520000,0.6323,0.6325,0.6312,0.6316,960683.0
1651757580000,0.6316,0.632,0.6308,0.632,328095.0
1651757640000,0.6319,0.6326,0.6316,0.632,260723.0
1651757700000,0.632,0.6336,0.632,0.6334,262165.0
1651757760000,0.6333,0.6334,0.6319,0.6321,108446.0
1651757820000,0.6321,0.6328,0.6317,0.6318,126856.0
1651757880000,0.6317,0.6319,0.6312,0.6312,540058.0
1651757940000,0.6312,0.6316,0.6294,0.6303,975043.0
1651758000000,0.6301,0.6312,0.63,0.6307,290863.0
1651758060000,0.6308,0.6322,0.6306,0.6312,226963.0
1651758120000,0.6313,0.6317,0.631,0.6311,295237.0
1651758180000,0.6311,0.6317,0.6307,0.631,541368.0
1651758240000,0.6311,0.6314,0.6302,0.6303,297885.0
1651758300000,0.6303,0.6307,0.6295,0.6299,336779.0
1651758360000,0.6299,0.6316,0.6295,0.6297,930074.0
1651758420000,0.6298,0.6304,0.6297,0.6302,625746.0
1651758480000,0.6302,0.6302,0.6296,0.6298,136028.0
1651758540000,0.6298,0.6299,0.6289,0.6289,291514.0
1651758600000,0.6289,0.6297,0.6281,0.629,455758.0
1651758660000,0.6291,0.6304,0.6291,0.6299,347605.0
1651758720000,0.6299,0.6306,0.6296,0.6306,293625.0
1651758780000,0.6306,0.6306,0.6297,0.6298,109326.0
1651758840000,0.6297,0.6302,0.629,0.6292,505913.0
1651758900000,0.6293,0.6299,0.6289,0.6289,116448.0
1651758960000,0.6289,0.629,0.627,0.6275,847841.0
1651759020000,0.6274,0.6276,0.6266,0.6275,475726.0
1651759080000,0.6276,0.6281,0.6267,0.6279,462243.0
1651759140000,0.628,0.6283,0.6265,0.6276,744368.0
1651759200000,0.6275,0.6288,0.6267,0.628,1052638.0
1651759260000,0.628,0.6304,0.6277,0.6295,1324661.0
1651759320000,0.6294,0.6295,0.6282,0.6286,360137.0
1651759380000,0.6286,0.6291,0.6274,0.6282,925011.0
1651759440000,0.6282,0.6283,0.6258,0.626,1160502.0
1651759500000,0.626,0.6268,0.6237,0.625,1497450.0
1651759560000,0.625,0.6265,0.6242,0.6262,809470.0
1651759620000,0.6262,0.6262,0.6242,0.6251,466954.0
1651759680000,0.625,0.6255,0.6242,0.6253,464726.0
1651759740000,0.6252,0.6261,0.6252,0.6258,562591.0
1651759800000,0.6257,0.627,0.6257,0.6262,616274.0
1651759860000,0.6261,0.6261,0.6235,0.6237,903577.0
1651759920000,0.6238,0.6249,0.6236,0.6245,555518.0
1651759980000,0.6245,0.6256,0.6242,0.6251,376762.0
1651760040000,0.6251,0.6259,0.6251,0.6258,409024.0
1651760100000,0.6257,0.626,0.625,0.6251,506279.0
1651760160000,0.625,0.625,0.624,0.6241,277985.0
1651760220000,0.6241,0.625,0.6236,0.6238,555415.0
1651760280000,0.6238,0.6246,0.6232,0.624,807230.0
1651760340000,0.624,0.625,0.6238,0.6245,294678.0
1651760400000,0.6247,0.6249,0.6237,0.6239,486540.0
1651760460000,0.6239,0.624,0.623,0.6234,345144.0
1651760520000,0.6234,0.6239,0.6229,0.623,241813.0
1651760580000,0.623,0.6234,0.6209,0.6234,1474443.0
1651760640000,0.6233,0.6233,0.6221,0.6227,403134.0
1651760700000,0.6227,0.6236,0.6224,0.6235,618340.0
1651760760000,0.6235,0.6248,0.6232,0.6246,363186.0
1651760820000,0.6247,0.6248,0.6235,0.6238,464854.0
1651760880000,0.6237,0.6241,0.623,0.6239,614087.0
1651760940000,0.6239,0.624,0.6229,0.6237,350482.0
1651761000000,0.6237,0.6243,0.6233,0.6239,238832.0
1651761060000,0.6239,0.6239,0.6229,0.6236,320408.0
1651761120000,0.6235,0.6236,0.6223,0.6225,446463.0
1651761180000,0.6225,0.6227,0.6218,0.6225,506705.0
1651761240000,0.6226,0.6229,0.6208,0.6214,785528.0
1651761300000,0.6214,0.6231,0.6211,0.6226,495982.0
1651761360000,0.6227,0.6231,0.622,0.6222,451235.0
1651761420000,0.6221,0.6222,0.6215,0.6218,295478.0
1651761480000,0.6219,0.6226,0.6212,0.6222,611699.0
1651761540000,0.6221,0.6223,0.6206,0.621,359209.0
1651761600000,0.621,0.6212,0.6192,0.6206,1896025.0
1651761660000,0.6205,0.621,0.6188,0.6192,856722.0
1651761720000,0.6191,0.6199,0.618,0.6182,420231.0
1651761780000,0.6181,0.62,0.6179,0.6193,776839.0
1651761840000,0.6194,0.6206,0.6189,0.62,773590.0
1651761900000,0.62,0.6204,0.6193,0.62,403623.0
1651761960000,0.6199,0.6205,0.6192,0.62,402973.0
1651762020000,0.62,0.6202,0.6185,0.619,501205.0
1651762080000,0.619,0.619,0.6172,0.6172,811949.0
1651762140000,0.6173,0.6189,0.6171,0.6184,674281.0
1651762200000,0.6183,0.6187,0.6171,0.6187,822197.0
1651762260000,0.6187,0.6198,0.6187,0.6192,600317.0
1651762320000,0.6192,0.6194,0.6178,0.6182,639713.0
1651762380000,0.6183,0.6186,0.6175,0.6175,336225.0
1651762440000,0.6176,0.6177,0.6172,0.6173,235325.0
1651762500000,0.6173,0.6186,0.6172,0.6178,273416.0
1651762560000,0.6178,0.6179,0.6161,0.6164,719041.0
1651762620000,0.6164,0.6172,0.6162,0.6166,305526.0
1651762680000,0.6166,0.6169,0.615,0.6159,867479.0
1651762740000,0.6162,0.6173,0.6159,0.6171,457048.0
1651762800000,0.617,0.6172,0.6161,0.6172,267667.0
1651762860000,0.6171,0.6171,0.6157,0.6157,243027.0
1651762920000,0.6157,0.6157,0.6137,0.6142,803463.0
1651762980000,0.6141,0.6146,0.6136,0.6141,445512.0
1651763040000,0.6142,0.6142,0.6127,0.6127,766040.0
1651763100000,0.6127,0.6128,0.6116,0.6124,1312119.0
1651763160000,0.6124,0.6127,0.6093,0.6094,2755703.0
1651763220000,0.6094,0.6094,0.6058,0.606,3278309.0
1651763280000,0.6059,0.606,0.5902,0.5994,6428603.0
1651763340000,0.5994,0.6002,0.5952,0.598,3448576.0
1651763400000,0.5981,0.6069,0.598,0.6047,3315235.0
1651763460000,0.6047,0.6067,0.6033,0.6065,2022312.0
1651763520000,0.6066,0.6094,0.605,0.6076,2833152.0
1651763580000,0.6076,0.6089,0.6057,0.6059,1559382.0
1651763640000,0.6057,0.6062,0.604,0.6055,1873341.0
1651763700000,0.6055,0.6056,0.6009,0.6015,1366525.0
1651763760000,0.6015,0.6026,0.5994,0.6018,1332363.0
1651763820000,0.6017,0.6066,0.6013,0.6063,1298412.0
1651763880000,0.6063,0.6073,0.6049,0.607,1129678.0
1651763940000,0.6069,0.6078,0.6055,0.6055,1082816.0
1651764000000,0.6055,0.6066,0.6031,0.6037,1588305.0
1651764060000,0.6036,0.6049,0.6026,0.6039,1067155.0
1651764120000,0.6038,0.6046,0.6023,0.6035,619002.0
1651764180000,0.6035,0.6038,0.6021,0.6032,856524.0
1651764240000,0.6032,0.6036,0.6009,0.6014,1011610.0
1651764300000,0.6014,0.6026,0.5982,0.5986,1093180.0
1651764360000,0.5986,0.6017,0.5982,0.5991,1537595.0
1651764420000,0.5992,0.6006,0.5984,0.6002,1515563.0
1651764480000,0.6003,0.6008,0.5987,0.5996,1101820.0
1651764540000,0.5997,0.6019,0.599,0.6019,1308928.0
1651764600000,0.6019,0.6019,0.6003,0.6006,716409.0
1651764660000,0.6007,0.6043,0.6,0.6042,921454.0
1651764720000,0.6041,0.6054,0.6034,0.6051,1225985.0
1651764780000,0.6051,0.6058,0.6035,0.6042,932091.0
1651764840000,0.6042,0.6051,0.6032,0.6037,1038800.0
1651764900000,0.6037,0.6055,0.6034,0.6046,1073066.0
1651764960000,0.6047,0.6055,0.6038,0.6055,460811.0
1651765020000,0.6056,0.6069,0.6055,0.6063,620203.0
1651765080000,0.6063,0.6066,0.6051,0.6066,1304002.0
1651765140000,0.6066,0.607,0.6047,0.6048,696721.0
1651765200000,0.6049,0.6063,0.6049,0.6051,1018023.0
1651765260000,0.6051,0.6058,0.6046,0.6055,510342.0
1651765320000,0.6056,0.6067,0.6044,0.6048,1546898.0
1651765380000,0.6048,0.605,0.6038,0.6044,401083.0
1651765440000,0.6044,0.6047,0.604,0.6042,144940.0
1651765500000,0.6041,0.6043,0.6034,0.6034,367543.0
1651765560000,0.6035,0.6041,0.6026,0.6026,298144.0
1651765620000,0.6027,0.6036,0.6015,0.603,872191.0
1651765680000,0.6029,0.603,0.6012,0.6014,685309.0
1651765740000,0.6015,0.6017,0.6009,0.6013,435541.0
1651765800000,0.6012,0.6014,0.5985,0.5992,1067388.0
1651765860000,0.5992,0.6006,0.5989,0.5999,737285.0
1651765920000,0.5998,0.6002,0.5971,0.5973,1169006.0
1651765980000,0.5974,0.5995,0.5963,0.5989,1765408.0
1651766040000,0.5988,0.5989,0.5974,0.5976,585124.0
1651766100000,0.5976,0.5985,0.5963,0.598,1016908.0
1651766160000,0.5979,0.6008,0.5978,0.6003,1192044.0
1651766220000,0.6004,0.6024,0.5999,0.6008,870662.0
1651766280000,0.6008,0.6019,0.6007,0.6014,831422.0
1651766340000,0.6013,0.6015,0.6004,0.6012,1286904.0
1651766400000,0.601,0.6012,0.5994,0.6001,1330515.0
1651766460000,0.6001,0.6001,0.5985,0.5986,605257.0
1651766520000,0.5987,0.6,0.5981,0.5993,497169.0
1651766580000,0.5993,0.601,0.5992,0.6005,838131.0
1651766640000,0.6005,0.6031,0.6003,0.6023,1367981.0
1651766700000,0.6023,0.6025,0.6009,0.6022,841245.0
1651766760000,0.6021,0.6023,0.6011,0.6014,608992.0
1651766820000,0.6014,0.6015,0.5995,0.6001,509776.0
1651766880000,0.6,0.6001,0.5986,0.5987,222081.0
1651766940000,0.5987,0.5996,0.5987,0.5991,437453.0
1651767000000,0.5991,0.5995,0.5985,0.5988,379292.0
1651767060000,0.5989,0.5992,0.5974,0.5974,371760.0
1651767120000,0.5975,0.5997,0.5975,0.5997,481294.0
1651767180000,0.5995,0.6003,0.5991,0.6001,464775.0
1651767240000,0.6,0.6005,0.5995,0.5998,571680.0
1651767300000,0.5998,0.5999,0.5986,0.5995,382872.0
1651767360000,0.5996,0.6015,0.5995,0.6008,614399.0
1651767420000,0.6009,0.6016,0.6007,0.6013,605109.0
1651767480000,0.6013,0.6013,0.6006,0.6007,252547.0
1651767540000,0.6007,0.6017,0.6005,0.6016,260783.0
1651767600000,0.6015,0.6046,0.6015,0.6046,506068.0
1651767660000,0.6046,0.6054,0.6032,0.6033,1166878.0
1651767720000,0.6033,0.6039,0.602,0.6029,540660.0
1651767780000,0.603,0.6037,0.6027,0.6033,251911.0
1651767840000,0.6034,0.6034,0.6022,0.6025,334742.0
1651767900000,0.6026,0.6033,0.601,0.6023,1017886.0
1651767960000,0.6023,0.603,0.6014,0.6019,503933.0
1651768020000,0.6018,0.6029,0.6018,0.6023,296253.0
1651768080000,0.6024,0.6029,0.6022,0.6024,398854.0
1651768140000,0.6024,0.6027,0.6019,0.6024,506062.0
1651768200000,0.6024,0.6024,0.6016,0.6017,271279.0
1651768260000,0.6017,0.6022,0.6013,0.6019,353360.0
1651768320000,0.602,0.6022,0.6007,0.6008,316668.0
1651768380000,0.6009,0.6015,0.6006,0.6012,213424.0
1651768440000,0.6011,0.6011,0.6,0.6,348982.0
1651768500000,0.6,0.6,0.5985,0.5988,489010.0
1651768560000,0.5988,0.5989,0.5977,0.5989,384397.0
1651768620000,0.5989,0.5999,0.5989,0.5994,238534.0
1651768680000,0.5995,0.5997,0.599,0.5994,172661.0
1651768740000,0.5994,0.6001,0.5994,0.6,230638.0
1651768800000,0.6,0.6001,0.5988,0.5993,495177.0
1651768860000,0.5992,0.5994,0.5988,0.5991,431148.0
1651768920000,0.5991,0.6018,0.5988,0.6012,1293490.0
1651768980000,0.6012,0.6027,0.6009,0.6022,1241513.0
1651769040000,0.6021,0.6021,0.6007,0.6008,403599.0
1651769100000,0.6008,0.6012,0.6,0.6001,411273.0
1651769160000,0.6,0.6011,0.6,0.6009,331404.0
1651769220000,0.6009,0.6009,0.5995,0.5996,348734.0
1651769280000,0.5995,0.6,0.599,0.6,278582.0
1651769340000,0.6,0.6005,0.5999,0.6002,211387.0
1651769400000,0.6002,0.6009,0.6002,0.6005,187821.0
1651769460000,0.6005,0.6012,0.6005,0.6006,359947.0
1651769520000,0.6005,0.6015,0.6005,0.6013,158051.0
1651769580000,0.6012,0.6015,0.6006,0.6009,203379.0
1651769640000,0.6008,0.6009,0.6005,0.6007,321847.0
1651769700000,0.6009,0.6011,0.6007,0.6009,149504.0
1651769760000,0.6009,0.601,0.6005,0.6008,116514.0
1651769820000,0.6009,0.6014,0.6007,0.6011,132391.0
1651769880000,0.601,0.6012,0.6005,0.6007,162411.0
1651769940000,0.6007,0.6008,0.6004,0.6006,713802.0
1651770000000,0.6007,0.6009,0.6003,0.6003,407429.0
1651770060000,0.6004,0.6007,0.6003,0.6006,139538.0
1651770120000,0.6006,0.6023,0.6006,0.6018,363019.0
1651770180000,0.6018,0.6019,0.6013,0.6015,355289.0
1651770240000,0.6014,0.6015,0.6011,0.6011,80685.0
1651770300000,0.6011,0.6014,0.6004,0.6006,390380.0
1651770360000,0.6006,0.6013,0.6003,0.6013,326018.0
1651770420000,0.6012,0.6016,0.601,0.6013,259162.0
1651770480000,0.6014,0.6015,0.6013,0.6014,48711.0
1651770540000,0.6014,0.6016,0.6013,0.6015,187486.0
1651770600000,0.6013,0.6013,0.6006,0.6009,175396.0
1651770660000,0.601,0.6016,0.6005,0.6011,123519.0
1651770720000,0.601,0.6013,0.6005,0.601,201580.0
1651770780000,0.601,0.601,0.6005,0.6007,229437.0
1651770840000,0.6007,0.601,0.6005,0.6007,173368.0
1651770900000,0.6006,0.6009,0.5998,0.6004,648702.0
1651770960000,0.6003,0.6004,0.5998,0.6003,233515.0
1651771020000,0.6003,0.6004,0.6,0.6002,86335.0
1651771080000,0.6003,0.601,0.6003,0.6007,184278.0
1651771140000,0.6007,0.6013,0.6007,0.6009,112389.0
1651771200000,0.601,0.601,0.5996,0.6,350815.0
1651771260000,0.6,0.6002,0.5996,0.6002,162134.0
1651771320000,0.6001,0.6006,0.6001,0.6003,107097.0
1651771380000,0.6003,0.6004,0.5998,0.6003,157348.0
1651771440000,0.6003,0.6004,0.5999,0.6001,156432.0
1651771500000,0.6001,0.6001,0.5991,0.5994,330666.0
1651771560000,0.5993,0.5996,0.5986,0.5987,279050.0
1651771620000,0.5987,0.5995,0.5983,0.5995,357433.0
1651771680000,0.5995,0.6001,0.5995,0.6001,68122.0
1651771740000,0.6002,0.6005,0.6001,0.6001,90488.0
1651771800000,0.6001,0.6001,0.5988,0.5991,220179.0
1651771860000,0.5991,0.6002,0.5988,0.5997,269358.0
1651771920000,0.5997,0.6003,0.5996,0.5999,201760.0
1651771980000,0.5999,0.6003,0.5995,0.5999,519503.0
1651772040000,0.6,0.6006,0.6,0.6005,75555.0
1651772100000,0.6005,0.6009,0.6004,0.6008,186951.0
1651772160000,0.6007,0.6015,0.6007,0.6014,153766.0
1651772220000,0.6015,0.6018,0.6015,0.6018,196082.0
1651772280000,0.6019,0.602,0.6006,0.6008,322576.0
1651772340000,0.6008,0.6009,0.6004,0.6008,387219.0
1651772400000,0.6008,0.6009,0.6002,0.6008,121759.0
1651772460000,0.6008,0.6015,0.6008,0.6014,177109.0
1651772520000,0.6014,0.6017,0.6009,0.6017,153708.0
1651772580000,0.6016,0.6018,0.6011,0.6011,172484.0
1651772640000,0.6011,0.6014,0.6005,0.6006,377657.0
1651772700000,0.6005,0.6006,0.5996,0.6,394470.0
1651772760000,0.5999,0.6,0.5995,0.5997,231074.0
1651772820000,0.5997,0.6001,0.5997,0.5999,67341.0
1651772880000,0.5998,0.6,0.5994,0.5995,248567.0
1651772940000,0.5995,0.5996,0.5993,0.5994,126861.0
1651773000000,0.5994,0.5994,0.5982,0.5988,382820.0
1651773060000,0.5988,0.5991,0.5987,0.5991,97277.0
1651773120000,0.599,0.5992,0.5986,0.5989,211251.0
1651773180000,0.5989,0.5994,0.5987,0.599,310950.0
1651773240000,0.599,0.5991,0.5986,0.5991,150733.0
1651773300000,0.5992,0.5993,0.5984,0.5985,332554.0
1651773360000,0.5986,0.5989,0.598,0.5986,393153.0
1651773420000,0.5987,0.5993,0.5987,0.5992,202473.0
1651773480000,0.5993,0.5994,0.5983,0.5984,312366.0
1651773540000,0.5984,0.5988,0.598,0.598,186331.0
1651773600000,0.598,0.598,0.5968,0.597,279643.0
1651773660000,0.5971,0.5975,0.5967,0.5971,193834.0
1651773720000,0.597,0.597,0.5961,0.5964,325734.0
1651773780000,0.5965,0.5969,0.596,0.5968,446379.0
1651773840000,0.5968,0.5971,0.5963,0.5964,251988.0
1651773900000,0.5964,0.5965,0.5951,0.5963,458511.0
1651773960000,0.5964,0.5964,0.5954,0.5961,354741.0
1651774020000,0.5961,0.5974,0.5959,0.5969,281738.0
1651774080000,0.5969,0.5983,0.5968,0.5981,247948.0
1651774140000,0.598,0.5981,0.5968,0.5971,261098.0
1651774200000,0.5971,0.5972,0.5962,0.5962,148660.0
1651774260000,0.5963,0.5963,0.594,0.5941,553914.0
1651774320000,0.5941,0.5944,0.5936,0.5939,298092.0
1651774380000,0.5939,0.5953,0.5938,0.5949,297131.0
1651774440000,0.5949,0.5958,0.5949,0.5955,166163.0
1651774500000,0.5956,0.5964,0.5952,0.5955,540684.0
1651774560000,0.5955,0.5964,0.5953,0.5955,268437.0
1651774620000,0.5955,0.5958,0.595,0.5958,152210.0
1651774680000,0.5959,0.5974,0.5959,0.5971,134613.0
1651774740000,0.597,0.5979,0.597,0.5975,244713.0
1651774800000,0.5975,0.5979,0.5971,0.5971,471287.0
1651774860000,0.5972,0.5974,0.5966,0.597,408078.0
1651774920000,0.5971,0.5976,0.5963,0.5964,413998.0
1651774980000,0.5964,0.5964,0.5939,0.5944,814344.0
1651775040000,0.5944,0.5947,0.586,0.5881,5970527.0
1651775100000,0.5881,0.5913,0.5871,0.5905,2003915.0
1651775160000,0.5905,0.5914,0.5886,0.5887,985933.0
1651775220000,0.5887,0.5916,0.588,0.5911,1251829.0
1651775280000,0.591,0.5912,0.5893,0.59,901752.0
1651775340000,0.5898,0.591,0.5892,0.5895,1007068.0
1651775400000,0.5895,0.5913,0.5894,0.5904,1091838.0
1651775460000,0.5904,0.592,0.5903,0.5915,931863.0
1651775520000,0.5915,0.592,0.591,0.5911,666719.0
1651775580000,0.5911,0.5912,0.5898,0.5902,679446.0
1651775640000,0.5901,0.5911,0.5899,0.59,476584.0
1651775700000,0.5901,0.5926,0.5901,0.5918,910055.0
1651775760000,0.5918,0.5936,0.5917,0.5927,955802.0
1651775820000,0.5927,0.5929,0.5921,0.5925,837193.0
1651775880000,0.5925,0.5926,0.5917,0.5921,518591.0
1651775940000,0.5921,0.5921,0.5903,0.5914,533209.0
1651776000000,0.5914,0.5914,0.5896,0.5903,571256.0
1651776060000,0.5903,0.5909,0.5895,0.5897,384458.0
1651776120000,0.5897,0.5904,0.5894,0.5897,450250.0
1651776180000,0.5896,0.5901,0.589,0.5893,600427.0
1651776240000,0.5892,0.5897,0.5888,0.5893,337970.0
1651776300000,0.5894,0.5907,0.5894,0.5907,375234.0
1651776360000,0.5906,0.5915,0.5904,0.5911,449021.0
1651776420000,0.5911,0.5919,0.5908,0.5909,326782.0
1651776480000,0.5907,0.5915,0.5905,0.5909,245532.0
1651776540000,0.5909,0.591,0.5905,0.5909,248967.0
1651776600000,0.5908,0.5926,0.5902,0.5924,519620.0
1651776660000,0.5924,0.593,0.5922,0.5924,342609.0
1651776720000,0.5924,0.5925,0.591,0.591,628345.0
1651776780000,0.591,0.5913,0.5905,0.5905,303659.0
1651776840000,0.5905,0.5905,0.5893,0.5893,454758.0
1651776900000,0.5892,0.5896,0.5886,0.589,457668.0
1651776960000,0.5892,0.5898,0.5887,0.5888,354558.0
1651777020000,0.5888,0.5891,0.5886,0.589,276529.0
1651777080000,0.589,0.5902,0.5883,0.5901,444012.0
1651777140000,0.5901,0.5909,0.5896,0.5908,280481.0
1651777200000,0.5907,0.5907,0.5894,0.5901,591553.0
1651777260000,0.5902,0.5907,0.5889,0.5891,261497.0
1651777320000,0.5893,0.5896,0.5886,0.5889,335665.0
1651777380000,0.5889,0.5889,0.5878,0.5883,901557.0
1651777440000,0.5882,0.5882,0.5872,0.5877,403227.0
1651777500000,0.5877,0.588,0.5871,0.5876,376025.0
1651777560000,0.5875,0.5875,0.5833,0.5843,1662412.0
1651777620000,0.5841,0.5851,0.5801,0.5829,3953557.0
1651777680000,0.5828,0.5855,0.5822,0.5849,1113876.0
1651777740000,0.5848,0.5848,0.5831,0.5839,963998.0
1651777800000,0.5839,0.5839,0.5825,0.5833,923733.0
1651777860000,0.5832,0.5843,0.5828,0.5838,566218.0
1651777920000,0.5838,0.586,0.5838,0.586,855019.0
1651777980000,0.586,0.5871,0.5853,0.5858,713504.0
1651778040000,0.5858,0.5858,0.5834,0.5837,1044702.0
1651778100000,0.5837,0.585,0.5837,0.5842,287140.0
1651778160000,0.5842,0.5854,0.5834,0.5845,772749.0
1651778220000,0.5845,0.585,0.584,0.5841,510608.0
1651778280000,0.584,0.584,0.5807,0.5831,2750413.0
1651778340000,0.583,0.5854,0.583,0.5847,583406.0
1651778400000,0.5848,0.5855,0.5835,0.5848,1128808.0
1651778460000,0.5848,0.5856,0.5847,0.5853,474284.0
1651778520000,0.5852,0.5853,0.5836,0.5837,470156.0
1651778580000,0.5836,0.5838,0.5829,0.5829,327222.0
1651778640000,0.5831,0.5843,0.5831,0.5835,729113.0
1651778700000,0.5835,0.586,0.5834,0.5858,673533.0
1651778760000,0.5858,0.5862,0.5854,0.5858,451840.0
1651778820000,0.5858,0.5859,0.5852,0.5852,438621.0
1651778880000,0.5853,0.586,0.5845,0.5846,207009.0
1651778940000,0.5847,0.5861,0.5843,0.5847,517012.0
1651779000000,0.5846,0.5855,0.5842,0.5855,489087.0
1651779060000,0.5854,0.5866,0.5854,0.5866,325387.0
1651779120000,0.5866,0.5878,0.5864,0.5876,525925.0
1651779180000,0.5874,0.5891,0.5874,0.5878,396112.0
1651779240000,0.5877,0.5887,0.5874,0.5877,587401.0
1651779300000,0.5878,0.5892,0.5877,0.5887,533740.0
1651779360000,0.5888,0.59,0.5888,0.5892,657627.0
1651779420000,0.5892,0.5894,0.5882,0.5886,422271.0
1651779480000,0.5885,0.589,0.5866,0.5882,1083954.0
1651779540000,0.5882,0.589,0.5877,0.5884,581738.0
1651779600000,0.5886,0.5903,0.5886,0.5893,656094.0
1651779660000,0.5892,0.5912,0.589,0.5905,1339760.0
1651779720000,0.5905,0.5906,0.5897,0.5903,367780.0
1651779780000,0.5903,0.5904,0.5892,0.5895,412346.0
1651779840000,0.5895,0.5897,0.5887,0.5894,623118.0
1651779900000,0.5895,0.5911,0.5891,0.5907,1481315.0
1651779960000,0.5907,0.591,0.5893,0.5894,887292.0
1651780020000,0.5893,0.5897,0.5884,0.5896,332536.0
1651780080000,0.5896,0.5896,0.5886,0.5895,372477.0
1651780140000,0.5896,0.5902,0.5893,0.5896,476362.0
1651780200000,0.5896,0.5934,0.5896,0.5929,989411.0
1651780260000,0.593,0.5935,0.5913,0.5916,418109.0
1651780320000,0.5916,0.5928,0.5908,0.5913,1137639.0
1651780380000,0.5914,0.5923,0.5914,0.5923,476983.0
1651780440000,0.5922,0.5928,0.5919,0.5927,393610.0
1651780500000,0.5926,0.5932,0.592,0.5923,751082.0
1651780560000,0.592,0.5925,0.5919,0.5924,305352.0
1651780620000,0.5924,0.5935,0.5922,0.5931,229279.0
1651780680000,0.593,0.5941,0.5926,0.5938,448919.0
1651780740000,0.5939,0.5944,0.5932,0.5939,876456.0
1651780800000,0.594,0.5941,0.5925,0.5933,496665.0
1651780860000,0.5933,0.5933,0.5913,0.5915,350122.0
1651780920000,0.5916,0.5918,0.5909,0.5911,284577.0
1651780980000,0.5912,0.5916,0.5905,0.5909,443514.0
1651781040000,0.5909,0.592,0.5909,0.5916,217565.0
1651781100000,0.5916,0.5918,0.5902,0.5908,226376.0
1651781160000,0.5908,0.5913,0.5907,0.5913,301177.0
1651781220000,0.5913,0.5915,0.5904,0.5906,256395.0
1651781280000,0.5907,0.5912,0.5906,0.5908,247413.0
1651781340000,0.5908,0.5915,0.5906,0.5906,155237.0
1651781400000,0.5905,0.5915,0.5902,0.5913,315079.0
1651781460000,0.5914,0.5923,0.5913,0.5921,231251.0
1651781520000,0.5921,0.5922,0.5918,0.5921,126024.0
1651781580000,0.5921,0.5927,0.5919,0.5925,224443.0
1651781640000,0.5925,0.5937,0.5925,0.5933,395877.0
1651781700000,0.5932,0.5935,0.5922,0.5926,209901.0
1651781760000,0.5925,0.5928,0.5923,0.5926,116539.0
1651781820000,0.5927,0.593,0.5926,0.593,65743.0
1651781880000,0.593,0.5932,0.5923,0.5923,181948.0
1651781940000,0.5924,0.5932,0.5924,0.5932,99244.0
1651782000000,0.5932,0.5932,0.5924,0.5931,237842.0
1651782060000,0.593,0.5932,0.5928,0.5928,84670.0
1651782120000,0.5928,0.5936,0.5928,0.5936,143561.0
1651782180000,0.5935,0.5935,0.5927,0.5929,178766.0
1651782240000,0.5929,0.5936,0.5928,0.5933,97972.0
1651782300000,0.5932,0.5932,0.5922,0.5932,245750.0
1651782360000,0.5932,0.5939,0.5932,0.5937,180466.0
1651782420000,0.5938,0.5938,0.5933,0.5937,227662.0
1651782480000,0.5938,0.5939,0.5936,0.5938,175180.0
1651782540000,0.5938,0.5942,0.5931,0.5934,362703.0
1651782600000,0.5934,0.5935,0.592,0.5922,205261.0
1651782660000,0.5922,0.5932,0.5922,0.5929,159219.0
1651782720000,0.5929,0.5943,0.5929,0.594,219731.0
1651782780000,0.594,0.5959,0.594,0.5949,594048.0
1651782840000,0.595,0.5954,0.5949,0.5953,119225.0
1651782900000,0.5953,0.5953,0.5945,0.5948,203816.0
1651782960000,0.5947,0.5953,0.5946,0.5952,118286.0
1651783020000,0.5951,0.596,0.5951,0.5955,158328.0
1651783080000,0.5955,0.5958,0.5948,0.5958,269509.0
1651783140000,0.5958,0.5958,0.5946,0.595,178245.0
1651783200000,0.5951,0.5951,0.5941,0.5944,101084.0
1651783260000,0.5943,0.5946,0.5942,0.5945,104151.0
1651783320000,0.5946,0.595,0.5944,0.595,101735.0
1651783380000,0.595,0.5956,0.5948,0.5956,224543.0
1651783440000,0.5956,0.5963,0.5953,0.596,157356.0
1651783500000,0.5959,0.5963,0.5956,0.5962,157431.0
1651783560000,0.5963,0.5964,0.5952,0.5952,193349.0
1651783620000,0.5952,0.5952,0.5944,0.5945,129260.0
1651783680000,0.5945,0.595,0.5945,0.5947,178748.0
1651783740000,0.5947,0.595,0.5946,0.5947,116963.0
1651783800000,0.5946,0.5946,0.594,0.5942,111857.0
1651783860000,0.5942,0.5946,0.5942,0.5945,106316.0
1651783920000,0.5944,0.595,0.5939,0.5949,320443.0
1651783980000,0.595,0.5951,0.5948,0.5949,166111.0
1651784040000,0.5948,0.5951,0.5948,0.5951,118108.0
1651784100000,0.5951,0.5957,0.5947,0.5954,220213.0
1651784160000,0.5955,0.5962,0.5954,0.5958,469667.0
1651784220000,0.5957,0.5961,0.5957,0.596,75813.0
1651784280000,0.5959,0.5961,0.5957,0.5957,248664.0
1651784340000,0.5957,0.5964,0.5957,0.5964,254153.0
1651784400000,0.5963,0.5964,0.5951,0.5955,211455.0
1651784460000,0.5955,0.5957,0.5949,0.5952,118940.0
1651784520000,0.5952,0.596,0.5951,0.5959,54348.0
1651784580000,0.5958,0.5958,0.5956,0.5956,64912.0
1651784640000,0.5957,0.596,0.5956,0.5959,100832.0
1651784700000,0.5959,0.5959,0.5949,0.595,57808.0
1651784760000,0.5949,0.5952,0.5947,0.5949,160641.0
1651784820000,0.5949,0.5951,0.5949,0.595,110945.0
1651784880000,0.595,0.595,0.5938,0.5938,127830.0
1651784940000,0.5939,0.5949,0.5939,0.5948,150121.0
1651785000000,0.5948,0.5948,0.5938,0.5945,199839.0
1651785060000,0.5944,0.5945,0.5942,0.5944,74228.0
1651785120000,0.5945,0.5953,0.5945,0.595,91927.0
1651785180000,0.595,0.5951,0.5949,0.5951,20637.0
1651785240000,0.595,0.5953,0.5949,0.5951,197298.0
1651785300000,0.5952,0.5952,0.5949,0.5949,73244.0
1651785360000,0.595,0.5952,0.5949,0.5952,23109.0
1651785420000,0.5952,0.5958,0.5952,0.5957,174772.0
1651785480000,0.5958,0.5966,0.5958,0.5966,503886.0
1651785540000,0.5966,0.597,0.5965,0.597,130299.0
1651785600000,0.597,0.5976,0.5964,0.5976,599754.0
1651785660000,0.5974,0.5977,0.5968,0.5971,628524.0
1651785720000,0.5971,0.5975,0.5969,0.5974,386706.0
1651785780000,0.5975,0.599,0.5966,0.599,1281199.0
1651785840000,0.5989,0.599,0.5984,0.5988,280026.0
1651785900000,0.5988,0.5989,0.5982,0.5983,86719.0
1651785960000,0.5984,0.5985,0.5982,0.5985,86091.0
1651786020000,0.5985,0.5988,0.5985,0.5986,27107.0
1651786080000,0.5987,0.599,0.5985,0.599,242722.0
1651786140000,0.599,0.5997,0.599,0.5994,263760.0
1651786200000,0.5995,0.5995,0.5988,0.5988,46621.0
1651786260000,0.5989,0.5992,0.5986,0.5988,169000.0
1651786320000,0.5988,0.5988,0.5983,0.5986,275195.0
1651786380000,0.5986,0.599,0.5986,0.5989,88415.0
1651786440000,0.5989,0.599,0.5986,0.5986,38435.0
1651786500000,0.5986,0.5987,0.5981,0.5984,127049.0
1651786560000,0.5983,0.5984,0.5983,0.5984,11973.0
1651786620000,0.5983,0.5985,0.5983,0.5985,7723.0
1651786680000,0.5984,0.5986,0.5983,0.5985,78956.0
1651786740000,0.5986,0.5987,0.5984,0.5986,52374.0
1651786800000,0.5986,0.5987,0.5984,0.5984,35165.0
1651786860000,0.5985,0.5988,0.5985,0.5988,56439.0
1651786920000,0.5988,0.5989,0.5987,0.5988,47643.0
1651786980000,0.5988,0.599,0.5985,0.5985,142895.0
1651787040000,0.5986,0.5986,0.5975,0.5976,395882.0
1651787100000,0.5976,0.5978,0.597,0.597,234855.0
1651787160000,0.5971,0.5971,0.596,0.5962,142314.0
1651787220000,0.5963,0.5965,0.5963,0.5963,84759.0
1651787280000,0.5963,0.5963,0.596,0.5961,111132.0
1651787340000,0.5961,0.5963,0.596,0.5962,119913.0
1651787400000,0.5961,0.5962,0.596,0.5962,110797.0
1651787460000,0.5962,0.5963,0.596,0.5961,333683.0
1651787520000,0.5961,0.5961,0.5957,0.5959,193581.0
1651787580000,0.5959,0.596,0.5951,0.5952,32099.0
1651787640000,0.5951,0.5952,0.5945,0.5945,238947.0
1651787700000,0.5945,0.5951,0.5945,0.595,187831.0
1651787760000,0.595,0.5962,0.595,0.5961,578690.0
1651787820000,0.5961,0.5962,0.5955,0.5956,97882.0
1651787880000,0.5956,0.5956,0.5955,0.5956,75378.0
1651787940000,0.5956,0.5956,0.5955,0.5956,45976.0
1651788000000,0.5956,0.5956,0.5955,0.5956,50073.0
1651788060000,0.5955,0.5955,0.5948,0.5954,607629.0
1651788120000,0.5954,0.5958,0.5949,0.595,173206.0
1651788180000,0.595,0.5951,0.5949,0.5951,24911.0
1651788240000,0.595,0.5952,0.5947,0.5947,116486.0
1651788300000,0.5947,0.5953,0.5946,0.5949,105996.0
1651788360000,0.5949,0.5956,0.5949,0.5956,82542.0
1651788420000,0.5956,0.596,0.5956,0.5959,208800.0
1651788480000,0.5959,0.5965,0.5959,0.5964,219570.0
1651788540000,0.5964,0.5966,0.5964,0.5965,23826.0
1651788600000,0.5966,0.5967,0.5962,0.5962,96818.0
1651788660000,0.5962,0.5964,0.5962,0.5963,11662.0
1651788720000,0.5964,0.5968,0.5963,0.5968,79748.0
1651788780000,0.5968,0.597,0.5967,0.597,34355.0
1651788840000,0.5969,0.5975,0.5968,0.5972,175334.0
1651788900000,0.5972,0.5972,0.5966,0.5969,66463.0
1651788960000,0.5969,0.5969,0.5964,0.5964,83440.0
1651789020000,0.5965,0.5967,0.5964,0.5965,20280.0
1651789080000,0.5964,0.5965,0.596,0.596,99171.0
1651789140000,0.596,0.5961,0.5952,0.5953,372353.0
1651789200000,0.5953,0.5963,0.5952,0.5963,307330.0
1651789260000,0.5962,0.5962,0.5954,0.5957,309343.0
1651789320000,0.5956,0.5959,0.5956,0.5959,86945.0
1651789380000,0.5959,0.5961,0.5956,0.5958,202465.0
1651789440000,0.5958,0.5961,0.5958,0.5961,52302.0
1651789500000,0.5961,0.5961,0.5956,0.5957,149721.0
1651789560000,0.5957,0.5957,0.5945,0.595,267098.0
1651789620000,0.595,0.595,0.5946,0.5947,65335.0
1651789680000,0.5946,0.5948,0.5943,0.5944,147358.0
1651789740000,0.5944,0.595,0.5944,0.5948,126451.0
1651789800000,0.5948,0.5949,0.5942,0.5948,137414.0
1651789860000,0.5949,0.5949,0.5942,0.5943,53015.0
1651789920000,0.5943,0.5946,0.5939,0.5939,256826.0
1651789980000,0.594,0.594,0.5939,0.5939,75865.0
1651790040000,0.5938,0.5949,0.5938,0.5949,222360.0
1651790100000,0.5949,0.5951,0.5945,0.5949,145592.0
1651790160000,0.5949,0.5949,0.5942,0.5947,220375.0
1651790220000,0.5947,0.5947,0.5937,0.5938,196452.0
1651790280000,0.5937,0.5943,0.5937,0.5938,220297.0
1651790340000,0.5939,0.594,0.5937,0.5937,102746.0
1651790400000,0.5937,0.5938,0.5936,0.5938,27280.0
1651790460000,0.5938,0.5938,0.5931,0.5932,150037.0
1651790520000,0.5932,0.5935,0.593,0.5934,118933.0
1651790580000,0.5935,0.5937,0.5933,0.5933,55177.0
1651790640000,0.5932,0.5932,0.591,0.5914,428623.0
1651790700000,0.5915,0.5918,0.5908,0.5913,401821.0
1651790760000,0.5912,0.5915,0.59,0.5907,461280.0
1651790820000,0.5907,0.5914,0.5904,0.5909,413019.0
1651790880000,0.5909,0.5913,0.5901,0.5908,702710.0
1651790940000,0.5909,0.591,0.5908,0.591,69645.0
1651791000000,0.5909,0.5909,0.5904,0.5904,150987.0
1651791060000,0.5904,0.5908,0.5904,0.5904,59437.0
1651791120000,0.5905,0.5907,0.5894,0.5899,602665.0
1651791180000,0.5898,0.5906,0.5897,0.5906,150712.0
1651791240000,0.5905,0.5905,0.5891,0.5897,311312.0
1651791300000,0.5897,0.5908,0.5897,0.5908,227670.0
1651791360000,0.5908,0.591,0.5904,0.5909,130335.0
1651791420000,0.5909,0.591,0.5905,0.5909,24205.0
1651791480000,0.5909,0.591,0.5907,0.5908,107612.0
1651791540000,0.5908,0.5908,0.5902,0.5906,271375.0
1651791600000,0.5906,0.591,0.5905,0.591,75674.0
1651791660000,0.591,0.5913,0.5907,0.5912,153134.0
1651791720000,0.5912,0.5915,0.591,0.5914,128478.0
1651791780000,0.5915,0.5915,0.5913,0.5915,52147.0
1651791840000,0.5915,0.5919,0.5913,0.5914,206133.0
1651791900000,0.5914,0.592,0.5913,0.5918,177997.0
1651791960000,0.5918,0.5926,0.5918,0.5925,81309.0
1651792020000,0.5925,0.5936,0.5924,0.5936,144948.0
1651792080000,0.5936,0.5946,0.5936,0.5946,218577.0
1651792140000,0.5945,0.5956,0.5945,0.5955,170730.0
1651792200000,0.5955,0.5961,0.5951,0.5951,230766.0
1651792260000,0.595,0.5952,0.5947,0.5952,101341.0
1651792320000,0.5953,0.5953,0.5949,0.595,77214.0
1651792380000,0.5951,0.5962,0.595,0.5962,159961.0
1651792440000,0.5963,0.5998,0.5958,0.5992,1025602.0
1651792500000,0.5992,0.602,0.5989,0.6005,884013.0
1651792560000,0.6004,0.6007,0.5999,0.6006,357567.0
1651792620000,0.6007,0.6013,0.5993,0.5995,549896.0
1651792680000,0.5994,0.6,0.5985,0.5985,177022.0
1651792740000,0.5984,0.5986,0.5972,0.5973,276005.0
1651792800000,0.5974,0.5974,0.596,0.5965,130728.0
1651792860000,0.5965,0.5969,0.5962,0.5969,174519.0
1651792920000,0.5969,0.5969,0.5962,0.5965,121869.0
1651792980000,0.5965,0.597,0.5964,0.597,132250.0
1651793040000,0.5971,0.5979,0.5971,0.5975,155989.0
1651793100000,0.5974,0.5982,0.5967,0.5982,174105.0
1651793160000,0.5983,0.5985,0.5981,0.5983,91840.0
1651793220000,0.5983,0.5986,0.598,0.598,146129.0
1651793280000,0.598,0.598,0.5977,0.598,55217.0
1651793340000,0.598,0.5983,0.5979,0.5981,45439.0
1651793400000,0.5981,0.5981,0.5972,0.5978,99208.0
1651793460000,0.5978,0.598,0.5976,0.5976,29523.0
1651793520000,0.5977,0.5981,0.5977,0.598,80321.0
1651793580000,0.5982,0.5985,0.5982,0.5983,78642.0
1651793640000,0.5984,0.5984,0.5978,0.5979,34272.0
1651793700000,0.598,0.598,0.5975,0.5976,70641.0
1651793760000,0.5977,0.5982,0.5976,0.5979,93947.0
1651793820000,0.598,0.599,0.598,0.5986,216172.0
1651793880000,0.5986,0.5988,0.598,0.5988,229626.0
1651793940000,0.5988,0.5988,0.5981,0.5984,219715.0
1651794000000,0.5983,0.5984,0.5971,0.5976,100565.0
1651794060000,0.5976,0.5983,0.5976,0.5981,270735.0
1651794120000,0.5979,0.5986,0.5979,0.5982,158183.0
1651794180000,0.5981,0.5982,0.598,0.5981,42460.0
1651794240000,0.5982,0.5985,0.598,0.598,46374.0
1651794300000,0.5981,0.5981,0.5972,0.5976,253348.0
1651794360000,0.5975,0.5975,0.5968,0.597,116899.0
1651794420000,0.5971,0.5979,0.5971,0.5978,422705.0
1651794480000,0.5978,0.5983,0.5978,0.5982,113314.0
1651794540000,0.5982,0.5984,0.5981,0.5982,76619.0
1651794600000,0.5982,0.599,0.5981,0.5988,379169.0
1651794660000,0.5987,0.5988,0.5979,0.5983,414917.0
1651794720000,0.5982,0.5987,0.5981,0.5984,146238.0
1651794780000,0.5985,0.599,0.5984,0.5986,151395.0
1651794840000,0.5985,0.599,0.5985,0.599,133069.0
1651794900000,0.5989,0.5993,0.5979,0.5988,522263.0
1651794960000,0.5988,0.5989,0.5982,0.5985,64679.0
1651795020000,0.5984,0.5986,0.5984,0.5984,23627.0
1651795080000,0.5985,0.5989,0.598,0.5984,257725.0
1651795140000,0.5985,0.5987,0.598,0.5981,63596.0
1651795200000,0.5981,0.5985,0.5973,0.5974,366222.0
1651795260000,0.5974,0.5975,0.5963,0.5969,394868.0
1651795320000,0.597,0.5972,0.5959,0.5969,474607.0
1651795380000,0.5969,0.5969,0.5959,0.5968,237249.0
1651795440000,0.5968,0.5977,0.5967,0.5976,140998.0
1651795500000,0.5975,0.5984,0.5968,0.5977,533403.0
1651795560000,0.5976,0.5978,0.5974,0.5977,106577.0
1651795620000,0.5978,0.5981,0.5966,0.597,249302.0
1651795680000,0.5969,0.597,0.5961,0.5969,225057.0
1651795740000,0.5968,0.5969,0.5961,0.5963,133842.0
1651795800000,0.5964,0.5965,0.5956,0.5956,231801.0
1651795860000,0.5956,0.5965,0.5956,0.5965,131684.0
1651795920000,0.5965,0.5966,0.5952,0.5952,213425.0
1651795980000,0.5952,0.5954,0.595,0.5952,81941.0
1651796040000,0.5951,0.5953,0.5946,0.5946,384665.0
1651796100000,0.5946,0.5956,0.5943,0.5956,235555.0
1651796160000,0.5957,0.5957,0.5946,0.5955,225744.0
1651796220000,0.5954,0.5959,0.5954,0.5957,100887.0
1651796280000,0.5957,0.5958,0.5955,0.5957,28113.0
1651796340000,0.5958,0.5968,0.5955,0.5962,562776.0
1651796400000,0.5961,0.5967,0.5961,0.5964,313613.0
1651796460000,0.5964,0.5976,0.5964,0.5976,134852.0
1651796520000,0.5976,0.5978,0.597,0.5972,136526.0
1651796580000,0.5972,0.598,0.5971,0.5979,89219.0
1651796640000,0.598,0.5981,0.5974,0.5975,173395.0
1651796700000,0.5976,0.5983,0.5975,0.5983,100568.0
1651796760000,0.5983,0.5986,0.5982,0.5985,128249.0
1651796820000,0.5984,0.5994,0.5983,0.5994,283933.0
1651796880000,0.5994,0.5995,0.5992,0.5993,154741.0
1651796940000,0.5993,0.5993,0.5986,0.5986,121856.0
1651797000000,0.5985,0.5989,0.5978,0.5981,334807.0
1651797060000,0.598,0.598,0.597,0.5972,285927.0
1651797120000,0.5973,0.5976,0.5969,0.5971,28305.0
1651797180000,0.5971,0.5974,0.597,0.5971,134590.0
1651797240000,0.5971,0.5983,0.5971,0.5981,207051.0
1651797300000,0.5981,0.5981,0.5977,0.598,94820.0
1651797360000,0.5981,0.5985,0.5978,0.5981,201700.0
1651797420000,0.5982,0.5992,0.5982,0.5992,293927.0
1651797480000,0.5992,0.5992,0.5988,0.5989,141795.0
1651797540000,0.5988,0.5999,0.5986,0.5999,310179.0
1651797600000,0.5998,0.5998,0.5991,0.5995,205193.0
1651797660000,0.5996,0.5999,0.5996,0.5997,68496.0
1651797720000,0.5997,0.6002,0.5997,0.6001,119915.0
1651797780000,0.6001,0.6002,0.6,0.6002,55854.0
1651797840000,0.6003,0.6007,0.6002,0.6004,179183.0
1651797900000,0.6003,0.6003,0.5996,0.5996,216778.0
1651797960000,0.5996,0.5998,0.5993,0.5996,251545.0
1651798020000,0.5997,0.6002,0.5996,0.6002,104612.0
1651798080000,0.6001,0.6001,0.5993,0.5997,225267.0
1651798140000,0.5998,0.5998,0.5993,0.5994,16526.0
1651798200000,0.5993,0.5997,0.5992,0.5996,72434.0
1651798260000,0.5996,0.5997,0.5989,0.599,243530.0
1651798320000,0.5991,0.5991,0.5973,0.5974,281888.0
1651798380000,0.5974,0.5976,0.5971,0.5971,296071.0
1651798440000,0.597,0.5974,0.5955,0.596,246024.0
1651798500000,0.5961,0.5968,0.5957,0.5965,197269.0
1651798560000,0.5966,0.5977,0.5966,0.5977,179169.0
1651798620000,0.5977,0.5982,0.5975,0.5978,65553.0
1651798680000,0.5978,0.5984,0.5978,0.5984,138490.0
1651798740000,0.5984,0.5993,0.5984,0.5988,165968.0
1651798800000,0.5988,0.6001,0.5988,0.5998,277061.0
1651798860000,0.5998,0.6004,0.5998,0.6003,62209.0
1651798920000,0.6003,0.6006,0.5994,0.5994,289168.0
1651798980000,0.5994,0.6009,0.5994,0.6004,511179.0
1651799040000,0.6004,0.6008,0.6003,0.6004,89053.0
1651799100000,0.6004,0.6005,0.5998,0.6,217970.0
1651799160000,0.5999,0.601,0.5996,0.601,400000.0
1651799220000,0.6009,0.6011,0.6005,0.6005,281538.0
1651799280000,0.6005,0.6006,0.6,0.6001,91393.0
1651799340000,0.6001,0.6003,0.5997,0.6001,211008.0
1651799400000,0.6,0.6,0.5996,0.6,178302.0
1651799460000,0.6,0.6,0.5993,0.5999,568738.0
1651799520000,0.5999,0.6002,0.5998,0.6001,152526.0
1651799580000,0.6,0.6001,0.5997,0.5999,164364.0
1651799640000,0.5999,0.6003,0.5996,0.6,147195.0
1651799700000,0.6001,0.6003,0.5997,0.5997,140372.0
1651799760000,0.5998,0.6021,0.5996,0.6021,414046.0
1651799820000,0.6022,0.6063,0.6021,0.6057,923866.0
1651799880000,0.6056,0.6128,0.6053,0.611,3575281.0
1651799940000,0.611,0.6158,0.6105,0.6133,2899294.0
1651800000000,0.6132,0.6135,0.607,0.6072,3117686.0
1651800060000,0.6073,0.6083,0.6044,0.6055,2327636.0
1651800120000,0.6054,0.6057,0.604,0.6043,591858.0
1651800180000,0.6043,0.6053,0.6022,0.6029,603635.0
1651800240000,0.603,0.6032,0.6009,0.601,544722.0
1651800300000,0.601,0.6046,0.6008,0.6037,911238.0
1651800360000,0.6038,0.6043,0.6029,0.6032,549329.0
1651800420000,0.6033,0.6046,0.6033,0.6039,343712.0
1651800480000,0.6039,0.6048,0.6038,0.6043,220423.0
1651800540000,0.6043,0.6049,0.604,0.6049,157870.0
1651800600000,0.6049,0.6077,0.6047,0.6075,693256.0
1651800660000,0.6076,0.6114,0.6076,0.6083,1296687.0
1651800720000,0.6083,0.6087,0.6066,0.6066,738676.0
1651800780000,0.6067,0.6072,0.6059,0.607,337354.0
1651800840000,0.6069,0.6072,0.6062,0.6071,302574.0
1651800900000,0.6071,0.608,0.6071,0.6074,259851.0
1651800960000,0.6074,0.6075,0.6065,0.6072,339809.0
1651801020000,0.6073,0.6077,0.6065,0.6067,135808.0
1651801080000,0.6066,0.6067,0.6059,0.606,264039.0
1651801140000,0.6061,0.6064,0.6058,0.6063,189955.0
1651801200000,0.6063,0.6063,0.6056,0.6058,123828.0
1651801260000,0.6058,0.6065,0.6057,0.6057,139264.0
1651801320000,0.6057,0.6058,0.6045,0.605,458972.0
1651801380000,0.6051,0.6051,0.6037,0.6038,297886.0
1651801440000,0.6038,0.6056,0.6034,0.6053,417396.0
1651801500000,0.6053,0.606,0.605,0.6056,232902.0
1651801560000,0.6055,0.6059,0.6052,0.6056,103445.0
1651801620000,0.6056,0.6057,0.6054,0.6056,98753.0
1651801680000,0.6056,0.6064,0.6056,0.6062,99235.0
1651801740000,0.6062,0.6064,0.6053,0.6059,369427.0
1651801800000,0.606,0.6071,0.606,0.6064,383800.0
1651801860000,0.6064,0.6087,0.6064,0.6083,624306.0
1651801920000,0.6083,0.6108,0.6082,0.6101,408227.0
1651801980000,0.61,0.6102,0.6086,0.6095,554881.0
1651802040000,0.6095,0.6097,0.6089,0.6095,296351.0
1651802100000,0.6094,0.6094,0.6085,0.6087,220489.0
1651802160000,0.6085,0.6086,0.6065,0.6074,641371.0
1651802220000,0.6073,0.6081,0.607,0.6081,274302.0
1651802280000,0.6081,0.6095,0.6079,0.6095,423425.0
1651802340000,0.6094,0.61,0.6085,0.6099,408525.0
1651802400000,0.6099,0.611,0.6084,0.609,493588.0
1651802460000,0.609,0.6094,0.6083,0.6083,273543.0
1651802520000,0.6083,0.6084,0.6068,0.6072,482795.0
1651802580000,0.6071,0.61,0.6069,0.6097,563313.0
1651802640000,0.6097,0.6103,0.6091,0.6098,506721.0
1651802700000,0.6098,0.6139,0.6098,0.6133,1926995.0
1651802760000,0.6132,0.6132,0.6114,0.612,797061.0
1651802820000,0.612,0.6129,0.6116,0.6127,468659.0
1651802880000,0.6128,0.6137,0.6114,0.6114,863234.0
1651802940000,0.6113,0.6117,0.6102,0.6111,552287.0
1651803000000,0.611,0.611,0.6098,0.6106,403995.0
1651803060000,0.6106,0.6106,0.6094,0.6097,333644.0
1651803120000,0.6098,0.6098,0.6087,0.6091,252634.0
1651803180000,0.6092,0.6102,0.6092,0.6102,290837.0
1651803240000,0.6102,0.6123,0.6102,0.6123,368994.0
1651803300000,0.6123,0.6124,0.61,0.6108,875832.0
1651803360000,0.6108,0.6123,0.6104,0.6118,642340.0
1651803420000,0.6119,0.6122,0.6116,0.6117,159170.0
1651803480000,0.6116,0.6121,0.6115,0.612,257268.0
1651803540000,0.612,0.6134,0.612,0.6121,477041.0
1651803600000,0.612,0.612,0.6108,0.6114,220694.0
1651803660000,0.6113,0.6113,0.6108,0.6109,130365.0
1651803720000,0.6109,0.6114,0.6107,0.6114,136178.0
1651803780000,0.6113,0.6113,0.6107,0.611,149238.0
1651803840000,0.611,0.612,0.6108,0.6112,156091.0
1651803900000,0.6112,0.6112,0.6107,0.6112,304868.0
1651803960000,0.6112,0.6112,0.6107,0.6112,294891.0
1651804020000,0.6111,0.6116,0.6109,0.6116,117247.0
1651804080000,0.6117,0.6122,0.6114,0.6114,232168.0
1651804140000,0.6114,0.6119,0.6113,0.6118,63350.0
1651804200000,0.6118,0.6118,0.6109,0.611,97797.0
1651804260000,0.6109,0.6112,0.6108,0.611,247662.0
1651804320000,0.6109,0.6113,0.6108,0.6108,126054.0
1651804380000,0.6108,0.6118,0.6107,0.611,157286.0
1651804440000,0.6111,0.6116,0.611,0.6116,103799.0
1651804500000,0.6116,0.612,0.6113,0.6113,188549.0
1651804560000,0.6114,0.6114,0.6111,0.6111,50509.0
1651804620000,0.6111,0.6116,0.6108,0.6109,330159.0
1651804680000,0.611,0.6111,0.6087,0.6087,621337.0
1651804740000,0.6087,0.6097,0.6087,0.6096,215118.0
1651804800000,0.6097,0.6097,0.6088,0.6089,199710.0
1651804860000,0.6089,0.6089,0.6081,0.6087,196148.0
1651804920000,0.6087,0.6088,0.6069,0.607,372439.0
1651804980000,0.607,0.6086,0.607,0.6085,504562.0
1651805040000,0.6085,0.6096,0.6085,0.6089,66901.0
1651805100000,0.6089,0.6092,0.6087,0.6092,53656.0
1651805160000,0.6093,0.6095,0.6092,0.6092,135290.0
1651805220000,0.6092,0.6092,0.6085,0.6088,217183.0
1651805280000,0.6088,0.6098,0.6084,0.6084,325846.0
1651805340000,0.6084,0.6085,0.6077,0.6081,240040.0
1651805400000,0.6081,0.6099,0.6081,0.6096,415843.0
1651805460000,0.6097,0.611,0.6096,0.611,424911.0
1651805520000,0.611,0.6155,0.611,0.6124,2307577.0
1651805580000,0.6125,0.6129,0.6096,0.6112,1165767.0
1651805640000,0.6112,0.6127,0.6103,0.6124,578948.0
1651805700000,0.6125,0.6131,0.6116,0.6127,570750.0
1651805760000,0.6127,0.6127,0.6107,0.6108,243151.0
1651805820000,0.6109,0.6114,0.6102,0.6105,286158.0
1651805880000,0.6106,0.6115,0.6095,0.6095,551795.0
1651805940000,0.6096,0.6117,0.6096,0.6115,794500.0
1651806000000,0.6116,0.6121,0.6107,0.611,489235.0
1651806060000,0.611,0.6112,0.6102,0.6112,255909.0
1651806120000,0.6112,0.6122,0.6112,0.6121,271669.0
1651806180000,0.6122,0.6131,0.6121,0.6128,299810.0
1651806240000,0.6129,0.615,0.6128,0.6146,706384.0
1651806300000,0.6145,0.6147,0.6138,0.6147,435129.0
1651806360000,0.6146,0.615,0.614,0.6145,646382.0
1651806420000,0.6146,0.6164,0.6138,0.6143,959809.0
1651806480000,0.6144,0.6148,0.6127,0.6134,787057.0
1651806540000,0.6134,0.6137,0.6124,0.6124,457830.0
1651806600000,0.6125,0.6126,0.611,0.6112,323896.0
1651806660000,0.6111,0.6112,0.6101,0.6101,362302.0
1651806720000,0.6101,0.6126,0.6095,0.6125,678888.0
1651806780000,0.6126,0.6126,0.6117,0.6118,184083.0
1651806840000,0.6119,0.6121,0.6114,0.6116,163735.0
1651806900000,0.6117,0.6117,0.6111,0.6114,149472.0
1651806960000,0.6114,0.6126,0.6114,0.612,286524.0
1651807020000,0.6119,0.612,0.6108,0.6108,383340.0
1651807080000,0.6108,0.6123,0.6107,0.6121,198034.0
1651807140000,0.6121,0.6124,0.6116,0.6121,106575.0
1651807200000,0.612,0.6123,0.6118,0.6122,202002.0
1651807260000,0.6121,0.6122,0.6118,0.612,67185.0
1651807320000,0.6121,0.6121,0.6116,0.6119,170645.0
1651807380000,0.6119,0.6135,0.6119,0.6131,146484.0
1651807440000,0.6131,0.6132,0.6126,0.6129,187087.0
1651807500000,0.6129,0.6129,0.6121,0.6123,201284.0
1651807560000,0.6124,0.6124,0.6117,0.6121,313138.0
1651807620000,0.612,0.612,0.6115,0.6116,65769.0
1651807680000,0.6115,0.6124,0.6115,0.6122,139716.0
1651807740000,0.6122,0.6132,0.6121,0.6123,314979.0
1651807800000,0.6123,0.613,0.6119,0.613,247611.0
1651807860000,0.6131,0.6131,0.6126,0.6128,151479.0
1651807920000,0.6129,0.6138,0.6127,0.6129,333387.0
1651807980000,0.6129,0.6136,0.6129,0.6135,144884.0
1651808040000,0.6135,0.6135,0.613,0.6132,78591.0
1651808100000,0.6132,0.6134,0.6127,0.6131,207184.0
1651808160000,0.613,0.6131,0.6126,0.6126,201765.0
1651808220000,0.6125,0.6131,0.6123,0.613,268918.0
1651808280000,0.613,0.6131,0.6127,0.613,168545.0
1651808340000,0.613,0.6131,0.6118,0.6118,782890.0
1651808400000,0.6118,0.6126,0.6118,0.6123,503078.0
1651808460000,0.6123,0.6124,0.6103,0.6103,1184510.0
1651808520000,0.6102,0.6102,0.6086,0.6091,988780.0
1651808580000,0.6092,0.6092,0.6072,0.6073,969607.0
1651808640000,0.6074,0.6081,0.607,0.6076,735305.0
1651808700000,0.6076,0.6078,0.6062,0.6062,778594.0
1651808760000,0.6063,0.608,0.6063,0.6078,374445.0
1651808820000,0.6078,0.6078,0.606,0.6069,530662.0
1651808880000,0.6068,0.6068,0.606,0.6067,430575.0
1651808940000,0.6067,0.6078,0.6067,0.6078,123268.0
1651809000000,0.6078,0.6083,0.6078,0.608,88217.0
1651809060000,0.608,0.6082,0.6071,0.6082,364643.0
1651809120000,0.6082,0.6089,0.6079,0.608,286785.0
1651809180000,0.6081,0.6089,0.6081,0.6082,158519.0
1651809240000,0.6083,0.6087,0.6082,0.6085,52226.0
1651809300000,0.6085,0.6092,0.6084,0.6092,211689.0
1651809360000,0.6091,0.6092,0.6083,0.6083,166107.0
1651809420000,0.6082,0.609,0.6081,0.6085,169219.0
1651809480000,0.6086,0.6088,0.6085,0.6086,166647.0
1651809540000,0.6086,0.6097,0.6086,0.6096,248292.0
1651809600000,0.6096,0.6101,0.6095,0.6098,306511.0
1651809660000,0.6099,0.6099,0.6092,0.6093,136485.0
1651809720000,0.6094,0.6096,0.6091,0.6093,124940.0
1651809780000,0.6094,0.6098,0.6093,0.6096,389186.0
1651809840000,0.6095,0.6096,0.6091,0.6091,81425.0
1651809900000,0.6091,0.6094,0.6091,0.6091,68425.0
1651809960000,0.6091,0.6091,0.6086,0.6087,141241.0
1651810020000,0.6087,0.6088,0.608,0.608,102211.0
1651810080000,0.608,0.6087,0.608,0.6086,264721.0
1651810140000,0.6086,0.6086,0.6078,0.608,247721.0
1651810200000,0.608,0.6084,0.6079,0.6081,136995.0
1651810260000,0.608,0.608,0.6071,0.6076,370984.0
1651810320000,0.6075,0.6079,0.6074,0.6076,197682.0
1651810380000,0.6076,0.6078,0.6075,0.6077,196069.0
1651810440000,0.6077,0.608,0.6072,0.6072,398435.0
1651810500000,0.6073,0.6079,0.6073,0.6075,195206.0
1651810560000,0.6074,0.6081,0.6073,0.6081,145462.0
1651810620000,0.6081,0.6081,0.6079,0.608,53368.0
1651810680000,0.608,0.608,0.6074,0.6074,153560.0
1651810740000,0.6074,0.6078,0.6067,0.607,648954.0
1651810800000,0.607,0.6078,0.607,0.6077,375803.0
1651810860000,0.6078,0.6079,0.6076,0.6079,186757.0
1651810920000,0.6079,0.6079,0.6076,0.6077,120886.0
1651810980000,0.6077,0.6079,0.6076,0.6077,198240.0
1651811040000,0.6078,0.6082,0.6072,0.6072,206880.0
1651811100000,0.6073,0.6077,0.6061,0.6061,349391.0
1651811160000,0.6061,0.6061,0.6047,0.6048,480843.0
1651811220000,0.6048,0.605,0.6031,0.6036,720946.0
1651811280000,0.6036,0.6045,0.6031,0.6031,446877.0
1651811340000,0.6032,0.6033,0.6025,0.6028,246026.0
1651811400000,0.6028,0.6034,0.6015,0.6023,479693.0
1651811460000,0.6022,0.6023,0.6011,0.6023,549671.0
1651811520000,0.6022,0.6025,0.602,0.6022,237518.0
1651811580000,0.6023,0.6026,0.6023,0.6026,262191.0
1651811640000,0.6025,0.6029,0.6025,0.6028,249928.0
1651811700000,0.6028,0.6037,0.6028,0.6033,240419.0
1651811760000,0.6033,0.6034,0.6026,0.6027,71419.0
1651811820000,0.6027,0.6032,0.6026,0.6031,254932.0
1651811880000,0.603,0.603,0.6024,0.6027,170384.0
1651811940000,0.6027,0.6027,0.6006,0.6009,496756.0
1651812000000,0.6008,0.6026,0.6008,0.6024,868813.0
1651812060000,0.6023,0.6029,0.6022,0.6025,308815.0
1651812120000,0.6026,0.6026,0.602,0.6023,258867.0
1651812180000,0.6023,0.6023,0.6016,0.6017,219416.0
1651812240000,0.6018,0.6023,0.6017,0.6023,439073.0
1651812300000,0.6024,0.604,0.6021,0.604,512532.0
1651812360000,0.604,0.605,0.6038,0.6048,138693.0
1651812420000,0.6047,0.6048,0.6045,0.6047,116101.0
1651812480000,0.6047,0.6053,0.6047,0.6049,247796.0
1651812540000,0.6049,0.6056,0.6049,0.6055,82888.0
1651812600000,0.6055,0.606,0.6052,0.6053,222535.0
1651812660000,0.6052,0.6055,0.605,0.6051,27803.0
1651812720000,0.6051,0.6054,0.6048,0.6049,114349.0
1651812780000,0.6048,0.6049,0.6041,0.6042,130326.0
1651812840000,0.6042,0.6042,0.6038,0.6038,62014.0
1651812900000,0.6038,0.6044,0.6038,0.6041,215962.0
1651812960000,0.6041,0.605,0.604,0.6049,289378.0
1651813020000,0.605,0.6056,0.6048,0.6048,150972.0
1651813080000,0.6049,0.6054,0.6049,0.6051,101274.0
1651813140000,0.6051,0.6054,0.6046,0.6052,211731.0
1651813200000,0.6054,0.6055,0.6051,0.6052,122058.0
1651813260000,0.6052,0.6059,0.6052,0.6058,200120.0
1651813320000,0.6058,0.6061,0.6057,0.6058,188642.0
1651813380000,0.6057,0.6061,0.6056,0.6057,318387.0
1651813440000,0.6056,0.6063,0.6056,0.6061,94783.0
1651813500000,0.6061,0.6066,0.6058,0.6058,243433.0
1651813560000,0.6057,0.6059,0.6056,0.6057,83097.0
1651813620000,0.6057,0.6057,0.6056,0.6057,68374.0
1651813680000,0.6056,0.6058,0.6052,0.6055,271620.0
1651813740000,0.6056,0.6057,0.6052,0.6054,155746.0
1651813800000,0.6054,0.6057,0.605,0.6051,181403.0
1651813860000,0.6051,0.606,0.6051,0.6056,223211.0
1651813920000,0.6056,0.6057,0.6053,0.6054,80927.0
1651813980000,0.6053,0.6064,0.6052,0.6063,201271.0
1651814040000,0.6063,0.6063,0.6057,0.6059,124697.0
1651814100000,0.6059,0.6066,0.6059,0.606,252807.0
1651814160000,0.6061,0.6063,0.606,0.6063,47075.0
1651814220000,0.6063,0.6071,0.6063,0.6067,167396.0
1651814280000,0.6067,0.6067,0.6061,0.6065,226523.0
1651814340000,0.6065,0.6069,0.6062,0.6063,201745.0
1651814400000,0.6063,0.6067,0.6063,0.6065,157021.0
1651814460000,0.6064,0.6066,0.6063,0.6065,33135.0
1651814520000,0.6065,0.6066,0.6063,0.6065,42732.0
1651814580000,0.6066,0.6067,0.6065,0.6067,28517.0
1651814640000,0.6067,0.6068,0.6065,0.6065,24883.0
1651814700000,0.6066,0.607,0.6065,0.6068,251573.0
1651814760000,0.6068,0.6069,0.6064,0.6067,250782.0
1651814820000,0.6066,0.6068,0.6065,0.6068,72669.0
1651814880000,0.6068,0.6073,0.6066,0.6068,301116.0
1651814940000,0.6068,0.6071,0.6068,0.607,87290.0
1651815000000,0.6071,0.6073,0.6065,0.6066,270279.0
1651815060000,0.6066,0.6071,0.6065,0.6069,84626.0
1651815120000,0.6069,0.6084,0.6069,0.6082,229138.0
1651815180000,0.6083,0.6087,0.6082,0.6082,129906.0
1651815240000,0.6083,0.6085,0.6079,0.6079,92724.0
1651815300000,0.608,0.6095,0.6079,0.6092,300707.0
1651815360000,0.6092,0.6093,0.6083,0.6087,74195.0
1651815420000,0.6087,0.6094,0.6085,0.6094,248230.0
1651815480000,0.6093,0.6098,0.6093,0.6098,109984.0
1651815540000,0.6097,0.6097,0.609,0.609,154133.0
1651815600000,0.6091,0.6091,0.609,0.609,63098.0
1651815660000,0.609,0.6093,0.6088,0.6093,122344.0
1651815720000,0.6094,0.6094,0.6089,0.609,108753.0
1651815780000,0.6089,0.609,0.6088,0.6088,45831.0
1651815840000,0.6087,0.6094,0.6081,0.609,642310.0
1651815900000,0.609,0.6097,0.609,0.6095,107743.0
1651815960000,0.6095,0.6095,0.6091,0.6094,36154.0
1651816020000,0.6093,0.6094,0.6089,0.6091,512835.0
1651816080000,0.6091,0.6102,0.609,0.6102,235611.0
1651816140000,0.6101,0.6101,0.6091,0.6091,133660.0
1651816200000,0.6091,0.6093,0.6091,0.6092,45706.0
1651816260000,0.6093,0.6095,0.6091,0.6094,118999.0
1651816320000,0.6094,0.6094,0.609,0.6091,218225.0
1651816380000,0.6091,0.6092,0.609,0.6091,25806.0
1651816440000,0.609,0.6092,0.6089,0.609,263826.0
1651816500000,0.6091,0.6092,0.6087,0.6087,91627.0
1651816560000,0.6088,0.6088,0.6083,0.6086,202674.0
1651816620000,0.6086,0.6095,0.6086,0.6095,112158.0
1651816680000,0.6094,0.6095,0.609,0.609,91601.0
1651816740000,0.609,0.6096,0.609,0.6096,148649.0
1651816800000,0.6096,0.611,0.6095,0.6109,343182.0
1651816860000,0.6108,0.6109,0.6101,0.6102,177645.0
1651816920000,0.6101,0.6105,0.6099,0.6101,137744.0
1651816980000,0.6101,0.6105,0.61,0.61,112411.0
1651817040000,0.6101,0.6111,0.61,0.611,269382.0
1651817100000,0.6111,0.6112,0.6108,0.6111,112809.0
1651817160000,0.6111,0.6111,0.6105,0.611,352529.0
1651817220000,0.6111,0.6112,0.6109,0.611,96816.0
1651817280000,0.611,0.611,0.6106,0.6106,104172.0
1651817340000,0.6105,0.6105,0.61,0.6103,141108.0
1651817400000,0.6103,0.6107,0.6103,0.6104,189955.0
1651817460000,0.6105,0.6106,0.6104,0.6106,71428.0
1651817520000,0.6105,0.6106,0.6095,0.6095,112604.0
1651817580000,0.6095,0.6098,0.6093,0.6098,110459.0
1651817640000,0.6098,0.6101,0.6095,0.6095,84327.0
1651817700000,0.6094,0.6095,0.6089,0.609,110445.0
1651817760000,0.6091,0.6091,0.6089,0.6091,33691.0
1651817820000,0.6091,0.6092,0.6088,0.6091,73723.0
1651817880000,0.609,0.6095,0.6088,0.6088,200827.0
1651817940000,0.6089,0.6091,0.6088,0.6089,107135.0
1651818000000,0.6088,0.609,0.6083,0.6083,172919.0
1651818060000,0.6084,0.6087,0.6083,0.6087,82637.0
1651818120000,0.6087,0.6094,0.6086,0.6094,38032.0
1651818180000,0.6093,0.6094,0.6085,0.6085,214967.0
1651818240000,0.6085,0.6092,0.6085,0.609,368500.0
1651818300000,0.6089,0.6089,0.6077,0.6079,281758.0
1651818360000,0.6079,0.608,0.6076,0.6077,58372.0
1651818420000,0.6077,0.6078,0.6071,0.6071,156148.0
1651818480000,0.6071,0.6079,0.607,0.6078,240542.0
1651818540000,0.6078,0.6078,0.6066,0.6067,271879.0
1651818600000,0.6068,0.6074,0.6067,0.6073,351085.0
1651818660000,0.6073,0.6075,0.6072,0.6074,51958.0
1651818720000,0.6074,0.6076,0.6073,0.6075,59580.0
1651818780000,0.6074,0.6077,0.6074,0.6075,87515.0
1651818840000,0.6075,0.608,0.6075,0.608,85764.0
1651818900000,0.608,0.6082,0.6077,0.6077,123272.0
1651818960000,0.6077,0.6078,0.6074,0.6076,135401.0
1651819020000,0.6076,0.6087,0.6076,0.6084,83579.0
1651819080000,0.6084,0.6085,0.6083,0.6085,60412.0
1651819140000,0.6085,0.6088,0.6081,0.6081,200721.0
1651819200000,0.6081,0.6084,0.6081,0.6084,87243.0
1651819260000,0.6084,0.6085,0.6083,0.6085,27376.0
1651819320000,0.6084,0.6084,0.6073,0.6073,137384.0
1651819380000,0.6073,0.6083,0.6073,0.608,121562.0
1651819440000,0.6081,0.6083,0.608,0.6082,79604.0
1651819500000,0.6082,0.6086,0.6081,0.6083,198999.0
1651819560000,0.6082,0.6083,0.6079,0.6082,80499.0
1651819620000,0.6082,0.6083,0.608,0.6082,129430.0
1651819680000,0.6082,0.6085,0.608,0.6085,134409.0
1651819740000,0.6084,0.6085,0.6079,0.6079,164426.0
1651819800000,0.6078,0.6081,0.6076,0.6077,75540.0
1651819860000,0.6076,0.6081,0.6076,0.6079,65322.0
1651819920000,0.608,0.6081,0.6078,0.6081,99497.0
1651819980000,0.608,0.608,0.6078,0.6078,182963.0
1651820040000,0.6078,0.6079,0.6076,0.6077,110427.0
1651820100000,0.6078,0.6084,0.6077,0.6084,114203.0
1651820160000,0.6083,0.6087,0.6083,0.6085,112275.0
1651820220000,0.6084,0.6085,0.6081,0.6084,279518.0
1651820280000,0.6084,0.6085,0.608,0.608,112409.0
1651820340000,0.608,0.6081,0.6074,0.6077,173288.0
1651820400000,0.6078,0.6082,0.6076,0.6082,186468.0
1651820460000,0.6081,0.6081,0.6073,0.6075,93222.0
1651820520000,0.6073,0.6073,0.6067,0.6072,142797.0
1651820580000,0.6072,0.6076,0.6072,0.6075,53238.0
1651820640000,0.6074,0.6079,0.6074,0.6077,48204.0
1651820700000,0.6078,0.6085,0.6078,0.6083,142262.0
1651820760000,0.6082,0.6084,0.6078,0.6084,275149.0
1651820820000,0.6084,0.6096,0.6084,0.6093,315013.0
1651820880000,0.6093,0.6095,0.6088,0.609,174393.0
1651820940000,0.609,0.6091,0.6088,0.6089,77588.0
1651821000000,0.6089,0.6092,0.6087,0.6092,142093.0
1651821060000,0.6091,0.6095,0.609,0.609,243965.0
1651821120000,0.6091,0.6096,0.6089,0.6095,233833.0
1651821180000,0.6095,0.6097,0.6093,0.6096,100708.0
1651821240000,0.6096,0.6097,0.6092,0.6097,101678.0
1651821300000,0.6097,0.6098,0.6096,0.6098,18132.0
1651821360000,0.6098,0.6104,0.6098,0.6099,189101.0
1651821420000,0.61,0.61,0.6093,0.6093,117056.0
1651821480000,0.6092,0.6093,0.6092,0.6092,19693.0
1651821540000,0.6092,0.6096,0.6092,0.6095,182471.0
1651821600000,0.6095,0.6097,0.6093,0.6093,133698.0
1651821660000,0.6093,0.6093,0.6089,0.6091,240630.0
1651821720000,0.609,0.609,0.6084,0.6084,139861.0
1651821780000,0.6084,0.6086,0.6082,0.6083,198703.0
1651821840000,0.6083,0.6085,0.6079,0.6079,84693.0
1651821900000,0.6079,0.6082,0.6075,0.6081,308368.0
1651821960000,0.608,0.6086,0.608,0.608,134300.0
1651822020000,0.6079,0.608,0.607,0.607,70226.0
1651822080000,0.607,0.6071,0.606,0.6062,321575.0
1651822140000,0.6063,0.6065,0.6059,0.6059,193481.0
1651822200000,0.606,0.6062,0.6053,0.6053,215754.0
1651822260000,0.6054,0.6057,0.6054,0.6056,77496.0
1651822320000,0.6056,0.6057,0.6054,0.6055,35084.0
1651822380000,0.6056,0.6057,0.6051,0.6053,109168.0
1651822440000,0.6052,0.6052,0.604,0.604,224654.0
1651822500000,0.604,0.6047,0.6029,0.6029,1017131.0
1651822560000,0.6029,0.6035,0.6002,0.6017,794830.0
1651822620000,0.6017,0.6024,0.6005,0.6019,391353.0
1651822680000,0.6018,0.6025,0.5998,0.5998,818506.0
1651822740000,0.5998,0.6006,0.5968,0.5987,1788108.0
1651822800000,0.5987,0.5988,0.5957,0.5972,1516963.0
1651822860000,0.5972,0.5974,0.5938,0.5956,1372587.0
1651822920000,0.5956,0.5974,0.5951,0.5957,855331.0
1651822980000,0.5958,0.5968,0.5942,0.5952,691359.0
1651823040000,0.5952,0.5974,0.5951,0.5957,637459.0
1651823100000,0.5957,0.5968,0.5954,0.5962,948169.0
1651823160000,0.5962,0.5974,0.5957,0.5964,1394261.0
1651823220000,0.5965,0.5971,0.5962,0.5971,378868.0
1651823280000,0.5971,0.6,0.5971,0.599,1224638.0
1651823340000,0.599,0.6013,0.599,0.6001,795396.0
1651823400000,0.6002,0.6027,0.6,0.6021,662805.0
1651823460000,0.6021,0.6032,0.6009,0.601,494340.0
1651823520000,0.6011,0.6014,0.6002,0.6009,257330.0
1651823580000,0.6009,0.603,0.6009,0.6028,527844.0
1651823640000,0.6028,0.604,0.6025,0.6029,448418.0
1651823700000,0.6028,0.6047,0.6028,0.6039,514716.0
1651823760000,0.6039,0.6045,0.6028,0.6028,249209.0
1651823820000,0.6027,0.6037,0.6026,0.603,306426.0
1651823880000,0.603,0.6031,0.6024,0.6025,290258.0
1651823940000,0.6025,0.6026,0.6011,0.6012,277724.0
1651824000000,0.6013,0.6025,0.6009,0.6018,809541.0
1651824060000,0.602,0.6031,0.601,0.602,332582.0
1651824120000,0.6021,0.6021,0.6007,0.601,249824.0
1651824180000,0.601,0.6019,0.6002,0.6019,131793.0
1651824240000,0.602,0.6024,0.6013,0.6014,189473.0
1651824300000,0.6012,0.602,0.6011,0.6015,319671.0
1651824360000,0.6015,0.6038,0.6015,0.6038,169609.0
1651824420000,0.6038,0.6073,0.6038,0.6062,737287.0
1651824480000,0.6062,0.6071,0.605,0.605,420383.0
1651824540000,0.6049,0.6051,0.604,0.6042,396202.0
1651824600000,0.6042,0.6051,0.604,0.604,272124.0
1651824660000,0.604,0.6046,0.6037,0.6043,101988.0
1651824720000,0.6043,0.6047,0.6033,0.6033,66700.0
1651824780000,0.6032,0.6034,0.6017,0.6018,570910.0
1651824840000,0.6018,0.6027,0.6018,0.6021,129532.0
1651824900000,0.602,0.6032,0.602,0.6031,341107.0
1651824960000,0.603,0.603,0.6022,0.6027,120136.0
1651825020000,0.6026,0.6028,0.6023,0.6026,130953.0
1651825080000,0.6027,0.604,0.602,0.6035,207857.0
1651825140000,0.6035,0.6055,0.6034,0.6041,464063.0
1651825200000,0.604,0.6055,0.6038,0.6041,431553.0
1651825260000,0.6041,0.6048,0.6038,0.6047,162194.0
1651825320000,0.6048,0.6055,0.6045,0.605,227026.0
1651825380000,0.605,0.6056,0.6049,0.6052,94352.0
1651825440000,0.6052,0.6057,0.6049,0.6055,178738.0
1651825500000,0.6056,0.6063,0.6055,0.6062,380227.0
1651825560000,0.6063,0.6067,0.6058,0.606,264054.0
1651825620000,0.606,0.606,0.6045,0.6047,118751.0
1651825680000,0.6047,0.6057,0.6046,0.6055,123540.0
1651825740000,0.6055,0.6057,0.6048,0.6051,151146.0
1651825800000,0.605,0.6064,0.6049,0.6061,138330.0
1651825860000,0.6062,0.6065,0.6055,0.6058,80805.0
1651825920000,0.6059,0.6073,0.6059,0.6067,391880.0
1651825980000,0.6066,0.6076,0.6065,0.6067,389817.0
1651826040000,0.6068,0.6072,0.6066,0.6068,169057.0
1651826100000,0.6069,0.6074,0.6065,0.6071,222923.0
1651826160000,0.6072,0.6076,0.6065,0.6068,773468.0
1651826220000,0.6068,0.6069,0.6057,0.6058,169855.0
1651826280000,0.6059,0.6061,0.6057,0.6058,68931.0
1651826340000,0.6058,0.6059,0.6049,0.6051,104808.0
1651826400000,0.6052,0.6055,0.6045,0.6046,284118.0
1651826460000,0.6046,0.6047,0.6039,0.6041,83649.0
1651826520000,0.6041,0.6048,0.6039,0.6042,141519.0
1651826580000,0.6041,0.6041,0.6035,0.6041,82994.0
1651826640000,0.604,0.6048,0.6035,0.6037,126484.0
1651826700000,0.6037,0.6038,0.6033,0.6036,127052.0
1651826760000,0.6037,0.6038,0.6026,0.6033,418441.0
1651826820000,0.6034,0.6043,0.6032,0.6042,131390.0
1651826880000,0.6042,0.6042,0.6032,0.604,181449.0
1651826940000,0.604,0.6041,0.6034,0.6038,188478.0
1651827000000,0.6038,0.6049,0.6035,0.6045,427947.0
1651827060000,0.6046,0.6048,0.6042,0.6043,134997.0
1651827120000,0.6043,0.6051,0.6038,0.6051,212522.0
1651827180000,0.605,0.6052,0.6049,0.605,144069.0
1651827240000,0.6051,0.6052,0.6043,0.6046,338215.0
1651827300000,0.6046,0.6052,0.6045,0.6049,124649.0
1651827360000,0.6049,0.6056,0.6047,0.6056,251631.0
1651827420000,0.6057,0.6059,0.6055,0.6058,84534.0
1651827480000,0.6057,0.6057,0.6048,0.6049,91005.0
1651827540000,0.605,0.6055,0.605,0.6052,113768.0
1651827600000,0.6052,0.6059,0.6052,0.6058,132591.0
1651827660000,0.6058,0.6059,0.6053,0.6058,72191.0
1651827720000,0.6057,0.606,0.6055,0.6057,71730.0
1651827780000,0.6057,0.6068,0.6057,0.6062,98595.0
1651827840000,0.6063,0.6068,0.6063,0.6066,47475.0
1651827900000,0.6066,0.6067,0.6062,0.6066,97828.0
1651827960000,0.6066,0.607,0.6065,0.607,43624.0
1651828020000,0.607,0.6074,0.6064,0.6068,501402.0
1651828080000,0.6067,0.6067,0.6053,0.6055,134123.0
1651828140000,0.6055,0.6061,0.6055,0.606,86986.0
1651828200000,0.606,0.6082,0.606,0.6077,373094.0
1651828260000,0.6076,0.6082,0.6062,0.6062,982564.0
1651828320000,0.6062,0.6064,0.6042,0.6042,1072363.0
1651828380000,0.6042,0.6047,0.6031,0.6033,815163.0
1651828440000,0.6032,0.6038,0.6028,0.6028,914051.0
1651828500000,0.6029,0.6044,0.6029,0.6042,252075.0
1651828560000,0.6042,0.6051,0.604,0.604,198989.0
1651828620000,0.6039,0.604,0.6031,0.6035,223746.0
1651828680000,0.6035,0.6041,0.6033,0.6038,102713.0
1651828740000,0.6038,0.605,0.6038,0.6047,103795.0
1651828800000,0.6046,0.6055,0.6045,0.6054,92916.0
1651828860000,0.6053,0.6056,0.6052,0.6053,141730.0
1651828920000,0.6054,0.6057,0.6054,0.6057,58592.0
1651828980000,0.6056,0.6058,0.6053,0.6055,62036.0
1651829040000,0.6055,0.6056,0.6053,0.6054,26615.0
1651829100000,0.6054,0.6066,0.6054,0.606,187449.0
1651829160000,0.606,0.6067,0.606,0.6064,189557.0
1651829220000,0.6064,0.6066,0.6063,0.6063,92116.0
1651829280000,0.6064,0.6066,0.6057,0.6065,48694.0
1651829340000,0.6066,0.6066,0.606,0.6063,54193.0
1651829400000,0.6063,0.6068,0.6062,0.6066,137853.0
1651829460000,0.6066,0.6069,0.6064,0.6065,193686.0
1651829520000,0.6065,0.6069,0.6065,0.6067,85601.0
1651829580000,0.6068,0.6073,0.6068,0.6073,46052.0
1651829640000,0.6072,0.6073,0.607,0.6071,48250.0
1651829700000,0.607,0.608,0.607,0.6076,168234.0
1651829760000,0.6076,0.608,0.6073,0.6073,201638.0
1651829820000,0.6072,0.6076,0.607,0.6076,197105.0
1651829880000,0.6077,0.6081,0.6075,0.6081,84625.0
1651829940000,0.608,0.6086,0.6079,0.6085,146427.0
1651830000000,0.6085,0.6095,0.6078,0.6078,347512.0
1651830060000,0.6078,0.6081,0.6077,0.6079,249169.0
1651830120000,0.6079,0.6079,0.6071,0.6071,80198.0
1651830180000,0.6072,0.6072,0.6061,0.6061,316045.0
1651830240000,0.6062,0.6066,0.6062,0.6063,77116.0
1651830300000,0.6064,0.6066,0.6058,0.6066,178450.0
1651830360000,0.6067,0.6069,0.6056,0.606,271961.0
1651830420000,0.6061,0.6061,0.6055,0.6057,107227.0
1651830480000,0.6057,0.6061,0.6057,0.6059,86562.0
1651830540000,0.6058,0.6059,0.605,0.6054,196581.0
1651830600000,0.6055,0.6056,0.605,0.6051,251222.0
1651830660000,0.605,0.6052,0.605,0.605,35943.0
1651830720000,0.605,0.605,0.6038,0.604,493881.0
1651830780000,0.604,0.6044,0.6035,0.6041,211650.0
1651830840000,0.6042,0.6053,0.604,0.605,217895.0
1651830900000,0.6049,0.6059,0.6047,0.6058,552116.0
1651830960000,0.6057,0.606,0.6056,0.606,38781.0
1651831020000,0.606,0.6063,0.6057,0.6063,101021.0
1651831080000,0.6063,0.6067,0.606,0.6062,55239.0
1651831140000,0.6061,0.6067,0.6058,0.6058,243915.0
1651831200000,0.6058,0.6067,0.6056,0.6066,117319.0
1651831260000,0.6066,0.6066,0.6054,0.6054,118844.0
1651831320000,0.6053,0.6054,0.6045,0.6052,97354.0
1651831380000,0.6052,0.6057,0.605,0.6053,38138.0
1651831440000,0.6054,0.6055,0.6048,0.605,99873.0
1651831500000,0.605,0.6056,0.605,0.605,236519.0
1651831560000,0.605,0.6051,0.6041,0.605,302457.0
1651831620000,0.605,0.6055,0.6047,0.6047,152801.0
1651831680000,0.6047,0.6051,0.6046,0.6049,116709.0
1651831740000,0.6049,0.6051,0.6049,0.605,88134.0
1651831800000,0.6049,0.6051,0.6044,0.6048,97908.0
1651831860000,0.6047,0.6047,0.6046,0.6047,30576.0
1651831920000,0.6047,0.6051,0.6046,0.6047,66266.0
1651831980000,0.6046,0.6046,0.603,0.6038,404643.0
1651832040000,0.6038,0.6039,0.6032,0.6036,144943.0
1651832100000,0.6036,0.6043,0.6036,0.6038,107054.0
1651832160000,0.6038,0.604,0.6035,0.6039,82754.0
1651832220000,0.6039,0.6041,0.6038,0.6041,32006.0
1651832280000,0.604,0.6041,0.6035,0.6041,65852.0
1651832340000,0.6041,0.6042,0.6035,0.6035,36688.0
1651832400000,0.6034,0.6042,0.6034,0.6042,113398.0
1651832460000,0.6041,0.6041,0.6036,0.6038,135100.0
1651832520000,0.6038,0.604,0.6035,0.6035,49659.0
1651832580000,0.6035,0.6039,0.6033,0.6033,64453.0
1651832640000,0.6032,0.6039,0.6032,0.6034,61917.0
1651832700000,0.6034,0.6037,0.6032,0.6036,52724.0
1651832760000,0.6036,0.6038,0.6036,0.6037,60093.0
1651832820000,0.6037,0.6038,0.6037,0.6038,4680.0
1651832880000,0.6037,0.6037,0.6032,0.6032,77157.0
1651832940000,0.6033,0.6034,0.6025,0.6032,139876.0
1651833000000,0.6032,0.6034,0.6022,0.6023,330555.0
1651833060000,0.6024,0.6031,0.6023,0.6029,175041.0
1651833120000,0.6028,0.6035,0.6027,0.6031,272159.0
1651833180000,0.6031,0.6032,0.6027,0.6031,115810.0
1651833240000,0.6031,0.6035,0.6027,0.6027,123607.0
1651833300000,0.6027,0.6034,0.6027,0.6031,119931.0
1651833360000,0.603,0.6031,0.6027,0.6031,48003.0
1651833420000,0.6031,0.6031,0.6026,0.6029,77210.0
1651833480000,0.603,0.6032,0.6024,0.6031,180428.0
1651833540000,0.6031,0.6032,0.6029,0.6031,71285.0
1651833600000,0.6032,0.6037,0.6025,0.6027,188464.0
1651833660000,0.6028,0.6029,0.6003,0.601,920784.0
1651833720000,0.6011,0.6016,0.6006,0.6016,276153.0
1651833780000,0.6016,0.6018,0.6012,0.6018,56622.0
1651833840000,0.6019,0.6019,0.6011,0.6013,123041.0
1651833900000,0.6014,0.6032,0.6013,0.6028,197459.0
1651833960000,0.6027,0.6027,0.602,0.6021,55455.0
1651834020000,0.6021,0.6027,0.602,0.6024,386083.0
1651834080000,0.6024,0.6025,0.6023,0.6025,48801.0
1651834140000,0.6024,0.6026,0.6022,0.6024,68691.0
1651834200000,0.6024,0.6024,0.6013,0.6017,152990.0
1651834260000,0.6016,0.6025,0.6005,0.6024,525642.0
1651834320000,0.6024,0.6025,0.601,0.6011,224579.0
1651834380000,0.6011,0.6012,0.6004,0.6008,48149.0
1651834440000,0.6007,0.6011,0.6007,0.6009,77905.0
1651834500000,0.6008,0.6011,0.6002,0.6003,424701.0
1651834560000,0.6004,0.6005,0.598,0.5987,1307280.0
1651834620000,0.5987,0.5993,0.5968,0.5975,622608.0
1651834680000,0.5976,0.5994,0.5972,0.5989,546257.0
1651834740000,0.5988,0.6006,0.5984,0.5999,281963.0
1651834800000,0.5998,0.5999,0.598,0.598,321486.0
1651834860000,0.598,0.5994,0.598,0.599,408119.0
1651834920000,0.5991,0.6016,0.5991,0.6008,849801.0
1651834980000,0.6008,0.6026,0.6008,0.6013,234321.0
1651835040000,0.6012,0.6016,0.6004,0.6007,442919.0
1651835100000,0.6007,0.6018,0.6003,0.6004,142389.0
1651835160000,0.6003,0.6006,0.5997,0.6,205128.0
1651835220000,0.6,0.6002,0.5996,0.5999,138472.0
1651835280000,0.5999,0.5999,0.5991,0.5991,115414.0
1651835340000,0.5992,0.5993,0.5984,0.5987,331840.0
1651835400000,0.5988,0.5988,0.5951,0.5955,1404184.0
1651835460000,0.5954,0.596,0.594,0.5945,768399.0
1651835520000,0.5945,0.5948,0.5929,0.5937,682433.0
1651835580000,0.5937,0.595,0.5937,0.5944,515770.0
1651835640000,0.5944,0.5955,0.5941,0.5946,383194.0
1651835700000,0.5946,0.5954,0.5941,0.5948,289054.0
1651835760000,0.5948,0.5955,0.5945,0.5951,476413.0
1651835820000,0.5952,0.5963,0.5951,0.596,236131.0
1651835880000,0.596,0.5965,0.5956,0.5961,241730.0
1651835940000,0.5962,0.5967,0.596,0.5967,98595.0
1651836000000,0.5966,0.5973,0.5958,0.5961,520400.0
1651836060000,0.5961,0.5977,0.596,0.5972,272079.0
1651836120000,0.5972,0.5982,0.5972,0.598,187139.0
1651836180000,0.598,0.5984,0.5978,0.5981,129964.0
1651836240000,0.5981,0.5984,0.5977,0.5983,145305.0
1651836300000,0.5982,0.5987,0.5971,0.5971,361337.0
1651836360000,0.597,0.5973,0.5958,0.5958,434088.0
1651836420000,0.5958,0.596,0.5945,0.595,352989.0
1651836480000,0.595,0.5951,0.5938,0.5947,907316.0
1651836540000,0.5946,0.5959,0.5946,0.5955,144448.0
1651836600000,0.5954,0.5962,0.5949,0.5961,195274.0
1651836660000,0.596,0.5962,0.5946,0.5946,136139.0
1651836720000,0.5945,0.5953,0.5944,0.5949,268026.0
1651836780000,0.5949,0.597,0.5949,0.5968,616305.0
1651836840000,0.5968,0.5982,0.5968,0.5981,222723.0
1651836900000,0.598,0.5983,0.5974,0.5977,511228.0
1651836960000,0.5976,0.598,0.5973,0.5976,182283.0
1651837020000,0.5975,0.5993,0.5975,0.5988,776514.0
1651837080000,0.599,0.5994,0.5978,0.5979,405128.0
1651837140000,0.5978,0.5986,0.5975,0.5982,206513.0
1651837200000,0.5982,0.5991,0.5976,0.5978,274857.0
1651837260000,0.5978,0.5982,0.5969,0.5971,168209.0
1651837320000,0.5971,0.5974,0.5966,0.5967,130123.0
1651837380000,0.5968,0.5972,0.5964,0.597,178318.0
1651837440000,0.597,0.597,0.5964,0.5965,146089.0
1651837500000,0.5964,0.5973,0.5962,0.597,384920.0
1651837560000,0.5969,0.5973,0.5966,0.5966,259075.0
1651837620000,0.5966,0.5967,0.596,0.5965,127751.0
1651837680000,0.5966,0.5972,0.5966,0.5971,239051.0
1651837740000,0.5972,0.5974,0.5966,0.5967,246305.0
1651837800000,0.5967,0.5972,0.5966,0.5972,175443.0
1651837860000,0.5972,0.5977,0.5971,0.5974,150922.0
1651837920000,0.5974,0.598,0.5973,0.5977,330679.0
1651837980000,0.5976,0.5977,0.5961,0.5963,273742.0
1651838040000,0.5962,0.5963,0.5954,0.5957,214475.0
1651838100000,0.5956,0.5969,0.5954,0.5968,345744.0
1651838160000,0.5968,0.5978,0.5968,0.5972,223168.0
1651838220000,0.5971,0.598,0.597,0.5975,205381.0
1651838280000,0.5973,0.5978,0.5971,0.5977,191517.0
1651838340000,0.5977,0.5981,0.5971,0.5973,145569.0
1651838400000,0.5973,0.5986,0.5973,0.5984,95936.0
1651838460000,0.5985,0.6001,0.5985,0.6,673347.0
1651838520000,0.6,0.6011,0.5997,0.601,180941.0
1651838580000,0.6011,0.6011,0.6,0.6,312364.0
1651838640000,0.6,0.6014,0.6,0.6007,260456.0
1651838700000,0.6006,0.6009,0.5994,0.5995,165039.0
1651838760000,0.5996,0.6005,0.5992,0.5995,389063.0
1651838820000,0.5994,0.6001,0.5994,0.5998,105640.0
1651838880000,0.5997,0.6002,0.5991,0.6,465974.0
1651838940000,0.6,0.6002,0.5996,0.5996,119591.0
1651839000000,0.5996,0.5999,0.5995,0.5998,275155.0
1651839060000,0.5998,0.6002,0.5996,0.5998,270917.0
1651839120000,0.5996,0.5998,0.5987,0.5989,2411626.0
1651839180000,0.5989,0.5993,0.5985,0.5987,372421.0
1651839240000,0.5988,0.5992,0.5983,0.5988,227981.0
1651839300000,0.5987,0.5991,0.5984,0.5985,62638.0
1651839360000,0.5985,0.5988,0.5981,0.5984,178175.0
1651839420000,0.5984,0.5985,0.5973,0.5976,168911.0
1651839480000,0.5977,0.5981,0.5973,0.5976,160877.0
1651839540000,0.5976,0.5984,0.5976,0.5978,82361.0
1651839600000,0.5978,0.5985,0.5978,0.5981,163267.0
1651839660000,0.5981,0.5998,0.5981,0.5993,225575.0
1651839720000,0.5994,0.601,0.5994,0.6005,413166.0
1651839780000,0.6005,0.6005,0.6,0.6,163198.0
1651839840000,0.5999,0.6001,0.5998,0.6001,109553.0
1651839900000,0.6002,0.601,0.5998,0.6,395327.0
1651839960000,0.6,0.6003,0.5986,0.5988,216183.0
1651840020000,0.5987,0.5997,0.5983,0.5997,69078.0
1651840080000,0.5999,0.6025,0.5998,0.6014,1181757.0
1651840140000,0.6013,0.6017,0.6001,0.6005,292388.0
1651840200000,0.6005,0.6049,0.6005,0.6038,1410268.0
1651840260000,0.6039,0.6044,0.6014,0.6025,855431.0
1651840320000,0.6025,0.6042,0.6018,0.6038,806453.0
1651840380000,0.6038,0.6039,0.6025,0.6029,460339.0
1651840440000,0.603,0.6036,0.6027,0.6032,116093.0
1651840500000,0.6033,0.604,0.6029,0.6035,164748.0
1651840560000,0.6035,0.6057,0.6035,0.6053,491885.0
1651840620000,0.6053,0.6055,0.6038,0.6043,541598.0
1651840680000,0.6043,0.6048,0.6042,0.6043,122148.0
1651840740000,0.6043,0.6044,0.6027,0.6027,284969.0
1651840800000,0.6027,0.6027,0.6015,0.6018,247318.0
1651840860000,0.6016,0.6017,0.6009,0.6016,236627.0
1651840920000,0.6015,0.6023,0.601,0.6021,533625.0
1651840980000,0.6021,0.6024,0.6008,0.6011,225988.0
1651841040000,0.6011,0.6013,0.6009,0.6011,204490.0
1651841100000,0.601,0.6015,0.601,0.6012,71670.0
1651841160000,0.6012,0.6012,0.5992,0.5993,198424.0
1651841220000,0.5993,0.6003,0.599,0.5992,358743.0
1651841280000,0.5992,0.6004,0.5992,0.6,370055.0
1651841340000,0.6,0.6001,0.5985,0.5988,470182.0
1651841400000,0.5987,0.5996,0.5983,0.5991,96527.0
1651841460000,0.599,0.6001,0.599,0.5997,185091.0
1651841520000,0.5997,0.5999,0.5992,0.5994,97467.0
1651841580000,0.5994,0.5999,0.5981,0.5986,374617.0
1651841640000,0.5983,0.5994,0.5976,0.5993,435752.0
1651841700000,0.5993,0.5993,0.5977,0.5983,247345.0
1651841760000,0.5983,0.5988,0.5981,0.5985,72035.0
1651841820000,0.5986,0.5989,0.5984,0.5989,106542.0
1651841880000,0.5988,0.5995,0.5986,0.5987,156955.0
1651841940000,0.5988,0.5989,0.5975,0.598,316705.0
1651842000000,0.5979,0.5993,0.5977,0.5986,338498.0
1651842060000,0.5986,0.5988,0.598,0.5987,129664.0
1651842120000,0.5988,0.5988,0.5979,0.5979,275922.0
1651842180000,0.5979,0.5987,0.5976,0.5978,632328.0
1651842240000,0.5978,0.5982,0.5966,0.5967,338531.0
1651842300000,0.5967,0.5983,0.5966,0.5983,656263.0
1651842360000,0.5982,0.5984,0.5978,0.5983,127929.0
1651842420000,0.5984,0.5987,0.5976,0.5979,364227.0
1651842480000,0.5979,0.598,0.5976,0.5977,50503.0
1651842540000,0.5977,0.598,0.5976,0.5977,78755.0
1651842600000,0.5978,0.5988,0.5978,0.5983,224111.0
1651842660000,0.5982,0.5984,0.5978,0.5981,135306.0
1651842720000,0.5981,0.5994,0.5981,0.5994,338610.0
1651842780000,0.5994,0.6001,0.5993,0.5996,157256.0
1651842840000,0.5995,0.5999,0.5992,0.5992,73272.0
1651842900000,0.5993,0.5999,0.5984,0.5989,194896.0
1651842960000,0.5989,0.5991,0.5987,0.599,133974.0
1651843020000,0.599,0.5992,0.5988,0.5988,177493.0
1651843080000,0.5987,0.5987,0.5979,0.5986,78805.0
1651843140000,0.5987,0.5995,0.5982,0.5988,306950.0
1651843200000,0.5988,0.5991,0.5982,0.5985,125115.0
1651843260000,0.5986,0.5994,0.5984,0.5993,140795.0
1651843320000,0.5993,0.5993,0.5985,0.5985,74418.0
1651843380000,0.5985,0.5986,0.5978,0.5984,164375.0
1651843440000,0.5985,0.5987,0.598,0.5985,56109.0
1651843500000,0.5985,0.5987,0.5982,0.5982,60809.0
1651843560000,0.5983,0.5988,0.5982,0.5988,15251.0
1651843620000,0.5987,0.5988,0.5984,0.5985,46308.0
1651843680000,0.5985,0.5992,0.5985,0.5988,168831.0
1651843740000,0.5987,0.599,0.5985,0.599,104484.0
1651843800000,0.599,0.5999,0.5982,0.5982,609479.0
1651843860000,0.5982,0.5997,0.5977,0.5996,505679.0
1651843920000,0.5996,0.5996,0.5967,0.5969,386291.0
1651843980000,0.5967,0.5968,0.5939,0.5939,529220.0
1651844040000,0.5939,0.5954,0.5936,0.5943,893511.0
1651844100000,0.5943,0.5943,0.5906,0.5916,2913360.0
1651844160000,0.5917,0.5918,0.5877,0.5886,2833129.0
1651844220000,0.5885,0.5904,0.5875,0.5902,1364842.0
1651844280000,0.5901,0.5905,0.5889,0.5898,901028.0
1651844340000,0.5897,0.5903,0.589,0.59,775505.0
1651844400000,0.59,0.5916,0.5898,0.5916,856418.0
1651844460000,0.5917,0.5952,0.5917,0.5949,1728393.0
1651844520000,0.5948,0.5953,0.5935,0.5942,1082288.0
1651844580000,0.5942,0.5942,0.5918,0.5927,808675.0
1651844640000,0.5927,0.5927,0.5911,0.5918,940482.0
1651844700000,0.5919,0.5933,0.5907,0.5914,1033849.0
1651844760000,0.5915,0.5917,0.5901,0.5901,1149990.0
1651844820000,0.5902,0.5902,0.5877,0.5881,582186.0
1651844880000,0.5881,0.5901,0.588,0.5898,616484.0
1651844940000,0.5899,0.5918,0.5898,0.591,655866.0
1651845000000,0.5911,0.5935,0.5907,0.5927,895505.0
1651845060000,0.5926,0.5938,0.591,0.5915,681893.0
1651845120000,0.5916,0.5919,0.59,0.5906,339327.0
1651845180000,0.5906,0.5919,0.5903,0.5912,448995.0
1651845240000,0.5913,0.5918,0.5908,0.5914,357118.0
1651845300000,0.5915,0.5921,0.5908,0.5912,391383.0
1651845360000,0.5913,0.5929,0.5913,0.5916,559686.0
1651845420000,0.5914,0.5926,0.5911,0.5925,352759.0
1651845480000,0.5926,0.5931,0.5922,0.5931,468519.0
1651845540000,0.5929,0.5936,0.5928,0.5931,258484.0
1651845600000,0.5931,0.5946,0.593,0.5942,432539.0
1651845660000,0.5942,0.5957,0.5941,0.5946,354277.0
1651845720000,0.5946,0.5948,0.5923,0.5924,460912.0
1651845780000,0.5924,0.5942,0.5922,0.5934,747516.0
1651845840000,0.5934,0.5942,0.5929,0.594,444044.0
1651845900000,0.594,0.5954,0.594,0.5952,435973.0
1651845960000,0.5952,0.5955,0.5939,0.5949,331296.0
1651846020000,0.5949,0.5962,0.5949,0.5952,390079.0
1651846080000,0.5952,0.5952,0.5938,0.5941,243273.0
1651846140000,0.5941,0.5945,0.5934,0.5934,348407.0
1651846200000,0.5934,0.5941,0.5922,0.5927,602160.0
1651846260000,0.5927,0.5943,0.5925,0.5937,513180.0
1651846320000,0.5938,0.5948,0.5936,0.5942,440438.0
1651846380000,0.5943,0.5959,0.5939,0.5958,343850.0
1651846440000,0.5959,0.5962,0.5948,0.5953,312086.0
1651846500000,0.5954,0.5969,0.5952,0.5968,466385.0
1651846560000,0.5967,0.5969,0.5956,0.5958,227310.0
1651846620000,0.5958,0.5972,0.5958,0.5971,287819.0
1651846680000,0.5971,0.5987,0.5968,0.5985,783204.0
1651846740000,0.5987,0.599,0.5976,0.5978,1262202.0
1651846800000,0.5978,0.5981,0.597,0.5971,341052.0
1651846860000,0.5971,0.5975,0.5966,0.5971,263098.0
1651846920000,0.5972,0.5987,0.5972,0.5979,360034.0
1651846980000,0.5978,0.598,0.5967,0.5979,326892.0
1651847040000,0.598,0.5983,0.5972,0.5972,140447.0
1651847100000,0.5973,0.5978,0.5968,0.5968,242077.0
1651847160000,0.5969,0.5979,0.5964,0.5969,210990.0
1651847220000,0.5968,0.5969,0.5956,0.5956,184785.0
1651847280000,0.5956,0.5962,0.5953,0.5953,294619.0
1651847340000,0.5952,0.5958,0.5946,0.5946,317530.0
1651847400000,0.5946,0.5956,0.5944,0.5944,436461.0
1651847460000,0.5943,0.5956,0.5942,0.5951,327355.0
1651847520000,0.5951,0.5953,0.5942,0.5942,210802.0
1651847580000,0.5943,0.5946,0.5931,0.5934,414010.0
1651847640000,0.5933,0.5938,0.593,0.5935,379812.0
1651847700000,0.5935,0.5938,0.5925,0.5935,492354.0
1651847760000,0.5936,0.5943,0.5934,0.5937,350374.0
1651847820000,0.5936,0.5937,0.5929,0.5932,842552.0
1651847880000,0.5932,0.5942,0.593,0.5938,235234.0
1651847940000,0.5937,0.5944,0.5937,0.5942,165174.0
1651848000000,0.5943,0.5957,0.5939,0.5955,599820.0
1651848060000,0.5955,0.596,0.5949,0.5955,386661.0
1651848120000,0.5956,0.5956,0.5948,0.5954,178712.0
1651848180000,0.5953,0.5962,0.5949,0.596,227586.0
1651848240000,0.596,0.5961,0.5951,0.5954,165234.0
1651848300000,0.5953,0.5971,0.5951,0.597,523360.0
1651848360000,0.597,0.5985,0.5966,0.5976,698565.0
1651848420000,0.5977,0.5984,0.5973,0.5975,606709.0
1651848480000,0.5975,0.5981,0.597,0.5972,407414.0
1651848540000,0.5972,0.598,0.597,0.5978,245927.0
1651848600000,0.5978,0.5986,0.5974,0.5978,610296.0
1651848660000,0.5979,0.5981,0.5972,0.5978,207472.0
1651848720000,0.5978,0.5982,0.5973,0.5975,133899.0
1651848780000,0.5976,0.5982,0.5975,0.5977,234278.0
1651848840000,0.5978,0.599,0.5976,0.599,404907.0
1651848900000,0.5989,0.5991,0.5981,0.5989,203574.0
1651848960000,0.5989,0.5993,0.5985,0.5989,195488.0
1651849020000,0.5989,0.6,0.5988,0.5997,174174.0
1651849080000,0.5997,0.6003,0.5994,0.5999,309798.0
1651849140000,0.5999,0.6009,0.5995,0.5995,563125.0
1651849200000,0.5995,0.6006,0.5995,0.6003,354819.0
1651849260000,0.6003,0.6013,0.6,0.6002,267406.0
1651849320000,0.6002,0.6004,0.5995,0.5997,252068.0
1651849380000,0.5996,0.5997,0.5989,0.599,291028.0
1651849440000,0.5992,0.5998,0.5991,0.5996,135972.0
1651849500000,0.5996,0.6001,0.5995,0.5998,162481.0
1651849560000,0.5997,0.6004,0.5997,0.6003,108200.0
1651849620000,0.6004,0.6007,0.5997,0.6002,273306.0
1651849680000,0.6002,0.6017,0.6001,0.6016,213910.0
1651849740000,0.6015,0.6021,0.6012,0.6018,147540.0
1651849800000,0.6018,0.6018,0.5999,0.6,460150.0
1651849860000,0.6,0.6002,0.5998,0.6,108923.0
1651849920000,0.5999,0.6006,0.5996,0.6002,183726.0
1651849980000,0.6002,0.601,0.6002,0.6005,170276.0
1651850040000,0.6007,0.6014,0.6007,0.6013,243129.0
1651850100000,0.6013,0.6023,0.601,0.6021,258982.0
1651850160000,0.6023,0.6023,0.6014,0.6017,262503.0
1651850220000,0.6014,0.6022,0.6013,0.602,120882.0
1651850280000,0.602,0.6024,0.6009,0.6011,441579.0
1651850340000,0.6011,0.6023,0.6011,0.6013,328752.0
1651850400000,0.6014,0.6021,0.6012,0.6021,213097.0
1651850460000,0.6021,0.603,0.6021,0.603,218342.0
1651850520000,0.603,0.6045,0.6028,0.6039,550164.0
1651850580000,0.6039,0.6044,0.6038,0.6043,262644.0
1651850640000,0.6045,0.6054,0.6045,0.6046,374925.0
1651850700000,0.6045,0.605,0.604,0.6049,244469.0
1651850760000,0.6047,0.6048,0.6033,0.6036,247415.0
1651850820000,0.6036,0.6042,0.6034,0.6035,154200.0
1651850880000,0.6035,0.6041,0.6031,0.6037,257471.0
1651850940000,0.6037,0.6037,0.6029,0.6033,120977.0
1651851000000,0.6033,0.6036,0.6026,0.6035,270049.0
1651851060000,0.6033,0.6042,0.6031,0.6031,325588.0
1651851120000,0.6031,0.6031,0.6021,0.6025,259842.0
1651851180000,0.6025,0.6025,0.6014,0.6017,311967.0
1651851240000,0.6017,0.6018,0.6006,0.6007,207154.0
1651851300000,0.6007,0.6015,0.6006,0.601,195113.0
1651851360000,0.601,0.6013,0.6003,0.6009,177525.0
1651851420000,0.6007,0.601,0.6,0.6002,100402.0
1651851480000,0.6002,0.6006,0.5989,0.5994,480180.0
1651851540000,0.5993,0.6,0.5989,0.5991,507628.0
1651851600000,0.599,0.5996,0.5988,0.599,185443.0
1651851660000,0.599,0.5995,0.599,0.5991,111430.0
1651851720000,0.5991,0.5996,0.5991,0.5992,181495.0
1651851780000,0.5992,0.5992,0.5986,0.599,58164.0
1651851840000,0.599,0.5992,0.5986,0.5986,55496.0
1651851900000,0.5986,0.5986,0.5973,0.5977,349917.0
1651851960000,0.5977,0.5984,0.5973,0.5975,203091.0
1651852020000,0.5975,0.598,0.5974,0.598,205012.0
1651852080000,0.598,0.5982,0.5978,0.598,123629.0
1651852140000,0.5979,0.5983,0.5979,0.5982,34989.0
1651852200000,0.5981,0.599,0.598,0.5984,137456.0
1651852260000,0.5984,0.6,0.5984,0.6,211212.0
1651852320000,0.6,0.6,0.5986,0.5987,160270.0
1651852380000,0.5986,0.5986,0.596,0.5962,312996.0
1651852440000,0.5961,0.5973,0.5959,0.5973,91141.0
1651852500000,0.5973,0.5976,0.5971,0.5971,163288.0
1651852560000,0.5972,0.5979,0.5972,0.5975,66171.0
1651852620000,0.5973,0.598,0.597,0.598,45678.0
1651852680000,0.598,0.598,0.596,0.596,240206.0
1651852740000,0.596,0.5967,0.5959,0.5965,131496.0
1651852800000,0.5964,0.5969,0.5961,0.5967,99692.0
1651852860000,0.5967,0.5982,0.5967,0.5976,166510.0
1651852920000,0.5975,0.5983,0.5969,0.5979,304657.0
1651852980000,0.5978,0.5984,0.5978,0.5981,166027.0
1651853040000,0.5981,0.5984,0.5976,0.598,110156.0
1651853100000,0.5981,0.5989,0.5981,0.5986,210392.0
1651853160000,0.5988,0.6004,0.5988,0.6001,267539.0
1651853220000,0.6,0.6005,0.5994,0.5997,475433.0
1651853280000,0.5999,0.6,0.5996,0.5998,221048.0
1651853340000,0.5998,0.5998,0.5981,0.5982,168626.0
1651853400000,0.5982,0.5993,0.5973,0.599,492569.0
1651853460000,0.5989,0.5989,0.5971,0.5973,336701.0
1651853520000,0.5973,0.5978,0.5969,0.5975,215377.0
1651853580000,0.5974,0.5974,0.5959,0.5963,174482.0
1651853640000,0.5963,0.5964,0.5956,0.5964,163054.0
1651853700000,0.5964,0.5964,0.5955,0.5961,268367.0
1651853760000,0.5961,0.5973,0.5961,0.5967,147347.0
1651853820000,0.5968,0.5973,0.5968,0.597,75221.0
1651853880000,0.5971,0.5975,0.5966,0.5971,105389.0
1651853940000,0.5971,0.5984,0.5966,0.5968,421419.0
1651854000000,0.5969,0.5987,0.5968,0.5985,147339.0
1651854060000,0.5986,0.5989,0.5982,0.5987,174252.0
1651854120000,0.5988,0.5996,0.5988,0.5993,311950.0
1651854180000,0.5993,0.5996,0.5984,0.5987,318438.0
1651854240000,0.5987,0.5992,0.5981,0.5982,128705.0
1651854300000,0.5983,0.5997,0.5983,0.5989,193879.0
1651854360000,0.5988,0.5989,0.5981,0.5988,132904.0
1651854420000,0.5986,0.5986,0.5979,0.5981,113277.0
1651854480000,0.5981,0.5985,0.5979,0.5982,119642.0
1651854540000,0.5982,0.5988,0.598,0.598,167381.0
1651854600000,0.598,0.5982,0.5971,0.5978,158734.0
1651854660000,0.5978,0.5986,0.5978,0.5984,176685.0
1651854720000,0.5984,0.5988,0.5982,0.5983,104670.0
1651854780000,0.5982,0.5989,0.5982,0.5986,204853.0
1651854840000,0.5987,0.5994,0.5987,0.5989,279265.0
1651854900000,0.5991,0.5993,0.5983,0.5986,253546.0
1651854960000,0.5987,0.5992,0.5971,0.5972,198359.0
1651855020000,0.5971,0.5971,0.5963,0.597,157439.0
1651855080000,0.597,0.5972,0.5966,0.5971,112474.0
1651855140000,0.5971,0.5981,0.5971,0.5975,207871.0
1651855200000,0.5975,0.598,0.5966,0.598,390221.0
1651855260000,0.598,0.5982,0.597,0.5974,158939.0
1651855320000,0.5974,0.5977,0.5973,0.5975,185066.0
1651855380000,0.5976,0.5979,0.5973,0.5978,104326.0
1651855440000,0.5978,0.5979,0.5975,0.5977,112597.0
1651855500000,0.5976,0.5978,0.5975,0.5975,89462.0
1651855560000,0.5976,0.5976,0.5969,0.5969,261939.0
1651855620000,0.597,0.5972,0.5965,0.5966,202093.0
1651855680000,0.5966,0.5968,0.5959,0.5967,319222.0
1651855740000,0.5968,0.597,0.5959,0.5959,170850.0
1651855800000,0.5958,0.5959,0.5944,0.5958,346193.0
1651855860000,0.5958,0.5961,0.5954,0.5959,202709.0
1651855920000,0.5958,0.5974,0.5958,0.5971,210489.0
1651855980000,0.5972,0.5984,0.5972,0.5975,176360.0
1651856040000,0.5975,0.5978,0.5975,0.5976,36143.0
1651856100000,0.5975,0.5978,0.5973,0.5977,80501.0
1651856160000,0.5977,0.5984,0.5975,0.5976,321826.0
1651856220000,0.5976,0.5981,0.5973,0.5979,118264.0
1651856280000,0.5978,0.5981,0.5976,0.5976,36079.0
1651856340000,0.5977,0.5981,0.5974,0.5977,123347.0
1651856400000,0.5977,0.5978,0.5972,0.5973,233055.0
1651856460000,0.5974,0.5977,0.5971,0.5971,65955.0
1651856520000,0.5971,0.5977,0.5971,0.5971,57703.0
1651856580000,0.597,0.5974,0.5967,0.5971,78076.0
1651856640000,0.5973,0.5981,0.5972,0.5978,225510.0
1651856700000,0.5976,0.5976,0.5963,0.5964,109383.0
1651856760000,0.5964,0.5964,0.5958,0.5958,170070.0
1651856820000,0.5958,0.596,0.5955,0.596,384202.0
1651856880000,0.596,0.597,0.596,0.5966,145535.0
1651856940000,0.5966,0.5967,0.5961,0.5962,78945.0
1651857000000,0.5963,0.5963,0.5958,0.5959,91302.0
1651857060000,0.5959,0.5964,0.5958,0.5961,117381.0
1651857120000,0.5962,0.5962,0.5954,0.5957,201704.0
1651857180000,0.5957,0.596,0.5953,0.5959,327329.0
1651857240000,0.5958,0.5958,0.5954,0.5954,43228.0
1651857300000,0.5953,0.5958,0.5945,0.5946,326088.0
1651857360000,0.5946,0.5954,0.5946,0.5953,232173.0
1651857420000,0.5954,0.5956,0.5946,0.5947,146070.0
1651857480000,0.5947,0.5947,0.5939,0.5941,363371.0
1651857540000,0.5942,0.5944,0.5937,0.5943,201945.0
1651857600000,0.5943,0.5947,0.593,0.5945,423285.0
1651857660000,0.5944,0.5946,0.594,0.5945,104311.0
1651857720000,0.5945,0.5945,0.5942,0.5945,54705.0
1651857780000,0.5944,0.5957,0.5944,0.5948,257541.0
1651857840000,0.5947,0.5951,0.5941,0.5941,149681.0
1651857900000,0.5941,0.5948,0.594,0.5942,136091.0
1651857960000,0.5942,0.5942,0.5937,0.5939,97791.0
1651858020000,0.594,0.5945,0.5937,0.5945,104086.0
1651858080000,0.5946,0.5952,0.594,0.5942,266855.0
1651858140000,0.5941,0.5942,0.5938,0.594,113156.0
1651858200000,0.594,0.5947,0.594,0.5947,221945.0
1651858260000,0.5947,0.595,0.5943,0.5943,118353.0
1651858320000,0.5944,0.5944,0.594,0.5942,108867.0
1651858380000,0.5941,0.5944,0.5941,0.5942,52781.0
1651858440000,0.5944,0.5946,0.5943,0.5944,61245.0
1651858500000,0.5943,0.5949,0.5942,0.5946,31026.0
1651858560000,0.5947,0.595,0.5937,0.5942,442756.0
1651858620000,0.5942,0.5942,0.5935,0.5936,109114.0
1651858680000,0.5934,0.594,0.5934,0.5939,102759.0
1651858740000,0.5938,0.594,0.5937,0.5938,46184.0
1651858800000,0.5938,0.5948,0.5938,0.5943,166762.0
1651858860000,0.5941,0.5946,0.5937,0.5939,209787.0
1651858920000,0.5939,0.5947,0.5937,0.5945,176119.0
1651858980000,0.5944,0.5955,0.5943,0.5945,203336.0
1651859040000,0.5944,0.5945,0.594,0.5942,65185.0
1651859100000,0.5943,0.5948,0.5942,0.5944,28124.0
1651859160000,0.5944,0.5945,0.5937,0.594,155454.0
1651859220000,0.5939,0.5942,0.5935,0.594,67595.0
1651859280000,0.594,0.5942,0.5938,0.5938,222189.0
1651859340000,0.5937,0.5944,0.5932,0.5934,472519.0
1651859400000,0.5934,0.5937,0.5919,0.5924,629872.0
1651859460000,0.5925,0.5935,0.5924,0.5931,49777.0
1651859520000,0.5931,0.5932,0.5923,0.593,176951.0
1651859580000,0.593,0.593,0.5922,0.5927,246141.0
1651859640000,0.5926,0.5933,0.5924,0.593,170746.0
1651859700000,0.5929,0.5938,0.5927,0.5938,195008.0
1651859760000,0.5938,0.5938,0.5933,0.5934,77196.0
1651859820000,0.5934,0.5936,0.5933,0.5935,53555.0
1651859880000,0.5935,0.5937,0.5933,0.5934,68889.0
1651859940000,0.5934,0.5937,0.5933,0.5933,142948.0
1651860000000,0.5932,0.5936,0.5931,0.5936,193979.0
1651860060000,0.5935,0.5935,0.5929,0.5932,131296.0
1651860120000,0.5931,0.5936,0.593,0.5933,220266.0
1651860180000,0.5933,0.5934,0.5923,0.5927,332166.0
1651860240000,0.5926,0.5929,0.5921,0.5922,93546.0
1651860300000,0.5922,0.5922,0.5917,0.5919,377548.0
1651860360000,0.5919,0.5919,0.5916,0.5917,243691.0
1651860420000,0.5917,0.5918,0.5915,0.5918,37786.0
1651860480000,0.5919,0.5921,0.5919,0.5919,27460.0
1651860540000,0.592,0.592,0.5919,0.5919,38746.0
1651860600000,0.5918,0.592,0.5917,0.5919,15502.0
1651860660000,0.592,0.5925,0.592,0.5924,359635.0
1651860720000,0.5925,0.5926,0.5924,0.5926,135235.0
1651860780000,0.5925,0.5926,0.5924,0.5925,269970.0
1651860840000,0.5924,0.5925,0.592,0.5923,118867.0
1651860900000,0.5923,0.593,0.5923,0.593,256703.0
1651860960000,0.5929,0.5929,0.5918,0.5918,269761.0
1651861020000,0.5917,0.5928,0.5917,0.5924,111183.0
1651861080000,0.5924,0.5926,0.5921,0.5921,201246.0
1651861140000,0.5922,0.5924,0.592,0.5924,77631.0
1651861200000,0.5924,0.5924,0.5918,0.592,189812.0
1651861260000,0.592,0.5921,0.592,0.5921,27721.0
1651861320000,0.592,0.5925,0.5919,0.5923,86315.0
1651861380000,0.5923,0.5926,0.5919,0.5922,200358.0
1651861440000,0.5921,0.593,0.5918,0.5918,401783.0
1651861500000,0.5917,0.5921,0.5915,0.5915,129194.0
1651861560000,0.5915,0.5919,0.5911,0.5919,118663.0
1651861620000,0.592,0.593,0.5919,0.5927,99545.0
1651861680000,0.5927,0.5928,0.5922,0.5927,236521.0
1651861740000,0.5926,0.5929,0.5924,0.5924,117292.0
1651861800000,0.5924,0.593,0.5919,0.5921,266882.0
1651861860000,0.5921,0.5925,0.592,0.5921,88629.0
1651861920000,0.5921,0.5921,0.591,0.5914,227201.0
1651861980000,0.5914,0.5916,0.591,0.5916,190621.0
1651862040000,0.5916,0.5917,0.5912,0.5914,63797.0
1651862100000,0.5915,0.5919,0.5912,0.5919,328742.0
1651862160000,0.5919,0.5925,0.5915,0.5924,201401.0
1651862220000,0.5923,0.5925,0.592,0.5923,123852.0
1651862280000,0.5923,0.5931,0.5923,0.593,155944.0
1651862340000,0.5929,0.5934,0.5925,0.5933,115218.0
1651862400000,0.5934,0.5936,0.593,0.593,169646.0
1651862460000,0.593,0.5934,0.593,0.5932,58500.0
1651862520000,0.5932,0.5934,0.5932,0.5933,8424.0
1651862580000,0.5934,0.5936,0.5932,0.5933,6711.0
1651862640000,0.5932,0.5934,0.5929,0.5929,54930.0
1651862700000,0.5928,0.5934,0.5926,0.5931,103567.0
1651862760000,0.5931,0.5938,0.593,0.5937,67203.0
1651862820000,0.5937,0.5937,0.593,0.5932,75956.0
1651862880000,0.5931,0.5938,0.5929,0.5937,67652.0
1651862940000,0.5936,0.5946,0.5936,0.5946,263845.0
1651863000000,0.5946,0.5951,0.5943,0.5943,248705.0
1651863060000,0.5945,0.5945,0.5941,0.5941,90639.0
1651863120000,0.5942,0.5945,0.5938,0.594,55454.0
1651863180000,0.5939,0.5942,0.5938,0.5942,256993.0
1651863240000,0.5942,0.5948,0.5941,0.5945,96755.0
1651863300000,0.5946,0.5949,0.594,0.594,229404.0
1651863360000,0.594,0.5943,0.5938,0.594,45468.0
1651863420000,0.594,0.5945,0.594,0.5943,116590.0
1651863480000,0.5944,0.5946,0.5942,0.5943,71145.0
1651863540000,0.5943,0.5943,0.593,0.5931,121182.0
1651863600000,0.5932,0.5934,0.5925,0.593,202374.0
1651863660000,0.593,0.5939,0.5928,0.5931,672186.0
1651863720000,0.5931,0.5934,0.5929,0.593,92670.0
1651863780000,0.5931,0.5937,0.5931,0.5935,77194.0
1651863840000,0.5935,0.5947,0.5935,0.5946,35636.0
1651863900000,0.5946,0.5952,0.5941,0.5942,168079.0
1651863960000,0.5941,0.5942,0.5931,0.5939,180360.0
1651864020000,0.5938,0.5939,0.5935,0.5935,78960.0
1651864080000,0.5935,0.5942,0.5935,0.5941,86571.0
1651864140000,0.5941,0.5942,0.5938,0.594,84977.0
1651864200000,0.5941,0.5949,0.5941,0.5944,111117.0
1651864260000,0.5943,0.5944,0.594,0.5944,37717.0
1651864320000,0.5944,0.5949,0.5943,0.5946,49676.0
1651864380000,0.5946,0.5949,0.5944,0.5948,70521.0
1651864440000,0.5948,0.5949,0.5943,0.5943,59105.0
1651864500000,0.5943,0.5946,0.5941,0.5941,48199.0
1651864560000,0.5941,0.5942,0.5939,0.5939,10397.0
1651864620000,0.5938,0.5943,0.5934,0.5935,92915.0
1651864680000,0.5936,0.5942,0.5928,0.5939,498734.0
1651864740000,0.5938,0.5946,0.5938,0.5941,101392.0
1651864800000,0.5941,0.5941,0.5932,0.5933,150327.0
1651864860000,0.5933,0.5934,0.5927,0.5934,106161.0
1651864920000,0.5935,0.5936,0.5934,0.5935,66992.0
1651864980000,0.5935,0.5935,0.593,0.5932,63895.0
1651865040000,0.5931,0.5933,0.5929,0.5932,38402.0
1651865100000,0.5933,0.5934,0.5927,0.593,52736.0
1651865160000,0.593,0.5938,0.5927,0.5938,54166.0
1651865220000,0.5938,0.5946,0.5935,0.5946,223569.0
1651865280000,0.5947,0.5953,0.5945,0.5951,66289.0
1651865340000,0.5951,0.5954,0.5949,0.5952,85209.0
1651865400000,0.5951,0.5953,0.5949,0.5952,316320.0
1651865460000,0.5952,0.5953,0.5951,0.5953,21029.0
1651865520000,0.5953,0.5953,0.5946,0.5951,174275.0
1651865580000,0.5951,0.5957,0.5951,0.5952,206516.0
1651865640000,0.5952,0.5956,0.5952,0.5956,119054.0
1651865700000,0.5956,0.5956,0.595,0.5955,83086.0
1651865760000,0.5955,0.5955,0.595,0.5952,103389.0
1651865820000,0.5953,0.5956,0.5953,0.5955,104210.0
1651865880000,0.5955,0.5965,0.5955,0.5961,206858.0
1651865940000,0.5962,0.5964,0.595,0.5957,718508.0
1651866000000,0.5957,0.5962,0.5955,0.5958,213807.0
1651866060000,0.5956,0.596,0.5954,0.596,67345.0
1651866120000,0.596,0.5961,0.5956,0.5957,34692.0
1651866180000,0.5957,0.596,0.5954,0.5959,126247.0
1651866240000,0.5959,0.5965,0.5958,0.5958,164873.0
1651866300000,0.5958,0.5965,0.5957,0.5963,131613.0
1651866360000,0.5963,0.5973,0.5963,0.5966,78200.0
1651866420000,0.5966,0.5966,0.5962,0.5965,30438.0
1651866480000,0.5965,0.5969,0.5965,0.5968,81064.0
1651866540000,0.5968,0.597,0.5963,0.597,83677.0
1651866600000,0.597,0.5974,0.5968,0.5971,186590.0
1651866660000,0.5971,0.5972,0.5963,0.5963,268002.0
1651866720000,0.5963,0.597,0.5962,0.5968,49975.0
1651866780000,0.5968,0.5969,0.5967,0.5969,16280.0
1651866840000,0.5969,0.5973,0.5968,0.5969,90693.0
1651866900000,0.5968,0.597,0.5963,0.597,140309.0
1651866960000,0.597,0.597,0.5952,0.5952,576303.0
1651867020000,0.5952,0.5959,0.5946,0.5959,101805.0
1651867080000,0.5959,0.5965,0.5959,0.5963,21768.0
1651867140000,0.5963,0.5967,0.5962,0.5967,158691.0
1651867200000,0.5967,0.5967,0.596,0.5961,345186.0
1651867260000,0.5961,0.5965,0.596,0.5963,30778.0
1651867320000,0.5964,0.5964,0.596,0.596,55592.0
1651867380000,0.596,0.596,0.5957,0.5959,45227.0
1651867440000,0.5959,0.5959,0.595,0.5951,82180.0
1651867500000,0.5951,0.596,0.5951,0.5959,65502.0
1651867560000,0.5959,0.5961,0.5956,0.596,51556.0
1651867620000,0.5961,0.5969,0.596,0.5967,37508.0
1651867680000,0.5968,0.5973,0.5968,0.597,207264.0
1651867740000,0.597,0.5981,0.5969,0.598,115700.0
1651867800000,0.598,0.598,0.5974,0.5978,133606.0
1651867860000,0.5978,0.5985,0.5977,0.5984,115368.0
1651867920000,0.5984,0.5984,0.598,0.5982,26870.0
1651867980000,0.5982,0.5982,0.5976,0.5978,89095.0
1651868040000,0.5979,0.5979,0.5971,0.5978,196890.0
1651868100000,0.5978,0.5982,0.5975,0.5978,171924.0
1651868160000,0.5977,0.5978,0.5972,0.5972,81933.0
1651868220000,0.5972,0.5975,0.5967,0.5974,300665.0
1651868280000,0.5973,0.5973,0.5968,0.597,16524.0
1651868340000,0.597,0.5973,0.5968,0.5969,71755.0
1651868400000,0.5969,0.5969,0.5961,0.5962,54190.0
1651868460000,0.5962,0.5968,0.5961,0.5966,73595.0
1651868520000,0.5966,0.5971,0.5966,0.5969,48634.0
1651868580000,0.597,0.5972,0.5966,0.5972,42524.0
1651868640000,0.5971,0.5973,0.597,0.597,61026.0
1651868700000,0.5971,0.5972,0.597,0.597,36910.0
1651868760000,0.597,0.5973,0.597,0.597,48166.0
1651868820000,0.5972,0.5975,0.5968,0.5968,216379.0
1651868880000,0.5968,0.5969,0.5968,0.5969,8294.0
1651868940000,0.5968,0.5969,0.5967,0.5968,68631.0
1651869000000,0.5968,0.597,0.5963,0.5969,150699.0
1651869060000,0.5969,0.597,0.5956,0.5958,134561.0
1651869120000,0.5958,0.5966,0.5958,0.5966,72017.0
1651869180000,0.5966,0.5969,0.5963,0.5964,143390.0
1651869240000,0.5963,0.5971,0.5963,0.5968,38579.0
1651869300000,0.5967,0.5967,0.5962,0.5966,30388.0
1651869360000,0.5967,0.5967,0.5963,0.5963,25084.0
1651869420000,0.5964,0.597,0.5964,0.5969,47985.0
1651869480000,0.5969,0.5989,0.5969,0.5985,737465.0
1651869540000,0.5986,0.5989,0.5985,0.5988,45670.0
1651869600000,0.5988,0.5988,0.5984,0.5987,52670.0
1651869660000,0.5987,0.5996,0.5987,0.5993,98578.0
1651869720000,0.5994,0.5994,0.5986,0.5993,196238.0
1651869780000,0.5993,0.5993,0.5987,0.5987,101990.0
1651869840000,0.5987,0.599,0.5986,0.5986,28260.0
1651869900000,0.5986,0.5988,0.5981,0.5988,98845.0
1651869960000,0.5988,0.5994,0.5987,0.599,104836.0
1651870020000,0.5989,0.5995,0.5989,0.5992,94201.0
1651870080000,0.5991,0.5995,0.5991,0.5995,84831.0
1651870140000,0.5994,0.5997,0.5994,0.5994,34079.0
1651870200000,0.5995,0.5996,0.599,0.5996,56018.0
1651870260000,0.5996,0.5998,0.5996,0.5998,38377.0
1651870320000,0.5997,0.6002,0.5997,0.5999,130372.0
1651870380000,0.5999,0.6004,0.5998,0.5999,143824.0
1651870440000,0.5999,0.6015,0.5999,0.6011,409026.0
1651870500000,0.601,0.6011,0.5998,0.6003,135498.0
1651870560000,0.6004,0.6009,0.6004,0.6005,52833.0
1651870620000,0.6005,0.6006,0.6003,0.6004,37022.0
1651870680000,0.6004,0.6004,0.5998,0.5998,69793.0
1651870740000,0.5998,0.6,0.5996,0.5999,202199.0
1651870800000,0.5999,0.6001,0.5998,0.6,50184.0
1651870860000,0.5999,0.6003,0.5999,0.5999,33057.0
1651870920000,0.5999,0.6002,0.5998,0.5999,93340.0
1651870980000,0.5999,0.6001,0.5999,0.6,5255.0
1651871040000,0.6001,0.6004,0.6001,0.6004,45297.0
1651871100000,0.6003,0.6003,0.5992,0.5995,261969.0
1651871160000,0.5995,0.5996,0.5994,0.5996,87950.0
1651871220000,0.5997,0.5999,0.5997,0.5998,23103.0
1651871280000,0.5999,0.6,0.5999,0.6,18786.0
1651871340000,0.6,0.6001,0.5999,0.5999,82858.0
1651871400000,0.5999,0.6,0.5997,0.5999,44225.0
1651871460000,0.6,0.6001,0.5999,0.5999,24843.0
1651871520000,0.5998,0.6,0.5998,0.5999,26988.0
1651871580000,0.6,0.6,0.5997,0.5998,15042.0
1651871640000,0.5997,0.5998,0.5997,0.5997,4414.0
1651871700000,0.5997,0.5997,0.5992,0.5993,45302.0
1651871760000,0.5992,0.5993,0.5988,0.5989,47732.0
1651871820000,0.5988,0.5988,0.5983,0.5985,91069.0
1651871880000,0.5985,0.5989,0.5984,0.5989,38619.0
1651871940000,0.5989,0.5989,0.5988,0.5988,11929.0
1651872000000,0.5988,0.5988,0.5986,0.5986,31463.0
1651872060000,0.5986,0.5986,0.5985,0.5985,17599.0
1651872120000,0.5985,0.5992,0.5985,0.5992,65992.0
1651872180000,0.5993,0.5993,0.5992,0.5992,11241.0
1651872240000,0.5993,0.5996,0.5993,0.5995,48832.0
1651872300000,0.5995,0.5996,0.5992,0.5993,42244.0
1651872360000,0.5993,0.5999,0.5993,0.5999,43431.0
1651872420000,0.5999,0.5999,0.5997,0.5998,28670.0
1651872480000,0.5999,0.6001,0.5998,0.6,79464.0
1651872540000,0.6001,0.6004,0.6001,0.6001,121156.0
1651872600000,0.6002,0.6003,0.6001,0.6003,17566.0
1651872660000,0.6003,0.6004,0.6001,0.6002,38370.0
1651872720000,0.6003,0.6004,0.6001,0.6003,35855.0
1651872780000,0.6003,0.6003,0.6001,0.6003,36165.0
1651872840000,0.6003,0.6003,0.6,0.6001,19743.0
1651872900000,0.6,0.6002,0.5992,0.5992,199504.0
1651872960000,0.5993,0.5993,0.5991,0.5993,41099.0
1651873020000,0.5993,0.5993,0.5991,0.5991,33199.0
1651873080000,0.5992,0.5992,0.599,0.5992,66834.0
1651873140000,0.5991,0.5992,0.599,0.5991,17572.0
1651873200000,0.5991,0.5991,0.5986,0.5987,57068.0
1651873260000,0.5988,0.5988,0.5985,0.5985,29973.0
1651873320000,0.5985,0.5985,0.5981,0.5982,48967.0
1651873380000,0.5982,0.5989,0.5982,0.5989,101239.0
1651873440000,0.5988,0.5989,0.5983,0.5983,54555.0
1651873500000,0.5983,0.5984,0.5982,0.5984,45731.0
1651873560000,0.5983,0.5984,0.5982,0.5982,200132.0
1651873620000,0.5982,0.5983,0.5982,0.5982,37774.0
1651873680000,0.5983,0.5983,0.5981,0.5982,41722.0
1651873740000,0.5982,0.5983,0.5981,0.5982,35319.0
1651873800000,0.5981,0.5982,0.5978,0.5979,99618.0
1651873860000,0.5979,0.598,0.5958,0.596,143950.0
1651873920000,0.596,0.5973,0.596,0.5973,122474.0
1651873980000,0.5974,0.5975,0.5968,0.5968,64621.0
1651874040000,0.5969,0.597,0.5967,0.597,71896.0
1651874100000,0.5969,0.5976,0.5969,0.5973,90405.0
1651874160000,0.5973,0.5975,0.5972,0.5975,36878.0
1651874220000,0.5974,0.5981,0.5974,0.5981,49281.0
1651874280000,0.5981,0.5982,0.5978,0.5979,16772.0
1651874340000,0.5979,0.598,0.5979,0.5979,12090.0
1651874400000,0.5979,0.598,0.5978,0.5978,7758.0
1651874460000,0.5979,0.5987,0.5978,0.5987,78222.0
1651874520000,0.5986,0.5987,0.5982,0.5983,62534.0
1651874580000,0.5983,0.5986,0.5982,0.5985,24338.0
1651874640000,0.5985,0.5986,0.5985,0.5986,6093.0
1651874700000,0.5986,0.5993,0.5986,0.5993,121070.0
1651874760000,0.5993,0.5993,0.5989,0.5991,50404.0
1651874820000,0.5991,0.5991,0.5989,0.599,31235.0
1651874880000,0.599,0.5991,0.5989,0.5991,64980.0
1651874940000,0.5991,0.5994,0.5991,0.5994,76384.0
1651875000000,0.5993,0.5994,0.5976,0.5979,349557.0
1651875060000,0.5979,0.598,0.5962,0.5962,171783.0
1651875120000,0.5962,0.5967,0.5957,0.5962,141992.0
1651875180000,0.5962,0.5967,0.5962,0.5963,106381.0
1651875240000,0.5963,0.5965,0.5963,0.5964,14554.0
1651875300000,0.5964,0.5966,0.5964,0.5965,58831.0
1651875360000,0.5966,0.5978,0.5966,0.5974,109062.0
1651875420000,0.5973,0.5973,0.5969,0.5969,57583.0
1651875480000,0.5968,0.5968,0.5965,0.5966,49547.0
1651875540000,0.5965,0.5966,0.5964,0.5964,37776.0
1651875600000,0.5965,0.5976,0.5963,0.5973,499278.0
1651875660000,0.5973,0.598,0.5973,0.5976,124460.0
1651875720000,0.5975,0.5984,0.5973,0.5982,77150.0
1651875780000,0.5983,0.5986,0.5982,0.5984,45785.0
1651875840000,0.5984,0.5991,0.5983,0.599,109361.0
1651875900000,0.599,0.5992,0.5988,0.5991,60985.0
1651875960000,0.5991,0.5999,0.5991,0.5992,370880.0
1651876020000,0.5993,0.5993,0.5985,0.5985,109995.0
1651876080000,0.5985,0.5985,0.5977,0.5984,88256.0
1651876140000,0.5983,0.5987,0.5981,0.5987,150135.0
1651876200000,0.5987,0.5987,0.5983,0.5984,51734.0
1651876260000,0.5984,0.5993,0.5984,0.5992,112797.0
1651876320000,0.5993,0.6004,0.5992,0.6002,249407.0
1651876380000,0.6002,0.6002,0.5999,0.6,38717.0
1651876440000,0.5999,0.6002,0.5999,0.6002,38851.0
1651876500000,0.6002,0.6003,0.5998,0.5999,80105.0
1651876560000,0.5998,0.5998,0.5982,0.5989,220726.0
1651876620000,0.599,0.5991,0.5978,0.5981,244004.0
1651876680000,0.5981,0.5983,0.5972,0.5982,188994.0
1651876740000,0.5982,0.5991,0.5982,0.5989,56683.0
1651876800000,0.5989,0.5989,0.5986,0.5987,73343.0
1651876860000,0.5987,0.5996,0.5986,0.5992,129057.0
1651876920000,0.5992,0.5996,0.5992,0.5996,12103.0
1651876980000,0.5996,0.5997,0.5996,0.5996,70806.0
1651877040000,0.5996,0.6,0.5995,0.6,11217.0
1651877100000,0.6,0.6002,0.5998,0.6002,45748.0
1651877160000,0.6002,0.6002,0.5998,0.5999,131199.0
1651877220000,0.5998,0.6001,0.5998,0.5999,147186.0
1651877280000,0.5999,0.6012,0.5999,0.6011,644267.0
1651877340000,0.6012,0.6029,0.601,0.6028,486339.0
1651877400000,0.6028,0.6032,0.6018,0.6028,537327.0
1651877460000,0.6028,0.6031,0.6027,0.603,135368.0
1651877520000,0.6029,0.603,0.6021,0.6022,224419.0
1651877580000,0.6022,0.6022,0.6009,0.6012,310228.0
1651877640000,0.6011,0.6025,0.601,0.6019,738665.0
1651877700000,0.6019,0.6027,0.6014,0.6026,289766.0
1651877760000,0.6026,0.6048,0.6026,0.6044,1277419.0
1651877820000,0.6044,0.6054,0.604,0.6049,448739.0
1651877880000,0.6048,0.6048,0.6041,0.6046,268697.0
1651877940000,0.6045,0.6046,0.604,0.6041,297603.0
1651878000000,0.604,0.6047,0.6037,0.6044,737812.0
1651878060000,0.6044,0.6048,0.6042,0.6043,166315.0
1651878120000,0.6042,0.6048,0.604,0.604,146089.0
1651878180000,0.6041,0.6041,0.6034,0.6034,71939.0
1651878240000,0.6035,0.6039,0.6034,0.6036,124501.0
1651878300000,0.6035,0.6035,0.6028,0.6031,181488.0
1651878360000,0.6032,0.6041,0.6031,0.6038,267161.0
1651878420000,0.6038,0.6052,0.603,0.605,1375379.0
1651878480000,0.605,0.605,0.6044,0.6048,241588.0
1651878540000,0.6048,0.6055,0.6048,0.6055,181105.0
1651878600000,0.6054,0.6059,0.605,0.6051,424084.0
1651878660000,0.6052,0.6053,0.605,0.6051,62756.0
1651878720000,0.6051,0.6051,0.6047,0.6047,82758.0
1651878780000,0.6047,0.6048,0.6043,0.6043,36826.0
1651878840000,0.6043,0.6054,0.6041,0.6045,660878.0
1651878900000,0.6045,0.6048,0.6041,0.6048,575401.0
1651878960000,0.6048,0.6048,0.6041,0.6041,69236.0
1651879020000,0.6042,0.6046,0.6041,0.6046,44690.0
1651879080000,0.6046,0.6046,0.6044,0.6046,22255.0
1651879140000,0.6045,0.6046,0.6045,0.6045,22011.0
1651879200000,0.6045,0.6051,0.6043,0.605,115902.0
1651879260000,0.605,0.6052,0.6049,0.6049,40334.0
1651879320000,0.6049,0.6051,0.6048,0.6051,75969.0
1651879380000,0.6051,0.6051,0.6048,0.605,104211.0
1651879440000,0.605,0.605,0.6045,0.6048,161991.0
1651879500000,0.6048,0.6049,0.6044,0.6046,71400.0
1651879560000,0.6046,0.6053,0.6046,0.6051,147947.0
1651879620000,0.6051,0.6052,0.6048,0.6049,24677.0
1651879680000,0.6048,0.6048,0.6045,0.6045,37906.0
1651879740000,0.6045,0.6046,0.6045,0.6045,8348.0
1651879800000,0.6045,0.6045,0.6041,0.6042,44785.0
1651879860000,0.6041,0.6044,0.6041,0.6041,20199.0
1651879920000,0.6041,0.6041,0.6027,0.603,195872.0
1651879980000,0.6029,0.6029,0.6018,0.6021,236407.0
1651880040000,0.6023,0.6023,0.6017,0.6017,50775.0
1651880100000,0.6017,0.6024,0.6013,0.6023,249858.0
1651880160000,0.6023,0.6024,0.6021,0.6023,82739.0
1651880220000,0.6022,0.6024,0.6022,0.6023,46127.0
1651880280000,0.6022,0.6023,0.6022,0.6022,23372.0
1651880340000,0.6023,0.6026,0.6022,0.6025,86398.0
1651880400000,0.6025,0.6026,0.6022,0.6023,137626.0
1651880460000,0.6024,0.6025,0.6023,0.6024,80683.0
1651880520000,0.6025,0.6026,0.6022,0.6025,106081.0
1651880580000,0.6025,0.6029,0.6025,0.6029,32274.0
1651880640000,0.6029,0.603,0.6028,0.6029,32280.0
1651880700000,0.603,0.6034,0.6021,0.6026,129280.0
1651880760000,0.6028,0.6028,0.6023,0.6026,102031.0
1651880820000,0.6026,0.6028,0.6026,0.6027,39867.0
1651880880000,0.6027,0.6027,0.6025,0.6026,125115.0
1651880940000,0.6027,0.6027,0.6025,0.6027,88198.0
1651881000000,0.6028,0.6035,0.6028,0.6033,84052.0
1651881060000,0.6034,0.6034,0.6026,0.6026,114074.0
1651881120000,0.6026,0.6027,0.6021,0.6021,90035.0
1651881180000,0.6021,0.6024,0.602,0.6021,95958.0
1651881240000,0.6022,0.6026,0.6021,0.6024,188081.0
1651881300000,0.6024,0.6025,0.6019,0.6019,200121.0
1651881360000,0.6018,0.6026,0.6018,0.6025,95216.0
1651881420000,0.6026,0.6026,0.6022,0.6022,87266.0
1651881480000,0.6022,0.6025,0.6019,0.6023,92704.0
1651881540000,0.6022,0.6025,0.6018,0.6022,246029.0
1651881600000,0.6022,0.6028,0.6021,0.6027,335828.0
1651881660000,0.6026,0.6027,0.6022,0.6024,320677.0
1651881720000,0.6025,0.6027,0.6012,0.6012,1227639.0
1651881780000,0.6013,0.6015,0.6006,0.6007,245101.0
1651881840000,0.6007,0.6012,0.6007,0.6011,125335.0
1651881900000,0.6011,0.6014,0.601,0.601,118014.0
1651881960000,0.6011,0.6011,0.6009,0.6011,218533.0
1651882020000,0.6012,0.6012,0.6009,0.6012,352741.0
1651882080000,0.6012,0.6016,0.6012,0.6015,55793.0
1651882140000,0.6016,0.6016,0.601,0.6015,325011.0
1651882200000,0.6014,0.6018,0.6008,0.6018,615003.0
1651882260000,0.6017,0.6025,0.6017,0.6023,304379.0
1651882320000,0.6024,0.603,0.6023,0.6029,179249.0
1651882380000,0.6029,0.6032,0.6028,0.6029,112747.0
1651882440000,0.603,0.6032,0.6025,0.6029,173236.0
1651882500000,0.603,0.6037,0.6029,0.6037,104059.0
1651882560000,0.6036,0.6038,0.603,0.6031,216996.0
1651882620000,0.6031,0.6031,0.602,0.602,279708.0
1651882680000,0.602,0.602,0.6016,0.6019,233839.0
1651882740000,0.6018,0.6022,0.6016,0.6017,472369.0
1651882800000,0.6017,0.6018,0.6014,0.6016,78831.0
1651882860000,0.6016,0.6024,0.6016,0.6022,165821.0
1651882920000,0.6021,0.6022,0.6015,0.6021,264313.0
1651882980000,0.6021,0.6024,0.6019,0.6019,280497.0
1651883040000,0.6019,0.6019,0.6016,0.6016,54501.0
1651883100000,0.6017,0.6022,0.6016,0.602,392073.0
1651883160000,0.6021,0.6021,0.6016,0.6016,155543.0
1651883220000,0.6016,0.6018,0.6009,0.6017,765002.0
1651883280000,0.6018,0.6019,0.6017,0.6017,133452.0
1651883340000,0.6017,0.6017,0.6014,0.6015,96995.0
1651883400000,0.6014,0.602,0.6014,0.6019,76148.0
1651883460000,0.6019,0.6026,0.6019,0.6024,148335.0
1651883520000,0.6025,0.6026,0.6022,0.6025,172499.0
1651883580000,0.6024,0.6025,0.602,0.602,290466.0
1651883640000,0.602,0.6023,0.602,0.6022,38740.0
1651883700000,0.6021,0.6023,0.602,0.6023,105307.0
1651883760000,0.6023,0.6023,0.602,0.602,161841.0
1651883820000,0.6021,0.6021,0.6017,0.6018,193155.0
1651883880000,0.6018,0.6019,0.6014,0.6018,199811.0
1651883940000,0.6018,0.6024,0.6018,0.6021,152411.0
1651884000000,0.602,0.6032,0.6019,0.603,196229.0
1651884060000,0.6031,0.6035,0.6031,0.6033,57005.0
1651884120000,0.6034,0.604,0.6033,0.6039,207840.0
1651884180000,0.6039,0.6043,0.6039,0.6041,79183.0
1651884240000,0.6041,0.6042,0.6036,0.6036,193707.0
1651884300000,0.6035,0.6036,0.6033,0.6035,95163.0
1651884360000,0.6035,0.6036,0.6034,0.6034,79121.0
1651884420000,0.6034,0.6035,0.602,0.6025,301686.0
1651884480000,0.6025,0.6025,0.6018,0.6018,248578.0
1651884540000,0.6019,0.6024,0.6019,0.6023,62335.0
1651884600000,0.6024,0.6031,0.6024,0.6031,134030.0
1651884660000,0.6032,0.6035,0.6031,0.6031,170742.0
1651884720000,0.6032,0.6044,0.6032,0.6041,284659.0
1651884780000,0.604,0.6043,0.6035,0.6035,198583.0
1651884840000,0.6035,0.6042,0.6034,0.6041,202977.0
1651884900000,0.604,0.6043,0.6039,0.604,180332.0
1651884960000,0.604,0.6041,0.6039,0.6041,72545.0
1651885020000,0.6041,0.6042,0.6028,0.6028,269036.0
1651885080000,0.6029,0.6031,0.6027,0.6031,74399.0
1651885140000,0.6031,0.6032,0.6029,0.603,199847.0
1651885200000,0.603,0.603,0.6026,0.6029,124482.0
1651885260000,0.603,0.603,0.6027,0.6027,129282.0
1651885320000,0.6027,0.6034,0.6023,0.6033,434807.0
1651885380000,0.6033,0.6038,0.6033,0.6035,136531.0
1651885440000,0.6036,0.6038,0.6033,0.6036,162133.0
1651885500000,0.6035,0.6036,0.6029,0.6032,748033.0
1651885560000,0.6032,0.6035,0.6032,0.6033,119069.0
1651885620000,0.6033,0.6041,0.6033,0.6034,418131.0
1651885680000,0.6034,0.6042,0.6034,0.6041,95747.0
1651885740000,0.6041,0.6043,0.604,0.6043,104390.0
1651885800000,0.6043,0.6043,0.6037,0.6038,69483.0
1651885860000,0.6037,0.604,0.6037,0.604,126283.0
1651885920000,0.604,0.6042,0.6036,0.6039,174878.0
1651885980000,0.604,0.6042,0.6037,0.6041,150394.0
1651886040000,0.604,0.604,0.6033,0.6036,70522.0
1651886100000,0.6036,0.6037,0.6033,0.6036,55966.0
1651886160000,0.6036,0.6037,0.6033,0.6033,131509.0
1651886220000,0.6032,0.6033,0.603,0.6032,122643.0
1651886280000,0.6031,0.6041,0.6031,0.6039,170410.0
1651886340000,0.6039,0.6039,0.6034,0.6034,90096.0
1651886400000,0.6034,0.6036,0.6032,0.6032,66429.0
1651886460000,0.6032,0.6033,0.603,0.603,30402.0
1651886520000,0.603,0.6031,0.6025,0.6026,221282.0
1651886580000,0.6025,0.6027,0.602,0.6026,173476.0
1651886640000,0.6027,0.6027,0.6023,0.6027,199983.0
1651886700000,0.6026,0.6027,0.6018,0.6022,268061.0
1651886760000,0.6022,0.6025,0.6022,0.6025,64875.0
1651886820000,0.6025,0.6025,0.602,0.6021,252703.0
1651886880000,0.6022,0.6026,0.602,0.602,192449.0
1651886940000,0.6021,0.6021,0.6017,0.6018,141482.0
1651887000000,0.6018,0.602,0.6015,0.602,161804.0
1651887060000,0.6019,0.6021,0.6017,0.6018,93965.0
1651887120000,0.6017,0.6018,0.6015,0.6016,170593.0
1651887180000,0.6017,0.6017,0.6013,0.6015,226384.0
1651887240000,0.6013,0.6014,0.6,0.6005,355532.0
1651887300000,0.6005,0.6008,0.6001,0.6005,138292.0
1651887360000,0.6005,0.6007,0.6001,0.6001,77487.0
1651887420000,0.6002,0.6005,0.6001,0.6001,68815.0
1651887480000,0.6002,0.6006,0.6001,0.6004,78114.0
1651887540000,0.6005,0.6005,0.6001,0.6002,65210.0
1651887600000,0.6001,0.6003,0.6001,0.6003,25962.0
1651887660000,0.6002,0.6006,0.6002,0.6006,111677.0
1651887720000,0.6006,0.6007,0.6002,0.6004,101884.0
1651887780000,0.6005,0.6005,0.6001,0.6002,106298.0
1651887840000,0.6001,0.6001,0.5997,0.5997,239769.0
1651887900000,0.5998,0.5998,0.5982,0.5987,634978.0
1651887960000,0.5987,0.5987,0.598,0.5987,291118.0
1651888020000,0.5986,0.5987,0.5981,0.5986,185653.0
1651888080000,0.5986,0.5988,0.5984,0.5986,81868.0
1651888140000,0.5985,0.5987,0.5982,0.5986,132031.0
1651888200000,0.5987,0.5991,0.5987,0.599,139222.0
1651888260000,0.599,0.5995,0.5989,0.5993,70019.0
1651888320000,0.5994,0.5997,0.5993,0.5995,91407.0
1651888380000,0.5995,0.5997,0.5993,0.5996,37039.0
1651888440000,0.5995,0.6001,0.5995,0.5999,161103.0
1651888500000,0.5999,0.6004,0.5999,0.6,79304.0
1651888560000,0.6,0.6008,0.5999,0.6004,243582.0
1651888620000,0.6004,0.6008,0.6004,0.6006,132899.0
1651888680000,0.6006,0.6008,0.6003,0.6004,90542.0
1651888740000,0.6004,0.6007,0.6004,0.6006,91925.0
1651888800000,0.6007,0.6011,0.6007,0.601,98239.0
1651888860000,0.6011,0.6011,0.6008,0.6009,100928.0
1651888920000,0.6008,0.6009,0.6002,0.6002,99847.0
1651888980000,0.6002,0.6002,0.5999,0.6001,75726.0
1651889040000,0.6,0.6001,0.5997,0.5998,98205.0
1651889100000,0.5998,0.6003,0.5997,0.6001,155995.0
1651889160000,0.6001,0.6002,0.5998,0.6,81947.0
1651889220000,0.5999,0.5999,0.5996,0.5997,113876.0
1651889280000,0.5997,0.5997,0.5994,0.5995,111240.0
1651889340000,0.5995,0.6001,0.5994,0.6,138020.0
1651889400000,0.6001,0.6004,0.6001,0.6002,134800.0
1651889460000,0.6003,0.6005,0.5999,0.6004,259285.0
1651889520000,0.6005,0.601,0.6004,0.6009,71196.0
1651889580000,0.601,0.601,0.6003,0.6003,92159.0
1651889640000,0.6002,0.6005,0.6001,0.6004,152552.0
1651889700000,0.6005,0.6005,0.6001,0.6004,123090.0
1651889760000,0.6005,0.6007,0.6004,0.6007,76937.0
1651889820000,0.6006,0.6007,0.6002,0.6005,212489.0
1651889880000,0.6006,0.6006,0.5994,0.5995,306457.0
1651889940000,0.5995,0.5996,0.5989,0.599,188172.0
1651890000000,0.599,0.5993,0.5989,0.599,247803.0
1651890060000,0.5992,0.5992,0.5989,0.599,78470.0
1651890120000,0.5989,0.5995,0.5989,0.5993,87828.0
1651890180000,0.5994,0.5996,0.5992,0.5993,117987.0
1651890240000,0.5993,0.5993,0.5987,0.5987,79862.0
1651890300000,0.5987,0.5989,0.5986,0.5986,57408.0
1651890360000,0.5985,0.5985,0.598,0.5981,154801.0
1651890420000,0.5981,0.5982,0.5977,0.598,103989.0
1651890480000,0.598,0.5982,0.5977,0.5981,125057.0
1651890540000,0.5981,0.599,0.5977,0.599,150218.0
1651890600000,0.599,0.5992,0.5986,0.5989,248179.0
1651890660000,0.5989,0.5989,0.5985,0.5988,61262.0
1651890720000,0.5987,0.5989,0.5985,0.5987,127768.0
1651890780000,0.5986,0.5987,0.5984,0.5984,37066.0
1651890840000,0.5984,0.5988,0.5984,0.5987,39451.0
1651890900000,0.5988,0.5988,0.5979,0.5979,106413.0
1651890960000,0.5979,0.598,0.5974,0.5975,194152.0
1651891020000,0.5975,0.5976,0.5974,0.5975,60350.0
1651891080000,0.5974,0.5976,0.5974,0.5976,86643.0
1651891140000,0.5976,0.5977,0.5972,0.5972,127505.0
1651891200000,0.5972,0.5984,0.5972,0.5983,167193.0
1651891260000,0.5983,0.5987,0.5982,0.5986,100058.0
1651891320000,0.5986,0.5989,0.5985,0.5988,80268.0
1651891380000,0.5987,0.5991,0.5981,0.5988,167817.0
1651891440000,0.5989,0.5991,0.5987,0.5988,120041.0
1651891500000,0.5987,0.599,0.5987,0.5987,52837.0
1651891560000,0.5988,0.5988,0.5986,0.5988,71252.0
1651891620000,0.5987,0.5988,0.5987,0.5987,26781.0
1651891680000,0.5986,0.5987,0.5985,0.5985,52169.0
1651891740000,0.5985,0.5986,0.5983,0.5984,165634.0
1651891800000,0.5985,0.5986,0.5984,0.5985,88184.0
1651891860000,0.5985,0.5986,0.5982,0.5986,161774.0
1651891920000,0.5985,0.5987,0.5985,0.5986,18564.0
1651891980000,0.5986,0.5989,0.5986,0.5988,71465.0
1651892040000,0.5988,0.599,0.5987,0.5987,67764.0
1651892100000,0.5987,0.599,0.5987,0.5989,117589.0
1651892160000,0.5989,0.5989,0.5988,0.5988,44596.0
1651892220000,0.5989,0.5989,0.5985,0.5987,144890.0
1651892280000,0.5988,0.5989,0.5986,0.5986,103847.0
1651892340000,0.5986,0.5988,0.5984,0.5985,141458.0
1651892400000,0.5984,0.5985,0.5983,0.5984,112400.0
1651892460000,0.5985,0.5985,0.5984,0.5985,115439.0
1651892520000,0.5984,0.5988,0.5984,0.5986,61345.0
1651892580000,0.5986,0.5986,0.5985,0.5985,48367.0
1651892640000,0.5985,0.5986,0.5981,0.5982,45503.0
1651892700000,0.5982,0.5984,0.5982,0.5983,30606.0
1651892760000,0.5982,0.5983,0.598,0.5981,36153.0
1651892820000,0.598,0.598,0.5975,0.5976,131211.0
1651892880000,0.5976,0.5979,0.5972,0.5972,189976.0
1651892940000,0.5972,0.5976,0.5972,0.5973,154151.0
1651893000000,0.5972,0.5976,0.597,0.5971,249881.0
1651893060000,0.597,0.5974,0.597,0.5973,125068.0
1651893120000,0.5973,0.598,0.5973,0.5979,252454.0
1651893180000,0.598,0.5981,0.5979,0.598,90095.0
1651893240000,0.598,0.598,0.5976,0.5976,81260.0
1651893300000,0.5976,0.5983,0.5976,0.5982,177652.0
1651893360000,0.5982,0.5984,0.5982,0.5983,36201.0
1651893420000,0.5983,0.5984,0.5983,0.5983,21702.0
1651893480000,0.5984,0.5988,0.5983,0.5986,147806.0
1651893540000,0.5986,0.5987,0.5983,0.5985,45886.0
1651893600000,0.5984,0.5987,0.5984,0.5987,66684.0
1651893660000,0.5987,0.599,0.5987,0.5988,58696.0
1651893720000,0.5988,0.5988,0.5984,0.5985,139020.0
1651893780000,0.5984,0.5985,0.5983,0.5983,13290.0
1651893840000,0.5983,0.5984,0.598,0.598,132543.0
1651893900000,0.5981,0.5982,0.5979,0.598,45121.0
1651893960000,0.598,0.598,0.5974,0.5974,55300.0
1651894020000,0.5974,0.5977,0.597,0.5971,202546.0
1651894080000,0.597,0.5971,0.5953,0.5955,399485.0
1651894140000,0.5955,0.5968,0.5955,0.5966,436839.0
1651894200000,0.5967,0.5968,0.5964,0.5966,138250.0
1651894260000,0.5966,0.5966,0.5958,0.5965,180124.0
1651894320000,0.5965,0.597,0.5958,0.597,573705.0
1651894380000,0.597,0.5976,0.5969,0.5975,169640.0
1651894440000,0.5974,0.5974,0.5969,0.5974,214439.0
1651894500000,0.5974,0.5974,0.5969,0.5972,136667.0
1651894560000,0.5972,0.5974,0.5971,0.5973,138248.0
1651894620000,0.5973,0.5973,0.5971,0.5971,65348.0
1651894680000,0.5971,0.5971,0.5965,0.5965,128029.0
1651894740000,0.5966,0.597,0.5965,0.5968,284300.0
1651894800000,0.5968,0.5974,0.5967,0.5967,230854.0
1651894860000,0.5967,0.5969,0.5966,0.5967,112095.0
1651894920000,0.5966,0.5966,0.5963,0.5963,57389.0
1651894980000,0.5964,0.5965,0.5962,0.5962,52500.0
1651895040000,0.5963,0.5964,0.5962,0.5964,116846.0
1651895100000,0.5964,0.5969,0.5961,0.5969,66161.0
1651895160000,0.5968,0.5969,0.5965,0.5969,88968.0
1651895220000,0.5969,0.5971,0.5969,0.597,37703.0
1651895280000,0.597,0.5971,0.597,0.5971,31314.0
1651895340000,0.5971,0.5971,0.5964,0.5965,89550.0
1651895400000,0.5964,0.5968,0.5964,0.5966,111450.0
1651895460000,0.5966,0.5968,0.5962,0.5962,51391.0
1651895520000,0.5962,0.5965,0.5962,0.5964,30823.0
1651895580000,0.5964,0.5965,0.5964,0.5965,15308.0
1651895640000,0.5964,0.5965,0.5964,0.5965,28836.0
1651895700000,0.5965,0.5966,0.5965,0.5965,37334.0
1651895760000,0.5966,0.5966,0.5961,0.5961,86398.0
1651895820000,0.596,0.596,0.5951,0.5951,170039.0
1651895880000,0.5951,0.5955,0.5944,0.595,444100.0
1651895940000,0.595,0.5952,0.5948,0.595,292863.0
1651896000000,0.595,0.5953,0.5947,0.5949,123258.0
1651896060000,0.595,0.595,0.5948,0.5949,93763.0
1651896120000,0.5948,0.5952,0.5947,0.5952,189608.0
1651896180000,0.5953,0.5959,0.5953,0.5959,46280.0
1651896240000,0.5959,0.596,0.5958,0.5958,70127.0
1651896300000,0.5959,0.596,0.5953,0.5954,162052.0
1651896360000,0.5954,0.5954,0.5949,0.595,193730.0
1651896420000,0.595,0.5954,0.5949,0.5952,138380.0
1651896480000,0.5952,0.5954,0.5945,0.5945,184230.0
1651896540000,0.5946,0.595,0.5946,0.5949,67783.0
1651896600000,0.595,0.5951,0.595,0.595,19672.0
1651896660000,0.595,0.5951,0.5947,0.5948,108347.0
1651896720000,0.5947,0.5948,0.5932,0.5938,376837.0
1651896780000,0.5937,0.594,0.5936,0.594,178483.0
1651896840000,0.5939,0.5946,0.5939,0.5945,160929.0
1651896900000,0.5946,0.5947,0.5942,0.5945,163094.0
1651896960000,0.5946,0.5947,0.594,0.5942,323581.0
1651897020000,0.5942,0.5943,0.5935,0.5939,344269.0
1651897080000,0.5939,0.5943,0.5937,0.5942,108422.0
1651897140000,0.5941,0.5943,0.5941,0.5943,73713.0
1651897200000,0.5943,0.5944,0.5938,0.5938,286259.0
1651897260000,0.5939,0.5946,0.5938,0.5945,399905.0
1651897320000,0.5945,0.5954,0.5942,0.5953,359597.0
1651897380000,0.5953,0.5963,0.5953,0.5962,160943.0
1651897440000,0.5963,0.597,0.5963,0.5969,161581.0
1651897500000,0.5969,0.5975,0.5969,0.5969,437502.0
1651897560000,0.5969,0.597,0.5962,0.5963,126549.0
1651897620000,0.5964,0.5968,0.5964,0.5966,125382.0
1651897680000,0.5966,0.5969,0.5966,0.5967,125805.0
1651897740000,0.5967,0.5973,0.5963,0.597,276714.0
1651897800000,0.597,0.5971,0.5966,0.5969,103850.0
1651897860000,0.597,0.5971,0.5968,0.5968,49384.0
1651897920000,0.5968,0.5969,0.5963,0.5967,185304.0
1651897980000,0.5966,0.5968,0.5964,0.5968,85381.0
1651898040000,0.5968,0.5969,0.5965,0.5965,97276.0
1651898100000,0.5964,0.5965,0.5961,0.5963,249308.0
1651898160000,0.5963,0.5964,0.5959,0.596,94963.0
1651898220000,0.5959,0.5964,0.5959,0.5961,298063.0
1651898280000,0.5962,0.5963,0.5961,0.5961,54387.0
1651898340000,0.5961,0.5962,0.5951,0.5956,409236.0
1651898400000,0.5956,0.5956,0.5951,0.5951,202669.0
1651898460000,0.5951,0.5953,0.595,0.5951,227335.0
1651898520000,0.5952,0.5955,0.5951,0.5955,53449.0
1651898580000,0.5954,0.5956,0.5953,0.5954,162923.0
1651898640000,0.5954,0.5954,0.5949,0.595,158072.0
1651898700000,0.5949,0.5953,0.5949,0.595,122736.0
1651898760000,0.595,0.5952,0.5949,0.5951,175842.0
1651898820000,0.5951,0.5952,0.595,0.5952,36004.0
1651898880000,0.5952,0.5953,0.5949,0.5949,87119.0
1651898940000,0.5949,0.595,0.5944,0.5947,227184.0
1651899000000,0.5947,0.5947,0.5942,0.5943,304960.0
1651899060000,0.5943,0.5946,0.5943,0.5945,79189.0
1651899120000,0.5944,0.5948,0.5941,0.5947,776677.0
1651899180000,0.5947,0.5948,0.5943,0.5948,110564.0
1651899240000,0.5947,0.595,0.5947,0.595,63078.0
1651899300000,0.595,0.5953,0.595,0.595,46615.0
1651899360000,0.5951,0.5952,0.5948,0.5949,89911.0
1651899420000,0.5949,0.5949,0.5942,0.5942,119508.0
1651899480000,0.5942,0.5942,0.5929,0.5933,305972.0
1651899540000,0.5933,0.5936,0.5928,0.5932,130925.0
1651899600000,0.5931,0.5934,0.5924,0.5934,386166.0
1651899660000,0.5934,0.594,0.5933,0.594,119420.0
1651899720000,0.5939,0.594,0.5935,0.5935,147684.0
1651899780000,0.5935,0.5937,0.5933,0.5935,60399.0
1651899840000,0.5935,0.5946,0.5935,0.5945,265816.0
1651899900000,0.5944,0.5947,0.594,0.594,51720.0
1651899960000,0.5941,0.5943,0.594,0.5942,33355.0
1651900020000,0.5943,0.5946,0.5942,0.5945,46412.0
1651900080000,0.5945,0.5947,0.5944,0.5947,26891.0
1651900140000,0.5946,0.5955,0.5946,0.5952,82364.0
1651900200000,0.5952,0.5956,0.5952,0.5955,76130.0
1651900260000,0.5956,0.5956,0.5952,0.5953,166642.0
1651900320000,0.5953,0.5953,0.5949,0.5949,35273.0
1651900380000,0.5948,0.5951,0.5948,0.5948,218989.0
1651900440000,0.5949,0.5949,0.5944,0.5947,102070.0
1651900500000,0.5948,0.5951,0.5945,0.5946,168703.0
1651900560000,0.5945,0.5949,0.5943,0.5947,407897.0
1651900620000,0.5947,0.5948,0.5945,0.5946,49292.0
1651900680000,0.5946,0.595,0.5946,0.5949,66037.0
1651900740000,0.5949,0.5955,0.5948,0.5955,91523.0
1651900800000,0.5954,0.596,0.5954,0.596,137279.0
1651900860000,0.5959,0.5963,0.5959,0.5963,67988.0
1651900920000,0.5963,0.5978,0.5963,0.5972,561606.0
1651900980000,0.5972,0.5976,0.5971,0.5971,186310.0
1651901040000,0.5971,0.5974,0.597,0.5971,113049.0
1651901100000,0.5971,0.5971,0.5968,0.5969,119125.0
1651901160000,0.5969,0.5971,0.5968,0.597,37265.0
1651901220000,0.597,0.5974,0.5968,0.5972,144683.0
1651901280000,0.5972,0.5979,0.5972,0.5978,183281.0
1651901340000,0.5978,0.5978,0.5971,0.5973,259043.0
1651901400000,0.5972,0.5975,0.597,0.5971,273434.0
1651901460000,0.597,0.597,0.5966,0.5968,170986.0
1651901520000,0.5969,0.5972,0.5967,0.5969,133318.0
1651901580000,0.5969,0.5972,0.5967,0.5972,192911.0
1651901640000,0.5972,0.5974,0.5972,0.5973,177282.0
1651901700000,0.5974,0.5974,0.5971,0.5971,68024.0
1651901760000,0.5971,0.5972,0.5969,0.597,83802.0
1651901820000,0.5969,0.5971,0.5966,0.5968,287684.0
1651901880000,0.5969,0.5969,0.5965,0.5965,33019.0
1651901940000,0.5966,0.5968,0.5964,0.5967,50188.0
1651902000000,0.5967,0.5971,0.5966,0.597,134601.0
1651902060000,0.597,0.597,0.5966,0.5966,68275.0
1651902120000,0.5967,0.5974,0.5967,0.597,73264.0
1651902180000,0.5971,0.5977,0.5971,0.5977,274958.0
1651902240000,0.5977,0.5985,0.5977,0.5981,160256.0
1651902300000,0.5981,0.5982,0.5975,0.5975,137002.0
1651902360000,0.5975,0.5979,0.5975,0.5978,94709.0
1651902420000,0.5978,0.5982,0.5975,0.5981,270117.0
1651902480000,0.5981,0.5981,0.5974,0.5974,50989.0
1651902540000,0.5975,0.5986,0.5975,0.5982,607855.0
1651902600000,0.5982,0.5992,0.5981,0.5992,569966.0
1651902660000,0.5991,0.5993,0.5977,0.5978,872470.0
1651902720000,0.5977,0.5977,0.5963,0.5965,1673794.0
1651902780000,0.5965,0.5967,0.5957,0.5958,1222537.0
1651902840000,0.5958,0.5962,0.5956,0.596,682811.0
1651902900000,0.5959,0.5965,0.5957,0.5965,308041.0
1651902960000,0.5964,0.5969,0.5964,0.5968,77149.0
1651903020000,0.5968,0.597,0.5966,0.5966,107239.0
1651903080000,0.5966,0.5981,0.5966,0.5976,290498.0
1651903140000,0.5975,0.5979,0.5975,0.5978,225939.0
1651903200000,0.5978,0.5983,0.5978,0.5981,115262.0
1651903260000,0.5981,0.5982,0.598,0.5981,66010.0
1651903320000,0.598,0.5984,0.598,0.5984,78996.0
1651903380000,0.5984,0.5984,0.5981,0.5982,69273.0
1651903440000,0.5981,0.5983,0.5978,0.598,149654.0
1651903500000,0.5979,0.5979,0.5976,0.5977,103661.0
1651903560000,0.5977,0.598,0.5973,0.5976,180766.0
1651903620000,0.5975,0.5978,0.5973,0.5974,251164.0
1651903680000,0.5975,0.5976,0.5969,0.5971,125109.0
1651903740000,0.5972,0.5974,0.597,0.5973,141169.0
1651903800000,0.5974,0.5974,0.5971,0.5971,85163.0
1651903860000,0.5971,0.5974,0.5969,0.597,112518.0
1651903920000,0.5969,0.597,0.5969,0.5969,43267.0
1651903980000,0.5969,0.597,0.5965,0.5965,93492.0
1651904040000,0.5965,0.5966,0.596,0.596,37783.0
1651904100000,0.5961,0.5966,0.5953,0.5953,387365.0
1651904160000,0.5953,0.5957,0.5952,0.5956,362696.0
1651904220000,0.5956,0.5956,0.5953,0.5956,101989.0
1651904280000,0.5955,0.5956,0.5948,0.5949,275832.0
1651904340000,0.5949,0.5956,0.5949,0.5954,77032.0
1651904400000,0.5952,0.5952,0.595,0.595,162852.0
1651904460000,0.595,0.5951,0.5947,0.5951,290640.0
1651904520000,0.5952,0.5952,0.595,0.595,39150.0
1651904580000,0.595,0.5951,0.5948,0.5949,57080.0
1651904640000,0.5949,0.595,0.5949,0.595,28836.0
1651904700000,0.5949,0.5953,0.5949,0.5953,21821.0
1651904760000,0.5954,0.5956,0.5949,0.5952,139785.0
1651904820000,0.5953,0.5958,0.5953,0.5956,90513.0
1651904880000,0.5957,0.5962,0.5957,0.5959,126568.0
1651904940000,0.5959,0.596,0.5957,0.596,69704.0
1651905000000,0.596,0.5962,0.5959,0.5962,48844.0
1651905060000,0.5962,0.5966,0.5962,0.5966,40086.0
1651905120000,0.5965,0.5966,0.5964,0.5966,26749.0
1651905180000,0.5965,0.5972,0.5965,0.5971,50894.0
1651905240000,0.5971,0.5971,0.5965,0.5965,130892.0
1651905300000,0.5965,0.5966,0.5963,0.5963,26348.0
1651905360000,0.5963,0.5966,0.5963,0.5964,173106.0
1651905420000,0.5964,0.5968,0.5964,0.5967,85473.0
1651905480000,0.5968,0.5971,0.5967,0.5968,81106.0
1651905540000,0.5968,0.5968,0.5965,0.5965,21413.0
1651905600000,0.5965,0.5966,0.5964,0.5965,9623.0
1651905660000,0.5965,0.5965,0.5964,0.5965,87403.0
1651905720000,0.5965,0.5965,0.5956,0.5956,57227.0
1651905780000,0.5956,0.5958,0.5955,0.5955,54852.0
1651905840000,0.5956,0.5962,0.5955,0.596,83822.0
1651905900000,0.5961,0.5962,0.5957,0.5962,84968.0
1651905960000,0.5961,0.5964,0.596,0.5964,35947.0
1651906020000,0.5963,0.5967,0.5963,0.5966,86316.0
1651906080000,0.5966,0.5967,0.5965,0.5965,29302.0
1651906140000,0.5964,0.5964,0.5958,0.5958,72807.0
1651906200000,0.5958,0.5958,0.5954,0.5956,62142.0
1651906260000,0.5956,0.5957,0.5952,0.5955,173100.0
1651906320000,0.5954,0.5954,0.595,0.595,89265.0
1651906380000,0.595,0.5952,0.595,0.595,31513.0
1651906440000,0.5949,0.595,0.5945,0.5946,135783.0
1651906500000,0.5946,0.595,0.5944,0.5944,118609.0
1651906560000,0.5945,0.5945,0.594,0.594,203544.0
1651906620000,0.5941,0.5944,0.5941,0.5943,156921.0
1651906680000,0.5944,0.5946,0.5942,0.5942,119512.0
1651906740000,0.5942,0.5942,0.5935,0.5939,147590.0
1651906800000,0.5939,0.5939,0.5938,0.5938,5879.0
1651906860000,0.5939,0.5943,0.5938,0.5943,88448.0
1651906920000,0.5943,0.5945,0.5943,0.5945,46359.0
1651906980000,0.5945,0.5945,0.5944,0.5944,37147.0
1651907040000,0.5945,0.5945,0.5941,0.5942,55892.0
1651907100000,0.5941,0.5945,0.5941,0.5941,59631.0
1651907160000,0.5941,0.5944,0.5941,0.5944,18385.0
1651907220000,0.5944,0.595,0.5944,0.5947,78858.0
1651907280000,0.5948,0.5951,0.5947,0.5949,171123.0
1651907340000,0.5948,0.5948,0.5942,0.5947,215731.0
1651907400000,0.5947,0.5949,0.5937,0.5937,416043.0
1651907460000,0.5937,0.5937,0.5925,0.5934,421649.0
1651907520000,0.5934,0.5941,0.5934,0.5941,80934.0
1651907580000,0.594,0.5941,0.5939,0.5939,46115.0
1651907640000,0.594,0.5942,0.5939,0.5941,26621.0
1651907700000,0.5941,0.595,0.5941,0.595,78240.0
1651907760000,0.595,0.596,0.595,0.5957,227699.0
1651907820000,0.5957,0.5959,0.5953,0.5959,236788.0
1651907880000,0.5959,0.596,0.5956,0.5957,69899.0
1651907940000,0.5956,0.596,0.5954,0.5959,205292.0
1651908000000,0.5959,0.5964,0.5957,0.5963,195428.0
1651908060000,0.5962,0.5962,0.5958,0.5958,117303.0
1651908120000,0.5958,0.596,0.5957,0.5959,131736.0
1651908180000,0.5959,0.5959,0.5956,0.5959,32374.0
1651908240000,0.5958,0.5958,0.5956,0.5958,60252.0
1651908300000,0.5958,0.5958,0.5953,0.5954,85830.0
1651908360000,0.5954,0.5956,0.5953,0.5954,26050.0
1651908420000,0.5955,0.5959,0.5954,0.5959,52627.0
1651908480000,0.5959,0.596,0.5954,0.5957,250075.0
1651908540000,0.5957,0.5958,0.5954,0.5955,71581.0
1651908600000,0.5956,0.5958,0.5954,0.5956,82538.0
1651908660000,0.5956,0.5959,0.5956,0.5958,11843.0
1651908720000,0.5959,0.5962,0.5958,0.5959,82419.0
1651908780000,0.5959,0.5963,0.595,0.5962,744213.0
1651908840000,0.5962,0.5966,0.596,0.5964,380665.0
1651908900000,0.5962,0.5968,0.5962,0.5967,99148.0
1651908960000,0.5967,0.5974,0.5967,0.5971,289770.0
1651909020000,0.5971,0.5974,0.5969,0.5971,207048.0
1651909080000,0.597,0.5973,0.5967,0.5969,175819.0
1651909140000,0.597,0.5974,0.5969,0.597,96722.0
1651909200000,0.5971,0.5973,0.5971,0.5972,9166.0
1651909260000,0.5972,0.5976,0.5972,0.5972,191264.0
1651909320000,0.5972,0.5972,0.5964,0.5967,129428.0
1651909380000,0.5968,0.5968,0.5967,0.5967,13482.0
1651909440000,0.5967,0.597,0.5966,0.597,57910.0
1651909500000,0.597,0.5972,0.5968,0.5968,151015.0
1651909560000,0.5968,0.5974,0.5968,0.5973,237953.0
1651909620000,0.5974,0.5975,0.5971,0.5972,114376.0
1651909680000,0.5971,0.5977,0.5971,0.5977,135561.0
1651909740000,0.5977,0.5978,0.5972,0.5973,97377.0
1651909800000,0.5973,0.5975,0.5972,0.5973,141840.0
1651909860000,0.5972,0.5976,0.597,0.597,214777.0
1651909920000,0.5969,0.5973,0.5969,0.5973,94800.0
1651909980000,0.5972,0.5972,0.597,0.5971,59832.0
1651910040000,0.5971,0.5972,0.5967,0.5968,104748.0
1651910100000,0.5968,0.5973,0.5967,0.5968,192010.0
1651910160000,0.5969,0.5971,0.5968,0.597,7271.0
1651910220000,0.597,0.5971,0.5969,0.5971,21562.0
1651910280000,0.5971,0.5972,0.5969,0.5969,87074.0
1651910340000,0.597,0.597,0.5966,0.5967,71715.0
1651910400000,0.5968,0.5973,0.5967,0.5973,124046.0
1651910460000,0.5972,0.5973,0.5971,0.5973,122240.0
1651910520000,0.5972,0.5976,0.5972,0.5976,139990.0
1651910580000,0.5976,0.5982,0.5976,0.5977,143952.0
1651910640000,0.5977,0.5981,0.5977,0.5981,280755.0
1651910700000,0.598,0.598,0.5973,0.5973,45200.0
1651910760000,0.5973,0.5973,0.5968,0.5968,114954.0
1651910820000,0.5968,0.5969,0.5964,0.5964,83452.0
1651910880000,0.5963,0.5968,0.5963,0.5967,146736.0
1651910940000,0.5967,0.5967,0.5964,0.5965,38436.0
1651911000000,0.5964,0.5965,0.5963,0.5963,14741.0
1651911060000,0.5963,0.5967,0.5962,0.5964,62034.0
1651911120000,0.5965,0.5972,0.5965,0.5972,99654.0
1651911180000,0.5971,0.5975,0.5971,0.5975,79622.0
1651911240000,0.5975,0.5982,0.5975,0.5981,121354.0
1651911300000,0.5981,0.5999,0.5981,0.5997,589488.0
1651911360000,0.5997,0.6005,0.5995,0.6002,238522.0
1651911420000,0.6003,0.6003,0.5993,0.5994,160766.0
1651911480000,0.5994,0.5994,0.5986,0.5986,80911.0
1651911540000,0.5986,0.5991,0.5985,0.5987,108183.0
1651911600000,0.5987,0.5988,0.5979,0.5982,268394.0
1651911660000,0.5982,0.5983,0.5978,0.5978,148861.0
1651911720000,0.5978,0.5983,0.5978,0.5979,143057.0
1651911780000,0.598,0.598,0.5977,0.5978,76043.0
1651911840000,0.5978,0.598,0.5977,0.5978,63570.0
1651911900000,0.5978,0.5978,0.5971,0.5971,134479.0
1651911960000,0.5971,0.5971,0.5966,0.5966,184918.0
1651912020000,0.5965,0.5967,0.596,0.5961,63310.0
1651912080000,0.5961,0.5966,0.5961,0.5966,106058.0
1651912140000,0.5966,0.5975,0.5966,0.597,222883.0
1651912200000,0.5971,0.5975,0.5969,0.5973,248088.0
1651912260000,0.5975,0.598,0.5973,0.5974,126407.0
1651912320000,0.5973,0.5974,0.5969,0.5972,146331.0
1651912380000,0.5971,0.5972,0.5968,0.597,186753.0
1651912440000,0.597,0.5973,0.597,0.5971,113185.0
1651912500000,0.597,0.5971,0.597,0.5971,21632.0
1651912560000,0.5971,0.5971,0.5969,0.5969,58000.0
1651912620000,0.5969,0.5972,0.5968,0.5969,123685.0
1651912680000,0.5969,0.5973,0.5969,0.5971,85125.0
1651912740000,0.5971,0.5975,0.5971,0.5974,59717.0
1651912800000,0.5974,0.5974,0.597,0.5973,114830.0
1651912860000,0.5973,0.5974,0.5972,0.5974,64162.0
1651912920000,0.5975,0.5975,0.5974,0.5974,38269.0
1651912980000,0.5974,0.5978,0.5974,0.5976,50392.0
1651913040000,0.5976,0.5978,0.5974,0.5976,56402.0
1651913100000,0.5976,0.5984,0.5975,0.5984,193462.0
1651913160000,0.5984,0.599,0.5984,0.5989,170865.0
1651913220000,0.5988,0.5996,0.5985,0.5986,427278.0
1651913280000,0.5987,0.5991,0.5986,0.5987,120611.0
1651913340000,0.5987,0.599,0.5987,0.5989,67976.0
1651913400000,0.5989,0.5989,0.5983,0.5983,160585.0
1651913460000,0.5984,0.5987,0.5982,0.5984,184941.0
1651913520000,0.5984,0.5987,0.5984,0.5984,100384.0
1651913580000,0.5984,0.5987,0.5984,0.5985,63473.0
1651913640000,0.5985,0.5986,0.5985,0.5986,16805.0
1651913700000,0.5985,0.5986,0.5985,0.5985,19110.0
1651913760000,0.5985,0.5988,0.5985,0.5987,8250.0
1651913820000,0.5987,0.599,0.5987,0.5989,55244.0
1651913880000,0.5989,0.599,0.5983,0.5985,230249.0
1651913940000,0.5985,0.5989,0.5985,0.5986,174418.0
1651914000000,0.5986,0.599,0.5986,0.5988,39041.0
1651914060000,0.5986,0.5989,0.5986,0.5988,34209.0
1651914120000,0.5987,0.5988,0.5981,0.5983,161834.0
1651914180000,0.5984,0.5985,0.5983,0.5984,18024.0
1651914240000,0.5985,0.5985,0.5979,0.5979,82883.0
1651914300000,0.5979,0.5982,0.5979,0.598,210558.0
1651914360000,0.598,0.5981,0.5978,0.5978,66566.0
1651914420000,0.5977,0.5982,0.5977,0.5982,44624.0
1651914480000,0.5982,0.5982,0.5979,0.598,36993.0
1651914540000,0.598,0.598,0.5979,0.5979,9448.0
1651914600000,0.5979,0.5979,0.5976,0.5977,196903.0
1651914660000,0.5977,0.5985,0.5977,0.5985,325055.0
1651914720000,0.5985,0.5989,0.5985,0.5988,71416.0
1651914780000,0.5988,0.5991,0.5987,0.599,37933.0
1651914840000,0.599,0.5992,0.599,0.5992,55037.0
1651914900000,0.5991,0.5995,0.5991,0.5995,45666.0
1651914960000,0.5995,0.6,0.5995,0.5999,97187.0
1651915020000,0.6,0.6001,0.5995,0.5999,181521.0
1651915080000,0.6,0.6004,0.5998,0.6004,116607.0
1651915140000,0.6003,0.6003,0.5998,0.5999,110104.0
1651915200000,0.5999,0.5999,0.5994,0.5998,98502.0
1651915260000,0.5999,0.5999,0.5998,0.5998,46910.0
1651915320000,0.5998,0.5998,0.5994,0.5994,41017.0
1651915380000,0.5994,0.5995,0.5993,0.5993,39567.0
1651915440000,0.5992,0.5992,0.5989,0.5989,128438.0
1651915500000,0.599,0.599,0.5987,0.5987,40044.0
1651915560000,0.5987,0.5988,0.5987,0.5988,15464.0
1651915620000,0.5988,0.5991,0.5986,0.5986,171756.0
1651915680000,0.5987,0.5991,0.5986,0.599,104007.0
1651915740000,0.5991,0.5992,0.599,0.5992,54653.0
1651915800000,0.5992,0.5998,0.5992,0.5997,91717.0
1651915860000,0.5998,0.6,0.5993,0.5995,181984.0
1651915920000,0.5995,0.5996,0.5992,0.5993,21063.0
1651915980000,0.5992,0.5996,0.5992,0.5994,151630.0
1651916040000,0.5994,0.5994,0.599,0.5991,35291.0
1651916100000,0.5991,0.5991,0.5989,0.5989,42173.0
1651916160000,0.5989,0.5989,0.5987,0.5988,29240.0
1651916220000,0.5987,0.5989,0.5985,0.5988,80212.0
1651916280000,0.5988,0.5991,0.5987,0.5988,116006.0
1651916340000,0.5987,0.5988,0.5983,0.5984,100539.0
1651916400000,0.5985,0.5995,0.5984,0.5994,166058.0
1651916460000,0.5995,0.5996,0.5989,0.5989,62447.0
1651916520000,0.599,0.5993,0.599,0.5991,188392.0
1651916580000,0.5991,0.5993,0.599,0.5992,98900.0
1651916640000,0.5992,0.5992,0.5991,0.5991,29547.0
1651916700000,0.5991,0.5992,0.5984,0.5984,183048.0
1651916760000,0.5984,0.5986,0.5983,0.5984,76433.0
1651916820000,0.5983,0.5983,0.5976,0.5976,279695.0
1651916880000,0.5976,0.5976,0.5974,0.5975,39257.0
1651916940000,0.5976,0.5982,0.5975,0.5977,551486.0
1651917000000,0.5978,0.5978,0.5973,0.5974,347442.0
1651917060000,0.5975,0.5977,0.5974,0.5976,9604.0
1651917120000,0.5977,0.5978,0.5975,0.5976,40391.0
1651917180000,0.5975,0.5978,0.5973,0.5977,114590.0
1651917240000,0.5977,0.5978,0.5974,0.5976,79577.0
1651917300000,0.5975,0.5977,0.5974,0.5975,110817.0
1651917360000,0.5974,0.5979,0.5974,0.5976,224786.0
1651917420000,0.5977,0.5979,0.5976,0.5976,25271.0
1651917480000,0.5977,0.5977,0.5972,0.5972,88341.0
1651917540000,0.5973,0.5976,0.5973,0.5975,47201.0
1651917600000,0.5976,0.5977,0.5968,0.597,170352.0
1651917660000,0.597,0.5973,0.597,0.597,109206.0
1651917720000,0.5971,0.5975,0.597,0.5971,32323.0
1651917780000,0.5971,0.5974,0.5969,0.5974,30665.0
1651917840000,0.5975,0.5977,0.5974,0.5975,23748.0
1651917900000,0.5975,0.5975,0.5974,0.5975,19677.0
1651917960000,0.5975,0.5977,0.5974,0.5976,125647.0
1651918020000,0.5976,0.5979,0.5976,0.5977,57892.0
1651918080000,0.5978,0.5978,0.5977,0.5977,16827.0
1651918140000,0.5977,0.598,0.5976,0.598,164938.0
1651918200000,0.598,0.5981,0.5979,0.5981,108102.0
1651918260000,0.5981,0.5982,0.5977,0.5978,115624.0
1651918320000,0.5977,0.598,0.5977,0.5979,63102.0
1651918380000,0.598,0.598,0.5979,0.5979,30177.0
1651918440000,0.5979,0.5981,0.5978,0.5981,68086.0
1651918500000,0.5981,0.5983,0.598,0.598,76706.0
1651918560000,0.5979,0.5979,0.597,0.5976,153839.0
1651918620000,0.5976,0.5976,0.5973,0.5973,11136.0
1651918680000,0.5973,0.5976,0.5971,0.5975,160131.0
1651918740000,0.5975,0.5976,0.5974,0.5974,46132.0
1651918800000,0.5974,0.598,0.5974,0.598,97519.0
1651918860000,0.5981,0.5984,0.598,0.5982,24817.0
1651918920000,0.5982,0.5986,0.5982,0.5983,128948.0
1651918980000,0.5983,0.5983,0.5979,0.598,144631.0
1651919040000,0.5979,0.5984,0.5979,0.5983,90887.0
1651919100000,0.5984,0.5985,0.5983,0.5984,154472.0
1651919160000,0.5982,0.5987,0.5982,0.5985,65951.0
1651919220000,0.5985,0.5991,0.5985,0.599,69465.0
1651919280000,0.599,0.5992,0.599,0.5991,69983.0
1651919340000,0.5991,0.5994,0.5991,0.5992,77413.0
1651919400000,0.5992,0.5993,0.5988,0.5988,56023.0
1651919460000,0.5989,0.599,0.5988,0.5989,38185.0
1651919520000,0.5989,0.5991,0.5989,0.599,34570.0
1651919580000,0.599,0.599,0.5988,0.5989,53878.0
1651919640000,0.5989,0.5992,0.5988,0.5992,116344.0
1651919700000,0.5992,0.5996,0.5991,0.5994,53964.0
1651919760000,0.5994,0.601,0.5994,0.6009,441823.0
1651919820000,0.6008,0.6009,0.6001,0.6001,153935.0
1651919880000,0.6002,0.6007,0.6001,0.6003,129313.0
1651919940000,0.6003,0.6003,0.6,0.6002,146609.0
1651920000000,0.6001,0.6006,0.6001,0.6002,130942.0
1651920060000,0.6001,0.6002,0.5999,0.6001,79955.0
1651920120000,0.6001,0.6001,0.5996,0.5996,47931.0
1651920180000,0.5996,0.5998,0.5995,0.5997,45984.0
1651920240000,0.5998,0.5998,0.5994,0.5996,131319.0
1651920300000,0.5997,0.5999,0.5993,0.5998,457470.0
1651920360000,0.5999,0.5999,0.5993,0.5993,70464.0
1651920420000,0.5993,0.5996,0.5992,0.5992,34576.0
1651920480000,0.5993,0.6,0.5992,0.5997,71889.0
1651920540000,0.5997,0.5997,0.5994,0.5994,25977.0
1651920600000,0.5994,0.5997,0.5994,0.5997,59054.0
1651920660000,0.5997,0.5997,0.5992,0.5992,54563.0
1651920720000,0.5992,0.5994,0.5992,0.5993,73249.0
1651920780000,0.5994,0.5994,0.5983,0.5989,244797.0
1651920840000,0.5988,0.5989,0.5988,0.5989,10486.0
1651920900000,0.5988,0.599,0.5988,0.5989,88695.0
1651920960000,0.5989,0.599,0.5987,0.5989,102668.0
1651921020000,0.599,0.599,0.5989,0.599,15175.0
1651921080000,0.5989,0.5991,0.5989,0.5991,26245.0
1651921140000,0.5992,0.5994,0.5992,0.5992,97236.0
1651921200000,0.5992,0.5997,0.5992,0.5996,258778.0
1651921260000,0.5996,0.5997,0.599,0.5994,160384.0
1651921320000,0.5994,0.5998,0.5994,0.5997,66878.0
1651921380000,0.5998,0.5998,0.5996,0.5996,35634.0
1651921440000,0.5997,0.5997,0.5996,0.5997,50651.0
1651921500000,0.5997,0.5997,0.5994,0.5997,79877.0
1651921560000,0.5997,0.5997,0.5991,0.5991,144073.0
1651921620000,0.5991,0.5999,0.5991,0.5995,117475.0
1651921680000,0.5993,0.5994,0.5992,0.5993,50564.0
1651921740000,0.5993,0.5994,0.599,0.599,28808.0
1651921800000,0.5991,0.5995,0.599,0.5993,208665.0
1651921860000,0.5993,0.6,0.5993,0.6,137706.0
1651921920000,0.6,0.6,0.5999,0.5999,55476.0
1651921980000,0.5999,0.6005,0.5999,0.6004,224451.0
1651922040000,0.6004,0.6005,0.6002,0.6003,90454.0
1651922100000,0.6003,0.6005,0.6,0.6003,145427.0
1651922160000,0.6003,0.6009,0.6003,0.6006,94313.0
1651922220000,0.6005,0.6014,0.6005,0.6011,220490.0
1651922280000,0.6011,0.6015,0.601,0.6012,150052.0
1651922340000,0.6012,0.6013,0.6009,0.6009,96309.0
1651922400000,0.601,0.601,0.6003,0.6003,160779.0
1651922460000,0.6004,0.6006,0.6003,0.6005,64792.0
1651922520000,0.6005,0.6005,0.6001,0.6001,120100.0
1651922580000,0.6001,0.6003,0.6,0.6002,109063.0
1651922640000,0.6002,0.6002,0.5997,0.5998,364205.0
1651922700000,0.5997,0.5999,0.5997,0.5997,48525.0
1651922760000,0.5997,0.6,0.5997,0.5999,36194.0
1651922820000,0.6,0.6,0.5995,0.5995,38448.0
1651922880000,0.5996,0.5997,0.5995,0.5995,35966.0
1651922940000,0.5995,0.5996,0.5991,0.5992,23485.0
1651923000000,0.5992,0.5995,0.5988,0.5994,196906.0
1651923060000,0.5994,0.5996,0.5992,0.5994,37448.0
1651923120000,0.5995,0.5998,0.5994,0.5995,173952.0
1651923180000,0.5995,0.5996,0.5989,0.5992,852612.0
1651923240000,0.5992,0.5995,0.5992,0.5992,139886.0
1651923300000,0.5992,0.5992,0.5988,0.5988,86335.0
1651923360000,0.5988,0.5992,0.5986,0.5988,255138.0
1651923420000,0.5989,0.599,0.5988,0.5989,125423.0
1651923480000,0.5988,0.5988,0.5984,0.5986,101590.0
1651923540000,0.5986,0.5987,0.5982,0.5982,87690.0
1651923600000,0.5983,0.5983,0.5977,0.598,390730.0
1651923660000,0.598,0.5991,0.598,0.599,94268.0
1651923720000,0.599,0.5993,0.5985,0.5986,227051.0
1651923780000,0.5986,0.5988,0.5985,0.5986,124977.0
1651923840000,0.5985,0.5989,0.5985,0.5988,97544.0
1651923900000,0.5988,0.5993,0.5988,0.5988,232070.0
1651923960000,0.5989,0.5993,0.5989,0.5993,73216.0
1651924020000,0.5992,0.5992,0.599,0.599,60108.0
1651924080000,0.599,0.599,0.5986,0.5986,126378.0
1651924140000,0.5987,0.5988,0.5987,0.5987,26320.0
1651924200000,0.5987,0.5988,0.5986,0.5986,97455.0
1651924260000,0.5987,0.5987,0.5985,0.5986,6182.0
1651924320000,0.5986,0.5987,0.5985,0.5986,35914.0
1651924380000,0.5986,0.5987,0.5984,0.5985,48632.0
1651924440000,0.5984,0.5985,0.5984,0.5985,9235.0
1651924500000,0.5985,0.5985,0.598,0.5983,273004.0
1651924560000,0.5983,0.5983,0.5981,0.5981,102608.0
1651924620000,0.5981,0.5983,0.598,0.5983,62657.0
1651924680000,0.5984,0.5984,0.598,0.5983,49367.0
1651924740000,0.5983,0.5986,0.5982,0.5986,213575.0
1651924800000,0.5986,0.5989,0.5985,0.5986,170412.0
1651924860000,0.5986,0.5989,0.5985,0.5988,20878.0
1651924920000,0.5988,0.5991,0.5986,0.5987,117605.0
1651924980000,0.5987,0.5989,0.5986,0.5988,46914.0
1651925040000,0.5988,0.5989,0.5984,0.5984,71136.0
1651925100000,0.5984,0.5985,0.598,0.5981,355711.0
1651925160000,0.5981,0.5982,0.5978,0.5979,118373.0
1651925220000,0.5978,0.5979,0.5977,0.5978,87145.0
1651925280000,0.5977,0.598,0.5976,0.5979,136330.0
1651925340000,0.5979,0.5979,0.5976,0.5977,269729.0
1651925400000,0.5977,0.5978,0.5973,0.5975,198704.0
1651925460000,0.5974,0.5975,0.5973,0.5973,55412.0
1651925520000,0.5974,0.598,0.5974,0.5977,429425.0
1651925580000,0.5977,0.5977,0.5974,0.5977,153085.0
1651925640000,0.5977,0.598,0.5976,0.5979,81509.0
1651925700000,0.598,0.5982,0.5979,0.5981,52155.0
1651925760000,0.598,0.5982,0.5979,0.598,54374.0
1651925820000,0.598,0.5981,0.5976,0.5976,91729.0
1651925880000,0.5976,0.598,0.5976,0.5979,127574.0
1651925940000,0.5978,0.5979,0.5975,0.5975,104668.0
1651926000000,0.5975,0.5979,0.5975,0.5979,84109.0
1651926060000,0.5978,0.5979,0.5974,0.5975,106232.0
1651926120000,0.5974,0.5975,0.5974,0.5974,79862.0
1651926180000,0.5973,0.5974,0.5972,0.5974,49639.0
1651926240000,0.5973,0.5974,0.5972,0.5973,14072.0
1651926300000,0.5973,0.5975,0.5972,0.5974,71163.0
1651926360000,0.5975,0.5977,0.5974,0.5974,125192.0
1651926420000,0.5975,0.5975,0.5974,0.5975,57693.0
1651926480000,0.5974,0.5976,0.5974,0.5975,200241.0
1651926540000,0.5974,0.5975,0.5974,0.5975,171090.0
1651926600000,0.5975,0.5982,0.5975,0.5981,146069.0
1651926660000,0.5981,0.5981,0.5976,0.5979,188180.0
1651926720000,0.5978,0.5982,0.5978,0.598,96319.0
1651926780000,0.598,0.598,0.5976,0.5976,35507.0
1651926840000,0.5977,0.5983,0.5977,0.5981,88389.0
1651926900000,0.5982,0.5985,0.5981,0.5984,126123.0
1651926960000,0.5984,0.5985,0.5982,0.5982,106116.0
1651927020000,0.5983,0.5986,0.5981,0.5982,137018.0
1651927080000,0.5982,0.5985,0.5982,0.5985,56445.0
1651927140000,0.5984,0.5985,0.598,0.5982,266589.0
1651927200000,0.5982,0.5984,0.5982,0.5982,171642.0
1651927260000,0.5981,0.5982,0.5979,0.5979,26561.0
1651927320000,0.598,0.598,0.5976,0.5978,96831.0
1651927380000,0.5976,0.5977,0.597,0.597,107806.0
1651927440000,0.5971,0.5971,0.5957,0.596,637100.0
1651927500000,0.5959,0.5963,0.595,0.5956,380613.0
1651927560000,0.5956,0.596,0.5956,0.596,171414.0
1651927620000,0.596,0.5965,0.596,0.5964,118869.0
1651927680000,0.5964,0.5969,0.5964,0.5967,354199.0
1651927740000,0.5967,0.597,0.5966,0.5966,175888.0
1651927800000,0.5966,0.5971,0.5966,0.5968,225379.0
1651927860000,0.5967,0.5968,0.5964,0.5968,94967.0
1651927920000,0.5968,0.5968,0.5965,0.5966,213173.0
1651927980000,0.5965,0.5965,0.5961,0.5963,39799.0
1651928040000,0.5963,0.5968,0.5963,0.5967,10222.0
1651928100000,0.5968,0.5972,0.5968,0.597,246957.0
1651928160000,0.5969,0.5969,0.5964,0.5966,65674.0
1651928220000,0.5965,0.5966,0.5964,0.5964,14672.0
1651928280000,0.5965,0.5969,0.5965,0.5968,254996.0
1651928340000,0.5968,0.5973,0.5968,0.5973,36794.0
1651928400000,0.5973,0.5976,0.5972,0.5973,88117.0
1651928460000,0.5972,0.5974,0.5969,0.5971,178790.0
1651928520000,0.597,0.5974,0.597,0.5974,106624.0
1651928580000,0.5975,0.5975,0.5971,0.5971,78750.0
1651928640000,0.597,0.5971,0.5965,0.5968,72085.0
1651928700000,0.5968,0.5968,0.5964,0.5966,87480.0
1651928760000,0.5967,0.597,0.5966,0.5968,151786.0
1651928820000,0.5968,0.5968,0.5964,0.5964,60450.0
1651928880000,0.5964,0.5964,0.596,0.5961,160214.0
1651928940000,0.5961,0.5961,0.5959,0.5959,81929.0
1651929000000,0.596,0.5964,0.596,0.5963,99620.0
1651929060000,0.5962,0.5965,0.596,0.5961,71271.0
1651929120000,0.596,0.5961,0.5957,0.5957,164477.0
1651929180000,0.5958,0.5959,0.5955,0.5955,14979.0
1651929240000,0.5954,0.5957,0.5951,0.5955,306144.0
1651929300000,0.5955,0.5958,0.5954,0.5955,51406.0
1651929360000,0.5955,0.5955,0.5942,0.5946,693049.0
1651929420000,0.5946,0.5956,0.5946,0.5956,253378.0
1651929480000,0.5955,0.5957,0.5952,0.5954,111259.0
1651929540000,0.5954,0.5955,0.5954,0.5954,23478.0
1651929600000,0.5955,0.5963,0.5955,0.5963,279127.0
1651929660000,0.5962,0.5968,0.5962,0.5967,67019.0
1651929720000,0.5967,0.5967,0.5963,0.5964,38059.0
1651929780000,0.5963,0.5964,0.596,0.596,99212.0
1651929840000,0.596,0.5963,0.5959,0.5959,23183.0
1651929900000,0.596,0.5965,0.5959,0.5964,79416.0
1651929960000,0.5964,0.5965,0.5963,0.5964,31855.0
1651930020000,0.5964,0.5965,0.5963,0.5964,105492.0
1651930080000,0.5965,0.5965,0.5952,0.5955,104578.0
1651930140000,0.5954,0.5955,0.5947,0.5948,153397.0
1651930200000,0.5949,0.5953,0.5949,0.595,189831.0
1651930260000,0.595,0.5955,0.5944,0.5948,449932.0
1651930320000,0.5949,0.5951,0.5948,0.5951,163759.0
1651930380000,0.595,0.5952,0.5949,0.595,94232.0
1651930440000,0.5952,0.5952,0.5946,0.5949,222057.0
1651930500000,0.5949,0.595,0.5948,0.5949,45389.0
1651930560000,0.595,0.5955,0.5949,0.5952,253248.0
1651930620000,0.5951,0.5954,0.5951,0.5954,70596.0
1651930680000,0.5955,0.5955,0.5953,0.5954,28099.0
1651930740000,0.5954,0.5954,0.5952,0.5952,34356.0
1651930800000,0.5952,0.5955,0.5952,0.5955,80930.0
1651930860000,0.5956,0.5959,0.5955,0.5957,70121.0
1651930920000,0.5957,0.5958,0.5954,0.5955,184046.0
1651930980000,0.5954,0.5955,0.595,0.595,42171.0
1651931040000,0.595,0.5951,0.5941,0.5941,89830.0
1651931100000,0.5942,0.5947,0.5941,0.5944,330272.0
1651931160000,0.5944,0.5948,0.5944,0.5947,36674.0
1651931220000,0.5947,0.5948,0.5944,0.5945,131016.0
1651931280000,0.5945,0.5949,0.5945,0.5947,91067.0
1651931340000,0.5947,0.5949,0.5946,0.5947,69665.0
1651931400000,0.5947,0.5948,0.5947,0.5948,10621.0
1651931460000,0.5948,0.5952,0.5948,0.5952,15364.0
1651931520000,0.5952,0.5954,0.5949,0.5949,140053.0
1651931580000,0.5949,0.595,0.5947,0.595,45797.0
1651931640000,0.5949,0.5953,0.5949,0.5953,27708.0
1651931700000,0.5953,0.5953,0.5944,0.5948,461179.0
1651931760000,0.5948,0.5949,0.5946,0.5946,25855.0
1651931820000,0.5947,0.5951,0.5946,0.5951,66157.0
1651931880000,0.595,0.5954,0.595,0.5952,81620.0
1651931940000,0.5953,0.5953,0.5952,0.5952,7308.0
1651932000000,0.5952,0.5952,0.595,0.5951,22837.0
1651932060000,0.5951,0.5952,0.595,0.5952,32292.0
1651932120000,0.5951,0.5952,0.595,0.595,37009.0
1651932180000,0.595,0.5952,0.595,0.5951,23822.0
1651932240000,0.5951,0.5952,0.5949,0.5949,47800.0
1651932300000,0.5949,0.5952,0.5949,0.595,111708.0
1651932360000,0.595,0.595,0.5945,0.5949,218194.0
1651932420000,0.5949,0.5949,0.5948,0.5948,178212.0
1651932480000,0.5948,0.5949,0.5947,0.5947,12781.0
1651932540000,0.5946,0.5947,0.5943,0.5945,106475.0
1651932600000,0.5946,0.5947,0.5945,0.5946,32211.0
1651932660000,0.5945,0.5946,0.5942,0.5945,140150.0
1651932720000,0.5945,0.5948,0.5945,0.5947,34714.0
1651932780000,0.5947,0.5947,0.5944,0.5947,273172.0
1651932840000,0.5946,0.5949,0.5946,0.5946,137800.0
1651932900000,0.5946,0.5947,0.5942,0.5943,283897.0
1651932960000,0.5942,0.5944,0.5932,0.5941,1133345.0
1651933020000,0.5941,0.5951,0.5941,0.595,500365.0
1651933080000,0.595,0.5955,0.594,0.5944,631311.0
1651933140000,0.5944,0.5946,0.5943,0.5943,91343.0
1651933200000,0.5944,0.5949,0.5944,0.5946,68995.0
1651933260000,0.5946,0.5949,0.5945,0.5945,159271.0
1651933320000,0.5945,0.5947,0.5943,0.5944,131999.0
1651933380000,0.5943,0.5948,0.5943,0.5946,90232.0
1651933440000,0.5947,0.5947,0.5946,0.5946,8087.0
1651933500000,0.5946,0.595,0.5946,0.595,58278.0
1651933560000,0.595,0.595,0.5949,0.595,40622.0
1651933620000,0.5949,0.5949,0.5947,0.5947,298425.0
1651933680000,0.5948,0.5948,0.5947,0.5948,2456.0
1651933740000,0.5948,0.5948,0.5947,0.5948,3599.0
1651933800000,0.5948,0.5952,0.5947,0.5951,96336.0
1651933860000,0.5952,0.5957,0.5952,0.5956,163169.0
1651933920000,0.5956,0.5958,0.5955,0.5958,240749.0
1651933980000,0.5958,0.5959,0.5958,0.5959,12226.0
1651934040000,0.5959,0.596,0.5955,0.5956,114866.0
1651934100000,0.5956,0.5957,0.5956,0.5956,3687.0
1651934160000,0.5956,0.5957,0.5956,0.5956,42864.0
1651934220000,0.5955,0.5955,0.5946,0.5947,350528.0
1651934280000,0.5947,0.5951,0.5947,0.5951,176232.0
1651934340000,0.5951,0.5954,0.5951,0.5952,78426.0
1651934400000,0.5953,0.5953,0.595,0.5952,41654.0
1651934460000,0.5953,0.5953,0.5948,0.5951,75877.0
1651934520000,0.5951,0.5952,0.5951,0.5952,14287.0
1651934580000,0.5952,0.5952,0.5949,0.5951,84118.0
1651934640000,0.5952,0.5955,0.5951,0.5954,22236.0
1651934700000,0.5954,0.5955,0.5953,0.5955,38756.0
1651934760000,0.5955,0.5956,0.5954,0.5955,27241.0
1651934820000,0.5956,0.5956,0.5955,0.5956,7297.0
1651934880000,0.5955,0.5959,0.5955,0.5958,171569.0
1651934940000,0.5957,0.5957,0.5953,0.5954,106903.0
1651935000000,0.5954,0.5955,0.5953,0.5955,51762.0
1651935060000,0.5954,0.5962,0.5954,0.596,330187.0
1651935120000,0.596,0.5968,0.5959,0.5961,238968.0
1651935180000,0.5961,0.5963,0.5961,0.5962,67893.0
1651935240000,0.5963,0.5963,0.596,0.5961,38943.0
1651935300000,0.5961,0.5961,0.5959,0.5961,36223.0
1651935360000,0.5961,0.5963,0.596,0.5962,22226.0
1651935420000,0.5962,0.5963,0.5961,0.5962,126637.0
1651935480000,0.5962,0.5963,0.596,0.5961,58503.0
1651935540000,0.5961,0.5964,0.5961,0.5964,148533.0
1651935600000,0.5964,0.5968,0.5963,0.5968,238004.0
1651935660000,0.5968,0.5968,0.5963,0.5964,120171.0
1651935720000,0.5964,0.5965,0.5963,0.5965,66880.0
1651935780000,0.5964,0.5965,0.5958,0.5958,122810.0
1651935840000,0.5958,0.5959,0.5958,0.5958,12707.0
1651935900000,0.5958,0.5959,0.5957,0.5958,65345.0
1651935960000,0.5959,0.5965,0.5958,0.5964,274065.0
1651936020000,0.5964,0.5967,0.5964,0.5965,42538.0
1651936080000,0.5965,0.5966,0.5963,0.5966,23241.0
1651936140000,0.5965,0.5965,0.5963,0.5964,33047.0
1651936200000,0.5964,0.5965,0.5962,0.5963,86592.0
1651936260000,0.5963,0.5964,0.596,0.596,106046.0
1651936320000,0.596,0.5961,0.596,0.596,15694.0
1651936380000,0.5961,0.5963,0.596,0.5962,149097.0
1651936440000,0.5962,0.5968,0.5962,0.5967,109848.0
1651936500000,0.5967,0.5967,0.5966,0.5966,104560.0
1651936560000,0.5966,0.5967,0.5963,0.5963,72064.0
1651936620000,0.5963,0.5964,0.5963,0.5964,5997.0
1651936680000,0.5963,0.5964,0.5963,0.5964,16950.0
1651936740000,0.5963,0.5965,0.5959,0.5964,269443.0
1651936800000,0.5964,0.5967,0.5959,0.5959,198387.0
1651936860000,0.5959,0.596,0.5958,0.5958,29757.0
1651936920000,0.5959,0.5962,0.5959,0.5961,54973.0
1651936980000,0.5961,0.5967,0.596,0.5964,116372.0
1651937040000,0.5964,0.5973,0.5963,0.5971,118023.0
1651937100000,0.5971,0.5973,0.5968,0.5973,125866.0
1651937160000,0.5972,0.5972,0.5966,0.5966,46479.0
1651937220000,0.5965,0.5966,0.5964,0.5965,35805.0
1651937280000,0.5965,0.5965,0.5964,0.5965,38411.0
1651937340000,0.5965,0.5965,0.5959,0.596,100954.0
1651937400000,0.5961,0.5962,0.5961,0.5961,27694.0
1651937460000,0.5961,0.5962,0.596,0.596,43272.0
1651937520000,0.596,0.596,0.5956,0.5957,98208.0
1651937580000,0.5957,0.5957,0.5954,0.5956,55298.0
1651937640000,0.5956,0.5957,0.5956,0.5956,59413.0
1651937700000,0.5956,0.5956,0.5951,0.5952,191476.0
1651937760000,0.5952,0.5956,0.5951,0.5955,134977.0
1651937820000,0.5956,0.5956,0.5953,0.5954,31199.0
1651937880000,0.5954,0.5954,0.5951,0.5951,14624.0
1651937940000,0.5951,0.5951,0.5945,0.5946,164470.0
1651938000000,0.5946,0.5946,0.5944,0.5945,80708.0
1651938060000,0.5945,0.5946,0.5943,0.5943,18004.0
1651938120000,0.5944,0.5947,0.594,0.5944,257112.0
1651938180000,0.5943,0.5944,0.5941,0.5942,39812.0
1651938240000,0.5941,0.5942,0.5939,0.5941,116016.0
1651938300000,0.5941,0.5944,0.5941,0.5944,75961.0
1651938360000,0.5944,0.595,0.5943,0.595,91375.0
1651938420000,0.5949,0.595,0.5948,0.595,43908.0
1651938480000,0.5951,0.5954,0.595,0.5954,43640.0
1651938540000,0.5953,0.5955,0.5953,0.5953,36854.0
1651938600000,0.5954,0.5954,0.5953,0.5954,13600.0
1651938660000,0.5953,0.5955,0.5953,0.5954,65863.0
1651938720000,0.5955,0.5955,0.5953,0.5955,86905.0
1651938780000,0.5955,0.5955,0.595,0.595,109043.0
1651938840000,0.595,0.5952,0.5947,0.5949,212927.0
1651938900000,0.5949,0.595,0.5947,0.5948,62129.0
1651938960000,0.5948,0.5949,0.5948,0.5949,121782.0
1651939020000,0.5948,0.5948,0.5946,0.5946,40170.0
1651939080000,0.5946,0.5949,0.5945,0.5948,93656.0
1651939140000,0.5948,0.5951,0.5948,0.5949,85843.0
1651939200000,0.5949,0.5969,0.5948,0.5969,2929465.0
1651939260000,0.597,0.5979,0.597,0.5971,418650.0
1651939320000,0.597,0.5971,0.596,0.5962,209032.0
1651939380000,0.5963,0.5974,0.5963,0.5971,282636.0
1651939440000,0.5971,0.5974,0.5971,0.5972,57386.0
1651939500000,0.5973,0.5973,0.5968,0.5968,88847.0
1651939560000,0.5968,0.5969,0.5962,0.5968,175317.0
1651939620000,0.5967,0.5967,0.5963,0.5966,40847.0
1651939680000,0.5965,0.5966,0.5963,0.5965,69916.0
1651939740000,0.5965,0.5965,0.5962,0.5964,140948.0
1651939800000,0.5963,0.5964,0.596,0.5961,11737.0
1651939860000,0.5961,0.5961,0.5954,0.5955,118602.0
1651939920000,0.5956,0.5963,0.5955,0.5963,228755.0
1651939980000,0.5962,0.5964,0.5962,0.5964,35705.0
1651940040000,0.5964,0.5967,0.5963,0.5966,87452.0
1651940100000,0.5966,0.5966,0.5961,0.5963,149987.0
1651940160000,0.5964,0.5967,0.5964,0.5967,63922.0
1651940220000,0.5966,0.5966,0.5964,0.5965,18886.0
1651940280000,0.5965,0.5966,0.5965,0.5965,17248.0
1651940340000,0.5965,0.5966,0.5965,0.5966,16814.0
1651940400000,0.5966,0.5966,0.5964,0.5964,14152.0
1651940460000,0.5964,0.5965,0.5964,0.5965,23570.0
1651940520000,0.5965,0.5965,0.596,0.5961,25781.0
1651940580000,0.596,0.5963,0.5959,0.5962,30457.0
1651940640000,0.5962,0.5962,0.5956,0.5956,52060.0
1651940700000,0.5956,0.5959,0.5956,0.5958,37758.0
1651940760000,0.5959,0.5959,0.5952,0.5953,253154.0
1651940820000,0.5952,0.5952,0.595,0.595,262396.0
1651940880000,0.5951,0.5952,0.595,0.5952,29358.0
1651940940000,0.5952,0.5954,0.5951,0.5953,24389.0
1651941000000,0.5953,0.5953,0.595,0.5952,49615.0
1651941060000,0.5953,0.5953,0.5949,0.5951,139186.0
1651941120000,0.5952,0.5952,0.5949,0.5949,72272.0
1651941180000,0.5948,0.5951,0.5948,0.5951,85166.0
1651941240000,0.5951,0.5953,0.595,0.5953,26978.0
1651941300000,0.5952,0.5956,0.5952,0.5956,43265.0
1651941360000,0.5956,0.5956,0.5954,0.5956,48922.0
1651941420000,0.5956,0.5956,0.5951,0.5952,200775.0
1651941480000,0.5952,0.5954,0.5952,0.5953,31103.0
1651941540000,0.5953,0.5954,0.5952,0.5954,21600.0
1651941600000,0.5953,0.5954,0.5953,0.5954,27398.0
1651941660000,0.5953,0.5955,0.5953,0.5953,68382.0
1651941720000,0.5953,0.5955,0.5953,0.5955,21776.0
1651941780000,0.5955,0.5955,0.5953,0.5954,32948.0
1651941840000,0.5954,0.5955,0.595,0.595,165846.0
1651941900000,0.5951,0.5951,0.5949,0.5949,9135.0
1651941960000,0.5948,0.5948,0.5933,0.594,1004267.0
1651942020000,0.594,0.5941,0.594,0.594,70023.0
1651942080000,0.5941,0.5941,0.594,0.5941,8163.0
1651942140000,0.5941,0.5941,0.594,0.5941,10247.0
1651942200000,0.5941,0.5941,0.5925,0.5933,707606.0
1651942260000,0.5932,0.5933,0.5923,0.5928,249024.0
1651942320000,0.5928,0.5938,0.5927,0.5937,265941.0
1651942380000,0.5938,0.5938,0.593,0.5936,364171.0
1651942440000,0.5937,0.5937,0.5933,0.5936,130973.0
1651942500000,0.5936,0.5939,0.5933,0.5939,78674.0
1651942560000,0.5938,0.5941,0.5938,0.5941,60034.0
1651942620000,0.5941,0.5948,0.5941,0.5947,117433.0
1651942680000,0.5947,0.5956,0.5947,0.5954,101693.0
1651942740000,0.5954,0.5955,0.5953,0.5954,61415.0
1651942800000,0.5954,0.5956,0.5953,0.5956,28686.0
1651942860000,0.5956,0.5958,0.5954,0.5958,135901.0
1651942920000,0.5958,0.5959,0.5957,0.5959,16183.0
1651942980000,0.5959,0.5959,0.5954,0.5955,54926.0
1651943040000,0.5956,0.5956,0.5948,0.5951,138769.0
1651943100000,0.5952,0.5952,0.5948,0.5948,46847.0
1651943160000,0.5948,0.5949,0.5946,0.5946,60353.0
1651943220000,0.5947,0.5947,0.594,0.594,72226.0
1651943280000,0.594,0.5943,0.594,0.5941,26074.0
1651943340000,0.5941,0.5941,0.594,0.5941,10243.0
1651943400000,0.594,0.594,0.5936,0.5938,215599.0
1651943460000,0.5938,0.5938,0.5936,0.5936,29774.0
1651943520000,0.5937,0.5938,0.5935,0.5937,82641.0
1651943580000,0.5938,0.5942,0.5935,0.5942,219014.0
1651943640000,0.5941,0.5946,0.5941,0.5943,186235.0
1651943700000,0.5942,0.5943,0.5941,0.5942,65048.0
1651943760000,0.5942,0.5942,0.5938,0.5938,39933.0
1651943820000,0.5939,0.5939,0.5938,0.5938,12359.0
1651943880000,0.5939,0.5939,0.5938,0.5939,3848.0
1651943940000,0.5938,0.5945,0.5938,0.5945,88539.0
1651944000000,0.5945,0.5945,0.5937,0.5937,278878.0
1651944060000,0.5937,0.5939,0.5937,0.5938,37791.0
1651944120000,0.5937,0.5938,0.5935,0.5936,40499.0
1651944180000,0.5935,0.5937,0.5934,0.5937,61613.0
1651944240000,0.5937,0.5944,0.5937,0.5942,94556.0
1651944300000,0.5942,0.5945,0.5942,0.5944,32172.0
1651944360000,0.5944,0.5945,0.5942,0.5944,54504.0
1651944420000,0.5944,0.5948,0.5944,0.5947,108148.0
1651944480000,0.5947,0.5949,0.5946,0.5948,37170.0
1651944540000,0.5948,0.5949,0.5945,0.5945,17734.0
1651944600000,0.5945,0.5947,0.5945,0.5947,51300.0
1651944660000,0.5946,0.5949,0.5946,0.5946,54639.0
1651944720000,0.5946,0.5946,0.5945,0.5946,58463.0
1651944780000,0.5945,0.5946,0.5944,0.5944,27422.0
1651944840000,0.5944,0.5944,0.5931,0.5934,106406.0
1651944900000,0.5933,0.5938,0.5933,0.5935,81079.0
1651944960000,0.5934,0.5934,0.5926,0.5928,218015.0
1651945020000,0.5929,0.593,0.5913,0.5918,950597.0
1651945080000,0.5917,0.5923,0.5915,0.5922,157980.0
1651945140000,0.5922,0.5923,0.5921,0.5923,35981.0
1651945200000,0.5923,0.5925,0.5922,0.5923,103931.0
1651945260000,0.5924,0.5932,0.5924,0.5932,53560.0
1651945320000,0.5932,0.5932,0.5929,0.593,134150.0
1651945380000,0.593,0.5931,0.593,0.593,12439.0
1651945440000,0.5931,0.5934,0.593,0.5933,89153.0
1651945500000,0.5932,0.5933,0.5927,0.5932,146778.0
1651945560000,0.5932,0.5932,0.5925,0.5928,188153.0
1651945620000,0.5929,0.5929,0.5926,0.5926,7697.0
1651945680000,0.5925,0.5928,0.5925,0.5927,23009.0
1651945740000,0.5927,0.5932,0.5926,0.5926,208249.0
1651945800000,0.5926,0.5929,0.5926,0.5926,76382.0
1651945860000,0.5926,0.5927,0.5924,0.5927,126652.0
1651945920000,0.5926,0.5928,0.5926,0.5928,20804.0
1651945980000,0.5928,0.5928,0.5927,0.5928,24599.0
1651946040000,0.5927,0.5929,0.5927,0.5928,18414.0
1651946100000,0.5928,0.5929,0.5928,0.5928,7573.0
1651946160000,0.5928,0.5929,0.5928,0.5928,12056.0
1651946220000,0.5929,0.5929,0.5925,0.5925,68111.0
1651946280000,0.5925,0.5928,0.5922,0.5927,61278.0
1651946340000,0.5928,0.5928,0.5925,0.5925,19078.0
1651946400000,0.5925,0.5925,0.5922,0.5923,127993.0
1651946460000,0.5923,0.5924,0.5922,0.5923,90403.0
1651946520000,0.5923,0.5927,0.5923,0.5927,18647.0
1651946580000,0.5926,0.5926,0.5924,0.5925,86195.0
1651946640000,0.5925,0.5931,0.5924,0.593,92637.0
1651946700000,0.5931,0.5931,0.5927,0.593,183681.0
1651946760000,0.593,0.593,0.5928,0.5929,9637.0
1651946820000,0.5928,0.5932,0.5928,0.5932,56020.0
1651946880000,0.5931,0.5932,0.5931,0.5932,27122.0
1651946940000,0.5932,0.5932,0.5929,0.593,70675.0
1651947000000,0.5929,0.593,0.5929,0.593,8213.0
1651947060000,0.593,0.593,0.5927,0.5927,23289.0
1651947120000,0.5927,0.5928,0.5926,0.5927,28274.0
1651947180000,0.5927,0.5932,0.5927,0.5929,77976.0
1651947240000,0.5929,0.5933,0.5929,0.5933,29931.0
1651947300000,0.5933,0.5944,0.5932,0.5942,412118.0
1651947360000,0.5942,0.5948,0.5942,0.5948,66956.0
1651947420000,0.5947,0.5947,0.5944,0.5944,31911.0
1651947480000,0.5944,0.5945,0.5942,0.5944,59985.0
1651947540000,0.5944,0.5952,0.5944,0.5951,350426.0
1651947600000,0.5952,0.5952,0.5948,0.5948,46403.0
1651947660000,0.5948,0.5951,0.5947,0.5951,42754.0
1651947720000,0.595,0.595,0.5946,0.5946,57199.0
1651947780000,0.5947,0.5947,0.5942,0.5943,38749.0
1651947840000,0.5943,0.5945,0.5942,0.5942,31801.0
1651947900000,0.5942,0.5943,0.594,0.5942,121273.0
1651947960000,0.5941,0.5942,0.5939,0.594,64792.0
1651948020000,0.5941,0.5942,0.594,0.594,30843.0
1651948080000,0.594,0.5942,0.5939,0.5939,94350.0
1651948140000,0.5939,0.5939,0.5936,0.5939,46035.0
1651948200000,0.5938,0.5939,0.5937,0.5939,22954.0
1651948260000,0.5938,0.5941,0.5938,0.5941,49568.0
1651948320000,0.594,0.5943,0.594,0.5942,37267.0
1651948380000,0.5942,0.5942,0.5938,0.5939,113766.0
1651948440000,0.5939,0.5939,0.5938,0.5939,8639.0
1651948500000,0.5938,0.5939,0.5938,0.5939,10021.0
1651948560000,0.5939,0.5939,0.5938,0.5939,42359.0
1651948620000,0.594,0.5944,0.5939,0.5944,32880.0
1651948680000,0.5944,0.5946,0.5943,0.5945,211027.0
1651948740000,0.5946,0.5947,0.5945,0.5947,4185.0
1651948800000,0.5946,0.5946,0.5944,0.5944,67153.0
1651948860000,0.5945,0.5945,0.5944,0.5944,4307.0
1651948920000,0.5945,0.5945,0.5943,0.5943,39059.0
1651948980000,0.5943,0.5944,0.5941,0.5941,23330.0
1651949040000,0.5941,0.5944,0.5939,0.5944,136983.0
1651949100000,0.5944,0.5945,0.5943,0.5944,27934.0
1651949160000,0.5945,0.5945,0.5943,0.5944,46779.0
1651949220000,0.5944,0.5944,0.5941,0.5941,71780.0
1651949280000,0.5942,0.5942,0.5934,0.5934,71199.0
1651949340000,0.5934,0.5937,0.5933,0.5937,330106.0
1651949400000,0.5938,0.5939,0.5937,0.5938,14369.0
1651949460000,0.5939,0.5939,0.5937,0.5938,23983.0
1651949520000,0.5938,0.5938,0.5937,0.5937,14842.0
1651949580000,0.5937,0.5938,0.5928,0.5928,284605.0
1651949640000,0.5928,0.5932,0.5927,0.5929,223598.0
1651949700000,0.5929,0.5936,0.5925,0.5934,390910.0
1651949760000,0.5934,0.5934,0.5932,0.5932,9200.0
1651949820000,0.5932,0.5933,0.5931,0.5932,7171.0
1651949880000,0.5932,0.5932,0.593,0.5931,23529.0
1651949940000,0.5931,0.5933,0.5931,0.5932,23928.0
1651950000000,0.5932,0.5934,0.593,0.5934,116294.0
1651950060000,0.5934,0.5939,0.5934,0.5939,171513.0
1651950120000,0.5938,0.5939,0.5937,0.5937,14788.0
1651950180000,0.5938,0.5938,0.5937,0.5938,21351.0
1651950240000,0.5938,0.594,0.5938,0.5939,11848.0
1651950300000,0.594,0.594,0.5938,0.594,6963.0
1651950360000,0.5939,0.594,0.5939,0.594,34801.0
1651950420000,0.5939,0.594,0.5933,0.5933,137606.0
1651950480000,0.5933,0.5937,0.5933,0.5937,51357.0
1651950540000,0.5936,0.5944,0.5936,0.5939,264518.0
1651950600000,0.5938,0.5938,0.5932,0.5935,211185.0
1651950660000,0.5935,0.5935,0.5934,0.5935,10712.0
1651950720000,0.5934,0.5935,0.5934,0.5935,15701.0
1651950780000,0.5935,0.5937,0.5934,0.5937,25118.0
1651950840000,0.5936,0.5937,0.5936,0.5937,6366.0
1651950900000,0.5937,0.5938,0.5936,0.5938,21794.0
1651950960000,0.5937,0.594,0.5937,0.5939,65932.0
1651951020000,0.5939,0.5942,0.5939,0.5941,10017.0
1651951080000,0.5942,0.5943,0.594,0.5941,119309.0
1651951140000,0.5941,0.5942,0.594,0.5941,25318.0
1651951200000,0.5941,0.5943,0.5941,0.5942,31926.0
1651951260000,0.5943,0.5943,0.5938,0.5938,51481.0
1651951320000,0.5938,0.5938,0.5931,0.5935,78964.0
1651951380000,0.5936,0.5936,0.593,0.5933,88206.0
1651951440000,0.5934,0.5934,0.5933,0.5933,4889.0
1651951500000,0.5933,0.5933,0.5931,0.5931,8418.0
1651951560000,0.5931,0.5933,0.593,0.5932,23825.0
1651951620000,0.5932,0.5936,0.5932,0.5936,38174.0
1651951680000,0.5935,0.5936,0.5935,0.5935,4066.0
1651951740000,0.5935,0.5935,0.5933,0.5935,41739.0
1651951800000,0.5935,0.5935,0.5933,0.5934,57867.0
1651951860000,0.5934,0.5935,0.5933,0.5934,17522.0
1651951920000,0.5933,0.5934,0.5933,0.5934,2085.0
1651951980000,0.5934,0.5936,0.5934,0.5934,38333.0
1651952040000,0.5935,0.5935,0.5934,0.5934,7015.0
1651952100000,0.5934,0.5935,0.5933,0.5933,24728.0
1651952160000,0.5933,0.5933,0.593,0.5933,198901.0
1651952220000,0.5932,0.5933,0.5931,0.5931,24596.0
1651952280000,0.5931,0.5934,0.5931,0.5933,308993.0
1651952340000,0.5933,0.5933,0.5931,0.5931,36377.0
1651952400000,0.5932,0.5932,0.5931,0.5931,14830.0
1651952460000,0.5931,0.5931,0.5926,0.5927,73840.0
1651952520000,0.5927,0.5933,0.5927,0.5933,119408.0
1651952580000,0.5932,0.5933,0.5932,0.5933,15976.0
1651952640000,0.5934,0.5936,0.5933,0.5934,48879.0
1651952700000,0.5933,0.5934,0.5931,0.5931,51885.0
1651952760000,0.593,0.5931,0.5928,0.5928,35124.0
1651952820000,0.5928,0.5929,0.5927,0.5927,42209.0
1651952880000,0.5926,0.593,0.5926,0.5929,140906.0
1651952940000,0.5929,0.5929,0.5928,0.5929,58305.0
1651953000000,0.593,0.593,0.5929,0.5929,1779.0
1651953060000,0.5929,0.5929,0.5927,0.5927,28761.0
1651953120000,0.5927,0.5928,0.5926,0.5926,13064.0
1651953180000,0.5927,0.5927,0.5925,0.5925,13977.0
1651953240000,0.5925,0.5925,0.5921,0.5921,428278.0
1651953300000,0.5921,0.5926,0.5921,0.5926,159252.0
1651953360000,0.5925,0.5925,0.5922,0.5924,166871.0
1651953420000,0.5925,0.5926,0.5924,0.5926,31173.0
1651953480000,0.5927,0.593,0.5921,0.5926,506605.0
1651953540000,0.5926,0.593,0.5926,0.5929,121200.0
1651953600000,0.5929,0.5929,0.5923,0.5924,63564.0
1651953660000,0.5923,0.5926,0.5923,0.5923,85759.0
1651953720000,0.5923,0.5924,0.5917,0.5923,528078.0
1651953780000,0.5923,0.5923,0.5917,0.5923,159265.0
1651953840000,0.5923,0.5924,0.5922,0.5922,136832.0
1651953900000,0.5923,0.593,0.5922,0.5929,139425.0
1651953960000,0.5928,0.5929,0.5926,0.5928,78703.0
1651954020000,0.5928,0.5929,0.5928,0.5929,5723.0
1651954080000,0.593,0.5938,0.5929,0.5932,569766.0
1651954140000,0.5931,0.5931,0.5929,0.5929,17696.0
1651954200000,0.5929,0.593,0.5928,0.5928,27202.0
1651954260000,0.5929,0.593,0.5927,0.5927,97157.0
1651954320000,0.5928,0.5931,0.5926,0.5927,24832.0
1651954380000,0.5927,0.5928,0.5927,0.5928,4834.0
1651954440000,0.5928,0.5928,0.5923,0.5923,33836.0
1651954500000,0.5923,0.5923,0.5922,0.5922,21407.0
1651954560000,0.5922,0.5923,0.5921,0.5923,14668.0
1651954620000,0.5922,0.5923,0.5922,0.5922,3336.0
1651954680000,0.5923,0.5926,0.5916,0.5925,644328.0
1651954740000,0.5925,0.5925,0.5923,0.5923,30846.0
1651954800000,0.5923,0.5924,0.5921,0.5922,37283.0
1651954860000,0.5921,0.5925,0.592,0.5925,149166.0
1651954920000,0.5924,0.5926,0.5924,0.5925,20632.0
1651954980000,0.5925,0.5926,0.5925,0.5925,8354.0
1651955040000,0.5926,0.5928,0.5925,0.5927,15335.0
1651955100000,0.5928,0.5929,0.5928,0.5928,20432.0
1651955160000,0.5928,0.5929,0.5925,0.5927,118485.0
1651955220000,0.5927,0.5927,0.5925,0.5926,3712.0
1651955280000,0.5925,0.5927,0.5923,0.5924,122328.0
1651955340000,0.5925,0.5926,0.5924,0.5926,46176.0
1651955400000,0.5927,0.5927,0.5924,0.5924,59012.0
1651955460000,0.5924,0.5924,0.5919,0.5919,137548.0
1651955520000,0.5918,0.5918,0.5907,0.5911,889641.0
1651955580000,0.5911,0.5912,0.5887,0.5902,1830805.0
1651955640000,0.5902,0.5903,0.5892,0.5897,1102918.0
1651955700000,0.5897,0.5907,0.5897,0.5904,384993.0
1651955760000,0.5903,0.5903,0.5898,0.5901,180204.0
1651955820000,0.59,0.59,0.5892,0.5892,158458.0
1651955880000,0.5892,0.5895,0.5891,0.5894,184021.0
1651955940000,0.5894,0.5895,0.5893,0.5894,48109.0
1651956000000,0.5893,0.5896,0.5893,0.5895,124727.0
1651956060000,0.5894,0.5898,0.5894,0.5896,245624.0
1651956120000,0.5897,0.5899,0.5894,0.5898,132128.0
1651956180000,0.5899,0.5899,0.5896,0.5896,88235.0
1651956240000,0.5897,0.5899,0.5894,0.5895,430112.0
1651956300000,0.5896,0.5898,0.5896,0.5898,36085.0
1651956360000,0.5898,0.5898,0.5891,0.5892,123215.0
1651956420000,0.5891,0.5894,0.5891,0.5894,195459.0
1651956480000,0.5893,0.5894,0.5891,0.5893,55485.0
1651956540000,0.5892,0.5896,0.5892,0.5896,98908.0
1651956600000,0.5896,0.5905,0.5896,0.5905,106116.0
1651956660000,0.5905,0.591,0.5905,0.5907,175245.0
1651956720000,0.5907,0.591,0.5907,0.5909,39786.0
1651956780000,0.5909,0.591,0.5906,0.5907,71261.0
1651956840000,0.5907,0.5907,0.5906,0.5906,20456.0
1651956900000,0.5907,0.5913,0.5907,0.5907,214226.0
1651956960000,0.5907,0.5911,0.5907,0.591,70027.0
1651957020000,0.5911,0.5913,0.5911,0.5912,11436.0
1651957080000,0.5912,0.5913,0.5903,0.5903,565781.0
1651957140000,0.5902,0.5905,0.5899,0.5905,159511.0
1651957200000,0.5905,0.5905,0.5902,0.5902,52442.0
1651957260000,0.5903,0.5905,0.5902,0.5902,81675.0
1651957320000,0.5903,0.5911,0.5903,0.591,205409.0
1651957380000,0.5909,0.5914,0.5909,0.5912,181845.0
1651957440000,0.5913,0.5918,0.5913,0.5917,88447.0
1651957500000,0.5917,0.5917,0.5914,0.5914,44238.0
1651957560000,0.5914,0.5916,0.5913,0.5915,25917.0
1651957620000,0.5915,0.5916,0.5911,0.5911,48788.0
1651957680000,0.5911,0.5911,0.5902,0.5903,93445.0
1651957740000,0.5903,0.5907,0.5903,0.5906,153336.0
1651957800000,0.5906,0.5907,0.59,0.5901,200351.0
1651957860000,0.59,0.5903,0.5899,0.5899,93030.0
1651957920000,0.5898,0.5899,0.5878,0.5886,953961.0
1651957980000,0.5886,0.5886,0.5836,0.5857,2629806.0
1651958040000,0.5857,0.586,0.5845,0.5857,883187.0
1651958100000,0.5857,0.5868,0.5857,0.5861,319985.0
1651958160000,0.5861,0.5862,0.5851,0.5853,378687.0
1651958220000,0.5853,0.5868,0.5853,0.5867,538098.0
1651958280000,0.5868,0.5874,0.5868,0.5872,118823.0
1651958340000,0.5873,0.5876,0.5866,0.5875,476509.0
1651958400000,0.5876,0.5878,0.5875,0.5877,156369.0
1651958460000,0.5876,0.5876,0.5869,0.5873,197717.0
1651958520000,0.5873,0.5873,0.5843,0.585,1242387.0
1651958580000,0.585,0.5868,0.585,0.5867,774171.0
1651958640000,0.5866,0.5872,0.5864,0.5868,330022.0
1651958700000,0.5868,0.5876,0.5865,0.5869,606879.0
1651958760000,0.5869,0.587,0.5867,0.5868,126506.0
1651958820000,0.5867,0.5868,0.5864,0.5866,124602.0
1651958880000,0.5865,0.5866,0.5862,0.5865,132350.0
1651958940000,0.5866,0.5867,0.5865,0.5866,99310.0
1651959000000,0.5866,0.5871,0.5866,0.5871,255397.0
1651959060000,0.587,0.5872,0.587,0.5872,214713.0
1651959120000,0.5871,0.5885,0.5871,0.5884,59050.0
1651959180000,0.5885,0.5885,0.5882,0.5882,44444.0
1651959240000,0.5882,0.5882,0.5875,0.5876,103951.0
1651959300000,0.5876,0.5878,0.5875,0.5877,23547.0
1651959360000,0.5877,0.5878,0.5873,0.5876,134955.0
1651959420000,0.5875,0.5878,0.5874,0.5875,111897.0
1651959480000,0.5875,0.5877,0.5874,0.5876,49657.0
1651959540000,0.5876,0.5876,0.5875,0.5875,21889.0
1651959600000,0.5875,0.5877,0.5874,0.5874,33149.0
1651959660000,0.5875,0.5916,0.5873,0.5905,1047474.0
1651959720000,0.5905,0.5908,0.5904,0.5907,123914.0
1651959780000,0.5908,0.5912,0.5902,0.5903,257147.0
1651959840000,0.5903,0.5903,0.5899,0.5899,144161.0
1651959900000,0.5899,0.5902,0.5894,0.5895,129163.0
1651959960000,0.5894,0.5897,0.5892,0.5893,93736.0
1651960020000,0.5892,0.5894,0.589,0.5894,88308.0
1651960080000,0.5894,0.5894,0.5881,0.5881,92053.0
1651960140000,0.588,0.5885,0.5874,0.5874,183516.0
1651960200000,0.5874,0.5878,0.5872,0.5873,141638.0
1651960260000,0.5873,0.5873,0.5865,0.5865,79217.0
1651960320000,0.5865,0.5865,0.585,0.5852,231915.0
1651960380000,0.5853,0.5854,0.585,0.5854,122631.0
1651960440000,0.5855,0.5856,0.5845,0.5847,255730.0
1651960500000,0.5846,0.5852,0.5846,0.5852,168527.0
1651960560000,0.5853,0.5854,0.5845,0.585,386444.0
1651960620000,0.5849,0.585,0.5838,0.5838,270626.0
1651960680000,0.5838,0.5838,0.5823,0.5834,356721.0
1651960740000,0.5835,0.5835,0.5773,0.578,2745355.0
1651960800000,0.5781,0.5821,0.578,0.5807,1486143.0
1651960860000,0.5808,0.5819,0.5805,0.5808,408733.0
1651960920000,0.5808,0.581,0.5795,0.581,421974.0
1651960980000,0.5809,0.5821,0.5809,0.582,386416.0
1651961040000,0.582,0.5826,0.5816,0.5823,236159.0
1651961100000,0.5824,0.5832,0.5822,0.5822,211583.0
1651961160000,0.5823,0.5826,0.5808,0.5813,333943.0
1651961220000,0.5814,0.5817,0.5807,0.5809,609651.0
1651961280000,0.5809,0.581,0.5803,0.5803,79992.0
1651961340000,0.5802,0.5814,0.5801,0.5803,171973.0
1651961400000,0.5803,0.5817,0.5803,0.5814,423415.0
1651961460000,0.5813,0.5817,0.5811,0.5811,73126.0
1651961520000,0.581,0.5814,0.5809,0.5811,117931.0
1651961580000,0.5811,0.5814,0.581,0.5812,119158.0
1651961640000,0.5813,0.5826,0.5812,0.5826,286236.0
1651961700000,0.5826,0.5834,0.5825,0.5826,380685.0
1651961760000,0.5826,0.5826,0.5818,0.5823,510384.0
1651961820000,0.5824,0.5825,0.582,0.5824,135039.0
1651961880000,0.5824,0.5827,0.5824,0.5827,101230.0
1651961940000,0.5828,0.5831,0.5827,0.5831,218297.0
1651962000000,0.5831,0.5833,0.5825,0.5831,817875.0
1651962060000,0.5831,0.5832,0.5824,0.5825,185409.0
1651962120000,0.5825,0.5826,0.5823,0.5823,33790.0
1651962180000,0.5822,0.5826,0.5822,0.5825,84750.0
1651962240000,0.5826,0.5826,0.5809,0.5811,399506.0
1651962300000,0.5811,0.5821,0.5808,0.582,531003.0
1651962360000,0.582,0.5821,0.5816,0.5818,173989.0
1651962420000,0.5818,0.5824,0.5817,0.5822,210723.0
1651962480000,0.5822,0.5822,0.5814,0.5816,121906.0
1651962540000,0.5816,0.5816,0.5813,0.5816,190300.0
1651962600000,0.5815,0.5818,0.5813,0.5817,122625.0
1651962660000,0.5816,0.5822,0.5816,0.5818,164860.0
1651962720000,0.5818,0.5832,0.5817,0.5829,151325.0
1651962780000,0.5829,0.5832,0.5819,0.5819,396612.0
1651962840000,0.582,0.582,0.5812,0.5814,427400.0
1651962900000,0.5813,0.5816,0.581,0.5812,226918.0
1651962960000,0.5813,0.5814,0.581,0.5811,107698.0
1651963020000,0.5811,0.5813,0.5798,0.5804,533920.0
1651963080000,0.5804,0.5808,0.5794,0.5796,356076.0
1651963140000,0.5796,0.5799,0.5789,0.5789,192534.0
1651963200000,0.5789,0.579,0.5777,0.5781,404294.0
1651963260000,0.5779,0.579,0.5776,0.5787,488807.0
1651963320000,0.5787,0.5787,0.5776,0.5784,553939.0
1651963380000,0.5784,0.5787,0.578,0.578,230521.0
1651963440000,0.5779,0.5781,0.5779,0.5781,142768.0
1651963500000,0.5781,0.5788,0.5781,0.5784,292611.0
1651963560000,0.5783,0.5786,0.5765,0.5768,652824.0
1651963620000,0.5767,0.5768,0.5747,0.5758,1659875.0
1651963680000,0.5758,0.5759,0.5733,0.5735,1970982.0
1651963740000,0.5735,0.5735,0.5724,0.5725,1116327.0
1651963800000,0.5724,0.574,0.5723,0.5729,890229.0
1651963860000,0.5729,0.5733,0.5697,0.5731,2842318.0
1651963920000,0.5732,0.574,0.5728,0.5737,1036240.0
1651963980000,0.5738,0.5738,0.5692,0.5715,1707923.0
1651964040000,0.5716,0.5719,0.5702,0.5711,1725080.0
1651964100000,0.5712,0.5748,0.5705,0.5736,1918923.0
1651964160000,0.5735,0.5757,0.5733,0.5755,891327.0
1651964220000,0.5755,0.5763,0.5743,0.5746,1392047.0
1651964280000,0.5745,0.5745,0.5731,0.5744,735884.0
1651964340000,0.5745,0.5752,0.5737,0.5749,728166.0
1651964400000,0.5749,0.5754,0.5745,0.5751,703490.0
1651964460000,0.5752,0.5768,0.5749,0.5766,1426916.0
1651964520000,0.5766,0.5769,0.576,0.5768,1131937.0
1651964580000,0.5769,0.5779,0.5768,0.5774,530555.0
1651964640000,0.5774,0.5776,0.5769,0.577,347953.0
1651964700000,0.577,0.5785,0.5768,0.5784,589068.0
1651964760000,0.5784,0.5791,0.5779,0.5779,580293.0
1651964820000,0.5779,0.5785,0.5777,0.578,462921.0
1651964880000,0.5781,0.5783,0.578,0.5782,84855.0
1651964940000,0.5781,0.5786,0.5778,0.5779,228854.0
1651965000000,0.5779,0.5798,0.5778,0.5794,386245.0
1651965060000,0.5793,0.5813,0.5792,0.5808,1158388.0
1651965120000,0.5808,0.5811,0.5798,0.5801,435172.0
1651965180000,0.5802,0.5809,0.5802,0.5806,240428.0
1651965240000,0.5805,0.5818,0.5805,0.5815,419630.0
1651965300000,0.5816,0.5835,0.5816,0.5825,1620970.0
1651965360000,0.5826,0.5829,0.5816,0.5817,363786.0
1651965420000,0.5817,0.5818,0.58,0.5807,242106.0
1651965480000,0.5807,0.5808,0.5802,0.5802,122115.0
1651965540000,0.5802,0.5811,0.5801,0.5808,325633.0
1651965600000,0.5808,0.5808,0.5798,0.5799,413252.0
1651965660000,0.58,0.5802,0.5794,0.5802,268454.0
1651965720000,0.5802,0.5803,0.5797,0.5802,96364.0
1651965780000,0.5802,0.581,0.5801,0.581,457019.0
1651965840000,0.581,0.5818,0.5807,0.5809,383695.0
1651965900000,0.581,0.5814,0.5808,0.5809,88176.0
1651965960000,0.5809,0.583,0.5809,0.5822,1203444.0
1651966020000,0.5822,0.5826,0.5821,0.5825,201731.0
1651966080000,0.5827,0.5837,0.5825,0.5837,321484.0
1651966140000,0.5837,0.5857,0.5837,0.5848,982978.0
1651966200000,0.5849,0.5858,0.5847,0.5852,363288.0
1651966260000,0.5852,0.5854,0.584,0.5847,432228.0
1651966320000,0.5847,0.5847,0.5835,0.5836,122180.0
1651966380000,0.5837,0.5839,0.5824,0.5838,679909.0
1651966440000,0.5839,0.5841,0.5832,0.5832,247949.0
1651966500000,0.5833,0.5834,0.5824,0.5825,162283.0
1651966560000,0.5825,0.5834,0.5824,0.5829,178624.0
1651966620000,0.5829,0.5835,0.5828,0.5834,58027.0
1651966680000,0.5833,0.5836,0.5828,0.5835,198998.0
1651966740000,0.5835,0.5835,0.5829,0.5831,86103.0
1651966800000,0.5831,0.5832,0.5825,0.5826,252475.0
1651966860000,0.5826,0.5829,0.5824,0.5829,143031.0
1651966920000,0.5829,0.5829,0.5824,0.5829,114953.0
1651966980000,0.5829,0.583,0.5825,0.5826,208597.0
1651967040000,0.5825,0.5826,0.5821,0.5823,125991.0
1651967100000,0.5822,0.5822,0.5805,0.5809,303467.0
1651967160000,0.5809,0.5819,0.5809,0.5817,146753.0
1651967220000,0.5817,0.5822,0.5814,0.5819,66963.0
1651967280000,0.582,0.5829,0.5816,0.5827,410805.0
1651967340000,0.5827,0.5832,0.5825,0.5831,139005.0
1651967400000,0.5831,0.5831,0.5826,0.5826,82995.0
1651967460000,0.5826,0.5827,0.5821,0.5823,153813.0
1651967520000,0.5824,0.5833,0.5822,0.5827,357030.0
1651967580000,0.5827,0.5829,0.5823,0.5829,59060.0
1651967640000,0.5829,0.5829,0.5824,0.5824,154474.0
1651967700000,0.5824,0.5824,0.5814,0.5816,70197.0
1651967760000,0.5815,0.5816,0.5812,0.5812,108847.0
1651967820000,0.5812,0.5812,0.5805,0.5806,94099.0
1651967880000,0.5806,0.5809,0.5806,0.5808,60333.0
1651967940000,0.5808,0.5809,0.5807,0.5808,38290.0
1651968000000,0.5808,0.581,0.5801,0.581,187910.0
1651968060000,0.581,0.5817,0.581,0.5814,167157.0
1651968120000,0.5815,0.5816,0.5804,0.5804,252204.0
1651968180000,0.5804,0.5806,0.5798,0.58,295313.0
1651968240000,0.58,0.5804,0.58,0.5802,96577.0
1651968300000,0.5801,0.5807,0.5801,0.5801,231115.0
1651968360000,0.5801,0.5801,0.5798,0.5798,47212.0
1651968420000,0.5799,0.5805,0.5799,0.5805,104269.0
1651968480000,0.5805,0.5817,0.5805,0.5815,203393.0
1651968540000,0.5816,0.5826,0.5816,0.5826,166076.0
1651968600000,0.5826,0.5833,0.5824,0.5827,274920.0
1651968660000,0.5826,0.5828,0.5825,0.5827,32882.0
1651968720000,0.5827,0.5827,0.5823,0.5824,185836.0
1651968780000,0.5824,0.5826,0.5823,0.5824,84732.0
1651968840000,0.5824,0.5827,0.5822,0.5825,60478.0
1651968900000,0.5824,0.5825,0.5817,0.5825,63164.0
1651968960000,0.5825,0.5828,0.5821,0.5822,37190.0
1651969020000,0.5822,0.5825,0.5817,0.5817,150158.0
1651969080000,0.5817,0.5818,0.5811,0.5813,161813.0
1651969140000,0.5813,0.5814,0.5805,0.5806,198941.0
1651969200000,0.5805,0.5806,0.5794,0.5794,117203.0
1651969260000,0.5795,0.58,0.579,0.5797,144996.0
1651969320000,0.5797,0.581,0.5795,0.581,322046.0
1651969380000,0.5809,0.5811,0.5803,0.5803,286603.0
1651969440000,0.5802,0.5803,0.5801,0.5802,70574.0
1651969500000,0.5801,0.5804,0.5801,0.5804,34217.0
1651969560000,0.5803,0.5803,0.5799,0.5801,194974.0
1651969620000,0.5801,0.5801,0.5797,0.5798,107709.0
1651969680000,0.5798,0.5804,0.5798,0.5803,68987.0
1651969740000,0.5802,0.5803,0.5798,0.5799,70923.0
1651969800000,0.5799,0.5801,0.5795,0.5795,124277.0
1651969860000,0.5795,0.58,0.5795,0.58,111197.0
1651969920000,0.58,0.5804,0.58,0.58,120080.0
1651969980000,0.58,0.5804,0.5798,0.5803,142240.0
1651970040000,0.5802,0.5804,0.58,0.5802,96883.0
1651970100000,0.5802,0.5809,0.5802,0.5809,199802.0
1651970160000,0.5808,0.581,0.5804,0.581,105672.0
1651970220000,0.5811,0.5821,0.5811,0.5819,168135.0
1651970280000,0.5819,0.582,0.581,0.581,291764.0
1651970340000,0.581,0.581,0.5804,0.5806,127558.0
1651970400000,0.5806,0.581,0.5801,0.5801,112150.0
1651970460000,0.5802,0.5807,0.5802,0.5806,183372.0
1651970520000,0.5806,0.5808,0.5802,0.5807,245548.0
1651970580000,0.5807,0.581,0.5805,0.5808,175475.0
1651970640000,0.5809,0.581,0.5808,0.5808,54992.0
1651970700000,0.5808,0.5819,0.5808,0.5819,146703.0
1651970760000,0.5818,0.5826,0.5818,0.5825,103944.0
1651970820000,0.5825,0.5826,0.5819,0.5823,257213.0
1651970880000,0.5824,0.5826,0.5819,0.5821,148194.0
1651970940000,0.5821,0.5821,0.581,0.5812,124175.0
1651971000000,0.5812,0.5815,0.5809,0.5811,125521.0
1651971060000,0.5812,0.5812,0.5806,0.5808,76875.0
1651971120000,0.5809,0.581,0.5806,0.5806,56924.0
1651971180000,0.5805,0.5806,0.5795,0.5795,143765.0
1651971240000,0.5794,0.5796,0.5783,0.5787,224762.0
1651971300000,0.5788,0.579,0.5785,0.5786,45063.0
1651971360000,0.5785,0.579,0.5785,0.5788,61732.0
1651971420000,0.5788,0.5789,0.578,0.578,77671.0
1651971480000,0.578,0.5785,0.578,0.5785,204874.0
1651971540000,0.5784,0.5786,0.5778,0.5786,156402.0
1651971600000,0.5786,0.5794,0.5786,0.5792,236997.0
1651971660000,0.5792,0.5801,0.5792,0.5801,96236.0
1651971720000,0.58,0.5801,0.5794,0.5797,146999.0
1651971780000,0.5798,0.5799,0.5791,0.5795,156915.0
1651971840000,0.5795,0.5801,0.5794,0.5795,109040.0
1651971900000,0.5795,0.5805,0.5795,0.5802,172408.0
1651971960000,0.5802,0.5808,0.5802,0.5803,316225.0
1651972020000,0.5803,0.5807,0.5803,0.5803,119113.0
1651972080000,0.5802,0.5805,0.5798,0.5805,168631.0
1651972140000,0.5803,0.5809,0.5803,0.5806,97156.0
1651972200000,0.5806,0.5806,0.5798,0.5799,194573.0
1651972260000,0.5798,0.5804,0.5798,0.5803,18832.0
1651972320000,0.5803,0.5809,0.5801,0.5809,89258.0
1651972380000,0.5809,0.5809,0.5806,0.5807,116608.0
1651972440000,0.5808,0.5812,0.5805,0.5812,102300.0
1651972500000,0.5811,0.5814,0.5801,0.5805,472443.0
1651972560000,0.5804,0.5805,0.5798,0.5798,172811.0
1651972620000,0.5798,0.58,0.5792,0.5792,127371.0
1651972680000,0.5792,0.5792,0.5778,0.5778,314483.0
1651972740000,0.5778,0.5784,0.5777,0.5784,371697.0
1651972800000,0.5785,0.5786,0.5774,0.5778,316984.0
1651972860000,0.5779,0.578,0.5768,0.5774,187664.0
1651972920000,0.5774,0.5779,0.5772,0.5777,394853.0
1651972980000,0.5776,0.578,0.5775,0.578,136874.0
1651973040000,0.578,0.5793,0.578,0.5793,148999.0
1651973100000,0.5793,0.5796,0.5789,0.5794,224022.0
1651973160000,0.5794,0.58,0.5794,0.5797,316792.0
1651973220000,0.5797,0.5797,0.579,0.5796,116901.0
1651973280000,0.5795,0.5798,0.5794,0.5796,97658.0
1651973340000,0.5796,0.5797,0.5793,0.5796,145411.0
1651973400000,0.5796,0.5799,0.5794,0.5796,142627.0
1651973460000,0.5796,0.5796,0.5788,0.5788,129438.0
1651973520000,0.5788,0.5788,0.5777,0.578,153454.0
1651973580000,0.5779,0.579,0.5779,0.5788,118323.0
1651973640000,0.5789,0.5801,0.5788,0.5798,177542.0
1651973700000,0.5798,0.5803,0.5797,0.5803,102854.0
1651973760000,0.5803,0.5803,0.5798,0.5798,38819.0
1651973820000,0.5798,0.5801,0.5796,0.5798,35001.0
1651973880000,0.5798,0.5802,0.5797,0.5802,89806.0
1651973940000,0.5803,0.5804,0.5798,0.5799,90721.0
1651974000000,0.5798,0.5799,0.5793,0.5794,88797.0
1651974060000,0.5795,0.5798,0.5793,0.5794,206025.0
1651974120000,0.5795,0.5802,0.5794,0.5799,68319.0
1651974180000,0.58,0.5802,0.5796,0.5798,101983.0
1651974240000,0.5798,0.5798,0.579,0.579,47687.0
1651974300000,0.579,0.5797,0.579,0.5793,167967.0
1651974360000,0.5794,0.5794,0.5787,0.5791,265546.0
1651974420000,0.5791,0.5802,0.5787,0.5794,966959.0
1651974480000,0.5794,0.5795,0.5782,0.5783,618508.0
1651974540000,0.5782,0.5783,0.5774,0.5783,189440.0
1651974600000,0.5784,0.5793,0.5784,0.5784,341648.0
1651974660000,0.5785,0.5788,0.5757,0.5764,1268030.0
1651974720000,0.5765,0.5782,0.5765,0.5777,1168248.0
1651974780000,0.5777,0.5785,0.5776,0.5777,260466.0
1651974840000,0.5778,0.5785,0.5773,0.5785,235646.0
1651974900000,0.5786,0.5792,0.5778,0.5787,748235.0
1651974960000,0.5787,0.5795,0.5787,0.5789,313691.0
1651975020000,0.579,0.5795,0.5788,0.5791,318076.0
1651975080000,0.579,0.5791,0.578,0.578,344844.0
1651975140000,0.578,0.5785,0.5775,0.5776,91173.0
1651975200000,0.5775,0.5784,0.5771,0.5784,212168.0
1651975260000,0.5783,0.5787,0.578,0.578,311263.0
1651975320000,0.5781,0.5783,0.5776,0.5781,111167.0
1651975380000,0.5781,0.5783,0.5771,0.5772,249031.0
1651975440000,0.5773,0.5775,0.5765,0.5766,125010.0
1651975500000,0.5766,0.5766,0.5723,0.5747,3108002.0
1651975560000,0.5747,0.5755,0.5742,0.5753,1353271.0
1651975620000,0.5753,0.5769,0.5753,0.5764,725441.0
1651975680000,0.5764,0.5765,0.5755,0.5762,240647.0
1651975740000,0.5762,0.5764,0.5751,0.5762,465067.0
1651975800000,0.5762,0.5769,0.575,0.5758,1289221.0
1651975860000,0.5758,0.5758,0.5749,0.5754,463144.0
1651975920000,0.5754,0.5763,0.5751,0.5758,499521.0
1651975980000,0.5757,0.5759,0.5751,0.5752,335427.0
1651976040000,0.5752,0.5754,0.5742,0.5744,300913.0
1651976100000,0.5745,0.5753,0.5736,0.5745,736949.0
1651976160000,0.5745,0.5746,0.5712,0.5733,1790041.0
1651976220000,0.5733,0.5745,0.5726,0.5745,581866.0
1651976280000,0.5746,0.5753,0.5741,0.5752,500951.0
1651976340000,0.5751,0.576,0.5747,0.576,353518.0
1651976400000,0.5759,0.5759,0.575,0.5754,331640.0
1651976460000,0.5753,0.5757,0.575,0.5753,163694.0
1651976520000,0.5753,0.5758,0.575,0.5755,459781.0
1651976580000,0.5755,0.5758,0.5754,0.5758,265504.0
1651976640000,0.5758,0.5762,0.5755,0.5759,434293.0
1651976700000,0.5759,0.5761,0.5745,0.5754,923369.0
1651976760000,0.5754,0.5755,0.5748,0.5751,338563.0
1651976820000,0.5751,0.5754,0.5744,0.5744,377385.0
1651976880000,0.5744,0.5745,0.5732,0.5736,762869.0
1651976940000,0.5737,0.5738,0.5732,0.5738,177601.0
1651977000000,0.5738,0.574,0.5733,0.5738,300370.0
1651977060000,0.5738,0.5738,0.5729,0.5734,363563.0
1651977120000,0.5734,0.5737,0.5711,0.5722,961064.0
1651977180000,0.5722,0.5727,0.5716,0.5723,643925.0
1651977240000,0.5724,0.5738,0.5724,0.5737,199954.0
1651977300000,0.5737,0.574,0.5735,0.5739,138949.0
1651977360000,0.5739,0.5759,0.5738,0.5756,1145476.0
1651977420000,0.5756,0.5767,0.5749,0.5764,735503.0
1651977480000,0.5764,0.5769,0.576,0.5762,593766.0
1651977540000,0.5761,0.5762,0.5748,0.5749,365196.0
1651977600000,0.5748,0.5752,0.5742,0.5744,573270.0
1651977660000,0.5742,0.5743,0.5727,0.5732,560977.0
1651977720000,0.5732,0.5742,0.573,0.5733,611628.0
1651977780000,0.5732,0.5735,0.5729,0.5732,330262.0
1651977840000,0.5732,0.575,0.5732,0.5745,875527.0
1651977900000,0.5743,0.5747,0.5738,0.5747,247061.0
1651977960000,0.5746,0.5753,0.5745,0.5752,217709.0
1651978020000,0.5752,0.5759,0.5752,0.5755,319569.0
1651978080000,0.5755,0.5759,0.5748,0.5749,322969.0
1651978140000,0.5749,0.5751,0.5746,0.5751,123051.0
1651978200000,0.5749,0.5753,0.5747,0.5748,161143.0
1651978260000,0.5749,0.5749,0.5738,0.5741,242933.0
1651978320000,0.574,0.574,0.573,0.5732,146550.0
1651978380000,0.5731,0.5733,0.5718,0.5723,439925.0
1651978440000,0.5722,0.5723,0.5695,0.5695,720508.0
1651978500000,0.5695,0.5727,0.5693,0.5727,1405324.0
1651978560000,0.5727,0.5744,0.5725,0.574,1176773.0
1651978620000,0.5741,0.5746,0.5738,0.5744,275202.0
1651978680000,0.5745,0.5746,0.573,0.5732,351577.0
1651978740000,0.5732,0.5743,0.5732,0.5743,263393.0
1651978800000,0.5743,0.5754,0.5742,0.5753,439861.0
1651978860000,0.5752,0.5756,0.5752,0.5754,104922.0
1651978920000,0.5753,0.5753,0.5736,0.5739,311372.0
1651978980000,0.574,0.574,0.5732,0.5733,63400.0
1651979040000,0.5733,0.5735,0.5728,0.5732,127340.0
1651979100000,0.5731,0.5734,0.5722,0.5725,182894.0
1651979160000,0.5726,0.5732,0.5725,0.5725,252768.0
1651979220000,0.5725,0.5726,0.5715,0.5719,384408.0
1651979280000,0.5718,0.5722,0.5711,0.5713,506033.0
1651979340000,0.5713,0.5724,0.5713,0.5718,525632.0
1651979400000,0.5716,0.5721,0.5715,0.5717,228426.0
1651979460000,0.5716,0.5716,0.5703,0.5704,686567.0
1651979520000,0.5703,0.5711,0.5677,0.5708,2261176.0
1651979580000,0.5709,0.5712,0.57,0.5709,473116.0
1651979640000,0.5709,0.5718,0.5707,0.5715,345643.0
1651979700000,0.5715,0.572,0.5712,0.5715,535533.0
1651979760000,0.5715,0.5729,0.5715,0.5726,324508.0
1651979820000,0.5726,0.5733,0.5719,0.573,531772.0
1651979880000,0.573,0.573,0.5722,0.5728,220647.0
1651979940000,0.5729,0.5729,0.5722,0.5723,67622.0
1651980000000,0.5722,0.5733,0.5721,0.5733,300909.0
1651980060000,0.5733,0.5733,0.573,0.5732,186015.0
1651980120000,0.5732,0.5733,0.5729,0.5729,215303.0
1651980180000,0.573,0.5733,0.573,0.5733,110523.0
1651980240000,0.5733,0.5738,0.5732,0.5737,288551.0
1651980300000,0.5737,0.5739,0.5731,0.5731,235583.0
1651980360000,0.5732,0.5737,0.5732,0.5733,84565.0
1651980420000,0.5734,0.5741,0.5734,0.5737,173953.0
1651980480000,0.5736,0.5737,0.5728,0.573,248169.0
1651980540000,0.5731,0.5731,0.5727,0.5728,104722.0
1651980600000,0.5729,0.5733,0.5728,0.5733,96451.0
1651980660000,0.5732,0.5732,0.5717,0.5722,578843.0
1651980720000,0.5722,0.5724,0.5715,0.5719,474022.0
1651980780000,0.5719,0.5724,0.5716,0.5724,226124.0
1651980840000,0.5725,0.5725,0.5719,0.572,84351.0
1651980900000,0.572,0.572,0.5714,0.5715,41982.0
1651980960000,0.5715,0.5718,0.5709,0.5717,358883.0
1651981020000,0.5718,0.5718,0.571,0.5712,172907.0
1651981080000,0.5711,0.5712,0.5705,0.5706,457512.0
1651981140000,0.5706,0.5712,0.5705,0.5707,340576.0
1651981200000,0.5708,0.5715,0.5707,0.5712,120366.0
1651981260000,0.5712,0.5718,0.5712,0.5717,66295.0
1651981320000,0.5715,0.572,0.5715,0.572,113126.0
1651981380000,0.572,0.5721,0.5718,0.5721,78420.0
1651981440000,0.572,0.5722,0.5714,0.572,231372.0
1651981500000,0.5722,0.5732,0.5721,0.573,214643.0
1651981560000,0.573,0.5742,0.573,0.574,225433.0
1651981620000,0.574,0.574,0.5734,0.5739,184787.0
1651981680000,0.574,0.5741,0.5736,0.5738,112850.0
1651981740000,0.5738,0.5741,0.5736,0.5736,58139.0
1651981800000,0.5736,0.574,0.5731,0.574,174916.0
1651981860000,0.574,0.5743,0.574,0.5743,283520.0
1651981920000,0.5743,0.5743,0.5737,0.5738,164650.0
1651981980000,0.5737,0.574,0.5732,0.5732,113978.0
1651982040000,0.5733,0.5738,0.5732,0.5733,193566.0
1651982100000,0.5734,0.5734,0.5733,0.5733,48474.0
1651982160000,0.5733,0.5738,0.5733,0.5737,44717.0
1651982220000,0.5737,0.574,0.5736,0.5739,143505.0
1651982280000,0.5738,0.5749,0.5738,0.5747,319420.0
1651982340000,0.5747,0.5748,0.5744,0.5745,193528.0
1651982400000,0.5745,0.5749,0.5744,0.5749,230801.0
1651982460000,0.575,0.5755,0.5748,0.5755,94005.0
1651982520000,0.5754,0.5758,0.5747,0.5756,948870.0
1651982580000,0.5756,0.5763,0.5756,0.5762,277026.0
1651982640000,0.5762,0.5763,0.5756,0.5757,217535.0
1651982700000,0.5757,0.5758,0.575,0.5751,77366.0
1651982760000,0.5751,0.5752,0.5748,0.575,221381.0
1651982820000,0.575,0.5762,0.575,0.576,221924.0
1651982880000,0.576,0.5761,0.5756,0.5757,90982.0
1651982940000,0.5756,0.5756,0.5749,0.575,103357.0
1651983000000,0.575,0.5753,0.5745,0.5753,139536.0
1651983060000,0.5754,0.576,0.5752,0.576,57687.0
1651983120000,0.5759,0.5762,0.5757,0.5761,165928.0
1651983180000,0.5761,0.5761,0.5755,0.5759,269486.0
1651983240000,0.576,0.5761,0.5755,0.5755,81330.0
1651983300000,0.5755,0.5758,0.5754,0.5754,72345.0
1651983360000,0.5754,0.5756,0.5754,0.5756,139967.0
1651983420000,0.5756,0.5759,0.5756,0.5759,121126.0
1651983480000,0.5759,0.5764,0.5759,0.5762,176970.0
1651983540000,0.5762,0.5763,0.5758,0.5758,150712.0
1651983600000,0.5758,0.5759,0.5757,0.5759,127958.0
1651983660000,0.5759,0.5759,0.575,0.5755,589671.0
1651983720000,0.5755,0.5756,0.5754,0.5756,53075.0
1651983780000,0.5757,0.5759,0.5757,0.5758,126159.0
1651983840000,0.5758,0.576,0.5757,0.5759,191057.0
1651983900000,0.5759,0.5762,0.5755,0.5759,281838.0
1651983960000,0.5758,0.5762,0.5758,0.576,193886.0
1651984020000,0.576,0.5761,0.5756,0.5756,44211.0
1651984080000,0.5757,0.5762,0.5755,0.5762,139014.0
1651984140000,0.5761,0.5765,0.576,0.5761,207266.0
1651984200000,0.5761,0.5767,0.576,0.5766,153583.0
1651984260000,0.5765,0.5766,0.5761,0.5763,265688.0
1651984320000,0.5762,0.5767,0.5762,0.5766,124325.0
1651984380000,0.5766,0.5768,0.5761,0.5763,708754.0
1651984440000,0.5763,0.5764,0.5758,0.5758,405425.0
1651984500000,0.5757,0.5758,0.575,0.575,415044.0
1651984560000,0.5751,0.5755,0.575,0.5751,438744.0
1651984620000,0.575,0.5755,0.5749,0.5754,203047.0
1651984680000,0.5755,0.5755,0.5752,0.5753,11466.0
1651984740000,0.5753,0.5754,0.5749,0.5753,235548.0
1651984800000,0.5754,0.5756,0.575,0.5756,106094.0
1651984860000,0.5756,0.5756,0.5754,0.5755,96669.0
1651984920000,0.5755,0.5756,0.5751,0.5751,54446.0
1651984980000,0.5751,0.5752,0.5748,0.575,65988.0
1651985040000,0.575,0.5754,0.575,0.5751,140845.0
1651985100000,0.5751,0.5751,0.5742,0.5745,119455.0
1651985160000,0.5745,0.5745,0.574,0.574,91789.0
1651985220000,0.574,0.5742,0.5737,0.5739,155497.0
1651985280000,0.5738,0.5739,0.5723,0.5729,755124.0
1651985340000,0.573,0.5743,0.5729,0.5741,531126.0
1651985400000,0.5742,0.5742,0.5737,0.5739,261606.0
1651985460000,0.5739,0.5741,0.5738,0.5741,244834.0
1651985520000,0.5741,0.5742,0.5739,0.5739,95082.0
1651985580000,0.5738,0.5741,0.5737,0.5738,126345.0
1651985640000,0.5739,0.5742,0.5739,0.5741,293956.0
1651985700000,0.5741,0.5745,0.574,0.5745,256755.0
1651985760000,0.5745,0.5745,0.5724,0.5729,1031876.0
1651985820000,0.573,0.5732,0.5703,0.5708,1917200.0
1651985880000,0.5708,0.571,0.57,0.5704,1301227.0
1651985940000,0.5704,0.5708,0.57,0.5704,367432.0
1651986000000,0.5703,0.571,0.57,0.5709,244069.0
1651986060000,0.571,0.571,0.5702,0.5704,292215.0
1651986120000,0.5704,0.5704,0.5697,0.5698,159027.0
1651986180000,0.5699,0.5705,0.5696,0.5697,420721.0
1651986240000,0.5696,0.57,0.5685,0.569,800388.0
1651986300000,0.569,0.5702,0.5689,0.5702,204840.0
1651986360000,0.5702,0.5714,0.5701,0.5706,264517.0
1651986420000,0.5705,0.5705,0.5703,0.5704,131562.0
1651986480000,0.5704,0.5711,0.5704,0.571,556222.0
1651986540000,0.5711,0.5723,0.5709,0.5719,408915.0
1651986600000,0.5719,0.5723,0.5717,0.5723,98566.0
1651986660000,0.5724,0.5724,0.5719,0.572,99667.0
1651986720000,0.572,0.5721,0.5716,0.5717,746129.0
1651986780000,0.5716,0.5723,0.5716,0.5723,428349.0
1651986840000,0.5723,0.5723,0.5719,0.5719,48073.0
1651986900000,0.5719,0.5723,0.5716,0.5716,123503.0
1651986960000,0.5715,0.5716,0.5703,0.5705,464177.0
1651987020000,0.5705,0.5706,0.5696,0.5697,482012.0
1651987080000,0.5696,0.5696,0.5659,0.5675,2204094.0
1651987140000,0.5675,0.569,0.5666,0.569,713308.0
1651987200000,0.5691,0.5702,0.569,0.5702,581772.0
1651987260000,0.5702,0.5706,0.5695,0.5695,347552.0
1651987320000,0.5695,0.57,0.5693,0.5698,187353.0
1651987380000,0.5697,0.5705,0.5696,0.5701,120967.0
1651987440000,0.5702,0.5702,0.5688,0.569,458280.0
1651987500000,0.569,0.569,0.5677,0.5677,309877.0
1651987560000,0.5677,0.5682,0.5676,0.5676,559834.0
1651987620000,0.5676,0.5677,0.567,0.5672,163579.0
1651987680000,0.5672,0.5672,0.5642,0.5662,2026264.0
1651987740000,0.5662,0.5686,0.5662,0.5675,804892.0
1651987800000,0.5676,0.5679,0.5673,0.5673,237894.0
1651987860000,0.5673,0.5688,0.5669,0.5687,431190.0
1651987920000,0.5687,0.5693,0.5683,0.5693,286557.0
1651987980000,0.5693,0.5703,0.5692,0.5703,680261.0
1651988040000,0.5703,0.5707,0.5688,0.5695,577588.0
1651988100000,0.5696,0.5699,0.5685,0.5687,659230.0
1651988160000,0.5687,0.5687,0.5678,0.5678,219150.0
1651988220000,0.5679,0.5695,0.5679,0.5693,264657.0
1651988280000,0.5692,0.5699,0.569,0.5699,98410.0
1651988340000,0.5699,0.5699,0.5693,0.5699,140672.0
1651988400000,0.5699,0.5707,0.5698,0.5701,150172.0
1651988460000,0.5701,0.5706,0.5701,0.5703,170431.0
1651988520000,0.5704,0.5704,0.5701,0.5701,32678.0
1651988580000,0.5701,0.5702,0.5691,0.5695,196746.0
1651988640000,0.5695,0.5695,0.5692,0.5693,49819.0
1651988700000,0.5693,0.5703,0.5693,0.5703,290075.0
1651988760000,0.5704,0.5711,0.5688,0.57,1768476.0
1651988820000,0.5701,0.5704,0.5699,0.57,360495.0
1651988880000,0.57,0.5704,0.5698,0.5698,229890.0
1651988940000,0.5698,0.5703,0.5698,0.5701,95927.0
1651989000000,0.57,0.5705,0.5699,0.5703,193352.0
1651989060000,0.5703,0.5704,0.5701,0.5704,157171.0
1651989120000,0.5703,0.5709,0.5703,0.5707,171428.0
1651989180000,0.5706,0.571,0.5705,0.5709,247997.0
1651989240000,0.5708,0.5711,0.5708,0.571,196697.0
1651989300000,0.571,0.5717,0.5704,0.5705,651207.0
1651989360000,0.5705,0.571,0.5699,0.5702,399258.0
1651989420000,0.5701,0.5704,0.57,0.5702,181002.0
1651989480000,0.5702,0.5704,0.5697,0.5702,282006.0
1651989540000,0.5702,0.5706,0.5702,0.5705,217826.0
1651989600000,0.5705,0.5714,0.5704,0.5713,294167.0
1651989660000,0.5712,0.5718,0.5712,0.5715,143062.0
1651989720000,0.5716,0.5719,0.5714,0.5715,183630.0
1651989780000,0.5716,0.572,0.5709,0.571,117160.0
1651989840000,0.571,0.5712,0.5704,0.5705,46284.0
1651989900000,0.5706,0.5706,0.5701,0.5702,61403.0
1651989960000,0.5702,0.5707,0.5701,0.5705,247960.0
1651990020000,0.5706,0.5711,0.5705,0.5708,211767.0
1651990080000,0.5708,0.5716,0.5705,0.5716,189159.0
1651990140000,0.5716,0.5717,0.5714,0.5717,71262.0
1651990200000,0.5716,0.5717,0.571,0.5715,181983.0
1651990260000,0.5716,0.5724,0.5713,0.572,593106.0
1651990320000,0.572,0.5725,0.5719,0.5722,393739.0
1651990380000,0.5722,0.5723,0.5712,0.5723,392445.0
1651990440000,0.5724,0.5726,0.5717,0.5722,230907.0
1651990500000,0.5722,0.5723,0.5717,0.5717,172394.0
1651990560000,0.5717,0.5717,0.5714,0.5715,20065.0
1651990620000,0.5714,0.5715,0.5711,0.5713,97817.0
1651990680000,0.5713,0.5716,0.5712,0.5715,137802.0
1651990740000,0.5714,0.5718,0.5714,0.5717,38739.0
1651990800000,0.5718,0.5718,0.5713,0.5717,118189.0
1651990860000,0.5718,0.5719,0.5717,0.5719,74559.0
1651990920000,0.5719,0.572,0.5715,0.5718,126933.0
1651990980000,0.5717,0.5719,0.5717,0.5718,34574.0
1651991040000,0.5718,0.5719,0.5717,0.5717,25298.0
1651991100000,0.5717,0.5717,0.5713,0.5716,196085.0
1651991160000,0.5716,0.572,0.5716,0.5719,59112.0
1651991220000,0.5719,0.5729,0.5719,0.5724,308464.0
1651991280000,0.5724,0.5729,0.5724,0.5724,162694.0
1651991340000,0.5725,0.5727,0.5718,0.5719,159833.0
1651991400000,0.5719,0.5719,0.5714,0.5716,42124.0
1651991460000,0.5715,0.5716,0.5714,0.5715,96507.0
1651991520000,0.5714,0.572,0.5714,0.5717,198002.0
1651991580000,0.5717,0.572,0.5716,0.5717,93000.0
1651991640000,0.5718,0.5725,0.5717,0.5723,116627.0
1651991700000,0.5723,0.573,0.5722,0.5726,274180.0
1651991760000,0.5726,0.5729,0.5726,0.5727,71023.0
1651991820000,0.5727,0.5727,0.5725,0.5725,46454.0
1651991880000,0.5725,0.573,0.5723,0.573,145067.0
1651991940000,0.5729,0.5735,0.5728,0.5734,175866.0
1651992000000,0.5735,0.5735,0.5729,0.5729,98424.0
1651992060000,0.573,0.573,0.5726,0.5729,94200.0
1651992120000,0.5729,0.5734,0.5728,0.5734,126690.0
1651992180000,0.5734,0.5737,0.5733,0.5736,169585.0
1651992240000,0.5736,0.574,0.5735,0.5739,127833.0
1651992300000,0.5739,0.5739,0.5736,0.5738,215103.0
1651992360000,0.5739,0.5745,0.5739,0.5745,140144.0
1651992420000,0.5745,0.5757,0.5745,0.5751,741914.0
1651992480000,0.5751,0.576,0.5751,0.5756,512105.0
1651992540000,0.5757,0.576,0.575,0.575,264778.0
1651992600000,0.575,0.5751,0.5747,0.5749,102411.0
1651992660000,0.5749,0.5751,0.5745,0.575,320065.0
1651992720000,0.5751,0.5758,0.5751,0.5757,97810.0
1651992780000,0.5757,0.5762,0.5756,0.576,479210.0
1651992840000,0.576,0.5761,0.5752,0.5752,228474.0
1651992900000,0.5752,0.5752,0.5745,0.5746,486190.0
1651992960000,0.5746,0.5748,0.5743,0.5744,208571.0
1651993020000,0.5744,0.5753,0.5743,0.575,153712.0
1651993080000,0.575,0.575,0.5744,0.5744,66330.0
1651993140000,0.5744,0.5744,0.5739,0.5741,144349.0
1651993200000,0.5741,0.5744,0.574,0.5744,72381.0
1651993260000,0.5744,0.5746,0.5741,0.5746,90843.0
1651993320000,0.5746,0.5749,0.5744,0.5749,187990.0
1651993380000,0.5749,0.5751,0.5748,0.575,127325.0
1651993440000,0.5749,0.5755,0.5749,0.5754,87810.0
1651993500000,0.5755,0.5759,0.575,0.5756,263329.0
1651993560000,0.5756,0.5759,0.5755,0.5756,63684.0
1651993620000,0.5757,0.5757,0.575,0.575,100999.0
1651993680000,0.5751,0.5752,0.5748,0.5751,107119.0
1651993740000,0.5751,0.5752,0.5749,0.5749,71869.0
1651993800000,0.5749,0.5749,0.5745,0.5746,68901.0
1651993860000,0.5746,0.5746,0.5738,0.5738,50840.0
1651993920000,0.5737,0.5738,0.5733,0.5735,94231.0
1651993980000,0.5737,0.5738,0.5733,0.5734,209912.0
1651994040000,0.5735,0.5737,0.5732,0.5737,40994.0
1651994100000,0.5736,0.5739,0.5731,0.5739,81560.0
1651994160000,0.5739,0.5747,0.5739,0.5747,147705.0
1651994220000,0.5746,0.5746,0.574,0.5742,51298.0
1651994280000,0.5742,0.5744,0.5741,0.5743,137034.0
1651994340000,0.5744,0.5746,0.5742,0.5746,254851.0
1651994400000,0.5746,0.5747,0.5744,0.5747,193315.0
1651994460000,0.5747,0.5748,0.5743,0.5743,85140.0
1651994520000,0.5743,0.5747,0.5743,0.5745,46963.0
1651994580000,0.5745,0.5745,0.5744,0.5744,6240.0
1651994640000,0.5744,0.5745,0.5744,0.5745,27885.0
1651994700000,0.5744,0.5744,0.5736,0.5736,149633.0
1651994760000,0.5736,0.5742,0.5736,0.5739,390882.0
1651994820000,0.5739,0.574,0.5736,0.574,49688.0
1651994880000,0.5739,0.5739,0.5738,0.5738,40908.0
1651994940000,0.5738,0.5738,0.5731,0.5731,226633.0
1651995000000,0.5732,0.5735,0.5728,0.5729,439265.0
1651995060000,0.5729,0.573,0.5727,0.5728,430657.0
1651995120000,0.5728,0.5731,0.5725,0.573,375274.0
1651995180000,0.5731,0.5735,0.5728,0.5735,338720.0
1651995240000,0.5734,0.5737,0.5734,0.5734,83728.0
1651995300000,0.5735,0.5737,0.5731,0.5736,88163.0
1651995360000,0.5736,0.5737,0.5733,0.5737,127516.0
1651995420000,0.5738,0.5738,0.5733,0.5734,27257.0
1651995480000,0.5735,0.5735,0.5729,0.5729,88147.0
1651995540000,0.573,0.5733,0.5728,0.5728,206926.0
1651995600000,0.5727,0.5731,0.5726,0.5731,98375.0
1651995660000,0.573,0.5731,0.573,0.573,22581.0
1651995720000,0.5731,0.5733,0.5728,0.5733,86832.0
1651995780000,0.5732,0.5732,0.5722,0.5728,542831.0
1651995840000,0.5728,0.5729,0.572,0.5722,533460.0
1651995900000,0.5722,0.5729,0.5722,0.5724,497214.0
1651995960000,0.5723,0.5726,0.5723,0.5726,28441.0
1651996020000,0.5726,0.5727,0.5725,0.5726,9441.0
1651996080000,0.5726,0.573,0.5725,0.573,16179.0
1651996140000,0.573,0.5733,0.5727,0.5732,236861.0
1651996200000,0.5732,0.5737,0.5732,0.5736,53612.0
1651996260000,0.5737,0.5754,0.5737,0.5749,484947.0
1651996320000,0.5748,0.5752,0.5744,0.5744,120383.0
1651996380000,0.5744,0.5746,0.5738,0.5738,95057.0
1651996440000,0.5738,0.5738,0.5732,0.5732,77487.0
1651996500000,0.5732,0.5734,0.5732,0.5733,32485.0
1651996560000,0.5733,0.5733,0.5729,0.573,50433.0
1651996620000,0.5731,0.5735,0.573,0.5733,124206.0
1651996680000,0.5733,0.5733,0.5731,0.5732,19497.0
1651996740000,0.5732,0.5732,0.5722,0.5722,157415.0
1651996800000,0.5723,0.5725,0.5722,0.5724,184592.0
1651996860000,0.5724,0.5728,0.5724,0.5728,83963.0
1651996920000,0.5728,0.5729,0.5725,0.5727,59512.0
1651996980000,0.5728,0.5729,0.5727,0.5729,65134.0
1651997040000,0.573,0.5733,0.5729,0.573,85225.0
1651997100000,0.573,0.5731,0.5728,0.573,175178.0
1651997160000,0.573,0.573,0.5729,0.573,31874.0
1651997220000,0.5729,0.574,0.5729,0.5738,358525.0
1651997280000,0.5738,0.5739,0.5736,0.5738,180074.0
1651997340000,0.5738,0.5738,0.5737,0.5738,22929.0
1651997400000,0.5738,0.5751,0.5737,0.5749,792566.0
1651997460000,0.5749,0.5749,0.5744,0.5744,156171.0
1651997520000,0.5744,0.5744,0.5738,0.5739,133616.0
1651997580000,0.574,0.5741,0.5738,0.5739,131160.0
1651997640000,0.5738,0.5739,0.5738,0.5738,24091.0
1651997700000,0.5738,0.574,0.5736,0.5736,59973.0
1651997760000,0.5737,0.5738,0.5734,0.5734,156864.0
1651997820000,0.5734,0.5734,0.5732,0.5733,110581.0
1651997880000,0.5733,0.5737,0.5733,0.5737,49690.0
1651997940000,0.5737,0.5743,0.5737,0.5742,100200.0
1651998000000,0.5741,0.5747,0.574,0.5747,167855.0
1651998060000,0.5747,0.5747,0.574,0.574,284257.0
1651998120000,0.574,0.5743,0.5739,0.5742,265485.0
1651998180000,0.5742,0.5745,0.5742,0.5744,255775.0
1651998240000,0.5744,0.5744,0.5742,0.5742,33531.0
1651998300000,0.5742,0.5744,0.5742,0.5744,32424.0
1651998360000,0.5743,0.5743,0.5737,0.5737,118743.0
1651998420000,0.5736,0.5736,0.5732,0.5734,261628.0
1651998480000,0.5734,0.5734,0.5725,0.5725,286471.0
1651998540000,0.5725,0.5725,0.5719,0.5722,221017.0
1651998600000,0.5721,0.5722,0.5719,0.5721,65137.0
1651998660000,0.5721,0.573,0.5721,0.5725,263585.0
1651998720000,0.5725,0.5734,0.5725,0.5734,101960.0
1651998780000,0.5734,0.5736,0.5731,0.5736,70038.0
1651998840000,0.5734,0.5736,0.5734,0.5735,108647.0
1651998900000,0.5735,0.574,0.5734,0.5736,304389.0
1651998960000,0.5736,0.5739,0.5735,0.5738,165864.0
1651999020000,0.5738,0.574,0.5738,0.5739,227039.0
1651999080000,0.5739,0.5739,0.5731,0.5731,217773.0
1651999140000,0.573,0.573,0.5725,0.5725,23750.0
1651999200000,0.5725,0.5731,0.5725,0.5731,67256.0
1651999260000,0.5731,0.5735,0.573,0.5734,77383.0
1651999320000,0.5734,0.5734,0.5731,0.5732,20702.0
1651999380000,0.5732,0.5734,0.5731,0.5734,83876.0
1651999440000,0.5734,0.5735,0.5734,0.5734,11152.0
1651999500000,0.5735,0.5739,0.5734,0.5737,80335.0
1651999560000,0.5737,0.574,0.5737,0.574,58341.0
1651999620000,0.574,0.574,0.5737,0.5737,76855.0
1651999680000,0.5737,0.5744,0.5737,0.5744,158761.0
1651999740000,0.5744,0.5745,0.5742,0.5744,59017.0
1651999800000,0.5745,0.5751,0.5743,0.5744,417253.0
1651999860000,0.5746,0.5748,0.5742,0.5743,74867.0
1651999920000,0.5742,0.5746,0.574,0.5742,171485.0
1651999980000,0.5742,0.5743,0.5739,0.574,36580.0
1652000040000,0.5741,0.5744,0.5741,0.5744,56291.0
1652000100000,0.5743,0.5746,0.5743,0.5744,24151.0
1652000160000,0.5745,0.5747,0.5744,0.5747,31046.0
1652000220000,0.5746,0.5746,0.5742,0.5745,122282.0
1652000280000,0.5746,0.5746,0.5745,0.5746,12513.0
1652000340000,0.5746,0.5746,0.574,0.574,28320.0
1652000400000,0.574,0.5746,0.574,0.5746,83601.0
1652000460000,0.5747,0.5754,0.5746,0.5754,50184.0
1652000520000,0.5754,0.5754,0.5753,0.5753,56504.0
1652000580000,0.5754,0.5757,0.5753,0.5754,110276.0
1652000640000,0.5754,0.5754,0.575,0.575,110265.0
1652000700000,0.575,0.5753,0.575,0.5752,275460.0
1652000760000,0.5752,0.5754,0.5748,0.5748,74713.0
1652000820000,0.5748,0.5748,0.5735,0.5737,101431.0
1652000880000,0.5736,0.5737,0.5734,0.5734,118838.0
1652000940000,0.5734,0.5734,0.5724,0.5725,324428.0
1652001000000,0.5725,0.5725,0.5721,0.5722,90600.0
1652001060000,0.5721,0.5722,0.5714,0.5718,460672.0
1652001120000,0.5718,0.573,0.5718,0.573,222292.0
1652001180000,0.5729,0.5729,0.5723,0.5726,40369.0
1652001240000,0.5726,0.573,0.5726,0.573,46281.0
1652001300000,0.5729,0.5731,0.5728,0.5729,22779.0
1652001360000,0.573,0.573,0.5723,0.5723,145928.0
1652001420000,0.5724,0.5726,0.5723,0.5725,48163.0
1652001480000,0.5726,0.5728,0.5725,0.5726,19740.0
1652001540000,0.5725,0.5726,0.5724,0.5724,27826.0
1652001600000,0.5724,0.5724,0.5716,0.5716,250074.0
1652001660000,0.5715,0.5715,0.5712,0.5713,192971.0
1652001720000,0.5712,0.5717,0.5712,0.5717,82782.0
1652001780000,0.5716,0.5721,0.5716,0.572,74181.0
1652001840000,0.5719,0.5723,0.5719,0.5723,46618.0
1652001900000,0.5723,0.5726,0.5723,0.5725,120443.0
1652001960000,0.5726,0.5726,0.5723,0.5723,123619.0
1652002020000,0.5723,0.5724,0.5716,0.5717,127391.0
1652002080000,0.5717,0.5719,0.5715,0.5716,89440.0
1652002140000,0.5716,0.5716,0.5714,0.5716,70203.0
1652002200000,0.5716,0.5722,0.5715,0.5722,108192.0
1652002260000,0.5721,0.5722,0.5718,0.5719,92168.0
1652002320000,0.5719,0.5719,0.5718,0.5718,10783.0
1652002380000,0.5718,0.5719,0.5717,0.5717,26419.0
1652002440000,0.5717,0.5722,0.5717,0.5719,209352.0
1652002500000,0.572,0.5721,0.5719,0.572,37483.0
1652002560000,0.5721,0.5725,0.5721,0.5725,91860.0
1652002620000,0.5724,0.5726,0.5723,0.5725,148835.0
1652002680000,0.5724,0.5726,0.5719,0.5721,205012.0
1652002740000,0.572,0.5723,0.572,0.5723,109519.0
1652002800000,0.5723,0.5723,0.5721,0.5721,63958.0
1652002860000,0.5721,0.5722,0.5718,0.5719,140271.0
1652002920000,0.5719,0.572,0.5713,0.5713,142049.0
1652002980000,0.5713,0.5717,0.5711,0.5717,171522.0
1652003040000,0.5717,0.5725,0.5717,0.5724,515816.0
1652003100000,0.5724,0.5732,0.5719,0.5731,101699.0
1652003160000,0.5729,0.5729,0.572,0.572,166526.0
1652003220000,0.572,0.5722,0.5718,0.5719,187860.0
1652003280000,0.5718,0.5718,0.5716,0.5718,80331.0
1652003340000,0.5717,0.5717,0.5709,0.5709,162131.0
1652003400000,0.5709,0.5716,0.5708,0.5715,115189.0
1652003460000,0.5715,0.5715,0.5709,0.571,96104.0
1652003520000,0.5709,0.5712,0.5709,0.5711,86504.0
1652003580000,0.5712,0.5718,0.5711,0.5718,122636.0
1652003640000,0.5718,0.5719,0.5715,0.5716,115603.0
1652003700000,0.5717,0.5721,0.5716,0.5718,133582.0
1652003760000,0.5718,0.5718,0.5717,0.5718,35343.0
1652003820000,0.5718,0.5718,0.5714,0.5714,37685.0
1652003880000,0.5714,0.5715,0.5713,0.5713,48184.0
1652003940000,0.5714,0.5715,0.5711,0.5715,167744.0
1652004000000,0.5715,0.572,0.5714,0.572,45869.0
1652004060000,0.572,0.5724,0.572,0.5721,96189.0
1652004120000,0.5721,0.5722,0.5718,0.5719,51140.0
1652004180000,0.5718,0.5719,0.5713,0.5713,113429.0
1652004240000,0.5712,0.5712,0.5704,0.5704,222147.0
1652004300000,0.5703,0.5705,0.5694,0.57,463726.0
1652004360000,0.5701,0.5703,0.5697,0.5698,62114.0
1652004420000,0.5698,0.5704,0.5698,0.5702,55498.0
1652004480000,0.5702,0.5711,0.5702,0.5711,191894.0
1652004540000,0.5711,0.5715,0.571,0.5712,63069.0
1652004600000,0.5712,0.5718,0.5712,0.5718,80486.0
1652004660000,0.5717,0.5726,0.5717,0.5725,82716.0
1652004720000,0.5725,0.5729,0.5725,0.5725,52441.0
1652004780000,0.5726,0.5728,0.5723,0.5725,132308.0
1652004840000,0.5725,0.5726,0.5724,0.5725,72817.0
1652004900000,0.5725,0.5727,0.5725,0.5726,107429.0
1652004960000,0.5726,0.5732,0.5726,0.5731,94636.0
1652005020000,0.5731,0.5734,0.5726,0.5726,119497.0
1652005080000,0.5727,0.573,0.5725,0.573,74130.0
1652005140000,0.573,0.5736,0.573,0.5735,98378.0
1652005200000,0.5735,0.5741,0.5732,0.5733,331542.0
1652005260000,0.5734,0.5734,0.5726,0.5728,94866.0
1652005320000,0.5727,0.5727,0.5722,0.5723,103231.0
1652005380000,0.5724,0.5728,0.5722,0.5726,103394.0
1652005440000,0.5726,0.573,0.5725,0.573,43843.0
1652005500000,0.573,0.573,0.5727,0.573,46970.0
1652005560000,0.5729,0.573,0.5728,0.5729,61975.0
1652005620000,0.573,0.573,0.5725,0.5727,124009.0
1652005680000,0.5726,0.5728,0.5721,0.5721,217673.0
1652005740000,0.5721,0.5721,0.5718,0.5718,73474.0
1652005800000,0.5719,0.5721,0.5719,0.572,35225.0
1652005860000,0.5721,0.5724,0.572,0.5721,72142.0
1652005920000,0.5721,0.5724,0.5721,0.5723,46220.0
1652005980000,0.5724,0.5728,0.5723,0.5728,55236.0
1652006040000,0.5727,0.5729,0.5727,0.5728,25938.0
1652006100000,0.5729,0.5737,0.5729,0.5734,126290.0
1652006160000,0.5734,0.5735,0.5734,0.5735,22254.0
1652006220000,0.5735,0.5736,0.573,0.5735,298860.0
1652006280000,0.5734,0.5735,0.573,0.5734,143906.0
1652006340000,0.5734,0.5736,0.5734,0.5735,63678.0
1652006400000,0.5735,0.5735,0.5731,0.5733,24067.0
1652006460000,0.5733,0.5734,0.5733,0.5733,20235.0
1652006520000,0.5734,0.5734,0.5732,0.5733,43338.0
1652006580000,0.5733,0.5734,0.5732,0.5732,45680.0
1652006640000,0.5732,0.5735,0.5732,0.5735,148861.0
1652006700000,0.5734,0.5735,0.5728,0.5728,150850.0
1652006760000,0.5728,0.5739,0.5728,0.5739,132625.0
1652006820000,0.5738,0.5754,0.5738,0.5751,912138.0
1652006880000,0.575,0.5751,0.5745,0.5745,163274.0
1652006940000,0.5745,0.5747,0.5742,0.5746,197687.0
1652007000000,0.5747,0.5747,0.5741,0.5742,62160.0
1652007060000,0.5742,0.5744,0.574,0.5744,143711.0
1652007120000,0.5744,0.5745,0.5744,0.5744,86811.0
1652007180000,0.5744,0.5747,0.574,0.5741,156151.0
1652007240000,0.5742,0.5746,0.5741,0.5745,243918.0
1652007300000,0.5744,0.5744,0.5741,0.5742,128712.0
1652007360000,0.5743,0.5748,0.5742,0.5745,572167.0
1652007420000,0.5745,0.5748,0.5745,0.5746,244290.0
1652007480000,0.5746,0.5746,0.5741,0.5744,728012.0
1652007540000,0.5744,0.5746,0.5743,0.5746,14481.0
1652007600000,0.5746,0.575,0.5745,0.5747,69826.0
1652007660000,0.5747,0.5752,0.5747,0.5751,324136.0
1652007720000,0.5751,0.5755,0.5747,0.5748,67417.0
1652007780000,0.5749,0.5751,0.5748,0.5749,26388.0
1652007840000,0.5749,0.5751,0.5748,0.575,119705.0
1652007900000,0.575,0.5753,0.5749,0.5753,194033.0
1652007960000,0.5754,0.576,0.5753,0.5757,340088.0
1652008020000,0.5758,0.5771,0.5758,0.5771,392273.0
1652008080000,0.577,0.5772,0.5762,0.5762,187509.0
1652008140000,0.5761,0.5767,0.5755,0.5767,314031.0
1652008200000,0.5766,0.5766,0.5758,0.5762,426727.0
1652008260000,0.5761,0.5763,0.5757,0.5758,47960.0
1652008320000,0.5759,0.576,0.5757,0.5757,89257.0
1652008380000,0.5758,0.5758,0.5752,0.5755,74603.0
1652008440000,0.5754,0.5755,0.5753,0.5755,43481.0
1652008500000,0.5755,0.5758,0.5753,0.5756,99348.0
1652008560000,0.5757,0.5757,0.5752,0.5752,115393.0
1652008620000,0.5753,0.5754,0.5752,0.5753,94183.0
1652008680000,0.5752,0.5756,0.5752,0.5755,55900.0
1652008740000,0.5755,0.5759,0.5754,0.5758,45039.0
1652008800000,0.5759,0.5759,0.5755,0.5755,187405.0
1652008860000,0.5756,0.5756,0.5751,0.5752,83305.0
1652008920000,0.5752,0.5754,0.5751,0.5754,51898.0
1652008980000,0.5754,0.5754,0.5748,0.5752,492375.0
1652009040000,0.5753,0.576,0.5753,0.5758,72810.0
1652009100000,0.5757,0.5757,0.5754,0.5754,110644.0
1652009160000,0.5755,0.5755,0.5754,0.5755,33187.0
1652009220000,0.5755,0.5763,0.5755,0.5763,237277.0
1652009280000,0.5763,0.577,0.5762,0.5764,282947.0
1652009340000,0.5762,0.5767,0.5762,0.5763,180173.0
1652009400000,0.5764,0.5766,0.5762,0.5763,240688.0
1652009460000,0.5763,0.5764,0.5761,0.5763,194196.0
1652009520000,0.5764,0.5764,0.5761,0.5761,47798.0
1652009580000,0.5761,0.5761,0.5751,0.5751,160455.0
1652009640000,0.5751,0.5752,0.5749,0.5751,105747.0
1652009700000,0.575,0.5751,0.5746,0.5748,129819.0
1652009760000,0.5748,0.5752,0.5748,0.5752,134032.0
1652009820000,0.5752,0.5752,0.5748,0.5749,47626.0
1652009880000,0.5749,0.5753,0.5748,0.5751,83078.0
1652009940000,0.5752,0.5755,0.5751,0.5754,119250.0
1652010000000,0.5754,0.5756,0.5752,0.5754,189342.0
1652010060000,0.5753,0.5755,0.5749,0.5749,59597.0
1652010120000,0.575,0.575,0.5745,0.5746,209071.0
1652010180000,0.5746,0.5749,0.5746,0.5747,71905.0
1652010240000,0.5747,0.5749,0.5744,0.5744,72268.0
1652010300000,0.5744,0.5749,0.5744,0.5748,82949.0
1652010360000,0.5749,0.5749,0.5744,0.5745,91326.0
1652010420000,0.5745,0.5745,0.5737,0.5741,154701.0
1652010480000,0.5742,0.5742,0.5733,0.5737,138818.0
1652010540000,0.5738,0.574,0.5735,0.5736,37186.0
1652010600000,0.5736,0.5736,0.5732,0.5735,187326.0
1652010660000,0.5735,0.5741,0.5735,0.5741,35636.0
1652010720000,0.5741,0.5741,0.5737,0.5738,46042.0
1652010780000,0.5738,0.5741,0.5737,0.5737,51125.0
1652010840000,0.5738,0.5739,0.5737,0.5739,16447.0
1652010900000,0.5738,0.5743,0.5738,0.5743,93310.0
1652010960000,0.5744,0.5752,0.5744,0.5749,128321.0
1652011020000,0.5749,0.575,0.5743,0.5745,37355.0
1652011080000,0.5745,0.5749,0.5744,0.5749,126704.0
1652011140000,0.5748,0.575,0.5746,0.5749,99737.0
1652011200000,0.5749,0.5751,0.5744,0.5744,61960.0
1652011260000,0.5744,0.5745,0.5743,0.5743,93959.0
1652011320000,0.5744,0.5745,0.5742,0.5745,34959.0
1652011380000,0.5745,0.5751,0.5744,0.575,114339.0
1652011440000,0.575,0.5753,0.5748,0.5749,62732.0
1652011500000,0.5749,0.5751,0.5748,0.5749,202667.0
1652011560000,0.5749,0.5752,0.5749,0.5749,59911.0
1652011620000,0.5749,0.5752,0.5749,0.575,63302.0
1652011680000,0.575,0.5752,0.575,0.5751,117986.0
1652011740000,0.5751,0.5755,0.575,0.5754,130005.0
1652011800000,0.5753,0.5754,0.5751,0.5751,6445.0
1652011860000,0.5751,0.5755,0.575,0.5754,97151.0
1652011920000,0.5753,0.5754,0.5751,0.5754,104885.0
1652011980000,0.5754,0.5755,0.575,0.5752,118224.0
1652012040000,0.5753,0.5758,0.5752,0.5755,155451.0
1652012100000,0.5755,0.5758,0.5754,0.5757,53263.0
1652012160000,0.5757,0.576,0.5757,0.5757,106084.0
1652012220000,0.5757,0.5759,0.5757,0.5758,113113.0
1652012280000,0.5758,0.5759,0.5752,0.5752,183854.0
1652012340000,0.5753,0.5755,0.5752,0.5753,28044.0
1652012400000,0.5752,0.5753,0.5745,0.5749,96138.0
1652012460000,0.5748,0.5748,0.5743,0.5744,38611.0
1652012520000,0.5744,0.5746,0.5742,0.5744,130497.0
1652012580000,0.5744,0.5745,0.5741,0.5743,290676.0
1652012640000,0.5743,0.5743,0.5742,0.5742,47227.0
1652012700000,0.5741,0.5741,0.573,0.5733,255043.0
1652012760000,0.5732,0.5735,0.5728,0.5731,307267.0
1652012820000,0.5732,0.5741,0.5731,0.5741,677013.0
1652012880000,0.5741,0.5742,0.5727,0.573,250287.0
1652012940000,0.5729,0.5731,0.5725,0.5727,154702.0
1652013000000,0.5725,0.5726,0.5721,0.5723,138592.0
1652013060000,0.5722,0.5728,0.5721,0.5728,147070.0
1652013120000,0.5728,0.5732,0.5726,0.5729,35467.0
1652013180000,0.5729,0.573,0.5725,0.5726,42926.0
1652013240000,0.5725,0.5725,0.5721,0.5724,214458.0
1652013300000,0.5724,0.5726,0.5717,0.5721,164806.0
1652013360000,0.5722,0.5727,0.5721,0.5727,73535.0
1652013420000,0.5727,0.5727,0.5721,0.5722,60813.0
1652013480000,0.5721,0.5724,0.5717,0.5718,115109.0
1652013540000,0.5718,0.5718,0.5715,0.5717,56860.0
1652013600000,0.5718,0.5722,0.5718,0.5722,70118.0
1652013660000,0.5722,0.5723,0.5718,0.572,60542.0
1652013720000,0.5719,0.5732,0.5719,0.5732,203672.0
1652013780000,0.5731,0.5731,0.5727,0.5727,57091.0
1652013840000,0.5726,0.5732,0.5724,0.573,132395.0
1652013900000,0.573,0.5735,0.5729,0.5733,153677.0
1652013960000,0.5733,0.5739,0.5733,0.5737,142029.0
1652014020000,0.5737,0.5739,0.5736,0.5739,76439.0
1652014080000,0.5739,0.574,0.5738,0.5738,132496.0
1652014140000,0.5737,0.5738,0.5728,0.5728,127018.0
1652014200000,0.5727,0.5731,0.5719,0.5723,337029.0
1652014260000,0.5723,0.5723,0.5708,0.571,768841.0
1652014320000,0.571,0.572,0.571,0.5715,243795.0
1652014380000,0.5715,0.5722,0.5715,0.5719,91542.0
1652014440000,0.5719,0.5728,0.5718,0.5728,148611.0
1652014500000,0.5727,0.5731,0.5726,0.573,80502.0
1652014560000,0.5731,0.5731,0.5722,0.5723,74037.0
1652014620000,0.5724,0.5726,0.572,0.572,20036.0
1652014680000,0.5719,0.5719,0.5713,0.5718,249542.0
1652014740000,0.5716,0.5723,0.5716,0.572,143315.0
1652014800000,0.572,0.5721,0.5716,0.5721,56366.0
1652014860000,0.5721,0.5729,0.5721,0.5729,226533.0
1652014920000,0.5729,0.5733,0.5729,0.5731,81103.0
1652014980000,0.573,0.573,0.5723,0.5723,201072.0
1652015040000,0.5723,0.5723,0.5715,0.5715,121603.0
1652015100000,0.5715,0.5722,0.571,0.5721,267778.0
1652015160000,0.5722,0.5722,0.5716,0.5717,82481.0
1652015220000,0.5718,0.5726,0.5717,0.5725,182066.0
1652015280000,0.5725,0.5726,0.5722,0.5726,96885.0
1652015340000,0.5726,0.5727,0.5722,0.5722,72219.0
1652015400000,0.5723,0.5726,0.5721,0.5722,195969.0
1652015460000,0.5721,0.5721,0.5711,0.5711,221906.0
1652015520000,0.5711,0.5713,0.5706,0.5707,448619.0
1652015580000,0.5708,0.5717,0.5707,0.5717,170564.0
1652015640000,0.5718,0.5728,0.5718,0.5728,214985.0
1652015700000,0.5727,0.5731,0.5723,0.5726,922961.0
1652015760000,0.5726,0.5726,0.5716,0.5718,113177.0
1652015820000,0.5718,0.5719,0.5709,0.5713,243227.0
1652015880000,0.5713,0.5714,0.571,0.5712,145608.0
1652015940000,0.5712,0.5718,0.5709,0.5718,142504.0
1652016000000,0.5718,0.5722,0.5718,0.5718,46812.0
1652016060000,0.5718,0.5719,0.5713,0.5717,267775.0
1652016120000,0.5717,0.5717,0.5709,0.5712,205192.0
1652016180000,0.5711,0.5714,0.5711,0.5711,131724.0
1652016240000,0.5712,0.5714,0.5711,0.5714,215250.0
1652016300000,0.5714,0.5723,0.5714,0.5723,176103.0
1652016360000,0.5724,0.5736,0.572,0.572,199492.0
1652016420000,0.572,0.572,0.5711,0.5718,609385.0
1652016480000,0.5717,0.5717,0.5712,0.5715,201220.0
1652016540000,0.5715,0.5717,0.5711,0.5714,186323.0
1652016600000,0.5714,0.5718,0.5711,0.5717,30268.0
1652016660000,0.5717,0.5718,0.5713,0.5715,54855.0
1652016720000,0.5714,0.5714,0.5708,0.5708,50922.0
1652016780000,0.5709,0.5716,0.5708,0.5714,354826.0
1652016840000,0.5715,0.5721,0.5715,0.5721,60815.0
1652016900000,0.5721,0.5722,0.5716,0.5717,82353.0
1652016960000,0.5716,0.5717,0.5713,0.5714,140533.0
1652017020000,0.5714,0.5716,0.5712,0.5715,116631.0
1652017080000,0.5715,0.5715,0.5706,0.5708,221871.0
1652017140000,0.5709,0.5713,0.5708,0.5712,71353.0
1652017200000,0.5711,0.5716,0.5708,0.5708,316733.0
1652017260000,0.5707,0.571,0.5707,0.5708,135537.0
1652017320000,0.5708,0.5713,0.5707,0.571,77467.0
1652017380000,0.5709,0.5714,0.5708,0.5711,133414.0
1652017440000,0.5711,0.5713,0.571,0.5713,73657.0
1652017500000,0.5714,0.5721,0.5713,0.572,81870.0
1652017560000,0.5721,0.5722,0.5717,0.5718,205835.0
1652017620000,0.5718,0.5718,0.5714,0.5716,205243.0
1652017680000,0.5717,0.5718,0.5715,0.5715,127923.0
1652017740000,0.5715,0.5715,0.5707,0.5711,149643.0
1652017800000,0.5711,0.5711,0.5707,0.5708,169089.0
1652017860000,0.5707,0.5708,0.5695,0.5701,574141.0
1652017920000,0.5701,0.5707,0.5699,0.5705,362862.0
1652017980000,0.5705,0.571,0.5705,0.5709,142743.0
1652018040000,0.5709,0.5715,0.5709,0.5714,276177.0
1652018100000,0.5715,0.572,0.5695,0.5699,1196918.0
1652018160000,0.5699,0.5704,0.5686,0.569,1440691.0
1652018220000,0.5689,0.569,0.5684,0.5686,516070.0
1652018280000,0.5685,0.5699,0.5682,0.5693,416398.0
1652018340000,0.5693,0.5694,0.568,0.5683,311043.0
1652018400000,0.5684,0.57,0.5666,0.5695,2176818.0
1652018460000,0.5695,0.5711,0.5695,0.5704,691737.0
1652018520000,0.5703,0.5715,0.57,0.5705,851945.0
1652018580000,0.5705,0.5705,0.5694,0.5695,521242.0
1652018640000,0.5695,0.5697,0.5687,0.5696,305478.0
1652018700000,0.5696,0.5703,0.5696,0.5703,234180.0
1652018760000,0.5703,0.5704,0.5692,0.5696,558980.0
1652018820000,0.5694,0.5698,0.5689,0.5696,153310.0
1652018880000,0.5697,0.57,0.5697,0.5698,94452.0
1652018940000,0.5698,0.5704,0.5698,0.5702,223832.0
1652019000000,0.5702,0.5705,0.5692,0.5693,385616.0
1652019060000,0.5694,0.5698,0.5669,0.5683,1991820.0
1652019120000,0.5683,0.5701,0.568,0.5691,1660017.0
1652019180000,0.569,0.5693,0.5685,0.5692,328729.0
1652019240000,0.5692,0.5696,0.569,0.5693,126817.0
1652019300000,0.5693,0.5703,0.5692,0.5703,337915.0
1652019360000,0.5703,0.5703,0.5698,0.5698,122905.0
1652019420000,0.5698,0.5699,0.5691,0.5695,201471.0
1652019480000,0.5695,0.5696,0.5693,0.5694,179136.0
1652019540000,0.5693,0.5696,0.5684,0.5685,446172.0
1652019600000,0.5685,0.5692,0.5684,0.5688,261397.0
1652019660000,0.5687,0.569,0.5686,0.5686,226686.0
1652019720000,0.5686,0.5691,0.5679,0.5681,743241.0
1652019780000,0.5681,0.5688,0.568,0.5688,248039.0
1652019840000,0.5689,0.5692,0.5686,0.5689,95264.0
1652019900000,0.5688,0.5695,0.5688,0.5689,113098.0
1652019960000,0.5689,0.5696,0.5688,0.5696,355477.0
1652020020000,0.5696,0.5707,0.5695,0.5704,253300.0
1652020080000,0.5704,0.5707,0.5701,0.5704,155611.0
1652020140000,0.5703,0.5707,0.5703,0.5706,102144.0
1652020200000,0.5706,0.5709,0.5702,0.5703,178772.0
1652020260000,0.5703,0.5703,0.5695,0.5698,85904.0
1652020320000,0.5698,0.5699,0.5697,0.5698,20951.0
1652020380000,0.5698,0.5708,0.5697,0.5703,272529.0
1652020440000,0.5702,0.571,0.5702,0.571,287913.0
1652020500000,0.571,0.5729,0.571,0.5729,565801.0
1652020560000,0.5729,0.5729,0.5723,0.5727,218270.0
1652020620000,0.5727,0.5728,0.5718,0.5721,176870.0
1652020680000,0.5722,0.5723,0.5714,0.5716,64122.0
1652020740000,0.5716,0.5716,0.571,0.5711,186806.0
1652020800000,0.5709,0.5715,0.5708,0.5709,200179.0
1652020860000,0.5709,0.5711,0.5704,0.5704,193023.0
1652020920000,0.5704,0.5706,0.57,0.5701,151087.0
1652020980000,0.5701,0.5704,0.5693,0.5698,1013006.0
1652021040000,0.5697,0.5697,0.5687,0.5688,196197.0
1652021100000,0.5687,0.5704,0.5686,0.5693,221406.0
1652021160000,0.5692,0.5698,0.5692,0.5698,119629.0
1652021220000,0.5698,0.5701,0.5693,0.5701,261156.0
1652021280000,0.57,0.5705,0.5699,0.5701,406140.0
1652021340000,0.57,0.57,0.5694,0.5698,216243.0
1652021400000,0.5696,0.5702,0.5695,0.5697,111055.0
1652021460000,0.5697,0.5698,0.5692,0.5694,151669.0
1652021520000,0.5694,0.5699,0.5694,0.5698,78130.0
1652021580000,0.5698,0.57,0.5695,0.5696,73394.0
1652021640000,0.5695,0.5699,0.5695,0.5698,41980.0
1652021700000,0.5699,0.5704,0.5698,0.5704,56212.0
1652021760000,0.5704,0.5708,0.57,0.5704,363935.0
1652021820000,0.5704,0.5709,0.5704,0.5708,104567.0
1652021880000,0.5707,0.571,0.5707,0.5708,38451.0
1652021940000,0.5707,0.5707,0.5704,0.5705,33664.0
1652022000000,0.5705,0.5711,0.5705,0.5708,127902.0
1652022060000,0.5709,0.5719,0.5709,0.5718,124387.0
1652022120000,0.5717,0.5719,0.5713,0.5719,68223.0
1652022180000,0.5718,0.5723,0.5718,0.5722,82556.0
1652022240000,0.5723,0.5728,0.5722,0.5727,171643.0
1652022300000,0.5727,0.5727,0.5717,0.5727,245262.0
1652022360000,0.5727,0.5731,0.5724,0.5727,184080.0
1652022420000,0.5725,0.5729,0.572,0.5723,124604.0
1652022480000,0.5723,0.5723,0.5716,0.5719,95066.0
1652022540000,0.5718,0.5719,0.5712,0.5716,129348.0
1652022600000,0.5715,0.5715,0.5709,0.571,75211.0
1652022660000,0.5711,0.5711,0.5706,0.5707,65748.0
1652022720000,0.5707,0.5714,0.5707,0.5713,225668.0
1652022780000,0.5713,0.5713,0.5704,0.5708,110568.0
1652022840000,0.5708,0.5713,0.5706,0.5712,179318.0
1652022900000,0.5712,0.5726,0.5712,0.5724,159924.0
1652022960000,0.5723,0.5724,0.572,0.5723,126623.0
1652023020000,0.5722,0.5724,0.5719,0.5724,136049.0
1652023080000,0.5724,0.5725,0.5722,0.5723,70020.0
1652023140000,0.5723,0.5723,0.5716,0.5718,94979.0
1652023200000,0.5717,0.5724,0.5716,0.5723,340135.0
1652023260000,0.5723,0.5724,0.5716,0.5716,49646.0
1652023320000,0.5716,0.5718,0.5713,0.5716,180487.0
1652023380000,0.5716,0.5719,0.5716,0.5719,77094.0
1652023440000,0.5719,0.572,0.5719,0.572,59304.0
1652023500000,0.5719,0.5729,0.5718,0.5729,179368.0
1652023560000,0.5729,0.5736,0.5729,0.5732,184411.0
1652023620000,0.5733,0.5737,0.5729,0.5732,189054.0
1652023680000,0.5732,0.5732,0.5722,0.5724,128308.0
1652023740000,0.5723,0.5727,0.5722,0.5723,94555.0
1652023800000,0.5722,0.5727,0.572,0.5727,86874.0
1652023860000,0.5726,0.5727,0.5724,0.5724,27443.0
1652023920000,0.5724,0.5732,0.5724,0.5729,97182.0
1652023980000,0.5729,0.5733,0.5729,0.5731,81005.0
1652024040000,0.5731,0.5731,0.5726,0.5727,101587.0
1652024100000,0.5727,0.5734,0.5726,0.5732,198415.0
1652024160000,0.5733,0.5737,0.5732,0.5733,70772.0
1652024220000,0.5733,0.5733,0.573,0.5731,22094.0
1652024280000,0.5731,0.5731,0.5726,0.5726,150159.0
1652024340000,0.5727,0.5733,0.5727,0.5728,42563.0
1652024400000,0.5728,0.5729,0.5721,0.5722,59549.0
1652024460000,0.5721,0.5722,0.572,0.5722,71180.0
1652024520000,0.5723,0.5729,0.572,0.5721,36499.0
1652024580000,0.5722,0.5722,0.5717,0.5718,52587.0
1652024640000,0.5717,0.5722,0.5717,0.5719,287985.0
1652024700000,0.5718,0.5728,0.5718,0.5722,262623.0
1652024760000,0.5721,0.5724,0.5714,0.5715,347838.0
1652024820000,0.5714,0.5715,0.5711,0.5712,42721.0
1652024880000,0.5711,0.5715,0.571,0.5714,71300.0
1652024940000,0.5715,0.5719,0.5714,0.5717,83791.0
1652025000000,0.5718,0.5718,0.5712,0.5714,29390.0
1652025060000,0.5714,0.5714,0.5713,0.5714,8375.0
1652025120000,0.5714,0.5714,0.5704,0.5707,1982629.0
1652025180000,0.5706,0.5709,0.5699,0.57,259798.0
1652025240000,0.57,0.5707,0.57,0.5705,211923.0
1652025300000,0.5704,0.5704,0.57,0.5702,70541.0
1652025360000,0.5701,0.5706,0.5701,0.5704,73870.0
1652025420000,0.5704,0.5709,0.5704,0.5707,30120.0
1652025480000,0.5707,0.5708,0.5702,0.5703,103824.0
1652025540000,0.5703,0.5703,0.5686,0.5691,868027.0
1652025600000,0.5691,0.5693,0.5684,0.569,2260840.0
1652025660000,0.569,0.569,0.5675,0.5686,1317688.0
1652025720000,0.5686,0.5699,0.5682,0.5697,240036.0
1652025780000,0.5698,0.5703,0.569,0.569,138708.0
1652025840000,0.569,0.5691,0.5685,0.5687,204998.0
1652025900000,0.5688,0.5699,0.5687,0.5694,553093.0
1652025960000,0.5694,0.5706,0.5694,0.5699,191674.0
1652026020000,0.5698,0.5717,0.5698,0.5707,1472327.0
1652026080000,0.5706,0.5711,0.5704,0.5708,194566.0
1652026140000,0.5706,0.5711,0.5705,0.5709,90860.0
1652026200000,0.571,0.5714,0.5707,0.5709,117639.0
1652026260000,0.5708,0.5708,0.5697,0.5699,149958.0
1652026320000,0.5701,0.5705,0.57,0.5704,80999.0
1652026380000,0.5704,0.5707,0.5701,0.5702,55457.0
1652026440000,0.5702,0.5703,0.57,0.5702,37611.0
1652026500000,0.5703,0.5703,0.5701,0.5702,83464.0
1652026560000,0.5703,0.5712,0.5702,0.5711,95658.0
1652026620000,0.5711,0.5713,0.5707,0.5707,34032.0
1652026680000,0.5708,0.5712,0.5707,0.5712,26207.0
1652026740000,0.5711,0.5715,0.5711,0.5714,186805.0
1652026800000,0.5715,0.5717,0.5708,0.5708,164045.0
1652026860000,0.5708,0.5709,0.57,0.5704,267722.0
1652026920000,0.5704,0.5704,0.57,0.5704,288185.0
1652026980000,0.5705,0.5706,0.5701,0.5701,152130.0
1652027040000,0.5702,0.5702,0.5693,0.5696,428381.0
1652027100000,0.5696,0.5702,0.5696,0.5701,342399.0
1652027160000,0.5701,0.5706,0.5701,0.5704,111297.0
1652027220000,0.5705,0.5717,0.5704,0.5716,210699.0
1652027280000,0.5717,0.5722,0.5717,0.5721,66861.0
1652027340000,0.5721,0.5721,0.5714,0.5719,173035.0
1652027400000,0.5719,0.5733,0.5718,0.5733,280595.0
1652027460000,0.5733,0.5734,0.5726,0.573,295085.0
1652027520000,0.5729,0.5729,0.5725,0.5725,227156.0
1652027580000,0.5726,0.5729,0.5725,0.5727,66098.0
1652027640000,0.5727,0.5728,0.5724,0.5725,48925.0
1652027700000,0.5725,0.5727,0.5724,0.5725,114767.0
1652027760000,0.5725,0.5728,0.5723,0.5725,553657.0
1652027820000,0.5726,0.5728,0.5721,0.5722,267058.0
1652027880000,0.5723,0.5724,0.5721,0.5721,133050.0
1652027940000,0.5722,0.5725,0.5719,0.5723,263949.0
1652028000000,0.5723,0.5725,0.5715,0.5717,256620.0
1652028060000,0.5718,0.5721,0.5717,0.5719,57145.0
1652028120000,0.5719,0.5719,0.5711,0.5711,65443.0
1652028180000,0.5712,0.5712,0.5706,0.5708,130168.0
1652028240000,0.5708,0.5713,0.5707,0.5712,109402.0
1652028300000,0.5712,0.5717,0.5712,0.5713,123009.0
1652028360000,0.5713,0.5714,0.571,0.5711,51350.0
1652028420000,0.571,0.5714,0.571,0.5714,94494.0
1652028480000,0.5715,0.572,0.571,0.571,469785.0
1652028540000,0.571,0.5716,0.5709,0.5715,196445.0
1652028600000,0.5714,0.5719,0.5714,0.5714,70792.0
1652028660000,0.5714,0.5714,0.5705,0.5705,168691.0
1652028720000,0.5705,0.5712,0.5705,0.571,363357.0
1652028780000,0.5711,0.5711,0.5703,0.5703,115037.0
1652028840000,0.5702,0.5703,0.5696,0.5699,388160.0
1652028900000,0.5699,0.57,0.5694,0.5694,83686.0
1652028960000,0.5694,0.5695,0.5689,0.5691,507096.0
1652029020000,0.5691,0.5692,0.5688,0.569,89280.0
1652029080000,0.5689,0.5694,0.5688,0.5689,150126.0
1652029140000,0.5689,0.5694,0.5689,0.5693,70770.0
1652029200000,0.5693,0.5697,0.5683,0.5683,187537.0
1652029260000,0.5683,0.5685,0.5657,0.5667,4529801.0
1652029320000,0.5666,0.5681,0.5664,0.5678,1072426.0
1652029380000,0.568,0.5687,0.5667,0.5668,879453.0
1652029440000,0.5668,0.5668,0.5627,0.5638,3252751.0
1652029500000,0.5636,0.5644,0.563,0.5635,1291127.0
1652029560000,0.5636,0.5638,0.5621,0.5627,1936731.0
1652029620000,0.5628,0.5628,0.5572,0.5611,4594839.0
1652029680000,0.561,0.5612,0.5579,0.5608,2346648.0
1652029740000,0.5611,0.5612,0.5594,0.5609,1229011.0
1652029800000,0.561,0.5613,0.5598,0.5601,1373247.0
1652029860000,0.5602,0.5639,0.5599,0.5638,2755654.0
1652029920000,0.5638,0.5664,0.5627,0.5655,1867508.0
1652029980000,0.5656,0.5664,0.5646,0.5662,2010793.0
1652030040000,0.5662,0.5667,0.5652,0.5662,2056035.0
1652030100000,0.5661,0.569,0.5656,0.5689,877222.0
1652030160000,0.5689,0.5697,0.5674,0.5676,543973.0
1652030220000,0.5677,0.5683,0.5664,0.567,629863.0
1652030280000,0.567,0.5675,0.5666,0.5673,347867.0
1652030340000,0.5674,0.5678,0.5663,0.5669,1074847.0
1652030400000,0.5668,0.5671,0.5652,0.5656,462096.0
1652030460000,0.5657,0.5678,0.5657,0.5674,286510.0
1652030520000,0.5674,0.5678,0.5672,0.5674,165177.0
1652030580000,0.5675,0.5679,0.5669,0.5672,666055.0
1652030640000,0.5672,0.5683,0.5666,0.568,941757.0
1652030700000,0.5678,0.5685,0.5677,0.5684,449127.0
1652030760000,0.5685,0.5685,0.5675,0.5683,652022.0
1652030820000,0.5682,0.5695,0.5679,0.5693,425431.0
1652030880000,0.5693,0.5695,0.5685,0.5687,1139675.0
1652030940000,0.5687,0.5687,0.5669,0.5676,559011.0
1652031000000,0.5675,0.5675,0.5656,0.5657,384831.0
1652031060000,0.5657,0.5665,0.5657,0.566,267294.0
1652031120000,0.5661,0.5665,0.5658,0.566,275710.0
1652031180000,0.566,0.5661,0.5654,0.5654,164628.0
1652031240000,0.5655,0.5656,0.5647,0.5647,95970.0
1652031300000,0.5648,0.5658,0.5646,0.5655,201117.0
1652031360000,0.5655,0.5672,0.5655,0.5662,314307.0
1652031420000,0.5661,0.5661,0.5651,0.5652,503589.0
1652031480000,0.5653,0.5653,0.5645,0.5645,216359.0
1652031540000,0.5645,0.565,0.5641,0.5644,339869.0
1652031600000,0.5645,0.5654,0.5641,0.5642,341583.0
1652031660000,0.5641,0.5646,0.5631,0.5643,361055.0
1652031720000,0.5642,0.565,0.5637,0.5649,271170.0
1652031780000,0.5649,0.5653,0.5645,0.5647,365219.0
1652031840000,0.5647,0.5648,0.5643,0.5648,216328.0
1652031900000,0.5648,0.5654,0.5641,0.5641,288242.0
1652031960000,0.5641,0.5643,0.5638,0.5642,100962.0
1652032020000,0.5642,0.5655,0.5642,0.5648,261034.0
1652032080000,0.5649,0.5659,0.5649,0.5658,252616.0
1652032140000,0.5657,0.5661,0.5655,0.5657,207329.0
1652032200000,0.5657,0.5661,0.5657,0.566,102869.0
1652032260000,0.5659,0.5661,0.5659,0.5659,66381.0
1652032320000,0.566,0.5672,0.566,0.5666,219491.0
1652032380000,0.5667,0.5669,0.5664,0.5664,207336.0
1652032440000,0.5665,0.5667,0.5664,0.5666,80421.0
1652032500000,0.5667,0.5673,0.5665,0.5666,167862.0
1652032560000,0.5666,0.5668,0.566,0.5661,79286.0
1652032620000,0.5661,0.5664,0.566,0.5663,32901.0
1652032680000,0.5664,0.5673,0.5664,0.5672,266277.0
1652032740000,0.5671,0.5684,0.567,0.5682,535797.0
1652032800000,0.5682,0.5683,0.5676,0.5683,190668.0
1652032860000,0.5684,0.5688,0.5681,0.5683,234257.0
1652032920000,0.568,0.5681,0.5669,0.5678,420891.0
1652032980000,0.5678,0.5678,0.5664,0.5664,114750.0
1652033040000,0.5665,0.5671,0.5659,0.5661,229133.0
1652033100000,0.5663,0.5672,0.5663,0.5672,67472.0
1652033160000,0.5672,0.5675,0.5668,0.5668,103081.0
1652033220000,0.5667,0.5669,0.5665,0.5665,39909.0
1652033280000,0.5665,0.567,0.5665,0.5667,197655.0
1652033340000,0.5669,0.5669,0.5657,0.5662,559307.0
1652033400000,0.5663,0.5663,0.5654,0.5656,250550.0
1652033460000,0.5655,0.5655,0.5645,0.5645,170236.0
1652033520000,0.5645,0.5647,0.5641,0.5646,214681.0
1652033580000,0.5646,0.565,0.5642,0.565,90801.0
1652033640000,0.565,0.566,0.5645,0.5659,118715.0
1652033700000,0.5658,0.5659,0.5656,0.5657,41730.0
1652033760000,0.5657,0.5658,0.5648,0.5651,130824.0
1652033820000,0.5651,0.5662,0.5651,0.5659,64899.0
1652033880000,0.5658,0.5668,0.5658,0.5668,173144.0
1652033940000,0.5668,0.5678,0.5668,0.5676,53334.0
1652034000000,0.5677,0.5688,0.5677,0.5684,692445.0
1652034060000,0.5684,0.5713,0.5684,0.5703,1408026.0
1652034120000,0.5704,0.5707,0.5698,0.5698,426358.0
1652034180000,0.5698,0.5706,0.5697,0.5701,399330.0
1652034240000,0.5701,0.5711,0.5701,0.5707,89939.0
1652034300000,0.5706,0.5713,0.5704,0.5711,314225.0
1652034360000,0.571,0.571,0.5698,0.5699,65866.0
1652034420000,0.57,0.5704,0.5692,0.5693,316298.0
1652034480000,0.5692,0.5692,0.5686,0.5689,97081.0
1652034540000,0.5689,0.5694,0.5688,0.5689,221274.0
1652034600000,0.5688,0.57,0.5688,0.5694,113427.0
1652034660000,0.5693,0.5697,0.5693,0.5694,100755.0
1652034720000,0.5693,0.5703,0.5685,0.5702,288246.0
1652034780000,0.5702,0.572,0.5702,0.5716,677165.0
1652034840000,0.5716,0.5729,0.5715,0.5726,412081.0
1652034900000,0.5726,0.5734,0.5719,0.5727,944821.0
1652034960000,0.5726,0.5734,0.5724,0.5724,210795.0
1652035020000,0.5724,0.5726,0.5718,0.572,345063.0
1652035080000,0.572,0.5726,0.5719,0.572,414733.0
1652035140000,0.5719,0.5719,0.5713,0.5716,279095.0
1652035200000,0.5716,0.572,0.5714,0.5715,178817.0
1652035260000,0.5716,0.5729,0.5715,0.5725,155737.0
1652035320000,0.5725,0.5731,0.5722,0.5722,135955.0
1652035380000,0.5721,0.5722,0.5717,0.572,41759.0
1652035440000,0.5721,0.5724,0.572,0.5724,270223.0
1652035500000,0.5724,0.5732,0.5723,0.5724,391971.0
1652035560000,0.5723,0.5727,0.5722,0.5727,88930.0
1652035620000,0.5727,0.5727,0.5719,0.5719,115469.0
1652035680000,0.5719,0.5724,0.5719,0.5723,51673.0
1652035740000,0.5723,0.5723,0.5716,0.572,122202.0
1652035800000,0.572,0.5724,0.5716,0.5723,87689.0
1652035860000,0.5723,0.5723,0.5715,0.5717,115238.0
1652035920000,0.5717,0.5717,0.571,0.571,109963.0
1652035980000,0.5711,0.5718,0.5711,0.5714,199706.0
1652036040000,0.5714,0.5717,0.5714,0.5717,42509.0
1652036100000,0.5719,0.5719,0.5712,0.5712,44348.0
1652036160000,0.5712,0.5714,0.5709,0.5714,70626.0
1652036220000,0.5714,0.5721,0.5714,0.5721,221322.0
1652036280000,0.5721,0.5725,0.5721,0.5724,230391.0
1652036340000,0.5723,0.5728,0.5723,0.5724,103138.0
1652036400000,0.5725,0.5726,0.5721,0.5721,102437.0
1652036460000,0.572,0.5722,0.5717,0.5717,268569.0
1652036520000,0.5718,0.5721,0.5716,0.5721,68118.0
1652036580000,0.5721,0.573,0.572,0.572,76652.0
1652036640000,0.572,0.572,0.5716,0.5716,104188.0
1652036700000,0.5715,0.572,0.5708,0.5718,456520.0
1652036760000,0.5717,0.5724,0.5717,0.572,137318.0
1652036820000,0.572,0.572,0.5717,0.5717,16852.0
1652036880000,0.5717,0.5721,0.5717,0.572,39064.0
1652036940000,0.5721,0.5725,0.5721,0.5723,24504.0
1652037000000,0.5723,0.5723,0.5718,0.5718,15855.0
1652037060000,0.5719,0.5738,0.5719,0.5731,215005.0
1652037120000,0.5732,0.5732,0.5728,0.573,92111.0
1652037180000,0.5729,0.573,0.5725,0.5727,173409.0
1652037240000,0.5727,0.5734,0.5727,0.5731,66184.0
1652037300000,0.5731,0.5735,0.573,0.5735,33215.0
1652037360000,0.5735,0.5743,0.5733,0.5742,102303.0
1652037420000,0.5743,0.5753,0.574,0.574,906653.0
1652037480000,0.574,0.5747,0.5739,0.5746,58622.0
1652037540000,0.5746,0.5749,0.5743,0.5744,119903.0
1652037600000,0.5745,0.5747,0.5741,0.5743,78211.0
1652037660000,0.5742,0.5742,0.5736,0.5739,184831.0
1652037720000,0.5738,0.5738,0.5732,0.5733,150601.0
1652037780000,0.5733,0.5738,0.5731,0.5736,96087.0
1652037840000,0.5735,0.5736,0.5733,0.5734,34200.0
1652037900000,0.5735,0.5736,0.5732,0.5734,37406.0
1652037960000,0.5734,0.5736,0.5733,0.5734,31132.0
1652038020000,0.5734,0.5734,0.5729,0.573,29752.0
1652038080000,0.573,0.573,0.5722,0.5723,57154.0
1652038140000,0.5723,0.5734,0.5723,0.5731,89959.0
1652038200000,0.5731,0.5736,0.573,0.5734,192873.0
1652038260000,0.5734,0.5737,0.5732,0.5737,97252.0
1652038320000,0.5737,0.5738,0.5735,0.5736,146084.0
1652038380000,0.5737,0.574,0.5736,0.5739,208018.0
1652038440000,0.5739,0.5739,0.5735,0.5735,43715.0
1652038500000,0.5735,0.5736,0.5731,0.5732,187645.0
1652038560000,0.5732,0.5735,0.5731,0.5735,75074.0
1652038620000,0.5735,0.5735,0.5733,0.5735,29835.0
1652038680000,0.5734,0.5735,0.5731,0.5731,58626.0
1652038740000,0.5731,0.5739,0.573,0.5738,106424.0
1652038800000,0.5739,0.5739,0.5731,0.5732,90740.0
1652038860000,0.5732,0.5734,0.5731,0.5734,82516.0
1652038920000,0.5734,0.5735,0.5728,0.5729,139186.0
1652038980000,0.5729,0.5731,0.5728,0.573,81840.0
1652039040000,0.5729,0.5736,0.5729,0.5735,140118.0
1652039100000,0.5735,0.5735,0.5731,0.5732,36538.0
1652039160000,0.5731,0.5735,0.5731,0.5735,80235.0
1652039220000,0.5735,0.574,0.5734,0.5739,81775.0
1652039280000,0.574,0.5742,0.5739,0.5741,10963.0
1652039340000,0.5742,0.5744,0.5741,0.5743,34795.0
1652039400000,0.5742,0.5743,0.5732,0.5732,208743.0
1652039460000,0.5732,0.5736,0.5732,0.5735,89221.0
1652039520000,0.5735,0.5739,0.5735,0.5735,63184.0
1652039580000,0.5735,0.5738,0.5735,0.5737,13301.0
1652039640000,0.5738,0.5741,0.5737,0.5741,111055.0
1652039700000,0.574,0.5741,0.5738,0.5738,56134.0
1652039760000,0.5738,0.5738,0.5736,0.5737,16191.0
1652039820000,0.5737,0.5742,0.5736,0.574,32024.0
1652039880000,0.5739,0.5742,0.5735,0.5742,548269.0
1652039940000,0.5741,0.5741,0.5737,0.5737,36928.0
1652040000000,0.5739,0.5743,0.5733,0.5734,162700.0
1652040060000,0.5733,0.5735,0.5727,0.5728,50088.0
1652040120000,0.5727,0.5729,0.5722,0.5728,263391.0
1652040180000,0.5727,0.5727,0.572,0.5727,119069.0
1652040240000,0.5727,0.5728,0.5721,0.5722,111053.0
1652040300000,0.5722,0.5722,0.5709,0.5718,331822.0
1652040360000,0.5719,0.5724,0.5717,0.5721,90734.0
1652040420000,0.572,0.5725,0.572,0.5725,52373.0
1652040480000,0.5725,0.5725,0.5723,0.5724,82048.0
1652040540000,0.5723,0.5724,0.5719,0.572,94957.0
1652040600000,0.5719,0.572,0.5708,0.5709,200707.0
1652040660000,0.5709,0.5715,0.5709,0.5713,146376.0
1652040720000,0.5713,0.5715,0.5711,0.5715,57150.0
1652040780000,0.5714,0.5721,0.5707,0.5712,664859.0
1652040840000,0.5712,0.5719,0.571,0.5719,120702.0
1652040900000,0.5719,0.5722,0.5717,0.5717,148277.0
1652040960000,0.5718,0.5718,0.5716,0.5717,46394.0
1652041020000,0.5717,0.5717,0.5716,0.5717,52223.0
1652041080000,0.5716,0.5719,0.5715,0.5719,144311.0
1652041140000,0.5719,0.5724,0.5718,0.5723,84941.0
1652041200000,0.5723,0.5726,0.572,0.5726,59482.0
1652041260000,0.5726,0.5726,0.5722,0.5722,123671.0
1652041320000,0.5723,0.5723,0.5718,0.5718,73244.0
1652041380000,0.5718,0.5719,0.5713,0.5714,48379.0
1652041440000,0.5714,0.5719,0.5712,0.5716,127835.0
1652041500000,0.5716,0.5717,0.5711,0.5711,50712.0
1652041560000,0.571,0.571,0.5704,0.5705,262190.0
1652041620000,0.5705,0.571,0.5705,0.5707,127660.0
1652041680000,0.5707,0.5708,0.5707,0.5707,36214.0
1652041740000,0.5706,0.5706,0.57,0.5706,146165.0
1652041800000,0.5706,0.571,0.5704,0.5704,55105.0
1652041860000,0.5703,0.5709,0.5702,0.5704,238797.0
1652041920000,0.5704,0.5709,0.5702,0.5702,76809.0
1652041980000,0.5702,0.5705,0.5702,0.5702,16813.0
1652042040000,0.5702,0.5707,0.5702,0.5706,129557.0
1652042100000,0.5706,0.5707,0.5704,0.5705,45141.0
1652042160000,0.5705,0.5707,0.5704,0.5706,36355.0
1652042220000,0.5706,0.5711,0.5706,0.5711,13668.0
1652042280000,0.5711,0.5711,0.5708,0.5709,22157.0
1652042340000,0.5708,0.5711,0.5701,0.5702,88127.0
1652042400000,0.5701,0.5708,0.5701,0.5708,21086.0
1652042460000,0.5708,0.5711,0.5708,0.571,70586.0
1652042520000,0.571,0.5714,0.5709,0.5712,58743.0
1652042580000,0.5713,0.5715,0.5704,0.5705,598699.0
1652042640000,0.5703,0.5706,0.5691,0.5705,1424220.0
1652042700000,0.5704,0.5711,0.5704,0.5711,189490.0
1652042760000,0.571,0.5713,0.5709,0.5712,129215.0
1652042820000,0.5712,0.5712,0.5707,0.5707,270916.0
1652042880000,0.5706,0.5709,0.5704,0.5704,90149.0
1652042940000,0.5705,0.5708,0.5705,0.5708,115297.0
1652043000000,0.5708,0.571,0.5707,0.571,9563.0
1652043060000,0.571,0.5712,0.5709,0.5712,20072.0
1652043120000,0.5712,0.5712,0.5705,0.5705,61290.0
1652043180000,0.5705,0.571,0.5704,0.5706,42312.0
1652043240000,0.5707,0.5707,0.5702,0.5702,14800.0
1652043300000,0.5703,0.5708,0.57,0.5704,59555.0
1652043360000,0.5704,0.5706,0.5704,0.5704,83232.0
1652043420000,0.5705,0.5718,0.5705,0.5717,210107.0
1652043480000,0.5717,0.5721,0.5714,0.5715,215879.0
1652043540000,0.5714,0.5719,0.5712,0.5718,89441.0
1652043600000,0.5718,0.5727,0.5717,0.5723,160557.0
1652043660000,0.5721,0.573,0.5721,0.5729,118641.0
1652043720000,0.5727,0.5731,0.5726,0.573,109527.0
1652043780000,0.573,0.5736,0.5727,0.5728,203197.0
1652043840000,0.5727,0.5728,0.5722,0.5722,109725.0
1652043900000,0.5721,0.5726,0.5721,0.5725,176839.0
1652043960000,0.5725,0.5725,0.5716,0.5717,94924.0
1652044020000,0.5716,0.5719,0.5715,0.5717,33915.0
1652044080000,0.5717,0.5722,0.5717,0.5717,12048.0
1652044140000,0.5718,0.5724,0.5718,0.5724,34661.0
1652044200000,0.5722,0.5724,0.5721,0.5724,30845.0
1652044260000,0.5725,0.5729,0.5725,0.5728,53797.0
1652044320000,0.5728,0.5732,0.5728,0.5728,100479.0
1652044380000,0.5729,0.573,0.5729,0.5729,46543.0
1652044440000,0.5728,0.5728,0.5726,0.5728,8123.0
1652044500000,0.5728,0.5731,0.5728,0.573,1865.0
1652044560000,0.573,0.5736,0.573,0.5734,80520.0
1652044620000,0.5735,0.5736,0.5734,0.5735,27794.0
1652044680000,0.5736,0.5736,0.5727,0.5733,393084.0
1652044740000,0.5733,0.5733,0.5729,0.5731,130127.0
1652044800000,0.5731,0.5731,0.5725,0.5725,130605.0
1652044860000,0.5724,0.5725,0.5723,0.5724,6526.0
1652044920000,0.5724,0.5726,0.5724,0.5726,5392.0
1652044980000,0.5727,0.5729,0.5727,0.5727,73995.0
1652045040000,0.5726,0.5727,0.5725,0.5725,32069.0
1652045100000,0.5726,0.5726,0.5724,0.5724,13004.0
1652045160000,0.5724,0.5725,0.572,0.5721,59203.0
1652045220000,0.5721,0.5721,0.572,0.572,25146.0
1652045280000,0.572,0.5724,0.5718,0.5724,174610.0
1652045340000,0.5724,0.5725,0.5724,0.5725,12700.0
1652045400000,0.5725,0.5727,0.5724,0.5726,23292.0
1652045460000,0.5727,0.573,0.5726,0.573,37905.0
1652045520000,0.573,0.573,0.5729,0.573,5672.0
1652045580000,0.573,0.5731,0.5728,0.5731,80814.0
1652045640000,0.5731,0.5735,0.5731,0.5734,17783.0
1652045700000,0.5734,0.5735,0.5733,0.5735,38880.0
1652045760000,0.5735,0.5737,0.5735,0.5737,12952.0
1652045820000,0.5737,0.5741,0.5735,0.5741,31142.0
1652045880000,0.574,0.5744,0.574,0.5743,17074.0
1652045940000,0.5744,0.5747,0.5743,0.5746,35988.0
1652046000000,0.5747,0.5747,0.5741,0.5742,48431.0
1652046060000,0.5741,0.5742,0.5738,0.5738,71560.0
1652046120000,0.5738,0.5744,0.5737,0.5744,85532.0
1652046180000,0.5745,0.5746,0.5744,0.5745,18923.0
1652046240000,0.5744,0.5745,0.5743,0.5744,9134.0
1652046300000,0.5745,0.5745,0.5739,0.5741,127139.0
1652046360000,0.5741,0.5741,0.5739,0.5741,35789.0
1652046420000,0.574,0.5741,0.5739,0.574,2678.0
1652046480000,0.5741,0.5741,0.574,0.574,23869.0
1652046540000,0.574,0.5741,0.574,0.574,3230.0
1652046600000,0.574,0.5741,0.574,0.574,22338.0
1652046660000,0.574,0.5742,0.5738,0.5739,133624.0
1652046720000,0.574,0.5745,0.574,0.5743,146529.0
1652046780000,0.5743,0.5745,0.5742,0.5745,14778.0
1652046840000,0.5745,0.5746,0.5744,0.5746,29239.0
1652046900000,0.5745,0.5748,0.5745,0.5748,37004.0
1652046960000,0.5747,0.5747,0.5746,0.5746,41549.0
1652047020000,0.5746,0.5747,0.5743,0.5743,35383.0
1652047080000,0.5743,0.5745,0.5742,0.5744,44116.0
1652047140000,0.5743,0.5744,0.5742,0.5742,84325.0
1652047200000,0.5742,0.5745,0.5737,0.5737,299728.0
1652047260000,0.5737,0.5737,0.5716,0.572,541662.0
1652047320000,0.5719,0.5719,0.5696,0.5712,916023.0
1652047380000,0.5712,0.5725,0.5708,0.5725,413958.0
1652047440000,0.5726,0.5728,0.572,0.5723,173017.0
1652047500000,0.5723,0.5723,0.5709,0.571,134431.0
1652047560000,0.571,0.5719,0.5709,0.5719,255865.0
1652047620000,0.5719,0.5726,0.5714,0.5721,710909.0
1652047680000,0.5721,0.5721,0.5715,0.5721,154499.0
1652047740000,0.5723,0.573,0.5721,0.5726,368500.0
1652047800000,0.5726,0.5727,0.5723,0.5725,139945.0
1652047860000,0.5725,0.5725,0.572,0.572,112944.0
1652047920000,0.572,0.5723,0.5718,0.5723,50694.0
1652047980000,0.5723,0.5725,0.5716,0.5718,469303.0
1652048040000,0.5718,0.5723,0.5715,0.5717,338838.0
1652048100000,0.5717,0.572,0.5715,0.5715,139968.0
1652048160000,0.5714,0.5717,0.5711,0.5717,168595.0
1652048220000,0.5717,0.5718,0.5713,0.5718,151378.0
1652048280000,0.5718,0.5728,0.5718,0.572,347794.0
1652048340000,0.5719,0.5719,0.5716,0.5717,70932.0
1652048400000,0.5716,0.5718,0.5712,0.5712,210823.0
1652048460000,0.5713,0.5714,0.5711,0.5712,102051.0
1652048520000,0.5712,0.5715,0.5711,0.5713,204903.0
1652048580000,0.5713,0.5715,0.5711,0.5712,39747.0
1652048640000,0.5712,0.5717,0.5712,0.5714,161651.0
1652048700000,0.5714,0.5718,0.5713,0.5717,51696.0
1652048760000,0.5718,0.5719,0.5715,0.5715,46576.0
1652048820000,0.5714,0.5716,0.5713,0.5715,84206.0
1652048880000,0.5715,0.5716,0.5713,0.5714,44782.0
1652048940000,0.5713,0.5714,0.5708,0.5708,102973.0
1652049000000,0.5708,0.5708,0.569,0.5692,235852.0
1652049060000,0.5691,0.5691,0.5677,0.568,363551.0
1652049120000,0.568,0.568,0.5674,0.5675,182871.0
1652049180000,0.5675,0.5679,0.5671,0.5677,413574.0
1652049240000,0.5677,0.5681,0.5677,0.568,137127.0
1652049300000,0.568,0.5687,0.568,0.5685,232648.0
1652049360000,0.5686,0.5686,0.5682,0.5683,28860.0
1652049420000,0.5683,0.5691,0.5682,0.5688,176581.0
1652049480000,0.5689,0.5689,0.5681,0.5681,101800.0
1652049540000,0.5681,0.5681,0.5676,0.5677,76430.0
1652049600000,0.5677,0.5684,0.5677,0.5683,197775.0
1652049660000,0.5683,0.5691,0.5683,0.5691,162059.0
1652049720000,0.5691,0.5693,0.5686,0.5692,98229.0
1652049780000,0.5692,0.5693,0.569,0.569,26020.0
1652049840000,0.569,0.569,0.5685,0.5689,107945.0
1652049900000,0.5689,0.5696,0.5689,0.5695,54340.0
1652049960000,0.5696,0.5698,0.5696,0.5698,35263.0
1652050020000,0.5697,0.5697,0.5693,0.5693,98708.0
1652050080000,0.5694,0.5695,0.5692,0.5693,47263.0
1652050140000,0.5692,0.5695,0.5692,0.5695,20586.0
1652050200000,0.5695,0.5698,0.5694,0.5698,101957.0
1652050260000,0.5699,0.5701,0.5699,0.5701,22534.0
1652050320000,0.57,0.5723,0.57,0.5717,776029.0
1652050380000,0.5718,0.5718,0.5708,0.5709,154775.0
1652050440000,0.5709,0.5716,0.5709,0.5713,190096.0
1652050500000,0.5713,0.5719,0.5713,0.5718,123720.0
1652050560000,0.5718,0.5721,0.5717,0.5717,57709.0
1652050620000,0.5717,0.5717,0.5712,0.5715,50978.0
1652050680000,0.5714,0.5714,0.5709,0.5709,30159.0
1652050740000,0.571,0.5712,0.5709,0.5709,54742.0
1652050800000,0.5709,0.5711,0.5708,0.5708,122634.0
1652050860000,0.5708,0.571,0.5705,0.5709,72795.0
1652050920000,0.571,0.5712,0.571,0.5711,32634.0
1652050980000,0.5711,0.5711,0.5707,0.5711,264572.0
1652051040000,0.5711,0.5711,0.5709,0.5709,35367.0
1652051100000,0.571,0.5714,0.5701,0.5704,158344.0
1652051160000,0.5703,0.5703,0.5698,0.5698,137631.0
1652051220000,0.5698,0.57,0.5694,0.57,133311.0
1652051280000,0.5701,0.5702,0.5698,0.5698,93708.0
1652051340000,0.5698,0.57,0.5696,0.5698,46386.0
1652051400000,0.5698,0.57,0.5697,0.57,62381.0
1652051460000,0.5698,0.5701,0.5696,0.5701,43612.0
1652051520000,0.57,0.57,0.5691,0.5691,261494.0
1652051580000,0.5691,0.5694,0.5691,0.5691,283459.0
1652051640000,0.5692,0.5694,0.5691,0.5693,136537.0
1652051700000,0.5693,0.5694,0.569,0.569,80093.0
1652051760000,0.569,0.569,0.5686,0.5688,248471.0
1652051820000,0.5687,0.5688,0.5682,0.5682,218540.0
1652051880000,0.5684,0.5684,0.568,0.568,177794.0
1652051940000,0.568,0.5688,0.568,0.5686,84784.0
1652052000000,0.5685,0.5687,0.5684,0.5684,85202.0
1652052060000,0.5683,0.5688,0.5683,0.5684,50394.0
1652052120000,0.5684,0.5685,0.5684,0.5685,10862.0
1652052180000,0.5686,0.5694,0.5685,0.5693,66631.0
1652052240000,0.5694,0.5695,0.569,0.5693,170155.0
1652052300000,0.5694,0.5695,0.5692,0.5693,30913.0
1652052360000,0.5693,0.5693,0.569,0.569,22500.0
1652052420000,0.569,0.569,0.568,0.5681,115018.0
1652052480000,0.568,0.5683,0.5676,0.5679,162067.0
1652052540000,0.5679,0.5679,0.567,0.5671,258684.0
1652052600000,0.567,0.5671,0.5655,0.5668,828969.0
1652052660000,0.5668,0.5673,0.5666,0.5673,102303.0
1652052720000,0.5673,0.5676,0.5671,0.5674,106243.0
1652052780000,0.5674,0.5674,0.5666,0.5668,142833.0
1652052840000,0.5666,0.5672,0.5665,0.567,105035.0
1652052900000,0.567,0.5674,0.5668,0.567,125168.0
1652052960000,0.5671,0.5675,0.567,0.5674,91724.0
1652053020000,0.5674,0.5675,0.5672,0.5673,58421.0
1652053080000,0.5672,0.5674,0.5672,0.5674,40707.0
1652053140000,0.5674,0.5679,0.5673,0.5674,115469.0
1652053200000,0.5674,0.5678,0.5672,0.5673,210705.0
1652053260000,0.5673,0.5673,0.5667,0.5668,118995.0
1652053320000,0.5668,0.5668,0.5663,0.5667,144272.0
1652053380000,0.5666,0.5666,0.5659,0.5662,132007.0
1652053440000,0.5662,0.5666,0.5659,0.5665,208680.0
1652053500000,0.5664,0.5667,0.5658,0.5658,209026.0
1652053560000,0.5657,0.5661,0.5656,0.5658,91020.0
1652053620000,0.5658,0.5659,0.5651,0.5653,177831.0
1652053680000,0.5654,0.5658,0.5653,0.5655,132319.0
1652053740000,0.5654,0.5657,0.5644,0.5647,261202.0
1652053800000,0.5645,0.5648,0.5641,0.5642,833326.0
1652053860000,0.5643,0.565,0.5643,0.5645,161386.0
1652053920000,0.5645,0.5647,0.5641,0.5644,162817.0
1652053980000,0.5644,0.5649,0.5643,0.5648,89143.0
1652054040000,0.5648,0.5648,0.5642,0.5646,70276.0
1652054100000,0.5647,0.5656,0.5646,0.5655,276237.0
1652054160000,0.5655,0.5658,0.5655,0.5655,96590.0
1652054220000,0.5655,0.5665,0.5655,0.5665,145016.0
1652054280000,0.5666,0.5671,0.5666,0.5668,128262.0
1652054340000,0.5668,0.5668,0.5661,0.5662,89196.0
1652054400000,0.5663,0.5669,0.5663,0.5666,206810.0
1652054460000,0.5667,0.5668,0.5659,0.566,123038.0
1652054520000,0.5663,0.5664,0.5647,0.5652,358087.0
1652054580000,0.5649,0.565,0.5644,0.565,240757.0
1652054640000,0.5651,0.5654,0.565,0.5652,99029.0
1652054700000,0.5651,0.5657,0.5651,0.5655,117736.0
1652054760000,0.5654,0.5656,0.5653,0.5654,83934.0
1652054820000,0.5654,0.5665,0.5654,0.5665,185838.0
1652054880000,0.5664,0.5664,0.5658,0.5658,117919.0
1652054940000,0.5658,0.5662,0.5652,0.5657,333765.0
1652055000000,0.5657,0.5664,0.5655,0.5664,48207.0
1652055060000,0.5665,0.5684,0.5665,0.5678,843444.0
1652055120000,0.5678,0.5678,0.5673,0.5673,388996.0
1652055180000,0.5673,0.5674,0.5668,0.5674,184021.0
1652055240000,0.5674,0.5676,0.5672,0.5675,102069.0
1652055300000,0.5676,0.5681,0.5674,0.5677,330018.0
1652055360000,0.5676,0.5678,0.5673,0.5674,123450.0
1652055420000,0.5674,0.5675,0.5674,0.5674,30853.0
1652055480000,0.5674,0.568,0.5673,0.5675,37283.0
1652055540000,0.5677,0.5677,0.5667,0.5668,115398.0
1652055600000,0.5668,0.5673,0.5667,0.5673,84981.0
1652055660000,0.5672,0.5695,0.5672,0.5693,425777.0
1652055720000,0.5693,0.5693,0.5683,0.5684,138872.0
1652055780000,0.5684,0.5687,0.5681,0.5685,451305.0
1652055840000,0.5685,0.5687,0.5684,0.5684,78494.0
1652055900000,0.5685,0.5685,0.568,0.5682,199071.0
1652055960000,0.5681,0.5685,0.5681,0.5683,41409.0
1652056020000,0.5682,0.5689,0.5682,0.5689,96753.0
1652056080000,0.569,0.569,0.5686,0.5689,42438.0
1652056140000,0.5688,0.5688,0.5684,0.5686,71800.0
1652056200000,0.5686,0.5694,0.5684,0.5694,239072.0
1652056260000,0.5694,0.5697,0.5692,0.5696,148336.0
1652056320000,0.5697,0.5699,0.5696,0.5697,40111.0
1652056380000,0.5697,0.5701,0.5694,0.57,275136.0
1652056440000,0.57,0.5701,0.5697,0.5697,89576.0
1652056500000,0.5697,0.5702,0.5696,0.5702,186075.0
1652056560000,0.5703,0.5709,0.5702,0.5706,122237.0
1652056620000,0.5706,0.5712,0.5705,0.5706,96433.0
1652056680000,0.5706,0.571,0.5704,0.5706,164824.0
1652056740000,0.5705,0.5715,0.5705,0.5714,180915.0
1652056800000,0.5714,0.5715,0.5709,0.571,117040.0
1652056860000,0.5709,0.5715,0.5708,0.5715,143256.0
1652056920000,0.5715,0.5718,0.5713,0.5713,191549.0
1652056980000,0.5714,0.5718,0.5712,0.5716,207300.0
1652057040000,0.5715,0.5721,0.5715,0.5721,124689.0
1652057100000,0.572,0.5727,0.572,0.5724,229429.0
1652057160000,0.5724,0.5725,0.5716,0.5718,204815.0
1652057220000,0.5717,0.5717,0.5712,0.5712,75072.0
1652057280000,0.5712,0.5715,0.571,0.5713,178346.0
1652057340000,0.5713,0.5722,0.5713,0.572,301066.0
1652057400000,0.572,0.5722,0.5714,0.5722,105772.0
1652057460000,0.5721,0.5721,0.5715,0.5717,88263.0
1652057520000,0.5717,0.5718,0.5716,0.5717,4039.0
1652057580000,0.5716,0.5718,0.5715,0.5716,32590.0
1652057640000,0.5715,0.5718,0.5715,0.5717,70702.0
1652057700000,0.5718,0.5718,0.5715,0.5715,52493.0
1652057760000,0.5715,0.5716,0.5713,0.5715,126588.0
1652057820000,0.5716,0.5717,0.5713,0.5714,361100.0
1652057880000,0.5713,0.5715,0.5707,0.5707,215420.0
1652057940000,0.5707,0.571,0.5706,0.5708,140992.0
1652058000000,0.5707,0.5708,0.5703,0.5703,90304.0
1652058060000,0.5703,0.5711,0.5701,0.5711,248305.0
1652058120000,0.5712,0.5713,0.5703,0.5703,113162.0
1652058180000,0.5703,0.5705,0.5698,0.5698,141531.0
1652058240000,0.5699,0.57,0.5697,0.5698,109718.0
1652058300000,0.5697,0.5703,0.5696,0.5703,159198.0
1652058360000,0.5703,0.5704,0.5699,0.5703,150146.0
1652058420000,0.5704,0.5706,0.5703,0.5705,118060.0
1652058480000,0.5705,0.5708,0.5701,0.5701,133076.0
1652058540000,0.5701,0.5702,0.5699,0.5701,91947.0
1652058600000,0.5701,0.5701,0.5697,0.5698,90674.0
1652058660000,0.5697,0.5699,0.569,0.5699,254850.0
1652058720000,0.57,0.5702,0.5698,0.5698,186883.0
1652058780000,0.5698,0.5707,0.5696,0.5698,456900.0
1652058840000,0.5698,0.5699,0.5694,0.5696,178846.0
1652058900000,0.5697,0.5712,0.5697,0.5709,166348.0
1652058960000,0.5708,0.5713,0.5708,0.5711,27004.0
1652059020000,0.5712,0.5717,0.5711,0.5717,121329.0
1652059080000,0.5717,0.5724,0.5715,0.5724,134115.0
1652059140000,0.5724,0.5725,0.5721,0.5721,59876.0
1652059200000,0.5721,0.5726,0.572,0.5725,63908.0
1652059260000,0.5724,0.5726,0.5722,0.5726,97465.0
1652059320000,0.5726,0.5735,0.5725,0.5734,203032.0
1652059380000,0.5734,0.5748,0.5734,0.5738,309186.0
1652059440000,0.5738,0.5739,0.5731,0.5733,349178.0
1652059500000,0.5734,0.5789,0.5734,0.5778,2232498.0
1652059560000,0.5778,0.5787,0.5773,0.5773,1598828.0
1652059620000,0.5772,0.5772,0.575,0.5758,877311.0
1652059680000,0.5757,0.5757,0.5749,0.5756,328692.0
1652059740000,0.5756,0.5757,0.5746,0.5747,319555.0
1652059800000,0.5746,0.575,0.5746,0.5749,155804.0
1652059860000,0.5749,0.5753,0.5747,0.5753,204860.0
1652059920000,0.5752,0.5754,0.5748,0.5748,195866.0
1652059980000,0.5748,0.5753,0.5748,0.575,67833.0
1652060040000,0.575,0.5766,0.575,0.5765,277331.0
1652060100000,0.5764,0.5764,0.5754,0.5755,161323.0
1652060160000,0.5755,0.5755,0.575,0.5751,165203.0
1652060220000,0.5751,0.5752,0.5733,0.5737,638443.0
1652060280000,0.5738,0.5738,0.5726,0.5731,284991.0
1652060340000,0.573,0.5731,0.5725,0.573,406793.0
1652060400000,0.5732,0.5743,0.573,0.5741,242239.0
1652060460000,0.5741,0.5743,0.5733,0.5736,186762.0
1652060520000,0.5734,0.5735,0.573,0.5731,148980.0
1652060580000,0.5731,0.5736,0.5729,0.5732,213791.0
1652060640000,0.5732,0.5737,0.5729,0.5736,204156.0
1652060700000,0.5737,0.5737,0.573,0.5732,278896.0
1652060760000,0.5732,0.5733,0.5725,0.5725,88496.0
1652060820000,0.5726,0.5726,0.572,0.572,110460.0
1652060880000,0.572,0.5728,0.572,0.5728,279038.0
1652060940000,0.5728,0.5729,0.5725,0.5726,42868.0
1652061000000,0.5726,0.573,0.5724,0.5728,390139.0
1652061060000,0.5729,0.5731,0.5725,0.5725,184890.0
1652061120000,0.5725,0.5725,0.5716,0.5717,235096.0
1652061180000,0.5717,0.5723,0.5716,0.5721,183434.0
1652061240000,0.5722,0.5725,0.572,0.5722,58681.0
1652061300000,0.5722,0.5727,0.572,0.5722,112552.0
1652061360000,0.5722,0.5724,0.5718,0.5724,60047.0
1652061420000,0.5723,0.5724,0.5716,0.5718,155591.0
1652061480000,0.5717,0.5719,0.5716,0.5718,137278.0
1652061540000,0.5717,0.5719,0.5716,0.5719,73448.0
1652061600000,0.5719,0.5722,0.5718,0.572,107749.0
1652061660000,0.5721,0.5721,0.571,0.571,201692.0
1652061720000,0.571,0.571,0.5703,0.5704,312711.0
1652061780000,0.5704,0.5708,0.5702,0.5704,94183.0
1652061840000,0.5704,0.5705,0.5689,0.5696,495748.0
1652061900000,0.5695,0.5706,0.5689,0.5706,320375.0
1652061960000,0.5707,0.5709,0.5699,0.5699,39478.0
1652062020000,0.5699,0.57,0.5697,0.5698,25198.0
1652062080000,0.5697,0.5697,0.5691,0.5694,174581.0
1652062140000,0.5693,0.5693,0.5683,0.5688,292165.0
1652062200000,0.5688,0.5689,0.5682,0.5683,128233.0
1652062260000,0.5681,0.569,0.568,0.5686,108193.0
1652062320000,0.5685,0.569,0.5682,0.5684,166025.0
1652062380000,0.5683,0.5693,0.5676,0.5686,599906.0
1652062440000,0.5685,0.5698,0.5685,0.5698,484589.0
1652062500000,0.5697,0.5697,0.5687,0.5687,167911.0
1652062560000,0.5687,0.569,0.5685,0.5687,96046.0
1652062620000,0.5686,0.5693,0.5684,0.5687,377199.0
1652062680000,0.5687,0.5689,0.5687,0.5688,61357.0
1652062740000,0.5688,0.569,0.5686,0.5686,129214.0
1652062800000,0.5686,0.5687,0.5677,0.5677,127247.0
1652062860000,0.5676,0.5677,0.5663,0.5663,514632.0
1652062920000,0.5663,0.5663,0.5655,0.5663,305442.0
1652062980000,0.5663,0.5676,0.5663,0.5669,232928.0
1652063040000,0.567,0.5671,0.5666,0.5669,115183.0
1652063100000,0.5669,0.5672,0.5666,0.5669,206393.0
1652063160000,0.5669,0.5669,0.5648,0.565,1099268.0
1652063220000,0.5651,0.5654,0.5641,0.5651,423307.0
1652063280000,0.5648,0.5648,0.5617,0.5619,2903676.0
1652063340000,0.5621,0.5635,0.5612,0.5628,1458284.0
1652063400000,0.5626,0.5639,0.5619,0.5637,1148712.0
1652063460000,0.5637,0.5646,0.5637,0.5644,945544.0
1652063520000,0.5645,0.5645,0.5628,0.5635,388229.0
1652063580000,0.5634,0.5637,0.563,0.5633,294918.0
1652063640000,0.5636,0.5647,0.5635,0.5645,409404.0
1652063700000,0.5644,0.5647,0.5638,0.5638,453918.0
1652063760000,0.5639,0.5639,0.5623,0.5626,371142.0
1652063820000,0.5626,0.5627,0.5613,0.5622,790573.0
1652063880000,0.5623,0.5623,0.5603,0.5603,1257493.0
1652063940000,0.5603,0.5609,0.5591,0.5609,3091214.0
1652064000000,0.5609,0.5613,0.56,0.5609,946084.0
1652064060000,0.5609,0.5624,0.5607,0.5621,419012.0
1652064120000,0.5622,0.5624,0.5617,0.5618,360126.0
1652064180000,0.5617,0.5617,0.5607,0.561,468870.0
1652064240000,0.5611,0.5616,0.5604,0.5607,450163.0
1652064300000,0.5608,0.5622,0.5608,0.5616,348653.0
1652064360000,0.5617,0.5617,0.56,0.5606,641208.0
1652064420000,0.5611,0.5611,0.5594,0.5597,461990.0
1652064480000,0.5598,0.5603,0.5594,0.5597,387605.0
1652064540000,0.5598,0.5604,0.5593,0.5593,186032.0
1652064600000,0.5594,0.5605,0.5592,0.5603,227779.0
1652064660000,0.5604,0.5605,0.5592,0.5599,478852.0
1652064720000,0.56,0.5601,0.5586,0.5595,1020545.0
1652064780000,0.5595,0.5601,0.5591,0.5597,203305.0
1652064840000,0.5596,0.5606,0.5595,0.5602,454612.0
1652064900000,0.56,0.5606,0.5593,0.5593,422491.0
1652064960000,0.5593,0.5594,0.558,0.5592,1164954.0
1652065020000,0.5593,0.5608,0.5593,0.5608,1092891.0
1652065080000,0.5608,0.5613,0.5605,0.5605,290709.0
1652065140000,0.5605,0.5614,0.5599,0.5614,418734.0
1652065200000,0.5613,0.5616,0.5608,0.5612,210422.0
1652065260000,0.5612,0.5612,0.5603,0.5605,349518.0
1652065320000,0.5606,0.5609,0.5598,0.5598,398480.0
1652065380000,0.5597,0.5606,0.5597,0.5605,158280.0
1652065440000,0.5606,0.5616,0.5605,0.5614,257498.0
1652065500000,0.5614,0.5624,0.5614,0.5623,187436.0
1652065560000,0.5624,0.5636,0.5624,0.5629,700469.0
1652065620000,0.5629,0.5659,0.5629,0.5654,1176617.0
1652065680000,0.5656,0.5668,0.5654,0.5656,370568.0
1652065740000,0.5656,0.5656,0.5651,0.5654,138760.0
1652065800000,0.5655,0.5661,0.5653,0.5655,226212.0
1652065860000,0.5654,0.566,0.565,0.5657,192845.0
1652065920000,0.5657,0.5679,0.5657,0.567,697773.0
1652065980000,0.567,0.5677,0.5664,0.5677,1284657.0
1652066040000,0.5678,0.5686,0.5673,0.5677,902575.0
1652066100000,0.5677,0.5686,0.5677,0.5682,134614.0
1652066160000,0.5682,0.5688,0.5679,0.5685,390349.0
1652066220000,0.5685,0.57,0.5684,0.5696,159107.0
1652066280000,0.5697,0.5703,0.5697,0.57,246924.0
1652066340000,0.5699,0.5706,0.5695,0.5699,757314.0
1652066400000,0.57,0.57,0.5684,0.5685,154918.0
1652066460000,0.5684,0.57,0.5675,0.5694,830086.0
1652066520000,0.5694,0.5694,0.5689,0.569,242578.0
1652066580000,0.5689,0.57,0.5685,0.5697,534753.0
1652066640000,0.5696,0.5708,0.5695,0.5702,390675.0
1652066700000,0.5702,0.5705,0.5694,0.5694,148410.0
1652066760000,0.5694,0.5694,0.5681,0.5681,84751.0
1652066820000,0.5681,0.5681,0.5668,0.5669,258439.0
1652066880000,0.5668,0.567,0.5667,0.5669,47183.0
1652066940000,0.5669,0.5669,0.5662,0.5664,83296.0
1652067000000,0.5665,0.567,0.5661,0.567,35014.0
1652067060000,0.5669,0.5669,0.5665,0.5668,149059.0
1652067120000,0.5668,0.5672,0.5668,0.567,49035.0
1652067180000,0.5671,0.5675,0.567,0.5672,72794.0
1652067240000,0.5671,0.5677,0.5669,0.5676,120711.0
1652067300000,0.5675,0.5677,0.5669,0.567,49886.0
1652067360000,0.567,0.568,0.567,0.5677,93193.0
1652067420000,0.5677,0.5681,0.5675,0.5678,31259.0
1652067480000,0.5678,0.568,0.5677,0.5679,64013.0
1652067540000,0.5679,0.5679,0.5676,0.5677,84767.0
1652067600000,0.5677,0.5681,0.5676,0.568,81863.0
1652067660000,0.568,0.5681,0.5678,0.568,59317.0
1652067720000,0.568,0.568,0.5675,0.5675,116919.0
1652067780000,0.5675,0.5676,0.5667,0.5667,83702.0
1652067840000,0.5667,0.5671,0.5664,0.567,171458.0
1652067900000,0.5671,0.5672,0.5661,0.5661,277987.0
1652067960000,0.5661,0.5662,0.5657,0.5657,104816.0
1652068020000,0.5658,0.5661,0.5656,0.5661,40583.0
1652068080000,0.5662,0.5663,0.5656,0.5657,65645.0
1652068140000,0.5658,0.566,0.5656,0.566,103518.0
1652068200000,0.5661,0.5663,0.5655,0.5658,188623.0
1652068260000,0.5659,0.5671,0.5659,0.5671,249198.0
1652068320000,0.5672,0.5675,0.5668,0.5669,46966.0
1652068380000,0.5669,0.5675,0.5669,0.5674,106375.0
1652068440000,0.5673,0.5674,0.5668,0.5669,175555.0
1652068500000,0.5668,0.5669,0.5663,0.5665,69542.0
1652068560000,0.5664,0.5669,0.5664,0.5666,68514.0
1652068620000,0.5666,0.5667,0.5659,0.5659,117248.0
1652068680000,0.5659,0.5659,0.5643,0.5648,234179.0
1652068740000,0.565,0.565,0.5642,0.5644,120964.0
1652068800000,0.5643,0.5648,0.5643,0.5647,102834.0
1652068860000,0.5647,0.5651,0.5645,0.5646,136493.0
1652068920000,0.5647,0.5649,0.5641,0.5646,418247.0
1652068980000,0.5647,0.5651,0.564,0.5641,152934.0
1652069040000,0.5643,0.5644,0.5641,0.5644,53017.0
1652069100000,0.5643,0.5645,0.5638,0.5643,86048.0
1652069160000,0.5644,0.5659,0.5644,0.5659,166019.0
1652069220000,0.566,0.567,0.5659,0.5664,337270.0
1652069280000,0.5664,0.5666,0.5656,0.566,204235.0
1652069340000,0.5659,0.5668,0.5659,0.5668,107073.0
1652069400000,0.5668,0.5674,0.5668,0.5673,109801.0
1652069460000,0.5674,0.5678,0.5669,0.5678,102983.0
1652069520000,0.5678,0.568,0.5674,0.5677,96183.0
1652069580000,0.5677,0.5679,0.5674,0.5679,53002.0
1652069640000,0.5679,0.5694,0.5679,0.5692,261214.0
1652069700000,0.5692,0.5693,0.5686,0.5688,285885.0
1652069760000,0.5688,0.569,0.5687,0.569,158388.0
1652069820000,0.5689,0.57,0.5689,0.5695,205015.0
1652069880000,0.5694,0.5696,0.569,0.569,228593.0
1652069940000,0.569,0.5697,0.569,0.5696,135370.0
1652070000000,0.5696,0.5698,0.5689,0.5693,166657.0
1652070060000,0.5692,0.5695,0.5687,0.5687,56761.0
1652070120000,0.5686,0.5687,0.5684,0.5685,52242.0
1652070180000,0.5686,0.5687,0.5683,0.5683,45990.0
1652070240000,0.5682,0.5688,0.568,0.5686,114880.0
1652070300000,0.5685,0.5692,0.5681,0.5686,253394.0
1652070360000,0.5685,0.5687,0.5681,0.5686,144752.0
1652070420000,0.5685,0.5685,0.568,0.5681,98993.0
1652070480000,0.568,0.5683,0.5678,0.5679,126881.0
1652070540000,0.568,0.5682,0.5678,0.568,63481.0
1652070600000,0.568,0.5685,0.5679,0.568,49490.0
1652070660000,0.568,0.5689,0.568,0.5688,184407.0
1652070720000,0.5688,0.5691,0.5686,0.5687,90293.0
1652070780000,0.5688,0.5688,0.5682,0.5683,112134.0
1652070840000,0.5683,0.5684,0.5682,0.5682,39007.0
1652070900000,0.5682,0.5682,0.5678,0.568,127144.0
1652070960000,0.568,0.5687,0.5678,0.5681,263612.0
1652071020000,0.5681,0.5682,0.5676,0.5676,89577.0
1652071080000,0.5675,0.5679,0.5674,0.5674,81122.0
1652071140000,0.5675,0.5678,0.5674,0.5675,130181.0
1652071200000,0.5674,0.5675,0.5668,0.5668,162797.0
1652071260000,0.5668,0.567,0.5665,0.5665,177247.0
1652071320000,0.5665,0.5668,0.5663,0.5664,87043.0
1652071380000,0.5664,0.5671,0.5663,0.567,107300.0
1652071440000,0.5671,0.5671,0.5666,0.5668,37433.0
1652071500000,0.5668,0.567,0.5662,0.5665,97894.0
1652071560000,0.5665,0.5671,0.5665,0.5666,135252.0
1652071620000,0.5666,0.5673,0.5665,0.5671,86105.0
1652071680000,0.5671,0.5671,0.567,0.5671,43071.0
1652071740000,0.567,0.567,0.5665,0.5666,86470.0
1652071800000,0.5666,0.5668,0.5663,0.5663,108945.0
1652071860000,0.5663,0.5668,0.5663,0.5665,54681.0
1652071920000,0.5664,0.5664,0.5661,0.5661,111984.0
1652071980000,0.5662,0.5664,0.5662,0.5662,74839.0
1652072040000,0.5662,0.5662,0.5656,0.5656,155941.0
1652072100000,0.5656,0.5658,0.5653,0.5657,91740.0
1652072160000,0.5657,0.5664,0.5657,0.5662,140269.0
1652072220000,0.5663,0.5665,0.5661,0.5662,76384.0
1652072280000,0.5662,0.5668,0.5662,0.5667,74882.0
1652072340000,0.5667,0.567,0.5665,0.5666,147600.0
1652072400000,0.5666,0.5671,0.5665,0.567,214567.0
1652072460000,0.5671,0.5679,0.567,0.5677,578152.0
1652072520000,0.5677,0.5684,0.5677,0.5683,165708.0
1652072580000,0.5682,0.5685,0.5679,0.5684,139761.0
1652072640000,0.5684,0.5684,0.567,0.567,251752.0
1652072700000,0.567,0.5673,0.5659,0.5663,217476.0
1652072760000,0.5664,0.5671,0.5664,0.5671,169158.0
1652072820000,0.567,0.5673,0.5667,0.5671,124204.0
1652072880000,0.5671,0.5678,0.5671,0.5678,127375.0
1652072940000,0.5677,0.5681,0.5674,0.5679,117576.0
1652073000000,0.5679,0.5679,0.5672,0.5673,56344.0
1652073060000,0.5672,0.5676,0.5665,0.5666,409332.0
1652073120000,0.5664,0.5664,0.566,0.5661,149594.0
1652073180000,0.566,0.5662,0.5657,0.5659,103523.0
1652073240000,0.566,0.5665,0.5659,0.5663,222354.0
1652073300000,0.5663,0.5669,0.5661,0.5664,289591.0
1652073360000,0.5665,0.5667,0.5663,0.5663,211674.0
1652073420000,0.5663,0.5667,0.5661,0.5663,156536.0
1652073480000,0.5664,0.5668,0.5658,0.5665,433477.0
1652073540000,0.5664,0.5675,0.5664,0.5673,427468.0
1652073600000,0.5672,0.5672,0.5661,0.5662,217474.0
1652073660000,0.566,0.566,0.5654,0.5656,231088.0
1652073720000,0.5656,0.5657,0.5651,0.5657,185200.0
1652073780000,0.5657,0.5658,0.565,0.5653,283437.0
1652073840000,0.5653,0.5657,0.5653,0.5654,98463.0
1652073900000,0.5654,0.5657,0.5654,0.5656,128404.0
1652073960000,0.5656,0.5659,0.5655,0.5656,114605.0
1652074020000,0.5656,0.5658,0.5655,0.5655,69661.0
1652074080000,0.5656,0.5658,0.5654,0.5657,102922.0
1652074140000,0.5657,0.5657,0.5654,0.5654,68570.0
1652074200000,0.5654,0.5654,0.5644,0.5652,271729.0
1652074260000,0.5652,0.5654,0.565,0.5653,102455.0
1652074320000,0.5653,0.5653,0.5647,0.5648,72892.0
1652074380000,0.5648,0.5651,0.5644,0.5651,140573.0
1652074440000,0.5651,0.5654,0.5649,0.5649,156942.0
1652074500000,0.5649,0.5649,0.5642,0.5643,160662.0
1652074560000,0.5644,0.5646,0.5639,0.5642,212034.0
1652074620000,0.5643,0.5645,0.5641,0.5642,124005.0
1652074680000,0.5641,0.5644,0.5638,0.5642,235966.0
1652074740000,0.5642,0.5647,0.5642,0.5646,142694.0
1652074800000,0.5646,0.5646,0.564,0.5641,123472.0
1652074860000,0.5642,0.5643,0.5635,0.5635,285484.0
1652074920000,0.5635,0.564,0.563,0.5636,274672.0
1652074980000,0.5636,0.564,0.5633,0.5639,202518.0
1652075040000,0.5639,0.5641,0.5634,0.5634,277947.0
1652075100000,0.5634,0.5639,0.5633,0.5636,106625.0
1652075160000,0.5636,0.5638,0.5634,0.5638,72529.0
1652075220000,0.5636,0.5637,0.5635,0.5637,77890.0
1652075280000,0.5636,0.5638,0.5634,0.5634,146708.0
1652075340000,0.5634,0.5634,0.562,0.5623,301601.0
1652075400000,0.5624,0.563,0.5624,0.5626,202735.0
1652075460000,0.5625,0.5629,0.5624,0.5627,147296.0
1652075520000,0.5627,0.5634,0.5624,0.5633,246532.0
1652075580000,0.5634,0.5639,0.563,0.5633,131767.0
1652075640000,0.5633,0.5649,0.5632,0.5643,573855.0
1652075700000,0.5643,0.5647,0.564,0.5646,103736.0
1652075760000,0.5646,0.5648,0.5643,0.5647,210879.0
1652075820000,0.5647,0.5653,0.5647,0.5649,404982.0
1652075880000,0.5649,0.5649,0.5644,0.5646,146055.0
1652075940000,0.5646,0.565,0.5645,0.5647,213415.0
1652076000000,0.5647,0.5655,0.5646,0.5646,198947.0
1652076060000,0.5646,0.5652,0.5645,0.5652,94539.0
1652076120000,0.5651,0.566,0.5651,0.5658,191143.0
1652076180000,0.5657,0.5666,0.5655,0.5662,217686.0
1652076240000,0.5662,0.5666,0.5654,0.5657,197044.0
1652076300000,0.5656,0.5662,0.5655,0.5656,186522.0
1652076360000,0.5656,0.5656,0.5647,0.5647,152460.0
1652076420000,0.5646,0.5646,0.563,0.5633,955042.0
1652076480000,0.5633,0.5634,0.5625,0.5627,312661.0
1652076540000,0.5628,0.5636,0.5626,0.5626,226361.0
1652076600000,0.5626,0.5628,0.5611,0.5612,521015.0
1652076660000,0.5612,0.5621,0.5608,0.561,626531.0
1652076720000,0.5612,0.5621,0.561,0.5616,371747.0
1652076780000,0.5616,0.5627,0.5615,0.5624,209755.0
1652076840000,0.5625,0.5625,0.562,0.5621,177538.0
1652076900000,0.5622,0.5624,0.5618,0.5618,234623.0
1652076960000,0.562,0.5621,0.5613,0.5615,258376.0
1652077020000,0.5614,0.5615,0.5607,0.561,274379.0
1652077080000,0.5611,0.5618,0.5611,0.5617,322704.0
1652077140000,0.5616,0.5622,0.5613,0.5622,159366.0
1652077200000,0.5621,0.5621,0.5615,0.5618,276044.0
1652077260000,0.5617,0.5619,0.5615,0.5617,76199.0
1652077320000,0.5617,0.562,0.5616,0.5616,332696.0
1652077380000,0.5616,0.5616,0.5609,0.5611,353666.0
1652077440000,0.5612,0.5615,0.561,0.5614,241995.0
1652077500000,0.5613,0.5619,0.5613,0.5618,136933.0
1652077560000,0.5618,0.5618,0.5609,0.561,103024.0
1652077620000,0.5609,0.5618,0.5609,0.5615,185952.0
1652077680000,0.5616,0.562,0.5615,0.5616,91130.0
1652077740000,0.5616,0.5616,0.5609,0.561,80555.0
1652077800000,0.5609,0.5616,0.5607,0.5616,161197.0
1652077860000,0.5616,0.562,0.5615,0.562,157126.0
1652077920000,0.562,0.5628,0.5619,0.5627,104349.0
1652077980000,0.5626,0.5637,0.5626,0.5629,335219.0
1652078040000,0.563,0.5632,0.5627,0.5629,121832.0
1652078100000,0.5628,0.5628,0.5616,0.562,209428.0
1652078160000,0.562,0.5626,0.5618,0.5622,214507.0
1652078220000,0.5623,0.5623,0.561,0.5611,173258.0
1652078280000,0.5611,0.5612,0.5608,0.5608,76707.0
1652078340000,0.5609,0.561,0.5607,0.5609,109431.0
1652078400000,0.561,0.5612,0.5603,0.5603,203239.0
1652078460000,0.5603,0.5608,0.5602,0.5602,206573.0
1652078520000,0.5602,0.5605,0.5596,0.5599,273747.0
1652078580000,0.56,0.5606,0.5599,0.56,166053.0
1652078640000,0.5599,0.5606,0.5599,0.5604,103923.0
1652078700000,0.5604,0.5611,0.5601,0.5611,383710.0
1652078760000,0.561,0.5612,0.5607,0.561,429419.0
1652078820000,0.561,0.5615,0.5608,0.5614,456814.0
1652078880000,0.5614,0.5615,0.5609,0.561,253216.0
1652078940000,0.5611,0.5617,0.5609,0.561,279523.0
1652079000000,0.5612,0.5616,0.5611,0.5613,115001.0
1652079060000,0.5614,0.5616,0.5611,0.5614,135371.0
1652079120000,0.5614,0.5619,0.5614,0.5619,242241.0
1652079180000,0.5618,0.5622,0.5618,0.5622,352872.0
1652079240000,0.5622,0.5622,0.5619,0.5622,47863.0
1652079300000,0.5621,0.5621,0.5617,0.5619,177324.0
1652079360000,0.5619,0.562,0.5614,0.5618,270930.0
1652079420000,0.5618,0.5619,0.5611,0.5612,152690.0
1652079480000,0.5612,0.5613,0.561,0.5612,177105.0
1652079540000,0.5612,0.5613,0.5607,0.5611,122963.0
1652079600000,0.561,0.5618,0.5605,0.5618,138553.0
1652079660000,0.5617,0.5625,0.5617,0.5622,228409.0
1652079720000,0.5623,0.5637,0.562,0.5636,168704.0
1652079780000,0.5636,0.5642,0.5634,0.564,267989.0
1652079840000,0.5641,0.5641,0.5631,0.5631,250053.0
1652079900000,0.5632,0.5634,0.5626,0.5626,159890.0
1652079960000,0.5625,0.5631,0.5625,0.5629,225157.0
1652080020000,0.5628,0.5628,0.5622,0.5623,728450.0
1652080080000,0.5622,0.5622,0.5609,0.5609,587178.0
1652080140000,0.5608,0.5611,0.5591,0.5597,1502594.0
1652080200000,0.5597,0.5597,0.5579,0.5583,1015627.0
1652080260000,0.5584,0.5594,0.5583,0.5591,951522.0
1652080320000,0.559,0.56,0.5585,0.5586,563997.0
1652080380000,0.5587,0.5593,0.5586,0.5592,280144.0
1652080440000,0.5592,0.5596,0.559,0.5593,279767.0
1652080500000,0.5594,0.5594,0.5587,0.5588,213551.0
1652080560000,0.5589,0.5589,0.5578,0.5578,240877.0
1652080620000,0.5579,0.558,0.5555,0.5556,1291736.0
1652080680000,0.5556,0.5567,0.5555,0.5565,611509.0
1652080740000,0.5564,0.5567,0.5562,0.5562,297672.0
1652080800000,0.5561,0.5562,0.5558,0.5561,313480.0
1652080860000,0.556,0.5561,0.5545,0.5549,1014164.0
1652080920000,0.5549,0.555,0.5517,0.5521,1609199.0
1652080980000,0.552,0.5538,0.552,0.5535,500421.0
1652081040000,0.5535,0.5544,0.5535,0.5542,243379.0
1652081100000,0.5542,0.5543,0.5534,0.5542,201044.0
1652081160000,0.5542,0.5555,0.5537,0.5554,424612.0
1652081220000,0.5553,0.5557,0.5544,0.5544,773177.0
1652081280000,0.5544,0.5555,0.5541,0.5555,791119.0
1652081340000,0.5554,0.5559,0.555,0.5559,638229.0
1652081400000,0.5558,0.5563,0.5557,0.5557,409255.0
1652081460000,0.5557,0.5557,0.555,0.5555,248776.0
1652081520000,0.5555,0.5571,0.5555,0.5571,366835.0
1652081580000,0.5572,0.5579,0.5572,0.5576,329074.0
1652081640000,0.5577,0.5579,0.5571,0.5572,393969.0
1652081700000,0.5572,0.5572,0.556,0.557,336844.0
1652081760000,0.5571,0.5572,0.5568,0.557,251666.0
1652081820000,0.557,0.5571,0.556,0.5568,216251.0
1652081880000,0.5568,0.5568,0.556,0.5561,200222.0
1652081940000,0.556,0.556,0.5553,0.5557,214354.0
1652082000000,0.5557,0.5557,0.5545,0.5546,273222.0
1652082060000,0.5546,0.5549,0.554,0.5542,372311.0
1652082120000,0.5542,0.5542,0.5536,0.554,111428.0
1652082180000,0.5541,0.5546,0.5538,0.5546,172472.0
1652082240000,0.5546,0.5549,0.5546,0.5546,105716.0
1652082300000,0.5547,0.5549,0.5543,0.5544,392756.0
1652082360000,0.5544,0.5552,0.5544,0.5552,191076.0
1652082420000,0.5552,0.5559,0.5552,0.5555,119979.0
1652082480000,0.5554,0.5554,0.5538,0.5538,182257.0
1652082540000,0.5538,0.5539,0.5531,0.5532,237275.0
1652082600000,0.5531,0.554,0.5529,0.554,178243.0
1652082660000,0.554,0.5552,0.5538,0.5545,686241.0
1652082720000,0.5545,0.5549,0.5542,0.5543,216367.0
1652082780000,0.5542,0.5542,0.5538,0.5539,91584.0
1652082840000,0.5538,0.5538,0.5524,0.5526,349103.0
1652082900000,0.5525,0.5528,0.5523,0.5525,263231.0
1652082960000,0.5526,0.5526,0.5512,0.5519,767292.0
1652083020000,0.552,0.5525,0.5517,0.5521,445190.0
1652083080000,0.552,0.5523,0.5519,0.552,120296.0
1652083140000,0.552,0.5521,0.5515,0.552,252776.0
1652083200000,0.5521,0.5533,0.552,0.5532,377108.0
1652083260000,0.5532,0.5535,0.5529,0.5533,206195.0
1652083320000,0.5533,0.5533,0.5527,0.5527,375954.0
1652083380000,0.5526,0.5534,0.5522,0.5527,532711.0
1652083440000,0.5526,0.5529,0.5523,0.5529,215630.0
1652083500000,0.5528,0.5534,0.5527,0.5528,155863.0
1652083560000,0.5528,0.5529,0.5516,0.552,312673.0
1652083620000,0.552,0.552,0.5508,0.5512,665066.0
1652083680000,0.5512,0.5516,0.5511,0.5515,362826.0
1652083740000,0.5516,0.5522,0.5512,0.5521,347791.0
1652083800000,0.5521,0.5521,0.5516,0.5516,206259.0
1652083860000,0.5517,0.5519,0.5514,0.5517,301822.0
1652083920000,0.5517,0.5528,0.5517,0.5525,378431.0
1652083980000,0.5525,0.5526,0.5521,0.5523,146981.0
1652084040000,0.5523,0.5528,0.5522,0.5526,69112.0
1652084100000,0.5525,0.553,0.5513,0.5513,275268.0
1652084160000,0.5513,0.5519,0.5495,0.5516,2434347.0
1652084220000,0.5517,0.5526,0.5511,0.5514,481047.0
1652084280000,0.5513,0.5514,0.5499,0.5499,476933.0
1652084340000,0.5499,0.5513,0.5498,0.5501,790099.0
1652084400000,0.5501,0.5503,0.5499,0.55,192512.0
1652084460000,0.55,0.55,0.547,0.548,1459636.0
1652084520000,0.548,0.548,0.5472,0.5474,689171.0
1652084580000,0.5475,0.5475,0.5436,0.5437,2445295.0
1652084640000,0.5438,0.5442,0.5386,0.5421,4088002.0
1652084700000,0.5421,0.5442,0.542,0.5427,1783542.0
1652084760000,0.5428,0.5442,0.5422,0.5425,856687.0
1652084820000,0.5426,0.5443,0.5422,0.5424,759399.0
1652084880000,0.5424,0.5432,0.541,0.5418,1051140.0
1652084940000,0.5418,0.5428,0.5403,0.5426,1033147.0
1652085000000,0.5427,0.543,0.5403,0.5416,1184329.0
1652085060000,0.5415,0.5421,0.5407,0.542,652513.0
1652085120000,0.542,0.542,0.5401,0.5406,938352.0
1652085180000,0.5405,0.541,0.5395,0.5402,579697.0
1652085240000,0.5402,0.5419,0.5398,0.5417,797213.0
1652085300000,0.5418,0.5421,0.5408,0.542,504992.0
1652085360000,0.542,0.5442,0.542,0.5436,663009.0
1652085420000,0.5437,0.5444,0.5433,0.5433,454629.0
1652085480000,0.5432,0.5436,0.5424,0.5425,399773.0
1652085540000,0.5426,0.5435,0.5425,0.5425,459995.0
1652085600000,0.5424,0.5436,0.5422,0.5428,365400.0
1652085660000,0.5429,0.5434,0.5423,0.5423,386425.0
1652085720000,0.5423,0.5428,0.5422,0.5426,524706.0
1652085780000,0.5425,0.5432,0.5424,0.5428,327635.0
1652085840000,0.5427,0.5436,0.5427,0.5435,429973.0
1652085900000,0.5436,0.5451,0.5435,0.545,419912.0
1652085960000,0.545,0.545,0.5428,0.5429,397637.0
1652086020000,0.5428,0.5442,0.5426,0.5441,459988.0
1652086080000,0.544,0.5449,0.5439,0.5448,286598.0
1652086140000,0.5448,0.5455,0.5445,0.5449,844978.0
1652086200000,0.5449,0.5456,0.5448,0.5454,156351.0
1652086260000,0.5455,0.5464,0.5451,0.5463,417714.0
1652086320000,0.5463,0.5471,0.5459,0.5466,1356963.0
1652086380000,0.5467,0.5469,0.5463,0.5469,336333.0
1652086440000,0.5468,0.5479,0.5466,0.5478,403638.0
1652086500000,0.5478,0.5483,0.5471,0.5474,893658.0
1652086560000,0.5473,0.5473,0.5459,0.547,657810.0
1652086620000,0.5471,0.5471,0.546,0.5463,341091.0
1652086680000,0.5463,0.5471,0.546,0.5469,259726.0
1652086740000,0.5471,0.5478,0.5468,0.5473,539399.0
1652086800000,0.5473,0.5473,0.5468,0.5469,196456.0
1652086860000,0.5468,0.5473,0.5466,0.5468,197837.0
1652086920000,0.5469,0.5469,0.5462,0.5466,278834.0
1652086980000,0.5467,0.5469,0.5463,0.5464,336463.0
1652087040000,0.5464,0.5471,0.5464,0.5469,364549.0
1652087100000,0.5469,0.5472,0.5467,0.5468,162060.0
1652087160000,0.5468,0.5474,0.5467,0.5471,219723.0
1652087220000,0.547,0.5473,0.5469,0.5471,88072.0
1652087280000,0.547,0.5478,0.5466,0.5476,278060.0
1652087340000,0.5475,0.5476,0.5472,0.5473,59660.0
1652087400000,0.5473,0.5478,0.5471,0.5477,140938.0
1652087460000,0.5476,0.5481,0.5474,0.5478,157185.0
1652087520000,0.5478,0.5485,0.5478,0.5484,145676.0
1652087580000,0.5483,0.5496,0.5483,0.5493,422137.0
1652087640000,0.5493,0.5494,0.5485,0.5487,614531.0
1652087700000,0.5487,0.5488,0.5482,0.5484,189402.0
1652087760000,0.5483,0.5484,0.5475,0.5477,198238.0
1652087820000,0.5477,0.548,0.5474,0.5474,269703.0
1652087880000,0.5473,0.5476,0.5463,0.547,238015.0
1652087940000,0.5469,0.547,0.5463,0.5465,107406.0
1652088000000,0.5465,0.5468,0.5463,0.5467,89691.0
1652088060000,0.5467,0.5471,0.5466,0.5467,365257.0
1652088120000,0.5467,0.5473,0.5467,0.547,206768.0
1652088180000,0.5469,0.5469,0.5465,0.5469,67085.0
1652088240000,0.5469,0.5473,0.5469,0.547,82832.0
1652088300000,0.547,0.547,0.5463,0.5466,148822.0
1652088360000,0.5465,0.5466,0.5461,0.5462,90165.0
1652088420000,0.5461,0.5465,0.5458,0.546,227662.0
1652088480000,0.5459,0.5462,0.5459,0.5461,432918.0
1652088540000,0.5461,0.5462,0.546,0.5462,134523.0
1652088600000,0.5461,0.5465,0.546,0.5463,236607.0
1652088660000,0.5464,0.5464,0.5452,0.5453,344935.0
1652088720000,0.5452,0.5453,0.5445,0.5447,291381.0
1652088780000,0.5447,0.5456,0.5439,0.544,973220.0
1652088840000,0.5438,0.5441,0.5438,0.5438,187629.0
1652088900000,0.5437,0.5438,0.5428,0.5433,249753.0
1652088960000,0.5434,0.5442,0.5433,0.5438,112726.0
1652089020000,0.5439,0.5689,0.5438,0.549,8269372.0
1652089080000,0.5491,0.5491,0.5463,0.5467,1999697.0
1652089140000,0.5467,0.5469,0.545,0.5461,589882.0
1652089200000,0.5461,0.5467,0.5459,0.5462,504111.0
1652089260000,0.5461,0.5462,0.5454,0.5457,1295157.0
1652089320000,0.5456,0.5466,0.5454,0.5466,408537.0
1652089380000,0.5466,0.5469,0.5463,0.5464,147147.0
1652089440000,0.5464,0.5464,0.5454,0.5456,411704.0
1652089500000,0.5455,0.5459,0.5451,0.5452,238539.0
1652089560000,0.5452,0.5452,0.5446,0.5446,265628.0
1652089620000,0.5445,0.5446,0.5438,0.5442,399048.0
1652089680000,0.5441,0.5449,0.5441,0.5449,116311.0
1652089740000,0.5449,0.5452,0.5445,0.5445,200923.0
1652089800000,0.5444,0.5452,0.544,0.5451,280997.0
1652089860000,0.5451,0.5462,0.545,0.5461,303671.0
1652089920000,0.546,0.5462,0.545,0.5454,734710.0
1652089980000,0.5453,0.5456,0.5452,0.5452,261769.0
1652090040000,0.5452,0.5454,0.5447,0.5454,183029.0
1652090100000,0.5453,0.5456,0.545,0.5455,85337.0
1652090160000,0.5454,0.5456,0.5448,0.5456,195122.0
1652090220000,0.5456,0.5456,0.5448,0.5453,474219.0
1652090280000,0.5452,0.5457,0.5447,0.5448,379278.0
1652090340000,0.5448,0.5455,0.5447,0.5453,326811.0
1652090400000,0.5452,0.5455,0.5447,0.5447,218413.0
1652090460000,0.5448,0.5449,0.544,0.5442,274608.0
1652090520000,0.5442,0.5454,0.5442,0.5452,200454.0
1652090580000,0.5452,0.546,0.5451,0.5457,154770.0
1652090640000,0.5457,0.5461,0.5457,0.546,239058.0
1652090700000,0.546,0.5461,0.5454,0.5457,288952.0
1652090760000,0.5456,0.5461,0.5453,0.5456,88765.0
1652090820000,0.5456,0.5456,0.5444,0.5444,474130.0
1652090880000,0.5443,0.5446,0.5431,0.5433,371146.0
1652090940000,0.5433,0.5436,0.5427,0.5434,267196.0
1652091000000,0.5433,0.5445,0.5431,0.5445,457789.0
1652091060000,0.5444,0.5444,0.5437,0.544,673952.0
1652091120000,0.544,0.5451,0.5438,0.5448,337793.0
1652091180000,0.5448,0.5451,0.544,0.544,774737.0
1652091240000,0.544,0.545,0.5439,0.5439,214822.0
1652091300000,0.5439,0.5447,0.5437,0.544,332778.0
1652091360000,0.5439,0.5444,0.5437,0.544,239600.0
1652091420000,0.544,0.5446,0.5439,0.5442,275323.0
1652091480000,0.5442,0.5443,0.5438,0.5439,162798.0
1652091540000,0.5439,0.544,0.5427,0.5427,335121.0
1652091600000,0.5428,0.5437,0.5427,0.5437,319599.0
1652091660000,0.5436,0.544,0.5433,0.5434,156379.0
1652091720000,0.5434,0.5434,0.5422,0.5423,275035.0
1652091780000,0.5422,0.5422,0.54,0.5408,1364260.0
1652091840000,0.5408,0.541,0.5402,0.5409,362556.0
1652091900000,0.5408,0.5412,0.54,0.5404,588632.0
1652091960000,0.5404,0.5409,0.5397,0.5398,451931.0
1652092020000,0.5397,0.5398,0.5364,0.5366,2099400.0
1652092080000,0.5366,0.5375,0.5328,0.5374,2560177.12
1652092140000,0.5374,0.5381,0.5354,0.5367,859170.0
1652092200000,0.5367,0.5383,0.5367,0.5372,702226.0
1652092260000,0.5371,0.538,0.5359,0.5365,1374613.0
1652092320000,0.5366,0.5373,0.5357,0.5364,625726.0
1652092380000,0.5364,0.5368,0.5348,0.5352,674878.0
1652092440000,0.5353,0.5359,0.532,0.5329,1429153.0
1652092500000,0.533,0.5361,0.5317,0.536,1308083.0
1652092560000,0.536,0.5361,0.5334,0.5345,1044491.0
1652092620000,0.5344,0.5358,0.5341,0.5354,887574.0
1652092680000,0.5354,0.5372,0.5344,0.5355,1285323.0
1652092740000,0.5355,0.5356,0.5339,0.5348,592077.0
1652092800000,0.5349,0.5362,0.5344,0.5349,775428.0
1652092860000,0.5349,0.5351,0.5339,0.5342,774132.0
1652092920000,0.5342,0.5344,0.5324,0.5327,675638.0
1652092980000,0.5328,0.5341,0.532,0.5324,929582.0
1652093040000,0.5323,0.5323,0.5304,0.5323,2314863.0
1652093100000,0.5322,0.5342,0.5318,0.5331,934923.0
1652093160000,0.533,0.5331,0.5265,0.53,4036480.99
1652093220000,0.5299,0.5311,0.5288,0.53,2402538.0
1652093280000,0.5299,0.5319,0.5288,0.5311,1482314.0
1652093340000,0.5311,0.5327,0.5298,0.5311,1071161.0
1652093400000,0.5311,0.5342,0.5307,0.5335,1012909.0
1652093460000,0.5335,0.5341,0.5317,0.5318,819310.0
1652093520000,0.5317,0.5326,0.5304,0.5316,751436.0
1652093580000,0.5316,0.5321,0.5305,0.531,704317.0
1652093640000,0.531,0.5312,0.5292,0.5297,906455.0
1652093700000,0.5297,0.5312,0.5294,0.5306,776971.0
1652093760000,0.5305,0.5314,0.5297,0.5311,1022437.0
1652093820000,0.5311,0.5312,0.5291,0.5299,2659710.0
1652093880000,0.5299,0.5314,0.5299,0.5313,987414.0
1652093940000,0.5313,0.5319,0.5301,0.5316,1086706.0
1652094000000,0.5317,0.5333,0.5314,0.5314,1008035.0
1652094060000,0.5314,0.5334,0.5314,0.5326,1179607.0
1652094120000,0.5325,0.533,0.5317,0.5318,980229.0
1652094180000,0.5318,0.5327,0.5316,0.5326,1046465.0
1652094240000,0.5326,0.5346,0.5322,0.5345,1017035.0
1652094300000,0.5346,0.536,0.5338,0.5339,891320.0
1652094360000,0.534,0.534,0.5325,0.5329,380088.0
1652094420000,0.5329,0.5335,0.5324,0.5331,326271.0
1652094480000,0.533,0.5338,0.5322,0.5334,397407.0
1652094540000,0.5334,0.5335,0.5319,0.5322,457244.0
1652094600000,0.5322,0.533,0.532,0.532,311057.0
1652094660000,0.532,0.5325,0.5316,0.532,332045.0
1652094720000,0.5319,0.5327,0.5317,0.5327,141537.0
1652094780000,0.5327,0.5331,0.5323,0.5331,283529.0
1652094840000,0.5332,0.5338,0.5329,0.533,303102.0
1652094900000,0.5329,0.5337,0.5328,0.5337,243431.0
1652094960000,0.5336,0.5348,0.5336,0.5346,302778.0
1652095020000,0.5346,0.5356,0.5343,0.5353,317391.0
1652095080000,0.5353,0.5353,0.5338,0.5343,766266.0
1652095140000,0.5342,0.5342,0.5326,0.533,279049.0
1652095200000,0.5329,0.5329,0.531,0.5312,480741.0
1652095260000,0.5312,0.5316,0.5309,0.5309,302096.0
1652095320000,0.5309,0.5311,0.5292,0.5302,545199.0
1652095380000,0.5302,0.5321,0.5301,0.5316,683374.0
1652095440000,0.5316,0.533,0.5315,0.5323,331955.0
1652095500000,0.5322,0.5327,0.5321,0.5326,414133.0
1652095560000,0.5325,0.5344,0.5325,0.5343,988516.0
1652095620000,0.5344,0.5344,0.5331,0.5335,235196.0
1652095680000,0.5336,0.5337,0.5333,0.5336,159746.0
1652095740000,0.5336,0.5339,0.5325,0.5327,410384.0
1652095800000,0.5326,0.5332,0.5324,0.5326,243737.0
1652095860000,0.5325,0.5326,0.5317,0.5323,569040.0
1652095920000,0.5322,0.533,0.532,0.5329,185193.0
1652095980000,0.533,0.5331,0.5321,0.5323,357571.0
1652096040000,0.5324,0.533,0.532,0.5328,362706.0
1652096100000,0.5328,0.5338,0.5326,0.5338,364171.0
1652096160000,0.5338,0.5346,0.5335,0.5338,518452.0
1652096220000,0.5338,0.5341,0.5327,0.5332,412893.0
1652096280000,0.5334,0.5335,0.5324,0.5333,472109.0
1652096340000,0.5332,0.5338,0.5332,0.5333,143038.0
1652096400000,0.5333,0.5334,0.533,0.5332,188378.0
1652096460000,0.5332,0.5333,0.5326,0.5331,241189.0
1652096520000,0.5331,0.5333,0.5329,0.5333,251235.0
1652096580000,0.5332,0.5336,0.5325,0.5325,456364.0
1652096640000,0.5325,0.5338,0.5321,0.5338,811103.0
1652096700000,0.5337,0.5338,0.5329,0.5337,279451.0
1652096760000,0.5337,0.535,0.5337,0.5345,530148.0
1652096820000,0.5345,0.5346,0.5339,0.5341,241746.0
1652096880000,0.5341,0.535,0.5341,0.5347,144985.0
1652096940000,0.5348,0.5359,0.5346,0.5346,232835.0
1652097000000,0.5345,0.5352,0.5344,0.5351,259864.0
1652097060000,0.5351,0.5356,0.5348,0.5356,388125.0
1652097120000,0.5356,0.5365,0.5354,0.5365,300112.0
1652097180000,0.5365,0.5366,0.5358,0.5363,251101.0
1652097240000,0.5362,0.5375,0.5357,0.537,421988.0
1652097300000,0.537,0.5381,0.537,0.5379,389858.0
1652097360000,0.5378,0.5378,0.5364,0.5365,248999.0
1652097420000,0.5366,0.5367,0.5354,0.5361,344189.0
1652097480000,0.536,0.5369,0.5354,0.5367,195041.0
1652097540000,0.5366,0.5369,0.5364,0.5367,173757.0
1652097600000,0.5367,0.5369,0.5357,0.536,297217.0
1652097660000,0.536,0.536,0.5348,0.5352,366899.0
1652097720000,0.5352,0.5355,0.5346,0.5346,264849.0
1652097780000,0.5346,0.5357,0.5345,0.5356,520092.0
1652097840000,0.5357,0.5365,0.5354,0.5356,233456.0
1652097900000,0.5357,0.5367,0.5357,0.5366,323200.0
1652097960000,0.5367,0.537,0.5361,0.5369,647420.0
1652098020000,0.537,0.5373,0.5366,0.5368,952667.0
1652098080000,0.5369,0.5369,0.5362,0.5366,278390.0
1652098140000,0.5365,0.5365,0.5351,0.5351,412321.0
1652098200000,0.535,0.5351,0.5336,0.5342,594114.0
1652098260000,0.5341,0.5342,0.533,0.5336,196156.0
1652098320000,0.5337,0.5337,0.533,0.5333,223446.0
1652098380000,0.5335,0.5346,0.533,0.5343,610146.0
1652098440000,0.5344,0.5344,0.5338,0.5339,195101.0
1652098500000,0.5338,0.5342,0.5331,0.5342,306435.0
1652098560000,0.5343,0.5343,0.5332,0.5337,451308.0
1652098620000,0.5336,0.5343,0.5336,0.5341,383901.0
1652098680000,0.5341,0.5348,0.5339,0.5344,672006.0
1652098740000,0.5344,0.5344,0.5338,0.534,255274.0
1652098800000,0.5341,0.535,0.5337,0.5348,377475.0
1652098860000,0.5348,0.5367,0.5347,0.5367,249135.0
1652098920000,0.5367,0.5373,0.5362,0.537,430171.0
1652098980000,0.537,0.5372,0.5365,0.5372,183634.0
1652099040000,0.5371,0.5371,0.5367,0.5369,125997.0
1652099100000,0.537,0.537,0.5363,0.5368,249761.0
1652099160000,0.5368,0.537,0.5367,0.5369,261702.0
1652099220000,0.5369,0.5373,0.5364,0.537,396333.0
1652099280000,0.5369,0.5373,0.5361,0.5367,268268.0
1652099340000,0.5367,0.5377,0.5367,0.5371,709050.0
1652099400000,0.537,0.5376,0.5364,0.5366,304187.0
1652099460000,0.5366,0.537,0.5362,0.537,279987.0
1652099520000,0.5371,0.5376,0.5362,0.5365,268379.0
1652099580000,0.5365,0.5366,0.536,0.5366,352607.0
1652099640000,0.5366,0.5366,0.5362,0.5362,64569.0
1652099700000,0.5363,0.5363,0.5356,0.5358,927894.0
1652099760000,0.5357,0.5364,0.5355,0.5364,372951.0
1652099820000,0.5363,0.5371,0.5363,0.5371,263258.0
1652099880000,0.5371,0.5377,0.537,0.5376,158592.0
1652099940000,0.5376,0.538,0.5375,0.538,165565.0
1652100000000,0.5379,0.5396,0.5378,0.5394,919284.0
1652100060000,0.5394,0.5394,0.5389,0.5389,148556.0
1652100120000,0.5389,0.5394,0.5382,0.5384,205407.0
1652100180000,0.5384,0.5391,0.5382,0.5384,231312.0
1652100240000,0.5384,0.5389,0.538,0.5383,260742.0
1652100300000,0.5383,0.5387,0.5379,0.5383,289182.0
1652100360000,0.5383,0.5384,0.5374,0.5375,568327.0
1652100420000,0.5374,0.5374,0.5367,0.5367,219851.0
1652100480000,0.5367,0.5375,0.5366,0.5371,379286.0
1652100540000,0.5371,0.5378,0.537,0.5377,151007.0
1652100600000,0.5376,0.5382,0.5373,0.5377,493411.0
1652100660000,0.5377,0.5385,0.5376,0.5383,432397.0
1652100720000,0.5384,0.539,0.5382,0.5383,243032.0
1652100780000,0.5383,0.5385,0.5374,0.5374,568929.0
1652100840000,0.5374,0.5375,0.5366,0.5368,336471.0
1652100900000,0.5368,0.5368,0.5349,0.5355,394912.0
1652100960000,0.5354,0.5356,0.5347,0.5356,231523.0
1652101020000,0.5356,0.5357,0.5346,0.5352,186983.0
1652101080000,0.5352,0.5352,0.5342,0.5342,94781.0
1652101140000,0.5342,0.5343,0.5331,0.5333,804234.0
1652101200000,0.5334,0.5342,0.5331,0.5332,214104.0
1652101260000,0.5332,0.534,0.5329,0.5335,276645.0
1652101320000,0.5335,0.534,0.5335,0.5336,146936.0
1652101380000,0.5336,0.5344,0.5336,0.5338,252058.0
1652101440000,0.5337,0.5349,0.5337,0.5349,138420.0
1652101500000,0.5349,0.5353,0.5342,0.5342,327274.0
1652101560000,0.5343,0.535,0.5343,0.5348,133757.0
1652101620000,0.5348,0.5356,0.5344,0.5351,1025567.0
1652101680000,0.535,0.5354,0.5345,0.5348,186910.0
1652101740000,0.5348,0.5356,0.5348,0.5355,129641.0
1652101800000,0.5354,0.5359,0.5352,0.5353,307628.0
1652101860000,0.5352,0.5354,0.5344,0.5346,259400.0
1652101920000,0.5345,0.5349,0.534,0.5347,249241.0
1652101980000,0.5346,0.5362,0.5345,0.5347,546562.0
1652102040000,0.5346,0.5359,0.5346,0.5359,233677.0
1652102100000,0.5358,0.5358,0.5351,0.5351,68971.0
1652102160000,0.5352,0.5358,0.5346,0.535,357872.0
1652102220000,0.5349,0.535,0.5345,0.5346,209010.0
1652102280000,0.5346,0.5347,0.5341,0.5343,190290.0
1652102340000,0.5343,0.5345,0.5342,0.5342,251478.0
1652102400000,0.5342,0.5343,0.5331,0.5331,232401.0
1652102460000,0.5332,0.5332,0.532,0.5329,432917.0
1652102520000,0.5328,0.5331,0.5321,0.5328,435537.0
1652102580000,0.5328,0.534,0.5328,0.5335,321641.0
1652102640000,0.5335,0.5343,0.5332,0.5342,234510.0
1652102700000,0.5342,0.5342,0.5328,0.5331,410001.0
1652102760000,0.533,0.5334,0.5326,0.5327,325209.0
1652102820000,0.5327,0.5332,0.5324,0.5331,619989.0
1652102880000,0.5331,0.5331,0.5323,0.5324,264250.0
1652102940000,0.5324,0.5324,0.5315,0.5315,307106.0
1652103000000,0.5316,0.5335,0.5316,0.5333,1211422.0
1652103060000,0.5333,0.5375,0.533,0.5374,1118456.0
1652103120000,0.5374,0.5388,0.5345,0.5345,1370951.0
1652103180000,0.5346,0.5375,0.5341,0.5364,1509589.0
1652103240000,0.5364,0.538,0.5357,0.5377,1102170.0
1652103300000,0.5379,0.541,0.5379,0.5396,2812578.0
1652103360000,0.5395,0.5435,0.5395,0.5428,1710225.0
1652103420000,0.543,0.5431,0.541,0.5426,1428831.0
1652103480000,0.5426,0.5463,0.5424,0.5461,1232771.0
1652103540000,0.5462,0.5493,0.5452,0.5454,2804049.0
1652103600000,0.5454,0.5465,0.5419,0.5437,1961695.0
1652103660000,0.5437,0.5446,0.5422,0.5429,854254.0
1652103720000,0.5429,0.543,0.541,0.5413,1173628.0
1652103780000,0.5412,0.5428,0.541,0.5414,691899.0
1652103840000,0.5414,0.5423,0.541,0.5421,673246.0
1652103900000,0.5421,0.5423,0.5397,0.5404,1016851.0
1652103960000,0.5404,0.5404,0.5384,0.5391,743074.0
1652104020000,0.539,0.5397,0.5381,0.5392,821930.0
1652104080000,0.5391,0.54,0.5386,0.5398,343143.0
1652104140000,0.5397,0.5402,0.5386,0.5397,559784.0
1652104200000,0.5398,0.5402,0.5389,0.5402,430446.0
1652104260000,0.5403,0.5418,0.5395,0.5418,613888.0
1652104320000,0.5417,0.5423,0.541,0.5415,993543.0
1652104380000,0.5415,0.5423,0.5405,0.5419,910150.0
1652104440000,0.5419,0.5421,0.5413,0.5416,577858.0
1652104500000,0.5417,0.5417,0.5397,0.5398,314425.0
1652104560000,0.5396,0.5399,0.539,0.5394,337960.0
1652104620000,0.5396,0.5397,0.5381,0.5381,317883.0
1652104680000,0.5381,0.5403,0.538,0.5401,322446.0
1652104740000,0.5401,0.5401,0.5392,0.54,272770.0
1652104800000,0.54,0.5402,0.5378,0.5382,477809.0
1652104860000,0.5381,0.5396,0.5379,0.5392,306333.0
1652104920000,0.5392,0.5403,0.5391,0.5398,420261.0
1652104980000,0.5398,0.5405,0.5396,0.5405,381631.0
1652105040000,0.5406,0.541,0.5395,0.5397,302443.0
1652105100000,0.5398,0.5399,0.5392,0.5399,288378.0
1652105160000,0.54,0.54,0.538,0.5382,202212.0
1652105220000,0.5382,0.5386,0.5372,0.5374,426531.0
1652105280000,0.5375,0.538,0.5374,0.5376,332170.0
1652105340000,0.5376,0.5376,0.5352,0.5352,801419.0
1652105400000,0.5352,0.5362,0.5349,0.536,1158361.0
1652105460000,0.5359,0.537,0.5357,0.5366,512364.0
1652105520000,0.5364,0.5374,0.5361,0.5369,223934.0
1652105580000,0.5368,0.5383,0.5368,0.5376,374718.0
1652105640000,0.5377,0.5384,0.5373,0.5373,381131.0
1652105700000,0.5373,0.5378,0.5363,0.5369,462598.0
1652105760000,0.5368,0.5379,0.5367,0.5376,662747.0
1652105820000,0.5376,0.5378,0.5365,0.5365,308349.0
1652105880000,0.5364,0.5366,0.5354,0.5356,399271.0
1652105940000,0.5355,0.5356,0.5348,0.5352,311570.0
1652106000000,0.5351,0.5356,0.5348,0.5351,248748.0
1652106060000,0.5351,0.5361,0.5351,0.5361,290476.0
1652106120000,0.5361,0.5364,0.5351,0.5351,156551.0
1652106180000,0.535,0.535,0.5337,0.5341,532073.0
1652106240000,0.534,0.5344,0.5326,0.5329,661627.0
1652106300000,0.5329,0.5335,0.5323,0.5334,325587.0
1652106360000,0.5334,0.5342,0.5331,0.534,403255.0
1652106420000,0.534,0.534,0.5335,0.5335,190810.0
1652106480000,0.5337,0.5337,0.5317,0.5323,1013629.0
1652106540000,0.5323,0.5323,0.5315,0.5323,443483.0
1652106600000,0.5323,0.5327,0.5311,0.5323,444360.0
1652106660000,0.5323,0.5323,0.5314,0.5316,931690.0
1652106720000,0.5317,0.5332,0.53,0.5329,1256915.0
1652106780000,0.5328,0.5339,0.5321,0.5323,472934.0
1652106840000,0.5323,0.5336,0.5319,0.5331,280927.0
1652106900000,0.533,0.5346,0.5329,0.5343,424810.0
1652106960000,0.5342,0.5347,0.5338,0.5339,252136.0
1652107020000,0.5339,0.5339,0.5318,0.5322,205237.0
1652107080000,0.5321,0.5321,0.5309,0.531,415883.0
1652107140000,0.5309,0.531,0.5282,0.5292,1773390.0
1652107200000,0.5294,0.531,0.5293,0.5305,673644.0
1652107260000,0.5306,0.5329,0.5305,0.532,1013472.0
1652107320000,0.532,0.5334,0.5319,0.5319,358391.0
1652107380000,0.5319,0.5321,0.5314,0.5319,283312.0
1652107440000,0.5319,0.5326,0.531,0.5323,562271.0
1652107500000,0.5325,0.5337,0.5323,0.5331,493586.0
1652107560000,0.5331,0.5338,0.5328,0.5328,255060.0
1652107620000,0.5327,0.5328,0.5311,0.5322,575417.0
1652107680000,0.5323,0.5326,0.5318,0.5321,269970.0
1652107740000,0.5321,0.5337,0.5321,0.5328,499964.0
1652107800000,0.5329,0.5336,0.5326,0.533,947321.0
1652107860000,0.533,0.5331,0.5314,0.5314,494261.0
1652107920000,0.5314,0.5326,0.5314,0.5321,274033.0
1652107980000,0.5321,0.5323,0.5317,0.5317,332012.0
1652108040000,0.5318,0.5323,0.5315,0.5318,176879.0
1652108100000,0.5317,0.5322,0.5312,0.5312,327072.0
1652108160000,0.5312,0.5329,0.5306,0.5326,619472.0
1652108220000,0.5326,0.5333,0.5318,0.5322,252652.0
1652108280000,0.5321,0.5323,0.5315,0.532,291154.0
1652108340000,0.5318,0.5321,0.5305,0.5308,480845.0
1652108400000,0.5307,0.5317,0.5301,0.5314,2228277.0
1652108460000,0.5314,0.5314,0.53,0.5301,395728.0
1652108520000,0.53,0.5304,0.529,0.5291,610757.0
1652108580000,0.5291,0.5311,0.529,0.5306,829893.0
1652108640000,0.5307,0.532,0.5307,0.5317,323769.0
1652108700000,0.5317,0.532,0.5313,0.5315,213258.0
1652108760000,0.5315,0.5321,0.5315,0.5317,107410.0
1652108820000,0.5317,0.5326,0.5314,0.5326,463084.0
1652108880000,0.5326,0.5332,0.5322,0.5323,208915.0
1652108940000,0.5324,0.5331,0.5322,0.533,144007.0
1652109000000,0.533,0.5339,0.5329,0.5335,400128.0
1652109060000,0.5335,0.5348,0.5334,0.5343,381699.0
1652109120000,0.5343,0.5343,0.5332,0.5333,595820.0
1652109180000,0.5333,0.5333,0.5324,0.5324,174987.0
1652109240000,0.5323,0.5329,0.5322,0.5328,192225.0
1652109300000,0.5328,0.5334,0.5327,0.533,300887.0
1652109360000,0.5329,0.5336,0.5329,0.5331,219594.0
1652109420000,0.5331,0.5335,0.532,0.5323,292284.0
1652109480000,0.5323,0.533,0.5322,0.533,112147.0
1652109540000,0.533,0.533,0.532,0.5321,198610.0
1652109600000,0.532,0.5326,0.5315,0.5324,342043.0
1652109660000,0.5324,0.5326,0.5318,0.5322,101733.0
1652109720000,0.532,0.5321,0.531,0.5313,665877.0
1652109780000,0.5312,0.5314,0.5302,0.5307,1074290.0
1652109840000,0.5307,0.5314,0.5304,0.5309,528097.0
1652109900000,0.5309,0.5313,0.5307,0.5307,225541.0
1652109960000,0.5306,0.5306,0.5277,0.5293,1172922.0
1652110020000,0.5293,0.5298,0.529,0.5293,365594.0
1652110080000,0.5292,0.5295,0.5286,0.5295,331124.0
1652110140000,0.5296,0.5296,0.5283,0.5287,824747.0
1652110200000,0.5286,0.529,0.5265,0.527,1203223.0
1652110260000,0.527,0.527,0.5232,0.5234,2675294.18
1652110320000,0.5234,0.525,0.521,0.5216,4227796.65
1652110380000,0.5215,0.5221,0.52,0.5209,3426662.0
1652110440000,0.521,0.5239,0.521,0.5227,925604.0
1652110500000,0.5228,0.5242,0.5223,0.523,680007.0
1652110560000,0.523,0.5238,0.5224,0.5233,624322.0
1652110620000,0.5232,0.5245,0.5231,0.5235,1216004.0
1652110680000,0.5234,0.5251,0.5226,0.5249,1432474.0
1652110740000,0.5249,0.5266,0.5245,0.5261,1117399.0
1652110800000,0.5261,0.5265,0.5249,0.5249,452861.0
1652110860000,0.5249,0.5252,0.5242,0.525,673298.0
1652110920000,0.5251,0.5252,0.524,0.5246,309207.0
1652110980000,0.5245,0.5256,0.5241,0.5247,1282864.0
1652111040000,0.5248,0.525,0.5236,0.5248,820805.0
1652111100000,0.5248,0.5263,0.5246,0.5262,467531.0
1652111160000,0.5262,0.5263,0.5252,0.526,619286.0
1652111220000,0.526,0.5265,0.5249,0.525,430618.0
1652111280000,0.5249,0.5253,0.5244,0.5245,389290.0
1652111340000,0.5244,0.5245,0.5233,0.5234,466529.0
1652111400000,0.5233,0.5264,0.5233,0.5263,870282.0
1652111460000,0.5263,0.5272,0.526,0.5271,486211.0
1652111520000,0.5271,0.5283,0.5268,0.5276,740686.0
1652111580000,0.5276,0.5283,0.5268,0.527,527729.0
1652111640000,0.527,0.5278,0.5265,0.5274,380560.0
1652111700000,0.5273,0.5274,0.5266,0.5269,341291.0
1652111760000,0.527,0.5276,0.5267,0.5273,377572.0
1652111820000,0.5272,0.5277,0.5262,0.5277,594599.0
1652111880000,0.5277,0.5284,0.5264,0.5264,614181.0
1652111940000,0.5263,0.5271,0.5259,0.5266,470024.0
1652112000000,0.5267,0.5267,0.5258,0.5259,383048.0
1652112060000,0.5259,0.5262,0.5246,0.5247,412100.0
1652112120000,0.5248,0.5258,0.5243,0.525,515358.0
1652112180000,0.525,0.5255,0.5239,0.5239,712847.0
1652112240000,0.5239,0.5252,0.5238,0.5251,441435.0
1652112300000,0.525,0.5258,0.5245,0.5251,515109.0
1652112360000,0.5251,0.5274,0.5248,0.5274,972568.0
1652112420000,0.5274,0.5288,0.527,0.5288,886002.0
1652112480000,0.5288,0.5292,0.5275,0.5275,442815.0
1652112540000,0.5276,0.5279,0.5261,0.5261,438753.0
1652112600000,0.5261,0.5284,0.5259,0.5282,456500.0
1652112660000,0.5282,0.5283,0.5274,0.5282,291505.0
1652112720000,0.5282,0.5285,0.5277,0.5284,660877.0
1652112780000,0.5285,0.5291,0.5278,0.5284,463949.0
1652112840000,0.5283,0.5294,0.5283,0.529,474710.0
1652112900000,0.5291,0.5311,0.5286,0.531,891195.0
1652112960000,0.531,0.5311,0.5293,0.5296,1004918.0
1652113020000,0.5296,0.5303,0.5289,0.5302,310289.0
1652113080000,0.5302,0.5303,0.5291,0.5295,378989.0
1652113140000,0.5295,0.5299,0.5288,0.5289,209969.0
1652113200000,0.5288,0.529,0.5279,0.5281,264185.0
1652113260000,0.5281,0.529,0.528,0.5287,238962.0
1652113320000,0.5286,0.5287,0.5279,0.5279,272303.0
1652113380000,0.5278,0.5282,0.5275,0.5281,209638.0
1652113440000,0.5281,0.5296,0.5281,0.5284,439918.0
1652113500000,0.5284,0.529,0.5271,0.5272,747405.0
1652113560000,0.5271,0.5274,0.5264,0.5267,600341.0
1652113620000,0.5267,0.5271,0.5264,0.5267,322706.0
1652113680000,0.5268,0.5272,0.5264,0.5271,315282.0
1652113740000,0.5271,0.5273,0.5263,0.5273,269943.0
1652113800000,0.5273,0.5281,0.5266,0.5266,493284.0
1652113860000,0.5267,0.5286,0.5266,0.5279,714215.0
1652113920000,0.5278,0.529,0.5275,0.5281,578758.0
1652113980000,0.5281,0.5285,0.5274,0.5276,471252.0
1652114040000,0.5276,0.5277,0.527,0.5272,408935.0
1652114100000,0.5272,0.5273,0.5262,0.5269,363361.0
1652114160000,0.5269,0.527,0.5255,0.526,521662.0
1652114220000,0.5259,0.5261,0.5244,0.5247,498092.0
1652114280000,0.5246,0.5247,0.5234,0.5246,668331.0
1652114340000,0.5246,0.5248,0.5224,0.5232,676340.0
1652114400000,0.5231,0.5241,0.5227,0.5233,512539.0
1652114460000,0.5233,0.5243,0.5227,0.5238,773547.0
1652114520000,0.5237,0.5238,0.521,0.5211,1007172.0
1652114580000,0.521,0.5219,0.5194,0.5195,2707242.12
1652114640000,0.5195,0.5204,0.5171,0.5189,3093602.0
1652114700000,0.5189,0.522,0.5185,0.5191,1474917.0
1652114760000,0.519,0.5216,0.519,0.5195,951665.0
1652114820000,0.5195,0.5203,0.5188,0.5196,1252499.0
1652114880000,0.5197,0.52,0.5182,0.5189,1465081.0
1652114940000,0.5189,0.5201,0.5176,0.5193,1205777.0
1652115000000,0.5193,0.5201,0.5174,0.5176,1081120.0
1652115060000,0.5175,0.5176,0.514,0.5143,3426661.65
1652115120000,0.5143,0.5153,0.5112,0.5112,4118008.92
1652115180000,0.5112,0.5142,0.5102,0.5111,3690394.34
1652115240000,0.511,0.5149,0.5102,0.5129,2196620.0
1652115300000,0.5128,0.5176,0.5128,0.5171,1601213.0
1652115360000,0.5172,0.5172,0.5148,0.5151,827521.0
1652115420000,0.5151,0.5152,0.5132,0.5132,1013388.0
1652115480000,0.5133,0.5142,0.512,0.5135,1745404.0
1652115540000,0.5135,0.5156,0.513,0.5147,1609492.0
1652115600000,0.5147,0.5151,0.512,0.5133,1443093.0
1652115660000,0.5133,0.5149,0.5118,0.514,2038984.0
1652115720000,0.514,0.5159,0.5137,0.5143,1160701.0
1652115780000,0.5143,0.5144,0.5122,0.5132,764377.0
1652115840000,0.5132,0.5138,0.51,0.5109,2075402.0
1652115900000,0.5109,0.5129,0.505,0.5055,3266124.18
1652115960000,0.5051,0.5078,0.502,0.506,5603763.94
1652116020000,0.506,0.5116,0.5043,0.5113,4804070.0
1652116080000,0.5114,0.5132,0.5101,0.5122,2568789.0
1652116140000,0.5122,0.5128,0.511,0.5114,1366429.0
1652116200000,0.5114,0.5135,0.5108,0.5108,1374495.0
1652116260000,0.5108,0.5112,0.5072,0.5099,2372207.0
1652116320000,0.5099,0.5134,0.5098,0.5112,1501340.0
1652116380000,0.5112,0.5126,0.5105,0.5114,1170989.0
1652116440000,0.5113,0.5116,0.5101,0.511,747344.0
1652116500000,0.5109,0.5116,0.5099,0.5116,658033.0
1652116560000,0.5115,0.5146,0.5112,0.5136,1378926.0
1652116620000,0.5135,0.5145,0.5119,0.5141,1246637.0
1652116680000,0.5141,0.5163,0.5139,0.5157,1200366.0
1652116740000,0.5156,0.5197,0.5152,0.519,1979405.0
1652116800000,0.519,0.519,0.5167,0.5175,963422.0
1652116860000,0.5176,0.5206,0.5172,0.5199,1144526.0
1652116920000,0.5199,0.5199,0.5186,0.5188,582365.0
1652116980000,0.5188,0.5198,0.518,0.5186,532609.0
1652117040000,0.5185,0.5191,0.5171,0.5177,605834.0
1652117100000,0.5176,0.5187,0.5169,0.5185,688501.0
1652117160000,0.5186,0.5186,0.5172,0.5174,388839.0
1652117220000,0.5173,0.5197,0.5172,0.5197,1066298.0
1652117280000,0.5197,0.5199,0.518,0.5181,631062.0
1652117340000,0.5181,0.5198,0.5181,0.5194,687505.0
1652117400000,0.5194,0.5199,0.5188,0.5195,724874.0
1652117460000,0.5194,0.5209,0.5192,0.5209,550320.0
1652117520000,0.5209,0.5228,0.5205,0.5221,974252.0
1652117580000,0.522,0.522,0.5204,0.5207,882231.0
1652117640000,0.5206,0.5211,0.519,0.519,930936.0
1652117700000,0.519,0.5195,0.5172,0.5178,1713693.0
1652117760000,0.5178,0.5191,0.5174,0.5185,1209248.0
1652117820000,0.5184,0.5204,0.5181,0.5195,615712.0
1652117880000,0.5195,0.52,0.5191,0.5194,345104.0
1652117940000,0.5194,0.5205,0.5192,0.5202,443143.0
1652118000000,0.5201,0.5205,0.5195,0.5202,410883.0
1652118060000,0.5202,0.5213,0.5199,0.5206,498296.0
1652118120000,0.5206,0.5215,0.5204,0.5211,517930.0
1652118180000,0.5212,0.5226,0.521,0.5215,707401.0
1652118240000,0.5216,0.5221,0.5214,0.5217,254697.0
1652118300000,0.5218,0.5219,0.5199,0.5201,342543.0
1652118360000,0.52,0.52,0.519,0.5192,302693.0
1652118420000,0.5191,0.52,0.5188,0.5197,260057.0
1652118480000,0.5198,0.5201,0.5187,0.5187,257217.0
1652118540000,0.5187,0.5187,0.5174,0.5174,292958.0
1652118600000,0.5174,0.5182,0.5169,0.518,351328.0
1652118660000,0.518,0.518,0.5162,0.5167,587674.0
1652118720000,0.5167,0.517,0.5154,0.516,954448.0
1652118780000,0.5159,0.5159,0.5137,0.5145,1467934.0
1652118840000,0.5145,0.516,0.5131,0.5141,1189891.0
1652118900000,0.5141,0.5154,0.5138,0.5149,718575.0
1652118960000,0.5149,0.5166,0.5149,0.5158,509236.0
1652119020000,0.5159,0.5183,0.5155,0.5161,903599.0
1652119080000,0.5164,0.5164,0.5149,0.5156,505233.0
1652119140000,0.5157,0.5157,0.514,0.5144,391039.0
1652119200000,0.5145,0.5147,0.513,0.5141,1209514.0
1652119260000,0.5142,0.5152,0.5141,0.5145,591465.0
1652119320000,0.5144,0.5161,0.5144,0.5149,773631.0
1652119380000,0.5149,0.5151,0.5141,0.5142,665555.0
1652119440000,0.5142,0.5144,0.5133,0.5136,487832.0
1652119500000,0.5136,0.5151,0.5136,0.5144,370418.0
1652119560000,0.5144,0.5146,0.513,0.5131,341103.0
1652119620000,0.513,0.5134,0.5121,0.5124,524868.0
1652119680000,0.5124,0.5126,0.5112,0.5113,386541.0
1652119740000,0.5113,0.5124,0.5108,0.5121,464014.0
1652119800000,0.512,0.5122,0.5104,0.5104,1003379.0
1652119860000,0.5105,0.5117,0.5102,0.5104,695288.0
1652119920000,0.5102,0.5108,0.5096,0.5103,1228112.0
1652119980000,0.5104,0.5114,0.51,0.5107,538511.0
1652120040000,0.5107,0.5109,0.5094,0.5098,814599.0
1652120100000,0.5097,0.5117,0.5094,0.5112,704881.0
1652120160000,0.5111,0.5121,0.5111,0.5114,431553.0
1652120220000,0.5114,0.5122,0.5109,0.5109,807931.0
1652120280000,0.5109,0.5117,0.5102,0.5115,546600.0
1652120340000,0.5115,0.5117,0.5105,0.5111,521318.0
1652120400000,0.511,0.5114,0.5087,0.509,593557.0
1652120460000,0.5089,0.5089,0.5046,0.5061,4484541.0
1652120520000,0.506,0.5062,0.5008,0.5039,2505545.78
1652120580000,0.5039,0.504,0.5007,0.5035,1982247.0
1652120640000,0.5034,0.5041,0.5015,0.5034,1319003.0
1652120700000,0.5033,0.5045,0.5018,0.5045,1659588.0
1652120760000,0.5045,0.5061,0.5021,0.5035,1527380.0
1652120820000,0.5035,0.5043,0.5026,0.5026,612717.0
1652120880000,0.5027,0.5032,0.5016,0.5027,613284.0
1652120940000,0.5026,0.5043,0.5019,0.5023,972033.0
1652121000000,0.5023,0.5033,0.5013,0.5033,968075.0
1652121060000,0.5031,0.5038,0.5016,0.5016,925459.0
1652121120000,0.5016,0.502,0.5,0.5004,1673073.7
1652121180000,0.5003,0.5005,0.4976,0.4992,4524499.9
1652121240000,0.4991,0.5041,0.4986,0.5029,2084277.0
1652121300000,0.5029,0.5034,0.5009,0.5011,2356608.0
1652121360000,0.5012,0.5022,0.499,0.4996,1210152.0
1652121420000,0.4996,0.501,0.4987,0.4997,1600677.0
1652121480000,0.4996,0.5008,0.4989,0.4997,1216993.0
1652121540000,0.4997,0.4997,0.4945,0.4949,2213072.0
1652121600000,0.4949,0.4954,0.4919,0.4928,2999518.0
1652121660000,0.4927,0.495,0.4922,0.4923,1476517.0
1652121720000,0.4922,0.4927,0.4877,0.4881,2799651.81
1652121780000,0.4881,0.4887,0.47,0.4745,9559884.05
1652121840000,0.4731,0.4778,0.4726,0.4729,8342407.0
1652121900000,0.473,0.4813,0.4729,0.4803,5513452.0
1652121960000,0.4803,0.4862,0.4801,0.485,3382035.0
1652122020000,0.485,0.4891,0.4848,0.4879,2451309.0
1652122080000,0.488,0.4954,0.4878,0.4932,2908343.0
1652122140000,0.4931,0.4931,0.4881,0.4896,2172807.0
1652122200000,0.4897,0.4901,0.4872,0.4879,1324935.0
1652122260000,0.4879,0.4935,0.4869,0.4928,2107057.0
1652122320000,0.4928,0.4964,0.4927,0.4951,2061615.0
1652122380000,0.4951,0.4955,0.4912,0.4921,1243777.0
1652122440000,0.4921,0.4941,0.4916,0.492,1202381.0
1652122500000,0.4916,0.4932,0.4913,0.4929,1010048.0
1652122560000,0.4929,0.4951,0.4913,0.4946,1562092.0
1652122620000,0.4945,0.4952,0.492,0.492,1136839.0
1652122680000,0.4921,0.4924,0.4894,0.4896,1306535.0
1652122740000,0.4895,0.4903,0.4853,0.4861,3649131.0
1652122800000,0.4861,0.4879,0.4836,0.4879,2218558.0
1652122860000,0.4879,0.4921,0.4879,0.4904,1528975.0
1652122920000,0.4905,0.4905,0.4881,0.4887,1463463.0
1652122980000,0.4886,0.4899,0.4872,0.4872,1301755.0
1652123040000,0.4871,0.4871,0.4856,0.4862,1264832.0
1652123100000,0.4863,0.4883,0.4831,0.4842,3004064.0
1652123160000,0.4841,0.4871,0.484,0.4863,1155776.0
1652123220000,0.4864,0.4883,0.4864,0.4875,955323.0
1652123280000,0.4876,0.4879,0.4869,0.487,1056099.0
1652123340000,0.487,0.487,0.4845,0.4854,855703.0
1652123400000,0.4853,0.488,0.4849,0.4876,948859.0
1652123460000,0.4876,0.4925,0.4874,0.4897,2161096.0
1652123520000,0.4896,0.4907,0.4888,0.4905,1002752.0
1652123580000,0.4905,0.4921,0.49,0.4911,804362.0
1652123640000,0.4911,0.4912,0.4896,0.491,487714.0
1652123700000,0.491,0.4935,0.4909,0.4923,1024283.0
1652123760000,0.4924,0.4924,0.4894,0.4899,1097315.0
1652123820000,0.4898,0.4898,0.488,0.4885,625947.0
1652123880000,0.4885,0.4899,0.4876,0.4888,941674.0
1652123940000,0.4888,0.4897,0.4886,0.4888,617064.0
1652124000000,0.4888,0.4896,0.4865,0.4873,1605094.0
1652124060000,0.4873,0.4873,0.4858,0.486,418383.0
1652124120000,0.486,0.4882,0.4857,0.4857,703092.0
1652124180000,0.4857,0.4867,0.4853,0.4862,629153.0
1652124240000,0.4862,0.4864,0.4852,0.4859,623288.0
1652124300000,0.4859,0.4872,0.4854,0.4872,675073.0
1652124360000,0.4873,0.4889,0.4869,0.487,621169.0
1652124420000,0.4869,0.4872,0.4858,0.4866,420550.0
1652124480000,0.4865,0.4872,0.4861,0.4863,477595.0
1652124540000,0.4862,0.4862,0.484,0.4856,1230445.0
1652124600000,0.4856,0.4878,0.4846,0.4876,1389768.0
1652124660000,0.4875,0.4878,0.4846,0.4854,1405436.0
1652124720000,0.4854,0.4854,0.4826,0.4829,1649399.0
1652124780000,0.4828,0.4856,0.4821,0.4844,1105275.0
1652124840000,0.4842,0.4843,0.4825,0.4834,658348.0
1652124900000,0.4834,0.4836,0.4796,0.4806,1666535.0
1652124960000,0.4807,0.4818,0.4793,0.4818,1066922.0
1652125020000,0.4819,0.4851,0.4819,0.4846,1040017.0
1652125080000,0.4847,0.4847,0.4833,0.4839,879471.0
1652125140000,0.484,0.4866,0.4837,0.4862,840724.0
1652125200000,0.4861,0.4866,0.4844,0.4851,2363669.0
1652125260000,0.4851,0.4865,0.485,0.4857,501355.0
1652125320000,0.4856,0.4856,0.483,0.4832,554519.0
1652125380000,0.4831,0.4833,0.4807,0.4813,1307242.0
1652125440000,0.4813,0.4823,0.48,0.4815,1209137.0
1652125500000,0.4814,0.4822,0.4801,0.4805,744618.0
1652125560000,0.4806,0.4808,0.4772,0.478,1294932.0
1652125620000,0.478,0.4792,0.4776,0.4791,685190.0
1652125680000,0.4791,0.4804,0.4784,0.4795,1027190.0
1652125740000,0.4794,0.4799,0.4788,0.4799,546496.0
1652125800000,0.4798,0.48,0.478,0.4792,859603.0
1652125860000,0.4792,0.4795,0.4771,0.4778,1214646.0
1652125920000,0.4777,0.4813,0.4772,0.4807,1100643.0
1652125980000,0.4808,0.4828,0.4799,0.4827,1113717.0
1652126040000,0.4828,0.4836,0.482,0.4821,1054146.0
1652126100000,0.4821,0.4891,0.4821,0.4886,1532171.0
1652126160000,0.4886,0.4886,0.4873,0.4879,701571.0
1652126220000,0.488,0.4913,0.488,0.4913,1187899.0
1652126280000,0.4913,0.4915,0.4883,0.4905,1076809.0
1652126340000,0.4904,0.491,0.4881,0.4889,846628.0
1652126400000,0.489,0.4929,0.4884,0.4926,959834.0
1652126460000,0.4924,0.4967,0.4921,0.4943,1905130.0
1652126520000,0.4946,0.4951,0.4932,0.4939,976300.0
1652126580000,0.494,0.4972,0.494,0.4972,710161.0
1652126640000,0.4972,0.4985,0.4959,0.4974,1135895.0
1652126700000,0.4975,0.4975,0.4957,0.4963,659592.0
1652126760000,0.4964,0.5,0.4959,0.4994,921524.0
1652126820000,0.4994,0.503,0.499,0.5022,1528496.0
1652126880000,0.5023,0.5024,0.4995,0.4998,1195357.0
1652126940000,0.4998,0.5036,0.4996,0.5029,1066671.0
1652127000000,0.503,0.5055,0.5022,0.5039,1452065.0
1652127060000,0.5038,0.5089,0.5037,0.507,1750974.0
1652127120000,0.507,0.5083,0.5063,0.5075,737142.0
1652127180000,0.5076,0.5124,0.5073,0.5118,1413276.0
1652127240000,0.5119,0.5135,0.5102,0.5129,1146553.0
1652127300000,0.5128,0.5133,0.5078,0.5086,1263640.0
1652127360000,0.5087,0.5097,0.5062,0.5064,651973.0
1652127420000,0.5064,0.5088,0.5061,0.5063,596268.0
1652127480000,0.5062,0.5067,0.5036,0.5044,896248.0
1652127540000,0.5043,0.5056,0.5038,0.5043,695496.0
1652127600000,0.5044,0.5075,0.5043,0.5074,910099.0
1652127660000,0.5075,0.5076,0.5046,0.505,861765.0
1652127720000,0.505,0.507,0.5049,0.5067,665568.0
1652127780000,0.5067,0.5073,0.5046,0.5056,706194.0
1652127840000,0.5056,0.5073,0.5055,0.507,417146.0
1652127900000,0.5071,0.5096,0.5067,0.5093,649061.0
1652127960000,0.5093,0.5103,0.5086,0.5091,481347.0
1652128020000,0.5091,0.5105,0.5083,0.5085,651438.0
1652128080000,0.5084,0.5084,0.5063,0.5068,532210.0
1652128140000,0.5068,0.5071,0.5052,0.5058,526675.0
1652128200000,0.5058,0.5076,0.5053,0.5057,1030909.0
1652128260000,0.5058,0.5058,0.5026,0.503,778384.0
1652128320000,0.503,0.5038,0.503,0.5035,335064.0
1652128380000,0.5035,0.5052,0.5034,0.5045,351301.0
1652128440000,0.5046,0.5048,0.5039,0.5046,368870.0
1652128500000,0.5046,0.5051,0.5026,0.5032,670197.0
1652128560000,0.5032,0.504,0.5031,0.5036,397490.0
1652128620000,0.5036,0.5045,0.5025,0.5026,636382.0
1652128680000,0.5026,0.5027,0.4986,0.4988,1091527.0
1652128740000,0.4989,0.5003,0.4985,0.4987,640871.0
1652128800000,0.4985,0.4997,0.4981,0.4983,561928.0
1652128860000,0.4983,0.4984,0.497,0.4975,891461.0
1652128920000,0.4976,0.5,0.4974,0.4992,324163.0
1652128980000,0.4993,0.5005,0.4992,0.4996,468654.0
1652129040000,0.4996,0.4996,0.496,0.4966,1183806.0
1652129100000,0.4967,0.4976,0.4944,0.4962,1358743.0
1652129160000,0.4963,0.4978,0.4954,0.4978,638211.0
1652129220000,0.4977,0.4998,0.497,0.4992,762167.0
1652129280000,0.4991,0.4994,0.4969,0.498,464639.0
1652129340000,0.498,0.5,0.498,0.4994,598160.0
1652129400000,0.4995,0.4997,0.4985,0.4989,364088.0
1652129460000,0.4988,0.501,0.4985,0.5006,553079.0
1652129520000,0.5006,0.5032,0.5004,0.5016,730278.0
1652129580000,0.5014,0.504,0.501,0.504,826867.0
1652129640000,0.5037,0.5054,0.5036,0.5045,675239.0
1652129700000,0.5046,0.5046,0.5018,0.5031,885533.0
1652129760000,0.5032,0.5041,0.503,0.5031,242850.0
1652129820000,0.5032,0.5037,0.5018,0.5029,598196.0
1652129880000,0.5027,0.5032,0.5022,0.5027,415857.0
1652129940000,0.5028,0.5037,0.5015,0.5019,1151977.0
1652130000000,0.5018,0.5025,0.5001,0.5021,964652.0
1652130060000,0.5023,0.5035,0.5021,0.503,421177.0
1652130120000,0.5031,0.5037,0.5013,0.5013,362416.0
1652130180000,0.5012,0.5017,0.4993,0.4997,583360.0
1652130240000,0.4996,0.5019,0.4995,0.5007,589928.0
1652130300000,0.5008,0.5019,0.5001,0.5017,568177.0
1652130360000,0.5017,0.5028,0.5014,0.5027,407484.0
1652130420000,0.5027,0.5028,0.5018,0.5028,361397.0
1652130480000,0.5029,0.5043,0.5022,0.5042,541160.0
1652130540000,0.504,0.5064,0.504,0.5058,836971.0
1652130600000,0.5058,0.5064,0.5044,0.5044,431376.0
1652130660000,0.5044,0.5058,0.5042,0.505,614621.0
1652130720000,0.5049,0.5049,0.504,0.5041,405683.0
1652130780000,0.504,0.5052,0.5037,0.5045,298942.0
1652130840000,0.5045,0.505,0.5039,0.5045,432555.0
1652130900000,0.5045,0.5055,0.5045,0.5055,390210.0
1652130960000,0.5056,0.5064,0.5055,0.5058,290948.0
1652131020000,0.5057,0.506,0.5047,0.505,385663.0
1652131080000,0.5049,0.5054,0.504,0.5041,233229.0
1652131140000,0.5042,0.5047,0.5034,0.5036,122301.0
1652131200000,0.5037,0.504,0.5024,0.5028,509817.0
1652131260000,0.5028,0.5038,0.5027,0.5027,370097.0
1652131320000,0.5029,0.5039,0.5028,0.5036,346110.0
1652131380000,0.5037,0.5044,0.5031,0.5043,241565.0
1652131440000,0.5042,0.5048,0.5037,0.5046,186675.0
1652131500000,0.5045,0.5048,0.5042,0.5047,235238.0
1652131560000,0.5047,0.5062,0.5047,0.5059,128100.0
1652131620000,0.5058,0.5075,0.5057,0.5074,185528.0
1652131680000,0.5074,0.5075,0.5064,0.5065,156814.0
1652131740000,0.5065,0.5067,0.5064,0.5066,76471.0
1652131800000,0.5065,0.5067,0.5064,0.5066,71964.0
1652131860000,0.5067,0.5067,0.5064,0.5066,132617.0
1652131920000,0.5066,0.5066,0.5043,0.5045,353832.0
1652131980000,0.5045,0.5045,0.5041,0.5044,160821.0
1652132040000,0.5044,0.5052,0.5043,0.5052,119451.0
1652132100000,0.5052,0.5055,0.5048,0.505,90023.0
1652132160000,0.505,0.5056,0.5049,0.5056,73489.0
1652132220000,0.5056,0.5061,0.5055,0.506,124439.0
1652132280000,0.5061,0.5068,0.5061,0.5063,104438.0
1652132340000,0.5062,0.5063,0.5056,0.5061,122123.0
1652132400000,0.5061,0.5061,0.5051,0.5052,130837.0
1652132460000,0.5052,0.5054,0.505,0.5053,69010.0
1652132520000,0.5053,0.5065,0.5053,0.5065,176175.0
1652132580000,0.5064,0.5092,0.5064,0.5092,260156.0
1652132640000,0.5092,0.5097,0.508,0.5088,245442.0
1652132700000,0.5089,0.5097,0.5086,0.5086,162117.0
1652132760000,0.5086,0.5089,0.5083,0.5084,175140.0
1652132820000,0.5084,0.5087,0.5066,0.5067,288535.0
1652132880000,0.5068,0.5069,0.5062,0.5064,151420.0
1652132940000,0.5065,0.5088,0.5065,0.5084,220745.0
1652133000000,0.5085,0.5086,0.5074,0.5081,100557.0
1652133060000,0.5082,0.5083,0.507,0.5074,264957.0
1652133120000,0.5075,0.5075,0.5056,0.5056,187578.0
1652133180000,0.5056,0.5059,0.504,0.5041,282440.0
1652133240000,0.504,0.5046,0.5018,0.5019,296397.0
1652133300000,0.5018,0.5022,0.5008,0.5013,303760.0
1652133360000,0.5012,0.5013,0.4972,0.4977,1124331.0
1652133420000,0.4977,0.4989,0.497,0.4984,861621.0
1652133480000,0.4983,0.5015,0.497,0.5005,794341.0
1652133540000,0.5005,0.5006,0.4978,0.4988,555189.0
1652133600000,0.499,0.502,0.4987,0.5015,716192.0
1652133660000,0.5014,0.5014,0.4984,0.4986,481716.0
1652133720000,0.4987,0.5001,0.4976,0.4981,524888.0
1652133780000,0.4981,0.5016,0.4976,0.5011,570923.0
1652133840000,0.501,0.5023,0.4997,0.5005,508954.0
1652133900000,0.5006,0.5026,0.5002,0.5022,571212.0
1652133960000,0.5021,0.5051,0.5021,0.5046,612811.0
1652134020000,0.5046,0.5047,0.5024,0.5035,472682.0
1652134080000,0.5033,0.5046,0.5031,0.5041,555362.0
1652134140000,0.5041,0.5109,0.5039,0.5071,2826303.0
1652134200000,0.5071,0.5075,0.5062,0.507,681103.0
1652134260000,0.507,0.5104,0.5069,0.5103,740849.0
1652134320000,0.5103,0.5113,0.5098,0.5105,987549.0
1652134380000,0.5105,0.5114,0.5095,0.5095,641355.0
1652134440000,0.5094,0.5095,0.5071,0.5076,745628.0
1652134500000,0.5076,0.5102,0.5074,0.5097,507565.0
1652134560000,0.5098,0.5103,0.5073,0.5074,539935.0
1652134620000,0.5074,0.5095,0.5065,0.5092,756325.0
1652134680000,0.5092,0.5117,0.5085,0.5106,700221.0
1652134740000,0.5106,0.5109,0.5097,0.5099,277825.0
1652134800000,0.51,0.5101,0.5084,0.5084,210532.0
1652134860000,0.5085,0.5098,0.5084,0.5086,222240.0
1652134920000,0.5086,0.5092,0.5068,0.5074,462750.0
1652134980000,0.5073,0.5073,0.5055,0.5066,763387.0
1652135040000,0.5066,0.508,0.5064,0.5075,537535.0
1652135100000,0.5075,0.5075,0.5061,0.5063,346616.0
1652135160000,0.5063,0.5069,0.5058,0.5063,507115.0
1652135220000,0.5062,0.5062,0.505,0.506,538852.0
1652135280000,0.5061,0.5065,0.505,0.5052,619881.0
1652135340000,0.5052,0.506,0.505,0.5058,516426.0
1652135400000,0.5058,0.5077,0.5058,0.5077,404151.0
1652135460000,0.5078,0.5092,0.5075,0.5083,377588.0
1652135520000,0.5082,0.5083,0.5075,0.5079,208952.0
1652135580000,0.5079,0.5096,0.5079,0.5092,288254.0
1652135640000,0.5092,0.5098,0.5087,0.5093,240464.0
1652135700000,0.5093,0.5093,0.5086,0.5089,213637.0
1652135760000,0.509,0.5103,0.509,0.5098,419889.0
1652135820000,0.5098,0.5102,0.5087,0.5088,540847.0
1652135880000,0.5087,0.5092,0.508,0.5082,282285.0
1652135940000,0.5082,0.5089,0.5082,0.5084,169566.0
1652136000000,0.5084,0.5087,0.5079,0.5079,469246.0
1652136060000,0.5079,0.5082,0.5064,0.5071,584169.0
1652136120000,0.5071,0.5084,0.507,0.5084,201723.0
1652136180000,0.5082,0.5095,0.5082,0.5086,489822.0
1652136240000,0.5087,0.5093,0.5074,0.5076,525691.0
1652136300000,0.5077,0.5088,0.5072,0.5088,252948.0
1652136360000,0.5089,0.5099,0.5081,0.5083,350757.0
1652136420000,0.5082,0.5082,0.505,0.5053,965465.0
1652136480000,0.5052,0.5065,0.5047,0.5065,477199.0
1652136540000,0.5065,0.5092,0.5064,0.5091,365961.0
1652136600000,0.5091,0.5092,0.5077,0.5079,360989.0
1652136660000,0.508,0.5084,0.5063,0.5066,327820.0
1652136720000,0.5066,0.5078,0.5061,0.507,352911.0
1652136780000,0.507,0.5072,0.5055,0.5055,687921.0
1652136840000,0.5057,0.5073,0.5051,0.5062,267105.0
1652136900000,0.506,0.5061,0.5052,0.5053,144825.0
1652136960000,0.5053,0.5054,0.5043,0.5047,144148.0
1652137020000,0.5047,0.505,0.5032,0.5038,501249.0
1652137080000,0.5038,0.5049,0.5035,0.5035,260798.0
1652137140000,0.5035,0.505,0.5035,0.504,392700.0
1652137200000,0.504,0.5082,0.5037,0.5067,2025687.0
1652137260000,0.5067,0.5076,0.5063,0.507,936943.0
1652137320000,0.5069,0.5082,0.5068,0.5081,343227.0
1652137380000,0.5081,0.5084,0.5077,0.5081,343618.0
1652137440000,0.5082,0.5083,0.5071,0.5071,205374.0
1652137500000,0.5072,0.5072,0.5041,0.5042,690426.0
1652137560000,0.5042,0.5045,0.5038,0.504,620631.0
1652137620000,0.504,0.5055,0.5035,0.5055,503615.0
1652137680000,0.5055,0.5065,0.5052,0.5054,422472.0
1652137740000,0.5054,0.5063,0.5036,0.504,230411.0
1652137800000,0.504,0.5042,0.502,0.502,494465.0
1652137860000,0.5019,0.5048,0.5014,0.5023,1933387.0
1652137920000,0.5023,0.503,0.5014,0.5018,850292.0
1652137980000,0.5017,0.5038,0.5016,0.503,471192.0
1652138040000,0.5029,0.5029,0.5015,0.5018,312881.0
1652138100000,0.5019,0.5027,0.5012,0.5012,561007.0
1652138160000,0.5011,0.5019,0.5,0.5004,585550.0
1652138220000,0.5003,0.5022,0.4992,0.5018,500261.0
1652138280000,0.502,0.502,0.4996,0.4997,550513.0
1652138340000,0.4997,0.5,0.4982,0.4983,386977.0
1652138400000,0.4985,0.4998,0.4985,0.4991,462549.0
1652138460000,0.4992,0.4994,0.497,0.4975,661653.0
1652138520000,0.4974,0.4975,0.495,0.495,673162.0
1652138580000,0.4951,0.4967,0.495,0.4967,435168.0
1652138640000,0.4966,0.497,0.4951,0.4957,443449.0
1652138700000,0.4958,0.4996,0.4958,0.4992,474226.0
1652138760000,0.4993,0.5,0.4973,0.4975,536130.0
1652138820000,0.4975,0.4979,0.4968,0.497,612019.0
1652138880000,0.4971,0.4975,0.4934,0.4956,1196963.0
1652138940000,0.4954,0.4974,0.4944,0.4944,638462.0
1652139000000,0.4945,0.4954,0.4937,0.4952,657236.0
1652139060000,0.4952,0.4966,0.4947,0.4956,783425.0
1652139120000,0.4955,0.496,0.4941,0.4957,1500264.0
1652139180000,0.4957,0.4966,0.495,0.495,405867.0
1652139240000,0.495,0.4953,0.4936,0.494,225695.0
1652139300000,0.4944,0.4968,0.4944,0.4961,640948.0
1652139360000,0.4962,0.4968,0.4954,0.4968,978684.0
1652139420000,0.4967,0.4969,0.4951,0.4956,588402.0
1652139480000,0.4955,0.4958,0.4941,0.4945,684666.0
1652139540000,0.4945,0.4948,0.4929,0.4929,700195.0
1652139600000,0.4929,0.4933,0.4908,0.4918,710376.0
1652139660000,0.4919,0.4924,0.491,0.4919,532219.0
1652139720000,0.4921,0.4924,0.4904,0.4924,732421.0
1652139780000,0.4923,0.4923,0.4903,0.4903,417283.0
1652139840000,0.4904,0.4908,0.4877,0.4888,1141312.0
1652139900000,0.4887,0.4941,0.4887,0.494,1817929.0
1652139960000,0.4939,0.4954,0.4918,0.4927,1403092.0
1652140020000,0.493,0.4938,0.4914,0.4922,1117827.0
1652140080000,0.4922,0.4942,0.4914,0.4914,526699.0
1652140140000,0.4914,0.4932,0.4903,0.4917,594529.0
1652140200000,0.4919,0.4953,0.4916,0.4942,839734.0
1652140260000,0.4942,0.4944,0.4926,0.4933,499714.0
1652140320000,0.4932,0.4939,0.492,0.4939,632302.0
1652140380000,0.494,0.4957,0.4935,0.4949,642438.0
1652140440000,0.4949,0.4965,0.4949,0.4951,664640.0
1652140500000,0.495,0.4961,0.493,0.4935,541001.0
1652140560000,0.4935,0.4935,0.4918,0.492,427538.0
1652140620000,0.4921,0.4921,0.4882,0.4882,1815659.0
1652140680000,0.4883,0.4903,0.4853,0.4887,1689797.0
1652140740000,0.4887,0.49,0.4858,0.4873,1392086.0
1652140800000,0.4872,0.4912,0.4871,0.4893,2212088.0
1652140860000,0.4894,0.4899,0.4858,0.4883,1897559.0
1652140920000,0.4881,0.4952,0.4881,0.4925,2782958.0
1652140980000,0.4925,0.4929,0.4892,0.4901,2117782.0
1652141040000,0.49,0.49,0.4883,0.4883,1080841.0
1652141100000,0.4885,0.4902,0.4861,0.487,1562814.0
1652141160000,0.487,0.4884,0.486,0.4873,1076733.0
1652141220000,0.4873,0.488,0.4856,0.4865,1772643.0
1652141280000,0.4864,0.4871,0.4834,0.4836,1559744.0
1652141340000,0.4836,0.4862,0.4831,0.4834,1459713.0
1652141400000,0.4834,0.4834,0.479,0.4794,2675369.0
1652141460000,0.4793,0.4861,0.4792,0.4841,4075103.0
1652141520000,0.4839,0.4845,0.4813,0.4825,2295979.0
1652141580000,0.4825,0.4865,0.4805,0.485,2211670.0
1652141640000,0.485,0.4904,0.4839,0.4889,2903745.0
1652141700000,0.4889,0.489,0.4857,0.4885,2316757.0
1652141760000,0.4884,0.4888,0.4855,0.4876,1801146.0
1652141820000,0.4875,0.4887,0.4843,0.4844,1589698.0
1652141880000,0.4844,0.4867,0.4829,0.4834,2217295.0
1652141940000,0.4833,0.4838,0.4816,0.4829,1470565.0
1652142000000,0.4828,0.4828,0.4803,0.4816,1715208.0
1652142060000,0.4816,0.4839,0.4806,0.4816,1664630.0
1652142120000,0.4816,0.4829,0.4804,0.4821,1271175.0
1652142180000,0.4821,0.485,0.4798,0.4844,1400962.0
1652142240000,0.4845,0.4861,0.481,0.4816,2061258.0
1652142300000,0.4818,0.4837,0.4807,0.4826,1505262.0
1652142360000,0.4826,0.4835,0.4797,0.4804,1760391.0
1652142420000,0.4804,0.4807,0.4757,0.4762,1908026.0
1652142480000,0.4762,0.4787,0.4738,0.4748,2410492.0
1652142540000,0.4746,0.4762,0.4733,0.4753,2382280.0
1652142600000,0.4752,0.4782,0.4739,0.4745,2926175.0
1652142660000,0.4745,0.4755,0.4725,0.4737,1286922.0
1652142720000,0.4738,0.4768,0.4722,0.4758,2071847.0
1652142780000,0.4758,0.4781,0.4738,0.4754,1620899.0
1652142840000,0.4753,0.478,0.4746,0.4771,1393058.0
1652142900000,0.4772,0.4805,0.477,0.478,3763288.0
1652142960000,0.4782,0.4829,0.4781,0.4822,1847614.0
1652143020000,0.4824,0.4844,0.4819,0.4821,1350454.0
1652143080000,0.4822,0.4845,0.4815,0.4843,1069937.0
1652143140000,0.4842,0.4868,0.4834,0.4856,1785539.0
1652143200000,0.4856,0.4891,0.4853,0.4876,1604325.0
1652143260000,0.4876,0.489,0.4865,0.4866,1071351.0
1652143320000,0.4866,0.4916,0.4861,0.4903,1479411.0
1652143380000,0.4903,0.4962,0.4902,0.4947,3304128.0
1652143440000,0.4948,0.4989,0.4948,0.4986,2174687.0
1652143500000,0.4985,0.4985,0.4937,0.4964,2131081.0
1652143560000,0.4964,0.504,0.4964,0.5008,4573643.0
1652143620000,0.5007,0.5037,0.4997,0.5017,4032400.0
1652143680000,0.5015,0.504,0.4977,0.4994,2202683.0
1652143740000,0.4992,0.4992,0.4967,0.4977,1520574.0
1652143800000,0.4977,0.4989,0.4958,0.4976,1538150.0
1652143860000,0.4976,0.4976,0.4935,0.4941,1425768.0
1652143920000,0.4941,0.4956,0.4934,0.4936,688556.0
1652143980000,0.4936,0.4946,0.4924,0.4942,868142.0
1652144040000,0.4942,0.4949,0.4915,0.492,1734916.0
1652144100000,0.4921,0.4944,0.4908,0.4937,1598363.0
1652144160000,0.4937,0.4952,0.4922,0.4946,1059132.0
1652144220000,0.4946,0.4971,0.4934,0.4958,1115331.0
1652144280000,0.4959,0.4975,0.4953,0.4969,914852.0
1652144340000,0.497,0.499,0.4963,0.4984,674748.0
1652144400000,0.4985,0.4988,0.497,0.4981,709355.0
1652144460000,0.4979,0.4981,0.4964,0.4979,968775.0
1652144520000,0.4977,0.4989,0.4968,0.4988,1502672.0
1652144580000,0.4987,0.5025,0.4986,0.5018,1300000.0
1652144640000,0.5018,0.5025,0.5006,0.5022,1127882.0
1652144700000,0.5021,0.5068,0.5019,0.5068,3023459.0
1652144760000,0.5066,0.5092,0.5059,0.5075,1942376.0
1652144820000,0.5075,0.5085,0.5041,0.5045,2306080.0
1652144880000,0.5043,0.5055,0.5034,0.5049,1257106.0
1652144940000,0.505,0.507,0.5046,0.5063,1485117.0
1652145000000,0.5063,0.5065,0.5046,0.5051,1417024.0
1652145060000,0.5051,0.5066,0.5043,0.5058,1390906.0
1652145120000,0.5057,0.5064,0.5042,0.5048,857545.0
1652145180000,0.5048,0.5053,0.504,0.5049,1196707.0
1652145240000,0.5049,0.5057,0.5037,0.5042,1608797.0
1652145300000,0.5041,0.5079,0.5037,0.5058,985995.0
1652145360000,0.5057,0.5057,0.5034,0.5049,1061856.0
1652145420000,0.5049,0.5057,0.5018,0.5029,2279408.0
1652145480000,0.5029,0.5029,0.4994,0.4997,2077006.0
1652145540000,0.4997,0.5008,0.4982,0.5008,1263369.0
1652145600000,0.5008,0.5027,0.499,0.5012,1344670.0
1652145660000,0.5012,0.5018,0.5001,0.5005,847483.0
1652145720000,0.5004,0.503,0.5002,0.5019,637433.0
1652145780000,0.5019,0.5038,0.5016,0.5017,1159935.0
1652145840000,0.5017,0.5029,0.5015,0.5026,838862.0
1652145900000,0.5026,0.5044,0.5026,0.5038,923398.0
1652145960000,0.5037,0.5059,0.5036,0.5054,1102875.0
1652146020000,0.5054,0.5058,0.5041,0.5053,700923.0
1652146080000,0.5054,0.507,0.505,0.5069,1110696.0
1652146140000,0.507,0.5085,0.5069,0.5075,1957183.0
1652146200000,0.5075,0.5075,0.5049,0.5052,990451.0
1652146260000,0.5052,0.5053,0.504,0.5049,927906.0
1652146320000,0.5049,0.5052,0.5021,0.5025,891106.0
1652146380000,0.5025,0.5042,0.5014,0.5021,1567238.0
1652146440000,0.502,0.5037,0.5015,0.5032,758863.0
1652146500000,0.5033,0.5035,0.5018,0.502,705711.0
1652146560000,0.502,0.5025,0.5003,0.5018,846064.0
1652146620000,0.502,0.5026,0.5,0.5006,1126548.0
1652146680000,0.5005,0.5016,0.5,0.5007,928121.0
1652146740000,0.5006,0.5016,0.4996,0.5016,1175332.0
1652146800000,0.5016,0.5027,0.5012,0.5012,730537.0
1652146860000,0.5012,0.5014,0.4988,0.4991,1094397.0
1652146920000,0.499,0.5012,0.499,0.5009,1345851.0
1652146980000,0.5009,0.5017,0.4999,0.5001,881776.0
1652147040000,0.5,0.5029,0.5,0.5026,1432048.0
1652147100000,0.5026,0.5027,0.5005,0.5005,498401.0
1652147160000,0.5005,0.5034,0.5005,0.5028,851664.0
1652147220000,0.5029,0.5035,0.5025,0.5034,1055526.0
1652147280000,0.5034,0.5044,0.5007,0.5008,770304.0
1652147340000,0.5006,0.501,0.4995,0.5003,565689.0
1652147400000,0.5003,0.5018,0.5001,0.5018,730397.0
1652147460000,0.5017,0.5034,0.5016,0.5034,565211.0
1652147520000,0.5034,0.5049,0.5024,0.5045,1106194.0
1652147580000,0.5046,0.5049,0.5029,0.5042,1685082.0
1652147640000,0.5041,0.505,0.5032,0.5044,942018.0
1652147700000,0.5044,0.5048,0.5029,0.5031,1095580.0
1652147760000,0.5031,0.505,0.5031,0.5044,803428.0
1652147820000,0.5044,0.5049,0.5027,0.5035,1259505.0
1652147880000,0.5034,0.5037,0.5017,0.5021,809685.0
1652147940000,0.502,0.502,0.4996,0.4999,1217830.0
1652148000000,0.4999,0.501,0.4996,0.5004,940942.0
1652148060000,0.5004,0.5004,0.4996,0.4999,646002.0
1652148120000,0.4999,0.5003,0.4991,0.4991,497347.0
1652148180000,0.4992,0.4996,0.4955,0.4959,2591723.0
1652148240000,0.4958,0.4984,0.4954,0.4976,2626443.0
1652148300000,0.4977,0.4995,0.4977,0.4989,732205.0
1652148360000,0.499,0.5,0.4977,0.4999,635681.0
1652148420000,0.5,0.5002,0.499,0.4991,1094897.0
1652148480000,0.4991,0.4992,0.4969,0.4975,597517.0
1652148540000,0.4975,0.4986,0.4971,0.4983,589945.0
1652148600000,0.4983,0.5005,0.4983,0.499,791221.0
1652148660000,0.499,0.4999,0.4978,0.4991,1120233.0
1652148720000,0.4991,0.5005,0.4984,0.5001,938641.0
1652148780000,0.5002,0.5007,0.4988,0.4998,1515017.0
1652148840000,0.4998,0.501,0.4977,0.5009,1161215.0
1652148900000,0.5009,0.5009,0.4988,0.4989,2018050.0
1652148960000,0.4988,0.4998,0.4988,0.4995,526924.0
1652149020000,0.4995,0.5016,0.4995,0.5011,900531.0
1652149080000,0.5011,0.5031,0.5011,0.503,1116295.0
1652149140000,0.5028,0.5033,0.5021,0.5028,674977.0
1652149200000,0.5029,0.5031,0.5015,0.5015,764996.0
1652149260000,0.5015,0.5016,0.5002,0.5013,965331.0
1652149320000,0.5012,0.5014,0.4991,0.4992,908387.0
1652149380000,0.4992,0.4998,0.4983,0.4995,832224.0
1652149440000,0.4994,0.5026,0.4994,0.5021,889373.0
1652149500000,0.5021,0.504,0.5018,0.503,975870.0
1652149560000,0.5031,0.5043,0.5031,0.5039,673510.0
1652149620000,0.504,0.5053,0.5039,0.5051,1498560.0
1652149680000,0.5052,0.5062,0.5039,0.5043,2027513.0
1652149740000,0.5042,0.5044,0.503,0.5041,597117.0
1652149800000,0.5039,0.5039,0.5023,0.5026,747715.0
1652149860000,0.5026,0.5034,0.5017,0.503,1073549.0
1652149920000,0.503,0.5033,0.5019,0.5029,966595.0
1652149980000,0.5029,0.5029,0.501,0.5017,1009766.0
1652150040000,0.5017,0.5017,0.5004,0.5007,609814.0
1652150100000,0.5007,0.5024,0.5007,0.5024,1079949.0
1652150160000,0.5023,0.5023,0.5011,0.5017,621860.0
1652150220000,0.5018,0.5031,0.5018,0.5026,709926.0
1652150280000,0.5027,0.5043,0.5027,0.5041,1131876.0
1652150340000,0.5041,0.5057,0.5041,0.5056,837993.0
1652150400000,0.5057,0.506,0.5046,0.5049,1111908.0
1652150460000,0.505,0.5067,0.5047,0.5064,1797680.0
1652150520000,0.5064,0.508,0.506,0.507,1257611.0
1652150580000,0.507,0.5078,0.5062,0.5076,1128177.0
1652150640000,0.5075,0.5076,0.506,0.5071,525559.0
1652150700000,0.5072,0.5074,0.5053,0.5058,830640.0
1652150760000,0.5059,0.507,0.5053,0.5065,887114.0
1652150820000,0.5065,0.507,0.506,0.5062,809915.0
1652150880000,0.5062,0.5079,0.5057,0.5078,1026693.0
1652150940000,0.5078,0.5089,0.5072,0.5074,793016.0
1652151000000,0.5077,0.508,0.5052,0.5052,1033320.0
1652151060000,0.5051,0.5076,0.5047,0.5076,865955.0
1652151120000,0.5076,0.5083,0.5065,0.5072,1055883.0
1652151180000,0.5072,0.5075,0.5053,0.5054,1518859.0
1652151240000,0.5055,0.5062,0.505,0.5052,879998.0
1652151300000,0.5052,0.5057,0.5043,0.5044,924733.0
1652151360000,0.5044,0.5059,0.5036,0.5059,691072.0
1652151420000,0.5059,0.5059,0.5042,0.5042,619530.0
1652151480000,0.5043,0.5052,0.5037,0.5041,1360244.0
1652151540000,0.5041,0.5041,0.5028,0.5039,344925.0
1652151600000,0.5038,0.504,0.5029,0.5034,746689.0
1652151660000,0.5033,0.504,0.503,0.5039,349930.0
1652151720000,0.504,0.5057,0.504,0.5054,541223.0
1652151780000,0.5053,0.5063,0.505,0.5055,635874.0
1652151840000,0.5055,0.5064,0.5044,0.5044,1117938.0
1652151900000,0.5043,0.5043,0.5022,0.5029,588135.0
1652151960000,0.503,0.5048,0.503,0.5041,719101.0
1652152020000,0.5041,0.5057,0.5038,0.5043,823042.0
1652152080000,0.5043,0.5054,0.5033,0.5039,686597.0
1652152140000,0.5039,0.5056,0.5034,0.5055,788818.0
1652152200000,0.5055,0.5058,0.5042,0.5047,658507.0
1652152260000,0.5046,0.505,0.5038,0.5042,639581.0
1652152320000,0.5042,0.5043,0.503,0.5037,930695.0
1652152380000,0.5037,0.505,0.503,0.5047,628532.0
1652152440000,0.5048,0.5051,0.5032,0.5034,1477162.0
1652152500000,0.5035,0.5048,0.5028,0.5041,1043293.0
1652152560000,0.5041,0.5041,0.5026,0.5027,820233.0
1652152620000,0.5027,0.5036,0.5024,0.5034,837513.0
1652152680000,0.5034,0.5038,0.5014,0.5019,1920788.0
1652152740000,0.5019,0.5027,0.5012,0.5019,797541.0
1652152800000,0.502,0.5036,0.5016,0.5025,587656.0
1652152860000,0.5025,0.503,0.501,0.5015,965581.0
1652152920000,0.5015,0.5016,0.5003,0.5016,1497425.0
1652152980000,0.5015,0.5017,0.5006,0.5009,554625.0
1652153040000,0.5009,0.5015,0.5005,0.501,561789.0
1652153100000,0.501,0.503,0.501,0.502,987683.0
1652153160000,0.502,0.5034,0.5019,0.5023,755357.0
1652153220000,0.5023,0.5034,0.5015,0.5034,791036.0
1652153280000,0.5034,0.5043,0.5016,0.5022,904363.0
1652153340000,0.5021,0.5023,0.5005,0.5011,721164.0
1652153400000,0.501,0.5016,0.5002,0.5014,1057014.0
1652153460000,0.5014,0.5023,0.5013,0.5018,559704.0
1652153520000,0.5018,0.5019,0.5005,0.5005,539630.0
1652153580000,0.5005,0.5017,0.5005,0.5011,412349.0
1652153640000,0.5011,0.5014,0.5003,0.5006,615469.0
1652153700000,0.5006,0.5015,0.5002,0.5014,542228.0
1652153760000,0.5014,0.5035,0.5008,0.5033,931987.0
1652153820000,0.5032,0.5041,0.503,0.5035,615504.0
1652153880000,0.5035,0.5048,0.5034,0.504,555794.0
1652153940000,0.504,0.5047,0.5028,0.503,752616.0
1652154000000,0.503,0.5045,0.5026,0.5043,844971.0
1652154060000,0.5043,0.5051,0.5019,0.5022,940837.0
1652154120000,0.5021,0.5025,0.5006,0.5014,1736850.0
1652154180000,0.5014,0.5016,0.5002,0.5002,1416341.0
1652154240000,0.5004,0.5017,0.5001,0.5011,332365.0
1652154300000,0.5011,0.5027,0.4999,0.5025,1364522.0
1652154360000,0.5026,0.5035,0.5026,0.5034,380726.0
1652154420000,0.5033,0.5033,0.5019,0.5023,257440.0
1652154480000,0.5022,0.5024,0.5001,0.5005,494498.0
1652154540000,0.5004,0.5015,0.4998,0.5005,731325.0
1652154600000,0.5006,0.5011,0.5,0.5007,622350.0
1652154660000,0.5008,0.5011,0.4993,0.4995,626829.0
1652154720000,0.4994,0.5004,0.4992,0.4992,1050915.0
1652154780000,0.4992,0.5001,0.4988,0.4995,527151.0
1652154840000,0.4995,0.5006,0.4987,0.4995,1054170.0
1652154900000,0.4996,0.5007,0.4995,0.5003,519179.0
1652154960000,0.5003,0.5005,0.4995,0.4998,540889.0
1652155020000,0.4997,0.5008,0.4991,0.5005,622988.0
1652155080000,0.5005,0.5006,0.4996,0.5004,546398.0
1652155140000,0.5003,0.5004,0.4986,0.4988,1051450.0
1652155200000,0.4988,0.4998,0.4976,0.4982,1155361.0
1652155260000,0.4982,0.5003,0.4974,0.5,748499.0
1652155320000,0.5001,0.5018,0.5001,0.5013,798270.0
1652155380000,0.5013,0.5019,0.5012,0.5017,465762.0
1652155440000,0.5017,0.5032,0.5017,0.5025,945805.0
1652155500000,0.5025,0.5033,0.5012,0.5019,794843.0
1652155560000,0.502,0.5051,0.5018,0.5043,870399.0
1652155620000,0.5044,0.5047,0.5032,0.5034,972223.0
1652155680000,0.5034,0.5052,0.5034,0.5052,639566.0
1652155740000,0.5052,0.5066,0.505,0.5058,1032622.0
1652155800000,0.506,0.5065,0.505,0.5051,619178.0
1652155860000,0.5052,0.5058,0.5042,0.5042,833291.0
1652155920000,0.5043,0.5048,0.5035,0.5036,328810.0
1652155980000,0.5036,0.5042,0.5025,0.5029,622124.0
1652156040000,0.5028,0.5032,0.5015,0.5016,311978.0
1652156100000,0.5015,0.5034,0.5009,0.5031,800079.0
1652156160000,0.5031,0.5034,0.5025,0.5029,842289.0
1652156220000,0.5029,0.5048,0.5029,0.5035,916327.0
1652156280000,0.5035,0.5036,0.5021,0.5028,373369.0
1652156340000,0.5027,0.5045,0.5019,0.5045,630463.0
1652156400000,0.5046,0.5049,0.5035,0.5039,480704.0
1652156460000,0.5039,0.5057,0.5039,0.5044,444638.0
1652156520000,0.5044,0.5048,0.504,0.5047,449394.0
1652156580000,0.5047,0.5058,0.504,0.5056,588931.0
1652156640000,0.5056,0.5056,0.5042,0.5043,345558.0
1652156700000,0.5043,0.5055,0.5038,0.5053,519730.0
1652156760000,0.5054,0.5064,0.5051,0.5058,432085.0
1652156820000,0.5058,0.5061,0.5053,0.5056,534291.0
1652156880000,0.5056,0.5058,0.5051,0.5056,235007.0
1652156940000,0.5056,0.5065,0.505,0.5057,680929.0
1652157000000,0.5057,0.5064,0.5042,0.5064,813324.0
1652157060000,0.5065,0.5081,0.5064,0.5073,517746.0
1652157120000,0.5073,0.5075,0.5064,0.5069,879086.0
1652157180000,0.507,0.5086,0.5069,0.5083,272948.0
1652157240000,0.5083,0.5099,0.5083,0.5087,1144685.0
1652157300000,0.5086,0.5096,0.5076,0.5095,1654043.0
1652157360000,0.5096,0.5097,0.5089,0.509,638968.0
1652157420000,0.509,0.5098,0.5084,0.5098,1052296.0
1652157480000,0.5097,0.51,0.5091,0.5099,446780.0
1652157540000,0.5099,0.5102,0.5094,0.5097,1011951.0
1652157600000,0.5097,0.5104,0.5091,0.5102,652338.0
1652157660000,0.5103,0.5111,0.51,0.5102,453554.0
1652157720000,0.5102,0.5103,0.5083,0.5089,672732.0
1652157780000,0.5089,0.5099,0.5082,0.5099,905699.0
1652157840000,0.5099,0.51,0.5085,0.5087,675090.0
1652157900000,0.5087,0.5087,0.5075,0.5081,988538.0
1652157960000,0.5082,0.5091,0.5082,0.5091,321314.0
1652158020000,0.5091,0.5092,0.5077,0.5078,433786.0
1652158080000,0.5078,0.5093,0.5075,0.5087,637497.0
1652158140000,0.5086,0.5092,0.508,0.5089,845510.0
1652158200000,0.5089,0.5098,0.5085,0.5093,942107.0
1652158260000,0.5093,0.5094,0.5089,0.5091,336184.0
1652158320000,0.5091,0.5108,0.509,0.5093,1039006.0
1652158380000,0.5092,0.5093,0.508,0.5082,889012.0
1652158440000,0.5081,0.5085,0.5074,0.5074,645168.0
1652158500000,0.5074,0.5084,0.5069,0.508,1184705.0
1652158560000,0.508,0.5094,0.508,0.5088,697920.0
1652158620000,0.5089,0.5112,0.5089,0.5095,1034250.0
1652158680000,0.5094,0.5098,0.509,0.5092,1176241.0
1652158740000,0.5092,0.5095,0.5083,0.5089,615273.0
1652158800000,0.5088,0.5101,0.5085,0.51,533718.0
1652158860000,0.5099,0.5111,0.5098,0.5109,358490.0
1652158920000,0.5108,0.5122,0.5108,0.5118,452039.0
1652158980000,0.5116,0.5131,0.5114,0.5123,417155.0
1652159040000,0.5123,0.5124,0.511,0.512,916856.0
1652159100000,0.512,0.5134,0.5112,0.5115,839852.0
1652159160000,0.5114,0.5125,0.5113,0.5121,445368.0
1652159220000,0.5121,0.5129,0.5117,0.5126,1102044.0
1652159280000,0.5126,0.5138,0.5123,0.5125,958798.0
1652159340000,0.5124,0.5136,0.512,0.5121,744186.0
1652159400000,0.512,0.5125,0.5113,0.5121,310137.0
1652159460000,0.5122,0.5122,0.5113,0.5122,499991.0
1652159520000,0.5122,0.5126,0.5114,0.5115,412145.0
1652159580000,0.5115,0.512,0.5109,0.5113,324854.0
1652159640000,0.5112,0.5124,0.511,0.5123,219070.0
1652159700000,0.5124,0.5126,0.5115,0.5118,731308.0
1652159760000,0.5118,0.5118,0.5111,0.5112,509152.0
1652159820000,0.5112,0.5113,0.5104,0.5105,265313.0
1652159880000,0.5104,0.5113,0.5101,0.5113,476778.0
1652159940000,0.5113,0.5119,0.5113,0.5116,290960.0
1652160000000,0.5116,0.5117,0.5101,0.5103,318596.0
1652160060000,0.5104,0.5105,0.5092,0.5097,751683.0
1652160120000,0.5097,0.5097,0.5092,0.5094,254664.0
1652160180000,0.5094,0.5098,0.5091,0.5091,340740.0
1652160240000,0.5091,0.5096,0.509,0.5094,314249.0
1652160300000,0.5095,0.5101,0.509,0.5101,556271.0
1652160360000,0.5101,0.5109,0.51,0.5103,366052.0
1652160420000,0.5104,0.5111,0.5104,0.5108,379051.0
1652160480000,0.5109,0.5117,0.5103,0.5104,832950.0
1652160540000,0.5103,0.5106,0.5097,0.5104,363295.0
1652160600000,0.5104,0.511,0.51,0.5101,497908.0
1652160660000,0.5101,0.5114,0.5099,0.5113,474337.0
1652160720000,0.5113,0.5117,0.5111,0.5112,352263.0
1652160780000,0.5113,0.5123,0.511,0.5123,567915.0
1652160840000,0.5123,0.5139,0.5122,0.5139,935888.0
1652160900000,0.5139,0.5181,0.5139,0.5167,1429783.0
1652160960000,0.5168,0.5194,0.5166,0.519,800832.0
1652161020000,0.5189,0.5192,0.5167,0.5169,1083514.0
1652161080000,0.5169,0.5179,0.5166,0.5169,541785.0
1652161140000,0.517,0.5183,0.5167,0.5179,409837.0
1652161200000,0.5179,0.5179,0.5157,0.5161,511254.0
1652161260000,0.5161,0.5166,0.5142,0.5147,1623619.0
1652161320000,0.5146,0.5154,0.5143,0.5144,409595.0
1652161380000,0.5144,0.5149,0.5138,0.5148,587956.0
1652161440000,0.5147,0.5173,0.5147,0.5172,792497.0
1652161500000,0.5173,0.518,0.5165,0.5178,807655.0
1652161560000,0.5179,0.5212,0.5179,0.5206,891911.0
1652161620000,0.5207,0.5232,0.5205,0.5232,821863.0
1652161680000,0.5231,0.5231,0.5212,0.5219,1192885.0
1652161740000,0.5218,0.5219,0.5207,0.5207,772089.0
1652161800000,0.5207,0.5216,0.5202,0.5205,801397.0
1652161860000,0.5205,0.5206,0.5187,0.519,1984811.0
1652161920000,0.519,0.519,0.5166,0.518,907906.0
1652161980000,0.5181,0.519,0.518,0.5186,778078.0
1652162040000,0.5185,0.5186,0.5164,0.5166,1284130.0
1652162100000,0.5167,0.5185,0.5165,0.5179,675163.0
1652162160000,0.518,0.5186,0.5173,0.5181,1596161.0
1652162220000,0.5186,0.5193,0.5181,0.5185,817881.0
1652162280000,0.5185,0.5185,0.5178,0.5181,1048823.0
1652162340000,0.5182,0.5202,0.518,0.5194,866608.0
1652162400000,0.5194,0.5198,0.5187,0.5192,1026141.0
1652162460000,0.5192,0.5213,0.5192,0.5206,1328688.0
1652162520000,0.5206,0.5211,0.5201,0.5201,1297075.0
1652162580000,0.5201,0.522,0.5201,0.5212,782293.0
1652162640000,0.5211,0.5221,0.5211,0.5219,365105.0
1652162700000,0.5218,0.5252,0.5216,0.5248,1694993.0
1652162760000,0.5248,0.5255,0.5231,0.5242,1142375.0
1652162820000,0.5243,0.526,0.5238,0.5251,1095452.0
1652162880000,0.5251,0.5276,0.5248,0.5275,827027.0
1652162940000,0.5274,0.5281,0.5244,0.5249,1661406.0
1652163000000,0.5248,0.5256,0.5236,0.524,1358065.0
1652163060000,0.524,0.5264,0.523,0.5262,1299737.0
1652163120000,0.5262,0.5279,0.5259,0.5273,1085612.0
1652163180000,0.5272,0.5274,0.5255,0.5268,826904.0
1652163240000,0.5267,0.5292,0.5267,0.5291,968880.0
1652163300000,0.5291,0.5296,0.527,0.5286,1239688.0
1652163360000,0.5287,0.5306,0.5278,0.5295,1332477.0
1652163420000,0.5295,0.5307,0.5295,0.5299,920559.0
1652163480000,0.5298,0.5311,0.5295,0.5303,1248072.0
1652163540000,0.5303,0.5303,0.528,0.5283,702747.0
1652163600000,0.5283,0.5287,0.5265,0.5271,471876.0
1652163660000,0.5271,0.5273,0.5258,0.5264,596512.0
1652163720000,0.5263,0.529,0.5263,0.529,593204.0
1652163780000,0.5291,0.5306,0.5283,0.5305,773281.0
1652163840000,0.5304,0.5305,0.5297,0.5302,827179.0
1652163900000,0.5303,0.5303,0.5281,0.5285,1034299.0
1652163960000,0.5286,0.5304,0.5286,0.5294,872717.0
1652164020000,0.5295,0.531,0.5295,0.5308,740043.0
1652164080000,0.5308,0.5329,0.5305,0.5323,1121000.0
1652164140000,0.5323,0.5323,0.5303,0.5306,1170291.0
1652164200000,0.5307,0.5309,0.53,0.53,477676.0
1652164260000,0.5301,0.5301,0.5283,0.5285,750124.0
1652164320000,0.5285,0.5298,0.5278,0.5291,890738.0
1652164380000,0.5291,0.5314,0.5291,0.5314,805175.0
1652164440000,0.5314,0.5321,0.5307,0.5307,710288.0
1652164500000,0.5306,0.5318,0.53,0.5315,882850.0
1652164560000,0.5315,0.5325,0.5308,0.5324,1603063.0
1652164620000,0.5324,0.5329,0.5318,0.5328,694293.0
1652164680000,0.5328,0.5344,0.5328,0.534,1106482.0
1652164740000,0.534,0.5347,0.5333,0.5341,1419936.0
1652164800000,0.5341,0.5341,0.5318,0.5326,1190262.0
1652164860000,0.5326,0.5331,0.5311,0.5318,641003.0
1652164920000,0.5318,0.5323,0.5306,0.5322,394406.0
1652164980000,0.5322,0.534,0.5317,0.5336,670392.0
1652165040000,0.5336,0.5346,0.5333,0.5342,717072.0
1652165100000,0.5341,0.5341,0.531,0.5315,990405.0
1652165160000,0.5315,0.533,0.5315,0.5327,591159.0
1652165220000,0.5327,0.5327,0.5314,0.5316,846045.0
1652165280000,0.5317,0.5323,0.5301,0.531,789493.0
1652165340000,0.531,0.531,0.5286,0.5294,1146943.0
1652165400000,0.5294,0.5299,0.5283,0.5291,881644.0
1652165460000,0.529,0.529,0.5268,0.5278,1278991.0
1652165520000,0.5277,0.5296,0.5277,0.5296,397462.0
1652165580000,0.5296,0.5309,0.5296,0.5308,447323.0
1652165640000,0.5308,0.5308,0.5276,0.5278,334058.0
1652165700000,0.5278,0.5286,0.5273,0.5273,503616.0
1652165760000,0.5273,0.5279,0.5262,0.5264,673780.0
1652165820000,0.5263,0.5275,0.5261,0.5275,656996.0
1652165880000,0.5275,0.528,0.5271,0.5276,798079.0
1652165940000,0.5277,0.5277,0.5261,0.5262,818176.0
1652166000000,0.5262,0.5286,0.5262,0.5282,578702.0
1652166060000,0.5282,0.5283,0.5274,0.5274,738434.0
1652166120000,0.5275,0.528,0.5267,0.5274,617875.0
1652166180000,0.5274,0.5288,0.5266,0.5284,743590.0
1652166240000,0.5285,0.5291,0.5282,0.529,161954.0
1652166300000,0.529,0.5293,0.528,0.5289,656306.0
1652166360000,0.529,0.529,0.5271,0.5271,441253.0
1652166420000,0.5271,0.5279,0.5265,0.5274,970964.0
1652166480000,0.5275,0.5279,0.5265,0.5266,406269.0
1652166540000,0.5265,0.5265,0.5243,0.5245,571483.0
1652166600000,0.5245,0.5246,0.5224,0.5229,524386.0
1652166660000,0.5231,0.5237,0.5216,0.522,667390.0
1652166720000,0.522,0.5236,0.5217,0.5228,1301789.0
1652166780000,0.5228,0.5233,0.522,0.5232,349713.0
1652166840000,0.5231,0.5246,0.5227,0.5244,457897.0
1652166900000,0.5244,0.5263,0.5242,0.5253,557173.0
1652166960000,0.5252,0.5256,0.5229,0.5232,373421.0
1652167020000,0.5232,0.525,0.5232,0.525,294362.0
1652167080000,0.525,0.525,0.5226,0.5228,524436.0
1652167140000,0.5229,0.5243,0.5222,0.5225,782582.0
1652167200000,0.5225,0.5248,0.5225,0.5243,652558.0
1652167260000,0.5244,0.5255,0.5243,0.5251,405097.0
1652167320000,0.5251,0.5253,0.5239,0.5253,278214.0
1652167380000,0.5253,0.5256,0.5241,0.5243,688877.0
1652167440000,0.5243,0.5243,0.5218,0.5234,784841.0
1652167500000,0.5234,0.5241,0.5232,0.5238,568493.0
1652167560000,0.5238,0.5246,0.5234,0.5245,517662.0
1652167620000,0.5246,0.5247,0.5236,0.5238,704688.0
1652167680000,0.5239,0.5239,0.5228,0.5236,729577.0
1652167740000,0.5237,0.524,0.5227,0.5227,288920.0
1652167800000,0.5227,0.5227,0.5211,0.5218,985089.0
1652167860000,0.5218,0.5221,0.5215,0.5221,595564.0
1652167920000,0.5222,0.5228,0.5221,0.5222,313814.0
1652167980000,0.5222,0.5225,0.5208,0.5216,673663.0
1652168040000,0.5216,0.5223,0.521,0.5219,501200.0
1652168100000,0.522,0.5221,0.5214,0.5215,329857.0
1652168160000,0.5215,0.5225,0.5211,0.5213,596470.0
1652168220000,0.5214,0.5223,0.5213,0.5219,335664.0
1652168280000,0.5218,0.523,0.5217,0.5222,598612.0
1652168340000,0.5221,0.5233,0.5221,0.5225,471433.0
1652168400000,0.5226,0.5234,0.5221,0.5223,601484.0
1652168460000,0.5224,0.5226,0.5205,0.5209,415280.0
1652168520000,0.5208,0.521,0.5199,0.5203,771649.0
1652168580000,0.5203,0.5205,0.5197,0.5201,407976.0
1652168640000,0.5199,0.52,0.5186,0.5191,517573.0
1652168700000,0.5192,0.5201,0.5175,0.5197,2166524.0
1652168760000,0.5197,0.5201,0.519,0.5191,254352.0
1652168820000,0.5191,0.5191,0.5178,0.518,540248.0
1652168880000,0.518,0.5186,0.5172,0.5184,1232579.0
1652168940000,0.5184,0.5196,0.5183,0.5189,656624.0
1652169000000,0.5189,0.5198,0.5189,0.5195,486712.0
1652169060000,0.5195,0.5205,0.5194,0.5204,526503.0
1652169120000,0.5205,0.5206,0.519,0.5193,313959.0
1652169180000,0.5192,0.5196,0.5188,0.5191,523037.0
1652169240000,0.5191,0.5191,0.5177,0.5181,1036958.0
1652169300000,0.5181,0.5187,0.5174,0.5184,785637.0
1652169360000,0.5184,0.519,0.5182,0.5182,370181.0
1652169420000,0.5181,0.519,0.518,0.5182,617883.0
1652169480000,0.5181,0.5181,0.5172,0.5173,416113.0
1652169540000,0.5172,0.5175,0.5164,0.5164,670832.0
1652169600000,0.5164,0.5174,0.5164,0.5165,634460.0
1652169660000,0.5166,0.518,0.5166,0.5178,552029.0
1652169720000,0.5179,0.518,0.5174,0.518,167046.0
1652169780000,0.518,0.5194,0.518,0.5186,535274.0
1652169840000,0.5187,0.5187,0.5173,0.5176,715700.0
1652169900000,0.5176,0.5183,0.5169,0.517,1023585.0
1652169960000,0.5169,0.5169,0.515,0.5152,1278112.0
1652170020000,0.5153,0.5164,0.5147,0.5164,1934874.0
1652170080000,0.5164,0.5174,0.5161,0.5164,597360.0
1652170140000,0.5164,0.5176,0.5164,0.5175,334124.0
1652170200000,0.5176,0.5188,0.5172,0.5186,760583.0
1652170260000,0.5185,0.5189,0.518,0.5182,538977.0
1652170320000,0.5183,0.5187,0.5176,0.5183,821706.0
1652170380000,0.5183,0.5183,0.5163,0.5165,978445.0
1652170440000,0.5166,0.5169,0.5163,0.5163,231784.0
1652170500000,0.5163,0.519,0.5163,0.519,862851.0
1652170560000,0.519,0.5197,0.5188,0.5193,1042755.0
1652170620000,0.5192,0.5193,0.5184,0.5188,733338.0
1652170680000,0.5188,0.5204,0.5188,0.5198,587211.0
1652170740000,0.5198,0.5204,0.5197,0.5202,182248.0
1652170800000,0.5201,0.5223,0.5199,0.5209,991647.0
1652170860000,0.521,0.5217,0.5189,0.519,1091630.0
1652170920000,0.5189,0.5198,0.5182,0.5195,499185.0
1652170980000,0.5195,0.5199,0.5192,0.5193,185557.0
1652171040000,0.5193,0.5197,0.5187,0.5193,369506.0
1652171100000,0.5192,0.5195,0.5187,0.5192,610255.0
1652171160000,0.5192,0.5205,0.5192,0.5202,620777.0
1652171220000,0.5202,0.5212,0.5202,0.5212,592505.0
1652171280000,0.5211,0.5221,0.521,0.5212,380205.0
1652171340000,0.5212,0.5223,0.521,0.5218,308151.0
1652171400000,0.5217,0.5239,0.5216,0.5234,679842.0
1652171460000,0.5233,0.5235,0.5228,0.5228,440385.0
1652171520000,0.5227,0.5229,0.522,0.5221,499929.0
1652171580000,0.522,0.522,0.5198,0.5201,442410.0
1652171640000,0.52,0.5213,0.5197,0.5206,546225.0
1652171700000,0.5205,0.5223,0.5205,0.5217,700793.0
1652171760000,0.5217,0.5229,0.5217,0.5219,681087.0
1652171820000,0.5218,0.5218,0.5206,0.5216,605862.0
1652171880000,0.5216,0.5224,0.5213,0.5224,442909.0
1652171940000,0.5224,0.5226,0.5215,0.5225,346570.0
1652172000000,0.5225,0.5226,0.5216,0.5218,276921.0
1652172060000,0.5218,0.5225,0.5216,0.522,753662.0
1652172120000,0.5219,0.5227,0.5219,0.5227,203883.0
1652172180000,0.5228,0.5235,0.5215,0.5216,1025882.0
1652172240000,0.5215,0.5233,0.5215,0.5226,605564.0
1652172300000,0.5227,0.5237,0.5224,0.5224,493292.0
1652172360000,0.5223,0.5223,0.5197,0.5206,834278.0
1652172420000,0.5206,0.5218,0.5204,0.5217,398898.0
1652172480000,0.5217,0.5231,0.5214,0.5214,934572.0
1652172540000,0.5214,0.5216,0.5196,0.5201,366034.0
1652172600000,0.5204,0.5214,0.5202,0.5208,438672.0
1652172660000,0.5208,0.521,0.5201,0.5204,604833.0
1652172720000,0.5204,0.5213,0.5202,0.5206,442975.0
1652172780000,0.5206,0.5212,0.5191,0.5202,492988.0
1652172840000,0.5202,0.5214,0.5198,0.521,778359.0
1652172900000,0.5209,0.522,0.5208,0.5218,164773.0
1652172960000,0.5219,0.5224,0.5218,0.5219,165284.0
1652173020000,0.5219,0.5228,0.5217,0.5224,472071.0
1652173080000,0.5223,0.5229,0.5222,0.5228,271301.0
1652173140000,0.5228,0.5232,0.5214,0.5217,418827.0
1652173200000,0.5217,0.5227,0.5217,0.5227,342517.0
1652173260000,0.5227,0.5232,0.5226,0.523,156025.0
1652173320000,0.5229,0.5229,0.5215,0.5221,598589.0
1652173380000,0.522,0.5227,0.5211,0.5212,409663.0
1652173440000,0.5209,0.521,0.5201,0.5207,745498.0
1652173500000,0.5208,0.5217,0.5206,0.521,400986.0
1652173560000,0.521,0.5214,0.5205,0.5205,174732.0
1652173620000,0.5205,0.5217,0.5205,0.5207,495406.0
1652173680000,0.5207,0.5211,0.5206,0.5207,180748.0
1652173740000,0.5207,0.5218,0.5204,0.5211,1427438.0
1652173800000,0.5212,0.5225,0.5211,0.5222,297640.0
1652173860000,0.5221,0.5229,0.522,0.5229,243862.0
1652173920000,0.5229,0.5232,0.5219,0.5228,901373.0
1652173980000,0.5228,0.523,0.5225,0.5229,447570.0
1652174040000,0.5229,0.523,0.5224,0.5226,232010.0
1652174100000,0.5227,0.5239,0.5227,0.5233,619452.0
1652174160000,0.5232,0.5235,0.523,0.5232,85290.0
1652174220000,0.5231,0.5236,0.522,0.5221,437431.0
1652174280000,0.5221,0.5224,0.5215,0.5216,116985.0
1652174340000,0.5216,0.5224,0.5216,0.5224,117285.0
1652174400000,0.5223,0.5226,0.5203,0.5205,869961.0
1652174460000,0.5205,0.5208,0.5193,0.5194,485647.0
1652174520000,0.5193,0.5197,0.5175,0.5179,944574.0
1652174580000,0.5178,0.5194,0.5178,0.5191,373079.0
1652174640000,0.5192,0.5195,0.5175,0.518,612153.0
1652174700000,0.5177,0.5187,0.5173,0.5175,606375.0
1652174760000,0.5174,0.5186,0.5174,0.5181,483759.0
1652174820000,0.5181,0.5182,0.5172,0.5176,902246.0
1652174880000,0.5176,0.518,0.5162,0.5169,960698.0
1652174940000,0.5168,0.5174,0.5162,0.5169,741055.0
1652175000000,0.5168,0.5181,0.5168,0.5173,699465.0
1652175060000,0.5174,0.5175,0.5159,0.516,625491.0
1652175120000,0.516,0.5165,0.5155,0.5162,680328.0
1652175180000,0.5163,0.5166,0.5153,0.5154,548282.0
1652175240000,0.5154,0.5165,0.5154,0.5162,535120.0
1652175300000,0.5163,0.5173,0.5162,0.5166,707230.0
1652175360000,0.5166,0.518,0.516,0.5172,793781.0
1652175420000,0.5174,0.5189,0.5174,0.5185,412898.0
1652175480000,0.5184,0.5184,0.5172,0.518,504595.0
1652175540000,0.518,0.5182,0.5172,0.518,415480.0
1652175600000,0.518,0.5194,0.518,0.519,425273.0
1652175660000,0.519,0.5191,0.5182,0.519,163982.0
1652175720000,0.519,0.5198,0.5189,0.5193,633084.0
1652175780000,0.5194,0.5194,0.5171,0.5173,518687.0
1652175840000,0.5172,0.5177,0.517,0.5174,490351.0
1652175900000,0.5174,0.5182,0.5167,0.5168,670734.0
1652175960000,0.5168,0.517,0.5162,0.5167,537769.0
1652176020000,0.5167,0.5177,0.5167,0.5177,262403.0
1652176080000,0.5174,0.5178,0.5171,0.5175,176965.0
1652176140000,0.5175,0.5194,0.5174,0.5189,482532.0
1652176200000,0.519,0.5194,0.5188,0.519,629171.0
1652176260000,0.5189,0.5191,0.5183,0.5186,323441.0
1652176320000,0.5185,0.5187,0.518,0.5183,517386.0
1652176380000,0.5183,0.5187,0.5182,0.5187,111948.0
1652176440000,0.5187,0.5189,0.5165,0.5166,624612.0
1652176500000,0.5165,0.5181,0.5164,0.518,297915.0
1652176560000,0.518,0.5184,0.5176,0.5178,302723.0
1652176620000,0.5178,0.5179,0.5165,0.517,261500.0
1652176680000,0.517,0.517,0.5161,0.5161,510509.0
1652176740000,0.5161,0.5163,0.5156,0.5159,443897.0
1652176800000,0.5159,0.5168,0.5156,0.5157,306735.0
1652176860000,0.5158,0.5166,0.5157,0.5162,313910.0
1652176920000,0.5162,0.5175,0.5159,0.5175,284864.0
1652176980000,0.5176,0.5183,0.5165,0.5166,793477.0
1652177040000,0.5166,0.5166,0.5144,0.5151,909753.0
1652177100000,0.5152,0.5169,0.5152,0.5166,453498.0
1652177160000,0.5166,0.5175,0.5166,0.5172,393999.0
1652177220000,0.5172,0.5174,0.5163,0.5165,269965.0
1652177280000,0.5165,0.5172,0.5156,0.5161,474561.0
1652177340000,0.516,0.517,0.516,0.5165,461242.0
1652177400000,0.5165,0.5179,0.5165,0.5174,353572.0
1652177460000,0.5174,0.5177,0.5165,0.517,356168.0
1652177520000,0.517,0.5173,0.5167,0.5169,481403.0
1652177580000,0.5168,0.5168,0.5158,0.5162,211150.0
1652177640000,0.5161,0.5164,0.5157,0.5163,433353.0
1652177700000,0.5163,0.5174,0.5163,0.5165,594894.0
1652177760000,0.5165,0.5165,0.515,0.5158,574638.0
1652177820000,0.5158,0.5174,0.5152,0.5172,606909.0
1652177880000,0.5173,0.5185,0.5172,0.5181,579753.0
1652177940000,0.5183,0.519,0.5178,0.5181,656470.0
1652178000000,0.518,0.519,0.5178,0.5178,705590.0
1652178060000,0.5179,0.5186,0.5179,0.5182,206379.0
1652178120000,0.5182,0.5192,0.5179,0.5187,327781.0
1652178180000,0.5187,0.5198,0.5184,0.5194,815003.0
1652178240000,0.5194,0.52,0.5189,0.5189,426457.0
1652178300000,0.5189,0.5194,0.5187,0.5192,134687.0
1652178360000,0.5192,0.5195,0.519,0.5192,121313.0
1652178420000,0.5193,0.5198,0.5192,0.5196,404648.0
1652178480000,0.5195,0.5197,0.5187,0.519,315985.0
1652178540000,0.519,0.5195,0.5185,0.5195,200483.0
1652178600000,0.5194,0.5205,0.5192,0.5196,681193.0
1652178660000,0.5195,0.5197,0.5188,0.5188,181347.0
1652178720000,0.5188,0.5189,0.5182,0.5188,564780.0
1652178780000,0.5188,0.519,0.5183,0.5188,232562.0
1652178840000,0.5189,0.519,0.5183,0.5184,229167.0
1652178900000,0.5183,0.5188,0.5179,0.5187,370960.0
1652178960000,0.5188,0.5198,0.5187,0.5187,534491.0
1652179020000,0.5187,0.5187,0.5172,0.5175,426098.0
1652179080000,0.5174,0.5178,0.517,0.5171,314269.0
1652179140000,0.5171,0.5176,0.5167,0.5176,395550.0
1652179200000,0.5176,0.5184,0.5174,0.5177,539240.0
1652179260000,0.5176,0.5185,0.5176,0.5179,354476.0
1652179320000,0.518,0.5182,0.5176,0.5181,184871.0
1652179380000,0.5181,0.5182,0.5176,0.5176,67245.0
1652179440000,0.5176,0.5181,0.5175,0.5178,147057.0
1652179500000,0.5179,0.5186,0.5174,0.5185,447783.0
1652179560000,0.5185,0.519,0.5185,0.5189,190128.0
1652179620000,0.519,0.5194,0.5186,0.5189,125795.0
1652179680000,0.5189,0.5192,0.5187,0.519,154444.0
1652179740000,0.519,0.5194,0.5184,0.5193,291553.0
1652179800000,0.5194,0.5203,0.5193,0.5203,319896.0
1652179860000,0.5202,0.5202,0.5191,0.5193,283731.0
1652179920000,0.5194,0.5197,0.5188,0.5188,381819.0
1652179980000,0.5187,0.5191,0.5186,0.5187,161673.0
1652180040000,0.5187,0.5189,0.5177,0.5183,1879537.0
1652180100000,0.5183,0.5195,0.5183,0.5195,202562.0
1652180160000,0.5194,0.5194,0.5184,0.5185,138594.0
1652180220000,0.5185,0.5192,0.5184,0.5185,330522.0
1652180280000,0.5185,0.5185,0.5176,0.518,205712.0
1652180340000,0.518,0.5192,0.518,0.5186,277426.0
1652180400000,0.5186,0.5195,0.5184,0.5191,489518.0
1652180460000,0.519,0.5199,0.519,0.5193,374529.0
1652180520000,0.5193,0.5195,0.5178,0.5181,665246.0
1652180580000,0.5182,0.5184,0.5176,0.518,222183.0
1652180640000,0.5181,0.519,0.5181,0.5184,516781.0
1652180700000,0.5184,0.5193,0.5184,0.5184,361601.0
1652180760000,0.5184,0.5189,0.5182,0.5189,299622.0
1652180820000,0.519,0.519,0.5178,0.5183,438524.0
1652180880000,0.5183,0.5191,0.5182,0.519,180455.0
1652180940000,0.5191,0.5198,0.519,0.5198,150210.0
1652181000000,0.5199,0.5207,0.5198,0.5201,385755.0
1652181060000,0.5201,0.5211,0.5201,0.5207,232860.0
1652181120000,0.5207,0.5208,0.5202,0.5202,115587.0
1652181180000,0.5203,0.521,0.5202,0.5209,101174.0
1652181240000,0.521,0.521,0.5205,0.5206,192288.0
1652181300000,0.5206,0.5211,0.5206,0.5207,205288.0
1652181360000,0.5207,0.5215,0.5207,0.5211,803856.0
1652181420000,0.5211,0.5217,0.5211,0.5217,139543.0
1652181480000,0.5217,0.5233,0.5217,0.5229,583680.0
1652181540000,0.5229,0.5238,0.5228,0.5228,489408.0
1652181600000,0.5228,0.5228,0.5218,0.522,385269.0
1652181660000,0.522,0.522,0.5213,0.5219,314992.0
1652181720000,0.5218,0.5232,0.5216,0.5232,187495.0
1652181780000,0.5231,0.5247,0.523,0.5246,482304.0
1652181840000,0.5246,0.5248,0.5236,0.5242,376589.0
1652181900000,0.5242,0.5244,0.5231,0.5235,368641.0
1652181960000,0.5235,0.5238,0.523,0.523,132026.0
1652182020000,0.523,0.5236,0.5228,0.5236,309094.0
1652182080000,0.5236,0.5241,0.5234,0.5239,172281.0
1652182140000,0.5239,0.5248,0.5239,0.5246,265188.0
1652182200000,0.5246,0.5252,0.524,0.5241,283423.0
1652182260000,0.5241,0.5242,0.5238,0.5241,155730.0
1652182320000,0.524,0.525,0.524,0.5248,341380.0
1652182380000,0.5249,0.526,0.5248,0.526,420144.0
1652182440000,0.5259,0.5276,0.5259,0.527,761237.0
1652182500000,0.527,0.527,0.5257,0.526,406237.0
1652182560000,0.526,0.5265,0.5255,0.5264,503027.0
1652182620000,0.5264,0.5282,0.5263,0.5274,759988.0
1652182680000,0.5275,0.5278,0.5265,0.5266,263298.0
1652182740000,0.5266,0.5276,0.5265,0.5272,238904.0
1652182800000,0.5273,0.5273,0.5263,0.5267,409468.0
1652182860000,0.5267,0.5276,0.5266,0.5272,202529.0
1652182920000,0.5272,0.5286,0.5271,0.528,605131.0
1652182980000,0.5282,0.529,0.528,0.5288,392465.0
1652183040000,0.5288,0.5289,0.5282,0.5285,582309.0
1652183100000,0.5284,0.5285,0.5264,0.5268,641054.0
1652183160000,0.5268,0.5272,0.5266,0.5266,141876.0
1652183220000,0.5266,0.5271,0.5266,0.527,95487.0
1652183280000,0.527,0.5275,0.5266,0.5266,292755.0
1652183340000,0.5265,0.5266,0.5248,0.5249,1061325.0
1652183400000,0.5249,0.5254,0.5234,0.5238,643068.0
1652183460000,0.5237,0.5246,0.5235,0.5244,977783.0
1652183520000,0.5245,0.5247,0.5238,0.524,1347555.0
1652183580000,0.524,0.5248,0.5236,0.524,674015.0
1652183640000,0.5239,0.5243,0.5231,0.5231,321721.0
1652183700000,0.5232,0.5243,0.5229,0.5242,506460.0
1652183760000,0.5243,0.5246,0.5239,0.524,351777.0
1652183820000,0.5241,0.5243,0.5232,0.5241,683535.0
1652183880000,0.524,0.5242,0.5238,0.524,140773.0
1652183940000,0.524,0.5241,0.5234,0.524,573476.0
1652184000000,0.5239,0.5246,0.5239,0.5246,197775.0
1652184060000,0.5246,0.5254,0.5246,0.5249,298832.0
1652184120000,0.5249,0.5256,0.5248,0.5253,232082.0
1652184180000,0.5253,0.5254,0.5248,0.5249,89227.0
1652184240000,0.5248,0.5248,0.5234,0.5234,272526.0
1652184300000,0.5235,0.5237,0.5205,0.5211,1614325.0
1652184360000,0.521,0.5218,0.5208,0.5216,610418.0
1652184420000,0.5217,0.5219,0.5211,0.5219,182198.0
1652184480000,0.5219,0.5242,0.5216,0.524,365932.0
1652184540000,0.524,0.5243,0.5229,0.5229,89366.0
1652184600000,0.5228,0.5242,0.5228,0.5242,150238.0
1652184660000,0.5243,0.5244,0.5234,0.5235,425804.0
1652184720000,0.5235,0.525,0.5235,0.5243,322199.0
1652184780000,0.5242,0.5247,0.5237,0.524,855368.0
1652184840000,0.524,0.5246,0.5236,0.5246,190704.0
1652184900000,0.5245,0.5247,0.5242,0.5244,175633.0
1652184960000,0.5243,0.5254,0.524,0.5253,466152.0
1652185020000,0.5253,0.5271,0.5253,0.5268,428046.0
1652185080000,0.5268,0.5269,0.5259,0.5261,369135.0
1652185140000,0.5261,0.5278,0.5261,0.5274,873892.0
1652185200000,0.5274,0.5274,0.5265,0.5267,125274.0
1652185260000,0.5267,0.5267,0.5262,0.5266,187633.0
1652185320000,0.5267,0.5268,0.526,0.5262,142493.0
1652185380000,0.5262,0.5266,0.5259,0.5259,538829.0
1652185440000,0.526,0.5266,0.5259,0.5259,283232.0
1652185500000,0.5259,0.5268,0.5259,0.5266,186003.0
1652185560000,0.5264,0.5269,0.5264,0.5267,141195.0
1652185620000,0.5266,0.5273,0.5266,0.5273,98088.0
1652185680000,0.5271,0.5284,0.5271,0.5283,251127.0
1652185740000,0.5283,0.5287,0.5261,0.5263,794434.0
1652185800000,0.5263,0.5266,0.5254,0.5265,473038.0
1652185860000,0.5265,0.5279,0.5263,0.5276,611351.0
1652185920000,0.5275,0.5285,0.5275,0.5284,377006.0
1652185980000,0.5283,0.5284,0.5271,0.5273,228054.0
1652186040000,0.5273,0.528,0.5272,0.5276,407785.0
1652186100000,0.5277,0.5283,0.5275,0.5279,97881.0
1652186160000,0.528,0.5284,0.5279,0.5284,320907.0
1652186220000,0.5284,0.5298,0.5283,0.5294,1188397.0
1652186280000,0.5294,0.5303,0.5292,0.5297,654607.0
1652186340000,0.5297,0.5332,0.5297,0.5328,919796.0
1652186400000,0.5328,0.533,0.5312,0.5321,1047653.0
1652186460000,0.532,0.5325,0.5318,0.5319,489387.0
1652186520000,0.532,0.5326,0.5313,0.5321,628373.0
1652186580000,0.532,0.5329,0.5317,0.5323,1088677.0
1652186640000,0.5323,0.5323,0.5316,0.5318,450637.0
1652186700000,0.5318,0.5319,0.5311,0.5315,634932.0
1652186760000,0.5314,0.5317,0.5299,0.5305,322859.0
1652186820000,0.5306,0.5306,0.5291,0.5295,283706.0
1652186880000,0.5296,0.5302,0.5291,0.5295,857602.0
1652186940000,0.5296,0.5306,0.5296,0.5301,285814.0
1652187000000,0.5302,0.5305,0.5296,0.5296,475515.0
1652187060000,0.5297,0.5307,0.5296,0.5303,423669.0
1652187120000,0.5303,0.5322,0.5303,0.5318,565198.0
1652187180000,0.5318,0.5342,0.5317,0.5342,677070.0
1652187240000,0.5342,0.5359,0.5342,0.5351,780235.0
1652187300000,0.535,0.5351,0.5333,0.5333,394366.0
1652187360000,0.5333,0.5344,0.5328,0.534,501386.0
1652187420000,0.534,0.5345,0.5335,0.5339,284212.0
1652187480000,0.5339,0.5343,0.5334,0.534,290401.0
1652187540000,0.5339,0.5345,0.5331,0.5335,747722.0
1652187600000,0.5336,0.5342,0.5324,0.5339,671304.0
1652187660000,0.534,0.5347,0.5334,0.5347,813718.0
1652187720000,0.5347,0.5358,0.5346,0.5354,555389.0
1652187780000,0.5355,0.5366,0.5354,0.536,553681.0
1652187840000,0.536,0.5371,0.5357,0.5365,423222.0
1652187900000,0.5365,0.5365,0.535,0.5354,461726.0
1652187960000,0.5354,0.5354,0.5338,0.5338,537177.0
1652188020000,0.5338,0.5352,0.5337,0.5348,359459.0
1652188080000,0.5348,0.535,0.5343,0.5348,395819.0
1652188140000,0.5348,0.5351,0.5344,0.5349,154571.0
1652188200000,0.535,0.5353,0.5346,0.5353,167945.0
1652188260000,0.5353,0.5353,0.5343,0.5347,237473.0
1652188320000,0.5347,0.5357,0.5347,0.5355,661390.0
1652188380000,0.5355,0.5357,0.5352,0.5355,175421.0
1652188440000,0.5356,0.5356,0.5346,0.5348,1023175.0
1652188500000,0.5347,0.5347,0.534,0.534,304697.0
1652188560000,0.534,0.534,0.5322,0.5329,601353.0
1652188620000,0.5328,0.533,0.5312,0.5315,572998.0
1652188680000,0.5315,0.5315,0.5301,0.5308,423417.0
1652188740000,0.5309,0.5313,0.5304,0.5306,354496.0
1652188800000,0.5307,0.5311,0.5301,0.5306,622815.0
1652188860000,0.5306,0.5311,0.5304,0.5308,270303.0
1652188920000,0.5308,0.5311,0.5306,0.5306,315321.0
1652188980000,0.5305,0.5307,0.5294,0.5296,771979.0
1652189040000,0.5296,0.5307,0.5296,0.5302,403361.0
1652189100000,0.5302,0.5314,0.5302,0.5313,443130.0
1652189160000,0.5313,0.5315,0.5309,0.5314,292969.0
1652189220000,0.5313,0.5323,0.5309,0.5321,247108.0
1652189280000,0.5322,0.5322,0.5314,0.532,473549.0
1652189340000,0.532,0.5322,0.5313,0.5316,284108.0
1652189400000,0.5316,0.5342,0.5316,0.5341,989912.0
1652189460000,0.5342,0.5344,0.5326,0.5332,412686.0
1652189520000,0.5331,0.5336,0.531,0.531,629282.0
1652189580000,0.5309,0.5317,0.528,0.5283,1309165.0
1652189640000,0.5284,0.5284,0.5251,0.5251,1687818.0
1652189700000,0.5251,0.5257,0.523,0.5254,1202418.0
1652189760000,0.5254,0.5261,0.5235,0.5258,1124900.0
1652189820000,0.5258,0.5268,0.5251,0.5264,1092602.0
1652189880000,0.5264,0.5275,0.5258,0.5271,828303.0
1652189940000,0.5271,0.5282,0.5264,0.5274,845377.0
1652190000000,0.5274,0.5274,0.5251,0.5258,820058.0
1652190060000,0.5257,0.5263,0.5245,0.5253,371940.0
1652190120000,0.5253,0.5254,0.5238,0.5252,400323.0
1652190180000,0.5252,0.5252,0.5231,0.5235,377870.0
1652190240000,0.5235,0.5238,0.5222,0.5236,690723.0
1652190300000,0.5235,0.5235,0.5211,0.5212,572854.0
1652190360000,0.5211,0.5218,0.52,0.5218,625793.0
1652190420000,0.5217,0.5226,0.521,0.5216,970541.0
1652190480000,0.5216,0.522,0.5208,0.5213,702061.0
1652190540000,0.5215,0.5218,0.5204,0.5211,473286.0
1652190600000,0.5212,0.524,0.5212,0.524,524184.0
1652190660000,0.524,0.5243,0.523,0.5241,460499.0
1652190720000,0.5242,0.5245,0.5231,0.5238,376976.0
1652190780000,0.5238,0.5244,0.5235,0.5236,304466.0
1652190840000,0.5235,0.5244,0.5231,0.5235,395042.0
1652190900000,0.5235,0.5263,0.5234,0.5249,445360.0
1652190960000,0.525,0.525,0.523,0.5233,491989.0
1652191020000,0.5233,0.5247,0.5232,0.5242,463601.0
1652191080000,0.5243,0.525,0.5239,0.5244,442236.0
1652191140000,0.5242,0.5246,0.5239,0.5243,203516.0
1652191200000,0.5242,0.5245,0.5229,0.523,345066.0
1652191260000,0.523,0.5242,0.5224,0.5231,439006.0
1652191320000,0.523,0.5239,0.5222,0.5237,351041.0
1652191380000,0.5237,0.5259,0.5237,0.5256,295013.0
1652191440000,0.5256,0.5267,0.5253,0.5257,664220.0
1652191500000,0.5258,0.5264,0.5253,0.5261,590457.0
1652191560000,0.5261,0.5295,0.5257,0.5284,847789.0
1652191620000,0.5285,0.529,0.528,0.5284,678476.0
1652191680000,0.5286,0.5287,0.5272,0.5278,291488.0
1652191740000,0.5277,0.5278,0.5257,0.5257,578940.0
1652191800000,0.5257,0.5273,0.5251,0.5251,430103.0
1652191860000,0.525,0.5258,0.5247,0.5252,394545.0
1652191920000,0.5251,0.5258,0.5238,0.5243,854239.0
1652191980000,0.5242,0.5242,0.5225,0.523,479178.0
1652192040000,0.5231,0.5241,0.5231,0.5238,712856.0
1652192100000,0.5238,0.5255,0.5237,0.5251,529877.0
1652192160000,0.5251,0.5253,0.5239,0.5241,551766.0
1652192220000,0.524,0.5241,0.5226,0.5239,433001.0
1652192280000,0.524,0.5241,0.523,0.5234,355328.0
1652192340000,0.5234,0.5239,0.5224,0.5239,402875.0
1652192400000,0.5238,0.5247,0.5231,0.5243,491577.0
1652192460000,0.5244,0.5245,0.5228,0.5231,337326.0
1652192520000,0.5232,0.5232,0.5208,0.5215,733914.0
1652192580000,0.5215,0.5218,0.5205,0.5212,602525.0
1652192640000,0.5212,0.5221,0.5207,0.5221,536607.0
1652192700000,0.522,0.522,0.5195,0.5205,812890.0
1652192760000,0.5206,0.5208,0.5191,0.5193,514567.0
1652192820000,0.5193,0.5198,0.5187,0.519,803364.0
1652192880000,0.5191,0.5197,0.5186,0.5194,327333.0
1652192940000,0.5194,0.5214,0.5194,0.5209,523288.0
1652193000000,0.5208,0.5214,0.5203,0.5214,352139.0
1652193060000,0.5215,0.5219,0.5208,0.5208,512947.0
1652193120000,0.5208,0.5213,0.5198,0.5207,357226.0
1652193180000,0.5208,0.5215,0.5192,0.5193,505563.0
1652193240000,0.5193,0.5194,0.5176,0.5187,658346.0
1652193300000,0.5188,0.5191,0.5179,0.5179,307911.0
1652193360000,0.5179,0.5193,0.5179,0.5183,496149.0
1652193420000,0.5183,0.5189,0.5179,0.5182,689457.0
1652193480000,0.5181,0.5182,0.5162,0.5162,985527.0
1652193540000,0.5162,0.5182,0.5155,0.5176,657080.0
1652193600000,0.5177,0.518,0.5172,0.5176,452231.0
1652193660000,0.5176,0.5182,0.5169,0.5173,855590.0
1652193720000,0.5173,0.5174,0.5159,0.5163,475571.0
1652193780000,0.5162,0.5167,0.5154,0.5167,730411.0
1652193840000,0.5167,0.5171,0.5159,0.5166,735984.0
1652193900000,0.5166,0.5171,0.5161,0.5164,1118208.0
1652193960000,0.5165,0.5166,0.5152,0.5159,1025796.0
1652194020000,0.5159,0.5166,0.5138,0.5142,1299234.0
1652194080000,0.5141,0.5145,0.5131,0.514,943670.0
1652194140000,0.514,0.5149,0.5136,0.5138,759439.0
1652194200000,0.5137,0.5141,0.5115,0.5122,740081.0
1652194260000,0.5121,0.5136,0.5118,0.5129,558232.0
1652194320000,0.513,0.5142,0.5129,0.5133,499655.0
1652194380000,0.5134,0.5154,0.5121,0.5154,816247.0
1652194440000,0.5153,0.5166,0.5152,0.5152,763789.0
1652194500000,0.5154,0.5156,0.5124,0.5129,701728.0
1652194560000,0.5128,0.5149,0.5121,0.5145,573673.0
1652194620000,0.5146,0.5154,0.5142,0.5154,467913.0
1652194680000,0.5154,0.5162,0.515,0.5152,738169.0
1652194740000,0.5152,0.5152,0.5128,0.513,1308664.0
1652194800000,0.513,0.5145,0.5121,0.5143,606897.0
1652194860000,0.5143,0.5152,0.5137,0.5141,735006.0
1652194920000,0.5142,0.5156,0.514,0.515,596169.0
1652194980000,0.5149,0.5149,0.5119,0.5119,478846.0
1652195040000,0.5118,0.5118,0.51,0.5115,1646165.0
1652195100000,0.5115,0.5116,0.5081,0.5093,1429132.0
1652195160000,0.5093,0.51,0.5083,0.5091,1247422.0
1652195220000,0.5092,0.5108,0.5091,0.5091,396404.0
1652195280000,0.5091,0.5102,0.508,0.5091,751474.0
1652195340000,0.5089,0.5103,0.5074,0.5078,944082.0
1652195400000,0.5076,0.5082,0.5063,0.5079,1038911.0
1652195460000,0.508,0.509,0.5074,0.5083,786214.0
1652195520000,0.5083,0.5102,0.5082,0.5102,1401516.0
1652195580000,0.5101,0.5122,0.5092,0.512,1347463.0
1652195640000,0.5118,0.5118,0.5083,0.5084,468633.0
1652195700000,0.5083,0.5095,0.508,0.509,582955.0
1652195760000,0.5089,0.5111,0.5088,0.5111,544855.0
1652195820000,0.5111,0.5125,0.5111,0.5118,459776.0
1652195880000,0.5117,0.5132,0.5116,0.5131,515552.0
1652195940000,0.5132,0.5144,0.5128,0.5142,608071.0
1652196000000,0.5144,0.5156,0.5134,0.5139,541180.0
1652196060000,0.514,0.514,0.5125,0.5129,262189.0
1652196120000,0.5128,0.5136,0.5123,0.5125,327130.0
1652196180000,0.5126,0.513,0.511,0.5114,464394.0
1652196240000,0.5116,0.512,0.5099,0.5108,634720.0
1652196300000,0.5107,0.5112,0.5094,0.5094,387370.0
1652196360000,0.5095,0.5104,0.5094,0.5103,479670.0
1652196420000,0.5104,0.5118,0.5104,0.5113,435406.0
1652196480000,0.5113,0.5115,0.5091,0.5096,615036.0
1652196540000,0.5096,0.5116,0.5082,0.5114,1205296.0
1652196600000,0.5113,0.5122,0.5109,0.5114,456213.0
1652196660000,0.5114,0.5122,0.5106,0.5122,532805.0
1652196720000,0.5121,0.513,0.5116,0.5128,516404.0
1652196780000,0.5127,0.5127,0.5107,0.5118,555562.0
1652196840000,0.5117,0.5146,0.5117,0.5139,546166.0
1652196900000,0.514,0.5162,0.5139,0.5153,492047.0
1652196960000,0.5152,0.5168,0.5147,0.5164,757202.0
1652197020000,0.5164,0.5179,0.5162,0.5172,544594.0
1652197080000,0.5172,0.518,0.5165,0.5175,482677.0
1652197140000,0.5175,0.5195,0.5174,0.5182,695196.0
1652197200000,0.5183,0.5189,0.5174,0.5183,279801.0
1652197260000,0.5183,0.5183,0.5159,0.5164,593548.0
1652197320000,0.5165,0.5165,0.5146,0.5159,713649.0
1652197380000,0.516,0.5175,0.5159,0.5169,503857.0
1652197440000,0.517,0.518,0.5163,0.518,744754.0
1652197500000,0.518,0.5182,0.5164,0.5164,318783.0
1652197560000,0.5165,0.5173,0.516,0.5173,266241.0
1652197620000,0.5173,0.5182,0.5169,0.5171,603640.0
1652197680000,0.517,0.517,0.516,0.5165,203179.0
1652197740000,0.5164,0.5171,0.5163,0.5164,276501.0
1652197800000,0.5164,0.5166,0.5151,0.5154,310753.0
1652197860000,0.5153,0.5154,0.5138,0.514,520251.0
1652197920000,0.5141,0.5158,0.5139,0.515,341698.0
1652197980000,0.515,0.5175,0.515,0.5165,568120.0
1652198040000,0.5165,0.5179,0.516,0.5175,281884.0
1652198100000,0.5175,0.5176,0.5152,0.5152,362605.0
1652198160000,0.5151,0.5154,0.5143,0.5144,444168.0
1652198220000,0.5145,0.5161,0.5144,0.516,347535.0
1652198280000,0.5161,0.5183,0.5161,0.5179,489032.0
1652198340000,0.518,0.5182,0.5164,0.5174,407776.0
1652198400000,0.5174,0.518,0.5164,0.5173,316113.0
1652198460000,0.5174,0.5191,0.517,0.5189,361811.0
1652198520000,0.5189,0.5189,0.5166,0.5172,513292.0
1652198580000,0.5172,0.5185,0.5168,0.5182,422339.0
1652198640000,0.5182,0.5187,0.5171,0.5185,476655.0
1652198700000,0.5186,0.5189,0.517,0.5172,482563.0
1652198760000,0.5171,0.5177,0.5167,0.5171,392096.0
1652198820000,0.5169,0.5179,0.5159,0.5169,599925.0
1652198880000,0.517,0.517,0.5154,0.5154,330612.0
1652198940000,0.5153,0.5155,0.5141,0.5143,990419.0
1652199000000,0.5142,0.5151,0.5126,0.5135,741644.0
1652199060000,0.5132,0.5148,0.5132,0.5148,651755.0
1652199120000,0.5149,0.5157,0.514,0.5157,577855.0
1652199180000,0.5156,0.5163,0.5153,0.5161,346595.0
1652199240000,0.516,0.5164,0.5148,0.5151,382083.0
1652199300000,0.515,0.5173,0.515,0.5173,391271.0
1652199360000,0.5173,0.5174,0.5149,0.5149,473360.0
1652199420000,0.5148,0.5154,0.5143,0.5147,449647.0
1652199480000,0.5147,0.5147,0.5139,0.5141,344695.0
1652199540000,0.5141,0.5144,0.5136,0.5141,315159.0
1652199600000,0.5141,0.5148,0.514,0.5144,219969.0
1652199660000,0.5144,0.5147,0.5136,0.514,448939.0
1652199720000,0.514,0.5142,0.5135,0.5142,225224.0
1652199780000,0.5143,0.5149,0.5141,0.5145,302226.0
1652199840000,0.5144,0.5147,0.5135,0.5136,293460.0
1652199900000,0.5136,0.5149,0.5136,0.5146,174189.0
1652199960000,0.5147,0.5149,0.5138,0.5149,235695.0
1652200020000,0.5149,0.5151,0.5146,0.5151,124430.0
1652200080000,0.5151,0.5151,0.514,0.5143,457246.0
1652200140000,0.5143,0.5147,0.5139,0.5139,165898.0
1652200200000,0.514,0.5146,0.5122,0.5122,1121763.0
1652200260000,0.5124,0.5124,0.5106,0.5107,599706.0
1652200320000,0.5107,0.5109,0.51,0.5105,515522.0
1652200380000,0.5105,0.5105,0.5095,0.5099,946593.0
1652200440000,0.51,0.5112,0.5099,0.5106,622094.0
1652200500000,0.5106,0.5115,0.5103,0.5108,373157.0
1652200560000,0.5108,0.512,0.5104,0.5119,394305.0
1652200620000,0.5119,0.5122,0.5113,0.5118,212069.0
1652200680000,0.5118,0.5119,0.5108,0.5108,285517.0
1652200740000,0.5107,0.5108,0.51,0.5101,198501.0
1652200800000,0.5101,0.5121,0.5094,0.5121,411747.0
1652200860000,0.5121,0.5125,0.5117,0.512,199622.0
1652200920000,0.5121,0.5124,0.5116,0.5118,365623.0
1652200980000,0.5118,0.5118,0.5109,0.5118,235846.0
1652201040000,0.5117,0.5124,0.5113,0.5119,333732.0
1652201100000,0.512,0.5133,0.5118,0.5133,429281.0
1652201160000,0.5133,0.5149,0.5133,0.514,341098.0
1652201220000,0.514,0.5141,0.5134,0.5136,223521.0
1652201280000,0.5137,0.5144,0.5127,0.5144,379336.0
1652201340000,0.5144,0.5152,0.5144,0.5145,275105.0
1652201400000,0.5143,0.5145,0.513,0.5133,332312.0
1652201460000,0.5132,0.5132,0.5126,0.5127,237974.0
1652201520000,0.5127,0.5127,0.5115,0.512,214649.0
1652201580000,0.512,0.5123,0.5118,0.5121,249750.0
1652201640000,0.5121,0.5131,0.5118,0.5131,271081.0
1652201700000,0.5131,0.5141,0.5127,0.5139,412632.0
1652201760000,0.5139,0.514,0.5129,0.5131,309178.0
1652201820000,0.5131,0.5139,0.5125,0.5134,487628.0
1652201880000,0.5134,0.5137,0.5126,0.5127,221414.0
1652201940000,0.5127,0.5135,0.5122,0.5135,456832.0
1652202000000,0.5134,0.5149,0.5132,0.5147,335511.0
1652202060000,0.5148,0.5156,0.5147,0.5149,325209.0
1652202120000,0.5149,0.5163,0.5147,0.5158,529261.0
1652202180000,0.5158,0.5163,0.5156,0.5161,178817.0
1652202240000,0.5162,0.5165,0.5153,0.5157,471775.0
1652202300000,0.5157,0.5169,0.5152,0.5169,353380.0
1652202360000,0.517,0.517,0.5157,0.5162,249176.0
1652202420000,0.5162,0.5173,0.5162,0.5168,638254.0
1652202480000,0.5168,0.5168,0.5158,0.5165,997824.0
1652202540000,0.5166,0.5171,0.516,0.5164,267343.0
1652202600000,0.5164,0.5166,0.5154,0.5154,321643.0
1652202660000,0.5154,0.5157,0.515,0.5157,205194.0
1652202720000,0.5157,0.5161,0.5147,0.515,266303.0
1652202780000,0.5151,0.5157,0.5145,0.5152,465322.0
1652202840000,0.5153,0.5162,0.5147,0.5161,424661.0
1652202900000,0.5162,0.5168,0.5151,0.5159,445635.0
1652202960000,0.516,0.5176,0.516,0.5174,186350.0
1652203020000,0.5173,0.5173,0.5156,0.516,403629.0
1652203080000,0.516,0.5169,0.516,0.5167,420320.0
1652203140000,0.5167,0.5171,0.5161,0.5165,222602.0
1652203200000,0.5166,0.5174,0.516,0.5164,294010.0
1652203260000,0.5161,0.5176,0.516,0.5176,241905.0
1652203320000,0.5176,0.5179,0.5169,0.5169,198828.0
1652203380000,0.517,0.518,0.5168,0.5169,256898.0
1652203440000,0.5168,0.5179,0.5165,0.5179,153043.0
1652203500000,0.518,0.5194,0.518,0.519,453482.0
1652203560000,0.5189,0.5194,0.5185,0.5191,475651.0
1652203620000,0.5193,0.5194,0.5184,0.5185,284341.0
1652203680000,0.5186,0.5197,0.5182,0.5197,468642.0
1652203740000,0.5197,0.5198,0.5191,0.5196,276991.0
1652203800000,0.5197,0.5212,0.5196,0.5211,306000.0
1652203860000,0.5211,0.5218,0.5207,0.5215,306282.0
1652203920000,0.5214,0.5221,0.5212,0.522,297121.0
1652203980000,0.5221,0.5227,0.5212,0.5214,289205.0
1652204040000,0.5213,0.522,0.521,0.5214,266404.0
1652204100000,0.5214,0.5232,0.5214,0.5228,797459.0
1652204160000,0.5229,0.5246,0.5227,0.5241,449135.0
1652204220000,0.524,0.5247,0.5233,0.5239,363951.0
1652204280000,0.524,0.5245,0.5236,0.5241,281649.0
1652204340000,0.5242,0.5242,0.5229,0.5236,282708.0
1652204400000,0.5236,0.525,0.523,0.5249,212250.0
1652204460000,0.5249,0.525,0.524,0.5248,349815.0
1652204520000,0.5248,0.5254,0.5246,0.525,425197.0
1652204580000,0.525,0.5251,0.5236,0.5244,313110.0
1652204640000,0.5243,0.5243,0.5231,0.5235,307814.0
1652204700000,0.5236,0.5239,0.5235,0.5236,109279.0
1652204760000,0.5235,0.5243,0.5234,0.5236,220580.0
1652204820000,0.5236,0.5245,0.5234,0.5243,250569.0
1652204880000,0.5242,0.5243,0.5232,0.5235,321652.0
1652204940000,0.5234,0.5243,0.5234,0.5243,153335.0
1652205000000,0.5243,0.5244,0.5227,0.5228,410234.0
1652205060000,0.5228,0.5236,0.5222,0.5225,226958.0
1652205120000,0.5225,0.5225,0.5218,0.5224,181683.0
1652205180000,0.5224,0.5239,0.5224,0.5236,212292.0
1652205240000,0.5237,0.5244,0.5237,0.5242,300703.0
1652205300000,0.5242,0.5244,0.5232,0.5237,230965.0
1652205360000,0.5236,0.5244,0.5232,0.5242,233085.0
1652205420000,0.5243,0.5243,0.5234,0.5234,165767.0
1652205480000,0.5235,0.5245,0.5235,0.5245,95747.0
1652205540000,0.5245,0.5247,0.524,0.5246,92527.0
1652205600000,0.5247,0.5249,0.5233,0.5238,284300.0
1652205660000,0.5239,0.5239,0.5221,0.5223,630898.0
1652205720000,0.5223,0.5229,0.5222,0.5229,169296.0
1652205780000,0.5228,0.5231,0.5224,0.523,199573.0
1652205840000,0.5229,0.523,0.5216,0.5218,312582.0
1652205900000,0.5219,0.5222,0.5211,0.5211,121006.0
1652205960000,0.5211,0.5216,0.5205,0.5208,287339.0
1652206020000,0.5209,0.5211,0.5202,0.5204,104318.0
1652206080000,0.5204,0.5214,0.5204,0.5208,157713.0
1652206140000,0.5208,0.5213,0.5204,0.5206,184950.0
1652206200000,0.5206,0.5214,0.5206,0.5211,143116.0
1652206260000,0.5211,0.5214,0.5209,0.5211,235026.0
1652206320000,0.5212,0.5212,0.5208,0.5208,174467.0
1652206380000,0.5209,0.522,0.5206,0.522,415309.0
1652206440000,0.522,0.5235,0.5218,0.5234,220172.0
1652206500000,0.5232,0.5233,0.5208,0.5209,387642.0
1652206560000,0.5209,0.5209,0.5178,0.5182,386300.0
1652206620000,0.5179,0.5188,0.5169,0.5188,410346.0
1652206680000,0.5188,0.5209,0.5188,0.5207,274335.0
1652206740000,0.521,0.5218,0.5205,0.5207,328741.0
1652206800000,0.5208,0.521,0.5198,0.52,320244.0
1652206860000,0.52,0.5209,0.52,0.5208,272801.0
1652206920000,0.5209,0.5217,0.5208,0.5216,428135.0
1652206980000,0.5216,0.5216,0.5204,0.5204,292573.0
1652207040000,0.5205,0.5211,0.5204,0.5207,352934.0
1652207100000,0.5207,0.5208,0.52,0.5205,895620.0
1652207160000,0.5202,0.5202,0.5194,0.5195,144722.0
1652207220000,0.5195,0.5196,0.5188,0.5191,177787.0
1652207280000,0.5193,0.5205,0.5193,0.5197,363631.0
1652207340000,0.5196,0.5205,0.5194,0.5203,272022.0
1652207400000,0.5203,0.5209,0.5198,0.5208,170563.0
1652207460000,0.5208,0.5208,0.5194,0.5196,267468.0
1652207520000,0.5196,0.5198,0.5189,0.5193,159633.0
1652207580000,0.5192,0.5198,0.5191,0.5197,159696.0
1652207640000,0.5198,0.5198,0.519,0.5198,185418.0
1652207700000,0.5199,0.5207,0.5198,0.5207,264881.0
1652207760000,0.5208,0.5213,0.5204,0.5212,177762.0
1652207820000,0.5213,0.5218,0.5207,0.5208,234785.0
1652207880000,0.5207,0.5214,0.5204,0.5204,162614.0
1652207940000,0.5204,0.5207,0.5201,0.5203,155816.0
1652208000000,0.5203,0.5203,0.518,0.5197,333459.0
1652208060000,0.5197,0.5216,0.5194,0.5214,253509.0
1652208120000,0.5215,0.5226,0.5215,0.5224,166241.0
1652208180000,0.5225,0.5228,0.5221,0.5227,123649.0
1652208240000,0.5226,0.523,0.5223,0.5228,238279.0
1652208300000,0.5227,0.5227,0.5215,0.5221,276092.0
1652208360000,0.5222,0.5222,0.5209,0.5211,480242.0
1652208420000,0.521,0.521,0.5202,0.5202,373145.0
1652208480000,0.5202,0.5214,0.5202,0.5214,105834.0
1652208540000,0.5214,0.5221,0.5213,0.5221,168363.0
1652208600000,0.5221,0.5227,0.5218,0.5223,195982.0
1652208660000,0.5223,0.5224,0.5209,0.5215,265416.0
1652208720000,0.5215,0.5225,0.5212,0.5219,170627.0
1652208780000,0.522,0.5223,0.5214,0.522,218335.0
1652208840000,0.5221,0.5226,0.5219,0.5219,178110.0
1652208900000,0.522,0.5222,0.5205,0.5206,165343.0
1652208960000,0.5206,0.5206,0.5197,0.5198,151836.0
1652209020000,0.5198,0.5207,0.5198,0.5205,166187.0
1652209080000,0.5206,0.5213,0.5206,0.5212,166072.0
1652209140000,0.5212,0.5212,0.5204,0.5207,274333.0
1652209200000,0.5209,0.5214,0.5206,0.521,214987.0
1652209260000,0.5209,0.5217,0.5208,0.5217,114877.0
1652209320000,0.5217,0.5218,0.5211,0.5212,139430.0
1652209380000,0.5211,0.522,0.5207,0.5215,130966.0
1652209440000,0.5214,0.5219,0.5214,0.5218,86254.0
1652209500000,0.5218,0.5221,0.521,0.5215,534105.0
1652209560000,0.5215,0.5231,0.5215,0.5231,223379.0
1652209620000,0.5231,0.5232,0.5212,0.5212,211282.0
1652209680000,0.5212,0.5215,0.5197,0.521,363942.0
1652209740000,0.521,0.5211,0.52,0.5202,239429.0
1652209800000,0.5201,0.5204,0.5194,0.5197,227988.0
1652209860000,0.5198,0.5198,0.5184,0.5187,254415.0
1652209920000,0.5188,0.5195,0.5182,0.5191,268450.0
1652209980000,0.519,0.5193,0.5182,0.5187,566206.0
1652210040000,0.5186,0.5194,0.5184,0.5189,323187.0
1652210100000,0.5189,0.5201,0.5188,0.52,218627.0
1652210160000,0.52,0.5206,0.5193,0.5193,221525.0
1652210220000,0.5192,0.5192,0.5174,0.5182,254590.0
1652210280000,0.5182,0.519,0.5176,0.5187,175472.0
1652210340000,0.5186,0.519,0.5181,0.5182,171425.0
1652210400000,0.5183,0.5185,0.5177,0.5179,202170.0
1652210460000,0.5179,0.5188,0.5178,0.5179,216950.0
1652210520000,0.518,0.5186,0.5175,0.5178,377363.0
1652210580000,0.5176,0.5181,0.5173,0.518,377491.0
1652210640000,0.518,0.5181,0.5172,0.5181,163385.0
1652210700000,0.518,0.5183,0.5171,0.5179,274707.0
1652210760000,0.5179,0.518,0.517,0.5174,258274.0
1652210820000,0.5174,0.5187,0.5174,0.5183,139549.0
1652210880000,0.5184,0.5191,0.5181,0.5182,155756.0
1652210940000,0.5182,0.5184,0.5175,0.5184,161973.0
1652211000000,0.5184,0.5184,0.517,0.5173,95288.0
1652211060000,0.5172,0.5177,0.5169,0.5177,308128.0
1652211120000,0.5177,0.5187,0.5177,0.5184,248791.0
1652211180000,0.5184,0.5185,0.5178,0.5183,273845.0
1652211240000,0.5183,0.5184,0.5177,0.5182,154481.0
1652211300000,0.5184,0.5189,0.5179,0.5182,250984.0
1652211360000,0.5182,0.5182,0.5176,0.518,122190.0
1652211420000,0.518,0.518,0.5167,0.5168,541879.0
1652211480000,0.5167,0.5172,0.516,0.5165,387553.0
1652211540000,0.5165,0.5175,0.5165,0.5172,252519.0
1652211600000,0.5172,0.5175,0.5162,0.5163,224253.0
1652211660000,0.5163,0.5175,0.5163,0.5175,250181.0
1652211720000,0.5174,0.5188,0.5171,0.5185,220734.0
1652211780000,0.5186,0.5188,0.5182,0.5188,200217.0
1652211840000,0.5188,0.5188,0.5174,0.5174,163913.0
1652211900000,0.5175,0.5186,0.5173,0.5184,261357.0
1652211960000,0.5184,0.5195,0.518,0.5193,160037.0
1652212020000,0.5194,0.521,0.5193,0.5208,492113.0
1652212080000,0.5209,0.5209,0.5201,0.5205,207733.0
1652212140000,0.5205,0.5208,0.5192,0.5192,266152.0
1652212200000,0.5192,0.5194,0.5184,0.5186,263221.0
1652212260000,0.5186,0.5194,0.5181,0.5193,177877.0
1652212320000,0.5193,0.5198,0.5189,0.5195,179127.0
1652212380000,0.5195,0.5217,0.5194,0.5211,229281.0
1652212440000,0.5211,0.5217,0.5211,0.5214,144306.0
1652212500000,0.5213,0.5213,0.52,0.52,166686.0
1652212560000,0.52,0.5209,0.5197,0.5205,116286.0
1652212620000,0.5206,0.5207,0.5202,0.5202,67721.0
1652212680000,0.5202,0.5208,0.52,0.5204,248996.0
1652212740000,0.5204,0.5205,0.5194,0.5197,161309.0
1652212800000,0.5196,0.5197,0.5186,0.5192,241245.0
1652212860000,0.5192,0.5193,0.5183,0.5183,191880.0
1652212920000,0.5183,0.5193,0.5182,0.5193,178653.0
1652212980000,0.5194,0.5197,0.5183,0.5185,285071.0
1652213040000,0.5186,0.5192,0.5181,0.5191,335007.0
1652213100000,0.519,0.5211,0.519,0.521,238224.0
1652213160000,0.521,0.5217,0.5209,0.5215,327914.0
1652213220000,0.5216,0.5219,0.5211,0.5215,160515.0
1652213280000,0.5215,0.5216,0.5207,0.5209,374026.0
1652213340000,0.521,0.521,0.5197,0.5199,417400.0
1652213400000,0.5197,0.5199,0.5187,0.5188,264911.0
1652213460000,0.5187,0.5195,0.5185,0.5195,472133.0
1652213520000,0.5196,0.5196,0.5188,0.5188,144576.0
1652213580000,0.5188,0.5191,0.5185,0.519,169494.0
1652213640000,0.519,0.5194,0.5187,0.5188,186108.0
1652213700000,0.5187,0.5188,0.5179,0.5186,393881.0
1652213760000,0.5186,0.5186,0.5179,0.518,124628.0
1652213820000,0.518,0.5192,0.518,0.5189,429119.0
1652213880000,0.5189,0.5201,0.518,0.5197,456674.0
1652213940000,0.5197,0.5198,0.5178,0.5183,409402.0
1652214000000,0.5183,0.5184,0.5176,0.5178,180984.0
1652214060000,0.5178,0.5182,0.5176,0.5182,134796.0
1652214120000,0.5182,0.5183,0.5179,0.518,83476.0
1652214180000,0.518,0.5181,0.5176,0.5178,152481.0
1652214240000,0.5178,0.518,0.5176,0.5176,111099.0
1652214300000,0.5177,0.5179,0.5175,0.5176,292036.0
1652214360000,0.5175,0.5177,0.5175,0.5176,145854.0
1652214420000,0.5176,0.518,0.5175,0.5175,335455.0
1652214480000,0.5175,0.5176,0.5167,0.517,241905.0
1652214540000,0.5169,0.5173,0.5167,0.5171,103931.0
1652214600000,0.5171,0.5171,0.5162,0.5168,367362.0
1652214660000,0.5168,0.5168,0.5161,0.5162,458613.0
1652214720000,0.5162,0.5163,0.5151,0.5151,744306.0
1652214780000,0.515,0.5157,0.5148,0.5156,206933.0
1652214840000,0.5156,0.5156,0.5149,0.5151,369192.0
1652214900000,0.5151,0.5152,0.5133,0.5133,317191.0
1652214960000,0.5133,0.5155,0.5133,0.5153,453909.0
1652215020000,0.5153,0.5153,0.5144,0.5148,293316.0
1652215080000,0.5147,0.5154,0.5147,0.5153,294276.0
1652215140000,0.5152,0.5154,0.5148,0.5149,211141.0
1652215200000,0.5148,0.5156,0.5148,0.5155,213460.0
1652215260000,0.5155,0.5155,0.515,0.5152,203872.0
1652215320000,0.5152,0.5154,0.5147,0.5148,231845.0
1652215380000,0.5147,0.5149,0.5142,0.5146,122165.0
1652215440000,0.5145,0.515,0.5144,0.5145,270750.0
1652215500000,0.5144,0.5145,0.5138,0.5143,330020.0
1652215560000,0.5142,0.5146,0.5135,0.5145,358204.0
1652215620000,0.5145,0.5152,0.5139,0.5147,340323.0
1652215680000,0.5148,0.5148,0.5141,0.5144,121132.0
1652215740000,0.5143,0.5143,0.5131,0.5133,533823.0
1652215800000,0.5134,0.5145,0.5122,0.5122,642746.0
1652215860000,0.5122,0.5128,0.5111,0.5115,734413.0
1652215920000,0.5115,0.5124,0.5114,0.5118,327377.0
1652215980000,0.5118,0.5126,0.5113,0.5121,270610.0
1652216040000,0.5121,0.5126,0.5119,0.5126,218852.0
1652216100000,0.5124,0.5126,0.512,0.5122,182641.0
1652216160000,0.5121,0.5122,0.5116,0.512,268523.0
1652216220000,0.5119,0.5125,0.5116,0.5118,152510.0
1652216280000,0.5117,0.5125,0.5116,0.5119,155330.0
1652216340000,0.5118,0.5127,0.5116,0.5126,227546.0
1652216400000,0.5127,0.513,0.5113,0.5129,444432.0
1652216460000,0.513,0.514,0.5128,0.5136,355254.0
1652216520000,0.5136,0.5145,0.5129,0.5143,430260.0
1652216580000,0.5141,0.5143,0.5122,0.5128,367865.0
1652216640000,0.5129,0.5129,0.5116,0.5117,338341.0
1652216700000,0.5117,0.5137,0.5112,0.5136,379857.0
1652216760000,0.5136,0.5136,0.5125,0.5126,269272.0
1652216820000,0.5127,0.5128,0.5111,0.5115,268702.0
1652216880000,0.5114,0.5123,0.5112,0.5116,275265.0
1652216940000,0.5116,0.5119,0.5109,0.511,301895.0
1652217000000,0.511,0.5116,0.5101,0.5102,373779.0
1652217060000,0.5102,0.5105,0.5097,0.5099,785922.0
1652217120000,0.5101,0.5111,0.5091,0.5107,542857.0
1652217180000,0.5107,0.511,0.5086,0.5088,436874.0
1652217240000,0.5089,0.5105,0.5089,0.5101,418802.0
1652217300000,0.5101,0.5102,0.5092,0.5093,348247.0
1652217360000,0.5093,0.5098,0.509,0.5095,430393.0
1652217420000,0.5095,0.5099,0.5092,0.5095,137007.0
1652217480000,0.5095,0.51,0.509,0.5099,293792.0
1652217540000,0.5098,0.5099,0.5095,0.5098,187902.0
1652217600000,0.5097,0.5103,0.5097,0.5102,141621.0
1652217660000,0.5102,0.5105,0.5097,0.51,259795.0
1652217720000,0.51,0.51,0.5089,0.5089,291606.0
1652217780000,0.5089,0.5089,0.507,0.5076,370272.0
1652217840000,0.5076,0.5078,0.5064,0.507,362083.0
1652217900000,0.5071,0.5073,0.5056,0.5059,1024663.0
1652217960000,0.506,0.506,0.5046,0.5053,369515.0
1652218020000,0.5051,0.5053,0.5035,0.5037,725139.0
1652218080000,0.5036,0.5036,0.503,0.5035,192281.0
1652218140000,0.5034,0.5042,0.5028,0.5038,451428.0
1652218200000,0.5038,0.5043,0.5037,0.504,266595.0
1652218260000,0.5039,0.5041,0.5017,0.502,342226.0
1652218320000,0.502,0.5027,0.5019,0.5026,141633.0
1652218380000,0.5027,0.5027,0.5023,0.5025,133183.0
1652218440000,0.5025,0.5026,0.5023,0.5026,141654.0
1652218500000,0.5025,0.5035,0.5025,0.503,250921.0
1652218560000,0.5032,0.5032,0.5018,0.5018,303026.0
1652218620000,0.5019,0.5022,0.5012,0.5014,464845.0
1652218680000,0.5013,0.5013,0.5,0.5,563217.0
1652218740000,0.5001,0.5002,0.5,0.5,1306546.0
1652218800000,0.5001,0.5004,0.5,0.5001,358288.0
1652218860000,0.5001,0.5005,0.5,0.5,387297.0
1652218920000,0.5,0.5003,0.5,0.5,1103493.0
1652218980000,0.5001,0.5003,0.498,0.498,1556118.0
1652219040000,0.498,0.5001,0.498,0.4997,624014.0
1652219100000,0.4997,0.5007,0.4989,0.4989,447691.0
1652219160000,0.4988,0.5003,0.498,0.5001,527427.0
1652219220000,0.5001,0.5003,0.4994,0.5,369026.0
1652219280000,0.5,0.5008,0.4997,0.5002,313583.0
1652219340000,0.5002,0.5006,0.4994,0.4994,434672.0
1652219400000,0.4993,0.4996,0.4988,0.4995,240129.0
1652219460000,0.4996,0.5002,0.499,0.4991,488295.0
1652219520000,0.499,0.4993,0.4989,0.4989,488678.0
1652219580000,0.4989,0.4991,0.4982,0.4984,514960.0
1652219640000,0.4984,0.4987,0.4978,0.4981,182276.0
1652219700000,0.4982,0.4986,0.497,0.4983,962922.0
1652219760000,0.4983,0.4994,0.4972,0.498,672127.0
1652219820000,0.498,0.498,0.4968,0.4969,417841.0
1652219880000,0.4969,0.4969,0.4932,0.4939,1312980.0
1652219940000,0.4939,0.4976,0.4938,0.4957,708807.0
1652220000000,0.4958,0.4965,0.4953,0.4957,840469.0
1652220060000,0.4956,0.5021,0.4956,0.5021,1142061.0
1652220120000,0.5021,0.5069,0.502,0.5032,1317441.0
1652220180000,0.5031,0.5038,0.5012,0.5015,1199413.0
1652220240000,0.5014,0.5026,0.5007,0.5007,724067.0
1652220300000,0.5006,0.5019,0.5002,0.5014,614728.0
1652220360000,0.5015,0.5048,0.5013,0.5035,616105.0
1652220420000,0.5035,0.5073,0.5033,0.5069,761596.0
1652220480000,0.5069,0.5079,0.5051,0.5057,1201221.0
1652220540000,0.5058,0.508,0.5055,0.5078,492422.0
1652220600000,0.5079,0.5098,0.507,0.5074,1041881.0
1652220660000,0.5074,0.5084,0.5059,0.506,506962.0
1652220720000,0.506,0.506,0.5037,0.5048,1384302.0
1652220780000,0.5047,0.5054,0.5035,0.5044,907372.0
1652220840000,0.5043,0.5073,0.5043,0.507,742184.0
1652220900000,0.5071,0.5071,0.5044,0.5047,609378.0
1652220960000,0.5047,0.5056,0.5038,0.5039,502741.0
1652221020000,0.5039,0.5043,0.5031,0.5033,633459.0
1652221080000,0.5033,0.506,0.5032,0.5058,519282.0
1652221140000,0.5059,0.5072,0.5057,0.5072,518800.0
1652221200000,0.5073,0.5084,0.5069,0.5069,672561.0
1652221260000,0.5069,0.5069,0.5045,0.5046,769797.0
1652221320000,0.5047,0.5062,0.5038,0.5058,696404.0
1652221380000,0.5058,0.5059,0.5049,0.5053,612165.0
1652221440000,0.5052,0.5063,0.5047,0.506,551075.0
1652221500000,0.5061,0.5061,0.5047,0.505,946590.0
1652221560000,0.5052,0.5056,0.5037,0.5039,951122.0
1652221620000,0.5038,0.5049,0.5035,0.5047,620517.0
1652221680000,0.5047,0.5047,0.5032,0.5033,814661.0
1652221740000,0.5034,0.5042,0.5032,0.5036,726579.0
1652221800000,0.5037,0.5039,0.5027,0.503,770801.0
1652221860000,0.5029,0.503,0.5013,0.502,672863.0
1652221920000,0.5019,0.5024,0.5015,0.5015,480954.0
1652221980000,0.5016,0.5021,0.5006,0.5015,674785.0
1652222040000,0.5016,0.5025,0.5015,0.5019,543433.0
1652222100000,0.5019,0.502,0.4989,0.4993,958695.0
1652222160000,0.4993,0.5015,0.4991,0.4998,1219781.0
1652222220000,0.4998,0.5001,0.4987,0.4993,587419.0
1652222280000,0.4994,0.5,0.4986,0.4986,496909.0
1652222340000,0.4985,0.4988,0.4972,0.4984,595812.0
1652222400000,0.4985,0.499,0.498,0.499,1059119.0
1652222460000,0.4989,0.4999,0.4982,0.4994,727331.0
1652222520000,0.4994,0.5012,0.4993,0.5006,715458.0
1652222580000,0.5004,0.5004,0.4986,0.4991,385186.0
1652222640000,0.4991,0.5016,0.4991,0.5013,480285.0
1652222700000,0.5014,0.5029,0.5009,0.502,679891.0
1652222760000,0.502,0.5024,0.5015,0.5019,514242.0
1652222820000,0.5019,0.5022,0.4994,0.4995,819876.0
1652222880000,0.4995,0.4996,0.4974,0.4978,1129349.0
1652222940000,0.4979,0.4992,0.4977,0.499,438396.0
1652223000000,0.4989,0.5014,0.4985,0.5013,556106.0
1652223060000,0.5012,0.5013,0.4995,0.5011,641934.0
1652223120000,0.501,0.5017,0.5001,0.5014,438274.0
1652223180000,0.5014,0.5027,0.5014,0.5024,664381.0
1652223240000,0.5024,0.5045,0.5023,0.5033,760069.0
1652223300000,0.5035,0.5043,0.5028,0.504,588780.0
1652223360000,0.5041,0.5059,0.5038,0.5055,586202.0
1652223420000,0.5056,0.5076,0.5055,0.5075,494505.0
1652223480000,0.5075,0.5076,0.5057,0.5059,481435.0
1652223540000,0.5058,0.506,0.5046,0.5052,484991.0
1652223600000,0.5053,0.5054,0.5038,0.504,879177.0
1652223660000,0.5039,0.5046,0.5032,0.5045,652033.0
1652223720000,0.5045,0.5077,0.5043,0.5074,643734.0
1652223780000,0.5073,0.5094,0.5071,0.5093,749454.0
1652223840000,0.5092,0.5111,0.5082,0.5105,747917.0
1652223900000,0.5104,0.5132,0.5102,0.5118,887828.0
1652223960000,0.5117,0.5122,0.5101,0.5106,467295.0
1652224020000,0.5107,0.5125,0.5106,0.5118,489738.0
1652224080000,0.5118,0.5131,0.5113,0.5118,549196.0
1652224140000,0.5118,0.5149,0.5118,0.5142,590816.0
1652224200000,0.5142,0.5145,0.5122,0.5124,491337.0
1652224260000,0.5124,0.5146,0.512,0.5141,547492.0
1652224320000,0.5141,0.5164,0.5138,0.5158,561197.0
1652224380000,0.5158,0.5161,0.5137,0.5143,561227.0
1652224440000,0.5142,0.5151,0.5132,0.5137,482377.0
1652224500000,0.5135,0.5157,0.5128,0.5154,714656.0
1652224560000,0.5154,0.5163,0.5152,0.5153,530658.0
1652224620000,0.5154,0.516,0.5132,0.5135,571245.0
1652224680000,0.5134,0.5139,0.5127,0.5132,375364.0
1652224740000,0.5131,0.5135,0.5123,0.5124,424666.0
1652224800000,0.5125,0.5126,0.5107,0.5112,509255.0
1652224860000,0.5112,0.5129,0.5111,0.5126,345857.0
1652224920000,0.5125,0.5152,0.512,0.5151,386799.0
1652224980000,0.5152,0.5153,0.5139,0.5146,334009.0
1652225040000,0.5146,0.5149,0.5137,0.5141,815262.0
1652225100000,0.5139,0.5149,0.5137,0.5137,676040.0
1652225160000,0.5138,0.5139,0.5131,0.5136,434876.0
1652225220000,0.5137,0.5155,0.5137,0.5149,246405.0
1652225280000,0.5148,0.5164,0.5144,0.5164,339034.0
1652225340000,0.5163,0.5169,0.5152,0.5155,399370.0
1652225400000,0.5153,0.5158,0.5138,0.5155,408777.0
1652225460000,0.5156,0.5161,0.5148,0.5151,242787.0
1652225520000,0.5151,0.5155,0.5136,0.5152,321760.0
1652225580000,0.5151,0.5153,0.5134,0.5136,244232.0
1652225640000,0.5135,0.5142,0.5128,0.5135,251086.0
1652225700000,0.5135,0.5137,0.5123,0.5135,293805.0
1652225760000,0.5135,0.5139,0.5132,0.5138,213903.0
1652225820000,0.5137,0.5138,0.5124,0.5126,400285.0
1652225880000,0.5126,0.513,0.5112,0.5116,352143.0
1652225940000,0.5117,0.5127,0.5116,0.5121,382604.0
1652226000000,0.5121,0.5122,0.5109,0.5116,376565.0
1652226060000,0.5117,0.5124,0.5117,0.5122,361603.0
1652226120000,0.5122,0.5124,0.51,0.5109,428705.0
1652226180000,0.511,0.5121,0.5107,0.5118,316886.0
1652226240000,0.5119,0.5125,0.5115,0.5119,498393.0
1652226300000,0.5118,0.5118,0.5096,0.5112,603514.0
1652226360000,0.5113,0.513,0.5112,0.5114,346902.0
1652226420000,0.5114,0.5131,0.5114,0.5127,228633.0
1652226480000,0.5127,0.5134,0.5127,0.5131,276955.0
1652226540000,0.5132,0.5134,0.511,0.511,321874.0
1652226600000,0.5111,0.5123,0.5108,0.5117,462701.0
1652226660000,0.5118,0.5121,0.5106,0.5107,258288.0
1652226720000,0.5107,0.5119,0.5107,0.5117,245768.0
1652226780000,0.5118,0.5127,0.5117,0.5127,364725.0
1652226840000,0.5127,0.5135,0.5126,0.5135,123527.0
1652226900000,0.5134,0.5134,0.5126,0.5128,285609.0
1652226960000,0.5129,0.5141,0.5127,0.5128,151059.0
1652227020000,0.5128,0.5149,0.5128,0.5137,211898.0
1652227080000,0.5138,0.5141,0.5134,0.5136,81699.0
1652227140000,0.5135,0.5136,0.5128,0.513,109470.0
1652227200000,0.513,0.5139,0.5113,0.5114,720415.0
