timestamp,open,high,low,close,volume
1655856000000,1125.86,1127.33,1124.44,1124.67,630.6231
1655856060000,1124.67,1124.85,1122.83,1122.86,350.7575
1655856120000,1122.86,1123.5,1120.57,1122.55,684.0926
1655856180000,1122.56,1123.26,1121.0,1121.01,675.2695
1655856240000,1121.0,1122.62,1119.61,1121.11,2113.3195
1655856300000,1121.11,1122.34,1120.7,1121.12,398.9253
1655856360000,1121.12,1121.52,1117.48,1118.87,1043.5754
1655856420000,1118.86,1119.28,1116.8,1117.9,644.6144
1655856480000,1117.91,1117.91,1115.56,1116.09,1988.4864
1655856540000,1116.1,1116.1,1107.22,1114.35,5913.5053
1655856600000,1114.36,1117.33,1113.36,1113.73,721.2141
1655856660000,1113.74,1114.7,1109.1,1109.72,711.85
1655856720000,1109.73,1111.59,1105.3,1111.49,2253.128
1655856780000,1111.48,1111.96,1108.64,1109.83,979.9439
1655856840000,1109.84,1111.99,1109.36,1109.87,731.8464
1655856900000,1109.87,1110.82,1105.73,1107.31,1315.2761
1655856960000,1107.31,1111.08,1106.2,1110.7,2564.21
1655857020000,1110.71,1113.86,1110.66,1111.01,1577.5947
1655857080000,1111.01,1113.19,1110.91,1112.3,675.5766
1655857140000,1112.31,1112.31,1110.67,1112.14,441.1643
1655857200000,1112.14,1113.65,1111.65,1113.63,352.4333
1655857260000,1113.62,1114.32,1112.75,1113.16,513.5497
1655857320000,1113.15,1114.14,1112.22,1113.62,317.6541
1655857380000,1113.62,1116.72,1113.58,1116.59,774.3081
1655857440000,1116.6,1116.6,1114.01,1114.02,771.3444
1655857500000,1114.01,1115.5,1113.99,1115.13,335.6782
1655857560000,1115.14,1116.41,1114.81,1114.96,389.6348
1655857620000,1114.95,1116.57,1114.8,1116.3,411.616
1655857680000,1116.31,1118.98,1115.81,1117.94,1074.7615
1655857740000,1117.95,1118.84,1117.94,1118.26,454.8722
1655857800000,1118.27,1119.94,1118.0,1118.46,890.2034
1655857860000,1118.46,1123.4,1118.4,1122.29,993.1507
1655857920000,1122.29,1124.34,1121.04,1121.45,912.988
1655857980000,1121.45,1121.63,1120.57,1120.8,280.0542
1655858040000,1120.79,1121.3,1120.0,1120.16,317.506
1655858100000,1120.16,1124.22,1119.61,1123.36,455.9902
1655858160000,1123.37,1123.9,1122.68,1123.59,461.0231
1655858220000,1123.58,1123.82,1122.0,1122.17,988.7924
1655858280000,1122.17,1122.99,1121.63,1122.46,335.019
1655858340000,1122.45,1123.48,1122.0,1122.8,853.3616
1655858400000,1122.8,1123.0,1121.96,1122.63,464.793
1655858460000,1122.64,1123.44,1122.17,1122.47,507.2413
1655858520000,1122.47,1122.85,1122.05,1122.15,724.7014
1655858580000,1122.16,1125.81,1122.01,1123.79,1685.5346
1655858640000,1123.8,1125.0,1122.54,1122.66,1779.7265
1655858700000,1122.65,1122.67,1119.94,1120.41,946.7512
1655858760000,1120.42,1120.42,1117.31,1118.16,685.727
1655858820000,1118.17,1121.64,1118.16,1119.47,763.9826
1655858880000,1119.47,1120.32,1117.56,1118.47,613.4379
1655858940000,1118.47,1119.84,1118.0,1118.16,475.5875
1655859000000,1118.17,1118.49,1115.23,1116.46,546.6356
1655859060000,1116.46,1118.01,1116.46,1117.58,368.8016
1655859120000,1117.57,1117.78,1116.46,1116.5,303.5655
1655859180000,1116.51,1117.0,1113.74,1114.11,522.5677
1655859240000,1114.1,1115.78,1112.1,1115.01,788.1322
1655859300000,1115.0,1117.01,1114.76,1116.96,821.1642
1655859360000,1116.96,1116.96,1116.36,1116.46,138.341
1655859420000,1116.47,1118.86,1116.46,1117.65,658.9683
1655859480000,1117.65,1119.49,1117.53,1119.12,237.5749
1655859540000,1119.13,1119.13,1117.93,1118.13,380.4921
1655859600000,1118.12,1118.13,1112.18,1112.18,1513.793
1655859660000,1112.23,1116.51,1112.0,1114.82,1390.1382
1655859720000,1114.83,1115.54,1114.48,1114.92,241.913
1655859780000,1114.93,1114.93,1112.5,1113.22,1672.165
1655859840000,1113.23,1113.55,1112.68,1113.42,274.1476
1655859900000,1113.42,1115.0,1112.61,1115.0,876.2349
1655859960000,1115.0,1118.84,1114.99,1118.81,863.954
1655860020000,1118.81,1124.25,1118.67,1122.05,1719.2719
1655860080000,1122.05,1123.93,1121.58,1122.76,975.8073
1655860140000,1122.76,1122.8,1120.18,1121.35,511.975
1655860200000,1121.34,1123.49,1121.34,1123.38,1200.682
1655860260000,1123.38,1124.0,1122.03,1122.03,837.1467
1655860320000,1122.03,1122.5,1121.36,1121.79,410.3832
1655860380000,1121.79,1122.68,1120.52,1120.86,470.5999
1655860440000,1120.85,1122.31,1120.78,1120.89,563.7783
1655860500000,1120.89,1122.27,1119.74,1121.81,571.0716
1655860560000,1121.81,1123.37,1121.6,1122.5,574.459
1655860620000,1122.51,1123.21,1122.13,1122.13,382.1465
1655860680000,1122.13,1124.27,1122.13,1123.11,421.9186
1655860740000,1123.12,1124.64,1122.64,1123.93,427.6952
1655860800000,1123.94,1124.17,1123.01,1123.75,223.6028
1655860860000,1123.74,1124.19,1122.94,1124.08,453.1358
1655860920000,1124.09,1124.09,1122.8,1122.8,132.5231
1655860980000,1122.81,1123.81,1122.66,1123.8,453.2278
1655861040000,1123.81,1123.81,1123.45,1123.81,124.9287
1655861100000,1123.8,1123.81,1121.43,1122.12,629.2226
1655861160000,1122.11,1122.76,1121.72,1122.24,187.1304
1655861220000,1122.23,1123.68,1121.93,1123.38,230.0274
1655861280000,1123.39,1125.1,1121.17,1121.3,716.0711
1655861340000,1121.31,1121.31,1117.5,1119.79,1258.8719
1655861400000,1119.8,1126.56,1119.43,1125.06,1072.5724
1655861460000,1125.07,1126.03,1123.67,1125.75,1188.199
1655861520000,1125.74,1125.74,1123.85,1124.34,458.2578
1655861580000,1124.35,1125.38,1123.84,1124.0,425.1102
1655861640000,1124.0,1124.45,1123.86,1124.24,198.0295
1655861700000,1124.23,1125.5,1122.57,1122.77,1365.2411
1655861760000,1122.76,1124.29,1122.48,1123.17,220.2668
1655861820000,1123.18,1123.7,1121.93,1123.3,296.4205
1655861880000,1123.29,1124.39,1122.72,1124.38,266.0846
1655861940000,1124.38,1124.86,1123.69,1124.61,286.8
1655862000000,1124.61,1125.5,1123.62,1123.66,711.7463
1655862060000,1123.66,1124.12,1122.74,1122.74,597.4167
1655862120000,1122.74,1122.75,1118.67,1119.18,2837.8562
1655862180000,1119.18,1119.67,1116.86,1118.17,751.8227
1655862240000,1118.18,1118.25,1116.6,1116.71,1196.9086
1655862300000,1116.71,1117.61,1115.0,1115.69,1164.1619
1655862360000,1115.7,1115.75,1112.7,1112.87,1583.2043
1655862420000,1112.87,1114.93,1112.2,1112.23,975.9741
1655862480000,1112.23,1112.59,1110.8,1110.82,1163.505
1655862540000,1110.82,1114.6,1110.7,1114.25,1693.0933
1655862600000,1114.26,1115.35,1113.61,1114.29,1679.5405
1655862660000,1114.29,1114.79,1110.93,1111.28,943.033
1655862720000,1111.28,1111.29,1107.64,1110.43,1199.3827
1655862780000,1110.44,1113.19,1108.42,1110.67,1253.1898
1655862840000,1110.68,1111.39,1106.38,1106.44,2350.7536
1655862900000,1106.45,1108.26,1101.42,1103.33,2558.3707
1655862960000,1103.33,1105.59,1101.6,1104.95,2241.3166
1655863020000,1104.96,1105.85,1103.76,1103.77,548.1165
1655863080000,1103.77,1104.49,1102.61,1103.5,975.2269
1655863140000,1103.5,1104.0,1101.56,1101.69,627.5949
1655863200000,1101.69,1104.96,1101.15,1103.62,1032.5164
1655863260000,1103.63,1105.0,1103.19,1103.19,593.6699
1655863320000,1103.19,1103.2,1094.58,1098.39,6347.1686
1655863380000,1098.29,1104.98,1097.4,1102.7,1720.5996
1655863440000,1102.7,1104.52,1101.41,1103.96,745.2344
1655863500000,1103.96,1105.56,1103.61,1103.82,1330.3275
1655863560000,1103.83,1106.62,1102.74,1102.82,985.7038
1655863620000,1102.82,1103.71,1098.02,1098.83,1921.929
1655863680000,1098.84,1101.98,1097.65,1099.58,1777.2051
1655863740000,1099.59,1101.68,1099.58,1100.24,484.9797
1655863800000,1100.24,1101.0,1099.45,1100.68,491.1298
1655863860000,1100.72,1102.69,1100.08,1102.12,456.1044
1655863920000,1102.12,1102.13,1097.94,1097.94,868.3209
1655863980000,1097.95,1099.07,1096.62,1097.44,965.6785
1655864040000,1097.44,1100.26,1094.7,1098.51,2706.6295
1655864100000,1098.5,1099.04,1097.17,1097.44,521.6261
1655864160000,1097.45,1101.22,1097.44,1100.08,671.9914
1655864220000,1100.08,1102.66,1100.08,1101.34,552.3255
1655864280000,1101.33,1101.6,1100.86,1101.21,394.3026
1655864340000,1101.22,1102.61,1098.7,1099.0,798.5767
1655864400000,1099.0,1100.43,1098.63,1099.33,474.3436
1655864460000,1099.33,1099.84,1098.23,1099.81,376.8129
1655864520000,1099.81,1102.72,1098.95,1102.42,504.0372
1655864580000,1102.42,1102.72,1101.33,1101.42,340.9997
1655864640000,1101.42,1102.27,1099.56,1100.36,622.7609
1655864700000,1100.35,1101.25,1099.87,1101.05,437.3711
1655864760000,1101.04,1103.09,1100.75,1102.72,725.5768
1655864820000,1102.71,1104.4,1102.07,1103.72,572.3919
1655864880000,1103.71,1105.2,1103.46,1105.17,500.2706
1655864940000,1105.17,1105.18,1104.11,1104.71,363.5637
1655865000000,1104.7,1105.42,1103.79,1104.41,431.4439
1655865060000,1104.41,1104.93,1103.73,1104.85,437.3152
1655865120000,1104.84,1106.0,1103.75,1105.75,400.3965
1655865180000,1105.76,1106.25,1104.99,1105.92,522.0845
1655865240000,1105.91,1105.92,1105.01,1105.02,341.9109
1655865300000,1105.01,1106.36,1104.01,1104.38,742.2529
1655865360000,1104.38,1106.65,1104.01,1106.42,686.2453
1655865420000,1106.43,1106.43,1103.09,1104.39,743.5744
1655865480000,1104.39,1108.08,1103.73,1107.14,1338.0534
1655865540000,1107.13,1107.15,1105.7,1105.84,516.0803
1655865600000,1105.84,1106.75,1105.73,1106.48,287.2237
1655865660000,1106.48,1107.35,1106.27,1106.87,512.1624
1655865720000,1106.87,1107.17,1105.52,1106.37,360.1202
1655865780000,1106.37,1107.25,1106.14,1106.47,180.9733
1655865840000,1106.48,1106.48,1104.47,1105.44,572.5606
1655865900000,1105.44,1107.72,1104.5,1107.53,539.6671
1655865960000,1107.53,1107.83,1106.98,1107.2,476.5402
1655866020000,1107.19,1107.24,1105.67,1106.15,409.0675
1655866080000,1106.15,1107.04,1105.71,1106.25,298.0678
1655866140000,1106.25,1106.52,1105.73,1106.21,204.9376
1655866200000,1106.21,1107.03,1105.65,1106.48,354.8522
1655866260000,1106.48,1106.51,1098.84,1101.03,2857.486
1655866320000,1101.03,1102.76,1099.73,1102.03,896.7487
1655866380000,1102.03,1104.02,1100.31,1103.99,1041.1183
1655866440000,1103.98,1105.19,1103.37,1103.62,528.1973
1655866500000,1103.62,1103.63,1101.65,1101.75,278.4391
1655866560000,1101.76,1102.25,1099.73,1101.98,947.673
1655866620000,1101.97,1103.08,1101.31,1103.08,328.4781
1655866680000,1103.08,1103.08,1101.52,1102.43,565.9641
1655866740000,1102.43,1102.91,1101.91,1102.87,511.3644
1655866800000,1102.87,1104.08,1100.64,1102.08,749.6251
1655866860000,1102.07,1103.98,1101.35,1103.58,429.5816
1655866920000,1103.58,1104.7,1102.91,1104.59,609.3913
1655866980000,1104.59,1105.12,1103.86,1104.64,254.9611
1655867040000,1104.65,1106.29,1104.25,1104.25,456.4625
1655867100000,1104.26,1105.65,1103.81,1105.59,184.2387
1655867160000,1105.58,1105.59,1103.49,1103.98,795.5411
1655867220000,1103.98,1104.66,1103.92,1104.23,247.2953
1655867280000,1104.24,1104.92,1104.18,1104.67,279.8191
1655867340000,1104.68,1104.88,1104.25,1104.37,372.2981
1655867400000,1104.37,1106.31,1102.82,1103.55,1047.9192
1655867460000,1103.55,1103.58,1100.79,1101.08,806.0924
1655867520000,1101.08,1103.46,1101.02,1102.98,499.5207
1655867580000,1102.98,1104.73,1102.97,1103.56,281.3528
1655867640000,1103.56,1104.04,1101.81,1103.82,878.1032
1655867700000,1103.82,1106.0,1103.32,1106.0,1036.6054
1655867760000,1105.99,1106.35,1104.26,1105.67,553.4986
1655867820000,1105.67,1105.78,1104.43,1105.44,708.2701
1655867880000,1105.44,1105.44,1104.86,1105.01,307.6285
1655867940000,1105.02,1106.78,1104.68,1106.13,369.5578
1655868000000,1106.13,1106.14,1104.85,1105.59,555.811
1655868060000,1105.58,1105.85,1104.96,1105.36,265.4099
1655868120000,1105.36,1105.8,1104.76,1105.17,306.3494
1655868180000,1105.16,1105.86,1105.0,1105.04,243.3182
1655868240000,1105.03,1105.21,1103.82,1104.24,312.8312
1655868300000,1104.24,1105.38,1103.86,1103.95,272.123
1655868360000,1103.96,1105.84,1103.58,1105.42,524.8849
1655868420000,1105.42,1106.73,1104.98,1106.17,480.7912
1655868480000,1106.16,1106.77,1104.5,1105.16,508.8596
1655868540000,1105.16,1105.16,1103.9,1103.95,132.4202
1655868600000,1103.95,1106.0,1103.8,1105.93,259.7225
1655868660000,1105.94,1105.94,1101.1,1101.11,783.3384
1655868720000,1101.11,1102.25,1099.19,1102.24,753.033
1655868780000,1102.25,1104.12,1102.19,1103.43,469.0777
1655868840000,1103.42,1104.39,1102.8,1103.87,473.2048
1655868900000,1103.88,1103.88,1102.56,1102.72,257.4144
1655868960000,1102.72,1102.9,1101.55,1102.47,307.1232
1655869020000,1102.47,1103.07,1101.84,1102.29,246.5499
1655869080000,1102.29,1102.63,1101.32,1101.6,173.5612
1655869140000,1101.59,1101.7,1100.85,1101.13,338.8944
1655869200000,1101.12,1101.6,1099.05,1099.33,631.8913
1655869260000,1099.32,1099.58,1095.79,1097.17,1180.462
1655869320000,1097.17,1097.51,1095.12,1095.36,686.927
1655869380000,1095.36,1096.45,1091.02,1096.45,1935.3348
1655869440000,1096.45,1096.75,1095.61,1095.66,559.3911
1655869500000,1095.67,1096.04,1092.07,1093.17,918.9454
1655869560000,1093.17,1093.18,1087.39,1090.45,3502.6007
1655869620000,1090.45,1091.93,1089.0,1091.74,2337.7954
1655869680000,1091.74,1092.78,1090.83,1090.97,1135.249
1655869740000,1090.96,1090.97,1086.5,1088.25,3365.2578
1655869800000,1088.26,1089.53,1087.53,1087.8,449.6948
1655869860000,1087.81,1089.3,1086.89,1088.49,749.3348
1655869920000,1088.49,1089.89,1087.44,1089.0,758.0803
1655869980000,1089.01,1089.37,1088.07,1088.76,403.2242
1655870040000,1088.76,1089.53,1088.03,1088.4,298.0066
1655870100000,1088.4,1088.73,1087.28,1088.27,404.8081
1655870160000,1088.27,1089.42,1088.07,1088.97,349.0937
1655870220000,1088.97,1089.44,1088.49,1088.5,391.8922
1655870280000,1088.5,1089.16,1088.27,1089.0,305.5631
1655870340000,1089.0,1089.97,1088.86,1089.3,992.167
1655870400000,1089.3,1090.22,1087.58,1087.91,1496.7705
1655870460000,1087.92,1088.07,1086.52,1086.88,576.8391
1655870520000,1086.88,1087.94,1084.94,1087.8,2053.4909
1655870580000,1087.81,1090.73,1087.47,1090.33,1173.112
1655870640000,1090.32,1091.39,1090.0,1090.88,461.6917
1655870700000,1090.88,1094.63,1090.77,1093.58,1310.8656
1655870760000,1093.58,1096.5,1093.29,1094.77,666.102
1655870820000,1094.77,1095.65,1093.4,1093.78,567.7231
1655870880000,1093.79,1094.33,1092.42,1093.2,347.6731
1655870940000,1093.2,1094.2,1093.2,1094.2,374.8598
1655871000000,1094.2,1095.2,1093.99,1094.4,392.3452
1655871060000,1094.41,1095.22,1093.49,1094.09,337.0263
1655871120000,1094.09,1094.78,1093.22,1093.94,568.259
1655871180000,1093.94,1096.42,1093.68,1096.41,377.5244
1655871240000,1096.42,1097.11,1095.67,1095.87,466.8356
1655871300000,1095.87,1096.75,1090.26,1091.83,6580.962
1655871360000,1091.83,1092.53,1091.25,1091.52,728.1812
1655871420000,1091.51,1093.27,1090.88,1092.16,773.5867
1655871480000,1092.15,1095.71,1091.91,1095.09,503.4636
1655871540000,1095.1,1095.72,1094.41,1095.15,412.154
1655871600000,1095.15,1095.61,1093.39,1093.91,666.7854
1655871660000,1093.91,1095.07,1093.81,1094.14,468.9784
1655871720000,1094.1,1095.0,1093.81,1094.54,368.4389
1655871780000,1094.53,1095.32,1092.93,1092.93,502.1643
1655871840000,1092.94,1093.5,1091.65,1093.28,566.3558
1655871900000,1093.29,1094.4,1092.73,1094.06,437.2568
1655871960000,1094.05,1095.28,1093.95,1094.62,466.4037
1655872020000,1094.62,1094.94,1092.77,1092.84,259.2934
1655872080000,1092.85,1093.46,1090.93,1091.13,657.4338
1655872140000,1091.12,1092.94,1091.12,1091.85,571.2832
1655872200000,1091.86,1094.02,1091.85,1093.41,437.493
1655872260000,1093.41,1094.11,1092.91,1093.4,131.2555
1655872320000,1093.4,1094.5,1092.99,1093.63,226.9944
1655872380000,1093.63,1094.04,1092.08,1093.11,481.003
1655872440000,1093.18,1096.75,1093.11,1093.68,1137.1757
1655872500000,1093.69,1093.69,1092.33,1093.06,500.2632
1655872560000,1093.06,1094.51,1089.58,1090.13,1477.8671
1655872620000,1090.14,1090.55,1088.01,1088.83,1336.6037
1655872680000,1088.84,1089.64,1087.5,1089.07,1163.6522
1655872740000,1089.07,1090.83,1088.85,1088.9,403.0611
1655872800000,1088.9,1089.09,1087.35,1088.12,625.9608
1655872860000,1088.13,1089.06,1087.08,1089.06,678.1957
1655872920000,1089.06,1091.94,1089.05,1091.83,836.2756
1655872980000,1091.83,1094.04,1091.82,1094.03,548.9071
1655873040000,1094.04,1095.67,1093.76,1095.32,672.2328
1655873100000,1095.32,1096.9,1093.48,1096.62,1131.5028
1655873160000,1096.63,1102.2,1096.62,1100.87,1564.0445
1655873220000,1100.86,1100.87,1099.01,1100.46,659.6335
1655873280000,1100.45,1102.0,1099.21,1099.88,1972.5206
1655873340000,1099.88,1100.17,1097.83,1098.32,489.7073
1655873400000,1098.31,1101.42,1097.19,1100.41,717.5166
1655873460000,1100.42,1100.69,1099.61,1099.71,230.0068
1655873520000,1099.71,1100.25,1098.56,1098.91,363.6427
1655873580000,1098.9,1100.28,1098.57,1099.3,278.33
1655873640000,1099.29,1099.76,1098.95,1099.26,298.837
1655873700000,1099.26,1099.93,1098.36,1098.6,442.5272
1655873760000,1098.6,1099.45,1098.27,1098.99,367.4672
1655873820000,1099.0,1099.95,1098.24,1098.69,795.6223
1655873880000,1098.69,1100.11,1098.45,1099.7,335.199
1655873940000,1099.69,1099.91,1099.01,1099.45,161.2094
1655874000000,1099.45,1100.46,1099.2,1100.25,455.9545
1655874060000,1100.26,1101.68,1099.68,1101.68,633.8164
1655874120000,1101.64,1101.7,1100.22,1100.46,500.2858
1655874180000,1100.45,1100.64,1099.22,1099.7,439.3542
1655874240000,1099.7,1101.93,1099.7,1100.89,881.9117
1655874300000,1100.89,1102.92,1100.68,1102.6,1214.9573
1655874360000,1102.6,1106.65,1102.47,1105.28,1213.4738
1655874420000,1105.28,1105.78,1104.33,1104.34,725.6553
1655874480000,1104.34,1104.92,1102.71,1103.07,392.2434
1655874540000,1103.07,1103.07,1102.15,1102.41,283.862
1655874600000,1102.4,1103.99,1102.35,1103.3,566.6233
1655874660000,1103.31,1103.74,1102.47,1102.69,339.138
1655874720000,1102.69,1102.98,1101.12,1101.41,336.0493
1655874780000,1101.41,1103.46,1101.09,1102.63,397.7505
1655874840000,1102.64,1103.36,1101.49,1101.63,576.2715
1655874900000,1101.64,1102.83,1101.34,1101.9,553.0196
1655874960000,1101.91,1103.45,1101.36,1102.72,489.1597
1655875020000,1102.72,1103.75,1102.71,1103.55,222.0701
1655875080000,1103.56,1104.23,1103.13,1103.49,315.2895
1655875140000,1103.49,1103.87,1103.3,1103.54,147.9957
1655875200000,1103.54,1103.91,1103.0,1103.9,287.7068
1655875260000,1103.91,1104.85,1103.55,1104.77,403.4588
1655875320000,1104.77,1105.16,1104.04,1104.9,322.5088
1655875380000,1104.91,1105.71,1104.4,1105.7,297.9215
1655875440000,1105.7,1106.89,1104.91,1104.91,827.8593
1655875500000,1104.92,1105.68,1104.56,1104.94,329.3435
1655875560000,1104.95,1104.95,1103.1,1103.13,365.3408
1655875620000,1103.13,1104.21,1102.89,1102.9,458.4911
1655875680000,1102.89,1104.21,1102.86,1103.9,313.7009
1655875740000,1103.9,1104.0,1102.95,1103.99,152.5732
1655875800000,1103.99,1104.35,1103.39,1103.41,282.4634
1655875860000,1103.41,1104.02,1102.2,1103.52,546.0507
1655875920000,1103.52,1104.86,1103.18,1104.11,263.2546
1655875980000,1104.12,1106.38,1104.07,1105.18,783.0554
1655876040000,1105.19,1105.64,1103.35,1103.67,485.4236
1655876100000,1103.66,1103.77,1098.85,1101.34,1673.4397
1655876160000,1101.34,1101.88,1099.93,1100.62,1441.043
1655876220000,1100.61,1101.18,1100.0,1100.45,499.7445
1655876280000,1100.45,1101.58,1100.44,1101.07,385.285
1655876340000,1101.08,1101.08,1100.13,1100.71,338.5384
1655876400000,1100.71,1100.71,1099.31,1099.83,412.7251
1655876460000,1099.83,1100.0,1098.9,1099.51,537.0549
1655876520000,1099.5,1100.16,1099.16,1099.57,472.8381
1655876580000,1099.57,1099.78,1097.75,1098.42,387.6726
1655876640000,1098.41,1099.47,1097.76,1099.03,468.9597
1655876700000,1099.03,1099.93,1098.51,1099.71,531.585
1655876760000,1099.71,1100.99,1097.64,1098.26,714.1301
1655876820000,1098.26,1099.36,1098.25,1098.78,228.106
1655876880000,1098.79,1099.26,1098.52,1098.6,205.3496
1655876940000,1098.61,1099.88,1098.01,1098.31,732.6708
1655877000000,1098.31,1098.88,1097.54,1098.44,262.379
1655877060000,1098.44,1098.54,1095.73,1096.21,729.9153
1655877120000,1096.21,1096.52,1094.43,1095.7,833.8053
1655877180000,1095.7,1096.02,1093.99,1094.23,788.6628
1655877240000,1094.23,1095.21,1093.73,1094.05,422.9802
1655877300000,1094.05,1094.25,1093.11,1093.5,500.0182
1655877360000,1093.51,1094.59,1092.54,1094.58,317.5939
1655877420000,1094.59,1094.85,1093.74,1094.48,486.4468
1655877480000,1094.47,1095.41,1094.47,1095.09,357.0002
1655877540000,1095.08,1095.63,1093.16,1093.17,244.2301
1655877600000,1093.16,1094.86,1093.16,1093.39,373.578
1655877660000,1093.39,1093.39,1090.66,1092.37,888.4494
1655877720000,1092.36,1094.62,1092.14,1094.41,400.0151
1655877780000,1094.41,1096.11,1094.41,1095.97,425.4596
1655877840000,1095.98,1097.02,1094.57,1096.8,617.0591
1655877900000,1096.8,1098.41,1096.71,1098.03,260.1039
1655877960000,1098.03,1098.52,1097.35,1098.42,391.3599
1655878020000,1098.41,1098.92,1096.0,1096.06,820.0787
1655878080000,1096.07,1097.02,1096.06,1096.77,146.8366
1655878140000,1096.78,1097.31,1096.77,1096.86,162.9834
1655878200000,1096.85,1098.01,1096.49,1096.65,441.8181
1655878260000,1096.64,1096.99,1095.89,1096.55,250.4868
1655878320000,1096.55,1098.37,1096.16,1096.17,641.5566
1655878380000,1096.17,1096.3,1093.28,1094.0,404.4572
1655878440000,1093.99,1094.0,1091.9,1092.66,469.683
1655878500000,1092.66,1093.41,1089.15,1090.01,2826.9556
1655878560000,1090.0,1091.48,1089.15,1090.22,628.6584
1655878620000,1090.21,1090.84,1087.41,1087.66,668.7283
1655878680000,1087.67,1087.91,1077.39,1081.36,7588.8775
1655878740000,1081.36,1081.37,1076.88,1079.39,6616.0166
1655878800000,1079.39,1079.61,1075.76,1076.29,2903.1527
1655878860000,1076.29,1078.16,1074.69,1075.44,1650.6858
1655878920000,1075.43,1077.69,1073.71,1074.06,1108.8901
1655878980000,1074.06,1079.19,1074.06,1078.72,3080.2241
1655879040000,1078.71,1081.94,1077.33,1079.61,1684.711
1655879100000,1079.61,1081.77,1079.53,1081.38,930.1191
1655879160000,1081.39,1082.02,1077.59,1077.6,712.3337
1655879220000,1077.6,1080.0,1077.2,1078.39,1681.0195
1655879280000,1078.4,1079.6,1075.77,1076.26,1501.2238
1655879340000,1076.26,1077.69,1073.94,1074.0,1797.7029
1655879400000,1074.01,1077.38,1072.8,1076.61,2072.0173
1655879460000,1076.6,1076.64,1072.87,1073.4,1030.943
1655879520000,1073.4,1076.41,1070.0,1073.65,3174.6838
1655879580000,1073.65,1075.28,1073.08,1074.53,1342.2673
1655879640000,1074.53,1075.29,1072.3,1072.94,835.717
1655879700000,1072.93,1075.23,1072.93,1074.33,872.7481
1655879760000,1074.34,1075.99,1073.94,1075.87,842.5957
1655879820000,1075.88,1077.2,1075.42,1076.73,1101.841
1655879880000,1076.72,1078.78,1076.5,1076.5,1107.9225
1655879940000,1076.5,1077.39,1075.22,1075.6,510.2785
1655880000000,1075.6,1076.81,1075.11,1075.11,713.8117
1655880060000,1075.12,1077.15,1075.0,1077.09,804.1887
1655880120000,1077.08,1077.48,1075.72,1076.83,411.7971
1655880180000,1076.84,1076.94,1074.73,1074.96,540.3851
1655880240000,1074.96,1075.71,1074.51,1074.61,275.0877
1655880300000,1074.62,1077.48,1074.44,1077.35,948.6659
1655880360000,1077.34,1081.2,1077.34,1081.2,1716.2354
1655880420000,1081.2,1082.66,1079.82,1082.45,1035.4847
1655880480000,1082.45,1084.17,1081.39,1081.85,908.4244
1655880540000,1081.85,1082.21,1080.0,1082.21,558.3002
1655880600000,1082.2,1082.25,1079.47,1080.23,793.4576
1655880660000,1080.23,1082.36,1079.39,1081.48,777.5144
1655880720000,1081.48,1082.28,1080.23,1080.73,606.8133
1655880780000,1080.73,1081.37,1080.01,1080.38,266.2813
1655880840000,1080.39,1081.07,1079.95,1080.22,452.1658
1655880900000,1080.21,1080.44,1078.64,1079.5,1237.7063
1655880960000,1079.5,1079.8,1077.89,1078.23,622.383
1655881020000,1078.23,1078.69,1076.79,1077.0,568.1685
1655881080000,1077.01,1079.79,1076.1,1079.23,1207.3663
1655881140000,1079.23,1080.4,1078.31,1078.87,572.4274
1655881200000,1078.87,1079.81,1078.31,1079.81,436.9424
1655881260000,1079.8,1080.0,1076.89,1077.1,546.257
1655881320000,1077.1,1077.1,1074.59,1074.61,1130.9485
1655881380000,1074.6,1075.81,1074.6,1075.23,618.0736
1655881440000,1075.27,1078.85,1075.16,1076.55,744.4242
1655881500000,1076.54,1077.74,1074.59,1075.72,903.0478
1655881560000,1075.71,1075.72,1073.33,1073.45,1122.8007
1655881620000,1073.46,1074.31,1072.79,1073.15,1018.6577
1655881680000,1073.14,1074.23,1072.64,1072.74,1041.515
1655881740000,1072.75,1073.71,1066.6,1068.32,8406.7416
1655881800000,1068.31,1073.2,1068.16,1072.71,4759.2607
1655881860000,1072.72,1078.67,1072.44,1077.7,2106.4084
1655881920000,1077.72,1078.46,1075.2,1078.45,1144.614
1655881980000,1078.45,1079.7,1077.28,1077.86,1011.4811
1655882040000,1077.86,1080.46,1076.64,1080.1,654.7578
1655882100000,1080.09,1083.1,1080.0,1082.34,1739.0512
1655882160000,1082.34,1084.8,1081.49,1081.86,2277.2491
1655882220000,1081.85,1081.92,1079.09,1079.12,959.7784
1655882280000,1079.12,1080.6,1078.52,1080.59,918.5144
1655882340000,1080.59,1080.6,1077.2,1078.4,689.1016
1655882400000,1078.41,1078.41,1076.32,1076.33,686.9142
1655882460000,1076.33,1077.06,1076.0,1076.78,685.9188
1655882520000,1076.78,1079.31,1076.48,1078.89,595.7164
1655882580000,1078.9,1079.81,1078.37,1079.8,399.3485
1655882640000,1079.81,1081.03,1079.08,1079.24,844.5379
1655882700000,1079.25,1082.43,1079.21,1082.42,527.3181
1655882760000,1082.42,1082.43,1080.61,1081.0,668.8126
1655882820000,1080.96,1081.7,1080.25,1080.39,292.2177
1655882880000,1080.43,1081.89,1080.38,1080.39,490.3678
1655882940000,1080.38,1081.85,1080.14,1080.27,363.058
1655883000000,1080.27,1081.47,1079.65,1080.9,513.4836
1655883060000,1080.91,1082.75,1080.69,1082.11,423.9386
1655883120000,1082.1,1082.84,1081.42,1081.43,383.2476
1655883180000,1081.42,1082.88,1080.5,1082.45,574.8685
1655883240000,1082.46,1082.92,1082.01,1082.01,241.6223
1655883300000,1082.01,1082.52,1081.16,1081.96,346.4847
1655883360000,1081.95,1083.34,1081.5,1082.47,357.0377
1655883420000,1082.47,1085.61,1082.46,1084.03,1470.4902
1655883480000,1084.03,1084.03,1082.74,1082.74,473.5849
1655883540000,1082.75,1082.75,1081.55,1082.23,220.519
1655883600000,1082.22,1082.39,1081.34,1082.38,229.9538
1655883660000,1082.39,1082.79,1081.2,1081.53,278.3853
1655883720000,1081.53,1081.87,1078.9,1079.41,1047.2799
1655883780000,1079.4,1079.61,1077.95,1078.15,877.2554
1655883840000,1078.15,1078.9,1077.5,1077.98,419.3063
1655883900000,1077.98,1079.14,1076.0,1076.0,586.2682
1655883960000,1076.0,1076.48,1073.99,1074.44,929.0235
1655884020000,1074.44,1076.02,1074.15,1075.01,416.5666
1655884080000,1075.01,1077.99,1074.01,1077.43,791.4443
1655884140000,1077.43,1078.81,1077.17,1077.65,657.2298
1655884200000,1077.64,1080.91,1077.56,1080.9,543.1555
1655884260000,1080.9,1082.46,1079.32,1079.32,837.5982
1655884320000,1079.32,1079.33,1073.25,1074.35,1093.3744
1655884380000,1074.35,1078.12,1073.72,1076.88,572.1067
1655884440000,1076.88,1078.03,1075.13,1075.13,632.4128
1655884500000,1075.14,1075.91,1073.06,1075.05,895.3967
1655884560000,1075.05,1077.43,1075.05,1076.98,570.5215
1655884620000,1076.99,1077.18,1074.74,1075.49,253.1934
1655884680000,1075.49,1075.49,1073.53,1073.96,439.0692
1655884740000,1073.96,1075.3,1073.36,1075.24,623.0126
1655884800000,1075.25,1075.68,1073.15,1074.14,843.5605
1655884860000,1074.14,1075.97,1073.78,1074.44,399.5709
1655884920000,1074.44,1075.02,1072.97,1074.02,557.8403
1655884980000,1074.01,1074.2,1070.88,1070.88,738.9364
1655885040000,1070.89,1072.99,1069.69,1069.97,2468.7395
1655885100000,1069.96,1072.77,1069.24,1071.89,856.3277
1655885160000,1071.89,1074.0,1071.63,1072.86,592.8489
1655885220000,1072.87,1073.93,1072.28,1072.8,638.7226
1655885280000,1072.8,1076.03,1072.38,1075.57,745.5394
1655885340000,1075.56,1077.26,1075.39,1076.66,708.5463
1655885400000,1076.66,1077.31,1076.04,1077.3,262.1744
1655885460000,1077.31,1080.96,1076.71,1079.94,1249.1771
1655885520000,1079.95,1080.92,1078.9,1078.95,818.8971
1655885580000,1078.95,1080.09,1078.47,1079.96,449.8265
1655885640000,1079.97,1080.28,1078.42,1078.74,959.1916
1655885700000,1078.74,1079.84,1078.16,1079.83,462.3238
1655885760000,1079.83,1079.93,1078.77,1078.99,335.2059
1655885820000,1078.98,1081.76,1077.3,1081.56,879.9888
1655885880000,1081.57,1081.83,1080.01,1081.11,645.8395
1655885940000,1081.12,1081.45,1079.07,1079.9,441.5464
1655886000000,1079.9,1080.62,1079.23,1079.84,322.8699
1655886060000,1079.83,1080.92,1079.65,1080.92,438.6048
1655886120000,1080.91,1081.95,1080.39,1081.14,262.9013
1655886180000,1081.15,1081.76,1080.78,1081.03,424.0183
1655886240000,1081.03,1081.79,1079.0,1079.81,373.8482
1655886300000,1079.82,1080.48,1077.77,1078.89,479.7507
1655886360000,1078.89,1078.95,1077.59,1078.73,394.1498
1655886420000,1078.74,1081.0,1078.73,1080.32,1214.4798
1655886480000,1080.31,1080.32,1079.47,1079.89,592.3036
1655886540000,1079.9,1080.14,1079.37,1079.75,476.6882
1655886600000,1079.76,1081.63,1077.83,1081.62,496.4846
1655886660000,1081.63,1081.72,1080.14,1080.45,365.1364
1655886720000,1080.45,1081.34,1079.26,1079.26,583.3229
1655886780000,1079.26,1080.32,1078.85,1079.46,306.1081
1655886840000,1079.46,1079.97,1078.42,1079.09,214.1127
1655886900000,1079.1,1080.54,1079.0,1080.25,266.7702
1655886960000,1080.25,1080.26,1078.76,1080.23,415.6122
1655887020000,1080.24,1080.93,1079.76,1080.0,277.3369
1655887080000,1080.01,1080.01,1077.39,1077.66,346.0912
1655887140000,1077.66,1077.66,1075.05,1075.56,769.7299
1655887200000,1075.56,1077.46,1074.29,1076.38,339.3667
1655887260000,1076.39,1076.39,1072.79,1073.39,1075.176
1655887320000,1073.4,1074.99,1072.44,1073.83,567.8335
1655887380000,1073.83,1074.86,1073.4,1074.27,369.6136
1655887440000,1074.26,1075.07,1073.85,1074.66,429.2375
1655887500000,1074.66,1075.4,1072.79,1072.97,574.55
1655887560000,1072.97,1074.31,1071.66,1074.14,465.1479
1655887620000,1074.14,1079.14,1074.14,1078.05,1174.4986
1655887680000,1078.05,1078.96,1076.78,1076.96,536.1441
1655887740000,1076.96,1078.41,1076.07,1076.84,253.5907
1655887800000,1076.83,1079.22,1075.91,1078.55,534.3284
1655887860000,1078.54,1080.2,1078.54,1079.56,1000.4077
1655887920000,1079.56,1081.16,1079.25,1080.24,913.1274
1655887980000,1080.23,1080.83,1078.92,1079.34,406.2773
1655888040000,1079.34,1079.36,1077.69,1078.66,564.8938
1655888100000,1078.67,1080.34,1078.16,1079.99,283.1321
1655888160000,1080.0,1081.07,1079.67,1079.67,371.9999
1655888220000,1079.67,1079.99,1077.48,1078.43,534.7543
1655888280000,1078.43,1080.76,1078.0,1080.4,561.3099
1655888340000,1080.4,1082.79,1080.12,1081.45,975.6393
1655888400000,1081.45,1083.4,1081.13,1083.22,1040.111
1655888460000,1083.21,1084.35,1082.54,1083.61,1347.9691
1655888520000,1083.62,1088.89,1083.14,1084.41,5610.0862
1655888580000,1084.42,1088.0,1084.41,1087.11,1826.5546
1655888640000,1087.11,1087.11,1085.15,1086.33,724.153
1655888700000,1086.34,1087.11,1085.59,1085.97,473.8565
1655888760000,1085.97,1085.98,1084.71,1085.33,803.614
1655888820000,1085.33,1085.34,1083.01,1083.36,893.0533
1655888880000,1083.37,1084.4,1082.61,1083.06,490.5907
1655888940000,1083.04,1083.45,1081.74,1082.14,456.3527
1655889000000,1082.13,1082.99,1081.44,1082.67,823.148
1655889060000,1082.68,1084.65,1082.43,1084.03,689.5889
1655889120000,1084.09,1085.33,1083.43,1085.15,350.6877
1655889180000,1085.16,1085.16,1083.37,1084.28,279.7294
1655889240000,1084.29,1085.63,1083.99,1084.55,665.8999
1655889300000,1084.54,1086.54,1083.42,1086.09,767.4176
1655889360000,1086.08,1086.09,1084.58,1085.16,495.61
1655889420000,1085.15,1085.53,1083.82,1083.82,305.4959
1655889480000,1083.83,1083.83,1082.64,1082.78,260.7013
1655889540000,1082.77,1083.51,1082.55,1082.65,338.9648
1655889600000,1082.65,1083.41,1081.35,1081.42,727.8232
1655889660000,1081.42,1082.91,1080.68,1082.55,861.3963
1655889720000,1082.55,1083.27,1081.16,1082.26,518.5939
1655889780000,1082.26,1082.26,1080.41,1081.7,404.7675
1655889840000,1081.69,1082.49,1081.26,1081.65,243.6355
1655889900000,1081.65,1082.29,1081.3,1081.43,193.9646
1655889960000,1081.44,1082.32,1081.24,1081.51,312.584
1655890020000,1081.51,1081.52,1079.19,1080.24,3192.0577
1655890080000,1080.24,1081.2,1080.22,1080.95,834.2296
1655890140000,1080.95,1081.51,1079.7,1080.85,416.2306
1655890200000,1080.85,1083.27,1080.44,1083.22,486.756
1655890260000,1083.23,1084.22,1081.69,1083.85,564.0185
1655890320000,1083.84,1085.71,1083.33,1084.89,767.3334
1655890380000,1084.9,1086.85,1084.84,1086.31,465.9525
1655890440000,1086.3,1088.34,1085.89,1088.01,1147.6454
1655890500000,1088.02,1097.0,1088.0,1094.14,8738.0882
1655890560000,1094.15,1094.15,1091.25,1091.78,4008.7692
1655890620000,1091.77,1092.44,1090.07,1091.34,1008.5062
1655890680000,1091.35,1097.05,1091.17,1093.99,2605.7468
1655890740000,1093.98,1094.41,1091.5,1091.51,769.1013
1655890800000,1091.51,1092.92,1091.36,1092.8,526.7855
1655890860000,1092.79,1095.48,1092.79,1092.81,2349.9137
1655890920000,1092.8,1093.45,1092.28,1092.41,461.7395
1655890980000,1092.41,1092.49,1090.64,1091.35,820.1475
1655891040000,1091.35,1092.0,1089.0,1089.99,2028.8872
1655891100000,1089.99,1091.61,1089.32,1090.84,734.3036
1655891160000,1090.84,1091.27,1089.7,1091.13,500.9413
1655891220000,1091.13,1094.0,1091.12,1091.62,1424.5617
1655891280000,1091.63,1092.27,1090.71,1092.04,1071.2644
1655891340000,1092.03,1092.79,1091.29,1091.7,599.8756
1655891400000,1091.7,1093.6,1091.66,1092.09,906.3742
1655891460000,1092.09,1092.1,1089.97,1089.98,537.5926
1655891520000,1089.98,1091.36,1089.01,1090.44,563.3327
1655891580000,1090.45,1092.48,1090.36,1092.12,524.4559
1655891640000,1092.13,1092.76,1091.36,1092.13,280.3705
1655891700000,1092.12,1092.42,1090.39,1090.62,562.5868
1655891760000,1090.61,1091.21,1090.2,1090.99,354.9601
1655891820000,1090.98,1090.99,1089.7,1089.98,561.3559
1655891880000,1089.98,1090.75,1089.25,1090.65,506.2924
1655891940000,1090.65,1091.95,1089.64,1091.24,645.6182
1655892000000,1091.25,1091.92,1088.17,1090.89,1470.3618
1655892060000,1090.9,1091.33,1088.2,1088.98,721.0415
1655892120000,1088.97,1088.99,1086.14,1088.53,4153.0536
1655892180000,1088.54,1090.45,1088.53,1090.34,1142.608
1655892240000,1090.33,1090.34,1088.68,1089.65,393.8835
1655892300000,1089.65,1092.74,1089.65,1092.73,1237.9854
1655892360000,1092.74,1093.0,1091.79,1092.21,634.8725
1655892420000,1092.2,1092.78,1091.96,1092.67,369.9792
1655892480000,1092.66,1092.88,1092.28,1092.5,303.6524
1655892540000,1092.49,1093.56,1092.0,1093.46,853.6547
1655892600000,1093.46,1095.76,1090.5,1090.51,2156.3825
1655892660000,1090.5,1091.15,1089.23,1090.49,699.4217
1655892720000,1090.49,1091.0,1088.68,1088.99,677.7564
1655892780000,1088.99,1089.85,1087.9,1088.62,681.334
1655892840000,1088.62,1089.06,1088.1,1088.28,359.5439
1655892900000,1088.28,1089.39,1088.11,1088.73,423.3316
1655892960000,1088.72,1088.84,1087.5,1088.24,1298.2508
1655893020000,1088.23,1089.64,1088.23,1088.96,538.2036
1655893080000,1088.95,1089.21,1088.31,1088.62,314.267
1655893140000,1088.62,1088.86,1088.24,1088.86,225.8116
1655893200000,1088.86,1089.8,1088.19,1089.8,327.0018
1655893260000,1089.8,1089.8,1088.78,1089.08,231.2972
1655893320000,1089.08,1090.51,1088.65,1088.78,496.5022
1655893380000,1088.77,1089.45,1088.7,1089.1,154.8306
1655893440000,1089.1,1089.4,1088.66,1089.13,269.0419
1655893500000,1089.12,1090.62,1089.12,1090.62,261.4337
1655893560000,1090.62,1090.82,1088.27,1088.37,269.1381
1655893620000,1088.37,1088.71,1087.03,1087.27,1047.7357
1655893680000,1087.28,1088.71,1085.83,1088.18,567.34
1655893740000,1088.18,1091.3,1087.53,1091.3,622.1264
1655893800000,1091.29,1092.25,1090.07,1091.91,761.1655
1655893860000,1091.91,1093.14,1091.17,1092.37,480.1574
1655893920000,1092.36,1093.0,1092.02,1092.37,376.625
1655893980000,1092.36,1092.37,1091.31,1091.31,181.2605
1655894040000,1091.31,1091.73,1089.73,1089.73,281.3904
1655894100000,1089.74,1092.12,1089.73,1091.45,298.447
1655894160000,1091.44,1093.29,1091.44,1091.45,621.3392
1655894220000,1091.46,1092.01,1089.54,1089.74,719.3142
1655894280000,1089.75,1089.75,1087.86,1087.86,711.6102
1655894340000,1087.87,1089.83,1087.82,1088.7,354.4721
1655894400000,1088.7,1089.26,1088.32,1089.1,187.3124
1655894460000,1089.11,1089.93,1087.3,1087.59,756.0701
1655894520000,1087.59,1087.99,1086.0,1086.37,409.8496
1655894580000,1086.36,1087.57,1086.02,1086.88,799.8821
1655894640000,1086.87,1088.5,1086.59,1087.81,643.2025
1655894700000,1087.81,1089.33,1086.82,1087.28,321.4005
1655894760000,1087.29,1087.29,1085.88,1086.67,1416.4818
1655894820000,1086.67,1087.18,1086.14,1087.09,385.347
1655894880000,1087.1,1088.72,1087.09,1088.54,310.4236
1655894940000,1088.55,1089.0,1087.32,1088.36,335.1632
1655895000000,1088.35,1090.07,1087.94,1089.98,688.539
1655895060000,1089.99,1092.31,1089.98,1091.94,732.5761
1655895120000,1091.94,1092.88,1091.66,1092.85,272.7704
1655895180000,1092.86,1092.86,1090.59,1091.15,235.9659
1655895240000,1091.14,1091.93,1090.64,1091.57,295.2295
1655895300000,1091.56,1091.57,1090.11,1090.23,536.4671
1655895360000,1090.23,1091.14,1089.3,1090.07,1406.609
1655895420000,1090.07,1090.82,1089.63,1090.29,237.0679
1655895480000,1090.3,1091.42,1090.12,1091.09,218.4754
1655895540000,1091.1,1091.42,1089.79,1089.88,356.2368
1655895600000,1089.88,1091.0,1089.28,1090.52,791.9555
1655895660000,1090.52,1091.79,1089.46,1091.54,350.2124
1655895720000,1091.55,1094.26,1091.04,1093.79,443.8846
1655895780000,1093.78,1093.97,1091.84,1091.97,247.9782
1655895840000,1091.97,1093.58,1091.96,1093.01,579.7378
1655895900000,1093.01,1094.17,1093.0,1094.17,257.6754
1655895960000,1094.16,1094.2,1091.9,1092.0,326.8621
1655896020000,1092.01,1092.61,1091.45,1091.45,165.7073
1655896080000,1091.45,1091.86,1089.53,1089.54,419.8627
1655896140000,1089.53,1089.93,1088.83,1089.29,757.9595
1655896200000,1089.29,1089.63,1088.08,1088.24,301.8487
1655896260000,1088.25,1089.63,1088.22,1089.24,394.0274
1655896320000,1089.23,1091.62,1089.23,1091.38,481.1734
1655896380000,1091.38,1097.0,1091.26,1096.41,2289.4583
1655896440000,1096.41,1096.41,1094.34,1095.21,449.1495
1655896500000,1095.21,1099.0,1095.03,1096.6,1344.3025
1655896560000,1096.6,1096.77,1095.0,1095.73,823.7029
1655896620000,1095.73,1095.74,1094.03,1095.0,1112.7894
1655896680000,1095.0,1095.01,1093.67,1093.67,659.8173
1655896740000,1093.67,1095.35,1093.36,1094.82,636.8976
1655896800000,1094.82,1096.32,1094.12,1096.07,685.1582
1655896860000,1096.08,1096.26,1094.0,1094.63,401.4343
1655896920000,1094.62,1095.3,1094.22,1095.29,337.9782
1655896980000,1095.3,1098.39,1095.29,1096.93,1661.1255
1655897040000,1096.92,1097.92,1096.34,1096.62,457.2615
1655897100000,1096.62,1097.61,1095.58,1097.38,567.5649
1655897160000,1097.39,1097.53,1096.73,1097.34,288.6006
1655897220000,1097.33,1098.72,1097.03,1097.46,602.8025
1655897280000,1097.45,1105.55,1097.45,1104.33,6694.6895
1655897340000,1104.32,1104.7,1101.35,1101.73,1781.5007
1655897400000,1101.73,1102.76,1100.03,1100.04,840.5838
1655897460000,1100.04,1102.44,1098.81,1102.13,1517.4807
1655897520000,1102.12,1104.0,1101.79,1102.42,2050.9406
1655897580000,1102.42,1102.66,1100.24,1100.24,669.3393
1655897640000,1100.25,1100.68,1099.37,1099.58,479.3733
1655897700000,1099.59,1100.75,1099.1,1099.89,506.1891
1655897760000,1099.89,1101.75,1099.66,1100.15,582.6685
1655897820000,1100.16,1100.62,1099.61,1100.5,382.5835
1655897880000,1100.49,1101.66,1099.94,1101.1,519.8415
1655897940000,1101.1,1102.84,1100.99,1102.84,447.338
1655898000000,1102.83,1103.41,1101.0,1101.32,726.5222
1655898060000,1101.31,1101.38,1100.77,1100.9,250.3117
1655898120000,1100.9,1103.5,1100.89,1103.17,585.7794
1655898180000,1103.16,1105.2,1102.84,1104.94,1685.4803
1655898240000,1104.94,1106.01,1103.7,1104.45,713.0831
1655898300000,1104.45,1105.63,1103.0,1103.0,589.7234
1655898360000,1103.01,1103.59,1099.55,1100.3,787.927
1655898420000,1100.3,1100.86,1100.06,1100.47,1111.1293
1655898480000,1100.48,1100.48,1098.69,1099.09,831.683
1655898540000,1099.09,1099.67,1098.03,1099.67,520.9148
1655898600000,1099.62,1099.77,1098.86,1098.9,266.0009
1655898660000,1098.9,1099.0,1098.06,1098.75,344.2518
1655898720000,1098.75,1098.98,1098.12,1098.13,238.7352
1655898780000,1098.13,1098.91,1098.01,1098.89,286.5906
1655898840000,1098.9,1099.35,1098.4,1098.86,1684.9749
1655898900000,1098.85,1098.96,1095.5,1095.5,658.0957
1655898960000,1095.5,1097.13,1094.88,1097.13,1301.9752
1655899020000,1097.12,1097.61,1096.23,1096.95,255.4738
1655899080000,1096.94,1098.0,1096.63,1096.63,278.4993
1655899140000,1096.64,1097.78,1096.15,1097.33,608.8182
1655899200000,1097.33,1097.45,1096.51,1097.15,632.2008
1655899260000,1097.15,1097.35,1095.81,1096.03,1909.2103
1655899320000,1096.02,1096.87,1095.54,1096.86,521.0972
1655899380000,1096.86,1096.91,1095.2,1095.21,370.9886
1655899440000,1095.2,1095.57,1093.13,1094.7,2572.2253
1655899500000,1094.71,1095.56,1091.22,1091.72,735.7118
1655899560000,1091.71,1094.19,1091.71,1092.82,837.2508
1655899620000,1092.82,1093.95,1092.69,1093.94,436.1657
1655899680000,1093.94,1094.53,1093.23,1094.31,241.0054
1655899740000,1094.3,1094.71,1094.05,1094.44,412.1976
1655899800000,1094.44,1094.98,1093.48,1094.31,483.7415
1655899860000,1094.31,1094.88,1093.31,1094.35,681.8998
1655899920000,1094.35,1094.64,1093.81,1094.59,261.3035
1655899980000,1094.59,1095.12,1092.29,1092.81,1518.2031
1655900040000,1092.8,1093.12,1090.91,1092.79,1946.9445
1655900100000,1092.8,1093.8,1092.12,1093.65,495.9919
1655900160000,1093.66,1093.75,1091.01,1091.08,886.9191
1655900220000,1091.08,1091.98,1087.56,1088.03,2981.8963
1655900280000,1088.04,1090.43,1088.04,1090.0,860.6189
1655900340000,1089.99,1092.59,1089.99,1092.03,1375.2349
1655900400000,1092.03,1093.09,1090.88,1092.52,734.7283
1655900460000,1092.53,1093.03,1092.0,1092.47,330.5199
1655900520000,1092.47,1092.64,1091.69,1092.09,139.1122
1655900580000,1092.09,1093.09,1091.76,1092.52,871.232
1655900640000,1092.51,1093.07,1092.43,1092.84,252.2242
1655900700000,1092.84,1093.16,1091.42,1091.42,410.2035
1655900760000,1091.43,1092.5,1091.29,1092.27,367.0286
1655900820000,1092.28,1092.53,1090.75,1090.75,351.5304
1655900880000,1090.76,1092.39,1090.23,1091.69,902.864
1655900940000,1091.7,1092.39,1091.69,1092.35,314.3025
1655901000000,1092.36,1092.75,1091.46,1092.75,265.2682
1655901060000,1092.75,1092.99,1091.14,1091.25,256.2306
1655901120000,1091.25,1091.75,1090.28,1091.58,217.6622
1655901180000,1091.58,1091.92,1090.55,1090.67,221.7049
1655901240000,1090.66,1091.31,1090.08,1090.09,219.0595
1655901300000,1090.08,1093.53,1089.0,1093.53,1319.1345
1655901360000,1093.53,1096.17,1092.54,1093.35,1106.4761
1655901420000,1093.36,1095.62,1093.08,1093.32,503.2388
1655901480000,1093.32,1093.96,1093.09,1093.46,295.6204
1655901540000,1093.46,1096.14,1093.46,1095.25,384.6328
1655901600000,1095.24,1096.02,1090.47,1090.55,961.4823
1655901660000,1090.56,1090.56,1085.97,1086.1,1383.653
1655901720000,1086.1,1087.18,1082.0,1086.96,3767.5353
1655901780000,1086.96,1086.96,1077.72,1079.2,2168.8027
1655901840000,1079.23,1082.26,1078.81,1080.94,1623.5463
1655901900000,1080.97,1080.97,1076.13,1077.1,1364.8525
1655901960000,1077.1,1079.66,1076.41,1076.42,994.4953
1655902020000,1076.42,1080.27,1076.41,1077.05,1200.6757
1655902080000,1077.05,1078.9,1076.65,1078.0,1061.6632
1655902140000,1078.0,1078.91,1073.48,1075.87,1870.5523
1655902200000,1075.88,1076.58,1071.24,1073.43,4769.9102
1655902260000,1073.44,1074.92,1070.83,1071.33,2626.375
1655902320000,1071.32,1074.14,1071.09,1073.82,1635.4008
1655902380000,1073.83,1076.57,1073.82,1075.85,876.4081
1655902440000,1075.85,1076.67,1075.5,1075.55,488.7844
1655902500000,1075.56,1076.57,1075.2,1076.56,467.4158
1655902560000,1076.55,1076.56,1075.5,1075.69,521.9268
1655902620000,1075.68,1079.99,1075.68,1078.89,809.4133
1655902680000,1078.89,1084.88,1078.89,1083.91,1994.8378
1655902740000,1083.92,1086.04,1081.36,1082.79,5037.8089
1655902800000,1082.8,1085.0,1082.0,1084.64,1290.451
1655902860000,1084.63,1087.18,1083.76,1084.68,1375.276
1655902920000,1084.67,1084.8,1079.27,1079.87,757.1008
1655902980000,1079.87,1080.38,1078.68,1079.04,875.7393
1655903040000,1079.03,1079.55,1076.31,1078.36,4067.7675
1655903100000,1078.35,1078.6,1075.63,1077.78,1182.4291
1655903160000,1077.79,1081.7,1076.91,1080.74,1321.4938
1655903220000,1080.75,1083.72,1079.81,1082.59,1076.5352
1655903280000,1082.6,1082.72,1081.2,1082.14,604.1382
1655903340000,1082.14,1085.0,1081.99,1084.7,1173.69
1655903400000,1084.7,1085.1,1083.6,1083.77,489.7248
1655903460000,1083.77,1084.73,1082.3,1082.31,391.0103
1655903520000,1082.32,1084.5,1082.01,1083.97,912.9232
1655903580000,1083.97,1085.15,1083.7,1084.6,466.1563
1655903640000,1084.59,1086.75,1084.46,1084.63,1003.864
1655903700000,1084.63,1085.99,1084.2,1084.83,428.9789
1655903760000,1084.83,1085.46,1082.12,1083.01,702.899
1655903820000,1083.01,1083.49,1082.14,1082.68,369.1822
1655903880000,1082.68,1083.26,1081.24,1081.32,790.1024
1655903940000,1081.32,1081.57,1078.64,1079.87,900.984
1655904000000,1079.87,1084.34,1078.37,1083.58,2217.4342
1655904060000,1083.58,1091.29,1083.24,1087.48,2385.5899
1655904120000,1087.48,1090.38,1086.84,1089.22,5680.2835
1655904180000,1089.22,1094.81,1088.9,1092.86,2493.0896
1655904240000,1092.87,1094.71,1089.61,1092.0,1733.6504
1655904300000,1092.0,1092.49,1089.88,1090.52,556.6369
1655904360000,1090.53,1091.82,1089.1,1089.62,549.5744
1655904420000,1089.62,1093.91,1089.61,1093.9,626.2664
1655904480000,1093.9,1095.42,1092.52,1095.32,1222.3854
1655904540000,1095.33,1097.97,1094.37,1097.13,1468.1776
1655904600000,1097.12,1097.13,1089.0,1091.35,2709.759
1655904660000,1091.35,1096.99,1090.0,1096.87,1690.87
1655904720000,1096.87,1098.02,1093.67,1094.64,2204.6815
1655904780000,1094.63,1097.71,1093.09,1093.23,1452.9551
1655904840000,1093.23,1093.88,1090.11,1091.99,1056.2755
1655904900000,1091.98,1093.01,1090.21,1090.75,1183.0829
1655904960000,1090.75,1092.59,1090.63,1092.59,821.8905
1655905020000,1092.58,1094.77,1091.76,1094.09,752.241
1655905080000,1094.09,1097.0,1093.96,1096.4,1107.5582
1655905140000,1096.32,1096.64,1092.51,1093.54,720.2282
1655905200000,1093.53,1094.65,1092.19,1092.51,599.9387
1655905260000,1092.51,1092.52,1088.2,1091.68,1005.2967
1655905320000,1091.67,1093.69,1090.62,1093.69,1136.0938
1655905380000,1093.68,1094.42,1092.34,1092.79,1000.0106
1655905440000,1092.79,1097.38,1092.35,1096.73,1299.5402
1655905500000,1096.72,1103.44,1095.88,1100.96,3268.4853
1655905560000,1100.96,1105.61,1098.97,1102.9,8204.0999
1655905620000,1102.89,1102.9,1097.67,1100.98,3135.6143
1655905680000,1100.98,1101.41,1099.24,1099.95,840.559
1655905740000,1099.94,1100.64,1099.25,1099.87,759.8695
1655905800000,1099.87,1100.0,1096.24,1096.37,1142.573
1655905860000,1096.37,1097.15,1092.63,1094.56,1570.8865
1655905920000,1094.56,1095.56,1093.03,1095.52,825.2807
1655905980000,1095.52,1098.6,1093.97,1097.78,1003.4688
1655906040000,1097.79,1105.59,1097.26,1105.36,1502.3268
1655906100000,1105.37,1115.83,1105.36,1113.15,10048.1511
1655906160000,1113.14,1114.3,1111.81,1113.67,4190.5738
1655906220000,1113.68,1114.28,1111.0,1111.68,2315.2027
1655906280000,1111.68,1111.76,1110.0,1110.41,833.135
1655906340000,1110.42,1114.08,1110.0,1111.92,2017.8723
1655906400000,1111.92,1116.05,1111.73,1115.38,1725.1398
1655906460000,1115.39,1115.6,1110.48,1111.09,1431.6915
1655906520000,1111.09,1111.84,1107.66,1108.41,1914.1804
1655906580000,1108.64,1110.0,1107.63,1107.94,1003.3946
1655906640000,1107.93,1112.49,1107.7,1112.24,1116.3938
1655906700000,1112.24,1112.32,1110.7,1111.22,1166.7202
1655906760000,1111.21,1111.64,1108.47,1109.67,738.5885
1655906820000,1109.67,1112.99,1109.59,1112.44,1086.152
1655906880000,1112.44,1115.3,1112.23,1113.2,1214.5793
1655906940000,1113.2,1114.26,1111.66,1114.26,974.9925
1655907000000,1114.25,1114.82,1110.13,1110.43,828.3357
1655907060000,1110.42,1110.53,1107.74,1109.73,1168.0467
1655907120000,1109.72,1110.83,1108.77,1108.99,531.9297
1655907180000,1108.98,1110.38,1107.63,1110.38,697.4226
1655907240000,1110.37,1111.72,1110.07,1110.4,2564.0519
1655907300000,1110.39,1112.08,1110.3,1111.84,1144.6506
1655907360000,1111.84,1111.85,1107.92,1108.41,1013.193
1655907420000,1108.4,1112.53,1107.74,1112.0,785.4755
1655907480000,1112.0,1114.95,1111.55,1112.59,1357.3962
1655907540000,1112.59,1116.43,1110.55,1115.78,4440.4343
1655907600000,1115.78,1116.76,1114.38,1114.39,1398.9099
1655907660000,1114.39,1115.16,1112.98,1113.0,829.1631
1655907720000,1113.01,1113.99,1110.55,1112.49,998.6915
1655907780000,1112.48,1116.5,1112.42,1115.58,970.8586
1655907840000,1115.58,1116.38,1114.67,1115.63,821.6586
1655907900000,1115.63,1116.11,1113.22,1115.96,880.1395
1655907960000,1116.05,1121.92,1115.95,1119.17,2367.2287
1655908020000,1119.17,1125.0,1118.82,1120.91,2879.1999
1655908080000,1120.97,1122.55,1118.06,1118.59,2390.0004
1655908140000,1118.59,1119.35,1117.11,1117.75,725.2875
1655908200000,1117.74,1120.96,1117.42,1120.47,2704.6469
1655908260000,1120.47,1121.24,1118.41,1121.02,1646.8575
1655908320000,1121.02,1122.35,1119.86,1121.15,2085.1241
1655908380000,1121.16,1121.25,1118.0,1118.36,1157.9081
1655908440000,1118.37,1120.94,1118.0,1118.14,1195.9429
1655908500000,1118.14,1119.62,1115.7,1117.93,1091.5043
1655908560000,1117.93,1120.4,1116.26,1119.7,993.363
1655908620000,1119.7,1120.41,1116.74,1118.12,1416.2373
1655908680000,1118.11,1119.73,1117.46,1118.0,1410.7576
1655908740000,1118.01,1118.44,1115.0,1116.71,996.3272
1655908800000,1116.7,1117.34,1112.65,1113.4,3908.9354
1655908860000,1113.41,1115.78,1112.99,1115.17,1787.6717
1655908920000,1115.17,1116.8,1114.59,1114.74,1099.4387
1655908980000,1114.74,1116.17,1113.81,1114.71,1217.9856
1655909040000,1114.7,1116.3,1114.61,1115.66,698.3316
1655909100000,1115.66,1116.1,1111.32,1112.68,3564.7515
1655909160000,1112.68,1112.74,1109.03,1109.47,2956.2149
1655909220000,1109.47,1111.08,1108.52,1110.2,1495.8868
1655909280000,1110.21,1111.1,1109.51,1109.9,595.2103
1655909340000,1109.89,1110.99,1109.29,1110.37,998.2855
1655909400000,1110.36,1112.61,1109.52,1112.15,870.5192
1655909460000,1112.13,1113.15,1111.26,1112.94,832.8564
1655909520000,1112.94,1113.6,1111.32,1113.4,451.0502
1655909580000,1113.4,1114.39,1112.44,1113.95,739.9432
1655909640000,1113.95,1114.48,1110.67,1111.65,919.2554
1655909700000,1111.65,1112.73,1110.82,1112.18,690.0161
1655909760000,1112.17,1113.09,1110.86,1111.2,870.4424
1655909820000,1111.2,1111.53,1109.47,1110.12,1106.9586
1655909880000,1110.12,1111.38,1109.06,1110.69,1149.4743
1655909940000,1110.69,1110.9,1109.68,1110.37,352.1296
1655910000000,1110.37,1110.87,1108.67,1109.28,574.5149
1655910060000,1109.27,1109.28,1104.09,1106.11,4665.8296
1655910120000,1106.1,1108.23,1105.48,1106.55,911.6869
1655910180000,1106.56,1107.07,1104.75,1106.43,1432.4384
1655910240000,1106.43,1108.58,1105.97,1107.49,659.9291
1655910300000,1107.5,1107.99,1103.52,1103.52,1071.816
1655910360000,1103.58,1105.0,1103.35,1104.79,1333.7122
1655910420000,1104.79,1105.41,1103.83,1105.02,820.8172
1655910480000,1105.01,1105.02,1103.69,1104.01,455.89
1655910540000,1104.01,1104.98,1102.46,1104.41,1644.1302
1655910600000,1104.42,1105.39,1103.4,1104.69,491.328
1655910660000,1104.7,1105.64,1104.13,1105.05,432.7884
1655910720000,1105.06,1105.06,1103.18,1103.18,445.0927
1655910780000,1103.19,1103.69,1101.36,1103.27,1432.9709
1655910840000,1103.28,1103.68,1101.36,1101.55,979.7585
1655910900000,1101.55,1104.97,1101.37,1104.9,970.4586
1655910960000,1104.9,1105.46,1102.91,1103.66,548.6067
1655911020000,1103.67,1105.13,1103.57,1104.41,403.872
1655911080000,1104.4,1104.41,1102.71,1104.21,375.4355
1655911140000,1104.2,1105.71,1103.86,1105.04,786.7747
1655911200000,1105.12,1105.81,1102.91,1102.92,553.4811
1655911260000,1102.92,1103.85,1101.75,1102.45,610.243
1655911320000,1102.45,1104.59,1102.16,1104.09,483.8283
1655911380000,1104.09,1104.28,1103.45,1103.89,195.3778
1655911440000,1103.9,1104.81,1103.2,1103.55,371.9167
1655911500000,1103.55,1104.96,1103.0,1104.46,963.0785
1655911560000,1104.47,1104.47,1101.91,1103.08,972.9144
1655911620000,1103.14,1103.58,1101.17,1101.18,641.0754
1655911680000,1101.18,1101.68,1098.33,1098.69,1705.5734
1655911740000,1098.68,1100.1,1096.2,1098.61,1148.2242
1655911800000,1098.61,1101.28,1098.16,1099.73,784.1348
1655911860000,1099.74,1101.29,1099.73,1100.45,948.9846
1655911920000,1100.46,1102.44,1100.37,1102.25,888.2418
1655911980000,1102.25,1104.14,1101.76,1103.44,870.3171
1655912040000,1103.44,1103.45,1100.26,1100.79,848.5226
1655912100000,1100.79,1102.12,1100.44,1101.23,505.168
1655912160000,1101.22,1102.12,1099.27,1099.98,495.6944
1655912220000,1099.97,1100.59,1098.99,1100.47,298.8457
1655912280000,1100.47,1100.47,1099.61,1100.3,531.5856
1655912340000,1100.3,1100.3,1099.19,1099.43,320.8464
1655912400000,1099.43,1100.26,1097.03,1097.48,543.238
1655912460000,1097.48,1098.22,1094.21,1095.12,2508.201
1655912520000,1095.12,1096.19,1094.24,1094.34,925.8909
1655912580000,1094.41,1095.68,1091.02,1091.69,1888.5415
1655912640000,1091.7,1092.12,1088.22,1090.35,2521.7936
1655912700000,1090.35,1093.28,1087.42,1087.43,1783.5707
1655912760000,1087.42,1090.9,1085.78,1089.78,1914.3488
1655912820000,1089.79,1092.9,1088.96,1091.98,1987.5223
1655912880000,1091.98,1092.37,1089.94,1091.51,868.8206
1655912940000,1091.51,1092.68,1090.16,1090.27,1153.2071
1655913000000,1090.28,1091.17,1088.57,1088.9,709.9851
1655913060000,1088.9,1088.9,1084.88,1084.88,1726.7844
1655913120000,1084.88,1087.26,1084.66,1085.31,1487.5654
1655913180000,1085.32,1086.35,1082.86,1084.76,1594.8672
1655913240000,1084.76,1084.77,1080.17,1082.6,4723.5595
1655913300000,1082.54,1084.17,1073.91,1081.1,12400.3789
1655913360000,1081.09,1082.22,1076.16,1078.34,3705.0598
1655913420000,1078.34,1081.42,1077.87,1078.89,1878.6851
1655913480000,1078.89,1078.89,1074.47,1076.39,5067.5132
1655913540000,1076.39,1078.11,1074.4,1075.02,6087.3407
1655913600000,1075.02,1077.19,1073.27,1074.66,5125.0634
1655913660000,1074.67,1078.99,1073.57,1077.15,3054.9911
1655913720000,1077.16,1077.55,1071.01,1071.5,2224.2421
1655913780000,1071.49,1073.42,1070.39,1070.54,2105.2264
1655913840000,1070.54,1070.95,1057.07,1063.0,10829.5127
1655913900000,1063.0,1064.02,1057.02,1059.32,6509.2928
1655913960000,1059.32,1061.09,1056.0,1058.89,3831.4389
1655914020000,1058.89,1059.76,1054.06,1057.58,4664.0392
1655914080000,1057.57,1062.38,1055.64,1061.13,3023.8059
1655914140000,1061.12,1063.21,1059.13,1063.21,1968.1542
1655914200000,1063.21,1066.28,1061.96,1065.29,4860.7249
1655914260000,1065.49,1066.22,1061.32,1062.0,2830.2995
1655914320000,1062.01,1064.01,1060.13,1064.0,1883.6903
1655914380000,1064.0,1066.25,1063.34,1065.0,2123.1986
1655914440000,1065.01,1065.51,1061.61,1061.99,1081.9798
1655914500000,1062.0,1063.33,1061.0,1061.78,1474.2103
1655914560000,1061.77,1062.31,1060.02,1060.26,1028.9642
1655914620000,1060.26,1068.2,1060.0,1067.57,3539.5401
1655914680000,1067.58,1073.14,1066.56,1067.54,3050.8669
1655914740000,1067.53,1071.25,1067.02,1070.31,1349.613
1655914800000,1070.31,1077.8,1069.28,1075.11,2663.9765
1655914860000,1075.1,1076.32,1071.44,1072.22,2111.2087
1655914920000,1072.21,1076.09,1072.09,1075.66,1727.8735
1655914980000,1075.66,1076.61,1071.22,1072.37,1566.4713
1655915040000,1072.37,1074.74,1069.16,1069.58,1255.8425
1655915100000,1069.58,1071.74,1068.66,1070.91,982.3111
1655915160000,1070.92,1072.0,1067.7,1068.43,2290.2762
1655915220000,1068.44,1070.75,1067.7,1070.75,982.1364
1655915280000,1070.75,1072.62,1070.39,1072.25,1025.9716
1655915340000,1072.25,1072.78,1070.47,1070.99,772.7076
1655915400000,1070.99,1072.33,1069.11,1069.78,736.3753
1655915460000,1069.78,1071.1,1068.85,1069.45,974.493
1655915520000,1069.44,1072.95,1069.44,1072.46,733.6162
1655915580000,1072.46,1074.62,1072.46,1074.49,452.6467
1655915640000,1074.49,1075.45,1073.62,1075.09,757.1437
1655915700000,1075.08,1075.36,1073.64,1074.68,803.2196
1655915760000,1074.67,1075.81,1072.5,1072.86,476.8612
1655915820000,1072.86,1074.66,1072.63,1073.96,511.6232
1655915880000,1073.96,1074.06,1071.39,1071.64,540.7448
1655915940000,1071.64,1071.87,1069.64,1071.59,687.9667
1655916000000,1071.6,1073.19,1070.89,1071.62,499.1347
1655916060000,1071.62,1071.84,1070.24,1070.4,589.705
1655916120000,1070.39,1071.42,1068.35,1070.83,507.6927
1655916180000,1070.83,1071.04,1069.07,1069.08,390.3994
1655916240000,1069.08,1071.04,1068.7,1070.52,1064.8743
1655916300000,1070.52,1071.61,1069.25,1069.26,399.2937
1655916360000,1069.25,1069.81,1067.17,1069.65,954.2519
1655916420000,1069.64,1070.99,1068.97,1069.27,425.0879
1655916480000,1069.27,1070.11,1068.47,1069.32,640.5994
1655916540000,1069.31,1070.48,1067.67,1068.71,951.0592
1655916600000,1068.48,1070.34,1067.5,1068.06,611.3363
1655916660000,1068.06,1070.14,1067.48,1069.5,588.4245
1655916720000,1069.51,1070.24,1069.0,1069.49,361.7064
1655916780000,1069.4,1069.74,1068.86,1069.57,371.2299
1655916840000,1069.57,1071.17,1069.43,1070.49,548.6579
1655916900000,1070.5,1074.79,1070.49,1071.87,1166.7102
1655916960000,1071.87,1073.69,1071.04,1073.69,706.7949
1655917020000,1073.68,1077.42,1073.1,1076.46,1720.768
1655917080000,1076.46,1077.29,1075.41,1076.77,935.6302
1655917140000,1076.78,1080.0,1076.17,1079.07,5178.0996
1655917200000,1079.07,1079.56,1076.24,1076.25,1518.1274
1655917260000,1076.24,1077.1,1074.97,1075.02,951.0946
1655917320000,1075.02,1076.64,1073.0,1073.16,943.3139
1655917380000,1073.16,1074.92,1072.54,1072.85,1199.9022
1655917440000,1072.85,1074.65,1072.55,1074.06,775.3706
1655917500000,1074.06,1074.54,1073.35,1074.23,561.3257
1655917560000,1074.24,1074.6,1073.01,1074.25,667.0037
1655917620000,1074.25,1074.59,1072.29,1073.39,631.7687
1655917680000,1073.4,1074.29,1073.0,1073.72,491.1896
1655917740000,1073.73,1076.21,1073.72,1074.65,507.5287
1655917800000,1074.66,1077.48,1074.35,1077.47,757.2638
1655917860000,1077.47,1078.99,1076.22,1077.83,797.0113
1655917920000,1077.83,1079.57,1075.92,1076.57,2034.6308
1655917980000,1076.48,1079.38,1076.03,1079.05,1649.2327
1655918040000,1079.05,1079.57,1077.25,1078.98,778.1361
1655918100000,1078.98,1082.66,1078.43,1078.7,2301.629
1655918160000,1078.7,1079.57,1078.52,1078.89,432.6647
1655918220000,1078.89,1079.75,1078.38,1078.44,821.951
1655918280000,1078.45,1079.81,1078.13,1079.59,842.0585
1655918340000,1079.6,1082.62,1079.59,1081.98,1390.2377
1655918400000,1081.98,1082.31,1080.38,1081.19,655.4369
1655918460000,1081.19,1085.8,1080.76,1085.41,2029.1615
1655918520000,1085.4,1085.7,1083.54,1084.42,706.6594
1655918580000,1084.42,1084.75,1083.18,1083.66,655.7997
1655918640000,1083.66,1084.7,1082.49,1083.6,530.344
1655918700000,1083.69,1083.99,1082.56,1082.72,400.4271
1655918760000,1082.72,1084.43,1081.68,1084.42,425.0156
1655918820000,1084.43,1084.43,1081.19,1081.96,488.174
1655918880000,1081.96,1083.07,1081.19,1082.41,489.6258
1655918940000,1082.42,1082.82,1081.07,1082.61,251.2434
1655919000000,1082.72,1082.82,1081.17,1081.2,581.8212
1655919060000,1081.2,1082.16,1081.01,1081.54,401.938
1655919120000,1081.55,1082.66,1081.18,1081.27,373.4616
1655919180000,1081.26,1081.96,1081.26,1081.49,273.9798
1655919240000,1081.49,1082.45,1081.28,1081.7,727.8808
1655919300000,1081.69,1082.23,1080.95,1082.03,463.6468
1655919360000,1082.03,1083.0,1081.27,1081.82,509.078
1655919420000,1081.81,1082.9,1081.47,1081.86,433.2818
1655919480000,1081.95,1083.2,1081.2,1082.55,369.6778
1655919540000,1082.55,1084.2,1081.6,1081.75,550.3829
1655919600000,1081.76,1081.76,1075.47,1076.45,2868.2624
1655919660000,1076.66,1077.28,1073.8,1077.05,1425.3081
1655919720000,1077.05,1078.27,1074.58,1077.31,2016.3708
1655919780000,1077.15,1077.64,1075.57,1076.35,591.9995
1655919840000,1076.34,1078.55,1075.75,1078.55,425.9258
1655919900000,1078.54,1078.98,1077.07,1078.98,451.4459
1655919960000,1078.98,1080.78,1078.29,1079.0,1009.6825
1655920020000,1079.01,1083.12,1078.94,1082.65,2537.3715
1655920080000,1082.65,1085.0,1081.64,1083.77,992.0137
1655920140000,1083.78,1087.8,1083.77,1085.36,2974.746
1655920200000,1085.35,1087.24,1084.96,1084.97,1603.0185
1655920260000,1084.98,1085.23,1083.36,1084.29,577.1259
1655920320000,1084.3,1084.3,1082.44,1083.52,568.2887
1655920380000,1083.51,1083.52,1080.16,1080.59,786.5896
1655920440000,1080.59,1082.5,1080.15,1081.02,720.0965
1655920500000,1081.03,1081.88,1080.28,1080.58,333.3756
1655920560000,1080.57,1081.2,1079.23,1079.64,383.5675
1655920620000,1079.64,1081.05,1079.4,1080.71,516.7847
1655920680000,1080.71,1082.72,1080.27,1081.9,486.1341
1655920740000,1081.9,1082.91,1081.63,1082.23,200.1504
1655920800000,1082.23,1083.0,1081.13,1081.67,477.5025
1655920860000,1081.67,1082.17,1081.14,1081.24,217.9018
1655920920000,1081.24,1081.88,1080.79,1080.89,298.2596
1655920980000,1080.88,1081.49,1080.35,1080.6,336.4552
1655921040000,1080.6,1081.67,1078.81,1079.48,264.0604
1655921100000,1079.49,1080.74,1078.67,1080.38,716.9283
1655921160000,1080.37,1084.31,1080.37,1083.08,622.4769
1655921220000,1083.07,1084.54,1082.15,1082.16,390.2315
1655921280000,1082.15,1085.0,1081.89,1085.0,798.368
1655921340000,1085.0,1086.2,1083.59,1084.8,361.7359
1655921400000,1084.82,1084.83,1083.24,1084.29,362.2323
1655921460000,1084.28,1084.58,1082.92,1083.34,362.9141
1655921520000,1083.33,1084.94,1083.15,1084.65,252.962
1655921580000,1084.65,1086.68,1084.44,1086.29,450.0358
1655921640000,1086.28,1087.89,1086.04,1087.51,492.0789
1655921700000,1087.51,1088.87,1086.5,1088.54,663.7934
1655921760000,1088.54,1088.89,1087.41,1087.56,376.1016
1655921820000,1087.56,1087.92,1086.25,1086.25,262.5111
1655921880000,1086.25,1087.34,1086.22,1086.84,555.9458
1655921940000,1086.84,1087.45,1085.6,1087.36,708.5596
1655922000000,1087.37,1087.68,1085.65,1086.39,262.4664
1655922060000,1086.38,1086.66,1083.42,1084.13,418.8026
1655922120000,1084.14,1087.07,1083.74,1086.93,568.1421
1655922180000,1086.93,1088.38,1086.71,1087.19,361.213
1655922240000,1087.19,1087.97,1086.65,1087.1,304.0801
1655922300000,1087.09,1087.32,1085.44,1085.89,362.6531
1655922360000,1085.9,1085.91,1084.56,1084.91,307.3736
1655922420000,1084.92,1085.4,1084.37,1084.91,262.541
1655922480000,1084.91,1085.19,1083.62,1083.62,489.0938
1655922540000,1083.63,1083.97,1082.29,1082.96,648.8325
1655922600000,1082.95,1084.06,1081.15,1083.16,509.6911
1655922660000,1083.15,1083.32,1081.91,1082.45,485.1364
1655922720000,1082.44,1083.18,1081.55,1082.39,407.0261
1655922780000,1082.38,1083.39,1082.38,1083.11,274.8224
1655922840000,1083.11,1084.29,1083.1,1084.0,601.1109
1655922900000,1083.99,1085.56,1083.49,1085.26,297.207
1655922960000,1085.26,1085.55,1083.83,1084.28,354.9739
1655923020000,1084.29,1086.08,1082.86,1084.21,908.1953
1655923080000,1084.22,1084.75,1083.09,1083.19,412.3871
1655923140000,1083.2,1084.31,1082.98,1084.31,321.9488
1655923200000,1084.31,1086.64,1083.27,1085.59,578.0387
1655923260000,1085.56,1085.56,1082.05,1083.45,1542.666
1655923320000,1083.46,1084.99,1082.83,1083.5,425.9226
1655923380000,1083.5,1085.74,1083.1,1084.63,212.7807
1655923440000,1084.63,1085.66,1084.63,1085.13,451.8174
1655923500000,1085.14,1085.99,1084.74,1085.74,192.6093
1655923560000,1085.74,1086.31,1085.47,1086.11,221.8498
1655923620000,1086.1,1086.42,1082.57,1083.1,527.5522
1655923680000,1083.1,1083.66,1081.76,1082.56,484.7308
1655923740000,1082.55,1083.15,1082.13,1082.28,373.5303
1655923800000,1082.28,1082.66,1080.15,1080.35,1815.962
1655923860000,1080.34,1081.7,1079.47,1081.34,620.5943
1655923920000,1081.34,1081.78,1080.61,1081.78,442.0701
1655923980000,1081.67,1081.86,1079.61,1080.31,599.1131
1655924040000,1080.3,1081.21,1079.92,1081.06,318.9818
1655924100000,1081.06,1081.79,1080.66,1080.88,335.0273
1655924160000,1080.88,1082.89,1080.87,1081.67,309.4391
1655924220000,1081.68,1082.67,1081.05,1081.18,233.2242
1655924280000,1081.19,1081.51,1080.14,1081.06,241.0493
1655924340000,1081.07,1081.61,1080.87,1081.56,182.3808
1655924400000,1081.55,1081.92,1080.6,1080.6,351.2602
1655924460000,1080.6,1080.84,1079.7,1080.38,312.8503
1655924520000,1080.39,1080.69,1079.16,1079.16,517.9626
1655924580000,1079.17,1082.35,1078.77,1082.35,570.3682
1655924640000,1082.35,1083.14,1081.37,1082.92,407.325
1655924700000,1082.91,1084.05,1082.12,1083.92,404.5533
1655924760000,1083.93,1083.93,1081.41,1081.41,279.379
1655924820000,1081.42,1082.2,1079.31,1079.78,553.5502
1655924880000,1079.77,1081.38,1076.4,1077.27,2653.3949
1655924940000,1077.27,1077.61,1076.0,1076.25,1005.4438
1655925000000,1076.25,1077.57,1076.12,1076.77,725.094
1655925060000,1076.78,1079.39,1076.77,1078.73,397.0863
1655925120000,1078.73,1080.27,1078.68,1079.09,408.8331
1655925180000,1079.08,1080.03,1078.74,1080.02,510.5969
1655925240000,1080.03,1081.66,1079.59,1080.9,407.8704
1655925300000,1080.9,1081.15,1079.11,1079.64,646.2452
1655925360000,1079.64,1080.02,1078.18,1079.06,363.9823
1655925420000,1079.06,1080.79,1079.0,1080.19,281.5271
1655925480000,1080.2,1080.39,1079.12,1079.12,183.4852
1655925540000,1079.12,1079.13,1077.06,1077.62,512.1594
1655925600000,1077.61,1078.81,1077.14,1077.55,268.1862
1655925660000,1077.55,1078.55,1076.54,1076.73,1503.1135
1655925720000,1076.72,1077.9,1076.56,1076.9,453.3623
1655925780000,1076.91,1077.64,1076.66,1076.9,400.1482
1655925840000,1076.89,1077.88,1076.66,1077.18,485.3996
1655925900000,1077.18,1077.44,1076.19,1076.35,415.6902
1655925960000,1076.34,1077.14,1074.02,1075.51,927.0081
1655926020000,1075.51,1076.12,1073.8,1075.17,643.0676
1655926080000,1075.17,1075.17,1071.84,1073.08,852.9936
1655926140000,1073.07,1074.56,1072.34,1074.06,485.4325
1655926200000,1074.06,1075.77,1072.99,1075.03,690.5072
1655926260000,1075.03,1075.03,1072.69,1074.0,1053.263
1655926320000,1074.0,1074.15,1072.57,1073.37,403.3793
1655926380000,1073.38,1074.0,1072.92,1073.64,334.5301
1655926440000,1073.65,1073.65,1071.58,1071.73,318.7347
1655926500000,1071.73,1072.68,1071.37,1072.35,647.2622
1655926560000,1072.35,1072.37,1070.91,1071.53,679.149
1655926620000,1071.53,1071.87,1068.3,1069.2,2078.9538
1655926680000,1069.21,1069.21,1067.3,1068.01,1104.8189
1655926740000,1068.0,1069.57,1064.46,1064.48,1826.3589
1655926800000,1064.49,1065.36,1062.0,1064.57,1871.5305
1655926860000,1064.57,1064.93,1063.14,1063.74,858.4734
1655926920000,1063.73,1068.25,1063.57,1067.46,2080.2668
1655926980000,1067.46,1069.04,1066.56,1068.01,942.2845
1655927040000,1068.0,1068.46,1065.94,1066.45,533.9375
1655927100000,1066.44,1067.27,1064.61,1065.11,764.6112
1655927160000,1065.1,1065.45,1064.0,1064.0,435.7198
1655927220000,1064.01,1064.51,1062.83,1063.64,631.3761
1655927280000,1063.65,1065.0,1062.81,1062.85,362.7794
1655927340000,1062.84,1062.85,1061.39,1062.17,1702.7388
1655927400000,1062.17,1065.0,1060.48,1064.27,1265.4084
1655927460000,1064.27,1064.98,1063.16,1064.69,322.3575
1655927520000,1064.69,1067.54,1063.76,1067.35,543.1835
1655927580000,1067.35,1070.31,1067.34,1069.13,1434.3636
1655927640000,1069.14,1072.48,1069.13,1069.97,1056.9553
1655927700000,1069.96,1073.6,1069.88,1072.15,1640.3119
1655927760000,1072.15,1073.41,1070.85,1073.32,693.9907
1655927820000,1073.31,1073.54,1071.91,1073.3,511.5446
1655927880000,1073.29,1073.38,1071.36,1072.55,210.1334
1655927940000,1072.56,1072.9,1070.53,1070.72,334.8643
1655928000000,1070.72,1073.52,1070.51,1073.51,1575.7462
1655928060000,1073.51,1073.52,1070.28,1070.28,344.4588
1655928120000,1070.29,1070.29,1065.33,1065.69,1612.4782
1655928180000,1065.7,1065.7,1062.83,1063.21,2595.0897
1655928240000,1063.22,1066.43,1063.21,1064.58,1958.6588
1655928300000,1064.58,1068.8,1064.58,1068.8,785.2723
1655928360000,1068.79,1069.6,1067.66,1067.95,731.309
1655928420000,1067.95,1068.25,1066.32,1066.32,423.9174
1655928480000,1066.33,1067.14,1065.86,1066.48,438.7649
1655928540000,1066.49,1067.68,1066.06,1066.87,346.355
1655928600000,1066.87,1068.54,1066.38,1066.53,862.5875
1655928660000,1066.52,1068.77,1066.51,1068.18,629.0564
1655928720000,1068.18,1072.16,1067.68,1072.14,805.1747
1655928780000,1072.14,1074.52,1071.62,1072.67,1109.9667
1655928840000,1072.68,1074.51,1072.16,1072.67,1368.5867
1655928900000,1072.66,1074.22,1072.12,1073.08,478.2533
1655928960000,1073.07,1073.08,1071.62,1072.28,707.5476
1655929020000,1072.27,1072.53,1071.03,1071.9,443.0691
1655929080000,1071.9,1072.18,1071.11,1071.28,455.5756
1655929140000,1071.27,1072.08,1071.0,1071.82,287.1133
1655929200000,1071.82,1072.46,1071.38,1071.44,121.1847
1655929260000,1071.45,1071.83,1070.47,1071.27,430.2561
1655929320000,1071.27,1072.56,1071.2,1072.02,343.3039
1655929380000,1072.03,1073.11,1069.41,1069.93,724.9969
1655929440000,1069.93,1071.06,1069.59,1070.86,299.5537
1655929500000,1070.85,1071.16,1069.86,1070.04,197.6298
1655929560000,1070.05,1071.09,1069.04,1069.46,746.0973
1655929620000,1069.46,1070.26,1068.36,1068.7,493.797
1655929680000,1068.7,1069.65,1068.01,1068.73,506.6375
1655929740000,1068.74,1068.94,1067.95,1067.95,265.6589
1655929800000,1067.95,1067.96,1064.07,1064.08,514.2142
1655929860000,1064.08,1064.62,1058.3,1058.79,3424.6059
1655929920000,1058.8,1059.01,1057.05,1057.3,1164.2589
1655929980000,1057.31,1060.13,1057.3,1057.57,796.9127
1655930040000,1057.56,1057.87,1055.68,1056.03,1207.2232
1655930100000,1056.03,1058.83,1054.69,1054.7,1281.5578
1655930160000,1054.7,1054.7,1045.02,1047.06,8286.3406
1655930220000,1047.07,1052.32,1046.76,1051.04,3145.0339
1655930280000,1051.05,1052.93,1049.03,1049.66,2606.9263
1655930340000,1049.66,1051.36,1048.93,1049.41,1072.5492
1655930400000,1049.42,1050.58,1047.16,1047.95,923.3758
1655930460000,1047.95,1048.86,1046.23,1046.33,1361.202
1655930520000,1046.32,1050.36,1045.93,1048.57,1738.038
1655930580000,1048.57,1050.53,1048.28,1048.58,1060.0709
1655930640000,1048.58,1050.92,1048.36,1049.53,616.9012
1655930700000,1049.53,1049.54,1044.24,1044.5,1576.6077
1655930760000,1044.51,1047.49,1043.65,1046.98,1463.4355
1655930820000,1046.99,1048.63,1046.19,1047.48,2120.1328
1655930880000,1047.49,1056.9,1046.39,1056.55,2980.6459
1655930940000,1056.54,1057.56,1052.33,1052.79,2036.8281
1655931000000,1052.78,1056.25,1052.39,1054.9,1031.0728
1655931060000,1054.9,1057.74,1054.76,1056.91,552.7517
1655931120000,1056.9,1057.18,1055.11,1055.75,620.0494
1655931180000,1055.74,1055.75,1054.68,1055.18,332.9935
1655931240000,1055.18,1057.17,1054.0,1054.52,549.9727
1655931300000,1054.51,1055.64,1053.39,1053.48,414.4527
1655931360000,1053.49,1055.35,1053.1,1053.11,734.6346
1655931420000,1053.1,1055.02,1052.78,1052.85,443.5455
1655931480000,1052.84,1053.72,1050.06,1050.6,874.5135
1655931540000,1050.6,1051.36,1048.73,1049.31,1174.5105
1655931600000,1049.31,1052.23,1048.59,1051.01,1054.9004
1655931660000,1051.02,1053.92,1050.63,1052.67,340.4731
1655931720000,1052.66,1052.97,1050.32,1050.32,279.5111
1655931780000,1050.32,1053.46,1049.96,1051.64,396.4326
1655931840000,1051.65,1055.55,1051.64,1054.69,653.7569
1655931900000,1054.69,1055.35,1053.84,1054.0,377.8861
1655931960000,1054.0,1057.14,1053.99,1056.49,346.8827
1655932020000,1056.49,1057.19,1053.99,1054.3,381.9651
1655932080000,1054.29,1054.81,1052.51,1054.08,882.6137
1655932140000,1054.08,1055.8,1054.07,1054.45,332.31
1655932200000,1054.46,1054.74,1052.89,1052.89,240.0527
1655932260000,1052.89,1054.1,1051.0,1051.73,295.3593
1655932320000,1051.72,1053.99,1051.72,1052.81,294.1873
1655932380000,1052.8,1055.16,1052.8,1054.2,344.1353
1655932440000,1054.2,1055.09,1053.64,1054.56,489.6206
1655932500000,1054.56,1055.1,1053.18,1053.37,352.911
1655932560000,1053.37,1053.51,1053.16,1053.24,100.7143
1655932620000,1053.24,1053.39,1050.21,1051.18,614.5053
1655932680000,1051.18,1052.59,1050.13,1052.58,289.0481
1655932740000,1052.58,1055.1,1051.76,1055.09,474.1784
1655932800000,1055.1,1057.01,1054.44,1055.73,466.1555
1655932860000,1055.73,1059.0,1055.49,1056.16,668.5161
1655932920000,1056.16,1058.2,1053.2,1053.38,720.1351
1655932980000,1053.37,1058.04,1051.59,1053.18,1267.1392
1655933040000,1053.19,1053.52,1051.5,1051.51,556.2538
1655933100000,1051.51,1053.31,1049.43,1050.73,1218.7362
1655933160000,1050.74,1050.81,1049.52,1050.16,222.1016
1655933220000,1050.15,1050.17,1049.51,1050.11,101.6611
1655933280000,1050.11,1052.98,1050.01,1052.74,362.835
1655933340000,1052.73,1053.13,1052.73,1052.96,66.2955
1655933400000,1052.95,1054.22,1052.95,1054.21,45.6393
1655933460000,1054.22,1055.01,1054.21,1054.55,151.2583
1655933520000,1054.55,1054.56,1050.19,1050.61,326.004
1655933580000,1050.6,1051.29,1049.57,1050.28,390.2248
1655933640000,1050.29,1053.01,1050.28,1052.14,250.2668
1655933700000,1052.15,1052.15,1049.23,1049.36,386.9317
1655933760000,1049.37,1051.41,1049.24,1051.4,493.2103
1655933820000,1051.41,1052.0,1049.58,1049.84,169.4999
1655933880000,1049.84,1050.59,1049.84,1049.98,107.3369
1655933940000,1049.99,1049.99,1046.0,1046.94,1197.1819
1655934000000,1046.94,1048.82,1046.15,1046.28,543.411
1655934060000,1046.28,1048.0,1046.27,1047.13,337.9945
1655934120000,1047.13,1047.7,1046.66,1047.64,278.1229
1655934180000,1047.64,1048.42,1047.37,1047.67,209.086
1655934240000,1047.67,1048.98,1047.66,1048.26,151.8041
1655934300000,1048.27,1052.35,1048.26,1052.04,345.7253
1655934360000,1052.04,1056.99,1051.92,1054.86,1628.6575
1655934420000,1054.86,1056.39,1054.6,1056.1,669.3136
1655934480000,1056.1,1056.17,1054.68,1054.71,322.7424
1655934540000,1054.7,1056.51,1054.7,1056.22,156.1571
1655934600000,1056.21,1056.54,1055.25,1056.24,230.5452
1655934660000,1056.25,1059.28,1055.85,1057.97,791.6717
1655934720000,1057.97,1059.61,1057.96,1059.58,368.9704
1655934780000,1059.57,1059.58,1057.94,1058.4,211.3931
1655934840000,1058.4,1059.07,1057.58,1057.83,490.4116
1655934900000,1057.83,1059.03,1057.41,1057.8,492.1617
1655934960000,1057.8,1058.77,1057.8,1058.57,144.3186
1655935020000,1058.58,1063.0,1058.51,1060.58,2132.1755
1655935080000,1060.59,1061.65,1059.0,1059.26,834.3944
1655935140000,1059.26,1059.46,1058.33,1059.38,347.7512
1655935200000,1059.39,1060.97,1058.64,1060.45,426.3215
1655935260000,1060.46,1060.8,1059.01,1059.87,371.6184
1655935320000,1059.88,1060.21,1057.76,1058.56,1255.4598
1655935380000,1058.57,1059.7,1057.85,1059.17,417.6598
1655935440000,1059.16,1059.81,1058.01,1058.46,355.9468
1655935500000,1058.46,1058.91,1055.96,1057.57,1554.1099
1655935560000,1057.56,1059.82,1057.43,1058.87,655.6639
1655935620000,1058.88,1061.41,1058.87,1059.3,665.8817
1655935680000,1059.31,1060.16,1058.84,1059.81,552.7598
1655935740000,1059.81,1060.52,1058.76,1060.38,575.7592
1655935800000,1060.38,1062.08,1059.68,1062.02,1351.218
1655935860000,1062.02,1065.52,1061.3,1063.11,1596.6771
1655935920000,1063.1,1063.94,1062.52,1062.61,402.9796
1655935980000,1062.61,1062.71,1059.81,1060.06,874.8849
1655936040000,1060.06,1060.06,1056.87,1058.61,993.6915
1655936100000,1058.6,1059.16,1056.93,1059.15,742.2688
1655936160000,1059.16,1059.16,1057.62,1057.62,437.1764
1655936220000,1057.63,1057.63,1056.31,1056.31,365.178
1655936280000,1056.31,1057.73,1056.09,1056.69,856.4949
1655936340000,1056.68,1057.16,1054.68,1055.15,491.2174
1655936400000,1055.15,1057.58,1055.04,1056.45,870.4541
1655936460000,1056.45,1056.87,1056.0,1056.77,456.3156
1655936520000,1056.78,1057.65,1056.25,1056.48,301.883
1655936580000,1056.48,1056.48,1055.54,1056.34,846.6189
1655936640000,1056.34,1057.65,1056.29,1056.78,207.4232
1655936700000,1056.77,1056.82,1055.94,1056.82,415.8849
1655936760000,1056.82,1058.91,1056.45,1058.71,323.2043
1655936820000,1058.72,1059.35,1057.05,1057.57,314.6769
1655936880000,1057.57,1057.58,1055.41,1056.02,329.3945
1655936940000,1056.03,1057.13,1055.71,1056.26,209.6098
1655937000000,1056.26,1060.06,1055.93,1059.98,399.182
1655937060000,1059.99,1060.41,1058.13,1059.25,621.1088
1655937120000,1059.25,1059.36,1058.49,1058.5,332.5121
1655937180000,1058.5,1059.5,1058.04,1059.31,597.5758
1655937240000,1059.32,1061.31,1059.02,1059.87,692.8352
1655937300000,1059.87,1061.8,1059.78,1061.24,294.1014
1655937360000,1061.23,1062.28,1060.48,1062.28,697.9913
1655937420000,1062.28,1062.32,1060.84,1061.69,733.2092
1655937480000,1061.69,1061.9,1060.32,1061.44,545.9849
1655937540000,1061.44,1061.44,1059.88,1060.48,326.6522
1655937600000,1060.49,1060.96,1058.92,1059.1,351.311
1655937660000,1059.1,1059.95,1059.02,1059.95,244.9904
1655937720000,1059.95,1060.9,1059.17,1060.83,353.5004
1655937780000,1060.83,1061.62,1059.86,1060.95,295.5881
1655937840000,1060.96,1062.22,1060.83,1061.64,509.1329
1655937900000,1061.63,1062.16,1061.11,1061.56,237.9937
1655937960000,1061.56,1061.57,1060.15,1060.47,296.0313
1655938020000,1060.47,1060.48,1058.46,1059.46,370.471
1655938080000,1059.47,1060.44,1059.38,1060.24,158.538
1655938140000,1060.25,1060.43,1059.67,1059.85,255.5155
1655938200000,1059.86,1060.66,1058.9,1059.53,292.1803
1655938260000,1059.54,1060.67,1059.25,1060.36,372.1737
1655938320000,1060.37,1060.5,1059.58,1060.5,185.5063
1655938380000,1060.49,1066.5,1060.01,1064.06,1720.2294
1655938440000,1064.06,1064.57,1063.06,1063.5,670.3127
1655938500000,1063.5,1064.12,1063.29,1063.83,250.0247
1655938560000,1063.83,1064.67,1063.64,1064.23,429.3989
1655938620000,1064.23,1065.19,1063.01,1063.76,665.3808
1655938680000,1063.76,1063.77,1062.55,1062.78,251.9395
1655938740000,1062.78,1062.99,1061.74,1061.92,231.0408
1655938800000,1061.93,1062.49,1061.04,1061.51,393.1895
1655938860000,1061.52,1062.7,1061.51,1062.04,252.7883
1655938920000,1062.03,1062.81,1062.01,1062.23,244.183
1655938980000,1062.23,1063.1,1062.23,1062.76,191.8848
1655939040000,1062.77,1063.44,1062.54,1062.56,382.7439
1655939100000,1062.56,1063.06,1062.26,1062.63,196.3255
1655939160000,1062.63,1062.98,1062.08,1062.09,352.0413
1655939220000,1062.09,1062.82,1062.04,1062.54,440.8038
1655939280000,1062.55,1063.63,1062.48,1063.11,289.9136
1655939340000,1063.1,1063.27,1062.48,1062.49,366.1672
1655939400000,1062.49,1062.76,1059.47,1060.78,1054.07
1655939460000,1060.78,1061.48,1059.73,1059.89,607.6727
1655939520000,1059.89,1061.15,1059.88,1060.92,501.5734
1655939580000,1060.91,1061.21,1058.61,1059.42,730.5315
1655939640000,1059.43,1059.6,1058.58,1058.89,280.654
1655939700000,1058.9,1060.4,1058.86,1060.4,545.8235
1655939760000,1060.4,1060.56,1059.43,1060.11,205.2422
1655939820000,1060.11,1060.51,1058.96,1058.96,986.5646
1655939880000,1058.97,1059.14,1057.34,1058.07,636.1643
1655939940000,1058.06,1058.4,1057.34,1058.39,238.1344
1655940000000,1058.4,1058.4,1057.7,1057.79,133.3945
1655940060000,1057.79,1059.09,1056.74,1058.91,369.562
1655940120000,1058.92,1060.05,1057.84,1059.89,229.2782
1655940180000,1059.9,1059.9,1057.75,1057.93,289.3807
1655940240000,1057.92,1058.37,1057.78,1058.14,59.9291
1655940300000,1058.13,1059.35,1058.13,1059.34,179.5181
1655940360000,1059.35,1059.47,1058.28,1059.14,166.2895
1655940420000,1059.14,1059.14,1058.14,1059.13,235.7635
1655940480000,1059.14,1059.88,1059.13,1059.55,96.1566
1655940540000,1059.54,1059.55,1058.13,1058.13,119.1945
1655940600000,1058.14,1061.76,1058.13,1061.72,1152.3672
1655940660000,1061.76,1062.34,1060.14,1060.58,722.2262
1655940720000,1060.57,1060.58,1057.7,1057.99,495.5374
1655940780000,1058.0,1058.05,1056.76,1057.69,490.7048
1655940840000,1057.69,1057.69,1056.8,1057.23,360.2863
1655940900000,1057.24,1057.24,1055.56,1055.72,312.0241
1655940960000,1055.73,1056.06,1052.77,1053.12,937.1317
1655941020000,1053.12,1054.09,1052.82,1054.04,443.2168
1655941080000,1054.04,1054.96,1053.37,1053.38,353.8005
1655941140000,1053.38,1053.95,1053.2,1053.44,167.622
1655941200000,1053.43,1054.12,1051.48,1052.13,753.3992
1655941260000,1052.12,1052.92,1050.49,1051.94,1133.9189
1655941320000,1051.92,1052.6,1051.19,1051.76,389.3215
1655941380000,1051.76,1052.75,1051.75,1052.4,397.0621
1655941440000,1052.41,1052.63,1051.18,1052.31,399.6347
1655941500000,1052.31,1052.86,1050.72,1051.16,454.9804
1655941560000,1051.16,1051.16,1050.0,1050.59,361.1542
1655941620000,1050.59,1051.17,1050.39,1050.77,149.3909
1655941680000,1050.77,1054.83,1050.53,1053.74,1312.1089
1655941740000,1053.74,1053.75,1049.97,1049.98,1402.215
1655941800000,1049.97,1053.49,1048.91,1052.3,1046.8347
1655941860000,1052.31,1052.37,1049.72,1050.03,517.877
1655941920000,1050.03,1050.57,1049.59,1050.42,292.8585
1655941980000,1050.43,1051.46,1050.3,1050.68,354.1137
1655942040000,1050.68,1050.83,1049.49,1049.68,192.1554
1655942100000,1049.67,1049.76,1049.07,1049.4,293.8587
1655942160000,1049.39,1050.29,1049.05,1049.06,465.4424
1655942220000,1049.05,1050.0,1048.5,1049.38,726.5422
1655942280000,1049.37,1049.8,1048.85,1049.18,362.3129
1655942340000,1049.19,1050.19,1048.75,1050.19,296.2741
1655942400000,1050.19,1052.1,1049.11,1052.1,644.347
1655942460000,1052.09,1052.29,1049.36,1050.43,872.6861
1655942520000,1050.43,1051.79,1047.43,1047.44,1089.9343
1655942580000,1047.43,1052.44,1045.3,1051.12,1117.2515
1655942640000,1051.12,1057.84,1051.09,1053.51,1465.3249
1655942700000,1053.51,1056.58,1053.35,1053.93,756.3424
1655942760000,1053.94,1060.1,1053.74,1059.4,1178.1542
1655942820000,1059.4,1062.0,1057.67,1057.94,1779.8562
1655942880000,1057.94,1060.0,1056.5,1059.09,1798.0172
1655942940000,1059.09,1061.82,1058.96,1060.19,3249.7755
1655943000000,1060.19,1063.52,1060.18,1063.29,1429.4681
1655943060000,1063.29,1067.23,1063.29,1063.97,7117.2321
1655943120000,1063.97,1064.66,1061.17,1062.97,1418.0419
1655943180000,1062.96,1063.62,1060.44,1061.0,740.7932
1655943240000,1061.0,1065.79,1060.92,1065.46,965.4394
1655943300000,1065.46,1073.0,1064.13,1069.74,3121.458
1655943360000,1069.75,1072.49,1068.53,1068.67,1533.1462
1655943420000,1068.67,1068.81,1067.13,1068.0,851.3581
1655943480000,1068.01,1072.75,1067.35,1070.46,1079.5314
1655943540000,1070.46,1072.43,1069.75,1070.22,2482.8959
1655943600000,1070.22,1072.3,1069.7,1070.87,810.8525
1655943660000,1070.88,1071.76,1068.88,1069.04,716.2547
1655943720000,1069.03,1069.66,1067.84,1068.98,938.6599
1655943780000,1068.97,1069.26,1066.36,1066.56,1740.6152
1655943840000,1066.55,1068.32,1066.55,1067.04,642.8
1655943900000,1067.03,1069.16,1067.03,1068.59,510.6808
1655943960000,1068.59,1074.54,1068.36,1073.83,1999.8512
1655944020000,1073.83,1081.29,1073.83,1075.85,6712.3582
1655944080000,1075.85,1079.61,1072.63,1073.32,2478.678
1655944140000,1073.31,1076.14,1073.06,1073.83,1562.7334
1655944200000,1073.83,1076.52,1073.15,1073.45,1406.5555
1655944260000,1073.45,1073.46,1071.15,1071.6,1022.9542
1655944320000,1071.6,1074.71,1070.84,1074.7,1912.118
1655944380000,1074.71,1075.28,1071.8,1072.05,1003.9035
1655944440000,1072.06,1072.39,1070.09,1072.38,561.2421
1655944500000,1072.39,1072.42,1070.99,1071.53,612.7577
1655944560000,1071.53,1071.78,1069.59,1070.48,1870.6353
1655944620000,1070.48,1071.6,1069.04,1071.24,2450.1478
1655944680000,1071.24,1071.27,1070.07,1070.17,764.0925
1655944740000,1070.18,1071.48,1070.01,1071.0,607.683
1655944800000,1070.99,1074.47,1070.47,1074.06,1341.8558
1655944860000,1073.97,1076.55,1073.97,1076.16,1335.9259
1655944920000,1076.17,1078.27,1075.74,1076.87,946.5476
1655944980000,1076.87,1079.84,1076.87,1077.7,588.1836
1655945040000,1077.7,1078.95,1076.67,1077.92,864.056
1655945100000,1077.91,1079.39,1076.75,1078.9,654.8863
1655945160000,1078.91,1078.91,1076.07,1077.29,710.7479
1655945220000,1077.28,1078.16,1076.36,1076.66,523.8854
1655945280000,1076.66,1077.44,1075.96,1076.83,455.0439
1655945340000,1076.82,1079.11,1076.6,1077.8,369.0947
1655945400000,1077.79,1078.47,1076.85,1077.89,442.5277
1655945460000,1077.89,1084.49,1077.57,1083.93,1662.4287
1655945520000,1083.93,1084.98,1081.66,1082.37,2179.7655
1655945580000,1082.38,1083.39,1081.22,1082.02,1282.1716
1655945640000,1082.02,1083.63,1079.74,1081.11,1193.5487
1655945700000,1081.11,1082.84,1080.55,1082.4,1506.6927
1655945760000,1082.4,1083.73,1080.24,1080.47,2549.6376
1655945820000,1080.47,1080.72,1078.35,1079.16,998.9179
1655945880000,1079.17,1079.99,1078.59,1078.64,570.1278
1655945940000,1078.64,1079.02,1078.14,1078.53,651.687
1655946000000,1078.52,1079.3,1078.13,1078.58,662.38
1655946060000,1078.58,1079.88,1077.15,1078.33,1094.5692
1655946120000,1078.33,1078.71,1074.98,1075.41,883.7328
1655946180000,1075.4,1076.14,1074.17,1075.53,583.0434
1655946240000,1075.53,1076.53,1075.29,1076.07,397.0906
1655946300000,1076.07,1076.4,1075.24,1075.46,326.9217
1655946360000,1075.46,1076.18,1075.12,1075.78,376.5168
1655946420000,1075.78,1076.39,1074.68,1075.53,644.1324
1655946480000,1075.53,1077.55,1075.44,1076.03,841.0191
1655946540000,1076.04,1077.55,1075.84,1076.22,605.5939
1655946600000,1076.23,1077.91,1075.73,1077.21,902.1372
1655946660000,1077.21,1077.22,1075.68,1075.85,502.544
1655946720000,1075.84,1076.29,1074.87,1074.88,427.6548
1655946780000,1074.87,1075.35,1074.6,1075.27,342.5375
1655946840000,1075.26,1075.27,1074.2,1074.64,319.3995
1655946900000,1074.64,1075.52,1073.6,1074.42,1643.8206
1655946960000,1074.42,1076.7,1074.11,1076.34,869.5283
1655947020000,1076.33,1077.8,1076.21,1077.11,739.3335
1655947080000,1077.11,1077.42,1076.21,1076.35,667.1067
1655947140000,1076.31,1077.0,1075.87,1076.7,295.7522
1655947200000,1076.7,1077.33,1076.44,1077.28,328.3535
1655947260000,1077.27,1081.05,1077.12,1079.34,4531.1351
1655947320000,1079.35,1083.81,1079.34,1082.26,1059.0929
1655947380000,1082.26,1082.71,1081.14,1081.25,368.348
1655947440000,1081.24,1082.99,1081.24,1082.56,558.5957
1655947500000,1082.57,1083.07,1082.27,1082.52,543.0523
1655947560000,1082.52,1083.11,1082.04,1082.58,409.3458
1655947620000,1082.57,1085.35,1082.08,1085.2,664.5942
1655947680000,1085.21,1095.21,1084.55,1091.26,7060.4729
1655947740000,1091.25,1092.65,1089.29,1091.8,4161.9346
1655947800000,1091.8,1096.19,1091.71,1096.1,1551.8242
1655947860000,1096.11,1097.98,1094.11,1097.14,3355.8706
1655947920000,1097.15,1097.44,1095.13,1095.69,1969.7645
1655947980000,1095.69,1096.78,1095.31,1096.03,1176.8509
1655948040000,1096.03,1096.74,1093.4,1093.92,1293.9103
1655948100000,1093.92,1094.6,1092.49,1093.82,1234.3944
1655948160000,1093.83,1094.3,1093.15,1093.62,444.0001
1655948220000,1093.61,1094.35,1093.06,1093.42,748.9585
1655948280000,1093.41,1094.89,1093.24,1093.67,1037.9376
1655948340000,1093.66,1094.47,1092.52,1092.81,705.2177
1655948400000,1092.82,1093.03,1091.08,1092.3,674.9732
1655948460000,1092.3,1092.61,1091.03,1091.48,332.9498
1655948520000,1091.48,1093.36,1091.43,1092.12,423.5254
1655948580000,1092.12,1092.12,1090.42,1090.92,395.4393
1655948640000,1090.93,1091.64,1090.07,1090.46,494.0094
1655948700000,1090.45,1091.97,1090.45,1090.69,378.4019
1655948760000,1090.69,1091.05,1090.05,1090.1,259.2081
1655948820000,1090.1,1090.55,1089.73,1089.86,224.761
1655948880000,1089.86,1090.18,1088.43,1088.43,430.8155
1655948940000,1088.43,1089.28,1087.74,1088.5,371.4912
1655949000000,1088.5,1088.76,1088.07,1088.19,1345.4368
1655949060000,1088.19,1089.0,1087.72,1088.73,1652.0997
1655949120000,1088.73,1089.74,1088.1,1088.47,516.2681
1655949180000,1088.47,1089.21,1088.46,1088.76,601.8275
1655949240000,1088.77,1088.97,1085.92,1086.74,3085.6796
1655949300000,1086.75,1087.73,1086.27,1086.92,512.0482
1655949360000,1086.93,1087.93,1086.69,1086.81,555.4392
1655949420000,1086.81,1087.87,1085.44,1085.8,1177.2215
1655949480000,1085.8,1086.03,1083.9,1085.46,1024.6234
1655949540000,1085.46,1086.0,1084.19,1085.03,687.0658
1655949600000,1085.04,1086.49,1084.98,1085.58,595.0563
1655949660000,1085.58,1085.99,1084.94,1085.42,308.1925
1655949720000,1085.41,1085.78,1084.71,1084.88,347.0843
1655949780000,1084.87,1086.75,1084.87,1085.99,507.1119
1655949840000,1085.99,1089.55,1085.79,1089.06,2591.4448
1655949900000,1089.06,1089.44,1086.86,1086.86,861.1449
1655949960000,1086.87,1086.87,1084.84,1085.74,525.5719
1655950020000,1085.73,1086.28,1085.49,1085.61,259.6962
1655950080000,1085.61,1085.62,1085.06,1085.17,343.0791
1655950140000,1085.17,1085.9,1085.17,1085.24,516.8341
1655950200000,1085.24,1085.25,1084.61,1084.94,287.5686
1655950260000,1084.95,1084.99,1084.5,1084.59,302.7906
1655950320000,1084.59,1084.59,1083.5,1083.51,1384.6273
1655950380000,1083.51,1083.85,1083.0,1083.43,682.0017
1655950440000,1083.44,1085.21,1083.41,1084.47,355.2608
1655950500000,1084.46,1084.47,1083.45,1083.84,341.6765
1655950560000,1083.84,1084.38,1083.0,1083.99,267.7436
1655950620000,1083.99,1084.27,1083.65,1084.11,521.4749
1655950680000,1084.1,1085.95,1084.1,1085.0,298.9057
1655950740000,1085.0,1085.52,1084.61,1084.75,290.5733
1655950800000,1084.75,1085.4,1084.61,1084.97,177.4651
1655950860000,1084.96,1087.77,1084.96,1086.55,416.6087
1655950920000,1086.54,1086.71,1085.61,1085.61,186.4398
1655950980000,1085.61,1085.62,1084.76,1085.25,261.8915
1655951040000,1085.24,1085.25,1084.28,1084.63,282.6033
1655951100000,1084.64,1086.19,1084.43,1085.59,209.8405
1655951160000,1085.6,1086.35,1085.4,1085.82,292.6229
1655951220000,1085.82,1085.96,1085.45,1085.79,99.4626
1655951280000,1085.79,1086.09,1085.38,1085.77,216.6499
1655951340000,1085.77,1086.1,1084.31,1084.32,296.6933
1655951400000,1084.32,1084.93,1084.0,1084.92,294.7437
1655951460000,1084.92,1086.74,1084.88,1086.31,290.7439
1655951520000,1086.31,1086.46,1085.22,1085.89,419.6814
1655951580000,1085.88,1093.0,1085.62,1090.97,1816.6928
1655951640000,1090.96,1090.97,1087.79,1088.21,833.6493
1655951700000,1088.22,1090.04,1087.76,1089.48,391.3326
1655951760000,1089.47,1089.48,1087.11,1087.13,338.6655
1655951820000,1087.12,1087.12,1084.22,1084.66,552.7285
1655951880000,1084.66,1087.1,1084.15,1086.64,513.1744
1655951940000,1086.64,1087.48,1086.64,1087.33,226.0945
1655952000000,1087.33,1087.99,1085.53,1085.53,619.6105
1655952060000,1085.53,1087.51,1085.37,1087.51,484.6345
1655952120000,1087.5,1088.15,1086.58,1086.67,290.8969
1655952180000,1086.68,1086.95,1086.39,1086.69,212.8776
1655952240000,1086.69,1088.07,1086.24,1088.06,269.95
1655952300000,1088.07,1088.57,1087.24,1088.17,369.1869
1655952360000,1088.18,1089.98,1087.93,1089.4,609.4475
1655952420000,1089.41,1091.11,1088.88,1091.1,540.5408
1655952480000,1091.1,1091.97,1090.64,1091.38,398.3121
1655952540000,1091.38,1091.67,1090.67,1090.67,302.5578
1655952600000,1090.68,1091.46,1090.5,1090.5,224.0392
1655952660000,1090.5,1090.58,1089.35,1090.57,462.8604
1655952720000,1090.57,1090.58,1088.53,1089.53,718.6873
1655952780000,1089.54,1089.95,1088.82,1089.36,317.2149
1655952840000,1089.36,1090.29,1088.51,1089.51,550.8574
1655952900000,1089.51,1089.7,1086.67,1086.68,234.8048
1655952960000,1086.68,1087.75,1085.18,1085.26,953.3887
1655953020000,1085.26,1087.2,1084.47,1086.94,650.1373
1655953080000,1086.94,1088.23,1086.37,1086.38,451.7768
1655953140000,1086.38,1087.04,1085.44,1085.61,404.2575
1655953200000,1085.6,1086.58,1084.9,1085.36,621.8285
1655953260000,1085.36,1085.78,1080.99,1082.0,3281.8703
1655953320000,1082.0,1083.13,1079.0,1080.12,1541.2031
1655953380000,1080.13,1080.97,1078.93,1079.83,1032.9562
1655953440000,1079.84,1080.69,1079.68,1080.03,484.5545
1655953500000,1080.03,1080.95,1079.77,1080.9,319.4705
1655953560000,1080.89,1081.42,1080.85,1080.97,271.7257
1655953620000,1080.97,1080.98,1080.23,1080.82,357.75
1655953680000,1080.82,1081.44,1080.43,1081.22,382.552
1655953740000,1081.21,1081.82,1080.99,1081.37,238.1649
1655953800000,1081.37,1082.09,1080.75,1081.65,676.4705
1655953860000,1081.65,1081.91,1080.79,1080.98,394.6598
1655953920000,1080.99,1080.99,1080.06,1080.39,428.9781
1655953980000,1080.38,1080.79,1079.26,1079.53,188.7705
1655954040000,1079.53,1079.87,1078.65,1078.73,282.1255
1655954100000,1078.73,1080.11,1078.17,1078.25,298.1136
1655954160000,1078.25,1079.04,1078.13,1078.51,208.2366
1655954220000,1078.5,1079.78,1078.45,1079.78,97.4347
1655954280000,1079.77,1079.78,1078.34,1078.68,265.7086
1655954340000,1078.67,1079.81,1078.54,1079.81,415.1204
1655954400000,1079.8,1080.25,1078.58,1078.79,265.5713
1655954460000,1078.8,1079.43,1078.1,1078.11,199.4148
1655954520000,1078.11,1079.63,1077.59,1079.06,437.4398
1655954580000,1079.06,1079.06,1078.55,1078.65,117.7043
1655954640000,1078.66,1079.11,1078.43,1078.96,204.8317
1655954700000,1078.97,1079.13,1078.15,1078.15,255.1822
1655954760000,1078.16,1078.5,1077.5,1077.98,345.1475
1655954820000,1077.99,1079.74,1077.98,1079.13,439.7438
1655954880000,1079.13,1079.45,1078.4,1078.77,199.0363
1655954940000,1078.76,1080.77,1078.39,1080.76,356.4749
1655955000000,1080.77,1080.77,1079.06,1079.06,352.3099
1655955060000,1079.06,1079.07,1077.69,1078.38,1003.4689
1655955120000,1078.38,1078.85,1078.15,1078.69,241.9754
1655955180000,1078.7,1079.94,1078.48,1079.54,383.9294
1655955240000,1079.53,1079.54,1078.67,1078.81,231.9685
1655955300000,1078.82,1079.46,1078.78,1079.23,319.1534
1655955360000,1079.22,1079.62,1078.38,1078.54,146.8522
1655955420000,1078.54,1079.33,1078.42,1078.67,328.9329
1655955480000,1078.66,1079.26,1078.38,1078.81,428.7886
1655955540000,1078.81,1078.82,1077.56,1077.99,260.9578
1655955600000,1078.0,1078.87,1077.75,1078.86,129.2848
1655955660000,1078.86,1079.27,1077.72,1078.24,171.9794
1655955720000,1078.25,1078.45,1076.67,1077.24,1776.5382
1655955780000,1077.25,1077.56,1076.28,1076.9,297.9715
1655955840000,1076.9,1077.3,1076.48,1077.19,307.6957
1655955900000,1077.19,1078.17,1075.69,1075.92,560.1882
1655955960000,1075.91,1076.76,1075.91,1076.49,216.0997
1655956020000,1076.48,1077.99,1076.48,1077.9,191.3141
1655956080000,1077.89,1078.36,1077.41,1078.02,412.207
1655956140000,1078.03,1079.11,1077.84,1078.95,336.7095
1655956200000,1078.94,1079.65,1078.94,1079.2,192.1936
1655956260000,1079.2,1079.24,1078.29,1078.29,264.4972
1655956320000,1078.3,1079.41,1078.19,1079.2,99.5925
1655956380000,1079.19,1079.27,1078.79,1078.94,163.0018
1655956440000,1078.93,1079.27,1078.49,1079.06,274.3863
1655956500000,1079.07,1079.52,1078.43,1078.83,541.378
1655956560000,1078.83,1079.42,1078.39,1078.46,210.6807
1655956620000,1078.47,1078.47,1076.83,1077.02,169.6472
1655956680000,1077.02,1077.3,1076.28,1076.85,262.972
1655956740000,1076.85,1076.85,1076.3,1076.4,137.9762
1655956800000,1076.4,1076.8,1074.4,1075.08,1443.8818
1655956860000,1075.08,1076.65,1074.97,1076.64,206.7488
1655956920000,1076.64,1076.81,1075.59,1075.85,220.3046
1655956980000,1075.85,1077.19,1075.6,1076.88,187.4566
1655957040000,1076.86,1077.86,1076.72,1077.44,304.5103
1655957100000,1077.34,1077.73,1076.0,1076.36,216.3038
1655957160000,1076.36,1076.69,1076.06,1076.6,296.887
1655957220000,1076.59,1076.69,1076.01,1076.09,110.357
1655957280000,1076.08,1076.14,1074.5,1075.1,379.7748
1655957340000,1075.11,1075.11,1073.46,1073.68,512.5988
1655957400000,1073.68,1074.88,1072.15,1074.24,1113.2741
1655957460000,1074.24,1075.78,1074.23,1074.8,242.5095
1655957520000,1074.8,1075.42,1074.79,1075.19,162.7739
1655957580000,1075.19,1075.89,1074.84,1075.01,138.7727
1655957640000,1075.0,1075.01,1074.24,1074.7,320.602
1655957700000,1074.7,1075.68,1074.36,1075.41,335.5914
1655957760000,1075.41,1075.42,1074.14,1074.38,560.9998
1655957820000,1074.38,1075.12,1074.27,1074.45,118.1924
1655957880000,1074.45,1075.0,1074.11,1074.94,173.1762
1655957940000,1074.95,1075.68,1074.51,1075.15,424.0861
1655958000000,1075.14,1076.47,1074.62,1075.16,722.5853
1655958060000,1075.16,1076.19,1075.16,1076.08,186.0293
1655958120000,1076.08,1077.0,1076.08,1077.0,602.7593
1655958180000,1077.0,1077.75,1076.5,1077.1,489.1707
1655958240000,1077.1,1080.15,1077.1,1080.15,835.8132
1655958300000,1080.14,1085.06,1080.14,1081.85,2297.7656
1655958360000,1081.86,1082.42,1079.66,1081.62,441.7916
1655958420000,1081.61,1082.55,1081.34,1081.7,486.6932
1655958480000,1081.7,1082.33,1081.09,1081.87,576.5096
1655958540000,1081.87,1082.01,1080.38,1080.38,331.2362
1655958600000,1080.39,1081.43,1080.04,1080.41,274.1757
1655958660000,1080.41,1080.86,1079.45,1079.56,527.4781
1655958720000,1079.56,1081.99,1079.27,1081.65,768.5441
1655958780000,1081.65,1084.31,1081.09,1082.53,708.1349
1655958840000,1082.53,1084.06,1082.4,1082.68,614.6149
1655958900000,1082.68,1083.05,1082.04,1082.43,226.6455
1655958960000,1082.44,1082.98,1081.88,1082.71,347.9905
1655959020000,1082.71,1082.87,1082.01,1082.13,233.5149
1655959080000,1082.12,1083.0,1081.94,1082.98,218.362
1655959140000,1082.98,1083.4,1082.68,1083.2,418.3971
1655959200000,1083.19,1086.0,1082.72,1085.3,2522.5732
1655959260000,1085.29,1088.36,1085.02,1088.12,3645.9
1655959320000,1088.13,1088.13,1085.93,1086.81,840.5197
1655959380000,1086.81,1087.08,1086.25,1086.4,1290.1529
1655959440000,1086.4,1087.3,1085.83,1085.83,978.2857
1655959500000,1085.83,1086.3,1085.35,1085.36,1257.3537
1655959560000,1085.35,1086.0,1084.61,1085.82,1195.7949
1655959620000,1085.82,1085.82,1084.59,1085.63,331.6665
1655959680000,1085.63,1085.78,1085.0,1085.27,435.3102
1655959740000,1085.27,1088.4,1084.92,1087.52,1172.1206
1655959800000,1087.53,1088.17,1086.42,1086.71,782.4988
1655959860000,1086.7,1087.4,1086.21,1086.74,373.9438
1655959920000,1086.73,1087.6,1086.11,1086.2,353.0361
1655959980000,1086.19,1086.6,1085.86,1086.6,197.2171
1655960040000,1086.59,1086.71,1085.64,1086.41,328.6717
1655960100000,1086.41,1087.48,1086.07,1086.75,260.9528
1655960160000,1086.75,1088.0,1086.7,1087.62,250.0178
1655960220000,1087.63,1088.46,1087.05,1087.5,432.3032
1655960280000,1087.51,1089.54,1087.32,1088.56,427.4556
1655960340000,1088.56,1088.79,1087.18,1087.33,411.6521
1655960400000,1087.33,1089.82,1087.32,1088.99,835.611
1655960460000,1088.99,1089.46,1088.01,1089.15,443.2834
1655960520000,1089.16,1090.38,1088.35,1089.43,612.6209
1655960580000,1089.43,1089.96,1088.26,1088.38,288.8957
1655960640000,1088.38,1088.72,1088.0,1088.17,199.4403
1655960700000,1088.18,1088.5,1087.73,1088.11,246.5879
1655960760000,1088.1,1088.11,1086.8,1086.93,259.527
1655960820000,1086.93,1087.28,1086.1,1086.29,1284.5545
1655960880000,1086.28,1086.95,1086.14,1086.43,418.2866
1655960940000,1086.44,1086.53,1082.22,1083.32,748.5285
1655961000000,1083.31,1084.39,1082.68,1084.35,976.2152
1655961060000,1084.35,1085.47,1084.34,1084.74,308.0834
1655961120000,1084.73,1085.31,1084.09,1085.08,611.6585
1655961180000,1085.08,1085.99,1085.08,1085.82,338.2654
1655961240000,1085.82,1086.07,1085.28,1085.54,123.4541
1655961300000,1085.55,1086.06,1085.27,1085.28,139.4056
1655961360000,1085.27,1085.82,1085.17,1085.57,218.2379
1655961420000,1085.57,1085.76,1085.11,1085.12,128.6438
1655961480000,1085.11,1085.29,1083.44,1083.77,734.0304
1655961540000,1083.77,1084.62,1083.65,1083.98,258.1586
1655961600000,1083.99,1085.72,1083.98,1085.72,228.5538
1655961660000,1085.72,1089.26,1085.72,1088.38,750.0946
1655961720000,1088.38,1088.59,1084.79,1084.8,330.4683
1655961780000,1084.79,1084.8,1083.34,1083.51,1220.9485
1655961840000,1083.51,1084.91,1083.2,1084.4,1269.1046
1655961900000,1084.39,1086.23,1084.39,1086.12,496.3224
1655961960000,1086.11,1089.43,1086.11,1088.65,643.3119
1655962020000,1088.65,1089.15,1087.25,1088.78,344.6546
1655962080000,1088.78,1088.78,1087.65,1088.29,167.2345
1655962140000,1088.29,1088.3,1087.4,1087.95,348.1664
1655962200000,1087.8,1088.25,1087.8,1088.2,130.5915
1655962260000,1088.19,1091.67,1088.19,1090.8,1050.6206
1655962320000,1090.8,1092.0,1090.8,1090.95,567.8237
1655962380000,1090.96,1091.41,1089.67,1090.1,285.3171
1655962440000,1090.1,1091.01,1089.94,1090.56,359.0981
1655962500000,1090.56,1092.43,1090.56,1092.05,430.7792
1655962560000,1092.05,1092.61,1090.24,1090.84,566.5425
1655962620000,1090.84,1091.44,1090.04,1090.43,393.5912
1655962680000,1090.42,1091.21,1089.19,1089.86,313.7275
1655962740000,1089.85,1089.86,1088.3,1088.7,265.7232
1655962800000,1088.59,1088.8,1087.44,1088.39,207.2265
1655962860000,1088.38,1088.4,1088.03,1088.3,184.3479
1655962920000,1088.31,1089.2,1088.3,1089.01,221.5434
1655962980000,1089.01,1089.01,1087.59,1087.59,215.071
1655963040000,1087.6,1088.07,1087.56,1087.64,254.8003
1655963100000,1087.8,1089.05,1086.67,1088.05,822.0459
1655963160000,1088.05,1088.69,1088.04,1088.58,111.462
1655963220000,1088.57,1089.87,1088.52,1089.08,266.2672
1655963280000,1089.08,1089.53,1088.0,1088.0,172.5346
1655963340000,1088.01,1088.95,1088.0,1088.36,207.6433
1655963400000,1088.36,1088.71,1087.21,1087.4,264.5982
1655963460000,1087.4,1087.4,1086.22,1086.4,276.0233
1655963520000,1086.41,1086.82,1085.73,1086.04,333.4104
1655963580000,1086.04,1087.17,1085.29,1085.3,212.12
1655963640000,1085.29,1085.42,1083.6,1083.61,1773.6824
1655963700000,1083.6,1085.66,1083.6,1085.11,594.9866
1655963760000,1085.11,1086.46,1084.3,1085.79,465.598
1655963820000,1085.79,1085.8,1084.76,1085.69,399.9809
1655963880000,1085.69,1085.7,1085.12,1085.36,85.0164
1655963940000,1085.36,1085.64,1085.1,1085.59,160.0394
1655964000000,1085.59,1086.1,1084.49,1084.77,428.4284
1655964060000,1084.78,1085.33,1083.7,1083.7,233.9399
1655964120000,1083.7,1084.17,1083.01,1083.37,932.956
1655964180000,1083.37,1085.48,1083.37,1084.64,383.8052
1655964240000,1084.64,1085.34,1084.38,1085.33,207.3859
1655964300000,1085.34,1085.34,1083.87,1084.22,326.8882
1655964360000,1084.21,1084.32,1083.0,1083.1,953.2866
1655964420000,1083.1,1084.78,1083.1,1084.28,254.8892
1655964480000,1084.29,1084.79,1084.1,1084.58,280.0179
1655964540000,1084.58,1085.19,1084.24,1084.99,247.7179
1655964600000,1084.99,1085.26,1083.68,1083.85,233.2276
1655964660000,1083.85,1085.21,1083.69,1084.82,497.9712
1655964720000,1084.81,1085.33,1084.04,1084.39,489.6254
1655964780000,1084.39,1084.39,1083.64,1083.67,200.7104
1655964840000,1083.66,1084.11,1083.19,1083.38,486.5692
1655964900000,1083.38,1084.7,1082.69,1084.46,346.6399
1655964960000,1084.46,1084.7,1084.01,1084.63,339.4343
1655965020000,1084.63,1084.63,1083.58,1083.99,232.3754
1655965080000,1083.99,1084.76,1083.99,1084.75,187.8586
1655965140000,1084.75,1084.98,1084.05,1084.93,159.5634
1655965200000,1084.94,1084.94,1083.32,1083.32,159.4101
1655965260000,1083.32,1084.25,1083.3,1084.06,221.0013
1655965320000,1084.06,1085.07,1083.86,1084.88,225.3755
1655965380000,1084.89,1087.75,1084.46,1087.51,522.6905
1655965440000,1087.51,1087.51,1085.36,1086.66,835.3453
1655965500000,1086.67,1087.35,1085.94,1087.33,386.2801
1655965560000,1087.34,1090.77,1086.98,1089.49,694.912
1655965620000,1089.5,1091.55,1089.49,1091.4,930.7961
1655965680000,1091.4,1096.91,1091.4,1094.22,11152.9473
1655965740000,1094.23,1094.23,1092.22,1093.13,995.1555
1655965800000,1093.13,1093.93,1091.28,1092.25,772.9683
1655965860000,1092.25,1095.84,1091.18,1095.55,761.0894
1655965920000,1095.54,1103.0,1094.72,1102.54,5558.0457
1655965980000,1102.54,1105.7,1101.05,1102.9,9434.223
1655966040000,1102.9,1104.14,1101.57,1102.94,2334.6224
1655966100000,1102.95,1104.8,1102.53,1104.25,2443.4099
1655966160000,1104.25,1107.22,1104.25,1106.61,5553.6188
1655966220000,1106.61,1106.81,1104.32,1105.57,1457.2742
1655966280000,1105.68,1106.5,1104.82,1106.27,1123.6423
1655966340000,1106.26,1110.0,1105.51,1105.72,4371.7794
1655966400000,1105.58,1107.59,1105.58,1107.26,1772.431
1655966460000,1107.27,1107.96,1105.79,1106.76,1687.486
1655966520000,1106.76,1106.92,1104.42,1105.97,732.2159
1655966580000,1105.96,1107.0,1105.04,1106.69,1123.5885
1655966640000,1106.69,1107.0,1104.55,1105.48,1068.423
1655966700000,1105.48,1106.39,1103.59,1104.08,849.8795
1655966760000,1104.09,1104.54,1103.47,1104.3,447.5262
1655966820000,1104.29,1104.85,1103.75,1104.68,235.4152
1655966880000,1104.68,1105.7,1104.09,1105.5,632.0266
1655966940000,1105.5,1105.5,1103.84,1105.33,474.4912
1655967000000,1105.33,1105.34,1104.37,1104.73,653.8727
1655967060000,1104.74,1104.74,1103.46,1103.88,400.8745
1655967120000,1103.88,1103.99,1101.63,1101.65,437.9782
1655967180000,1101.64,1103.73,1101.48,1102.28,381.2394
1655967240000,1102.28,1102.93,1102.11,1102.48,408.8496
1655967300000,1102.48,1102.67,1101.78,1102.23,934.3279
1655967360000,1102.23,1103.88,1101.73,1102.89,508.2458
1655967420000,1102.88,1103.02,1102.19,1102.93,253.7408
1655967480000,1103.02,1103.33,1102.0,1103.21,542.6313
1655967540000,1103.22,1103.22,1099.51,1099.86,524.5401
1655967600000,1099.87,1100.79,1099.45,1100.03,583.3837
1655967660000,1100.02,1101.5,1099.58,1099.86,987.2674
1655967720000,1099.87,1100.04,1099.01,1099.23,1133.6132
1655967780000,1099.23,1100.6,1099.06,1100.42,467.9777
1655967840000,1100.41,1103.65,1100.02,1103.32,3010.2781
1655967900000,1103.33,1104.11,1102.71,1103.15,595.4467
1655967960000,1103.15,1104.5,1103.07,1104.49,636.9891
1655968020000,1104.49,1104.55,1103.66,1103.66,277.3925
1655968080000,1103.67,1104.07,1101.57,1101.62,536.5271
1655968140000,1101.61,1103.39,1101.61,1103.11,852.3516
1655968200000,1103.1,1104.73,1102.31,1103.9,493.0229
1655968260000,1103.9,1104.0,1102.69,1103.61,327.2988
1655968320000,1103.61,1104.35,1103.16,1104.35,348.9754
1655968380000,1104.35,1106.16,1103.7,1105.76,591.2882
1655968440000,1105.76,1105.97,1104.38,1104.78,362.3593
1655968500000,1104.79,1104.84,1103.13,1103.4,658.7124
1655968560000,1103.39,1103.69,1102.45,1103.01,412.3269
1655968620000,1103.01,1103.12,1100.36,1100.48,402.0679
1655968680000,1100.47,1100.63,1100.0,1100.0,1262.316
1655968740000,1100.0,1102.12,1099.5,1100.65,2327.3487
1655968800000,1100.65,1100.66,1099.5,1099.5,3670.821
1655968860000,1099.51,1099.95,1098.14,1099.81,2591.7914
1655968920000,1099.8,1099.81,1098.46,1098.83,453.427
1655968980000,1098.84,1098.93,1098.22,1098.84,279.305
1655969040000,1098.84,1098.85,1098.0,1098.0,1671.4227
1655969100000,1098.0,1098.7,1097.8,1098.12,1846.9597
1655969160000,1098.11,1098.87,1097.93,1097.95,511.8577
1655969220000,1097.95,1098.83,1097.94,1098.52,379.9508
1655969280000,1098.52,1098.99,1098.09,1098.11,390.0701
1655969340000,1098.1,1098.87,1097.31,1097.81,358.7246
1655969400000,1097.81,1098.33,1097.2,1097.2,1759.6905
1655969460000,1097.2,1097.63,1097.2,1097.22,1050.3646
1655969520000,1097.22,1098.0,1097.21,1097.69,519.5582
1655969580000,1097.69,1098.06,1097.25,1097.66,706.893
1655969640000,1097.66,1098.0,1097.43,1097.52,347.2718
1655969700000,1097.51,1097.81,1097.2,1097.21,648.1923
1655969760000,1097.2,1097.27,1096.83,1096.94,1093.0907
1655969820000,1096.94,1097.26,1096.05,1097.24,696.4871
1655969880000,1097.23,1097.69,1096.32,1097.48,682.0862
1655969940000,1097.48,1099.49,1097.48,1098.63,503.6995
1655970000000,1098.62,1098.63,1098.0,1098.39,253.5212
1655970060000,1098.4,1100.28,1098.39,1099.68,660.498
1655970120000,1099.68,1100.3,1099.64,1099.76,376.9966
1655970180000,1099.76,1099.98,1098.68,1099.98,396.8685
1655970240000,1099.98,1099.98,1098.78,1098.78,544.9328
1655970300000,1098.78,1099.52,1098.0,1099.26,913.2118
1655970360000,1099.26,1099.47,1098.63,1098.64,283.2564
1655970420000,1098.64,1099.0,1098.33,1098.4,322.4615
1655970480000,1098.4,1098.91,1096.75,1096.79,828.5863
1655970540000,1096.79,1097.08,1091.21,1092.06,5254.0869
1655970600000,1092.09,1093.28,1091.4,1093.06,947.0275
1655970660000,1093.07,1094.85,1092.64,1094.03,738.8508
1655970720000,1094.02,1094.03,1092.29,1093.19,420.1843
1655970780000,1093.19,1093.67,1092.96,1093.36,409.99
1655970840000,1093.37,1093.69,1092.76,1092.98,479.8085
1655970900000,1092.97,1092.98,1092.23,1092.98,382.783
1655970960000,1092.97,1093.88,1092.1,1093.28,495.3081
1655971020000,1093.28,1093.58,1092.5,1092.64,225.7561
1655971080000,1092.64,1093.43,1091.36,1093.12,931.6233
1655971140000,1093.11,1093.56,1091.57,1091.7,510.7016
1655971200000,1091.7,1093.68,1091.17,1093.11,913.1813
1655971260000,1093.11,1093.25,1092.0,1092.77,377.6055
1655971320000,1092.76,1094.0,1092.71,1093.89,429.5987
1655971380000,1093.89,1095.5,1093.87,1095.16,348.8229
1655971440000,1095.17,1095.26,1093.59,1094.67,898.5396
1655971500000,1094.67,1095.5,1093.92,1094.89,759.322
1655971560000,1094.9,1095.07,1094.03,1095.07,424.5833
1655971620000,1095.07,1095.45,1094.39,1094.99,554.6373
1655971680000,1094.99,1094.99,1093.74,1094.02,343.6798
1655971740000,1094.01,1096.54,1093.96,1096.5,577.3283
1655971800000,1096.51,1098.29,1096.5,1097.33,620.2505
1655971860000,1097.32,1098.82,1097.21,1098.53,622.6529
1655971920000,1098.52,1098.68,1097.41,1097.84,526.1474
1655971980000,1097.83,1102.16,1097.83,1101.39,1873.2588
1655972040000,1101.39,1102.17,1100.21,1100.22,724.4604
1655972100000,1100.21,1102.65,1100.18,1101.64,1023.8695
1655972160000,1101.64,1103.35,1101.13,1102.82,983.3925
1655972220000,1102.82,1102.93,1100.01,1100.14,456.0967
1655972280000,1100.13,1100.4,1098.29,1098.29,644.7199
1655972340000,1098.29,1098.97,1097.8,1098.22,887.3674
1655972400000,1098.22,1098.43,1097.69,1098.03,895.6159
1655972460000,1098.02,1099.96,1098.02,1099.57,410.2653
1655972520000,1099.57,1100.24,1099.14,1099.39,220.1169
1655972580000,1099.4,1101.55,1098.93,1101.16,412.4233
1655972640000,1101.16,1101.17,1099.82,1100.58,332.9621
1655972700000,1100.58,1100.99,1100.0,1100.43,272.7625
1655972760000,1100.44,1102.64,1100.38,1101.86,471.4529
1655972820000,1101.86,1102.91,1101.46,1101.68,268.2873
1655972880000,1101.68,1102.1,1100.86,1101.22,355.3196
1655972940000,1101.23,1101.23,1099.7,1099.86,429.6892
1655973000000,1099.87,1100.34,1098.19,1099.98,917.1995
1655973060000,1099.99,1100.31,1098.99,1099.94,248.5643
1655973120000,1099.93,1101.7,1099.75,1101.69,278.7263
1655973180000,1101.69,1101.99,1096.0,1096.47,1781.5446
1655973240000,1096.5,1097.46,1093.68,1094.25,1254.1181
1655973300000,1094.28,1096.36,1094.22,1094.91,541.3961
1655973360000,1094.91,1095.56,1094.91,1095.39,331.2353
1655973420000,1095.39,1096.26,1094.8,1094.81,501.5617
1655973480000,1094.81,1095.16,1093.53,1094.39,993.2353
1655973540000,1094.38,1094.39,1093.34,1093.59,303.717
1655973600000,1093.59,1094.41,1093.3,1093.98,1928.7656
1655973660000,1093.99,1094.98,1093.59,1093.96,526.7009
1655973720000,1093.96,1094.29,1093.39,1093.8,427.3057
1655973780000,1093.8,1094.27,1093.0,1093.56,2046.0445
1655973840000,1093.57,1094.29,1093.47,1093.92,250.4272
1655973900000,1093.91,1094.95,1093.56,1093.56,502.2895
1655973960000,1093.56,1093.76,1091.7,1092.42,550.155
1655974020000,1092.43,1094.47,1091.76,1093.42,824.4491
1655974080000,1093.43,1094.26,1093.01,1093.26,480.7436
1655974140000,1093.26,1093.89,1093.0,1093.48,321.1261
1655974200000,1093.49,1094.0,1093.14,1093.14,425.781
1655974260000,1093.14,1093.69,1093.14,1093.28,229.2722
1655974320000,1093.28,1094.66,1093.27,1094.26,303.4982
1655974380000,1094.25,1094.26,1093.73,1093.99,290.7568
1655974440000,1094.0,1094.12,1093.28,1093.91,279.4658
1655974500000,1093.91,1094.0,1093.61,1093.92,148.4273
1655974560000,1093.92,1098.79,1093.91,1097.0,1366.5277
1655974620000,1097.0,1097.6,1095.02,1096.59,405.1721
1655974680000,1096.58,1098.79,1096.43,1098.79,427.7271
1655974740000,1098.78,1098.79,1097.59,1098.01,519.5078
1655974800000,1097.97,1100.9,1097.93,1099.52,826.6577
1655974860000,1099.53,1101.35,1099.02,1100.6,785.4144
1655974920000,1100.61,1100.61,1099.27,1100.16,284.0749
1655974980000,1100.15,1100.8,1099.69,1100.24,565.6334
1655975040000,1100.25,1100.25,1099.18,1099.76,274.3127
1655975100000,1099.76,1100.22,1099.19,1099.48,222.0246
1655975160000,1099.49,1099.85,1098.94,1098.95,584.4664
1655975220000,1098.95,1100.19,1098.94,1099.45,230.8708
1655975280000,1099.45,1100.84,1099.37,1099.59,537.6477
1655975340000,1099.59,1100.7,1099.59,1100.7,378.2345
1655975400000,1100.7,1101.92,1100.32,1101.58,450.1525
1655975460000,1101.59,1102.81,1101.38,1101.89,1199.5065
1655975520000,1101.89,1101.9,1101.52,1101.86,250.7962
1655975580000,1101.86,1103.28,1101.85,1102.47,374.1464
1655975640000,1102.46,1104.19,1102.46,1102.68,1142.3541
1655975700000,1102.69,1103.0,1101.04,1102.2,1121.9022
1655975760000,1102.19,1102.51,1101.95,1102.36,471.647
1655975820000,1102.36,1103.46,1102.35,1103.15,560.8022
1655975880000,1103.16,1103.52,1102.32,1102.8,751.7379
1655975940000,1102.8,1103.56,1102.58,1102.58,565.2127
1655976000000,1102.59,1103.39,1102.53,1103.39,383.8271
1655976060000,1103.39,1103.98,1102.81,1102.81,330.2287
1655976120000,1102.82,1115.21,1102.24,1115.21,7551.222
1655976180000,1115.21,1116.59,1106.26,1107.58,4957.6564
1655976240000,1107.57,1107.86,1100.27,1102.52,3189.6165
1655976300000,1102.51,1105.08,1100.43,1103.46,2119.9024
1655976360000,1103.46,1104.07,1102.61,1103.14,460.8489
1655976420000,1103.14,1103.3,1097.09,1100.08,1490.4796
1655976480000,1100.08,1100.58,1098.27,1100.53,895.1657
1655976540000,1100.54,1101.13,1099.62,1100.4,515.6365
1655976600000,1100.41,1100.41,1097.68,1098.55,751.5917
1655976660000,1098.55,1098.82,1096.73,1098.65,3282.6445
1655976720000,1098.65,1101.25,1098.64,1100.51,767.8533
1655976780000,1100.5,1104.78,1100.5,1103.51,1053.4103
1655976840000,1103.5,1105.32,1102.33,1105.04,1772.2528
1655976900000,1105.04,1105.05,1101.28,1101.55,763.6176
1655976960000,1101.56,1102.28,1097.66,1097.78,670.8673
1655977020000,1097.78,1098.57,1096.86,1097.24,1595.2142
1655977080000,1097.25,1098.17,1094.99,1095.43,1071.6493
1655977140000,1095.44,1096.94,1095.43,1095.95,756.6788
1655977200000,1095.95,1097.43,1095.88,1096.12,540.4852
1655977260000,1096.12,1096.66,1094.1,1095.08,3198.8532
1655977320000,1095.08,1095.89,1094.44,1095.8,713.4604
1655977380000,1095.79,1096.55,1094.65,1095.01,717.1697
1655977440000,1095.01,1096.46,1093.65,1095.65,946.5777
1655977500000,1095.66,1096.78,1094.48,1096.66,546.109
1655977560000,1096.66,1097.72,1096.12,1097.13,847.8418
1655977620000,1097.13,1098.97,1097.01,1097.46,338.1852
1655977680000,1097.45,1098.42,1097.3,1098.04,291.7788
1655977740000,1098.04,1099.0,1097.42,1097.99,356.1636
1655977800000,1097.99,1099.41,1097.99,1098.75,320.8839
1655977860000,1098.75,1102.06,1098.75,1101.56,760.1961
1655977920000,1101.56,1105.93,1100.05,1105.09,7948.2946
1655977980000,1105.1,1108.0,1104.3,1105.72,2722.9742
1655978040000,1105.72,1108.44,1105.33,1106.56,2831.9558
1655978100000,1106.56,1107.0,1103.25,1106.76,5116.4295
1655978160000,1106.76,1107.0,1105.02,1106.22,1358.3384
1655978220000,1106.23,1106.23,1104.68,1106.0,1184.0214
1655978280000,1106.01,1110.94,1106.0,1109.04,5145.0896
1655978340000,1109.05,1114.99,1108.41,1110.61,4559.4918
1655978400000,1110.6,1112.27,1109.0,1109.48,2187.3741
1655978460000,1109.49,1114.0,1109.1,1112.37,1832.9471
1655978520000,1112.4,1116.17,1111.94,1114.36,2909.4628
1655978580000,1114.36,1116.12,1113.69,1114.28,1932.0483
1655978640000,1114.27,1116.43,1113.4,1115.93,1524.8269
1655978700000,1115.93,1116.55,1113.38,1113.94,1745.4298
1655978760000,1113.94,1113.94,1109.3,1109.81,3292.9623
1655978820000,1109.8,1112.34,1109.69,1111.41,1366.3103
1655978880000,1111.42,1112.62,1111.41,1111.98,446.7679
1655978940000,1111.97,1113.15,1109.42,1111.02,2945.5498
1655979000000,1111.02,1112.18,1110.37,1111.66,1496.4668
1655979060000,1111.67,1112.16,1110.6,1111.24,1345.0098
1655979120000,1111.23,1113.22,1111.14,1113.01,849.4712
1655979180000,1113.01,1114.83,1112.47,1112.56,1745.1509
1655979240000,1112.57,1114.85,1112.56,1114.8,452.2672
1655979300000,1114.85,1115.28,1113.03,1113.03,649.5633
1655979360000,1113.04,1113.43,1111.69,1111.98,589.988
1655979420000,1111.98,1113.29,1111.98,1113.26,488.8592
1655979480000,1113.26,1114.63,1112.94,1114.05,892.7482
1655979540000,1114.06,1115.0,1111.56,1112.05,1788.4494
1655979600000,1112.05,1113.66,1111.52,1113.51,1172.9342
1655979660000,1113.52,1114.23,1113.0,1113.0,474.6366
1655979720000,1113.0,1113.98,1113.0,1113.07,552.9661
1655979780000,1113.06,1114.07,1113.0,1113.81,550.1033
1655979840000,1113.8,1114.61,1111.77,1111.77,1870.6209
1655979900000,1111.78,1115.11,1111.48,1114.6,1055.0479
1655979960000,1114.6,1114.74,1113.24,1113.24,263.4636
1655980020000,1113.24,1114.23,1112.02,1112.19,459.4312
1655980080000,1112.19,1112.97,1112.02,1112.27,725.9793
1655980140000,1112.27,1112.97,1112.1,1112.1,208.5304
1655980200000,1112.11,1113.64,1111.73,1111.73,1153.3045
1655980260000,1111.73,1112.0,1109.09,1109.86,850.2167
1655980320000,1109.87,1110.62,1109.51,1110.61,991.8611
1655980380000,1110.62,1112.0,1110.12,1111.61,485.3677
1655980440000,1111.61,1111.62,1110.36,1110.37,462.7279
1655980500000,1110.37,1110.9,1110.0,1110.38,492.923
1655980560000,1110.38,1111.25,1110.14,1110.92,554.4676
1655980620000,1110.93,1112.38,1110.88,1111.29,532.7115
1655980680000,1111.29,1111.5,1110.15,1110.15,577.1872
1655980740000,1110.15,1112.35,1110.15,1111.73,741.8147
1655980800000,1111.74,1114.11,1111.73,1114.1,459.2858
1655980860000,1114.11,1114.61,1113.2,1114.14,479.3822
1655980920000,1114.15,1114.15,1113.0,1113.0,798.1698
1655980980000,1113.0,1114.2,1112.86,1112.98,719.8177
1655981040000,1112.97,1113.77,1112.11,1113.76,895.477
1655981100000,1113.77,1115.49,1113.68,1115.32,951.2956
1655981160000,1115.32,1115.79,1114.0,1114.58,501.8828
1655981220000,1114.57,1114.58,1113.34,1113.58,520.6881
1655981280000,1113.41,1113.58,1111.18,1111.3,954.6499
1655981340000,1111.3,1111.3,1110.18,1111.16,420.2675
1655981400000,1111.17,1111.17,1110.0,1110.0,664.4902
1655981460000,1110.0,1110.76,1110.0,1110.2,1110.0295
1655981520000,1110.2,1110.66,1110.0,1110.06,388.5215
1655981580000,1110.07,1110.44,1109.37,1110.24,2852.8717
1655981640000,1110.23,1110.29,1109.3,1109.56,1138.0591
1655981700000,1109.56,1110.74,1109.31,1110.74,546.4066
1655981760000,1110.74,1111.47,1110.43,1111.39,543.211
1655981820000,1111.39,1111.4,1109.45,1109.7,480.4718
1655981880000,1109.7,1110.58,1109.62,1109.86,403.7903
1655981940000,1109.87,1110.0,1109.61,1109.99,261.7803
1655982000000,1109.99,1110.72,1108.0,1108.7,1727.0207
1655982060000,1108.7,1109.0,1107.03,1108.38,1849.048
1655982120000,1108.37,1109.09,1107.3,1107.31,444.9032
1655982180000,1107.31,1108.63,1107.3,1107.84,444.6912
1655982240000,1107.84,1108.63,1107.73,1107.73,523.8676
1655982300000,1107.74,1108.0,1107.3,1107.84,268.9346
1655982360000,1107.85,1109.13,1107.0,1107.17,1298.5348
1655982420000,1107.16,1108.03,1107.16,1107.96,336.2894
1655982480000,1107.95,1108.25,1107.17,1107.47,230.3336
1655982540000,1107.46,1107.75,1107.14,1107.75,228.0838
1655982600000,1107.75,1107.75,1107.0,1107.06,710.6454
1655982660000,1107.06,1107.88,1107.06,1107.65,186.3103
1655982720000,1107.66,1109.13,1107.65,1108.72,413.913
1655982780000,1108.72,1109.3,1107.48,1107.48,295.0308
1655982840000,1107.48,1108.97,1107.27,1107.99,498.736
1655982900000,1107.99,1109.23,1107.87,1109.23,291.1097
1655982960000,1109.23,1109.91,1107.27,1107.54,374.9714
1655983020000,1107.54,1107.97,1107.0,1107.01,363.9929
1655983080000,1107.0,1107.15,1106.5,1107.09,2190.7428
1655983140000,1107.08,1107.23,1106.7,1106.98,248.97
1655983200000,1106.97,1107.61,1106.67,1107.58,349.8031
1655983260000,1107.58,1109.29,1107.57,1108.18,336.3221
1655983320000,1108.19,1108.73,1108.13,1108.25,240.6093
1655983380000,1108.24,1109.35,1108.01,1108.01,781.0036
1655983440000,1108.02,1109.06,1108.01,1108.3,511.5451
1655983500000,1108.3,1108.94,1107.74,1107.75,415.0062
1655983560000,1107.74,1108.5,1107.65,1107.65,148.8265
1655983620000,1107.65,1108.13,1107.6,1107.61,324.3099
1655983680000,1107.6,1108.61,1107.6,1107.91,283.1634
1655983740000,1107.91,1109.86,1107.86,1109.64,442.1044
1655983800000,1109.64,1110.5,1107.89,1107.89,502.2478
1655983860000,1107.89,1107.9,1105.46,1106.67,4352.863
1655983920000,1106.67,1108.08,1106.61,1107.01,396.4854
1655983980000,1107.0,1107.87,1106.87,1107.4,388.8344
1655984040000,1107.4,1107.86,1106.8,1107.85,521.2556
1655984100000,1107.85,1107.86,1106.81,1107.34,288.9549
1655984160000,1107.34,1108.51,1107.34,1107.7,357.4636
1655984220000,1107.7,1108.32,1107.64,1107.86,226.009
1655984280000,1107.85,1108.36,1107.76,1107.78,232.5155
1655984340000,1107.78,1108.23,1107.22,1107.37,318.5385
1655984400000,1107.37,1107.61,1106.5,1107.0,445.8338
1655984460000,1107.0,1107.01,1106.5,1106.5,200.6502
1655984520000,1106.51,1106.51,1103.64,1104.28,2290.7393
1655984580000,1104.28,1105.67,1103.75,1105.5,537.139
1655984640000,1105.49,1106.98,1105.49,1106.19,424.5091
1655984700000,1106.2,1107.18,1105.44,1106.49,529.7484
1655984760000,1106.48,1106.97,1106.36,1106.75,280.1971
1655984820000,1106.75,1106.76,1105.29,1105.41,213.5456
1655984880000,1105.42,1106.79,1103.51,1106.47,1000.1534
1655984940000,1106.48,1106.62,1106.09,1106.37,180.0039
1655985000000,1106.37,1107.56,1106.2,1107.09,219.4538
1655985060000,1107.08,1107.54,1106.13,1106.81,252.952
1655985120000,1106.81,1106.95,1105.75,1105.75,227.747
1655985180000,1105.71,1106.78,1105.51,1106.54,291.4829
1655985240000,1106.54,1106.54,1105.92,1106.54,241.765
1655985300000,1106.4,1106.6,1105.35,1105.49,172.6015
1655985360000,1105.5,1106.28,1105.49,1106.0,156.7364
1655985420000,1105.99,1106.3,1105.58,1106.26,262.2941
1655985480000,1106.25,1106.26,1105.51,1105.9,197.4246
1655985540000,1105.9,1106.7,1105.61,1106.59,291.3983
1655985600000,1106.59,1108.09,1106.13,1106.75,950.241
1655985660000,1106.75,1107.99,1106.29,1107.8,189.0631
1655985720000,1107.83,1109.89,1107.79,1109.39,466.5952
1655985780000,1109.39,1112.0,1109.38,1111.18,1182.2554
1655985840000,1111.17,1111.3,1110.55,1110.69,341.0282
1655985900000,1110.68,1114.81,1110.49,1113.03,1193.4564
1655985960000,1113.04,1113.42,1112.01,1112.01,405.8042
1655986020000,1112.02,1112.62,1111.07,1111.57,299.8753
1655986080000,1111.57,1112.35,1111.03,1111.14,1667.3891
1655986140000,1111.14,1111.18,1108.56,1108.56,812.7986
1655986200000,1108.57,1109.65,1108.38,1109.64,687.9156
1655986260000,1109.64,1120.36,1109.64,1118.31,4854.2328
1655986320000,1118.3,1118.87,1114.65,1115.68,1671.657
1655986380000,1115.68,1117.1,1114.7,1115.89,1155.4088
1655986440000,1115.89,1117.26,1115.51,1116.77,774.4829
1655986500000,1116.77,1119.49,1116.11,1118.92,1161.4376
1655986560000,1118.93,1123.39,1118.75,1119.45,8366.9133
1655986620000,1119.44,1121.55,1115.42,1115.63,7293.2301
1655986680000,1115.62,1118.29,1114.35,1114.88,3293.1346
1655986740000,1114.88,1115.58,1112.88,1113.75,1465.6138
1655986800000,1113.76,1114.16,1111.5,1113.0,1185.0989
1655986860000,1113.01,1116.97,1113.0,1116.36,1588.8973
1655986920000,1116.37,1121.93,1114.86,1120.8,3405.2525
1655986980000,1120.79,1121.79,1119.09,1119.54,2182.3098
1655987040000,1119.54,1121.62,1119.54,1120.64,1771.0564
1655987100000,1120.64,1122.14,1118.85,1121.21,1919.4449
1655987160000,1121.21,1121.28,1119.07,1120.5,2502.5009
1655987220000,1120.49,1120.5,1119.49,1119.79,1143.5696
1655987280000,1119.78,1122.42,1119.59,1121.79,2324.1191
1655987340000,1121.79,1123.0,1121.47,1122.68,1560.3038
1655987400000,1122.67,1131.55,1122.27,1123.39,14071.493
1655987460000,1123.39,1125.74,1121.79,1122.53,1285.4938
1655987520000,1122.53,1124.99,1121.8,1124.68,2094.5319
1655987580000,1124.68,1125.45,1124.0,1124.97,1436.5634
1655987640000,1124.98,1128.44,1124.74,1127.17,2938.4856
1655987700000,1127.17,1128.74,1127.0,1127.29,1247.9894
1655987760000,1127.29,1127.3,1125.25,1126.38,1361.4319
1655987820000,1126.44,1126.44,1122.95,1123.21,1374.3715
1655987880000,1123.22,1124.11,1119.58,1119.91,3000.6098
1655987940000,1119.91,1121.37,1118.66,1118.82,3970.4571
1655988000000,1118.83,1121.67,1118.52,1120.6,3495.3389
1655988060000,1120.59,1122.19,1119.19,1120.62,2602.7146
1655988120000,1120.63,1121.11,1118.0,1120.41,3840.3057
1655988180000,1120.42,1120.42,1119.0,1119.45,1826.3786
1655988240000,1119.45,1120.41,1119.1,1119.1,1225.2961
1655988300000,1119.1,1120.49,1119.0,1119.87,1051.9768
1655988360000,1119.87,1122.47,1119.86,1121.05,2300.51
1655988420000,1121.05,1121.15,1119.14,1120.42,873.4667
1655988480000,1120.42,1120.8,1119.18,1119.33,460.546
1655988540000,1119.33,1119.99,1119.0,1119.84,2761.0252
1655988600000,1119.85,1119.85,1118.03,1118.39,1057.5903
1655988660000,1118.39,1118.9,1115.0,1116.56,1576.6538
1655988720000,1116.55,1117.81,1116.16,1117.53,562.5045
1655988780000,1117.53,1117.54,1115.0,1115.42,561.4696
1655988840000,1115.43,1116.36,1114.23,1115.59,882.5024
1655988900000,1115.58,1117.76,1114.75,1117.33,492.8012
1655988960000,1117.32,1118.42,1116.99,1117.72,581.8946
1655989020000,1117.71,1117.99,1117.32,1117.79,405.775
1655989080000,1117.8,1117.8,1115.23,1117.23,511.4144
1655989140000,1117.24,1119.1,1117.14,1118.89,317.6152
1655989200000,1118.89,1120.83,1117.92,1118.01,710.7859
1655989260000,1118.02,1118.69,1116.5,1116.5,396.322
1655989320000,1116.51,1117.06,1116.02,1116.19,205.1916
1655989380000,1116.2,1116.39,1115.58,1115.58,314.1712
1655989440000,1115.58,1116.28,1114.84,1116.06,346.4894
1655989500000,1116.06,1117.47,1115.65,1116.88,814.2847
1655989560000,1116.89,1119.82,1116.88,1119.37,298.2658
1655989620000,1119.38,1120.8,1119.22,1120.42,317.8367
1655989680000,1120.41,1122.3,1120.4,1122.11,416.3506
1655989740000,1122.12,1122.61,1120.9,1122.4,287.4005
1655989800000,1122.38,1123.8,1121.76,1123.38,377.8591
1655989860000,1123.38,1123.39,1120.75,1120.98,447.5509
1655989920000,1120.97,1121.28,1118.46,1118.48,310.9563
1655989980000,1118.48,1119.36,1118.04,1118.53,149.3108
1655990040000,1118.54,1119.33,1118.53,1119.17,207.2585
1655990100000,1119.16,1119.96,1117.14,1117.17,362.9966
1655990160000,1117.17,1117.95,1117.12,1117.52,227.5793
1655990220000,1117.52,1120.72,1117.32,1120.71,534.2263
1655990280000,1120.7,1122.0,1116.77,1117.01,719.4229
1655990340000,1117.0,1117.38,1116.0,1117.37,450.1185
1655990400000,1117.37,1118.76,1116.85,1118.24,310.6617
1655990460000,1118.23,1119.84,1117.89,1119.64,318.632
1655990520000,1119.65,1120.72,1117.78,1117.9,362.2074
1655990580000,1117.91,1118.43,1117.31,1117.6,340.7813
1655990640000,1117.59,1119.97,1117.59,1119.34,252.8514
1655990700000,1119.34,1119.35,1118.38,1118.93,138.2459
1655990760000,1118.94,1120.0,1118.93,1119.88,177.7122
1655990820000,1119.88,1121.15,1119.87,1120.9,301.1786
1655990880000,1120.9,1120.9,1117.9,1118.21,535.2547
1655990940000,1118.21,1118.5,1117.48,1117.75,433.6671
1655991000000,1117.75,1123.98,1117.46,1123.66,1888.3375
1655991060000,1123.66,1124.4,1116.3,1116.56,1493.8134
1655991120000,1116.57,1123.97,1115.43,1122.6,1571.9082
1655991180000,1122.6,1124.55,1119.48,1119.49,1236.3738
1655991240000,1119.49,1122.07,1117.19,1121.22,916.9569
1655991300000,1121.22,1121.31,1115.98,1116.08,1079.2326
1655991360000,1116.08,1117.19,1115.0,1115.54,1319.5868
1655991420000,1115.53,1115.55,1112.57,1113.53,1630.5488
1655991480000,1113.53,1114.18,1112.3,1112.38,1010.8128
1655991540000,1112.38,1114.47,1111.6,1112.9,937.115
1655991600000,1112.9,1115.39,1112.02,1114.99,1017.158
1655991660000,1114.98,1115.58,1113.5,1114.5,653.3578
1655991720000,1114.51,1115.75,1112.87,1115.09,710.2664
1655991780000,1115.1,1117.52,1114.74,1116.55,668.079
1655991840000,1116.55,1116.57,1112.47,1113.19,825.4746
1655991900000,1113.19,1114.07,1109.09,1109.84,2375.8669
1655991960000,1109.85,1111.68,1107.32,1110.75,1798.6318
1655992020000,1110.76,1112.99,1109.74,1112.9,1017.2206
1655992080000,1112.91,1113.97,1111.66,1111.97,953.6724
1655992140000,1111.97,1114.85,1111.41,1112.7,808.3361
1655992200000,1112.69,1113.38,1111.28,1112.08,616.1952
1655992260000,1112.09,1113.15,1110.19,1110.32,503.5241
1655992320000,1110.31,1110.91,1104.8,1105.93,2553.2583
1655992380000,1105.93,1106.97,1104.21,1105.01,1890.7059
1655992440000,1105.01,1105.78,1100.22,1103.12,2384.4503
1655992500000,1103.13,1104.18,1102.0,1103.5,1346.8378
1655992560000,1103.49,1104.8,1102.8,1104.8,823.064
1655992620000,1104.8,1106.34,1104.18,1105.05,825.7241
1655992680000,1105.04,1107.79,1104.64,1106.95,929.3175
1655992740000,1106.94,1109.0,1106.49,1108.21,996.3466
1655992800000,1108.21,1108.61,1106.5,1107.69,845.4187
1655992860000,1107.69,1108.93,1107.11,1108.71,1263.4219
1655992920000,1108.7,1109.05,1106.57,1106.96,814.2552
1655992980000,1106.95,1107.36,1105.45,1105.7,720.4455
1655993040000,1105.67,1106.21,1104.16,1106.21,657.6105
1655993100000,1106.21,1108.33,1106.01,1107.97,767.2242
1655993160000,1107.98,1110.24,1107.88,1110.07,779.102
1655993220000,1110.07,1110.07,1107.17,1107.36,665.479
1655993280000,1107.37,1108.1,1104.42,1104.81,601.1891
1655993340000,1104.81,1105.14,1101.56,1102.06,685.9619
1655993400000,1102.06,1103.82,1101.29,1103.29,1385.0673
1655993460000,1103.29,1103.96,1101.5,1101.5,750.6131
1655993520000,1101.5,1102.17,1101.25,1101.4,563.0442
1655993580000,1101.39,1103.06,1100.74,1102.89,512.9491
1655993640000,1102.9,1104.25,1102.49,1103.92,546.8742
1655993700000,1103.91,1104.99,1103.05,1104.76,570.0953
1655993760000,1104.77,1106.15,1104.44,1105.82,522.4293
1655993820000,1105.84,1106.02,1104.04,1104.56,329.0895
1655993880000,1104.57,1105.72,1102.7,1102.93,323.8422
1655993940000,1102.93,1103.6,1102.13,1103.1,301.3936
1655994000000,1103.1,1103.77,1101.99,1103.58,472.3309
1655994060000,1103.58,1107.85,1103.36,1107.01,722.9222
1655994120000,1107.0,1107.29,1105.11,1105.76,384.4827
1655994180000,1105.76,1107.07,1105.4,1106.54,535.0146
1655994240000,1106.54,1107.23,1105.2,1105.21,363.8056
1655994300000,1105.2,1106.37,1104.29,1105.86,688.0763
1655994360000,1105.86,1106.18,1103.61,1104.16,295.8292
1655994420000,1104.16,1105.94,1103.95,1104.92,379.1301
1655994480000,1104.91,1105.72,1103.97,1104.18,349.9934
1655994540000,1104.19,1105.38,1103.68,1104.54,441.8078
1655994600000,1104.54,1105.86,1103.61,1103.61,521.3045
1655994660000,1103.61,1106.95,1103.61,1106.45,964.5942
1655994720000,1106.46,1106.76,1104.55,1104.55,534.657
1655994780000,1104.55,1105.24,1104.0,1104.64,585.8418
1655994840000,1104.64,1106.1,1104.23,1104.87,695.914
1655994900000,1104.83,1105.87,1103.77,1105.72,608.7519
1655994960000,1105.72,1105.87,1104.73,1104.99,376.6931
1655995020000,1104.98,1105.26,1104.15,1104.9,379.7668
1655995080000,1104.91,1105.1,1104.12,1104.23,294.2856
1655995140000,1104.22,1104.31,1102.29,1103.19,701.3884
1655995200000,1103.18,1108.8,1103.09,1108.37,926.6649
1655995260000,1108.38,1110.18,1107.0,1107.7,1091.6725
1655995320000,1107.7,1110.02,1107.11,1107.11,799.4353
1655995380000,1107.12,1109.09,1107.11,1108.38,309.4755
1655995440000,1108.39,1109.17,1107.74,1108.71,513.1167
1655995500000,1108.7,1109.37,1108.31,1108.42,460.7819
1655995560000,1108.41,1112.47,1108.41,1112.01,1216.6168
1655995620000,1112.0,1112.79,1111.82,1111.95,621.0075
1655995680000,1111.95,1111.99,1111.05,1111.45,454.0925
1655995740000,1111.44,1112.19,1110.0,1110.58,939.3286
1655995800000,1110.57,1111.14,1108.94,1109.16,465.322
1655995860000,1109.16,1109.17,1107.43,1108.71,549.4764
1655995920000,1108.71,1110.89,1107.67,1110.08,614.7847
1655995980000,1110.09,1110.09,1107.67,1108.83,494.5706
1655996040000,1108.84,1108.88,1107.77,1108.16,495.5671
1655996100000,1108.16,1108.89,1107.99,1107.99,446.6067
1655996160000,1107.99,1110.84,1107.96,1109.87,433.1798
1655996220000,1109.88,1111.37,1109.28,1109.55,560.1962
1655996280000,1109.54,1111.51,1109.48,1111.4,458.7686
1655996340000,1111.4,1112.12,1110.93,1111.53,680.1381
1655996400000,1111.53,1111.61,1109.94,1110.65,511.2166
1655996460000,1110.65,1110.65,1108.29,1109.33,497.5034
1655996520000,1109.34,1109.49,1107.63,1107.64,392.9828
1655996580000,1107.64,1108.99,1107.6,1108.12,523.1866
1655996640000,1108.12,1108.12,1106.35,1106.35,405.4829
1655996700000,1106.36,1106.9,1105.62,1105.62,502.8564
1655996760000,1105.62,1106.8,1105.62,1106.16,341.7897
1655996820000,1106.16,1106.69,1105.75,1106.69,202.4774
1655996880000,1106.68,1106.99,1105.85,1105.86,287.9232
1655996940000,1105.85,1107.53,1105.63,1107.5,402.2158
1655997000000,1107.5,1107.6,1106.62,1106.63,289.0843
1655997060000,1106.63,1107.04,1106.14,1106.41,162.4576
1655997120000,1106.42,1107.99,1106.41,1107.89,171.3055
1655997180000,1107.89,1110.0,1107.88,1109.17,361.4482
1655997240000,1109.16,1112.62,1109.16,1110.25,461.7531
1655997300000,1110.26,1110.4,1109.1,1109.45,375.022
1655997360000,1109.45,1109.59,1108.95,1109.07,186.5809
1655997420000,1109.07,1109.72,1109.03,1109.12,235.9947
1655997480000,1109.12,1109.45,1105.79,1107.28,325.8966
1655997540000,1107.29,1107.29,1103.83,1104.89,943.9512
1655997600000,1104.9,1107.1,1104.46,1104.99,513.2267
1655997660000,1104.98,1105.06,1103.08,1103.09,595.0422
1655997720000,1103.08,1103.4,1102.53,1103.36,753.2277
1655997780000,1103.35,1103.4,1096.46,1098.43,4673.0102
1655997840000,1098.44,1100.81,1098.43,1100.21,1121.9017
1655997900000,1100.22,1101.22,1099.33,1100.94,679.6682
1655997960000,1100.93,1101.45,1098.21,1098.95,490.1469
1655998020000,1098.95,1100.3,1097.56,1098.37,1237.1914
1655998080000,1098.37,1098.58,1096.18,1097.64,796.1888
1655998140000,1097.64,1097.79,1095.35,1095.99,763.2749
1655998200000,1095.99,1097.04,1093.83,1093.92,1765.8389
1655998260000,1093.93,1095.93,1093.92,1094.7,989.6916
1655998320000,1094.7,1095.97,1094.5,1094.8,543.3995
1655998380000,1094.8,1094.8,1093.27,1093.28,723.8178
1655998440000,1093.27,1093.51,1087.46,1090.71,3535.4786
1655998500000,1090.71,1091.77,1089.45,1089.46,947.3081
1655998560000,1089.46,1092.86,1088.02,1091.9,1603.2983
1655998620000,1091.9,1091.91,1090.23,1091.17,1367.5537
1655998680000,1091.18,1091.56,1086.95,1089.08,4489.0678
1655998740000,1089.08,1090.14,1088.24,1088.58,787.0483
1655998800000,1088.57,1089.5,1087.91,1089.31,1231.1734
1655998860000,1089.3,1091.14,1089.3,1090.74,383.0405
1655998920000,1090.73,1091.93,1089.87,1089.88,816.4651
1655998980000,1089.88,1091.93,1089.82,1091.73,548.4327
1655999040000,1091.72,1092.59,1091.72,1092.16,474.6759
1655999100000,1092.16,1092.58,1091.58,1092.03,620.6283
1655999160000,1092.03,1093.2,1091.62,1091.76,688.6205
1655999220000,1091.77,1092.68,1091.42,1091.83,555.5488
1655999280000,1091.83,1091.88,1090.87,1091.45,877.4422
1655999340000,1091.46,1092.57,1091.15,1091.81,382.6771
1655999400000,1091.8,1092.33,1090.99,1091.67,301.1816
1655999460000,1091.67,1092.28,1091.22,1091.58,370.6522
1655999520000,1091.58,1097.48,1091.58,1095.85,1540.3138
1655999580000,1095.84,1097.49,1095.76,1096.68,664.1185
1655999640000,1096.68,1096.95,1095.58,1095.79,533.5317
1655999700000,1095.78,1096.46,1095.42,1096.24,204.8727
1655999760000,1096.24,1097.04,1096.12,1096.77,445.4177
1655999820000,1096.77,1097.24,1096.47,1097.2,423.9311
1655999880000,1097.21,1097.21,1094.64,1095.19,798.385
1655999940000,1095.19,1095.28,1093.64,1094.22,511.0951
1656000000000,1094.21,1095.47,1093.29,1094.5,635.0726
1656000060000,1094.49,1094.49,1090.53,1091.96,1338.9465
1656000120000,1091.97,1093.29,1091.54,1093.29,747.8866
1656000180000,1093.28,1093.33,1091.26,1091.39,541.6612
1656000240000,1091.39,1091.39,1088.24,1089.62,1194.2438
1656000300000,1089.62,1090.73,1089.01,1090.12,1207.9225
1656000360000,1090.12,1090.35,1087.6,1089.95,1410.9967
1656000420000,1089.95,1092.34,1089.61,1091.96,686.0192
1656000480000,1091.96,1092.09,1089.03,1090.04,556.8957
1656000540000,1090.03,1091.16,1089.32,1091.14,624.9662
1656000600000,1091.14,1091.39,1090.05,1090.3,307.1103
1656000660000,1090.31,1091.17,1090.11,1090.81,429.0024
1656000720000,1090.82,1091.88,1090.64,1091.28,323.0466
1656000780000,1091.29,1092.57,1091.28,1091.78,318.937
1656000840000,1091.77,1092.07,1091.5,1091.64,660.7889
1656000900000,1091.64,1091.65,1090.58,1091.47,568.7537
1656000960000,1091.48,1092.51,1091.05,1091.84,401.3761
1656001020000,1091.84,1092.68,1091.83,1092.36,142.2327
1656001080000,1092.36,1094.17,1092.3,1093.73,387.5056
1656001140000,1093.74,1094.1,1092.91,1093.49,518.8967
1656001200000,1093.5,1093.69,1093.25,1093.33,305.566
1656001260000,1093.32,1093.88,1093.24,1093.64,185.3037
1656001320000,1093.64,1093.65,1092.57,1092.58,225.9512
1656001380000,1092.58,1092.58,1088.08,1090.06,1158.2717
1656001440000,1090.06,1092.04,1089.91,1091.02,444.7425
1656001500000,1091.01,1091.37,1089.42,1090.74,793.5704
1656001560000,1090.74,1091.47,1090.14,1091.47,586.2683
1656001620000,1091.46,1093.9,1091.23,1093.87,406.9949
1656001680000,1093.88,1094.0,1092.05,1092.33,446.5173
1656001740000,1092.34,1093.11,1091.54,1091.76,297.7961
1656001800000,1091.76,1092.82,1091.73,1092.58,339.6175
1656001860000,1092.58,1093.34,1091.51,1091.51,350.1574
1656001920000,1091.51,1091.87,1091.05,1091.71,429.7622
1656001980000,1091.71,1093.76,1091.65,1093.01,513.5569
1656002040000,1093.02,1093.94,1092.82,1093.39,481.7922
1656002100000,1093.38,1094.34,1092.68,1092.85,416.0559
1656002160000,1092.84,1095.0,1092.49,1094.99,1256.1149
1656002220000,1094.99,1095.59,1094.19,1094.5,438.9705
1656002280000,1094.5,1094.78,1093.4,1093.54,682.178
1656002340000,1093.54,1093.94,1092.87,1093.21,773.6244
1656002400000,1093.2,1093.34,1092.15,1093.12,416.2691
1656002460000,1093.12,1094.67,1093.12,1094.49,644.0765
1656002520000,1094.48,1095.09,1094.07,1094.08,437.1494
1656002580000,1094.08,1094.8,1093.5,1093.5,367.0332
1656002640000,1093.5,1094.7,1093.31,1093.98,341.486
1656002700000,1093.97,1094.42,1093.46,1094.26,287.871
1656002760000,1094.26,1094.26,1093.51,1093.79,511.3612
1656002820000,1093.76,1095.61,1093.72,1095.36,767.9262
1656002880000,1095.35,1097.63,1095.18,1097.11,1136.9995
1656002940000,1097.12,1097.5,1096.25,1096.25,433.0228
1656003000000,1096.25,1096.96,1095.7,1096.62,435.3099
1656003060000,1096.62,1096.62,1096.04,1096.04,258.7881
1656003120000,1096.05,1097.07,1095.76,1096.91,342.2475
1656003180000,1096.91,1096.91,1095.0,1095.94,722.8391
1656003240000,1095.94,1096.42,1095.0,1095.01,225.3226
1656003300000,1095.0,1095.01,1093.32,1093.49,600.7407
1656003360000,1093.5,1093.91,1092.67,1093.52,307.5834
1656003420000,1093.51,1093.52,1091.51,1091.63,854.7349
1656003480000,1091.62,1092.24,1091.2,1091.2,342.0617
1656003540000,1091.2,1091.42,1090.0,1090.27,332.1488
1656003600000,1090.27,1090.33,1088.61,1088.79,436.0239
1656003660000,1088.78,1089.42,1083.88,1086.09,2287.1347
1656003720000,1086.1,1086.51,1084.25,1086.02,1442.3851
1656003780000,1086.01,1086.02,1082.78,1083.74,2363.7452
1656003840000,1083.74,1086.0,1083.74,1085.32,625.808
1656003900000,1085.31,1087.44,1085.31,1087.13,612.512
1656003960000,1087.14,1090.22,1087.13,1089.99,1004.0561
1656004020000,1089.99,1091.55,1089.59,1090.88,688.9079
1656004080000,1090.87,1092.93,1090.64,1092.12,1256.0362
1656004140000,1092.11,1092.12,1090.29,1091.49,444.8437
1656004200000,1091.48,1091.49,1091.01,1091.01,175.3622
1656004260000,1091.01,1094.06,1090.98,1092.89,599.0941
1656004320000,1092.89,1094.33,1092.88,1093.76,392.3846
1656004380000,1093.75,1093.76,1092.48,1092.87,170.285
1656004440000,1092.86,1093.19,1091.08,1092.61,307.4272
1656004500000,1092.6,1093.85,1092.6,1092.76,127.5693
1656004560000,1092.75,1093.64,1092.69,1093.63,153.4403
1656004620000,1093.64,1094.45,1093.12,1094.45,299.5985
1656004680000,1094.45,1095.66,1094.27,1094.56,261.4246
1656004740000,1094.57,1095.0,1093.75,1094.59,129.928
1656004800000,1094.58,1094.93,1093.35,1093.77,283.4976
1656004860000,1093.78,1094.14,1093.26,1094.07,338.7
1656004920000,1094.07,1094.45,1093.05,1093.64,285.0433
1656004980000,1093.63,1095.32,1093.46,1094.21,425.1739
1656005040000,1094.21,1094.34,1093.49,1093.73,269.8366
1656005100000,1093.74,1093.87,1092.95,1093.42,331.7621
1656005160000,1093.42,1094.69,1092.17,1092.18,397.9641
1656005220000,1092.17,1092.28,1090.21,1091.37,441.0921
1656005280000,1091.37,1091.54,1089.73,1090.43,465.0267
1656005340000,1090.43,1091.17,1090.29,1090.46,266.2535
1656005400000,1090.46,1092.64,1090.44,1091.75,303.5474
1656005460000,1091.75,1091.91,1091.26,1091.53,221.8837
1656005520000,1091.54,1093.7,1091.53,1093.59,374.7214
1656005580000,1093.59,1094.44,1091.57,1091.58,1859.0837
1656005640000,1091.58,1092.41,1090.89,1092.4,367.4584
1656005700000,1092.4,1092.69,1092.19,1092.24,269.7925
1656005760000,1092.24,1092.24,1091.15,1091.51,94.3644
1656005820000,1091.51,1091.51,1089.41,1090.38,281.1887
1656005880000,1090.37,1090.89,1089.04,1089.05,181.7495
1656005940000,1089.04,1091.28,1089.04,1091.28,212.9209
1656006000000,1091.29,1091.68,1091.09,1091.31,207.2865
1656006060000,1091.32,1091.32,1089.54,1089.69,262.2682
1656006120000,1089.69,1090.16,1088.64,1090.16,270.453
1656006180000,1090.16,1092.69,1090.15,1092.31,293.7098
1656006240000,1092.3,1092.49,1091.73,1092.06,149.0735
1656006300000,1092.05,1092.07,1091.24,1091.51,84.709
1656006360000,1091.52,1094.68,1091.51,1094.54,467.1563
1656006420000,1094.54,1094.73,1093.98,1094.33,446.859
1656006480000,1094.33,1094.52,1094.16,1094.18,126.6266
1656006540000,1094.17,1094.39,1093.38,1093.91,439.1113
1656006600000,1093.91,1095.6,1093.58,1095.54,291.1136
1656006660000,1095.55,1098.36,1095.03,1096.09,1474.4545
1656006720000,1096.09,1096.3,1094.52,1094.97,563.578
1656006780000,1094.97,1096.02,1094.48,1094.71,433.3148
1656006840000,1094.7,1095.38,1094.31,1094.88,525.3238
1656006900000,1094.89,1095.32,1094.52,1094.85,243.3406
1656006960000,1094.81,1096.11,1093.83,1093.95,422.0365
1656007020000,1093.96,1094.18,1093.81,1093.83,228.8865
1656007080000,1093.82,1094.14,1093.02,1093.03,697.6308
1656007140000,1093.02,1094.23,1093.02,1093.65,351.6212
1656007200000,1093.65,1094.79,1093.02,1094.36,541.2157
1656007260000,1094.35,1095.09,1094.35,1094.74,274.5126
1656007320000,1094.74,1096.03,1094.7,1095.43,276.9872
1656007380000,1095.43,1095.47,1094.1,1095.32,360.6752
1656007440000,1095.32,1096.45,1095.22,1095.8,301.7228
1656007500000,1095.81,1096.01,1094.66,1095.03,229.311
1656007560000,1095.02,1095.15,1094.26,1094.64,307.4572
1656007620000,1094.64,1095.24,1094.36,1095.01,244.3738
1656007680000,1095.01,1095.02,1092.62,1092.72,414.2069
1656007740000,1092.73,1092.89,1090.44,1091.26,612.5008
1656007800000,1091.26,1092.76,1089.31,1092.66,794.3111
1656007860000,1092.67,1093.39,1091.3,1093.38,346.7147
1656007920000,1093.39,1095.58,1093.38,1095.11,503.8466
1656007980000,1095.11,1095.47,1094.45,1094.45,514.6064
1656008040000,1094.45,1094.46,1093.84,1094.12,203.4061
1656008100000,1094.13,1097.08,1094.06,1096.31,1108.1702
1656008160000,1096.32,1097.31,1094.93,1096.69,440.0936
1656008220000,1096.7,1096.7,1095.9,1095.9,216.7304
1656008280000,1095.91,1097.32,1095.36,1096.65,475.0167
1656008340000,1096.66,1097.15,1095.95,1096.84,489.5046
1656008400000,1096.83,1096.84,1096.13,1096.28,327.3398
1656008460000,1096.28,1096.44,1095.7,1096.2,119.6543
1656008520000,1096.21,1096.69,1095.78,1096.21,226.014
1656008580000,1096.2,1097.58,1095.99,1097.58,217.514
1656008640000,1097.57,1097.58,1096.2,1097.12,198.2463
1656008700000,1097.12,1097.25,1096.44,1096.71,268.0346
1656008760000,1096.71,1098.5,1096.6,1097.92,648.536
1656008820000,1097.89,1098.28,1097.62,1098.12,256.5585
1656008880000,1098.13,1098.71,1098.01,1098.23,380.5331
1656008940000,1098.23,1098.3,1097.76,1097.79,202.2695
1656009000000,1097.78,1098.68,1097.61,1098.5,221.0783
1656009060000,1098.51,1099.76,1098.36,1099.49,886.4461
1656009120000,1099.48,1104.19,1099.48,1101.89,1926.7438
1656009180000,1101.89,1102.01,1100.7,1100.86,875.4593
1656009240000,1100.87,1101.98,1100.55,1100.96,2515.4485
1656009300000,1100.96,1102.83,1100.95,1102.23,537.1895
1656009360000,1102.23,1102.44,1100.2,1100.33,195.6574
1656009420000,1100.33,1101.06,1099.48,1099.49,711.6318
1656009480000,1099.48,1100.0,1099.0,1099.34,452.6105
1656009540000,1099.35,1099.55,1097.45,1098.99,489.0179
1656009600000,1098.99,1100.46,1098.99,1099.81,456.5644
1656009660000,1099.81,1100.0,1098.59,1099.36,737.9487
1656009720000,1099.38,1100.25,1098.99,1098.99,446.2925
1656009780000,1098.99,1100.29,1098.99,1099.75,302.295
1656009840000,1099.76,1102.17,1099.75,1102.15,450.3635
1656009900000,1102.15,1102.91,1099.6,1099.83,376.8042
1656009960000,1099.84,1099.84,1097.87,1098.85,371.3553
1656010020000,1098.85,1099.64,1098.53,1099.36,374.4656
1656010080000,1099.35,1100.58,1099.35,1100.5,148.3954
1656010140000,1100.5,1101.37,1100.02,1100.6,393.6268
1656010200000,1100.6,1102.94,1100.6,1102.19,720.5765
1656010260000,1102.19,1102.93,1101.87,1102.26,390.5474
1656010320000,1102.27,1102.5,1101.48,1102.0,250.2925
1656010380000,1102.0,1102.18,1100.25,1100.3,718.8309
1656010440000,1100.3,1101.17,1099.89,1100.15,261.0249
1656010500000,1100.15,1100.47,1099.46,1100.47,288.4613
1656010560000,1100.46,1101.0,1100.1,1100.73,214.9187
1656010620000,1100.73,1100.77,1100.2,1100.65,160.4575
1656010680000,1100.66,1102.0,1100.53,1101.99,184.7848
1656010740000,1102.0,1102.0,1101.55,1101.85,191.5567
1656010800000,1101.85,1102.04,1100.69,1101.54,304.1743
1656010860000,1101.53,1101.54,1100.63,1101.3,182.1019
1656010920000,1101.3,1101.75,1100.56,1100.67,294.877
1656010980000,1100.68,1102.07,1100.67,1101.79,343.223
1656011040000,1101.79,1101.91,1101.31,1101.47,215.7929
1656011100000,1101.47,1101.47,1100.53,1100.59,170.112
1656011160000,1100.58,1102.96,1100.58,1102.42,514.8012
1656011220000,1102.43,1103.15,1100.04,1100.1,412.3862
1656011280000,1100.09,1100.75,1099.67,1099.68,329.8941
1656011340000,1099.69,1114.07,1099.68,1109.99,6378.6957
1656011400000,1109.62,1113.9,1106.44,1107.01,5698.6864
1656011460000,1107.01,1107.25,1105.16,1105.66,1159.4972
1656011520000,1105.65,1108.3,1105.23,1107.31,632.02
1656011580000,1107.31,1107.43,1106.48,1106.79,414.2942
1656011640000,1106.78,1109.0,1106.78,1108.64,621.9695
1656011700000,1108.64,1109.01,1107.07,1107.52,455.641
1656011760000,1107.52,1107.61,1106.49,1107.6,280.5256
1656011820000,1107.6,1108.02,1106.37,1106.86,1000.4813
1656011880000,1106.87,1106.93,1105.57,1106.92,280.3734
1656011940000,1106.92,1110.14,1106.92,1109.41,1274.0877
1656012000000,1109.4,1112.0,1108.19,1111.44,1149.8202
1656012060000,1111.44,1111.88,1110.64,1110.66,1012.2159
1656012120000,1110.65,1115.0,1110.64,1112.87,7565.6493
1656012180000,1112.86,1115.94,1112.72,1115.41,3993.1191
1656012240000,1115.4,1118.14,1115.04,1115.52,2248.046
1656012300000,1115.51,1117.35,1114.11,1116.73,1423.3997
1656012360000,1116.73,1118.0,1116.02,1117.0,1023.9381
1656012420000,1117.01,1117.47,1116.22,1117.04,579.3998
1656012480000,1117.03,1120.0,1117.0,1119.36,1391.1408
1656012540000,1119.36,1121.25,1117.26,1117.35,1696.1036
1656012600000,1117.36,1119.99,1117.23,1119.02,1137.5878
1656012660000,1119.02,1119.66,1117.0,1117.02,1065.8728
1656012720000,1117.02,1118.07,1116.1,1116.1,1210.0106
1656012780000,1116.1,1118.49,1116.1,1118.22,1871.3462
1656012840000,1118.23,1119.99,1118.22,1119.27,1521.4075
1656012900000,1119.26,1122.31,1119.26,1121.07,1992.934
1656012960000,1121.08,1123.0,1120.79,1120.79,1386.5214
1656013020000,1120.8,1123.93,1120.79,1123.56,1077.0865
1656013080000,1123.55,1126.56,1122.66,1123.18,2471.4966
1656013140000,1123.14,1124.49,1123.05,1123.71,456.9734
1656013200000,1123.71,1124.88,1123.7,1124.58,629.2202
1656013260000,1124.58,1124.8,1122.03,1123.23,772.6045
1656013320000,1123.22,1123.46,1121.48,1121.78,622.8353
1656013380000,1121.79,1122.47,1121.01,1121.74,492.8138
1656013440000,1121.74,1124.49,1121.67,1123.13,586.9727
1656013500000,1123.13,1123.75,1121.31,1121.74,796.3219
1656013560000,1121.74,1123.49,1120.9,1123.13,596.4399
1656013620000,1123.13,1126.71,1123.07,1123.73,998.6493
1656013680000,1123.72,1124.83,1122.7,1124.66,668.8351
1656013740000,1124.66,1126.5,1124.65,1126.39,578.8768
1656013800000,1126.39,1128.21,1124.96,1125.85,1967.9455
1656013860000,1125.85,1126.87,1124.09,1124.88,1032.2049
1656013920000,1124.87,1124.88,1123.08,1123.76,1547.6535
1656013980000,1123.76,1123.95,1121.32,1122.39,754.3068
1656014040000,1122.39,1123.44,1121.93,1123.35,673.1343
1656014100000,1123.35,1124.78,1122.97,1123.2,570.5403
1656014160000,1123.2,1124.33,1122.62,1124.04,390.5914
1656014220000,1124.04,1125.0,1123.51,1124.64,547.4573
1656014280000,1124.63,1126.77,1124.32,1125.94,729.6258
1656014340000,1125.94,1127.27,1125.46,1126.65,830.8216
1656014400000,1126.64,1127.78,1126.01,1126.32,896.5595
1656014460000,1126.31,1126.37,1124.6,1125.38,696.1601
1656014520000,1125.37,1125.38,1120.95,1122.44,1362.9038
1656014580000,1122.43,1122.49,1120.49,1121.8,1139.4415
1656014640000,1121.79,1122.86,1120.99,1121.89,894.0089
1656014700000,1121.89,1122.01,1120.0,1120.9,779.7346
1656014760000,1120.89,1122.35,1120.0,1121.99,1808.4929
1656014820000,1121.99,1122.24,1121.03,1121.5,673.6953
1656014880000,1121.54,1122.22,1121.38,1122.22,533.5055
1656014940000,1122.21,1124.46,1121.79,1124.36,990.6192
1656015000000,1124.35,1126.62,1124.15,1125.76,1115.7301
1656015060000,1125.74,1127.67,1125.52,1126.6,820.9801
1656015120000,1126.61,1140.6,1126.34,1140.59,6769.8549
1656015180000,1140.46,1145.0,1135.93,1138.63,6540.3588
1656015240000,1138.62,1144.25,1134.21,1141.4,5752.3901
1656015300000,1141.4,1141.76,1137.07,1138.15,4652.8063
1656015360000,1138.15,1139.68,1136.27,1138.38,1216.7121
1656015420000,1138.38,1138.86,1136.72,1137.92,1177.4321
1656015480000,1137.93,1138.11,1136.89,1136.96,490.3813
1656015540000,1136.96,1139.67,1136.22,1138.71,710.8087
1656015600000,1138.71,1139.45,1136.78,1136.78,481.2442
1656015660000,1136.78,1138.55,1136.74,1138.33,674.4981
1656015720000,1138.33,1139.05,1137.11,1137.38,644.5744
1656015780000,1137.38,1138.37,1136.49,1137.02,462.5658
1656015840000,1137.03,1138.75,1137.02,1138.03,412.7384
1656015900000,1138.02,1138.46,1135.86,1137.0,1109.986
1656015960000,1136.99,1137.0,1134.78,1135.74,845.4894
1656016020000,1135.74,1137.89,1135.14,1137.13,654.326
1656016080000,1137.13,1137.89,1135.93,1137.4,977.1706
1656016140000,1137.39,1137.4,1134.91,1135.07,1013.8427
1656016200000,1135.06,1135.89,1134.11,1134.3,869.9274
1656016260000,1134.3,1134.37,1133.08,1133.95,662.3872
1656016320000,1133.96,1134.12,1131.81,1132.51,642.5275
1656016380000,1132.51,1133.83,1131.9,1133.33,801.8513
1656016440000,1133.33,1133.5,1132.66,1133.0,535.8761
1656016500000,1133.0,1135.67,1132.64,1134.42,1000.7377
1656016560000,1134.43,1135.86,1133.8,1135.82,494.1361
1656016620000,1135.82,1135.83,1131.34,1132.83,1295.067
1656016680000,1132.83,1133.41,1132.52,1132.62,589.5336
1656016740000,1132.62,1132.89,1132.0,1132.08,368.6848
1656016800000,1132.08,1134.33,1132.08,1132.51,679.744
1656016860000,1132.52,1133.38,1132.51,1132.8,309.8596
1656016920000,1132.79,1133.37,1132.79,1132.93,212.7418
1656016980000,1132.93,1133.87,1132.92,1133.56,328.0946
1656017040000,1133.55,1135.79,1133.55,1134.53,685.8323
1656017100000,1134.54,1137.01,1134.53,1136.1,538.0513
1656017160000,1136.09,1140.63,1136.09,1139.05,2828.7244
1656017220000,1139.05,1140.99,1138.89,1139.34,747.9721
1656017280000,1139.34,1139.34,1137.03,1137.71,443.2992
1656017340000,1137.72,1139.23,1137.57,1137.89,446.8004
1656017400000,1137.89,1139.0,1137.89,1139.0,419.3876
1656017460000,1138.99,1139.6,1136.53,1136.78,782.6481
1656017520000,1136.78,1139.0,1136.53,1136.86,1166.1588
1656017580000,1136.87,1136.87,1133.0,1135.22,2030.6674
1656017640000,1135.21,1135.46,1133.8,1134.78,804.1376
1656017700000,1134.78,1134.85,1134.21,1134.5,258.667
1656017760000,1134.51,1135.42,1132.64,1134.44,939.4917
1656017820000,1134.45,1135.66,1134.24,1135.37,544.056
1656017880000,1135.3,1135.37,1133.94,1134.62,703.8515
1656017940000,1134.61,1136.15,1134.61,1135.68,404.2424
1656018000000,1135.69,1137.34,1135.68,1136.62,598.7371
1656018060000,1136.62,1137.38,1135.46,1136.43,524.3582
1656018120000,1136.43,1137.25,1135.65,1136.61,404.8382
1656018180000,1136.61,1136.83,1136.19,1136.82,173.6104
1656018240000,1136.83,1136.93,1134.47,1134.68,782.9699
1656018300000,1134.68,1135.21,1132.43,1133.42,1023.2667
1656018360000,1133.38,1134.82,1132.45,1134.63,840.2203
1656018420000,1134.63,1134.81,1133.18,1133.64,584.0723
1656018480000,1133.64,1134.49,1133.0,1134.03,1924.2162
1656018540000,1134.03,1135.23,1134.0,1134.23,804.577
1656018600000,1134.23,1135.44,1134.23,1134.6,786.2834
1656018660000,1134.59,1134.64,1134.14,1134.58,389.7859
1656018720000,1134.57,1134.58,1133.12,1133.77,791.6217
1656018780000,1133.76,1133.97,1133.0,1133.21,776.4276
1656018840000,1133.21,1133.58,1132.42,1133.29,889.9407
1656018900000,1133.29,1134.04,1132.0,1132.7,1379.238
1656018960000,1132.7,1133.22,1132.29,1132.98,464.3831
1656019020000,1132.97,1132.98,1132.21,1132.55,173.0803
1656019080000,1132.54,1133.63,1132.46,1132.96,365.4407
1656019140000,1132.97,1133.14,1132.46,1133.1,307.5107
1656019200000,1133.1,1133.11,1132.34,1132.44,189.88
1656019260000,1132.44,1132.79,1132.25,1132.3,205.5977
1656019320000,1132.31,1132.91,1132.2,1132.72,711.6001
1656019380000,1132.72,1133.19,1132.36,1133.08,878.56
1656019440000,1133.07,1133.19,1132.84,1133.03,135.1475
1656019500000,1133.03,1133.15,1132.2,1132.42,419.0558
1656019560000,1132.43,1132.92,1132.2,1132.69,134.8012
1656019620000,1132.7,1132.7,1132.24,1132.25,131.7431
1656019680000,1132.25,1132.91,1132.24,1132.46,689.9283
1656019740000,1132.45,1132.45,1132.23,1132.42,119.4035
1656019800000,1132.41,1132.42,1132.0,1132.03,239.285
1656019860000,1132.02,1132.03,1131.92,1131.92,92.9049
1656019920000,1131.93,1131.93,1131.91,1131.91,422.1628
1656019980000,1131.91,1131.92,1131.91,1131.92,259.2028
1656020040000,1131.91,1131.92,1131.21,1131.52,1806.1918
1656020100000,1131.51,1131.52,1126.11,1126.73,5675.5343
1656020160000,1126.72,1129.87,1125.93,1126.49,1011.3885
1656020220000,1126.49,1127.51,1125.62,1127.11,382.0052
1656020280000,1127.11,1128.41,1126.66,1128.41,199.9081
1656020340000,1128.38,1129.27,1128.12,1129.16,247.7738
1656020400000,1129.16,1129.17,1127.35,1127.48,142.1275
1656020460000,1127.47,1127.48,1126.56,1126.59,143.1969
1656020520000,1126.58,1126.59,1126.0,1126.0,686.8367
1656020580000,1126.0,1127.29,1126.0,1126.3,1323.2932
1656020640000,1126.3,1129.21,1126.1,1127.9,385.4372
1656020700000,1127.9,1129.0,1127.84,1128.93,1720.029
1656020760000,1128.94,1129.1,1127.83,1127.84,63.1306
1656020820000,1127.84,1127.84,1126.12,1126.68,119.6594
1656020880000,1126.68,1126.85,1126.13,1126.34,76.2493
1656020940000,1126.33,1126.8,1126.0,1126.67,125.2164
1656021000000,1126.66,1127.79,1126.66,1127.01,130.177
1656021060000,1127.01,1127.99,1126.67,1127.56,176.7671
1656021120000,1127.55,1127.8,1127.06,1127.06,124.932
1656021180000,1127.06,1127.55,1126.0,1127.38,354.5581
1656021240000,1127.39,1127.41,1126.43,1126.47,99.6038
1656021300000,1126.46,1127.43,1126.37,1127.22,207.8075
1656021360000,1127.23,1127.23,1126.7,1127.02,217.081
1656021420000,1127.02,1127.23,1126.0,1126.48,432.8117
1656021480000,1126.49,1126.61,1126.0,1126.0,2104.2389
1656021540000,1126.01,1126.01,1121.61,1122.14,1705.9297
1656021600000,1122.26,1124.4,1122.0,1123.49,1574.8878
1656021660000,1123.49,1125.89,1122.79,1122.98,1041.8203
1656021720000,1122.99,1123.99,1122.5,1122.76,2121.3556
1656021780000,1122.77,1124.99,1122.5,1124.11,1045.318
1656021840000,1124.1,1137.5,1124.08,1133.73,6233.6686
1656021900000,1133.56,1136.29,1129.92,1130.33,4344.6895
1656021960000,1130.32,1132.78,1128.69,1130.0,1961.5981
1656022020000,1130.01,1134.99,1128.92,1134.39,1882.9202
1656022080000,1134.38,1136.0,1132.4,1135.38,6503.9595
1656022140000,1135.38,1136.29,1134.37,1134.84,4284.9437
1656022200000,1134.84,1136.09,1132.0,1132.15,878.6575
1656022260000,1132.15,1133.4,1131.46,1132.72,1755.0651
1656022320000,1132.73,1133.49,1130.83,1131.51,1412.2705
1656022380000,1131.51,1135.69,1131.5,1134.7,1497.7212
1656022440000,1134.69,1136.69,1133.22,1136.69,1474.5615
1656022500000,1136.69,1137.82,1134.9,1134.91,2004.125
1656022560000,1134.91,1137.99,1134.42,1136.9,1275.3071
1656022620000,1136.9,1139.04,1136.38,1139.0,1670.9034
1656022680000,1139.01,1141.77,1137.93,1140.51,3849.5164
1656022740000,1140.51,1141.23,1138.04,1139.02,2089.6282
1656022800000,1139.02,1139.02,1136.75,1137.72,1095.5341
1656022860000,1137.72,1138.25,1137.0,1137.43,1157.3785
1656022920000,1137.42,1140.0,1137.42,1138.76,934.9328
1656022980000,1138.75,1142.76,1138.5,1141.61,1403.4659
1656023040000,1141.61,1141.61,1139.0,1139.01,525.6778
1656023100000,1139.0,1140.42,1138.59,1139.15,766.8521
1656023160000,1139.16,1141.18,1138.48,1140.68,539.8188
1656023220000,1140.69,1141.16,1138.07,1140.37,1016.4428
1656023280000,1140.38,1142.75,1139.32,1142.54,2118.0539
1656023340000,1142.54,1146.46,1141.46,1145.52,3108.8946
1656023400000,1145.52,1149.5,1145.08,1147.29,8181.459
1656023460000,1147.29,1147.48,1144.99,1146.28,2364.6826
1656023520000,1146.28,1154.82,1145.76,1153.61,5077.9665
1656023580000,1153.6,1155.0,1149.49,1150.05,3378.1585
1656023640000,1150.05,1151.9,1147.66,1149.14,3978.6483
1656023700000,1149.15,1150.09,1145.96,1148.18,4603.4804
1656023760000,1148.17,1148.32,1145.59,1148.14,1172.4077
1656023820000,1148.15,1148.15,1144.25,1146.77,2240.7233
1656023880000,1146.78,1147.18,1144.15,1144.94,1594.9387
1656023940000,1144.94,1145.82,1143.45,1144.87,1648.6287
1656024000000,1144.87,1147.47,1144.27,1146.59,1525.5141
1656024060000,1146.6,1146.94,1145.0,1145.75,829.6481
1656024120000,1145.76,1146.74,1145.32,1145.78,599.3565
1656024180000,1145.78,1145.78,1143.08,1145.4,1602.8868
1656024240000,1145.4,1145.4,1144.07,1145.17,635.6616
1656024300000,1145.17,1145.39,1143.7,1144.1,707.5475
1656024360000,1144.09,1144.1,1142.87,1143.89,442.3073
1656024420000,1143.88,1145.2,1143.46,1144.78,459.9738
1656024480000,1144.78,1146.73,1144.58,1144.58,831.8371
1656024540000,1144.59,1144.88,1143.07,1143.77,714.0857
1656024600000,1143.78,1143.86,1142.71,1143.25,720.5456
1656024660000,1143.25,1143.25,1142.51,1142.77,1498.8224
1656024720000,1142.77,1143.13,1142.61,1142.71,402.354
1656024780000,1142.71,1143.06,1140.44,1140.56,3531.9025
1656024840000,1140.57,1141.73,1140.56,1141.01,4359.0234
1656024900000,1141.01,1141.81,1139.74,1141.3,1332.735
1656024960000,1141.31,1142.99,1139.95,1142.37,1088.5812
1656025020000,1142.37,1142.38,1140.74,1141.35,468.9065
1656025080000,1141.35,1141.36,1139.96,1140.28,963.9053
1656025140000,1140.28,1142.44,1140.28,1141.57,646.331
1656025200000,1141.56,1141.99,1140.72,1141.67,778.6229
1656025260000,1141.66,1141.91,1140.6,1141.37,493.1725
1656025320000,1141.37,1142.0,1140.65,1141.1,296.4721
1656025380000,1141.09,1142.0,1140.87,1141.03,378.7831
1656025440000,1141.03,1142.7,1141.03,1142.69,295.8326
1656025500000,1142.69,1143.48,1141.93,1143.0,564.0094
1656025560000,1143.01,1144.36,1142.67,1143.2,706.3899
1656025620000,1143.19,1144.0,1142.56,1143.45,626.6117
1656025680000,1143.45,1144.55,1143.29,1143.84,643.1767
1656025740000,1143.85,1144.53,1143.71,1143.9,364.4057
1656025800000,1143.9,1145.84,1143.77,1144.7,636.0675
1656025860000,1144.8,1146.5,1144.62,1145.59,448.4414
1656025920000,1145.6,1145.6,1143.5,1144.28,341.7515
1656025980000,1144.29,1144.78,1143.78,1144.57,189.5355
1656026040000,1144.58,1145.48,1144.05,1144.4,212.7577
1656026100000,1144.41,1144.72,1143.59,1144.35,169.5472
1656026160000,1144.34,1144.35,1143.61,1143.95,200.5404
1656026220000,1143.95,1144.14,1143.34,1143.76,289.191
1656026280000,1143.76,1143.9,1143.01,1143.03,192.3789
1656026340000,1143.03,1143.03,1142.01,1142.28,444.3095
1656026400000,1142.28,1145.46,1142.27,1144.08,778.1293
1656026460000,1144.08,1144.83,1144.0,1144.0,149.1114
1656026520000,1144.01,1146.77,1144.0,1146.56,1379.9946
1656026580000,1146.57,1149.24,1146.01,1147.57,1141.0056
1656026640000,1147.57,1147.58,1146.29,1146.42,441.7773
1656026700000,1146.43,1147.97,1146.25,1146.35,517.5976
1656026760000,1146.36,1146.49,1146.04,1146.27,125.311
1656026820000,1146.27,1147.46,1145.72,1146.25,610.6777
1656026880000,1146.24,1147.21,1146.24,1146.56,402.3633
1656026940000,1146.57,1147.5,1146.14,1146.86,397.1358
1656027000000,1146.86,1147.5,1146.14,1147.02,412.2243
1656027060000,1147.02,1151.4,1146.77,1150.23,1781.9051
1656027120000,1150.23,1150.38,1148.42,1148.43,570.4282
1656027180000,1148.42,1148.84,1148.33,1148.37,312.6558
1656027240000,1148.36,1149.59,1148.36,1149.21,243.189
1656027300000,1149.2,1150.39,1146.15,1146.15,1007.6419
1656027360000,1146.16,1147.44,1146.15,1146.66,489.4386
1656027420000,1146.65,1147.63,1146.57,1147.2,418.1838
1656027480000,1147.19,1147.87,1146.65,1146.66,383.8458
1656027540000,1146.66,1147.36,1145.52,1145.52,451.2472
1656027600000,1145.53,1146.53,1145.52,1146.02,335.4373
1656027660000,1146.01,1147.82,1145.93,1147.25,365.4158
1656027720000,1147.24,1147.45,1144.55,1144.63,540.2556
1656027780000,1144.62,1145.76,1144.03,1144.23,703.3058
1656027840000,1144.23,1144.75,1143.94,1144.41,903.8276
1656027900000,1144.41,1144.89,1143.31,1144.18,1271.7395
1656027960000,1144.19,1145.49,1144.18,1144.96,573.0479
1656028020000,1144.95,1145.5,1144.7,1145.32,311.7933
1656028080000,1145.31,1146.0,1144.62,1144.63,290.7627
1656028140000,1144.62,1145.48,1144.41,1144.78,399.4411
1656028200000,1144.78,1145.43,1144.01,1144.14,524.4642
1656028260000,1144.15,1144.51,1142.59,1142.94,2636.1794
1656028320000,1142.93,1144.23,1142.91,1143.8,568.2246
1656028380000,1143.8,1144.87,1143.43,1144.77,592.7274
1656028440000,1144.78,1144.81,1143.54,1143.78,632.3519
1656028500000,1143.78,1145.29,1143.77,1144.79,357.5661
1656028560000,1144.78,1145.02,1143.87,1144.69,331.8708
1656028620000,1144.68,1145.73,1144.0,1145.72,360.0432
1656028680000,1145.72,1146.03,1144.0,1144.73,1479.2882
1656028740000,1144.53,1145.11,1143.63,1144.72,865.4978
1656028800000,1144.71,1147.01,1143.82,1146.62,1490.1318
1656028860000,1146.62,1146.62,1143.27,1144.31,607.112
1656028920000,1144.31,1147.63,1143.16,1147.62,1505.7131
1656028980000,1147.62,1149.54,1142.77,1143.07,1055.4548
1656029040000,1143.07,1146.48,1141.79,1146.37,845.6946
1656029100000,1146.37,1148.53,1145.05,1148.32,1699.3354
1656029160000,1148.31,1149.85,1146.82,1148.01,1745.3858
1656029220000,1148.01,1150.7,1147.82,1148.56,1616.8451
1656029280000,1148.56,1150.07,1147.68,1150.07,612.7292
1656029340000,1150.07,1152.39,1149.08,1151.28,1130.6931
1656029400000,1151.28,1151.91,1149.68,1150.76,603.465
1656029460000,1150.77,1151.07,1149.72,1150.66,573.0726
1656029520000,1150.65,1151.38,1149.64,1150.81,348.8435
1656029580000,1150.81,1151.02,1149.78,1149.86,491.1246
1656029640000,1149.86,1150.01,1148.24,1148.25,363.329
1656029700000,1148.24,1148.86,1144.4,1144.52,558.1423
1656029760000,1144.53,1145.24,1142.71,1144.93,943.8144
1656029820000,1144.93,1148.99,1143.82,1148.98,681.2491
1656029880000,1148.98,1154.58,1148.98,1154.58,2332.3089
1656029940000,1154.58,1159.26,1153.56,1153.57,5184.1115
1656030000000,1153.57,1154.33,1149.42,1150.65,722.9361
1656030060000,1150.65,1151.91,1150.0,1151.74,716.503
1656030120000,1151.75,1151.75,1149.46,1150.06,659.2864
1656030180000,1150.06,1150.29,1148.45,1149.23,846.2206
1656030240000,1149.23,1152.14,1148.95,1150.48,2063.948
1656030300000,1150.48,1150.49,1147.51,1147.87,825.629
1656030360000,1147.88,1148.51,1147.25,1147.25,372.6584
1656030420000,1147.26,1148.14,1146.82,1147.73,404.3298
1656030480000,1147.74,1148.12,1145.68,1145.79,441.2537
1656030540000,1145.79,1146.37,1145.22,1145.36,394.687
1656030600000,1145.36,1147.43,1144.62,1146.48,520.3568
1656030660000,1146.48,1146.48,1143.72,1143.92,2245.9495
1656030720000,1143.92,1145.55,1142.86,1145.47,1069.8803
1656030780000,1145.47,1147.16,1145.46,1147.03,732.165
1656030840000,1147.03,1147.39,1146.26,1146.26,178.0978
1656030900000,1146.27,1146.27,1143.05,1144.08,1076.2948
1656030960000,1144.08,1144.3,1142.62,1143.53,552.8909
1656031020000,1143.52,1144.03,1142.94,1143.28,282.9092
1656031080000,1143.27,1144.39,1142.81,1143.01,243.9456
1656031140000,1143.01,1143.35,1141.66,1143.1,477.8312
1656031200000,1143.1,1143.5,1142.19,1143.05,263.411
1656031260000,1143.05,1145.31,1143.04,1144.94,698.0241
1656031320000,1144.94,1144.95,1143.85,1144.44,269.9645
1656031380000,1144.44,1145.7,1144.43,1144.88,357.3433
1656031440000,1144.87,1145.82,1144.3,1145.5,249.5032
1656031500000,1145.51,1146.81,1145.2,1145.53,376.0424
1656031560000,1145.54,1146.87,1145.53,1145.9,459.2054
1656031620000,1145.9,1147.32,1145.89,1146.66,345.8373
1656031680000,1146.66,1146.8,1146.0,1146.15,168.0679
1656031740000,1146.14,1147.15,1145.27,1145.79,360.3536
1656031800000,1145.79,1146.66,1145.79,1146.66,176.649
1656031860000,1146.65,1146.66,1144.45,1144.45,233.2151
1656031920000,1144.45,1144.88,1142.77,1143.52,263.9398
1656031980000,1143.52,1143.53,1142.61,1143.19,349.8051
1656032040000,1143.18,1143.64,1141.01,1143.63,469.6712
1656032100000,1143.64,1143.78,1142.29,1142.77,320.9751
1656032160000,1142.77,1143.6,1142.71,1143.39,287.7103
1656032220000,1143.38,1144.73,1143.27,1143.86,428.8171
1656032280000,1143.86,1143.89,1143.26,1143.67,108.3414
1656032340000,1143.68,1144.43,1143.1,1143.39,209.6148
1656032400000,1143.39,1143.74,1142.7,1143.25,304.8016
1656032460000,1143.24,1143.79,1142.79,1143.22,255.9515
1656032520000,1143.21,1143.5,1142.11,1142.18,638.8317
1656032580000,1142.18,1142.6,1141.56,1141.86,450.399
1656032640000,1141.86,1143.25,1141.85,1142.88,215.3798
1656032700000,1142.88,1143.83,1142.71,1143.12,312.3473
1656032760000,1143.12,1143.12,1142.15,1142.99,366.9865
1656032820000,1142.99,1143.61,1141.98,1143.42,417.163
1656032880000,1143.41,1145.6,1143.41,1145.2,456.7314
1656032940000,1145.21,1148.61,1145.18,1147.25,1368.1021
1656033000000,1147.25,1150.54,1146.83,1150.04,851.6305
1656033060000,1150.04,1151.6,1149.69,1150.71,688.9103
1656033120000,1150.72,1151.07,1148.26,1148.57,1137.1604
1656033180000,1148.57,1150.27,1148.11,1148.81,641.9705
1656033240000,1148.8,1149.75,1148.61,1149.29,365.1197
1656033300000,1149.28,1150.0,1148.09,1148.67,406.5414
1656033360000,1148.68,1149.06,1147.53,1148.81,1176.324
1656033420000,1148.82,1153.57,1148.41,1152.11,1761.034
1656033480000,1152.11,1154.45,1151.44,1152.17,1999.0493
1656033540000,1152.18,1152.61,1150.38,1151.5,987.2346
1656033600000,1151.49,1153.99,1151.49,1153.79,1276.1837
1656033660000,1153.79,1155.93,1153.48,1154.31,2198.8059
1656033720000,1154.31,1156.37,1154.0,1156.12,875.6135
1656033780000,1156.13,1158.47,1155.18,1157.19,961.8784
1656033840000,1157.19,1157.49,1156.37,1156.87,1080.8276
1656033900000,1156.88,1163.47,1156.56,1162.22,6227.8636
1656033960000,1162.23,1162.56,1158.09,1158.84,1549.4349
1656034020000,1158.84,1159.1,1157.19,1157.63,922.5852
1656034080000,1157.63,1157.63,1155.28,1155.66,1011.1785
1656034140000,1155.65,1157.78,1155.63,1156.02,496.2003
1656034200000,1156.02,1158.43,1155.65,1158.43,689.1373
1656034260000,1158.42,1159.36,1157.46,1157.65,906.0465
1656034320000,1157.66,1161.06,1157.49,1159.07,577.7446
1656034380000,1159.06,1162.2,1159.06,1161.88,754.0692
1656034440000,1161.87,1162.79,1160.17,1160.94,618.4813
1656034500000,1160.95,1161.46,1158.13,1158.73,731.9804
1656034560000,1158.72,1159.43,1158.71,1159.19,428.4844
1656034620000,1159.18,1159.75,1158.55,1158.77,441.887
1656034680000,1158.77,1159.11,1156.76,1157.3,429.4319
1656034740000,1157.31,1158.3,1156.82,1157.19,1439.2286
1656034800000,1157.19,1157.5,1154.61,1154.61,440.5313
1656034860000,1154.61,1155.57,1154.33,1154.72,521.8517
1656034920000,1154.71,1156.3,1154.71,1154.76,251.3151
1656034980000,1154.76,1156.45,1154.5,1156.35,407.4192
1656035040000,1156.35,1156.51,1154.01,1154.78,737.1157
1656035100000,1154.78,1156.27,1153.7,1153.74,586.2969
1656035160000,1153.73,1153.94,1152.27,1152.95,337.0925
1656035220000,1152.95,1153.06,1152.15,1152.68,686.664
1656035280000,1152.68,1153.94,1152.5,1153.23,823.6515
1656035340000,1153.24,1153.87,1152.62,1152.84,290.998
1656035400000,1152.84,1153.67,1152.51,1153.2,455.918
1656035460000,1153.2,1153.45,1152.71,1152.87,222.3819
1656035520000,1152.88,1152.88,1152.0,1152.12,1665.1193
1656035580000,1152.13,1153.31,1150.58,1152.72,2387.5963
1656035640000,1152.72,1152.97,1151.86,1151.91,840.7942
1656035700000,1151.92,1152.75,1151.91,1152.5,494.3524
1656035760000,1152.49,1152.88,1152.18,1152.56,324.7303
1656035820000,1152.56,1154.2,1151.96,1153.48,1149.1817
1656035880000,1153.48,1154.2,1152.51,1152.52,432.6759
1656035940000,1152.52,1152.52,1151.05,1151.43,1065.0943
1656036000000,1151.44,1151.97,1150.52,1151.64,340.953
1656036060000,1151.65,1152.29,1151.28,1152.2,218.0071
1656036120000,1152.19,1152.26,1151.0,1151.0,1457.1582
1656036180000,1151.01,1151.19,1150.22,1150.73,786.1809
1656036240000,1150.73,1151.84,1150.34,1150.45,347.1306
1656036300000,1150.45,1150.45,1149.58,1149.88,323.6743
1656036360000,1149.87,1150.32,1149.63,1150.07,237.0163
1656036420000,1150.08,1150.78,1149.55,1149.86,390.0104
1656036480000,1149.87,1150.63,1149.86,1150.42,340.7546
1656036540000,1150.42,1151.59,1150.14,1151.16,405.5847
1656036600000,1151.16,1153.7,1151.16,1152.95,626.5017
1656036660000,1152.95,1152.95,1150.21,1150.47,307.7277
1656036720000,1150.46,1151.94,1150.42,1151.93,313.7964
1656036780000,1151.94,1152.37,1150.7,1152.24,326.6445
1656036840000,1152.24,1154.48,1152.24,1153.9,391.8901
1656036900000,1153.89,1154.43,1152.85,1152.96,214.4019
1656036960000,1152.97,1153.15,1150.7,1153.15,524.3132
1656037020000,1153.15,1155.05,1153.14,1154.0,720.9471
1656037080000,1154.01,1154.19,1153.11,1153.35,297.7921
1656037140000,1153.35,1156.19,1153.34,1156.18,374.0589
1656037200000,1156.18,1157.5,1154.75,1156.69,979.4423
1656037260000,1156.69,1157.98,1156.1,1156.54,829.4293
1656037320000,1156.53,1156.72,1155.8,1156.34,437.9048
1656037380000,1156.35,1158.16,1156.26,1157.37,603.7998
1656037440000,1157.38,1158.31,1157.37,1158.18,528.153
1656037500000,1158.18,1159.34,1158.04,1158.29,517.9271
1656037560000,1158.29,1160.0,1158.28,1159.99,315.3698
1656037620000,1159.99,1161.0,1158.3,1158.43,1308.0942
1656037680000,1158.42,1159.65,1158.0,1158.65,422.552
1656037740000,1158.65,1160.01,1158.64,1159.65,558.5751
1656037800000,1159.66,1160.1,1159.26,1159.55,208.5358
1656037860000,1159.56,1159.56,1157.94,1158.7,705.4368
1656037920000,1158.76,1161.4,1158.75,1161.11,1197.6137
1656037980000,1161.11,1163.0,1160.81,1162.51,1239.4353
1656038040000,1162.5,1162.93,1160.38,1160.57,750.2159
1656038100000,1160.57,1161.83,1160.46,1161.57,465.4169
1656038160000,1161.56,1168.2,1161.56,1165.31,4191.636
1656038220000,1165.31,1168.4,1163.0,1164.13,4707.0807
1656038280000,1164.13,1165.17,1161.94,1162.59,1372.8938
1656038340000,1162.58,1164.0,1160.06,1160.65,2048.8874
1656038400000,1160.64,1162.08,1160.45,1160.5,416.067
1656038460000,1160.51,1162.01,1160.03,1161.56,536.1774
1656038520000,1161.39,1161.99,1160.0,1160.87,639.4792
1656038580000,1160.86,1160.87,1158.0,1160.31,1169.9024
1656038640000,1160.31,1160.32,1158.46,1159.47,861.9829
1656038700000,1159.48,1160.32,1158.51,1159.99,662.0875
1656038760000,1159.99,1161.0,1159.79,1160.54,919.2246
1656038820000,1160.55,1161.24,1160.0,1160.35,416.5984
1656038880000,1160.36,1161.13,1158.74,1159.05,507.4102
1656038940000,1159.06,1161.0,1159.05,1159.53,355.7013
1656039000000,1159.53,1159.76,1157.89,1158.13,769.9841
1656039060000,1158.12,1158.26,1156.62,1157.27,591.9286
1656039120000,1157.28,1157.69,1156.5,1157.61,763.2262
1656039180000,1157.62,1157.69,1156.69,1157.12,278.1718
1656039240000,1157.12,1157.12,1155.75,1156.46,1481.3222
1656039300000,1156.45,1156.46,1155.26,1155.62,488.9741
1656039360000,1155.63,1155.63,1154.23,1154.56,351.6828
1656039420000,1154.56,1154.99,1152.34,1152.42,1912.0753
1656039480000,1152.42,1153.66,1152.41,1152.9,727.5198
1656039540000,1152.9,1154.0,1152.0,1152.52,822.1813
1656039600000,1152.52,1153.81,1152.11,1152.94,430.8352
1656039660000,1152.93,1153.21,1152.3,1152.55,424.1903
1656039720000,1152.55,1153.22,1151.7,1153.05,506.2674
1656039780000,1153.05,1153.05,1151.95,1152.8,471.5773
1656039840000,1152.8,1152.8,1151.33,1151.53,500.1526
1656039900000,1151.53,1152.27,1150.56,1152.17,1684.7539
1656039960000,1152.16,1154.51,1152.16,1154.22,927.0763
1656040020000,1154.21,1155.5,1153.57,1154.95,484.0117
1656040080000,1154.94,1155.18,1154.26,1154.68,351.969
1656040140000,1154.68,1155.03,1153.28,1153.29,364.0247
1656040200000,1153.29,1153.73,1152.43,1153.73,405.1905
1656040260000,1153.72,1155.07,1153.16,1154.29,802.1977
1656040320000,1154.29,1156.81,1154.01,1156.8,696.2155
1656040380000,1156.81,1157.08,1155.93,1156.76,548.1146
1656040440000,1156.75,1156.96,1155.95,1156.38,370.5141
1656040500000,1156.38,1158.28,1156.37,1157.55,771.1322
1656040560000,1157.54,1161.0,1157.54,1157.75,2013.9497
1656040620000,1157.75,1158.23,1156.01,1156.02,599.465
1656040680000,1156.02,1156.37,1155.01,1155.06,415.4227
1656040740000,1155.07,1156.09,1155.06,1155.83,210.442
1656040800000,1155.83,1155.84,1154.12,1154.39,415.5739
1656040860000,1154.4,1154.98,1154.34,1154.84,149.5653
1656040920000,1154.83,1154.83,1153.79,1154.02,267.2431
1656040980000,1154.02,1154.13,1152.41,1153.06,869.1853
1656041040000,1153.05,1153.82,1152.6,1153.09,252.6167
1656041100000,1153.09,1155.78,1152.55,1155.26,1798.2149
1656041160000,1155.25,1155.26,1152.84,1153.0,426.4833
1656041220000,1153.0,1153.55,1152.88,1152.91,157.8813
1656041280000,1152.91,1153.61,1152.56,1152.95,396.9744
1656041340000,1152.96,1154.64,1152.62,1153.05,517.0948
1656041400000,1153.05,1153.93,1152.51,1153.64,212.6905
1656041460000,1153.64,1153.67,1151.66,1152.02,624.4536
1656041520000,1152.02,1154.54,1152.02,1152.92,687.924
1656041580000,1152.92,1153.0,1150.45,1150.67,881.0856
1656041640000,1150.67,1150.78,1148.85,1149.75,2282.7687
1656041700000,1149.74,1150.61,1149.62,1150.6,420.5837
1656041760000,1150.61,1150.84,1149.65,1149.91,543.2831
1656041820000,1149.92,1150.02,1148.43,1149.45,666.7806
1656041880000,1149.45,1149.73,1148.66,1149.73,346.3654
1656041940000,1149.73,1149.9,1148.9,1149.52,727.0391
1656042000000,1149.52,1150.79,1149.4,1150.45,454.0391
1656042060000,1150.46,1150.52,1149.26,1150.28,609.2065
1656042120000,1150.28,1150.32,1149.45,1149.56,546.5973
1656042180000,1149.56,1150.1,1149.0,1149.79,162.5138
1656042240000,1149.8,1150.09,1149.05,1149.32,414.3288
1656042300000,1149.31,1150.53,1149.05,1150.15,431.1096
1656042360000,1150.15,1150.9,1149.39,1150.49,287.1149
1656042420000,1150.49,1151.56,1150.25,1150.31,1361.0134
1656042480000,1150.3,1151.01,1150.3,1150.84,550.8575
1656042540000,1150.85,1151.54,1150.31,1150.47,314.7863
1656042600000,1150.47,1152.58,1150.0,1151.12,1773.2999
1656042660000,1151.13,1151.31,1150.0,1150.1,463.4154
1656042720000,1150.11,1150.87,1149.04,1150.29,1477.4034
1656042780000,1150.29,1150.73,1149.74,1149.87,292.6277
1656042840000,1149.87,1150.1,1149.08,1149.08,254.1642
1656042900000,1149.08,1150.79,1148.82,1149.95,502.5496
1656042960000,1149.94,1149.94,1148.91,1149.4,797.4733
1656043020000,1149.39,1150.42,1149.39,1150.42,157.6702
1656043080000,1150.41,1150.42,1149.68,1150.18,214.1195
1656043140000,1150.19,1150.91,1150.06,1150.39,226.8774
1656043200000,1150.39,1150.98,1150.09,1150.13,358.27
1656043260000,1150.13,1151.92,1150.13,1150.99,1527.1209
1656043320000,1150.99,1151.67,1150.74,1150.74,1368.5598
1656043380000,1150.75,1151.79,1150.74,1151.47,311.0392
1656043440000,1151.47,1152.89,1151.36,1152.3,712.6429
1656043500000,1152.3,1157.44,1152.29,1156.3,5946.9448
1656043560000,1156.29,1156.52,1154.52,1155.91,2394.7299
1656043620000,1155.9,1160.03,1154.69,1158.42,2794.0965
1656043680000,1158.42,1160.0,1156.35,1156.85,3165.4345
1656043740000,1156.85,1156.86,1155.67,1155.74,502.4251
1656043800000,1155.74,1155.75,1154.66,1154.77,500.8679
1656043860000,1154.77,1155.66,1154.71,1155.2,363.032
1656043920000,1155.21,1156.76,1155.08,1156.34,363.5496
1656043980000,1156.34,1156.57,1155.79,1155.85,160.8418
1656044040000,1155.84,1156.25,1155.53,1155.86,247.3351
1656044100000,1155.87,1156.36,1155.86,1155.96,247.3417
1656044160000,1155.96,1158.01,1155.89,1157.59,471.8603
1656044220000,1157.59,1159.26,1157.59,1159.04,926.7457
1656044280000,1159.04,1159.26,1157.65,1157.65,434.2384
1656044340000,1157.66,1158.7,1157.63,1158.57,367.3733
1656044400000,1158.56,1161.14,1158.46,1160.52,2116.5159
1656044460000,1160.52,1160.84,1158.68,1158.77,446.5465
1656044520000,1158.76,1158.77,1157.06,1157.64,487.6231
1656044580000,1157.63,1159.0,1157.1,1158.83,627.4484
1656044640000,1158.83,1160.0,1157.64,1157.65,709.751
1656044700000,1157.64,1157.65,1154.91,1155.88,1212.4599
1656044760000,1155.88,1155.89,1153.21,1154.38,1125.7972
1656044820000,1154.39,1155.12,1154.38,1155.02,329.7456
1656044880000,1155.03,1155.41,1154.74,1154.94,362.0531
1656044940000,1154.94,1155.0,1153.57,1153.57,1307.4422
1656045000000,1153.57,1153.88,1151.86,1152.06,531.2397
1656045060000,1152.06,1152.11,1150.0,1150.47,2384.4578
1656045120000,1150.5,1151.66,1149.8,1149.8,1464.076
1656045180000,1149.81,1150.87,1149.51,1150.01,729.1575
1656045240000,1150.0,1150.17,1146.46,1148.25,2301.5071
1656045300000,1148.25,1149.74,1146.82,1147.6,588.1629
1656045360000,1147.61,1147.84,1146.23,1146.94,1506.3859
1656045420000,1146.95,1148.14,1146.94,1147.6,536.8622
1656045480000,1147.61,1148.12,1145.84,1146.85,872.833
1656045540000,1146.85,1147.33,1146.1,1146.11,779.4239
1656045600000,1146.11,1147.82,1146.1,1147.78,329.5823
1656045660000,1147.79,1147.88,1146.41,1147.08,393.5471
1656045720000,1147.09,1147.4,1146.59,1146.9,210.3508
1656045780000,1146.85,1147.35,1146.12,1146.56,431.1464
1656045840000,1146.55,1146.92,1146.11,1146.12,188.5639
1656045900000,1146.11,1146.81,1145.9,1146.47,313.2926
1656045960000,1146.47,1147.66,1146.46,1146.66,301.5881
1656046020000,1146.66,1148.0,1146.66,1147.5,337.0221
1656046080000,1147.51,1147.52,1146.67,1147.01,278.8415
1656046140000,1147.01,1147.46,1146.52,1146.53,903.3475
1656046200000,1146.53,1146.99,1146.45,1146.87,171.1789
1656046260000,1146.87,1147.98,1146.87,1147.7,386.6114
1656046320000,1147.71,1150.68,1147.7,1148.88,1017.7928
1656046380000,1148.88,1148.88,1148.49,1148.59,176.8058
1656046440000,1148.59,1149.3,1148.21,1148.87,319.0789
1656046500000,1148.86,1149.5,1148.7,1149.43,152.7467
1656046560000,1149.43,1149.74,1149.07,1149.23,178.7209
1656046620000,1149.23,1149.78,1149.12,1149.13,308.4698
1656046680000,1149.12,1149.52,1148.35,1148.47,264.9579
1656046740000,1148.47,1149.47,1148.37,1148.46,243.1769
1656046800000,1148.46,1148.99,1148.4,1148.81,188.7672
1656046860000,1148.81,1149.0,1147.28,1147.29,338.0392
1656046920000,1147.28,1148.05,1146.99,1147.27,326.6346
1656046980000,1147.26,1148.0,1147.26,1147.89,258.3701
1656047040000,1147.89,1148.05,1147.29,1147.69,217.08
1656047100000,1147.68,1147.89,1147.27,1147.88,173.0548
1656047160000,1147.89,1149.87,1147.88,1149.53,268.0617
1656047220000,1149.54,1149.64,1148.4,1148.66,208.7994
1656047280000,1148.66,1148.67,1146.89,1148.11,233.6943
1656047340000,1148.11,1150.45,1148.1,1148.37,491.5227
1656047400000,1148.38,1148.94,1147.32,1147.33,264.2294
1656047460000,1147.33,1148.25,1147.32,1147.51,321.7095
1656047520000,1147.51,1148.54,1147.44,1147.7,209.5047
1656047580000,1147.69,1148.19,1147.69,1147.7,126.2395
1656047640000,1147.7,1148.03,1146.84,1146.85,247.6882
1656047700000,1146.85,1148.25,1146.49,1147.98,266.3313
1656047760000,1147.99,1148.89,1147.72,1148.87,203.8382
1656047820000,1148.87,1150.33,1148.87,1149.16,324.0579
1656047880000,1149.17,1150.29,1149.02,1149.76,347.7073
1656047940000,1149.76,1150.07,1149.3,1149.82,176.6104
1656048000000,1149.81,1150.0,1148.66,1148.98,404.3039
1656048060000,1148.99,1149.65,1148.56,1149.16,215.1777
1656048120000,1149.17,1149.69,1149.0,1149.68,156.338
1656048180000,1149.69,1150.0,1148.8,1148.81,287.6907
1656048240000,1148.8,1148.81,1148.24,1148.24,189.7804
1656048300000,1148.24,1149.3,1145.76,1145.76,1071.8416
1656048360000,1145.76,1150.17,1144.49,1149.05,1275.2992
1656048420000,1149.05,1154.17,1149.04,1149.79,2105.6614
1656048480000,1149.79,1151.13,1149.05,1150.57,810.1979
1656048540000,1150.58,1152.07,1150.57,1151.69,393.996
1656048600000,1151.69,1153.58,1151.26,1153.33,431.919
1656048660000,1153.33,1154.46,1152.76,1153.08,1655.2789
1656048720000,1153.08,1153.17,1151.89,1152.66,273.3988
1656048780000,1152.65,1154.43,1152.65,1153.44,601.7395
1656048840000,1153.44,1154.08,1152.87,1152.87,261.9716
1656048900000,1152.87,1153.19,1152.18,1152.36,243.869
1656048960000,1152.37,1153.3,1152.0,1152.49,490.6198
1656049020000,1152.49,1153.21,1152.48,1152.89,228.9124
1656049080000,1152.88,1153.81,1152.82,1153.66,238.9659
1656049140000,1153.65,1153.89,1153.0,1153.88,357.7715
1656049200000,1153.88,1153.89,1153.0,1153.63,198.5702
1656049260000,1153.62,1156.18,1153.62,1155.22,1177.2249
1656049320000,1155.22,1155.86,1154.44,1155.29,420.9538
1656049380000,1155.29,1156.06,1154.61,1154.91,345.75
1656049440000,1154.92,1155.03,1154.37,1154.37,146.7909
1656049500000,1154.38,1154.91,1153.17,1153.28,444.3325
1656049560000,1153.28,1153.69,1153.0,1153.27,238.0073
1656049620000,1153.28,1154.7,1152.68,1154.13,304.8341
1656049680000,1154.13,1154.61,1153.24,1153.25,258.3713
1656049740000,1153.25,1153.32,1153.0,1153.0,110.2845
1656049800000,1153.01,1154.73,1152.9,1154.63,247.945
1656049860000,1154.63,1154.63,1153.59,1153.6,160.715
1656049920000,1153.6,1153.65,1152.3,1152.65,215.6366
1656049980000,1152.65,1153.59,1152.18,1152.67,354.7206
1656050040000,1152.68,1152.68,1152.2,1152.35,226.5653
1656050100000,1152.34,1152.8,1150.96,1151.41,364.638
1656050160000,1151.42,1151.42,1149.57,1149.57,311.1168
1656050220000,1149.58,1149.58,1146.83,1147.07,517.4437
1656050280000,1147.07,1147.07,1137.77,1140.34,4020.061
1656050340000,1140.34,1142.15,1137.15,1141.8,2289.852
1656050400000,1141.79,1142.14,1137.98,1138.2,1537.9307
1656050460000,1138.02,1138.6,1136.19,1137.68,1500.7809
1656050520000,1137.74,1139.51,1136.54,1138.35,1067.0196
1656050580000,1138.36,1140.43,1138.27,1139.23,822.8698
1656050640000,1139.23,1141.0,1139.22,1140.42,923.6166
1656050700000,1140.42,1143.1,1139.3,1142.66,1052.8762
1656050760000,1142.67,1142.96,1141.83,1142.83,605.5732
1656050820000,1142.84,1143.81,1142.01,1142.26,411.7441
1656050880000,1142.26,1142.95,1141.47,1142.4,473.9368
1656050940000,1142.41,1142.8,1141.19,1141.95,500.7819
1656051000000,1141.95,1142.87,1141.81,1142.83,500.359
1656051060000,1142.83,1142.88,1139.07,1139.31,891.3542
1656051120000,1139.31,1140.93,1138.77,1139.59,544.3061
1656051180000,1139.59,1141.41,1139.3,1140.24,1035.3977
1656051240000,1140.23,1140.93,1139.35,1140.16,502.5473
1656051300000,1140.16,1141.66,1139.63,1139.63,482.6686
1656051360000,1139.63,1139.74,1138.01,1138.78,528.1416
1656051420000,1138.78,1139.5,1138.48,1139.5,195.4342
1656051480000,1139.5,1140.32,1139.14,1140.07,320.0881
1656051540000,1140.07,1140.52,1139.67,1140.33,158.8718
1656051600000,1140.33,1140.48,1139.81,1140.29,394.438
1656051660000,1140.28,1141.6,1140.28,1140.87,456.493
1656051720000,1140.88,1142.14,1140.83,1142.13,270.6574
1656051780000,1142.13,1142.72,1141.82,1142.72,253.2358
1656051840000,1142.71,1143.15,1141.94,1142.18,278.1423
1656051900000,1142.18,1142.44,1141.28,1141.77,201.5403
1656051960000,1141.77,1141.86,1140.99,1141.43,204.8691
1656052020000,1141.44,1142.0,1140.97,1141.75,115.6744
1656052080000,1141.75,1141.97,1140.87,1141.97,181.0359
1656052140000,1141.96,1142.42,1141.19,1142.41,343.3124
1656052200000,1142.42,1142.69,1141.47,1141.83,197.3424
1656052260000,1141.82,1142.23,1141.73,1142.22,197.3471
1656052320000,1142.23,1143.92,1142.01,1143.89,327.1005
1656052380000,1143.89,1143.92,1142.72,1142.72,288.366
1656052440000,1142.72,1143.28,1142.49,1142.59,246.3546
1656052500000,1142.59,1143.0,1142.11,1142.11,306.7674
1656052560000,1142.12,1142.48,1141.77,1141.8,272.6636
1656052620000,1141.8,1141.81,1138.71,1139.93,440.0355
1656052680000,1139.93,1140.88,1138.31,1139.13,756.5343
1656052740000,1139.12,1140.1,1137.47,1139.94,621.6103
1656052800000,1139.93,1140.23,1139.3,1139.68,178.3921
1656052860000,1139.69,1139.74,1138.76,1138.76,183.7809
1656052920000,1138.76,1138.95,1138.0,1138.2,249.5379
1656052980000,1138.2,1138.49,1136.69,1136.89,585.7314
1656053040000,1136.9,1137.74,1136.22,1137.22,807.8263
1656053100000,1137.23,1137.79,1135.35,1136.13,1210.6555
1656053160000,1136.12,1136.79,1135.56,1136.0,1599.7644
1656053220000,1135.99,1136.79,1132.0,1132.51,3778.6269
1656053280000,1132.51,1134.04,1132.42,1133.63,1214.632
1656053340000,1133.63,1135.11,1133.11,1133.88,930.4369
1656053400000,1133.89,1134.62,1133.74,1134.33,515.894
1656053460000,1134.33,1135.0,1133.83,1134.25,467.7202
1656053520000,1134.24,1134.39,1133.26,1133.6,572.9934
1656053580000,1133.6,1133.88,1132.77,1133.55,646.6823
1656053640000,1133.55,1134.21,1133.28,1134.08,174.987
1656053700000,1134.09,1135.08,1134.08,1135.04,436.3139
1656053760000,1135.04,1135.5,1134.7,1135.21,852.7165
1656053820000,1135.2,1136.68,1135.2,1136.24,896.4338
1656053880000,1136.24,1136.97,1135.68,1136.16,318.1405
1656053940000,1136.16,1136.91,1136.1,1136.11,200.2968
1656054000000,1136.11,1137.62,1136.11,1137.13,561.0932
1656054060000,1137.13,1137.13,1136.03,1136.36,160.9695
1656054120000,1136.37,1136.99,1135.82,1136.06,210.8716
1656054180000,1136.06,1137.62,1134.55,1135.0,1257.6846
1656054240000,1135.0,1135.56,1134.24,1134.33,343.3548
1656054300000,1134.33,1134.9,1133.92,1134.9,392.3921
1656054360000,1134.9,1136.45,1134.89,1135.73,685.0294
1656054420000,1135.73,1136.46,1135.73,1136.45,199.8467
1656054480000,1136.44,1137.31,1135.88,1136.26,546.3544
1656054540000,1136.25,1136.98,1135.9,1135.98,368.9709
1656054600000,1135.97,1136.68,1135.9,1136.46,246.0946
1656054660000,1136.46,1136.79,1136.16,1136.21,202.1442
1656054720000,1136.2,1136.79,1135.92,1136.21,228.6082
1656054780000,1136.22,1136.22,1135.01,1135.73,334.8171
1656054840000,1135.73,1135.74,1132.02,1132.24,1048.9687
1656054900000,1132.24,1134.93,1132.19,1134.45,537.1491
1656054960000,1134.45,1135.0,1134.45,1134.79,163.6519
1656055020000,1134.79,1136.08,1134.56,1134.89,284.9533
1656055080000,1134.89,1135.09,1132.08,1133.45,491.207
1656055140000,1133.45,1139.89,1132.81,1138.1,1996.0644
1656055200000,1138.1,1141.44,1137.41,1137.45,1301.824
1656055260000,1137.45,1137.56,1134.43,1136.66,1078.611
1656055320000,1136.66,1138.46,1136.52,1137.63,398.9633
1656055380000,1137.62,1138.53,1137.16,1138.15,432.867
1656055440000,1138.16,1141.84,1138.15,1139.92,1147.6599
1656055500000,1139.92,1140.37,1139.2,1139.73,261.0731
1656055560000,1139.73,1141.13,1139.72,1141.04,501.7329
1656055620000,1141.04,1143.42,1140.14,1140.74,1162.9717
1656055680000,1140.74,1148.0,1140.49,1145.66,6331.6789
1656055740000,1145.65,1147.44,1143.46,1144.37,2140.0362
1656055800000,1144.38,1151.03,1144.07,1148.19,8221.9884
1656055860000,1148.19,1153.63,1148.06,1149.45,6188.9815
1656055920000,1149.46,1150.55,1148.0,1150.15,656.8787
1656055980000,1150.16,1150.91,1148.91,1150.87,3636.9829
1656056040000,1150.9,1157.03,1150.79,1154.75,4620.1833
1656056100000,1154.76,1155.43,1152.95,1153.29,962.6346
1656056160000,1153.29,1153.48,1151.57,1152.49,716.0418
1656056220000,1152.48,1154.08,1151.93,1154.08,554.8887
1656056280000,1154.07,1154.08,1151.93,1152.29,738.2613
1656056340000,1152.29,1153.2,1151.73,1152.27,669.1649
1656056400000,1152.27,1154.32,1151.75,1154.1,1226.851
1656056460000,1154.09,1155.91,1153.6,1155.59,1141.9705
1656056520000,1155.59,1157.46,1154.3,1154.37,1358.6331
1656056580000,1154.38,1154.91,1153.32,1154.0,612.5529
1656056640000,1154.0,1154.01,1153.09,1153.64,594.5002
1656056700000,1153.64,1154.62,1152.89,1153.2,1029.7029
1656056760000,1153.21,1153.85,1152.67,1152.87,333.1526
1656056820000,1152.86,1153.92,1152.74,1153.79,332.4678
1656056880000,1153.78,1153.91,1151.81,1151.95,387.5507
1656056940000,1151.95,1152.84,1151.67,1151.9,356.1706
1656057000000,1151.9,1152.45,1151.31,1151.92,302.8803
1656057060000,1151.91,1151.92,1150.37,1150.46,374.4878
1656057120000,1150.46,1150.5,1149.17,1149.68,359.7861
1656057180000,1149.67,1150.16,1147.78,1149.4,552.5389
1656057240000,1149.41,1150.13,1147.87,1148.47,430.754
1656057300000,1148.48,1149.19,1147.52,1148.88,355.8333
1656057360000,1148.88,1150.64,1147.92,1150.09,349.174
1656057420000,1150.09,1151.91,1149.0,1151.71,849.2593
1656057480000,1151.72,1152.0,1150.4,1151.28,995.8708
1656057540000,1151.29,1151.29,1148.7,1148.7,448.1849
1656057600000,1148.71,1149.18,1148.25,1149.18,538.9557
1656057660000,1149.17,1151.0,1149.17,1150.86,412.5293
1656057720000,1150.86,1156.09,1150.53,1153.81,875.1547
1656057780000,1153.8,1156.6,1153.36,1155.13,1934.381
1656057840000,1155.13,1156.0,1153.09,1153.09,943.1913
1656057900000,1153.09,1153.48,1151.94,1151.95,299.8026
1656057960000,1151.95,1153.06,1151.64,1151.64,248.7114
1656058020000,1151.65,1152.82,1151.48,1152.57,231.757
1656058080000,1152.56,1154.41,1152.1,1152.53,368.3835
1656058140000,1152.53,1153.96,1152.11,1152.82,384.0577
1656058200000,1152.82,1153.52,1152.22,1152.26,281.3928
1656058260000,1152.26,1152.92,1152.0,1152.28,227.6186
1656058320000,1152.27,1153.78,1151.96,1152.25,449.2673
1656058380000,1152.25,1152.58,1151.79,1152.47,177.5476
1656058440000,1152.48,1152.48,1151.42,1152.09,230.1997
1656058500000,1152.09,1154.56,1151.72,1153.0,624.9848
1656058560000,1153.01,1153.27,1152.71,1152.83,151.9239
1656058620000,1152.83,1155.5,1152.82,1155.05,369.3185
1656058680000,1155.04,1155.55,1153.75,1154.01,382.3848
1656058740000,1154.01,1155.08,1153.71,1154.09,385.223
1656058800000,1154.08,1154.71,1153.75,1154.31,429.5217
1656058860000,1154.31,1154.32,1153.09,1153.79,385.4699
1656058920000,1153.8,1155.0,1151.37,1151.38,498.4725
1656058980000,1151.38,1151.56,1149.53,1149.78,640.237
1656059040000,1149.78,1149.98,1148.42,1149.45,648.8621
1656059100000,1149.45,1149.46,1148.69,1148.82,142.1389
1656059160000,1148.83,1149.45,1148.23,1148.48,380.4411
1656059220000,1148.49,1150.0,1148.18,1149.47,310.7596
1656059280000,1149.46,1152.05,1149.46,1150.62,460.2104
1656059340000,1150.62,1151.08,1149.82,1150.57,395.7423
1656059400000,1150.56,1150.97,1149.04,1149.71,320.7999
1656059460000,1149.7,1150.42,1149.12,1150.41,271.2052
1656059520000,1150.42,1151.08,1149.99,1150.76,283.6272
1656059580000,1150.76,1152.51,1150.71,1151.93,237.0578
1656059640000,1151.92,1154.73,1151.26,1154.68,814.5942
1656059700000,1154.68,1156.97,1153.87,1153.87,1735.5526
1656059760000,1153.87,1156.0,1153.47,1155.6,646.2632
1656059820000,1155.61,1155.85,1154.55,1154.56,606.483
1656059880000,1154.55,1156.66,1154.48,1154.88,1069.7868
1656059940000,1154.88,1160.0,1154.64,1157.98,4430.8148
1656060000000,1157.98,1159.99,1157.53,1157.53,839.2824
1656060060000,1157.53,1158.21,1156.69,1156.69,368.9544
1656060120000,1156.7,1158.23,1156.34,1157.86,363.1743
1656060180000,1157.86,1158.49,1156.92,1157.61,1433.4402
1656060240000,1157.62,1158.24,1156.05,1157.15,1218.77
1656060300000,1157.14,1157.49,1156.26,1156.76,300.8253
1656060360000,1156.76,1158.5,1155.99,1158.08,398.07
1656060420000,1158.09,1162.45,1158.08,1160.63,1993.0132
1656060480000,1160.48,1160.92,1158.62,1158.62,611.7228
1656060540000,1158.63,1159.0,1157.44,1157.59,468.6362
1656060600000,1157.59,1158.47,1157.32,1157.47,398.9431
1656060660000,1157.46,1157.6,1156.03,1156.45,480.1004
1656060720000,1156.45,1157.7,1156.1,1157.69,324.043
1656060780000,1157.69,1159.47,1157.56,1158.84,479.0043
1656060840000,1158.84,1159.54,1158.35,1158.35,419.1168
1656060900000,1158.36,1159.99,1158.3,1159.87,598.8267
1656060960000,1159.87,1160.62,1159.21,1160.3,829.8895
1656061020000,1160.31,1162.76,1159.5,1160.92,891.8643
1656061080000,1160.91,1160.95,1158.91,1159.2,532.7893
1656061140000,1159.19,1159.66,1158.69,1159.37,313.4105
1656061200000,1159.37,1162.0,1159.0,1159.98,1808.6043
1656061260000,1159.98,1160.9,1159.71,1160.76,464.2522
1656061320000,1160.75,1161.15,1160.07,1160.26,462.2762
1656061380000,1160.26,1160.26,1159.06,1159.26,459.1676
1656061440000,1159.26,1159.27,1158.18,1158.28,451.4532
1656061500000,1158.28,1158.29,1157.02,1157.62,494.0317
1656061560000,1157.61,1158.0,1156.94,1157.49,739.8661
1656061620000,1157.5,1158.51,1157.49,1158.31,371.6946
1656061680000,1158.31,1158.31,1157.04,1157.63,220.5304
1656061740000,1157.63,1158.33,1157.51,1158.23,268.7288
1656061800000,1158.22,1159.54,1158.11,1158.32,631.0609
1656061860000,1158.45,1158.45,1156.71,1156.72,502.3884
1656061920000,1156.71,1157.04,1156.04,1157.03,566.1487
1656061980000,1157.03,1159.05,1156.7,1158.11,845.0142
1656062040000,1158.11,1158.35,1156.94,1157.27,355.1364
1656062100000,1157.26,1157.7,1154.53,1155.29,514.5727
1656062160000,1155.29,1155.75,1154.64,1155.24,375.394
1656062220000,1155.25,1156.27,1155.02,1155.47,403.3743
1656062280000,1155.47,1155.92,1154.0,1154.47,1280.9324
1656062340000,1154.47,1155.8,1154.47,1155.13,495.6746
1656062400000,1155.13,1155.67,1154.93,1155.06,714.4768
1656062460000,1155.06,1155.24,1154.3,1154.61,649.6815
1656062520000,1154.61,1155.53,1154.61,1155.42,380.4948
1656062580000,1155.43,1155.94,1154.87,1155.58,351.5498
1656062640000,1155.57,1156.18,1155.2,1155.43,566.8783
1656062700000,1155.44,1155.8,1153.0,1153.61,1109.9102
1656062760000,1153.61,1154.76,1153.34,1154.21,643.7566
1656062820000,1154.21,1154.89,1153.61,1153.61,458.9661
1656062880000,1153.68,1154.17,1153.5,1153.5,408.5919
1656062940000,1153.5,1154.06,1153.5,1153.92,299.8849
1656063000000,1153.92,1154.08,1152.5,1153.04,1955.5006
1656063060000,1153.04,1154.0,1152.76,1153.74,950.9861
1656063120000,1153.74,1155.0,1153.74,1154.39,403.985
1656063180000,1154.39,1155.45,1153.72,1153.73,403.3266
1656063240000,1153.73,1154.12,1152.7,1153.59,497.5945
1656063300000,1153.58,1153.6,1152.7,1153.0,529.2586
1656063360000,1153.0,1154.46,1152.7,1152.71,364.8295
1656063420000,1152.7,1152.97,1151.61,1152.31,1703.7522
1656063480000,1152.31,1152.78,1152.07,1152.55,648.4037
1656063540000,1152.55,1153.38,1150.88,1151.14,1704.1435
1656063600000,1151.13,1153.23,1150.94,1152.67,678.1216
1656063660000,1152.66,1153.82,1152.66,1152.83,335.8133
1656063720000,1152.83,1154.1,1152.13,1152.34,489.2918
1656063780000,1152.33,1152.74,1151.73,1152.0,485.7215
1656063840000,1152.0,1152.7,1151.98,1152.67,309.9862
1656063900000,1152.67,1153.66,1151.83,1151.84,392.2054
1656063960000,1151.84,1152.99,1151.83,1152.03,439.8885
1656064020000,1152.03,1152.71,1152.02,1152.25,411.8902
1656064080000,1152.25,1152.25,1149.28,1149.59,1467.1024
1656064140000,1149.59,1150.38,1148.85,1148.98,1266.9843
1656064200000,1148.98,1150.46,1148.97,1149.51,1324.5153
1656064260000,1149.5,1149.51,1146.6,1147.44,1792.1716
1656064320000,1147.44,1148.96,1147.27,1147.79,743.2285
1656064380000,1147.78,1148.09,1146.47,1146.67,460.4741
1656064440000,1146.68,1147.32,1143.26,1144.22,1157.2805
1656064500000,1144.21,1146.06,1142.97,1144.79,1280.5864
1656064560000,1144.79,1146.36,1144.39,1146.14,746.8262
1656064620000,1146.15,1146.99,1145.85,1146.44,481.5166
1656064680000,1146.43,1147.49,1146.15,1147.47,947.603
1656064740000,1147.47,1148.49,1147.0,1147.47,508.1333
1656064800000,1147.46,1148.16,1147.0,1147.43,423.6472
1656064860000,1147.42,1148.16,1146.67,1147.52,427.2486
1656064920000,1147.51,1147.53,1146.79,1147.04,265.6313
1656064980000,1147.04,1147.35,1146.0,1146.3,913.3174
1656065040000,1146.3,1149.81,1146.3,1149.35,1714.6618
1656065100000,1149.34,1152.85,1149.34,1151.5,1039.564
1656065160000,1151.51,1151.51,1149.64,1150.31,598.5733
1656065220000,1150.31,1151.06,1150.24,1150.6,296.8459
1656065280000,1150.61,1150.9,1149.75,1150.48,542.8778
1656065340000,1150.48,1150.73,1150.0,1150.06,325.3235
1656065400000,1150.06,1150.5,1149.15,1149.15,402.66
1656065460000,1149.15,1150.5,1148.96,1150.19,466.3969
1656065520000,1150.18,1150.48,1149.38,1149.77,397.267
1656065580000,1149.78,1150.41,1149.53,1149.79,347.2051
1656065640000,1149.79,1150.14,1149.57,1149.66,182.4024
1656065700000,1149.67,1150.48,1149.47,1150.35,264.9405
1656065760000,1150.35,1154.0,1150.15,1152.38,792.4154
1656065820000,1152.38,1153.33,1152.07,1152.73,524.8385
1656065880000,1152.73,1154.23,1152.73,1153.29,567.2723
1656065940000,1153.28,1153.85,1153.14,1153.61,267.2401
1656066000000,1153.6,1155.77,1153.48,1155.13,471.2807
1656066060000,1155.14,1155.57,1154.13,1154.7,497.345
1656066120000,1154.69,1155.0,1154.02,1154.03,602.5918
1656066180000,1154.03,1154.08,1153.72,1153.92,205.39
1656066240000,1153.92,1153.96,1152.7,1152.89,441.5932
1656066300000,1152.89,1156.44,1152.88,1155.61,631.508
1656066360000,1155.61,1155.67,1154.5,1154.51,302.6856
1656066420000,1154.51,1154.72,1153.9,1154.49,212.0613
1656066480000,1154.5,1154.69,1154.21,1154.21,65.1235
1656066540000,1154.22,1157.24,1153.59,1155.69,1066.1289
1656066600000,1155.7,1157.14,1155.03,1157.13,347.9489
1656066660000,1157.14,1157.63,1155.46,1155.53,551.1782
1656066720000,1155.53,1155.84,1154.41,1154.71,310.7169
1656066780000,1154.7,1154.97,1154.32,1154.49,165.0561
1656066840000,1154.48,1155.79,1154.4,1155.78,313.013
1656066900000,1155.78,1155.79,1153.15,1153.16,158.6257
1656066960000,1153.15,1153.34,1152.72,1153.33,213.5851
1656067020000,1153.34,1153.5,1152.79,1153.21,154.7235
1656067080000,1153.22,1155.2,1153.21,1154.5,230.0088
1656067140000,1154.49,1155.55,1153.09,1155.55,465.045
1656067200000,1155.54,1155.78,1154.57,1154.79,529.0021
1656067260000,1154.79,1155.62,1153.01,1154.72,2671.1666
1656067320000,1154.73,1155.18,1154.18,1154.64,214.3712
1656067380000,1154.64,1156.57,1154.63,1156.37,569.211
1656067440000,1156.36,1157.0,1154.0,1154.0,776.8647
1656067500000,1154.01,1155.23,1154.0,1154.22,494.523
1656067560000,1154.22,1155.26,1154.11,1154.39,291.8433
1656067620000,1154.39,1154.92,1153.61,1154.92,365.1811
1656067680000,1154.92,1155.23,1154.29,1154.49,155.7107
1656067740000,1154.49,1155.92,1154.48,1155.92,330.5517
1656067800000,1155.91,1159.63,1155.71,1159.48,1127.0578
1656067860000,1159.49,1159.57,1158.34,1159.12,736.8919
1656067920000,1159.13,1161.0,1158.57,1159.75,3759.3901
1656067980000,1159.75,1159.76,1158.18,1158.54,378.3463
1656068040000,1158.53,1160.75,1158.53,1160.5,321.0639
1656068100000,1160.5,1160.85,1158.29,1159.02,352.0364
1656068160000,1159.03,1160.28,1159.02,1159.55,433.4381
1656068220000,1159.54,1162.5,1158.98,1161.41,1972.3256
1656068280000,1161.41,1164.8,1161.41,1163.18,1356.3817
1656068340000,1163.18,1163.72,1162.1,1163.1,437.254
1656068400000,1163.1,1163.41,1162.11,1162.42,408.4428
1656068460000,1162.41,1162.71,1161.67,1162.38,417.1936
1656068520000,1162.38,1164.55,1162.03,1164.34,1246.4518
1656068580000,1164.35,1164.35,1162.2,1162.67,634.1161
1656068640000,1162.67,1162.93,1162.0,1162.77,427.2502
1656068700000,1162.77,1163.01,1161.4,1161.8,488.2913
1656068760000,1161.8,1163.88,1161.79,1163.78,413.3996
1656068820000,1163.78,1163.78,1162.59,1162.82,699.1522
1656068880000,1162.82,1165.77,1162.77,1165.21,858.3362
1656068940000,1165.21,1174.6,1165.0,1171.61,14107.3555
1656069000000,1171.61,1172.7,1169.82,1170.1,2679.1509
1656069060000,1170.09,1170.45,1169.11,1169.38,914.2794
1656069120000,1169.39,1169.63,1167.75,1168.56,651.6617
1656069180000,1168.56,1170.0,1166.91,1167.97,1395.6451
1656069240000,1167.97,1170.68,1167.31,1170.32,1645.1901
1656069300000,1170.33,1170.94,1168.25,1170.35,1054.7142
1656069360000,1170.34,1172.0,1170.34,1171.79,2549.7488
1656069420000,1171.8,1174.38,1171.79,1172.19,3480.2959
1656069480000,1172.19,1177.76,1172.0,1176.41,3377.0589
1656069540000,1176.41,1176.85,1174.57,1176.37,1735.839
1656069600000,1176.37,1177.0,1174.73,1176.17,3766.2902
1656069660000,1176.17,1176.49,1174.11,1174.69,2388.2448
1656069720000,1174.69,1175.5,1174.1,1174.44,532.7784
1656069780000,1174.47,1175.64,1173.59,1173.59,705.541
1656069840000,1173.59,1174.52,1172.82,1172.83,1356.8064
1656069900000,1172.82,1173.38,1171.58,1172.28,902.6066
1656069960000,1172.28,1174.74,1172.07,1173.56,791.5786
1656070020000,1173.56,1174.0,1173.13,1173.34,553.1445
1656070080000,1173.34,1173.6,1172.21,1173.04,576.5573
1656070140000,1173.04,1174.42,1172.71,1174.32,472.6364
1656070200000,1174.33,1176.86,1174.11,1176.75,1013.271
1656070260000,1176.75,1200.8,1176.23,1182.46,28417.4485
1656070320000,1182.45,1196.0,1181.99,1184.23,23340.6439
1656070380000,1184.22,1201.58,1183.7,1196.42,13025.5891
1656070440000,1196.43,1200.49,1192.71,1193.2,7767.7439
1656070500000,1193.15,1196.0,1191.94,1191.95,3241.4612
1656070560000,1191.94,1200.0,1191.54,1193.91,3575.8816
1656070620000,1193.91,1194.4,1192.02,1192.78,1257.1887
1656070680000,1192.77,1195.79,1190.27,1194.36,4468.5476
1656070740000,1194.37,1195.99,1193.27,1193.79,2492.2534
1656070800000,1193.79,1196.08,1191.98,1195.75,3440.4038
1656070860000,1195.74,1197.25,1194.96,1197.25,1561.0051
1656070920000,1197.25,1205.52,1196.45,1202.64,8369.9217
1656070980000,1202.65,1203.13,1198.17,1198.58,1555.694
1656071040000,1198.57,1198.58,1194.74,1197.31,1942.2996
1656071100000,1197.3,1198.4,1195.23,1195.3,1277.594
1656071160000,1195.29,1196.39,1193.56,1196.0,1259.0895
1656071220000,1196.0,1196.0,1193.23,1193.48,1291.2069
1656071280000,1193.47,1194.69,1193.22,1193.55,1776.9439
1656071340000,1193.54,1196.27,1192.88,1195.54,1104.8979
1656071400000,1195.54,1196.11,1193.72,1193.8,676.6687
1656071460000,1193.79,1193.87,1191.4,1192.58,1584.5408
1656071520000,1192.57,1193.78,1191.76,1192.97,1341.2435
1656071580000,1192.98,1194.84,1192.82,1193.87,788.4654
1656071640000,1193.86,1197.7,1192.99,1196.89,2560.7005
1656071700000,1196.88,1197.59,1194.59,1195.92,1874.0681
1656071760000,1195.68,1195.85,1194.71,1195.42,679.626
1656071820000,1195.42,1195.8,1194.45,1195.15,595.093
1656071880000,1195.16,1199.42,1194.78,1198.17,1361.1614
1656071940000,1198.17,1198.88,1195.15,1195.91,989.643
1656072000000,1195.9,1196.31,1194.43,1195.77,1247.6094
1656072060000,1195.76,1196.49,1194.99,1195.64,941.8318
1656072120000,1195.64,1197.45,1195.58,1197.03,1133.3902
1656072180000,1197.02,1197.92,1196.45,1197.74,530.4373
1656072240000,1197.73,1197.73,1194.35,1194.61,772.2044
1656072300000,1194.61,1195.47,1192.63,1192.88,1524.8786
1656072360000,1192.88,1193.24,1192.18,1192.99,1044.9964
1656072420000,1192.98,1194.06,1192.55,1193.45,540.5364
1656072480000,1193.44,1196.5,1193.44,1196.12,1032.8463
1656072540000,1196.13,1198.1,1196.12,1197.67,1119.6592
1656072600000,1197.67,1222.05,1197.2,1211.29,13629.7287
1656072660000,1211.29,1219.95,1208.51,1212.54,10100.0351
1656072720000,1212.53,1213.51,1209.0,1211.24,3940.843
1656072780000,1211.25,1215.44,1210.0,1214.69,2403.1139
1656072840000,1214.69,1219.38,1212.01,1212.4,2742.9029
1656072900000,1212.4,1213.83,1207.11,1210.43,2440.3809
1656072960000,1210.44,1214.53,1210.2,1213.77,1048.4807
1656073020000,1213.77,1218.5,1213.77,1214.81,2603.0247
1656073080000,1214.8,1215.32,1211.66,1212.57,2154.5272
1656073140000,1212.57,1214.51,1209.7,1211.56,2060.777
1656073200000,1211.55,1214.24,1211.34,1212.83,1180.8048
1656073260000,1212.84,1215.0,1212.54,1214.99,804.5655
1656073320000,1214.99,1217.77,1214.0,1217.28,1414.1871
1656073380000,1217.25,1218.0,1212.0,1212.72,3534.4444
1656073440000,1212.72,1216.59,1212.57,1215.98,1818.3898
1656073500000,1215.99,1217.36,1214.98,1215.17,1411.6523
1656073560000,1215.17,1215.96,1214.11,1215.48,980.9552
1656073620000,1215.45,1226.45,1214.81,1218.47,6571.7758
1656073680000,1218.56,1220.98,1215.2,1219.42,3645.7888
1656073740000,1219.43,1222.92,1218.89,1222.5,2094.748
1656073800000,1222.49,1224.19,1219.0,1220.08,1976.0619
1656073860000,1220.08,1220.33,1217.32,1217.32,1250.7687
1656073920000,1217.33,1218.95,1216.43,1217.54,1114.2171
1656073980000,1217.55,1218.4,1217.0,1217.11,616.9039
1656074040000,1217.1,1217.73,1213.75,1215.45,2408.6837
1656074100000,1215.44,1215.5,1213.86,1215.35,1196.3703
1656074160000,1215.36,1215.51,1214.2,1214.79,768.0029
1656074220000,1214.8,1215.8,1214.3,1214.41,771.5674
1656074280000,1214.41,1215.76,1214.0,1214.87,558.6267
1656074340000,1214.86,1216.17,1214.11,1215.39,718.9987
1656074400000,1215.39,1216.6,1214.87,1216.4,1252.6665
1656074460000,1216.41,1217.72,1214.55,1215.01,1500.7048
1656074520000,1215.02,1216.81,1214.54,1215.84,1128.2307
1656074580000,1215.84,1216.5,1215.0,1215.11,1003.541
1656074640000,1215.1,1215.79,1215.0,1215.16,1671.5531
1656074700000,1215.16,1215.39,1210.14,1212.67,6106.8918
1656074760000,1212.67,1216.12,1212.38,1215.61,1074.9558
1656074820000,1215.61,1217.96,1215.29,1216.79,1111.1839
1656074880000,1216.79,1216.79,1215.49,1216.38,516.5815
1656074940000,1216.39,1217.0,1215.05,1215.05,665.5437
1656075000000,1215.05,1215.48,1214.12,1214.96,620.5631
1656075060000,1214.95,1215.19,1213.51,1213.75,482.6658
1656075120000,1213.75,1215.0,1213.58,1213.62,506.5321
1656075180000,1213.63,1213.99,1211.38,1211.47,3551.1194
1656075240000,1211.46,1211.77,1203.78,1207.48,5863.9903
1656075300000,1207.48,1208.82,1206.67,1207.15,813.8037
1656075360000,1207.16,1210.0,1206.84,1209.74,1300.247
1656075420000,1209.74,1209.99,1207.98,1209.46,1040.9475
1656075480000,1209.46,1211.46,1209.45,1210.95,958.6401
1656075540000,1210.96,1212.11,1209.69,1210.78,1954.9318
1656075600000,1210.78,1211.18,1209.26,1210.12,1630.8541
1656075660000,1210.13,1210.56,1209.33,1209.86,669.3976
1656075720000,1209.87,1210.97,1209.4,1210.87,894.5936
1656075780000,1210.86,1211.28,1209.86,1210.56,537.7781
1656075840000,1210.55,1210.73,1208.71,1209.36,660.4165
1656075900000,1209.36,1209.88,1206.2,1206.39,1294.85
1656075960000,1206.39,1209.17,1206.38,1208.5,1769.6547
1656076020000,1208.5,1217.64,1207.99,1215.66,4481.5313
1656076080000,1215.65,1215.66,1211.79,1213.22,1341.3288
1656076140000,1213.22,1215.0,1212.5,1215.0,764.6069
1656076200000,1214.98,1215.72,1213.84,1215.5,838.0113
1656076260000,1215.5,1216.25,1215.0,1215.58,597.5934
1656076320000,1215.57,1215.99,1213.9,1213.9,686.3998
1656076380000,1213.9,1214.95,1212.32,1213.08,648.7122
1656076440000,1213.08,1213.94,1212.0,1212.21,513.1762
1656076500000,1212.22,1215.09,1212.01,1214.55,541.9115
1656076560000,1214.56,1214.56,1213.08,1213.33,500.5164
1656076620000,1213.33,1213.4,1210.67,1210.67,1533.2244
1656076680000,1210.68,1211.18,1208.33,1209.45,1067.3552
1656076740000,1209.46,1213.64,1208.91,1213.23,924.9902
1656076800000,1213.24,1221.0,1212.45,1217.46,7019.5923
1656076860000,1217.47,1217.64,1215.06,1215.06,418.0046
1656076920000,1215.07,1215.83,1214.84,1215.36,413.1888
1656076980000,1215.36,1216.94,1215.07,1216.84,547.8576
1656077040000,1216.85,1218.6,1216.12,1216.18,742.1746
1656077100000,1216.19,1216.87,1215.98,1215.99,367.4351
1656077160000,1215.98,1216.96,1215.41,1216.95,458.2645
1656077220000,1216.95,1218.52,1216.18,1217.31,710.0582
1656077280000,1217.31,1217.39,1215.57,1216.2,766.9854
1656077340000,1216.19,1217.31,1215.83,1216.82,581.0444
1656077400000,1216.83,1219.0,1213.72,1214.08,1609.7791
1656077460000,1214.08,1217.19,1212.7,1216.68,1015.9192
1656077520000,1216.68,1220.91,1216.14,1220.9,1400.4703
1656077580000,1220.91,1221.59,1218.01,1218.45,1797.2754
1656077640000,1218.45,1218.99,1217.35,1217.93,1479.2212
1656077700000,1217.92,1218.61,1216.47,1217.38,800.4451
1656077760000,1217.37,1217.82,1216.9,1217.81,459.2264
1656077820000,1217.81,1218.5,1216.68,1216.69,835.8488
1656077880000,1216.68,1217.06,1213.94,1215.68,1329.1569
1656077940000,1215.69,1217.99,1214.63,1215.04,1462.0375
1656078000000,1215.05,1215.15,1212.94,1214.62,1066.8309
1656078060000,1214.62,1216.11,1213.73,1215.61,1428.1101
1656078120000,1215.62,1215.62,1213.19,1214.53,1253.804
1656078180000,1214.53,1215.0,1213.47,1213.64,581.346
1656078240000,1213.63,1214.96,1213.22,1213.71,1520.8149
1656078300000,1213.72,1214.17,1212.16,1212.16,4074.0429
1656078360000,1212.16,1213.36,1210.23,1213.35,3224.9444
1656078420000,1213.36,1213.46,1211.06,1211.58,1688.6572
1656078480000,1211.58,1212.57,1211.4,1212.08,1829.297
1656078540000,1212.08,1214.04,1211.79,1212.64,643.5109
1656078600000,1212.63,1213.04,1211.8,1211.8,412.0945
1656078660000,1211.8,1212.9,1211.8,1212.4,752.8153
1656078720000,1212.4,1214.01,1212.4,1213.89,487.3129
1656078780000,1213.88,1215.14,1213.38,1214.14,1497.0584
1656078840000,1214.14,1216.9,1213.7,1215.27,1852.3034
1656078900000,1215.26,1215.72,1213.0,1213.55,804.9935
1656078960000,1213.55,1213.6,1208.0,1208.92,6218.5217
1656079020000,1208.92,1210.41,1208.0,1209.0,1096.0523
1656079080000,1209.01,1210.0,1204.06,1206.21,3832.5347
1656079140000,1206.21,1206.21,1202.03,1202.86,1575.8963
1656079200000,1202.88,1208.05,1202.87,1207.02,2394.1782
1656079260000,1206.92,1208.17,1205.25,1206.06,1584.4345
1656079320000,1206.06,1211.08,1205.81,1211.02,1461.7642
1656079380000,1211.02,1213.85,1210.27,1212.33,1545.405
1656079440000,1212.34,1212.8,1210.0,1211.4,626.4887
1656079500000,1211.4,1212.92,1210.77,1212.59,498.7409
1656079560000,1212.59,1213.5,1211.27,1212.19,648.3846
1656079620000,1212.2,1212.38,1210.1,1210.29,525.482
1656079680000,1210.29,1211.21,1208.45,1211.08,557.7842
1656079740000,1211.08,1212.08,1210.38,1211.72,345.6743
1656079800000,1211.72,1214.84,1211.2,1213.32,1920.4318
1656079860000,1213.33,1213.69,1209.54,1210.02,1415.4556
1656079920000,1210.03,1212.37,1209.66,1212.27,491.527
1656079980000,1212.26,1212.49,1210.38,1210.7,1039.6941
1656080040000,1210.7,1211.41,1210.07,1211.18,449.4538
1656080100000,1211.17,1214.36,1210.74,1213.94,662.2099
1656080160000,1213.93,1213.99,1212.02,1212.02,658.6508
1656080220000,1212.03,1212.79,1211.19,1211.27,393.8948
1656080280000,1211.28,1211.73,1210.82,1211.2,282.7441
1656080340000,1211.2,1211.49,1209.74,1209.75,538.784
1656080400000,1209.75,1210.26,1208.04,1208.66,650.2066
1656080460000,1208.66,1209.66,1208.4,1209.44,415.6726
1656080520000,1209.45,1209.77,1208.72,1208.9,670.6429
1656080580000,1208.91,1211.41,1208.68,1211.41,456.7651
1656080640000,1211.41,1211.79,1209.28,1209.36,327.404
1656080700000,1209.36,1210.0,1209.11,1209.72,372.1109
1656080760000,1209.73,1209.73,1208.0,1208.0,559.2654
1656080820000,1208.01,1208.39,1206.1,1206.69,333.0922
1656080880000,1206.69,1207.93,1206.69,1206.97,466.9101
1656080940000,1206.96,1208.19,1204.27,1204.96,1649.939
1656081000000,1204.95,1206.1,1204.23,1205.01,959.477
1656081060000,1205.0,1205.01,1203.17,1203.42,1427.0314
1656081120000,1203.41,1204.13,1202.26,1203.0,800.0154
1656081180000,1203.0,1204.2,1200.83,1204.06,1618.8728
1656081240000,1204.07,1207.2,1204.06,1206.59,1326.5127
1656081300000,1206.6,1206.65,1205.3,1205.44,417.8801
1656081360000,1205.44,1206.01,1202.33,1202.55,540.6033
1656081420000,1202.55,1204.79,1202.21,1204.01,859.2108
1656081480000,1204.01,1204.01,1202.79,1203.29,785.9156
1656081540000,1203.3,1205.0,1203.26,1204.68,537.3664
1656081600000,1204.69,1205.81,1204.15,1204.5,889.4587
1656081660000,1204.49,1204.54,1200.78,1202.39,2014.2283
1656081720000,1202.39,1202.4,1197.58,1198.85,3225.3829
1656081780000,1198.84,1199.85,1197.15,1198.0,1537.7446
1656081840000,1197.99,1199.07,1196.02,1197.18,1235.556
1656081900000,1197.18,1198.36,1192.42,1197.37,2716.8932
1656081960000,1197.37,1202.51,1195.93,1200.57,1930.8205
1656082020000,1200.56,1202.42,1199.37,1199.45,1248.933
1656082080000,1199.45,1201.27,1199.45,1200.17,652.3046
1656082140000,1200.18,1201.45,1199.21,1199.78,612.6038
1656082200000,1199.78,1200.92,1198.71,1198.71,691.8376
1656082260000,1198.71,1198.97,1196.02,1197.3,1059.066
1656082320000,1197.31,1199.3,1197.22,1198.77,572.0168
1656082380000,1198.78,1202.51,1198.44,1201.58,2363.6059
1656082440000,1201.57,1203.66,1200.24,1201.94,1602.7979
1656082500000,1201.94,1201.94,1199.65,1200.29,526.0423
1656082560000,1200.29,1201.37,1198.98,1201.36,667.6645
1656082620000,1201.37,1202.41,1200.33,1201.82,389.0301
1656082680000,1201.82,1202.17,1200.32,1200.54,631.122
1656082740000,1200.54,1202.63,1200.34,1202.11,604.6178
1656082800000,1202.11,1202.89,1200.77,1201.25,693.1174
1656082860000,1201.14,1201.78,1200.21,1200.38,464.6341
1656082920000,1200.37,1201.91,1199.78,1199.93,772.1132
1656082980000,1199.94,1200.48,1199.09,1199.51,458.7054
1656083040000,1199.5,1199.81,1198.83,1199.8,639.513
1656083100000,1199.81,1199.81,1198.47,1198.48,317.0046
1656083160000,1198.48,1198.88,1197.27,1197.53,437.0145
1656083220000,1197.54,1199.52,1197.09,1199.33,658.7415
1656083280000,1199.32,1199.89,1198.53,1199.05,534.3041
1656083340000,1199.05,1199.31,1197.34,1197.92,472.7065
1656083400000,1197.93,1198.59,1195.66,1195.71,1103.3526
1656083460000,1195.71,1199.22,1194.5,1197.05,1225.7475
1656083520000,1197.04,1198.94,1196.64,1198.85,744.588
1656083580000,1198.86,1199.11,1197.94,1198.85,468.6414
1656083640000,1198.85,1199.95,1197.98,1197.98,620.5955
1656083700000,1197.98,1198.5,1197.47,1197.84,476.6962
1656083760000,1197.84,1197.99,1195.63,1195.93,520.5991
1656083820000,1195.93,1196.46,1194.8,1195.9,1219.6278
1656083880000,1195.9,1196.99,1195.18,1195.82,1148.061
1656083940000,1195.82,1195.9,1189.57,1191.16,2151.71
1656084000000,1190.52,1194.69,1190.52,1192.54,3951.4229
1656084060000,1192.55,1194.51,1191.86,1194.31,2565.6078
1656084120000,1194.3,1194.47,1193.12,1193.77,470.8544
1656084180000,1193.77,1194.0,1191.77,1193.46,1936.0416
1656084240000,1193.46,1194.51,1191.78,1193.77,868.0794
1656084300000,1193.77,1195.7,1193.77,1195.38,713.9547
1656084360000,1195.38,1195.57,1194.58,1194.91,555.9505
1656084420000,1194.91,1195.17,1193.24,1193.89,590.4738
1656084480000,1193.88,1196.0,1193.78,1195.99,320.4916
1656084540000,1195.99,1197.19,1195.74,1196.45,727.2397
1656084600000,1196.44,1198.38,1196.44,1198.34,1068.1625
1656084660000,1198.34,1199.56,1197.66,1199.56,1299.1727
1656084720000,1199.55,1199.56,1197.07,1197.44,1040.3115
1656084780000,1197.43,1197.53,1196.32,1196.66,749.0396
1656084840000,1196.66,1198.7,1196.21,1197.99,891.3231
1656084900000,1197.98,1198.82,1197.0,1197.75,634.3102
1656084960000,1197.76,1197.95,1195.9,1196.59,1127.6948
1656085020000,1196.59,1196.8,1193.89,1194.98,1535.867
1656085080000,1194.98,1195.47,1192.48,1192.86,1365.4114
1656085140000,1192.86,1195.76,1192.71,1195.09,909.7757
1656085200000,1195.08,1196.35,1194.35,1196.34,439.6236
1656085260000,1196.34,1197.32,1195.82,1196.58,1046.1431
1656085320000,1196.58,1196.59,1195.25,1195.84,568.5851
1656085380000,1195.84,1196.05,1195.07,1195.79,357.2173
1656085440000,1195.78,1196.59,1195.11,1195.99,631.2934
1656085500000,1195.99,1196.19,1193.91,1194.97,469.1759
1656085560000,1194.96,1199.0,1194.38,1199.0,847.3592
1656085620000,1198.99,1202.91,1198.0,1198.01,1987.2481
1656085680000,1198.01,1199.82,1197.95,1198.53,597.1118
1656085740000,1198.54,1200.92,1198.01,1198.52,579.0194
1656085800000,1198.51,1198.96,1197.78,1198.19,277.4174
1656085860000,1198.2,1198.62,1197.2,1197.27,347.631
1656085920000,1197.27,1199.85,1196.68,1199.45,991.0706
1656085980000,1199.45,1199.72,1198.63,1199.19,348.9014
1656086040000,1199.2,1199.93,1198.38,1199.29,490.8875
1656086100000,1199.28,1199.72,1197.22,1197.58,290.4714
1656086160000,1197.53,1198.31,1196.71,1197.63,404.645
1656086220000,1197.63,1198.24,1197.21,1197.32,449.2955
1656086280000,1197.31,1199.05,1197.05,1199.04,294.2905
1656086340000,1199.05,1199.21,1197.95,1197.98,221.1223
1656086400000,1197.98,1198.33,1196.59,1197.03,842.3893
1656086460000,1197.03,1198.52,1196.64,1196.64,417.678
1656086520000,1196.65,1199.22,1196.64,1198.43,650.954
1656086580000,1198.43,1201.39,1198.16,1200.8,1193.6166
1656086640000,1200.8,1202.51,1200.5,1201.48,566.0234
1656086700000,1201.48,1201.49,1200.22,1200.3,487.1467
1656086760000,1200.3,1201.46,1200.3,1201.19,516.6891
1656086820000,1201.19,1201.61,1200.31,1200.38,670.0232
1656086880000,1200.38,1200.71,1200.31,1200.36,407.1667
1656086940000,1200.36,1200.62,1198.81,1199.76,1268.4013
1656087000000,1199.77,1200.22,1199.43,1199.88,313.7601
1656087060000,1199.87,1199.96,1199.07,1199.07,316.8514
1656087120000,1199.07,1199.08,1195.36,1196.35,862.3797
1656087180000,1196.35,1196.36,1192.78,1193.83,1573.8339
1656087240000,1193.84,1194.53,1192.85,1193.15,673.7851
1656087300000,1193.15,1195.11,1192.72,1194.44,974.3726
1656087360000,1194.43,1195.0,1193.64,1194.4,512.7055
1656087420000,1194.4,1194.78,1193.49,1194.07,382.9945
1656087480000,1194.07,1194.77,1193.18,1193.33,657.11
1656087540000,1193.33,1195.23,1193.21,1194.7,671.2494
1656087600000,1194.71,1196.31,1194.48,1195.34,618.5248
1656087660000,1195.33,1195.53,1194.67,1194.71,390.5726
1656087720000,1194.71,1195.63,1194.7,1195.63,247.6622
1656087780000,1195.62,1196.97,1195.39,1196.8,354.2558
1656087840000,1196.79,1198.19,1195.87,1198.19,282.6102
1656087900000,1198.19,1198.52,1196.37,1196.47,381.2922
1656087960000,1196.47,1198.27,1196.47,1196.68,388.7308
1656088020000,1196.68,1196.69,1195.46,1195.84,570.634
1656088080000,1195.83,1196.87,1195.38,1195.38,405.1142
1656088140000,1195.39,1196.22,1194.08,1194.32,673.4434
1656088200000,1194.32,1194.96,1193.36,1194.75,650.9125
1656088260000,1194.74,1195.0,1193.71,1194.07,633.0852
1656088320000,1194.13,1194.49,1193.19,1193.73,524.3309
1656088380000,1193.73,1193.73,1190.09,1190.6,1385.1862
1656088440000,1190.59,1192.5,1190.14,1192.17,1143.8788
1656088500000,1192.09,1192.35,1186.48,1186.51,2535.1634
1656088560000,1186.5,1188.62,1184.1,1185.27,1705.5943
1656088620000,1185.26,1187.41,1183.96,1187.16,1654.2662
1656088680000,1187.17,1191.12,1186.3,1189.05,1279.2213
1656088740000,1189.05,1190.11,1189.0,1189.65,491.8987
1656088800000,1189.65,1192.87,1188.46,1192.46,898.6669
1656088860000,1192.45,1193.56,1190.84,1191.31,691.8928
1656088920000,1191.3,1193.35,1191.3,1192.48,561.7953
1656088980000,1192.48,1195.47,1192.38,1194.56,845.8859
1656089040000,1194.56,1196.28,1194.29,1195.0,952.5295
1656089100000,1195.01,1196.28,1194.32,1194.33,697.8133
1656089160000,1194.33,1196.72,1194.12,1196.44,605.6951
1656089220000,1196.43,1196.44,1194.9,1195.29,1117.2337
1656089280000,1195.3,1196.56,1195.01,1196.36,334.973
1656089340000,1196.36,1197.8,1195.63,1197.8,432.3151
1656089400000,1197.79,1202.0,1197.79,1201.9,2956.3394
1656089460000,1201.89,1201.9,1198.18,1198.18,959.1804
1656089520000,1198.19,1199.65,1197.66,1198.88,641.6003
1656089580000,1198.73,1199.46,1198.17,1198.61,393.539
1656089640000,1198.61,1199.47,1196.73,1197.25,534.2963
1656089700000,1197.26,1198.88,1196.99,1198.86,495.6645
1656089760000,1198.86,1199.26,1197.72,1197.99,429.8708
1656089820000,1197.99,1198.82,1197.85,1198.5,293.4356
1656089880000,1198.51,1202.32,1198.04,1202.23,1001.3548
1656089940000,1202.23,1205.53,1201.83,1204.53,2341.588
1656090000000,1204.53,1208.45,1203.43,1207.42,4428.1201
1656090060000,1207.42,1215.77,1206.67,1213.0,10662.7691
1656090120000,1213.0,1214.24,1209.1,1209.72,2792.9213
1656090180000,1209.72,1210.57,1208.26,1208.92,1683.6838
1656090240000,1208.92,1209.13,1207.14,1208.48,898.3904
1656090300000,1208.47,1209.67,1206.22,1206.78,937.1601
1656090360000,1206.79,1212.04,1206.52,1212.0,1553.7987
1656090420000,1211.99,1214.75,1210.16,1213.81,2178.2255
1656090480000,1213.82,1214.6,1211.74,1211.86,1048.5796
1656090540000,1211.86,1215.24,1211.72,1213.06,994.2632
1656090600000,1213.06,1214.41,1212.2,1213.37,1310.2103
1656090660000,1213.38,1213.38,1211.42,1211.42,616.2395
1656090720000,1211.43,1212.05,1208.92,1211.03,1117.3227
1656090780000,1211.04,1212.06,1210.04,1211.45,848.1535
1656090840000,1211.46,1214.17,1211.19,1214.17,339.4122
1656090900000,1214.17,1214.44,1211.27,1212.05,568.6219
1656090960000,1212.05,1212.05,1211.01,1211.65,509.162
1656091020000,1211.65,1211.66,1209.19,1209.53,523.0723
1656091080000,1209.52,1211.41,1209.44,1211.0,327.4537
1656091140000,1210.99,1211.37,1209.79,1210.0,291.7635
1656091200000,1210.01,1210.78,1209.03,1209.13,351.9743
1656091260000,1209.13,1212.0,1209.03,1211.66,486.5183
1656091320000,1211.66,1216.32,1211.48,1214.71,1281.5286
1656091380000,1214.71,1216.97,1212.64,1212.74,1052.9846
1656091440000,1212.75,1214.66,1212.54,1214.66,522.132
1656091500000,1214.66,1215.85,1213.72,1214.15,523.676
1656091560000,1214.16,1214.6,1212.7,1213.42,478.2268
1656091620000,1213.43,1215.32,1213.34,1213.34,629.5752
1656091680000,1213.34,1214.6,1213.31,1214.15,286.3256
1656091740000,1214.16,1214.37,1212.96,1213.77,527.0014
1656091800000,1213.78,1214.99,1213.14,1214.43,387.3935
1656091860000,1214.43,1219.0,1214.14,1216.85,1431.1313
1656091920000,1216.84,1217.86,1215.6,1216.75,1274.5645
1656091980000,1216.74,1217.24,1215.82,1216.51,868.6306
1656092040000,1216.51,1217.78,1215.9,1215.94,361.8469
1656092100000,1215.93,1216.23,1215.0,1215.0,3227.1996
1656092160000,1215.0,1215.13,1209.63,1211.51,2944.265
1656092220000,1211.51,1213.42,1209.44,1211.8,1370.4879
1656092280000,1211.79,1212.4,1210.18,1211.4,791.965
1656092340000,1211.4,1212.46,1210.64,1210.99,543.4229
1656092400000,1210.99,1211.7,1208.13,1209.18,2962.418
1656092460000,1209.18,1210.74,1208.66,1209.43,552.3766
1656092520000,1209.44,1212.12,1209.39,1211.55,665.1601
1656092580000,1211.54,1211.64,1210.55,1210.62,478.0698
1656092640000,1210.61,1211.35,1209.67,1210.47,591.7837
1656092700000,1210.47,1210.47,1209.02,1209.32,493.8162
1656092760000,1209.31,1211.4,1209.24,1210.76,256.3359
1656092820000,1210.75,1210.76,1209.62,1209.84,459.2366
1656092880000,1209.84,1210.62,1209.0,1209.1,334.6924
1656092940000,1209.11,1209.29,1207.74,1208.21,2665.9956
1656093000000,1208.21,1209.24,1207.6,1208.49,635.823
1656093060000,1208.48,1209.45,1208.0,1209.45,1314.4683
1656093120000,1209.44,1209.94,1208.57,1209.11,281.6465
1656093180000,1209.12,1209.45,1202.99,1204.61,4012.0791
1656093240000,1204.61,1206.0,1202.82,1205.51,1488.6421
1656093300000,1205.51,1206.17,1204.49,1205.84,525.1323
1656093360000,1205.84,1207.39,1205.84,1206.66,475.0564
1656093420000,1206.66,1207.27,1206.0,1206.07,184.734
1656093480000,1206.08,1207.09,1205.74,1205.78,263.0286
1656093540000,1205.79,1206.9,1203.41,1204.12,957.2214
1656093600000,1204.12,1205.64,1203.98,1205.19,389.6926
1656093660000,1205.18,1205.92,1203.72,1205.56,491.5944
1656093720000,1205.55,1206.49,1204.99,1205.85,338.3808
1656093780000,1205.84,1206.79,1205.17,1205.48,306.8525
1656093840000,1205.48,1206.16,1205.07,1205.42,363.4303
1656093900000,1205.43,1205.93,1204.41,1205.19,357.0388
1656093960000,1205.18,1205.92,1203.69,1203.7,341.9414
1656094020000,1203.69,1204.13,1201.39,1203.12,770.8366
1656094080000,1203.13,1204.52,1202.74,1203.85,251.4106
1656094140000,1203.84,1205.09,1203.25,1204.31,555.8683
1656094200000,1204.3,1204.91,1203.66,1204.77,479.3747
1656094260000,1204.78,1205.5,1204.06,1205.5,233.4965
1656094320000,1205.5,1208.97,1205.49,1208.48,809.0699
1656094380000,1208.48,1208.66,1206.12,1206.46,380.8858
1656094440000,1206.46,1207.34,1206.33,1206.42,216.1681
1656094500000,1206.43,1208.91,1206.01,1207.17,1589.9028
1656094560000,1207.17,1209.68,1207.17,1209.02,533.945
1656094620000,1209.02,1209.34,1208.23,1208.52,223.3869
1656094680000,1208.52,1209.34,1208.23,1208.53,340.9226
1656094740000,1208.52,1209.0,1208.18,1208.62,162.0368
1656094800000,1208.63,1208.81,1205.48,1205.59,997.6845
1656094860000,1205.59,1206.0,1205.06,1205.12,312.894
1656094920000,1205.12,1207.29,1205.09,1206.5,310.5108
1656094980000,1206.5,1208.43,1206.17,1207.34,274.7382
1656095040000,1207.35,1207.7,1206.91,1207.65,194.1548
1656095100000,1207.65,1208.02,1207.12,1207.34,140.8755
1656095160000,1207.35,1208.33,1205.96,1207.89,659.1867
1656095220000,1207.89,1207.93,1207.18,1207.65,167.6432
1656095280000,1207.66,1209.51,1207.62,1209.27,313.1106
1656095340000,1209.27,1210.05,1207.37,1207.38,405.7533
1656095400000,1207.39,1209.14,1205.61,1208.91,409.8219
1656095460000,1208.92,1210.11,1207.38,1207.61,378.0335
1656095520000,1207.61,1208.94,1206.81,1208.77,291.9314
1656095580000,1208.78,1212.16,1208.43,1210.62,523.1533
1656095640000,1210.62,1214.59,1210.11,1214.42,680.0297
1656095700000,1214.43,1214.49,1211.4,1211.73,729.8539
1656095760000,1211.72,1212.89,1211.34,1212.88,428.122
1656095820000,1212.88,1212.99,1210.64,1210.65,269.4841
1656095880000,1210.65,1212.16,1210.54,1211.03,244.6275
1656095940000,1211.04,1211.04,1209.39,1209.87,269.1608
1656096000000,1209.87,1210.34,1208.98,1210.33,479.0414
1656096060000,1210.33,1210.71,1209.69,1209.99,258.0199
1656096120000,1209.98,1211.35,1209.55,1210.69,301.7368
1656096180000,1210.69,1211.47,1210.21,1211.14,290.2203
1656096240000,1211.13,1216.99,1211.07,1214.92,1909.6089
1656096300000,1214.91,1216.08,1213.42,1216.07,697.606
1656096360000,1216.08,1218.59,1215.51,1217.57,1023.0007
1656096420000,1217.56,1218.05,1216.62,1217.88,471.423
1656096480000,1217.88,1223.12,1216.38,1221.34,3872.6274
1656096540000,1221.34,1221.78,1218.82,1219.69,2033.3009
1656096600000,1219.69,1220.17,1218.0,1218.27,998.3841
1656096660000,1218.27,1218.6,1217.0,1218.59,443.0152
1656096720000,1218.6,1218.65,1217.0,1217.75,352.4244
1656096780000,1217.75,1220.16,1217.74,1219.03,520.2137
1656096840000,1219.02,1219.74,1218.2,1219.08,358.5955
1656096900000,1219.08,1219.08,1217.64,1217.65,337.7407
1656096960000,1217.64,1219.77,1217.64,1219.61,327.6057
1656097020000,1219.6,1221.31,1219.08,1220.37,724.9767
1656097080000,1220.37,1220.81,1219.84,1220.11,419.9972
1656097140000,1220.1,1222.0,1220.04,1221.36,664.1072
1656097200000,1221.35,1221.66,1219.92,1219.92,1394.9942
1656097260000,1219.93,1220.81,1219.75,1220.25,484.5863
1656097320000,1220.25,1221.18,1219.89,1220.24,383.8808
1656097380000,1220.25,1222.0,1219.79,1221.99,578.1041
1656097440000,1221.99,1223.58,1221.79,1223.19,516.9419
1656097500000,1223.18,1224.02,1219.8,1219.81,807.8242
1656097560000,1219.81,1220.29,1218.49,1219.24,436.2316
1656097620000,1219.24,1220.16,1218.94,1219.55,350.4453
1656097680000,1219.55,1221.0,1219.19,1220.55,239.5883
1656097740000,1220.54,1220.92,1216.84,1217.32,437.6318
1656097800000,1217.32,1218.61,1216.52,1216.84,837.087
1656097860000,1216.84,1217.19,1214.49,1214.49,575.1081
1656097920000,1214.5,1215.69,1214.25,1215.38,548.9974
1656097980000,1215.39,1215.58,1212.03,1212.6,1661.7819
1656098040000,1212.6,1215.1,1212.52,1214.36,508.9217
1656098100000,1214.37,1214.72,1213.0,1213.98,443.0622
1656098160000,1213.99,1215.16,1213.25,1214.82,358.9114
1656098220000,1214.82,1215.67,1214.17,1214.94,299.5735
1656098280000,1214.94,1217.04,1214.86,1216.79,526.0704
1656098340000,1216.78,1216.97,1215.01,1215.92,432.2246
1656098400000,1215.91,1216.59,1215.41,1215.82,227.9101
1656098460000,1215.83,1217.73,1215.82,1216.33,302.1258
1656098520000,1216.34,1216.92,1216.06,1216.14,409.5726
1656098580000,1216.14,1217.72,1215.62,1217.3,416.4679
1656098640000,1217.3,1220.42,1217.29,1219.99,599.502
1656098700000,1219.99,1220.51,1218.76,1218.76,430.4357
1656098760000,1218.76,1220.6,1218.68,1220.52,647.8577
1656098820000,1220.57,1221.92,1219.82,1220.5,644.2269
1656098880000,1220.49,1221.01,1219.77,1219.77,174.8385
1656098940000,1219.77,1219.93,1218.26,1219.84,321.2018
1656099000000,1219.84,1219.9,1218.18,1219.23,423.9413
1656099060000,1219.23,1220.75,1219.05,1220.17,247.3286
1656099120000,1220.17,1220.75,1219.9,1220.35,178.0058
1656099180000,1220.34,1220.44,1218.27,1218.28,515.9474
1656099240000,1218.28,1219.21,1217.5,1217.5,493.8017
1656099300000,1217.5,1217.92,1216.93,1217.4,492.8118
1656099360000,1217.39,1218.38,1217.39,1218.11,260.7475
1656099420000,1218.11,1219.38,1217.89,1219.16,144.8199
1656099480000,1219.17,1222.61,1218.94,1222.18,546.3885
1656099540000,1222.18,1222.2,1220.16,1220.29,148.7902
1656099600000,1220.29,1222.39,1219.83,1221.84,348.4462
1656099660000,1221.85,1224.47,1221.25,1223.86,714.661
1656099720000,1223.86,1232.0,1223.85,1225.94,5284.4992
1656099780000,1225.95,1227.59,1221.84,1222.88,2026.8942
1656099840000,1222.88,1223.48,1222.26,1222.96,588.4607
1656099900000,1222.95,1224.35,1222.56,1224.25,546.3265
1656099960000,1224.24,1224.55,1221.06,1221.21,606.8514
1656100020000,1221.22,1222.06,1220.01,1220.3,342.3637
1656100080000,1220.29,1220.94,1219.75,1220.82,355.805
1656100140000,1220.83,1222.6,1220.71,1221.48,331.0934
1656100200000,1221.49,1224.19,1221.48,1223.1,408.3283
1656100260000,1223.11,1226.02,1223.1,1226.0,1246.0806
1656100320000,1226.0,1227.47,1222.76,1224.11,2145.2947
1656100380000,1224.1,1224.75,1223.05,1224.45,497.9996
1656100440000,1224.44,1225.99,1224.44,1225.41,397.7744
1656100500000,1225.4,1226.72,1224.49,1226.2,692.1896
1656100560000,1226.2,1226.8,1224.0,1224.63,530.7347
1656100620000,1224.63,1227.01,1224.58,1226.75,809.9547
1656100680000,1226.75,1228.78,1226.74,1227.97,485.7014
1656100740000,1227.97,1228.46,1226.37,1228.04,899.3534
1656100800000,1228.05,1228.16,1225.01,1226.27,1061.288
1656100860000,1226.26,1227.37,1225.08,1225.53,670.2762
1656100920000,1225.54,1229.3,1225.31,1229.22,649.3141
1656100980000,1229.22,1235.06,1228.86,1233.14,5678.4611
1656101040000,1233.14,1234.51,1231.15,1233.91,1835.9379
1656101100000,1233.92,1240.0,1233.91,1238.32,3787.5892
1656101160000,1238.32,1243.16,1238.0,1240.14,3939.4123
1656101220000,1240.14,1243.22,1240.14,1241.46,2055.2725
1656101280000,1241.46,1241.84,1237.8,1240.83,1085.595
1656101340000,1240.84,1242.74,1239.76,1242.45,1159.3534
1656101400000,1242.46,1243.74,1238.09,1238.09,1363.8551
1656101460000,1238.09,1240.49,1236.83,1238.8,1088.5041
1656101520000,1238.79,1238.8,1235.83,1237.67,938.6941
1656101580000,1237.68,1239.4,1236.96,1238.84,1194.9293
1656101640000,1238.83,1238.84,1236.26,1238.05,519.8396
1656101700000,1238.05,1239.14,1236.23,1238.7,842.3575
1656101760000,1238.69,1239.08,1238.1,1238.54,388.8513
1656101820000,1238.54,1238.64,1235.88,1236.19,454.3868
1656101880000,1236.35,1237.12,1234.27,1234.37,527.2825
1656101940000,1234.41,1235.65,1233.6,1233.64,352.8749
1656102000000,1233.65,1235.59,1233.53,1234.83,696.1047
1656102060000,1234.82,1235.5,1234.19,1234.24,381.7187
1656102120000,1234.23,1234.84,1233.64,1233.64,204.8143
1656102180000,1233.64,1234.37,1230.1,1230.52,1415.1036
1656102240000,1230.51,1231.66,1230.1,1230.76,481.6816
1656102300000,1230.76,1231.32,1229.26,1229.31,463.8026
1656102360000,1229.31,1230.25,1228.4,1228.43,1019.9647
1656102420000,1228.42,1229.56,1228.24,1228.24,578.4404
1656102480000,1228.25,1228.99,1227.0,1227.01,1450.4496
1656102540000,1227.0,1227.36,1225.83,1225.84,1455.4509
1656102600000,1225.84,1227.26,1225.83,1225.96,743.3073
1656102660000,1225.96,1225.96,1221.7,1223.45,1568.8736
1656102720000,1223.45,1224.99,1222.9,1224.83,803.9708
1656102780000,1224.83,1227.64,1224.82,1226.53,971.9365
1656102840000,1226.52,1227.26,1225.08,1225.28,428.1415
1656102900000,1225.28,1226.6,1225.07,1225.85,328.821
1656102960000,1225.85,1225.85,1221.77,1224.05,1535.3079
1656103020000,1224.06,1226.46,1222.86,1225.37,637.522
1656103080000,1225.36,1225.96,1225.03,1225.03,244.3993
1656103140000,1225.03,1225.71,1223.71,1223.98,418.7631
1656103200000,1223.97,1225.14,1223.55,1223.65,324.1615
1656103260000,1223.64,1223.79,1220.16,1220.34,892.6345
1656103320000,1220.35,1221.27,1219.14,1221.05,1966.0779
1656103380000,1221.06,1221.63,1220.18,1220.19,366.8771
1656103440000,1220.19,1221.8,1220.0,1220.68,355.3222
1656103500000,1220.68,1221.71,1218.9,1219.04,789.6355
1656103560000,1219.04,1221.17,1218.3,1220.92,692.3324
1656103620000,1220.92,1220.92,1218.91,1219.07,533.2686
1656103680000,1219.07,1220.28,1219.07,1219.37,579.6327
1656103740000,1219.37,1221.76,1219.37,1221.58,756.5762
1656103800000,1221.58,1222.54,1221.07,1221.56,337.7971
1656103860000,1221.57,1226.81,1221.55,1225.32,1019.831
1656103920000,1225.31,1227.47,1224.11,1224.47,1085.3748
1656103980000,1224.47,1224.58,1222.31,1222.74,411.853
1656104040000,1222.75,1224.47,1222.5,1222.91,533.9017
1656104100000,1222.9,1223.93,1220.81,1221.32,891.8771
1656104160000,1221.32,1222.66,1220.77,1221.64,350.167
1656104220000,1221.64,1221.93,1219.63,1219.92,361.4316
1656104280000,1219.92,1220.62,1215.25,1216.19,3180.7098
1656104340000,1216.2,1219.56,1215.04,1219.5,1782.7479
1656104400000,1219.5,1220.66,1218.29,1219.67,1277.0457
1656104460000,1219.68,1220.2,1219.52,1219.72,524.6458
1656104520000,1219.72,1220.42,1219.12,1220.03,697.6127
1656104580000,1220.04,1220.31,1217.7,1219.17,677.2598
1656104640000,1219.17,1220.82,1218.97,1220.29,663.107
1656104700000,1220.28,1220.69,1219.82,1220.37,341.8557
1656104760000,1220.36,1221.46,1219.74,1221.2,364.1079
1656104820000,1221.2,1222.71,1221.09,1221.27,663.3857
1656104880000,1221.27,1222.03,1220.33,1220.4,1045.7281
1656104940000,1220.4,1223.95,1220.33,1222.11,1486.51
1656105000000,1222.1,1223.76,1221.48,1223.1,513.5413
1656105060000,1223.11,1223.32,1221.02,1221.54,438.8773
1656105120000,1221.55,1222.49,1221.45,1222.14,194.4508
1656105180000,1222.14,1222.65,1221.61,1221.9,181.4229
1656105240000,1221.9,1223.23,1221.89,1222.54,291.9464
1656105300000,1222.55,1223.93,1222.44,1223.85,355.2752
1656105360000,1223.84,1224.74,1222.0,1222.34,531.3757
1656105420000,1222.37,1222.86,1221.77,1222.46,558.5954
1656105480000,1222.46,1223.59,1222.21,1223.14,283.7614
1656105540000,1223.13,1223.17,1221.35,1222.35,377.0525
1656105600000,1222.35,1222.45,1220.65,1220.77,302.2344
1656105660000,1220.77,1222.54,1220.2,1222.54,510.4279
1656105720000,1222.54,1223.29,1221.62,1221.62,482.9745
1656105780000,1221.63,1222.23,1220.78,1221.32,462.4318
1656105840000,1221.32,1222.0,1221.0,1221.99,329.5082
1656105900000,1222.0,1222.56,1221.56,1221.61,265.2804
1656105960000,1221.62,1221.82,1220.78,1221.29,336.2192
1656106020000,1221.28,1221.29,1221.03,1221.04,74.0711
1656106080000,1221.03,1222.2,1220.18,1221.69,546.8592
1656106140000,1221.68,1221.69,1221.39,1221.57,108.8226
1656106200000,1221.56,1222.01,1220.83,1220.89,283.5623
1656106260000,1220.88,1220.89,1220.11,1220.32,108.1868
1656106320000,1220.32,1220.54,1219.51,1219.52,183.6509
1656106380000,1219.51,1219.64,1215.99,1216.0,413.2313
1656106440000,1216.0,1216.48,1215.45,1216.35,302.7785
1656106500000,1216.35,1219.41,1216.34,1219.26,211.6778
1656106560000,1219.26,1220.5,1219.25,1220.31,132.5855
1656106620000,1220.31,1222.48,1219.0,1222.14,463.1349
1656106680000,1222.14,1223.23,1222.14,1223.05,140.6938
1656106740000,1223.06,1224.25,1223.01,1223.01,152.3622
1656106800000,1223.06,1223.06,1222.12,1222.66,138.8172
1656106860000,1222.66,1223.75,1222.17,1223.74,294.0386
1656106920000,1223.75,1225.74,1223.74,1225.51,289.7199
1656106980000,1225.52,1225.99,1224.6,1224.8,255.0024
1656107040000,1224.81,1225.7,1224.8,1225.67,154.8947
1656107100000,1225.67,1225.7,1222.95,1223.15,229.6355
1656107160000,1223.15,1227.0,1223.03,1226.95,332.5227
1656107220000,1226.99,1227.41,1225.46,1226.37,294.4027
1656107280000,1226.37,1226.95,1226.18,1226.7,222.1336
1656107340000,1226.61,1226.69,1225.21,1225.28,298.2534
1656107400000,1225.27,1226.45,1225.11,1226.21,307.0827
1656107460000,1226.22,1226.26,1225.01,1225.17,263.5287
1656107520000,1225.17,1226.52,1225.11,1226.16,284.1235
1656107580000,1226.17,1226.75,1224.48,1224.71,261.7643
1656107640000,1224.7,1225.58,1223.92,1223.94,334.0965
1656107700000,1223.94,1224.23,1223.28,1223.92,191.5449
1656107760000,1223.92,1224.33,1223.23,1223.4,142.6688
1656107820000,1223.39,1224.0,1223.39,1223.44,142.7622
1656107880000,1223.44,1223.73,1223.11,1223.65,106.4359
1656107940000,1223.65,1224.99,1223.45,1224.98,199.1649
1656108000000,1224.98,1225.75,1223.29,1225.51,310.5507
1656108060000,1225.52,1227.41,1225.51,1225.89,345.3091
1656108120000,1225.9,1229.85,1225.69,1229.4,827.9387
1656108180000,1229.4,1229.79,1228.54,1229.39,776.7216
1656108240000,1229.39,1231.9,1229.26,1231.78,1099.592
1656108300000,1231.78,1234.66,1230.71,1233.34,1832.0688
1656108360000,1233.34,1235.44,1232.94,1234.71,2074.4104
1656108420000,1234.71,1236.03,1234.27,1235.75,998.3878
1656108480000,1235.75,1238.59,1235.49,1236.7,1241.1068
1656108540000,1236.7,1237.0,1235.65,1236.59,350.0388
1656108600000,1236.58,1236.99,1234.59,1234.78,543.0492
1656108660000,1234.58,1234.84,1232.44,1233.0,610.5095
1656108720000,1233.0,1240.37,1232.61,1239.68,1153.7397
1656108780000,1239.68,1240.2,1235.42,1235.85,899.4741
1656108840000,1235.85,1237.06,1235.2,1235.44,483.0751
1656108900000,1235.44,1238.99,1234.55,1238.99,497.5438
1656108960000,1238.89,1241.81,1238.4,1241.12,1069.313
1656109020000,1241.13,1245.43,1241.0,1244.26,4058.6037
1656109080000,1244.26,1245.2,1240.21,1240.25,1134.2715
1656109140000,1240.26,1241.3,1238.01,1240.76,1365.0282
1656109200000,1240.77,1243.32,1240.76,1242.57,1141.7365
1656109260000,1242.58,1244.94,1235.09,1235.37,1914.6332
1656109320000,1235.36,1237.13,1233.7,1235.5,1275.0458
1656109380000,1235.5,1235.61,1233.16,1234.52,1296.1241
1656109440000,1234.52,1235.18,1233.32,1233.39,479.0989
1656109500000,1233.4,1234.1,1233.34,1233.84,697.0569
1656109560000,1233.84,1233.87,1231.01,1231.13,802.365
1656109620000,1231.13,1232.85,1230.0,1232.74,949.2229
1656109680000,1232.74,1232.94,1231.42,1232.34,358.8369
1656109740000,1232.34,1234.44,1232.15,1232.77,1172.3721
1656109800000,1232.77,1233.48,1230.22,1230.65,798.4674
1656109860000,1230.65,1233.93,1230.59,1233.56,692.801
1656109920000,1233.57,1234.74,1233.4,1234.73,250.8149
1656109980000,1234.73,1235.83,1234.6,1235.7,489.2492
1656110040000,1235.69,1238.33,1235.69,1237.7,583.8104
1656110100000,1237.71,1241.55,1237.7,1240.52,1440.1575
1656110160000,1240.52,1241.99,1239.78,1240.15,920.7867
1656110220000,1240.14,1243.0,1240.05,1242.79,1238.0792
1656110280000,1242.8,1243.0,1236.4,1236.62,1284.441
1656110340000,1236.62,1237.2,1235.88,1236.5,423.204
1656110400000,1236.49,1236.5,1235.39,1236.22,349.1311
1656110460000,1236.22,1236.89,1235.98,1236.07,337.7544
1656110520000,1236.07,1236.88,1234.33,1234.33,530.8206
1656110580000,1234.33,1234.78,1233.0,1233.0,1703.9201
1656110640000,1233.0,1234.54,1232.68,1234.21,870.549
1656110700000,1234.2,1236.66,1233.4,1233.47,1101.58
1656110760000,1233.47,1233.89,1232.48,1233.12,1430.7984
1656110820000,1233.11,1233.96,1232.79,1233.33,750.8281
1656110880000,1233.32,1234.11,1233.05,1233.3,428.3443
1656110940000,1233.3,1233.47,1232.05,1232.75,650.453
1656111000000,1232.75,1234.04,1232.52,1232.72,913.9052
1656111060000,1232.71,1233.94,1232.71,1233.92,318.318
1656111120000,1233.92,1234.0,1232.12,1232.93,588.7958
1656111180000,1232.93,1233.95,1232.92,1233.26,297.5009
1656111240000,1233.26,1233.43,1230.42,1230.43,421.4937
1656111300000,1230.42,1231.24,1230.1,1230.1,591.7525
1656111360000,1230.11,1233.87,1229.5,1233.84,1639.6133
1656111420000,1233.84,1234.22,1233.05,1233.18,458.0861
1656111480000,1233.18,1234.0,1232.27,1232.61,289.0434
1656111540000,1232.6,1232.82,1230.3,1230.3,419.6941
1656111600000,1230.31,1231.19,1229.75,1230.39,594.1316
1656111660000,1230.39,1231.5,1230.21,1230.68,415.4686
1656111720000,1230.69,1231.69,1230.12,1230.59,454.8702
1656111780000,1230.6,1232.45,1230.59,1231.96,437.9623
1656111840000,1231.96,1232.07,1230.19,1230.35,471.5988
1656111900000,1230.35,1230.72,1230.0,1230.11,305.0492
1656111960000,1230.1,1230.11,1226.74,1228.24,1428.291
1656112020000,1228.24,1229.97,1227.19,1228.86,510.6361
1656112080000,1228.85,1231.65,1228.65,1231.33,477.4909
1656112140000,1231.33,1232.18,1231.08,1231.19,326.1001
1656112200000,1231.18,1231.22,1228.78,1230.12,368.722
1656112260000,1230.13,1232.32,1230.12,1231.46,623.1116
1656112320000,1231.46,1232.4,1231.08,1231.96,227.7627
1656112380000,1231.97,1233.53,1231.51,1232.69,506.0358
1656112440000,1232.69,1233.39,1232.41,1232.8,411.424
1656112500000,1232.8,1233.74,1232.0,1232.89,371.6973
1656112560000,1232.89,1232.98,1231.62,1231.91,557.4698
1656112620000,1231.92,1231.97,1228.66,1230.28,458.8869
1656112680000,1230.28,1231.49,1228.75,1230.44,447.1021
1656112740000,1230.44,1231.51,1230.11,1231.51,241.3209
1656112800000,1231.5,1232.12,1231.28,1231.28,403.4811
1656112860000,1231.29,1233.56,1231.28,1232.87,598.057
1656112920000,1232.86,1233.14,1231.54,1231.54,432.3181
1656112980000,1231.55,1232.6,1231.54,1232.12,348.6026
1656113040000,1232.12,1235.4,1232.11,1235.4,670.2867
1656113100000,1235.39,1237.61,1235.39,1236.16,586.2415
1656113160000,1236.16,1236.17,1234.29,1234.97,554.9779
1656113220000,1234.98,1236.61,1234.38,1235.62,591.863
1656113280000,1235.62,1237.67,1235.16,1236.89,519.3434
1656113340000,1236.89,1238.42,1236.52,1237.97,330.201
1656113400000,1237.97,1239.5,1237.97,1239.4,334.439
1656113460000,1239.39,1240.94,1239.18,1240.11,543.2348
1656113520000,1240.11,1241.38,1239.91,1240.82,959.1332
1656113580000,1240.82,1242.3,1239.78,1241.49,1127.8992
1656113640000,1241.48,1241.9,1240.56,1241.5,488.6958
1656113700000,1241.5,1242.72,1241.31,1242.0,1055.5994
1656113760000,1242.0,1242.5,1241.76,1242.23,558.1686
1656113820000,1242.22,1242.28,1239.37,1240.03,944.1383
1656113880000,1240.02,1241.94,1239.45,1240.87,596.1283
1656113940000,1240.88,1241.98,1240.74,1240.74,118.7005
1656114000000,1240.75,1241.24,1239.51,1240.25,826.2001
1656114060000,1240.25,1240.66,1235.75,1236.85,777.1556
1656114120000,1236.85,1237.79,1236.31,1237.78,362.3059
1656114180000,1237.78,1239.14,1237.78,1238.86,279.6278
1656114240000,1238.85,1241.4,1238.85,1240.74,339.0749
1656114300000,1240.73,1241.13,1237.11,1238.6,587.7957
1656114360000,1238.61,1239.66,1238.26,1239.66,246.9527
1656114420000,1239.65,1241.51,1239.65,1241.37,397.6851
1656114480000,1241.36,1241.82,1240.78,1240.79,280.8939
1656114540000,1240.78,1241.81,1240.36,1241.36,356.316
1656114600000,1241.36,1241.94,1240.99,1241.49,349.8813
1656114660000,1241.49,1241.6,1237.9,1238.01,1091.4687
1656114720000,1238.01,1238.29,1235.59,1235.59,547.7438
1656114780000,1235.59,1235.6,1231.11,1231.22,2944.6716
1656114840000,1231.22,1232.8,1225.9,1225.95,4491.4617
1656114900000,1225.95,1229.55,1224.26,1228.18,1817.5651
1656114960000,1228.17,1228.54,1225.03,1225.58,961.2289
1656115020000,1225.59,1225.59,1222.82,1224.26,1239.1012
1656115080000,1224.27,1224.56,1222.9,1224.22,990.9872
1656115140000,1224.22,1225.27,1223.67,1225.02,1095.6046
1656115200000,1225.02,1226.93,1223.04,1223.68,1090.5481
1656115260000,1223.69,1224.83,1221.83,1223.87,1184.9323
1656115320000,1223.87,1224.81,1222.0,1223.59,1483.566
1656115380000,1223.59,1224.74,1221.55,1222.22,796.2441
1656115440000,1222.23,1223.32,1220.46,1220.77,1303.9447
1656115500000,1220.77,1221.38,1219.15,1220.37,1851.7772
1656115560000,1220.37,1221.0,1218.91,1218.91,660.1242
1656115620000,1218.91,1221.47,1218.91,1220.31,554.3681
1656115680000,1220.31,1220.5,1218.54,1218.86,549.79
1656115740000,1218.86,1218.86,1217.58,1218.02,848.8114
1656115800000,1218.03,1220.55,1217.48,1218.27,773.731
1656115860000,1218.27,1218.44,1215.0,1215.38,1058.4602
1656115920000,1215.37,1216.79,1214.77,1216.5,613.9812
1656115980000,1216.51,1216.98,1215.46,1216.65,808.2445
1656116040000,1216.65,1221.9,1216.64,1219.22,899.2576
1656116100000,1219.22,1223.08,1219.22,1222.34,962.2974
1656116160000,1222.32,1225.59,1221.94,1224.7,935.6464
1656116220000,1224.69,1226.88,1223.31,1225.4,751.4621
1656116280000,1225.39,1225.66,1224.04,1224.99,512.841
1656116340000,1224.99,1225.04,1223.29,1223.86,377.7515
1656116400000,1223.85,1223.87,1217.16,1217.87,3619.7826
1656116460000,1217.88,1222.21,1216.99,1222.21,463.3654
1656116520000,1222.21,1226.49,1221.73,1225.35,975.8432
1656116580000,1225.35,1227.1,1222.64,1222.88,813.6059
1656116640000,1222.87,1222.88,1219.76,1220.81,706.0839
1656116700000,1220.82,1223.84,1220.81,1221.84,526.8134
1656116760000,1221.84,1224.87,1221.39,1224.21,500.214
1656116820000,1224.2,1224.91,1223.15,1223.75,428.0712
1656116880000,1223.75,1224.29,1221.53,1222.45,472.9401
1656116940000,1222.46,1222.6,1221.12,1222.41,346.9535
1656117000000,1222.25,1225.13,1222.21,1224.33,280.989
1656117060000,1224.33,1224.34,1223.5,1224.27,264.6706
1656117120000,1224.28,1224.42,1222.46,1222.46,368.3278
1656117180000,1222.47,1222.67,1212.42,1213.21,4384.5575
1656117240000,1213.21,1214.42,1212.16,1213.01,1917.5049
1656117300000,1213.0,1214.51,1211.6,1212.42,1496.2485
1656117360000,1212.41,1212.42,1208.5,1209.09,1575.8182
1656117420000,1209.09,1210.37,1208.59,1208.84,826.149
1656117480000,1208.83,1213.5,1208.83,1210.36,1454.8917
1656117540000,1210.36,1213.0,1210.36,1212.73,648.0164
1656117600000,1212.74,1214.62,1211.99,1213.25,429.5568
1656117660000,1213.25,1215.4,1213.25,1215.12,432.1781
1656117720000,1215.12,1218.14,1214.84,1218.13,665.0128
1656117780000,1218.13,1219.04,1216.61,1217.49,936.932
1656117840000,1217.49,1219.87,1217.18,1219.52,696.3657
1656117900000,1219.53,1221.84,1219.4,1220.97,1223.6674
1656117960000,1220.97,1221.6,1219.57,1221.16,468.6042
1656118020000,1221.16,1221.16,1219.28,1221.06,441.4969
1656118080000,1221.05,1221.06,1218.08,1218.21,452.1805
1656118140000,1218.22,1219.61,1218.08,1219.03,421.7689
1656118200000,1219.02,1221.23,1218.08,1220.76,500.4517
1656118260000,1220.76,1220.77,1219.3,1219.39,270.5937
1656118320000,1219.4,1219.81,1217.79,1219.54,408.1052
1656118380000,1219.54,1220.75,1219.01,1220.16,254.6003
1656118440000,1220.16,1220.33,1217.5,1217.58,537.9723
1656118500000,1217.57,1217.58,1213.65,1214.44,761.2288
1656118560000,1214.45,1217.03,1214.44,1215.47,313.7619
1656118620000,1215.47,1216.51,1214.73,1215.2,658.9998
1656118680000,1215.21,1215.33,1213.67,1214.55,353.2516
1656118740000,1214.54,1216.85,1214.54,1216.21,302.2563
1656118800000,1216.21,1216.71,1214.73,1215.45,374.2857
1656118860000,1215.45,1215.46,1213.0,1213.31,391.1801
1656118920000,1213.31,1214.23,1211.76,1212.97,461.6
1656118980000,1212.98,1215.41,1212.97,1214.92,423.5968
1656119040000,1214.92,1215.8,1212.13,1212.41,534.1352
1656119100000,1212.41,1213.13,1212.09,1212.1,231.8176
1656119160000,1212.11,1214.49,1211.63,1213.54,286.2762
1656119220000,1213.55,1215.26,1213.54,1214.86,491.6588
1656119280000,1214.87,1217.07,1214.86,1216.98,309.9115
1656119340000,1216.98,1216.99,1214.78,1216.45,270.1072
1656119400000,1216.45,1219.66,1216.04,1219.23,543.6972
1656119460000,1219.22,1220.85,1218.74,1219.3,557.373
1656119520000,1219.31,1221.43,1217.0,1220.57,1035.7412
1656119580000,1220.57,1221.11,1219.0,1220.77,951.7132
1656119640000,1220.78,1220.78,1219.17,1219.55,445.6935
1656119700000,1219.54,1220.3,1219.54,1220.29,333.0987
1656119760000,1220.29,1222.69,1219.95,1222.0,791.458
1656119820000,1221.99,1223.89,1221.47,1222.73,526.3137
1656119880000,1222.74,1222.74,1220.56,1221.77,563.4406
1656119940000,1221.76,1222.8,1220.73,1222.49,666.9412
1656120000000,1222.5,1222.5,1220.84,1221.09,318.2465
1656120060000,1221.08,1222.02,1221.03,1221.63,301.1356
1656120120000,1221.63,1222.4,1221.63,1222.3,187.4427
1656120180000,1222.29,1222.3,1220.73,1220.74,193.4678
1656120240000,1220.73,1221.56,1220.24,1221.56,490.031
1656120300000,1221.55,1222.4,1221.27,1222.07,191.4548
1656120360000,1222.07,1224.58,1221.84,1223.74,726.6462
1656120420000,1223.84,1224.16,1222.4,1223.86,502.5294
1656120480000,1223.87,1223.99,1222.75,1222.98,199.5584
1656120540000,1222.99,1223.42,1220.0,1220.59,908.0864
1656120600000,1220.58,1221.51,1220.2,1221.5,375.2288
1656120660000,1221.51,1221.98,1221.06,1221.13,288.7781
1656120720000,1221.13,1221.98,1220.55,1221.97,245.0751
1656120780000,1221.97,1222.32,1221.08,1221.76,444.2716
1656120840000,1221.76,1222.61,1221.51,1221.58,329.4497
1656120900000,1221.58,1221.77,1220.19,1220.83,360.2207
1656120960000,1220.83,1221.46,1220.45,1220.46,315.3675
1656121020000,1220.45,1221.39,1220.4,1221.1,226.0742
1656121080000,1221.11,1221.41,1220.62,1220.83,102.77
1656121140000,1220.83,1222.37,1220.77,1221.69,480.4367
1656121200000,1221.68,1222.19,1220.84,1222.19,261.9027
1656121260000,1222.18,1223.78,1222.18,1222.39,493.8802
1656121320000,1222.38,1223.87,1222.38,1223.27,253.1518
1656121380000,1223.26,1223.64,1223.01,1223.35,230.0886
1656121440000,1223.35,1223.59,1222.7,1222.98,627.2711
1656121500000,1222.98,1224.84,1222.97,1224.41,431.5879
1656121560000,1224.42,1224.71,1223.36,1223.59,340.6821
1656121620000,1223.59,1223.59,1221.17,1221.28,280.9242
1656121680000,1221.27,1221.69,1220.64,1220.9,284.5633
1656121740000,1220.9,1222.61,1220.89,1222.6,331.6629
1656121800000,1222.6,1223.15,1220.0,1220.28,375.2618
1656121860000,1220.29,1220.34,1218.93,1219.79,502.8912
1656121920000,1219.79,1222.0,1219.79,1221.41,296.6295
1656121980000,1221.41,1222.85,1221.39,1222.58,214.5194
1656122040000,1222.58,1223.1,1222.23,1222.44,172.8883
1656122100000,1222.44,1223.28,1222.38,1222.8,102.0596
1656122160000,1222.8,1223.12,1222.02,1223.03,269.5991
1656122220000,1223.03,1223.93,1223.02,1223.58,218.8506
1656122280000,1223.59,1223.99,1223.01,1223.21,321.6752
1656122340000,1223.22,1224.04,1222.91,1223.8,220.7193
1656122400000,1223.81,1223.91,1222.61,1223.11,486.6209
1656122460000,1223.1,1223.22,1220.76,1220.98,448.5638
1656122520000,1220.98,1220.99,1219.46,1219.84,358.2964
1656122580000,1219.84,1220.9,1219.78,1220.68,273.178
1656122640000,1220.67,1220.71,1219.08,1219.28,251.3606
1656122700000,1219.29,1221.39,1219.19,1221.38,265.2092
1656122760000,1221.39,1224.76,1221.38,1224.76,353.1067
1656122820000,1224.76,1227.3,1223.21,1226.77,1177.2384
1656122880000,1226.77,1226.95,1224.89,1225.28,316.3932
1656122940000,1225.29,1225.29,1222.28,1222.37,228.6148
1656123000000,1222.37,1223.28,1221.3,1222.08,309.426
1656123060000,1222.08,1222.19,1220.41,1222.07,516.142
1656123120000,1222.08,1222.08,1220.3,1220.31,480.8283
1656123180000,1220.3,1220.31,1219.63,1219.7,252.9307
1656123240000,1219.69,1220.93,1219.69,1220.42,208.7581
1656123300000,1220.42,1222.08,1219.54,1222.08,214.2251
1656123360000,1222.07,1223.15,1221.91,1223.03,152.9327
1656123420000,1223.03,1223.15,1219.52,1219.52,357.585
1656123480000,1219.52,1219.8,1217.0,1217.24,470.4777
1656123540000,1217.25,1217.58,1216.44,1217.16,534.3244
1656123600000,1217.16,1217.22,1214.5,1214.98,1297.5894
1656123660000,1214.97,1217.07,1214.78,1215.41,367.4831
1656123720000,1215.42,1217.07,1215.42,1216.12,335.7324
1656123780000,1216.12,1217.74,1215.17,1216.54,314.2789
1656123840000,1216.54,1217.12,1215.4,1216.12,239.7162
1656123900000,1216.12,1217.11,1216.11,1216.8,217.8647
1656123960000,1216.8,1217.53,1214.54,1214.54,238.5393
1656124020000,1214.54,1216.32,1214.54,1215.59,212.8801
1656124080000,1215.59,1216.01,1214.56,1214.56,123.968
1656124140000,1214.57,1216.07,1214.56,1214.88,350.0781
1656124200000,1214.87,1216.25,1214.85,1216.0,375.3079
1656124260000,1216.0,1216.0,1214.91,1215.33,145.446
1656124320000,1215.32,1216.79,1215.32,1215.56,797.9166
1656124380000,1215.56,1216.3,1213.6,1213.84,705.6308
1656124440000,1213.84,1214.91,1213.62,1214.9,229.0332
1656124500000,1214.9,1215.99,1214.1,1215.0,438.8983
1656124560000,1215.01,1215.35,1214.12,1214.39,247.0482
1656124620000,1214.38,1216.32,1213.5,1216.12,328.2772
1656124680000,1216.12,1216.83,1215.69,1216.83,174.6162
1656124740000,1216.83,1217.04,1215.84,1216.09,269.4531
1656124800000,1216.09,1216.09,1214.07,1214.48,166.0708
1656124860000,1214.47,1214.99,1213.05,1214.65,313.4358
1656124920000,1214.64,1215.1,1214.04,1214.05,278.5771
1656124980000,1214.04,1214.9,1213.11,1213.76,262.6073
1656125040000,1213.76,1213.76,1211.98,1212.96,1454.0192
1656125100000,1212.97,1213.4,1212.0,1212.18,320.8782
1656125160000,1212.19,1213.01,1212.18,1212.93,184.1979
1656125220000,1212.94,1214.53,1212.93,1213.75,449.9074
1656125280000,1213.75,1214.75,1213.67,1214.72,286.981
1656125340000,1214.72,1214.92,1214.01,1214.9,137.9562
1656125400000,1214.9,1214.93,1214.05,1214.05,96.3708
1656125460000,1214.05,1214.06,1212.09,1212.09,170.0459
1656125520000,1212.1,1212.1,1208.53,1209.1,790.6542
1656125580000,1209.1,1210.23,1208.73,1209.17,500.0768
1656125640000,1209.17,1209.63,1206.38,1207.5,1917.7493
1656125700000,1207.5,1208.0,1207.19,1207.51,340.0761
1656125760000,1207.51,1208.26,1206.39,1207.55,559.4885
1656125820000,1207.55,1207.7,1205.0,1205.54,712.5581
1656125880000,1205.54,1208.38,1204.02,1207.71,2021.9341
1656125940000,1207.71,1208.3,1207.04,1207.22,328.5111
1656126000000,1207.23,1207.96,1206.01,1206.25,502.4557
1656126060000,1206.25,1208.21,1205.82,1206.09,767.8471
1656126120000,1206.08,1207.33,1206.04,1206.83,409.3359
1656126180000,1206.84,1207.32,1206.48,1206.6,527.9651
1656126240000,1206.59,1207.0,1205.83,1206.4,280.2169
1656126300000,1206.4,1206.41,1205.66,1206.34,316.5025
1656126360000,1206.35,1207.88,1206.13,1206.89,493.8359
1656126420000,1206.89,1208.9,1206.89,1208.8,580.457
1656126480000,1208.8,1210.24,1208.5,1210.23,557.3625
1656126540000,1210.24,1210.35,1209.02,1209.18,577.2797
1656126600000,1209.17,1210.32,1209.0,1210.31,342.8679
1656126660000,1210.32,1211.0,1209.45,1210.08,254.0081
1656126720000,1210.09,1210.16,1209.3,1210.01,383.6276
1656126780000,1210.01,1211.51,1210.0,1211.19,349.7851
1656126840000,1211.2,1213.36,1210.28,1213.08,464.8765
1656126900000,1213.08,1213.71,1212.01,1212.77,321.6605
1656126960000,1212.77,1214.24,1211.73,1214.06,322.7087
1656127020000,1214.07,1215.23,1214.01,1215.1,475.268
1656127080000,1215.11,1215.13,1213.3,1214.5,398.2893
1656127140000,1214.5,1216.94,1214.31,1216.58,643.0686
1656127200000,1216.59,1217.0,1215.33,1216.22,380.0906
1656127260000,1216.21,1216.22,1214.89,1216.06,328.6429
1656127320000,1216.07,1216.07,1214.72,1214.99,183.567
1656127380000,1214.99,1215.5,1214.0,1215.49,533.0058
1656127440000,1215.49,1215.5,1214.78,1215.08,141.8613
1656127500000,1215.08,1215.4,1214.37,1215.01,216.1215
1656127560000,1215.0,1216.22,1214.38,1216.14,221.1634
1656127620000,1216.15,1216.15,1215.05,1215.54,186.9581
1656127680000,1215.54,1215.77,1214.68,1214.68,153.3981
1656127740000,1214.63,1214.8,1212.75,1213.85,338.6042
1656127800000,1213.85,1213.85,1211.76,1212.32,342.8971
1656127860000,1212.32,1213.19,1211.48,1212.72,347.8668
1656127920000,1212.72,1212.72,1211.0,1211.38,551.1353
1656127980000,1211.37,1212.0,1211.11,1211.66,521.0408
1656128040000,1211.65,1212.74,1211.61,1212.13,207.503
1656128100000,1212.14,1213.96,1211.97,1213.57,411.0507
1656128160000,1213.58,1214.73,1212.55,1213.9,691.5121
1656128220000,1213.89,1215.35,1213.8,1215.01,217.8665
1656128280000,1215.01,1217.04,1214.69,1216.71,587.9475
1656128340000,1216.71,1218.15,1216.71,1217.82,861.9095
1656128400000,1217.82,1218.3,1216.69,1217.93,467.2766
1656128460000,1217.94,1220.41,1217.74,1218.82,511.7309
1656128520000,1218.79,1218.8,1216.84,1217.87,435.8763
1656128580000,1217.87,1220.08,1217.86,1219.18,791.3867
1656128640000,1219.18,1219.73,1218.94,1219.73,320.2624
1656128700000,1219.73,1219.83,1217.71,1217.72,762.3207
1656128760000,1217.71,1222.11,1216.77,1221.16,842.3471
1656128820000,1221.15,1223.58,1220.28,1223.02,1040.2439
1656128880000,1223.02,1226.25,1223.02,1224.94,1001.0399
1656128940000,1224.95,1226.5,1224.16,1225.49,739.7486
1656129000000,1225.5,1225.77,1225.12,1225.26,272.5911
1656129060000,1225.26,1226.28,1224.79,1225.9,558.5912
1656129120000,1225.9,1226.9,1225.53,1226.07,527.1609
1656129180000,1226.06,1226.07,1224.11,1224.44,321.5381
1656129240000,1224.44,1225.27,1224.44,1225.04,203.9748
1656129300000,1225.04,1225.26,1223.73,1223.8,274.2605
1656129360000,1223.79,1224.36,1222.69,1223.12,133.3943
1656129420000,1223.12,1224.87,1222.96,1224.57,190.5965
1656129480000,1224.57,1224.57,1223.41,1224.14,259.4371
1656129540000,1224.15,1224.15,1223.5,1223.76,140.969
1656129600000,1223.76,1223.82,1222.63,1222.63,281.9736
1656129660000,1222.64,1222.97,1222.14,1222.57,258.1301
1656129720000,1222.57,1222.96,1222.12,1222.26,373.1815
1656129780000,1222.26,1223.0,1221.36,1221.5,641.5599
1656129840000,1221.37,1222.78,1221.01,1222.47,456.5385
1656129900000,1222.47,1223.67,1222.35,1223.23,695.3979
1656129960000,1223.23,1223.23,1222.42,1222.51,120.5927
1656130020000,1222.5,1222.78,1221.01,1221.43,981.7441
1656130080000,1221.43,1221.43,1220.25,1221.15,709.7607
1656130140000,1221.15,1224.0,1221.15,1222.86,697.2658
1656130200000,1222.87,1224.78,1220.92,1221.23,976.4075
1656130260000,1221.24,1221.26,1218.93,1219.99,411.7586
1656130320000,1220.0,1223.84,1219.96,1223.0,616.7012
1656130380000,1222.99,1224.46,1222.62,1223.34,386.7846
1656130440000,1223.33,1223.89,1221.57,1221.65,289.8262
1656130500000,1221.65,1221.88,1220.46,1220.99,352.3403
1656130560000,1221.0,1221.16,1220.52,1221.15,111.3977
1656130620000,1221.16,1221.16,1219.23,1219.95,280.4139
1656130680000,1219.95,1220.0,1217.88,1218.29,282.3252
1656130740000,1218.3,1218.31,1215.76,1215.97,321.4203
1656130800000,1215.96,1216.86,1214.83,1216.3,1099.088
1656130860000,1216.29,1218.52,1214.72,1218.43,537.4599
1656130920000,1218.43,1218.44,1215.2,1215.58,344.5783
1656130980000,1215.57,1216.96,1215.14,1216.36,592.5117
1656131040000,1216.36,1216.74,1216.02,1216.48,171.3376
1656131100000,1216.48,1216.49,1213.45,1213.92,1809.4604
1656131160000,1213.92,1215.28,1213.91,1214.81,759.1675
1656131220000,1214.81,1215.68,1214.74,1215.18,151.5862
1656131280000,1215.18,1215.29,1214.29,1215.01,142.2114
1656131340000,1215.0,1215.61,1214.81,1215.19,170.3658
1656131400000,1215.18,1215.4,1214.46,1215.09,215.4212
1656131460000,1215.09,1216.4,1215.08,1216.2,208.2093
1656131520000,1216.21,1216.21,1214.54,1214.82,91.9706
1656131580000,1214.82,1215.29,1214.29,1215.29,220.0269
1656131640000,1215.28,1215.49,1214.3,1214.86,903.3156
1656131700000,1214.86,1216.46,1214.0,1216.11,533.8398
1656131760000,1216.1,1216.17,1214.59,1214.78,220.4939
1656131820000,1214.79,1215.46,1214.32,1215.31,144.6621
1656131880000,1215.31,1216.13,1215.24,1215.33,228.9961
1656131940000,1215.33,1216.16,1215.05,1215.19,445.0739
1656132000000,1215.2,1216.37,1214.53,1215.99,271.631
1656132060000,1216.0,1216.53,1214.5,1214.62,249.1883
1656132120000,1214.62,1215.26,1214.62,1215.16,123.3319
1656132180000,1215.16,1216.02,1214.94,1215.5,334.1618
1656132240000,1215.51,1219.39,1215.5,1218.61,660.887
1656132300000,1218.6,1220.62,1217.72,1219.84,431.3429
1656132360000,1219.84,1220.07,1219.01,1220.06,242.2823
1656132420000,1220.07,1220.07,1219.13,1219.68,285.0086
1656132480000,1219.68,1221.58,1219.44,1221.15,629.9404
1656132540000,1221.15,1223.47,1221.15,1223.47,899.6292
1656132600000,1223.47,1224.18,1223.0,1223.95,416.2058
1656132660000,1223.94,1223.95,1223.37,1223.46,81.3243
1656132720000,1223.45,1223.99,1223.4,1223.88,265.3012
1656132780000,1223.89,1223.89,1223.16,1223.47,241.2407
1656132840000,1223.48,1223.51,1220.37,1220.94,370.9981
1656132900000,1220.95,1220.95,1218.92,1219.24,624.1376
1656132960000,1219.24,1222.13,1218.53,1221.98,439.1847
1656133020000,1221.97,1221.97,1219.55,1220.0,384.0301
1656133080000,1220.0,1221.42,1219.64,1221.2,429.8849
1656133140000,1221.2,1221.47,1220.82,1221.3,140.1757
1656133200000,1221.3,1222.48,1220.57,1221.9,410.6226
1656133260000,1221.9,1222.77,1221.66,1222.29,336.7831
1656133320000,1222.29,1222.3,1220.66,1220.9,615.0582
1656133380000,1220.9,1221.4,1220.29,1220.94,287.7906
1656133440000,1220.93,1222.64,1220.74,1222.52,199.8596
1656133500000,1222.49,1222.99,1222.4,1222.72,205.5445
1656133560000,1222.71,1222.72,1219.97,1219.97,382.1435
1656133620000,1219.98,1220.52,1219.89,1220.03,238.8983
1656133680000,1220.02,1220.03,1219.04,1219.39,275.0665
1656133740000,1219.27,1219.94,1219.23,1219.24,179.0831
1656133800000,1219.24,1219.35,1218.73,1219.31,380.7107
1656133860000,1219.3,1222.54,1219.3,1222.53,470.9718
1656133920000,1222.54,1224.73,1222.53,1224.39,387.3053
1656133980000,1224.39,1224.95,1223.76,1223.9,326.5176
1656134040000,1223.91,1224.22,1223.58,1223.74,143.1758
1656134100000,1223.73,1224.4,1222.1,1222.38,847.65
1656134160000,1222.39,1223.12,1222.13,1222.41,190.1914
1656134220000,1222.41,1223.26,1222.14,1223.26,352.2349
1656134280000,1223.25,1224.15,1222.3,1224.14,418.402
1656134340000,1224.14,1224.9,1223.89,1224.67,602.2025
1656134400000,1224.67,1225.63,1224.66,1225.14,610.0668
1656134460000,1225.13,1229.98,1225.13,1227.51,3013.9703
1656134520000,1227.5,1229.54,1227.5,1229.19,780.0137
1656134580000,1229.18,1229.2,1227.51,1228.61,645.4243
1656134640000,1228.6,1229.5,1227.57,1227.57,609.5511
1656134700000,1227.58,1229.25,1227.57,1228.55,713.2207
1656134760000,1228.55,1229.12,1228.29,1228.5,271.2127
1656134820000,1228.49,1229.24,1227.85,1227.86,860.5184
1656134880000,1227.85,1227.97,1225.48,1226.77,631.1383
1656134940000,1226.77,1227.99,1226.72,1227.33,327.0586
1656135000000,1227.34,1228.57,1226.9,1228.56,338.1045
1656135060000,1228.56,1228.57,1226.79,1227.8,724.6392
1656135120000,1227.79,1228.85,1227.38,1228.8,523.7921
1656135180000,1228.8,1229.96,1228.25,1228.57,544.044
1656135240000,1228.56,1228.57,1226.52,1227.49,400.548
1656135300000,1227.49,1227.53,1226.22,1226.22,407.3081
1656135360000,1226.23,1227.28,1225.14,1226.78,350.735
1656135420000,1226.77,1227.43,1225.99,1226.23,175.9458
1656135480000,1226.23,1226.73,1225.41,1225.48,145.656
1656135540000,1225.48,1226.11,1225.42,1226.1,187.3457
1656135600000,1226.1,1226.67,1223.31,1224.63,745.4321
1656135660000,1224.64,1224.9,1223.21,1224.53,538.9126
1656135720000,1224.53,1224.72,1223.01,1224.1,1946.5602
1656135780000,1224.09,1224.47,1223.01,1223.6,1164.436
1656135840000,1223.59,1224.41,1223.06,1223.71,831.1146
1656135900000,1223.72,1225.81,1222.64,1225.8,537.2251
1656135960000,1225.81,1225.81,1225.0,1225.22,116.0758
1656136020000,1225.22,1226.23,1223.77,1224.13,521.4144
1656136080000,1224.14,1224.73,1223.83,1224.73,132.29
1656136140000,1224.72,1225.85,1224.72,1225.63,172.8584
1656136200000,1225.63,1226.01,1225.35,1226.01,116.176
1656136260000,1226.01,1226.42,1225.28,1225.3,206.8373
1656136320000,1225.31,1225.49,1224.53,1225.12,236.6372
1656136380000,1225.13,1225.71,1225.12,1225.3,143.9447
1656136440000,1225.31,1225.61,1224.71,1224.9,87.7187
1656136500000,1224.9,1226.35,1224.54,1225.66,1295.6633
1656136560000,1225.66,1226.06,1224.86,1225.91,429.3304
1656136620000,1225.91,1225.99,1221.77,1221.82,806.6898
1656136680000,1221.82,1222.34,1221.0,1221.01,263.9988
1656136740000,1221.01,1221.28,1218.28,1218.87,466.462
1656136800000,1218.88,1219.67,1217.77,1217.83,710.7823
1656136860000,1217.83,1218.28,1216.89,1217.12,1467.5317
1656136920000,1217.11,1217.82,1216.48,1216.61,1019.8517
1656136980000,1216.61,1218.67,1216.51,1218.15,1005.6566
1656137040000,1218.15,1219.27,1217.44,1218.81,951.5821
1656137100000,1218.81,1219.08,1218.12,1218.53,211.108
1656137160000,1218.54,1218.89,1217.71,1217.96,391.9869
1656137220000,1217.95,1218.16,1216.58,1216.65,423.8878
1656137280000,1216.65,1217.04,1216.09,1216.5,399.436
1656137340000,1216.5,1217.21,1216.5,1217.2,142.8404
1656137400000,1217.2,1217.43,1216.59,1216.81,158.9942
1656137460000,1216.8,1217.23,1216.12,1216.52,363.9638
1656137520000,1216.54,1216.8,1216.21,1216.52,215.2105
1656137580000,1216.52,1218.53,1216.51,1218.16,861.5034
1656137640000,1218.16,1220.52,1217.92,1220.52,809.3456
1656137700000,1220.51,1220.52,1218.82,1218.82,163.2848
1656137760000,1218.83,1218.97,1217.83,1218.09,291.0294
1656137820000,1218.1,1219.12,1218.09,1218.9,130.1165
1656137880000,1218.9,1220.67,1218.76,1220.54,209.8424
1656137940000,1220.54,1221.27,1220.12,1221.08,198.092
1656138000000,1221.08,1221.7,1220.44,1221.69,120.2889
1656138060000,1221.7,1222.12,1221.69,1222.04,110.4009
1656138120000,1222.05,1222.05,1220.86,1221.24,254.9505
1656138180000,1221.25,1221.25,1217.64,1217.81,872.1871
1656138240000,1217.78,1218.35,1216.0,1217.44,1886.7848
1656138300000,1217.44,1217.44,1214.47,1215.15,1169.4199
1656138360000,1215.15,1216.01,1212.26,1213.22,732.1649
1656138420000,1213.21,1214.15,1212.59,1212.6,442.6531
1656138480000,1212.6,1214.89,1212.28,1214.5,856.8581
1656138540000,1214.51,1214.51,1210.68,1210.88,1155.1853
1656138600000,1210.88,1214.21,1210.83,1213.48,1287.6779
1656138660000,1213.48,1213.53,1212.32,1213.39,161.1087
1656138720000,1213.39,1213.52,1212.45,1212.59,244.8519
1656138780000,1212.59,1212.59,1211.31,1211.63,335.939
1656138840000,1211.63,1213.87,1211.63,1213.58,398.4193
1656138900000,1213.58,1213.85,1213.07,1213.59,123.4169
1656138960000,1213.59,1214.28,1213.34,1213.34,503.0989
1656139020000,1213.34,1213.35,1212.5,1213.34,207.295
1656139080000,1213.35,1214.14,1212.81,1214.13,214.704
1656139140000,1214.14,1215.69,1213.82,1215.68,331.3721
1656139200000,1215.69,1217.04,1215.68,1216.37,335.1467
1656139260000,1216.37,1217.36,1216.05,1216.86,520.8011
1656139320000,1216.86,1217.27,1216.45,1216.67,84.5704
1656139380000,1216.67,1217.18,1216.37,1216.65,249.7555
1656139440000,1216.65,1217.16,1216.27,1216.77,346.8964
1656139500000,1216.76,1219.38,1216.46,1219.23,1569.6929
1656139560000,1219.23,1219.23,1218.41,1218.7,208.8875
1656139620000,1218.7,1218.71,1217.92,1217.97,147.7944
1656139680000,1217.98,1218.21,1215.66,1215.75,330.8283
1656139740000,1215.74,1216.58,1214.82,1216.0,319.7979
1656139800000,1216.01,1217.86,1216.0,1217.55,263.0499
1656139860000,1217.54,1218.68,1217.0,1217.13,508.2534
1656139920000,1217.14,1217.69,1216.41,1217.56,432.4175
1656139980000,1217.56,1217.78,1217.03,1217.41,77.446
1656140040000,1217.4,1217.77,1217.25,1217.77,80.6743
1656140100000,1217.76,1217.77,1216.79,1217.44,352.1351
1656140160000,1217.44,1218.16,1217.43,1218.15,134.2961
1656140220000,1218.15,1219.69,1217.6,1219.69,386.3765
1656140280000,1219.69,1220.29,1219.02,1220.29,399.1961
1656140340000,1220.28,1220.29,1218.58,1219.73,413.1281
1656140400000,1219.72,1221.0,1219.31,1220.02,862.1681
1656140460000,1220.02,1221.09,1219.75,1220.64,198.4159
1656140520000,1220.64,1222.58,1220.04,1221.57,758.7728
1656140580000,1221.57,1222.05,1221.01,1221.73,189.5326
1656140640000,1221.72,1221.75,1221.03,1221.35,163.2747
1656140700000,1221.35,1223.68,1221.34,1222.67,643.2225
1656140760000,1222.67,1225.54,1222.2,1223.54,1111.6883
1656140820000,1223.54,1224.98,1222.7,1223.32,1358.994
1656140880000,1223.32,1224.66,1222.63,1224.63,779.9661
1656140940000,1224.63,1226.55,1223.81,1226.25,2742.633
1656141000000,1226.25,1227.1,1225.17,1227.09,2037.0306
1656141060000,1227.1,1229.0,1226.86,1228.55,1730.7004
1656141120000,1228.55,1230.23,1228.26,1228.26,1917.0718
1656141180000,1228.26,1228.36,1226.25,1227.31,585.3154
1656141240000,1227.31,1229.53,1227.3,1228.42,661.731
1656141300000,1228.43,1233.19,1228.25,1232.19,2166.6134
1656141360000,1232.08,1232.1,1229.75,1229.96,1577.2904
1656141420000,1229.96,1233.0,1229.86,1232.88,1048.793
1656141480000,1232.88,1235.69,1232.87,1234.99,1165.1971
1656141540000,1235.0,1236.19,1232.72,1234.58,931.2884
1656141600000,1234.57,1235.04,1234.01,1234.85,575.9572
1656141660000,1234.84,1235.73,1234.58,1234.58,922.6248
1656141720000,1234.59,1237.5,1234.58,1236.48,1064.3252
1656141780000,1236.47,1238.43,1236.21,1237.38,934.7972
1656141840000,1237.38,1238.75,1237.27,1237.43,556.1398
1656141900000,1237.43,1237.85,1235.98,1237.57,829.9547
1656141960000,1237.56,1239.63,1237.19,1238.83,775.5131
1656142020000,1238.81,1239.11,1237.76,1237.92,416.2589
1656142080000,1237.92,1238.43,1236.28,1236.29,399.2986
1656142140000,1236.28,1237.66,1236.28,1236.87,460.2954
1656142200000,1236.88,1238.04,1235.99,1237.66,736.3106
1656142260000,1237.66,1239.47,1237.62,1237.85,670.0687
1656142320000,1237.84,1237.85,1232.44,1233.84,1726.5546
1656142380000,1233.84,1233.98,1232.36,1233.12,361.8506
1656142440000,1233.11,1235.79,1233.11,1235.18,398.4486
1656142500000,1235.17,1235.34,1234.17,1234.36,354.8707
1656142560000,1234.37,1239.33,1234.36,1234.8,1286.184
1656142620000,1234.81,1234.97,1229.83,1230.94,1453.7949
1656142680000,1230.94,1234.53,1230.07,1234.37,818.6298
1656142740000,1234.38,1235.07,1233.33,1235.06,695.4501
1656142800000,1235.07,1235.07,1232.92,1233.59,674.6731
1656142860000,1233.59,1234.26,1232.36,1232.88,663.9473
1656142920000,1232.88,1233.7,1231.41,1231.66,557.5881
1656142980000,1231.66,1232.32,1231.11,1231.24,433.3413
1656143040000,1231.25,1232.05,1231.11,1231.71,228.3611
1656143100000,1231.71,1231.86,1228.72,1230.28,2354.5193
1656143160000,1230.27,1231.33,1229.03,1231.16,661.5034
1656143220000,1231.16,1232.48,1231.03,1231.36,417.8556
1656143280000,1231.37,1231.53,1230.79,1231.37,443.9676
1656143340000,1231.38,1233.57,1231.37,1233.1,650.2313
1656143400000,1233.1,1233.78,1232.59,1232.59,224.5316
1656143460000,1232.6,1234.65,1232.17,1233.4,612.737
1656143520000,1233.4,1235.45,1233.03,1234.86,490.3569
1656143580000,1234.86,1234.92,1233.87,1234.24,265.4782
1656143640000,1234.25,1236.79,1234.24,1236.78,571.0364
1656143700000,1236.79,1236.9,1235.06,1236.7,502.843
1656143760000,1236.7,1236.9,1234.65,1235.98,441.1577
1656143820000,1235.98,1235.98,1234.66,1234.66,223.4697
1656143880000,1234.67,1235.19,1233.54,1234.66,417.1555
1656143940000,1234.65,1234.84,1233.74,1234.4,287.2438
1656144000000,1234.41,1235.84,1234.26,1234.8,642.8423
1656144060000,1234.8,1236.32,1234.63,1235.87,991.2925
1656144120000,1235.88,1237.67,1235.63,1237.18,659.1536
1656144180000,1237.19,1238.31,1236.7,1237.25,456.8878
1656144240000,1237.25,1237.92,1236.05,1236.06,549.4415
1656144300000,1236.05,1242.3,1235.37,1240.97,3983.9538
1656144360000,1240.97,1241.36,1236.99,1237.04,1009.9131
1656144420000,1237.06,1238.06,1234.05,1234.06,990.4463
1656144480000,1234.06,1236.67,1233.19,1234.84,572.4081
1656144540000,1234.84,1234.84,1232.72,1233.41,457.6674
1656144600000,1233.4,1233.41,1232.21,1233.11,362.5999
1656144660000,1233.11,1234.61,1232.71,1234.61,271.6074
1656144720000,1234.6,1234.61,1232.57,1233.28,255.7041
1656144780000,1233.28,1233.29,1232.11,1232.43,196.1974
1656144840000,1232.43,1232.85,1230.87,1230.87,1467.9128
1656144900000,1230.88,1232.79,1230.75,1231.01,1534.6283
1656144960000,1231.0,1231.45,1230.45,1230.49,362.9763
1656145020000,1230.5,1231.02,1229.3,1230.01,566.5496
1656145080000,1230.01,1230.84,1229.43,1229.56,226.6889
1656145140000,1229.56,1230.49,1229.55,1230.0,224.5689
1656145200000,1230.0,1230.36,1229.25,1229.25,934.8665
1656145260000,1229.25,1229.59,1228.07,1229.02,375.6056
1656145320000,1229.02,1229.46,1227.2,1229.43,876.7181
1656145380000,1229.43,1230.63,1228.78,1229.7,563.0957
1656145440000,1229.69,1233.96,1229.69,1233.42,525.4395
1656145500000,1233.42,1233.55,1231.78,1232.8,267.6942
1656145560000,1232.8,1232.8,1231.43,1231.43,214.9757
1656145620000,1231.44,1231.45,1230.02,1230.52,169.9669
1656145680000,1230.53,1230.89,1230.12,1230.53,159.5031
1656145740000,1230.52,1231.18,1230.25,1231.18,67.7712
1656145800000,1231.18,1231.28,1229.8,1229.81,247.5748
1656145860000,1229.8,1229.81,1227.89,1227.9,536.6273
1656145920000,1227.9,1228.81,1225.55,1226.31,1934.7724
1656145980000,1226.31,1226.83,1225.1,1226.23,2359.554
1656146040000,1226.23,1227.66,1225.02,1226.15,991.0322
1656146100000,1226.16,1227.28,1226.0,1226.15,280.5587
1656146160000,1226.14,1226.91,1226.04,1226.52,330.6355
1656146220000,1226.51,1226.68,1226.1,1226.29,249.2992
1656146280000,1226.29,1226.62,1226.23,1226.51,160.7466
1656146340000,1226.52,1227.23,1226.01,1226.05,268.6002
1656146400000,1226.04,1229.15,1225.22,1228.76,1620.8433
1656146460000,1228.76,1230.65,1227.0,1227.38,1109.5978
1656146520000,1227.39,1228.5,1227.38,1227.87,282.6954
1656146580000,1227.87,1228.46,1227.58,1227.96,196.4363
1656146640000,1227.96,1228.16,1226.34,1226.77,339.854
1656146700000,1226.77,1227.3,1226.27,1226.33,249.9663
1656146760000,1226.34,1227.52,1226.33,1226.5,201.7754
1656146820000,1226.5,1227.88,1226.45,1226.71,549.5863
1656146880000,1226.7,1227.7,1226.7,1226.99,101.8862
1656146940000,1226.99,1227.0,1226.26,1226.47,78.2662
1656147000000,1226.48,1227.39,1226.27,1226.77,257.9412
1656147060000,1226.77,1227.76,1226.68,1227.32,200.5446
1656147120000,1227.22,1227.56,1226.95,1227.45,110.5516
1656147180000,1227.45,1227.93,1226.94,1227.92,331.9639
1656147240000,1227.93,1229.91,1227.92,1228.74,425.663
1656147300000,1228.75,1229.85,1228.68,1229.71,326.4309
1656147360000,1229.71,1230.29,1228.84,1228.95,380.3115
1656147420000,1228.96,1229.09,1228.24,1229.08,188.1919
1656147480000,1229.09,1229.09,1228.44,1228.53,102.4738
1656147540000,1228.53,1228.54,1227.02,1227.02,282.5522
1656147600000,1227.02,1228.3,1226.97,1227.98,217.2947
1656147660000,1227.97,1228.16,1226.37,1226.6,666.362
1656147720000,1226.6,1226.61,1225.1,1225.15,404.7532
1656147780000,1225.15,1227.2,1224.42,1227.09,734.9363
1656147840000,1227.09,1227.1,1225.24,1225.24,232.1752
1656147900000,1225.24,1225.6,1223.89,1225.6,615.6316
1656147960000,1225.6,1226.28,1225.46,1225.46,865.2581
1656148020000,1225.46,1227.04,1225.46,1226.49,322.9122
1656148080000,1226.49,1226.9,1226.31,1226.33,154.1622
1656148140000,1226.33,1226.47,1226.18,1226.38,83.5351
1656148200000,1226.39,1228.0,1226.38,1227.6,355.3268
1656148260000,1227.59,1227.68,1227.18,1227.19,116.7646
1656148320000,1227.19,1228.42,1226.82,1227.84,387.0017
1656148380000,1227.84,1229.32,1227.84,1228.95,275.3896
1656148440000,1228.95,1229.14,1228.37,1229.04,187.8543
1656148500000,1229.04,1230.43,1228.45,1230.04,374.1035
1656148560000,1230.05,1230.2,1228.73,1228.74,291.9206
1656148620000,1228.73,1228.84,1227.77,1228.84,170.5582
1656148680000,1228.84,1229.53,1228.22,1229.4,276.0345
1656148740000,1229.43,1229.43,1228.25,1228.26,101.8624
1656148800000,1228.26,1229.15,1228.23,1229.07,132.9365
1656148860000,1229.07,1230.25,1229.05,1229.78,268.0729
1656148920000,1229.78,1230.71,1229.4,1230.7,301.3835
1656148980000,1230.71,1233.61,1230.29,1232.9,1078.4975
1656149040000,1232.91,1234.22,1232.63,1234.18,557.4625
1656149100000,1234.19,1234.19,1233.24,1233.44,187.8152
1656149160000,1233.43,1235.84,1233.31,1234.62,854.609
1656149220000,1234.63,1235.15,1233.76,1234.02,400.9843
1656149280000,1234.01,1234.51,1233.85,1234.42,173.821
1656149340000,1234.42,1234.74,1232.88,1233.02,258.7466
1656149400000,1233.02,1234.68,1233.01,1234.48,413.8589
1656149460000,1234.48,1236.23,1234.42,1236.23,454.3491
1656149520000,1236.22,1236.24,1235.16,1235.57,410.5934
1656149580000,1235.56,1236.24,1235.14,1236.23,371.7579
1656149640000,1236.23,1237.25,1234.3,1234.3,1383.3431
1656149700000,1234.31,1234.48,1232.55,1234.47,917.1423
1656149760000,1234.48,1235.36,1233.78,1233.99,365.7326
1656149820000,1234.0,1235.97,1233.99,1235.48,613.4394
1656149880000,1235.48,1235.74,1234.84,1235.74,198.0736
1656149940000,1235.74,1235.74,1234.32,1234.92,225.6276
1656150000000,1234.91,1234.92,1234.25,1234.29,241.7676
1656150060000,1234.3,1235.73,1234.14,1235.11,379.7841
1656150120000,1235.11,1235.62,1234.67,1235.04,280.8458
1656150180000,1235.03,1235.66,1234.59,1235.41,217.0728
1656150240000,1235.41,1236.2,1235.32,1235.6,419.9052
1656150300000,1235.6,1235.89,1233.81,1233.81,204.2201
1656150360000,1233.81,1233.82,1231.45,1232.06,235.8803
1656150420000,1232.06,1232.06,1228.49,1228.6,719.0262
1656150480000,1228.61,1230.0,1228.6,1229.89,601.6555
1656150540000,1229.9,1230.08,1229.22,1229.31,305.1307
1656150600000,1229.31,1229.31,1227.74,1227.86,622.4941
1656150660000,1227.85,1228.5,1226.97,1227.49,669.2385
1656150720000,1227.49,1229.37,1227.29,1228.26,429.7169
1656150780000,1228.25,1229.6,1227.89,1228.29,419.412
1656150840000,1228.3,1228.63,1227.85,1228.25,440.4216
1656150900000,1228.26,1228.47,1228.09,1228.3,127.1074
1656150960000,1228.3,1228.55,1228.01,1228.29,221.8596
1656151020000,1228.29,1229.41,1227.16,1227.17,569.0023
1656151080000,1227.17,1227.17,1226.16,1226.22,629.9535
1656151140000,1226.22,1228.45,1225.94,1227.49,362.9299
1656151200000,1227.49,1228.04,1226.71,1228.0,387.3083
1656151260000,1228.0,1228.15,1226.5,1226.88,410.7469
1656151320000,1226.87,1227.09,1225.79,1226.43,228.1022
1656151380000,1226.43,1226.86,1225.78,1226.43,228.5234
1656151440000,1226.44,1227.36,1226.43,1226.97,234.3404
1656151500000,1226.97,1226.97,1225.71,1226.0,212.438
1656151560000,1226.01,1227.67,1226.0,1227.06,165.4701
1656151620000,1227.07,1228.96,1227.06,1228.71,778.8787
1656151680000,1228.7,1228.71,1227.32,1227.86,351.3254
1656151740000,1227.87,1229.26,1227.86,1228.81,229.0933
1656151800000,1228.8,1228.81,1227.7,1228.42,214.3627
1656151860000,1228.43,1229.37,1227.98,1228.69,292.5819
1656151920000,1228.7,1230.99,1228.69,1230.46,544.4566
1656151980000,1230.45,1231.84,1230.45,1231.59,619.344
1656152040000,1231.6,1232.58,1231.55,1232.48,262.3444
1656152100000,1232.47,1233.53,1232.43,1232.55,313.1126
1656152160000,1232.56,1232.61,1230.55,1230.56,413.7846
1656152220000,1230.55,1232.27,1230.55,1230.89,416.4383
1656152280000,1230.9,1231.34,1230.74,1230.75,292.9537
1656152340000,1230.76,1231.08,1230.75,1231.07,155.188
1656152400000,1231.08,1231.74,1230.83,1231.11,236.1383
1656152460000,1231.11,1231.11,1228.73,1228.73,260.6366
1656152520000,1228.73,1228.97,1227.35,1227.44,344.8104
1656152580000,1227.44,1227.51,1226.01,1226.13,280.4141
1656152640000,1226.13,1226.14,1224.45,1224.56,606.6178
1656152700000,1224.56,1225.51,1224.31,1224.57,615.095
1656152760000,1224.56,1224.75,1221.19,1221.69,1150.5033
1656152820000,1221.69,1223.59,1220.92,1222.33,970.8063
1656152880000,1222.33,1223.04,1221.54,1223.04,1603.5754
1656152940000,1223.03,1223.16,1222.05,1222.06,374.8135
1656153000000,1222.05,1223.66,1221.46,1221.7,730.7899
1656153060000,1221.71,1222.23,1220.12,1221.13,498.9811
1656153120000,1221.13,1221.32,1220.32,1220.33,417.3301
1656153180000,1220.33,1222.19,1220.15,1220.49,589.858
1656153240000,1220.5,1221.37,1220.16,1220.58,413.384
1656153300000,1220.58,1221.23,1220.0,1220.11,363.024
1656153360000,1220.11,1220.94,1219.3,1220.93,1664.2421
1656153420000,1220.94,1221.2,1220.0,1220.01,389.0425
1656153480000,1220.01,1220.75,1219.46,1220.57,407.7451
1656153540000,1220.57,1220.9,1220.0,1220.78,197.3872
1656153600000,1220.79,1220.94,1220.0,1220.36,422.8415
1656153660000,1220.36,1223.01,1220.35,1223.0,780.3422
1656153720000,1223.0,1224.52,1222.49,1223.8,292.0946
1656153780000,1223.8,1224.99,1223.8,1224.7,365.4248
1656153840000,1224.7,1226.11,1224.38,1225.2,521.6753
1656153900000,1225.21,1226.1,1224.02,1224.76,292.8512
1656153960000,1224.76,1224.87,1224.33,1224.33,137.6518
1656154020000,1224.33,1224.57,1224.03,1224.04,150.4352
1656154080000,1224.04,1224.1,1222.69,1223.01,204.9796
1656154140000,1223.01,1223.53,1223.0,1223.52,156.4782
1656154200000,1223.53,1226.31,1223.52,1225.58,253.9458
1656154260000,1225.58,1226.5,1225.58,1226.1,155.6756
1656154320000,1226.1,1227.06,1225.63,1225.75,315.7665
1656154380000,1225.75,1225.76,1222.62,1224.42,296.7237
1656154440000,1224.43,1225.43,1224.19,1225.42,293.1956
1656154500000,1225.43,1226.78,1225.42,1225.98,251.2599
1656154560000,1225.97,1226.18,1225.34,1225.96,97.2764
1656154620000,1225.96,1226.83,1225.71,1225.76,161.7582
1656154680000,1225.77,1226.61,1225.76,1226.13,158.8244
1656154740000,1226.12,1226.72,1226.09,1226.09,150.1115
1656154800000,1226.09,1226.83,1225.91,1226.6,206.7012
1656154860000,1226.6,1226.94,1225.0,1225.33,438.4877
1656154920000,1225.32,1226.02,1225.32,1225.42,120.4704
1656154980000,1225.43,1225.66,1225.0,1225.57,169.8586
1656155040000,1225.56,1225.66,1224.84,1224.99,313.386
1656155100000,1224.99,1226.1,1224.99,1225.39,166.6066
1656155160000,1225.39,1227.04,1225.39,1226.84,174.3756
1656155220000,1226.84,1227.33,1225.24,1225.83,318.6445
1656155280000,1225.83,1225.83,1222.97,1223.03,338.3943
1656155340000,1223.04,1224.94,1223.03,1224.94,230.5351
1656155400000,1224.93,1227.06,1224.93,1226.77,377.2939
1656155460000,1226.76,1227.82,1226.66,1227.66,327.1638
1656155520000,1227.66,1230.07,1227.35,1230.06,1059.6247
1656155580000,1230.07,1230.6,1228.75,1229.47,617.1476
1656155640000,1229.47,1230.13,1229.16,1229.94,203.1978
1656155700000,1229.95,1230.02,1228.88,1229.62,398.9055
1656155760000,1229.62,1231.24,1229.03,1230.19,599.9058
1656155820000,1230.19,1230.42,1229.26,1229.68,198.647
1656155880000,1229.67,1230.0,1228.88,1229.25,218.8567
1656155940000,1229.26,1229.4,1228.12,1228.12,186.7858
1656156000000,1228.13,1228.13,1226.97,1227.49,301.2757
1656156060000,1227.49,1227.8,1227.13,1227.27,155.183
1656156120000,1227.26,1227.68,1225.7,1226.45,455.7351
1656156180000,1226.45,1226.46,1224.78,1226.21,332.1628
1656156240000,1226.21,1229.8,1225.98,1229.38,477.7208
1656156300000,1229.38,1229.66,1227.59,1227.94,374.003
1656156360000,1227.95,1229.66,1227.72,1229.24,326.0454
1656156420000,1229.23,1229.24,1228.1,1228.62,159.2239
1656156480000,1228.63,1229.0,1228.42,1229.0,214.9592
1656156540000,1229.0,1229.0,1228.34,1228.44,95.9167
1656156600000,1228.44,1228.8,1223.95,1224.17,343.6986
1656156660000,1224.17,1224.66,1222.36,1222.54,303.1544
1656156720000,1222.54,1224.38,1221.93,1222.29,481.3561
1656156780000,1222.29,1222.82,1222.01,1222.33,439.4592
1656156840000,1222.33,1222.34,1220.5,1220.71,658.9754
1656156900000,1220.7,1221.14,1219.49,1219.51,1631.0044
1656156960000,1219.51,1219.98,1217.97,1218.8,1452.9801
1656157020000,1218.81,1219.26,1218.35,1219.15,531.1932
1656157080000,1219.16,1219.59,1218.85,1219.0,368.5993
1656157140000,1219.01,1219.58,1218.11,1219.35,363.1162
1656157200000,1219.36,1219.36,1217.21,1217.32,456.8762
1656157260000,1217.33,1219.32,1217.14,1218.63,418.3325
1656157320000,1218.62,1219.56,1217.91,1218.47,391.0768
1656157380000,1218.47,1218.92,1218.04,1218.55,509.9762
1656157440000,1218.55,1219.25,1218.5,1218.81,295.1914
1656157500000,1218.8,1218.99,1215.71,1216.49,1141.6018
1656157560000,1216.51,1216.89,1213.01,1213.07,1404.893
1656157620000,1213.18,1215.07,1213.0,1214.6,559.0029
1656157680000,1214.6,1215.1,1214.36,1215.0,212.8433
1656157740000,1215.0,1215.73,1215.0,1215.48,273.5211
1656157800000,1215.48,1216.63,1215.37,1216.63,201.6225
1656157860000,1216.62,1216.88,1215.42,1215.42,324.8573
1656157920000,1215.43,1217.7,1215.36,1217.23,476.3547
1656157980000,1217.23,1217.23,1216.15,1216.49,353.8434
1656158040000,1216.48,1217.19,1216.48,1217.01,92.1659
1656158100000,1217.01,1217.28,1216.59,1217.14,214.5497
1656158160000,1217.16,1217.26,1216.27,1216.79,282.7799
1656158220000,1216.8,1217.36,1215.83,1216.86,303.8737
1656158280000,1216.87,1217.29,1216.36,1216.37,151.4154
1656158340000,1216.36,1217.34,1215.67,1217.16,371.4731
1656158400000,1217.16,1217.3,1216.57,1216.57,345.0866
1656158460000,1216.57,1218.08,1216.38,1217.58,480.5645
1656158520000,1217.54,1218.07,1217.1,1217.1,217.2257
1656158580000,1217.1,1218.2,1216.98,1218.2,634.2584
1656158640000,1218.19,1219.6,1217.94,1219.59,525.4307
1656158700000,1219.6,1219.6,1218.32,1218.32,264.4807
1656158760000,1218.33,1219.14,1218.32,1219.14,366.1997
1656158820000,1219.13,1219.48,1218.25,1218.26,273.8663
1656158880000,1218.26,1219.03,1218.25,1218.78,172.1204
1656158940000,1218.77,1218.97,1218.35,1218.52,210.3206
1656159000000,1218.51,1218.63,1212.88,1214.29,1107.4431
1656159060000,1214.29,1214.3,1208.0,1209.93,3062.6899
1656159120000,1209.93,1212.16,1209.1,1211.3,687.1503
1656159180000,1211.29,1211.84,1210.53,1211.09,656.1693
1656159240000,1211.09,1211.28,1210.38,1210.38,644.5295
1656159300000,1210.39,1211.61,1208.75,1209.32,490.0335
1656159360000,1209.33,1209.65,1205.82,1205.82,803.4664
1656159420000,1205.82,1207.68,1205.82,1207.41,682.8017
1656159480000,1207.41,1208.77,1207.35,1208.58,523.6124
1656159540000,1208.58,1208.58,1205.2,1206.26,885.5252
1656159600000,1206.26,1206.37,1201.84,1201.86,2207.3449
1656159660000,1201.86,1202.71,1194.49,1198.69,6734.5859
1656159720000,1198.69,1199.96,1197.95,1198.01,2741.4448
1656159780000,1198.0,1200.73,1197.52,1200.31,1144.3042
1656159840000,1200.31,1202.13,1200.3,1200.66,881.4709
1656159900000,1200.66,1201.12,1198.6,1199.1,615.1249
1656159960000,1199.1,1199.14,1196.59,1197.55,913.6198
1656160020000,1197.56,1197.98,1196.5,1196.63,581.5888
1656160080000,1196.63,1196.67,1191.13,1193.61,3686.1397
1656160140000,1193.6,1196.83,1193.01,1196.07,1321.4539
1656160200000,1196.08,1196.18,1190.0,1191.28,2367.5761
1656160260000,1191.28,1194.18,1189.25,1193.77,2173.0702
1656160320000,1193.77,1193.78,1191.73,1193.26,5467.9851
1656160380000,1193.25,1193.89,1192.41,1192.93,2341.5692
1656160440000,1192.92,1193.67,1190.02,1190.17,1484.1654
1656160500000,1190.17,1190.63,1188.32,1190.14,1689.3613
1656160560000,1190.14,1194.09,1190.13,1193.96,1457.6547
1656160620000,1193.97,1196.28,1193.52,1196.0,1065.2829
1656160680000,1196.01,1198.79,1196.0,1198.19,1359.2099
1656160740000,1198.2,1198.2,1193.0,1194.43,1065.2568
1656160800000,1194.42,1197.61,1194.42,1196.99,1069.9009
1656160860000,1197.0,1197.49,1195.87,1197.18,560.706
1656160920000,1197.16,1198.0,1196.72,1197.9,689.2881
1656160980000,1197.9,1198.0,1197.2,1197.76,534.3254
1656161040000,1197.75,1199.0,1197.21,1198.58,898.0211
1656161100000,1198.57,1203.06,1198.57,1202.18,1756.6503
1656161160000,1202.19,1203.26,1201.24,1201.53,976.8403
1656161220000,1201.53,1201.61,1200.16,1200.61,531.4685
1656161280000,1200.62,1200.62,1197.31,1197.74,1086.3292
1656161340000,1197.75,1198.26,1195.67,1198.26,837.4026
1656161400000,1198.25,1199.57,1192.97,1194.2,1651.6632
1656161460000,1194.2,1196.67,1193.69,1195.56,592.0211
1656161520000,1195.55,1197.17,1195.01,1195.26,715.1701
1656161580000,1195.26,1195.73,1194.49,1195.67,501.9175
1656161640000,1195.66,1196.54,1195.18,1196.15,312.1333
1656161700000,1196.14,1196.89,1194.89,1194.97,460.6357
1656161760000,1194.97,1196.69,1194.96,1195.82,323.4703
1656161820000,1195.83,1196.48,1195.0,1195.18,525.313
1656161880000,1195.18,1195.62,1194.56,1194.57,749.1775
1656161940000,1194.56,1197.31,1194.0,1196.82,759.7643
1656162000000,1196.83,1197.31,1195.46,1195.59,541.6395
1656162060000,1195.47,1196.0,1194.09,1194.79,573.913
1656162120000,1194.79,1194.8,1192.42,1193.7,929.9274
1656162180000,1193.7,1193.7,1192.44,1193.45,491.977
1656162240000,1193.45,1193.46,1189.91,1189.91,700.2117
1656162300000,1189.91,1191.4,1189.45,1190.87,1150.5219
1656162360000,1190.91,1193.42,1190.91,1192.93,447.8059
1656162420000,1192.93,1194.46,1192.61,1194.46,552.9305
1656162480000,1194.46,1196.79,1194.26,1196.23,565.8501
1656162540000,1196.23,1197.08,1196.06,1196.3,523.2383
1656162600000,1196.3,1200.19,1196.3,1199.83,584.9007
1656162660000,1199.83,1200.28,1199.18,1199.56,615.4069
1656162720000,1199.57,1199.72,1197.76,1199.49,351.5846
1656162780000,1199.48,1199.55,1198.51,1199.18,689.4975
1656162840000,1199.19,1199.19,1197.09,1198.31,390.0128
1656162900000,1198.3,1200.48,1198.09,1199.74,1077.6931
1656162960000,1199.73,1199.73,1196.94,1197.84,411.7026
1656163020000,1197.83,1199.83,1197.0,1199.04,605.5197
1656163080000,1199.04,1199.39,1198.08,1199.25,439.0488
1656163140000,1199.26,1199.26,1198.0,1198.4,451.1902
1656163200000,1198.4,1198.81,1195.77,1196.54,351.3467
1656163260000,1196.55,1196.71,1194.84,1196.03,634.8934
1656163320000,1196.02,1196.03,1195.27,1195.93,261.7056
1656163380000,1195.93,1196.43,1195.73,1195.74,188.3251
1656163440000,1195.73,1196.61,1193.37,1193.9,816.6569
1656163500000,1193.89,1197.05,1193.17,1197.05,817.4129
1656163560000,1197.04,1197.05,1195.03,1195.56,304.0373
1656163620000,1195.57,1196.52,1193.68,1193.98,578.2209
1656163680000,1193.97,1195.92,1193.33,1195.25,628.1372
1656163740000,1195.24,1197.49,1194.41,1197.48,564.6238
1656163800000,1197.49,1199.11,1196.62,1198.29,602.187
1656163860000,1198.28,1198.54,1195.08,1195.08,383.7166
1656163920000,1195.09,1195.29,1193.94,1194.2,470.9759
1656163980000,1194.2,1195.91,1192.86,1193.33,661.2587
1656164040000,1193.34,1195.56,1193.34,1195.0,334.0377
1656164100000,1194.99,1195.58,1193.49,1193.83,598.9089
1656164160000,1193.84,1195.0,1193.83,1194.99,312.3691
1656164220000,1195.0,1195.31,1194.41,1195.3,96.5955
1656164280000,1195.31,1201.86,1195.3,1201.85,3211.5033
1656164340000,1201.86,1205.8,1201.03,1203.05,2754.6858
1656164400000,1203.06,1207.61,1201.85,1204.56,4640.1488
1656164460000,1204.57,1205.8,1204.0,1204.24,2116.1446
1656164520000,1204.24,1204.9,1203.29,1204.75,837.3548
1656164580000,1204.74,1204.91,1202.63,1203.74,804.6136
1656164640000,1203.74,1206.66,1203.0,1206.21,2361.8372
1656164700000,1206.2,1206.21,1204.84,1205.41,1498.6864
1656164760000,1205.41,1208.27,1204.38,1207.81,1507.8599
1656164820000,1207.82,1207.82,1204.44,1204.51,676.9907
1656164880000,1204.45,1205.12,1203.0,1203.6,755.6667
1656164940000,1203.59,1204.2,1202.94,1204.12,300.3247
1656165000000,1204.15,1204.17,1202.94,1203.1,335.2484
1656165060000,1203.1,1203.11,1202.22,1202.46,138.3819
1656165120000,1202.45,1204.74,1202.44,1204.35,330.1557
1656165180000,1204.35,1205.2,1204.01,1204.13,279.7719
1656165240000,1204.13,1204.14,1202.88,1203.13,317.2326
1656165300000,1203.12,1203.24,1202.59,1202.82,168.2212
1656165360000,1202.82,1202.83,1197.26,1198.73,2094.1289
1656165420000,1198.73,1199.03,1197.13,1197.88,1612.558
1656165480000,1197.89,1199.11,1197.5,1198.85,786.216
1656165540000,1198.84,1199.88,1197.92,1199.64,363.9579
1656165600000,1199.63,1200.37,1198.68,1198.95,496.4531
1656165660000,1198.96,1200.04,1198.06,1200.01,406.2646
1656165720000,1200.02,1202.3,1198.87,1199.66,721.4473
1656165780000,1199.65,1199.66,1198.27,1198.39,237.2252
1656165840000,1198.4,1200.3,1198.39,1199.86,462.3462
1656165900000,1199.89,1200.89,1199.0,1199.0,348.0512
1656165960000,1199.01,1199.27,1198.39,1198.4,197.953
1656166020000,1198.4,1198.41,1197.62,1198.21,606.5539
1656166080000,1198.2,1198.78,1197.8,1198.24,392.5896
1656166140000,1198.25,1198.75,1198.0,1198.73,140.9281
1656166200000,1198.73,1198.73,1195.35,1195.88,1129.3459
1656166260000,1195.88,1196.47,1194.29,1196.46,1988.6478
1656166320000,1196.46,1199.44,1195.61,1199.18,674.5474
1656166380000,1199.18,1202.47,1198.76,1202.19,708.1687
1656166440000,1202.18,1204.1,1202.18,1203.1,636.6666
1656166500000,1203.11,1204.35,1202.01,1204.32,244.4405
1656166560000,1204.32,1206.17,1202.79,1202.79,1107.4803
1656166620000,1202.79,1203.02,1201.0,1201.0,252.7686
1656166680000,1201.01,1201.93,1199.11,1201.42,654.3587
1656166740000,1201.41,1202.26,1200.37,1202.26,238.6077
1656166800000,1202.26,1202.82,1201.66,1202.69,335.6582
1656166860000,1202.7,1203.86,1201.1,1201.11,284.2311
1656166920000,1201.1,1201.32,1200.0,1200.88,338.5186
1656166980000,1200.88,1200.94,1197.54,1197.57,785.3383
1656167040000,1197.56,1198.45,1196.6,1196.96,1138.6322
1656167100000,1196.97,1197.63,1196.31,1196.44,326.7372
1656167160000,1196.45,1198.14,1194.1,1195.23,1769.4038
1656167220000,1195.22,1196.35,1194.81,1196.02,485.3951
1656167280000,1196.02,1196.31,1195.0,1195.1,417.0943
1656167340000,1195.1,1195.4,1192.7,1193.39,1153.3809
1656167400000,1193.39,1194.85,1193.27,1194.17,408.7165
1656167460000,1194.16,1195.19,1191.69,1191.85,683.726
1656167520000,1191.85,1194.11,1191.71,1192.69,804.8187
1656167580000,1192.7,1194.99,1192.69,1193.56,454.7069
1656167640000,1193.55,1194.46,1192.8,1193.35,383.5012
1656167700000,1193.42,1195.37,1192.82,1193.8,495.1582
1656167760000,1193.8,1194.78,1193.78,1194.76,196.5297
1656167820000,1194.77,1196.27,1194.44,1195.31,287.6103
1656167880000,1195.3,1197.58,1195.3,1197.39,443.9527
1656167940000,1197.39,1197.5,1194.45,1195.29,593.2871
1656168000000,1195.3,1195.77,1194.09,1195.72,355.5223
1656168060000,1195.73,1197.49,1195.72,1196.86,400.1433
1656168120000,1196.86,1197.48,1196.24,1196.68,223.4632
1656168180000,1196.69,1197.83,1196.29,1197.72,260.1301
1656168240000,1197.72,1197.73,1193.4,1193.96,567.4292
1656168300000,1193.97,1195.34,1193.86,1195.34,239.2696
1656168360000,1195.34,1198.1,1194.61,1197.62,428.8734
1656168420000,1197.62,1198.98,1197.5,1197.79,862.58
1656168480000,1197.79,1199.4,1197.79,1198.51,619.8576
1656168540000,1198.5,1199.3,1197.8,1198.94,562.661
1656168600000,1198.93,1199.27,1197.0,1197.01,159.2169
1656168660000,1197.0,1199.53,1197.0,1199.1,560.5815
1656168720000,1199.11,1199.11,1198.24,1198.44,255.9935
1656168780000,1198.45,1198.77,1197.76,1198.05,229.3784
1656168840000,1198.05,1198.2,1197.56,1197.85,241.1388
1656168900000,1197.86,1198.0,1196.92,1196.92,219.0216
1656168960000,1196.92,1197.3,1196.53,1197.02,205.4744
1656169020000,1197.03,1198.04,1196.83,1197.91,164.2308
1656169080000,1197.91,1198.48,1193.77,1194.59,481.529
1656169140000,1194.57,1194.97,1192.65,1193.8,1187.2486
1656169200000,1193.8,1194.66,1193.3,1193.31,780.0316
1656169260000,1193.3,1193.63,1192.42,1192.69,717.0365
1656169320000,1192.7,1193.46,1192.04,1193.46,397.1532
1656169380000,1193.45,1194.29,1193.4,1193.65,320.6575
1656169440000,1193.65,1193.66,1192.49,1192.99,483.2149
1656169500000,1192.99,1193.59,1192.01,1192.02,883.2635
1656169560000,1192.02,1192.13,1189.64,1190.15,2013.1173
1656169620000,1190.16,1193.95,1189.88,1193.33,881.9452
1656169680000,1193.28,1196.2,1193.14,1195.15,1593.0565
1656169740000,1195.16,1195.49,1192.57,1192.75,1051.2466
1656169800000,1192.75,1192.75,1190.41,1191.11,1250.0465
1656169860000,1191.11,1193.08,1190.9,1192.03,574.6928
1656169920000,1192.02,1194.37,1192.02,1192.51,565.1796
1656169980000,1192.51,1193.32,1192.47,1192.68,451.952
1656170040000,1192.69,1195.54,1192.67,1195.48,1145.0759
1656170100000,1195.49,1198.45,1194.85,1196.78,817.6596
1656170160000,1196.78,1198.35,1196.78,1197.21,406.8288
1656170220000,1197.21,1198.22,1195.92,1196.23,459.9427
1656170280000,1196.23,1197.81,1196.22,1197.81,256.1785
1656170340000,1197.81,1198.0,1196.99,1197.76,210.901
1656170400000,1197.77,1197.79,1196.15,1197.28,441.6028
1656170460000,1197.28,1197.29,1196.09,1196.09,241.8898
1656170520000,1196.09,1196.1,1193.59,1194.17,259.7609
1656170580000,1194.16,1195.43,1193.55,1194.4,445.843
1656170640000,1194.4,1195.63,1194.06,1195.35,342.9621
1656170700000,1195.35,1195.54,1194.08,1194.65,135.5917
1656170760000,1194.66,1197.08,1194.27,1196.7,570.2634
1656170820000,1196.7,1198.18,1196.66,1197.85,267.6326
1656170880000,1197.85,1198.99,1197.7,1198.4,456.5384
1656170940000,1198.39,1201.58,1198.04,1201.31,1013.8981
1656171000000,1201.3,1201.99,1200.84,1201.74,422.3475
1656171060000,1201.74,1203.64,1201.73,1202.42,549.8979
1656171120000,1202.42,1202.46,1200.63,1201.6,531.8804
1656171180000,1201.6,1201.89,1200.86,1201.01,329.612
1656171240000,1201.01,1202.56,1200.9,1201.2,428.5912
1656171300000,1201.21,1201.84,1201.2,1201.55,190.4768
1656171360000,1201.54,1201.89,1201.14,1201.22,237.052
1656171420000,1201.21,1201.22,1199.78,1201.01,228.5251
1656171480000,1201.0,1201.01,1200.31,1200.48,217.9166
1656171540000,1200.48,1200.79,1199.59,1200.78,355.9558
1656171600000,1200.78,1201.7,1200.6,1201.44,401.5809
1656171660000,1201.43,1202.25,1200.85,1201.67,263.59
1656171720000,1201.67,1202.25,1201.12,1201.71,417.9391
1656171780000,1201.7,1201.77,1198.88,1199.34,758.3363
1656171840000,1199.33,1199.34,1197.57,1197.84,376.8312
1656171900000,1197.84,1198.21,1195.0,1195.49,445.1462
1656171960000,1195.48,1195.62,1193.0,1193.44,574.5266
1656172020000,1193.45,1193.45,1191.56,1192.36,1912.2462
1656172080000,1192.37,1194.99,1191.82,1192.26,2126.6718
1656172140000,1192.26,1193.3,1192.26,1192.85,546.4783
1656172200000,1192.84,1193.24,1191.1,1191.12,986.6454
1656172260000,1191.11,1193.03,1182.45,1185.8,5931.6704
1656172320000,1185.81,1186.42,1183.95,1186.41,1658.2234
1656172380000,1186.42,1188.98,1185.26,1185.27,972.8379
1656172440000,1185.27,1185.89,1183.05,1184.37,1750.8127
1656172500000,1184.37,1186.43,1181.83,1185.12,1634.3932
1656172560000,1185.13,1185.88,1183.23,1183.59,638.1458
1656172620000,1183.59,1184.5,1182.5,1184.07,1036.8565
1656172680000,1184.08,1184.34,1183.08,1183.92,784.4258
1656172740000,1183.91,1185.09,1183.57,1183.94,451.8832
1656172800000,1183.94,1184.51,1182.61,1182.8,871.1389
1656172860000,1182.79,1183.56,1182.64,1183.36,419.9466
1656172920000,1183.36,1184.06,1182.78,1182.79,725.4394
1656172980000,1182.79,1182.79,1180.09,1181.68,1105.5297
1656173040000,1181.69,1185.7,1180.0,1185.7,2564.1338
1656173100000,1185.69,1186.71,1182.49,1183.26,644.9486
1656173160000,1183.26,1183.37,1181.79,1182.73,623.3382
1656173220000,1182.73,1185.32,1182.45,1185.21,892.5048
1656173280000,1185.22,1186.81,1184.54,1186.28,512.1502
1656173340000,1186.15,1187.9,1185.99,1187.79,547.6667
1656173400000,1187.79,1188.89,1187.11,1187.73,689.2339
1656173460000,1187.73,1187.86,1186.05,1186.3,477.9827
1656173520000,1186.31,1188.55,1185.48,1188.46,398.3098
1656173580000,1188.47,1189.15,1186.78,1188.22,776.9683
1656173640000,1188.22,1188.99,1187.2,1187.4,369.544
1656173700000,1187.4,1189.2,1187.33,1189.04,269.8551
1656173760000,1189.04,1189.15,1188.11,1189.15,252.9773
1656173820000,1189.15,1189.15,1187.55,1187.88,204.8332
1656173880000,1187.87,1188.96,1187.29,1188.3,394.8564
1656173940000,1188.3,1189.38,1188.3,1189.37,158.876
1656174000000,1189.37,1190.38,1189.27,1190.18,471.0316
1656174060000,1190.19,1190.97,1187.5,1188.18,341.9039
1656174120000,1188.18,1188.93,1187.62,1188.49,315.1239
1656174180000,1188.48,1190.46,1188.48,1189.91,370.0772
1656174240000,1189.92,1190.81,1189.1,1189.29,430.7782
1656174300000,1189.29,1189.34,1188.25,1188.26,277.4845
1656174360000,1188.26,1188.87,1187.57,1187.58,247.7667
1656174420000,1187.57,1188.16,1185.93,1187.94,449.5459
1656174480000,1187.94,1188.26,1186.33,1187.98,486.4148
1656174540000,1187.99,1187.99,1185.15,1186.24,598.4571
1656174600000,1186.24,1187.79,1186.23,1187.68,447.2142
1656174660000,1187.69,1189.36,1187.68,1189.35,348.2065
1656174720000,1189.36,1190.18,1188.77,1189.77,264.704
1656174780000,1189.77,1191.8,1189.29,1191.6,918.5817
1656174840000,1191.6,1193.2,1190.18,1192.84,898.7473
1656174900000,1192.83,1194.6,1192.03,1192.55,1443.8423
1656174960000,1192.55,1193.42,1191.68,1193.37,641.1311
1656175020000,1193.37,1193.92,1192.81,1193.81,249.0427
1656175080000,1193.81,1194.6,1193.51,1194.05,497.1722
1656175140000,1194.04,1194.1,1192.16,1193.68,412.963
1656175200000,1193.68,1193.72,1191.84,1192.46,258.2105
1656175260000,1192.45,1193.88,1192.19,1193.34,576.6452
1656175320000,1193.35,1193.61,1193.0,1193.14,264.7833
1656175380000,1193.13,1193.42,1192.18,1192.59,231.4345
1656175440000,1192.59,1193.19,1192.34,1193.05,164.5857
1656175500000,1193.05,1193.37,1191.44,1192.69,293.3294
1656175560000,1192.69,1193.37,1192.51,1192.52,155.6568
1656175620000,1192.52,1193.23,1192.31,1192.8,223.0899
1656175680000,1192.8,1193.15,1192.17,1193.14,119.4992
1656175740000,1193.15,1194.17,1192.67,1194.0,248.4603
1656175800000,1194.0,1194.51,1193.5,1194.5,153.7969
1656175860000,1194.5,1194.6,1193.26,1193.49,181.4793
1656175920000,1193.48,1193.72,1193.21,1193.39,129.4068
1656175980000,1193.38,1193.65,1193.03,1193.05,136.9242
1656176040000,1193.05,1194.31,1192.24,1194.31,369.8777
1656176100000,1194.3,1194.38,1193.17,1193.18,231.0529
1656176160000,1193.17,1193.28,1192.5,1192.81,116.6819
1656176220000,1192.8,1193.32,1192.73,1193.11,153.6882
1656176280000,1193.11,1193.75,1193.11,1193.75,98.2611
1656176340000,1193.74,1193.75,1192.51,1193.23,227.1981
1656176400000,1193.23,1193.73,1188.33,1188.63,2438.5833
1656176460000,1188.63,1189.47,1187.39,1188.38,463.8289
1656176520000,1188.38,1189.8,1187.53,1188.68,1420.9927
1656176580000,1188.69,1190.74,1188.62,1190.34,587.3386
1656176640000,1190.35,1190.91,1189.77,1190.6,248.0201
1656176700000,1190.6,1190.6,1187.39,1187.73,482.8016
1656176760000,1187.73,1190.0,1187.73,1189.99,279.9824
1656176820000,1189.99,1190.0,1189.4,1190.0,182.1079
1656176880000,1189.99,1190.68,1188.0,1190.29,514.8315
1656176940000,1190.3,1192.73,1190.29,1191.73,584.2213
1656177000000,1191.73,1192.41,1190.9,1191.16,187.6864
1656177060000,1191.16,1191.87,1190.14,1190.51,228.2729
1656177120000,1190.5,1190.93,1189.74,1189.75,189.6604
1656177180000,1189.75,1191.32,1189.73,1191.31,212.0251
1656177240000,1191.31,1191.32,1190.48,1190.82,146.4832
1656177300000,1190.83,1191.78,1190.57,1191.69,165.0458
1656177360000,1191.69,1191.7,1191.32,1191.52,115.4435
1656177420000,1191.52,1191.75,1190.21,1191.65,483.6461
1656177480000,1191.65,1191.65,1190.99,1191.29,109.8266
1656177540000,1191.3,1191.99,1191.2,1191.99,212.4268
1656177600000,1191.98,1193.0,1191.98,1193.0,156.6035
1656177660000,1193.0,1193.0,1192.03,1192.32,152.1498
1656177720000,1192.32,1192.36,1191.47,1192.35,201.1192
1656177780000,1192.36,1192.4,1191.79,1191.81,103.9989
1656177840000,1191.81,1191.94,1190.43,1190.46,361.9707
1656177900000,1190.46,1193.14,1190.45,1192.91,269.2783
1656177960000,1192.9,1194.18,1192.48,1194.17,369.8372
1656178020000,1194.18,1199.37,1194.06,1196.74,4071.446
1656178080000,1196.74,1201.57,1196.21,1198.16,2543.9504
1656178140000,1198.16,1199.11,1198.05,1198.15,361.957
1656178200000,1198.15,1203.58,1198.14,1201.57,5160.4265
1656178260000,1201.56,1203.2,1201.05,1202.24,1386.0023
1656178320000,1202.24,1203.21,1201.5,1201.51,568.1901
1656178380000,1201.51,1201.99,1200.78,1200.96,570.0812
1656178440000,1200.96,1201.38,1200.34,1200.7,761.1785
1656178500000,1200.69,1202.24,1200.42,1202.12,449.5015
1656178560000,1202.12,1202.57,1199.53,1199.59,515.2421
1656178620000,1199.58,1200.42,1198.97,1199.11,425.4391
1656178680000,1199.11,1199.37,1197.48,1197.85,758.0049
1656178740000,1197.86,1198.35,1196.53,1196.74,487.4008
1656178800000,1196.74,1197.7,1196.74,1197.62,147.3022
1656178860000,1197.62,1198.0,1196.93,1197.54,149.5244
1656178920000,1197.55,1198.0,1196.93,1197.97,222.1723
1656178980000,1197.97,1198.19,1196.96,1197.4,315.6192
1656179040000,1197.4,1197.41,1196.11,1196.41,249.4101
1656179100000,1196.41,1196.42,1195.08,1195.65,289.575
1656179160000,1195.66,1196.91,1195.6,1196.64,340.3813
1656179220000,1196.63,1197.91,1196.5,1196.5,183.1663
1656179280000,1196.5,1197.8,1196.49,1197.38,164.5464
1656179340000,1197.37,1197.56,1197.32,1197.35,94.071
1656179400000,1197.35,1197.46,1196.5,1196.5,361.2521
1656179460000,1196.51,1197.14,1196.2,1196.81,200.2736
1656179520000,1196.81,1197.79,1196.81,1197.7,180.6772
1656179580000,1197.7,1198.02,1197.35,1197.92,127.2259
1656179640000,1197.92,1199.97,1197.63,1198.93,381.1024
1656179700000,1199.02,1199.03,1196.75,1197.13,267.0548
1656179760000,1197.13,1197.26,1195.33,1196.29,507.7699
1656179820000,1196.29,1197.83,1196.21,1197.18,249.9261
1656179880000,1197.19,1197.26,1195.78,1195.82,455.5892
1656179940000,1195.83,1197.01,1195.82,1196.43,155.2342
1656180000000,1196.42,1197.0,1196.0,1196.09,170.9223
1656180060000,1196.08,1196.91,1195.5,1195.62,739.0275
1656180120000,1195.61,1196.6,1195.61,1196.6,165.452
1656180180000,1196.59,1196.9,1196.03,1196.7,304.6827
1656180240000,1196.7,1197.27,1196.53,1197.27,143.5413
1656180300000,1197.27,1197.68,1196.51,1196.78,238.6487
1656180360000,1196.77,1196.98,1196.03,1196.93,305.927
1656180420000,1196.93,1196.93,1196.18,1196.33,216.7416
1656180480000,1196.33,1196.99,1196.32,1196.86,139.1915
1656180540000,1196.85,1198.14,1196.48,1197.97,186.3728
1656180600000,1197.96,1197.97,1197.2,1197.23,190.1092
1656180660000,1197.23,1197.89,1197.05,1197.05,115.2492
1656180720000,1197.05,1197.24,1196.96,1196.98,150.1049
1656180780000,1196.97,1197.22,1195.62,1195.89,179.9967
1656180840000,1195.89,1196.34,1195.69,1195.96,303.238
1656180900000,1195.95,1196.18,1195.5,1195.79,449.5511
1656180960000,1195.8,1195.8,1195.5,1195.54,213.8468
1656181020000,1195.54,1195.55,1191.63,1193.13,3325.2755
1656181080000,1193.14,1195.07,1193.13,1195.01,160.7115
1656181140000,1195.01,1196.11,1195.0,1195.87,150.8821
1656181200000,1195.87,1196.85,1195.61,1196.84,163.3539
1656181260000,1196.85,1198.35,1196.62,1197.92,496.7061
1656181320000,1197.91,1198.39,1196.57,1196.7,376.0766
1656181380000,1196.7,1197.0,1195.66,1196.11,225.2953
1656181440000,1196.12,1197.87,1194.25,1194.26,1277.3797
1656181500000,1194.27,1195.86,1194.09,1195.38,302.0155
1656181560000,1195.39,1195.88,1194.78,1195.0,128.8252
1656181620000,1195.01,1195.73,1194.0,1194.01,258.9048
1656181680000,1194.01,1195.35,1194.0,1195.06,425.5348
1656181740000,1195.07,1195.27,1195.06,1195.26,47.5204
1656181800000,1195.27,1195.73,1194.06,1194.31,149.4729
1656181860000,1194.3,1195.09,1193.5,1194.11,262.811
1656181920000,1194.12,1194.5,1193.69,1194.5,132.6942
1656181980000,1194.49,1194.5,1193.68,1194.13,136.8423
1656182040000,1194.14,1194.14,1193.04,1193.56,175.0638
1656182100000,1193.55,1194.04,1193.04,1194.03,268.6142
1656182160000,1194.03,1194.82,1193.83,1194.45,98.3215
1656182220000,1194.46,1194.5,1193.85,1194.11,88.777
1656182280000,1194.11,1194.65,1194.11,1194.61,123.2928
1656182340000,1194.61,1195.52,1194.6,1195.51,218.2603
1656182400000,1195.52,1197.96,1195.51,1197.9,219.1539
1656182460000,1197.91,1198.33,1197.11,1198.28,286.8884
1656182520000,1198.27,1199.61,1198.27,1198.76,376.0128
1656182580000,1198.76,1201.94,1198.76,1200.79,1248.6892
1656182640000,1200.8,1200.83,1199.84,1200.06,431.6365
1656182700000,1200.05,1200.6,1198.01,1199.12,268.2111
1656182760000,1199.13,1199.13,1198.45,1198.51,60.7838
1656182820000,1198.52,1199.67,1198.36,1199.18,244.9414
1656182880000,1199.18,1200.0,1198.15,1198.16,239.9422
1656182940000,1198.15,1198.47,1197.6,1197.75,295.7083
1656183000000,1197.76,1199.49,1197.5,1199.49,348.4371
1656183060000,1199.49,1199.5,1198.67,1199.25,125.9482
1656183120000,1199.26,1199.98,1199.25,1199.89,137.2693
1656183180000,1199.89,1201.44,1199.52,1201.09,344.5782
1656183240000,1201.09,1201.34,1200.46,1201.11,179.642
1656183300000,1201.1,1213.61,1201.05,1208.75,8289.2266
1656183360000,1208.75,1211.22,1208.34,1210.02,6100.4931
1656183420000,1210.03,1210.46,1208.52,1209.68,1307.1969
1656183480000,1209.69,1211.46,1209.68,1210.33,1110.8567
1656183540000,1210.46,1213.28,1210.16,1212.05,1465.3862
1656183600000,1212.01,1214.57,1210.96,1211.41,1422.0353
1656183660000,1211.4,1211.63,1209.14,1209.88,595.0619
1656183720000,1209.89,1210.4,1208.34,1208.78,1324.9225
1656183780000,1208.78,1210.23,1208.64,1209.18,503.3822
1656183840000,1209.18,1209.43,1207.46,1207.81,520.8049
1656183900000,1207.82,1207.99,1206.79,1207.47,873.469
1656183960000,1207.47,1207.73,1206.86,1207.13,227.2996
1656184020000,1207.14,1207.62,1206.79,1207.09,343.93
1656184080000,1207.1,1208.87,1206.89,1208.24,264.842
1656184140000,1208.24,1209.73,1208.0,1209.48,264.2557
1656184200000,1209.47,1211.72,1209.0,1211.24,526.0888
1656184260000,1211.24,1211.88,1209.45,1210.05,349.6326
1656184320000,1210.05,1210.82,1209.67,1210.81,228.0219
1656184380000,1210.82,1213.33,1210.41,1212.44,801.3008
1656184440000,1212.43,1213.13,1210.72,1211.18,419.0908
1656184500000,1211.18,1211.32,1209.41,1209.41,334.3917
1656184560000,1209.42,1210.73,1209.08,1209.56,257.588
1656184620000,1209.56,1209.56,1208.25,1208.27,213.3549
1656184680000,1208.28,1208.28,1207.29,1208.08,233.1287
1656184740000,1208.08,1208.27,1207.49,1207.49,124.9807
1656184800000,1207.49,1207.89,1206.91,1207.42,176.0871
1656184860000,1207.42,1207.77,1207.1,1207.74,180.2836
1656184920000,1207.74,1207.93,1207.04,1207.78,149.3901
1656184980000,1207.79,1207.9,1207.27,1207.43,120.5285
1656185040000,1207.43,1207.43,1207.2,1207.2,83.4403
1656185100000,1207.21,1207.21,1205.5,1205.64,465.3231
1656185160000,1205.65,1205.65,1204.6,1205.17,285.264
1656185220000,1205.18,1205.51,1204.07,1204.4,224.4054
1656185280000,1204.4,1205.77,1204.4,1205.5,149.4402
1656185340000,1205.5,1205.55,1204.48,1204.67,137.3343
1656185400000,1204.68,1205.3,1204.34,1204.59,307.4936
1656185460000,1204.58,1205.09,1203.41,1203.7,186.2445
1656185520000,1203.7,1204.48,1203.12,1204.37,391.7122
1656185580000,1204.36,1204.81,1203.5,1204.63,413.232
1656185640000,1204.63,1205.26,1204.37,1204.66,393.1808
1656185700000,1204.67,1205.23,1203.92,1205.01,1935.9062
1656185760000,1205.01,1206.27,1204.47,1206.11,243.3969
1656185820000,1206.1,1206.17,1205.34,1205.7,149.6963
1656185880000,1205.71,1206.04,1204.71,1205.54,174.7264
1656185940000,1205.53,1206.0,1205.53,1205.89,114.8079
1656186000000,1205.9,1205.9,1204.95,1205.09,207.4788
1656186060000,1205.09,1205.15,1204.55,1205.14,180.9191
1656186120000,1205.14,1206.19,1204.51,1206.04,314.7389
1656186180000,1206.05,1206.27,1204.83,1204.83,203.0796
1656186240000,1204.83,1205.2,1204.76,1205.11,165.0833
1656186300000,1205.12,1205.24,1204.5,1205.23,307.9345
1656186360000,1205.24,1205.24,1204.73,1204.74,99.8059
1656186420000,1204.73,1205.19,1204.34,1204.34,250.9958
1656186480000,1204.35,1204.68,1204.31,1204.4,160.1626
1656186540000,1204.39,1205.37,1204.26,1205.08,204.345
1656186600000,1205.08,1205.09,1204.32,1204.33,152.8704
1656186660000,1204.33,1204.64,1202.75,1202.75,2344.6499
1656186720000,1202.76,1204.38,1202.69,1203.84,393.6555
1656186780000,1203.83,1204.1,1203.54,1204.09,118.5254
1656186840000,1204.09,1204.73,1204.09,1204.46,123.5897
1656186900000,1204.45,1205.48,1204.27,1205.46,161.2248
1656186960000,1205.47,1206.38,1205.24,1206.02,219.6417
1656187020000,1206.02,1206.2,1205.39,1205.46,133.634
1656187080000,1205.46,1206.0,1205.3,1205.59,291.9673
1656187140000,1205.59,1205.6,1205.1,1205.57,242.534
1656187200000,1205.57,1206.7,1205.34,1206.3,238.7692
1656187260000,1206.31,1207.0,1206.3,1206.79,194.0635
1656187320000,1206.79,1207.27,1206.61,1206.61,259.1248
1656187380000,1206.62,1207.15,1206.13,1206.71,235.32
1656187440000,1206.72,1206.72,1205.0,1205.78,815.5089
1656187500000,1205.78,1206.24,1205.51,1206.01,450.4049
1656187560000,1206.01,1208.0,1205.78,1207.57,180.6816
1656187620000,1207.57,1207.76,1206.52,1206.53,176.9302
1656187680000,1206.53,1206.67,1203.12,1203.44,358.0931
1656187740000,1203.44,1203.51,1201.45,1202.53,807.4091
1656187800000,1202.53,1204.52,1201.76,1203.73,304.6826
1656187860000,1203.74,1204.34,1202.82,1203.63,361.7074
1656187920000,1203.64,1204.7,1203.28,1204.7,163.7048
1656187980000,1204.7,1206.43,1204.67,1204.83,497.2503
1656188040000,1204.83,1206.65,1204.82,1206.13,150.9337
1656188100000,1206.13,1207.19,1206.07,1206.77,470.9137
1656188160000,1206.77,1207.57,1205.55,1205.87,184.2917
1656188220000,1205.88,1205.88,1203.08,1203.77,401.4856
1656188280000,1203.78,1204.53,1203.47,1204.32,170.7599
1656188340000,1204.32,1205.8,1204.15,1205.8,270.7324
1656188400000,1205.8,1206.07,1204.87,1204.88,239.9447
1656188460000,1204.88,1205.19,1204.01,1205.18,171.7694
1656188520000,1205.17,1205.5,1204.81,1205.46,73.9968
1656188580000,1205.46,1206.0,1205.18,1205.89,157.6888
1656188640000,1205.89,1206.36,1205.57,1205.83,110.2703
1656188700000,1205.82,1206.21,1204.7,1204.71,132.7414
1656188760000,1204.71,1206.28,1204.49,1205.84,229.3208
1656188820000,1205.84,1206.58,1205.74,1206.22,189.7505
1656188880000,1206.21,1206.53,1205.33,1205.57,140.1614
1656188940000,1205.58,1206.31,1205.57,1206.13,106.8305
1656189000000,1206.14,1206.47,1205.13,1205.17,315.6965
1656189060000,1205.18,1205.18,1203.84,1204.44,265.4688
1656189120000,1204.44,1205.23,1204.09,1205.22,69.4726
1656189180000,1205.22,1206.17,1205.22,1206.01,188.7732
1656189240000,1206.0,1206.1,1205.43,1205.7,113.397
1656189300000,1205.7,1205.7,1204.05,1204.05,147.0366
1656189360000,1204.06,1205.0,1204.05,1204.7,336.5579
1656189420000,1204.69,1204.81,1204.24,1204.36,51.5644
1656189480000,1204.36,1204.91,1204.36,1204.53,121.8692
1656189540000,1204.53,1205.06,1203.95,1205.06,206.012
1656189600000,1205.06,1206.64,1205.05,1206.64,148.3105
1656189660000,1206.64,1206.64,1205.0,1205.01,220.0027
1656189720000,1205.01,1205.01,1203.78,1204.33,229.3185
1656189780000,1204.33,1204.38,1203.57,1204.37,99.8906
1656189840000,1204.38,1206.6,1204.17,1206.6,246.8242
1656189900000,1206.6,1206.66,1205.77,1205.93,216.1559
1656189960000,1205.93,1210.09,1205.6,1209.12,733.0737
1656190020000,1209.12,1210.89,1209.12,1209.74,552.501
1656190080000,1209.73,1210.21,1209.45,1209.94,251.4653
1656190140000,1209.95,1210.33,1208.53,1210.12,848.0471
1656190200000,1210.12,1210.77,1209.79,1210.28,291.346
1656190260000,1210.29,1210.48,1207.92,1208.86,235.5023
1656190320000,1208.86,1209.87,1208.64,1208.86,126.3664
1656190380000,1208.87,1209.78,1208.86,1209.69,192.6919
1656190440000,1209.69,1209.76,1208.58,1208.58,118.4913
1656190500000,1208.59,1209.12,1207.45,1208.82,241.0537
1656190560000,1208.83,1209.13,1206.37,1207.35,274.3897
1656190620000,1207.36,1207.46,1206.79,1207.26,84.4991
1656190680000,1207.26,1208.57,1206.8,1208.48,316.0277
1656190740000,1208.49,1209.57,1208.49,1209.43,124.2667
1656190800000,1209.43,1209.89,1208.74,1209.7,319.1472
1656190860000,1209.69,1210.73,1209.24,1210.52,382.0619
1656190920000,1210.52,1211.24,1209.77,1210.1,340.036
1656190980000,1210.1,1210.85,1209.43,1209.65,242.3944
1656191040000,1209.65,1209.65,1208.2,1208.93,162.2019
1656191100000,1208.94,1208.94,1207.81,1207.84,214.1767
1656191160000,1207.84,1209.78,1207.69,1209.68,241.3057
1656191220000,1209.68,1209.77,1209.08,1209.45,157.0952
1656191280000,1209.45,1209.56,1208.88,1209.49,179.081
1656191340000,1209.49,1210.31,1208.93,1209.79,283.6684
1656191400000,1209.79,1220.0,1209.79,1219.13,4339.8466
1656191460000,1219.12,1227.7,1216.26,1220.67,13569.0389
1656191520000,1220.67,1225.23,1220.66,1224.02,6161.5284
1656191580000,1224.02,1225.01,1223.28,1224.08,1395.602
1656191640000,1224.08,1226.24,1223.04,1223.59,1960.4899
1656191700000,1223.59,1225.31,1223.3,1224.28,898.4113
1656191760000,1224.29,1229.51,1223.98,1227.98,1980.7173
1656191820000,1227.98,1229.12,1226.71,1227.44,1013.0182
1656191880000,1227.45,1228.56,1226.11,1226.36,1071.1454
1656191940000,1226.65,1226.8,1223.41,1224.55,1095.1677
1656192000000,1224.55,1226.3,1224.42,1225.34,584.018
1656192060000,1225.34,1225.39,1223.75,1225.34,558.1765
1656192120000,1225.34,1228.0,1224.53,1227.55,960.1382
1656192180000,1227.56,1229.11,1226.94,1227.98,986.6916
1656192240000,1227.97,1233.35,1227.97,1231.2,2352.0306
1656192300000,1231.19,1234.59,1231.19,1233.41,3945.6076
1656192360000,1233.41,1234.67,1233.2,1234.17,641.7086
1656192420000,1234.16,1235.12,1233.64,1234.98,538.3157
1656192480000,1234.99,1236.72,1234.67,1236.21,955.0292
1656192540000,1236.21,1236.46,1235.33,1235.64,252.0334
1656192600000,1235.63,1235.65,1234.21,1234.46,483.1629
1656192660000,1234.46,1235.53,1234.45,1235.52,272.2903
1656192720000,1235.53,1240.0,1235.52,1239.98,1771.3043
1656192780000,1239.99,1240.07,1238.19,1240.07,1697.1448
1656192840000,1240.06,1240.3,1239.33,1240.14,743.4187
1656192900000,1240.14,1240.15,1239.5,1240.0,513.3245
1656192960000,1240.01,1240.01,1239.57,1239.94,354.2796
1656193020000,1239.93,1240.15,1239.93,1240.14,647.207
1656193080000,1240.14,1241.99,1240.14,1241.98,1090.2318
1656193140000,1241.98,1256.77,1241.98,1250.89,9581.1978
1656193200000,1250.88,1252.63,1246.54,1249.87,2762.1898
1656193260000,1249.86,1250.37,1238.88,1244.75,4331.7497
1656193320000,1244.76,1245.11,1238.26,1243.14,1400.7827
1656193380000,1243.14,1245.93,1243.13,1243.24,994.8765
1656193440000,1243.24,1243.82,1241.6,1243.82,774.3941
1656193500000,1243.81,1243.97,1242.76,1242.87,427.2208
1656193560000,1242.88,1243.1,1239.57,1239.96,547.0121
1656193620000,1239.95,1246.29,1239.51,1245.83,1432.0983
1656193680000,1245.84,1247.29,1244.18,1246.25,1033.9994
1656193740000,1246.24,1246.47,1242.8,1243.86,508.3144
1656193800000,1243.86,1244.37,1241.81,1242.31,439.0789
1656193860000,1242.3,1243.1,1241.92,1243.1,250.3641
1656193920000,1243.1,1244.25,1241.77,1242.44,468.4197
1656193980000,1242.44,1245.97,1242.08,1245.62,620.7594
1656194040000,1245.62,1245.62,1244.29,1245.34,622.0276
1656194100000,1245.33,1245.99,1244.51,1245.56,647.9009
1656194160000,1245.56,1247.2,1245.45,1246.69,2739.8458
1656194220000,1246.68,1251.0,1246.68,1250.44,1768.8741
1656194280000,1250.44,1251.89,1249.49,1249.64,1016.5803
1656194340000,1249.63,1249.64,1246.28,1248.41,900.464
1656194400000,1248.41,1250.75,1247.23,1247.96,822.562
1656194460000,1247.96,1252.91,1247.66,1250.63,2229.1504
1656194520000,1250.62,1251.64,1250.04,1250.33,1009.9301
1656194580000,1250.34,1252.0,1250.05,1251.1,877.4439
1656194640000,1251.11,1251.11,1248.91,1249.61,3011.5915
1656194700000,1249.62,1251.29,1248.0,1248.37,787.8963
1656194760000,1248.37,1248.61,1246.31,1247.12,1808.9773
1656194820000,1247.13,1248.25,1246.68,1248.25,505.7231
1656194880000,1248.25,1249.31,1247.26,1247.97,726.5171
1656194940000,1247.96,1248.06,1246.4,1246.5,1456.6983
1656195000000,1246.51,1248.48,1245.83,1247.44,1461.0842
1656195060000,1247.44,1248.74,1246.77,1247.5,577.5109
1656195120000,1247.51,1248.98,1246.44,1246.75,844.3754
1656195180000,1246.74,1248.27,1246.23,1247.62,503.4758
1656195240000,1247.61,1247.95,1245.99,1246.41,866.9528
1656195300000,1246.41,1246.93,1245.12,1245.12,1425.9152
1656195360000,1245.13,1248.55,1244.13,1247.29,1731.777
1656195420000,1247.28,1248.48,1247.04,1248.25,434.5767
1656195480000,1248.25,1248.48,1246.51,1247.45,304.6971
1656195540000,1247.46,1247.91,1246.93,1247.17,365.8959
1656195600000,1247.16,1247.17,1240.77,1240.83,2996.4131
1656195660000,1240.83,1243.55,1240.57,1243.3,1275.0645
1656195720000,1243.31,1245.2,1242.59,1244.34,358.1291
1656195780000,1244.34,1244.63,1243.5,1243.68,400.104
1656195840000,1243.68,1246.54,1243.54,1244.86,1731.1767
1656195900000,1244.86,1245.19,1243.5,1243.51,233.9143
1656195960000,1243.51,1244.82,1243.5,1244.37,245.4702
1656196020000,1244.38,1244.92,1243.78,1244.11,324.0101
1656196080000,1244.11,1244.26,1243.58,1243.92,186.5512
1656196140000,1243.92,1244.66,1243.31,1244.11,319.005
1656196200000,1244.12,1244.89,1243.66,1244.27,330.7373
1656196260000,1244.26,1245.35,1244.26,1244.73,294.0305
1656196320000,1244.74,1246.37,1244.42,1246.1,346.7554
1656196380000,1246.09,1247.67,1245.99,1246.49,612.6669
1656196440000,1246.49,1246.72,1245.58,1246.24,296.3535
1656196500000,1246.25,1247.88,1246.24,1247.81,510.7941
1656196560000,1247.81,1248.53,1246.78,1246.88,487.5198
1656196620000,1246.88,1246.89,1245.46,1245.73,293.9042
1656196680000,1245.72,1246.5,1245.72,1246.17,179.6124
1656196740000,1246.17,1247.13,1245.74,1246.84,174.7452
1656196800000,1246.83,1246.84,1246.0,1246.11,193.3524
1656196860000,1246.11,1246.12,1244.13,1244.77,488.6542
1656196920000,1244.76,1245.07,1244.0,1244.67,379.1961
1656196980000,1244.67,1245.11,1244.0,1244.27,977.7245
1656197040000,1244.27,1244.79,1244.0,1244.45,891.914
1656197100000,1244.44,1245.01,1244.1,1244.3,353.0661
1656197160000,1244.29,1244.94,1242.71,1242.85,3680.3783
1656197220000,1242.86,1243.6,1242.3,1242.81,1164.2282
1656197280000,1242.81,1243.26,1242.7,1242.7,1329.0807
1656197340000,1242.7,1243.24,1241.62,1241.63,1666.6647
1656197400000,1241.62,1242.93,1241.62,1242.76,528.5727
1656197460000,1242.76,1243.67,1242.76,1243.2,362.1646
1656197520000,1243.2,1243.79,1243.0,1243.76,393.4628
1656197580000,1243.76,1243.77,1243.0,1243.66,875.8373
1656197640000,1243.66,1244.06,1242.73,1243.62,1204.782
1656197700000,1243.52,1243.52,1242.7,1242.82,570.6526
1656197760000,1242.83,1243.3,1242.75,1243.05,426.2139
1656197820000,1243.04,1243.64,1243.04,1243.51,162.9841
1656197880000,1243.52,1243.52,1242.73,1242.97,219.2751
1656197940000,1242.97,1242.98,1242.09,1242.4,592.4403
1656198000000,1242.4,1243.42,1242.4,1242.91,391.6265
1656198060000,1242.92,1242.92,1242.52,1242.53,229.2256
1656198120000,1242.52,1242.77,1242.12,1242.42,301.6829
1656198180000,1242.42,1242.61,1242.15,1242.27,259.2039
1656198240000,1242.28,1244.0,1242.06,1244.0,722.5855
1656198300000,1243.99,1244.98,1243.19,1243.2,458.4062
1656198360000,1243.2,1243.98,1243.04,1243.66,255.8796
1656198420000,1243.67,1244.21,1243.41,1244.21,177.865
1656198480000,1244.22,1248.11,1244.21,1246.56,728.7125
1656198540000,1246.56,1247.9,1246.55,1247.48,431.1344
1656198600000,1247.49,1247.49,1244.8,1245.21,672.6974
1656198660000,1245.2,1245.58,1244.48,1244.51,233.7943
1656198720000,1244.51,1244.56,1243.76,1243.94,144.4235
1656198780000,1243.93,1246.13,1243.93,1245.93,780.1446
1656198840000,1245.93,1246.08,1245.03,1245.23,148.5453
1656198900000,1245.24,1245.86,1244.89,1245.19,267.8499
1656198960000,1245.19,1245.82,1244.44,1245.07,433.4808
1656199020000,1245.06,1245.59,1244.99,1245.03,174.2659
1656199080000,1245.03,1246.04,1245.03,1245.75,159.1793
1656199140000,1245.75,1245.76,1244.71,1244.97,165.7145
1656199200000,1244.97,1245.56,1244.97,1245.36,197.6526
1656199260000,1245.35,1245.36,1244.38,1244.57,170.4698
1656199320000,1244.58,1244.88,1244.24,1244.75,153.6764
1656199380000,1244.75,1246.31,1244.43,1245.55,476.8734
1656199440000,1245.54,1245.99,1244.58,1244.68,249.4712
1656199500000,1244.67,1244.68,1242.28,1242.42,826.4443
1656199560000,1242.43,1244.17,1242.37,1244.16,219.1604
1656199620000,1244.17,1245.9,1244.16,1245.35,452.9246
1656199680000,1245.34,1245.77,1244.32,1244.33,392.1975
1656199740000,1244.33,1244.71,1244.32,1244.7,116.127
1656199800000,1244.7,1244.8,1243.33,1243.54,185.9877
1656199860000,1243.55,1244.8,1243.54,1244.59,256.9265
1656199920000,1244.59,1244.66,1243.42,1243.43,207.6711
1656199980000,1243.42,1244.07,1243.3,1243.93,80.6592
1656200040000,1243.94,1243.94,1242.17,1242.86,240.3758
1656200100000,1242.85,1242.86,1242.11,1242.43,217.574
1656200160000,1242.42,1242.57,1242.14,1242.15,109.8595
1656200220000,1242.14,1242.15,1241.18,1242.0,563.2283
1656200280000,1242.0,1242.18,1241.78,1242.17,175.1541
1656200340000,1242.17,1242.18,1241.56,1242.07,95.1347
1656200400000,1242.07,1243.18,1242.0,1242.24,322.5778
1656200460000,1242.23,1242.54,1241.93,1241.97,133.1463
1656200520000,1241.96,1242.48,1241.8,1242.47,147.248
1656200580000,1242.47,1242.87,1242.26,1242.65,241.7951
1656200640000,1242.65,1243.07,1242.4,1242.97,189.3879
1656200700000,1242.97,1243.21,1242.35,1242.72,385.6578
1656200760000,1242.73,1244.48,1242.48,1244.28,277.5797
1656200820000,1244.27,1245.13,1242.63,1242.64,467.662
1656200880000,1242.63,1242.72,1241.8,1241.86,220.5675
1656200940000,1241.86,1242.67,1239.4,1240.25,835.362
1656201000000,1240.24,1241.09,1239.58,1240.21,533.8137
1656201060000,1240.21,1242.24,1240.2,1241.84,533.0218
1656201120000,1241.85,1244.24,1241.84,1243.3,251.5694
1656201180000,1243.31,1243.41,1242.36,1243.26,370.2914
1656201240000,1243.25,1243.37,1242.81,1243.23,93.5345
1656201300000,1243.24,1244.19,1243.22,1244.11,298.7542
1656201360000,1244.11,1244.19,1243.67,1243.94,217.8379
1656201420000,1243.94,1248.26,1243.93,1245.07,1360.7676
1656201480000,1245.08,1245.26,1241.04,1241.84,2578.1381
1656201540000,1241.84,1243.44,1241.24,1242.36,559.8677
1656201600000,1242.31,1243.24,1241.44,1241.92,641.8365
1656201660000,1241.93,1241.93,1241.0,1241.53,2488.8898
1656201720000,1241.52,1241.65,1240.42,1241.43,549.3277
1656201780000,1241.44,1241.55,1240.65,1241.22,193.9673
1656201840000,1241.22,1243.3,1241.13,1243.29,602.1797
1656201900000,1243.3,1243.63,1241.17,1243.36,532.1639
1656201960000,1243.36,1244.03,1242.46,1243.62,320.9336
1656202020000,1243.62,1244.17,1243.1,1244.17,291.2091
1656202080000,1244.16,1245.51,1243.24,1243.48,533.7356
1656202140000,1243.48,1243.94,1242.0,1242.07,439.2106
1656202200000,1242.06,1242.4,1240.81,1240.81,177.5018
1656202260000,1240.81,1242.03,1240.75,1241.63,577.8931
1656202320000,1241.63,1242.43,1239.48,1239.59,773.5759
1656202380000,1239.6,1239.72,1236.1,1237.49,1127.1046
1656202440000,1237.5,1237.95,1236.21,1236.65,394.5548
1656202500000,1236.65,1239.0,1236.5,1237.77,367.4739
1656202560000,1237.78,1239.65,1237.77,1238.42,363.3848
1656202620000,1238.41,1239.02,1238.13,1238.48,142.9542
1656202680000,1238.47,1238.48,1236.86,1237.47,332.3778
1656202740000,1237.46,1238.66,1237.01,1237.09,331.424
1656202800000,1237.09,1239.99,1237.09,1239.47,334.675
1656202860000,1239.46,1240.0,1238.51,1238.95,266.1127
1656202920000,1238.96,1238.96,1237.6,1237.91,309.4517
1656202980000,1237.92,1238.86,1237.71,1238.32,95.483
1656203040000,1238.32,1239.92,1238.31,1239.12,466.1398
1656203100000,1239.13,1239.9,1239.06,1239.17,216.8122
1656203160000,1239.18,1239.18,1237.41,1237.88,347.0572
1656203220000,1237.88,1237.88,1236.12,1236.92,354.1604
1656203280000,1236.92,1238.19,1236.91,1237.6,186.5309
1656203340000,1237.6,1237.78,1237.49,1237.5,95.6537
1656203400000,1237.51,1238.57,1235.52,1235.89,516.7961
1656203460000,1235.89,1237.11,1235.58,1236.8,312.172
1656203520000,1236.79,1237.19,1236.3,1236.65,433.2976
1656203580000,1236.65,1236.75,1235.42,1235.89,205.4677
1656203640000,1235.89,1236.17,1235.4,1235.69,423.5525
1656203700000,1235.69,1236.33,1235.56,1235.85,184.1487
1656203760000,1235.86,1236.74,1235.36,1235.69,460.4461
1656203820000,1235.69,1236.39,1235.67,1236.02,423.4087
1656203880000,1236.02,1236.98,1235.46,1235.72,579.3176
1656203940000,1235.72,1236.68,1235.7,1236.14,300.2585
1656204000000,1236.13,1238.87,1236.05,1237.98,631.4075
1656204060000,1237.98,1239.52,1237.8,1239.09,519.8858
1656204120000,1239.1,1239.27,1236.61,1239.26,391.7368
1656204180000,1239.26,1240.19,1237.6,1237.88,482.6654
1656204240000,1237.87,1238.51,1237.81,1238.07,71.2278
1656204300000,1238.06,1238.86,1237.05,1237.46,219.6785
1656204360000,1237.45,1238.12,1237.41,1237.8,242.4765
1656204420000,1237.8,1239.78,1237.8,1239.08,209.8872
1656204480000,1239.08,1239.73,1239.01,1239.36,188.2439
1656204540000,1239.36,1241.34,1239.23,1239.68,640.0999
1656204600000,1239.67,1241.62,1239.37,1241.61,321.0615
1656204660000,1241.61,1241.62,1240.87,1241.45,162.2298
1656204720000,1241.45,1241.45,1240.28,1240.86,197.7456
1656204780000,1240.86,1240.86,1239.83,1240.31,329.4887
1656204840000,1240.3,1240.66,1239.2,1240.46,287.5707
1656204900000,1240.45,1241.27,1239.52,1241.17,431.2212
1656204960000,1241.17,1241.3,1239.99,1240.17,495.241
1656205020000,1240.18,1240.77,1240.0,1240.77,118.96
1656205080000,1240.76,1241.3,1240.7,1240.84,196.9183
1656205140000,1240.84,1240.84,1240.01,1240.02,140.2229
1656205200000,1240.02,1241.24,1240.01,1240.17,196.9458
1656205260000,1240.18,1240.75,1240.02,1240.34,244.9804
1656205320000,1240.34,1241.46,1240.34,1241.43,320.65
1656205380000,1241.43,1242.16,1241.16,1241.86,283.115
1656205440000,1241.86,1243.89,1241.86,1243.88,331.3486
1656205500000,1243.88,1243.88,1242.21,1242.52,219.236
1656205560000,1242.51,1243.32,1242.47,1242.59,225.5888
1656205620000,1242.59,1243.12,1242.35,1242.86,746.3217
1656205680000,1242.86,1243.63,1242.66,1242.67,161.8546
1656205740000,1242.66,1242.87,1241.08,1242.3,240.0402
1656205800000,1242.3,1245.9,1242.02,1245.27,824.7579
1656205860000,1245.28,1245.59,1243.61,1243.68,763.4538
1656205920000,1243.67,1245.01,1243.67,1244.33,391.6016
1656205980000,1244.34,1244.94,1243.83,1244.63,332.7113
1656206040000,1244.64,1245.39,1244.22,1244.94,362.0968
1656206100000,1244.93,1245.25,1244.18,1244.53,451.8309
1656206160000,1244.52,1245.0,1243.84,1244.99,219.3778
1656206220000,1244.99,1245.0,1243.7,1244.75,592.36
1656206280000,1244.76,1244.76,1243.77,1244.27,261.6863
1656206340000,1244.28,1245.6,1244.2,1245.18,425.142
1656206400000,1245.19,1245.22,1244.44,1244.85,228.696
1656206460000,1244.85,1245.53,1244.01,1244.82,738.3227
1656206520000,1244.82,1245.21,1244.51,1245.2,113.9309
1656206580000,1245.21,1245.21,1244.69,1244.94,199.6804
1656206640000,1244.94,1244.99,1244.24,1244.67,153.7592
1656206700000,1244.66,1244.98,1244.37,1244.47,160.1403
1656206760000,1244.48,1244.48,1242.05,1242.43,207.8868
1656206820000,1242.44,1243.2,1242.37,1242.38,237.2263
1656206880000,1242.38,1242.4,1241.31,1241.35,156.4557
1656206940000,1241.35,1241.36,1240.21,1240.58,325.4216
1656207000000,1240.58,1240.58,1237.0,1237.3,418.5653
1656207060000,1237.31,1237.92,1236.82,1237.3,363.4201
1656207120000,1237.29,1238.44,1237.29,1237.87,181.412
1656207180000,1237.86,1238.89,1237.86,1238.38,662.2237
1656207240000,1238.39,1238.42,1231.63,1232.35,1330.608
1656207300000,1232.34,1233.01,1229.27,1233.01,2370.2427
1656207360000,1233.0,1233.89,1231.62,1232.52,1547.6035
1656207420000,1232.53,1232.53,1228.34,1228.39,1481.4981
1656207480000,1228.38,1231.43,1228.28,1230.75,764.2176
1656207540000,1230.74,1231.78,1229.4,1229.41,560.7146
1656207600000,1229.41,1231.15,1229.08,1230.93,366.5361
1656207660000,1230.93,1232.09,1230.67,1231.18,1285.1601
1656207720000,1231.18,1232.2,1230.7,1232.2,969.9366
1656207780000,1232.19,1232.7,1231.19,1231.97,1067.8723
1656207840000,1231.97,1232.27,1230.88,1231.38,333.7557
1656207900000,1231.38,1232.7,1231.37,1232.37,216.9364
1656207960000,1232.38,1233.46,1232.37,1233.27,584.4868
1656208020000,1233.27,1234.31,1232.77,1233.88,529.902
1656208080000,1233.87,1236.0,1233.44,1235.48,2217.2798
1656208140000,1235.48,1236.67,1234.36,1234.37,972.5076
1656208200000,1234.37,1235.2,1232.97,1234.82,292.5315
1656208260000,1234.82,1235.36,1234.52,1234.63,111.819
1656208320000,1234.63,1234.96,1234.25,1234.38,111.7371
1656208380000,1234.37,1234.67,1234.19,1234.33,90.0555
1656208440000,1234.33,1235.17,1234.27,1235.0,132.8472
1656208500000,1235.01,1235.78,1234.7,1234.9,224.2114
1656208560000,1234.9,1235.07,1234.46,1234.94,329.822
1656208620000,1234.95,1235.27,1234.52,1234.94,107.6842
1656208680000,1234.95,1235.67,1234.94,1235.66,131.0485
1656208740000,1235.67,1237.01,1235.66,1235.83,295.4518
1656208800000,1235.83,1236.64,1235.71,1236.41,234.9496
1656208860000,1236.4,1236.75,1236.14,1236.46,133.9587
1656208920000,1236.45,1236.46,1235.19,1235.29,297.9185
1656208980000,1235.19,1236.0,1235.04,1235.61,142.1427
1656209040000,1235.6,1235.77,1234.56,1234.57,122.5242
1656209100000,1234.57,1235.66,1234.56,1235.48,107.1374
1656209160000,1235.49,1236.0,1235.33,1235.33,161.3839
1656209220000,1235.33,1235.34,1234.71,1234.97,72.3186
1656209280000,1234.96,1235.14,1233.75,1233.75,154.0848
1656209340000,1233.76,1234.56,1232.96,1233.42,910.3432
1656209400000,1233.42,1233.99,1233.41,1233.54,112.1826
1656209460000,1233.54,1233.64,1232.08,1232.37,307.6973
1656209520000,1232.37,1233.38,1232.0,1233.13,306.5436
1656209580000,1233.14,1233.43,1233.13,1233.35,50.7339
1656209640000,1233.35,1233.35,1232.23,1232.42,96.915
1656209700000,1232.35,1233.54,1232.09,1233.53,250.3226
1656209760000,1233.53,1233.68,1232.93,1233.68,80.7623
1656209820000,1233.67,1233.68,1233.16,1233.6,156.0038
1656209880000,1233.61,1233.79,1233.23,1233.79,65.4883
1656209940000,1233.79,1233.83,1232.16,1232.5,274.2428
1656210000000,1232.5,1232.8,1232.07,1232.67,244.1848
1656210060000,1232.67,1233.69,1232.48,1233.35,363.7801
1656210120000,1233.35,1233.71,1233.34,1233.7,133.9166
1656210180000,1233.71,1233.83,1232.75,1232.97,233.1031
1656210240000,1232.97,1233.03,1231.72,1232.19,382.0831
1656210300000,1232.19,1234.0,1232.15,1234.0,982.9695
1656210360000,1233.99,1234.56,1232.81,1232.9,371.7289
1656210420000,1232.91,1234.07,1232.84,1234.07,342.8373
1656210480000,1234.06,1234.07,1233.46,1233.59,116.1309
1656210540000,1233.59,1233.96,1232.61,1233.05,328.6249
1656210600000,1233.04,1233.36,1232.28,1233.07,230.8711
1656210660000,1233.07,1233.6,1232.72,1232.97,287.4631
1656210720000,1232.97,1233.91,1232.33,1232.64,384.5363
1656210780000,1232.65,1232.65,1231.68,1232.55,381.9047
1656210840000,1232.55,1232.77,1231.98,1232.32,181.7465
1656210900000,1232.32,1232.37,1231.92,1231.93,31.4416
1656210960000,1231.93,1232.42,1231.69,1231.7,199.2112
1656211020000,1231.7,1232.15,1231.57,1231.92,83.8817
1656211080000,1231.91,1231.99,1231.23,1231.42,96.9851
1656211140000,1231.42,1234.92,1231.42,1232.85,431.1445
1656211200000,1232.85,1234.08,1232.57,1233.2,682.5255
1656211260000,1233.21,1233.92,1233.09,1233.61,87.9215
1656211320000,1233.62,1233.71,1233.16,1233.17,151.8252
1656211380000,1233.16,1233.98,1232.67,1232.68,352.9116
1656211440000,1232.68,1233.94,1232.67,1233.67,636.0625
1656211500000,1233.67,1235.0,1233.0,1233.0,616.0832
1656211560000,1233.0,1233.01,1230.64,1231.31,400.4008
1656211620000,1231.31,1231.47,1229.84,1230.62,584.8136
1656211680000,1230.62,1230.62,1227.64,1227.65,763.882
1656211740000,1227.64,1228.58,1227.43,1228.58,481.4351
1656211800000,1228.57,1230.99,1228.57,1230.49,296.4863
1656211860000,1230.48,1231.85,1230.48,1231.76,208.418
1656211920000,1231.76,1232.39,1231.29,1232.0,398.4122
1656211980000,1231.99,1233.15,1231.3,1231.32,436.1585
1656212040000,1231.32,1232.68,1231.01,1231.63,493.3704
1656212100000,1231.62,1232.27,1230.74,1231.05,317.8245
1656212160000,1231.06,1231.78,1230.4,1231.18,169.939
1656212220000,1231.18,1231.78,1231.14,1231.27,114.3627
1656212280000,1231.27,1231.74,1230.71,1230.72,270.2334
1656212340000,1230.71,1231.89,1230.71,1231.88,255.4892
1656212400000,1231.89,1232.5,1230.89,1230.9,108.9315
1656212460000,1230.9,1231.73,1230.89,1231.67,102.5938
1656212520000,1231.66,1231.67,1231.04,1231.15,128.6871
1656212580000,1231.14,1231.2,1230.48,1230.48,313.2252
1656212640000,1230.48,1230.87,1230.1,1230.67,420.4479
1656212700000,1230.67,1230.67,1229.63,1229.68,73.53
1656212760000,1229.68,1231.01,1229.67,1230.88,301.5771
1656212820000,1230.87,1231.0,1230.51,1230.97,104.7868
1656212880000,1230.98,1231.31,1230.45,1230.99,185.6843
1656212940000,1230.99,1232.0,1230.98,1232.0,221.9833
1656213000000,1231.99,1232.63,1231.99,1232.0,148.8255
1656213060000,1232.0,1232.6,1231.75,1232.54,127.5604
1656213120000,1232.53,1232.99,1232.46,1232.48,149.2132
1656213180000,1232.49,1232.49,1231.23,1231.36,261.0296
1656213240000,1231.37,1232.06,1231.33,1232.06,87.8227
1656213300000,1232.05,1232.56,1231.44,1231.84,134.8472
1656213360000,1231.84,1232.21,1231.59,1231.91,103.5832
1656213420000,1231.91,1233.16,1231.47,1233.03,357.164
1656213480000,1233.02,1233.03,1232.19,1232.33,181.6417
1656213540000,1232.32,1232.47,1232.16,1232.18,29.9215
1656213600000,1232.17,1232.18,1231.73,1231.78,52.3319
1656213660000,1231.78,1232.48,1231.78,1231.97,191.8302
1656213720000,1231.98,1232.29,1231.78,1231.78,82.959
1656213780000,1231.79,1231.87,1231.37,1231.81,224.2562
1656213840000,1231.81,1233.36,1231.52,1233.24,273.2597
1656213900000,1233.24,1234.8,1232.98,1234.8,284.7052
1656213960000,1234.8,1234.84,1234.3,1234.4,227.3977
1656214020000,1234.41,1234.55,1233.86,1233.9,186.8542
1656214080000,1233.91,1234.44,1233.8,1234.43,79.8486
1656214140000,1234.43,1234.8,1234.02,1234.38,225.7733
1656214200000,1234.38,1234.45,1233.8,1234.24,267.1494
1656214260000,1234.25,1234.54,1233.17,1233.17,256.3583
1656214320000,1233.18,1233.81,1233.01,1233.81,116.8896
1656214380000,1233.8,1233.81,1233.3,1233.31,37.5481
1656214440000,1233.32,1233.32,1232.05,1232.11,248.5062
1656214500000,1232.1,1233.25,1232.1,1232.87,188.7873
1656214560000,1232.87,1233.07,1232.73,1233.07,134.8514
1656214620000,1233.06,1233.09,1232.87,1233.08,34.9103
1656214680000,1233.08,1233.3,1233.01,1233.29,43.8736
1656214740000,1233.3,1234.81,1233.29,1233.7,235.097
1656214800000,1233.71,1234.04,1233.48,1233.64,106.5214
1656214860000,1233.65,1235.38,1233.64,1234.5,796.4776
1656214920000,1234.49,1234.77,1234.01,1234.08,183.2258
1656214980000,1234.09,1234.09,1233.66,1233.99,70.1225
1656215040000,1233.98,1233.99,1233.4,1233.45,52.6904
1656215100000,1233.45,1234.16,1233.45,1234.15,439.2611
1656215160000,1234.16,1234.16,1232.75,1232.75,187.5471
1656215220000,1232.76,1232.76,1231.36,1232.05,232.3245
1656215280000,1232.05,1232.78,1231.99,1232.45,197.1925
1656215340000,1232.44,1232.6,1232.01,1232.48,88.7788
1656215400000,1232.49,1233.4,1232.48,1233.26,105.1308
1656215460000,1233.27,1233.51,1233.0,1233.01,96.0355
1656215520000,1233.01,1233.18,1232.82,1232.85,38.239
1656215580000,1232.85,1234.27,1232.49,1234.03,378.4633
1656215640000,1234.03,1234.03,1232.82,1233.62,399.6046
1656215700000,1233.62,1233.7,1232.56,1232.87,140.8098
1656215760000,1232.86,1233.64,1232.69,1233.58,117.0664
1656215820000,1233.58,1233.8,1233.57,1233.8,27.3456
1656215880000,1233.8,1233.8,1233.38,1233.65,138.7569
1656215940000,1233.66,1233.66,1232.99,1233.28,122.069
1656216000000,1233.28,1233.8,1232.65,1232.83,200.4332
1656216060000,1232.83,1234.47,1232.7,1234.33,174.9265
1656216120000,1234.33,1234.37,1233.81,1234.17,95.31
1656216180000,1234.17,1234.26,1233.71,1234.25,129.4528
1656216240000,1234.25,1234.45,1233.88,1234.44,158.4144
1656216300000,1234.44,1237.01,1234.44,1236.38,1964.6983
1656216360000,1236.39,1237.36,1236.26,1237.15,1405.5869
1656216420000,1237.15,1237.22,1235.83,1237.05,1089.4328
1656216480000,1237.05,1237.18,1236.36,1237.01,783.1288
1656216540000,1237.01,1237.01,1236.25,1236.41,699.4343
1656216600000,1236.41,1236.92,1236.26,1236.84,323.8527
1656216660000,1236.85,1237.48,1236.66,1236.67,194.3598
1656216720000,1236.67,1236.92,1236.04,1236.5,265.7557
1656216780000,1236.5,1236.54,1236.1,1236.1,95.1
1656216840000,1236.11,1236.55,1235.64,1236.21,139.7883
1656216900000,1236.21,1236.45,1235.77,1236.18,283.2024
1656216960000,1236.18,1237.37,1236.18,1237.37,242.08
1656217020000,1237.37,1239.88,1237.29,1238.55,552.7954
1656217080000,1238.55,1238.55,1237.79,1237.8,209.7853
1656217140000,1237.8,1238.28,1237.06,1237.63,179.1112
1656217200000,1237.62,1237.63,1237.2,1237.46,72.6617
1656217260000,1237.47,1237.47,1237.0,1237.06,169.7836
1656217320000,1237.06,1237.3,1236.49,1236.5,379.2363
1656217380000,1236.5,1237.56,1236.49,1237.24,241.1018
1656217440000,1237.25,1237.74,1237.09,1237.24,119.9717
1656217500000,1237.23,1237.24,1235.0,1235.27,195.6726
1656217560000,1235.27,1235.31,1232.97,1232.98,172.194
1656217620000,1232.97,1234.25,1232.42,1233.96,326.1805
1656217680000,1233.97,1234.27,1233.96,1234.21,53.6097
1656217740000,1234.2,1235.12,1234.14,1234.66,566.2405
1656217800000,1234.66,1235.22,1233.8,1234.22,787.0286
1656217860000,1234.22,1235.07,1233.51,1234.42,970.7239
1656217920000,1234.41,1234.79,1233.81,1234.49,659.9461
1656217980000,1234.48,1234.74,1234.16,1234.49,231.9486
1656218040000,1234.48,1238.68,1234.48,1238.67,426.3469
1656218100000,1238.67,1239.89,1238.05,1239.8,409.8316
1656218160000,1239.81,1239.91,1238.84,1238.91,308.3497
1656218220000,1238.92,1239.33,1237.6,1238.78,582.4889
1656218280000,1238.77,1239.31,1238.18,1239.23,1023.1312
1656218340000,1239.22,1239.24,1238.56,1238.72,73.208
1656218400000,1238.72,1238.72,1238.0,1238.19,121.66
1656218460000,1238.19,1238.2,1237.79,1237.96,114.6583
1656218520000,1237.96,1239.61,1237.83,1239.6,216.3795
1656218580000,1239.61,1240.0,1239.34,1239.55,146.7642
1656218640000,1239.55,1239.56,1238.69,1239.35,159.8815
1656218700000,1239.35,1239.76,1239.09,1239.47,175.8201
1656218760000,1239.47,1239.47,1238.57,1239.35,101.5078
1656218820000,1239.36,1240.98,1239.35,1240.41,310.916
1656218880000,1240.4,1241.93,1240.4,1241.93,303.785
1656218940000,1241.92,1242.51,1241.14,1241.14,280.3632
1656219000000,1241.15,1242.74,1241.1,1242.55,310.3016
1656219060000,1242.55,1242.67,1241.27,1241.27,162.1995
1656219120000,1241.28,1241.32,1240.22,1240.33,243.9136
1656219180000,1240.32,1240.78,1240.04,1240.04,128.5589
1656219240000,1240.05,1240.33,1239.68,1239.85,162.0606
1656219300000,1239.84,1240.91,1239.79,1240.68,329.9286
1656219360000,1240.68,1240.74,1240.44,1240.48,177.2878
1656219420000,1240.47,1240.53,1238.3,1238.78,298.9061
1656219480000,1238.78,1238.79,1238.14,1238.48,249.6947
1656219540000,1238.49,1238.51,1237.7,1237.7,180.9515
1656219600000,1237.7,1238.05,1237.64,1237.91,118.7761
1656219660000,1237.9,1237.95,1237.48,1237.59,155.2273
1656219720000,1237.59,1237.81,1237.27,1237.81,118.7151
1656219780000,1237.8,1238.75,1237.8,1238.74,54.9573
1656219840000,1238.75,1238.75,1237.6,1237.68,228.5286
1656219900000,1237.67,1238.12,1237.67,1237.87,165.044
1656219960000,1237.88,1238.74,1237.87,1238.74,230.4355
1656220020000,1238.74,1238.8,1237.88,1238.07,179.8181
1656220080000,1238.07,1238.33,1238.06,1238.28,22.6735
1656220140000,1238.27,1238.73,1238.07,1238.73,314.4856
1656220200000,1238.72,1239.15,1238.72,1238.79,125.8556
1656220260000,1238.8,1238.8,1238.27,1238.5,139.9726
1656220320000,1238.5,1239.15,1238.5,1239.15,153.7052
1656220380000,1239.14,1240.28,1239.02,1240.28,171.8625
1656220440000,1240.27,1241.49,1240.27,1241.01,326.9598
1656220500000,1241.02,1242.27,1240.32,1242.13,335.8292
1656220560000,1242.12,1242.55,1240.0,1240.18,587.103
1656220620000,1240.18,1241.52,1240.18,1241.51,270.9586
1656220680000,1241.51,1241.51,1240.23,1240.24,110.9547
1656220740000,1240.24,1240.88,1239.72,1239.94,847.722
1656220800000,1239.98,1240.6,1239.86,1240.01,272.9552
1656220860000,1240.0,1241.13,1240.0,1240.41,114.7
1656220920000,1240.4,1240.91,1240.4,1240.82,63.5564
1656220980000,1240.82,1240.82,1240.41,1240.42,107.0849
1656221040000,1240.42,1240.65,1239.49,1239.67,183.1327
1656221100000,1239.67,1239.68,1239.05,1239.28,111.2321
1656221160000,1239.27,1239.36,1238.7,1239.26,224.8842
1656221220000,1239.27,1239.6,1239.26,1239.49,76.6626
1656221280000,1239.49,1240.0,1239.49,1239.84,52.4363
1656221340000,1239.84,1239.99,1238.22,1238.23,185.6082
1656221400000,1238.22,1239.34,1238.02,1239.28,126.4341
1656221460000,1239.27,1239.28,1238.46,1238.46,132.6241
1656221520000,1238.47,1238.47,1237.43,1237.44,92.0299
1656221580000,1237.43,1237.65,1237.22,1237.51,101.9341
1656221640000,1237.51,1238.52,1237.19,1238.52,99.6687
1656221700000,1238.51,1238.75,1237.9,1237.91,180.0702
1656221760000,1237.9,1238.55,1237.9,1238.32,151.3149
1656221820000,1238.33,1239.3,1238.32,1239.3,120.4509
1656221880000,1239.29,1239.41,1238.3,1238.3,137.3922
1656221940000,1238.31,1238.66,1238.26,1238.27,124.1641
1656222000000,1238.26,1238.27,1237.51,1237.56,265.7949
1656222060000,1237.56,1238.24,1237.52,1237.52,204.3663
1656222120000,1237.52,1237.53,1237.18,1237.24,162.1885
1656222180000,1237.23,1237.24,1236.5,1237.08,163.4313
1656222240000,1237.08,1237.09,1235.1,1235.11,1202.1437
1656222300000,1235.11,1236.0,1232.5,1232.51,1107.7743
1656222360000,1232.51,1234.35,1232.5,1233.54,657.4916
1656222420000,1233.54,1234.67,1233.42,1234.54,197.1326
1656222480000,1234.53,1235.47,1234.27,1234.64,421.6909
1656222540000,1234.63,1235.39,1234.63,1235.05,216.5205
1656222600000,1235.04,1235.83,1235.04,1235.74,136.0948
1656222660000,1235.75,1236.42,1235.47,1235.47,191.3539
1656222720000,1235.47,1235.99,1235.47,1235.78,241.6811
1656222780000,1235.78,1236.14,1235.77,1235.92,76.4827
1656222840000,1235.92,1237.79,1235.91,1237.02,293.5969
1656222900000,1237.03,1239.5,1237.02,1239.19,206.89
1656222960000,1239.2,1240.9,1239.19,1240.53,431.9137
1656223020000,1240.52,1241.6,1240.35,1241.51,440.2512
1656223080000,1241.51,1241.51,1241.05,1241.34,152.9481
1656223140000,1241.34,1241.45,1240.35,1240.51,196.1058
1656223200000,1240.52,1242.0,1240.46,1241.6,378.8792
1656223260000,1241.6,1242.0,1240.52,1240.52,376.9113
1656223320000,1240.53,1241.0,1240.35,1241.0,116.3125
1656223380000,1240.99,1241.5,1240.99,1241.34,107.1837
1656223440000,1241.34,1241.34,1239.63,1240.66,401.3359
1656223500000,1240.65,1240.88,1240.02,1240.88,150.449
1656223560000,1240.87,1241.65,1240.64,1240.9,188.868
1656223620000,1240.9,1241.28,1240.87,1241.17,63.0306
1656223680000,1241.17,1241.31,1240.89,1241.31,140.2329
1656223740000,1241.3,1241.54,1239.83,1239.84,382.3713
1656223800000,1239.84,1239.89,1239.35,1239.83,246.9851
1656223860000,1239.84,1241.36,1239.79,1241.07,162.0999
1656223920000,1241.07,1241.45,1241.0,1241.16,109.6855
1656223980000,1241.16,1241.17,1237.81,1237.82,195.3092
1656224040000,1237.82,1238.1,1236.39,1236.58,222.069
1656224100000,1236.59,1237.81,1236.14,1236.16,278.2014
1656224160000,1236.16,1236.16,1233.65,1233.94,474.9577
1656224220000,1233.94,1236.25,1233.83,1234.75,409.0312
1656224280000,1234.76,1235.12,1233.2,1233.92,1010.8313
1656224340000,1233.92,1234.3,1233.77,1233.77,274.2291
1656224400000,1233.78,1234.41,1233.77,1233.93,163.1629
1656224460000,1233.92,1236.0,1233.3,1235.99,954.3959
1656224520000,1236.0,1236.4,1234.07,1234.52,516.1884
1656224580000,1234.52,1235.4,1234.07,1234.79,233.5592
1656224640000,1234.79,1235.52,1234.79,1235.28,159.2417
1656224700000,1235.28,1235.54,1234.61,1235.21,200.6581
1656224760000,1235.22,1236.2,1235.21,1236.2,295.2437
1656224820000,1236.19,1237.72,1235.65,1237.58,632.8369
1656224880000,1237.58,1237.72,1236.94,1237.65,187.475
1656224940000,1237.64,1239.07,1237.31,1239.06,239.7649
1656225000000,1239.06,1240.48,1238.45,1240.48,512.3657
1656225060000,1240.47,1244.0,1240.15,1243.13,1184.3069
1656225120000,1243.12,1248.91,1243.12,1246.52,6952.4872
1656225180000,1246.52,1248.45,1246.01,1246.77,4040.5854
1656225240000,1246.77,1247.77,1245.61,1245.61,611.1734
1656225300000,1245.61,1246.31,1244.66,1246.18,715.3526
1656225360000,1246.17,1247.23,1245.84,1246.88,443.6828
1656225420000,1246.88,1248.55,1246.0,1246.48,1198.1512
1656225480000,1246.48,1249.05,1246.48,1248.56,792.6896
1656225540000,1248.56,1248.62,1247.1,1247.68,570.1535
1656225600000,1247.69,1248.28,1246.52,1247.0,528.1882
1656225660000,1246.99,1247.23,1246.0,1246.54,378.2544
1656225720000,1246.54,1247.3,1243.82,1244.56,560.5516
1656225780000,1244.56,1245.74,1244.0,1244.59,368.3528
1656225840000,1244.6,1246.9,1244.32,1246.89,750.3305
1656225900000,1246.89,1247.34,1245.87,1246.02,225.2647
1656225960000,1246.02,1246.57,1245.92,1246.05,228.0203
1656226020000,1246.04,1247.81,1245.82,1247.8,1159.481
1656226080000,1247.8,1247.84,1246.08,1246.54,307.7543
1656226140000,1246.54,1247.1,1246.0,1246.34,811.0643
1656226200000,1246.33,1246.76,1246.11,1246.76,266.8365
1656226260000,1246.75,1248.55,1246.75,1247.84,700.036
1656226320000,1247.84,1248.1,1247.16,1247.78,396.1439
1656226380000,1247.79,1252.0,1247.77,1251.5,1786.3066
1656226440000,1251.49,1251.5,1248.81,1248.81,1815.2354
1656226500000,1248.81,1250.41,1248.68,1249.62,557.6517
1656226560000,1249.63,1249.98,1248.11,1248.59,386.3387
1656226620000,1248.59,1249.28,1247.99,1248.22,682.7564
1656226680000,1248.23,1248.59,1247.18,1247.19,533.0274
1656226740000,1247.18,1247.69,1247.0,1247.01,252.557
1656226800000,1247.01,1247.69,1245.65,1246.46,502.6448
1656226860000,1246.46,1246.77,1246.05,1246.41,226.0483
1656226920000,1246.41,1247.83,1246.38,1247.64,247.0238
1656226980000,1247.63,1248.39,1247.53,1248.16,227.4788
1656227040000,1248.16,1248.59,1246.17,1246.23,364.9849
1656227100000,1246.22,1246.23,1244.83,1244.85,340.8391
1656227160000,1244.83,1245.75,1244.17,1245.47,365.9907
1656227220000,1245.47,1245.48,1243.8,1243.8,1097.6587
1656227280000,1243.8,1244.0,1243.0,1243.0,1477.8833
1656227340000,1243.01,1243.67,1242.24,1243.0,1060.3313
1656227400000,1242.99,1245.06,1242.93,1244.02,226.5149
1656227460000,1244.03,1245.06,1243.38,1245.06,616.5634
1656227520000,1245.05,1245.06,1243.34,1243.4,187.7863
1656227580000,1243.41,1243.82,1243.15,1243.28,281.509
1656227640000,1243.28,1243.5,1242.52,1242.74,555.8383
1656227700000,1242.61,1243.24,1242.46,1242.89,226.2115
1656227760000,1242.88,1243.74,1242.88,1243.21,1669.992
1656227820000,1243.21,1243.22,1242.53,1242.53,387.7151
1656227880000,1242.53,1243.36,1242.51,1242.81,169.5869
1656227940000,1242.81,1243.32,1242.52,1242.88,117.842
1656228000000,1242.88,1242.88,1242.37,1242.41,151.791
1656228060000,1242.4,1242.92,1241.53,1242.07,279.398
1656228120000,1242.08,1242.29,1241.55,1241.87,512.4269
1656228180000,1241.87,1243.67,1241.5,1243.3,596.6672
1656228240000,1243.29,1243.5,1242.57,1243.04,288.7888
1656228300000,1243.05,1245.91,1242.92,1245.87,306.3
1656228360000,1245.87,1245.93,1244.08,1245.0,273.0137
1656228420000,1244.99,1245.44,1244.2,1244.21,269.3073
1656228480000,1244.21,1244.98,1243.67,1244.23,273.3956
1656228540000,1244.23,1245.0,1244.18,1244.36,187.4121
1656228600000,1244.36,1245.18,1244.3,1244.37,290.5297
1656228660000,1244.36,1244.37,1243.74,1244.05,142.8277
1656228720000,1244.05,1244.36,1243.5,1244.09,149.2923
1656228780000,1244.1,1244.42,1243.5,1243.51,148.3431
1656228840000,1243.5,1244.35,1243.5,1244.35,173.1697
1656228900000,1244.34,1246.34,1244.34,1245.53,188.0093
1656228960000,1245.53,1247.54,1245.53,1247.01,493.6692
1656229020000,1247.0,1247.54,1246.79,1247.53,202.0107
1656229080000,1247.53,1247.76,1246.08,1246.47,181.7844
1656229140000,1246.48,1246.48,1245.32,1245.36,140.8241
1656229200000,1245.37,1246.24,1245.36,1245.8,167.7103
1656229260000,1245.8,1245.81,1242.0,1242.37,392.6113
1656229320000,1242.37,1242.39,1239.31,1240.75,1010.6702
1656229380000,1240.76,1241.95,1239.59,1241.4,498.9649
1656229440000,1241.4,1242.84,1241.4,1242.41,584.0146
1656229500000,1242.42,1243.4,1241.87,1242.18,848.022
1656229560000,1242.18,1242.61,1242.16,1242.21,129.8919
1656229620000,1242.22,1242.22,1239.8,1240.21,587.8514
1656229680000,1240.21,1241.13,1240.2,1240.31,185.3504
1656229740000,1240.31,1240.31,1239.1,1240.09,253.0603
1656229800000,1240.09,1240.1,1238.7,1238.7,381.6761
1656229860000,1238.7,1238.71,1236.87,1237.81,758.3534
1656229920000,1237.81,1238.91,1237.6,1238.43,397.8873
1656229980000,1238.44,1238.67,1238.01,1238.4,160.1267
1656230040000,1238.4,1239.24,1238.0,1238.3,1181.205
1656230100000,1238.29,1238.57,1237.25,1237.86,300.0107
1656230160000,1237.86,1238.91,1237.85,1238.15,221.8731
1656230220000,1238.15,1238.98,1237.96,1238.57,781.3372
1656230280000,1238.57,1238.57,1237.7,1237.83,228.3381
1656230340000,1237.83,1238.39,1237.38,1238.07,382.7636
1656230400000,1238.06,1238.6,1237.61,1237.93,930.2133
1656230460000,1237.92,1239.03,1237.0,1238.81,1113.4902
1656230520000,1238.82,1241.94,1238.81,1240.12,665.8379
1656230580000,1240.12,1241.44,1239.67,1240.43,306.5566
1656230640000,1240.42,1241.0,1239.83,1240.99,186.1831
1656230700000,1241.0,1241.0,1240.0,1240.47,368.3387
1656230760000,1240.46,1240.53,1239.96,1240.27,263.6036
1656230820000,1240.28,1241.14,1239.56,1239.57,356.0791
1656230880000,1239.56,1239.87,1238.57,1238.82,190.2782
1656230940000,1238.82,1239.3,1238.51,1239.12,135.5144
1656231000000,1239.12,1240.2,1238.93,1239.4,228.4754
1656231060000,1239.4,1240.83,1239.32,1240.82,127.9749
1656231120000,1240.82,1241.0,1240.29,1240.54,193.0864
1656231180000,1240.55,1241.13,1240.18,1240.3,157.2958
1656231240000,1240.31,1240.45,1240.0,1240.45,86.9089
1656231300000,1240.44,1241.16,1240.44,1241.12,125.6668
1656231360000,1241.11,1242.25,1241.11,1241.21,356.2771
1656231420000,1241.2,1242.65,1241.11,1242.26,280.6339
1656231480000,1242.26,1243.16,1242.26,1242.27,288.5029
1656231540000,1242.26,1242.27,1241.31,1241.7,307.2664
1656231600000,1241.7,1241.77,1241.28,1241.77,81.7212
1656231660000,1241.76,1242.93,1241.76,1242.55,164.8918
1656231720000,1242.56,1243.45,1242.43,1242.43,346.4423
1656231780000,1242.43,1243.28,1242.43,1242.78,421.8358
1656231840000,1242.78,1243.06,1242.0,1242.43,334.7307
1656231900000,1242.43,1243.36,1242.33,1242.99,121.3018
1656231960000,1242.98,1243.0,1241.58,1241.59,261.023
1656232020000,1241.59,1241.78,1240.19,1240.67,331.0617
1656232080000,1240.66,1241.14,1239.51,1239.88,718.7823
1656232140000,1239.89,1240.62,1239.71,1240.3,117.5928
1656232200000,1240.3,1241.36,1240.06,1240.65,181.4986
1656232260000,1240.64,1240.82,1240.21,1240.67,201.5811
1656232320000,1240.67,1243.09,1240.66,1242.69,368.7835
1656232380000,1242.69,1244.45,1242.68,1243.88,478.0213
1656232440000,1243.89,1244.08,1243.01,1243.69,335.3564
1656232500000,1243.69,1244.5,1242.7,1242.72,197.6703
1656232560000,1242.72,1243.83,1242.71,1243.59,316.9368
1656232620000,1243.58,1243.66,1243.34,1243.35,152.1375
1656232680000,1243.34,1244.0,1243.34,1243.52,149.623
1656232740000,1243.52,1243.99,1243.39,1243.84,156.4729
1656232800000,1243.85,1243.85,1242.95,1243.02,135.9212
1656232860000,1243.01,1243.02,1241.33,1241.34,111.0544
1656232920000,1241.33,1241.67,1240.67,1241.42,223.3816
1656232980000,1241.43,1241.86,1240.0,1240.07,386.2911
1656233040000,1240.07,1240.16,1239.0,1239.18,425.6419
1656233100000,1239.18,1241.96,1239.18,1241.25,385.2498
1656233160000,1241.26,1241.88,1240.62,1241.31,230.3199
1656233220000,1241.32,1243.68,1241.09,1243.67,369.152
1656233280000,1243.67,1243.73,1242.19,1242.58,206.2688
1656233340000,1242.58,1243.68,1242.57,1243.55,198.0675
1656233400000,1243.55,1245.38,1243.53,1245.37,500.5095
1656233460000,1245.38,1245.49,1244.22,1244.65,295.6801
1656233520000,1244.66,1246.38,1244.65,1245.36,352.6714
1656233580000,1245.36,1245.64,1245.29,1245.43,101.7111
1656233640000,1245.42,1245.43,1244.54,1244.63,133.3619
1656233700000,1244.64,1244.84,1243.39,1243.4,324.1101
1656233760000,1243.39,1243.89,1243.21,1243.86,171.8109
1656233820000,1243.87,1244.4,1243.52,1244.4,202.9177
1656233880000,1244.4,1244.4,1243.4,1243.47,168.7657
1656233940000,1243.46,1244.84,1243.46,1244.26,257.7318
1656234000000,1244.25,1245.0,1244.25,1244.39,176.8422
1656234060000,1244.38,1245.38,1244.38,1244.91,202.2006
1656234120000,1244.9,1245.03,1244.18,1244.19,65.1281
1656234180000,1244.19,1244.19,1243.2,1243.21,199.5978
1656234240000,1243.2,1243.69,1243.2,1243.43,102.2384
1656234300000,1243.43,1243.99,1243.43,1243.99,44.6417
1656234360000,1243.99,1246.01,1243.98,1245.88,3030.5792
1656234420000,1245.88,1248.9,1245.88,1248.18,3549.6194
1656234480000,1248.17,1251.02,1248.0,1248.41,3823.3406
1656234540000,1248.4,1252.36,1248.0,1251.8,5946.3843
1656234600000,1251.79,1252.39,1250.0,1250.23,1654.494
1656234660000,1250.24,1250.24,1246.88,1246.89,1934.2858
1656234720000,1246.89,1247.74,1245.87,1246.17,449.8508
1656234780000,1246.16,1246.83,1244.7,1245.22,445.4627
1656234840000,1245.22,1245.58,1242.84,1243.05,769.0033
1656234900000,1243.05,1244.28,1242.32,1242.45,497.9394
1656234960000,1242.45,1242.56,1240.01,1240.24,1100.486
1656235020000,1240.23,1240.82,1240.0,1240.0,461.4722
1656235080000,1240.0,1242.31,1239.8,1241.45,437.7251
1656235140000,1241.44,1242.33,1240.47,1241.37,652.2764
1656235200000,1241.36,1243.35,1241.36,1243.05,166.2682
1656235260000,1243.06,1245.23,1242.93,1244.79,460.5565
1656235320000,1244.8,1245.42,1244.06,1245.29,320.1609
1656235380000,1245.28,1245.42,1243.56,1243.59,174.2045
1656235440000,1243.58,1243.91,1242.86,1243.8,136.4236
1656235500000,1243.8,1243.82,1242.69,1242.69,204.3926
1656235560000,1242.7,1243.51,1242.69,1243.51,113.5144
1656235620000,1243.5,1244.25,1243.21,1243.54,231.7392
1656235680000,1243.55,1244.02,1243.09,1243.1,130.0175
1656235740000,1243.1,1243.1,1242.0,1242.2,196.7496
1656235800000,1242.19,1244.1,1241.75,1244.02,340.6177
1656235860000,1244.01,1244.13,1241.49,1241.95,652.5356
1656235920000,1241.95,1242.53,1241.61,1241.9,255.9102
1656235980000,1241.9,1242.52,1241.89,1242.29,81.4427
1656236040000,1242.29,1243.07,1242.29,1243.07,107.0058
1656236100000,1243.07,1244.72,1242.83,1244.15,630.0814
1656236160000,1244.15,1244.63,1244.15,1244.59,236.9938
1656236220000,1244.6,1244.78,1244.39,1244.66,124.7626
1656236280000,1244.66,1246.04,1244.65,1245.3,326.0219
1656236340000,1245.3,1245.31,1244.54,1245.05,147.8015
1656236400000,1245.06,1245.18,1244.74,1244.75,125.0106
1656236460000,1244.75,1245.14,1241.69,1241.71,498.6876
1656236520000,1241.71,1242.35,1239.13,1239.63,2649.1643
1656236580000,1239.63,1242.71,1239.09,1241.38,856.1415
1656236640000,1241.37,1241.67,1240.38,1241.03,296.0834
1656236700000,1241.03,1241.4,1239.89,1240.32,316.098
1656236760000,1240.32,1240.42,1239.27,1239.36,475.5484
1656236820000,1239.36,1239.66,1237.5,1237.5,1193.9424
1656236880000,1237.51,1238.53,1236.94,1237.68,1395.8218
1656236940000,1237.67,1238.27,1237.49,1237.84,387.8696
1656237000000,1237.85,1239.71,1235.6,1238.82,2308.4897
1656237060000,1238.81,1239.21,1237.08,1237.08,185.1064
1656237120000,1237.08,1237.95,1236.69,1237.24,294.8228
1656237180000,1237.24,1238.33,1237.23,1238.13,261.702
1656237240000,1238.13,1240.95,1237.73,1240.89,524.2703
1656237300000,1240.88,1241.73,1239.9,1239.9,338.5696
1656237360000,1239.9,1240.46,1239.55,1240.44,125.637
1656237420000,1240.45,1240.45,1240.01,1240.13,163.2659
1656237480000,1240.13,1240.33,1239.15,1239.43,755.4259
1656237540000,1239.43,1239.99,1239.42,1239.71,154.1331
1656237600000,1239.7,1240.32,1239.62,1240.24,141.5609
1656237660000,1240.23,1241.73,1240.23,1241.32,413.522
1656237720000,1241.33,1241.33,1240.23,1240.51,340.0316
1656237780000,1240.51,1240.52,1238.25,1238.56,318.529
1656237840000,1238.55,1239.34,1238.52,1238.53,180.4861
1656237900000,1238.52,1238.82,1237.62,1237.98,246.6837
1656237960000,1237.97,1238.78,1237.93,1237.94,255.0591
1656238020000,1237.93,1238.23,1237.62,1237.62,88.7633
1656238080000,1237.63,1240.12,1237.52,1239.72,272.813
1656238140000,1239.72,1244.42,1239.72,1244.05,1106.8848
1656238200000,1244.05,1245.9,1243.78,1244.82,1145.4551
1656238260000,1244.81,1244.82,1243.78,1243.98,238.2423
1656238320000,1243.98,1244.45,1242.34,1242.34,248.8159
1656238380000,1242.34,1243.64,1241.85,1243.28,203.091
1656238440000,1243.28,1243.65,1242.33,1242.34,122.933
1656238500000,1242.34,1245.01,1241.88,1244.64,322.5744
1656238560000,1244.64,1246.0,1244.63,1245.41,646.7649
1656238620000,1245.41,1245.57,1244.65,1245.15,537.2468
1656238680000,1245.14,1245.74,1244.77,1245.24,258.2639
1656238740000,1245.25,1247.32,1245.24,1246.18,1673.8041
1656238800000,1246.18,1246.89,1245.93,1246.01,462.3678
1656238860000,1246.01,1246.42,1244.56,1245.5,406.069
1656238920000,1245.5,1246.0,1244.94,1245.9,197.266
1656238980000,1245.91,1246.65,1245.44,1246.47,293.5705
1656239040000,1246.47,1246.64,1244.77,1245.32,334.059
1656239100000,1245.32,1245.84,1245.31,1245.67,174.8266
1656239160000,1245.67,1247.08,1245.67,1246.69,1061.0864
1656239220000,1246.68,1246.85,1245.69,1246.13,129.9593
1656239280000,1246.13,1246.44,1244.02,1244.29,710.3069
1656239340000,1244.3,1245.04,1243.59,1243.68,311.9141
1656239400000,1243.68,1244.4,1243.46,1244.4,204.3055
1656239460000,1244.39,1244.4,1242.16,1242.27,226.0783
1656239520000,1242.27,1242.46,1241.31,1241.45,232.5035
1656239580000,1241.45,1243.46,1241.44,1241.56,247.2912
1656239640000,1241.55,1245.41,1241.21,1244.45,704.8316
1656239700000,1244.45,1244.73,1242.22,1242.68,453.6118
1656239760000,1242.69,1243.02,1242.29,1242.53,322.4493
1656239820000,1242.52,1243.48,1242.48,1243.16,184.403
1656239880000,1243.17,1245.11,1242.81,1244.11,934.1329
1656239940000,1244.11,1244.99,1244.1,1244.87,120.4652
1656240000000,1244.88,1245.42,1243.38,1243.38,210.0702
1656240060000,1243.38,1243.86,1243.09,1243.54,248.6998
1656240120000,1243.55,1244.11,1243.38,1243.38,187.9384
1656240180000,1243.38,1243.39,1241.88,1242.13,121.9829
1656240240000,1242.12,1242.58,1242.12,1242.18,61.9534
1656240300000,1242.19,1242.36,1240.51,1241.1,538.6555
1656240360000,1241.11,1241.57,1240.91,1241.2,121.8529
1656240420000,1241.2,1242.2,1241.2,1241.55,211.747
1656240480000,1241.55,1241.89,1241.32,1241.65,139.203
1656240540000,1241.65,1242.83,1241.59,1242.8,203.0421
1656240600000,1242.81,1243.29,1242.47,1242.74,123.7551
1656240660000,1242.74,1243.29,1242.52,1243.0,172.5052
1656240720000,1242.99,1243.56,1242.91,1243.49,71.7091
1656240780000,1243.48,1243.5,1243.11,1243.46,80.888
1656240840000,1243.45,1245.26,1242.79,1245.26,245.7421
1656240900000,1245.25,1245.26,1244.23,1244.52,182.679
1656240960000,1244.51,1244.9,1244.38,1244.79,122.7421
1656241020000,1244.79,1245.27,1244.15,1244.38,157.0671
1656241080000,1244.38,1244.4,1243.89,1244.4,154.539
1656241140000,1244.4,1244.4,1243.69,1244.26,116.8173
1656241200000,1244.25,1244.39,1243.73,1244.39,143.7248
1656241260000,1244.38,1244.89,1244.24,1244.84,53.122
1656241320000,1244.84,1245.22,1244.48,1244.99,140.923
1656241380000,1244.99,1244.99,1243.72,1244.04,213.0278
1656241440000,1244.04,1244.39,1243.78,1244.02,178.8281
1656241500000,1244.01,1244.02,1242.58,1244.02,277.6142
1656241560000,1244.02,1245.22,1244.01,1244.6,332.8251
1656241620000,1244.56,1244.82,1243.01,1243.35,185.943
1656241680000,1243.35,1243.36,1242.86,1242.91,78.8271
1656241740000,1242.91,1243.95,1242.9,1243.5,71.5162
1656241800000,1243.5,1243.62,1243.01,1243.18,200.6775
1656241860000,1243.18,1243.65,1243.04,1243.64,122.0582
1656241920000,1243.65,1243.65,1242.99,1243.15,169.6179
1656241980000,1243.15,1245.92,1243.14,1245.55,242.2397
1656242040000,1245.56,1245.88,1245.27,1245.42,161.9448
1656242100000,1245.42,1245.99,1244.81,1244.99,149.5121
1656242160000,1245.0,1245.95,1244.99,1245.7,213.6968
1656242220000,1245.7,1245.76,1245.46,1245.76,142.0576
1656242280000,1245.76,1245.76,1244.88,1244.89,59.1322
1656242340000,1244.88,1245.14,1244.85,1244.92,79.337
1656242400000,1244.92,1245.38,1244.51,1245.2,274.4764
1656242460000,1245.2,1246.38,1245.0,1246.38,269.4163
1656242520000,1246.38,1246.38,1245.2,1245.22,233.3117
1656242580000,1245.21,1245.76,1245.21,1245.53,86.4282
1656242640000,1245.54,1246.0,1245.41,1245.74,202.1542
1656242700000,1245.74,1246.82,1245.67,1246.26,191.1045
1656242760000,1246.26,1248.52,1246.25,1248.2,289.0281
1656242820000,1248.2,1248.3,1246.36,1246.37,282.1818
1656242880000,1246.37,1247.09,1246.32,1246.46,84.5579
1656242940000,1246.47,1246.47,1244.19,1244.19,349.8086
1656243000000,1244.2,1244.59,1242.05,1243.15,531.7889
1656243060000,1243.14,1243.15,1242.25,1242.31,194.4579
1656243120000,1242.32,1243.94,1242.25,1243.58,626.8009
1656243180000,1243.58,1249.88,1243.58,1248.24,1028.2357
1656243240000,1248.24,1251.06,1247.23,1247.56,1354.1382
1656243300000,1247.56,1254.0,1247.56,1253.31,3842.3416
1656243360000,1253.4,1255.34,1251.8,1252.0,2442.785
1656243420000,1252.0,1252.94,1250.75,1252.01,1308.8299
1656243480000,1252.01,1252.5,1251.38,1252.42,817.1831
1656243540000,1252.41,1254.27,1252.41,1253.62,1902.0466
1656243600000,1253.63,1265.0,1253.6,1258.35,11388.8729
1656243660000,1258.35,1262.3,1257.53,1260.13,3382.9644
1656243720000,1260.41,1261.5,1258.68,1260.48,3651.0904
1656243780000,1260.48,1267.0,1260.47,1266.12,6178.4744
1656243840000,1266.13,1267.84,1263.56,1265.31,4172.6473
1656243900000,1265.3,1266.0,1263.23,1263.57,1084.0074
1656243960000,1263.56,1263.57,1260.94,1262.5,1445.4429
1656244020000,1262.51,1264.78,1262.29,1263.61,1673.1062
1656244080000,1263.61,1263.61,1261.63,1262.35,845.1133
1656244140000,1262.36,1262.88,1262.01,1262.12,450.9198
1656244200000,1262.12,1264.93,1262.0,1264.63,792.738
1656244260000,1264.64,1270.46,1264.63,1267.92,5715.4643
1656244320000,1267.92,1268.0,1264.42,1265.64,1451.5403
1656244380000,1265.63,1266.0,1264.83,1265.01,626.2612
1656244440000,1265.01,1270.22,1265.0,1269.16,1999.2338
1656244500000,1269.16,1277.0,1266.24,1270.28,12196.9603
1656244560000,1270.28,1275.0,1268.98,1272.05,4312.4131
1656244620000,1272.06,1272.18,1267.95,1270.3,1838.3963
1656244680000,1270.31,1273.03,1269.88,1270.44,2152.9397
1656244740000,1270.45,1271.53,1269.0,1269.72,2317.2622
1656244800000,1269.72,1272.48,1269.53,1271.29,1797.9129
1656244860000,1271.28,1271.32,1268.44,1268.45,1325.673
1656244920000,1268.45,1271.03,1267.06,1267.73,2551.0357
1656244980000,1267.73,1270.98,1267.43,1270.94,1403.959
1656245040000,1270.94,1271.62,1270.17,1270.54,433.7007
1656245100000,1270.54,1275.8,1270.1,1275.02,1282.8283
1656245160000,1275.03,1275.88,1273.74,1273.77,1210.0176
1656245220000,1273.81,1275.96,1273.37,1275.64,896.6964
1656245280000,1275.64,1277.99,1274.31,1276.89,1321.3688
1656245340000,1276.88,1277.21,1273.22,1274.4,1821.1028
1656245400000,1274.39,1275.42,1273.7,1275.39,510.0527
1656245460000,1275.4,1275.83,1274.54,1275.64,698.9153
1656245520000,1275.64,1280.0,1274.32,1275.37,12641.4018
1656245580000,1275.37,1276.65,1273.42,1273.49,2527.3697
1656245640000,1273.49,1274.98,1270.93,1271.65,1345.2236
1656245700000,1271.65,1273.88,1270.34,1273.3,1092.7388
1656245760000,1273.3,1274.02,1270.74,1271.12,1322.9227
1656245820000,1271.13,1271.43,1269.33,1269.79,732.5706
1656245880000,1269.79,1270.13,1269.1,1270.0,610.0625
1656245940000,1270.0,1271.34,1267.5,1267.5,5011.8685
1656246000000,1267.5,1269.14,1265.57,1265.77,3541.3513
1656246060000,1265.77,1268.74,1265.19,1268.41,1182.7131
1656246120000,1268.41,1268.54,1265.92,1266.97,3617.8027
1656246180000,1266.96,1268.62,1266.25,1268.26,603.1817
1656246240000,1268.27,1268.58,1263.93,1264.41,3081.1715
1656246300000,1264.41,1266.43,1264.01,1264.76,1187.8849
1656246360000,1264.86,1266.14,1264.33,1265.43,815.6201
1656246420000,1265.43,1266.36,1265.17,1266.03,572.6737
1656246480000,1266.02,1266.03,1264.16,1265.53,817.961
1656246540000,1265.53,1265.54,1263.24,1263.42,922.953
1656246600000,1263.42,1264.77,1261.3,1262.81,2001.3732
1656246660000,1262.8,1266.85,1262.15,1264.93,1184.8654
1656246720000,1264.93,1266.18,1259.16,1260.63,2037.7231
1656246780000,1260.64,1262.03,1260.0,1261.5,1009.825
1656246840000,1261.5,1262.54,1260.24,1260.96,696.8053
1656246900000,1260.95,1261.75,1260.01,1260.88,650.7898
1656246960000,1260.88,1263.2,1260.54,1261.85,818.5165
1656247020000,1261.86,1262.19,1260.4,1261.34,706.8119
1656247080000,1261.34,1261.71,1260.4,1261.03,950.819
1656247140000,1261.02,1261.97,1260.51,1261.88,318.9338
1656247200000,1261.89,1261.89,1260.75,1261.02,305.9034
1656247260000,1261.03,1261.03,1259.1,1259.66,1387.5757
1656247320000,1259.67,1260.06,1258.23,1259.18,929.9079
1656247380000,1259.18,1259.7,1257.36,1257.79,845.1763
1656247440000,1257.79,1259.53,1257.04,1258.01,588.294
1656247500000,1258.0,1259.4,1257.58,1259.01,409.221
1656247560000,1259.02,1262.31,1258.92,1261.13,555.8564
1656247620000,1261.13,1263.16,1260.38,1262.92,518.3199
1656247680000,1262.91,1262.92,1260.6,1261.07,514.2203
1656247740000,1261.07,1261.77,1260.66,1261.48,240.318
1656247800000,1261.49,1261.65,1260.69,1261.64,259.2301
1656247860000,1261.64,1261.88,1260.45,1260.54,348.0347
1656247920000,1260.55,1262.07,1260.44,1261.28,310.1193
1656247980000,1261.28,1261.65,1260.72,1261.06,338.7938
1656248040000,1261.07,1261.2,1254.1,1255.58,1953.1714
1656248100000,1255.59,1256.24,1245.83,1250.09,7818.836
1656248160000,1250.1,1251.7,1240.1,1243.02,6619.2193
1656248220000,1243.01,1245.98,1240.0,1243.97,4540.2357
1656248280000,1243.97,1244.28,1238.83,1239.15,4875.3272
1656248340000,1239.15,1242.31,1239.14,1240.6,5083.6954
1656248400000,1240.61,1242.79,1237.2,1238.09,2820.6887
1656248460000,1238.1,1239.74,1237.87,1239.28,2370.6518
1656248520000,1239.29,1241.25,1238.59,1241.2,1159.0216
1656248580000,1241.21,1241.5,1238.3,1238.61,1079.2781
1656248640000,1238.6,1239.75,1238.05,1238.79,849.3658
1656248700000,1238.79,1239.17,1233.88,1235.28,3324.252
1656248760000,1235.28,1235.78,1229.0,1231.8,5577.7674
1656248820000,1231.81,1236.14,1231.65,1234.56,1927.6872
1656248880000,1234.55,1237.31,1232.75,1236.94,1620.8486
1656248940000,1236.94,1237.31,1234.17,1235.11,1076.2289
1656249000000,1235.1,1235.58,1233.32,1234.63,987.0997
1656249060000,1234.64,1235.86,1234.31,1234.57,717.2457
1656249120000,1234.57,1234.67,1232.5,1233.16,1308.1418
1656249180000,1233.16,1234.91,1233.16,1234.17,848.766
1656249240000,1234.18,1235.77,1234.17,1235.41,653.298
1656249300000,1235.41,1239.25,1235.41,1236.85,1670.9793
1656249360000,1236.86,1237.64,1233.94,1233.94,834.3668
1656249420000,1233.94,1235.39,1231.55,1234.2,2694.8843
1656249480000,1234.2,1236.67,1233.86,1235.59,1109.9146
1656249540000,1235.59,1235.6,1233.44,1233.8,849.12
1656249600000,1233.79,1236.11,1233.46,1235.8,802.8892
1656249660000,1235.81,1235.81,1233.0,1233.33,1004.6788
1656249720000,1233.34,1233.86,1229.94,1233.58,3355.0218
1656249780000,1233.57,1234.33,1232.35,1233.28,565.3071
1656249840000,1233.28,1233.69,1232.18,1232.89,456.0874
1656249900000,1232.89,1232.98,1230.67,1231.74,821.3828
1656249960000,1231.75,1232.84,1230.81,1231.56,631.7606
1656250020000,1231.56,1232.5,1230.79,1231.08,522.1019
1656250080000,1231.09,1231.75,1231.08,1231.66,367.6815
1656250140000,1231.65,1233.5,1231.04,1232.97,365.9432
1656250200000,1232.96,1234.97,1232.53,1233.27,546.9695
1656250260000,1233.26,1235.55,1232.92,1235.04,501.0329
1656250320000,1235.04,1236.27,1234.77,1235.75,994.0173
1656250380000,1235.75,1237.14,1235.5,1236.98,367.5952
1656250440000,1236.98,1237.15,1233.28,1233.72,827.5681
1656250500000,1233.73,1234.29,1232.0,1232.0,564.6801
1656250560000,1232.0,1232.2,1231.33,1231.34,537.2927
1656250620000,1231.34,1232.07,1231.27,1232.07,345.0898
1656250680000,1232.06,1232.37,1230.75,1230.83,528.395
1656250740000,1230.82,1230.83,1223.12,1226.03,5342.5442
1656250800000,1226.03,1228.92,1224.14,1228.84,2403.4022
1656250860000,1228.83,1228.84,1226.93,1228.43,622.7055
1656250920000,1228.43,1228.43,1224.14,1224.86,829.3074
1656250980000,1224.86,1226.94,1224.85,1226.41,462.442
1656251040000,1226.41,1227.79,1226.41,1227.21,468.1911
1656251100000,1227.22,1228.4,1225.65,1226.53,833.4119
1656251160000,1226.53,1227.6,1226.01,1226.7,514.8631
1656251220000,1226.71,1228.03,1225.91,1226.88,1873.0999
1656251280000,1226.88,1227.9,1226.46,1227.66,237.3488
1656251340000,1227.65,1228.18,1225.01,1225.92,1246.7246
1656251400000,1225.92,1227.72,1224.32,1224.62,599.6647
1656251460000,1224.63,1224.72,1223.01,1223.61,1472.544
1656251520000,1223.61,1225.64,1223.4,1223.62,550.2909
1656251580000,1223.61,1225.72,1223.2,1225.15,802.9832
1656251640000,1225.16,1225.78,1224.2,1224.54,473.9151
1656251700000,1224.54,1226.57,1224.38,1226.57,298.8911
1656251760000,1226.57,1227.81,1226.0,1227.06,549.1429
1656251820000,1227.07,1229.21,1227.07,1228.58,804.9448
1656251880000,1228.57,1229.03,1227.94,1228.44,382.0325
1656251940000,1228.44,1228.85,1227.8,1228.79,843.1147
1656252000000,1228.78,1228.79,1227.68,1228.48,456.996
1656252060000,1228.47,1229.16,1227.95,1228.92,749.6216
1656252120000,1228.93,1230.73,1228.48,1230.0,689.1921
1656252180000,1230.0,1231.59,1229.96,1231.14,554.5757
1656252240000,1231.14,1231.27,1228.6,1228.6,835.4633
1656252300000,1228.6,1229.93,1228.08,1229.33,437.0484
1656252360000,1229.33,1231.29,1229.26,1231.21,515.8784
1656252420000,1231.21,1232.09,1231.2,1231.46,524.2787
1656252480000,1231.46,1231.91,1231.0,1231.01,296.2453
1656252540000,1231.01,1232.27,1231.0,1231.93,264.9767
1656252600000,1231.94,1231.94,1230.18,1230.56,529.1052
1656252660000,1230.57,1230.62,1230.12,1230.35,254.1443
1656252720000,1230.36,1230.62,1229.56,1229.57,486.0709
1656252780000,1229.57,1230.61,1229.45,1229.89,369.8639
1656252840000,1229.89,1230.4,1229.5,1229.51,217.9716
1656252900000,1229.51,1229.51,1227.26,1228.26,375.4621
1656252960000,1228.26,1230.41,1228.26,1230.1,415.3628
1656253020000,1230.09,1230.49,1228.49,1229.11,445.1722
1656253080000,1229.11,1230.31,1229.01,1229.55,309.6367
1656253140000,1229.54,1230.13,1229.21,1229.78,202.0018
1656253200000,1229.79,1230.14,1229.0,1229.84,215.6593
1656253260000,1229.84,1230.24,1229.03,1229.74,604.5147
1656253320000,1229.74,1230.49,1229.62,1229.82,163.4965
1656253380000,1229.82,1230.73,1229.62,1230.54,393.9046
1656253440000,1230.6,1231.2,1230.54,1230.95,221.5538
1656253500000,1230.94,1232.17,1230.65,1232.09,826.9451
1656253560000,1232.1,1234.8,1232.04,1233.37,2606.4041
1656253620000,1233.36,1233.37,1231.83,1232.88,543.0372
1656253680000,1232.89,1233.16,1232.47,1233.04,164.686
1656253740000,1233.05,1233.83,1232.47,1233.15,505.1747
1656253800000,1233.15,1234.86,1232.16,1234.46,1440.3909
1656253860000,1234.46,1234.85,1232.93,1233.21,787.1403
1656253920000,1233.21,1233.22,1229.67,1229.68,950.166
1656253980000,1229.67,1230.52,1229.29,1230.38,366.9423
1656254040000,1230.37,1230.38,1228.88,1228.89,176.8312
1656254100000,1228.89,1229.14,1226.4,1227.37,1072.8385
1656254160000,1227.38,1228.47,1225.82,1228.46,519.0077
1656254220000,1228.47,1229.53,1227.87,1227.88,449.6556
1656254280000,1227.87,1230.42,1227.87,1229.75,532.8427
1656254340000,1229.74,1230.98,1229.5,1229.51,295.1387
1656254400000,1229.5,1230.56,1229.5,1230.55,144.6859
1656254460000,1230.55,1231.36,1230.27,1230.28,222.6929
1656254520000,1230.28,1231.23,1230.25,1230.28,453.0641
1656254580000,1230.28,1230.86,1230.11,1230.35,127.3948
1656254640000,1230.35,1231.1,1230.0,1230.44,389.5173
1656254700000,1230.45,1232.38,1230.0,1231.99,434.6127
1656254760000,1231.99,1232.17,1230.96,1231.3,275.9662
1656254820000,1231.29,1231.81,1231.04,1231.33,175.6301
1656254880000,1231.32,1231.87,1231.08,1231.09,209.2162
1656254940000,1231.08,1231.09,1230.4,1230.79,167.7932
1656255000000,1230.79,1231.3,1230.34,1230.4,139.8207
1656255060000,1230.4,1230.69,1228.98,1229.71,503.528
1656255120000,1229.71,1230.22,1229.7,1230.22,302.5186
1656255180000,1230.21,1230.71,1229.9,1229.91,238.0796
1656255240000,1229.91,1229.91,1227.94,1228.9,419.2915
1656255300000,1228.91,1229.91,1228.77,1229.87,167.3637
1656255360000,1229.86,1229.87,1229.47,1229.48,67.007
1656255420000,1229.47,1229.48,1228.7,1229.25,204.1513
1656255480000,1229.24,1230.11,1229.24,1229.74,108.6716
1656255540000,1229.74,1229.76,1228.98,1229.76,134.39
1656255600000,1229.75,1230.17,1229.06,1229.91,301.7307
1656255660000,1229.91,1229.94,1228.28,1228.29,253.0225
1656255720000,1228.28,1228.44,1225.06,1225.58,2412.5767
1656255780000,1225.58,1226.48,1224.98,1224.98,1105.5205
1656255840000,1224.99,1225.75,1220.67,1222.69,1634.4835
1656255900000,1222.69,1222.7,1214.94,1218.4,5265.7748
1656255960000,1218.4,1218.4,1211.86,1216.01,4083.9179
1656256020000,1216.01,1216.65,1213.68,1214.64,1276.4504
1656256080000,1214.63,1217.42,1212.92,1216.51,1200.3795
1656256140000,1216.51,1216.79,1213.77,1214.32,1660.6892
1656256200000,1214.31,1217.82,1214.31,1216.18,1107.9482
1656256260000,1216.18,1218.99,1216.18,1217.29,787.1216
1656256320000,1217.29,1217.57,1216.58,1217.4,547.5476
1656256380000,1217.41,1217.41,1215.86,1216.18,529.4255
1656256440000,1216.17,1219.42,1216.17,1217.37,512.6002
1656256500000,1217.36,1217.9,1216.0,1216.12,683.7934
1656256560000,1216.12,1217.62,1216.0,1217.38,258.8359
1656256620000,1217.39,1217.59,1215.75,1215.88,384.7666
1656256680000,1215.87,1216.41,1214.62,1214.81,389.3822
1656256740000,1214.82,1216.36,1214.81,1216.1,436.4416
1656256800000,1216.1,1216.99,1216.0,1216.0,295.286
1656256860000,1216.01,1216.01,1213.94,1214.71,397.4733
1656256920000,1214.72,1216.77,1214.28,1215.46,659.4413
1656256980000,1215.45,1215.89,1214.75,1215.37,443.8332
1656257040000,1215.38,1216.38,1214.55,1216.37,249.4464
1656257100000,1216.37,1216.68,1215.47,1215.99,326.0641
1656257160000,1215.99,1216.57,1215.75,1216.56,157.8075
1656257220000,1216.57,1216.57,1214.84,1214.85,318.0294
1656257280000,1214.85,1215.43,1212.91,1213.7,1620.5124
1656257340000,1213.71,1219.39,1213.7,1219.12,1270.2782
1656257400000,1219.11,1219.27,1217.46,1217.73,453.3073
1656257460000,1217.72,1217.91,1216.99,1217.67,285.2256
1656257520000,1217.67,1219.0,1217.39,1218.59,1228.3742
1656257580000,1218.6,1219.97,1217.1,1219.68,364.9075
1656257640000,1219.68,1219.94,1219.26,1219.86,336.5254
1656257700000,1219.86,1220.32,1218.4,1219.05,347.6381
1656257760000,1219.05,1219.2,1218.52,1218.98,164.6053
1656257820000,1218.97,1222.61,1218.8,1222.05,739.3056
1656257880000,1222.05,1225.13,1220.94,1221.66,3397.2804
1656257940000,1221.66,1222.91,1221.13,1222.9,434.8161
1656258000000,1222.91,1223.78,1222.27,1222.77,341.6626
1656258060000,1222.77,1223.72,1222.13,1222.5,807.8892
1656258120000,1222.51,1224.0,1222.5,1222.9,291.5659
1656258180000,1222.89,1223.06,1222.19,1222.19,291.3734
1656258240000,1222.19,1222.88,1222.19,1222.32,160.5727
1656258300000,1222.32,1222.55,1221.73,1222.54,278.3903
1656258360000,1222.55,1224.0,1222.54,1223.54,652.2301
1656258420000,1223.54,1224.9,1223.52,1224.81,1010.5385
1656258480000,1224.8,1224.82,1223.07,1223.42,437.4447
1656258540000,1223.43,1223.86,1223.15,1223.54,235.0591
1656258600000,1223.55,1224.15,1222.52,1223.79,456.2879
1656258660000,1223.79,1224.24,1223.55,1224.24,336.6198
1656258720000,1224.23,1224.36,1223.21,1223.84,469.8945
1656258780000,1223.85,1223.87,1222.68,1223.51,202.2054
1656258840000,1223.51,1223.89,1222.87,1223.89,275.5645
1656258900000,1223.89,1224.88,1223.8,1223.8,836.0382
1656258960000,1223.81,1224.1,1223.31,1224.1,453.511
1656259020000,1224.1,1224.36,1223.69,1224.09,517.4833
1656259080000,1224.09,1224.26,1223.9,1223.91,105.8387
1656259140000,1223.9,1224.78,1223.38,1223.39,233.1108
1656259200000,1223.39,1224.12,1220.94,1221.02,1174.8357
1656259260000,1221.02,1221.81,1219.58,1221.26,829.8926
1656259320000,1221.26,1223.84,1221.15,1223.84,689.4279
1656259380000,1223.83,1225.29,1222.86,1223.21,570.9554
1656259440000,1223.2,1224.76,1223.2,1223.21,313.2683
1656259500000,1223.21,1224.02,1223.1,1223.54,366.9322
1656259560000,1223.53,1223.68,1222.0,1222.01,892.3096
1656259620000,1222.0,1222.8,1222.0,1222.56,278.607
1656259680000,1222.56,1222.56,1221.28,1221.47,186.0278
1656259740000,1221.48,1222.35,1221.31,1222.35,183.5525
1656259800000,1222.35,1222.48,1219.09,1219.1,229.8334
1656259860000,1219.1,1221.11,1218.15,1220.93,871.8717
1656259920000,1220.92,1221.39,1220.81,1221.19,241.9371
1656259980000,1221.18,1222.41,1220.04,1221.8,713.7214
1656260040000,1221.8,1221.99,1220.93,1221.55,235.9387
1656260100000,1221.55,1221.88,1219.66,1221.23,434.7497
1656260160000,1221.24,1223.52,1221.23,1222.24,318.6354
1656260220000,1222.25,1222.57,1221.74,1222.03,263.2513
1656260280000,1222.03,1224.17,1222.02,1223.76,508.1625
1656260340000,1223.76,1223.76,1222.79,1222.8,302.6947
1656260400000,1222.79,1231.26,1222.79,1230.11,3466.2627
1656260460000,1230.1,1230.11,1227.67,1228.14,683.5863
1656260520000,1228.15,1228.35,1227.53,1227.53,400.0491
1656260580000,1227.53,1229.77,1227.53,1228.73,334.644
1656260640000,1228.73,1228.73,1227.79,1228.43,238.8264
1656260700000,1228.42,1228.58,1227.41,1228.2,321.2084
1656260760000,1228.2,1230.25,1228.03,1229.43,364.0461
1656260820000,1229.42,1231.99,1229.11,1231.39,504.5245
1656260880000,1231.39,1231.87,1229.32,1229.51,624.3105
1656260940000,1229.51,1230.37,1229.12,1229.62,677.3087
1656261000000,1229.63,1230.02,1228.38,1229.76,479.2904
1656261060000,1229.76,1230.0,1229.01,1229.42,295.7675
1656261120000,1229.41,1229.85,1228.44,1229.43,477.4335
1656261180000,1229.43,1229.43,1228.33,1228.52,174.4776
1656261240000,1228.51,1229.97,1228.11,1229.39,294.2707
1656261300000,1229.4,1229.93,1228.92,1229.67,248.738
1656261360000,1229.67,1231.31,1229.41,1230.02,306.9662
1656261420000,1230.02,1231.79,1230.02,1230.6,379.0053
1656261480000,1230.59,1233.42,1230.37,1232.4,2110.3931
1656261540000,1232.41,1232.41,1231.05,1231.51,443.929
1656261600000,1231.52,1231.61,1230.89,1231.01,270.2465
1656261660000,1231.01,1231.01,1230.0,1230.23,193.1997
1656261720000,1230.23,1231.24,1230.17,1230.67,260.1311
1656261780000,1230.67,1232.0,1230.67,1231.47,692.8843
1656261840000,1231.48,1231.74,1230.88,1231.58,233.8669
1656261900000,1231.58,1232.86,1230.57,1232.86,719.6806
1656261960000,1232.86,1232.9,1230.89,1231.55,510.3772
1656262020000,1231.55,1231.56,1228.56,1228.61,826.908
1656262080000,1228.6,1229.34,1228.02,1228.29,402.4157
1656262140000,1228.29,1229.6,1227.52,1229.41,416.3978
1656262200000,1229.41,1230.32,1228.9,1230.23,159.2498
1656262260000,1230.22,1230.63,1229.47,1230.38,302.0768
1656262320000,1230.38,1230.44,1229.48,1229.88,288.0784
1656262380000,1229.88,1230.14,1229.38,1229.72,151.5897
1656262440000,1229.72,1230.55,1229.67,1229.98,99.3321
1656262500000,1229.98,1230.47,1228.25,1228.51,417.4252
1656262560000,1228.52,1229.08,1228.49,1228.79,171.1049
1656262620000,1228.79,1228.98,1228.34,1228.97,145.8463
1656262680000,1228.98,1228.98,1227.33,1227.34,224.6805
1656262740000,1227.33,1227.34,1223.51,1225.5,1673.8073
1656262800000,1225.51,1225.54,1221.66,1224.69,2592.9819
1656262860000,1224.7,1226.44,1224.69,1226.43,406.88
1656262920000,1226.43,1226.83,1224.0,1224.57,1042.5086
1656262980000,1224.58,1226.19,1224.51,1225.64,348.1579
1656263040000,1225.64,1226.41,1225.36,1225.86,219.8608
1656263100000,1225.86,1227.31,1225.86,1226.51,373.6411
1656263160000,1226.51,1226.55,1225.63,1225.98,170.8567
1656263220000,1226.09,1226.67,1225.92,1226.42,387.2713
1656263280000,1226.42,1226.78,1226.37,1226.42,119.2949
1656263340000,1226.42,1227.58,1226.42,1227.53,132.8503
1656263400000,1227.53,1227.64,1226.63,1226.64,122.2483
1656263460000,1226.63,1226.64,1225.3,1226.01,209.4844
1656263520000,1226.0,1226.54,1225.54,1225.61,203.9885
1656263580000,1225.62,1225.62,1223.58,1224.82,1612.0181
1656263640000,1224.82,1224.93,1224.08,1224.44,184.4695
1656263700000,1224.43,1225.12,1224.04,1224.86,158.2712
1656263760000,1224.87,1225.84,1224.49,1225.45,105.621
1656263820000,1225.45,1225.86,1225.12,1225.13,149.8597
1656263880000,1225.12,1225.35,1223.49,1223.68,406.8458
1656263940000,1223.68,1223.69,1222.11,1223.38,519.1734
1656264000000,1223.39,1224.01,1222.02,1222.24,304.7805
1656264060000,1222.23,1223.3,1222.18,1222.9,280.4277
1656264120000,1222.89,1223.61,1222.66,1222.91,189.3322
1656264180000,1222.9,1223.54,1216.0,1217.67,1637.6262
1656264240000,1217.66,1219.0,1216.38,1217.44,1850.0161
1656264300000,1217.43,1219.66,1217.25,1218.19,912.4817
1656264360000,1218.19,1218.19,1215.38,1216.27,716.7925
1656264420000,1216.26,1216.45,1214.07,1214.36,2016.2341
1656264480000,1214.36,1216.53,1213.18,1216.37,1726.2323
1656264540000,1216.36,1218.58,1216.11,1218.0,921.3715
1656264600000,1218.0,1218.68,1216.13,1218.36,612.877
1656264660000,1218.37,1220.57,1218.03,1219.04,493.2705
1656264720000,1219.04,1219.75,1216.23,1216.29,266.1546
1656264780000,1216.29,1218.15,1216.29,1217.16,392.8529
1656264840000,1217.17,1217.17,1215.93,1216.24,421.3992
1656264900000,1216.23,1217.23,1216.0,1216.15,233.1229
1656264960000,1216.16,1216.28,1215.0,1215.42,699.4646
1656265020000,1215.42,1215.69,1214.6,1215.13,347.1295
1656265080000,1215.12,1215.9,1214.24,1214.82,599.2246
1656265140000,1214.83,1215.33,1213.84,1214.73,544.2336
1656265200000,1214.72,1216.3,1214.53,1216.17,213.6061
1656265260000,1216.17,1218.52,1216.08,1218.18,334.9246
1656265320000,1218.18,1218.19,1216.95,1217.56,222.3777
1656265380000,1217.57,1220.13,1216.82,1219.55,783.0579
1656265440000,1219.54,1220.79,1218.86,1220.79,246.9038
1656265500000,1220.78,1221.17,1219.4,1220.23,341.6504
1656265560000,1220.23,1220.95,1220.02,1220.94,144.5424
1656265620000,1220.94,1220.95,1219.81,1220.62,477.6516
1656265680000,1220.61,1223.22,1220.13,1223.04,485.7845
1656265740000,1223.03,1223.99,1222.07,1223.67,398.4268
1656265800000,1223.67,1223.67,1222.69,1223.51,244.7347
1656265860000,1223.51,1224.36,1222.56,1223.91,343.4278
1656265920000,1223.91,1223.92,1222.0,1222.46,734.902
1656265980000,1222.46,1223.21,1222.43,1222.44,216.1352
1656266040000,1222.43,1223.77,1222.43,1223.04,230.9778
1656266100000,1223.03,1223.96,1223.03,1223.37,80.4393
1656266160000,1223.38,1223.75,1223.37,1223.74,74.8923
1656266220000,1223.74,1224.86,1223.74,1224.72,197.4877
1656266280000,1224.73,1225.0,1223.09,1223.4,423.817
1656266340000,1223.41,1223.94,1222.59,1222.91,415.369
1656266400000,1222.92,1223.91,1222.39,1223.48,339.8418
1656266460000,1223.47,1223.65,1220.56,1220.84,1221.4563
1656266520000,1220.84,1220.96,1220.41,1220.95,375.9274
1656266580000,1220.96,1220.96,1220.58,1220.58,109.1019
1656266640000,1220.59,1221.22,1220.33,1220.4,240.0232
1656266700000,1220.39,1220.92,1220.27,1220.28,148.3425
1656266760000,1220.27,1220.28,1217.03,1218.53,433.6348
1656266820000,1218.54,1218.54,1217.36,1217.88,271.3647
1656266880000,1217.88,1218.46,1217.25,1218.24,394.9728
1656266940000,1218.25,1218.53,1216.16,1217.7,522.9988
1656267000000,1217.7,1218.24,1216.99,1217.69,458.2227
1656267060000,1217.68,1217.84,1216.84,1217.77,292.5742
1656267120000,1217.77,1219.09,1217.56,1218.62,422.9707
1656267180000,1218.62,1218.62,1217.01,1217.05,186.9913
1656267240000,1217.05,1217.29,1215.33,1215.8,259.424
1656267300000,1215.8,1216.45,1215.41,1215.74,193.8382
1656267360000,1215.75,1216.79,1215.74,1216.06,230.5636
1656267420000,1216.06,1216.07,1214.06,1214.82,604.3026
1656267480000,1214.82,1215.23,1213.37,1213.89,830.7891
1656267540000,1213.88,1215.0,1213.3,1214.67,376.5888
1656267600000,1214.67,1214.9,1213.97,1214.05,193.7262
1656267660000,1214.05,1214.34,1213.22,1213.79,433.9286
1656267720000,1213.79,1218.13,1210.12,1217.4,3007.2416
1656267780000,1217.39,1219.88,1217.13,1217.14,618.1877
1656267840000,1217.15,1217.69,1216.11,1216.38,228.9491
1656267900000,1216.37,1217.09,1216.13,1216.46,137.1581
1656267960000,1216.46,1216.46,1213.19,1213.8,314.9219
1656268020000,1213.8,1213.99,1212.46,1213.36,618.1189
1656268080000,1213.36,1215.89,1213.36,1215.89,334.4637
1656268140000,1215.88,1217.29,1214.96,1215.26,373.8292
1656268200000,1215.25,1216.7,1214.61,1214.73,311.9678
1656268260000,1214.74,1215.37,1213.57,1213.71,249.1249
1656268320000,1213.76,1215.43,1213.66,1215.43,367.5993
1656268380000,1215.42,1218.54,1215.42,1218.0,457.4128
1656268440000,1218.0,1219.67,1217.46,1217.52,435.1463
1656268500000,1217.52,1217.53,1215.31,1216.45,462.1476
1656268560000,1216.45,1217.52,1216.44,1217.14,239.2984
1656268620000,1217.14,1218.37,1217.14,1217.59,234.8092
1656268680000,1217.6,1218.34,1217.02,1217.8,221.8752
1656268740000,1217.8,1218.0,1217.04,1217.53,153.1338
1656268800000,1217.53,1218.27,1217.21,1218.27,195.2928
1656268860000,1218.26,1219.19,1217.11,1217.12,273.3564
1656268920000,1217.12,1218.06,1217.01,1217.22,344.646
1656268980000,1217.22,1219.41,1217.22,1219.18,311.8666
1656269040000,1219.19,1220.0,1219.1,1219.55,315.984
1656269100000,1219.56,1220.99,1218.58,1220.6,808.057
1656269160000,1220.59,1220.6,1219.16,1219.55,127.0837
1656269220000,1219.54,1219.81,1218.93,1219.8,89.0393
1656269280000,1219.81,1221.27,1219.39,1220.17,345.2691
1656269340000,1220.17,1220.18,1219.79,1220.14,146.9222
1656269400000,1220.14,1220.15,1219.18,1219.77,230.3806
1656269460000,1219.77,1219.77,1218.88,1219.28,184.5235
1656269520000,1219.27,1220.02,1219.27,1219.42,164.354
1656269580000,1219.42,1219.58,1218.65,1219.29,219.9688
1656269640000,1219.29,1221.22,1219.28,1220.26,466.128
1656269700000,1220.26,1220.27,1218.44,1219.09,220.596
1656269760000,1219.09,1219.15,1218.42,1219.14,187.8218
1656269820000,1219.13,1220.91,1219.13,1220.45,172.2461
1656269880000,1220.46,1220.46,1219.32,1219.67,266.1551
1656269940000,1219.67,1220.77,1217.44,1217.85,652.0906
1656270000000,1217.85,1218.97,1217.17,1218.65,300.596
1656270060000,1218.66,1218.66,1217.59,1217.86,248.4618
1656270120000,1217.86,1218.95,1217.85,1218.82,777.1874
1656270180000,1218.82,1219.29,1218.41,1218.43,276.7043
1656270240000,1218.42,1219.73,1218.42,1218.63,596.3842
1656270300000,1218.63,1219.96,1218.63,1219.47,186.6975
1656270360000,1219.46,1221.19,1219.46,1220.79,692.7377
1656270420000,1220.79,1221.14,1220.03,1221.14,370.0823
1656270480000,1221.14,1225.07,1221.13,1223.78,1380.9245
1656270540000,1223.78,1224.32,1223.39,1223.79,322.8704
1656270600000,1223.78,1225.68,1223.51,1224.84,308.5887
1656270660000,1224.85,1226.56,1224.52,1226.31,579.6108
1656270720000,1226.28,1226.28,1223.52,1223.78,444.9704
1656270780000,1223.77,1224.31,1223.28,1224.13,316.2479
1656270840000,1224.13,1224.9,1224.12,1224.76,248.2805
1656270900000,1224.76,1225.17,1224.43,1224.94,213.1098
1656270960000,1224.94,1225.1,1224.08,1224.52,205.3336
1656271020000,1224.51,1224.95,1224.1,1224.94,218.622
1656271080000,1224.95,1225.0,1224.08,1224.69,175.8514
1656271140000,1224.69,1226.0,1224.3,1226.0,150.3272
1656271200000,1225.99,1226.34,1225.19,1225.2,218.5065
1656271260000,1225.19,1225.2,1224.48,1224.72,177.384
1656271320000,1224.72,1225.75,1224.71,1225.52,176.9224
1656271380000,1225.52,1225.94,1224.84,1225.15,297.8106
1656271440000,1225.15,1226.18,1225.15,1225.6,276.2046
1656271500000,1225.6,1226.3,1225.52,1225.8,229.5019
1656271560000,1225.8,1227.75,1225.76,1226.27,574.7123
1656271620000,1226.27,1226.63,1225.63,1225.63,179.593
1656271680000,1225.64,1226.37,1225.0,1225.43,142.7664
1656271740000,1225.44,1226.07,1225.43,1225.82,112.8196
1656271800000,1225.82,1226.08,1225.47,1225.52,248.8741
1656271860000,1225.52,1227.18,1225.52,1226.51,359.8261
1656271920000,1226.5,1226.51,1225.38,1225.77,193.8862
1656271980000,1225.78,1225.78,1225.11,1225.4,74.5132
1656272040000,1225.39,1225.4,1224.63,1224.71,125.1662
1656272100000,1224.71,1225.29,1224.46,1224.99,153.7146
1656272160000,1225.0,1225.5,1224.99,1225.39,126.4833
1656272220000,1225.4,1225.4,1224.84,1225.11,63.776
1656272280000,1225.11,1225.51,1224.78,1225.46,112.3835
1656272340000,1225.47,1226.0,1225.4,1225.4,160.5371
1656272400000,1225.4,1226.42,1225.4,1225.83,118.1155
1656272460000,1225.82,1226.34,1225.4,1225.41,226.6718
1656272520000,1225.41,1225.63,1225.02,1225.57,162.5356
1656272580000,1225.56,1225.57,1224.37,1224.38,110.9151
1656272640000,1224.37,1224.85,1222.48,1222.69,350.6936
1656272700000,1222.69,1223.57,1222.51,1223.57,185.887
1656272760000,1223.56,1224.71,1223.56,1224.53,90.8066
1656272820000,1224.52,1224.91,1224.52,1224.69,128.3675
1656272880000,1224.68,1225.77,1224.68,1225.16,376.9544
1656272940000,1225.16,1225.37,1224.68,1225.16,85.8368
1656273000000,1225.17,1227.24,1224.62,1227.12,159.9684
1656273060000,1227.12,1229.27,1226.93,1228.92,560.2175
1656273120000,1228.92,1228.93,1226.57,1227.02,519.5488
1656273180000,1227.02,1227.62,1226.95,1227.0,125.7508
1656273240000,1227.0,1227.25,1225.76,1226.0,295.5381
1656273300000,1226.01,1227.06,1226.0,1226.61,136.2056
1656273360000,1226.61,1226.65,1226.09,1226.5,130.0365
1656273420000,1226.53,1226.81,1226.42,1226.8,75.0246
1656273480000,1226.8,1227.38,1226.53,1226.94,305.3768
1656273540000,1226.93,1227.04,1226.06,1226.11,206.6938
1656273600000,1226.11,1226.73,1225.61,1226.69,204.2352
1656273660000,1226.7,1227.42,1226.69,1227.0,97.1525
1656273720000,1227.0,1227.15,1226.59,1226.87,97.9528
1656273780000,1226.88,1227.82,1226.87,1227.38,193.0599
1656273840000,1227.37,1227.75,1226.89,1227.62,186.3595
1656273900000,1227.63,1228.23,1227.62,1227.76,164.8151
1656273960000,1227.75,1230.57,1227.75,1228.94,1143.3365
1656274020000,1228.94,1229.63,1228.51,1229.11,214.5865
1656274080000,1229.11,1229.38,1227.65,1228.41,353.2003
1656274140000,1228.41,1229.05,1228.18,1228.28,295.3176
1656274200000,1228.28,1228.4,1228.0,1228.07,102.4553
1656274260000,1228.06,1229.19,1228.02,1228.5,142.2976
1656274320000,1228.51,1228.61,1227.62,1228.13,141.7381
1656274380000,1228.14,1228.52,1227.98,1228.52,96.0861
1656274440000,1228.51,1228.77,1228.0,1228.69,189.8706
1656274500000,1228.68,1228.69,1227.56,1227.57,224.024
1656274560000,1227.58,1227.98,1226.46,1226.71,139.7659
1656274620000,1226.71,1226.71,1223.9,1224.79,579.7203
1656274680000,1224.79,1226.04,1224.79,1225.28,232.4775
1656274740000,1225.27,1226.13,1225.24,1226.0,131.1517
1656274800000,1226.0,1226.01,1224.2,1224.4,214.7899
1656274860000,1224.41,1225.56,1224.4,1225.55,178.497
1656274920000,1225.55,1226.6,1224.9,1226.6,188.3225
1656274980000,1226.6,1227.0,1226.46,1227.0,87.7423
1656275040000,1227.0,1227.23,1226.11,1226.88,268.2608
1656275100000,1226.87,1227.0,1226.1,1226.16,130.964
1656275160000,1226.16,1227.46,1226.16,1226.94,128.3347
1656275220000,1226.91,1226.92,1226.35,1226.36,103.4547
1656275280000,1226.36,1226.66,1225.64,1226.2,253.403
1656275340000,1226.21,1226.35,1225.32,1225.58,98.2369
1656275400000,1225.58,1226.19,1224.88,1225.99,378.3201
1656275460000,1225.99,1226.41,1225.47,1225.73,275.1581
1656275520000,1225.73,1228.19,1225.31,1227.36,199.4519
1656275580000,1227.35,1230.18,1227.29,1229.8,340.4209
1656275640000,1229.8,1231.57,1229.52,1230.72,754.2197
1656275700000,1230.73,1231.07,1230.29,1230.6,158.549
1656275760000,1230.6,1231.23,1230.38,1230.86,1075.6313
1656275820000,1230.87,1231.74,1230.52,1231.01,249.8132
1656275880000,1231.02,1231.03,1230.02,1230.03,260.808
1656275940000,1230.04,1230.77,1229.61,1229.98,255.6021
1656276000000,1229.98,1230.65,1229.75,1230.64,587.5034
1656276060000,1230.64,1230.65,1229.52,1229.96,231.4736
1656276120000,1229.96,1231.0,1229.52,1230.81,304.8934
1656276180000,1230.81,1231.64,1230.72,1230.84,231.4812
1656276240000,1230.84,1231.47,1230.83,1231.38,338.2612
1656276300000,1231.38,1233.63,1231.15,1231.55,1003.8201
1656276360000,1231.54,1231.73,1230.71,1231.21,301.6179
1656276420000,1231.22,1233.14,1230.81,1232.63,435.9982
1656276480000,1232.64,1239.0,1232.38,1237.38,2906.3338
1656276540000,1237.38,1243.0,1237.38,1237.99,6677.116
1656276600000,1237.99,1242.33,1237.88,1241.39,3733.5937
1656276660000,1241.4,1241.8,1239.85,1240.08,775.424
1656276720000,1240.09,1242.26,1240.08,1240.69,1509.621
1656276780000,1240.68,1241.77,1240.49,1241.51,436.0654
1656276840000,1241.52,1242.75,1240.99,1241.86,474.6201
1656276900000,1241.86,1242.95,1241.05,1242.0,425.5622
1656276960000,1242.0,1242.79,1241.58,1242.39,483.9766
1656277020000,1242.4,1244.29,1242.12,1242.95,6714.5086
1656277080000,1242.94,1248.71,1242.92,1247.66,6074.6605
1656277140000,1247.65,1248.18,1246.05,1247.2,1180.0605
1656277200000,1247.21,1248.17,1245.88,1246.51,966.6917
1656277260000,1246.52,1246.6,1245.41,1246.34,660.3328
1656277320000,1246.35,1247.86,1245.96,1247.67,531.2174
1656277380000,1247.67,1249.93,1246.68,1246.78,945.7148
1656277440000,1246.77,1247.31,1245.85,1246.34,627.4498
1656277500000,1246.35,1247.27,1246.31,1246.63,197.934
1656277560000,1246.62,1246.64,1244.37,1244.75,394.3208
1656277620000,1244.75,1245.4,1244.52,1244.7,395.9742
1656277680000,1244.7,1246.34,1244.67,1244.94,365.8788
1656277740000,1244.95,1244.95,1241.88,1242.68,824.1075
1656277800000,1242.68,1242.84,1239.86,1240.74,535.5709
1656277860000,1240.74,1240.75,1238.69,1240.75,692.9559
1656277920000,1240.74,1241.65,1240.18,1241.0,323.3525
1656277980000,1240.99,1241.61,1240.14,1241.21,439.665
1656278040000,1241.21,1241.22,1239.54,1240.09,496.7887
1656278100000,1240.09,1240.81,1239.57,1240.8,256.976
1656278160000,1240.81,1240.84,1240.14,1240.73,162.2935
1656278220000,1240.72,1241.27,1239.47,1239.8,358.0849
1656278280000,1239.8,1239.81,1237.61,1237.96,498.2022
1656278340000,1237.95,1238.77,1237.35,1237.35,295.2884
1656278400000,1237.36,1238.29,1237.32,1238.23,182.8048
1656278460000,1238.23,1238.23,1237.33,1237.4,193.7316
1656278520000,1237.41,1237.62,1237.13,1237.37,158.7927
1656278580000,1237.37,1237.38,1235.61,1236.34,2094.6234
1656278640000,1236.34,1237.07,1236.12,1236.79,324.1401
1656278700000,1236.79,1237.74,1236.78,1237.19,235.6107
1656278760000,1237.2,1237.43,1236.92,1236.94,100.2062
1656278820000,1236.94,1237.3,1236.93,1237.29,80.4268
1656278880000,1237.3,1238.74,1237.22,1238.32,544.3595
1656278940000,1238.33,1238.86,1238.09,1238.25,164.8099
1656279000000,1238.25,1238.28,1237.11,1237.29,296.9534
1656279060000,1237.28,1237.29,1236.84,1237.01,190.4483
1656279120000,1237.01,1237.15,1236.16,1237.13,284.3619
1656279180000,1237.13,1237.86,1237.04,1237.06,327.4904
1656279240000,1237.05,1237.06,1236.99,1237.03,63.5612
1656279300000,1237.03,1239.21,1237.02,1238.98,395.2787
1656279360000,1238.99,1244.78,1238.98,1242.58,1160.7996
1656279420000,1242.57,1243.09,1241.39,1241.39,192.2906
1656279480000,1241.39,1243.57,1241.34,1243.28,198.2606
1656279540000,1243.29,1243.8,1243.24,1243.25,215.1251
1656279600000,1243.25,1243.25,1241.44,1241.66,162.8552
1656279660000,1241.66,1243.22,1241.65,1242.76,352.5338
1656279720000,1242.76,1242.77,1242.22,1242.22,87.2085
1656279780000,1242.23,1242.23,1240.69,1241.36,130.5437
1656279840000,1241.35,1242.26,1240.11,1240.12,168.2266
1656279900000,1240.12,1241.59,1240.11,1240.97,104.843
1656279960000,1240.97,1242.3,1240.96,1241.54,225.7847
1656280020000,1241.54,1241.99,1240.73,1240.73,170.5748
1656280080000,1240.74,1240.74,1237.32,1238.34,895.3963
1656280140000,1238.33,1240.06,1238.26,1238.7,240.8782
1656280200000,1238.7,1238.72,1237.67,1237.67,102.8606
1656280260000,1237.68,1238.43,1237.17,1237.5,242.9779
1656280320000,1237.5,1239.37,1237.26,1237.66,361.8376
1656280380000,1237.66,1238.69,1237.65,1238.3,171.7264
1656280440000,1238.3,1238.33,1237.71,1238.0,58.1448
1656280500000,1237.99,1238.31,1237.71,1238.31,99.9128
1656280560000,1238.3,1239.28,1238.3,1238.52,236.4798
1656280620000,1238.52,1238.53,1238.0,1238.0,98.7426
1656280680000,1238.01,1238.46,1238.0,1238.01,72.5316
1656280740000,1238.01,1238.85,1238.01,1238.71,66.2284
1656280800000,1238.71,1240.79,1236.01,1237.33,798.7211
1656280860000,1237.32,1237.33,1233.34,1233.81,1045.534
1656280920000,1233.81,1235.15,1232.8,1233.75,1161.4075
1656280980000,1233.74,1236.73,1233.74,1236.59,1173.3469
1656281040000,1236.58,1237.3,1235.4,1236.33,522.987
1656281100000,1236.34,1236.44,1235.61,1236.16,295.259
1656281160000,1236.16,1236.17,1233.47,1233.8,544.9019
1656281220000,1233.81,1234.46,1233.12,1234.44,537.9891
1656281280000,1234.43,1235.48,1234.05,1234.99,336.2372
1656281340000,1234.99,1236.13,1234.35,1235.41,328.5592
1656281400000,1235.42,1235.65,1234.34,1235.19,404.4064
1656281460000,1235.18,1235.19,1232.68,1232.9,555.1038
1656281520000,1232.89,1233.51,1231.44,1231.76,1860.9497
1656281580000,1231.77,1231.9,1230.71,1231.49,1144.9776
1656281640000,1231.49,1233.68,1231.25,1233.67,624.392
1656281700000,1233.67,1233.67,1230.06,1230.06,1430.863
1656281760000,1230.07,1230.99,1230.06,1230.52,319.3403
1656281820000,1230.51,1231.26,1230.37,1230.38,319.2098
1656281880000,1230.37,1230.86,1226.48,1227.06,1988.5753
1656281940000,1227.06,1227.87,1220.27,1222.34,5537.291
1656282000000,1222.34,1222.47,1219.07,1222.29,4098.7556
1656282060000,1222.29,1222.42,1217.57,1218.4,1854.1888
1656282120000,1218.4,1219.06,1217.22,1217.35,1368.5341
1656282180000,1217.35,1217.96,1215.61,1216.55,1799.6409
1656282240000,1216.55,1218.47,1216.34,1216.83,774.1517
1656282300000,1216.83,1218.55,1216.09,1216.52,1149.2005
1656282360000,1216.51,1216.88,1212.0,1212.0,2151.6156
1656282420000,1212.01,1212.77,1208.0,1212.71,2841.0226
1656282480000,1212.72,1213.21,1208.92,1211.3,2029.7646
1656282540000,1211.29,1213.83,1210.53,1212.87,1124.3023
1656282600000,1212.87,1213.39,1210.04,1210.4,2181.0194
1656282660000,1210.39,1213.3,1210.32,1211.76,964.8444
1656282720000,1211.77,1213.11,1211.36,1211.99,1172.131
1656282780000,1211.98,1213.17,1210.04,1212.11,763.1958
1656282840000,1212.11,1212.95,1211.29,1211.3,707.7458
1656282900000,1211.3,1211.3,1206.66,1210.27,3152.8831
1656282960000,1210.28,1214.0,1208.89,1213.05,1270.6905
1656283020000,1213.06,1213.38,1209.46,1209.46,924.6801
1656283080000,1209.46,1209.47,1208.0,1209.19,982.186
1656283140000,1209.19,1209.2,1206.68,1207.54,1338.3647
1656283200000,1207.55,1209.89,1207.26,1209.48,775.5495
1656283260000,1209.49,1209.67,1208.27,1209.67,446.3013
1656283320000,1209.66,1209.67,1208.01,1208.34,411.0545
1656283380000,1208.34,1208.43,1206.99,1207.78,770.7079
1656283440000,1207.78,1209.03,1207.09,1208.39,582.2416
1656283500000,1208.38,1208.43,1207.0,1207.13,493.3796
1656283560000,1207.12,1209.11,1206.86,1208.42,1607.5278
1656283620000,1208.42,1208.78,1207.35,1208.05,840.9509
1656283680000,1208.06,1208.45,1206.68,1206.87,549.8138
1656283740000,1206.86,1207.8,1205.6,1207.8,884.6988
1656283800000,1207.79,1208.42,1206.89,1207.15,494.1416
1656283860000,1207.14,1207.15,1205.22,1205.83,610.9308
1656283920000,1205.82,1209.4,1205.43,1208.95,817.2959
1656283980000,1208.95,1212.41,1208.45,1210.79,712.8662
1656284040000,1210.78,1213.14,1210.78,1212.53,591.4987
1656284100000,1212.54,1212.78,1210.23,1212.49,557.7053
1656284160000,1212.48,1212.56,1211.69,1212.44,438.1973
1656284220000,1212.44,1212.6,1211.8,1212.23,340.6278
1656284280000,1212.23,1212.93,1211.62,1212.92,348.47
1656284340000,1212.92,1215.75,1212.69,1214.23,889.9115
1656284400000,1214.24,1214.28,1212.61,1213.14,811.837
1656284460000,1213.13,1215.74,1212.93,1215.44,565.8865
1656284520000,1215.44,1215.68,1214.57,1214.86,286.2925
1656284580000,1214.87,1215.8,1214.4,1215.8,355.0334
1656284640000,1215.79,1217.91,1215.02,1217.8,1832.6873
1656284700000,1217.79,1220.52,1217.69,1217.75,1670.1196
1656284760000,1217.76,1217.76,1215.12,1216.85,596.8555
1656284820000,1216.84,1216.85,1215.14,1215.73,269.1298
1656284880000,1215.73,1216.56,1213.56,1213.7,705.6654
1656284940000,1213.69,1213.71,1212.18,1212.74,444.2897
1656285000000,1212.74,1214.92,1212.73,1214.47,465.3692
1656285060000,1214.46,1214.88,1213.51,1213.52,480.983
1656285120000,1213.51,1214.66,1211.49,1214.54,1167.5264
1656285180000,1214.53,1214.54,1212.45,1213.92,357.2678
1656285240000,1213.93,1214.9,1213.1,1214.34,535.8456
1656285300000,1214.34,1214.67,1213.36,1214.0,278.2182
1656285360000,1214.0,1214.52,1213.92,1214.34,117.6676
1656285420000,1214.34,1214.38,1211.27,1211.63,452.9534
1656285480000,1211.63,1211.97,1210.91,1211.2,293.9226
1656285540000,1211.19,1212.82,1211.19,1211.93,569.6585
1656285600000,1211.94,1213.86,1211.54,1212.38,402.4634
1656285660000,1212.37,1213.28,1212.26,1212.61,290.5777
1656285720000,1212.61,1213.0,1212.18,1212.19,119.8836
1656285780000,1212.19,1212.52,1212.0,1212.1,233.6263
1656285840000,1212.1,1212.97,1211.57,1212.85,565.6064
1656285900000,1212.85,1214.43,1212.1,1214.42,460.0881
1656285960000,1214.41,1214.91,1210.81,1210.81,457.7311
1656286020000,1210.82,1213.33,1210.0,1213.32,1704.0602
1656286080000,1213.32,1214.67,1212.56,1212.93,1578.675
1656286140000,1212.93,1214.49,1212.93,1213.56,349.3856
1656286200000,1213.57,1214.76,1213.0,1214.69,385.2984
1656286260000,1214.68,1214.69,1213.01,1213.46,329.4093
1656286320000,1213.45,1214.33,1213.15,1214.33,162.9746
1656286380000,1214.33,1214.4,1213.25,1213.87,685.3229
1656286440000,1213.87,1213.88,1212.26,1212.46,238.001
1656286500000,1212.46,1212.74,1210.26,1212.36,678.1945
1656286560000,1212.36,1213.12,1212.2,1212.58,201.8959
1656286620000,1212.57,1212.57,1207.02,1207.42,4450.0818
1656286680000,1207.41,1209.41,1207.28,1209.41,1517.2995
1656286740000,1209.4,1209.41,1208.11,1208.93,431.6085
1656286800000,1208.93,1208.93,1205.86,1206.19,1894.3091
1656286860000,1206.19,1209.28,1205.44,1206.33,1680.9018
1656286920000,1206.33,1206.55,1201.5,1203.29,2019.1234
1656286980000,1203.3,1203.73,1195.16,1198.01,4901.1053
1656287040000,1198.02,1200.58,1197.24,1197.25,2002.7791
1656287100000,1197.24,1201.85,1196.6,1200.72,1425.4773
1656287160000,1200.72,1201.27,1200.21,1200.79,400.5923
1656287220000,1200.79,1201.57,1199.5,1199.51,564.8069
1656287280000,1199.51,1201.83,1198.67,1201.01,1715.388
1656287340000,1201.01,1201.78,1199.93,1201.56,509.5288
1656287400000,1201.56,1201.61,1199.89,1199.95,858.3472
1656287460000,1199.94,1200.16,1198.95,1198.96,273.1286
1656287520000,1198.96,1200.37,1197.25,1197.25,274.2362
1656287580000,1197.25,1198.98,1196.0,1198.65,1086.0828
1656287640000,1198.65,1198.65,1197.17,1197.6,458.7137
1656287700000,1197.6,1198.0,1196.93,1197.06,252.6261
1656287760000,1197.07,1197.8,1194.6,1197.51,808.5059
1656287820000,1197.5,1199.03,1195.79,1198.87,1304.7787
1656287880000,1198.88,1199.07,1197.69,1198.5,341.4386
1656287940000,1198.51,1199.13,1197.28,1197.79,562.3495
1656288000000,1197.79,1198.38,1196.1,1197.58,2121.147
1656288060000,1197.58,1201.17,1197.38,1200.78,1282.9421
1656288120000,1200.79,1201.16,1198.02,1198.03,4692.4665
1656288180000,1198.03,1198.21,1195.82,1198.17,955.4748
1656288240000,1198.17,1200.52,1198.17,1199.3,552.6138
1656288300000,1199.3,1205.65,1199.28,1205.18,2201.3417
1656288360000,1205.18,1205.19,1203.45,1203.88,938.7845
1656288420000,1203.88,1204.56,1203.0,1204.55,667.5055
1656288480000,1204.55,1204.94,1203.85,1204.91,558.1926
1656288540000,1204.91,1205.5,1203.22,1204.44,784.3027
1656288600000,1204.44,1204.84,1202.46,1202.73,503.6791
1656288660000,1202.73,1202.91,1200.56,1202.51,730.1831
1656288720000,1202.52,1202.9,1199.12,1199.16,551.7891
1656288780000,1199.17,1201.69,1196.52,1200.36,1448.7504
1656288840000,1200.36,1200.61,1199.32,1199.34,570.9021
1656288900000,1199.33,1200.46,1198.01,1200.46,512.0116
1656288960000,1200.45,1202.22,1200.0,1201.54,396.892
1656289020000,1201.53,1201.54,1200.22,1200.44,354.1066
1656289080000,1200.45,1201.92,1199.11,1201.38,720.1325
1656289140000,1201.39,1202.97,1201.01,1201.73,583.3495
1656289200000,1201.74,1202.51,1201.15,1202.48,394.0597
1656289260000,1202.48,1203.77,1202.1,1203.63,488.1275
1656289320000,1203.62,1205.54,1203.62,1205.53,793.1157
1656289380000,1205.54,1208.67,1205.53,1206.99,893.5473
1656289440000,1206.98,1207.35,1206.0,1207.06,916.4459
1656289500000,1207.07,1207.6,1204.55,1205.19,506.3685
1656289560000,1205.18,1205.28,1204.1,1204.26,331.2852
1656289620000,1204.27,1204.67,1204.11,1204.12,336.8824
1656289680000,1204.11,1204.98,1204.11,1204.76,394.8501
1656289740000,1204.75,1206.75,1204.19,1204.54,831.5474
1656289800000,1204.55,1206.28,1203.63,1206.03,806.0773
1656289860000,1206.02,1206.31,1205.42,1205.54,350.8251
1656289920000,1205.54,1205.54,1204.55,1205.17,533.4279
1656289980000,1205.16,1208.91,1204.65,1207.41,486.6607
1656290040000,1207.4,1207.98,1205.18,1205.19,575.7553
1656290100000,1205.18,1207.47,1204.95,1206.83,516.4221
1656290160000,1206.83,1207.08,1205.88,1206.61,395.1681
1656290220000,1206.6,1207.53,1205.9,1206.55,371.8154
1656290280000,1206.55,1206.67,1201.28,1202.1,939.656
1656290340000,1202.09,1202.36,1200.51,1200.87,677.7032
1656290400000,1200.88,1202.47,1200.04,1202.41,468.0145
1656290460000,1202.4,1205.85,1202.18,1204.94,709.6036
1656290520000,1204.93,1205.32,1203.91,1204.2,535.4808
1656290580000,1204.2,1204.41,1203.11,1204.1,399.3755
1656290640000,1204.17,1205.43,1203.68,1205.43,452.121
1656290700000,1205.43,1205.85,1203.87,1205.84,553.0883
1656290760000,1205.84,1206.53,1205.32,1205.55,431.9835
1656290820000,1205.56,1205.88,1205.18,1205.7,244.2069
1656290880000,1205.71,1206.28,1202.59,1202.99,363.8553
1656290940000,1202.99,1203.28,1199.8,1200.67,1130.5383
1656291000000,1200.67,1204.69,1200.29,1203.83,600.9414
1656291060000,1203.83,1204.49,1203.55,1203.63,305.9819
1656291120000,1203.62,1204.49,1201.66,1201.66,551.9413
1656291180000,1201.66,1201.67,1199.56,1199.82,794.6089
1656291240000,1199.82,1200.75,1198.39,1200.27,1142.3339
1656291300000,1200.27,1200.99,1199.14,1199.5,251.4502
1656291360000,1199.5,1210.63,1197.67,1207.6,3307.349
1656291420000,1207.6,1209.5,1204.37,1204.66,2366.6846
1656291480000,1204.66,1208.88,1203.93,1208.61,1944.2016
1656291540000,1208.6,1215.57,1208.6,1209.94,5202.7376
1656291600000,1209.93,1211.75,1207.94,1208.82,1614.8628
1656291660000,1208.82,1208.85,1207.59,1208.32,777.5688
1656291720000,1208.32,1208.56,1206.65,1207.54,481.9649
1656291780000,1207.53,1207.72,1204.96,1205.69,1065.3848
1656291840000,1205.69,1207.62,1205.29,1207.5,735.3728
1656291900000,1207.49,1209.02,1206.05,1206.66,1209.415
1656291960000,1206.67,1207.48,1204.69,1207.46,966.6813
1656292020000,1207.48,1209.04,1207.13,1208.4,739.0966
1656292080000,1208.4,1209.71,1207.82,1208.45,573.1112
1656292140000,1208.45,1208.69,1205.56,1206.51,1425.0003
1656292200000,1206.52,1206.85,1205.45,1206.07,615.8119
1656292260000,1206.08,1207.29,1206.07,1206.68,225.7708
1656292320000,1206.68,1207.28,1206.1,1206.58,235.0175
1656292380000,1206.58,1206.58,1202.75,1203.45,1004.5736
1656292440000,1203.44,1205.8,1202.47,1205.03,825.9872
1656292500000,1205.02,1211.38,1203.56,1207.7,2495.7676
1656292560000,1207.69,1210.05,1207.69,1208.1,1100.1531
1656292620000,1208.11,1209.72,1207.03,1208.92,927.8044
1656292680000,1208.92,1214.0,1208.91,1213.06,1369.7438
1656292740000,1213.05,1214.86,1212.1,1213.49,982.1391
1656292800000,1213.5,1215.5,1213.0,1215.49,1231.8836
1656292860000,1215.49,1215.8,1213.57,1214.44,841.6188
1656292920000,1214.44,1217.12,1214.23,1216.73,965.7909
1656292980000,1216.72,1218.59,1216.09,1216.52,1339.8876
1656293040000,1216.53,1217.76,1216.23,1217.08,501.2724
1656293100000,1217.09,1217.18,1212.71,1215.04,1963.7391
1656293160000,1215.04,1216.27,1213.66,1215.09,757.2526
1656293220000,1215.1,1216.09,1213.93,1216.09,562.0382
1656293280000,1216.09,1216.19,1215.31,1215.58,404.2191
1656293340000,1215.58,1216.38,1214.84,1215.49,343.1987
1656293400000,1215.49,1216.77,1212.02,1212.32,971.7262
1656293460000,1212.32,1214.76,1212.32,1213.91,717.3693
1656293520000,1213.92,1214.99,1213.31,1214.36,399.9164
1656293580000,1214.35,1215.72,1214.24,1214.99,516.3664
1656293640000,1214.99,1216.12,1214.26,1214.33,583.4185
1656293700000,1214.33,1214.54,1213.0,1213.58,866.5334
1656293760000,1213.58,1215.4,1213.57,1215.19,259.229
1656293820000,1215.2,1215.49,1213.6,1214.09,628.8567
1656293880000,1214.09,1215.27,1214.08,1214.34,283.2407
1656293940000,1214.33,1214.81,1213.9,1214.19,261.7705
1656294000000,1214.19,1214.65,1213.03,1213.6,542.55
1656294060000,1213.6,1213.61,1211.58,1211.6,346.1942
1656294120000,1211.59,1212.88,1211.21,1212.06,475.9426
1656294180000,1212.06,1212.07,1211.36,1212.07,217.871
1656294240000,1212.06,1212.39,1211.42,1211.76,241.3249
1656294300000,1211.75,1212.43,1211.17,1211.87,444.4177
1656294360000,1211.87,1213.71,1211.6,1213.41,315.5828
1656294420000,1213.4,1213.98,1211.41,1211.82,403.3099
1656294480000,1211.82,1213.33,1210.81,1213.33,513.2401
1656294540000,1213.32,1213.81,1212.04,1213.44,1028.1723
1656294600000,1213.44,1213.61,1212.01,1212.63,249.0111
1656294660000,1212.64,1214.05,1212.01,1214.04,278.9815
1656294720000,1214.03,1214.18,1213.38,1213.38,245.3182
1656294780000,1213.38,1215.98,1213.23,1215.45,870.1679
1656294840000,1215.45,1216.6,1214.13,1216.33,984.3082
1656294900000,1216.34,1216.43,1214.23,1214.51,1022.2336
1656294960000,1214.52,1215.66,1214.51,1215.64,911.2937
1656295020000,1215.63,1216.33,1215.28,1215.55,593.5249
1656295080000,1215.56,1215.77,1214.61,1215.41,328.4217
1656295140000,1215.4,1216.22,1215.4,1215.86,261.5328
1656295200000,1215.87,1216.62,1215.11,1216.52,814.426
1656295260000,1216.53,1216.79,1215.49,1216.41,232.5201
1656295320000,1216.4,1218.6,1215.71,1217.58,954.1347
1656295380000,1217.59,1217.59,1214.95,1215.51,588.2665
1656295440000,1215.5,1215.9,1215.05,1215.74,409.421
1656295500000,1215.75,1215.75,1215.07,1215.26,118.6554
1656295560000,1215.27,1215.67,1214.94,1215.29,228.842
1656295620000,1215.29,1216.87,1215.28,1216.46,180.1037
1656295680000,1216.45,1216.63,1215.58,1215.83,230.1288
1656295740000,1215.83,1216.16,1214.57,1214.72,360.0321
1656295800000,1214.73,1215.93,1214.67,1215.16,532.3661
1656295860000,1215.16,1215.54,1214.78,1214.79,163.6398
1656295920000,1214.79,1214.79,1213.77,1213.96,182.1923
1656295980000,1213.97,1214.24,1212.25,1213.2,589.7827
1656296040000,1213.19,1213.26,1212.28,1212.87,297.1792
1656296100000,1212.88,1215.99,1212.68,1215.92,428.4106
1656296160000,1215.92,1215.98,1214.68,1215.2,204.6901
1656296220000,1215.21,1215.81,1215.16,1215.45,152.7923
1656296280000,1215.44,1215.45,1215.05,1215.06,47.2353
1656296340000,1215.06,1215.08,1214.18,1214.76,284.0506
1656296400000,1214.76,1216.11,1214.51,1216.07,277.2195
1656296460000,1216.07,1216.07,1214.33,1214.87,544.0542
1656296520000,1214.88,1215.35,1214.87,1214.97,175.3466
1656296580000,1214.98,1215.44,1214.66,1215.28,167.2526
1656296640000,1215.29,1216.05,1215.14,1216.05,377.4276
1656296700000,1216.05,1216.22,1215.31,1215.31,233.0582
1656296760000,1215.31,1215.32,1213.23,1213.23,430.9725
1656296820000,1213.23,1213.84,1212.92,1213.22,240.3651
1656296880000,1213.21,1213.67,1212.96,1213.26,275.0376
1656296940000,1213.27,1213.69,1213.26,1213.63,152.0165
1656297000000,1213.62,1214.39,1213.12,1214.04,422.564
1656297060000,1214.04,1218.46,1213.98,1217.73,1367.6648
1656297120000,1217.73,1222.2,1217.17,1220.23,2999.6131
1656297180000,1220.23,1223.91,1219.23,1222.79,2393.8323
1656297240000,1222.79,1223.63,1220.01,1220.1,1375.5937
1656297300000,1220.09,1221.52,1219.42,1220.24,817.7079
1656297360000,1220.23,1220.63,1218.15,1220.12,549.0629
1656297420000,1220.12,1220.53,1219.09,1220.28,790.3446
1656297480000,1220.27,1220.6,1219.67,1220.42,450.8
1656297540000,1220.43,1220.95,1219.97,1220.09,476.9367
1656297600000,1220.09,1221.16,1219.94,1220.78,972.0841
1656297660000,1220.78,1222.0,1220.38,1220.38,298.4753
1656297720000,1220.38,1221.61,1220.38,1220.99,768.1876
1656297780000,1220.99,1221.95,1220.39,1221.28,348.4477
1656297840000,1221.28,1221.57,1220.63,1221.04,175.5208
1656297900000,1221.04,1223.2,1220.87,1222.84,283.5962
1656297960000,1222.85,1224.2,1222.74,1223.64,629.941
1656298020000,1223.64,1224.2,1223.15,1223.98,417.8376
1656298080000,1223.97,1224.18,1221.73,1221.88,667.3476
1656298140000,1221.89,1222.2,1220.22,1220.22,477.155
1656298200000,1220.22,1221.1,1220.22,1220.71,262.5484
1656298260000,1220.71,1221.1,1220.53,1220.94,223.6311
1656298320000,1220.94,1220.95,1218.62,1218.94,936.3626
1656298380000,1218.94,1219.23,1218.18,1218.45,253.4011
1656298440000,1218.44,1218.97,1218.41,1218.65,124.1934
1656298500000,1218.65,1219.61,1218.06,1218.87,306.7446
1656298560000,1218.88,1219.78,1217.94,1218.2,361.6681
1656298620000,1218.19,1218.77,1218.07,1218.5,252.4336
1656298680000,1218.5,1219.68,1218.5,1218.93,125.2934
1656298740000,1218.92,1219.68,1218.43,1219.07,341.8183
1656298800000,1219.07,1219.59,1218.29,1218.76,312.0025
1656298860000,1218.75,1219.24,1218.57,1219.18,217.2744
1656298920000,1219.18,1219.88,1217.64,1218.59,287.6151
1656298980000,1218.59,1218.84,1217.89,1218.28,544.5329
1656299040000,1218.28,1220.3,1218.27,1220.2,206.9586
1656299100000,1220.19,1221.22,1219.9,1219.9,344.4506
1656299160000,1219.9,1219.91,1218.98,1219.2,289.4698
1656299220000,1219.2,1219.36,1218.47,1218.8,149.1135
1656299280000,1218.8,1218.82,1217.96,1218.36,193.1828
1656299340000,1218.36,1219.14,1217.99,1219.13,295.6522
1656299400000,1219.14,1219.38,1218.92,1219.04,64.8421
1656299460000,1219.04,1219.58,1218.57,1219.26,277.4206
1656299520000,1219.27,1220.58,1218.8,1220.31,421.8037
1656299580000,1220.32,1222.8,1220.02,1222.61,1088.3484
1656299640000,1222.61,1226.7,1222.06,1223.66,2513.2344
1656299700000,1223.66,1224.47,1222.59,1223.15,1015.2689
1656299760000,1223.16,1224.14,1222.98,1223.38,219.6664
1656299820000,1223.37,1223.38,1222.6,1222.65,207.454
1656299880000,1222.65,1226.0,1222.61,1224.96,1409.8515
1656299940000,1224.96,1225.26,1222.23,1222.44,1227.7102
1656300000000,1222.44,1223.95,1222.05,1223.34,898.189
1656300060000,1223.34,1223.48,1220.58,1221.55,791.1474
1656300120000,1221.54,1221.55,1220.85,1221.28,375.5553
1656300180000,1221.27,1221.37,1219.81,1220.26,267.2738
1656300240000,1220.27,1220.99,1220.12,1220.67,177.0773
1656300300000,1220.67,1220.76,1219.2,1219.78,728.9935
1656300360000,1219.78,1220.69,1219.73,1220.06,206.4032
1656300420000,1220.07,1220.57,1220.06,1220.57,70.9634
1656300480000,1220.57,1221.13,1218.74,1219.02,574.1043
1656300540000,1219.01,1219.34,1215.27,1216.61,4665.265
1656300600000,1216.6,1218.47,1216.0,1217.67,763.8173
1656300660000,1217.67,1218.2,1216.89,1217.46,287.2696
1656300720000,1217.46,1218.48,1217.29,1218.48,242.4488
1656300780000,1218.47,1219.08,1218.42,1218.46,174.8055
1656300840000,1218.45,1218.69,1218.01,1218.37,174.1715
1656300900000,1218.36,1218.91,1218.33,1218.61,65.6581
1656300960000,1218.62,1219.32,1218.55,1219.3,76.4093
1656301020000,1219.31,1219.31,1218.25,1218.26,148.1678
1656301080000,1218.25,1218.82,1218.0,1218.73,203.1472
1656301140000,1218.72,1218.88,1218.29,1218.58,82.813
1656301200000,1218.57,1219.41,1218.57,1219.24,131.6239
1656301260000,1219.23,1219.33,1218.74,1219.26,224.9072
1656301320000,1219.26,1219.27,1218.08,1218.17,200.6171
1656301380000,1218.16,1218.17,1217.21,1217.39,288.8447
1656301440000,1217.4,1218.07,1217.39,1217.95,112.5179
1656301500000,1217.96,1218.85,1217.7,1218.85,156.7867
1656301560000,1218.85,1218.85,1217.86,1217.86,53.6123
1656301620000,1217.87,1218.1,1216.17,1217.58,612.207
1656301680000,1217.57,1217.58,1217.25,1217.44,69.1657
1656301740000,1217.43,1217.64,1216.85,1217.63,440.6027
1656301800000,1217.64,1217.68,1217.09,1217.15,156.9172
1656301860000,1217.15,1219.41,1217.14,1219.19,234.4195
1656301920000,1219.18,1219.7,1218.77,1219.27,297.9576
1656301980000,1219.27,1219.5,1218.27,1218.31,287.9656
1656302040000,1218.3,1219.14,1218.28,1218.76,117.4941
1656302100000,1218.76,1220.76,1218.75,1220.75,173.4724
1656302160000,1220.76,1221.52,1220.75,1221.17,324.3791
1656302220000,1221.16,1221.5,1220.14,1220.4,244.6391
1656302280000,1220.41,1220.69,1220.16,1220.54,172.6023
1656302340000,1220.53,1220.54,1219.91,1219.91,64.9869
1656302400000,1219.92,1220.54,1219.85,1220.18,114.3972
1656302460000,1220.19,1220.43,1218.77,1218.97,311.1574
1656302520000,1218.97,1220.69,1218.87,1220.68,145.4392
1656302580000,1220.69,1220.69,1219.05,1219.47,185.0221
1656302640000,1219.46,1219.96,1218.59,1219.36,384.2395
1656302700000,1219.36,1219.94,1219.03,1219.44,174.8299
1656302760000,1219.43,1219.99,1219.43,1219.45,170.5346
1656302820000,1219.45,1219.83,1218.71,1218.92,185.0359
1656302880000,1218.92,1219.38,1218.37,1218.96,209.9964
1656302940000,1218.97,1219.48,1218.58,1219.26,123.2107
1656303000000,1219.26,1219.28,1218.91,1219.25,144.9987
1656303060000,1219.26,1219.26,1218.96,1219.25,147.4057
1656303120000,1219.25,1219.82,1218.89,1219.06,211.0196
1656303180000,1219.05,1219.64,1218.9,1219.54,161.8104
1656303240000,1219.55,1219.89,1219.47,1219.81,92.4555
1656303300000,1219.82,1219.82,1216.95,1217.43,494.5657
1656303360000,1217.44,1217.87,1216.86,1217.86,266.7469
1656303420000,1217.87,1218.45,1217.86,1218.45,109.7789
1656303480000,1218.45,1219.11,1218.44,1218.96,134.0757
1656303540000,1218.96,1221.87,1218.95,1220.94,327.3926
1656303600000,1220.93,1221.73,1220.21,1220.3,308.3415
1656303660000,1220.3,1228.1,1220.29,1226.0,4928.6982
1656303720000,1226.0,1226.82,1224.52,1225.08,585.1722
1656303780000,1225.08,1225.59,1222.59,1225.48,734.8433
1656303840000,1225.43,1227.57,1224.33,1224.58,853.921
1656303900000,1224.57,1224.99,1224.05,1224.17,278.2013
1656303960000,1224.17,1224.17,1220.93,1221.1,975.3748
1656304020000,1221.09,1221.46,1220.87,1221.26,218.5168
1656304080000,1221.26,1222.51,1221.08,1221.93,289.0808
1656304140000,1221.92,1222.55,1221.55,1221.58,211.9567
1656304200000,1221.58,1222.28,1221.33,1221.48,207.8918
1656304260000,1221.48,1222.16,1221.42,1221.72,109.4773
1656304320000,1221.71,1222.26,1221.71,1222.25,113.5661
1656304380000,1222.26,1222.67,1221.61,1222.67,166.7779
1656304440000,1222.66,1223.3,1222.5,1222.63,284.6954
1656304500000,1222.63,1222.64,1221.7,1222.07,144.7816
1656304560000,1222.06,1222.46,1221.97,1222.25,120.387
1656304620000,1222.26,1223.56,1222.25,1223.44,303.0799
1656304680000,1223.43,1223.44,1222.07,1222.08,271.5094
1656304740000,1222.08,1225.0,1221.92,1224.43,983.3105
1656304800000,1224.42,1224.47,1222.57,1223.54,441.1998
1656304860000,1223.54,1224.31,1222.83,1224.08,419.9834
1656304920000,1224.07,1224.43,1223.67,1224.15,140.6711
1656304980000,1224.15,1224.73,1223.56,1223.81,171.1038
1656305040000,1223.81,1224.56,1223.81,1224.55,122.6856
1656305100000,1224.55,1224.57,1223.35,1223.58,360.9347
1656305160000,1223.58,1223.81,1222.65,1223.81,198.9441
1656305220000,1223.81,1225.43,1223.8,1225.11,283.5355
1656305280000,1225.12,1225.12,1224.0,1224.0,412.6915
1656305340000,1224.0,1224.2,1223.72,1224.19,111.1132
1656305400000,1224.19,1225.22,1224.15,1224.23,240.152
1656305460000,1224.23,1224.23,1223.47,1223.96,217.5342
1656305520000,1223.97,1224.06,1223.2,1224.06,420.2757
1656305580000,1224.06,1224.06,1222.57,1222.92,204.5247
1656305640000,1222.92,1224.16,1222.91,1224.11,87.8228
1656305700000,1224.16,1224.19,1223.48,1223.49,126.6992
1656305760000,1223.49,1223.49,1222.27,1222.28,149.2284
1656305820000,1222.27,1222.92,1222.0,1222.12,278.0392
1656305880000,1222.13,1222.66,1222.05,1222.65,106.9203
1656305940000,1222.65,1223.64,1222.42,1223.52,206.1551
1656306000000,1223.52,1223.72,1222.47,1222.77,189.5327
1656306060000,1222.76,1223.01,1222.5,1222.77,167.2788
1656306120000,1222.77,1222.77,1222.11,1222.27,83.9234
1656306180000,1222.27,1222.4,1222.0,1222.0,330.3005
1656306240000,1222.0,1223.16,1222.0,1222.78,223.5499
1656306300000,1222.79,1224.09,1222.78,1223.27,362.9663
1656306360000,1223.27,1223.27,1222.41,1222.48,201.1554
1656306420000,1222.47,1223.0,1222.2,1222.2,203.862
1656306480000,1222.2,1223.0,1222.0,1222.0,196.3814
1656306540000,1222.01,1222.3,1222.0,1222.19,165.0813
1656306600000,1222.19,1223.62,1222.13,1222.44,461.0801
1656306660000,1222.44,1222.46,1221.8,1221.83,419.5539
1656306720000,1221.83,1222.65,1221.82,1222.42,157.8597
1656306780000,1222.41,1222.42,1221.6,1221.63,623.2534
1656306840000,1221.63,1222.53,1221.62,1222.38,199.4165
1656306900000,1222.37,1222.38,1221.4,1221.4,1282.8689
1656306960000,1221.41,1221.87,1220.13,1220.94,2854.2485
1656307020000,1220.93,1221.23,1217.23,1217.32,3609.072
1656307080000,1217.31,1218.15,1216.2,1216.95,1150.1479
1656307140000,1216.95,1217.85,1216.66,1217.64,362.612
1656307200000,1217.64,1218.06,1216.0,1217.95,658.2723
1656307260000,1217.96,1218.2,1216.48,1217.07,350.2919
1656307320000,1217.07,1218.27,1217.06,1217.99,499.0286
1656307380000,1218.0,1218.0,1217.0,1217.65,392.0916
1656307440000,1217.65,1218.08,1216.33,1217.03,489.421
1656307500000,1217.04,1218.38,1216.62,1216.62,565.718
1656307560000,1216.62,1217.48,1215.86,1215.95,601.3491
1656307620000,1215.95,1215.95,1213.12,1215.2,1041.2965
1656307680000,1215.2,1215.21,1213.66,1214.0,613.3293
1656307740000,1214.0,1214.73,1212.78,1214.72,1019.7175
1656307800000,1214.71,1215.25,1213.78,1214.79,456.4796
1656307860000,1214.78,1215.16,1214.0,1214.33,316.0008
1656307920000,1214.34,1215.64,1214.13,1214.56,662.746
1656307980000,1214.56,1215.74,1214.55,1215.47,387.1643
1656308040000,1215.48,1215.75,1214.7,1215.29,168.9135
1656308100000,1215.29,1216.18,1215.28,1215.76,221.3523
1656308160000,1215.77,1216.42,1215.62,1215.73,221.1012
1656308220000,1215.74,1216.63,1215.73,1216.1,262.9581
1656308280000,1216.09,1216.16,1215.53,1215.86,293.4078
1656308340000,1215.85,1216.02,1215.5,1215.94,144.9653
1656308400000,1215.93,1216.75,1215.56,1216.04,497.0761
1656308460000,1216.03,1217.53,1216.03,1216.86,179.1649
1656308520000,1216.86,1217.61,1216.21,1216.22,312.2634
1656308580000,1216.21,1217.49,1216.17,1217.43,192.4094
1656308640000,1217.44,1217.5,1216.67,1217.34,525.0109
1656308700000,1217.35,1218.23,1217.06,1218.23,131.8018
1656308760000,1218.22,1219.63,1218.22,1219.62,257.3855
1656308820000,1219.62,1219.63,1218.48,1218.64,211.11
1656308880000,1218.64,1218.75,1218.07,1218.25,568.0801
1656308940000,1218.24,1219.86,1218.07,1219.31,239.9516
1656309000000,1219.32,1219.32,1217.46,1217.46,430.6359
1656309060000,1217.47,1217.47,1216.18,1216.73,135.0006
1656309120000,1216.74,1218.32,1216.33,1217.43,284.7662
1656309180000,1217.43,1217.43,1216.64,1217.0,135.4219
1656309240000,1217.0,1217.01,1215.62,1215.85,157.4031
1656309300000,1215.84,1215.85,1215.22,1215.46,179.964
1656309360000,1215.46,1217.19,1215.46,1216.66,303.5546
1656309420000,1216.67,1216.67,1214.77,1215.14,1504.8172
1656309480000,1215.14,1215.55,1214.73,1214.92,216.443
1656309540000,1214.92,1215.22,1214.46,1214.89,451.6026
1656309600000,1214.88,1215.64,1214.5,1215.08,235.3351
1656309660000,1215.09,1215.84,1214.54,1214.73,475.4952
1656309720000,1214.72,1214.73,1213.89,1214.02,456.0563
1656309780000,1214.01,1214.53,1213.38,1214.49,257.7872
1656309840000,1214.5,1214.82,1213.54,1214.47,466.5438
1656309900000,1214.46,1215.41,1213.59,1215.24,597.8774
1656309960000,1215.24,1215.65,1213.74,1213.91,399.3672
1656310020000,1213.91,1214.06,1212.71,1213.38,797.993
1656310080000,1213.38,1214.35,1212.86,1213.5,221.1305
1656310140000,1213.49,1214.01,1213.1,1213.2,436.4898
1656310200000,1213.19,1214.31,1213.19,1213.7,344.1906
1656310260000,1213.7,1214.84,1213.7,1213.97,285.2624
1656310320000,1213.97,1215.16,1213.96,1214.51,275.4429
1656310380000,1214.51,1216.07,1214.51,1215.78,229.0023
1656310440000,1215.78,1215.91,1214.34,1214.96,194.7668
1656310500000,1214.96,1215.09,1214.34,1214.73,269.9045
1656310560000,1214.73,1217.77,1214.53,1217.42,456.4072
1656310620000,1217.42,1218.53,1217.41,1217.83,307.9033
1656310680000,1217.77,1217.92,1216.54,1217.3,237.1519
1656310740000,1217.31,1217.31,1216.24,1216.34,176.2606
1656310800000,1216.33,1216.66,1216.18,1216.59,198.7134
1656310860000,1216.59,1217.31,1216.58,1217.3,87.5841
1656310920000,1217.3,1217.69,1216.97,1216.98,169.8658
1656310980000,1216.97,1217.2,1216.27,1216.36,145.2262
1656311040000,1216.36,1216.37,1215.0,1215.6,365.3844
1656311100000,1215.6,1216.04,1214.56,1214.56,306.0339
1656311160000,1214.57,1214.95,1214.26,1214.71,110.796
1656311220000,1214.72,1215.79,1214.27,1215.39,330.9078
1656311280000,1215.38,1217.57,1215.38,1216.55,202.6429
1656311340000,1216.55,1216.84,1215.19,1215.2,307.8767
1656311400000,1215.19,1216.44,1214.53,1216.44,383.5146
1656311460000,1216.43,1217.27,1216.0,1217.26,443.6041
1656311520000,1217.26,1218.76,1216.49,1218.75,238.6499
1656311580000,1218.75,1218.86,1216.61,1216.92,317.861
1656311640000,1216.93,1217.24,1216.59,1216.6,231.907
1656311700000,1216.6,1218.65,1216.11,1218.44,228.7278
1656311760000,1218.43,1218.44,1217.53,1218.0,184.6825
1656311820000,1217.99,1218.42,1217.19,1217.89,318.0043
1656311880000,1217.9,1217.95,1217.51,1217.56,116.9888
1656311940000,1217.55,1217.56,1216.7,1216.79,148.8045
1656312000000,1216.79,1217.3,1216.1,1216.71,581.0993
1656312060000,1216.71,1216.72,1214.39,1214.56,313.1922
1656312120000,1214.56,1215.13,1213.96,1215.04,555.6372
1656312180000,1215.05,1215.73,1215.04,1215.51,213.1483
1656312240000,1215.52,1216.23,1215.51,1216.08,321.7323
1656312300000,1216.08,1217.29,1216.07,1216.32,326.2862
1656312360000,1216.33,1216.73,1216.19,1216.67,83.663
1656312420000,1216.66,1217.02,1215.82,1215.82,292.2424
1656312480000,1215.83,1216.56,1215.69,1216.51,87.5029
1656312540000,1216.52,1216.52,1214.36,1214.65,196.0529
1656312600000,1214.65,1215.9,1214.65,1215.75,306.6499
1656312660000,1215.74,1216.0,1215.25,1215.99,108.4456
1656312720000,1216.0,1217.8,1215.99,1217.8,407.8495
1656312780000,1217.79,1221.32,1217.03,1219.75,1033.9194
1656312840000,1219.75,1220.84,1219.49,1220.13,559.2352
1656312900000,1220.13,1220.83,1219.91,1220.42,363.0221
1656312960000,1220.42,1222.0,1220.09,1221.22,484.6524
1656313020000,1221.21,1221.99,1220.66,1221.67,444.8082
1656313080000,1221.68,1221.68,1220.65,1221.54,245.0719
1656313140000,1221.53,1221.54,1220.34,1221.26,397.6792
1656313200000,1221.26,1221.58,1220.21,1221.15,548.3199
1656313260000,1221.16,1221.81,1220.48,1221.07,507.6764
1656313320000,1221.08,1223.72,1220.51,1223.61,837.0165
1656313380000,1223.6,1224.98,1221.83,1222.65,962.385
1656313440000,1222.65,1223.69,1222.22,1223.56,530.9617
1656313500000,1223.56,1223.57,1222.2,1222.47,296.5468
1656313560000,1222.46,1223.48,1221.41,1223.38,819.3986
1656313620000,1223.37,1225.36,1222.79,1224.29,988.1058
1656313680000,1224.3,1227.44,1223.44,1226.11,1108.7586
1656313740000,1226.12,1226.98,1225.0,1225.21,603.3906
1656313800000,1225.22,1226.14,1223.9,1223.9,513.8298
1656313860000,1223.9,1224.84,1223.25,1224.27,1000.6986
1656313920000,1224.26,1224.27,1223.15,1223.56,579.0036
1656313980000,1223.57,1223.87,1223.18,1223.28,336.5679
1656314040000,1223.27,1224.23,1223.18,1223.69,271.8899
1656314100000,1223.68,1225.87,1223.37,1225.73,526.279
1656314160000,1225.72,1226.87,1224.85,1226.7,958.7663
1656314220000,1226.69,1226.74,1225.08,1225.08,356.9255
1656314280000,1225.09,1225.18,1224.35,1225.05,482.1572
1656314340000,1225.05,1226.22,1225.0,1225.0,268.8686
1656314400000,1225.0,1226.27,1224.66,1225.64,460.0439
1656314460000,1225.65,1225.97,1224.85,1225.29,355.0961
1656314520000,1225.29,1226.45,1225.16,1225.94,195.8819
1656314580000,1225.94,1226.5,1225.77,1226.35,127.211
1656314640000,1226.34,1230.86,1226.0,1228.89,2454.2889
1656314700000,1228.88,1232.88,1228.88,1231.95,1057.8233
1656314760000,1231.94,1232.83,1231.12,1231.2,759.7901
1656314820000,1231.24,1233.56,1230.56,1233.51,1854.8713
1656314880000,1233.51,1233.52,1231.9,1232.99,563.128
1656314940000,1232.98,1237.0,1232.21,1233.69,2901.1926
1656315000000,1233.55,1234.57,1232.49,1233.04,750.8662
1656315060000,1233.04,1233.22,1229.85,1229.99,467.1206
1656315120000,1230.0,1230.77,1229.21,1229.84,688.4575
1656315180000,1229.83,1230.78,1229.41,1230.01,445.8866
1656315240000,1230.01,1230.34,1229.15,1230.05,421.8034
1656315300000,1230.06,1230.09,1227.52,1228.36,633.9497
1656315360000,1228.37,1229.05,1227.8,1228.92,286.6301
1656315420000,1228.92,1229.39,1227.81,1227.82,566.1186
1656315480000,1227.82,1228.61,1227.8,1227.96,282.0713
1656315540000,1227.96,1228.61,1227.51,1228.02,531.8438
1656315600000,1228.03,1228.62,1227.51,1227.7,229.5115
1656315660000,1227.7,1228.86,1227.56,1228.67,412.2245
1656315720000,1228.67,1230.45,1228.66,1230.26,256.2523
1656315780000,1230.25,1230.37,1228.66,1229.13,473.0591
1656315840000,1229.12,1229.37,1228.1,1228.78,437.6626
1656315900000,1228.79,1229.32,1228.0,1228.44,306.8461
1656315960000,1228.45,1228.89,1228.08,1228.18,269.924
1656316020000,1228.18,1228.6,1227.66,1228.29,231.5775
1656316080000,1228.29,1228.29,1226.06,1226.32,534.0034
1656316140000,1226.31,1226.43,1225.43,1225.91,413.6166
1656316200000,1225.85,1226.8,1225.0,1225.22,668.4438
1656316260000,1225.21,1226.23,1224.67,1226.14,431.632
1656316320000,1226.14,1226.37,1224.99,1225.76,519.2775
1656316380000,1225.76,1226.14,1224.59,1224.82,489.6952
1656316440000,1224.83,1225.64,1223.76,1224.15,914.7718
1656316500000,1224.16,1225.46,1224.15,1224.76,340.7037
1656316560000,1224.77,1226.41,1224.76,1226.09,324.9861
1656316620000,1226.09,1226.33,1225.77,1226.12,677.3043
1656316680000,1226.13,1226.83,1226.01,1226.82,167.463
1656316740000,1226.82,1227.94,1226.51,1227.66,389.8418
1656316800000,1227.66,1228.81,1227.65,1228.37,529.3402
1656316860000,1228.38,1229.14,1228.04,1228.75,418.4474
1656316920000,1228.74,1229.1,1227.64,1228.65,387.8794
1656316980000,1228.65,1228.73,1227.19,1228.59,351.5679
1656317040000,1228.6,1230.16,1228.0,1230.15,873.5952
1656317100000,1230.14,1231.69,1230.0,1230.0,444.7265
1656317160000,1230.0,1230.31,1229.37,1229.84,564.5434
1656317220000,1229.84,1230.0,1228.6,1229.5,322.1746
1656317280000,1229.5,1229.51,1228.31,1228.31,235.3383
1656317340000,1228.31,1228.77,1228.2,1228.63,301.8409
1656317400000,1228.64,1229.05,1228.24,1228.25,273.9641
1656317460000,1228.25,1230.0,1228.21,1229.36,542.1852
1656317520000,1229.36,1230.0,1228.96,1229.01,235.1943
1656317580000,1229.0,1229.87,1228.64,1229.86,224.8344
1656317640000,1229.86,1230.45,1229.51,1229.86,168.7769
1656317700000,1229.86,1230.87,1229.71,1229.9,414.0334
1656317760000,1229.91,1229.91,1227.76,1228.28,459.0665
1656317820000,1228.29,1228.77,1228.01,1228.22,179.6585
1656317880000,1228.22,1228.83,1228.07,1228.15,329.4609
1656317940000,1228.16,1228.57,1227.37,1228.1,512.8533
1656318000000,1228.1,1228.52,1228.1,1228.26,167.2612
1656318060000,1228.27,1228.5,1227.44,1227.45,160.5062
1656318120000,1227.44,1227.74,1227.15,1227.5,257.5023
1656318180000,1227.49,1227.5,1226.24,1226.72,248.2154
1656318240000,1226.72,1227.84,1226.58,1227.26,180.5398
1656318300000,1227.27,1228.95,1227.26,1228.4,279.0083
1656318360000,1228.4,1228.74,1227.97,1228.22,138.3045
1656318420000,1228.22,1228.47,1227.3,1227.3,221.1042
1656318480000,1227.3,1227.74,1227.23,1227.24,101.8861
1656318540000,1227.23,1227.72,1226.5,1227.71,128.374
1656318600000,1227.72,1228.41,1227.25,1227.44,332.7712
1656318660000,1227.44,1227.81,1225.77,1226.12,244.9589
1656318720000,1226.12,1226.42,1224.03,1224.04,399.3834
1656318780000,1224.03,1225.87,1223.9,1225.39,478.6853
1656318840000,1225.39,1226.25,1225.31,1226.25,195.8508
1656318900000,1226.25,1228.16,1225.28,1227.92,241.9481
1656318960000,1227.91,1229.82,1227.91,1228.69,464.2889
1656319020000,1228.69,1234.27,1228.68,1232.62,3146.5316
1656319080000,1232.63,1233.26,1228.9,1229.4,772.2527
1656319140000,1229.41,1229.71,1227.64,1227.76,420.4548
1656319200000,1227.76,1229.86,1227.7,1229.4,253.555
1656319260000,1229.4,1229.82,1228.86,1229.81,445.9715
1656319320000,1229.82,1229.86,1229.02,1229.49,234.7457
1656319380000,1229.5,1229.78,1228.1,1228.1,198.0926
1656319440000,1228.1,1228.33,1227.81,1228.14,188.5558
1656319500000,1228.14,1228.15,1226.82,1227.37,276.1533
1656319560000,1227.36,1228.14,1226.81,1228.0,202.168
1656319620000,1228.11,1228.11,1227.03,1227.32,203.6333
1656319680000,1227.31,1227.85,1227.25,1227.78,132.4904
1656319740000,1227.77,1228.15,1226.89,1228.15,197.7914
1656319800000,1228.15,1229.86,1227.48,1229.61,438.9269
1656319860000,1229.6,1230.5,1228.78,1228.78,299.965
1656319920000,1228.79,1229.39,1228.49,1228.77,136.0792
1656319980000,1228.77,1229.96,1228.37,1229.84,427.4291
1656320040000,1229.84,1230.24,1229.39,1230.19,462.9773
1656320100000,1230.2,1231.11,1229.64,1230.22,260.2732
1656320160000,1230.22,1231.93,1230.16,1230.44,562.8531
1656320220000,1230.44,1231.96,1230.43,1231.43,468.2514
1656320280000,1231.44,1235.72,1231.14,1233.22,3679.8499
1656320340000,1233.22,1234.64,1232.63,1232.77,1076.331
1656320400000,1232.78,1233.69,1231.89,1232.11,715.3107
1656320460000,1232.11,1232.58,1230.95,1231.35,1017.3928
1656320520000,1231.35,1232.56,1231.08,1232.56,339.5859
1656320580000,1232.55,1233.81,1232.55,1232.56,663.3985
1656320640000,1232.57,1232.57,1231.13,1231.22,287.7803
1656320700000,1231.21,1231.34,1229.63,1230.34,633.2741
1656320760000,1230.33,1230.38,1229.49,1230.11,202.9697
1656320820000,1230.11,1230.35,1228.8,1229.98,833.6562
1656320880000,1229.97,1231.12,1229.84,1230.51,126.097
1656320940000,1230.51,1230.66,1229.78,1229.78,138.6638
1656321000000,1229.78,1229.79,1228.91,1229.32,220.6795
1656321060000,1229.32,1229.71,1228.7,1229.31,206.6331
1656321120000,1229.31,1231.24,1229.3,1231.24,185.1413
1656321180000,1231.24,1231.92,1230.57,1231.52,222.1994
1656321240000,1231.52,1232.33,1231.27,1232.16,235.8778
1656321300000,1232.17,1232.17,1231.21,1231.58,311.5501
1656321360000,1231.58,1231.59,1230.82,1230.83,198.9641
1656321420000,1230.83,1231.42,1230.0,1230.11,250.6821
1656321480000,1230.11,1230.88,1230.0,1230.18,140.3522
1656321540000,1230.18,1230.64,1229.8,1230.07,209.0159
1656321600000,1230.06,1230.84,1229.58,1230.67,207.3014
1656321660000,1230.68,1230.76,1230.17,1230.76,132.3869
1656321720000,1230.76,1231.0,1230.03,1230.09,356.6511
1656321780000,1230.09,1230.4,1229.34,1229.83,328.2952
1656321840000,1229.82,1231.0,1229.34,1230.98,316.136
1656321900000,1230.99,1231.05,1228.76,1228.98,336.5898
1656321960000,1228.97,1230.09,1228.59,1230.02,191.5076
1656322020000,1230.02,1230.66,1229.1,1229.89,498.0982
1656322080000,1229.89,1230.1,1229.37,1229.64,143.0122
1656322140000,1229.64,1230.1,1229.48,1230.02,196.7686
1656322200000,1230.02,1230.02,1229.1,1229.74,260.4723
1656322260000,1229.74,1230.2,1229.04,1229.99,500.8825
1656322320000,1230.0,1230.64,1229.51,1229.66,1033.9321
1656322380000,1229.65,1229.9,1229.11,1229.4,227.4853
1656322440000,1229.4,1229.88,1229.12,1229.45,115.7913
1656322500000,1229.46,1229.67,1228.71,1228.94,214.5098
1656322560000,1228.94,1229.67,1228.78,1229.3,85.4231
1656322620000,1229.3,1233.27,1229.28,1233.11,457.7161
1656322680000,1233.11,1233.11,1232.03,1232.49,379.3503
1656322740000,1232.49,1233.88,1231.27,1233.68,343.068
1656322800000,1233.68,1235.97,1233.55,1234.85,888.0975
1656322860000,1234.86,1234.99,1231.89,1233.0,346.1068
1656322920000,1233.0,1233.16,1232.33,1232.6,189.7104
1656322980000,1232.61,1233.0,1231.86,1232.21,234.6247
1656323040000,1232.2,1232.54,1231.81,1231.82,145.4968
1656323100000,1231.83,1233.6,1231.4,1233.33,306.3852
1656323160000,1233.32,1234.23,1233.32,1233.49,160.1676
1656323220000,1233.48,1234.96,1233.48,1234.08,158.7807
1656323280000,1234.09,1234.96,1234.0,1234.95,387.9675
1656323340000,1234.96,1236.25,1234.15,1234.53,577.0447
1656323400000,1234.53,1234.98,1234.08,1234.98,118.0144
1656323460000,1234.98,1235.82,1234.84,1235.51,407.8604
1656323520000,1235.51,1235.7,1234.41,1234.67,948.0252
1656323580000,1234.66,1235.19,1233.82,1233.82,275.3317
1656323640000,1233.83,1234.47,1232.92,1233.79,732.9634
1656323700000,1233.8,1235.52,1233.32,1235.28,248.8523
1656323760000,1235.28,1235.28,1234.4,1234.63,211.9599
1656323820000,1234.63,1234.94,1234.12,1234.12,125.6716
1656323880000,1234.12,1234.25,1233.44,1234.0,134.3413
1656323940000,1234.0,1234.1,1233.0,1233.37,140.5273
1656324000000,1233.37,1234.87,1233.36,1234.25,322.8922
1656324060000,1234.24,1234.97,1233.42,1233.43,331.344
1656324120000,1233.42,1233.43,1232.67,1232.82,169.16
1656324180000,1232.77,1233.38,1232.75,1232.94,203.7978
1656324240000,1232.93,1233.28,1232.2,1232.26,194.8975
1656324300000,1232.26,1232.86,1231.9,1231.97,306.3597
1656324360000,1231.97,1231.97,1230.77,1231.73,378.622
1656324420000,1231.72,1232.26,1230.89,1230.89,149.2349
1656324480000,1230.9,1231.34,1230.15,1230.25,213.0388
1656324540000,1230.25,1231.13,1228.57,1229.91,721.9772
1656324600000,1229.94,1231.61,1229.65,1231.6,384.7226
1656324660000,1231.61,1232.21,1230.94,1231.0,385.7723
1656324720000,1231.01,1231.28,1230.53,1230.82,195.534
1656324780000,1230.82,1230.95,1229.71,1230.24,256.0236
1656324840000,1230.24,1230.42,1229.48,1229.48,513.7702
1656324900000,1229.48,1230.59,1229.48,1229.81,1190.0641
1656324960000,1229.81,1231.15,1229.8,1230.23,289.7868
1656325020000,1230.23,1230.97,1230.2,1230.45,113.0786
1656325080000,1230.45,1234.05,1230.27,1233.63,904.043
1656325140000,1233.63,1238.93,1232.68,1237.08,2183.4986
1656325200000,1237.08,1237.67,1234.62,1235.4,977.4605
1656325260000,1235.39,1237.28,1234.68,1235.35,1301.8233
1656325320000,1235.35,1235.85,1234.42,1235.0,804.7759
1656325380000,1235.01,1235.83,1234.54,1234.54,442.4742
1656325440000,1234.55,1234.55,1232.6,1233.34,437.2652
1656325500000,1233.34,1235.21,1232.65,1234.88,969.3041
1656325560000,1234.88,1235.25,1234.15,1235.13,215.0087
1656325620000,1235.13,1235.22,1233.16,1233.6,302.805
1656325680000,1233.61,1234.02,1232.84,1233.32,234.3301
1656325740000,1233.33,1234.2,1232.98,1234.19,167.0697
1656325800000,1234.2,1234.5,1232.01,1232.88,441.6851
1656325860000,1232.87,1233.18,1232.04,1232.86,412.4995
1656325920000,1232.86,1234.95,1232.34,1234.95,291.382
1656325980000,1234.95,1235.99,1234.48,1235.61,304.0562
1656326040000,1235.61,1237.01,1235.61,1236.35,418.2277
1656326100000,1236.34,1237.0,1234.52,1234.53,269.7545
1656326160000,1234.53,1235.42,1233.74,1235.13,336.5042
1656326220000,1235.14,1235.26,1234.5,1234.87,112.9535
1656326280000,1234.86,1234.87,1233.31,1234.16,137.9473
1656326340000,1234.16,1234.51,1233.97,1234.41,182.5817
1656326400000,1234.4,1234.41,1233.83,1234.06,144.3136
1656326460000,1234.05,1234.86,1233.73,1233.74,171.0353
1656326520000,1233.74,1235.55,1233.73,1234.76,354.885
1656326580000,1234.76,1236.47,1234.75,1236.19,229.2611
1656326640000,1236.19,1236.19,1235.49,1235.72,106.5427
1656326700000,1235.73,1236.29,1234.0,1234.01,463.921
1656326760000,1234.0,1234.6,1234.0,1234.47,148.1785
1656326820000,1234.46,1235.47,1234.07,1234.82,362.48
1656326880000,1234.82,1235.24,1233.54,1233.55,263.7402
1656326940000,1233.54,1234.19,1233.2,1233.2,264.6462
1656327000000,1233.2,1233.71,1232.49,1232.56,346.3178
1656327060000,1232.57,1233.1,1232.23,1233.1,298.4763
1656327120000,1233.09,1233.1,1232.42,1232.77,174.6681
1656327180000,1232.76,1233.1,1232.42,1232.43,68.9336
1656327240000,1232.42,1233.46,1232.42,1232.94,240.3954
1656327300000,1232.95,1234.72,1232.52,1234.16,256.7153
1656327360000,1234.16,1234.49,1233.48,1233.66,96.5719
1656327420000,1233.65,1234.15,1233.13,1233.51,131.9268
1656327480000,1233.5,1234.78,1233.12,1233.76,329.9819
1656327540000,1233.76,1233.8,1233.23,1233.23,220.3053
1656327600000,1233.24,1233.77,1232.56,1232.69,269.9733
1656327660000,1232.7,1232.94,1232.2,1232.69,291.3485
1656327720000,1232.69,1232.84,1232.18,1232.4,361.3401
1656327780000,1232.39,1232.73,1232.11,1232.26,118.3643
1656327840000,1232.25,1232.43,1231.62,1231.8,511.5636
1656327900000,1231.8,1232.11,1230.02,1230.21,434.6047
1656327960000,1230.22,1231.29,1230.21,1230.53,371.1785
1656328020000,1230.52,1230.93,1230.05,1230.29,139.037
1656328080000,1230.29,1231.57,1230.28,1230.51,273.11
1656328140000,1230.52,1232.82,1230.51,1232.25,549.8293
1656328200000,1232.26,1233.89,1232.14,1233.63,186.971
1656328260000,1233.64,1234.09,1232.51,1232.77,230.6799
1656328320000,1232.76,1233.91,1232.76,1233.47,113.2874
1656328380000,1233.46,1234.95,1233.46,1234.81,398.8978
1656328440000,1234.82,1234.91,1233.83,1234.05,225.0034
1656328500000,1234.05,1235.67,1233.95,1234.86,297.1917
1656328560000,1234.86,1234.88,1234.5,1234.5,209.965
1656328620000,1234.51,1234.51,1233.41,1233.58,247.8243
1656328680000,1233.58,1235.0,1233.1,1233.1,465.3313
1656328740000,1233.1,1233.57,1232.84,1233.36,122.1958
1656328800000,1233.36,1233.36,1230.92,1231.41,364.6028
1656328860000,1231.42,1231.42,1229.24,1229.24,781.9537
1656328920000,1229.25,1229.25,1226.85,1228.72,857.1169
1656328980000,1228.71,1229.4,1227.28,1228.51,384.939
1656329040000,1228.5,1229.62,1227.87,1228.71,332.0114
1656329100000,1228.72,1228.98,1225.26,1225.29,476.2733
1656329160000,1225.28,1226.74,1223.66,1225.86,1031.6668
1656329220000,1225.87,1226.67,1225.21,1225.24,450.4887
1656329280000,1225.25,1226.87,1225.03,1226.8,352.2033
1656329340000,1226.81,1227.15,1225.04,1226.0,375.5954
1656329400000,1226.0,1227.18,1225.57,1226.99,417.7886
1656329460000,1226.99,1227.85,1226.81,1227.44,343.2478
1656329520000,1227.43,1227.44,1221.0,1222.19,2015.3991
1656329580000,1222.2,1222.45,1221.2,1222.16,1088.7928
1656329640000,1222.15,1222.73,1221.76,1222.48,408.5665
1656329700000,1222.48,1222.87,1221.35,1222.77,567.2255
1656329760000,1222.77,1225.1,1222.76,1224.55,517.0773
1656329820000,1224.55,1224.65,1223.82,1224.54,256.3947
1656329880000,1224.54,1224.82,1224.25,1224.63,186.9778
1656329940000,1224.62,1225.01,1223.78,1224.76,219.1595
1656330000000,1224.75,1224.79,1223.63,1224.01,513.3305
1656330060000,1224.0,1224.31,1222.63,1222.7,229.0973
1656330120000,1222.7,1223.58,1222.0,1222.24,358.805
1656330180000,1222.23,1224.12,1221.93,1223.59,583.5588
1656330240000,1223.6,1225.69,1223.12,1224.79,400.6601
1656330300000,1224.79,1226.13,1223.7,1223.71,361.5109
1656330360000,1223.7,1224.84,1223.7,1224.83,187.0599
1656330420000,1224.84,1225.75,1224.46,1224.72,238.4885
1656330480000,1224.71,1224.72,1223.63,1223.8,189.4483
1656330540000,1223.8,1224.48,1223.42,1224.3,184.805
1656330600000,1224.3,1224.3,1222.24,1222.93,382.4729
1656330660000,1222.92,1222.93,1221.0,1221.61,1008.3373
1656330720000,1221.61,1222.22,1221.04,1221.61,477.6562
1656330780000,1221.61,1221.83,1221.09,1221.59,326.6933
1656330840000,1221.6,1221.6,1217.32,1219.44,1472.9384
1656330900000,1219.44,1220.04,1218.51,1219.68,605.2042
1656330960000,1219.69,1220.48,1218.27,1220.31,648.8557
1656331020000,1220.3,1220.74,1219.95,1220.58,410.8479
1656331080000,1220.58,1220.61,1219.27,1219.54,361.4587
1656331140000,1219.54,1220.21,1219.35,1220.01,365.2537
1656331200000,1220.01,1220.99,1219.41,1219.53,394.1457
1656331260000,1219.53,1221.0,1219.49,1220.54,300.7685
1656331320000,1220.54,1222.0,1220.54,1221.4,531.027
1656331380000,1221.4,1221.4,1219.78,1220.0,453.9042
1656331440000,1220.01,1220.41,1219.12,1219.6,524.7189
1656331500000,1219.61,1220.42,1218.58,1219.45,519.1101
1656331560000,1219.45,1220.81,1217.91,1220.79,735.162
1656331620000,1220.79,1223.81,1220.78,1222.4,909.4376
1656331680000,1222.4,1223.91,1222.12,1222.74,516.1627
1656331740000,1222.74,1223.6,1222.26,1222.27,184.2221
1656331800000,1222.27,1223.43,1222.05,1222.54,437.2758
1656331860000,1222.55,1222.64,1219.88,1219.92,1069.1617
1656331920000,1219.92,1220.23,1218.61,1219.63,833.7113
1656331980000,1219.64,1221.27,1218.82,1220.86,751.2529
1656332040000,1220.85,1221.81,1220.0,1221.69,516.9474
1656332100000,1221.69,1222.54,1221.01,1221.83,381.6555
1656332160000,1221.83,1222.23,1218.75,1220.26,2109.6072
1656332220000,1220.27,1220.42,1219.0,1219.28,388.9189
1656332280000,1219.28,1220.91,1219.17,1219.96,735.8421
1656332340000,1219.97,1220.57,1219.65,1219.73,249.8641
1656332400000,1219.73,1220.32,1217.41,1217.44,316.3725
1656332460000,1217.44,1219.83,1217.44,1219.61,646.3683
1656332520000,1219.61,1220.14,1219.05,1220.14,292.9517
1656332580000,1220.14,1220.98,1219.53,1220.3,228.5008
1656332640000,1220.3,1220.3,1218.68,1219.21,373.3555
1656332700000,1219.21,1219.27,1217.06,1217.82,1076.1958
1656332760000,1217.85,1218.74,1217.48,1218.15,220.1412
1656332820000,1218.15,1220.24,1217.77,1220.03,487.9562
1656332880000,1220.02,1220.03,1217.44,1217.92,426.1121
1656332940000,1217.93,1218.71,1217.34,1217.34,185.6535
1656333000000,1217.35,1217.96,1215.11,1215.67,821.438
1656333060000,1215.67,1218.89,1215.25,1218.88,556.1507
1656333120000,1218.88,1218.89,1216.87,1217.76,1379.6875
1656333180000,1217.75,1218.78,1217.49,1218.77,671.985
1656333240000,1218.78,1218.83,1217.7,1218.01,375.3024
1656333300000,1218.01,1220.22,1216.5,1218.11,1650.5287
1656333360000,1218.11,1218.11,1216.29,1217.67,428.9166
1656333420000,1217.68,1218.33,1217.3,1217.65,308.6888
1656333480000,1217.65,1218.16,1216.8,1217.16,527.7019
1656333540000,1217.16,1217.84,1216.8,1217.55,457.8156
1656333600000,1217.55,1219.47,1215.12,1215.7,1182.4416
1656333660000,1215.71,1216.73,1214.82,1216.72,612.1026
1656333720000,1216.72,1218.33,1216.5,1218.31,512.207
1656333780000,1218.3,1218.31,1217.07,1217.07,380.725
1656333840000,1217.07,1217.56,1215.5,1215.51,371.946
1656333900000,1215.5,1216.94,1213.35,1214.62,851.6025
1656333960000,1214.63,1214.84,1213.6,1214.54,471.9343
1656334020000,1214.55,1214.77,1213.26,1214.28,1150.8107
1656334080000,1214.27,1214.8,1213.18,1214.79,829.5347
1656334140000,1214.79,1215.26,1213.69,1214.11,1250.6788
1656334200000,1214.12,1214.98,1214.11,1214.93,228.7306
1656334260000,1214.93,1214.98,1213.47,1214.52,171.0471
1656334320000,1214.52,1214.84,1213.16,1213.25,595.5781
1656334380000,1213.26,1213.65,1211.72,1212.35,1743.1962
1656334440000,1212.35,1212.72,1210.67,1211.66,942.8316
1656334500000,1211.65,1212.87,1211.65,1212.79,731.061
1656334560000,1212.79,1212.79,1211.04,1211.52,1506.9998
1656334620000,1211.53,1213.89,1211.53,1213.39,1265.308
1656334680000,1213.38,1213.56,1212.39,1213.55,332.1707
1656334740000,1213.55,1216.11,1213.48,1215.66,570.7236
1656334800000,1215.66,1215.82,1214.25,1214.49,543.1453
1656334860000,1214.49,1214.99,1213.57,1213.57,657.8743
1656334920000,1213.58,1215.24,1213.22,1213.84,599.0805
1656334980000,1213.84,1214.62,1213.7,1214.16,391.9794
1656335040000,1214.15,1214.28,1213.31,1213.46,330.5735
1656335100000,1213.46,1214.18,1212.34,1214.03,220.037
1656335160000,1214.03,1214.99,1213.71,1214.44,377.4343
1656335220000,1214.44,1216.8,1214.14,1216.32,262.4359
1656335280000,1216.32,1218.9,1215.84,1218.53,712.299
1656335340000,1218.53,1218.53,1216.81,1218.14,518.6894
1656335400000,1218.14,1218.97,1217.1,1218.79,549.7844
1656335460000,1218.79,1219.56,1217.87,1218.04,1001.9825
1656335520000,1218.04,1218.04,1214.84,1215.55,558.5081
1656335580000,1215.56,1216.03,1214.84,1215.5,368.6515
1656335640000,1215.5,1216.69,1215.16,1215.99,335.5925
1656335700000,1215.96,1216.87,1215.5,1215.55,345.2443
1656335760000,1215.56,1216.28,1215.02,1215.48,478.7152
1656335820000,1215.47,1216.16,1215.21,1215.99,372.7135
1656335880000,1216.0,1216.15,1214.83,1215.29,560.1599
1656335940000,1215.3,1215.4,1214.57,1214.58,408.5324
1656336000000,1214.57,1214.98,1213.85,1214.64,280.0652
1656336060000,1214.64,1215.1,1213.89,1215.09,331.5609
1656336120000,1215.09,1215.8,1214.37,1214.8,185.8292
1656336180000,1214.81,1215.54,1213.62,1215.03,554.5267
1656336240000,1215.02,1215.62,1214.35,1214.59,184.2856
1656336300000,1214.58,1216.31,1214.58,1215.37,422.9036
1656336360000,1215.38,1215.88,1215.03,1215.88,253.7841
1656336420000,1215.87,1217.69,1215.19,1217.22,918.3941
1656336480000,1217.22,1217.69,1215.89,1217.69,724.9639
1656336540000,1217.68,1218.2,1216.37,1216.74,440.37
1656336600000,1216.74,1219.13,1215.33,1218.6,974.643
1656336660000,1218.6,1218.89,1214.2,1214.89,951.8587
1656336720000,1214.9,1215.15,1210.55,1210.63,1343.132
1656336780000,1210.62,1210.63,1205.28,1205.84,4235.6976
1656336840000,1205.83,1206.66,1202.0,1203.96,3971.6967
1656336900000,1203.96,1208.94,1201.45,1207.12,5482.3213
1656336960000,1207.12,1207.85,1201.22,1201.66,2747.1014
1656337020000,1201.66,1204.4,1201.0,1203.77,2264.6175
1656337080000,1203.78,1204.56,1201.15,1203.09,1811.2059
1656337140000,1203.09,1204.66,1202.15,1203.45,1533.6755
1656337200000,1203.45,1204.98,1200.11,1200.88,3076.7943
1656337260000,1200.88,1200.98,1196.96,1197.88,2946.1915
1656337320000,1197.89,1201.05,1197.84,1198.99,3623.5626
1656337380000,1198.99,1199.02,1189.01,1194.33,12352.3481
1656337440000,1194.32,1194.47,1191.46,1193.83,2137.0189
1656337500000,1193.82,1193.83,1188.0,1190.63,3415.3354
1656337560000,1190.64,1192.71,1186.15,1186.99,3083.3695
1656337620000,1187.0,1187.67,1185.31,1186.74,2685.535
1656337680000,1186.73,1190.8,1185.78,1186.27,2126.564
1656337740000,1186.27,1188.32,1184.75,1187.39,2022.2722
1656337800000,1187.39,1188.24,1185.8,1186.65,1704.9934
1656337860000,1186.64,1190.89,1186.52,1190.19,1408.7508
1656337920000,1190.18,1192.49,1186.94,1187.67,1939.4597
1656337980000,1187.69,1190.49,1186.96,1187.88,2340.9819
1656338040000,1187.88,1189.69,1187.62,1189.16,1210.4687
1656338100000,1189.16,1189.71,1184.0,1185.19,3982.6415
1656338160000,1185.19,1187.58,1185.03,1186.87,1217.7768
1656338220000,1186.88,1186.88,1184.87,1185.12,1343.5818
1656338280000,1185.13,1185.49,1182.16,1182.74,1967.9106
1656338340000,1182.75,1184.03,1181.37,1183.24,1663.7533
1656338400000,1183.24,1184.13,1177.45,1181.26,5250.0113
1656338460000,1181.26,1181.82,1175.01,1177.1,6075.5713
1656338520000,1177.01,1184.45,1175.0,1184.18,7667.2245
1656338580000,1184.19,1186.16,1182.07,1184.54,2856.2581
1656338640000,1184.55,1188.81,1184.36,1186.01,3758.4785
1656338700000,1186.02,1188.23,1182.18,1186.04,1745.5841
1656338760000,1186.03,1186.1,1183.92,1184.82,2131.7415
1656338820000,1184.81,1185.98,1182.78,1185.71,959.582
1656338880000,1185.71,1186.17,1183.18,1183.87,769.8455
1656338940000,1183.87,1185.37,1180.59,1185.36,1203.4338
1656339000000,1185.37,1185.4,1181.31,1182.81,1000.2696
1656339060000,1182.82,1182.97,1180.44,1180.9,1621.7098
1656339120000,1180.91,1181.9,1180.3,1181.2,1893.4232
1656339180000,1181.19,1184.07,1181.19,1182.29,1693.4942
1656339240000,1182.3,1183.53,1182.02,1183.21,772.608
1656339300000,1183.2,1183.67,1180.2,1181.52,1109.3155
1656339360000,1181.52,1186.96,1181.45,1186.34,949.4587
1656339420000,1186.33,1186.52,1181.18,1181.19,825.1056
1656339480000,1181.19,1181.41,1180.0,1180.55,10174.0124
1656339540000,1180.55,1185.23,1180.54,1184.1,1096.0798
1656339600000,1184.11,1184.7,1182.37,1182.65,946.7513
1656339660000,1182.65,1185.02,1182.41,1184.53,831.7733
1656339720000,1184.53,1184.91,1182.62,1184.31,1811.3264
1656339780000,1184.32,1184.32,1180.54,1180.95,758.6225
1656339840000,1180.95,1182.95,1180.61,1181.66,604.8678
1656339900000,1181.66,1182.11,1180.28,1180.76,619.1171
1656339960000,1180.76,1183.5,1180.59,1182.63,1439.8759
1656340020000,1182.62,1183.67,1182.1,1182.67,492.3796
1656340080000,1182.67,1184.75,1182.48,1183.73,644.2963
1656340140000,1183.73,1184.0,1181.59,1181.6,423.7745
1656340200000,1181.61,1183.9,1181.2,1183.39,1146.3456
1656340260000,1183.39,1183.51,1182.21,1183.25,471.301
1656340320000,1183.33,1184.18,1182.9,1183.05,610.327
1656340380000,1183.02,1184.72,1181.51,1184.68,863.2823
1656340440000,1184.69,1184.78,1183.36,1184.05,841.4919
1656340500000,1184.04,1185.55,1183.4,1183.43,650.658
1656340560000,1183.42,1183.43,1180.82,1181.14,998.8276
1656340620000,1181.15,1183.35,1180.49,1181.41,1382.2832
1656340680000,1181.4,1181.41,1180.1,1181.04,549.7057
1656340740000,1181.05,1182.76,1180.27,1181.27,540.3386
1656340800000,1181.28,1182.8,1179.51,1180.93,1891.5919
1656340860000,1180.93,1181.66,1178.48,1179.58,1357.8833
1656340920000,1179.58,1181.14,1179.54,1181.14,457.5689
1656340980000,1181.14,1181.67,1180.29,1181.04,664.0718
1656341040000,1181.03,1182.69,1180.54,1182.02,767.4364
1656341100000,1182.03,1182.99,1180.69,1182.76,427.0907
1656341160000,1182.77,1184.31,1181.65,1184.2,638.7598
1656341220000,1184.2,1185.87,1183.57,1185.43,980.3979
1656341280000,1185.43,1189.04,1184.99,1187.47,2737.7852
1656341340000,1187.46,1188.45,1186.67,1187.45,1081.2039
1656341400000,1187.44,1188.63,1186.0,1188.62,1166.958
1656341460000,1188.62,1188.94,1185.77,1186.9,951.5915
1656341520000,1186.91,1187.75,1186.38,1186.61,569.9255
1656341580000,1186.62,1187.45,1185.83,1187.0,1311.3324
1656341640000,1186.99,1187.13,1185.89,1186.18,1071.1044
1656341700000,1186.18,1187.73,1185.92,1187.47,615.5446
1656341760000,1187.47,1188.55,1187.47,1188.51,575.7605
1656341820000,1188.5,1191.7,1188.5,1191.0,1321.4519
1656341880000,1191.0,1193.0,1189.76,1189.77,1448.4167
1656341940000,1189.76,1191.47,1189.65,1191.05,1770.7126
1656342000000,1191.05,1193.6,1190.53,1193.52,2688.6101
1656342060000,1193.52,1193.89,1190.84,1191.48,1596.8337
1656342120000,1191.49,1191.53,1190.5,1191.4,1887.942
1656342180000,1191.39,1191.48,1189.78,1189.78,1249.4214
1656342240000,1189.79,1190.7,1187.79,1187.98,1546.4794
1656342300000,1187.99,1188.18,1185.09,1185.61,1173.77
1656342360000,1185.59,1187.11,1183.59,1187.1,1184.9214
1656342420000,1187.09,1187.1,1185.55,1186.36,487.9213
1656342480000,1186.35,1186.43,1185.38,1185.77,435.9634
1656342540000,1185.77,1186.35,1184.16,1184.62,512.4663
1656342600000,1184.62,1185.3,1184.08,1184.45,494.0626
1656342660000,1184.45,1185.56,1183.39,1184.15,459.845
1656342720000,1184.15,1184.35,1182.75,1183.75,766.4507
1656342780000,1183.74,1183.75,1182.04,1182.72,804.123
1656342840000,1182.71,1183.19,1182.17,1182.91,301.8889
1656342900000,1182.91,1184.46,1182.04,1184.14,504.5783
1656342960000,1184.15,1184.38,1183.54,1184.38,282.1387
1656343020000,1184.37,1184.38,1180.91,1181.77,562.8892
1656343080000,1181.78,1182.46,1181.46,1181.96,480.7856
1656343140000,1181.97,1182.6,1180.99,1182.03,500.8754
1656343200000,1182.04,1182.28,1181.01,1181.25,329.4349
1656343260000,1181.25,1183.57,1180.55,1183.56,472.2212
1656343320000,1183.56,1183.57,1182.08,1183.35,729.5253
1656343380000,1183.34,1183.35,1181.63,1182.48,316.3496
1656343440000,1182.48,1185.64,1182.48,1185.05,544.5956
1656343500000,1185.05,1186.28,1185.05,1186.28,405.0054
1656343560000,1186.28,1186.28,1184.18,1184.52,646.1374
1656343620000,1184.52,1185.27,1184.22,1185.07,382.9333
1656343680000,1185.08,1185.51,1184.72,1185.13,253.9718
1656343740000,1185.12,1186.35,1184.41,1184.66,747.9971
1656343800000,1184.65,1185.28,1184.0,1184.36,287.1791
1656343860000,1184.36,1186.18,1184.35,1185.8,454.5519
1656343920000,1185.81,1189.39,1185.81,1188.11,1071.4566
1656343980000,1188.11,1189.16,1187.39,1188.57,463.533
1656344040000,1188.57,1188.58,1187.07,1187.58,452.7973
1656344100000,1187.59,1187.78,1186.75,1187.78,427.5134
1656344160000,1187.78,1188.03,1186.75,1186.9,228.4214
1656344220000,1186.89,1187.5,1186.44,1187.27,234.4899
1656344280000,1187.27,1187.5,1186.76,1187.32,443.7152
1656344340000,1187.32,1187.68,1186.78,1187.51,233.8725
1656344400000,1187.51,1187.86,1187.1,1187.85,217.259
1656344460000,1187.85,1189.13,1187.58,1187.88,632.8745
1656344520000,1187.91,1189.0,1187.66,1188.75,236.4927
1656344580000,1188.74,1189.2,1188.2,1188.25,288.7369
1656344640000,1188.25,1188.74,1188.11,1188.7,226.4351
1656344700000,1188.69,1190.73,1188.25,1190.51,609.3882
1656344760000,1190.51,1191.81,1190.4,1190.51,605.0729
1656344820000,1190.52,1190.62,1188.0,1188.32,396.541
1656344880000,1188.32,1188.64,1187.27,1188.53,427.509
1656344940000,1188.53,1188.97,1187.72,1187.73,549.0881
1656345000000,1187.73,1188.0,1186.8,1187.73,439.9041
1656345060000,1187.73,1187.73,1186.6,1186.97,431.8555
1656345120000,1186.97,1186.97,1185.55,1186.15,350.7789
1656345180000,1186.16,1190.58,1185.73,1190.3,1438.718
1656345240000,1190.3,1190.3,1187.76,1187.85,362.1461
1656345300000,1187.84,1189.35,1187.69,1187.82,425.2284
1656345360000,1187.82,1188.64,1187.15,1187.9,270.2642
1656345420000,1187.89,1187.9,1186.4,1187.1,1618.4462
1656345480000,1187.1,1188.63,1186.74,1187.46,692.9227
1656345540000,1187.46,1187.75,1187.09,1187.48,355.687
1656345600000,1187.49,1187.68,1186.41,1186.42,635.2754
1656345660000,1186.41,1187.97,1186.35,1186.52,590.841
1656345720000,1186.52,1186.64,1184.89,1186.42,670.0803
1656345780000,1186.43,1188.36,1186.42,1187.43,572.5784
1656345840000,1187.44,1187.51,1185.46,1187.38,387.4953
1656345900000,1187.38,1187.51,1186.49,1186.75,343.7741
1656345960000,1186.75,1186.83,1185.96,1186.73,328.7777
1656346020000,1186.74,1187.28,1186.39,1187.03,238.1823
1656346080000,1187.03,1187.27,1186.39,1186.54,301.3991
1656346140000,1186.53,1186.62,1185.31,1185.37,193.7954
1656346200000,1185.37,1186.53,1185.0,1185.85,402.707
1656346260000,1185.84,1185.85,1184.23,1185.09,506.5688
1656346320000,1185.1,1186.44,1184.86,1184.94,502.2814
1656346380000,1184.93,1186.05,1184.93,1185.39,330.7747
1656346440000,1185.39,1185.89,1184.15,1184.16,273.6767
1656346500000,1184.15,1184.31,1182.25,1182.57,680.2822
1656346560000,1182.57,1184.46,1182.41,1183.12,507.0817
1656346620000,1183.12,1184.47,1182.65,1184.3,334.1163
1656346680000,1184.31,1185.58,1183.21,1185.58,379.9199
1656346740000,1185.58,1186.09,1185.24,1185.52,230.3104
1656346800000,1185.52,1185.67,1183.62,1184.29,291.5067
1656346860000,1184.29,1185.29,1184.25,1184.26,266.9857
1656346920000,1184.26,1185.46,1184.25,1184.5,193.2367
1656346980000,1184.51,1185.66,1184.5,1184.76,198.7716
1656347040000,1184.75,1184.84,1182.16,1182.16,284.7117
1656347100000,1182.16,1183.81,1182.16,1183.6,576.4399
1656347160000,1183.6,1186.58,1183.15,1186.58,528.0585
1656347220000,1186.57,1186.58,1184.04,1184.32,236.3884
1656347280000,1184.32,1185.23,1183.91,1185.22,376.357
1656347340000,1185.23,1185.25,1184.33,1184.92,214.6828
1656347400000,1184.92,1185.02,1184.17,1184.17,483.8356
1656347460000,1184.18,1188.36,1183.63,1188.16,620.4919
1656347520000,1188.16,1188.36,1186.68,1186.68,796.2196
1656347580000,1186.69,1186.69,1184.77,1184.97,308.7557
1656347640000,1184.98,1185.08,1184.47,1184.87,477.0046
1656347700000,1184.86,1186.6,1184.51,1186.06,271.577
1656347760000,1186.06,1187.8,1185.73,1187.54,365.4132
1656347820000,1187.53,1189.24,1187.47,1189.24,854.3547
1656347880000,1189.23,1189.24,1187.46,1188.8,529.9401
1656347940000,1188.79,1189.22,1188.32,1189.01,208.6298
1656348000000,1189.01,1189.01,1188.31,1189.0,268.5958
1656348060000,1189.0,1189.05,1186.98,1187.8,379.5712
1656348120000,1187.74,1188.23,1187.42,1187.58,186.2276
1656348180000,1187.58,1188.07,1187.57,1187.85,204.7282
1656348240000,1187.86,1189.13,1187.84,1188.89,214.6004
1656348300000,1188.89,1189.55,1187.21,1187.83,598.5196
1656348360000,1187.84,1188.92,1187.44,1188.65,468.7701
1656348420000,1188.66,1191.32,1188.65,1190.13,565.7262
1656348480000,1190.13,1190.96,1189.67,1189.71,254.571
1656348540000,1189.72,1190.05,1189.15,1189.41,253.5987
1656348600000,1189.4,1193.18,1189.01,1192.44,909.0672
1656348660000,1192.44,1192.57,1190.62,1191.63,369.7339
1656348720000,1191.63,1192.43,1191.0,1191.01,356.7855
1656348780000,1191.01,1191.88,1191.0,1191.4,238.1225
1656348840000,1191.41,1191.67,1190.16,1190.51,234.04
1656348900000,1190.5,1190.81,1189.71,1190.51,313.8322
1656348960000,1190.51,1190.69,1189.85,1190.3,351.8294
1656349020000,1190.3,1190.55,1189.85,1190.06,167.7961
1656349080000,1190.07,1190.26,1189.17,1190.0,247.9783
1656349140000,1190.0,1191.04,1188.23,1190.97,583.9243
1656349200000,1190.98,1191.2,1190.09,1190.9,277.2308
1656349260000,1190.9,1190.9,1189.82,1190.19,168.5875
1656349320000,1190.2,1191.66,1188.98,1190.11,466.7716
1656349380000,1190.11,1190.11,1188.45,1188.83,450.053
1656349440000,1188.83,1189.02,1188.01,1188.38,783.0404
1656349500000,1188.38,1188.65,1187.88,1187.89,221.1393
1656349560000,1187.88,1187.98,1187.54,1187.97,394.2666
1656349620000,1187.98,1188.53,1187.44,1187.8,358.0861
1656349680000,1187.81,1188.8,1187.8,1188.54,249.9079
1656349740000,1188.54,1190.87,1188.53,1190.59,307.0213
1656349800000,1190.59,1190.75,1189.56,1189.62,230.4719
1656349860000,1189.62,1190.58,1189.61,1190.57,264.199
1656349920000,1190.57,1190.79,1189.65,1190.78,469.9031
1656349980000,1190.79,1191.45,1190.78,1190.94,263.6824
1656350040000,1190.95,1191.9,1190.72,1191.84,311.9787
1656350100000,1191.84,1191.85,1190.55,1191.47,286.9537
1656350160000,1191.47,1191.7,1190.34,1190.35,229.4492
1656350220000,1190.35,1190.37,1188.46,1188.86,498.2421
1656350280000,1188.86,1191.34,1188.35,1191.04,358.014
1656350340000,1191.04,1191.46,1190.46,1191.46,156.7873
1656350400000,1191.46,1191.78,1188.89,1189.39,492.0882
1656350460000,1189.39,1191.49,1189.23,1190.8,346.246
1656350520000,1190.79,1191.49,1190.36,1190.56,224.4742
1656350580000,1190.56,1191.71,1190.52,1191.33,231.2424
1656350640000,1191.32,1191.33,1189.56,1190.18,244.9974
1656350700000,1190.19,1190.19,1189.21,1189.65,249.416
1656350760000,1189.64,1190.36,1189.01,1190.05,194.5994
1656350820000,1190.04,1190.08,1187.52,1187.99,215.7266
1656350880000,1187.99,1188.95,1187.62,1188.51,226.1768
1656350940000,1188.5,1188.83,1188.0,1188.19,290.3117
1656351000000,1188.19,1188.62,1187.0,1188.42,401.3752
1656351060000,1188.42,1188.91,1187.77,1188.66,350.1671
1656351120000,1188.65,1188.79,1187.85,1188.64,407.7919
1656351180000,1188.63,1188.64,1187.12,1187.13,296.4428
1656351240000,1187.13,1188.0,1187.09,1187.58,231.2414
1656351300000,1187.59,1187.75,1187.26,1187.34,331.0607
1656351360000,1187.34,1188.35,1187.32,1188.23,226.3775
1656351420000,1188.23,1188.25,1184.66,1184.77,870.0387
1656351480000,1184.77,1186.51,1184.71,1186.34,574.8405
1656351540000,1186.34,1186.6,1185.91,1186.17,144.7247
1656351600000,1186.16,1187.26,1186.0,1186.21,195.6583
1656351660000,1186.21,1186.22,1185.19,1186.19,289.1406
1656351720000,1186.18,1186.19,1184.46,1185.67,319.8563
1656351780000,1185.66,1186.0,1185.28,1186.0,234.8795
1656351840000,1186.0,1186.26,1185.37,1186.25,289.3563
1656351900000,1186.25,1186.26,1184.35,1184.47,467.1376
1656351960000,1184.47,1185.34,1184.34,1184.97,204.7251
1656352020000,1184.97,1185.15,1184.64,1184.66,136.151
1656352080000,1184.66,1185.11,1184.46,1184.96,224.4892
1656352140000,1184.97,1185.84,1184.87,1185.77,362.0088
1656352200000,1185.8,1186.24,1185.17,1186.04,309.2265
1656352260000,1186.03,1186.63,1185.39,1185.39,185.9476
1656352320000,1185.4,1186.6,1185.39,1186.54,249.1612
1656352380000,1186.54,1187.99,1186.26,1186.82,250.6
1656352440000,1186.82,1187.37,1186.48,1186.72,144.8975
1656352500000,1186.72,1187.48,1186.66,1187.05,159.3702
1656352560000,1187.05,1187.93,1186.93,1187.93,139.8914
1656352620000,1187.92,1189.95,1187.6,1189.34,1422.7399
1656352680000,1189.35,1189.37,1187.06,1187.6,423.4819
1656352740000,1187.6,1187.82,1186.71,1186.72,204.7548
1656352800000,1186.72,1186.78,1185.71,1185.71,353.8458
1656352860000,1185.72,1187.6,1185.52,1186.17,606.2314
1656352920000,1186.16,1186.45,1185.5,1186.15,383.6268
1656352980000,1186.15,1188.78,1186.15,1188.58,550.6426
1656353040000,1188.58,1188.78,1188.25,1188.72,133.4818
1656353100000,1188.73,1188.73,1187.03,1187.04,199.644
1656353160000,1187.03,1187.04,1181.34,1181.6,1517.6115
1656353220000,1181.59,1181.66,1176.91,1178.7,3479.6634
1656353280000,1178.7,1178.84,1172.49,1177.49,4019.3934
1656353340000,1177.49,1182.76,1177.27,1179.89,1470.8524
1656353400000,1179.89,1185.62,1179.29,1185.38,1076.4376
1656353460000,1185.38,1193.45,1184.53,1190.56,3509.9232
1656353520000,1190.57,1198.71,1190.33,1196.63,5180.6854
1656353580000,1196.63,1198.27,1192.95,1194.12,1167.5476
1656353640000,1194.11,1194.79,1192.29,1192.55,799.4966
1656353700000,1192.54,1196.91,1192.3,1196.56,814.3345
1656353760000,1196.49,1206.5,1195.78,1202.87,5539.4496
1656353820000,1202.88,1203.72,1198.84,1200.59,1752.7711
1656353880000,1200.59,1206.25,1200.01,1204.44,1572.1064
1656353940000,1204.44,1207.55,1202.72,1205.07,2621.7591
1656354000000,1205.07,1205.38,1202.74,1203.22,669.5358
1656354060000,1203.22,1204.31,1202.01,1204.01,702.8041
1656354120000,1204.0,1207.42,1203.65,1206.33,1053.0153
1656354180000,1206.32,1206.5,1202.66,1203.71,1042.3326
1656354240000,1203.72,1205.16,1203.17,1203.92,455.791
1656354300000,1203.92,1206.76,1203.08,1205.75,1026.5234
1656354360000,1205.76,1209.39,1204.84,1209.39,1067.5035
1656354420000,1209.38,1210.0,1206.68,1207.25,1227.2759
1656354480000,1207.26,1208.23,1206.91,1208.01,377.736
1656354540000,1208.01,1208.04,1206.38,1207.12,585.9575
1656354600000,1207.13,1209.78,1207.09,1207.51,886.7958
1656354660000,1207.5,1209.67,1207.5,1208.72,784.3623
1656354720000,1208.72,1211.32,1208.67,1209.28,1257.804
1656354780000,1209.27,1210.39,1208.08,1208.12,654.0668
1656354840000,1208.11,1209.99,1208.11,1209.68,333.406
1656354900000,1209.68,1210.36,1208.37,1208.54,424.5171
1656354960000,1208.55,1210.12,1208.41,1208.99,475.2833
1656355020000,1209.0,1209.16,1207.43,1208.34,486.2758
1656355080000,1208.33,1209.87,1208.19,1209.86,283.0471
1656355140000,1209.86,1209.87,1208.23,1209.02,350.615
1656355200000,1209.02,1209.21,1208.28,1208.58,228.8366
1656355260000,1208.76,1209.29,1208.08,1208.8,143.4417
1656355320000,1208.8,1209.54,1208.51,1209.08,244.2461
1656355380000,1209.08,1209.09,1208.37,1208.38,280.5954
1656355440000,1208.37,1208.75,1206.58,1206.84,506.793
1656355500000,1206.84,1206.85,1204.25,1204.28,682.3141
1656355560000,1204.27,1205.3,1203.8,1204.05,612.3739
1656355620000,1204.06,1204.74,1202.67,1203.0,437.1118
1656355680000,1202.99,1203.8,1202.33,1203.17,378.6064
1656355740000,1203.17,1203.44,1201.82,1202.58,419.9588
1656355800000,1202.44,1202.58,1198.1,1198.27,1282.2045
1656355860000,1198.27,1199.67,1197.09,1197.45,727.1563
1656355920000,1197.46,1198.5,1196.65,1197.76,1138.1418
1656355980000,1197.77,1198.05,1196.0,1197.02,836.3079
1656356040000,1197.01,1197.31,1195.0,1196.26,1046.6508
1656356100000,1196.27,1198.92,1195.34,1198.59,882.0642
1656356160000,1198.59,1199.0,1197.28,1197.29,424.7925
1656356220000,1197.28,1199.25,1197.28,1198.51,315.743
1656356280000,1198.51,1199.04,1197.3,1198.74,345.9604
1656356340000,1198.73,1198.99,1198.33,1198.51,282.6889
1656356400000,1198.52,1198.52,1196.53,1197.94,624.2924
1656356460000,1198.0,1198.0,1196.45,1196.45,339.0449
1656356520000,1196.46,1196.46,1191.8,1192.38,3334.2706
1656356580000,1192.39,1192.52,1186.96,1189.95,3520.5998
1656356640000,1189.96,1190.0,1188.96,1189.34,894.1271
1656356700000,1189.34,1189.96,1188.36,1189.45,1163.0026
1656356760000,1189.44,1191.52,1189.01,1191.52,2331.7135
1656356820000,1191.52,1191.8,1189.89,1190.71,490.6983
1656356880000,1190.7,1191.71,1187.95,1189.05,1627.0555
1656356940000,1189.05,1191.51,1187.65,1189.85,854.2587
1656357000000,1189.86,1191.06,1188.82,1189.36,695.2787
1656357060000,1189.36,1192.51,1189.13,1192.14,1277.7871
1656357120000,1192.14,1192.49,1190.19,1190.21,664.9271
1656357180000,1190.2,1191.54,1190.08,1190.93,353.9855
1656357240000,1190.93,1191.61,1190.46,1191.12,567.7848
1656357300000,1191.13,1191.55,1190.49,1191.49,627.1806
1656357360000,1191.49,1192.52,1191.22,1191.63,305.5846
1656357420000,1191.62,1192.6,1191.55,1192.39,216.6978
1656357480000,1192.39,1192.85,1190.74,1191.1,514.9196
1656357540000,1191.11,1192.35,1190.88,1192.12,508.5
1656357600000,1192.12,1192.56,1191.28,1191.84,172.9024
1656357660000,1191.83,1192.13,1191.49,1191.84,190.3606
1656357720000,1191.85,1192.68,1191.49,1192.31,208.0734
1656357780000,1192.3,1192.7,1191.55,1191.69,197.8382
1656357840000,1191.69,1192.3,1191.58,1191.84,140.8298
1656357900000,1191.83,1195.54,1191.71,1195.3,435.6115
1656357960000,1195.3,1197.03,1194.12,1194.14,589.913
1656358020000,1194.13,1195.18,1193.6,1194.66,350.5225
1656358080000,1194.71,1194.74,1193.61,1193.87,215.7052
1656358140000,1193.88,1197.23,1193.28,1196.5,461.328
1656358200000,1196.51,1198.01,1195.51,1196.02,374.6749
1656358260000,1196.01,1196.3,1195.05,1195.67,295.4866
1656358320000,1195.68,1197.44,1195.46,1196.91,554.6746
1656358380000,1196.91,1197.29,1196.07,1196.51,382.1011
1656358440000,1196.51,1197.0,1196.0,1196.38,205.2771
1656358500000,1196.38,1196.79,1196.02,1196.53,212.4623
1656358560000,1196.52,1196.63,1194.72,1194.97,311.6916
1656358620000,1194.98,1195.37,1194.01,1194.39,397.2188
1656358680000,1194.39,1194.55,1194.01,1194.4,166.6078
1656358740000,1194.4,1195.26,1194.4,1195.26,326.6585
1656358800000,1195.23,1196.17,1194.6,1195.86,327.6416
1656358860000,1195.86,1197.16,1195.39,1196.82,227.802
1656358920000,1196.82,1197.0,1196.13,1197.0,567.1887
1656358980000,1197.0,1199.61,1196.99,1197.64,531.2005
1656359040000,1197.63,1199.04,1197.63,1198.8,320.6987
1656359100000,1198.79,1200.25,1197.82,1198.52,600.7537
1656359160000,1198.52,1200.0,1198.19,1200.0,277.9975
1656359220000,1200.0,1200.28,1198.77,1199.62,270.1266
1656359280000,1199.63,1201.28,1198.76,1198.83,484.6062
1656359340000,1198.84,1201.0,1198.49,1200.32,388.2138
1656359400000,1200.32,1200.32,1197.08,1198.66,593.106
1656359460000,1198.67,1199.81,1198.19,1198.31,490.297
1656359520000,1198.3,1199.17,1197.51,1197.52,284.5505
1656359580000,1197.51,1198.34,1197.11,1198.03,456.876
1656359640000,1198.03,1198.85,1197.68,1198.12,373.4074
1656359700000,1198.13,1198.52,1197.22,1197.69,209.1104
1656359760000,1197.69,1198.59,1197.69,1198.58,170.2795
1656359820000,1198.59,1199.13,1197.71,1197.72,355.4669
1656359880000,1197.72,1198.38,1197.65,1197.92,141.1817
1656359940000,1197.91,1197.92,1196.13,1196.69,240.9651
1656360000000,1196.7,1199.34,1196.61,1198.45,458.5303
1656360060000,1198.45,1198.88,1198.14,1198.75,140.8044
1656360120000,1198.76,1200.84,1198.3,1200.73,643.2611
1656360180000,1200.73,1200.73,1198.84,1199.02,246.3952
1656360240000,1199.01,1200.43,1198.68,1200.43,175.9541
1656360300000,1200.42,1200.43,1199.59,1199.86,269.2854
1656360360000,1199.86,1202.08,1199.58,1202.08,308.0081
1656360420000,1202.07,1203.65,1201.6,1202.52,495.4186
1656360480000,1202.52,1203.34,1201.9,1203.33,435.8901
1656360540000,1203.33,1203.33,1202.27,1202.81,247.7924
1656360600000,1202.8,1204.7,1202.38,1204.27,431.4127
1656360660000,1204.28,1204.93,1203.39,1203.52,546.9497
1656360720000,1203.52,1204.46,1203.47,1203.89,324.401
1656360780000,1203.89,1204.15,1203.52,1203.86,204.1781
1656360840000,1203.86,1204.14,1203.29,1203.57,208.5301
1656360900000,1203.58,1204.49,1203.5,1203.93,194.2737
1656360960000,1203.94,1205.0,1203.93,1204.61,242.8429
1656361020000,1204.6,1204.73,1204.26,1204.37,150.0211
1656361080000,1204.37,1205.08,1204.36,1204.85,321.6717
1656361140000,1204.86,1205.06,1204.28,1204.46,174.0616
1656361200000,1204.47,1204.62,1204.2,1204.32,113.567
1656361260000,1204.32,1204.62,1204.1,1204.34,200.9828
1656361320000,1204.34,1204.83,1203.63,1203.63,265.962
1656361380000,1203.64,1203.96,1203.19,1203.5,133.9297
1656361440000,1203.5,1204.11,1203.27,1203.63,256.5114
1656361500000,1203.63,1204.09,1203.43,1203.75,156.2046
1656361560000,1203.76,1206.37,1203.75,1205.09,280.2676
1656361620000,1205.09,1205.37,1204.55,1204.61,119.8769
1656361680000,1204.61,1205.29,1204.59,1204.89,175.3573
1656361740000,1204.89,1206.13,1204.89,1205.12,285.1865
1656361800000,1205.12,1205.6,1204.44,1204.81,399.8737
1656361860000,1204.81,1205.29,1204.8,1204.81,159.5186
1656361920000,1204.8,1205.66,1204.6,1205.57,264.5446
1656361980000,1205.58,1206.21,1204.11,1204.18,538.2941
1656362040000,1204.18,1204.26,1202.99,1203.5,530.6993
1656362100000,1203.49,1203.6,1200.28,1201.41,526.9679
1656362160000,1201.42,1203.98,1201.41,1203.37,359.1604
1656362220000,1203.37,1204.0,1203.21,1203.68,205.244
1656362280000,1203.67,1205.0,1203.67,1203.83,166.7782
1656362340000,1203.84,1204.41,1203.54,1203.84,132.6674
1656362400000,1203.83,1204.0,1202.86,1203.71,269.3623
1656362460000,1203.7,1204.11,1203.37,1204.11,216.7977
1656362520000,1204.1,1204.49,1203.77,1204.26,159.9519
1656362580000,1204.27,1204.71,1204.0,1204.05,104.0828
1656362640000,1204.06,1204.51,1202.82,1202.83,155.7767
1656362700000,1202.83,1203.04,1202.21,1202.94,145.3623
1656362760000,1202.95,1204.35,1202.94,1203.85,209.3488
1656362820000,1203.86,1203.86,1203.43,1203.62,202.4586
1656362880000,1203.61,1204.8,1203.61,1204.05,134.5186
1656362940000,1204.05,1204.66,1203.76,1204.2,219.5419
1656363000000,1204.2,1205.28,1204.2,1204.85,206.721
1656363060000,1204.84,1204.87,1204.62,1204.77,161.791
1656363120000,1204.77,1205.64,1204.76,1205.23,148.0799
1656363180000,1205.24,1205.6,1204.78,1204.95,156.7513
1656363240000,1204.94,1205.0,1204.38,1204.69,154.2283
1656363300000,1204.69,1204.7,1203.23,1203.5,200.1716
1656363360000,1203.51,1203.51,1201.02,1202.89,393.9591
1656363420000,1202.89,1203.69,1202.41,1203.53,172.371
1656363480000,1203.54,1203.99,1202.58,1203.68,228.9301
1656363540000,1203.69,1203.69,1202.19,1202.82,309.5207
1656363600000,1202.82,1203.38,1202.07,1202.25,170.6463
1656363660000,1202.25,1203.11,1202.0,1202.89,204.5646
1656363720000,1202.89,1202.89,1201.34,1201.44,1025.0621
1656363780000,1201.44,1202.11,1200.99,1201.91,183.1617
1656363840000,1201.92,1201.92,1200.15,1201.33,521.3449
1656363900000,1201.34,1201.54,1201.33,1201.42,39.2617
1656363960000,1201.43,1201.65,1200.0,1200.51,160.0128
1656364020000,1200.51,1200.89,1200.4,1200.79,146.3386
1656364080000,1200.8,1201.11,1200.59,1200.92,201.8851
1656364140000,1200.93,1202.41,1200.92,1201.98,535.6929
1656364200000,1201.98,1202.01,1201.23,1202.01,220.3469
1656364260000,1202.0,1203.0,1202.0,1202.69,101.7333
1656364320000,1202.68,1203.11,1202.68,1203.08,42.3759
1656364380000,1203.07,1203.94,1203.07,1203.94,82.5887
1656364440000,1203.94,1204.42,1203.08,1204.42,259.3652
1656364500000,1204.41,1204.46,1203.8,1203.8,66.968
1656364560000,1203.8,1203.81,1203.42,1203.8,54.2971
1656364620000,1203.81,1204.12,1203.5,1203.93,107.3804
1656364680000,1203.91,1204.9,1203.91,1204.58,275.7632
1656364740000,1204.58,1204.59,1204.05,1204.24,30.3054
1656364800000,1204.23,1204.55,1203.78,1203.97,210.1365
1656364860000,1203.96,1203.98,1201.72,1202.17,366.7945
1656364920000,1202.17,1203.09,1201.98,1202.69,84.2579
1656364980000,1202.7,1202.96,1202.6,1202.79,152.5333
1656365040000,1202.8,1203.73,1202.64,1203.72,152.6221
1656365100000,1203.72,1203.73,1203.37,1203.6,133.1503
1656365160000,1203.59,1203.82,1203.53,1203.71,47.0851
1656365220000,1203.7,1203.88,1203.63,1203.87,74.2282
1656365280000,1203.88,1203.88,1202.96,1203.53,380.0391
1656365340000,1203.53,1203.57,1203.45,1203.55,57.1333
1656365400000,1203.55,1203.55,1203.43,1203.54,175.109
1656365460000,1203.54,1204.25,1203.53,1204.25,50.6803
1656365520000,1204.25,1204.4,1204.24,1204.34,124.282
1656365580000,1204.35,1204.72,1204.33,1204.7,133.4475
1656365640000,1204.71,1205.34,1204.67,1205.34,115.7063
1656365700000,1205.33,1205.42,1204.19,1204.22,221.4138
1656365760000,1204.23,1204.59,1204.22,1204.48,81.6139
1656365820000,1204.47,1204.63,1204.4,1204.58,104.0022
1656365880000,1204.57,1204.58,1203.21,1203.21,177.7215
1656365940000,1203.22,1203.37,1202.41,1202.82,151.7485
1656366000000,1202.81,1202.86,1201.72,1201.73,88.4254
1656366060000,1201.72,1202.23,1201.72,1201.96,83.1857
1656366120000,1201.96,1201.96,1197.62,1197.9,689.8561
1656366180000,1197.9,1199.62,1197.89,1199.25,315.0572
1656366240000,1199.25,1199.57,1198.42,1198.43,112.7594
1656366300000,1198.43,1198.43,1196.44,1196.59,235.4117
1656366360000,1196.58,1197.92,1196.01,1197.91,377.3746
1656366420000,1197.91,1200.49,1197.91,1199.59,289.4918
1656366480000,1199.58,1199.84,1199.35,1199.48,99.2212
1656366540000,1199.49,1200.49,1199.48,1200.44,92.3452
1656366600000,1200.43,1200.44,1199.79,1199.8,94.3118
1656366660000,1199.8,1200.13,1199.73,1199.94,150.6315
1656366720000,1199.93,1200.47,1199.22,1199.24,215.8116
1656366780000,1199.24,1199.6,1198.39,1199.59,181.3181
1656366840000,1199.59,1199.94,1199.59,1199.93,59.557
1656366900000,1199.94,1200.0,1198.83,1199.29,85.4213
1656366960000,1199.3,1199.3,1198.09,1198.49,183.0244
1656367020000,1198.49,1199.42,1198.42,1199.31,186.41
1656367080000,1199.31,1199.71,1199.0,1199.7,95.6884
1656367140000,1199.71,1199.71,1198.97,1199.49,128.9077
1656367200000,1199.5,1200.16,1199.3,1199.33,200.6868
1656367260000,1199.33,1199.33,1197.8,1197.81,222.31
1656367320000,1197.81,1197.93,1196.28,1197.52,503.635
1656367380000,1197.52,1200.35,1197.52,1199.98,214.4127
1656367440000,1199.98,1201.25,1199.98,1200.75,127.0509
1656367500000,1200.75,1200.75,1200.42,1200.58,54.7014
1656367560000,1200.58,1203.0,1200.58,1202.99,370.1824
1656367620000,1203.0,1203.81,1202.93,1203.56,178.2726
1656367680000,1203.56,1203.56,1201.5,1202.61,261.711
1656367740000,1202.61,1203.4,1202.61,1203.34,105.6303
1656367800000,1203.34,1203.8,1203.31,1203.8,116.1326
1656367860000,1203.8,1203.93,1203.51,1203.51,50.6842
1656367920000,1203.52,1213.13,1202.93,1213.13,3726.3919
1656367980000,1213.12,1219.0,1212.5,1212.82,3104.2311
1656368040000,1212.82,1212.82,1210.51,1212.04,507.51
1656368100000,1212.05,1217.64,1212.04,1214.18,7371.6402
1656368160000,1214.18,1216.01,1212.14,1213.87,3046.7247
1656368220000,1213.86,1215.4,1211.33,1211.62,1807.1905
1656368280000,1211.62,1213.11,1211.41,1211.87,918.3654
1656368340000,1211.87,1211.87,1208.18,1208.98,1610.0834
1656368400000,1208.98,1210.04,1207.6,1209.09,839.6482
1656368460000,1209.1,1211.07,1208.89,1209.17,734.0139
1656368520000,1209.16,1212.46,1208.93,1212.18,659.8927
1656368580000,1212.18,1212.38,1210.6,1210.87,462.3986
1656368640000,1210.87,1211.84,1209.63,1210.4,716.5403
1656368700000,1210.4,1210.4,1206.03,1207.01,1126.3944
1656368760000,1206.86,1207.2,1205.09,1207.13,393.835
1656368820000,1207.14,1207.57,1206.17,1206.3,365.6037
1656368880000,1206.31,1206.57,1205.55,1206.08,615.7093
1656368940000,1206.09,1206.23,1205.11,1205.43,376.2431
1656369000000,1205.42,1206.99,1205.17,1205.58,367.9902
1656369060000,1205.59,1206.78,1205.18,1205.32,433.8969
1656369120000,1205.33,1206.53,1205.12,1206.25,156.1119
1656369180000,1206.25,1207.93,1205.13,1205.44,438.9644
1656369240000,1205.44,1205.58,1201.61,1202.91,1185.3288
1656369300000,1202.91,1204.0,1201.68,1203.68,1042.1764
1656369360000,1203.67,1203.68,1202.5,1202.72,552.9943
1656369420000,1202.71,1203.81,1202.16,1202.43,2806.8593
1656369480000,1202.46,1204.29,1201.06,1204.08,782.3918
1656369540000,1204.08,1204.8,1202.43,1204.38,564.4162
1656369600000,1204.38,1204.7,1203.3,1204.12,559.781
1656369660000,1204.11,1204.44,1203.81,1204.38,113.347
1656369720000,1204.37,1204.44,1203.07,1203.92,391.4662
1656369780000,1203.92,1205.52,1203.8,1204.96,237.2989
1656369840000,1204.96,1206.24,1204.77,1206.15,200.035
1656369900000,1206.15,1206.57,1206.15,1206.18,91.5055
1656369960000,1206.18,1206.85,1206.17,1206.6,63.4137
1656370020000,1206.6,1207.96,1206.23,1206.46,300.8401
1656370080000,1206.46,1207.01,1205.46,1205.71,335.2132
1656370140000,1205.7,1206.13,1204.35,1205.53,441.8236
1656370200000,1205.54,1205.58,1204.49,1205.03,96.8552
1656370260000,1205.04,1205.04,1204.46,1204.67,67.2352
1656370320000,1204.67,1205.55,1204.62,1205.2,143.4816
1656370380000,1205.2,1205.2,1204.77,1204.99,74.5186
1656370440000,1205.0,1205.07,1202.23,1202.94,469.9027
1656370500000,1202.93,1203.75,1202.59,1203.49,272.9957
1656370560000,1203.49,1203.9,1202.33,1202.96,537.7228
1656370620000,1202.95,1203.56,1202.4,1203.55,345.3349
1656370680000,1203.56,1203.56,1202.71,1203.46,432.6263
1656370740000,1203.47,1203.5,1202.11,1202.29,501.8147
1656370800000,1202.28,1203.29,1201.98,1202.92,369.4664
1656370860000,1202.93,1203.19,1202.53,1202.71,170.0174
1656370920000,1202.71,1202.94,1202.48,1202.59,220.0837
1656370980000,1202.6,1202.84,1202.28,1202.76,134.0114
1656371040000,1202.77,1204.12,1202.41,1202.52,362.927
1656371100000,1202.52,1203.65,1202.52,1203.64,102.8181
1656371160000,1203.64,1203.96,1203.18,1203.2,81.0517
1656371220000,1203.2,1204.47,1203.2,1203.91,204.0778
1656371280000,1203.92,1204.44,1202.61,1202.91,294.076
1656371340000,1202.9,1203.86,1202.65,1203.68,203.2347
1656371400000,1203.69,1203.7,1203.4,1203.56,54.472
1656371460000,1203.55,1205.35,1203.55,1204.96,186.1667
1656371520000,1204.95,1204.96,1203.92,1204.21,490.34
1656371580000,1204.22,1205.24,1204.12,1204.7,161.0454
1656371640000,1204.69,1205.03,1204.43,1204.92,382.0016
1656371700000,1204.91,1205.72,1204.78,1205.31,280.375
1656371760000,1205.32,1205.32,1204.94,1205.28,68.6464
1656371820000,1205.28,1205.88,1205.21,1205.44,180.9513
1656371880000,1205.45,1205.73,1204.26,1204.26,175.1175
1656371940000,1204.27,1204.99,1204.07,1204.99,90.8229
1656372000000,1204.98,1204.99,1204.2,1204.2,53.073
1656372060000,1204.2,1204.94,1204.2,1204.94,75.2095
1656372120000,1204.93,1205.68,1204.21,1204.4,214.9529
1656372180000,1204.41,1204.41,1201.81,1202.51,523.3636
1656372240000,1202.5,1202.99,1202.06,1202.33,552.6578
1656372300000,1202.34,1203.77,1202.32,1203.4,570.6639
1656372360000,1203.4,1207.32,1203.36,1206.76,755.47
1656372420000,1206.77,1207.06,1205.16,1205.17,545.9572
1656372480000,1205.17,1205.17,1203.19,1204.25,644.3214
1656372540000,1204.25,1204.29,1203.37,1203.81,291.1521
1656372600000,1203.81,1204.29,1200.55,1200.86,1599.7828
1656372660000,1200.85,1200.86,1199.0,1199.0,1999.667
1656372720000,1199.01,1199.36,1197.86,1198.35,1360.1137
1656372780000,1198.34,1198.35,1195.81,1197.31,720.794
1656372840000,1197.31,1197.62,1193.9,1195.23,2518.8237
1656372900000,1195.23,1196.54,1194.84,1196.42,705.3496
1656372960000,1196.41,1196.55,1192.0,1193.27,2175.7392
1656373020000,1193.27,1193.73,1192.37,1193.34,1142.3192
1656373080000,1193.34,1193.48,1192.01,1193.26,1358.1376
1656373140000,1193.26,1193.59,1192.66,1193.01,702.9153
1656373200000,1193.01,1193.25,1192.17,1192.5,259.2891
1656373260000,1192.51,1194.59,1192.5,1194.1,506.4753
1656373320000,1194.11,1194.23,1191.15,1191.76,927.1722
1656373380000,1191.77,1192.42,1191.44,1192.2,532.507
1656373440000,1192.19,1193.0,1191.81,1192.37,455.9564
1656373500000,1192.36,1193.32,1191.81,1192.42,511.6174
1656373560000,1192.43,1193.7,1189.24,1193.7,2528.3475
1656373620000,1193.7,1193.75,1193.22,1193.5,311.4437
1656373680000,1193.5,1196.68,1193.37,1195.28,1958.5806
1656373740000,1195.28,1195.68,1193.64,1193.76,475.9697
1656373800000,1193.75,1194.9,1193.15,1194.21,270.9023
1656373860000,1194.21,1194.45,1193.0,1193.6,241.8563
1656373920000,1193.61,1194.15,1192.87,1193.04,341.5568
1656373980000,1193.04,1193.13,1192.16,1192.99,319.1296
1656374040000,1192.99,1193.33,1192.0,1192.87,365.6531
1656374100000,1192.87,1192.87,1192.21,1192.67,387.5246
1656374160000,1192.68,1192.73,1191.08,1192.43,414.1635
1656374220000,1192.42,1193.3,1191.73,1193.29,239.8311
1656374280000,1193.3,1193.37,1191.27,1192.49,245.8367
1656374340000,1192.48,1192.57,1190.36,1192.51,1456.1798
1656374400000,1192.51,1193.0,1191.08,1191.64,750.3867
1656374460000,1191.64,1192.34,1190.88,1191.29,696.5918
1656374520000,1191.29,1193.76,1190.53,1192.17,1938.061
1656374580000,1192.17,1192.68,1191.25,1192.11,365.1375
1656374640000,1192.1,1194.03,1191.99,1192.36,439.2311
1656374700000,1192.37,1194.15,1192.36,1193.85,632.8568
1656374760000,1193.9,1194.67,1189.57,1190.62,1541.3898
1656374820000,1190.62,1194.69,1190.19,1194.61,998.0547
1656374880000,1194.62,1196.14,1193.04,1195.26,1178.638
1656374940000,1195.26,1195.63,1194.52,1195.04,645.1579
1656375000000,1195.04,1195.57,1194.52,1195.0,315.7463
1656375060000,1195.0,1195.32,1194.35,1194.81,435.1159
1656375120000,1194.81,1196.23,1194.49,1196.01,480.8823
1656375180000,1196.02,1197.39,1194.21,1194.99,535.4788
1656375240000,1194.98,1197.65,1194.65,1197.1,871.5998
1656375300000,1197.1,1197.41,1196.57,1196.82,254.3622
1656375360000,1196.96,1196.96,1195.83,1196.35,499.1044
1656375420000,1196.35,1197.5,1196.35,1197.04,327.1807
1656375480000,1197.03,1198.52,1196.84,1197.69,307.4478
1656375540000,1197.69,1199.19,1197.23,1198.53,437.4731
1656375600000,1198.52,1199.16,1198.17,1198.41,256.7768
1656375660000,1198.41,1198.41,1197.08,1197.17,136.7343
1656375720000,1197.18,1197.68,1194.74,1194.74,482.5115
1656375780000,1194.74,1196.29,1194.36,1196.21,162.9235
1656375840000,1196.22,1198.55,1195.41,1198.54,947.003
1656375900000,1198.54,1199.64,1198.54,1198.92,948.7469
1656375960000,1198.92,1198.93,1198.26,1198.66,89.832
1656376020000,1198.66,1198.98,1197.89,1198.11,213.3681
1656376080000,1198.11,1198.87,1198.1,1198.44,180.606
1656376140000,1198.43,1198.68,1197.73,1198.54,179.2104
1656376200000,1198.53,1198.92,1196.71,1198.87,601.3068
1656376260000,1198.86,1198.92,1196.31,1197.84,800.4272
1656376320000,1197.83,1198.08,1196.64,1196.78,387.5301
1656376380000,1196.78,1197.33,1194.66,1194.66,603.4568
1656376440000,1194.67,1196.35,1194.09,1196.34,499.3446
1656376500000,1196.34,1196.48,1195.18,1195.34,446.5892
1656376560000,1195.35,1195.35,1189.77,1190.07,920.9939
1656376620000,1190.07,1192.37,1189.69,1190.99,800.3561
1656376680000,1190.99,1190.99,1184.01,1185.21,3722.7648
1656376740000,1185.2,1185.48,1181.39,1183.3,1761.3128
1656376800000,1183.3,1183.69,1178.16,1178.92,2256.4366
1656376860000,1178.91,1180.89,1176.54,1177.15,4722.6113
1656376920000,1177.15,1180.55,1177.02,1179.36,2086.33
1656376980000,1179.37,1179.56,1177.56,1177.91,689.9386
1656377040000,1177.92,1179.47,1177.33,1179.19,772.6369
1656377100000,1179.19,1182.5,1178.18,1181.57,788.9834
1656377160000,1181.57,1182.0,1179.41,1179.75,446.7488
1656377220000,1179.75,1182.0,1179.6,1181.92,601.7892
1656377280000,1181.92,1182.49,1179.56,1180.69,625.5187
1656377340000,1180.69,1180.7,1179.87,1179.96,314.2443
1656377400000,1179.97,1179.97,1178.47,1179.51,805.1436
1656377460000,1179.51,1181.48,1178.86,1181.48,946.1957
1656377520000,1181.47,1182.09,1180.92,1181.24,614.2412
1656377580000,1181.23,1182.36,1180.07,1182.14,1453.97
1656377640000,1182.14,1183.68,1181.97,1182.28,328.8111
1656377700000,1182.28,1183.49,1182.11,1183.41,265.5947
1656377760000,1183.42,1184.72,1183.26,1184.18,625.7872
1656377820000,1184.17,1185.49,1184.17,1185.24,1242.7985
1656377880000,1185.25,1185.25,1183.42,1184.27,389.8902
1656377940000,1184.26,1186.2,1184.01,1185.77,466.6909
1656378000000,1185.76,1187.11,1184.85,1187.11,307.7249
1656378060000,1187.11,1188.21,1186.48,1188.2,476.9729
1656378120000,1188.2,1190.94,1187.88,1190.94,957.1318
1656378180000,1190.93,1191.0,1189.46,1190.21,538.0799
1656378240000,1190.21,1190.22,1189.08,1190.21,398.4406
1656378300000,1190.21,1190.21,1187.69,1188.17,361.7422
1656378360000,1188.18,1189.96,1187.73,1189.7,248.4109
1656378420000,1189.69,1190.23,1189.29,1189.3,345.6833
1656378480000,1189.3,1189.79,1189.3,1189.61,117.1888
1656378540000,1189.6,1189.61,1188.32,1189.08,198.6704
1656378600000,1189.09,1189.28,1185.33,1185.61,1489.6854
1656378660000,1185.61,1188.99,1185.49,1187.87,435.46
1656378720000,1187.87,1189.57,1187.6,1189.33,324.2378
1656378780000,1189.34,1190.9,1189.16,1190.26,951.6832
1656378840000,1190.25,1190.26,1189.08,1190.2,224.628
1656378900000,1190.19,1190.36,1188.42,1188.7,363.5771
1656378960000,1188.7,1189.26,1188.37,1188.86,146.7662
1656379020000,1188.85,1188.86,1187.36,1188.06,236.4027
1656379080000,1188.06,1189.03,1187.85,1188.86,152.3566
1656379140000,1188.87,1188.96,1187.17,1187.26,248.5917
1656379200000,1187.27,1187.65,1186.06,1186.08,534.0322
1656379260000,1186.07,1186.59,1185.16,1186.04,332.1222
1656379320000,1186.04,1186.05,1184.18,1184.46,320.1112
1656379380000,1184.47,1184.71,1181.55,1181.91,665.108
1656379440000,1181.91,1182.73,1181.32,1182.64,1716.5678
1656379500000,1182.64,1182.7,1182.0,1182.28,475.0471
1656379560000,1182.28,1184.81,1182.27,1184.51,396.2659
1656379620000,1184.52,1184.52,1179.14,1179.18,2900.4779
1656379680000,1179.18,1180.1,1176.76,1177.81,2606.118
1656379740000,1177.82,1179.81,1177.55,1178.31,939.6118
1656379800000,1178.26,1179.44,1177.57,1179.17,735.3401
1656379860000,1179.17,1179.41,1177.97,1179.16,542.6706
1656379920000,1179.15,1179.76,1176.99,1177.41,516.4894
1656379980000,1177.41,1178.05,1175.42,1177.23,1297.3277
1656380040000,1177.22,1183.8,1177.12,1181.75,10540.7757
1656380100000,1181.75,1184.68,1180.84,1183.37,2068.311
1656380160000,1183.37,1183.38,1180.11,1180.82,963.5233
1656380220000,1180.81,1183.23,1180.48,1181.85,550.296
1656380280000,1181.85,1183.83,1181.47,1183.54,333.9466
1656380340000,1183.53,1183.69,1181.33,1181.92,653.2335
1656380400000,1181.93,1182.41,1180.49,1181.37,624.0894
1656380460000,1181.36,1183.82,1181.13,1182.09,911.942
1656380520000,1182.08,1182.23,1181.41,1181.74,592.6474
1656380580000,1181.75,1182.92,1181.63,1182.08,309.0872
1656380640000,1182.09,1182.61,1181.39,1182.06,724.2099
1656380700000,1182.06,1183.0,1181.46,1181.51,555.9408
1656380760000,1181.52,1181.52,1179.4,1179.91,708.0126
1656380820000,1179.91,1180.5,1179.85,1180.35,306.4197
1656380880000,1180.34,1182.48,1179.85,1181.98,410.2526
1656380940000,1181.98,1182.94,1180.88,1180.89,263.656
1656381000000,1180.88,1181.34,1178.06,1179.05,654.0914
1656381060000,1179.06,1181.45,1177.0,1181.04,760.3852
1656381120000,1181.03,1182.93,1180.59,1181.53,648.2482
1656381180000,1181.53,1181.66,1180.57,1181.0,420.2863
1656381240000,1180.99,1181.18,1173.9,1178.23,4720.5641
1656381300000,1178.23,1179.32,1177.35,1178.01,464.3063
1656381360000,1178.01,1178.33,1176.5,1176.67,422.9189
1656381420000,1176.67,1177.37,1174.74,1175.88,1566.4033
1656381480000,1175.88,1175.88,1165.34,1169.4,6810.759
1656381540000,1169.41,1172.39,1169.06,1171.48,1300.9889
1656381600000,1171.22,1172.63,1169.4,1170.41,1805.0366
1656381660000,1170.4,1173.77,1170.14,1172.64,1546.6505
1656381720000,1172.64,1173.71,1171.6,1172.15,1274.1744
1656381780000,1172.15,1174.73,1171.74,1173.5,807.7361
1656381840000,1173.49,1175.1,1172.5,1175.01,899.3374
1656381900000,1175.01,1176.8,1174.68,1175.61,922.5143
1656381960000,1175.61,1177.86,1175.06,1177.59,778.0971
1656382020000,1177.58,1177.59,1175.24,1176.04,509.9134
1656382080000,1176.04,1176.11,1174.0,1174.09,603.518
1656382140000,1174.1,1174.47,1172.2,1173.03,432.4166
1656382200000,1173.04,1173.35,1171.02,1172.05,814.6109
1656382260000,1172.05,1172.69,1170.65,1170.96,320.7654
1656382320000,1170.96,1170.96,1167.7,1168.4,1199.4094
1656382380000,1168.4,1169.57,1166.34,1166.35,873.4143
1656382440000,1166.34,1168.44,1162.16,1167.7,4921.8097
1656382500000,1167.71,1171.24,1167.38,1168.22,2438.3232
1656382560000,1168.22,1169.13,1166.08,1168.53,1482.0573
1656382620000,1168.53,1170.3,1168.05,1169.85,567.1014
1656382680000,1169.85,1170.95,1169.66,1170.53,644.1604
1656382740000,1170.53,1171.11,1168.64,1170.61,1009.0091
1656382800000,1170.61,1172.09,1170.0,1171.46,569.0233
1656382860000,1171.47,1172.71,1171.07,1171.13,406.6651
1656382920000,1171.14,1171.82,1170.08,1170.97,525.3144
1656382980000,1170.96,1171.35,1169.28,1169.36,447.8549
1656383040000,1169.35,1171.56,1167.72,1171.55,1303.8839
1656383100000,1171.55,1173.95,1170.92,1173.24,950.5497
1656383160000,1173.24,1175.65,1172.9,1173.32,983.3038
1656383220000,1173.31,1173.49,1172.35,1172.88,544.0946
1656383280000,1172.89,1173.09,1170.53,1172.54,1891.9996
1656383340000,1172.55,1172.66,1172.06,1172.36,318.5519
1656383400000,1172.37,1172.9,1169.44,1169.79,619.8198
1656383460000,1169.78,1170.7,1169.24,1170.69,351.2002
1656383520000,1170.7,1172.24,1169.81,1172.03,491.3106
1656383580000,1172.02,1172.14,1171.3,1172.09,352.1846
1656383640000,1172.08,1173.33,1171.64,1173.32,717.4167
1656383700000,1173.32,1175.65,1172.99,1174.63,769.7006
1656383760000,1174.64,1175.32,1173.95,1174.62,609.3926
1656383820000,1174.61,1174.91,1173.49,1173.89,466.5071
1656383880000,1173.88,1173.94,1172.84,1173.59,241.1597
1656383940000,1173.59,1173.81,1172.2,1172.99,386.8119
1656384000000,1172.98,1173.82,1170.48,1170.76,444.8567
1656384060000,1170.75,1171.43,1169.8,1170.85,283.3073
1656384120000,1170.84,1171.01,1169.6,1169.66,444.065
1656384180000,1169.67,1171.03,1169.66,1170.82,243.2818
1656384240000,1170.82,1172.85,1170.68,1172.11,313.9427
1656384300000,1172.11,1172.65,1171.87,1172.41,176.0791
1656384360000,1172.4,1172.5,1169.75,1169.75,920.9509
1656384420000,1169.76,1176.48,1169.75,1174.51,711.9517
1656384480000,1174.51,1175.84,1174.44,1174.6,479.0973
1656384540000,1174.59,1175.92,1173.96,1175.09,515.657
1656384600000,1175.09,1175.61,1174.25,1175.31,430.9487
1656384660000,1175.28,1177.69,1174.42,1177.12,931.3516
1656384720000,1177.11,1177.12,1176.31,1176.68,388.035
1656384780000,1176.68,1176.86,1175.35,1176.13,224.4487
1656384840000,1176.13,1176.58,1174.0,1175.95,676.0616
1656384900000,1175.96,1176.04,1174.6,1175.06,312.0265
1656384960000,1175.07,1175.56,1174.45,1174.92,380.6039
1656385020000,1174.91,1175.26,1174.22,1174.43,289.5823
1656385080000,1174.43,1175.79,1173.82,1175.45,316.8497
1656385140000,1175.44,1175.67,1174.7,1175.32,209.0417
1656385200000,1175.33,1176.06,1174.14,1175.51,316.6258
1656385260000,1175.52,1176.07,1174.65,1176.06,296.1154
1656385320000,1176.07,1176.07,1174.65,1175.26,235.4065
1656385380000,1175.26,1175.29,1174.26,1175.03,329.9856
1656385440000,1175.02,1175.11,1174.35,1174.82,280.5094
1656385500000,1174.83,1177.32,1174.57,1176.62,688.028
1656385560000,1176.62,1181.5,1176.43,1179.45,1799.0477
1656385620000,1179.4,1180.33,1178.65,1178.66,497.7642
1656385680000,1178.66,1179.55,1178.13,1179.26,210.6055
1656385740000,1179.27,1179.37,1178.0,1178.29,302.1422
1656385800000,1178.3,1179.27,1177.14,1178.89,351.2657
1656385860000,1178.89,1179.03,1178.37,1179.03,228.0175
1656385920000,1179.03,1180.88,1178.54,1180.41,698.58
1656385980000,1180.41,1180.85,1179.72,1179.83,1376.2471
1656386040000,1179.83,1180.11,1179.02,1180.1,230.5339
1656386100000,1180.1,1180.21,1179.29,1179.89,338.5154
1656386160000,1179.9,1180.63,1179.56,1180.24,319.646
1656386220000,1180.23,1180.81,1178.81,1179.0,566.5965
1656386280000,1179.0,1179.28,1178.18,1178.82,325.4016
1656386340000,1178.82,1178.92,1178.16,1178.44,199.5856
1656386400000,1178.44,1178.45,1176.57,1176.57,345.3796
1656386460000,1176.57,1177.63,1176.57,1177.15,370.4375
1656386520000,1177.15,1177.86,1177.06,1177.79,300.4308
1656386580000,1177.79,1178.69,1177.67,1177.67,253.3619
1656386640000,1177.68,1178.61,1177.47,1177.77,335.2539
1656386700000,1177.78,1178.7,1177.15,1178.7,297.9693
1656386760000,1178.7,1178.98,1177.55,1178.37,189.6775
1656386820000,1178.38,1178.6,1177.88,1178.04,121.7769
1656386880000,1178.05,1179.36,1177.93,1179.19,452.6009
1656386940000,1179.18,1179.19,1178.3,1178.92,213.7127
1656387000000,1178.92,1179.17,1177.93,1177.93,366.2061
1656387060000,1177.93,1179.03,1177.93,1177.97,213.6325
1656387120000,1177.96,1178.96,1177.96,1178.58,201.2103
1656387180000,1178.59,1178.9,1177.45,1177.45,197.4437
1656387240000,1177.46,1178.66,1177.22,1178.38,316.0258
1656387300000,1178.39,1178.83,1178.01,1178.41,362.8903
1656387360000,1178.4,1178.52,1177.77,1178.1,170.4415
1656387420000,1178.09,1178.47,1178.08,1178.45,142.8094
1656387480000,1178.45,1181.5,1178.45,1180.04,1088.2472
1656387540000,1180.04,1183.2,1180.04,1182.82,1399.7799
1656387600000,1182.82,1183.0,1180.35,1181.09,808.6286
1656387660000,1181.1,1181.46,1180.91,1180.96,382.2812
1656387720000,1180.96,1181.86,1180.37,1181.33,445.4996
1656387780000,1181.33,1181.63,1180.89,1180.94,318.3005
1656387840000,1180.94,1182.13,1180.94,1181.76,372.8151
1656387900000,1181.75,1182.26,1179.77,1180.3,555.0915
1656387960000,1180.31,1181.02,1180.18,1181.01,306.901
1656388020000,1181.02,1182.05,1181.01,1181.55,339.1978
1656388080000,1181.54,1181.95,1180.55,1180.75,177.4613
1656388140000,1180.74,1181.73,1180.74,1181.53,239.8537
1656388200000,1181.52,1181.94,1181.08,1181.73,344.1044
1656388260000,1181.73,1181.93,1181.38,1181.52,172.9535
1656388320000,1181.51,1182.7,1181.37,1181.51,550.415
1656388380000,1181.51,1182.24,1181.51,1182.2,355.0741
1656388440000,1182.2,1182.66,1181.53,1182.1,273.7569
1656388500000,1182.11,1182.53,1181.73,1182.09,121.8354
1656388560000,1182.1,1183.0,1182.09,1182.28,355.7564
1656388620000,1182.28,1183.2,1182.27,1183.19,226.7381
1656388680000,1183.19,1184.13,1182.62,1183.58,540.236
1656388740000,1183.57,1183.81,1181.52,1181.94,1014.8105
1656388800000,1181.94,1182.42,1181.55,1182.05,191.2965
1656388860000,1182.06,1182.58,1181.66,1181.78,581.8316
1656388920000,1181.78,1182.26,1181.66,1182.26,159.5238
1656388980000,1182.25,1183.63,1182.19,1182.89,902.0028
1656389040000,1182.9,1183.28,1181.2,1181.52,531.5342
1656389100000,1181.51,1184.11,1181.51,1182.88,631.038
1656389160000,1182.87,1182.88,1180.2,1180.33,291.3477
1656389220000,1180.33,1180.39,1179.41,1179.69,384.3036
1656389280000,1179.68,1180.0,1179.26,1179.64,228.1456
1656389340000,1179.65,1180.39,1179.64,1180.1,211.0887
1656389400000,1180.1,1180.55,1179.57,1180.54,291.1043
1656389460000,1180.54,1180.98,1180.06,1180.98,286.3381
1656389520000,1180.98,1181.2,1180.63,1181.06,102.5775
1656389580000,1181.06,1181.07,1179.22,1179.69,262.7146
1656389640000,1179.7,1179.7,1179.14,1179.49,95.6368
1656389700000,1179.49,1181.03,1179.33,1180.74,511.7143
1656389760000,1180.73,1180.74,1179.18,1179.64,571.1578
1656389820000,1179.64,1180.16,1179.64,1179.77,305.4914
1656389880000,1179.77,1180.09,1179.18,1179.9,281.4393
1656389940000,1179.91,1180.99,1179.56,1180.99,167.8465
1656390000000,1180.99,1181.36,1180.55,1180.69,254.1927
1656390060000,1180.69,1180.94,1179.92,1180.94,536.1566
1656390120000,1180.93,1181.53,1180.56,1181.47,234.705
1656390180000,1181.46,1182.0,1180.99,1181.7,253.9623
1656390240000,1181.7,1183.67,1181.25,1183.58,650.3272
1656390300000,1183.57,1184.87,1182.71,1183.25,587.1885
1656390360000,1183.25,1183.25,1182.34,1182.63,227.8035
1656390420000,1182.62,1182.78,1181.67,1182.33,239.2443
1656390480000,1182.33,1182.76,1182.33,1182.69,100.7225
1656390540000,1182.68,1183.09,1181.56,1181.88,283.6761
1656390600000,1181.87,1182.96,1181.77,1182.89,330.9062
1656390660000,1182.89,1183.51,1182.65,1182.98,117.229
1656390720000,1182.99,1183.09,1182.22,1182.76,292.5758
1656390780000,1182.76,1183.57,1182.27,1182.27,272.9808
1656390840000,1182.27,1183.32,1182.21,1183.32,258.2006
1656390900000,1183.32,1184.9,1183.1,1183.83,974.6071
1656390960000,1183.83,1184.32,1183.64,1184.09,389.9696
1656391020000,1184.09,1185.09,1184.0,1185.09,492.7996
1656391080000,1185.09,1185.13,1184.43,1184.51,155.407
1656391140000,1184.52,1184.77,1183.93,1184.47,420.6541
1656391200000,1184.47,1185.35,1184.11,1185.24,321.4226
1656391260000,1185.25,1185.34,1184.73,1185.04,190.4541
1656391320000,1185.04,1186.72,1184.17,1186.34,669.2618
1656391380000,1186.34,1187.0,1185.0,1185.19,919.8875
1656391440000,1185.19,1186.9,1185.01,1185.93,519.0136
1656391500000,1185.93,1188.3,1185.38,1187.38,1471.9628
1656391560000,1187.39,1187.92,1186.38,1186.64,326.9062
1656391620000,1186.64,1187.88,1186.63,1186.96,378.2601
1656391680000,1186.97,1187.6,1186.52,1186.87,256.9318
1656391740000,1186.87,1186.87,1186.07,1186.57,375.8718
1656391800000,1186.56,1187.17,1186.0,1186.01,129.6328
1656391860000,1186.01,1186.95,1185.79,1185.79,218.2355
1656391920000,1185.79,1186.03,1185.46,1185.68,162.6422
1656391980000,1185.69,1185.86,1185.55,1185.56,250.105
1656392040000,1185.55,1187.28,1185.3,1187.27,429.1412
1656392100000,1187.28,1188.8,1187.13,1188.43,1588.3735
1656392160000,1188.43,1188.44,1186.45,1186.55,624.5473
1656392220000,1186.56,1187.22,1186.55,1186.59,340.7436
1656392280000,1186.59,1187.59,1186.59,1186.78,266.1401
1656392340000,1186.78,1187.3,1186.55,1186.55,572.4158
1656392400000,1186.56,1187.52,1186.55,1186.92,288.1232
1656392460000,1186.91,1188.4,1186.91,1186.92,530.7047
1656392520000,1186.91,1187.08,1186.45,1186.72,152.686
1656392580000,1186.72,1186.9,1185.73,1186.42,468.1305
1656392640000,1186.42,1186.75,1186.32,1186.51,134.6026
1656392700000,1186.5,1186.85,1185.9,1186.85,195.4665
1656392760000,1186.85,1187.26,1186.84,1186.85,133.0064
1656392820000,1186.84,1187.98,1186.84,1187.47,160.6739
1656392880000,1187.48,1187.95,1187.3,1187.74,143.9478
1656392940000,1187.73,1188.61,1187.26,1187.48,273.8139
1656393000000,1187.47,1187.7,1187.16,1187.64,104.7891
1656393060000,1187.65,1187.78,1187.19,1187.7,219.4447
1656393120000,1187.7,1188.39,1187.49,1187.5,198.1314
1656393180000,1187.49,1187.68,1185.5,1185.56,797.4562
1656393240000,1185.56,1186.0,1185.22,1185.69,272.9214
1656393300000,1185.68,1186.86,1185.68,1186.15,309.7124
1656393360000,1186.16,1187.4,1186.15,1187.03,176.8132
1656393420000,1187.04,1188.81,1186.87,1188.06,350.0726
1656393480000,1188.06,1188.37,1187.22,1187.6,204.4029
1656393540000,1187.6,1188.87,1187.6,1188.73,389.0644
1656393600000,1188.73,1191.24,1188.44,1189.44,1822.8839
1656393660000,1189.43,1190.49,1189.05,1189.71,381.5979
1656393720000,1189.72,1191.1,1188.9,1191.1,824.8214
1656393780000,1191.1,1192.51,1190.38,1190.38,1532.4298
1656393840000,1190.38,1191.34,1190.35,1190.91,431.0028
1656393900000,1190.91,1191.95,1190.9,1191.91,525.7645
1656393960000,1191.91,1193.32,1191.51,1191.7,845.7266
1656394020000,1191.71,1191.71,1191.12,1191.28,328.8195
1656394080000,1191.29,1191.29,1190.12,1190.15,213.124
1656394140000,1190.15,1190.71,1189.13,1190.54,280.3562
1656394200000,1190.7,1190.78,1189.63,1190.0,209.0154
1656394260000,1189.99,1190.36,1189.77,1190.05,124.4968
1656394320000,1190.04,1191.0,1190.04,1190.99,120.2279
1656394380000,1191.0,1191.11,1190.43,1190.49,180.1727
1656394440000,1190.48,1190.49,1188.59,1189.34,257.7763
1656394500000,1189.35,1190.61,1189.34,1189.92,352.2035
1656394560000,1189.92,1190.44,1189.73,1190.27,173.4173
1656394620000,1190.26,1191.28,1190.26,1190.4,338.8251
1656394680000,1190.39,1190.73,1189.08,1189.09,213.4834
1656394740000,1189.09,1190.29,1188.81,1190.14,371.6184
1656394800000,1190.13,1190.66,1189.42,1189.45,278.5209
1656394860000,1189.44,1189.84,1189.44,1189.78,70.445
1656394920000,1189.77,1190.29,1189.77,1190.09,180.8169
1656394980000,1190.09,1190.18,1189.59,1189.97,118.2263
1656395040000,1189.96,1189.99,1188.86,1189.07,237.8318
1656395100000,1189.07,1189.87,1189.07,1189.3,218.3877
1656395160000,1189.22,1189.37,1188.44,1188.7,173.4627
1656395220000,1188.7,1189.62,1188.69,1189.61,102.6828
1656395280000,1189.62,1189.62,1188.9,1189.02,299.5252
1656395340000,1189.02,1189.02,1187.5,1188.16,151.2308
1656395400000,1188.16,1188.17,1186.92,1188.01,327.0139
1656395460000,1188.02,1188.02,1186.48,1187.73,592.9249
1656395520000,1187.73,1188.34,1187.53,1188.0,438.6169
1656395580000,1188.01,1188.41,1187.39,1187.39,244.9069
1656395640000,1187.39,1187.4,1186.2,1186.3,337.2145
1656395700000,1186.29,1187.14,1186.29,1187.01,166.7228
1656395760000,1187.01,1187.36,1186.29,1186.72,523.1554
1656395820000,1186.72,1187.59,1186.71,1187.59,271.1872
1656395880000,1187.59,1187.6,1185.0,1185.0,617.5586
1656395940000,1185.01,1185.28,1184.07,1184.91,524.8876
1656396000000,1184.91,1186.86,1184.9,1186.49,512.689
1656396060000,1186.49,1186.99,1185.05,1186.67,676.2626
1656396120000,1186.66,1187.26,1186.27,1187.25,63.3283
1656396180000,1187.25,1188.75,1187.2,1188.09,310.2131
1656396240000,1188.09,1189.98,1188.0,1189.98,147.8036
1656396300000,1189.97,1189.98,1188.82,1189.41,190.2895
1656396360000,1189.41,1189.6,1188.85,1189.28,423.3579
1656396420000,1189.29,1190.26,1189.21,1190.22,272.1009
1656396480000,1190.21,1191.46,1190.21,1190.82,733.9552
1656396540000,1190.82,1194.02,1190.81,1192.15,1749.3231
1656396600000,1192.15,1193.4,1191.44,1192.92,714.1315
1656396660000,1192.93,1193.72,1192.45,1193.36,221.3958
1656396720000,1193.36,1195.26,1193.3,1194.09,1227.2703
1656396780000,1194.09,1194.25,1193.03,1193.69,556.3409
1656396840000,1193.68,1194.41,1193.35,1194.41,179.8345
1656396900000,1194.4,1194.85,1193.42,1193.97,342.1215
1656396960000,1193.97,1196.89,1193.91,1195.5,1024.4303
1656397020000,1195.49,1195.5,1194.34,1194.8,433.8475
1656397080000,1194.79,1195.46,1193.32,1193.63,418.5828
1656397140000,1193.64,1194.45,1193.17,1193.18,398.5948
1656397200000,1193.17,1194.58,1193.13,1194.02,205.5558
1656397260000,1194.02,1194.39,1193.78,1194.19,188.5364
1656397320000,1194.19,1195.48,1194.19,1195.22,452.5005
1656397380000,1195.21,1196.11,1194.91,1195.48,441.1393
1656397440000,1195.49,1195.84,1194.6,1194.64,469.3378
1656397500000,1194.63,1200.0,1194.31,1198.96,4648.3028
1656397560000,1198.96,1202.85,1198.66,1200.3,3224.6223
1656397620000,1200.3,1200.91,1199.39,1199.39,692.5371
1656397680000,1199.39,1201.58,1199.28,1200.78,824.5481
1656397740000,1200.77,1201.24,1200.32,1200.86,424.7258
1656397800000,1200.86,1200.86,1199.94,1200.23,563.0206
1656397860000,1200.24,1200.24,1199.22,1199.57,249.3715
1656397920000,1199.56,1200.4,1199.23,1199.23,382.5355
1656397980000,1199.24,1199.5,1198.26,1198.41,324.0071
1656398040000,1198.4,1198.73,1198.16,1198.38,229.0163
1656398100000,1198.37,1198.63,1196.69,1197.32,277.1506
1656398160000,1197.31,1198.27,1197.31,1197.75,323.8217
1656398220000,1197.75,1198.53,1197.75,1198.15,181.2067
1656398280000,1198.15,1199.76,1197.85,1199.76,190.825
1656398340000,1199.75,1200.3,1198.31,1198.54,295.1949
1656398400000,1198.54,1198.93,1197.98,1198.04,88.9618
1656398460000,1198.04,1200.27,1197.9,1199.83,449.7842
1656398520000,1199.82,1199.83,1199.04,1199.49,263.0336
1656398580000,1199.49,1199.83,1197.85,1197.86,478.7016
1656398640000,1197.85,1198.17,1197.28,1197.53,199.6443
1656398700000,1197.54,1198.54,1197.53,1198.1,203.6617
1656398760000,1198.1,1198.44,1197.76,1197.96,198.247
1656398820000,1197.95,1198.39,1197.89,1197.99,351.4713
1656398880000,1197.99,1198.22,1197.42,1197.57,413.8473
1656398940000,1197.57,1198.8,1197.43,1198.57,152.2278
1656399000000,1198.57,1199.21,1197.59,1197.6,184.5752
1656399060000,1197.6,1198.08,1197.45,1197.52,256.7372
1656399120000,1197.52,1198.45,1197.46,1198.29,412.9488
1656399180000,1198.3,1199.42,1198.11,1199.41,349.286
1656399240000,1199.41,1199.42,1197.79,1197.8,318.1803
1656399300000,1197.79,1198.74,1197.79,1198.48,238.8917
1656399360000,1198.48,1201.2,1197.92,1201.2,2803.3406
1656399420000,1201.19,1203.0,1201.19,1201.87,1408.6403
1656399480000,1201.88,1202.29,1199.82,1200.02,436.5981
1656399540000,1200.02,1200.95,1199.5,1199.61,518.6149
1656399600000,1199.61,1201.32,1199.6,1201.03,436.5944
1656399660000,1201.02,1201.15,1200.28,1200.9,352.9105
1656399720000,1200.91,1204.7,1200.53,1203.52,1258.2013
1656399780000,1203.52,1209.99,1203.06,1207.93,4655.8135
1656399840000,1207.93,1211.85,1207.64,1210.41,6351.2621
1656399900000,1210.41,1214.63,1210.0,1213.51,4365.754
1656399960000,1213.51,1213.69,1210.78,1211.58,2449.0316
1656400020000,1211.59,1211.81,1210.19,1211.08,732.5321
1656400080000,1211.09,1211.85,1210.42,1210.6,656.746
1656400140000,1210.6,1211.15,1209.39,1209.74,630.8389
1656400200000,1209.73,1210.66,1208.82,1209.37,620.7266
1656400260000,1209.37,1210.85,1209.17,1209.68,568.6279
1656400320000,1209.69,1211.54,1209.31,1211.03,559.7238
1656400380000,1211.02,1212.5,1210.91,1212.23,379.9239
1656400440000,1212.23,1212.43,1211.26,1211.56,384.7339
1656400500000,1211.56,1211.87,1210.53,1210.53,174.9157
1656400560000,1210.54,1211.0,1210.01,1210.58,497.0996
1656400620000,1210.57,1210.8,1209.61,1210.7,472.4789
1656400680000,1210.71,1211.69,1210.24,1210.67,449.7753
1656400740000,1210.66,1211.48,1210.05,1210.12,318.4479
1656400800000,1210.13,1210.99,1209.74,1210.22,591.027
1656400860000,1210.22,1210.64,1209.85,1210.64,139.487
1656400920000,1210.64,1210.76,1210.0,1210.04,156.3241
1656400980000,1210.04,1211.33,1210.03,1210.66,229.4221
1656401040000,1210.66,1211.36,1210.64,1210.94,124.5017
1656401100000,1210.94,1210.95,1209.73,1209.74,161.5523
1656401160000,1209.74,1210.0,1209.21,1209.93,203.7747
1656401220000,1209.92,1209.93,1206.91,1207.29,448.2682
1656401280000,1207.28,1207.95,1206.48,1207.56,371.7411
1656401340000,1207.55,1208.24,1207.39,1207.69,405.5817
1656401400000,1207.69,1208.26,1207.69,1207.79,193.2592
1656401460000,1207.79,1208.05,1207.49,1207.99,274.4052
1656401520000,1208.0,1208.0,1207.53,1207.54,202.3924
1656401580000,1207.53,1207.8,1205.87,1205.95,2500.7772
1656401640000,1205.95,1208.83,1205.72,1208.67,946.092
1656401700000,1208.68,1209.83,1208.27,1209.62,473.5951
1656401760000,1209.63,1209.63,1208.28,1208.82,420.0857
1656401820000,1208.82,1209.66,1208.69,1209.09,262.6524
1656401880000,1209.1,1209.8,1207.92,1207.92,392.0972
1656401940000,1207.92,1209.17,1207.92,1209.17,347.9253
1656402000000,1209.16,1209.64,1208.79,1208.89,514.8071
1656402060000,1208.88,1209.5,1208.88,1209.0,170.2395
1656402120000,1209.0,1209.01,1207.93,1208.33,187.4837
1656402180000,1208.33,1208.53,1206.5,1206.56,578.0713
1656402240000,1206.57,1207.43,1206.56,1207.42,613.4773
1656402300000,1207.41,1207.94,1206.79,1207.69,380.7229
1656402360000,1207.68,1207.77,1206.85,1207.29,183.7047
1656402420000,1207.3,1207.48,1207.0,1207.45,130.9159
1656402480000,1207.45,1207.48,1204.82,1205.88,4443.0719
1656402540000,1205.89,1206.27,1204.15,1204.37,1118.8844
1656402600000,1204.36,1205.74,1204.0,1204.96,559.5322
1656402660000,1204.96,1206.49,1204.42,1206.01,427.0688
1656402720000,1206.0,1206.01,1204.38,1205.32,455.7559
1656402780000,1205.32,1206.0,1205.32,1205.72,156.7126
1656402840000,1205.72,1206.0,1205.21,1205.41,160.1452
1656402900000,1205.41,1205.89,1205.4,1205.59,108.2908
1656402960000,1205.6,1207.0,1205.59,1206.99,251.6065
1656403020000,1206.99,1207.79,1206.48,1207.2,459.878
1656403080000,1207.2,1207.97,1206.72,1207.81,300.8633
1656403140000,1207.81,1208.14,1207.65,1207.65,162.8108
1656403200000,1207.66,1209.1,1207.65,1208.65,570.3891
1656403260000,1208.66,1209.39,1208.59,1209.39,415.4745
1656403320000,1209.39,1211.17,1209.21,1211.17,1023.3067
1656403380000,1211.16,1211.7,1210.65,1211.07,752.5423
1656403440000,1211.06,1211.15,1209.77,1209.94,363.8347
1656403500000,1209.95,1210.82,1209.76,1210.45,236.6871
1656403560000,1210.45,1212.09,1209.86,1209.94,934.4903
1656403620000,1209.93,1210.37,1209.0,1210.18,347.5044
1656403680000,1210.18,1210.4,1209.21,1209.23,533.4536
1656403740000,1209.24,1209.28,1207.12,1207.72,894.0936
1656403800000,1207.72,1209.85,1207.71,1209.15,329.5532
1656403860000,1209.16,1209.87,1208.31,1209.53,474.4407
1656403920000,1209.52,1210.0,1209.51,1209.54,149.3992
1656403980000,1209.54,1209.8,1209.32,1209.56,121.9042
1656404040000,1209.57,1211.68,1209.26,1209.39,1194.53
1656404100000,1209.4,1210.23,1207.67,1207.77,253.5782
1656404160000,1207.77,1207.91,1207.0,1207.1,255.2197
1656404220000,1207.1,1209.47,1207.1,1208.28,828.8098
1656404280000,1208.27,1208.75,1207.07,1208.75,208.1702
1656404340000,1208.74,1208.9,1207.08,1207.18,467.8547
1656404400000,1207.18,1208.3,1207.17,1208.27,145.8172
1656404460000,1208.27,1208.27,1207.34,1207.35,250.1518
1656404520000,1207.34,1208.05,1207.34,1207.57,441.7978
1656404580000,1207.58,1207.78,1207.45,1207.56,148.7138
1656404640000,1207.56,1207.57,1206.73,1206.79,226.9231
1656404700000,1206.79,1206.83,1206.01,1206.32,380.0488
1656404760000,1206.33,1206.33,1205.67,1205.68,284.7866
1656404820000,1205.68,1205.88,1204.54,1205.17,801.6764
1656404880000,1205.16,1205.56,1205.16,1205.38,368.2868
1656404940000,1205.38,1205.63,1205.18,1205.53,410.6946
1656405000000,1205.53,1206.0,1205.3,1205.64,293.4957
1656405060000,1205.64,1205.71,1204.17,1204.59,690.9169
1656405120000,1204.59,1204.81,1203.92,1204.36,288.8099
1656405180000,1204.35,1205.09,1204.18,1204.68,378.6468
1656405240000,1204.67,1205.03,1204.23,1204.33,249.7358
1656405300000,1204.26,1204.87,1204.0,1204.34,364.9425
1656405360000,1204.34,1205.59,1204.34,1204.58,253.9866
1656405420000,1204.57,1205.6,1204.57,1205.26,348.6051
1656405480000,1205.26,1208.35,1205.26,1207.9,922.8252
1656405540000,1207.9,1210.29,1207.85,1209.83,757.597
1656405600000,1209.82,1210.37,1207.97,1208.16,605.4014
1656405660000,1208.15,1209.05,1207.98,1208.53,299.5625
1656405720000,1208.54,1210.78,1208.53,1209.7,460.7013
1656405780000,1209.71,1209.91,1209.08,1209.08,143.8115
1656405840000,1209.09,1210.26,1208.7,1210.15,255.6007
1656405900000,1210.14,1220.0,1209.94,1216.77,6021.7582
1656405960000,1216.76,1227.0,1216.76,1220.53,10397.2685
1656406020000,1220.54,1223.05,1218.36,1219.79,7123.8503
1656406080000,1219.86,1221.83,1219.13,1220.15,1881.1817
1656406140000,1220.14,1221.13,1218.14,1220.29,1806.6487
1656406200000,1220.3,1224.99,1220.23,1224.7,5492.5473
1656406260000,1224.71,1228.0,1223.92,1225.1,2579.4728
1656406320000,1225.1,1225.92,1224.0,1224.0,956.3996
1656406380000,1224.0,1225.87,1223.26,1224.87,1864.3257
1656406440000,1224.86,1227.01,1224.86,1225.26,1799.8201
1656406500000,1225.33,1228.66,1223.77,1226.12,2564.6159
1656406560000,1226.13,1226.72,1223.78,1224.42,1128.1279
1656406620000,1224.43,1228.23,1223.55,1227.14,1883.6349
1656406680000,1227.15,1228.25,1226.32,1227.08,1105.0629
1656406740000,1227.08,1227.08,1224.64,1225.01,1183.8262
1656406800000,1225.01,1227.36,1224.9,1227.02,1257.3159
1656406860000,1227.02,1232.0,1225.04,1228.36,5178.6224
1656406920000,1228.49,1228.95,1226.63,1228.09,1440.2317
1656406980000,1228.09,1228.54,1227.01,1227.68,570.4607
1656407040000,1227.68,1228.14,1226.93,1227.45,566.1744
1656407100000,1227.46,1229.18,1227.45,1228.78,580.5998
1656407160000,1228.77,1228.78,1226.53,1227.11,923.4699
1656407220000,1227.12,1233.36,1227.11,1233.02,2547.0313
1656407280000,1233.01,1233.6,1229.17,1229.5,1476.3718
1656407340000,1229.5,1230.65,1229.11,1230.29,684.2795
1656407400000,1230.3,1230.52,1229.64,1230.08,558.616
1656407460000,1230.08,1230.6,1228.71,1228.72,857.8858
1656407520000,1228.72,1229.86,1228.28,1229.54,664.0026
1656407580000,1229.54,1229.86,1227.64,1227.65,967.3952
1656407640000,1227.64,1227.92,1226.71,1227.4,347.3065
1656407700000,1227.4,1228.7,1227.39,1228.25,333.633
1656407760000,1228.25,1228.99,1227.72,1228.26,387.6845
1656407820000,1228.26,1228.26,1226.49,1226.99,450.7537
1656407880000,1227.0,1228.23,1226.81,1227.9,656.0031
1656407940000,1227.9,1227.9,1226.5,1226.65,448.7902
1656408000000,1226.65,1227.52,1226.52,1227.23,220.9063
1656408060000,1227.22,1229.24,1227.18,1228.72,523.8932
1656408120000,1228.72,1229.0,1228.04,1228.45,368.6655
1656408180000,1228.45,1230.08,1227.51,1227.71,864.8947
1656408240000,1227.72,1228.14,1226.71,1227.53,532.1487
1656408300000,1227.53,1227.74,1226.57,1227.09,456.0997
1656408360000,1227.1,1227.9,1227.05,1227.06,206.8289
1656408420000,1227.06,1227.06,1225.9,1225.9,575.4634
1656408480000,1225.91,1226.13,1224.65,1225.23,734.6162
1656408540000,1225.23,1226.18,1225.07,1225.97,559.4127
1656408600000,1225.97,1226.16,1225.2,1225.52,378.244
1656408660000,1225.52,1225.54,1224.29,1224.56,315.8072
1656408720000,1224.56,1225.64,1224.56,1225.21,380.4049
1656408780000,1225.21,1227.0,1225.18,1226.6,824.2521
1656408840000,1226.6,1227.24,1225.42,1226.47,497.3141
1656408900000,1226.47,1227.03,1225.5,1225.5,611.2429
1656408960000,1225.51,1225.88,1225.07,1225.22,340.8705
1656409020000,1225.08,1225.98,1224.57,1225.22,816.7301
1656409080000,1225.22,1226.77,1225.21,1225.88,280.2642
1656409140000,1225.88,1226.77,1225.39,1226.33,322.4015
1656409200000,1226.32,1226.59,1224.64,1224.85,512.9396
1656409260000,1224.84,1225.2,1224.2,1224.29,412.6805
1656409320000,1224.28,1224.56,1224.01,1224.02,1283.4561
1656409380000,1224.01,1224.45,1222.47,1222.62,3079.3896
1656409440000,1222.62,1223.49,1222.57,1222.94,843.0296
1656409500000,1222.93,1222.94,1221.74,1222.7,890.2005
1656409560000,1222.7,1224.1,1222.07,1222.23,429.0333
1656409620000,1222.24,1225.0,1222.19,1223.86,700.9025
1656409680000,1223.87,1226.71,1223.86,1226.08,1654.8735
1656409740000,1226.09,1227.37,1225.9,1226.07,746.4381
1656409800000,1226.07,1226.67,1226.06,1226.12,240.3509
1656409860000,1226.11,1226.43,1225.65,1225.71,189.4169
1656409920000,1225.72,1226.32,1225.71,1225.98,190.2225
1656409980000,1225.98,1226.8,1224.97,1225.01,448.6876
1656410040000,1225.0,1226.21,1225.0,1225.26,189.1971
1656410100000,1225.26,1225.65,1224.22,1225.2,283.4675
1656410160000,1225.21,1225.46,1224.49,1224.8,267.2046
1656410220000,1224.8,1224.85,1224.24,1224.31,216.6314
1656410280000,1224.31,1224.82,1223.8,1224.04,240.0594
1656410340000,1224.05,1224.53,1223.77,1223.77,178.6595
1656410400000,1223.77,1224.52,1223.0,1223.17,4324.7238
1656410460000,1223.17,1224.39,1223.12,1223.8,920.3886
1656410520000,1223.81,1224.36,1222.96,1223.5,350.9903
1656410580000,1223.51,1224.19,1223.2,1223.44,1111.1062
1656410640000,1223.44,1224.68,1223.2,1223.29,753.8582
1656410700000,1223.28,1223.89,1223.28,1223.55,106.3246
1656410760000,1223.55,1223.88,1223.2,1223.81,343.4018
1656410820000,1223.8,1223.81,1223.44,1223.54,258.8118
1656410880000,1223.55,1223.99,1223.44,1223.45,173.8782
1656410940000,1223.44,1223.97,1223.25,1223.32,263.1693
1656411000000,1223.33,1223.96,1223.2,1223.41,280.3115
1656411060000,1223.41,1223.69,1223.2,1223.21,279.4388
1656411120000,1223.21,1223.21,1222.12,1222.58,2446.6668
1656411180000,1222.57,1223.76,1222.57,1223.23,361.2998
1656411240000,1223.24,1223.79,1222.96,1223.4,514.0347
1656411300000,1223.4,1224.17,1222.37,1223.02,564.1454
1656411360000,1223.01,1223.02,1222.0,1222.5,2076.5138
1656411420000,1222.5,1222.51,1220.86,1221.42,1609.3962
1656411480000,1221.42,1223.31,1221.12,1222.53,665.6673
1656411540000,1222.52,1224.36,1221.99,1224.02,1319.2543
1656411600000,1224.03,1226.4,1223.48,1225.26,733.9344
1656411660000,1225.27,1225.27,1223.06,1223.51,422.7886
1656411720000,1223.51,1224.22,1223.1,1224.22,344.2864
1656411780000,1224.21,1226.42,1224.21,1225.41,427.5603
1656411840000,1225.41,1225.55,1221.72,1222.01,961.2227
1656411900000,1222.01,1223.27,1221.65,1222.8,364.1231
1656411960000,1222.8,1224.01,1222.8,1223.75,290.949
1656412020000,1223.75,1224.33,1223.46,1223.64,483.4092
1656412080000,1223.64,1223.88,1222.7,1222.88,328.9543
1656412140000,1222.87,1223.61,1222.39,1223.53,211.452
1656412200000,1223.52,1223.99,1223.14,1223.52,211.734
1656412260000,1223.52,1225.26,1223.27,1223.81,281.2186
1656412320000,1223.8,1224.8,1223.73,1224.26,162.2381
1656412380000,1224.26,1225.16,1223.8,1224.94,169.2357
1656412440000,1224.94,1225.0,1224.23,1224.34,99.9916
1656412500000,1224.35,1224.98,1224.34,1224.48,223.3484
1656412560000,1224.49,1224.55,1223.54,1223.71,409.5645
1656412620000,1223.71,1224.28,1223.58,1223.73,124.088
1656412680000,1223.73,1224.03,1223.41,1223.76,114.5775
1656412740000,1223.76,1223.76,1221.81,1222.15,291.3009
1656412800000,1222.15,1223.84,1221.75,1223.83,413.7097
1656412860000,1223.84,1223.84,1222.27,1222.39,363.7029
1656412920000,1222.39,1223.37,1222.03,1223.04,179.6532
1656412980000,1223.04,1223.05,1222.34,1222.34,111.9799
1656413040000,1222.34,1222.35,1217.78,1218.27,1447.724
1656413100000,1218.27,1219.99,1218.23,1219.41,852.1887
1656413160000,1219.41,1219.8,1218.65,1219.51,330.8439
1656413220000,1219.52,1221.16,1219.51,1220.32,377.0176
1656413280000,1220.32,1220.33,1219.54,1219.99,170.3387
1656413340000,1220.0,1220.99,1219.26,1220.31,238.212
1656413400000,1220.31,1220.88,1219.11,1220.07,330.5851
1656413460000,1220.06,1220.84,1219.72,1220.83,238.7763
1656413520000,1220.84,1222.23,1220.83,1221.66,554.4015
1656413580000,1221.66,1222.79,1221.09,1221.34,536.4808
1656413640000,1221.34,1222.42,1220.94,1221.96,309.1792
1656413700000,1221.96,1222.26,1221.26,1221.81,165.2969
1656413760000,1221.81,1222.37,1221.08,1222.16,315.4595
1656413820000,1222.16,1223.62,1221.78,1221.83,319.4289
1656413880000,1221.84,1222.53,1221.33,1221.41,148.0884
1656413940000,1221.4,1222.53,1221.4,1222.23,301.2439
1656414000000,1222.22,1223.41,1221.71,1221.73,292.1501
1656414060000,1221.74,1221.74,1221.12,1221.28,221.0825
1656414120000,1221.29,1221.85,1220.44,1220.54,196.5834
1656414180000,1220.55,1220.99,1219.21,1219.69,387.3977
1656414240000,1219.68,1219.99,1217.23,1218.6,1068.9274
1656414300000,1218.61,1219.86,1218.53,1219.27,577.5162
1656414360000,1219.27,1219.49,1217.51,1217.85,916.7036
1656414420000,1217.86,1219.83,1214.79,1219.26,2070.1385
1656414480000,1219.26,1220.1,1218.05,1218.4,729.355
1656414540000,1218.39,1219.54,1218.01,1219.54,416.1211
1656414600000,1219.54,1222.7,1219.16,1222.44,789.6304
1656414660000,1222.44,1222.93,1221.11,1221.42,942.9051
1656414720000,1221.42,1221.95,1220.95,1221.94,259.4633
1656414780000,1221.94,1223.29,1221.78,1223.04,329.0477
1656414840000,1223.05,1225.55,1222.34,1224.79,779.2042
1656414900000,1224.79,1227.25,1223.68,1223.69,1029.4677
1656414960000,1223.68,1223.91,1222.0,1222.9,362.5587
1656415020000,1222.9,1222.9,1221.39,1222.72,327.7556
1656415080000,1222.73,1222.96,1221.92,1222.14,204.286
1656415140000,1222.14,1222.7,1221.65,1222.44,334.5048
1656415200000,1222.45,1222.46,1221.41,1222.17,254.0139
1656415260000,1222.17,1223.36,1221.23,1223.11,421.5351
1656415320000,1223.11,1223.31,1222.25,1222.56,192.6696
1656415380000,1222.55,1223.42,1222.33,1223.41,190.0691
1656415440000,1223.42,1224.97,1223.17,1223.73,262.8136
1656415500000,1223.73,1224.63,1223.32,1224.2,394.4794
1656415560000,1224.19,1227.0,1223.98,1225.92,978.9932
1656415620000,1225.93,1226.41,1225.27,1225.34,212.2622
1656415680000,1225.35,1225.61,1224.91,1225.61,241.4355
1656415740000,1225.6,1229.0,1225.6,1226.82,1129.8502
1656415800000,1226.81,1227.0,1225.53,1225.71,539.3255
1656415860000,1225.72,1226.78,1225.26,1226.77,230.1335
1656415920000,1226.77,1228.5,1226.61,1228.19,534.285
1656415980000,1228.19,1233.82,1228.18,1228.79,4839.6195
1656416040000,1228.79,1230.15,1228.21,1228.86,612.8245
1656416100000,1228.86,1229.52,1227.0,1227.31,632.0281
1656416160000,1227.32,1228.01,1227.23,1227.24,319.1269
1656416220000,1227.24,1227.68,1226.37,1226.78,353.574
1656416280000,1226.78,1227.19,1225.78,1226.47,398.92
1656416340000,1226.47,1227.18,1225.98,1226.55,322.9371
1656416400000,1226.54,1226.55,1225.0,1225.06,478.7473
1656416460000,1225.05,1225.86,1224.68,1224.84,374.7607
1656416520000,1224.85,1224.87,1224.12,1224.48,308.6664
1656416580000,1224.48,1225.64,1224.48,1225.0,213.79
1656416640000,1225.01,1226.11,1225.0,1225.65,198.6576
1656416700000,1225.65,1225.65,1224.04,1224.04,145.9863
1656416760000,1224.04,1226.57,1224.04,1225.88,260.8168
1656416820000,1225.89,1226.19,1225.39,1225.77,464.6768
1656416880000,1225.75,1226.4,1225.5,1225.5,187.8324
1656416940000,1225.51,1226.41,1225.5,1226.11,215.0053
1656417000000,1226.12,1226.12,1222.84,1223.11,360.0539
1656417060000,1223.12,1223.69,1220.97,1221.98,1907.2298
1656417120000,1221.98,1224.07,1221.96,1222.88,528.6769
1656417180000,1222.89,1223.84,1222.88,1223.54,297.2644
1656417240000,1223.54,1223.91,1223.19,1223.72,206.5862
1656417300000,1223.71,1223.72,1221.36,1221.82,245.89
1656417360000,1221.83,1222.72,1221.82,1222.46,451.9263
1656417420000,1222.46,1222.84,1221.71,1222.53,547.2619
1656417480000,1222.54,1224.02,1222.53,1223.77,388.543
1656417540000,1223.77,1223.92,1223.31,1223.48,613.8302
1656417600000,1223.48,1224.0,1223.24,1223.31,317.1685
1656417660000,1223.31,1225.08,1223.25,1223.77,728.6935
1656417720000,1223.78,1224.86,1223.5,1224.42,192.6832
1656417780000,1224.41,1224.42,1222.74,1223.23,323.3608
1656417840000,1223.24,1224.19,1223.02,1224.19,120.2647
1656417900000,1224.19,1224.68,1223.92,1224.68,147.1128
1656417960000,1224.68,1227.94,1224.67,1225.5,1027.0089
1656418020000,1225.5,1226.95,1224.84,1226.06,202.0653
1656418080000,1226.07,1226.3,1225.5,1225.62,163.1015
1656418140000,1225.75,1227.05,1225.5,1226.33,333.658
1656418200000,1226.33,1227.94,1225.79,1227.63,599.0516
1656418260000,1227.64,1227.69,1227.0,1227.13,603.3499
1656418320000,1227.12,1228.72,1226.81,1228.44,627.5043
1656418380000,1228.44,1229.55,1227.85,1229.03,2545.015
1656418440000,1229.04,1231.41,1229.03,1230.55,1805.7481
1656418500000,1230.54,1232.1,1229.91,1232.09,886.7088
1656418560000,1232.1,1233.61,1231.47,1231.95,2407.4642
1656418620000,1231.96,1232.26,1229.26,1229.44,857.5618
1656418680000,1229.44,1230.75,1229.1,1229.93,784.2433
1656418740000,1229.93,1230.99,1229.36,1230.11,404.9277
1656418800000,1230.11,1232.63,1229.92,1232.14,1058.5653
1656418860000,1232.14,1232.31,1230.38,1230.39,521.7414
1656418920000,1230.38,1231.13,1229.77,1229.84,506.9356
1656418980000,1229.84,1229.85,1227.26,1227.71,1850.0735
1656419040000,1227.72,1227.72,1224.29,1224.85,1185.7024
1656419100000,1224.85,1225.71,1223.08,1223.31,601.8243
1656419160000,1223.31,1224.42,1222.07,1223.39,3025.5741
1656419220000,1223.38,1226.32,1222.99,1225.78,1016.7866
1656419280000,1225.93,1226.18,1225.04,1225.2,418.0453
1656419340000,1225.2,1225.93,1224.73,1224.74,202.3974
1656419400000,1224.74,1226.64,1222.6,1222.61,532.0634
1656419460000,1222.61,1223.79,1222.01,1223.48,654.757
1656419520000,1223.48,1225.06,1223.48,1225.0,323.3985
1656419580000,1224.99,1226.23,1224.44,1226.01,462.2375
1656419640000,1226.0,1226.18,1224.42,1224.97,300.7506
1656419700000,1224.97,1227.84,1224.34,1227.47,567.5081
1656419760000,1227.46,1228.01,1226.68,1227.15,577.5485
1656419820000,1227.15,1227.96,1225.78,1226.2,400.0614
1656419880000,1226.2,1226.56,1225.41,1225.91,141.3555
1656419940000,1225.91,1226.87,1225.9,1226.54,201.2776
1656420000000,1226.55,1228.11,1226.54,1228.11,611.3404
1656420060000,1228.1,1229.74,1227.73,1228.41,503.1817
1656420120000,1228.4,1228.59,1227.59,1227.8,155.8089
1656420180000,1227.81,1228.53,1226.86,1226.87,201.6823
1656420240000,1226.87,1227.9,1226.5,1227.85,232.8517
1656420300000,1227.86,1228.55,1227.0,1227.0,321.0075
1656420360000,1227.0,1227.32,1225.56,1227.32,316.3042
1656420420000,1227.31,1227.32,1226.08,1226.17,335.8119
1656420480000,1226.16,1226.34,1225.2,1225.63,275.2221
1656420540000,1225.63,1225.63,1223.85,1224.3,255.2307
1656420600000,1224.31,1224.5,1223.0,1223.46,528.1938
1656420660000,1223.45,1224.58,1223.45,1224.24,331.2827
1656420720000,1224.24,1224.37,1223.33,1223.78,237.862
1656420780000,1223.78,1223.91,1223.1,1223.79,198.3195
1656420840000,1223.79,1224.57,1223.0,1223.36,338.3719
1656420900000,1223.37,1225.42,1223.18,1224.84,257.1628
1656420960000,1224.83,1224.84,1223.24,1224.19,161.6438
1656421020000,1224.19,1224.23,1223.55,1223.68,287.9112
1656421080000,1223.69,1223.96,1222.88,1222.94,553.5351
1656421140000,1222.95,1223.28,1221.61,1221.61,461.3751
1656421200000,1221.72,1223.23,1221.61,1223.23,496.0792
1656421260000,1223.22,1223.79,1222.73,1223.49,530.7332
1656421320000,1223.49,1223.49,1222.01,1222.56,281.2212
1656421380000,1222.55,1222.81,1222.0,1222.8,186.8484
1656421440000,1222.8,1223.24,1222.34,1223.02,148.8042
1656421500000,1223.02,1223.8,1221.52,1221.81,461.1824
1656421560000,1221.81,1222.0,1221.41,1221.98,236.8588
1656421620000,1221.97,1222.86,1221.63,1221.78,239.2117
1656421680000,1221.78,1222.26,1221.42,1221.92,343.8133
1656421740000,1221.92,1222.99,1221.47,1221.7,453.4364
1656421800000,1221.71,1222.79,1221.65,1222.05,308.929
1656421860000,1222.05,1222.06,1217.5,1219.8,1711.2221
1656421920000,1219.79,1222.0,1219.12,1221.8,846.0963
1656421980000,1221.79,1222.0,1220.8,1221.76,430.5027
1656422040000,1221.76,1224.41,1221.67,1223.14,881.6672
1656422100000,1223.14,1225.91,1223.13,1224.94,512.5504
1656422160000,1224.95,1225.94,1224.82,1225.44,681.0773
1656422220000,1225.45,1225.82,1224.66,1225.34,366.4389
1656422280000,1225.34,1226.87,1225.33,1226.29,413.9839
1656422340000,1226.29,1226.3,1225.05,1225.33,320.6163
1656422400000,1225.33,1227.79,1225.32,1226.53,466.3812
1656422460000,1226.53,1226.6,1226.06,1226.59,205.539
1656422520000,1226.58,1226.81,1225.49,1225.69,388.9581
1656422580000,1225.69,1226.7,1225.3,1226.29,281.6
1656422640000,1226.29,1226.38,1224.55,1225.11,601.9791
1656422700000,1225.11,1226.6,1225.11,1226.24,190.4155
1656422760000,1226.25,1227.02,1225.57,1225.85,428.6678
1656422820000,1225.85,1226.38,1224.68,1224.68,463.4533
1656422880000,1224.69,1226.15,1224.38,1225.48,569.6812
1656422940000,1225.48,1225.63,1224.21,1224.87,590.7227
1656423000000,1224.87,1230.2,1223.58,1228.7,2225.1129
1656423060000,1228.71,1231.7,1226.72,1229.31,2912.6756
1656423120000,1229.31,1237.99,1229.21,1232.71,8595.1248
1656423180000,1232.7,1235.68,1230.88,1230.88,6518.231
1656423240000,1230.89,1231.72,1227.09,1228.81,1875.3755
1656423300000,1228.8,1231.66,1228.09,1231.51,1636.4669
1656423360000,1231.51,1231.99,1229.01,1229.74,2507.6139
1656423420000,1229.73,1229.93,1225.17,1226.9,727.9721
1656423480000,1226.9,1230.0,1226.9,1229.3,1554.5551
1656423540000,1229.3,1230.62,1229.06,1229.74,842.6721
1656423600000,1229.68,1231.57,1228.0,1229.12,771.8164
1656423660000,1229.12,1230.19,1229.04,1229.97,743.6128
1656423720000,1229.97,1231.51,1229.62,1230.67,467.5337
1656423780000,1230.67,1231.12,1229.68,1229.69,658.6777
1656423840000,1229.7,1233.07,1229.69,1232.94,1216.1838
1656423900000,1232.94,1233.76,1228.34,1229.26,2471.0642
1656423960000,1229.27,1229.38,1226.8,1227.08,715.4715
1656424020000,1227.08,1227.9,1226.05,1227.29,997.2764
1656424080000,1227.28,1228.02,1225.42,1227.86,801.7049
1656424140000,1227.86,1229.81,1227.18,1229.55,408.6205
1656424200000,1229.54,1232.17,1228.0,1231.99,880.8683
1656424260000,1232.0,1233.32,1231.5,1231.8,1079.713
1656424320000,1231.8,1232.18,1231.02,1231.06,524.5381
1656424380000,1231.07,1232.53,1231.06,1232.53,534.7719
1656424440000,1232.53,1232.57,1231.66,1231.88,466.5668
1656424500000,1231.87,1232.08,1229.47,1229.85,489.5092
1656424560000,1229.84,1229.85,1227.53,1228.86,555.1808
1656424620000,1228.87,1229.58,1228.2,1229.13,522.4811
1656424680000,1229.13,1229.13,1226.79,1227.22,335.1792
1656424740000,1227.21,1228.46,1227.21,1227.81,422.4825
1656424800000,1227.81,1229.81,1227.42,1228.65,851.4435
1656424860000,1228.65,1229.99,1228.13,1228.95,348.811
1656424920000,1228.95,1229.09,1227.82,1228.54,622.3694
1656424980000,1228.53,1228.54,1225.54,1225.68,2494.0506
1656425040000,1225.69,1227.14,1225.66,1226.5,626.4264
1656425100000,1226.5,1226.79,1222.66,1224.19,3609.8134
1656425160000,1224.19,1224.19,1223.5,1223.5,3465.3809
1656425220000,1223.51,1223.51,1219.6,1220.8,5452.4807
1656425280000,1220.81,1222.58,1220.07,1221.39,1186.1327
1656425340000,1221.39,1222.07,1220.38,1220.61,902.0128
1656425400000,1220.6,1222.1,1220.57,1222.1,558.0287
1656425460000,1222.09,1223.48,1221.84,1223.25,532.8331
1656425520000,1223.25,1223.49,1221.2,1221.49,1253.3204
1656425580000,1221.49,1221.69,1219.0,1219.38,797.1911
1656425640000,1219.38,1220.44,1219.38,1219.72,409.0267
1656425700000,1219.71,1220.18,1218.11,1219.56,751.2145
1656425760000,1219.56,1219.95,1217.67,1218.37,879.3667
1656425820000,1218.37,1218.38,1216.94,1217.37,1034.0494
1656425880000,1217.36,1218.18,1217.11,1217.25,518.7508
1656425940000,1217.25,1218.33,1215.3,1216.37,1475.9358
1656426000000,1216.38,1218.31,1216.01,1217.33,1043.3383
1656426060000,1217.33,1217.59,1215.83,1216.55,604.6685
1656426120000,1216.54,1216.86,1213.64,1214.08,1107.9538
1656426180000,1214.09,1215.31,1212.66,1214.09,1710.9914
1656426240000,1214.09,1215.24,1213.33,1213.53,1182.0632
1656426300000,1213.53,1217.05,1213.39,1215.62,1289.2005
1656426360000,1215.62,1216.21,1214.0,1215.03,1226.4095
1656426420000,1215.02,1215.13,1212.98,1213.65,3607.3443
1656426480000,1213.65,1214.15,1213.02,1213.52,901.3815
1656426540000,1213.52,1214.62,1212.41,1212.42,580.1335
1656426600000,1212.42,1213.64,1210.51,1211.53,2260.4113
1656426660000,1211.52,1213.06,1211.19,1211.19,1065.0526
1656426720000,1211.2,1211.6,1207.49,1207.77,3938.2979
1656426780000,1207.77,1208.26,1205.41,1207.54,1724.9642
1656426840000,1207.55,1208.12,1197.73,1200.9,14181.4373
1656426900000,1200.9,1202.81,1195.9,1200.5,7434.6812
1656426960000,1200.62,1203.55,1199.46,1201.42,2370.3655
1656427020000,1201.41,1202.84,1200.64,1200.65,1276.9948
1656427080000,1200.65,1203.12,1200.51,1202.87,765.6087
1656427140000,1202.88,1203.89,1202.17,1202.42,851.9993
1656427200000,1202.43,1202.95,1201.55,1202.51,999.0732
1656427260000,1202.5,1203.75,1202.32,1202.69,540.4187
1656427320000,1202.69,1203.0,1196.13,1198.84,2741.5057
1656427380000,1198.84,1203.47,1197.67,1202.63,1710.4071
1656427440000,1202.63,1204.0,1201.8,1202.91,1764.5124
1656427500000,1202.92,1202.92,1201.4,1201.8,542.8905
1656427560000,1201.79,1201.88,1198.49,1198.81,964.4862
1656427620000,1198.82,1199.68,1196.59,1196.99,1704.1945
1656427680000,1196.99,1199.1,1196.99,1199.08,1119.8141
1656427740000,1199.07,1201.43,1198.22,1198.43,910.8359
1656427800000,1198.44,1199.28,1197.84,1199.0,620.3161
1656427860000,1199.0,1199.34,1198.26,1198.57,675.9652
1656427920000,1198.58,1199.28,1197.16,1197.57,991.738
1656427980000,1197.56,1198.22,1197.0,1197.5,604.8418
1656428040000,1197.49,1199.68,1197.0,1199.66,689.3465
1656428100000,1199.66,1200.37,1199.08,1200.33,639.2215
1656428160000,1200.33,1203.31,1199.78,1201.77,997.1249
1656428220000,1201.77,1202.8,1200.9,1201.27,602.9521
1656428280000,1201.27,1202.49,1201.27,1202.08,443.6277
1656428340000,1202.07,1204.35,1202.07,1204.05,696.2595
1656428400000,1204.05,1204.06,1202.69,1203.68,738.1675
1656428460000,1203.67,1203.7,1202.2,1202.54,941.5648
1656428520000,1202.55,1202.76,1201.58,1202.53,636.7053
1656428580000,1202.52,1202.85,1200.83,1201.39,543.2906
1656428640000,1201.39,1202.83,1200.89,1201.3,687.8492
1656428700000,1201.31,1202.55,1200.85,1201.18,449.7357
1656428760000,1201.19,1201.19,1199.46,1200.47,555.8552
1656428820000,1200.47,1200.48,1198.28,1198.76,673.438
1656428880000,1198.76,1199.41,1198.02,1199.41,350.4468
1656428940000,1199.4,1199.41,1198.0,1198.57,392.9828
1656429000000,1198.56,1199.12,1197.29,1199.0,562.3878
1656429060000,1198.99,1201.0,1198.99,1200.34,1108.3866
1656429120000,1200.33,1200.45,1199.19,1199.73,307.436
1656429180000,1199.72,1200.98,1199.48,1200.42,237.097
1656429240000,1200.42,1201.68,1200.16,1200.18,442.9106
1656429300000,1200.18,1200.78,1198.07,1199.36,479.8251
1656429360000,1199.37,1199.69,1197.68,1198.43,547.9705
1656429420000,1198.42,1198.86,1197.56,1197.57,493.8808
1656429480000,1197.57,1198.94,1197.15,1198.7,664.1558
1656429540000,1198.7,1198.71,1194.14,1194.58,1417.6138
1656429600000,1194.59,1196.25,1193.82,1194.58,2772.41
1656429660000,1194.59,1196.11,1194.5,1195.46,969.9401
1656429720000,1195.45,1195.52,1193.89,1194.18,931.6076
1656429780000,1194.19,1194.3,1192.0,1193.77,1000.0815
1656429840000,1193.77,1195.29,1192.98,1194.59,840.0202
1656429900000,1194.6,1196.23,1194.29,1195.33,631.8497
1656429960000,1195.32,1195.33,1191.67,1192.59,687.2922
1656430020000,1192.59,1193.2,1189.23,1192.94,1599.4
1656430080000,1192.93,1194.48,1188.18,1189.0,2206.0895
1656430140000,1189.01,1191.94,1189.0,1190.55,1087.9501
1656430200000,1190.55,1191.43,1185.0,1191.42,5579.0756
1656430260000,1191.41,1192.96,1190.59,1191.76,877.3603
1656430320000,1191.77,1192.23,1191.32,1192.05,455.6235
1656430380000,1192.06,1192.19,1190.51,1191.85,413.1366
1656430440000,1191.85,1192.52,1191.3,1192.35,323.9652
1656430500000,1192.35,1192.68,1190.59,1192.67,500.513
1656430560000,1192.68,1193.97,1192.05,1193.04,521.7551
1656430620000,1193.04,1193.75,1192.24,1193.46,590.5256
1656430680000,1193.45,1193.46,1190.13,1192.16,939.7224
1656430740000,1192.17,1192.17,1190.06,1190.6,640.3293
1656430800000,1190.6,1190.74,1186.08,1187.55,1395.071
1656430860000,1187.54,1188.43,1187.29,1187.89,638.2769
1656430920000,1187.89,1189.08,1185.83,1186.09,1107.4003
1656430980000,1186.09,1187.99,1186.08,1186.79,586.4884
1656431040000,1186.78,1187.74,1183.54,1184.91,2250.1155
1656431100000,1184.91,1187.0,1183.23,1186.57,1708.4557
1656431160000,1186.56,1188.0,1185.3,1187.48,1142.1613
1656431220000,1187.49,1188.37,1186.59,1187.93,594.268
1656431280000,1187.93,1187.98,1185.63,1185.65,745.0594
1656431340000,1185.64,1187.38,1184.74,1187.21,928.3365
1656431400000,1187.21,1187.22,1183.08,1183.59,1192.6113
1656431460000,1183.59,1184.77,1182.0,1184.63,1283.2556
1656431520000,1184.63,1185.95,1183.43,1185.5,679.0581
1656431580000,1185.51,1185.72,1184.54,1185.71,662.1957
1656431640000,1185.71,1185.86,1183.22,1183.27,1235.4324
1656431700000,1183.26,1185.0,1182.63,1183.91,1903.499
1656431760000,1183.91,1185.66,1183.91,1184.43,622.8367
1656431820000,1184.44,1185.52,1184.03,1185.04,1045.2872
1656431880000,1185.03,1185.04,1183.83,1184.55,1038.575
1656431940000,1184.55,1185.03,1183.44,1183.69,796.8975
1656432000000,1183.7,1184.82,1182.42,1184.04,932.5908
1656432060000,1184.05,1184.81,1183.13,1183.72,546.4127
1656432120000,1183.71,1184.29,1182.0,1182.01,578.4544
1656432180000,1182.01,1183.82,1182.0,1183.81,907.1209
1656432240000,1183.82,1183.82,1180.64,1181.65,1248.4607
1656432300000,1181.65,1183.09,1180.0,1180.73,1159.7793
1656432360000,1180.73,1181.49,1179.51,1179.78,2364.0511
1656432420000,1179.78,1183.34,1179.57,1183.22,800.3255
1656432480000,1183.22,1185.9,1183.04,1185.66,928.3871
1656432540000,1185.67,1187.83,1185.52,1187.04,1077.8521
1656432600000,1187.04,1188.7,1187.03,1187.15,1140.3968
1656432660000,1187.16,1189.78,1187.06,1188.03,1857.6486
1656432720000,1188.04,1189.55,1187.76,1189.27,791.4916
1656432780000,1189.28,1192.83,1189.0,1191.41,4115.7984
1656432840000,1191.41,1191.41,1187.35,1187.66,1090.998
1656432900000,1187.65,1187.87,1184.61,1184.81,1943.1357
1656432960000,1184.81,1188.56,1184.5,1188.36,1079.5681
1656433020000,1188.37,1189.1,1187.33,1187.51,743.7931
1656433080000,1187.5,1188.75,1187.5,1188.38,529.6808
1656433140000,1188.38,1189.87,1188.37,1189.67,520.0843
1656433200000,1189.67,1190.66,1188.93,1189.62,2885.0362
1656433260000,1189.63,1189.63,1187.24,1187.7,1692.2221
1656433320000,1187.7,1187.75,1186.05,1187.49,1121.7023
1656433380000,1187.48,1187.66,1186.01,1186.43,530.8211
1656433440000,1186.42,1187.44,1185.82,1186.67,362.482
1656433500000,1186.67,1186.9,1185.07,1185.3,561.5342
1656433560000,1185.3,1187.71,1185.13,1186.64,506.9885
1656433620000,1186.64,1188.59,1186.59,1188.18,528.6514
1656433680000,1188.18,1189.61,1187.5,1188.41,670.7944
1656433740000,1188.41,1189.38,1187.84,1189.38,342.7201
1656433800000,1189.38,1189.86,1188.24,1188.74,515.0666
1656433860000,1188.74,1189.7,1188.2,1189.7,531.9721
1656433920000,1189.69,1192.13,1188.58,1191.76,2688.795
1656433980000,1191.76,1193.28,1190.08,1190.55,1018.813
1656434040000,1190.55,1190.56,1188.7,1188.89,1207.8694
1656434100000,1188.89,1190.47,1188.67,1190.12,540.2586
1656434160000,1190.13,1190.7,1189.72,1190.7,427.3354
1656434220000,1190.7,1192.49,1190.69,1191.72,721.2248
1656434280000,1191.73,1191.79,1190.82,1190.82,358.64
1656434340000,1190.83,1192.06,1190.82,1192.06,253.7045
1656434400000,1192.06,1193.73,1191.8,1193.12,556.0002
1656434460000,1193.13,1193.42,1192.01,1192.37,644.0302
1656434520000,1192.38,1192.84,1191.7,1191.95,447.0614
1656434580000,1191.95,1192.53,1191.39,1192.29,283.8099
1656434640000,1192.28,1192.29,1191.23,1191.78,520.6734
1656434700000,1191.78,1193.19,1191.4,1192.9,585.7481
1656434760000,1192.89,1193.22,1191.74,1191.86,623.7108
1656434820000,1191.86,1191.86,1190.4,1190.54,438.0837
1656434880000,1190.54,1190.93,1188.65,1188.66,358.3648
1656434940000,1188.65,1190.04,1188.29,1189.39,428.2358
1656435000000,1189.39,1189.92,1189.11,1189.17,237.1131
1656435060000,1189.18,1190.03,1189.17,1189.78,193.819
1656435120000,1189.77,1189.94,1188.8,1188.93,413.0055
1656435180000,1188.93,1190.2,1188.8,1189.43,334.0822
1656435240000,1189.43,1189.77,1187.22,1187.22,539.4079
1656435300000,1187.23,1189.97,1187.2,1189.53,463.6262
1656435360000,1189.52,1191.43,1189.44,1189.84,496.7267
1656435420000,1189.83,1190.0,1189.06,1189.44,381.7896
1656435480000,1189.43,1189.43,1187.85,1189.11,454.1696
1656435540000,1189.12,1189.76,1188.59,1189.23,456.7647
1656435600000,1189.22,1189.58,1188.03,1189.26,361.8221
1656435660000,1189.26,1190.25,1189.08,1189.43,230.4585
1656435720000,1189.43,1189.69,1187.48,1189.69,923.8063
1656435780000,1189.68,1189.71,1187.85,1188.02,389.5027
1656435840000,1188.01,1189.56,1187.89,1188.77,364.9981
1656435900000,1188.77,1189.42,1188.58,1188.73,289.9643
1656435960000,1188.72,1189.02,1187.86,1187.87,698.8199
1656436020000,1187.87,1187.87,1186.45,1186.95,575.5919
1656436080000,1186.96,1187.05,1184.3,1184.75,1190.2155
1656436140000,1184.76,1185.0,1180.0,1180.09,5684.2468
1656436200000,1180.1,1181.59,1179.64,1180.21,1345.934
1656436260000,1180.21,1182.52,1180.2,1181.7,824.7849
1656436320000,1181.7,1182.21,1180.46,1180.66,352.3192
1656436380000,1180.66,1181.59,1180.11,1180.75,699.3938
1656436440000,1180.75,1180.75,1174.14,1174.64,5847.2277
1656436500000,1174.64,1177.0,1173.01,1176.76,2710.0995
1656436560000,1176.75,1177.69,1176.59,1177.34,745.0053
1656436620000,1177.35,1178.83,1177.2,1178.29,685.6174
1656436680000,1178.28,1178.9,1177.48,1177.48,702.8844
1656436740000,1177.49,1177.85,1177.0,1177.72,519.5606
1656436800000,1177.71,1177.72,1175.19,1175.29,654.7472
1656436860000,1175.29,1175.69,1173.24,1174.47,860.2642
1656436920000,1174.47,1175.9,1174.43,1175.52,383.5475
1656436980000,1175.52,1176.99,1175.14,1176.98,569.9694
1656437040000,1176.98,1177.32,1176.31,1176.65,511.4314
1656437100000,1176.64,1177.13,1174.84,1174.85,389.9823
1656437160000,1174.84,1179.48,1174.84,1178.83,658.9347
1656437220000,1178.83,1180.33,1178.33,1178.39,469.9429
1656437280000,1178.38,1178.92,1176.83,1178.92,378.8417
1656437340000,1178.91,1179.78,1178.63,1179.39,686.8963
1656437400000,1179.38,1182.12,1178.61,1181.81,545.1892
1656437460000,1181.82,1183.85,1180.87,1182.6,990.4987
1656437520000,1182.61,1182.81,1181.39,1182.32,514.6991
1656437580000,1182.33,1183.4,1182.18,1182.43,448.9785
1656437640000,1182.44,1182.67,1181.62,1181.65,696.9734
1656437700000,1181.65,1182.58,1181.6,1181.99,253.1016
1656437760000,1181.99,1182.29,1180.07,1180.53,750.5444
1656437820000,1180.53,1181.67,1180.09,1181.41,676.1322
1656437880000,1181.41,1181.74,1180.0,1180.16,509.0586
1656437940000,1180.17,1180.41,1177.6,1178.36,1418.2803
1656438000000,1178.36,1179.2,1177.72,1178.19,723.7528
1656438060000,1178.19,1179.63,1177.22,1179.41,907.9543
1656438120000,1179.55,1179.85,1178.98,1179.09,563.492
1656438180000,1179.08,1179.91,1178.51,1179.44,535.7606
1656438240000,1179.44,1179.82,1178.93,1179.28,395.5558
1656438300000,1179.28,1180.06,1178.7,1179.89,515.6156
1656438360000,1179.9,1179.98,1177.42,1177.8,268.5396
1656438420000,1177.8,1178.81,1177.03,1177.31,493.6662
1656438480000,1177.32,1179.54,1177.25,1179.36,448.2948
1656438540000,1179.34,1181.67,1179.0,1179.76,971.7205
1656438600000,1179.76,1180.92,1179.76,1180.07,424.389
1656438660000,1180.06,1181.21,1180.01,1180.85,303.1688
1656438720000,1180.84,1181.0,1179.48,1180.89,840.5852
1656438780000,1180.88,1180.89,1179.51,1179.51,239.4563
1656438840000,1179.51,1179.52,1178.36,1178.91,334.1837
1656438900000,1178.91,1179.82,1178.88,1179.37,276.3718
1656438960000,1179.37,1179.38,1177.83,1178.2,386.4109
1656439020000,1178.21,1178.21,1177.0,1177.98,994.4748
1656439080000,1177.99,1178.03,1176.39,1177.78,728.7951
1656439140000,1177.79,1179.0,1176.74,1178.78,483.1339
1656439200000,1178.78,1178.79,1177.43,1177.47,606.1949
1656439260000,1177.52,1178.05,1177.03,1178.0,566.1807
1656439320000,1177.99,1179.0,1177.17,1177.24,689.7649
1656439380000,1177.23,1177.36,1176.33,1176.45,471.0737
1656439440000,1176.46,1176.88,1175.57,1176.1,358.8289
1656439500000,1176.09,1177.56,1176.05,1176.11,632.4918
1656439560000,1176.12,1176.12,1173.45,1173.66,1225.8064
1656439620000,1173.66,1174.8,1172.95,1172.95,1189.3909
1656439680000,1172.95,1172.97,1170.54,1171.83,3752.1593
1656439740000,1171.82,1172.22,1165.95,1169.4,7855.5991
1656439800000,1169.4,1170.86,1165.61,1165.76,3603.3819
1656439860000,1165.76,1168.45,1165.75,1166.93,1682.5433
1656439920000,1166.93,1167.4,1165.84,1166.47,857.4415
1656439980000,1166.47,1166.47,1163.01,1164.89,2451.4837
1656440040000,1164.88,1166.19,1163.91,1164.0,1314.3432
1656440100000,1164.0,1164.01,1158.26,1161.47,8548.5411
1656440160000,1161.48,1161.69,1157.97,1157.97,2555.7015
1656440220000,1157.97,1160.6,1155.5,1156.78,3968.5581
1656440280000,1156.79,1157.52,1155.58,1155.93,2101.5637
1656440340000,1155.94,1160.42,1154.2,1158.87,3581.8898
1656440400000,1158.86,1160.09,1156.33,1156.77,1369.6989
1656440460000,1156.76,1160.87,1156.09,1159.44,2798.6528
1656440520000,1159.44,1159.77,1157.14,1157.34,1034.8387
1656440580000,1157.33,1159.36,1157.11,1157.25,1205.5941
1656440640000,1157.23,1159.12,1157.23,1158.15,1033.1871
1656440700000,1158.16,1160.48,1157.54,1157.74,2575.4386
1656440760000,1157.74,1158.9,1156.68,1158.24,1212.2904
1656440820000,1158.25,1159.84,1158.05,1158.89,718.5498
1656440880000,1158.89,1161.0,1158.24,1160.5,1123.9586
1656440940000,1160.49,1161.13,1160.2,1160.46,690.7113
1656441000000,1160.47,1160.52,1158.01,1159.07,4362.4694
1656441060000,1159.07,1159.08,1157.12,1157.63,656.1881
1656441120000,1157.64,1157.68,1155.55,1156.3,1064.9099
1656441180000,1156.29,1159.33,1156.16,1159.11,816.8888
1656441240000,1159.11,1159.12,1157.49,1158.26,595.187
1656441300000,1158.26,1158.31,1157.01,1157.54,504.1644
1656441360000,1157.55,1159.12,1157.42,1157.87,491.6175
1656441420000,1157.86,1159.45,1157.66,1159.24,799.5045
1656441480000,1159.24,1161.43,1158.65,1161.37,907.0799
1656441540000,1161.37,1164.77,1160.79,1164.32,1822.8656
1656441600000,1164.33,1164.33,1160.97,1161.18,856.0178
1656441660000,1161.18,1162.23,1160.22,1160.51,753.4074
1656441720000,1160.5,1162.21,1160.5,1161.69,568.5638
1656441780000,1161.69,1162.21,1161.15,1161.66,388.1138
1656441840000,1161.65,1165.12,1161.59,1164.53,669.2561
1656441900000,1164.52,1165.12,1163.08,1164.55,940.4594
1656441960000,1164.56,1166.18,1163.92,1165.99,877.9304
1656442020000,1165.99,1165.99,1164.29,1164.97,682.9464
1656442080000,1164.97,1166.75,1164.46,1166.38,854.6719
1656442140000,1166.39,1169.7,1166.0,1166.54,1375.1214
1656442200000,1166.53,1166.72,1164.77,1165.26,1635.6256
1656442260000,1165.26,1166.09,1164.89,1165.65,514.0405
1656442320000,1165.65,1165.66,1164.02,1164.4,602.1765
1656442380000,1164.41,1166.06,1163.76,1166.06,576.6174
1656442440000,1166.06,1166.29,1165.0,1166.29,388.3386
1656442500000,1166.28,1166.93,1163.86,1164.43,596.5635
1656442560000,1164.43,1164.62,1162.99,1164.54,897.0773
1656442620000,1164.53,1164.69,1161.89,1162.74,1497.8241
1656442680000,1162.73,1163.75,1162.15,1162.84,506.2724
1656442740000,1162.83,1163.35,1162.35,1162.44,451.8565
1656442800000,1162.43,1162.65,1161.27,1162.32,700.4521
1656442860000,1162.32,1163.0,1161.61,1162.88,521.373
1656442920000,1162.89,1162.89,1161.23,1161.37,974.9934
1656442980000,1161.36,1161.57,1159.45,1159.85,970.5331
1656443040000,1159.85,1160.74,1159.84,1160.45,541.6667
1656443100000,1160.44,1162.19,1160.2,1160.67,637.7228
1656443160000,1160.67,1162.38,1160.44,1161.69,649.9864
1656443220000,1161.7,1161.92,1160.84,1161.12,203.1692
1656443280000,1161.12,1161.58,1160.79,1161.53,382.3284
1656443340000,1161.53,1162.13,1160.26,1161.83,627.1552
1656443400000,1161.83,1162.65,1160.95,1162.2,1291.7797
1656443460000,1162.2,1163.26,1160.93,1161.08,657.0937
1656443520000,1161.08,1161.93,1160.7,1160.93,449.2247
1656443580000,1160.93,1160.96,1160.25,1160.25,367.0808
1656443640000,1160.25,1161.48,1160.0,1161.4,1190.4384
1656443700000,1161.4,1161.4,1159.87,1160.25,532.3997
1656443760000,1160.25,1161.28,1160.18,1160.68,489.2258
1656443820000,1160.68,1161.43,1160.32,1160.72,294.0553
1656443880000,1160.72,1160.81,1154.75,1155.77,4250.9667
1656443940000,1155.77,1158.58,1155.7,1158.15,1180.3301
1656444000000,1158.15,1158.36,1157.07,1157.95,595.6501
1656444060000,1157.95,1158.7,1157.77,1158.7,667.7296
1656444120000,1158.69,1158.7,1158.15,1158.64,453.8994
1656444180000,1158.63,1159.78,1158.63,1159.44,1077.2945
1656444240000,1159.44,1159.91,1159.12,1159.3,555.451
1656444300000,1159.29,1159.3,1157.36,1157.66,710.8798
1656444360000,1157.65,1161.24,1157.65,1159.73,957.3291
1656444420000,1159.73,1160.01,1158.0,1158.61,669.9543
1656444480000,1158.61,1159.17,1157.71,1158.9,605.6335
1656444540000,1158.9,1159.31,1158.01,1158.29,424.4042
1656444600000,1158.28,1159.08,1157.89,1158.3,754.3295
1656444660000,1158.29,1159.49,1157.37,1159.3,578.1011
1656444720000,1159.29,1161.59,1159.29,1161.45,708.1301
1656444780000,1161.45,1161.45,1158.18,1158.19,384.8275
1656444840000,1158.19,1159.3,1156.71,1157.21,741.5456
1656444900000,1157.2,1157.46,1156.61,1156.89,533.111
1656444960000,1156.88,1157.84,1156.23,1156.23,502.2857
1656445020000,1156.23,1157.04,1155.58,1156.98,415.9305
1656445080000,1156.97,1156.98,1156.39,1156.82,330.6708
1656445140000,1156.82,1157.55,1155.74,1157.54,748.6035
1656445200000,1157.55,1157.87,1156.35,1156.36,551.0253
1656445260000,1156.35,1157.24,1156.12,1156.98,429.168
1656445320000,1156.99,1157.27,1156.54,1156.6,383.2035
1656445380000,1156.6,1157.08,1156.47,1156.51,193.8263
1656445440000,1156.51,1156.79,1155.74,1156.67,581.0386
1656445500000,1156.66,1157.63,1155.74,1157.51,572.6855
1656445560000,1157.51,1159.08,1154.29,1154.6,1671.5706
1656445620000,1154.6,1155.28,1151.22,1153.36,1911.5415
1656445680000,1153.37,1155.06,1153.36,1154.16,633.9216
1656445740000,1154.17,1155.66,1153.6,1155.07,1010.661
1656445800000,1155.06,1155.07,1152.87,1153.45,1091.7855
1656445860000,1153.45,1155.43,1152.7,1155.11,603.1645
1656445920000,1155.11,1156.89,1154.6,1154.99,1001.3417
1656445980000,1155.0,1156.88,1154.99,1156.31,809.337
1656446040000,1156.32,1156.99,1156.0,1156.6,620.5195
1656446100000,1156.6,1156.76,1154.11,1154.8,776.3057
1656446160000,1154.79,1155.47,1154.64,1155.43,551.0067
1656446220000,1155.43,1156.78,1155.22,1155.95,509.727
1656446280000,1155.94,1157.61,1155.94,1157.07,673.1348
1656446340000,1157.08,1157.17,1155.77,1156.23,658.2801
1656446400000,1156.22,1160.89,1155.83,1160.64,1811.4001
1656446460000,1160.64,1160.64,1158.16,1158.17,1079.3007
1656446520000,1158.17,1158.63,1157.82,1158.0,432.8496
1656446580000,1158.0,1158.45,1157.19,1158.14,471.8544
1656446640000,1158.15,1159.78,1158.14,1158.99,302.6343
1656446700000,1159.0,1159.15,1156.59,1156.77,541.6088
1656446760000,1156.76,1158.56,1156.26,1157.6,666.8056
1656446820000,1157.6,1158.17,1156.61,1157.04,357.1667
1656446880000,1157.04,1157.58,1156.05,1157.06,834.6291
1656446940000,1157.06,1157.98,1156.78,1157.6,318.0987
1656447000000,1157.6,1157.8,1156.71,1156.71,213.9539
1656447060000,1156.72,1158.0,1156.49,1157.76,307.4808
1656447120000,1157.76,1158.68,1157.75,1158.18,323.5733
1656447180000,1158.18,1160.41,1158.18,1158.9,477.9894
1656447240000,1158.9,1160.22,1158.72,1160.21,205.9016
1656447300000,1160.21,1160.9,1159.56,1160.4,471.6403
1656447360000,1160.4,1160.4,1159.05,1159.28,302.2846
1656447420000,1159.28,1159.91,1158.98,1159.15,111.894
1656447480000,1159.15,1159.68,1158.0,1158.21,418.8953
1656447540000,1158.21,1159.88,1157.88,1159.87,362.2561
1656447600000,1159.88,1160.3,1159.64,1160.09,318.6678
1656447660000,1160.09,1160.1,1157.46,1157.66,554.8676
1656447720000,1157.66,1159.23,1157.65,1159.13,131.5377
1656447780000,1159.12,1160.65,1158.92,1160.61,348.2742
1656447840000,1160.61,1163.86,1159.66,1163.52,3072.995
1656447900000,1163.51,1163.63,1161.92,1161.93,577.1309
1656447960000,1161.92,1163.26,1161.91,1163.17,251.0928
1656448020000,1163.16,1163.42,1162.72,1163.4,450.4232
1656448080000,1163.39,1165.96,1163.12,1164.73,769.8002
1656448140000,1164.73,1165.0,1163.06,1163.37,1228.4887
1656448200000,1163.37,1163.38,1161.99,1162.07,911.1999
1656448260000,1162.07,1162.08,1158.81,1158.98,1202.7016
1656448320000,1158.99,1159.79,1157.7,1157.82,380.77
1656448380000,1157.82,1158.02,1155.0,1155.37,1040.0166
1656448440000,1155.38,1157.11,1154.88,1155.95,1106.6039
1656448500000,1155.96,1156.29,1154.14,1154.49,466.4598
1656448560000,1154.49,1156.12,1154.49,1155.62,594.5565
1656448620000,1155.61,1156.35,1155.52,1156.1,310.0643
1656448680000,1156.1,1159.85,1155.87,1159.29,666.7201
1656448740000,1159.29,1162.2,1159.28,1162.19,845.432
1656448800000,1162.2,1162.43,1160.22,1161.33,617.3123
1656448860000,1161.32,1161.98,1161.32,1161.73,371.7647
1656448920000,1161.72,1162.99,1161.08,1161.47,416.0152
1656448980000,1161.48,1162.04,1161.07,1161.5,274.1881
1656449040000,1161.51,1161.51,1160.57,1160.99,110.6616
1656449100000,1160.99,1162.28,1160.07,1161.23,354.301
1656449160000,1161.24,1161.46,1160.75,1161.11,180.5403
1656449220000,1161.12,1161.12,1160.0,1160.38,309.9858
1656449280000,1160.37,1160.76,1160.16,1160.61,170.1028
1656449340000,1160.61,1161.16,1160.6,1160.82,270.3419
1656449400000,1160.82,1161.07,1160.2,1160.56,230.8795
1656449460000,1160.56,1163.0,1160.55,1163.0,377.1892
1656449520000,1163.0,1163.97,1162.58,1163.81,478.1738
1656449580000,1163.81,1163.82,1162.17,1163.6,402.4272
1656449640000,1163.61,1163.68,1163.19,1163.32,173.3693
1656449700000,1163.33,1163.61,1161.53,1162.0,549.9012
1656449760000,1161.99,1162.82,1161.62,1162.36,196.716
1656449820000,1162.36,1162.37,1161.21,1161.74,190.7396
1656449880000,1161.75,1162.73,1160.92,1161.78,472.5657
1656449940000,1161.77,1162.35,1161.48,1161.75,274.0702
1656450000000,1161.75,1162.19,1161.29,1162.15,168.0372
1656450060000,1162.16,1163.61,1162.15,1163.24,826.4424
1656450120000,1163.23,1163.67,1162.41,1162.41,217.1002
1656450180000,1162.41,1163.05,1162.2,1163.04,126.8657
1656450240000,1163.05,1163.21,1162.64,1163.17,254.8957
1656450300000,1163.17,1163.39,1162.54,1163.01,370.5171
1656450360000,1163.0,1165.24,1163.0,1164.26,1661.8946
1656450420000,1164.25,1164.45,1162.0,1162.35,1427.6199
1656450480000,1162.35,1163.11,1162.19,1162.65,399.3238
1656450540000,1162.65,1163.52,1162.0,1163.25,1030.5044
1656450600000,1163.25,1165.35,1163.0,1165.01,445.989
1656450660000,1165.0,1167.42,1165.0,1166.61,712.1938
1656450720000,1166.62,1166.97,1165.86,1166.18,287.6543
1656450780000,1166.17,1166.18,1165.4,1165.62,324.42
1656450840000,1165.61,1166.0,1165.44,1165.98,284.0066
1656450900000,1165.98,1166.03,1165.2,1166.02,242.8848
1656450960000,1166.03,1166.84,1165.82,1165.91,213.4444
1656451020000,1165.9,1166.16,1164.75,1164.75,563.7323
1656451080000,1164.75,1164.82,1162.09,1162.68,1095.8694
1656451140000,1162.69,1163.73,1162.23,1162.65,615.2713
1656451200000,1162.68,1164.47,1162.57,1164.3,239.0211
1656451260000,1164.29,1165.53,1164.29,1164.8,332.5361
1656451320000,1164.79,1165.8,1164.69,1165.41,186.2337
1656451380000,1165.42,1165.42,1164.08,1164.37,237.2406
1656451440000,1164.37,1165.08,1164.1,1164.25,336.9608
1656451500000,1164.26,1165.09,1164.24,1164.86,135.4749
1656451560000,1164.86,1166.69,1164.84,1165.87,432.6266
1656451620000,1165.86,1165.91,1165.4,1165.72,140.6299
1656451680000,1165.71,1167.28,1165.45,1167.03,245.9791
1656451740000,1167.03,1167.47,1167.02,1167.47,86.7503
1656451800000,1167.47,1168.03,1167.33,1167.96,407.5955
1656451860000,1167.95,1168.35,1167.89,1168.34,249.9808
1656451920000,1168.35,1168.41,1167.66,1167.73,428.8306
1656451980000,1167.73,1167.74,1166.49,1166.88,274.5819
1656452040000,1166.87,1167.03,1166.28,1166.28,150.0222
1656452100000,1166.29,1166.76,1165.54,1166.16,355.7925
1656452160000,1166.16,1166.26,1165.77,1166.26,135.5554
1656452220000,1166.26,1166.88,1166.19,1166.87,103.1459
1656452280000,1166.88,1166.88,1166.14,1166.15,59.0811
1656452340000,1166.15,1166.15,1164.61,1165.18,301.273
1656452400000,1165.18,1165.4,1165.1,1165.24,332.5755
1656452460000,1165.23,1165.77,1165.1,1165.56,172.6491
1656452520000,1165.57,1167.19,1165.54,1167.09,240.0069
1656452580000,1167.09,1167.11,1165.97,1165.99,76.8232
1656452640000,1165.99,1166.01,1165.1,1165.54,125.3751
1656452700000,1165.54,1166.09,1165.54,1165.94,81.8482
1656452760000,1165.94,1165.99,1165.08,1165.15,83.5544
1656452820000,1165.14,1165.55,1165.07,1165.55,43.3427
1656452880000,1165.55,1165.9,1165.25,1165.26,153.2757
1656452940000,1165.26,1165.8,1165.25,1165.8,79.1733
1656453000000,1165.8,1166.12,1165.0,1165.5,251.5193
1656453060000,1165.49,1165.97,1165.49,1165.83,204.5213
1656453120000,1165.82,1166.62,1165.82,1166.27,81.6196
1656453180000,1166.27,1167.31,1166.19,1167.06,102.2186
1656453240000,1167.06,1167.55,1166.88,1166.88,130.2854
1656453300000,1166.88,1167.42,1166.04,1167.34,188.6958
1656453360000,1167.33,1167.49,1166.74,1167.31,176.8606
1656453420000,1167.31,1167.46,1167.21,1167.31,84.1841
1656453480000,1167.3,1168.0,1167.22,1167.86,180.1066
1656453540000,1167.86,1168.1,1167.22,1167.22,179.8857
1656453600000,1167.23,1167.23,1165.77,1166.31,691.3732
1656453660000,1166.31,1166.55,1166.25,1166.55,119.6835
1656453720000,1166.54,1166.55,1165.63,1165.74,276.457
1656453780000,1165.73,1166.12,1165.5,1165.57,590.4285
1656453840000,1165.58,1166.98,1165.58,1166.26,345.3374
1656453900000,1166.26,1167.79,1165.46,1167.28,931.855
1656453960000,1167.27,1167.28,1165.17,1165.6,604.5219
1656454020000,1165.6,1165.65,1160.52,1161.04,1228.5922
1656454080000,1161.03,1161.55,1160.0,1160.18,2298.3321
1656454140000,1160.18,1162.65,1160.17,1162.51,1584.8949
1656454200000,1162.5,1162.91,1161.68,1162.56,336.7219
1656454260000,1162.56,1162.67,1161.56,1162.64,366.4805
1656454320000,1162.63,1164.53,1162.21,1164.12,686.9721
1656454380000,1164.12,1164.88,1163.21,1164.87,614.5913
1656454440000,1164.87,1164.88,1163.88,1164.16,469.3914
1656454500000,1164.15,1164.16,1162.48,1163.27,300.9313
1656454560000,1163.27,1164.33,1162.81,1163.74,269.5135
1656454620000,1163.74,1163.84,1162.51,1162.51,259.2511
1656454680000,1162.52,1163.49,1162.51,1163.42,183.5046
1656454740000,1163.42,1164.1,1162.14,1163.99,601.2843
1656454800000,1163.98,1165.29,1163.79,1165.29,523.0598
1656454860000,1165.29,1166.2,1164.99,1165.38,411.1128
1656454920000,1165.42,1165.42,1161.37,1161.42,568.4662
1656454980000,1161.42,1162.49,1161.33,1162.48,236.4627
1656455040000,1162.48,1163.99,1162.06,1163.45,302.9418
1656455100000,1163.44,1163.59,1162.4,1163.28,340.2465
1656455160000,1163.29,1164.44,1162.99,1163.45,309.3648
1656455220000,1163.46,1163.46,1162.1,1162.64,322.9251
1656455280000,1162.64,1163.66,1162.41,1162.74,229.8398
1656455340000,1162.73,1162.74,1161.6,1162.66,379.262
1656455400000,1162.65,1163.0,1162.13,1162.86,210.7796
1656455460000,1162.86,1163.65,1160.17,1160.17,342.1703
1656455520000,1160.17,1160.8,1156.51,1156.63,1972.8037
1656455580000,1156.63,1156.64,1147.0,1150.74,8226.1004
1656455640000,1150.74,1155.2,1150.68,1153.61,926.3857
1656455700000,1153.6,1156.0,1153.6,1155.29,530.0296
1656455760000,1155.28,1157.41,1155.28,1156.8,1680.2663
1656455820000,1156.8,1157.58,1156.51,1156.97,339.974
1656455880000,1156.97,1156.97,1154.47,1155.45,402.6001
1656455940000,1155.46,1157.57,1154.95,1156.84,323.5095
1656456000000,1156.85,1157.17,1154.89,1155.85,176.9972
1656456060000,1155.86,1156.45,1155.85,1156.03,141.1011
1656456120000,1156.03,1156.07,1154.54,1154.79,236.6088
1656456180000,1154.78,1154.83,1152.47,1154.13,381.896
1656456240000,1154.14,1154.75,1151.46,1151.7,727.9218
1656456300000,1151.7,1152.06,1149.06,1151.82,594.5011
1656456360000,1151.82,1152.62,1151.01,1151.17,294.0535
1656456420000,1151.17,1151.4,1148.61,1149.86,469.3175
1656456480000,1149.85,1150.24,1145.52,1150.23,2491.5884
1656456540000,1150.23,1151.01,1150.01,1150.53,1152.0492
1656456600000,1150.52,1153.16,1150.41,1152.41,799.4296
1656456660000,1152.4,1153.72,1152.4,1153.29,193.5562
1656456720000,1153.28,1155.0,1152.64,1152.64,255.3013
1656456780000,1152.65,1154.05,1152.48,1153.81,239.7642
1656456840000,1153.82,1154.21,1151.6,1151.6,351.5159
1656456900000,1151.61,1153.21,1151.26,1151.82,182.7954
1656456960000,1151.81,1152.37,1150.43,1150.8,209.7876
1656457020000,1150.8,1151.34,1148.64,1148.78,209.8574
1656457080000,1148.78,1149.78,1148.51,1149.05,291.4716
1656457140000,1149.04,1149.46,1147.67,1148.25,458.0053
1656457200000,1148.26,1148.5,1147.46,1147.46,431.4118
1656457260000,1147.46,1150.19,1146.8,1146.88,1584.6848
1656457320000,1146.88,1146.89,1142.04,1146.45,3321.0129
1656457380000,1146.45,1146.46,1143.54,1144.47,651.2473
1656457440000,1144.48,1146.5,1144.48,1146.0,422.1575
1656457500000,1146.01,1147.69,1146.0,1146.31,439.2558
1656457560000,1146.3,1146.61,1143.99,1145.66,1135.4182
1656457620000,1145.66,1148.45,1145.06,1145.26,784.8331
1656457680000,1145.25,1146.83,1145.2,1146.05,553.0689
1656457740000,1146.06,1146.99,1144.79,1144.88,489.9498
1656457800000,1144.87,1146.05,1144.46,1144.69,490.0494
1656457860000,1144.69,1148.15,1144.68,1147.72,948.7752
1656457920000,1147.72,1148.46,1146.89,1147.23,490.3206
1656457980000,1147.23,1148.95,1146.96,1148.75,618.5395
1656458040000,1148.74,1149.95,1148.1,1148.11,819.592
1656458100000,1148.1,1148.52,1147.4,1148.1,373.2968
1656458160000,1148.11,1148.11,1145.4,1146.64,401.4773
1656458220000,1146.64,1146.93,1144.27,1144.94,938.6968
1656458280000,1144.88,1145.9,1144.59,1145.01,391.0798
1656458340000,1145.01,1146.12,1144.86,1145.87,185.1501
1656458400000,1145.87,1147.27,1145.76,1146.43,398.8829
1656458460000,1146.42,1148.28,1146.03,1147.85,437.3454
1656458520000,1147.85,1149.53,1147.13,1149.08,510.5195
1656458580000,1149.08,1151.13,1148.78,1150.39,503.6183
1656458640000,1150.38,1151.85,1150.38,1151.15,431.6328
1656458700000,1151.16,1151.19,1148.83,1149.94,514.124
1656458760000,1149.95,1150.45,1149.04,1149.73,237.6581
1656458820000,1149.73,1151.49,1149.67,1151.48,510.8531
1656458880000,1151.48,1151.49,1150.75,1151.06,378.2583
1656458940000,1151.07,1151.14,1149.63,1150.75,362.0798
1656459000000,1150.74,1151.97,1149.83,1149.83,369.481
1656459060000,1149.84,1149.93,1148.63,1148.77,575.2315
1656459120000,1148.78,1148.96,1147.7,1148.33,258.1525
1656459180000,1148.33,1148.7,1147.49,1147.61,187.8698
1656459240000,1147.6,1147.61,1145.62,1146.25,445.5979
1656459300000,1146.24,1147.19,1145.57,1145.61,703.3439
1656459360000,1145.6,1147.14,1142.2,1143.48,3176.4006
1656459420000,1143.33,1143.45,1138.38,1142.24,5067.1393
1656459480000,1142.24,1142.87,1140.98,1141.04,1044.0531
1656459540000,1141.03,1142.8,1140.0,1141.97,1386.4927
1656459600000,1141.98,1142.39,1140.0,1142.38,1194.4219
1656459660000,1142.39,1142.7,1141.14,1142.36,1035.3891
1656459720000,1142.37,1144.34,1141.96,1143.84,785.6937
1656459780000,1143.85,1144.09,1141.83,1142.01,345.047
1656459840000,1142.02,1142.02,1139.69,1140.33,854.8801
1656459900000,1140.33,1141.77,1138.79,1141.6,711.9179
1656459960000,1141.59,1142.09,1141.11,1141.92,287.4209
1656460020000,1141.92,1142.87,1140.85,1141.35,347.7713
1656460080000,1141.35,1141.6,1140.23,1141.21,133.8113
1656460140000,1141.2,1141.21,1139.13,1139.64,817.9415
1656460200000,1139.64,1139.67,1136.32,1139.25,1792.79
1656460260000,1139.24,1143.0,1138.46,1142.35,1136.7228
1656460320000,1142.35,1143.85,1141.66,1143.57,576.7456
1656460380000,1143.57,1144.46,1142.61,1142.61,394.2691
1656460440000,1142.62,1145.12,1142.41,1145.05,1041.0467
1656460500000,1145.04,1145.05,1143.95,1144.06,324.2876
1656460560000,1144.07,1144.77,1143.13,1143.29,392.3638
1656460620000,1143.3,1145.24,1143.29,1144.44,454.6142
1656460680000,1144.45,1144.56,1143.96,1144.55,150.8356
1656460740000,1144.56,1145.04,1143.13,1144.05,319.2727
1656460800000,1144.05,1144.57,1143.24,1143.63,921.4118
