timestamp,open,high,low,close,volume
1661904000000,0.2917,0.2925,0.2917,0.2924,59097.0
1661904060000,0.2923,0.2925,0.2922,0.2922,41432.0
1661904120000,0.2921,0.2922,0.292,0.2922,11870.0
1661904180000,0.2922,0.2922,0.2919,0.2919,2941.0
1661904240000,0.2921,0.293,0.2921,0.2929,37791.0
1661904300000,0.2929,0.2939,0.2929,0.2936,45076.0
1661904360000,0.2935,0.2937,0.2935,0.2937,7477.0
1661904420000,0.2938,0.2939,0.2938,0.2938,12337.0
1661904480000,0.2938,0.2947,0.2938,0.2947,16617.0
1661904540000,0.2947,0.2948,0.2939,0.2942,70204.0
1661904600000,0.294,0.2943,0.294,0.2943,13618.0
1661904660000,0.2943,0.2943,0.2941,0.2941,36387.0
1661904720000,0.2941,0.2944,0.2941,0.2944,3978.0
1661904780000,0.2945,0.2945,0.2943,0.2943,2845.0
1661904840000,0.2942,0.2945,0.2941,0.2945,11679.0
1661904900000,0.2945,0.2947,0.2945,0.2946,7527.0
1661904960000,0.2947,0.2947,0.2945,0.2945,2400.0
1661905020000,0.2945,0.2946,0.2944,0.2946,2754.0
1661905080000,0.2946,0.2946,0.2943,0.2943,11348.0
1661905140000,0.2942,0.2942,0.2938,0.294,41772.0
1661905200000,0.2942,0.2942,0.2941,0.2941,4210.0
1661905260000,0.2943,0.2943,0.2943,0.2943,85.0
1661905320000,0.2942,0.2942,0.294,0.2942,16286.0
1661905380000,0.2942,0.2945,0.2942,0.2944,4312.0
1661905440000,0.2944,0.2951,0.2944,0.2951,21802.0
1661905500000,0.2951,0.2954,0.295,0.2951,23682.0
1661905560000,0.295,0.2953,0.295,0.2952,16115.0
1661905620000,0.2952,0.2955,0.2952,0.2954,12029.0
1661905680000,0.2955,0.296,0.2955,0.2958,29636.0
1661905740000,0.2959,0.2959,0.2956,0.2956,11184.0
1661905800000,0.2958,0.296,0.2958,0.296,40462.0
1661905860000,0.2961,0.2965,0.2961,0.2965,7748.0
1661905920000,0.2965,0.2965,0.2963,0.2964,10434.0
1661905980000,0.2963,0.2963,0.2958,0.296,26082.0
1661906040000,0.2959,0.296,0.2958,0.2958,7413.0
1661906100000,0.2959,0.296,0.2959,0.296,427.0
1661906160000,0.2959,0.2959,0.2958,0.2958,5885.0
1661906220000,0.2957,0.2957,0.2954,0.2956,18198.0
1661906280000,0.2956,0.2956,0.2956,0.2956,445.0
1661906340000,0.2957,0.2958,0.2956,0.2957,4145.0
1661906400000,0.2957,0.2959,0.2956,0.2959,7039.0
1661906460000,0.2959,0.2959,0.2954,0.2954,3434.0
1661906520000,0.2953,0.296,0.2953,0.296,6395.0
1661906580000,0.296,0.296,0.2956,0.2957,6862.0
1661906640000,0.2958,0.296,0.2958,0.296,1041.0
1661906700000,0.2959,0.2959,0.2958,0.2958,288.0
1661906760000,0.2959,0.296,0.2959,0.296,706.0
1661906820000,0.2959,0.2959,0.2958,0.2958,1831.0
1661906880000,0.2956,0.2956,0.2955,0.2955,1165.0
1661906940000,0.2956,0.2958,0.2956,0.2956,2507.0
1661907000000,0.2957,0.2959,0.2957,0.2958,173.0
1661907060000,0.2958,0.2958,0.2954,0.2954,6705.0
1661907120000,0.2954,0.2955,0.2953,0.2953,502.0
1661907180000,0.2953,0.2955,0.2952,0.2955,19197.0
1661907240000,0.2956,0.2959,0.2956,0.2959,15182.0
1661907300000,0.2959,0.2959,0.2959,0.2959,1789.0
1661907360000,0.2958,0.2958,0.2956,0.2957,1013.0
1661907420000,0.2957,0.2958,0.2956,0.2957,4132.0
1661907480000,0.2958,0.2959,0.2953,0.2954,1178.0
1661907540000,0.2953,0.2956,0.2953,0.2955,4321.0
1661907600000,0.2956,0.2956,0.2955,0.2956,17499.0
1661907660000,0.2955,0.2956,0.2953,0.2955,11142.0
1661907720000,0.2954,0.2954,0.2951,0.2952,1644.0
1661907780000,0.2951,0.2953,0.295,0.2952,34933.0
1661907840000,0.2952,0.2952,0.295,0.295,2552.0
1661907900000,0.2949,0.2953,0.2948,0.2953,4104.0
1661907960000,0.2952,0.2958,0.2952,0.2958,20826.0
1661908020000,0.2958,0.2963,0.2958,0.2962,12576.0
1661908080000,0.2962,0.2962,0.296,0.296,3061.0
1661908140000,0.2961,0.2963,0.2961,0.2961,5156.0
1661908200000,0.2961,0.2962,0.2959,0.2961,4581.0
1661908260000,0.2959,0.296,0.2958,0.296,7943.0
1661908320000,0.2959,0.2962,0.2959,0.2962,2700.0
1661908380000,0.2962,0.2964,0.2962,0.2963,4117.0
1661908440000,0.2963,0.2964,0.2963,0.2964,6637.0
1661908500000,0.2965,0.2965,0.2963,0.2963,10997.0
1661908560000,0.2963,0.2968,0.2963,0.2965,40736.0
1661908620000,0.2967,0.2968,0.2964,0.2968,8890.0
1661908680000,0.2968,0.2968,0.2962,0.2964,13414.0
1661908740000,0.2962,0.2964,0.2962,0.2962,17699.0
1661908800000,0.2962,0.2965,0.2962,0.2965,27473.0
1661908860000,0.2966,0.2968,0.2965,0.2968,9835.0
1661908920000,0.2967,0.2967,0.2965,0.2965,5568.0
1661908980000,0.2967,0.2968,0.2967,0.2968,2970.0
1661909040000,0.2968,0.297,0.2968,0.297,79728.0
1661909100000,0.2971,0.2972,0.297,0.297,3904.0
1661909160000,0.2969,0.2969,0.2963,0.2964,35654.0
1661909220000,0.2964,0.2965,0.2964,0.2965,29787.0
1661909280000,0.2965,0.2966,0.2965,0.2966,555.0
1661909340000,0.2965,0.2965,0.2963,0.2964,5134.0
1661909400000,0.2965,0.2966,0.2965,0.2965,16961.0
1661909460000,0.2965,0.2969,0.2963,0.2969,21302.0
1661909520000,0.2968,0.2968,0.2968,0.2968,1200.0
1661909580000,0.2969,0.2971,0.2969,0.2971,876.0
1661909640000,0.2971,0.2971,0.297,0.297,1052.0
1661909700000,0.2971,0.2981,0.2971,0.2977,43787.0
1661909760000,0.2979,0.2986,0.2979,0.2983,44780.0
1661909820000,0.2983,0.2986,0.2977,0.2981,103011.0
1661909880000,0.298,0.2985,0.298,0.2984,10398.0
1661909940000,0.2983,0.2988,0.2978,0.2978,27061.0
1661910000000,0.298,0.2982,0.2974,0.2974,41414.0
1661910060000,0.2974,0.2977,0.2969,0.2971,137878.0
1661910120000,0.2972,0.2972,0.2966,0.2966,28704.0
1661910180000,0.2966,0.2966,0.2964,0.2965,10158.0
1661910240000,0.2965,0.2965,0.2963,0.2963,1886.0
1661910300000,0.2964,0.2965,0.2958,0.2958,4539.0
1661910360000,0.2958,0.296,0.2958,0.296,1543.0
1661910420000,0.2961,0.2967,0.2961,0.2965,24059.0
1661910480000,0.2964,0.2967,0.2963,0.2963,11448.0
1661910540000,0.2963,0.2964,0.2963,0.2963,23535.0
1661910600000,0.2963,0.2963,0.2961,0.2961,807.0
1661910660000,0.296,0.2961,0.296,0.2961,5530.0
1661910720000,0.2963,0.2963,0.296,0.2961,18998.0
1661910780000,0.2962,0.2963,0.2962,0.2962,11972.0
1661910840000,0.2962,0.2962,0.2958,0.2958,8005.0
1661910900000,0.2959,0.2961,0.2959,0.2961,2963.0
1661910960000,0.296,0.296,0.296,0.296,781.0
1661911020000,0.296,0.2961,0.296,0.2961,4344.0
1661911080000,0.2961,0.2961,0.296,0.2961,24894.0
1661911140000,0.2961,0.2961,0.2959,0.296,3216.0
1661911200000,0.2962,0.2967,0.2962,0.2967,149519.0
1661911260000,0.2967,0.2968,0.2966,0.2966,54143.0
1661911320000,0.2967,0.2968,0.2967,0.2968,11250.0
1661911380000,0.2969,0.2969,0.2969,0.2969,20936.0
1661911440000,0.2969,0.2971,0.2969,0.297,9385.0
1661911500000,0.2972,0.2975,0.2971,0.2975,26859.0
1661911560000,0.2974,0.2974,0.2972,0.2974,12052.0
1661911620000,0.2972,0.2972,0.2971,0.2972,13276.0
1661911680000,0.2971,0.2973,0.2971,0.2971,4263.0
1661911740000,0.2971,0.2971,0.2969,0.2969,12560.0
1661911800000,0.2969,0.2969,0.2968,0.2969,6656.0
1661911860000,0.2968,0.2969,0.2968,0.2969,3709.0
1661911920000,0.297,0.2971,0.297,0.2971,6412.0
1661911980000,0.2971,0.2976,0.2971,0.2975,8990.0
1661912040000,0.2976,0.2977,0.2976,0.2977,5868.0
1661912100000,0.2976,0.2976,0.2974,0.2974,12385.0
1661912160000,0.2975,0.2976,0.2974,0.2974,1864.0
1661912220000,0.2974,0.2976,0.2973,0.2976,3758.0
1661912280000,0.2976,0.2977,0.2976,0.2976,8481.0
1661912340000,0.2977,0.2978,0.2977,0.2978,8849.0
1661912400000,0.2978,0.2981,0.2978,0.2981,10530.0
1661912460000,0.2981,0.2985,0.2981,0.2983,18060.0
1661912520000,0.2982,0.2983,0.298,0.298,15267.0
1661912580000,0.298,0.2982,0.298,0.2982,8908.0
1661912640000,0.2981,0.2985,0.2981,0.2985,59549.0
1661912700000,0.2982,0.2982,0.2982,0.2982,1797.0
1661912760000,0.2982,0.2982,0.2982,0.2982,1613.0
1661912820000,0.2983,0.2983,0.2982,0.2982,4646.0
1661912880000,0.2981,0.2981,0.2981,0.2981,245.0
1661912940000,0.2981,0.2981,0.2978,0.2978,1920.0
1661913000000,0.2978,0.2979,0.2977,0.2979,7040.0
1661913060000,0.2979,0.298,0.2979,0.298,57502.0
1661913120000,0.298,0.298,0.298,0.298,11720.0
1661913180000,0.298,0.2983,0.2979,0.2979,26799.0
1661913240000,0.2978,0.2979,0.2978,0.2979,4585.0
1661913300000,0.2979,0.2979,0.2978,0.2978,5399.0
1661913360000,0.2978,0.2983,0.2978,0.298,61563.0
1661913420000,0.2979,0.2983,0.2979,0.2981,27269.0
1661913480000,0.2981,0.2981,0.298,0.298,2146.0
1661913540000,0.2979,0.2979,0.2978,0.2978,5344.0
1661913600000,0.2979,0.298,0.2979,0.298,1231.0
1661913660000,0.298,0.298,0.2978,0.2979,7912.0
1661913720000,0.2978,0.2978,0.2978,0.2978,3998.0
1661913780000,0.2978,0.2978,0.2977,0.2978,2181.0
1661913840000,0.2977,0.2978,0.2977,0.2978,2364.0
1661913900000,0.2979,0.2979,0.2979,0.2979,714.0
1661913960000,0.298,0.2983,0.298,0.2983,18764.0
1661914020000,0.2983,0.2989,0.2983,0.2988,15138.0
1661914080000,0.2988,0.2988,0.2986,0.2986,10483.0
1661914140000,0.2985,0.2985,0.2985,0.2985,167.0
1661914200000,0.2984,0.2984,0.2981,0.2981,6602.0
1661914260000,0.2981,0.2981,0.2979,0.2979,8801.0
1661914320000,0.2978,0.2979,0.2978,0.2978,3327.0
1661914380000,0.2979,0.2979,0.2976,0.2976,3168.0
1661914440000,0.2976,0.2976,0.2974,0.2974,5320.0
1661914500000,0.2975,0.2975,0.2974,0.2974,3456.0
1661914560000,0.2974,0.2977,0.2974,0.2977,5488.0
1661914620000,0.2977,0.2978,0.2977,0.2978,4649.0
1661914680000,0.2977,0.2977,0.2976,0.2977,6833.0
1661914740000,0.2977,0.2977,0.2975,0.2975,3775.0
1661914800000,0.2976,0.2977,0.2975,0.2977,14934.0
1661914860000,0.2976,0.2979,0.2976,0.2979,1591.0
1661914920000,0.2979,0.2979,0.2979,0.2979,13055.0
1661914980000,0.2978,0.2978,0.2977,0.2977,2999.0
1661915040000,0.2976,0.2976,0.2976,0.2976,3349.0
1661915100000,0.2975,0.2977,0.2974,0.2977,12776.0
1661915160000,0.2977,0.2978,0.2977,0.2978,5723.0
1661915220000,0.2978,0.2978,0.2976,0.2976,1092.0
1661915280000,0.2976,0.2976,0.2976,0.2976,1550.0
1661915340000,0.2976,0.2976,0.2975,0.2975,2467.0
1661915400000,0.2974,0.2975,0.2974,0.2975,3242.0
1661915460000,0.2977,0.2977,0.2977,0.2977,12902.0
1661915520000,0.2977,0.2979,0.2977,0.2979,8892.0
1661915580000,0.2979,0.2979,0.2979,0.2979,0.0
1661915640000,0.2979,0.2979,0.2977,0.2977,3440.0
1661915700000,0.2976,0.2977,0.2976,0.2977,1685.0
1661915760000,0.2979,0.2984,0.2979,0.2983,61286.0
1661915820000,0.2983,0.2983,0.2981,0.2982,4130.0
1661915880000,0.2982,0.2983,0.2982,0.2983,4183.0
1661915940000,0.2983,0.2983,0.2981,0.2981,3499.0
1661916000000,0.2981,0.2983,0.2981,0.2982,2436.0
1661916060000,0.2982,0.2984,0.2982,0.2984,29037.0
1661916120000,0.2985,0.2986,0.2985,0.2986,20832.0
1661916180000,0.2987,0.2987,0.2985,0.2987,9573.0
1661916240000,0.2988,0.2999,0.2988,0.2998,155647.0
1661916300000,0.2997,0.2998,0.2994,0.2994,33193.0
1661916360000,0.2993,0.2993,0.2987,0.2989,15011.0
1661916420000,0.2988,0.2988,0.2988,0.2988,3010.0
1661916480000,0.2987,0.2988,0.2985,0.2987,16504.0
1661916540000,0.2987,0.2991,0.2987,0.2991,5360.0
1661916600000,0.2992,0.2992,0.2991,0.2991,2406.0
1661916660000,0.2989,0.2991,0.2989,0.299,7034.0
1661916720000,0.2991,0.2991,0.299,0.299,5569.0
1661916780000,0.2991,0.2992,0.299,0.299,1665.0
1661916840000,0.2991,0.2992,0.2991,0.2992,617.0
1661916900000,0.2992,0.2992,0.2992,0.2992,240.0
1661916960000,0.2992,0.2993,0.2992,0.2993,4458.0
1661917020000,0.2993,0.2993,0.2991,0.2991,4896.0
1661917080000,0.2992,0.2993,0.2992,0.2993,1269.0
1661917140000,0.2993,0.2993,0.2993,0.2993,70.0
1661917200000,0.2991,0.2993,0.299,0.2993,3690.0
1661917260000,0.299,0.299,0.299,0.299,1199.0
1661917320000,0.2989,0.2991,0.2989,0.2991,1535.0
1661917380000,0.2991,0.2991,0.299,0.299,208.0
1661917440000,0.299,0.299,0.299,0.299,0.0
1661917500000,0.2989,0.2989,0.2987,0.2987,3625.0
1661917560000,0.2988,0.2989,0.2988,0.2988,3060.0
1661917620000,0.2987,0.2987,0.2986,0.2987,1565.0
1661917680000,0.2988,0.2988,0.2984,0.2984,8705.0
1661917740000,0.2983,0.2984,0.2983,0.2984,9729.0
1661917800000,0.2985,0.2985,0.2979,0.298,43879.0
1661917860000,0.2981,0.2982,0.298,0.298,11213.0
1661917920000,0.2981,0.2981,0.2979,0.2979,38652.0
1661917980000,0.298,0.298,0.2979,0.2979,2255.0
1661918040000,0.2977,0.2978,0.2977,0.2978,299.0
1661918100000,0.2977,0.2979,0.2977,0.2979,4095.0
1661918160000,0.298,0.298,0.2978,0.298,11863.0
1661918220000,0.298,0.298,0.2977,0.2977,1764.0
1661918280000,0.2977,0.2977,0.2977,0.2977,953.0
1661918340000,0.2978,0.2981,0.2978,0.298,45109.0
1661918400000,0.2981,0.2982,0.298,0.2982,8266.0
1661918460000,0.2983,0.2985,0.2982,0.2985,4931.0
1661918520000,0.2986,0.2986,0.2984,0.2985,6022.0
1661918580000,0.2985,0.299,0.2985,0.2989,7140.0
1661918640000,0.2989,0.2989,0.2989,0.2989,10280.0
1661918700000,0.2988,0.2989,0.2987,0.2987,7222.0
1661918760000,0.2987,0.2987,0.2987,0.2987,3349.0
1661918820000,0.2986,0.2987,0.2986,0.2987,6294.0
1661918880000,0.2986,0.2986,0.2985,0.2985,2293.0
1661918940000,0.2984,0.2984,0.2979,0.298,88579.0
1661919000000,0.2981,0.2983,0.298,0.2982,12682.0
1661919060000,0.2981,0.2981,0.2976,0.2979,33146.0
1661919120000,0.2979,0.2979,0.2977,0.2977,2271.0
1661919180000,0.2978,0.2979,0.2978,0.2978,4955.0
1661919240000,0.2979,0.298,0.2978,0.2978,2658.0
1661919300000,0.2978,0.2978,0.2977,0.2978,5085.0
1661919360000,0.2978,0.2982,0.2978,0.2982,17118.0
1661919420000,0.2982,0.2982,0.2978,0.298,15789.0
1661919480000,0.298,0.298,0.2977,0.2978,5116.0
1661919540000,0.2978,0.298,0.2978,0.2978,20397.0
1661919600000,0.2978,0.2979,0.2977,0.2977,6515.0
1661919660000,0.2978,0.2979,0.2978,0.2979,9064.0
1661919720000,0.2979,0.2979,0.2978,0.2978,1343.0
1661919780000,0.2978,0.2978,0.2977,0.2977,3461.0
1661919840000,0.2977,0.2977,0.2975,0.2975,4547.0
1661919900000,0.2976,0.2976,0.2975,0.2976,9642.0
1661919960000,0.2977,0.298,0.2977,0.298,21097.0
1661920020000,0.2979,0.2982,0.2979,0.298,20851.0
1661920080000,0.298,0.298,0.2978,0.2978,4189.0
1661920140000,0.2977,0.2979,0.2977,0.2978,18772.0
1661920200000,0.2978,0.2978,0.2976,0.2976,3000.0
1661920260000,0.2975,0.2978,0.2975,0.2978,8216.0
1661920320000,0.2979,0.2979,0.2978,0.2978,658.0
1661920380000,0.2979,0.2979,0.2978,0.2978,1728.0
1661920440000,0.2978,0.2979,0.2977,0.2977,4302.0
1661920500000,0.2979,0.2984,0.2979,0.2984,38884.0
1661920560000,0.2983,0.2988,0.2983,0.2987,13887.0
1661920620000,0.2987,0.2987,0.2983,0.2983,19636.0
1661920680000,0.2984,0.2984,0.2982,0.2983,2705.0
1661920740000,0.2983,0.2983,0.2983,0.2983,5104.0
1661920800000,0.2983,0.2984,0.2983,0.2983,1129.0
1661920860000,0.2984,0.2986,0.2984,0.2986,2379.0
1661920920000,0.2985,0.2985,0.2984,0.2984,3193.0
1661920980000,0.2983,0.2984,0.2983,0.2984,8175.0
1661921040000,0.2984,0.2984,0.2983,0.2983,1411.0
1661921100000,0.2982,0.2982,0.2981,0.2981,1193.0
1661921160000,0.2982,0.2982,0.2981,0.2981,270.0
1661921220000,0.298,0.2982,0.298,0.2982,1035.0
1661921280000,0.2982,0.2982,0.2979,0.2979,233.0
1661921340000,0.2979,0.298,0.2978,0.2978,11071.0
1661921400000,0.2979,0.2979,0.2976,0.2976,648.0
1661921460000,0.2978,0.2979,0.2977,0.2978,8750.0
1661921520000,0.2979,0.2979,0.2979,0.2979,4404.0
1661921580000,0.2979,0.2979,0.2978,0.2979,1931.0
1661921640000,0.2978,0.2978,0.2977,0.2977,17259.0
1661921700000,0.2977,0.2977,0.2976,0.2977,645.0
1661921760000,0.2978,0.2979,0.2978,0.2979,2598.0
1661921820000,0.2978,0.2978,0.2978,0.2978,893.0
1661921880000,0.2977,0.2978,0.2977,0.2977,1559.0
1661921940000,0.2977,0.2978,0.2977,0.2978,1349.0
1661922000000,0.2978,0.2982,0.2978,0.2982,21907.0
1661922060000,0.2981,0.2984,0.2981,0.2984,8910.0
1661922120000,0.2983,0.2984,0.2982,0.2983,13618.0
1661922180000,0.2983,0.2983,0.2982,0.2982,5159.0
1661922240000,0.2981,0.2981,0.298,0.298,29998.0
1661922300000,0.2979,0.2982,0.2979,0.2981,5059.0
1661922360000,0.2983,0.2984,0.2983,0.2984,1459.0
1661922420000,0.2983,0.2985,0.2983,0.2983,13592.0
1661922480000,0.2984,0.2986,0.2984,0.2985,15058.0
1661922540000,0.2985,0.2985,0.2981,0.2982,13312.0
1661922600000,0.2982,0.2982,0.298,0.298,2962.0
1661922660000,0.2979,0.2982,0.2979,0.2982,6080.0
1661922720000,0.2983,0.2983,0.2983,0.2983,4258.0
1661922780000,0.2984,0.2984,0.2983,0.2984,2738.0
1661922840000,0.2984,0.2986,0.2984,0.2984,2199.0
1661922900000,0.2984,0.2984,0.2982,0.2983,19774.0
1661922960000,0.2983,0.2987,0.2983,0.2986,7556.0
1661923020000,0.2986,0.2987,0.2985,0.2987,29768.0
1661923080000,0.2986,0.2986,0.2986,0.2986,77.0
1661923140000,0.2986,0.2986,0.2985,0.2985,1266.0
1661923200000,0.2985,0.2985,0.2985,0.2985,1039.0
1661923260000,0.2986,0.2987,0.2986,0.2987,1046.0
1661923320000,0.2986,0.2986,0.2985,0.2986,2247.0
1661923380000,0.2985,0.2985,0.2985,0.2985,1394.0
1661923440000,0.2988,0.2988,0.2985,0.2985,6719.0
1661923500000,0.2986,0.2989,0.2985,0.2989,963.0
1661923560000,0.2989,0.2989,0.2988,0.2989,7574.0
1661923620000,0.2989,0.2989,0.2988,0.2988,8946.0
1661923680000,0.2987,0.2987,0.2986,0.2987,5105.0
1661923740000,0.2986,0.2988,0.2986,0.2988,29954.0
1661923800000,0.2988,0.2991,0.2988,0.299,35192.0
1661923860000,0.299,0.2993,0.299,0.2992,4261.0
1661923920000,0.2993,0.2994,0.2993,0.2993,19898.0
1661923980000,0.2994,0.2994,0.2994,0.2994,409.0
1661924040000,0.2994,0.2995,0.2994,0.2995,7974.0
1661924100000,0.2994,0.2994,0.2994,0.2994,3650.0
1661924160000,0.2994,0.2995,0.2994,0.2995,7971.0
1661924220000,0.2995,0.2995,0.2994,0.2994,3226.0
1661924280000,0.2995,0.2995,0.2994,0.2995,873.0
1661924340000,0.2995,0.2995,0.2995,0.2995,5608.0
1661924400000,0.2994,0.2994,0.2994,0.2994,1360.0
1661924460000,0.2994,0.2995,0.2994,0.2994,2720.0
1661924520000,0.2994,0.2995,0.2994,0.2994,10968.0
1661924580000,0.2994,0.2994,0.2991,0.2991,9717.0
1661924640000,0.299,0.299,0.2989,0.2989,8639.0
1661924700000,0.2988,0.2989,0.2988,0.2989,4532.0
1661924760000,0.299,0.2991,0.299,0.2991,14273.0
1661924820000,0.2991,0.2991,0.2988,0.2988,4968.0
1661924880000,0.2987,0.2988,0.2987,0.2987,5209.0
1661924940000,0.2986,0.2986,0.2984,0.2984,4172.0
1661925000000,0.2983,0.2986,0.2983,0.2985,4272.0
1661925060000,0.2986,0.2988,0.2985,0.2988,11632.0
1661925120000,0.2987,0.2987,0.2987,0.2987,1962.0
1661925180000,0.2986,0.2987,0.2985,0.2985,6152.0
1661925240000,0.2985,0.2985,0.2984,0.2984,1712.0
1661925300000,0.2985,0.2986,0.2985,0.2986,4683.0
1661925360000,0.2986,0.2987,0.2986,0.2986,5093.0
1661925420000,0.2985,0.2987,0.2985,0.2987,680.0
1661925480000,0.2987,0.2988,0.2986,0.2987,10477.0
1661925540000,0.2987,0.2988,0.2987,0.2988,3018.0
1661925600000,0.2989,0.2996,0.2989,0.2995,25846.0
1661925660000,0.2995,0.2995,0.2993,0.2993,11206.0
1661925720000,0.2994,0.2995,0.2994,0.2995,10831.0
1661925780000,0.2994,0.2994,0.299,0.299,11508.0
1661925840000,0.299,0.2995,0.299,0.2995,29591.0
1661925900000,0.2996,0.2997,0.2995,0.2997,5290.0
1661925960000,0.2997,0.3003,0.2997,0.3002,39861.0
1661926020000,0.3002,0.3004,0.3,0.3003,54563.0
1661926080000,0.3002,0.3002,0.3,0.3002,10502.0
1661926140000,0.3003,0.3003,0.3002,0.3003,10510.0
1661926200000,0.3003,0.3005,0.3003,0.3004,5712.0
1661926260000,0.3004,0.3004,0.3003,0.3004,6218.0
1661926320000,0.3005,0.3009,0.3005,0.3009,11512.0
1661926380000,0.3009,0.3012,0.3007,0.3008,85933.0
1661926440000,0.3007,0.3007,0.3003,0.3004,30528.0
1661926500000,0.3004,0.3004,0.2998,0.2998,21374.0
1661926560000,0.2997,0.2999,0.2997,0.2998,9394.0
1661926620000,0.2998,0.2998,0.2996,0.2997,30690.0
1661926680000,0.2997,0.2997,0.2991,0.2991,17844.0
1661926740000,0.2991,0.2991,0.2985,0.2985,47070.0
1661926800000,0.2986,0.299,0.2986,0.299,10428.0
1661926860000,0.2989,0.2995,0.2988,0.2995,30640.0
1661926920000,0.2994,0.2994,0.2985,0.2989,172138.0
1661926980000,0.2988,0.2988,0.2986,0.2988,34734.0
1661927040000,0.2987,0.2987,0.2983,0.2983,13275.0
1661927100000,0.2984,0.2984,0.298,0.2981,54219.0
1661927160000,0.2982,0.2984,0.2982,0.2984,6626.0
1661927220000,0.2984,0.2985,0.2982,0.2983,75108.0
1661927280000,0.2983,0.2983,0.2981,0.2982,9205.0
1661927340000,0.2982,0.2982,0.2979,0.2979,34957.0
1661927400000,0.2979,0.2979,0.2968,0.2971,50918.0
1661927460000,0.2971,0.2973,0.297,0.297,17941.0
1661927520000,0.2969,0.2971,0.2969,0.297,6981.0
1661927580000,0.297,0.2971,0.2967,0.2967,8277.0
1661927640000,0.2968,0.2968,0.2964,0.2968,35230.0
1661927700000,0.2968,0.2968,0.2962,0.2964,46705.0
1661927760000,0.2965,0.2969,0.2965,0.2969,14015.0
1661927820000,0.2969,0.297,0.2969,0.2969,4779.0
1661927880000,0.2969,0.2969,0.2968,0.2969,6212.0
1661927940000,0.297,0.2971,0.2969,0.2969,12467.0
1661928000000,0.297,0.297,0.2967,0.2967,16191.0
1661928060000,0.2968,0.2968,0.2966,0.2967,19612.0
1661928120000,0.2967,0.2968,0.2967,0.2968,23097.0
1661928180000,0.2967,0.2968,0.2966,0.2966,6689.0
1661928240000,0.2966,0.2967,0.2965,0.2967,29197.0
1661928300000,0.2967,0.2969,0.2967,0.2968,10104.0
1661928360000,0.2969,0.2971,0.2969,0.2971,5464.0
1661928420000,0.2971,0.2971,0.2969,0.2969,34089.0
1661928480000,0.2969,0.2969,0.2969,0.2969,50.0
1661928540000,0.2969,0.297,0.2968,0.2968,3363.0
1661928600000,0.2969,0.2969,0.2968,0.2968,627.0
1661928660000,0.2968,0.2968,0.2968,0.2968,333.0
1661928720000,0.297,0.2971,0.2969,0.297,9443.0
1661928780000,0.2969,0.297,0.2968,0.2968,15189.0
1661928840000,0.2969,0.2969,0.2966,0.2966,27479.0
1661928900000,0.2967,0.2969,0.2967,0.2969,13700.0
1661928960000,0.2968,0.2969,0.2968,0.2969,5330.0
1661929020000,0.2969,0.2971,0.2969,0.2971,651.0
1661929080000,0.297,0.297,0.2968,0.2968,6497.0
1661929140000,0.2968,0.297,0.2968,0.2969,7252.0
1661929200000,0.297,0.2971,0.297,0.2971,6552.0
1661929260000,0.2971,0.2975,0.297,0.2974,14535.0
1661929320000,0.2974,0.2974,0.2969,0.2971,11115.0
1661929380000,0.297,0.2972,0.297,0.297,8582.0
1661929440000,0.2971,0.2972,0.2971,0.2971,1442.0
1661929500000,0.2972,0.2975,0.2972,0.2973,21843.0
1661929560000,0.2973,0.2973,0.2972,0.2973,22793.0
1661929620000,0.2972,0.2973,0.2969,0.297,46044.0
1661929680000,0.2969,0.297,0.2965,0.2965,13575.0
1661929740000,0.2966,0.2968,0.2966,0.2967,29954.0
1661929800000,0.2967,0.2968,0.2964,0.2968,23152.0
1661929860000,0.2967,0.297,0.2966,0.2969,12667.0
1661929920000,0.2969,0.297,0.2968,0.2969,1567.0
1661929980000,0.2969,0.2971,0.2968,0.2969,35549.0
1661930040000,0.297,0.297,0.2969,0.297,7915.0
1661930100000,0.297,0.2975,0.297,0.2975,2547.0
1661930160000,0.2974,0.2978,0.2974,0.2978,7620.0
1661930220000,0.2978,0.2979,0.2978,0.2979,4384.0
1661930280000,0.2978,0.2978,0.2977,0.2977,2284.0
1661930340000,0.2977,0.2981,0.2976,0.2981,51250.0
1661930400000,0.2981,0.2981,0.2979,0.298,3418.0
1661930460000,0.298,0.298,0.2978,0.2978,3526.0
1661930520000,0.2978,0.298,0.2978,0.2978,4029.0
1661930580000,0.2979,0.2981,0.2979,0.298,1231.0
1661930640000,0.2979,0.298,0.2978,0.298,984.0
1661930700000,0.298,0.2981,0.2979,0.2979,3311.0
1661930760000,0.2979,0.2979,0.2978,0.2979,8391.0
1661930820000,0.2979,0.2979,0.2977,0.2978,5520.0
1661930880000,0.2978,0.2979,0.2978,0.2978,8258.0
1661930940000,0.2978,0.2978,0.2978,0.2978,922.0
1661931000000,0.2979,0.298,0.2978,0.298,6388.0
1661931060000,0.2979,0.2979,0.2977,0.2977,2222.0
1661931120000,0.2977,0.2979,0.2977,0.2979,11291.0
1661931180000,0.2979,0.2979,0.2978,0.2978,3535.0
1661931240000,0.2977,0.2978,0.2976,0.2977,3628.0
1661931300000,0.2976,0.2978,0.2976,0.2978,1087.0
1661931360000,0.2978,0.2978,0.2978,0.2978,1700.0
1661931420000,0.2978,0.2978,0.2976,0.2976,9210.0
1661931480000,0.2974,0.2976,0.2973,0.2973,12495.0
1661931540000,0.2973,0.2975,0.2973,0.2975,10004.0
1661931600000,0.2975,0.2976,0.2975,0.2976,3833.0
1661931660000,0.2974,0.2976,0.2974,0.2976,5131.0
1661931720000,0.2975,0.2975,0.2974,0.2974,1912.0
1661931780000,0.2974,0.2974,0.2974,0.2974,3654.0
1661931840000,0.2974,0.2975,0.2973,0.2975,9250.0
1661931900000,0.2974,0.2974,0.2974,0.2974,1044.0
1661931960000,0.2973,0.2973,0.2973,0.2973,3359.0
1661932020000,0.2973,0.2974,0.2973,0.2973,4314.0
1661932080000,0.2973,0.2973,0.2972,0.2973,5785.0
1661932140000,0.2972,0.2973,0.297,0.297,14810.0
1661932200000,0.297,0.2971,0.297,0.297,3778.0
1661932260000,0.297,0.2972,0.2969,0.2972,5687.0
1661932320000,0.2973,0.2973,0.2973,0.2973,3577.0
1661932380000,0.2972,0.2972,0.2971,0.2972,8171.0
1661932440000,0.2972,0.2972,0.297,0.2972,5818.0
1661932500000,0.2972,0.2976,0.2972,0.2976,2534.0
1661932560000,0.2976,0.2977,0.2975,0.2975,7144.0
1661932620000,0.2976,0.2976,0.2975,0.2975,21086.0
1661932680000,0.2975,0.2975,0.2972,0.2973,9353.0
1661932740000,0.2975,0.2975,0.2972,0.2973,1475.0
1661932800000,0.2973,0.2977,0.2973,0.2977,85414.0
1661932860000,0.2978,0.298,0.2977,0.2979,11623.0
1661932920000,0.2979,0.2982,0.2977,0.2982,46283.0
1661932980000,0.2981,0.2981,0.298,0.2981,1239.0
1661933040000,0.2981,0.2981,0.2979,0.2979,11956.0
1661933100000,0.298,0.298,0.2978,0.2978,4233.0
1661933160000,0.2977,0.298,0.2977,0.298,2554.0
1661933220000,0.298,0.2982,0.298,0.2982,8145.0
1661933280000,0.2982,0.2986,0.2981,0.2985,3335.0
1661933340000,0.2984,0.2985,0.2984,0.2985,1423.0
1661933400000,0.2983,0.2989,0.2983,0.2986,26203.0
1661933460000,0.2988,0.2988,0.2985,0.2985,24280.0
1661933520000,0.2984,0.2984,0.2984,0.2984,3912.0
1661933580000,0.2984,0.2984,0.2983,0.2983,7921.0
1661933640000,0.2983,0.2985,0.2982,0.2985,67798.0
1661933700000,0.2983,0.2983,0.2982,0.2982,7405.0
1661933760000,0.2982,0.2982,0.298,0.2981,7743.0
1661933820000,0.2983,0.2983,0.2982,0.2982,11485.0
1661933880000,0.2982,0.2983,0.298,0.2981,7384.0
1661933940000,0.2982,0.2983,0.2982,0.2983,4623.0
1661934000000,0.2982,0.2982,0.2979,0.2979,4898.0
1661934060000,0.2979,0.2979,0.2964,0.2964,24619.0
1661934120000,0.2965,0.2966,0.2959,0.296,147155.0
1661934180000,0.296,0.2963,0.296,0.2962,13039.0
1661934240000,0.2963,0.2963,0.2961,0.2963,8741.0
1661934300000,0.2963,0.2963,0.2957,0.296,23152.0
1661934360000,0.2956,0.2957,0.2951,0.2954,18551.0
1661934420000,0.2956,0.2957,0.2954,0.2957,7057.0
1661934480000,0.2955,0.296,0.2955,0.296,17495.0
1661934540000,0.2959,0.2959,0.2959,0.2959,8608.0
1661934600000,0.2958,0.2959,0.2956,0.2957,19671.0
1661934660000,0.2956,0.2957,0.2939,0.2939,260154.0
1661934720000,0.2939,0.2946,0.2939,0.2944,70276.0
1661934780000,0.2944,0.2945,0.2943,0.2943,16159.0
1661934840000,0.2944,0.2944,0.294,0.2941,16738.0
1661934900000,0.294,0.2942,0.2938,0.294,30903.0
1661934960000,0.2942,0.2944,0.2941,0.2944,33824.0
1661935020000,0.2945,0.2946,0.2944,0.2945,8019.0
1661935080000,0.2946,0.2947,0.2944,0.2947,11605.0
1661935140000,0.2948,0.2952,0.2947,0.2951,21479.0
1661935200000,0.2953,0.2953,0.2951,0.2953,12995.0
1661935260000,0.2953,0.2956,0.2953,0.2956,16369.0
1661935320000,0.2955,0.2957,0.2954,0.2957,16228.0
1661935380000,0.2957,0.2961,0.2957,0.2961,14824.0
1661935440000,0.2962,0.2962,0.296,0.296,13209.0
1661935500000,0.296,0.2961,0.2959,0.296,8293.0
1661935560000,0.2959,0.2962,0.2959,0.2962,16336.0
1661935620000,0.2962,0.2968,0.2962,0.2967,44566.0
1661935680000,0.2967,0.2969,0.2966,0.2968,61625.0
1661935740000,0.2968,0.2969,0.2967,0.2969,16070.0
1661935800000,0.2969,0.2969,0.2965,0.2966,8421.0
1661935860000,0.2966,0.2968,0.2965,0.2965,19687.0
1661935920000,0.2966,0.2966,0.2964,0.2965,271.0
1661935980000,0.2965,0.2967,0.2965,0.2965,13733.0
1661936040000,0.2967,0.2967,0.2965,0.2965,4963.0
1661936100000,0.2967,0.2967,0.2965,0.2965,4931.0
1661936160000,0.2967,0.2968,0.2964,0.2964,11807.0
1661936220000,0.2963,0.2963,0.2963,0.2963,3850.0
1661936280000,0.2962,0.2962,0.296,0.2961,15118.0
1661936340000,0.296,0.2962,0.296,0.2961,13308.0
1661936400000,0.2959,0.296,0.2954,0.2954,6302.0
1661936460000,0.2955,0.2957,0.2955,0.2957,5156.0
1661936520000,0.2954,0.2957,0.2954,0.2955,3125.0
1661936580000,0.2955,0.2955,0.2952,0.2952,1938.0
1661936640000,0.2951,0.2953,0.2951,0.2953,8992.0
1661936700000,0.2953,0.2953,0.2951,0.2951,1357.0
1661936760000,0.2952,0.2953,0.2952,0.2953,5691.0
1661936820000,0.2951,0.2951,0.2946,0.2947,24912.0
1661936880000,0.2948,0.2948,0.2945,0.2946,22080.0
1661936940000,0.2946,0.2948,0.2946,0.2947,4988.0
1661937000000,0.2948,0.295,0.2948,0.295,2700.0
1661937060000,0.2948,0.2949,0.2948,0.2949,8046.0
1661937120000,0.2949,0.2949,0.2946,0.2946,5426.0
1661937180000,0.2946,0.2947,0.2945,0.2946,17414.0
1661937240000,0.2946,0.2947,0.2945,0.2945,5342.0
1661937300000,0.2945,0.2946,0.2944,0.2944,2230.0
1661937360000,0.2947,0.2949,0.2946,0.2948,39169.0
1661937420000,0.2948,0.2952,0.2948,0.295,18219.0
1661937480000,0.295,0.295,0.295,0.295,7529.0
1661937540000,0.295,0.295,0.2948,0.2949,2293.0
1661937600000,0.2948,0.2948,0.2946,0.2946,5610.0
1661937660000,0.2949,0.2951,0.2949,0.2951,2667.0
1661937720000,0.295,0.295,0.2947,0.2947,2974.0
1661937780000,0.2947,0.2947,0.2947,0.2947,1439.0
1661937840000,0.2946,0.2947,0.2946,0.2947,3934.0
1661937900000,0.2946,0.2946,0.2945,0.2946,2029.0
1661937960000,0.2946,0.2946,0.2946,0.2946,88.0
1661938020000,0.2948,0.2948,0.2946,0.2946,455.0
1661938080000,0.2947,0.2947,0.2944,0.2946,20235.0
1661938140000,0.2946,0.2946,0.2942,0.2943,5611.0
1661938200000,0.2943,0.2944,0.2942,0.2942,20501.0
1661938260000,0.2943,0.2944,0.2943,0.2943,6470.0
1661938320000,0.2943,0.2943,0.2943,0.2943,6382.0
1661938380000,0.2945,0.2946,0.2945,0.2946,3394.0
1661938440000,0.2946,0.2946,0.2944,0.2946,2518.0
1661938500000,0.2945,0.2946,0.2945,0.2945,683.0
1661938560000,0.2946,0.2948,0.2946,0.2948,7037.0
1661938620000,0.2947,0.2948,0.2946,0.2946,16280.0
1661938680000,0.2945,0.2945,0.2944,0.2944,1887.0
1661938740000,0.2944,0.2944,0.2941,0.2941,8127.0
1661938800000,0.2941,0.2941,0.2941,0.2941,522.0
1661938860000,0.2941,0.2943,0.2941,0.2943,8075.0
1661938920000,0.2944,0.2944,0.2944,0.2944,1172.0
1661938980000,0.2945,0.2945,0.2945,0.2945,597.0
1661939040000,0.2945,0.2946,0.2944,0.2944,6467.0
1661939100000,0.2946,0.2951,0.2945,0.2948,54734.0
1661939160000,0.2947,0.2947,0.2946,0.2946,1822.0
1661939220000,0.2945,0.2946,0.2945,0.2945,814.0
1661939280000,0.2944,0.2944,0.2938,0.2941,42747.0
1661939340000,0.2941,0.2941,0.2941,0.2941,678.0
1661939400000,0.2943,0.2946,0.2943,0.2946,3706.0
1661939460000,0.2947,0.2948,0.2947,0.2948,5878.0
1661939520000,0.2946,0.2947,0.2946,0.2947,2583.0
1661939580000,0.2947,0.2948,0.2947,0.2947,2735.0
1661939640000,0.2948,0.2949,0.2948,0.2949,1006.0
1661939700000,0.2947,0.2947,0.2941,0.2941,44515.0
1661939760000,0.294,0.294,0.2938,0.294,12727.0
1661939820000,0.2939,0.2945,0.2939,0.2945,11713.0
1661939880000,0.2945,0.2945,0.2943,0.2943,297.0
1661939940000,0.2942,0.2942,0.2941,0.2942,1137.0
1661940000000,0.2942,0.2943,0.2942,0.2942,5592.0
1661940060000,0.2942,0.2942,0.294,0.294,5607.0
1661940120000,0.2942,0.2944,0.2942,0.2944,3833.0
1661940180000,0.2943,0.2944,0.2943,0.2944,328.0
1661940240000,0.2946,0.2946,0.2945,0.2946,6640.0
1661940300000,0.2945,0.2945,0.2943,0.2943,18001.0
1661940360000,0.2942,0.2942,0.294,0.2941,4834.0
1661940420000,0.2942,0.2944,0.2942,0.2943,6789.0
1661940480000,0.2942,0.2942,0.2941,0.2942,2988.0
1661940540000,0.2943,0.2943,0.2941,0.2943,776.0
1661940600000,0.2944,0.2945,0.2944,0.2945,2860.0
1661940660000,0.2944,0.2944,0.2944,0.2944,2243.0
1661940720000,0.2944,0.2945,0.2944,0.2945,1436.0
1661940780000,0.2946,0.2946,0.2945,0.2945,1460.0
1661940840000,0.2945,0.2947,0.2944,0.2947,2460.0
1661940900000,0.2945,0.2947,0.2944,0.2946,24982.0
1661940960000,0.2947,0.2948,0.2946,0.2948,1215.0
1661941020000,0.2948,0.2951,0.2947,0.2951,5408.0
1661941080000,0.2952,0.2958,0.2952,0.2954,20812.0
1661941140000,0.2954,0.2955,0.2952,0.2952,6280.0
1661941200000,0.2953,0.2953,0.295,0.2951,47129.0
1661941260000,0.2951,0.2952,0.295,0.295,4121.0
1661941320000,0.295,0.295,0.2949,0.2949,4086.0
1661941380000,0.2949,0.2949,0.2949,0.2949,3160.0
1661941440000,0.295,0.2953,0.295,0.2953,4070.0
1661941500000,0.2952,0.2955,0.2952,0.2954,10912.0
1661941560000,0.2954,0.2955,0.2954,0.2954,9725.0
1661941620000,0.2953,0.2953,0.2951,0.2952,8637.0
1661941680000,0.2953,0.2953,0.2953,0.2953,54.0
1661941740000,0.2953,0.2953,0.2951,0.2953,27083.0
1661941800000,0.2953,0.2954,0.2953,0.2954,1443.0
1661941860000,0.2952,0.2952,0.295,0.295,2147.0
1661941920000,0.295,0.2952,0.295,0.295,5186.0
1661941980000,0.2952,0.2952,0.2952,0.2952,247.0
1661942040000,0.2951,0.2953,0.295,0.2951,8554.0
1661942100000,0.2952,0.2954,0.2952,0.2954,3947.0
1661942160000,0.2955,0.2955,0.2955,0.2955,1299.0
1661942220000,0.2954,0.2957,0.2954,0.2957,1280.0
1661942280000,0.2955,0.2955,0.2955,0.2955,53.0
1661942340000,0.2957,0.2961,0.2955,0.296,6061.0
1661942400000,0.2961,0.2965,0.2961,0.2964,33743.0
1661942460000,0.2963,0.2963,0.2959,0.2959,2021.0
1661942520000,0.296,0.296,0.296,0.296,300.0
1661942580000,0.2961,0.2964,0.2961,0.2964,3233.0
1661942640000,0.2964,0.2968,0.2964,0.2968,22596.0
1661942700000,0.2967,0.2971,0.2967,0.2971,45389.0
1661942760000,0.2971,0.2971,0.2963,0.2963,44015.0
1661942820000,0.2964,0.2966,0.2962,0.2962,16047.0
1661942880000,0.2966,0.2967,0.2965,0.2967,8915.0
1661942940000,0.2968,0.2972,0.2968,0.2972,3455.0
1661943000000,0.2971,0.2974,0.297,0.297,18120.0
1661943060000,0.2969,0.2973,0.2969,0.2973,13348.0
1661943120000,0.2973,0.2977,0.2973,0.2975,22511.0
1661943180000,0.2973,0.2981,0.2973,0.2976,16631.0
1661943240000,0.2976,0.2977,0.2975,0.2976,7805.0
1661943300000,0.2974,0.2974,0.2971,0.2971,10026.0
1661943360000,0.2972,0.2972,0.2968,0.2968,4732.0
1661943420000,0.2969,0.2969,0.2967,0.2967,2996.0
1661943480000,0.2969,0.2971,0.2969,0.2969,467.0
1661943540000,0.2969,0.2969,0.2968,0.2969,7403.0
1661943600000,0.297,0.2971,0.2969,0.2969,21197.0
1661943660000,0.297,0.2971,0.297,0.297,4123.0
1661943720000,0.2969,0.2975,0.2969,0.2974,10375.0
1661943780000,0.2975,0.2979,0.2975,0.2978,13173.0
1661943840000,0.2979,0.2979,0.2974,0.2974,4021.0
1661943900000,0.2975,0.2976,0.2974,0.2974,8935.0
1661943960000,0.2973,0.2973,0.297,0.297,2476.0
1661944020000,0.2969,0.297,0.2967,0.2967,5283.0
1661944080000,0.2966,0.2966,0.2959,0.2959,9539.0
1661944140000,0.2959,0.2963,0.2959,0.2963,4977.0
1661944200000,0.2963,0.2963,0.296,0.296,2000.0
1661944260000,0.2959,0.296,0.2959,0.296,551.0
1661944320000,0.2962,0.2962,0.2961,0.2961,1999.0
1661944380000,0.2963,0.2964,0.2962,0.2962,4138.0
1661944440000,0.2965,0.2965,0.2963,0.2964,2617.0
1661944500000,0.2963,0.2963,0.296,0.296,2914.0
1661944560000,0.296,0.2962,0.2959,0.2959,1692.0
1661944620000,0.2959,0.296,0.2958,0.2959,4680.0
1661944680000,0.2959,0.2961,0.2958,0.2961,2520.0
1661944740000,0.2962,0.2965,0.2962,0.2965,4691.0
1661944800000,0.2965,0.2965,0.2962,0.2962,2759.0
1661944860000,0.2963,0.2963,0.296,0.2962,3121.0
1661944920000,0.296,0.2963,0.296,0.2962,7608.0
1661944980000,0.2964,0.2964,0.296,0.2962,1599.0
1661945040000,0.2963,0.2963,0.2963,0.2963,98.0
1661945100000,0.2963,0.2963,0.2963,0.2963,1817.0
1661945160000,0.296,0.296,0.2959,0.296,1275.0
1661945220000,0.2959,0.2959,0.2956,0.2956,9714.0
1661945280000,0.2955,0.2957,0.2955,0.2957,4078.0
1661945340000,0.2958,0.2959,0.2957,0.2959,4215.0
1661945400000,0.296,0.2963,0.296,0.2963,4641.0
1661945460000,0.2962,0.2962,0.2957,0.2958,6524.0
1661945520000,0.2957,0.2957,0.2956,0.2956,3835.0
1661945580000,0.2956,0.2958,0.2955,0.2958,3056.0
1661945640000,0.2958,0.2958,0.2958,0.2958,633.0
1661945700000,0.2959,0.2959,0.2956,0.2956,162.0
1661945760000,0.2956,0.2957,0.2956,0.2957,2193.0
1661945820000,0.2957,0.2957,0.2957,0.2957,615.0
1661945880000,0.2955,0.2955,0.2955,0.2955,10151.0
1661945940000,0.2956,0.2956,0.2954,0.2954,2202.0
1661946000000,0.2955,0.2957,0.2955,0.2957,734.0
1661946060000,0.2958,0.2958,0.2955,0.2955,6924.0
1661946120000,0.2956,0.2957,0.2956,0.2957,2349.0
1661946180000,0.2957,0.2957,0.2957,0.2957,203.0
1661946240000,0.2958,0.2958,0.2956,0.2956,7567.0
1661946300000,0.2955,0.2955,0.2954,0.2954,2078.0
1661946360000,0.2955,0.2958,0.2955,0.2956,3113.0
1661946420000,0.2957,0.2957,0.2956,0.2956,1409.0
1661946480000,0.2954,0.2956,0.2954,0.2956,80.0
1661946540000,0.2956,0.2956,0.2954,0.2954,5432.0
1661946600000,0.2956,0.2957,0.2956,0.2957,2260.0
1661946660000,0.2957,0.2959,0.2956,0.2959,2102.0
1661946720000,0.296,0.2963,0.296,0.2962,9963.0
1661946780000,0.2963,0.2964,0.2962,0.2962,6093.0
1661946840000,0.2964,0.2964,0.2961,0.2961,1677.0
1661946900000,0.2962,0.2964,0.2962,0.2964,4706.0
1661946960000,0.2964,0.2965,0.2961,0.2961,1687.0
1661947020000,0.2962,0.2964,0.2962,0.2964,5972.0
1661947080000,0.2964,0.2964,0.2961,0.2964,5180.0
1661947140000,0.2964,0.2964,0.2963,0.2964,349.0
1661947200000,0.2963,0.2964,0.2962,0.2964,7611.0
1661947260000,0.2966,0.2966,0.2965,0.2966,11319.0
1661947320000,0.2962,0.2967,0.2962,0.2967,19789.0
1661947380000,0.2968,0.297,0.2967,0.2969,6880.0
1661947440000,0.2967,0.2967,0.2967,0.2967,635.0
1661947500000,0.2969,0.2969,0.2968,0.2968,8315.0
1661947560000,0.2971,0.2971,0.297,0.297,15353.0
1661947620000,0.2971,0.2972,0.297,0.2971,1680.0
1661947680000,0.2972,0.2972,0.2971,0.2971,2968.0
1661947740000,0.2971,0.2971,0.2969,0.297,9235.0
1661947800000,0.2971,0.2971,0.2969,0.2969,9447.0
1661947860000,0.297,0.297,0.2969,0.2969,6164.0
1661947920000,0.297,0.2973,0.297,0.2972,13309.0
1661947980000,0.2973,0.2973,0.2972,0.2972,1002.0
1661948040000,0.2973,0.2973,0.2967,0.2967,11281.0
1661948100000,0.2966,0.2974,0.2963,0.2973,44685.0
1661948160000,0.2972,0.2973,0.2969,0.2973,30597.0
1661948220000,0.2971,0.2973,0.2969,0.2971,4988.0
1661948280000,0.2973,0.2977,0.2973,0.2977,17538.0
1661948340000,0.2976,0.2976,0.2971,0.2971,8585.0
1661948400000,0.2971,0.2973,0.297,0.2972,6234.0
1661948460000,0.2973,0.2973,0.2967,0.2967,9172.0
1661948520000,0.2967,0.2968,0.2957,0.2957,23514.0
1661948580000,0.2956,0.2956,0.2947,0.295,59311.0
1661948640000,0.2949,0.2949,0.2944,0.2947,28892.0
1661948700000,0.2948,0.2952,0.2948,0.2952,13712.0
1661948760000,0.2953,0.2956,0.2949,0.2955,29454.0
1661948820000,0.2956,0.2961,0.2956,0.2958,19131.0
1661948880000,0.2959,0.2959,0.2957,0.2957,5004.0
1661948940000,0.2956,0.2956,0.2952,0.2952,1748.0
1661949000000,0.2952,0.2954,0.295,0.2952,1897.0
1661949060000,0.295,0.295,0.2945,0.2945,8927.0
1661949120000,0.2946,0.2949,0.2946,0.2948,28049.0
1661949180000,0.2946,0.2946,0.2945,0.2945,12656.0
1661949240000,0.2945,0.2948,0.2945,0.2947,53264.0
1661949300000,0.2946,0.2947,0.2945,0.2945,23674.0
1661949360000,0.2945,0.2946,0.2945,0.2946,8730.0
1661949420000,0.295,0.2951,0.2949,0.295,2092.0
1661949480000,0.295,0.2955,0.295,0.2955,2810.0
1661949540000,0.2954,0.2955,0.2953,0.2955,4917.0
1661949600000,0.2955,0.2958,0.2955,0.2956,12223.0
1661949660000,0.2955,0.2955,0.295,0.295,6336.0
1661949720000,0.295,0.2953,0.295,0.2952,36397.0
1661949780000,0.2951,0.2951,0.295,0.2951,13205.0
1661949840000,0.295,0.2953,0.2949,0.2953,5369.0
1661949900000,0.2952,0.2953,0.2952,0.2953,1158.0
1661949960000,0.2954,0.2959,0.2954,0.2959,3472.0
1661950020000,0.296,0.2963,0.2959,0.2959,25087.0
1661950080000,0.2961,0.2963,0.2961,0.2962,2817.0
1661950140000,0.2962,0.2962,0.2959,0.2961,3571.0
1661950200000,0.2964,0.2965,0.2962,0.2962,13936.0
1661950260000,0.2964,0.2964,0.2964,0.2964,310.0
1661950320000,0.2964,0.2967,0.2964,0.2967,7690.0
1661950380000,0.2966,0.2966,0.2965,0.2965,9737.0
1661950440000,0.2965,0.2966,0.2965,0.2966,7905.0
1661950500000,0.2967,0.2967,0.2965,0.2965,2753.0
1661950560000,0.2966,0.2966,0.2963,0.2964,16283.0
1661950620000,0.2964,0.2964,0.2963,0.2963,495.0
1661950680000,0.2963,0.2964,0.2959,0.2959,48534.0
1661950740000,0.2958,0.2959,0.2958,0.2958,13803.0
1661950800000,0.2959,0.2962,0.2958,0.296,78623.0
1661950860000,0.296,0.2964,0.296,0.2964,30444.0
1661950920000,0.2962,0.2963,0.2958,0.2959,23112.0
1661950980000,0.2959,0.2959,0.2955,0.2958,15202.0
1661951040000,0.2961,0.2965,0.2961,0.2965,13405.0
1661951100000,0.2965,0.2965,0.2963,0.2963,4855.0
1661951160000,0.2964,0.2965,0.2964,0.2964,7343.0
1661951220000,0.2965,0.2968,0.2965,0.2965,16857.0
1661951280000,0.2964,0.2966,0.2963,0.2965,10207.0
1661951340000,0.2964,0.2966,0.2963,0.2966,12464.0
1661951400000,0.2966,0.2969,0.2965,0.2969,21240.0
1661951460000,0.2968,0.2969,0.2968,0.2969,5426.0
1661951520000,0.2969,0.297,0.2969,0.2969,4473.0
1661951580000,0.2968,0.2969,0.2967,0.2967,2901.0
1661951640000,0.2966,0.2966,0.2965,0.2965,6399.0
1661951700000,0.2964,0.2965,0.296,0.2964,15316.0
1661951760000,0.2966,0.297,0.2965,0.2968,16009.0
1661951820000,0.2968,0.297,0.2966,0.2966,19717.0
1661951880000,0.2965,0.2965,0.296,0.2961,24443.0
1661951940000,0.2962,0.2963,0.2961,0.2961,5552.0
1661952000000,0.2961,0.2965,0.2961,0.2965,3266.0
1661952060000,0.2965,0.2965,0.2964,0.2964,4452.0
1661952120000,0.2965,0.2966,0.2965,0.2965,2202.0
1661952180000,0.2965,0.2965,0.2963,0.2964,10247.0
1661952240000,0.2963,0.2963,0.2961,0.2961,3562.0
1661952300000,0.296,0.296,0.2959,0.2959,2046.0
1661952360000,0.2959,0.2962,0.2959,0.2962,4819.0
1661952420000,0.2962,0.2963,0.296,0.296,2958.0
1661952480000,0.296,0.296,0.2959,0.296,2675.0
1661952540000,0.296,0.296,0.296,0.296,1013.0
1661952600000,0.2957,0.2958,0.2956,0.2958,8072.0
1661952660000,0.2957,0.2961,0.2957,0.2958,7558.0
1661952720000,0.2961,0.2961,0.2957,0.2957,2312.0
1661952780000,0.2955,0.2956,0.2952,0.2953,16909.0
1661952840000,0.2952,0.2955,0.2952,0.2953,3186.0
1661952900000,0.2951,0.2951,0.2947,0.2948,18068.0
1661952960000,0.2948,0.2954,0.2948,0.2953,14349.0
1661953020000,0.2954,0.2957,0.2954,0.2955,4336.0
1661953080000,0.2954,0.2954,0.2949,0.2951,5844.0
1661953140000,0.295,0.2953,0.295,0.2952,5468.0
1661953200000,0.2952,0.296,0.2952,0.296,22415.0
1661953260000,0.296,0.2965,0.296,0.2965,11022.0
1661953320000,0.2963,0.2963,0.2956,0.2959,28130.0
1661953380000,0.2958,0.296,0.2957,0.296,2016.0
1661953440000,0.2959,0.2971,0.2959,0.2971,36429.0
1661953500000,0.2971,0.2973,0.2966,0.2969,20831.0
1661953560000,0.2967,0.2971,0.2967,0.297,11769.0
1661953620000,0.2971,0.2974,0.297,0.2974,4394.0
1661953680000,0.2973,0.2977,0.2972,0.2973,12569.0
1661953740000,0.2974,0.2974,0.2967,0.2969,5844.0
1661953800000,0.297,0.2973,0.297,0.2971,6301.0
1661953860000,0.2973,0.2974,0.2971,0.2972,15035.0
1661953920000,0.2973,0.2974,0.2972,0.2974,693.0
1661953980000,0.2976,0.2976,0.297,0.2972,9714.0
1661954040000,0.2972,0.2974,0.2972,0.2972,940.0
1661954100000,0.297,0.2971,0.2967,0.2968,9533.0
1661954160000,0.2967,0.2968,0.2964,0.2968,15931.0
1661954220000,0.2965,0.2969,0.2965,0.2968,8215.0
1661954280000,0.2966,0.2969,0.2962,0.2962,60442.0
1661954340000,0.296,0.296,0.2956,0.2957,17222.0
1661954400000,0.2956,0.2958,0.2953,0.2954,19620.0
1661954460000,0.2954,0.2957,0.2954,0.2956,6002.0
1661954520000,0.2957,0.296,0.2955,0.2959,13750.0
1661954580000,0.296,0.2961,0.2957,0.2961,21007.0
1661954640000,0.2959,0.296,0.2957,0.2957,8385.0
1661954700000,0.2958,0.2959,0.2957,0.2959,4615.0
1661954760000,0.2959,0.2961,0.2959,0.2961,3907.0
1661954820000,0.2957,0.2958,0.2956,0.2958,3843.0
1661954880000,0.296,0.296,0.2955,0.2955,16716.0
1661954940000,0.2955,0.2956,0.2954,0.2954,3713.0
1661955000000,0.2955,0.2957,0.2955,0.2956,3409.0
1661955060000,0.2957,0.2962,0.2957,0.2961,10287.0
1661955120000,0.2963,0.2966,0.2962,0.2966,7929.0
1661955180000,0.2966,0.2966,0.296,0.296,6037.0
1661955240000,0.2958,0.296,0.2957,0.2957,9052.0
1661955300000,0.2959,0.2959,0.2955,0.2956,1746.0
1661955360000,0.2955,0.2955,0.2952,0.2954,12632.0
1661955420000,0.2954,0.2957,0.2954,0.2956,5744.0
1661955480000,0.2956,0.2958,0.2956,0.2956,6297.0
1661955540000,0.2954,0.2958,0.2954,0.2958,3699.0
1661955600000,0.2959,0.2961,0.2958,0.2958,2785.0
1661955660000,0.2958,0.2963,0.2958,0.2963,3761.0
1661955720000,0.2962,0.2962,0.2961,0.2961,5031.0
1661955780000,0.296,0.296,0.2958,0.2958,14236.0
1661955840000,0.2956,0.296,0.2956,0.2959,5639.0
1661955900000,0.2959,0.2959,0.2956,0.2958,7661.0
1661955960000,0.2957,0.296,0.2957,0.2959,4650.0
1661956020000,0.2959,0.2961,0.2959,0.296,2483.0
1661956080000,0.2961,0.2961,0.2955,0.2955,18856.0
1661956140000,0.2955,0.2957,0.2953,0.2954,5618.0
1661956200000,0.2953,0.2955,0.2952,0.2955,11044.0
1661956260000,0.2954,0.2954,0.2952,0.2952,4851.0
1661956320000,0.2952,0.2952,0.2949,0.295,14852.0
1661956380000,0.2951,0.2951,0.2945,0.2947,8863.0
1661956440000,0.2947,0.295,0.2947,0.2949,12302.0
1661956500000,0.2949,0.2952,0.2949,0.2952,1084.0
1661956560000,0.2951,0.2952,0.2948,0.2949,4904.0
1661956620000,0.2949,0.2949,0.2945,0.2946,14508.0
1661956680000,0.2944,0.2945,0.2943,0.2944,12514.0
1661956740000,0.2944,0.2944,0.2936,0.2936,7976.0
1661956800000,0.2936,0.294,0.2933,0.2936,29080.0
1661956860000,0.2938,0.2939,0.2937,0.2939,9286.0
1661956920000,0.2938,0.2944,0.2937,0.2942,4941.0
1661956980000,0.2942,0.2947,0.2941,0.2944,6919.0
1661957040000,0.2945,0.2947,0.2945,0.2946,5337.0
1661957100000,0.2948,0.295,0.2948,0.2949,4882.0
1661957160000,0.2949,0.2949,0.2944,0.2945,15591.0
1661957220000,0.2943,0.2945,0.2943,0.2945,287.0
1661957280000,0.2944,0.2947,0.2944,0.2945,9039.0
1661957340000,0.2945,0.2946,0.2943,0.2946,24801.0
1661957400000,0.2946,0.2948,0.2946,0.2948,5864.0
1661957460000,0.2946,0.2946,0.294,0.2941,12356.0
1661957520000,0.2942,0.2942,0.2936,0.2936,19728.0
1661957580000,0.2936,0.2937,0.2935,0.2935,28831.0
1661957640000,0.2936,0.294,0.2936,0.2938,28361.0
1661957700000,0.2938,0.2938,0.2935,0.2935,7753.0
1661957760000,0.2937,0.2937,0.2932,0.2932,17426.0
1661957820000,0.2931,0.2934,0.2928,0.2933,11787.0
1661957880000,0.2933,0.2933,0.2924,0.2929,406250.0
1661957940000,0.2928,0.2929,0.2926,0.2926,11007.0
1661958000000,0.2927,0.2929,0.2921,0.2922,40265.0
1661958060000,0.2922,0.2926,0.2912,0.2913,33726.0
1661958120000,0.2913,0.2914,0.2907,0.2912,47804.0
1661958180000,0.2913,0.2913,0.2909,0.2912,16225.0
1661958240000,0.2911,0.2911,0.2901,0.2902,35091.0
1661958300000,0.2903,0.2904,0.2893,0.29,152419.0
1661958360000,0.29,0.2902,0.2898,0.29,16053.0
1661958420000,0.2901,0.2901,0.2896,0.2897,26859.0
1661958480000,0.2895,0.2903,0.2892,0.2901,84421.0
1661958540000,0.2899,0.2906,0.2899,0.2906,69932.0
1661958600000,0.2906,0.2907,0.2904,0.2906,10892.0
1661958660000,0.2906,0.2906,0.2901,0.2902,4087.0
1661958720000,0.2901,0.2905,0.2901,0.2902,20608.0
1661958780000,0.2901,0.2906,0.29,0.2904,14764.0
1661958840000,0.2902,0.2909,0.2902,0.2909,32452.0
1661958900000,0.2909,0.2914,0.2909,0.2909,18612.0
1661958960000,0.2908,0.291,0.2904,0.2905,13766.0
1661959020000,0.2906,0.2906,0.2901,0.2902,15699.0
1661959080000,0.2902,0.2907,0.2902,0.2907,6872.0
1661959140000,0.2906,0.2915,0.2906,0.2915,44645.0
1661959200000,0.2916,0.2917,0.2914,0.2914,10806.0
1661959260000,0.2915,0.2915,0.2912,0.2912,11396.0
1661959320000,0.291,0.291,0.2909,0.291,8263.0
1661959380000,0.2909,0.2912,0.2909,0.2912,5269.0
1661959440000,0.2912,0.2914,0.2911,0.2914,10289.0
1661959500000,0.2914,0.2917,0.2914,0.2917,8706.0
1661959560000,0.2916,0.2916,0.2912,0.2912,8019.0
1661959620000,0.2914,0.2914,0.2914,0.2914,1434.0
1661959680000,0.2914,0.2914,0.2913,0.2913,19268.0
1661959740000,0.2913,0.2917,0.2913,0.2915,5723.0
1661959800000,0.2914,0.2917,0.2913,0.2916,3633.0
1661959860000,0.2915,0.2915,0.2911,0.2913,3966.0
1661959920000,0.2913,0.2916,0.2913,0.2915,7041.0
1661959980000,0.2916,0.2917,0.2914,0.2914,3304.0
1661960040000,0.2915,0.292,0.2915,0.292,29504.0
1661960100000,0.2919,0.2926,0.2919,0.2926,49955.0
1661960160000,0.2928,0.2932,0.2926,0.2932,24280.0
1661960220000,0.2932,0.2932,0.2928,0.2931,11851.0
1661960280000,0.2932,0.2932,0.2928,0.2928,22928.0
1661960340000,0.2929,0.2929,0.2925,0.2926,9283.0
1661960400000,0.2926,0.2927,0.2925,0.2927,16631.0
1661960460000,0.2926,0.2926,0.2924,0.2925,18728.0
1661960520000,0.2927,0.2928,0.2926,0.2926,6789.0
1661960580000,0.2926,0.2929,0.2926,0.2929,3195.0
1661960640000,0.293,0.2931,0.2929,0.2929,3232.0
1661960700000,0.2929,0.2931,0.2928,0.2928,1830.0
1661960760000,0.2928,0.293,0.2928,0.293,6364.0
1661960820000,0.293,0.2948,0.293,0.294,193586.0
1661960880000,0.294,0.294,0.2934,0.2934,22606.0
1661960940000,0.2936,0.2939,0.2935,0.2938,31363.0
1661961000000,0.2937,0.2938,0.2936,0.2936,21504.0
1661961060000,0.2934,0.2934,0.2931,0.2932,8807.0
1661961120000,0.2932,0.2934,0.2932,0.2934,3360.0
1661961180000,0.2935,0.2936,0.2934,0.2935,10719.0
1661961240000,0.2935,0.2935,0.2934,0.2935,5219.0
1661961300000,0.2936,0.2938,0.2936,0.2938,3104.0
1661961360000,0.2939,0.294,0.2938,0.2939,6539.0
1661961420000,0.2938,0.2938,0.2935,0.2937,8352.0
1661961480000,0.2938,0.2938,0.2937,0.2937,2039.0
1661961540000,0.2938,0.2938,0.2936,0.2936,2342.0
1661961600000,0.2935,0.2937,0.2934,0.2936,22832.0
1661961660000,0.2937,0.2937,0.2935,0.2935,12778.0
1661961720000,0.2935,0.2939,0.2935,0.2939,33513.0
1661961780000,0.2939,0.2939,0.2938,0.2939,5898.0
1661961840000,0.2935,0.2935,0.2933,0.2934,8305.0
1661961900000,0.2934,0.2935,0.2934,0.2934,1244.0
1661961960000,0.2934,0.2934,0.2926,0.2927,24442.0
1661962020000,0.2926,0.2927,0.2926,0.2927,9071.0
1661962080000,0.2927,0.2928,0.2926,0.2928,3975.0
1661962140000,0.2927,0.2927,0.2925,0.2925,1335.0
1661962200000,0.2925,0.2925,0.2923,0.2923,8952.0
1661962260000,0.2923,0.2923,0.2922,0.2923,34061.0
1661962320000,0.2923,0.2923,0.2923,0.2923,2089.0
1661962380000,0.2922,0.2925,0.2921,0.2925,24569.0
1661962440000,0.2925,0.2926,0.2923,0.2923,2433.0
1661962500000,0.2924,0.2925,0.2923,0.2924,9982.0
1661962560000,0.2924,0.2928,0.2924,0.2928,10523.0
1661962620000,0.2927,0.2932,0.2926,0.293,8846.0
1661962680000,0.2931,0.2931,0.2927,0.2927,1964.0
1661962740000,0.2925,0.2925,0.2924,0.2925,2380.0
1661962800000,0.2923,0.2923,0.2919,0.2919,26892.0
1661962860000,0.2919,0.2921,0.2917,0.292,9392.0
1661962920000,0.2921,0.2921,0.292,0.292,4821.0
1661962980000,0.2919,0.2919,0.2917,0.2919,8003.0
1661963040000,0.2918,0.2919,0.2913,0.2915,19332.0
1661963100000,0.2913,0.2915,0.2913,0.2913,8344.0
1661963160000,0.2915,0.2916,0.2915,0.2916,3469.0
1661963220000,0.2917,0.2917,0.2917,0.2917,2882.0
1661963280000,0.2916,0.2918,0.2916,0.2917,3067.0
1661963340000,0.2916,0.2916,0.2914,0.2914,4711.0
1661963400000,0.2916,0.2917,0.2916,0.2916,19035.0
1661963460000,0.2917,0.2917,0.2917,0.2917,875.0
1661963520000,0.2917,0.2918,0.2917,0.2918,6069.0
1661963580000,0.2918,0.2922,0.2918,0.2922,7580.0
1661963640000,0.2922,0.2924,0.2922,0.2924,8281.0
1661963700000,0.2924,0.2926,0.2924,0.2925,2158.0
1661963760000,0.2925,0.2925,0.2925,0.2925,0.0
1661963820000,0.2925,0.2925,0.2923,0.2923,6468.0
1661963880000,0.2922,0.2922,0.2919,0.2919,4780.0
1661963940000,0.2919,0.2921,0.2918,0.2921,19886.0
1661964000000,0.2921,0.2922,0.2917,0.2917,8701.0
1661964060000,0.2917,0.2918,0.2917,0.2918,50953.0
1661964120000,0.292,0.292,0.2917,0.2918,8024.0
1661964180000,0.2919,0.2919,0.2916,0.2918,43220.0
1661964240000,0.292,0.2921,0.2919,0.2919,3264.0
1661964300000,0.2919,0.292,0.2919,0.2919,2140.0
1661964360000,0.2918,0.2918,0.2915,0.2916,7187.0
1661964420000,0.2916,0.292,0.2916,0.2919,11887.0
1661964480000,0.2919,0.292,0.2919,0.2919,6934.0
1661964540000,0.292,0.2921,0.2919,0.2919,3588.0
1661964600000,0.292,0.292,0.2918,0.2919,1906.0
1661964660000,0.2919,0.2919,0.2917,0.2917,4861.0
1661964720000,0.2918,0.2919,0.2915,0.2915,3602.0
1661964780000,0.2915,0.2915,0.2913,0.2914,6305.0
1661964840000,0.2914,0.2914,0.2914,0.2914,4632.0
1661964900000,0.2913,0.2914,0.2913,0.2913,4153.0
1661964960000,0.2914,0.2916,0.2914,0.2914,6705.0
1661965020000,0.2913,0.2913,0.2913,0.2913,6525.0
1661965080000,0.2913,0.2916,0.2913,0.2916,4218.0
1661965140000,0.2916,0.2916,0.2915,0.2916,506.0
1661965200000,0.2916,0.2916,0.2913,0.2915,7118.0
1661965260000,0.2914,0.2916,0.2913,0.2915,19678.0
1661965320000,0.2916,0.292,0.2916,0.2916,9339.0
1661965380000,0.2918,0.2918,0.2915,0.2915,15961.0
1661965440000,0.2916,0.2917,0.2916,0.2917,9953.0
1661965500000,0.2916,0.2916,0.2916,0.2916,2581.0
1661965560000,0.2916,0.292,0.2916,0.292,243.0
1661965620000,0.2921,0.2922,0.2921,0.2921,5301.0
1661965680000,0.2922,0.2922,0.292,0.2922,15868.0
1661965740000,0.2922,0.2926,0.2922,0.2924,6293.0
1661965800000,0.2924,0.2924,0.2923,0.2923,6807.0
1661965860000,0.2924,0.2925,0.2924,0.2925,7156.0
1661965920000,0.2926,0.2928,0.2926,0.2928,27084.0
1661965980000,0.2928,0.2929,0.2928,0.2929,5388.0
1661966040000,0.2929,0.293,0.2925,0.2927,9426.0
1661966100000,0.2926,0.2928,0.2926,0.2927,13480.0
1661966160000,0.2927,0.2929,0.2927,0.2929,15571.0
1661966220000,0.2929,0.2929,0.2926,0.2927,12202.0
1661966280000,0.2927,0.2927,0.2927,0.2927,2050.0
1661966340000,0.2926,0.2926,0.2926,0.2926,831.0
1661966400000,0.2926,0.2928,0.2925,0.2927,130403.0
1661966460000,0.2926,0.2926,0.2926,0.2926,14396.0
1661966520000,0.2925,0.2925,0.2924,0.2924,7489.0
1661966580000,0.2925,0.2925,0.2923,0.2923,8486.0
1661966640000,0.2926,0.2926,0.2923,0.2923,14812.0
1661966700000,0.2924,0.2924,0.2922,0.2922,1144.0
1661966760000,0.2923,0.2923,0.2922,0.2922,16036.0
1661966820000,0.2922,0.2924,0.2921,0.2924,820.0
1661966880000,0.2924,0.2926,0.2924,0.2925,30707.0
1661966940000,0.2926,0.2926,0.2925,0.2925,2135.0
1661967000000,0.2923,0.2923,0.2919,0.2919,7688.0
1661967060000,0.2918,0.2919,0.2916,0.2916,8895.0
1661967120000,0.2919,0.2919,0.2918,0.2918,5785.0
1661967180000,0.2919,0.2919,0.2918,0.2919,5063.0
1661967240000,0.292,0.292,0.292,0.292,797.0
1661967300000,0.2919,0.2919,0.2918,0.2919,3723.0
1661967360000,0.2919,0.2919,0.2917,0.2917,876.0
1661967420000,0.2917,0.2919,0.2915,0.2915,21104.0
1661967480000,0.2914,0.2916,0.2911,0.2912,22054.0
1661967540000,0.2911,0.2913,0.2911,0.2912,13381.0
1661967600000,0.2911,0.2911,0.2903,0.2904,18287.0
1661967660000,0.2904,0.2904,0.2896,0.2897,39079.0
1661967720000,0.2898,0.2903,0.2896,0.2902,129607.0
1661967780000,0.2901,0.2905,0.29,0.2903,30075.0
1661967840000,0.2906,0.2907,0.2904,0.2905,7469.0
1661967900000,0.2904,0.2907,0.2902,0.2906,22095.0
1661967960000,0.2907,0.2909,0.2904,0.2906,43836.0
1661968020000,0.2905,0.2905,0.2901,0.2902,46840.0
1661968080000,0.2903,0.2904,0.29,0.2902,50909.0
1661968140000,0.2901,0.2901,0.2888,0.2889,68329.0
1661968200000,0.2889,0.2894,0.2887,0.2891,45976.0
1661968260000,0.2893,0.2897,0.2892,0.2897,9082.0
1661968320000,0.2898,0.2899,0.2897,0.2898,27803.0
1661968380000,0.2899,0.29,0.2898,0.29,4695.0
1661968440000,0.2901,0.2907,0.2901,0.2907,19871.0
1661968500000,0.2907,0.2907,0.2904,0.2906,11163.0
1661968560000,0.2904,0.2905,0.2902,0.2902,7503.0
1661968620000,0.2901,0.2903,0.29,0.2903,24792.0
1661968680000,0.2903,0.2904,0.2903,0.2903,365.0
1661968740000,0.2902,0.2902,0.29,0.2901,7574.0
1661968800000,0.2901,0.2902,0.2898,0.2902,17939.0
1661968860000,0.2902,0.2902,0.29,0.2901,5472.0
1661968920000,0.2902,0.2904,0.29,0.29,13639.0
1661968980000,0.29,0.2901,0.2898,0.2898,28321.0
1661969040000,0.29,0.2903,0.29,0.2903,21186.0
1661969100000,0.2901,0.2903,0.29,0.2903,14659.0
1661969160000,0.2899,0.2901,0.2899,0.2901,15702.0
1661969220000,0.2899,0.2904,0.2899,0.2904,4074.0
1661969280000,0.2905,0.291,0.2904,0.2909,6264.0
1661969340000,0.291,0.291,0.2908,0.2909,2936.0
1661969400000,0.2909,0.2909,0.2908,0.2909,2157.0
1661969460000,0.2908,0.2908,0.2906,0.2907,5376.0
1661969520000,0.2906,0.2908,0.2906,0.2908,1380.0
1661969580000,0.2908,0.2908,0.2905,0.2906,4721.0
1661969640000,0.2907,0.2908,0.2907,0.2908,1993.0
1661969700000,0.2907,0.2909,0.2907,0.2909,4750.0
1661969760000,0.291,0.291,0.2907,0.2907,1401.0
1661969820000,0.2907,0.2907,0.2906,0.2906,1808.0
1661969880000,0.2906,0.2907,0.2906,0.2906,4314.0
1661969940000,0.2906,0.2906,0.2903,0.2904,5611.0
1661970000000,0.2904,0.2905,0.2904,0.2904,2600.0
1661970060000,0.2903,0.2904,0.2903,0.2904,602.0
1661970120000,0.2905,0.2908,0.2905,0.2908,10239.0
1661970180000,0.2909,0.2909,0.2906,0.2906,8865.0
1661970240000,0.2906,0.2907,0.2904,0.2905,7359.0
1661970300000,0.2907,0.2907,0.2907,0.2907,1842.0
1661970360000,0.2906,0.2907,0.2905,0.2906,2054.0
1661970420000,0.2906,0.2906,0.2906,0.2906,517.0
1661970480000,0.291,0.291,0.2908,0.291,2485.0
1661970540000,0.2909,0.2909,0.2906,0.2906,4484.0
1661970600000,0.2905,0.2905,0.2904,0.2905,7872.0
1661970660000,0.2902,0.2905,0.2901,0.2904,43042.0
1661970720000,0.2903,0.2903,0.2901,0.2901,33049.0
1661970780000,0.29,0.2905,0.2896,0.2903,190074.0
1661970840000,0.2903,0.2906,0.2903,0.2904,62624.0
1661970900000,0.2904,0.2907,0.2903,0.2906,4314.0
1661970960000,0.2906,0.2907,0.2906,0.2906,3312.0
1661971020000,0.2907,0.2907,0.2906,0.2907,2888.0
1661971080000,0.2907,0.2907,0.2907,0.2907,3067.0
1661971140000,0.2908,0.2908,0.2904,0.2905,20739.0
1661971200000,0.2904,0.2906,0.2904,0.2906,61065.0
1661971260000,0.2905,0.2905,0.2901,0.2903,42207.0
1661971320000,0.2903,0.2903,0.2902,0.2902,10627.0
1661971380000,0.2901,0.2903,0.2899,0.2901,30684.0
1661971440000,0.29,0.29,0.2898,0.2899,5658.0
1661971500000,0.2898,0.2903,0.2898,0.2903,4326.0
1661971560000,0.2902,0.2903,0.29,0.2901,3495.0
1661971620000,0.2901,0.2909,0.2901,0.2909,2436.0
1661971680000,0.2908,0.2909,0.2906,0.2906,10269.0
1661971740000,0.2906,0.2908,0.2906,0.2908,3672.0
1661971800000,0.2907,0.2907,0.2906,0.2907,5479.0
1661971860000,0.2906,0.2906,0.2904,0.2904,5586.0
1661971920000,0.2903,0.2904,0.2903,0.2904,2595.0
1661971980000,0.2904,0.2907,0.2904,0.2907,2085.0
1661972040000,0.2907,0.2907,0.2906,0.2906,4589.0
1661972100000,0.2905,0.2906,0.2904,0.2904,3500.0
1661972160000,0.2905,0.2905,0.2902,0.2905,2558.0
1661972220000,0.2907,0.2907,0.2905,0.2905,4158.0
1661972280000,0.2905,0.2905,0.2904,0.2905,5121.0
1661972340000,0.2905,0.2906,0.2905,0.2905,325.0
1661972400000,0.2905,0.2906,0.2904,0.2904,8122.0
1661972460000,0.2903,0.2906,0.2903,0.2906,7128.0
1661972520000,0.2906,0.2908,0.2904,0.2908,43284.0
1661972580000,0.2909,0.2913,0.2909,0.2913,12761.0
1661972640000,0.2913,0.2918,0.2913,0.2916,18863.0
1661972700000,0.2916,0.2916,0.2913,0.2913,16600.0
1661972760000,0.2913,0.2913,0.2912,0.2912,4080.0
1661972820000,0.2912,0.2916,0.2912,0.2915,5785.0
1661972880000,0.2915,0.2917,0.2914,0.2915,13483.0
1661972940000,0.2915,0.2917,0.2914,0.2916,26910.0
1661973000000,0.2916,0.292,0.2916,0.292,13778.0
1661973060000,0.292,0.2922,0.2919,0.2921,10991.0
1661973120000,0.2921,0.2922,0.2919,0.2922,13778.0
1661973180000,0.2921,0.2923,0.2921,0.2922,6291.0
1661973240000,0.2922,0.2923,0.2921,0.2923,10847.0
1661973300000,0.2923,0.2935,0.2923,0.2935,101016.0
1661973360000,0.2936,0.2937,0.2932,0.2933,50210.0
1661973420000,0.2932,0.2934,0.2931,0.2933,8871.0
1661973480000,0.2932,0.2937,0.2932,0.2936,32422.0
1661973540000,0.2935,0.2936,0.2934,0.2934,5774.0
1661973600000,0.2935,0.2935,0.2929,0.293,15651.0
1661973660000,0.2931,0.2932,0.2929,0.2931,10106.0
1661973720000,0.293,0.2931,0.2929,0.2931,2806.0
1661973780000,0.2931,0.2931,0.293,0.293,5472.0
1661973840000,0.2932,0.2932,0.2928,0.2928,14915.0
1661973900000,0.293,0.2931,0.2929,0.293,7834.0
1661973960000,0.293,0.293,0.2928,0.2929,5330.0
1661974020000,0.2929,0.2929,0.2927,0.2929,7285.0
1661974080000,0.2929,0.2929,0.2928,0.2929,7374.0
1661974140000,0.2928,0.2928,0.2927,0.2928,4772.0
1661974200000,0.2928,0.2928,0.2925,0.2928,16756.0
1661974260000,0.2928,0.293,0.2926,0.2928,28184.0
1661974320000,0.2927,0.2929,0.2927,0.2928,24497.0
1661974380000,0.2927,0.2927,0.2925,0.2927,24231.0
1661974440000,0.2925,0.2928,0.2925,0.2925,35415.0
1661974500000,0.2925,0.2925,0.2922,0.2925,15062.0
1661974560000,0.2926,0.2929,0.2926,0.2927,3701.0
1661974620000,0.2927,0.2932,0.2927,0.2927,22996.0
1661974680000,0.2927,0.2928,0.2927,0.2928,12374.0
1661974740000,0.2928,0.2931,0.2928,0.2931,1937.0
1661974800000,0.2931,0.2932,0.2931,0.2931,5346.0
1661974860000,0.2928,0.2931,0.2928,0.2931,3873.0
1661974920000,0.2931,0.2935,0.2929,0.2933,6590.0
1661974980000,0.2935,0.2936,0.2934,0.2934,6238.0
1661975040000,0.2934,0.2937,0.2934,0.2936,5073.0
1661975100000,0.2936,0.2936,0.2934,0.2934,1860.0
1661975160000,0.2934,0.2935,0.2934,0.2934,5282.0
1661975220000,0.2934,0.2934,0.2933,0.2934,3619.0
1661975280000,0.2935,0.2942,0.2935,0.2942,44595.0
1661975340000,0.2942,0.2942,0.2938,0.2939,10815.0
1661975400000,0.2939,0.2939,0.2936,0.2936,10337.0
1661975460000,0.2934,0.2934,0.2931,0.2932,8386.0
1661975520000,0.2934,0.2936,0.2934,0.2935,2380.0
1661975580000,0.2934,0.2936,0.2933,0.2934,40278.0
1661975640000,0.2933,0.2934,0.2932,0.2932,1387.0
1661975700000,0.2932,0.2932,0.293,0.293,6269.0
1661975760000,0.293,0.2932,0.293,0.2931,3863.0
1661975820000,0.2931,0.2931,0.2929,0.2929,3608.0
1661975880000,0.2929,0.2929,0.2929,0.2929,3272.0
1661975940000,0.2929,0.293,0.2928,0.2928,26628.0
1661976000000,0.2928,0.2929,0.2924,0.2925,38587.0
1661976060000,0.2926,0.2929,0.2926,0.2929,9142.0
1661976120000,0.2929,0.293,0.2929,0.2929,2842.0
1661976180000,0.293,0.293,0.2929,0.2929,2108.0
1661976240000,0.2929,0.2929,0.2927,0.2928,2740.0
1661976300000,0.2927,0.2928,0.2927,0.2928,3635.0
1661976360000,0.2928,0.2929,0.2928,0.2929,22789.0
1661976420000,0.2928,0.2928,0.2925,0.2926,8311.0
1661976480000,0.2926,0.2928,0.2925,0.2925,11877.0
1661976540000,0.2924,0.2925,0.2924,0.2925,993.0
1661976600000,0.2925,0.2926,0.2924,0.2926,1146.0
1661976660000,0.2926,0.2926,0.2926,0.2926,0.0
1661976720000,0.2926,0.2926,0.2924,0.2924,3950.0
1661976780000,0.2924,0.2924,0.2923,0.2923,180.0
1661976840000,0.2923,0.2923,0.2918,0.2918,32615.0
1661976900000,0.2918,0.2919,0.2918,0.2918,2488.0
1661976960000,0.2918,0.2921,0.2918,0.292,5674.0
1661977020000,0.292,0.2922,0.292,0.2921,7351.0
1661977080000,0.2921,0.2922,0.292,0.2922,4172.0
1661977140000,0.2922,0.2922,0.2921,0.2921,5129.0
1661977200000,0.292,0.292,0.2919,0.292,4093.0
1661977260000,0.292,0.292,0.292,0.292,361.0
1661977320000,0.292,0.292,0.2918,0.292,4081.0
1661977380000,0.292,0.292,0.292,0.292,51.0
1661977440000,0.2919,0.292,0.2918,0.292,972.0
1661977500000,0.292,0.292,0.2918,0.2918,4322.0
1661977560000,0.2919,0.2919,0.2919,0.2919,329.0
1661977620000,0.2921,0.2923,0.2921,0.2922,11976.0
1661977680000,0.2922,0.2922,0.2921,0.2922,3931.0
1661977740000,0.2922,0.2924,0.2922,0.2924,12581.0
1661977800000,0.2924,0.2924,0.2924,0.2924,0.0
1661977860000,0.2924,0.2924,0.2921,0.2921,1237.0
1661977920000,0.2922,0.2922,0.2921,0.2921,3001.0
1661977980000,0.2921,0.2923,0.292,0.2923,612.0
1661978040000,0.2923,0.2923,0.2921,0.2921,4300.0
1661978100000,0.2922,0.2922,0.2922,0.2922,9645.0
1661978160000,0.2922,0.2922,0.2917,0.2917,10767.0
1661978220000,0.2918,0.2918,0.2916,0.2917,12202.0
1661978280000,0.2916,0.2916,0.2915,0.2915,4313.0
1661978340000,0.2916,0.2919,0.2916,0.2918,14581.0
1661978400000,0.2918,0.2918,0.2918,0.2918,0.0
1661978460000,0.2915,0.2918,0.2915,0.2918,4404.0
1661978520000,0.2918,0.2918,0.2917,0.2917,855.0
1661978580000,0.2916,0.2916,0.2915,0.2915,4007.0
1661978640000,0.2916,0.2918,0.2916,0.2918,494.0
1661978700000,0.2917,0.2917,0.2916,0.2917,2922.0
1661978760000,0.2917,0.2918,0.2917,0.2917,8055.0
1661978820000,0.2918,0.2918,0.2917,0.2917,240.0
1661978880000,0.2917,0.2918,0.2917,0.2918,1020.0
1661978940000,0.2917,0.2918,0.2917,0.2918,775.0
1661979000000,0.2917,0.2918,0.2916,0.2918,2266.0
1661979060000,0.2917,0.2917,0.2916,0.2916,8605.0
1661979120000,0.2916,0.2916,0.2916,0.2916,1242.0
1661979180000,0.2917,0.2918,0.2916,0.2917,11055.0
1661979240000,0.2917,0.2917,0.2915,0.2915,23316.0
1661979300000,0.2915,0.2916,0.2915,0.2915,6601.0
1661979360000,0.2917,0.2917,0.2917,0.2917,1147.0
1661979420000,0.2917,0.2917,0.2917,0.2917,477.0
1661979480000,0.2916,0.2918,0.2916,0.2918,1281.0
1661979540000,0.2918,0.2918,0.2917,0.2917,11767.0
1661979600000,0.2916,0.2916,0.2915,0.2915,11470.0
1661979660000,0.2917,0.2918,0.2917,0.2917,1672.0
1661979720000,0.2917,0.2918,0.2916,0.2918,28051.0
1661979780000,0.2917,0.2918,0.2917,0.2918,2071.0
1661979840000,0.2917,0.2917,0.2916,0.2916,3084.0
1661979900000,0.2916,0.2916,0.2916,0.2916,0.0
1661979960000,0.2916,0.2918,0.2916,0.2918,2242.0
1661980020000,0.2917,0.2918,0.2917,0.2918,77864.0
1661980080000,0.2918,0.2918,0.2917,0.2918,21748.0
1661980140000,0.2918,0.2918,0.2917,0.2917,24196.0
1661980200000,0.2918,0.2918,0.2917,0.2918,20744.0
1661980260000,0.2918,0.292,0.2917,0.292,143809.0
1661980320000,0.292,0.292,0.2919,0.292,28481.0
1661980380000,0.292,0.292,0.2919,0.2919,5353.0
1661980440000,0.292,0.292,0.2919,0.292,5424.0
1661980500000,0.292,0.292,0.2917,0.2917,28497.0
1661980560000,0.2918,0.2919,0.2918,0.2918,6271.0
1661980620000,0.2918,0.2918,0.2917,0.2917,2927.0
1661980680000,0.2917,0.2919,0.2917,0.2919,8244.0
1661980740000,0.2919,0.2919,0.2918,0.2919,9854.0
1661980800000,0.2919,0.2919,0.2918,0.2919,2066.0
1661980860000,0.2918,0.2919,0.2918,0.2919,8810.0
1661980920000,0.2919,0.292,0.2919,0.2919,13016.0
1661980980000,0.292,0.292,0.292,0.292,86225.0
1661981040000,0.2919,0.292,0.2919,0.292,40241.0
1661981100000,0.292,0.292,0.2919,0.2919,31622.0
1661981160000,0.292,0.292,0.2919,0.2919,20218.0
1661981220000,0.2919,0.292,0.2919,0.292,2010.0
1661981280000,0.292,0.292,0.2919,0.2919,33080.0
1661981340000,0.292,0.292,0.2919,0.292,22359.0
1661981400000,0.292,0.2922,0.2919,0.2921,67954.0
1661981460000,0.2921,0.2922,0.292,0.292,5316.0
1661981520000,0.292,0.2921,0.292,0.292,6991.0
1661981580000,0.292,0.2921,0.2919,0.2919,21065.0
1661981640000,0.292,0.292,0.2919,0.2919,436.0
1661981700000,0.292,0.292,0.292,0.292,36.0
1661981760000,0.292,0.292,0.292,0.292,9774.0
1661981820000,0.292,0.292,0.292,0.292,1788.0
1661981880000,0.292,0.292,0.2919,0.292,730.0
1661981940000,0.292,0.2921,0.2919,0.2921,2730.0
1661982000000,0.292,0.2921,0.2919,0.292,18081.0
1661982060000,0.2921,0.2921,0.292,0.2921,1098.0
1661982120000,0.292,0.292,0.2919,0.2919,573.0
1661982180000,0.292,0.292,0.2919,0.2919,311.0
1661982240000,0.292,0.2921,0.292,0.2921,5309.0
1661982300000,0.2919,0.2921,0.2917,0.2917,33429.0
1661982360000,0.2918,0.2918,0.2917,0.2917,6774.0
1661982420000,0.2918,0.2918,0.2917,0.2917,3641.0
1661982480000,0.2918,0.2918,0.2917,0.2917,1351.0
1661982540000,0.2917,0.2917,0.2917,0.2917,206.0
1661982600000,0.2917,0.2917,0.2917,0.2917,3141.0
1661982660000,0.2918,0.2918,0.2917,0.2917,5006.0
1661982720000,0.2918,0.292,0.2918,0.292,7018.0
1661982780000,0.292,0.292,0.2919,0.292,2301.0
1661982840000,0.2919,0.2921,0.2919,0.2921,1080.0
1661982900000,0.292,0.2921,0.292,0.292,6317.0
1661982960000,0.2921,0.2926,0.2921,0.2925,12947.0
1661983020000,0.2926,0.2927,0.2926,0.2926,335.0
1661983080000,0.2926,0.2926,0.2925,0.2926,5237.0
1661983140000,0.2926,0.293,0.2926,0.293,10168.0
1661983200000,0.293,0.293,0.2925,0.2925,6194.0
1661983260000,0.2925,0.2925,0.2924,0.2924,9066.0
1661983320000,0.2925,0.2925,0.2925,0.2925,11806.0
1661983380000,0.2926,0.293,0.2926,0.293,10440.0
1661983440000,0.293,0.2931,0.293,0.2931,7112.0
1661983500000,0.2931,0.2931,0.2928,0.2928,5971.0
1661983560000,0.2928,0.293,0.2928,0.293,15960.0
1661983620000,0.293,0.2931,0.2928,0.2928,10326.0
1661983680000,0.2929,0.293,0.2929,0.293,4611.0
1661983740000,0.293,0.2931,0.2929,0.293,21821.0
1661983800000,0.293,0.293,0.2927,0.2927,8727.0
1661983860000,0.2928,0.2928,0.2925,0.2925,9715.0
1661983920000,0.2924,0.2925,0.2922,0.2922,3600.0
1661983980000,0.2921,0.2921,0.2914,0.2914,99330.0
1661984040000,0.2913,0.2915,0.2913,0.2915,4673.0
1661984100000,0.2913,0.2916,0.2913,0.2913,11063.0
1661984160000,0.2912,0.2912,0.2906,0.2909,20785.0
1661984220000,0.291,0.2913,0.2909,0.291,15166.0
1661984280000,0.2909,0.291,0.2903,0.2907,27671.0
1661984340000,0.2906,0.291,0.2906,0.2909,55947.0
1661984400000,0.2908,0.2908,0.2907,0.2908,11402.0
1661984460000,0.2909,0.291,0.2909,0.2909,4424.0
1661984520000,0.2908,0.2909,0.2907,0.2909,5355.0
1661984580000,0.2909,0.2909,0.2908,0.2909,9454.0
1661984640000,0.2909,0.291,0.2907,0.2907,5845.0
1661984700000,0.2907,0.2908,0.2903,0.2903,7663.0
1661984760000,0.2903,0.2905,0.2903,0.2904,5085.0
1661984820000,0.2904,0.2906,0.2904,0.2906,3285.0
1661984880000,0.2906,0.2906,0.2905,0.2906,2607.0
1661984940000,0.2907,0.2907,0.2904,0.2904,9144.0
1661985000000,0.2904,0.2904,0.2902,0.2902,5819.0
1661985060000,0.2904,0.2904,0.29,0.29,5680.0
1661985120000,0.2901,0.2902,0.2901,0.2902,7893.0
1661985180000,0.2901,0.2905,0.2901,0.2904,16665.0
1661985240000,0.2904,0.2904,0.2903,0.2903,5312.0
1661985300000,0.2904,0.2904,0.2902,0.2903,4699.0
1661985360000,0.2903,0.2905,0.2903,0.2905,5842.0
1661985420000,0.2903,0.2903,0.2901,0.2902,24871.0
1661985480000,0.2901,0.2901,0.2899,0.29,11207.0
1661985540000,0.2899,0.29,0.2898,0.2898,20136.0
1661985600000,0.2899,0.2899,0.2898,0.2898,9738.0
1661985660000,0.2898,0.2902,0.2898,0.2902,19248.0
1661985720000,0.2901,0.2901,0.2899,0.2899,18548.0
1661985780000,0.2899,0.2899,0.2898,0.2898,526.0
1661985840000,0.2898,0.2902,0.2898,0.2901,19855.0
1661985900000,0.29,0.2902,0.2898,0.2902,10666.0
1661985960000,0.2901,0.2905,0.2901,0.2905,19197.0
1661986020000,0.2905,0.2905,0.2903,0.2904,6366.0
1661986080000,0.2905,0.2905,0.2904,0.2904,12328.0
1661986140000,0.2904,0.2905,0.2903,0.2905,15862.0
1661986200000,0.2905,0.2908,0.2904,0.2908,13429.0
1661986260000,0.2908,0.2908,0.2906,0.2906,7334.0
1661986320000,0.2907,0.2907,0.2906,0.2907,4658.0
1661986380000,0.2907,0.2908,0.2907,0.2908,998.0
1661986440000,0.2908,0.2911,0.2908,0.2911,3675.0
1661986500000,0.2909,0.2909,0.2906,0.2907,12331.0
1661986560000,0.2908,0.2908,0.2907,0.2908,3187.0
1661986620000,0.2908,0.2908,0.2907,0.2907,2462.0
1661986680000,0.2909,0.2909,0.2909,0.2909,600.0
1661986740000,0.2908,0.291,0.2907,0.2909,10344.0
1661986800000,0.291,0.291,0.2908,0.2908,17816.0
1661986860000,0.2908,0.2908,0.2906,0.2907,16218.0
1661986920000,0.2908,0.2908,0.2904,0.2904,18372.0
1661986980000,0.2903,0.2903,0.2899,0.2902,32995.0
1661987040000,0.2902,0.2903,0.2901,0.2902,9609.0
1661987100000,0.2902,0.2902,0.29,0.29,11687.0
1661987160000,0.2901,0.2902,0.2896,0.2896,53827.0
1661987220000,0.2896,0.2897,0.2896,0.2897,10987.0
1661987280000,0.2897,0.2898,0.2895,0.2897,11673.0
1661987340000,0.2898,0.2899,0.2896,0.2896,25451.0
1661987400000,0.2896,0.2898,0.2896,0.2897,104443.0
1661987460000,0.2897,0.2899,0.2897,0.2899,65637.0
1661987520000,0.2899,0.2899,0.2896,0.2896,20180.0
1661987580000,0.2896,0.2897,0.2894,0.2894,9994.0
1661987640000,0.2895,0.2896,0.2895,0.2896,21693.0
1661987700000,0.2896,0.2897,0.2895,0.2897,11033.0
1661987760000,0.2897,0.2897,0.2893,0.2894,64444.0
1661987820000,0.2893,0.2895,0.289,0.2894,13597.0
1661987880000,0.2895,0.2896,0.2892,0.2892,2392.0
1661987940000,0.2892,0.2893,0.2886,0.2887,14602.0
1661988000000,0.2887,0.289,0.2887,0.289,7179.0
1661988060000,0.2888,0.2889,0.2888,0.2889,5104.0
1661988120000,0.2888,0.2889,0.2888,0.2889,8528.0
1661988180000,0.2888,0.2888,0.2881,0.2885,39259.0
1661988240000,0.2884,0.2888,0.2884,0.2887,20309.0
1661988300000,0.2887,0.2888,0.2886,0.2886,14959.0
1661988360000,0.2887,0.2887,0.2885,0.2887,9534.0
1661988420000,0.2887,0.2887,0.2886,0.2887,1303.0
1661988480000,0.2886,0.2886,0.2883,0.2883,1460.0
1661988540000,0.2882,0.2883,0.2882,0.2882,10691.0
1661988600000,0.2883,0.2884,0.2882,0.2883,24495.0
1661988660000,0.2881,0.2881,0.2877,0.2877,12527.0
1661988720000,0.2878,0.2881,0.2877,0.2881,26246.0
1661988780000,0.288,0.2882,0.2879,0.2879,7490.0
1661988840000,0.2877,0.2877,0.2874,0.2877,26784.0
1661988900000,0.2877,0.2881,0.2877,0.2881,8016.0
1661988960000,0.2879,0.2879,0.2878,0.2878,1169.0
1661989020000,0.2878,0.2878,0.2878,0.2878,2267.0
1661989080000,0.2878,0.2879,0.2878,0.2879,398.0
1661989140000,0.2879,0.2879,0.2875,0.2876,7081.0
1661989200000,0.2876,0.2877,0.2874,0.2874,15392.0
1661989260000,0.2874,0.2874,0.2873,0.2874,23793.0
1661989320000,0.2875,0.2875,0.2874,0.2874,9540.0
1661989380000,0.2875,0.2877,0.2874,0.2877,13289.0
1661989440000,0.2877,0.288,0.2877,0.2878,12964.0
1661989500000,0.2878,0.2886,0.2878,0.2886,6468.0
1661989560000,0.2885,0.2885,0.2883,0.2883,8768.0
1661989620000,0.2882,0.2882,0.2879,0.2879,5625.0
1661989680000,0.2881,0.2882,0.288,0.288,8634.0
1661989740000,0.288,0.2882,0.288,0.288,2652.0
1661989800000,0.2881,0.2881,0.2881,0.2881,66.0
1661989860000,0.2882,0.2882,0.288,0.288,3023.0
1661989920000,0.2882,0.2884,0.2882,0.2883,9518.0
1661989980000,0.2884,0.2885,0.2884,0.2884,14641.0
1661990040000,0.2883,0.2886,0.2883,0.2885,35810.0
1661990100000,0.2885,0.2885,0.2884,0.2885,9474.0
1661990160000,0.2885,0.2886,0.2884,0.2885,6130.0
1661990220000,0.2886,0.2886,0.2886,0.2886,353.0
1661990280000,0.2886,0.2888,0.2885,0.2888,6748.0
1661990340000,0.2886,0.2887,0.2885,0.2885,15874.0
1661990400000,0.2885,0.2886,0.2883,0.2884,72790.0
1661990460000,0.2884,0.2887,0.2881,0.2887,6816.0
1661990520000,0.2888,0.2891,0.2886,0.2891,23318.0
1661990580000,0.289,0.2893,0.289,0.2893,6991.0
1661990640000,0.2893,0.2895,0.2893,0.2895,2742.0
1661990700000,0.2896,0.2899,0.2896,0.2898,12749.0
1661990760000,0.2897,0.2897,0.2895,0.2897,6096.0
1661990820000,0.2897,0.2901,0.2897,0.2901,12172.0
1661990880000,0.2901,0.2902,0.29,0.2901,6353.0
1661990940000,0.2902,0.2903,0.2902,0.2903,15365.0
1661991000000,0.2903,0.2903,0.29,0.2901,31711.0
1661991060000,0.2901,0.2903,0.2901,0.2903,2920.0
1661991120000,0.2903,0.2903,0.29,0.2901,251.0
1661991180000,0.2902,0.2902,0.2901,0.2902,4751.0
1661991240000,0.2903,0.2905,0.2903,0.2904,9778.0
1661991300000,0.2903,0.2904,0.2902,0.2902,4409.0
1661991360000,0.2903,0.2907,0.2903,0.2907,11565.0
1661991420000,0.2906,0.2906,0.2905,0.2905,33793.0
1661991480000,0.2905,0.2905,0.2898,0.2898,31643.0
1661991540000,0.2897,0.2899,0.2894,0.2894,31186.0
1661991600000,0.2894,0.2896,0.2893,0.2893,2819.0
1661991660000,0.2894,0.2895,0.2892,0.2893,4343.0
1661991720000,0.2894,0.2894,0.2891,0.2891,2358.0
1661991780000,0.2891,0.2892,0.2891,0.2891,4674.0
1661991840000,0.2892,0.2892,0.289,0.289,1372.0
1661991900000,0.2889,0.2889,0.2889,0.2889,2613.0
1661991960000,0.2892,0.2894,0.2892,0.2894,3889.0
1661992020000,0.2894,0.2895,0.2894,0.2894,6729.0
1661992080000,0.2896,0.2897,0.2896,0.2897,4691.0
1661992140000,0.2897,0.2897,0.2894,0.2894,8827.0
1661992200000,0.2894,0.2896,0.2894,0.2895,11993.0
1661992260000,0.2894,0.2895,0.2894,0.2895,7035.0
1661992320000,0.2896,0.2897,0.2895,0.2895,6377.0
1661992380000,0.2895,0.2895,0.2894,0.2894,6060.0
1661992440000,0.2895,0.2895,0.2889,0.2889,11717.0
1661992500000,0.289,0.2892,0.2889,0.2889,11827.0
1661992560000,0.2889,0.2889,0.2887,0.2888,6094.0
1661992620000,0.2889,0.289,0.2887,0.2887,5258.0
1661992680000,0.2887,0.2887,0.2885,0.2885,4931.0
1661992740000,0.2884,0.2884,0.2869,0.287,132073.0
1661992800000,0.2871,0.2872,0.2865,0.2867,114190.0
1661992860000,0.2867,0.2868,0.286,0.2866,74932.0
1661992920000,0.2864,0.2867,0.2863,0.2866,20407.0
1661992980000,0.2865,0.2865,0.286,0.2861,72470.0
1661993040000,0.286,0.2862,0.2858,0.286,67291.0
1661993100000,0.2859,0.2864,0.2857,0.2864,72113.0
1661993160000,0.2863,0.2865,0.2861,0.2862,46761.0
1661993220000,0.2862,0.2864,0.2862,0.2863,20376.0
1661993280000,0.2865,0.2868,0.2865,0.2867,35569.0
1661993340000,0.2868,0.2868,0.2864,0.2867,31240.0
1661993400000,0.2866,0.287,0.2866,0.2868,24381.0
1661993460000,0.2867,0.2867,0.286,0.2863,48758.0
1661993520000,0.2863,0.2863,0.2861,0.2861,3798.0
1661993580000,0.286,0.2864,0.2859,0.2864,12051.0
1661993640000,0.2865,0.2866,0.2864,0.2865,38950.0
1661993700000,0.2866,0.2869,0.2866,0.2869,9125.0
1661993760000,0.2869,0.2874,0.2869,0.2874,10398.0
1661993820000,0.2876,0.2878,0.2876,0.2878,3488.0
1661993880000,0.2878,0.2879,0.2877,0.2877,6598.0
1661993940000,0.2877,0.2878,0.2874,0.2875,20912.0
1661994000000,0.2875,0.2876,0.2874,0.2876,17305.0
1661994060000,0.2877,0.2879,0.2877,0.2879,17610.0
1661994120000,0.2878,0.2878,0.2874,0.2875,14209.0
1661994180000,0.2875,0.2878,0.2874,0.2876,6090.0
1661994240000,0.2876,0.2876,0.2875,0.2875,7145.0
1661994300000,0.288,0.2882,0.288,0.288,10971.0
1661994360000,0.288,0.288,0.2879,0.288,204.0
1661994420000,0.288,0.2881,0.2879,0.2881,6939.0
1661994480000,0.288,0.2881,0.2878,0.2878,2708.0
1661994540000,0.2879,0.288,0.2879,0.288,2342.0
1661994600000,0.2877,0.2877,0.2877,0.2877,4079.0
1661994660000,0.2877,0.2879,0.2877,0.2879,1684.0
1661994720000,0.2878,0.2878,0.2875,0.2875,2082.0
1661994780000,0.2878,0.2879,0.2878,0.2878,3011.0
1661994840000,0.2876,0.2876,0.2872,0.2872,6269.0
1661994900000,0.2872,0.2873,0.2872,0.2872,11035.0
1661994960000,0.2873,0.2879,0.2873,0.2879,6985.0
1661995020000,0.288,0.2882,0.2879,0.2882,4941.0
1661995080000,0.2882,0.2882,0.2882,0.2882,0.0
1661995140000,0.2881,0.2881,0.288,0.288,4067.0
1661995200000,0.2879,0.288,0.2879,0.288,2926.0
1661995260000,0.288,0.288,0.2876,0.2876,19747.0
1661995320000,0.2876,0.2878,0.2876,0.2878,17368.0
1661995380000,0.2878,0.2883,0.2878,0.2883,8907.0
1661995440000,0.2883,0.2885,0.2883,0.2884,11414.0
1661995500000,0.2884,0.2887,0.2884,0.2887,1929.0
1661995560000,0.2885,0.2886,0.2885,0.2886,1725.0
1661995620000,0.2886,0.2887,0.2884,0.2887,7573.0
1661995680000,0.2886,0.2887,0.2886,0.2887,5388.0
1661995740000,0.2888,0.2888,0.2887,0.2887,9917.0
1661995800000,0.2886,0.2888,0.2885,0.2887,4366.0
1661995860000,0.2887,0.2888,0.2887,0.2888,2945.0
1661995920000,0.2887,0.2887,0.2885,0.2886,7178.0
1661995980000,0.2886,0.2886,0.2883,0.2883,11613.0
1661996040000,0.2884,0.2887,0.2884,0.2887,5100.0
1661996100000,0.2888,0.2889,0.2888,0.2889,13835.0
1661996160000,0.2889,0.2891,0.2888,0.2891,8234.0
1661996220000,0.2891,0.2891,0.2889,0.289,3281.0
1661996280000,0.2891,0.2891,0.289,0.2891,5587.0
1661996340000,0.289,0.2892,0.289,0.289,26296.0
1661996400000,0.289,0.289,0.2889,0.2889,752.0
1661996460000,0.289,0.289,0.2889,0.2889,2141.0
1661996520000,0.289,0.2892,0.289,0.2892,1118.0
1661996580000,0.2892,0.2892,0.2891,0.2891,7507.0
1661996640000,0.2892,0.2892,0.2892,0.2892,101.0
1661996700000,0.2893,0.2893,0.2889,0.2889,11456.0
1661996760000,0.2891,0.2892,0.2891,0.2892,5627.0
1661996820000,0.2893,0.2894,0.2892,0.2893,31549.0
1661996880000,0.289,0.289,0.289,0.289,750.0
1661996940000,0.289,0.289,0.2889,0.289,2749.0
1661997000000,0.2891,0.2891,0.2891,0.2891,2556.0
1661997060000,0.2892,0.2893,0.289,0.2893,3422.0
1661997120000,0.2893,0.2894,0.2892,0.2892,5762.0
1661997180000,0.2892,0.2892,0.2892,0.2892,1041.0
1661997240000,0.2892,0.2893,0.2892,0.2892,4956.0
1661997300000,0.2892,0.2893,0.2892,0.2893,2657.0
1661997360000,0.2893,0.2893,0.2891,0.2891,2294.0
1661997420000,0.2892,0.2892,0.2892,0.2892,5050.0
1661997480000,0.2892,0.2892,0.2892,0.2892,1867.0
1661997540000,0.2892,0.2892,0.2889,0.2889,4255.0
1661997600000,0.289,0.2894,0.2889,0.2894,7063.0
1661997660000,0.2894,0.2894,0.289,0.2891,15716.0
1661997720000,0.2891,0.2893,0.2891,0.2893,11491.0
1661997780000,0.2894,0.2894,0.2893,0.2894,18454.0
1661997840000,0.2894,0.2896,0.2894,0.2895,8811.0
1661997900000,0.2896,0.2896,0.2895,0.2895,34403.0
1661997960000,0.2896,0.2897,0.2896,0.2897,5234.0
1661998020000,0.2896,0.2896,0.2895,0.2895,2721.0
1661998080000,0.2895,0.2898,0.2895,0.2896,26187.0
1661998140000,0.2897,0.2898,0.2896,0.2896,29139.0
1661998200000,0.2897,0.2898,0.2897,0.2898,2401.0
1661998260000,0.2896,0.2898,0.2896,0.2898,4659.0
1661998320000,0.2899,0.2899,0.2899,0.2899,2867.0
1661998380000,0.29,0.2901,0.2899,0.2901,9139.0
1661998440000,0.29,0.2901,0.29,0.29,7378.0
1661998500000,0.29,0.2903,0.29,0.2902,20105.0
1661998560000,0.2902,0.2902,0.29,0.29,16079.0
1661998620000,0.29,0.29,0.2899,0.2899,11869.0
1661998680000,0.2898,0.29,0.2898,0.29,2339.0
1661998740000,0.29,0.29,0.29,0.29,0.0
1661998800000,0.29,0.29,0.29,0.29,148.0
1661998860000,0.29,0.2902,0.2899,0.2902,5640.0
1661998920000,0.2901,0.2904,0.2901,0.2903,7646.0
1661998980000,0.2902,0.2903,0.2901,0.2901,16400.0
1661999040000,0.2903,0.2904,0.2903,0.2904,6534.0
1661999100000,0.2904,0.2906,0.2904,0.2906,12480.0
1661999160000,0.2905,0.2907,0.2905,0.2907,9455.0
1661999220000,0.2906,0.2906,0.2903,0.2904,26995.0
1661999280000,0.2904,0.2906,0.2904,0.2906,8766.0
1661999340000,0.2905,0.2905,0.2904,0.2905,3144.0
1661999400000,0.2905,0.2908,0.2905,0.2907,9055.0
1661999460000,0.2908,0.2908,0.2906,0.2906,1195.0
1661999520000,0.2907,0.2907,0.2905,0.2905,7618.0
1661999580000,0.2905,0.2905,0.2905,0.2905,1312.0
1661999640000,0.2906,0.2906,0.2904,0.2905,4847.0
1661999700000,0.2905,0.2905,0.2904,0.2905,8043.0
1661999760000,0.2905,0.2907,0.2904,0.2904,67243.0
1661999820000,0.2904,0.2904,0.2903,0.2903,2725.0
1661999880000,0.2904,0.2904,0.2904,0.2904,2451.0
1661999940000,0.2903,0.2903,0.2901,0.2901,15326.0
1662000000000,0.2899,0.2899,0.2899,0.2899,2187.0
1662000060000,0.2899,0.2899,0.2899,0.2899,2674.0
1662000120000,0.2899,0.2899,0.2898,0.2898,8059.0
1662000180000,0.2898,0.2898,0.2897,0.2897,295.0
1662000240000,0.2897,0.2898,0.2897,0.2897,5562.0
1662000300000,0.2897,0.2898,0.2896,0.2897,2112.0
1662000360000,0.2897,0.2897,0.2897,0.2897,2061.0
1662000420000,0.2896,0.2896,0.2893,0.2893,27838.0
1662000480000,0.2893,0.2894,0.2889,0.289,21323.0
1662000540000,0.289,0.2891,0.289,0.289,4433.0
1662000600000,0.2889,0.2889,0.2887,0.2887,3197.0
1662000660000,0.2889,0.2889,0.2888,0.2889,12217.0
1662000720000,0.2889,0.2889,0.2888,0.2888,1174.0
1662000780000,0.2889,0.289,0.2889,0.289,142.0
1662000840000,0.289,0.289,0.289,0.289,0.0
1662000900000,0.2891,0.2891,0.2891,0.2891,15348.0
1662000960000,0.2891,0.2891,0.289,0.289,2742.0
1662001020000,0.289,0.289,0.289,0.289,269.0
1662001080000,0.289,0.2891,0.289,0.2891,1666.0
1662001140000,0.2892,0.2893,0.2892,0.2893,304.0
1662001200000,0.2892,0.2892,0.289,0.289,10298.0
1662001260000,0.289,0.2891,0.2888,0.289,23701.0
1662001320000,0.2891,0.2892,0.2891,0.2892,12954.0
1662001380000,0.2891,0.2891,0.2891,0.2891,1678.0
1662001440000,0.2891,0.2892,0.2888,0.2888,20053.0
1662001500000,0.2887,0.2889,0.2887,0.2889,908.0
1662001560000,0.2892,0.2899,0.2892,0.2899,35995.0
1662001620000,0.2901,0.2901,0.2899,0.2899,4666.0
1662001680000,0.29,0.29,0.2898,0.2898,3093.0
1662001740000,0.2897,0.2898,0.2897,0.2898,2797.0
1662001800000,0.2897,0.2898,0.2896,0.2896,4186.0
1662001860000,0.2898,0.2898,0.2897,0.2897,328.0
1662001920000,0.2897,0.2898,0.2897,0.2898,5579.0
1662001980000,0.2898,0.2898,0.2898,0.2898,0.0
1662002040000,0.29,0.29,0.2896,0.2896,21955.0
1662002100000,0.2895,0.2896,0.2895,0.2895,1635.0
1662002160000,0.2895,0.2895,0.2893,0.2893,20965.0
1662002220000,0.2893,0.2893,0.2893,0.2893,11870.0
1662002280000,0.2893,0.2895,0.2893,0.2895,8401.0
1662002340000,0.2895,0.2898,0.2894,0.2898,12434.0
1662002400000,0.2898,0.2899,0.2898,0.2899,3514.0
1662002460000,0.2899,0.2899,0.2899,0.2899,4534.0
1662002520000,0.29,0.29,0.2897,0.2897,22981.0
1662002580000,0.2896,0.2897,0.2895,0.2897,8126.0
1662002640000,0.2897,0.2897,0.2893,0.2893,17049.0
1662002700000,0.2894,0.2894,0.2894,0.2894,195.0
1662002760000,0.2893,0.2893,0.2887,0.2887,13297.0
1662002820000,0.2887,0.2888,0.2886,0.2887,10947.0
1662002880000,0.2887,0.2887,0.2887,0.2887,4197.0
1662002940000,0.2886,0.2888,0.2886,0.2888,6929.0
1662003000000,0.2888,0.2888,0.2888,0.2888,0.0
1662003060000,0.2888,0.2888,0.2888,0.2888,2723.0
1662003120000,0.2887,0.2889,0.2887,0.2889,9875.0
1662003180000,0.2889,0.289,0.2889,0.2889,3799.0
1662003240000,0.2889,0.2891,0.2889,0.2891,1024.0
1662003300000,0.289,0.289,0.2888,0.2888,2730.0
1662003360000,0.2888,0.2888,0.2888,0.2888,45.0
1662003420000,0.2886,0.2887,0.2886,0.2887,326.0
1662003480000,0.2887,0.2887,0.2887,0.2887,510.0
1662003540000,0.2887,0.2888,0.2887,0.2888,845.0
1662003600000,0.2886,0.2886,0.2885,0.2885,2212.0
1662003660000,0.2884,0.2885,0.2883,0.2885,3239.0
1662003720000,0.2884,0.2884,0.2878,0.2879,46741.0
1662003780000,0.2881,0.2881,0.2878,0.2878,16942.0
1662003840000,0.2878,0.2879,0.2877,0.2878,7043.0
1662003900000,0.2876,0.2876,0.2875,0.2875,5462.0
1662003960000,0.2874,0.2874,0.287,0.287,18017.0
1662004020000,0.287,0.287,0.2867,0.2867,27625.0
1662004080000,0.2868,0.2868,0.2864,0.2866,42517.0
1662004140000,0.2866,0.2876,0.2866,0.2876,115107.0
1662004200000,0.2874,0.2875,0.2873,0.2874,6240.0
1662004260000,0.2873,0.2875,0.2873,0.2873,1986.0
1662004320000,0.2873,0.2874,0.2872,0.2874,9569.0
1662004380000,0.2874,0.2879,0.2874,0.2879,15879.0
1662004440000,0.288,0.2881,0.288,0.2881,10115.0
1662004500000,0.2881,0.2881,0.2879,0.2879,9645.0
1662004560000,0.2878,0.2878,0.2877,0.2877,651.0
1662004620000,0.2876,0.2876,0.2873,0.2874,18172.0
1662004680000,0.2874,0.2874,0.2871,0.2871,47397.0
1662004740000,0.2872,0.2874,0.2872,0.2874,6963.0
1662004800000,0.2873,0.2874,0.2873,0.2874,185.0
1662004860000,0.2876,0.2878,0.2876,0.2878,4371.0
1662004920000,0.2878,0.2878,0.2875,0.2875,7506.0
1662004980000,0.2876,0.2876,0.2875,0.2875,3218.0
1662005040000,0.2876,0.2877,0.2876,0.2877,431.0
1662005100000,0.2877,0.2885,0.2877,0.2881,85453.0
1662005160000,0.2881,0.2884,0.2881,0.2884,15634.0
1662005220000,0.2885,0.2885,0.2882,0.2882,6440.0
1662005280000,0.2882,0.2883,0.2882,0.2883,6366.0
1662005340000,0.2883,0.2884,0.2878,0.2878,18997.0
1662005400000,0.2877,0.2878,0.2875,0.2875,8223.0
1662005460000,0.2877,0.2879,0.2876,0.2876,12137.0
1662005520000,0.2876,0.2877,0.2874,0.2875,9014.0
1662005580000,0.2875,0.2876,0.2875,0.2876,6357.0
1662005640000,0.2876,0.2876,0.2876,0.2876,457.0
1662005700000,0.2876,0.2876,0.2872,0.2872,5209.0
1662005760000,0.2872,0.2874,0.2871,0.2872,14883.0
1662005820000,0.2872,0.2874,0.2871,0.2873,14787.0
1662005880000,0.2873,0.2876,0.2873,0.2876,12619.0
1662005940000,0.2875,0.2876,0.2875,0.2875,4459.0
1662006000000,0.2877,0.2877,0.2876,0.2876,6782.0
1662006060000,0.2876,0.2876,0.2872,0.2872,8229.0
1662006120000,0.2873,0.2873,0.2872,0.2872,85.0
1662006180000,0.2876,0.2877,0.2874,0.2874,5899.0
1662006240000,0.2874,0.2875,0.2874,0.2874,2163.0
1662006300000,0.2874,0.2874,0.2874,0.2874,3051.0
1662006360000,0.2875,0.2882,0.2875,0.2882,14124.0
1662006420000,0.2881,0.2882,0.2881,0.2881,8176.0
1662006480000,0.2882,0.2884,0.2882,0.2883,2649.0
1662006540000,0.2883,0.2884,0.2879,0.2879,11520.0
1662006600000,0.2882,0.2882,0.2882,0.2882,676.0
1662006660000,0.2882,0.2883,0.2881,0.2882,7748.0
1662006720000,0.288,0.2881,0.288,0.2881,482.0
1662006780000,0.2882,0.2882,0.2882,0.2882,2653.0
1662006840000,0.2882,0.2883,0.2882,0.2883,531.0
1662006900000,0.2882,0.2882,0.2881,0.2881,1326.0
1662006960000,0.2881,0.2884,0.2881,0.2883,8759.0
1662007020000,0.2884,0.2887,0.2884,0.2886,9613.0
1662007080000,0.2886,0.2888,0.2886,0.2888,820.0
1662007140000,0.2888,0.2888,0.2887,0.2887,6745.0
1662007200000,0.2887,0.2887,0.2884,0.2884,6660.0
1662007260000,0.2884,0.2885,0.2884,0.2884,4953.0
1662007320000,0.2885,0.2885,0.2885,0.2885,1147.0
1662007380000,0.2885,0.2886,0.2885,0.2885,8877.0
1662007440000,0.2886,0.2887,0.2886,0.2887,10662.0
1662007500000,0.2888,0.2888,0.2888,0.2888,147.0
1662007560000,0.2889,0.289,0.2887,0.289,32462.0
1662007620000,0.2889,0.289,0.2885,0.2886,26945.0
1662007680000,0.2885,0.2885,0.2883,0.2885,6451.0
1662007740000,0.2887,0.2888,0.2887,0.2888,9650.0
1662007800000,0.2889,0.2889,0.2886,0.2886,23864.0
1662007860000,0.2887,0.2887,0.2887,0.2887,6018.0
1662007920000,0.2887,0.2889,0.2885,0.2889,12042.0
1662007980000,0.2888,0.2888,0.2886,0.2888,29268.0
1662008040000,0.2887,0.2889,0.2887,0.2889,1228.0
1662008100000,0.2889,0.2889,0.2888,0.2888,4125.0
1662008160000,0.2888,0.2888,0.2888,0.2888,11558.0
1662008220000,0.2888,0.2888,0.2886,0.2886,5891.0
1662008280000,0.2886,0.2888,0.2886,0.2886,5101.0
1662008340000,0.2887,0.2887,0.2884,0.2884,2471.0
1662008400000,0.2885,0.2885,0.2884,0.2884,4132.0
1662008460000,0.2885,0.2886,0.2885,0.2885,15249.0
1662008520000,0.2885,0.2888,0.2883,0.2884,62593.0
1662008580000,0.2883,0.2884,0.2883,0.2884,4833.0
1662008640000,0.2883,0.2883,0.2881,0.2882,15228.0
1662008700000,0.2882,0.2886,0.2882,0.2886,6566.0
1662008760000,0.2887,0.2888,0.2887,0.2888,4766.0
1662008820000,0.2887,0.2887,0.2884,0.2884,36230.0
1662008880000,0.2884,0.2886,0.2884,0.2884,6635.0
1662008940000,0.2885,0.2885,0.2881,0.2881,20943.0
1662009000000,0.2881,0.2883,0.2881,0.2883,15821.0
1662009060000,0.2883,0.2884,0.2883,0.2884,1587.0
1662009120000,0.2884,0.2888,0.2884,0.2888,1390.0
1662009180000,0.2888,0.2889,0.2888,0.2889,199.0
1662009240000,0.2888,0.289,0.2888,0.289,21418.0
1662009300000,0.2891,0.2896,0.2891,0.2896,17836.0
1662009360000,0.2896,0.2896,0.2894,0.2895,25332.0
1662009420000,0.2894,0.2894,0.2893,0.2893,5816.0
1662009480000,0.2893,0.2894,0.2893,0.2894,9261.0
1662009540000,0.2895,0.2897,0.2895,0.2897,4562.0
1662009600000,0.2896,0.2896,0.2894,0.2894,3191.0
1662009660000,0.2895,0.2896,0.2895,0.2895,5284.0
1662009720000,0.2894,0.2895,0.2894,0.2895,1110.0
1662009780000,0.2896,0.2896,0.2894,0.2895,8237.0
1662009840000,0.2897,0.2899,0.2897,0.2899,7783.0
1662009900000,0.2898,0.2899,0.2898,0.2899,2005.0
1662009960000,0.2899,0.29,0.2899,0.29,2695.0
1662010020000,0.2899,0.29,0.2899,0.29,15414.0
1662010080000,0.29,0.29,0.2898,0.2898,2438.0
1662010140000,0.2899,0.29,0.2899,0.2899,10876.0
1662010200000,0.2899,0.2899,0.2896,0.2898,31697.0
1662010260000,0.2898,0.2898,0.2894,0.2895,8446.0
1662010320000,0.2896,0.2896,0.2895,0.2895,1532.0
1662010380000,0.2896,0.2897,0.2896,0.2896,4521.0
1662010440000,0.2898,0.2898,0.2897,0.2898,2906.0
1662010500000,0.2898,0.2898,0.2895,0.2896,12898.0
1662010560000,0.2897,0.2897,0.2896,0.2896,3680.0
1662010620000,0.2896,0.2898,0.2895,0.2898,9058.0
1662010680000,0.2899,0.29,0.2899,0.2899,6055.0
1662010740000,0.29,0.29,0.29,0.29,2634.0
1662010800000,0.2899,0.2899,0.2898,0.2898,3029.0
1662010860000,0.2897,0.2898,0.2896,0.2897,6643.0
1662010920000,0.2896,0.2896,0.2896,0.2896,3302.0
1662010980000,0.2896,0.2897,0.2896,0.2897,5479.0
1662011040000,0.2897,0.2897,0.2897,0.2897,1000.0
1662011100000,0.2899,0.2899,0.2897,0.2897,11861.0
1662011160000,0.2897,0.2897,0.2896,0.2897,488.0
1662011220000,0.2897,0.2897,0.2897,0.2897,3586.0
1662011280000,0.2898,0.2899,0.2896,0.2896,17920.0
1662011340000,0.2895,0.2895,0.2891,0.2892,17582.0
1662011400000,0.2891,0.2892,0.2889,0.2889,5065.0
1662011460000,0.2888,0.2888,0.2887,0.2887,16440.0
1662011520000,0.2888,0.289,0.2888,0.2888,5933.0
1662011580000,0.289,0.2891,0.289,0.2891,2037.0
1662011640000,0.2892,0.2892,0.289,0.289,9227.0
1662011700000,0.2888,0.289,0.2888,0.289,2521.0
1662011760000,0.2891,0.2891,0.2889,0.2889,6835.0
1662011820000,0.2888,0.2888,0.2885,0.2886,2330.0
1662011880000,0.2886,0.2888,0.2886,0.2888,1817.0
1662011940000,0.2888,0.2888,0.2887,0.2887,4248.0
1662012000000,0.2885,0.2886,0.2884,0.2886,2721.0
1662012060000,0.2886,0.2886,0.2885,0.2885,3844.0
1662012120000,0.2884,0.2886,0.2883,0.2886,14784.0
1662012180000,0.2887,0.2888,0.2884,0.2884,8249.0
1662012240000,0.2884,0.2884,0.2884,0.2884,0.0
1662012300000,0.2884,0.2884,0.2878,0.2878,14415.0
1662012360000,0.288,0.2884,0.288,0.2884,2945.0
1662012420000,0.2886,0.2886,0.2883,0.2883,6235.0
1662012480000,0.2884,0.2884,0.288,0.288,5996.0
1662012540000,0.2882,0.2882,0.2881,0.2882,5373.0
1662012600000,0.2884,0.2884,0.288,0.288,1252.0
1662012660000,0.288,0.288,0.2879,0.288,13645.0
1662012720000,0.2879,0.2879,0.2879,0.2879,4812.0
1662012780000,0.2879,0.2882,0.2879,0.2881,18624.0
1662012840000,0.2881,0.2881,0.2881,0.2881,448.0
1662012900000,0.288,0.288,0.2878,0.2878,6399.0
1662012960000,0.2878,0.2878,0.2875,0.2875,3687.0
1662013020000,0.2875,0.2878,0.2875,0.2878,10179.0
1662013080000,0.2877,0.2877,0.2874,0.2875,1533.0
1662013140000,0.2874,0.2875,0.2873,0.2874,2601.0
1662013200000,0.2874,0.2874,0.2873,0.2873,9371.0
1662013260000,0.2874,0.2875,0.2874,0.2875,7205.0
1662013320000,0.2873,0.2875,0.2873,0.2875,1009.0
1662013380000,0.2875,0.2875,0.2875,0.2875,2527.0
1662013440000,0.2872,0.2872,0.2872,0.2872,264.0
1662013500000,0.2872,0.2872,0.287,0.287,42146.0
1662013560000,0.2871,0.2874,0.2871,0.2874,2537.0
1662013620000,0.2874,0.2875,0.2874,0.2875,18427.0
1662013680000,0.2876,0.2877,0.2876,0.2877,1206.0
1662013740000,0.2877,0.2877,0.2874,0.2874,4187.0
1662013800000,0.2877,0.2877,0.2876,0.2876,6032.0
1662013860000,0.2875,0.2875,0.2873,0.2875,560.0
1662013920000,0.2873,0.2874,0.2873,0.2874,267.0
1662013980000,0.2873,0.2873,0.2872,0.2873,2668.0
1662014040000,0.2873,0.2875,0.2872,0.2875,2162.0
1662014100000,0.2875,0.2875,0.2875,0.2875,1601.0
1662014160000,0.2876,0.2877,0.2875,0.2876,3820.0
1662014220000,0.2876,0.2876,0.2872,0.2872,5100.0
1662014280000,0.2873,0.2873,0.2872,0.2872,5393.0
1662014340000,0.2872,0.2872,0.2872,0.2872,0.0
1662014400000,0.2874,0.2876,0.2874,0.2876,5290.0
1662014460000,0.2875,0.2877,0.2875,0.2877,3133.0
1662014520000,0.2878,0.2878,0.2876,0.2877,1874.0
1662014580000,0.2875,0.2876,0.2875,0.2875,2531.0
1662014640000,0.2876,0.2877,0.2872,0.2872,12899.0
1662014700000,0.2873,0.2873,0.2871,0.2872,1421.0
1662014760000,0.2873,0.2875,0.2873,0.2875,2200.0
1662014820000,0.2875,0.2877,0.2875,0.2877,241.0
1662014880000,0.2876,0.2876,0.2873,0.2873,7751.0
1662014940000,0.2875,0.2876,0.2871,0.2871,2080.0
1662015000000,0.2871,0.2871,0.287,0.287,8025.0
1662015060000,0.2871,0.2873,0.2869,0.2869,1338.0
1662015120000,0.2869,0.287,0.2869,0.2869,13137.0
1662015180000,0.287,0.287,0.2869,0.2869,13695.0
1662015240000,0.2869,0.2871,0.2869,0.2871,1777.0
1662015300000,0.287,0.2871,0.287,0.287,7750.0
1662015360000,0.287,0.2871,0.2869,0.287,4327.0
1662015420000,0.2871,0.2871,0.287,0.287,1098.0
1662015480000,0.287,0.2871,0.2866,0.2866,25583.0
1662015540000,0.287,0.2873,0.2869,0.2873,20516.0
1662015600000,0.2872,0.2872,0.2867,0.2868,7429.0
1662015660000,0.2867,0.2868,0.2864,0.2868,39161.0
1662015720000,0.2868,0.2868,0.286,0.2861,22443.0
1662015780000,0.2861,0.2867,0.2861,0.2867,11849.0
1662015840000,0.2866,0.2867,0.2864,0.2864,7145.0
1662015900000,0.2866,0.2866,0.2862,0.2865,50448.0
1662015960000,0.2865,0.2865,0.2862,0.2862,16445.0
1662016020000,0.2862,0.2865,0.2862,0.2863,10301.0
1662016080000,0.2862,0.2862,0.2861,0.2861,3687.0
1662016140000,0.2861,0.2862,0.2861,0.2862,34033.0
1662016200000,0.2863,0.2863,0.2861,0.2862,16439.0
1662016260000,0.2862,0.2862,0.286,0.2862,6244.0
1662016320000,0.2861,0.2862,0.2859,0.2862,9436.0
1662016380000,0.2862,0.2862,0.2861,0.2861,9064.0
1662016440000,0.286,0.2862,0.2859,0.2862,25604.0
1662016500000,0.2862,0.2865,0.286,0.2865,27684.0
1662016560000,0.2865,0.2866,0.2861,0.2861,22779.0
1662016620000,0.2862,0.2862,0.2855,0.2855,32922.0
1662016680000,0.2855,0.2857,0.2853,0.2857,4209.0
1662016740000,0.2858,0.2862,0.2858,0.2858,24061.0
1662016800000,0.286,0.2861,0.2859,0.2861,6896.0
1662016860000,0.286,0.286,0.2858,0.286,7557.0
1662016920000,0.2861,0.2863,0.2861,0.2862,4729.0
1662016980000,0.2863,0.2864,0.2862,0.2862,7480.0
1662017040000,0.2862,0.2862,0.286,0.286,1574.0
1662017100000,0.286,0.2864,0.286,0.2863,7821.0
1662017160000,0.2863,0.2863,0.2862,0.2863,5539.0
1662017220000,0.2863,0.2863,0.2861,0.2862,8011.0
1662017280000,0.2862,0.2864,0.2862,0.2864,5416.0
1662017340000,0.2862,0.2863,0.286,0.2861,6251.0
1662017400000,0.2861,0.2862,0.2859,0.286,10020.0
1662017460000,0.2859,0.2859,0.2854,0.2854,58713.0
1662017520000,0.2854,0.2854,0.285,0.2853,50775.0
1662017580000,0.2853,0.2854,0.2853,0.2853,5198.0
1662017640000,0.2854,0.2856,0.2854,0.2854,16288.0
1662017700000,0.2854,0.2859,0.2854,0.2858,22904.0
1662017760000,0.2857,0.2858,0.2856,0.2858,24147.0
1662017820000,0.2858,0.2858,0.2858,0.2858,1251.0
1662017880000,0.2857,0.2858,0.2856,0.2857,7895.0
1662017940000,0.2856,0.2858,0.2856,0.2858,3530.0
1662018000000,0.2858,0.2858,0.2857,0.2857,3545.0
1662018060000,0.2857,0.2857,0.2856,0.2856,5587.0
1662018120000,0.2856,0.2856,0.2854,0.2855,15364.0
1662018180000,0.2856,0.2858,0.2856,0.2858,2159.0
1662018240000,0.2859,0.286,0.2859,0.286,3379.0
1662018300000,0.286,0.2861,0.2859,0.2859,9231.0
1662018360000,0.2861,0.2861,0.2857,0.2857,2788.0
1662018420000,0.2859,0.2864,0.2859,0.2864,22044.0
1662018480000,0.2864,0.2864,0.2862,0.2864,11172.0
1662018540000,0.2864,0.2867,0.2864,0.2866,21336.0
1662018600000,0.2865,0.2865,0.2864,0.2865,2854.0
1662018660000,0.2864,0.2864,0.2863,0.2864,6877.0
1662018720000,0.2864,0.2864,0.2862,0.2863,2271.0
1662018780000,0.2863,0.2863,0.2862,0.2862,5028.0
1662018840000,0.2864,0.2864,0.2864,0.2864,1788.0
1662018900000,0.2864,0.2864,0.2864,0.2864,1345.0
1662018960000,0.2865,0.2865,0.2863,0.2864,1254.0
1662019020000,0.2864,0.2864,0.2864,0.2864,1478.0
1662019080000,0.2864,0.2866,0.2864,0.2866,8283.0
1662019140000,0.2866,0.2868,0.2866,0.2868,6644.0
1662019200000,0.2868,0.2868,0.2866,0.2868,4392.0
1662019260000,0.2867,0.2867,0.2863,0.2863,8633.0
1662019320000,0.2863,0.2863,0.2858,0.286,50341.0
1662019380000,0.286,0.2866,0.2859,0.2866,19554.0
1662019440000,0.2866,0.2867,0.2866,0.2866,11511.0
1662019500000,0.2867,0.2867,0.2867,0.2867,4935.0
1662019560000,0.2869,0.2869,0.2868,0.2868,6846.0
1662019620000,0.2867,0.2869,0.2867,0.2868,4502.0
1662019680000,0.2867,0.2867,0.2865,0.2865,5421.0
1662019740000,0.2865,0.2866,0.2864,0.2864,2285.0
1662019800000,0.2864,0.2864,0.2864,0.2864,4178.0
1662019860000,0.2865,0.2865,0.2864,0.2864,5329.0
1662019920000,0.2865,0.2868,0.2865,0.2867,6631.0
1662019980000,0.2869,0.287,0.2868,0.287,26468.0
1662020040000,0.2869,0.287,0.2869,0.287,5025.0
1662020100000,0.2871,0.2871,0.2869,0.287,8166.0
1662020160000,0.2871,0.2871,0.2868,0.2868,8926.0
1662020220000,0.2869,0.2869,0.2867,0.2869,10557.0
1662020280000,0.2869,0.287,0.2869,0.2869,11407.0
1662020340000,0.2869,0.2869,0.2869,0.2869,276.0
1662020400000,0.2868,0.2868,0.2868,0.2868,1066.0
1662020460000,0.2869,0.287,0.2869,0.287,463.0
1662020520000,0.2869,0.287,0.2869,0.287,3085.0
1662020580000,0.287,0.287,0.2869,0.2869,5540.0
1662020640000,0.287,0.2871,0.2869,0.2869,5481.0
1662020700000,0.287,0.287,0.2869,0.2869,6797.0
1662020760000,0.2869,0.2869,0.2869,0.2869,0.0
1662020820000,0.287,0.287,0.2869,0.2869,6057.0
1662020880000,0.2869,0.2869,0.2868,0.2868,16928.0
1662020940000,0.2869,0.2869,0.2864,0.2864,10827.0
1662021000000,0.2864,0.2864,0.2862,0.2864,8672.0
1662021060000,0.2864,0.2867,0.2862,0.2862,7114.0
1662021120000,0.2861,0.2861,0.2857,0.2859,5933.0
1662021180000,0.2857,0.2859,0.2857,0.2857,5391.0
1662021240000,0.2857,0.2857,0.2853,0.2853,39268.0
1662021300000,0.2855,0.2856,0.2855,0.2856,5585.0
1662021360000,0.2855,0.2857,0.2855,0.2857,13882.0
1662021420000,0.2858,0.2868,0.2858,0.2868,18116.0
1662021480000,0.2869,0.287,0.2868,0.2868,3657.0
1662021540000,0.2867,0.2867,0.2867,0.2867,1068.0
1662021600000,0.2866,0.2867,0.2865,0.2865,888.0
1662021660000,0.2865,0.2865,0.2859,0.286,19568.0
1662021720000,0.2861,0.2865,0.2861,0.2864,19476.0
1662021780000,0.2864,0.2864,0.2861,0.2861,1808.0
1662021840000,0.2862,0.2862,0.2861,0.2862,2104.0
1662021900000,0.2862,0.2863,0.2861,0.2863,11031.0
1662021960000,0.2861,0.2862,0.2859,0.2862,4634.0
1662022020000,0.2862,0.2863,0.2861,0.2863,3076.0
1662022080000,0.2863,0.2864,0.2863,0.2864,547.0
1662022140000,0.2865,0.2867,0.2864,0.2866,38063.0
1662022200000,0.2866,0.2866,0.2866,0.2866,610.0
1662022260000,0.2867,0.2867,0.2866,0.2866,1793.0
1662022320000,0.2865,0.2866,0.2864,0.2864,941.0
1662022380000,0.2864,0.2865,0.2864,0.2865,3909.0
1662022440000,0.2865,0.2865,0.2863,0.2864,16303.0
1662022500000,0.2864,0.2867,0.2864,0.2867,3449.0
1662022560000,0.2867,0.2868,0.2867,0.2868,7661.0
1662022620000,0.2867,0.2868,0.2867,0.2868,2508.0
1662022680000,0.2869,0.2869,0.2869,0.2869,4933.0
1662022740000,0.2868,0.287,0.2867,0.2869,5969.0
1662022800000,0.2869,0.287,0.2869,0.2869,5250.0
1662022860000,0.2869,0.287,0.2869,0.287,4386.0
1662022920000,0.287,0.287,0.2868,0.2869,4037.0
1662022980000,0.287,0.2874,0.287,0.2874,4734.0
1662023040000,0.2875,0.2877,0.2874,0.2877,6692.0
1662023100000,0.2876,0.2878,0.2875,0.2878,11089.0
1662023160000,0.2877,0.2877,0.2874,0.2876,24539.0
1662023220000,0.2875,0.2875,0.2874,0.2874,1850.0
1662023280000,0.2874,0.2875,0.2874,0.2875,1756.0
1662023340000,0.2875,0.2876,0.2874,0.2875,40221.0
1662023400000,0.2875,0.2876,0.2873,0.2873,9968.0
1662023460000,0.2873,0.2876,0.2873,0.2875,6831.0
1662023520000,0.2876,0.2876,0.2872,0.2872,14306.0
1662023580000,0.2874,0.2874,0.2873,0.2873,1782.0
1662023640000,0.2872,0.2873,0.2867,0.2867,39655.0
1662023700000,0.2867,0.2868,0.2866,0.2867,3799.0
1662023760000,0.2867,0.2869,0.2867,0.2868,7931.0
1662023820000,0.2868,0.2868,0.2865,0.2865,6897.0
1662023880000,0.2865,0.2865,0.2862,0.2863,4616.0
1662023940000,0.2863,0.2864,0.2862,0.2862,12487.0
1662024000000,0.2864,0.2865,0.2862,0.2862,17201.0
1662024060000,0.2862,0.2862,0.2859,0.286,12174.0
1662024120000,0.2859,0.2864,0.2859,0.2861,23642.0
1662024180000,0.2861,0.2863,0.2861,0.2863,3231.0
1662024240000,0.2864,0.2866,0.2864,0.2865,3317.0
1662024300000,0.2865,0.2865,0.2864,0.2864,2779.0
1662024360000,0.2864,0.2864,0.2864,0.2864,19794.0
1662024420000,0.2865,0.2866,0.2864,0.2865,6742.0
1662024480000,0.2866,0.2866,0.2864,0.2864,997.0
1662024540000,0.2864,0.2864,0.2862,0.2864,5166.0
1662024600000,0.2863,0.2864,0.2863,0.2864,8179.0
1662024660000,0.2864,0.2864,0.2861,0.2861,6685.0
1662024720000,0.2862,0.2863,0.286,0.286,12796.0
1662024780000,0.2862,0.2864,0.2862,0.2863,5379.0
1662024840000,0.2863,0.2864,0.2862,0.2864,1034.0
1662024900000,0.2863,0.2863,0.2863,0.2863,1002.0
1662024960000,0.2865,0.2866,0.2864,0.2865,7736.0
1662025020000,0.2866,0.2867,0.2866,0.2867,2822.0
1662025080000,0.2868,0.2869,0.2868,0.2868,8523.0
1662025140000,0.2867,0.2869,0.2867,0.2869,3634.0
1662025200000,0.2868,0.2868,0.2868,0.2868,54.0
1662025260000,0.2869,0.2869,0.2866,0.2866,8205.0
1662025320000,0.2867,0.2868,0.2867,0.2868,2469.0
1662025380000,0.2867,0.2868,0.2867,0.2867,4854.0
1662025440000,0.2869,0.2869,0.2868,0.2869,2868.0
1662025500000,0.287,0.2872,0.287,0.2871,5330.0
1662025560000,0.2868,0.2868,0.2867,0.2867,1419.0
1662025620000,0.2867,0.2869,0.2866,0.2868,19958.0
1662025680000,0.2869,0.287,0.2869,0.2869,532.0
1662025740000,0.2869,0.2869,0.2869,0.2869,37.0
1662025800000,0.287,0.2872,0.287,0.2872,2699.0
1662025860000,0.2874,0.2874,0.2872,0.2874,2797.0
1662025920000,0.2874,0.2877,0.2874,0.2876,10220.0
1662025980000,0.2877,0.2877,0.2877,0.2877,201.0
1662026040000,0.2878,0.2881,0.2877,0.2879,32512.0
1662026100000,0.2878,0.288,0.2878,0.2879,9091.0
1662026160000,0.2878,0.2878,0.2877,0.2878,7469.0
1662026220000,0.2878,0.2879,0.2878,0.2879,2767.0
1662026280000,0.2879,0.2879,0.2877,0.2878,4963.0
1662026340000,0.2878,0.2878,0.2877,0.2877,4622.0
1662026400000,0.2878,0.2878,0.2878,0.2878,39986.0
1662026460000,0.2878,0.2879,0.2878,0.2878,3383.0
1662026520000,0.2879,0.2879,0.2878,0.2878,2346.0
1662026580000,0.2878,0.2878,0.2877,0.2878,21540.0
1662026640000,0.2879,0.288,0.2879,0.2879,5289.0
1662026700000,0.2878,0.2878,0.2877,0.2877,2482.0
1662026760000,0.2876,0.2876,0.2875,0.2875,6798.0
1662026820000,0.2875,0.2878,0.2875,0.2878,5875.0
1662026880000,0.2877,0.2878,0.2877,0.2877,10614.0
1662026940000,0.2877,0.2877,0.2877,0.2877,0.0
1662027000000,0.2878,0.2878,0.2877,0.2878,7585.0
1662027060000,0.2877,0.2877,0.2876,0.2877,5901.0
1662027120000,0.2878,0.2879,0.2878,0.2879,2016.0
1662027180000,0.2879,0.2879,0.2878,0.2878,6952.0
1662027240000,0.2879,0.2879,0.2879,0.2879,3181.0
1662027300000,0.288,0.288,0.2878,0.2878,7047.0
1662027360000,0.2878,0.288,0.2877,0.2877,11951.0
1662027420000,0.2877,0.2877,0.2875,0.2875,10351.0
1662027480000,0.2876,0.288,0.2876,0.288,8177.0
1662027540000,0.288,0.2882,0.288,0.2881,4963.0
1662027600000,0.2882,0.2885,0.2882,0.2884,10151.0
1662027660000,0.2883,0.2883,0.2877,0.2877,9851.0
1662027720000,0.2877,0.2877,0.2876,0.2876,11440.0
1662027780000,0.2875,0.2876,0.2874,0.2876,19862.0
1662027840000,0.2876,0.2878,0.2876,0.2878,8224.0
1662027900000,0.2879,0.2881,0.2879,0.2879,4773.0
1662027960000,0.2881,0.2881,0.2878,0.2879,19091.0
1662028020000,0.2879,0.2881,0.2879,0.288,5169.0
1662028080000,0.2879,0.2883,0.2879,0.2882,10343.0
1662028140000,0.2882,0.2882,0.2878,0.2878,33580.0
1662028200000,0.2878,0.2879,0.2877,0.2877,23027.0
1662028260000,0.2878,0.2881,0.2878,0.288,7728.0
1662028320000,0.2882,0.2883,0.2881,0.2882,54067.0
1662028380000,0.2882,0.2882,0.2879,0.2882,17591.0
1662028440000,0.2881,0.2883,0.288,0.2883,4877.0
1662028500000,0.2883,0.2885,0.2882,0.2883,20552.0
1662028560000,0.2883,0.2883,0.2882,0.2882,1840.0
1662028620000,0.2883,0.2883,0.2881,0.2882,5256.0
1662028680000,0.2883,0.2883,0.288,0.2881,4384.0
1662028740000,0.288,0.2884,0.288,0.2882,2291.0
1662028800000,0.2882,0.2884,0.2881,0.2882,7961.0
1662028860000,0.2881,0.2883,0.2881,0.2883,10069.0
1662028920000,0.2884,0.2884,0.2882,0.2883,11378.0
1662028980000,0.2881,0.2882,0.2881,0.2882,2413.0
1662029040000,0.2883,0.2885,0.2882,0.2884,22322.0
1662029100000,0.2885,0.2885,0.2882,0.2884,54703.0
1662029160000,0.2884,0.2885,0.2884,0.2885,10389.0
1662029220000,0.2885,0.2885,0.2884,0.2884,17915.0
1662029280000,0.2885,0.2885,0.2882,0.2883,12426.0
1662029340000,0.2882,0.2883,0.2882,0.2882,10404.0
1662029400000,0.2883,0.2883,0.2882,0.2883,4569.0
1662029460000,0.2882,0.2885,0.2882,0.2884,8067.0
1662029520000,0.2884,0.2885,0.2882,0.2882,9711.0
1662029580000,0.2882,0.2882,0.2881,0.2881,2994.0
1662029640000,0.2883,0.2883,0.2882,0.2883,1580.0
1662029700000,0.2884,0.2885,0.2884,0.2884,1044.0
1662029760000,0.2886,0.2887,0.2884,0.2887,23259.0
1662029820000,0.2885,0.2886,0.2884,0.2886,7619.0
1662029880000,0.2887,0.2887,0.2886,0.2887,2396.0
1662029940000,0.2887,0.289,0.2887,0.2889,7434.0
1662030000000,0.2889,0.2889,0.2888,0.2888,1313.0
1662030060000,0.2889,0.2892,0.2889,0.2892,7418.0
1662030120000,0.2892,0.2892,0.2891,0.2892,1481.0
1662030180000,0.2891,0.2891,0.289,0.2891,5413.0
1662030240000,0.2892,0.2893,0.2891,0.2892,2246.0
1662030300000,0.2892,0.2892,0.2891,0.2892,1534.0
1662030360000,0.2892,0.2892,0.2889,0.2889,4881.0
1662030420000,0.2888,0.2888,0.2887,0.2887,5569.0
1662030480000,0.2886,0.2888,0.2886,0.2888,916.0
1662030540000,0.2888,0.2888,0.2887,0.2887,403.0
1662030600000,0.2889,0.2889,0.2888,0.2888,6585.0
1662030660000,0.2888,0.2888,0.2886,0.2886,9873.0
1662030720000,0.2888,0.2888,0.2887,0.2887,4126.0
1662030780000,0.2888,0.2888,0.2888,0.2888,1879.0
1662030840000,0.2888,0.2889,0.2888,0.2889,1399.0
1662030900000,0.2889,0.289,0.2886,0.2887,18209.0
1662030960000,0.2886,0.2887,0.2886,0.2886,3829.0
1662031020000,0.2887,0.2889,0.2886,0.2889,25785.0
1662031080000,0.2888,0.2891,0.2888,0.2891,10908.0
1662031140000,0.2891,0.2892,0.289,0.289,9392.0
1662031200000,0.289,0.289,0.2886,0.2886,8095.0
1662031260000,0.2887,0.2887,0.2887,0.2887,157.0
1662031320000,0.2888,0.2889,0.2888,0.2888,2359.0
1662031380000,0.2889,0.2889,0.2888,0.2888,2047.0
1662031440000,0.2889,0.289,0.2889,0.289,8341.0
1662031500000,0.2891,0.2891,0.2888,0.2888,394.0
1662031560000,0.2888,0.2888,0.2887,0.2887,1237.0
1662031620000,0.2889,0.2889,0.2888,0.2888,4772.0
1662031680000,0.2888,0.2889,0.2887,0.2888,3386.0
1662031740000,0.2889,0.2889,0.2888,0.2888,1426.0
1662031800000,0.2888,0.2889,0.2888,0.2888,19939.0
1662031860000,0.2889,0.289,0.2889,0.2889,2447.0
1662031920000,0.289,0.289,0.289,0.289,865.0
1662031980000,0.2888,0.2889,0.2888,0.2888,478.0
1662032040000,0.2888,0.2891,0.2888,0.2891,3525.0
1662032100000,0.2889,0.289,0.2889,0.2889,10602.0
1662032160000,0.289,0.2893,0.289,0.2892,26585.0
1662032220000,0.2893,0.2898,0.2893,0.2896,8533.0
1662032280000,0.2896,0.2899,0.2896,0.2898,31169.0
1662032340000,0.2897,0.2898,0.2896,0.2898,16483.0
1662032400000,0.2898,0.2899,0.2898,0.2898,8361.0
1662032460000,0.29,0.2902,0.2899,0.2902,3080.0
1662032520000,0.2902,0.2902,0.29,0.2901,9810.0
1662032580000,0.2901,0.2902,0.2901,0.2902,200.0
1662032640000,0.2901,0.2902,0.2901,0.2902,6441.0
1662032700000,0.2902,0.2905,0.2902,0.2905,15625.0
1662032760000,0.2904,0.2904,0.29,0.29,20379.0
1662032820000,0.2902,0.2903,0.2899,0.29,8525.0
1662032880000,0.29,0.29,0.29,0.29,0.0
1662032940000,0.29,0.2901,0.29,0.2901,11245.0
1662033000000,0.29,0.2901,0.29,0.29,3865.0
1662033060000,0.29,0.2902,0.29,0.29,2227.0
1662033120000,0.29,0.2901,0.29,0.29,23107.0
1662033180000,0.29,0.2902,0.29,0.2902,2713.0
1662033240000,0.2901,0.2901,0.2901,0.2901,2059.0
1662033300000,0.2901,0.2902,0.29,0.29,3611.0
1662033360000,0.2902,0.2902,0.2901,0.2902,3120.0
1662033420000,0.2902,0.2903,0.2902,0.2902,5810.0
1662033480000,0.2902,0.2903,0.2902,0.2902,4105.0
1662033540000,0.2901,0.2901,0.2899,0.2899,5670.0
1662033600000,0.29,0.2901,0.29,0.29,11577.0
1662033660000,0.29,0.2901,0.2898,0.29,16738.0
1662033720000,0.2899,0.2901,0.2899,0.2901,3137.0
1662033780000,0.2901,0.2901,0.2899,0.29,4842.0
1662033840000,0.29,0.29,0.2898,0.29,2914.0
1662033900000,0.29,0.2902,0.29,0.2902,10453.0
1662033960000,0.2901,0.2903,0.2901,0.2902,30499.0
1662034020000,0.2904,0.2904,0.2902,0.2902,16680.0
1662034080000,0.2902,0.2903,0.2901,0.2901,24477.0
1662034140000,0.29,0.29,0.2897,0.2897,32234.0
1662034200000,0.2896,0.29,0.2896,0.2899,10715.0
1662034260000,0.2899,0.2899,0.2895,0.2895,32695.0
1662034320000,0.2895,0.2896,0.2895,0.2895,3866.0
1662034380000,0.2894,0.2895,0.2893,0.2895,3720.0
1662034440000,0.2893,0.2894,0.2892,0.2892,20173.0
1662034500000,0.2892,0.2893,0.2892,0.2893,4158.0
1662034560000,0.2893,0.2894,0.2893,0.2894,5357.0
1662034620000,0.2895,0.2895,0.2894,0.2895,1505.0
1662034680000,0.2895,0.2895,0.2893,0.2893,18619.0
1662034740000,0.2893,0.2893,0.2891,0.2891,12290.0
1662034800000,0.2891,0.2891,0.2889,0.2891,19501.0
1662034860000,0.2889,0.289,0.2888,0.2889,14992.0
1662034920000,0.2888,0.2889,0.2888,0.2888,7176.0
1662034980000,0.2887,0.2888,0.2887,0.2887,11176.0
1662035040000,0.2887,0.2887,0.2886,0.2886,5756.0
1662035100000,0.2887,0.2887,0.2886,0.2886,1065.0
1662035160000,0.2886,0.2889,0.2886,0.2889,5507.0
1662035220000,0.2888,0.2889,0.2887,0.2889,16219.0
1662035280000,0.2889,0.2889,0.2888,0.2888,7964.0
1662035340000,0.2889,0.289,0.2889,0.289,4463.0
1662035400000,0.2889,0.2892,0.2888,0.2892,20089.0
1662035460000,0.2892,0.2894,0.2887,0.2889,21175.0
1662035520000,0.289,0.289,0.2885,0.2885,10829.0
1662035580000,0.2885,0.2887,0.2884,0.2884,23019.0
1662035640000,0.2884,0.2884,0.288,0.288,14348.0
1662035700000,0.2879,0.288,0.2879,0.2879,10789.0
1662035760000,0.2879,0.2879,0.2877,0.2878,12455.0
1662035820000,0.2879,0.2881,0.2877,0.2881,8874.0
1662035880000,0.2881,0.2882,0.288,0.288,2836.0
1662035940000,0.288,0.2882,0.288,0.2882,2069.0
1662036000000,0.2882,0.2886,0.2882,0.2886,23966.0
1662036060000,0.2886,0.2886,0.2884,0.2884,6563.0
1662036120000,0.2884,0.2886,0.2884,0.2885,3759.0
1662036180000,0.2886,0.2886,0.2884,0.2885,2376.0
1662036240000,0.2884,0.2884,0.2883,0.2883,9345.0
1662036300000,0.2883,0.2887,0.2883,0.2887,8859.0
1662036360000,0.2889,0.2889,0.2887,0.2889,15217.0
1662036420000,0.2889,0.289,0.2887,0.289,36654.0
1662036480000,0.289,0.289,0.2888,0.2888,23017.0
1662036540000,0.289,0.289,0.2886,0.2887,5435.0
1662036600000,0.2887,0.2888,0.2887,0.2887,4420.0
1662036660000,0.2887,0.2891,0.2887,0.2891,7423.0
1662036720000,0.2891,0.2891,0.2891,0.2891,3207.0
1662036780000,0.289,0.2891,0.2889,0.2889,4402.0
1662036840000,0.289,0.2891,0.289,0.2891,6925.0
1662036900000,0.2891,0.2892,0.289,0.2891,9516.0
1662036960000,0.2891,0.2892,0.2891,0.2891,16997.0
1662037020000,0.2892,0.2893,0.2891,0.2892,2843.0
1662037080000,0.2892,0.2896,0.2892,0.2895,20096.0
1662037140000,0.2895,0.2895,0.2893,0.2893,10255.0
1662037200000,0.2893,0.2893,0.2892,0.2892,3812.0
1662037260000,0.2891,0.2896,0.2891,0.2894,12700.0
1662037320000,0.2894,0.2894,0.2892,0.2892,6945.0
1662037380000,0.2893,0.2893,0.2888,0.2891,57529.0
1662037440000,0.2892,0.2893,0.2891,0.2891,15444.0
1662037500000,0.2892,0.2895,0.2892,0.2894,12974.0
1662037560000,0.2895,0.2896,0.2895,0.2895,8975.0
1662037620000,0.2895,0.2897,0.2895,0.2896,17043.0
1662037680000,0.2895,0.2895,0.2893,0.2893,7123.0
1662037740000,0.2893,0.2893,0.2891,0.2892,15353.0
1662037800000,0.2891,0.2891,0.2891,0.2891,1437.0
1662037860000,0.2891,0.2892,0.2891,0.2892,2671.0
1662037920000,0.2892,0.2893,0.2892,0.2893,6497.0
1662037980000,0.2893,0.2893,0.2892,0.2892,1625.0
1662038040000,0.2892,0.2892,0.2891,0.2892,8776.0
1662038100000,0.2892,0.2892,0.2891,0.2892,17645.0
1662038160000,0.2892,0.2895,0.2892,0.2894,17709.0
1662038220000,0.2894,0.2895,0.2892,0.2893,14333.0
1662038280000,0.2894,0.2894,0.2893,0.2894,9049.0
1662038340000,0.2893,0.2893,0.289,0.289,30856.0
1662038400000,0.289,0.2891,0.2889,0.289,11688.0
1662038460000,0.289,0.2891,0.2889,0.2889,24547.0
1662038520000,0.289,0.289,0.2889,0.2889,5872.0
1662038580000,0.2888,0.2888,0.2885,0.2888,43342.0
1662038640000,0.2888,0.2889,0.2888,0.2889,5628.0
1662038700000,0.2888,0.2888,0.2886,0.2887,4829.0
1662038760000,0.2886,0.2887,0.2885,0.2886,10157.0
1662038820000,0.2886,0.2887,0.2885,0.2886,9056.0
1662038880000,0.2887,0.2887,0.2885,0.2887,7032.0
1662038940000,0.2887,0.2888,0.2887,0.2888,4434.0
1662039000000,0.2887,0.2889,0.2885,0.2889,23983.0
1662039060000,0.2888,0.2891,0.288,0.2883,35740.0
1662039120000,0.2883,0.2885,0.2882,0.2885,22892.0
1662039180000,0.2885,0.2885,0.2883,0.2883,5785.0
1662039240000,0.2882,0.2882,0.2881,0.2882,10230.0
1662039300000,0.2881,0.2885,0.2881,0.2883,17905.0
1662039360000,0.2885,0.289,0.2885,0.2889,10282.0
1662039420000,0.2889,0.289,0.2886,0.2887,19618.0
1662039480000,0.2887,0.2889,0.2886,0.2887,15151.0
1662039540000,0.2886,0.2888,0.2886,0.2887,5227.0
1662039600000,0.2888,0.2897,0.2888,0.2896,27435.0
1662039660000,0.2898,0.2898,0.2896,0.2897,36890.0
1662039720000,0.2896,0.2897,0.2896,0.2896,14283.0
1662039780000,0.2896,0.2898,0.2896,0.2897,14030.0
1662039840000,0.2897,0.2897,0.2893,0.2893,14894.0
1662039900000,0.2893,0.2899,0.2893,0.2898,51838.0
1662039960000,0.2898,0.2898,0.2893,0.2893,15988.0
1662040020000,0.2892,0.2896,0.2891,0.2894,25484.0
1662040080000,0.2894,0.2898,0.2893,0.2895,40376.0
1662040140000,0.2894,0.2895,0.289,0.289,21334.0
1662040200000,0.289,0.289,0.2884,0.2884,15684.0
1662040260000,0.2885,0.2886,0.2882,0.2884,23678.0
1662040320000,0.2885,0.2887,0.2885,0.2887,3881.0
1662040380000,0.2888,0.289,0.2887,0.289,18837.0
1662040440000,0.289,0.289,0.2889,0.289,8937.0
1662040500000,0.2891,0.2891,0.2886,0.2886,11037.0
1662040560000,0.2886,0.2887,0.2885,0.2887,5858.0
1662040620000,0.2887,0.2889,0.2887,0.2889,33220.0
1662040680000,0.289,0.2893,0.289,0.2891,10836.0
1662040740000,0.2891,0.2893,0.2891,0.2893,30333.0
1662040800000,0.2893,0.2894,0.2888,0.2889,65702.0
1662040860000,0.289,0.2892,0.2888,0.2888,11223.0
1662040920000,0.2888,0.2889,0.288,0.288,23752.0
1662040980000,0.2881,0.2881,0.2878,0.288,14828.0
1662041040000,0.288,0.288,0.2879,0.288,14298.0
1662041100000,0.2882,0.2883,0.288,0.288,8085.0
1662041160000,0.2879,0.2883,0.2879,0.2882,7413.0
1662041220000,0.2883,0.2883,0.2881,0.2881,6207.0
1662041280000,0.2881,0.2883,0.2881,0.2883,9838.0
1662041340000,0.2883,0.2885,0.2883,0.2883,7344.0
1662041400000,0.2882,0.2882,0.2878,0.2878,15200.0
1662041460000,0.2877,0.2877,0.2866,0.2872,54466.0
1662041520000,0.2871,0.2871,0.2867,0.2868,20572.0
1662041580000,0.2866,0.2866,0.2859,0.2861,48709.0
1662041640000,0.286,0.2864,0.2859,0.2861,13700.0
1662041700000,0.286,0.2861,0.2856,0.2857,27843.0
1662041760000,0.2856,0.2856,0.2852,0.2855,48646.0
1662041820000,0.2854,0.2854,0.285,0.2851,20919.0
1662041880000,0.2851,0.2857,0.2851,0.2856,32056.0
1662041940000,0.2856,0.2857,0.2853,0.2854,7098.0
1662042000000,0.2853,0.2855,0.2852,0.2853,12969.0
1662042060000,0.2854,0.2858,0.2853,0.2858,22906.0
1662042120000,0.2857,0.2859,0.2856,0.2856,11294.0
1662042180000,0.2857,0.2861,0.2857,0.2859,9049.0
1662042240000,0.286,0.2869,0.286,0.2869,21881.0
1662042300000,0.287,0.2872,0.2867,0.2871,14972.0
1662042360000,0.2871,0.2871,0.2869,0.2869,10077.0
1662042420000,0.2869,0.2872,0.2866,0.2867,19258.0
1662042480000,0.2868,0.2873,0.2868,0.2872,19319.0
1662042540000,0.2872,0.2874,0.2869,0.2873,18802.0
1662042600000,0.2873,0.2874,0.2869,0.287,18824.0
1662042660000,0.287,0.2873,0.2869,0.287,29477.0
1662042720000,0.287,0.287,0.2867,0.2868,6366.0
1662042780000,0.2867,0.2868,0.2865,0.2868,9159.0
1662042840000,0.2867,0.2869,0.2867,0.2869,11664.0
1662042900000,0.287,0.287,0.2867,0.287,18272.0
1662042960000,0.2869,0.2872,0.2869,0.2871,3566.0
1662043020000,0.287,0.2874,0.287,0.2874,18372.0
1662043080000,0.2873,0.2873,0.2866,0.2866,29235.0
1662043140000,0.2866,0.2867,0.2863,0.2867,15025.0
1662043200000,0.2866,0.2869,0.2866,0.2869,24133.0
1662043260000,0.2869,0.2869,0.2867,0.2868,8324.0
1662043320000,0.2867,0.2867,0.2865,0.2865,7204.0
1662043380000,0.2866,0.2867,0.2863,0.2863,8418.0
1662043440000,0.2862,0.2862,0.2858,0.286,35060.0
1662043500000,0.286,0.286,0.2856,0.2858,24470.0
1662043560000,0.2858,0.286,0.2858,0.286,10958.0
1662043620000,0.2857,0.2857,0.2839,0.2842,149949.0
1662043680000,0.2841,0.2841,0.2834,0.2835,45868.0
1662043740000,0.2835,0.2838,0.2834,0.2838,16903.0
1662043800000,0.2835,0.2841,0.2835,0.2837,37302.0
1662043860000,0.2833,0.2838,0.2833,0.2838,18027.0
1662043920000,0.2838,0.2839,0.2836,0.2839,11433.0
1662043980000,0.284,0.2841,0.2836,0.2838,97834.0
1662044040000,0.2838,0.2838,0.2834,0.2838,21309.0
1662044100000,0.2839,0.2841,0.2834,0.2835,13612.0
1662044160000,0.2833,0.2845,0.2833,0.2845,31670.0
1662044220000,0.2845,0.2853,0.2843,0.285,19969.0
1662044280000,0.2852,0.2854,0.2851,0.2851,48533.0
1662044340000,0.2851,0.2853,0.2849,0.2849,19852.0
1662044400000,0.2849,0.2853,0.2849,0.2851,21152.0
1662044460000,0.285,0.285,0.2844,0.2846,63593.0
1662044520000,0.2847,0.2849,0.2843,0.2849,84102.0
1662044580000,0.2849,0.2849,0.2844,0.2846,37133.0
1662044640000,0.2847,0.2849,0.2846,0.2848,41311.0
1662044700000,0.2848,0.2852,0.2847,0.2852,33953.0
1662044760000,0.2853,0.2859,0.2853,0.2857,33492.0
1662044820000,0.2856,0.2861,0.2856,0.286,26268.0
1662044880000,0.2861,0.2861,0.2858,0.2859,16399.0
1662044940000,0.2858,0.286,0.2857,0.2859,8043.0
1662045000000,0.286,0.2863,0.2859,0.2862,16418.0
1662045060000,0.2863,0.2864,0.2859,0.286,14601.0
1662045120000,0.286,0.2862,0.2859,0.2861,26929.0
1662045180000,0.2862,0.2865,0.286,0.2865,10626.0
1662045240000,0.2864,0.2864,0.2863,0.2864,14608.0
1662045300000,0.2865,0.2866,0.2863,0.2866,42431.0
1662045360000,0.2866,0.2866,0.2861,0.2861,21501.0
1662045420000,0.2861,0.2864,0.286,0.2863,15434.0
1662045480000,0.2864,0.2869,0.2864,0.2868,22974.0
1662045540000,0.2868,0.2871,0.2867,0.2871,33465.0
1662045600000,0.2871,0.2873,0.287,0.2871,88978.0
1662045660000,0.287,0.287,0.2866,0.2868,27856.0
1662045720000,0.2867,0.287,0.2867,0.287,24315.0
1662045780000,0.2869,0.2869,0.2867,0.2868,6701.0
1662045840000,0.2869,0.2871,0.2869,0.2871,9911.0
1662045900000,0.287,0.2871,0.2869,0.287,11008.0
1662045960000,0.2871,0.2872,0.287,0.2871,4841.0
1662046020000,0.2871,0.2872,0.287,0.2872,10888.0
1662046080000,0.2873,0.2873,0.2869,0.2869,7720.0
1662046140000,0.2869,0.2869,0.2867,0.2867,7329.0
1662046200000,0.2867,0.2871,0.2867,0.2871,34267.0
1662046260000,0.2871,0.2872,0.2869,0.2871,10110.0
1662046320000,0.2871,0.2872,0.2869,0.2872,78499.0
1662046380000,0.2872,0.2876,0.2872,0.2874,20987.0
1662046440000,0.2875,0.2878,0.2875,0.2877,14386.0
1662046500000,0.2878,0.2882,0.2878,0.2879,25968.0
1662046560000,0.288,0.2883,0.2879,0.2883,23851.0
1662046620000,0.2882,0.2883,0.2879,0.288,13737.0
1662046680000,0.288,0.2881,0.2878,0.2879,14667.0
1662046740000,0.2881,0.2881,0.288,0.288,8890.0
1662046800000,0.288,0.2881,0.2878,0.2878,8671.0
1662046860000,0.2879,0.2881,0.2879,0.2879,6965.0
1662046920000,0.2879,0.2879,0.2878,0.2878,5797.0
1662046980000,0.2879,0.2879,0.2876,0.2876,6185.0
1662047040000,0.2877,0.2878,0.2877,0.2878,6372.0
1662047100000,0.2877,0.2878,0.2876,0.2876,15494.0
1662047160000,0.2877,0.2878,0.2875,0.2875,21546.0
1662047220000,0.2875,0.2876,0.2875,0.2876,10491.0
1662047280000,0.2876,0.2876,0.2875,0.2876,13966.0
1662047340000,0.2876,0.2877,0.2875,0.2875,13864.0
1662047400000,0.2877,0.2877,0.2874,0.2875,8417.0
1662047460000,0.2875,0.2875,0.2872,0.2873,13424.0
1662047520000,0.2873,0.2873,0.2867,0.2868,14314.0
1662047580000,0.2869,0.287,0.2868,0.2869,6048.0
1662047640000,0.287,0.2872,0.287,0.2871,3245.0
1662047700000,0.2871,0.2871,0.2869,0.2869,12561.0
1662047760000,0.287,0.287,0.2868,0.2869,5255.0
1662047820000,0.2869,0.2869,0.2867,0.2868,2884.0
1662047880000,0.2868,0.287,0.2868,0.287,2083.0
1662047940000,0.287,0.2871,0.2869,0.287,28523.0
1662048000000,0.2872,0.2873,0.2872,0.2872,6736.0
1662048060000,0.2873,0.2875,0.287,0.2874,78528.0
1662048120000,0.2874,0.2874,0.287,0.287,9319.0
1662048180000,0.2872,0.2872,0.2869,0.287,6774.0
1662048240000,0.2869,0.2874,0.2868,0.2874,54502.0
1662048300000,0.2874,0.2874,0.287,0.287,6286.0
1662048360000,0.2871,0.2872,0.2869,0.2872,7811.0
1662048420000,0.2871,0.2874,0.2871,0.2874,3202.0
1662048480000,0.2875,0.288,0.2875,0.288,9807.0
1662048540000,0.2879,0.2879,0.2875,0.2875,7002.0
1662048600000,0.2875,0.2875,0.2874,0.2874,6389.0
1662048660000,0.2873,0.2875,0.2873,0.2875,5464.0
1662048720000,0.2874,0.2874,0.2872,0.2872,4410.0
1662048780000,0.2873,0.2874,0.2872,0.2874,22466.0
1662048840000,0.2871,0.2872,0.2871,0.2872,6776.0
1662048900000,0.2873,0.2873,0.2873,0.2873,1795.0
1662048960000,0.2873,0.2874,0.2873,0.2874,5225.0
1662049020000,0.2875,0.2878,0.2875,0.2877,138660.0
1662049080000,0.2878,0.2879,0.2875,0.2875,19969.0
1662049140000,0.2875,0.2877,0.2872,0.2872,11840.0
1662049200000,0.2871,0.2872,0.2868,0.2868,5227.0
1662049260000,0.2868,0.2868,0.2868,0.2868,125.0
1662049320000,0.2866,0.2866,0.2864,0.2864,13796.0
1662049380000,0.2864,0.2867,0.2864,0.2867,2339.0
1662049440000,0.2866,0.2867,0.2865,0.2866,805.0
1662049500000,0.2865,0.2865,0.2863,0.2864,20675.0
1662049560000,0.2864,0.2865,0.2863,0.2864,8865.0
1662049620000,0.2865,0.2871,0.2865,0.2869,14856.0
1662049680000,0.287,0.2875,0.287,0.2875,8839.0
1662049740000,0.2873,0.2878,0.2873,0.2873,13512.0
1662049800000,0.2872,0.2872,0.2869,0.2869,6182.0
1662049860000,0.287,0.287,0.2868,0.2869,20928.0
1662049920000,0.2867,0.2868,0.2867,0.2868,1325.0
1662049980000,0.2868,0.287,0.2868,0.287,7669.0
1662050040000,0.287,0.2871,0.2869,0.2871,1306.0
1662050100000,0.2871,0.2871,0.2863,0.2864,45011.0
1662050160000,0.2865,0.2867,0.2865,0.2866,4064.0
1662050220000,0.2866,0.2867,0.286,0.286,15348.0
1662050280000,0.2861,0.2861,0.2858,0.2861,36708.0
1662050340000,0.2859,0.2862,0.2859,0.2862,6796.0
1662050400000,0.2862,0.2862,0.286,0.286,26951.0
1662050460000,0.286,0.2862,0.2859,0.2862,12671.0
1662050520000,0.2863,0.2869,0.2863,0.2869,7972.0
1662050580000,0.2869,0.2871,0.2869,0.2871,6478.0
1662050640000,0.2871,0.2872,0.287,0.287,8065.0
1662050700000,0.287,0.287,0.2866,0.2866,9949.0
1662050760000,0.2865,0.2865,0.286,0.2863,34297.0
1662050820000,0.2863,0.2864,0.2863,0.2864,15520.0
1662050880000,0.2865,0.2867,0.2865,0.2867,3595.0
1662050940000,0.2867,0.2867,0.2867,0.2867,994.0
1662051000000,0.2868,0.2868,0.2867,0.2867,3090.0
1662051060000,0.2865,0.2869,0.2865,0.2866,19614.0
1662051120000,0.2867,0.2867,0.286,0.2862,44680.0
1662051180000,0.2864,0.287,0.2864,0.2869,17031.0
1662051240000,0.2868,0.2868,0.2867,0.2867,1469.0
1662051300000,0.2867,0.2873,0.2867,0.2872,9236.0
1662051360000,0.2872,0.2875,0.2872,0.2873,6396.0
1662051420000,0.2874,0.2874,0.2872,0.2873,8011.0
1662051480000,0.2873,0.2876,0.2873,0.2876,2899.0
1662051540000,0.2876,0.2878,0.2876,0.2878,17491.0
1662051600000,0.2876,0.2876,0.2874,0.2874,3290.0
1662051660000,0.2874,0.2875,0.2872,0.2873,10083.0
1662051720000,0.2875,0.288,0.2875,0.288,14530.0
1662051780000,0.2879,0.288,0.2879,0.2879,1095.0
1662051840000,0.288,0.2881,0.2879,0.288,15527.0
1662051900000,0.288,0.2882,0.288,0.2881,5821.0
1662051960000,0.2881,0.2882,0.2879,0.2882,10056.0
1662052020000,0.2882,0.2882,0.2879,0.2879,4828.0
1662052080000,0.2881,0.2881,0.288,0.288,3971.0
1662052140000,0.2881,0.2883,0.2881,0.2883,3696.0
1662052200000,0.2883,0.2884,0.2883,0.2883,9415.0
1662052260000,0.2882,0.2884,0.2882,0.2884,4068.0
1662052320000,0.2885,0.2885,0.2884,0.2884,15673.0
1662052380000,0.2885,0.2888,0.2885,0.2887,10956.0
1662052440000,0.2887,0.289,0.2886,0.289,9002.0
1662052500000,0.2889,0.289,0.2888,0.2889,4719.0
1662052560000,0.289,0.289,0.2886,0.2886,10159.0
1662052620000,0.2888,0.2892,0.2888,0.2892,3768.0
1662052680000,0.2891,0.2892,0.2889,0.289,7715.0
1662052740000,0.2889,0.2889,0.2888,0.2888,21740.0
1662052800000,0.2888,0.2892,0.2888,0.2892,1361.0
1662052860000,0.2892,0.2892,0.2892,0.2892,2897.0
1662052920000,0.2893,0.2895,0.2893,0.2895,6130.0
1662052980000,0.2894,0.2894,0.2893,0.2894,4889.0
1662053040000,0.2893,0.2896,0.2893,0.2896,11082.0
1662053100000,0.2897,0.2897,0.2894,0.2895,18025.0
1662053160000,0.2896,0.2898,0.2895,0.2897,18784.0
1662053220000,0.2896,0.2902,0.2896,0.2901,22802.0
1662053280000,0.2901,0.2905,0.2901,0.2902,36260.0
1662053340000,0.2901,0.2905,0.29,0.2904,13549.0
1662053400000,0.2903,0.2905,0.2901,0.2904,33672.0
1662053460000,0.2904,0.2905,0.2902,0.2902,19552.0
1662053520000,0.2903,0.2903,0.2902,0.2902,2026.0
1662053580000,0.2903,0.2903,0.2901,0.2902,9405.0
1662053640000,0.2903,0.2903,0.2901,0.2902,1848.0
1662053700000,0.2903,0.2903,0.29,0.29,8096.0
1662053760000,0.29,0.2902,0.29,0.2901,5967.0
1662053820000,0.2902,0.2902,0.2899,0.29,19282.0
1662053880000,0.2899,0.2899,0.2896,0.2896,16965.0
1662053940000,0.2896,0.2898,0.2896,0.2897,6304.0
1662054000000,0.2897,0.2897,0.2892,0.2893,24671.0
1662054060000,0.2894,0.2895,0.2894,0.2895,341.0
1662054120000,0.2893,0.2894,0.2893,0.2894,5196.0
1662054180000,0.2894,0.2895,0.2894,0.2895,3971.0
1662054240000,0.2893,0.2893,0.2891,0.2893,36575.0
1662054300000,0.2891,0.2891,0.289,0.2891,9727.0
1662054360000,0.2889,0.2889,0.2888,0.2889,24023.0
1662054420000,0.2888,0.2889,0.2885,0.2886,14196.0
1662054480000,0.2886,0.2888,0.2886,0.2887,2170.0
1662054540000,0.2887,0.2888,0.2887,0.2888,7124.0
1662054600000,0.2889,0.289,0.2888,0.2888,6063.0
1662054660000,0.2887,0.2889,0.2887,0.2889,6789.0
1662054720000,0.2888,0.2889,0.2887,0.2889,4553.0
1662054780000,0.2888,0.2888,0.2887,0.2888,6817.0
1662054840000,0.2888,0.2888,0.2883,0.2883,8111.0
1662054900000,0.2884,0.2884,0.2883,0.2883,1826.0
1662054960000,0.2882,0.2883,0.2882,0.2883,1451.0
1662055020000,0.2883,0.2883,0.2883,0.2883,0.0
1662055080000,0.2881,0.2883,0.2881,0.2882,3040.0
1662055140000,0.2884,0.2884,0.2882,0.2882,3674.0
1662055200000,0.2882,0.2883,0.2881,0.2882,6268.0
1662055260000,0.2884,0.2884,0.2883,0.2883,1517.0
1662055320000,0.2883,0.2883,0.2879,0.2879,4243.0
1662055380000,0.2878,0.288,0.2877,0.288,2134.0
1662055440000,0.288,0.2884,0.288,0.2884,6150.0
1662055500000,0.2885,0.2885,0.2883,0.2884,17328.0
1662055560000,0.2885,0.2885,0.2882,0.2883,9799.0
1662055620000,0.2883,0.2884,0.2882,0.2882,11796.0
1662055680000,0.2882,0.2882,0.2881,0.2882,4375.0
1662055740000,0.2882,0.2882,0.288,0.2882,3437.0
1662055800000,0.2882,0.2882,0.2882,0.2882,390.0
1662055860000,0.2881,0.2881,0.2881,0.2881,4888.0
1662055920000,0.2882,0.2884,0.2882,0.2884,10094.0
1662055980000,0.2884,0.2884,0.2883,0.2883,1120.0
1662056040000,0.2883,0.2884,0.2883,0.2884,40384.0
1662056100000,0.2884,0.2889,0.2884,0.2887,14727.0
1662056160000,0.2887,0.2887,0.2885,0.2886,17331.0
1662056220000,0.2886,0.2886,0.2883,0.2883,26376.0
1662056280000,0.2884,0.2885,0.2882,0.2885,4969.0
1662056340000,0.2886,0.2887,0.2886,0.2886,3158.0
1662056400000,0.2887,0.289,0.2887,0.289,12033.0
1662056460000,0.289,0.2892,0.289,0.2892,41069.0
1662056520000,0.2893,0.2893,0.2888,0.2892,109168.0
1662056580000,0.2893,0.2893,0.2891,0.2891,11044.0
1662056640000,0.2891,0.2891,0.289,0.2891,4396.0
1662056700000,0.2891,0.2893,0.289,0.2892,46750.0
1662056760000,0.2892,0.2892,0.2889,0.2891,11885.0
1662056820000,0.2893,0.2893,0.2892,0.2892,190.0
1662056880000,0.2892,0.2892,0.2891,0.2891,1660.0
1662056940000,0.2891,0.2892,0.2891,0.2892,35620.0
1662057000000,0.2892,0.2894,0.2892,0.2893,5828.0
1662057060000,0.2894,0.2894,0.2893,0.2894,3162.0
1662057120000,0.2896,0.2898,0.2896,0.2896,19995.0
1662057180000,0.2896,0.29,0.2896,0.2899,18315.0
1662057240000,0.29,0.29,0.2896,0.2897,13282.0
1662057300000,0.2899,0.29,0.2897,0.2898,27952.0
1662057360000,0.2897,0.2898,0.2896,0.2896,6998.0
1662057420000,0.2895,0.2895,0.2892,0.2892,8247.0
1662057480000,0.2891,0.2891,0.2888,0.2888,13434.0
1662057540000,0.2888,0.2888,0.2886,0.2887,53339.0
1662057600000,0.2888,0.2888,0.2887,0.2888,5972.0
1662057660000,0.2888,0.2889,0.2888,0.2889,17299.0
1662057720000,0.289,0.2892,0.2889,0.2889,15462.0
1662057780000,0.2891,0.2891,0.2889,0.2889,5913.0
1662057840000,0.2888,0.2889,0.2887,0.2888,3686.0
1662057900000,0.2887,0.2887,0.2886,0.2887,9579.0
1662057960000,0.2887,0.2888,0.2886,0.2887,30483.0
1662058020000,0.2886,0.2887,0.2881,0.2881,31065.0
1662058080000,0.2881,0.2882,0.288,0.2881,2626.0
1662058140000,0.288,0.2881,0.2878,0.2879,43763.0
1662058200000,0.2879,0.2881,0.2879,0.288,40344.0
1662058260000,0.2881,0.2883,0.2881,0.2883,4458.0
1662058320000,0.2883,0.2883,0.2883,0.2883,68.0
1662058380000,0.2883,0.2884,0.2883,0.2883,23611.0
1662058440000,0.2884,0.2885,0.2883,0.2885,15005.0
1662058500000,0.2885,0.2885,0.2884,0.2885,9476.0
1662058560000,0.2885,0.2886,0.2881,0.2882,8376.0
1662058620000,0.2883,0.2883,0.2883,0.2883,4295.0
1662058680000,0.2883,0.2883,0.2882,0.2883,1762.0
1662058740000,0.2883,0.2883,0.2882,0.2882,1327.0
1662058800000,0.2883,0.2883,0.2881,0.2882,18065.0
1662058860000,0.2882,0.2885,0.2882,0.2883,59466.0
1662058920000,0.2885,0.2885,0.2883,0.2883,3052.0
1662058980000,0.2883,0.2886,0.2882,0.2885,6734.0
1662059040000,0.2885,0.2885,0.2883,0.2883,8341.0
1662059100000,0.2883,0.2884,0.2883,0.2884,2299.0
1662059160000,0.2885,0.2887,0.2884,0.2887,3468.0
1662059220000,0.2887,0.2892,0.2887,0.2892,6696.0
1662059280000,0.2891,0.2893,0.2891,0.2893,4081.0
1662059340000,0.2894,0.2895,0.2893,0.2895,6158.0
1662059400000,0.2894,0.2894,0.2892,0.2894,22001.0
1662059460000,0.2894,0.2896,0.2894,0.2894,6000.0
1662059520000,0.2895,0.2898,0.2895,0.2898,10141.0
1662059580000,0.2898,0.2898,0.2897,0.2898,932.0
1662059640000,0.2897,0.2897,0.2895,0.2895,3529.0
1662059700000,0.2895,0.2895,0.2893,0.2894,5433.0
1662059760000,0.2893,0.2893,0.2889,0.289,5834.0
1662059820000,0.289,0.2891,0.289,0.2891,1910.0
1662059880000,0.2892,0.2893,0.2891,0.2892,3795.0
1662059940000,0.2892,0.2892,0.289,0.289,2947.0
1662060000000,0.2891,0.2891,0.2889,0.289,8972.0
1662060060000,0.2889,0.2889,0.2888,0.2889,6460.0
1662060120000,0.2891,0.2891,0.2891,0.2891,38.0
1662060180000,0.2892,0.2893,0.2892,0.2893,7889.0
1662060240000,0.2893,0.2893,0.289,0.289,37730.0
1662060300000,0.289,0.289,0.2887,0.2887,51353.0
1662060360000,0.2889,0.2889,0.2888,0.2888,3595.0
1662060420000,0.2888,0.2888,0.2887,0.2887,951.0
1662060480000,0.2887,0.2888,0.2886,0.2886,5566.0
1662060540000,0.2885,0.2886,0.2884,0.2885,28675.0
1662060600000,0.2885,0.2885,0.2885,0.2885,6840.0
1662060660000,0.2886,0.2886,0.2885,0.2885,1600.0
1662060720000,0.2884,0.2884,0.2884,0.2884,8196.0
1662060780000,0.2884,0.2885,0.2884,0.2885,1123.0
1662060840000,0.2884,0.2885,0.2884,0.2885,186.0
1662060900000,0.2884,0.2886,0.2884,0.2886,12256.0
1662060960000,0.2885,0.2888,0.2885,0.2887,65192.0
1662061020000,0.2887,0.2887,0.2887,0.2887,50.0
1662061080000,0.2887,0.2889,0.2887,0.2888,4561.0
1662061140000,0.2889,0.2889,0.2889,0.2889,503.0
1662061200000,0.2889,0.2889,0.2888,0.2889,2116.0
1662061260000,0.2889,0.2891,0.2887,0.2887,26325.0
1662061320000,0.2888,0.2889,0.2888,0.2889,2900.0
1662061380000,0.289,0.289,0.2889,0.2889,1813.0
1662061440000,0.289,0.2891,0.289,0.2891,1656.0
1662061500000,0.2891,0.2891,0.289,0.289,4587.0
1662061560000,0.289,0.289,0.2887,0.2888,4532.0
1662061620000,0.2889,0.2892,0.2889,0.2892,10286.0
1662061680000,0.2891,0.2892,0.289,0.2892,2159.0
1662061740000,0.2891,0.2891,0.289,0.289,3015.0
1662061800000,0.289,0.2893,0.289,0.2893,3913.0
1662061860000,0.2893,0.2893,0.2892,0.2892,6038.0
1662061920000,0.2893,0.2894,0.2893,0.2893,620.0
1662061980000,0.2892,0.2894,0.2892,0.2894,46191.0
1662062040000,0.2894,0.2894,0.2894,0.2894,1049.0
1662062100000,0.2894,0.2897,0.2894,0.2897,2427.0
1662062160000,0.2898,0.2898,0.2897,0.2897,3945.0
1662062220000,0.2897,0.2897,0.2896,0.2896,6257.0
1662062280000,0.2896,0.2898,0.2896,0.2898,3467.0
1662062340000,0.2899,0.2901,0.2899,0.2901,2168.0
1662062400000,0.29,0.2902,0.29,0.2901,6111.0
1662062460000,0.2902,0.2902,0.29,0.2901,4050.0
1662062520000,0.2901,0.2901,0.2899,0.2899,3599.0
1662062580000,0.2901,0.2902,0.2901,0.2902,1197.0
1662062640000,0.2903,0.2907,0.2903,0.2905,34456.0
1662062700000,0.2906,0.291,0.2905,0.291,42291.0
1662062760000,0.291,0.2911,0.2908,0.291,18255.0
1662062820000,0.291,0.2911,0.2909,0.291,18061.0
1662062880000,0.291,0.2912,0.2909,0.291,40394.0
1662062940000,0.2911,0.2913,0.2911,0.2913,3340.0
1662063000000,0.2912,0.2912,0.2907,0.2908,8472.0
1662063060000,0.2906,0.2906,0.2903,0.2904,18693.0
1662063120000,0.2906,0.2906,0.2906,0.2906,756.0
1662063180000,0.2905,0.2906,0.2904,0.2904,2113.0
1662063240000,0.2904,0.2905,0.2904,0.2905,1190.0
1662063300000,0.2906,0.291,0.2906,0.291,13803.0
1662063360000,0.291,0.291,0.2909,0.291,5976.0
1662063420000,0.291,0.2911,0.2909,0.291,10357.0
1662063480000,0.291,0.291,0.2908,0.2909,1204.0
1662063540000,0.2908,0.2908,0.2907,0.2907,5349.0
1662063600000,0.2907,0.2908,0.2907,0.2908,2935.0
1662063660000,0.2908,0.2911,0.2908,0.2911,15627.0
1662063720000,0.2912,0.2913,0.2911,0.2911,13322.0
1662063780000,0.2911,0.2912,0.2911,0.2912,3924.0
1662063840000,0.2911,0.2911,0.2909,0.2909,8184.0
1662063900000,0.291,0.2911,0.2909,0.291,12059.0
1662063960000,0.291,0.2912,0.291,0.2912,50433.0
1662064020000,0.2912,0.2912,0.2911,0.2912,12656.0
1662064080000,0.2911,0.2912,0.291,0.291,308.0
1662064140000,0.291,0.2912,0.291,0.2911,5764.0
1662064200000,0.2911,0.2912,0.2911,0.2912,2987.0
1662064260000,0.2911,0.2913,0.291,0.2913,6248.0
1662064320000,0.2913,0.2915,0.2913,0.2914,4013.0
1662064380000,0.2913,0.2914,0.2913,0.2913,3135.0
1662064440000,0.2914,0.2915,0.2913,0.2913,4334.0
1662064500000,0.2914,0.2914,0.2913,0.2913,3203.0
1662064560000,0.2915,0.2916,0.2914,0.2914,2748.0
1662064620000,0.2914,0.2914,0.2914,0.2914,836.0
1662064680000,0.2913,0.2914,0.2912,0.2913,1493.0
1662064740000,0.2913,0.2913,0.2912,0.2912,1973.0
1662064800000,0.2913,0.2913,0.291,0.2911,9428.0
1662064860000,0.2912,0.2912,0.291,0.2911,4616.0
1662064920000,0.2911,0.2912,0.291,0.2911,8547.0
1662064980000,0.2911,0.2911,0.2911,0.2911,2462.0
1662065040000,0.2912,0.2912,0.2912,0.2912,407.0
1662065100000,0.2912,0.2912,0.291,0.2911,1266.0
1662065160000,0.2912,0.2916,0.2912,0.2915,7285.0
1662065220000,0.2915,0.2915,0.2913,0.2914,3698.0
1662065280000,0.2914,0.2915,0.2913,0.2913,2750.0
1662065340000,0.2914,0.2914,0.2914,0.2914,2854.0
1662065400000,0.2915,0.2916,0.2914,0.2914,2819.0
1662065460000,0.2916,0.2916,0.2915,0.2915,2093.0
1662065520000,0.2917,0.292,0.2916,0.2918,9457.0
1662065580000,0.2918,0.292,0.2918,0.2919,4518.0
1662065640000,0.2918,0.2921,0.2918,0.292,4230.0
1662065700000,0.292,0.2921,0.2919,0.292,8807.0
1662065760000,0.2919,0.2919,0.2917,0.2917,7212.0
1662065820000,0.2918,0.292,0.2918,0.2919,3444.0
1662065880000,0.2919,0.2921,0.2919,0.2919,14302.0
1662065940000,0.292,0.292,0.2919,0.2919,9025.0
1662066000000,0.2919,0.292,0.2919,0.292,5267.0
1662066060000,0.292,0.2922,0.292,0.2921,5470.0
1662066120000,0.2922,0.2924,0.2922,0.2924,9289.0
1662066180000,0.2924,0.2924,0.2919,0.2919,7550.0
1662066240000,0.292,0.292,0.2918,0.2919,12416.0
1662066300000,0.292,0.2922,0.2919,0.2922,7897.0
1662066360000,0.2922,0.2922,0.2921,0.2922,7114.0
1662066420000,0.2921,0.2921,0.292,0.292,1071.0
1662066480000,0.292,0.2921,0.292,0.2921,212.0
1662066540000,0.2921,0.2923,0.2921,0.2921,28182.0
1662066600000,0.2922,0.2922,0.2921,0.2921,445.0
1662066660000,0.2921,0.2922,0.2921,0.2922,3990.0
1662066720000,0.2921,0.2922,0.2921,0.2922,1179.0
1662066780000,0.2921,0.2922,0.2921,0.2922,93.0
1662066840000,0.2921,0.2925,0.2921,0.2925,36906.0
1662066900000,0.2926,0.2932,0.2926,0.2931,50926.0
1662066960000,0.2931,0.2931,0.2928,0.2928,18063.0
1662067020000,0.2929,0.2929,0.2923,0.2923,8056.0
1662067080000,0.2923,0.2923,0.292,0.2921,535.0
1662067140000,0.292,0.2921,0.2919,0.2921,22384.0
1662067200000,0.2921,0.2921,0.292,0.2921,4472.0
1662067260000,0.292,0.2921,0.292,0.292,1996.0
1662067320000,0.2921,0.2921,0.292,0.292,1166.0
1662067380000,0.292,0.292,0.292,0.292,134.0
1662067440000,0.2919,0.2919,0.2919,0.2919,2282.0
1662067500000,0.2918,0.2918,0.2916,0.2916,7069.0
1662067560000,0.2917,0.2917,0.2917,0.2917,857.0
1662067620000,0.2916,0.2917,0.2916,0.2916,1699.0
1662067680000,0.2916,0.2917,0.2915,0.2917,4458.0
1662067740000,0.2915,0.2918,0.2915,0.2917,14214.0
1662067800000,0.2915,0.2917,0.2915,0.2916,329.0
1662067860000,0.2916,0.2918,0.2916,0.2918,11963.0
1662067920000,0.2919,0.2919,0.2919,0.2919,3046.0
1662067980000,0.2919,0.292,0.2919,0.2919,1763.0
1662068040000,0.292,0.292,0.2914,0.2914,43907.0
1662068100000,0.2913,0.2914,0.2912,0.2913,3386.0
1662068160000,0.2913,0.2914,0.2913,0.2913,504.0
1662068220000,0.2912,0.2913,0.2911,0.2913,4136.0
1662068280000,0.2911,0.2913,0.2911,0.2913,699.0
1662068340000,0.2911,0.2911,0.291,0.291,9240.0
1662068400000,0.291,0.291,0.291,0.291,342.0
1662068460000,0.2912,0.2912,0.2912,0.2912,58.0
1662068520000,0.291,0.2913,0.291,0.2912,2152.0
1662068580000,0.2911,0.2911,0.291,0.2911,932.0
1662068640000,0.2911,0.2911,0.2911,0.2911,0.0
1662068700000,0.2911,0.2913,0.2911,0.2912,833.0
1662068760000,0.2914,0.2914,0.2913,0.2913,1458.0
1662068820000,0.2914,0.2916,0.2914,0.2916,624.0
1662068880000,0.2916,0.2916,0.2916,0.2916,40.0
1662068940000,0.2916,0.2916,0.2916,0.2916,922.0
1662069000000,0.2917,0.2917,0.2915,0.2915,197.0
1662069060000,0.2916,0.2916,0.2914,0.2914,611.0
1662069120000,0.2914,0.2915,0.2914,0.2915,548.0
1662069180000,0.2915,0.2916,0.2914,0.2914,1419.0
1662069240000,0.2916,0.2916,0.2913,0.2913,22815.0
1662069300000,0.2915,0.2915,0.2913,0.2915,1656.0
1662069360000,0.2914,0.2915,0.2914,0.2915,427.0
1662069420000,0.2915,0.2917,0.2915,0.2917,4114.0
1662069480000,0.2917,0.2917,0.2917,0.2917,6937.0
1662069540000,0.2917,0.2917,0.2917,0.2917,685.0
1662069600000,0.2917,0.292,0.2917,0.292,6993.0
1662069660000,0.2922,0.2925,0.2922,0.2924,2486.0
1662069720000,0.2925,0.2927,0.2925,0.2926,2659.0
1662069780000,0.2928,0.2928,0.2924,0.2924,11366.0
1662069840000,0.2924,0.2924,0.2924,0.2924,0.0
1662069900000,0.2925,0.2926,0.2925,0.2926,4910.0
1662069960000,0.2927,0.293,0.2927,0.2929,19539.0
1662070020000,0.2927,0.2927,0.2925,0.2925,9910.0
1662070080000,0.2926,0.2926,0.2924,0.2925,7709.0
1662070140000,0.2925,0.2926,0.2925,0.2926,4145.0
1662070200000,0.2926,0.2927,0.2924,0.2926,22247.0
1662070260000,0.2925,0.2928,0.2925,0.2928,2536.0
1662070320000,0.2929,0.2932,0.2929,0.2932,14663.0
1662070380000,0.2932,0.2934,0.2932,0.2933,11417.0
1662070440000,0.2932,0.2932,0.2932,0.2932,4293.0
1662070500000,0.2932,0.2932,0.293,0.2931,9225.0
1662070560000,0.293,0.2933,0.293,0.2932,1655.0
1662070620000,0.293,0.2932,0.293,0.2931,10308.0
1662070680000,0.293,0.293,0.2927,0.2928,15379.0
1662070740000,0.2928,0.2929,0.2927,0.2928,3533.0
1662070800000,0.2928,0.2928,0.2927,0.2927,381.0
1662070860000,0.2927,0.2931,0.2927,0.2929,26073.0
1662070920000,0.2929,0.2929,0.2928,0.2928,3324.0
1662070980000,0.293,0.293,0.2929,0.2929,1100.0
1662071040000,0.2928,0.2928,0.2927,0.2927,8245.0
1662071100000,0.2927,0.2927,0.2927,0.2927,1161.0
1662071160000,0.2927,0.2927,0.2927,0.2927,4323.0
1662071220000,0.2927,0.2927,0.2927,0.2927,1245.0
1662071280000,0.2927,0.2927,0.2925,0.2926,10731.0
1662071340000,0.2926,0.2927,0.2925,0.2927,4312.0
1662071400000,0.2925,0.2926,0.2925,0.2926,2515.0
1662071460000,0.2925,0.2926,0.2925,0.2926,2811.0
1662071520000,0.2925,0.2926,0.2924,0.2926,5141.0
1662071580000,0.2926,0.2926,0.2924,0.2924,2630.0
1662071640000,0.2923,0.2925,0.2923,0.2924,904.0
1662071700000,0.2923,0.2923,0.2923,0.2923,3351.0
1662071760000,0.2923,0.2924,0.2923,0.2923,4338.0
1662071820000,0.2923,0.2923,0.2922,0.2922,76.0
1662071880000,0.2922,0.2922,0.2921,0.2922,3308.0
1662071940000,0.292,0.292,0.2919,0.2919,4184.0
1662072000000,0.2919,0.2921,0.2919,0.292,1597.0
1662072060000,0.292,0.2924,0.292,0.2922,21288.0
1662072120000,0.292,0.2923,0.292,0.2923,2351.0
1662072180000,0.2922,0.2922,0.2922,0.2922,1744.0
1662072240000,0.2922,0.2923,0.2921,0.2921,3197.0
1662072300000,0.292,0.2922,0.292,0.2922,1916.0
1662072360000,0.2923,0.2924,0.2922,0.2922,13066.0
1662072420000,0.2923,0.2926,0.2923,0.2925,7782.0
1662072480000,0.2925,0.2925,0.2923,0.2923,2980.0
1662072540000,0.2924,0.2924,0.2923,0.2923,165.0
1662072600000,0.2924,0.2924,0.2922,0.2923,5889.0
1662072660000,0.2923,0.2923,0.2923,0.2923,0.0
1662072720000,0.2924,0.2924,0.2924,0.2924,77.0
1662072780000,0.2925,0.2925,0.2921,0.2921,30577.0
1662072840000,0.2922,0.2923,0.292,0.292,945.0
1662072900000,0.292,0.2922,0.292,0.292,12078.0
1662072960000,0.2922,0.2923,0.2922,0.2923,88.0
1662073020000,0.2921,0.2921,0.2921,0.2921,328.0
1662073080000,0.2922,0.2923,0.2919,0.292,5043.0
1662073140000,0.292,0.2921,0.292,0.2921,580.0
1662073200000,0.2922,0.2924,0.2922,0.2924,916.0
1662073260000,0.2922,0.2922,0.292,0.2921,6264.0
1662073320000,0.2918,0.2918,0.2917,0.2917,14654.0
1662073380000,0.2918,0.2919,0.2918,0.2919,2755.0
1662073440000,0.2921,0.2922,0.2921,0.2922,934.0
1662073500000,0.2923,0.2923,0.2921,0.2921,4770.0
1662073560000,0.2923,0.2924,0.2922,0.2923,611.0
1662073620000,0.2922,0.2924,0.2922,0.2924,599.0
1662073680000,0.2924,0.2925,0.2924,0.2924,4474.0
1662073740000,0.2925,0.2926,0.2925,0.2926,5580.0
1662073800000,0.2926,0.2926,0.2923,0.2924,15351.0
1662073860000,0.2924,0.2924,0.2923,0.2923,865.0
1662073920000,0.2924,0.2924,0.2923,0.2923,300.0
1662073980000,0.2922,0.2922,0.2922,0.2922,266.0
1662074040000,0.2921,0.2923,0.2921,0.2923,2038.0
1662074100000,0.2924,0.2924,0.2922,0.2923,7022.0
1662074160000,0.2923,0.2927,0.2923,0.2926,3821.0
1662074220000,0.2925,0.2925,0.2924,0.2924,5296.0
1662074280000,0.2924,0.2925,0.2924,0.2925,6085.0
1662074340000,0.2924,0.2925,0.2924,0.2925,3867.0
1662074400000,0.2924,0.2925,0.2924,0.2925,3579.0
1662074460000,0.2925,0.2927,0.2925,0.2926,3354.0
1662074520000,0.2926,0.2927,0.2926,0.2927,886.0
1662074580000,0.2926,0.2926,0.2925,0.2925,803.0
1662074640000,0.2925,0.2925,0.2924,0.2924,3249.0
1662074700000,0.2923,0.2923,0.2923,0.2923,1708.0
1662074760000,0.2923,0.2924,0.2923,0.2924,1826.0
1662074820000,0.2924,0.2928,0.2924,0.2928,12448.0
1662074880000,0.2928,0.2928,0.2928,0.2928,2550.0
1662074940000,0.2926,0.2926,0.2924,0.2924,3554.0
1662075000000,0.2923,0.2924,0.2923,0.2923,2786.0
1662075060000,0.2923,0.2924,0.2921,0.2921,27190.0
1662075120000,0.2922,0.2925,0.2922,0.2925,3456.0
1662075180000,0.2925,0.2931,0.2925,0.2931,27049.0
1662075240000,0.2931,0.2931,0.2928,0.2928,3657.0
1662075300000,0.2929,0.2929,0.2928,0.2929,1708.0
1662075360000,0.2929,0.2933,0.2929,0.2932,2825.0
1662075420000,0.2932,0.2932,0.2929,0.2931,3412.0
1662075480000,0.2931,0.2931,0.2929,0.2929,3050.0
1662075540000,0.2931,0.2931,0.293,0.2931,470.0
1662075600000,0.293,0.293,0.2929,0.2929,426.0
1662075660000,0.2929,0.2931,0.2929,0.2931,3760.0
1662075720000,0.293,0.2931,0.293,0.2931,2973.0
1662075780000,0.2929,0.293,0.2929,0.2929,11411.0
1662075840000,0.293,0.293,0.293,0.293,1139.0
1662075900000,0.2931,0.2932,0.2929,0.2931,47173.0
1662075960000,0.293,0.2932,0.2929,0.2931,4737.0
1662076020000,0.2931,0.2932,0.2931,0.2931,8454.0
1662076080000,0.2931,0.2932,0.293,0.2932,13455.0
1662076140000,0.2932,0.2933,0.2932,0.2933,2396.0
1662076200000,0.2933,0.2934,0.2932,0.2933,3829.0
1662076260000,0.2934,0.2937,0.2934,0.2937,11966.0
1662076320000,0.2936,0.2937,0.2935,0.2935,12737.0
1662076380000,0.2935,0.2936,0.2935,0.2935,16276.0
1662076440000,0.2935,0.2936,0.2935,0.2935,5005.0
1662076500000,0.2936,0.2937,0.2934,0.2935,18855.0
1662076560000,0.2934,0.2935,0.2934,0.2934,1063.0
1662076620000,0.2933,0.2937,0.2933,0.2937,21961.0
1662076680000,0.2936,0.2936,0.2934,0.2934,5426.0
1662076740000,0.2934,0.2936,0.2934,0.2936,4493.0
1662076800000,0.2936,0.294,0.2936,0.2936,85652.0
1662076860000,0.2935,0.2937,0.2934,0.2935,7231.0
1662076920000,0.2934,0.2935,0.2933,0.2933,12486.0
1662076980000,0.2936,0.2937,0.2933,0.2933,9702.0
1662077040000,0.2932,0.2934,0.293,0.2933,22868.0
1662077100000,0.2932,0.2932,0.2928,0.2929,4651.0
1662077160000,0.2931,0.2935,0.293,0.2935,5021.0
1662077220000,0.2936,0.2936,0.2935,0.2936,1427.0
1662077280000,0.2936,0.2938,0.2936,0.2938,7351.0
1662077340000,0.2938,0.2938,0.2938,0.2938,3079.0
1662077400000,0.2938,0.2938,0.2934,0.2936,3974.0
1662077460000,0.2936,0.2939,0.2936,0.2939,11024.0
1662077520000,0.2937,0.2937,0.2937,0.2937,7611.0
1662077580000,0.2937,0.2937,0.2936,0.2937,6084.0
1662077640000,0.2936,0.2938,0.2935,0.2935,5606.0
1662077700000,0.2935,0.2935,0.2934,0.2934,931.0
1662077760000,0.2933,0.2934,0.2931,0.2931,8463.0
1662077820000,0.2932,0.2932,0.2932,0.2932,3370.0
1662077880000,0.2931,0.2932,0.293,0.2932,3407.0
1662077940000,0.2932,0.2933,0.2932,0.2932,1819.0
1662078000000,0.2932,0.2932,0.2928,0.2928,11568.0
1662078060000,0.2928,0.2929,0.2927,0.2929,3797.0
1662078120000,0.2927,0.2929,0.2927,0.2929,1382.0
1662078180000,0.293,0.2931,0.293,0.2931,5255.0
1662078240000,0.2931,0.2931,0.2929,0.2931,2875.0
1662078300000,0.2931,0.2932,0.2931,0.2932,1127.0
1662078360000,0.2931,0.2932,0.293,0.293,5472.0
1662078420000,0.293,0.293,0.2929,0.2929,1678.0
1662078480000,0.2928,0.2932,0.2928,0.2932,6442.0
1662078540000,0.2931,0.2931,0.293,0.293,3280.0
1662078600000,0.2928,0.2928,0.2928,0.2928,2790.0
1662078660000,0.2929,0.2929,0.2928,0.2928,12302.0
1662078720000,0.2928,0.2928,0.2926,0.2926,2104.0
1662078780000,0.2927,0.2927,0.2923,0.2924,9149.0
1662078840000,0.2923,0.2924,0.2922,0.2923,2893.0
1662078900000,0.2924,0.2924,0.2923,0.2923,6637.0
1662078960000,0.2923,0.2925,0.2923,0.2924,9466.0
1662079020000,0.2925,0.2925,0.2923,0.2923,3417.0
1662079080000,0.2923,0.2923,0.2923,0.2923,1213.0
1662079140000,0.2922,0.2923,0.2922,0.2922,2157.0
1662079200000,0.2922,0.2923,0.2922,0.2923,3335.0
1662079260000,0.2924,0.2924,0.2924,0.2924,1252.0
1662079320000,0.2923,0.2924,0.2923,0.2924,4220.0
1662079380000,0.2924,0.2924,0.2924,0.2924,3122.0
1662079440000,0.2924,0.2925,0.2923,0.2924,13824.0
1662079500000,0.2924,0.2924,0.2924,0.2924,349.0
1662079560000,0.2925,0.2925,0.2925,0.2925,273.0
1662079620000,0.2927,0.2927,0.2924,0.2924,804.0
1662079680000,0.2924,0.2926,0.2924,0.2926,373.0
1662079740000,0.2924,0.2925,0.2924,0.2924,1652.0
1662079800000,0.2924,0.2924,0.2924,0.2924,2698.0
1662079860000,0.2924,0.2924,0.2924,0.2924,1269.0
1662079920000,0.2925,0.2925,0.2925,0.2925,1342.0
1662079980000,0.2926,0.2926,0.2926,0.2926,179.0
1662080040000,0.2927,0.2928,0.2927,0.2928,496.0
1662080100000,0.2927,0.2927,0.2926,0.2927,2861.0
1662080160000,0.2928,0.2932,0.2928,0.2932,9441.0
1662080220000,0.2932,0.2933,0.2931,0.2933,8018.0
1662080280000,0.2932,0.2936,0.2932,0.2936,10364.0
1662080340000,0.2936,0.2937,0.2935,0.2935,10587.0
1662080400000,0.2934,0.2935,0.2934,0.2934,12243.0
1662080460000,0.2934,0.2934,0.2932,0.2933,3003.0
1662080520000,0.2932,0.2933,0.293,0.2933,18791.0
1662080580000,0.2933,0.2933,0.2933,0.2933,3086.0
1662080640000,0.2932,0.2933,0.2931,0.2931,2243.0
1662080700000,0.2933,0.2933,0.2933,0.2933,827.0
1662080760000,0.2931,0.2931,0.293,0.293,6632.0
1662080820000,0.2931,0.2931,0.2924,0.2924,5158.0
1662080880000,0.2924,0.2925,0.2923,0.2923,11177.0
1662080940000,0.2924,0.2925,0.2924,0.2924,402.0
1662081000000,0.2925,0.2926,0.2924,0.2924,7348.0
1662081060000,0.2924,0.2926,0.2924,0.2924,8868.0
1662081120000,0.2924,0.2924,0.2921,0.2921,2915.0
1662081180000,0.2923,0.2923,0.2921,0.2921,996.0
1662081240000,0.2922,0.2924,0.2922,0.2924,1198.0
1662081300000,0.2923,0.2924,0.2921,0.2922,4078.0
1662081360000,0.2922,0.2926,0.2922,0.2926,5238.0
1662081420000,0.2926,0.2926,0.2926,0.2926,1612.0
1662081480000,0.2926,0.2926,0.2925,0.2925,3266.0
1662081540000,0.2926,0.2926,0.2924,0.2924,1520.0
1662081600000,0.2924,0.2924,0.2924,0.2924,802.0
1662081660000,0.2924,0.2925,0.2924,0.2925,5339.0
1662081720000,0.2924,0.2924,0.2923,0.2923,842.0
1662081780000,0.2924,0.2924,0.2923,0.2923,7314.0
1662081840000,0.2925,0.2925,0.2924,0.2925,2688.0
1662081900000,0.2924,0.2924,0.2924,0.2924,1616.0
1662081960000,0.2923,0.2923,0.2923,0.2923,200.0
1662082020000,0.2925,0.2925,0.2925,0.2925,2261.0
1662082080000,0.2925,0.293,0.2925,0.2929,9898.0
1662082140000,0.2928,0.2928,0.2927,0.2928,2386.0
1662082200000,0.2928,0.2928,0.2927,0.2927,5984.0
1662082260000,0.2929,0.2929,0.2927,0.2927,2848.0
1662082320000,0.2927,0.2928,0.2926,0.2928,1074.0
1662082380000,0.2927,0.2927,0.2924,0.2926,6564.0
1662082440000,0.2926,0.2927,0.2925,0.2925,11335.0
1662082500000,0.2925,0.2927,0.2925,0.2926,1358.0
1662082560000,0.2926,0.2927,0.2926,0.2927,14343.0
1662082620000,0.2926,0.2927,0.2926,0.2926,2906.0
1662082680000,0.2924,0.2924,0.2924,0.2924,597.0
1662082740000,0.2927,0.2927,0.2925,0.2927,355.0
1662082800000,0.2927,0.2927,0.2925,0.2925,2841.0
1662082860000,0.2925,0.2925,0.2925,0.2925,1700.0
1662082920000,0.2925,0.2925,0.2925,0.2925,1996.0
1662082980000,0.2924,0.2924,0.2924,0.2924,105.0
1662083040000,0.2924,0.2924,0.2923,0.2923,560.0
1662083100000,0.2923,0.2923,0.2922,0.2923,7130.0
1662083160000,0.2923,0.2923,0.2922,0.2922,898.0
1662083220000,0.2922,0.2922,0.2918,0.2919,13275.0
1662083280000,0.2919,0.2919,0.2919,0.2919,2207.0
1662083340000,0.2919,0.2919,0.2915,0.2915,12363.0
1662083400000,0.2916,0.2916,0.2916,0.2916,2143.0
1662083460000,0.2917,0.2917,0.2916,0.2916,4227.0
1662083520000,0.2916,0.2917,0.2916,0.2917,1708.0
1662083580000,0.2917,0.2917,0.2915,0.2915,5084.0
1662083640000,0.2915,0.2915,0.2915,0.2915,209.0
1662083700000,0.2915,0.2915,0.2915,0.2915,176.0
1662083760000,0.2915,0.2915,0.2915,0.2915,0.0
1662083820000,0.2915,0.2915,0.2915,0.2915,700.0
1662083880000,0.2914,0.2916,0.2914,0.2916,2587.0
1662083940000,0.2917,0.2917,0.2917,0.2917,3827.0
1662084000000,0.2916,0.2916,0.2915,0.2915,1639.0
1662084060000,0.2916,0.2917,0.2916,0.2917,245.0
1662084120000,0.2917,0.2918,0.2917,0.2918,1651.0
1662084180000,0.2919,0.2922,0.2919,0.2922,2217.0
1662084240000,0.2923,0.2924,0.2923,0.2923,7967.0
1662084300000,0.2923,0.2925,0.2922,0.2922,6823.0
1662084360000,0.292,0.292,0.292,0.292,1000.0
1662084420000,0.2921,0.2921,0.292,0.2921,3027.0
1662084480000,0.2923,0.2923,0.2923,0.2923,471.0
1662084540000,0.292,0.292,0.292,0.292,35.0
1662084600000,0.292,0.292,0.2918,0.2918,4533.0
1662084660000,0.2917,0.2917,0.291,0.291,12388.0
1662084720000,0.291,0.2911,0.291,0.2911,1593.0
1662084780000,0.291,0.291,0.2909,0.2909,2054.0
1662084840000,0.2908,0.2909,0.2908,0.2908,2660.0
1662084900000,0.2908,0.2909,0.2908,0.2909,2552.0
1662084960000,0.2909,0.291,0.2909,0.291,17164.0
1662085020000,0.2911,0.2911,0.291,0.2911,4232.0
1662085080000,0.291,0.291,0.2904,0.2904,12178.0
1662085140000,0.2904,0.2904,0.2902,0.2903,5639.0
1662085200000,0.2902,0.2902,0.29,0.29,14098.0
1662085260000,0.2901,0.2904,0.2901,0.2904,6180.0
1662085320000,0.2904,0.2905,0.2904,0.2905,1671.0
1662085380000,0.2903,0.2903,0.2903,0.2903,1015.0
1662085440000,0.2902,0.2903,0.2902,0.2903,1372.0
1662085500000,0.2903,0.2903,0.2903,0.2903,2998.0
1662085560000,0.2903,0.2904,0.2902,0.2902,3507.0
1662085620000,0.2903,0.2903,0.2903,0.2903,36.0
1662085680000,0.2902,0.2903,0.2902,0.2903,78.0
1662085740000,0.2902,0.2903,0.2902,0.2902,2552.0
1662085800000,0.2902,0.2903,0.2902,0.2903,2700.0
1662085860000,0.2902,0.2903,0.2902,0.2903,3165.0
1662085920000,0.2903,0.2903,0.2902,0.2902,4649.0
1662085980000,0.2902,0.2902,0.2902,0.2902,0.0
1662086040000,0.2903,0.2904,0.2901,0.2902,26898.0
1662086100000,0.2903,0.2903,0.2902,0.2903,3666.0
1662086160000,0.2903,0.2903,0.2903,0.2903,51.0
1662086220000,0.2902,0.2902,0.2902,0.2902,68.0
1662086280000,0.2902,0.2902,0.2901,0.2901,6507.0
1662086340000,0.2902,0.2902,0.2902,0.2902,210.0
1662086400000,0.2902,0.2902,0.2902,0.2902,1595.0
1662086460000,0.2902,0.2902,0.29,0.2901,4747.0
1662086520000,0.2902,0.2903,0.2902,0.2903,2330.0
1662086580000,0.2903,0.2903,0.2903,0.2903,0.0
1662086640000,0.2903,0.2903,0.2903,0.2903,109.0
1662086700000,0.2903,0.2904,0.2903,0.2904,7826.0
1662086760000,0.2904,0.2904,0.2904,0.2904,1903.0
1662086820000,0.2903,0.2906,0.2903,0.2906,25402.0
1662086880000,0.2906,0.2907,0.2906,0.2907,2208.0
1662086940000,0.2908,0.2908,0.2908,0.2908,1107.0
1662087000000,0.2909,0.2909,0.2908,0.2908,191.0
1662087060000,0.2906,0.2906,0.2906,0.2906,229.0
1662087120000,0.2906,0.2906,0.2906,0.2906,2998.0
1662087180000,0.2906,0.2907,0.2906,0.2906,1378.0
1662087240000,0.2906,0.2907,0.2906,0.2907,1152.0
1662087300000,0.2907,0.2907,0.2907,0.2907,59.0
1662087360000,0.2908,0.2909,0.2908,0.2908,1626.0
1662087420000,0.2909,0.2909,0.2909,0.2909,146.0
1662087480000,0.291,0.291,0.2909,0.291,398.0
1662087540000,0.2909,0.2909,0.2909,0.2909,343.0
1662087600000,0.291,0.2914,0.2909,0.2914,11090.0
1662087660000,0.2915,0.292,0.2915,0.2919,7757.0
1662087720000,0.292,0.2929,0.2919,0.2928,49319.0
1662087780000,0.293,0.2942,0.293,0.2941,56497.0
1662087840000,0.2939,0.2945,0.2939,0.2941,35786.0
1662087900000,0.294,0.294,0.2935,0.2937,9298.0
1662087960000,0.2936,0.2936,0.2933,0.2934,4518.0
1662088020000,0.2936,0.2937,0.2936,0.2937,2969.0
1662088080000,0.2938,0.2938,0.2938,0.2938,38.0
1662088140000,0.2941,0.2941,0.2939,0.2939,3222.0
1662088200000,0.2939,0.2942,0.2939,0.2942,57258.0
1662088260000,0.2943,0.2948,0.2943,0.2945,40868.0
1662088320000,0.2945,0.2946,0.2943,0.2943,30706.0
1662088380000,0.2942,0.2942,0.294,0.294,7767.0
1662088440000,0.2941,0.2942,0.2941,0.2941,18990.0
1662088500000,0.2941,0.2941,0.294,0.2941,12228.0
1662088560000,0.2941,0.2951,0.2941,0.2949,48229.0
1662088620000,0.295,0.2954,0.295,0.2952,61974.0
1662088680000,0.2952,0.2954,0.2952,0.2952,10062.0
1662088740000,0.2953,0.2954,0.2952,0.2954,20000.0
1662088800000,0.2955,0.2956,0.2955,0.2956,12286.0
1662088860000,0.2956,0.2956,0.2953,0.2956,21802.0
1662088920000,0.2955,0.2955,0.2952,0.2953,6052.0
1662088980000,0.2956,0.2956,0.2952,0.2953,9382.0
1662089040000,0.2953,0.2954,0.2953,0.2953,3112.0
1662089100000,0.2952,0.2953,0.2951,0.2951,7039.0
1662089160000,0.2951,0.2951,0.2949,0.295,4314.0
1662089220000,0.2949,0.2949,0.2942,0.2942,8648.0
1662089280000,0.2942,0.2943,0.294,0.2942,19211.0
1662089340000,0.2942,0.2943,0.2942,0.2943,6232.0
1662089400000,0.2943,0.2944,0.2943,0.2943,5160.0
1662089460000,0.2944,0.2945,0.2944,0.2945,3701.0
1662089520000,0.2945,0.2945,0.2943,0.2943,4598.0
1662089580000,0.2943,0.2943,0.2942,0.2942,1836.0
1662089640000,0.2942,0.2942,0.2941,0.2941,356.0
1662089700000,0.2941,0.2941,0.2941,0.2941,2679.0
1662089760000,0.2941,0.2942,0.2941,0.2941,2686.0
1662089820000,0.2941,0.2943,0.2941,0.2943,5504.0
1662089880000,0.2942,0.2943,0.2942,0.2943,2575.0
1662089940000,0.2943,0.2944,0.2943,0.2944,3925.0
1662090000000,0.2944,0.2944,0.2944,0.2944,542.0
1662090060000,0.2945,0.2947,0.2944,0.2947,5846.0
1662090120000,0.2946,0.2947,0.2946,0.2946,4442.0
1662090180000,0.2946,0.2947,0.2946,0.2947,168.0
1662090240000,0.2946,0.2947,0.2944,0.2946,57119.0
1662090300000,0.2946,0.2946,0.2945,0.2945,12769.0
1662090360000,0.2945,0.2945,0.2943,0.2944,17788.0
1662090420000,0.2945,0.2946,0.2945,0.2946,24176.0
1662090480000,0.2945,0.2945,0.2944,0.2944,7038.0
1662090540000,0.2944,0.2944,0.2943,0.2943,963.0
1662090600000,0.2944,0.2944,0.2944,0.2944,635.0
1662090660000,0.2944,0.2944,0.2944,0.2944,2766.0
1662090720000,0.2943,0.2943,0.2943,0.2943,861.0
1662090780000,0.2945,0.2945,0.2943,0.2943,3993.0
1662090840000,0.2943,0.2943,0.2942,0.2943,22176.0
1662090900000,0.2942,0.2942,0.2941,0.2941,1190.0
1662090960000,0.2942,0.2943,0.2941,0.2942,3727.0
1662091020000,0.2943,0.2943,0.294,0.2941,23078.0
1662091080000,0.2942,0.2942,0.2942,0.2942,2677.0
1662091140000,0.2943,0.2943,0.2939,0.2939,9455.0
1662091200000,0.2938,0.294,0.2937,0.294,13278.0
1662091260000,0.2939,0.2943,0.2939,0.2943,15123.0
1662091320000,0.2943,0.2944,0.2943,0.2944,6347.0
1662091380000,0.2944,0.2944,0.2944,0.2944,2463.0
1662091440000,0.2943,0.2943,0.2942,0.2942,4763.0
1662091500000,0.2941,0.2941,0.2941,0.2941,3424.0
1662091560000,0.2941,0.2941,0.294,0.294,3525.0
1662091620000,0.2939,0.2939,0.2938,0.2938,1246.0
1662091680000,0.2938,0.2939,0.2938,0.2939,2508.0
1662091740000,0.2938,0.294,0.2938,0.294,2575.0
1662091800000,0.294,0.294,0.2939,0.2939,2754.0
1662091860000,0.294,0.2941,0.294,0.2941,1894.0
1662091920000,0.294,0.2941,0.294,0.2941,2181.0
1662091980000,0.2941,0.2941,0.294,0.294,2666.0
1662092040000,0.294,0.2941,0.2939,0.2941,417.0
1662092100000,0.2941,0.2941,0.294,0.2941,2659.0
1662092160000,0.2942,0.2947,0.2942,0.2947,26873.0
1662092220000,0.2947,0.2947,0.2946,0.2947,1736.0
1662092280000,0.2947,0.2947,0.2946,0.2946,5618.0
1662092340000,0.2948,0.295,0.2948,0.2949,13741.0
1662092400000,0.2949,0.2951,0.2949,0.2951,11676.0
1662092460000,0.295,0.2954,0.295,0.2953,18888.0
1662092520000,0.2953,0.2954,0.2953,0.2953,3247.0
1662092580000,0.2955,0.2957,0.2954,0.2954,13422.0
1662092640000,0.2953,0.2953,0.295,0.295,23232.0
1662092700000,0.2949,0.2949,0.2948,0.2948,6005.0
1662092760000,0.2948,0.2948,0.2947,0.2947,9543.0
1662092820000,0.2947,0.2948,0.2947,0.2947,2110.0
1662092880000,0.2946,0.2946,0.2946,0.2946,4067.0
1662092940000,0.2948,0.2948,0.2948,0.2948,226.0
1662093000000,0.2948,0.2948,0.2947,0.2947,2017.0
1662093060000,0.2947,0.2947,0.2945,0.2945,5383.0
1662093120000,0.2947,0.2947,0.2945,0.2945,6120.0
1662093180000,0.2945,0.2945,0.2945,0.2945,1170.0
1662093240000,0.2944,0.2944,0.2944,0.2944,1045.0
1662093300000,0.2944,0.2944,0.2944,0.2944,4008.0
1662093360000,0.2944,0.2945,0.2944,0.2945,3301.0
1662093420000,0.2945,0.2945,0.2944,0.2945,1873.0
1662093480000,0.2945,0.2945,0.2944,0.2944,3866.0
1662093540000,0.2944,0.2944,0.2943,0.2944,2034.0
1662093600000,0.2944,0.2944,0.2943,0.2943,962.0
1662093660000,0.2944,0.2946,0.2944,0.2946,6241.0
1662093720000,0.2946,0.2946,0.2944,0.2944,2658.0
1662093780000,0.2944,0.2944,0.2943,0.2943,1576.0
1662093840000,0.2944,0.2944,0.2943,0.2943,84.0
1662093900000,0.2943,0.2943,0.2943,0.2943,1442.0
1662093960000,0.2942,0.2942,0.294,0.294,55016.0
1662094020000,0.294,0.294,0.294,0.294,0.0
1662094080000,0.294,0.294,0.2938,0.2938,9712.0
1662094140000,0.2939,0.2939,0.2939,0.2939,662.0
1662094200000,0.2939,0.2939,0.2939,0.2939,1091.0
1662094260000,0.2939,0.2939,0.2939,0.2939,1503.0
1662094320000,0.2938,0.2938,0.2938,0.2938,4186.0
1662094380000,0.2937,0.2938,0.2937,0.2938,3802.0
1662094440000,0.2938,0.2938,0.2936,0.2936,1929.0
1662094500000,0.2938,0.2939,0.2938,0.2939,10972.0
1662094560000,0.294,0.294,0.2938,0.2939,4965.0
1662094620000,0.2938,0.2939,0.2938,0.2938,2803.0
1662094680000,0.2939,0.2939,0.2938,0.2938,8483.0
1662094740000,0.2939,0.2939,0.2938,0.2938,2230.0
1662094800000,0.294,0.294,0.2939,0.2939,6118.0
1662094860000,0.2939,0.2941,0.2938,0.294,8597.0
1662094920000,0.294,0.294,0.2939,0.2939,4452.0
1662094980000,0.2939,0.2941,0.2939,0.2941,7172.0
1662095040000,0.294,0.2941,0.294,0.294,3842.0
1662095100000,0.294,0.294,0.2938,0.2939,6060.0
1662095160000,0.2939,0.2941,0.2939,0.2941,7694.0
1662095220000,0.294,0.294,0.2938,0.2939,13155.0
1662095280000,0.2939,0.294,0.2939,0.2939,4009.0
1662095340000,0.2939,0.2939,0.2939,0.2939,1000.0
1662095400000,0.2938,0.2939,0.2938,0.2939,1002.0
1662095460000,0.2939,0.294,0.2939,0.2939,2365.0
1662095520000,0.2939,0.294,0.2939,0.294,778.0
1662095580000,0.294,0.294,0.2937,0.2938,3951.0
1662095640000,0.2938,0.294,0.2937,0.294,3796.0
1662095700000,0.2939,0.2939,0.2937,0.2938,10093.0
1662095760000,0.2938,0.294,0.2937,0.294,4982.0
1662095820000,0.2939,0.294,0.2939,0.2939,3571.0
1662095880000,0.2939,0.2939,0.2938,0.2938,11468.0
1662095940000,0.2938,0.2938,0.2938,0.2938,1275.0
1662096000000,0.2937,0.2938,0.2937,0.2938,1600.0
1662096060000,0.2937,0.2938,0.2937,0.2938,2284.0
1662096120000,0.2939,0.2939,0.2938,0.2938,2952.0
1662096180000,0.2938,0.2938,0.2937,0.2937,1176.0
1662096240000,0.2937,0.2937,0.2937,0.2937,44.0
1662096300000,0.2938,0.2938,0.2937,0.2937,246.0
1662096360000,0.2937,0.2938,0.2937,0.2938,1656.0
1662096420000,0.2938,0.2938,0.2936,0.2936,5439.0
1662096480000,0.2936,0.2937,0.2936,0.2936,706.0
1662096540000,0.2936,0.2936,0.2936,0.2936,92.0
1662096600000,0.2936,0.2937,0.2936,0.2936,9831.0
1662096660000,0.2937,0.2938,0.2936,0.2936,4845.0
1662096720000,0.2937,0.2937,0.2935,0.2937,7066.0
1662096780000,0.2936,0.2936,0.2936,0.2936,1699.0
1662096840000,0.2937,0.2937,0.2936,0.2936,285.0
1662096900000,0.2936,0.2937,0.2936,0.2936,2009.0
1662096960000,0.2936,0.2936,0.2936,0.2936,101.0
1662097020000,0.2937,0.2937,0.2937,0.2937,440.0
1662097080000,0.2937,0.2937,0.2937,0.2937,499.0
1662097140000,0.2937,0.2937,0.2937,0.2937,1753.0
1662097200000,0.2937,0.2939,0.2937,0.2939,4287.0
1662097260000,0.2938,0.294,0.2938,0.2939,25431.0
1662097320000,0.2939,0.2939,0.2938,0.2938,10092.0
1662097380000,0.2937,0.2937,0.2936,0.2936,6772.0
1662097440000,0.2937,0.2937,0.2935,0.2935,1607.0
1662097500000,0.2935,0.2935,0.2934,0.2935,10059.0
1662097560000,0.2937,0.2937,0.2937,0.2937,1055.0
1662097620000,0.2937,0.2938,0.2937,0.2938,2553.0
1662097680000,0.2937,0.2937,0.2935,0.2935,5934.0
1662097740000,0.2936,0.2936,0.2935,0.2935,3059.0
1662097800000,0.2936,0.2936,0.2935,0.2936,2278.0
1662097860000,0.2936,0.2937,0.2936,0.2937,360.0
1662097920000,0.2936,0.294,0.2936,0.294,14585.0
1662097980000,0.2939,0.2939,0.2939,0.2939,3423.0
1662098040000,0.2938,0.2938,0.2938,0.2938,166.0
1662098100000,0.2939,0.2939,0.2938,0.2938,1892.0
1662098160000,0.2939,0.2939,0.2937,0.2937,3482.0
1662098220000,0.2938,0.2938,0.2937,0.2937,1999.0
1662098280000,0.2938,0.2938,0.2937,0.2937,766.0
1662098340000,0.2937,0.2938,0.2937,0.2938,7513.0
1662098400000,0.2938,0.2939,0.2938,0.2938,17085.0
1662098460000,0.2937,0.2939,0.2937,0.2938,7528.0
1662098520000,0.2938,0.2938,0.2935,0.2935,23140.0
1662098580000,0.2935,0.2937,0.2935,0.2937,17306.0
1662098640000,0.2936,0.2937,0.2936,0.2936,3831.0
1662098700000,0.2936,0.2936,0.2935,0.2936,2532.0
1662098760000,0.2936,0.2937,0.2935,0.2937,23013.0
1662098820000,0.2936,0.2939,0.2935,0.2939,30729.0
1662098880000,0.2938,0.2938,0.2936,0.2936,9758.0
1662098940000,0.2937,0.2937,0.2936,0.2936,3623.0
1662099000000,0.2936,0.2936,0.2935,0.2936,1800.0
1662099060000,0.2935,0.2935,0.2932,0.2935,22209.0
1662099120000,0.2935,0.2938,0.2935,0.2937,15624.0
1662099180000,0.2937,0.2937,0.2937,0.2937,9328.0
1662099240000,0.2937,0.2937,0.2937,0.2937,8696.0
1662099300000,0.2936,0.2938,0.2936,0.2937,3799.0
1662099360000,0.2937,0.2938,0.2936,0.2938,5128.0
1662099420000,0.2938,0.2938,0.2935,0.2937,16719.0
1662099480000,0.2938,0.2938,0.2936,0.2936,27648.0
1662099540000,0.2937,0.2937,0.2937,0.2937,2487.0
1662099600000,0.2936,0.2937,0.2936,0.2936,11909.0
1662099660000,0.2936,0.2936,0.2935,0.2936,1394.0
1662099720000,0.2936,0.2937,0.2936,0.2936,14206.0
1662099780000,0.2937,0.2937,0.2936,0.2937,2980.0
1662099840000,0.2938,0.2938,0.2937,0.2937,296.0
1662099900000,0.2937,0.2937,0.2936,0.2936,2408.0
1662099960000,0.2937,0.2937,0.2935,0.2935,10820.0
1662100020000,0.2936,0.2936,0.2934,0.2935,17327.0
1662100080000,0.2935,0.2936,0.2934,0.2936,22299.0
1662100140000,0.2935,0.2938,0.2935,0.2937,45787.0
1662100200000,0.2937,0.2938,0.2937,0.2937,16523.0
1662100260000,0.2938,0.2939,0.2938,0.2939,8217.0
1662100320000,0.2939,0.294,0.2938,0.294,10812.0
1662100380000,0.294,0.294,0.2939,0.2939,2602.0
1662100440000,0.2939,0.2939,0.2938,0.2938,9683.0
1662100500000,0.2938,0.2939,0.2936,0.2937,9323.0
1662100560000,0.2938,0.2938,0.2938,0.2938,628.0
1662100620000,0.2938,0.2938,0.2935,0.2935,4063.0
1662100680000,0.2936,0.2936,0.2935,0.2935,1656.0
1662100740000,0.2935,0.2937,0.2935,0.2937,2945.0
1662100800000,0.2936,0.2936,0.2934,0.2934,17800.0
1662100860000,0.2934,0.2935,0.2933,0.2935,39565.0
1662100920000,0.2935,0.2935,0.2934,0.2935,2148.0
1662100980000,0.2937,0.2937,0.2936,0.2936,2605.0
1662101040000,0.2936,0.2936,0.2936,0.2936,1695.0
1662101100000,0.2936,0.2936,0.2936,0.2936,2276.0
1662101160000,0.2936,0.2936,0.2935,0.2936,17690.0
1662101220000,0.2936,0.2936,0.2936,0.2936,0.0
1662101280000,0.2935,0.2935,0.2935,0.2935,48.0
1662101340000,0.2936,0.2938,0.2936,0.2936,29663.0
1662101400000,0.2938,0.2938,0.2937,0.2937,1690.0
1662101460000,0.2937,0.2937,0.2936,0.2936,1846.0
1662101520000,0.2937,0.2937,0.2937,0.2937,471.0
1662101580000,0.2937,0.294,0.2937,0.294,346.0
1662101640000,0.2939,0.2939,0.2938,0.2938,3500.0
1662101700000,0.2937,0.2937,0.2937,0.2937,1780.0
1662101760000,0.2936,0.2937,0.2936,0.2937,5503.0
1662101820000,0.2936,0.2937,0.2936,0.2937,2113.0
1662101880000,0.2937,0.2937,0.2936,0.2936,6765.0
1662101940000,0.2937,0.2939,0.2937,0.2939,7191.0
1662102000000,0.2938,0.2938,0.2938,0.2938,696.0
1662102060000,0.2939,0.2939,0.2938,0.2939,2519.0
1662102120000,0.2939,0.2939,0.2938,0.2938,1370.0
1662102180000,0.2938,0.2938,0.2937,0.2937,2676.0
1662102240000,0.2937,0.2938,0.2934,0.2934,18284.0
1662102300000,0.2934,0.2937,0.2934,0.2937,17709.0
1662102360000,0.2936,0.2937,0.2936,0.2937,1025.0
1662102420000,0.2936,0.2937,0.2936,0.2937,11983.0
1662102480000,0.2936,0.2937,0.2936,0.2937,1398.0
1662102540000,0.2936,0.2937,0.2936,0.2937,3183.0
1662102600000,0.2937,0.2939,0.2937,0.2939,8251.0
1662102660000,0.294,0.294,0.2939,0.294,976.0
1662102720000,0.2939,0.2939,0.2937,0.2939,2541.0
1662102780000,0.2938,0.2939,0.2937,0.2939,11148.0
1662102840000,0.2938,0.2939,0.2937,0.2938,18097.0
1662102900000,0.2938,0.2939,0.2938,0.2938,5273.0
1662102960000,0.2939,0.294,0.2939,0.2939,4020.0
1662103020000,0.2938,0.2939,0.2938,0.2939,1549.0
1662103080000,0.2938,0.2939,0.2936,0.2937,3681.0
1662103140000,0.2937,0.2937,0.2936,0.2937,1043.0
1662103200000,0.2937,0.2939,0.2937,0.2938,3684.0
1662103260000,0.2939,0.2939,0.2938,0.2938,6825.0
1662103320000,0.2938,0.2939,0.2938,0.2939,1555.0
1662103380000,0.2939,0.2939,0.2938,0.2938,1154.0
1662103440000,0.2938,0.2939,0.2938,0.2939,4587.0
1662103500000,0.2939,0.2939,0.2939,0.2939,4037.0
1662103560000,0.2939,0.2942,0.2939,0.2942,13573.0
1662103620000,0.2942,0.2945,0.2941,0.2941,16307.0
1662103680000,0.2942,0.2943,0.2942,0.2943,251.0
1662103740000,0.2942,0.2943,0.2942,0.2943,2567.0
1662103800000,0.2942,0.2943,0.2942,0.2943,606.0
1662103860000,0.2944,0.2945,0.2943,0.2944,1381.0
1662103920000,0.2944,0.2944,0.2943,0.2943,19325.0
1662103980000,0.2943,0.2943,0.2941,0.2941,5523.0
1662104040000,0.294,0.2941,0.294,0.294,33430.0
1662104100000,0.294,0.294,0.2939,0.2939,26096.0
1662104160000,0.294,0.2942,0.294,0.2942,11743.0
1662104220000,0.2942,0.2942,0.2941,0.2941,5316.0
1662104280000,0.294,0.294,0.294,0.294,21956.0
1662104340000,0.2941,0.2941,0.294,0.2941,4177.0
1662104400000,0.2941,0.2942,0.2941,0.2941,1190.0
1662104460000,0.2942,0.2942,0.2942,0.2942,1046.0
1662104520000,0.2941,0.2943,0.2941,0.2943,4552.0
1662104580000,0.2942,0.2942,0.2942,0.2942,4642.0
1662104640000,0.2942,0.2942,0.2939,0.2939,32286.0
1662104700000,0.294,0.294,0.294,0.294,1777.0
1662104760000,0.2942,0.2942,0.2941,0.2942,8925.0
1662104820000,0.2943,0.2943,0.2942,0.2942,5767.0
1662104880000,0.2941,0.2942,0.2941,0.2942,2615.0
1662104940000,0.2941,0.2943,0.2941,0.2943,2498.0
1662105000000,0.2943,0.2943,0.2942,0.2942,4932.0
1662105060000,0.2942,0.2943,0.2941,0.2942,3842.0
1662105120000,0.2942,0.2943,0.294,0.2942,9124.0
1662105180000,0.2943,0.2943,0.2943,0.2943,1358.0
1662105240000,0.2942,0.2943,0.2942,0.2943,4229.0
1662105300000,0.2943,0.2943,0.2942,0.2942,4850.0
1662105360000,0.2942,0.2942,0.294,0.294,7438.0
1662105420000,0.2941,0.2942,0.2941,0.2942,5484.0
1662105480000,0.2942,0.2942,0.294,0.294,15927.0
1662105540000,0.2941,0.2941,0.2941,0.2941,7987.0
1662105600000,0.2942,0.2942,0.2941,0.2941,3373.0
1662105660000,0.2942,0.2943,0.2941,0.2943,858.0
1662105720000,0.2942,0.2943,0.2942,0.2943,1753.0
1662105780000,0.2943,0.2947,0.2943,0.2945,13377.0
1662105840000,0.2946,0.2946,0.2945,0.2946,15241.0
1662105900000,0.2946,0.2946,0.2944,0.2944,5612.0
1662105960000,0.2944,0.2946,0.2944,0.2946,41467.0
1662106020000,0.2946,0.2946,0.2946,0.2946,3336.0
1662106080000,0.2946,0.2947,0.2946,0.2947,2800.0
1662106140000,0.2946,0.2946,0.2944,0.2946,10826.0
1662106200000,0.2947,0.2948,0.2946,0.2946,6704.0
1662106260000,0.2947,0.295,0.2947,0.295,5623.0
1662106320000,0.295,0.2958,0.295,0.2956,169899.0
1662106380000,0.2956,0.2956,0.2952,0.2953,4249.0
1662106440000,0.2953,0.2953,0.2952,0.2953,3092.0
1662106500000,0.2953,0.2953,0.295,0.2951,4996.0
1662106560000,0.2951,0.2951,0.295,0.2951,1341.0
1662106620000,0.2952,0.2952,0.2949,0.2951,49341.0
1662106680000,0.2952,0.2953,0.2952,0.2953,4307.0
1662106740000,0.2953,0.2953,0.295,0.295,4991.0
1662106800000,0.295,0.2951,0.295,0.2951,5306.0
1662106860000,0.2951,0.2953,0.2951,0.2952,8985.0
1662106920000,0.2953,0.2955,0.2953,0.2954,5928.0
1662106980000,0.2955,0.2955,0.2952,0.2953,5246.0
1662107040000,0.2954,0.2955,0.2953,0.2955,5423.0
1662107100000,0.2955,0.2957,0.2955,0.2957,4853.0
1662107160000,0.2957,0.2957,0.2956,0.2957,3031.0
1662107220000,0.2956,0.2957,0.2956,0.2957,3847.0
1662107280000,0.2957,0.2962,0.2957,0.2962,32152.0
1662107340000,0.2962,0.2962,0.2961,0.2962,30315.0
1662107400000,0.2962,0.2962,0.2962,0.2962,2821.0
1662107460000,0.2962,0.2962,0.2961,0.2961,3113.0
1662107520000,0.2961,0.2961,0.2961,0.2961,1905.0
1662107580000,0.2961,0.2962,0.2958,0.2959,9412.0
1662107640000,0.296,0.296,0.2957,0.296,45858.0
1662107700000,0.2959,0.2963,0.2959,0.2963,15630.0
1662107760000,0.2963,0.2965,0.2961,0.2965,4262.0
1662107820000,0.2965,0.2966,0.2964,0.2966,3708.0
1662107880000,0.2967,0.2967,0.2966,0.2967,521.0
1662107940000,0.2967,0.2967,0.2964,0.2965,27110.0
1662108000000,0.2965,0.2967,0.2964,0.2967,19560.0
1662108060000,0.2967,0.2967,0.2966,0.2967,4743.0
1662108120000,0.2967,0.2967,0.2965,0.2966,26829.0
1662108180000,0.2966,0.2966,0.2965,0.2966,15383.0
1662108240000,0.2967,0.2967,0.2966,0.2967,1392.0
1662108300000,0.2966,0.2967,0.2965,0.2967,22211.0
1662108360000,0.2966,0.2966,0.2965,0.2965,12340.0
1662108420000,0.2966,0.2966,0.2965,0.2965,7942.0
1662108480000,0.2965,0.2967,0.2965,0.2967,33626.0
1662108540000,0.2967,0.2975,0.2967,0.2972,46597.0
1662108600000,0.2973,0.2973,0.297,0.2971,11676.0
1662108660000,0.297,0.2971,0.297,0.2971,1302.0
1662108720000,0.2971,0.2971,0.297,0.2971,4415.0
1662108780000,0.297,0.297,0.2968,0.2969,37406.0
1662108840000,0.2969,0.2969,0.2969,0.2969,1143.0
1662108900000,0.2969,0.297,0.2969,0.2969,1397.0
1662108960000,0.297,0.2971,0.297,0.297,2716.0
1662109020000,0.2971,0.2973,0.2971,0.2973,631.0
1662109080000,0.2972,0.2972,0.2972,0.2972,1675.0
1662109140000,0.2972,0.2973,0.2972,0.2973,3400.0
1662109200000,0.2973,0.2974,0.2973,0.2974,12236.0
1662109260000,0.2974,0.2975,0.2973,0.2975,10826.0
1662109320000,0.2975,0.2975,0.2973,0.2973,2388.0
1662109380000,0.2973,0.2973,0.297,0.2971,3443.0
1662109440000,0.2972,0.2972,0.2969,0.297,10603.0
1662109500000,0.297,0.2971,0.2969,0.297,6828.0
1662109560000,0.297,0.297,0.2969,0.2969,2174.0
1662109620000,0.2968,0.2969,0.2968,0.2968,4056.0
1662109680000,0.2966,0.2966,0.2965,0.2966,4314.0
1662109740000,0.2966,0.2966,0.2964,0.2964,2675.0
1662109800000,0.2964,0.2964,0.2962,0.2964,8944.0
1662109860000,0.2964,0.2965,0.2964,0.2964,4957.0
1662109920000,0.2964,0.2964,0.2962,0.2963,4008.0
1662109980000,0.2962,0.2963,0.2962,0.2963,969.0
1662110040000,0.2963,0.2965,0.2963,0.2965,6304.0
1662110100000,0.2964,0.2966,0.2964,0.2966,10285.0
1662110160000,0.2966,0.2966,0.2965,0.2965,1928.0
1662110220000,0.2966,0.2967,0.2965,0.2965,3237.0
1662110280000,0.2965,0.2965,0.2964,0.2965,1314.0
1662110340000,0.2965,0.2965,0.2964,0.2965,4109.0
1662110400000,0.2965,0.2965,0.2965,0.2965,2700.0
1662110460000,0.2966,0.2971,0.2966,0.297,5433.0
1662110520000,0.2971,0.2971,0.297,0.2971,1887.0
1662110580000,0.297,0.297,0.297,0.297,1000.0
1662110640000,0.297,0.297,0.297,0.297,7343.0
1662110700000,0.2969,0.2972,0.2969,0.2972,3333.0
1662110760000,0.2972,0.2976,0.2972,0.2976,14643.0
1662110820000,0.2976,0.2976,0.2975,0.2975,9196.0
1662110880000,0.2974,0.2976,0.2974,0.2975,8743.0
1662110940000,0.2976,0.2976,0.2975,0.2975,1217.0
1662111000000,0.2976,0.2976,0.2972,0.2972,6549.0
1662111060000,0.2972,0.2973,0.2972,0.2973,9368.0
1662111120000,0.2974,0.2976,0.2974,0.2976,1277.0
1662111180000,0.2975,0.2975,0.2973,0.2973,8304.0
1662111240000,0.2973,0.2974,0.2973,0.2974,709.0
1662111300000,0.2974,0.2975,0.2974,0.2975,85.0
1662111360000,0.2974,0.2978,0.2974,0.2978,17011.0
1662111420000,0.2979,0.2985,0.2979,0.2984,78580.0
1662111480000,0.2984,0.2985,0.2982,0.2984,13267.0
1662111540000,0.2983,0.2986,0.2983,0.2986,10080.0
1662111600000,0.2986,0.2986,0.2985,0.2985,12766.0
1662111660000,0.2985,0.2987,0.2985,0.2987,13907.0
1662111720000,0.2988,0.2988,0.2984,0.2986,33063.0
1662111780000,0.2985,0.2985,0.2982,0.2982,33884.0
1662111840000,0.2983,0.2983,0.2983,0.2983,138.0
1662111900000,0.2982,0.2983,0.2981,0.2983,5888.0
1662111960000,0.2983,0.2984,0.2982,0.2984,13240.0
1662112020000,0.2984,0.2984,0.2984,0.2984,191.0
1662112080000,0.2983,0.2983,0.2981,0.2983,3960.0
1662112140000,0.2984,0.2984,0.2983,0.2984,828.0
1662112200000,0.2983,0.2984,0.2983,0.2984,1072.0
1662112260000,0.2983,0.2984,0.2983,0.2984,607.0
1662112320000,0.2984,0.2984,0.2983,0.2983,1366.0
1662112380000,0.2983,0.2983,0.2982,0.2983,5892.0
1662112440000,0.2982,0.2983,0.2982,0.2983,268.0
1662112500000,0.2982,0.2983,0.2982,0.2983,1783.0
1662112560000,0.2982,0.2982,0.2982,0.2982,1753.0
1662112620000,0.2982,0.2983,0.2981,0.2983,14736.0
1662112680000,0.2982,0.2983,0.2981,0.2981,1718.0
1662112740000,0.2981,0.2981,0.298,0.298,4161.0
1662112800000,0.298,0.2981,0.2979,0.2979,4020.0
1662112860000,0.298,0.2981,0.298,0.2981,8726.0
1662112920000,0.2982,0.2983,0.2982,0.2982,3520.0
1662112980000,0.2981,0.2982,0.2981,0.2982,573.0
1662113040000,0.2981,0.2981,0.2979,0.2979,3226.0
1662113100000,0.2979,0.2979,0.2979,0.2979,2090.0
1662113160000,0.2979,0.2984,0.2979,0.2984,46739.0
1662113220000,0.2983,0.2983,0.2981,0.2981,1388.0
1662113280000,0.2981,0.2983,0.2981,0.2983,561.0
1662113340000,0.2983,0.2983,0.2982,0.2982,1201.0
1662113400000,0.2982,0.2982,0.2982,0.2982,1687.0
1662113460000,0.2981,0.2982,0.2981,0.2982,1338.0
1662113520000,0.2983,0.2983,0.2981,0.2982,3083.0
1662113580000,0.2983,0.2983,0.2982,0.2982,3223.0
1662113640000,0.298,0.2983,0.298,0.2983,24182.0
1662113700000,0.2984,0.2984,0.2982,0.2983,2644.0
1662113760000,0.2983,0.2984,0.2979,0.2981,93024.0
1662113820000,0.2982,0.2985,0.2982,0.2985,30460.0
1662113880000,0.2985,0.2985,0.2984,0.2984,5471.0
1662113940000,0.2983,0.2984,0.2983,0.2984,565.0
1662114000000,0.2983,0.2985,0.2983,0.2985,2614.0
1662114060000,0.2985,0.2991,0.2985,0.299,15779.0
1662114120000,0.2989,0.2991,0.2986,0.2988,46391.0
1662114180000,0.2988,0.2988,0.2985,0.2985,5185.0
1662114240000,0.2985,0.2985,0.2981,0.2983,10062.0
1662114300000,0.2982,0.2983,0.2977,0.2977,14636.0
1662114360000,0.2978,0.298,0.2978,0.2978,2114.0
1662114420000,0.298,0.2981,0.2978,0.2979,6732.0
1662114480000,0.298,0.2981,0.2979,0.2979,4209.0
1662114540000,0.2979,0.2979,0.2978,0.2978,1389.0
1662114600000,0.298,0.298,0.298,0.298,703.0
1662114660000,0.298,0.298,0.2977,0.2977,8661.0
1662114720000,0.2976,0.2976,0.2972,0.2973,13699.0
1662114780000,0.2972,0.2972,0.297,0.297,29549.0
1662114840000,0.297,0.297,0.2964,0.2964,15051.0
1662114900000,0.2966,0.297,0.2965,0.2969,29086.0
1662114960000,0.2968,0.2969,0.2968,0.2968,6934.0
1662115020000,0.2968,0.2969,0.2967,0.2967,6861.0
1662115080000,0.2968,0.2969,0.2968,0.2969,1761.0
1662115140000,0.2969,0.2969,0.2969,0.2969,4220.0
1662115200000,0.2969,0.297,0.2969,0.297,5282.0
1662115260000,0.297,0.2972,0.2969,0.2972,4206.0
1662115320000,0.2972,0.2975,0.2972,0.2975,11935.0
1662115380000,0.2975,0.2978,0.2975,0.2977,8996.0
1662115440000,0.2978,0.2979,0.2976,0.2978,15099.0
1662115500000,0.2977,0.2978,0.2976,0.2978,6491.0
1662115560000,0.2977,0.2978,0.2976,0.2977,7018.0
1662115620000,0.2977,0.2977,0.2974,0.2974,5573.0
1662115680000,0.2975,0.2976,0.2975,0.2975,5318.0
1662115740000,0.2975,0.2976,0.2975,0.2976,3419.0
1662115800000,0.2976,0.2976,0.2975,0.2976,15548.0
1662115860000,0.2976,0.2976,0.2976,0.2976,3872.0
1662115920000,0.2976,0.2979,0.2976,0.2978,16880.0
1662115980000,0.2978,0.2978,0.2978,0.2978,7765.0
1662116040000,0.2978,0.298,0.2978,0.298,7789.0
1662116100000,0.2979,0.298,0.2979,0.298,3006.0
1662116160000,0.2979,0.2979,0.2979,0.2979,81.0
1662116220000,0.298,0.298,0.2977,0.2979,19532.0
1662116280000,0.2978,0.2979,0.2978,0.2978,445.0
1662116340000,0.2979,0.2979,0.2979,0.2979,897.0
1662116400000,0.2979,0.2983,0.2979,0.2983,28877.0
1662116460000,0.2984,0.2984,0.2984,0.2984,1144.0
1662116520000,0.2984,0.2986,0.2984,0.2986,12319.0
1662116580000,0.2985,0.2985,0.2984,0.2984,24635.0
1662116640000,0.2984,0.2984,0.2981,0.2981,15892.0
1662116700000,0.2981,0.2983,0.2981,0.2983,13659.0
1662116760000,0.2984,0.2985,0.2983,0.2985,6512.0
1662116820000,0.2984,0.2984,0.2983,0.2983,15011.0
1662116880000,0.2983,0.2983,0.2982,0.2982,11123.0
1662116940000,0.2983,0.2983,0.2982,0.2983,9855.0
1662117000000,0.2983,0.2983,0.298,0.2981,37544.0
1662117060000,0.2981,0.2981,0.2968,0.2968,55197.0
1662117120000,0.2968,0.2973,0.2967,0.2972,24840.0
1662117180000,0.2972,0.2973,0.297,0.2972,39994.0
1662117240000,0.2974,0.2974,0.2972,0.2973,6197.0
1662117300000,0.2974,0.2975,0.2969,0.297,66495.0
1662117360000,0.2971,0.2971,0.2967,0.2967,44279.0
1662117420000,0.2967,0.2967,0.2965,0.2966,7590.0
1662117480000,0.2966,0.2966,0.2962,0.2962,54596.0
1662117540000,0.2962,0.2962,0.2958,0.2961,11940.0
1662117600000,0.2961,0.2961,0.2959,0.296,2678.0
1662117660000,0.2961,0.2962,0.296,0.296,10071.0
1662117720000,0.2961,0.2961,0.296,0.296,9953.0
1662117780000,0.2959,0.296,0.2958,0.2958,5545.0
1662117840000,0.2957,0.2957,0.2952,0.2952,41251.0
1662117900000,0.2954,0.2955,0.2954,0.2954,764.0
1662117960000,0.2955,0.2959,0.2955,0.2958,22709.0
1662118020000,0.2959,0.2959,0.2959,0.2959,2301.0
1662118080000,0.2961,0.2962,0.296,0.2961,6932.0
1662118140000,0.2962,0.2962,0.2959,0.296,23248.0
1662118200000,0.296,0.296,0.2958,0.2958,5315.0
1662118260000,0.2957,0.2957,0.2955,0.2956,12995.0
1662118320000,0.2955,0.296,0.2955,0.296,4746.0
1662118380000,0.2961,0.2963,0.2961,0.2961,2377.0
1662118440000,0.2963,0.2963,0.2962,0.2962,1622.0
1662118500000,0.2963,0.2963,0.2963,0.2963,453.0
1662118560000,0.2962,0.2962,0.2958,0.2959,8204.0
1662118620000,0.2959,0.296,0.2958,0.296,9245.0
1662118680000,0.296,0.2961,0.296,0.2961,552.0
1662118740000,0.2961,0.2961,0.296,0.2961,2450.0
1662118800000,0.2961,0.2962,0.2961,0.2961,837.0
1662118860000,0.296,0.2963,0.296,0.2963,12690.0
1662118920000,0.2962,0.2963,0.2962,0.2962,2275.0
1662118980000,0.2962,0.2964,0.2962,0.2963,8885.0
1662119040000,0.2963,0.2967,0.2962,0.2966,12924.0
1662119100000,0.2966,0.2966,0.2964,0.2965,5197.0
1662119160000,0.2965,0.2965,0.2965,0.2965,1359.0
1662119220000,0.2964,0.2968,0.2964,0.2968,8992.0
1662119280000,0.2968,0.2976,0.2967,0.2974,28843.0
1662119340000,0.2975,0.2976,0.2972,0.2974,25727.0
1662119400000,0.2974,0.2976,0.2974,0.2976,4313.0
1662119460000,0.2975,0.2975,0.2974,0.2975,5455.0
1662119520000,0.2975,0.298,0.2975,0.298,32218.0
1662119580000,0.298,0.2981,0.2978,0.298,17446.0
1662119640000,0.2981,0.2983,0.2979,0.2983,23161.0
1662119700000,0.2982,0.2983,0.2981,0.2981,953.0
1662119760000,0.2982,0.2983,0.298,0.298,21873.0
1662119820000,0.2981,0.2982,0.298,0.2982,6226.0
1662119880000,0.2981,0.2983,0.2981,0.2983,5870.0
1662119940000,0.2984,0.2984,0.2984,0.2984,2059.0
1662120000000,0.2985,0.299,0.2985,0.2989,23978.0
1662120060000,0.299,0.2991,0.2989,0.2989,7116.0
1662120120000,0.299,0.299,0.2988,0.2989,20990.0
1662120180000,0.2989,0.2989,0.2986,0.2986,6884.0
1662120240000,0.2986,0.2988,0.2986,0.2988,26501.0
1662120300000,0.2988,0.299,0.2987,0.2988,11896.0
1662120360000,0.2989,0.299,0.2989,0.2989,13046.0
1662120420000,0.2988,0.2989,0.2985,0.2985,4038.0
1662120480000,0.2986,0.2989,0.2986,0.2988,8301.0
1662120540000,0.2987,0.2987,0.2977,0.2978,153332.0
1662120600000,0.2977,0.2977,0.2975,0.2976,7574.0
1662120660000,0.2976,0.2976,0.2972,0.2973,12014.0
1662120720000,0.2972,0.2972,0.2969,0.2969,7280.0
1662120780000,0.2969,0.2971,0.2968,0.297,11088.0
1662120840000,0.2969,0.297,0.2969,0.297,1510.0
1662120900000,0.2969,0.2973,0.2969,0.2971,8308.0
1662120960000,0.2971,0.2972,0.2969,0.2971,62341.0
1662121020000,0.297,0.297,0.2964,0.2964,37209.0
1662121080000,0.2965,0.2969,0.2965,0.2969,9013.0
1662121140000,0.2968,0.2969,0.2966,0.2968,3295.0
1662121200000,0.2967,0.2974,0.2966,0.2974,26663.0
1662121260000,0.2974,0.2976,0.2974,0.2976,3768.0
1662121320000,0.2977,0.2982,0.2977,0.298,2417.0
1662121380000,0.2981,0.2981,0.298,0.298,8417.0
1662121440000,0.2978,0.2985,0.2978,0.2983,17947.0
1662121500000,0.2986,0.2988,0.2982,0.2982,9238.0
1662121560000,0.2982,0.2983,0.298,0.2981,12664.0
1662121620000,0.298,0.298,0.2963,0.2966,30299.0
1662121680000,0.297,0.2977,0.2969,0.2977,32769.0
1662121740000,0.2976,0.298,0.2976,0.2979,1991.0
1662121800000,0.298,0.299,0.2977,0.2986,307898.0
1662121860000,0.2986,0.2995,0.2985,0.2985,109382.0
1662121920000,0.2985,0.2997,0.2983,0.2997,33454.0
1662121980000,0.2997,0.3009,0.2994,0.3005,148634.0
1662122040000,0.3006,0.301,0.3001,0.3004,55104.0
1662122100000,0.3006,0.3006,0.3003,0.3004,7004.0
1662122160000,0.3008,0.3019,0.3008,0.3019,97126.0
1662122220000,0.302,0.3031,0.302,0.3025,139589.0
1662122280000,0.3025,0.3032,0.3025,0.3029,99034.0
1662122340000,0.3028,0.3034,0.3018,0.3023,98703.0
1662122400000,0.302,0.3024,0.3011,0.3013,27189.0
1662122460000,0.3014,0.3014,0.3007,0.3007,39429.0
1662122520000,0.3007,0.3013,0.3007,0.3012,23193.0
1662122580000,0.3011,0.3013,0.3002,0.3002,23646.0
1662122640000,0.3003,0.3008,0.3001,0.3003,54809.0
1662122700000,0.3001,0.3004,0.3,0.3003,15885.0
1662122760000,0.3001,0.3001,0.2995,0.2995,60877.0
1662122820000,0.2994,0.2998,0.2991,0.2997,44102.0
1662122880000,0.2996,0.3003,0.2996,0.3001,48321.0
1662122940000,0.2999,0.3002,0.2999,0.3001,21211.0
1662123000000,0.3005,0.301,0.3004,0.3007,17520.0
1662123060000,0.3008,0.301,0.3005,0.3006,5682.0
1662123120000,0.3008,0.3011,0.3007,0.3007,11406.0
1662123180000,0.3006,0.301,0.3006,0.301,2989.0
1662123240000,0.301,0.3011,0.3006,0.3008,32225.0
1662123300000,0.3008,0.3012,0.3008,0.301,6840.0
1662123360000,0.3009,0.301,0.3008,0.301,3843.0
1662123420000,0.301,0.3024,0.301,0.3024,96436.0
1662123480000,0.3024,0.3024,0.3019,0.3019,14014.0
1662123540000,0.3019,0.3023,0.3019,0.3023,59815.0
1662123600000,0.3023,0.3024,0.3019,0.302,91814.0
1662123660000,0.302,0.3025,0.302,0.3024,26335.0
1662123720000,0.3024,0.3026,0.3023,0.3023,17079.0
1662123780000,0.3023,0.3025,0.3022,0.3024,10224.0
1662123840000,0.3025,0.3026,0.3023,0.3023,10117.0
1662123900000,0.3024,0.3026,0.3024,0.3024,11664.0
1662123960000,0.3023,0.3029,0.3023,0.3027,48185.0
1662124020000,0.3026,0.3027,0.3025,0.3025,7289.0
1662124080000,0.3027,0.3028,0.3025,0.3025,35617.0
1662124140000,0.3026,0.3028,0.3023,0.3026,26498.0
1662124200000,0.3027,0.3027,0.3024,0.3026,25986.0
1662124260000,0.3026,0.3026,0.3024,0.3024,4748.0
1662124320000,0.3024,0.3027,0.3024,0.3027,37589.0
1662124380000,0.3026,0.3026,0.3023,0.3023,5190.0
1662124440000,0.3025,0.3025,0.302,0.3021,47415.0
1662124500000,0.3021,0.3023,0.3018,0.3019,17519.0
1662124560000,0.302,0.3022,0.302,0.3022,14573.0
1662124620000,0.3022,0.3023,0.3021,0.3022,12253.0
1662124680000,0.3022,0.3024,0.3021,0.3023,24009.0
1662124740000,0.3022,0.3023,0.302,0.3023,59873.0
1662124800000,0.3023,0.3023,0.3021,0.3021,3831.0
1662124860000,0.3023,0.3024,0.3022,0.3024,31392.0
1662124920000,0.3024,0.3024,0.3021,0.3021,5667.0
1662124980000,0.3021,0.3023,0.302,0.302,57195.0
1662125040000,0.3022,0.3023,0.3019,0.302,19618.0
1662125100000,0.3021,0.3021,0.302,0.3021,7552.0
1662125160000,0.3021,0.3034,0.302,0.3033,140363.0
1662125220000,0.3033,0.3035,0.3031,0.3034,33352.0
1662125280000,0.3033,0.3052,0.3033,0.3048,612384.0
1662125340000,0.3048,0.3054,0.3048,0.3051,45801.0
1662125400000,0.3054,0.3054,0.3042,0.3045,25910.0
1662125460000,0.3045,0.3045,0.3031,0.3033,39672.0
1662125520000,0.3032,0.3036,0.3031,0.3034,48970.0
1662125580000,0.3033,0.3034,0.3011,0.3022,326650.0
1662125640000,0.3021,0.3022,0.3017,0.3018,55323.0
1662125700000,0.3019,0.3024,0.3019,0.3022,12971.0
1662125760000,0.3022,0.3024,0.3022,0.3024,34854.0
1662125820000,0.3023,0.3027,0.3023,0.3027,28919.0
1662125880000,0.3028,0.3028,0.3027,0.3027,10623.0
1662125940000,0.3027,0.3028,0.3025,0.3027,17373.0
1662126000000,0.3026,0.3026,0.3018,0.302,36051.0
1662126060000,0.3022,0.3023,0.302,0.3022,13096.0
1662126120000,0.3021,0.3023,0.3017,0.302,4059.0
1662126180000,0.3019,0.302,0.3016,0.3018,10793.0
1662126240000,0.3019,0.3021,0.3018,0.3021,25019.0
1662126300000,0.302,0.3023,0.3019,0.3019,45054.0
1662126360000,0.302,0.3023,0.3013,0.3014,181269.0
1662126420000,0.3013,0.3016,0.3009,0.301,198260.0
1662126480000,0.301,0.3012,0.3005,0.3008,124300.0
1662126540000,0.3008,0.3012,0.3008,0.3011,7074.0
1662126600000,0.3013,0.3015,0.3013,0.3014,14924.0
1662126660000,0.3015,0.3015,0.3014,0.3015,10224.0
1662126720000,0.3014,0.3014,0.3009,0.3009,27066.0
1662126780000,0.3009,0.3011,0.3007,0.3007,45118.0
1662126840000,0.301,0.3013,0.301,0.301,53224.0
1662126900000,0.3011,0.3011,0.3009,0.3009,12262.0
1662126960000,0.3009,0.3014,0.3009,0.3012,21593.0
1662127020000,0.3012,0.3012,0.3009,0.3009,28002.0
1662127080000,0.3009,0.3013,0.3009,0.3011,8890.0
1662127140000,0.301,0.301,0.3004,0.3005,30022.0
1662127200000,0.3006,0.3008,0.3006,0.3007,4695.0
1662127260000,0.3007,0.3007,0.3004,0.3004,14494.0
1662127320000,0.3004,0.3006,0.3003,0.3004,10919.0
1662127380000,0.3004,0.3004,0.3001,0.3001,12169.0
1662127440000,0.3002,0.3003,0.2999,0.3,22013.0
1662127500000,0.3001,0.3004,0.3001,0.3001,20939.0
1662127560000,0.3003,0.3003,0.3002,0.3003,13044.0
1662127620000,0.3004,0.3006,0.3004,0.3005,32802.0
1662127680000,0.3005,0.3005,0.3002,0.3005,86534.0
1662127740000,0.3006,0.3011,0.3006,0.3009,34679.0
1662127800000,0.3011,0.3013,0.3011,0.3012,30177.0
1662127860000,0.3013,0.3017,0.3013,0.3017,5052.0
1662127920000,0.3017,0.3019,0.3015,0.3018,9585.0
1662127980000,0.302,0.302,0.3018,0.3018,6595.0
1662128040000,0.3018,0.3028,0.3018,0.3027,216941.0
1662128100000,0.3027,0.3028,0.3025,0.3028,14731.0
1662128160000,0.3028,0.303,0.3026,0.3027,59065.0
1662128220000,0.3027,0.303,0.3027,0.3027,15712.0
1662128280000,0.3027,0.303,0.3027,0.3028,12643.0
1662128340000,0.3027,0.303,0.3027,0.3028,38652.0
1662128400000,0.3028,0.3028,0.3025,0.3026,40243.0
1662128460000,0.3027,0.303,0.3026,0.3029,5212.0
1662128520000,0.303,0.303,0.3029,0.3029,25420.0
1662128580000,0.303,0.303,0.3028,0.303,45769.0
1662128640000,0.3029,0.3029,0.3028,0.3028,34555.0
1662128700000,0.3028,0.303,0.3028,0.3029,4874.0
1662128760000,0.303,0.3041,0.3029,0.3038,103996.0
1662128820000,0.304,0.3041,0.3037,0.304,15756.0
1662128880000,0.304,0.304,0.3038,0.3039,4127.0
1662128940000,0.3039,0.3043,0.3039,0.3042,25354.0
1662129000000,0.3043,0.3046,0.3043,0.3046,11377.0
1662129060000,0.3047,0.305,0.3047,0.3049,9122.0
1662129120000,0.3049,0.305,0.3049,0.3049,5215.0
1662129180000,0.305,0.305,0.3049,0.305,14512.0
1662129240000,0.3049,0.305,0.3049,0.305,5187.0
1662129300000,0.305,0.305,0.3048,0.305,6025.0
1662129360000,0.3051,0.3051,0.305,0.305,8664.0
1662129420000,0.3049,0.3056,0.3049,0.3055,24409.0
1662129480000,0.3055,0.3055,0.3054,0.3054,5837.0
1662129540000,0.3056,0.3056,0.3053,0.3055,6340.0
1662129600000,0.3055,0.3055,0.3051,0.3051,27417.0
1662129660000,0.3052,0.3055,0.3052,0.3053,15404.0
1662129720000,0.3054,0.3055,0.3054,0.3054,4783.0
1662129780000,0.3053,0.3054,0.305,0.305,8230.0
1662129840000,0.305,0.3051,0.3048,0.305,10958.0
1662129900000,0.3049,0.305,0.3048,0.305,7467.0
1662129960000,0.3051,0.3051,0.3047,0.3047,6853.0
1662130020000,0.3048,0.305,0.3048,0.3049,14199.0
1662130080000,0.3048,0.3049,0.3043,0.3046,61586.0
1662130140000,0.3047,0.3047,0.3044,0.3047,39806.0
1662130200000,0.3048,0.3051,0.3048,0.3051,17833.0
1662130260000,0.3051,0.3052,0.305,0.3051,7213.0
1662130320000,0.305,0.305,0.3045,0.3045,22185.0
1662130380000,0.3047,0.3049,0.3047,0.3047,11787.0
1662130440000,0.3047,0.3049,0.3044,0.3044,15604.0
1662130500000,0.3045,0.3047,0.3044,0.3044,8647.0
1662130560000,0.3046,0.3046,0.3033,0.3034,133599.0
1662130620000,0.3036,0.304,0.3035,0.304,8208.0
1662130680000,0.304,0.305,0.3035,0.3041,309854.0
1662130740000,0.3042,0.3048,0.3041,0.3041,28587.0
1662130800000,0.3042,0.3043,0.3039,0.3043,14899.0
1662130860000,0.3043,0.3044,0.304,0.304,11838.0
1662130920000,0.3041,0.3045,0.3041,0.3042,8400.0
1662130980000,0.3042,0.3049,0.3042,0.3049,58913.0
1662131040000,0.3049,0.3057,0.3049,0.3056,23090.0
1662131100000,0.3056,0.3056,0.3054,0.3056,26301.0
1662131160000,0.3056,0.3057,0.3053,0.3054,5503.0
1662131220000,0.3055,0.3055,0.3052,0.3052,11195.0
1662131280000,0.3052,0.3052,0.3049,0.3049,4646.0
1662131340000,0.3049,0.3053,0.3049,0.3052,20526.0
1662131400000,0.3052,0.3053,0.3052,0.3053,8544.0
1662131460000,0.3053,0.3054,0.3052,0.3052,13136.0
1662131520000,0.3052,0.3052,0.305,0.3051,3625.0
1662131580000,0.3051,0.3053,0.3051,0.3053,13777.0
1662131640000,0.3053,0.3054,0.3053,0.3054,7868.0
1662131700000,0.3053,0.3053,0.3052,0.3052,7370.0
1662131760000,0.3052,0.3052,0.305,0.305,9655.0
1662131820000,0.305,0.3053,0.3048,0.3053,28067.0
1662131880000,0.3053,0.3058,0.305,0.3056,150803.0
1662131940000,0.3056,0.3066,0.3056,0.3057,595455.0
1662132000000,0.3058,0.3058,0.3049,0.3049,135514.0
1662132060000,0.3052,0.3052,0.3045,0.3045,53495.0
1662132120000,0.3046,0.3047,0.3044,0.3045,11170.0
1662132180000,0.3044,0.3046,0.3043,0.3043,16829.0
1662132240000,0.3043,0.3043,0.3042,0.3042,9735.0
1662132300000,0.3042,0.3042,0.3041,0.3042,5722.0
1662132360000,0.3041,0.3042,0.304,0.3042,6624.0
1662132420000,0.3043,0.3043,0.3042,0.3042,3170.0
1662132480000,0.3043,0.3044,0.3043,0.3044,863.0
1662132540000,0.3044,0.3044,0.3043,0.3043,11575.0
1662132600000,0.3044,0.3044,0.304,0.3044,109778.0
1662132660000,0.3044,0.3049,0.3044,0.3049,24520.0
1662132720000,0.3048,0.3048,0.3044,0.3044,24219.0
1662132780000,0.3044,0.3045,0.3044,0.3045,11501.0
1662132840000,0.3045,0.3045,0.3044,0.3044,1164.0
1662132900000,0.3044,0.3045,0.3043,0.3045,11495.0
1662132960000,0.3047,0.3047,0.3045,0.3045,10835.0
1662133020000,0.3045,0.3045,0.3045,0.3045,1235.0
1662133080000,0.3046,0.3047,0.3046,0.3047,2590.0
1662133140000,0.3046,0.3046,0.3043,0.3044,44578.0
1662133200000,0.3044,0.3044,0.3042,0.3042,10881.0
1662133260000,0.3043,0.3044,0.3042,0.3042,13022.0
1662133320000,0.3042,0.3043,0.3039,0.304,6345.0
1662133380000,0.3041,0.3041,0.3041,0.3041,419.0
1662133440000,0.3041,0.3044,0.3041,0.3043,19660.0
1662133500000,0.3044,0.3044,0.3042,0.3042,29108.0
1662133560000,0.3044,0.3047,0.3044,0.3047,17597.0
1662133620000,0.3047,0.3049,0.3045,0.3047,11942.0
1662133680000,0.3047,0.3048,0.3045,0.3045,41050.0
1662133740000,0.3046,0.3046,0.3044,0.3044,12866.0
1662133800000,0.3044,0.3047,0.3043,0.3045,6947.0
1662133860000,0.3046,0.3046,0.3045,0.3046,6988.0
1662133920000,0.3047,0.3047,0.3047,0.3047,1685.0
1662133980000,0.3048,0.3048,0.3047,0.3048,2516.0
1662134040000,0.3047,0.305,0.3046,0.305,7810.0
1662134100000,0.305,0.3052,0.3049,0.3051,12358.0
1662134160000,0.305,0.305,0.3047,0.3049,916.0
1662134220000,0.3049,0.3051,0.3049,0.305,5319.0
1662134280000,0.3049,0.3051,0.3049,0.3051,3325.0
1662134340000,0.3051,0.3053,0.3051,0.3051,8739.0
1662134400000,0.3052,0.3056,0.3051,0.3056,16062.0
1662134460000,0.3057,0.3058,0.3055,0.3057,29071.0
1662134520000,0.3058,0.3064,0.3056,0.3063,164774.0
1662134580000,0.3063,0.3072,0.3063,0.3071,73183.0
1662134640000,0.3072,0.3072,0.3064,0.3065,40745.0
1662134700000,0.3065,0.3066,0.3064,0.3065,14494.0
1662134760000,0.3065,0.3067,0.3065,0.3067,23720.0
1662134820000,0.3067,0.3067,0.3064,0.3065,19555.0
1662134880000,0.3064,0.3064,0.3061,0.3063,8306.0
1662134940000,0.3062,0.3062,0.3059,0.306,23788.0
1662135000000,0.306,0.3062,0.3059,0.306,5961.0
1662135060000,0.306,0.3061,0.3059,0.3059,10095.0
1662135120000,0.306,0.306,0.3057,0.3058,7579.0
1662135180000,0.3059,0.306,0.3059,0.306,21592.0
1662135240000,0.306,0.306,0.3054,0.3054,9676.0
1662135300000,0.3054,0.3054,0.3047,0.3048,78187.0
1662135360000,0.3049,0.3051,0.3048,0.3051,7320.0
1662135420000,0.3052,0.3054,0.305,0.3052,9351.0
1662135480000,0.3052,0.3057,0.3052,0.3053,12286.0
1662135540000,0.3053,0.3054,0.3053,0.3054,9550.0
1662135600000,0.3054,0.3054,0.3049,0.3049,30676.0
1662135660000,0.3049,0.3051,0.3049,0.3051,2755.0
1662135720000,0.3051,0.3051,0.3046,0.3046,10606.0
1662135780000,0.3046,0.3048,0.3046,0.3047,3192.0
1662135840000,0.3046,0.3047,0.3045,0.3046,76180.0
1662135900000,0.3045,0.3047,0.3044,0.3044,26733.0
1662135960000,0.3044,0.3046,0.3043,0.3046,6104.0
1662136020000,0.3045,0.3045,0.3043,0.3044,11828.0
1662136080000,0.3044,0.3045,0.3044,0.3045,6103.0
1662136140000,0.3045,0.3045,0.3043,0.3044,6144.0
1662136200000,0.3043,0.3046,0.3041,0.3043,19913.0
1662136260000,0.3044,0.3046,0.3042,0.3045,19223.0
1662136320000,0.3044,0.3046,0.3043,0.3043,22576.0
1662136380000,0.3043,0.3043,0.3037,0.3038,12124.0
1662136440000,0.3038,0.3042,0.3038,0.3041,8538.0
1662136500000,0.3041,0.3043,0.3039,0.3043,36403.0
1662136560000,0.3043,0.3044,0.304,0.3041,13670.0
1662136620000,0.304,0.3041,0.303,0.303,15011.0
1662136680000,0.3031,0.3035,0.3029,0.303,52808.0
1662136740000,0.303,0.3034,0.3029,0.3031,32450.0
1662136800000,0.3031,0.3038,0.3031,0.3037,11891.0
1662136860000,0.3037,0.3037,0.3034,0.3035,11642.0
1662136920000,0.3036,0.3036,0.3032,0.3032,15947.0
1662136980000,0.3031,0.3032,0.303,0.303,10589.0
1662137040000,0.303,0.303,0.3026,0.3027,35097.0
1662137100000,0.3026,0.3029,0.3024,0.3027,24765.0
1662137160000,0.3029,0.303,0.3027,0.3029,17210.0
1662137220000,0.3029,0.3029,0.3027,0.3027,8998.0
1662137280000,0.3027,0.3029,0.3027,0.3029,12431.0
1662137340000,0.3028,0.3029,0.3028,0.3028,12175.0
1662137400000,0.3028,0.303,0.3028,0.303,2635.0
1662137460000,0.3028,0.3028,0.3021,0.3021,28930.0
1662137520000,0.3021,0.3026,0.3021,0.3023,10994.0
1662137580000,0.3022,0.3022,0.3019,0.302,11339.0
1662137640000,0.3019,0.3025,0.3019,0.3025,13845.0
1662137700000,0.3024,0.3025,0.3023,0.3023,835.0
1662137760000,0.3022,0.3022,0.3022,0.3022,8399.0
1662137820000,0.3021,0.3021,0.3017,0.3017,5570.0
1662137880000,0.3017,0.3019,0.3017,0.3019,6139.0
1662137940000,0.3021,0.3022,0.3021,0.3021,6720.0
1662138000000,0.3021,0.3023,0.302,0.3022,6870.0
1662138060000,0.3021,0.3021,0.3015,0.3016,20783.0
1662138120000,0.3016,0.3018,0.3014,0.3017,13575.0
1662138180000,0.3018,0.302,0.3015,0.302,28984.0
1662138240000,0.3019,0.3021,0.3018,0.3018,9631.0
1662138300000,0.3019,0.302,0.3017,0.3018,10624.0
1662138360000,0.3019,0.3019,0.3016,0.3017,4503.0
1662138420000,0.3018,0.3018,0.3016,0.3016,3275.0
1662138480000,0.3016,0.3017,0.3012,0.3012,7660.0
1662138540000,0.3013,0.3016,0.3013,0.3014,8782.0
1662138600000,0.3014,0.3015,0.3012,0.3014,34130.0
1662138660000,0.3014,0.3015,0.3013,0.3014,6894.0
1662138720000,0.3014,0.3015,0.3012,0.3013,4604.0
1662138780000,0.3014,0.3014,0.3013,0.3013,2560.0
1662138840000,0.3014,0.3017,0.3013,0.3017,5254.0
1662138900000,0.3018,0.302,0.3017,0.302,8738.0
1662138960000,0.302,0.302,0.3016,0.3018,15367.0
1662139020000,0.3017,0.3022,0.3017,0.3021,12650.0
1662139080000,0.3022,0.3028,0.3022,0.3026,72377.0
1662139140000,0.3027,0.3027,0.3023,0.3024,7614.0
1662139200000,0.3024,0.3024,0.302,0.302,14641.0
1662139260000,0.302,0.302,0.3011,0.3011,34680.0
1662139320000,0.3011,0.3013,0.3009,0.301,13947.0
1662139380000,0.3011,0.3011,0.2999,0.3001,95078.0
1662139440000,0.3,0.3001,0.2994,0.2997,48051.0
1662139500000,0.2995,0.2995,0.2992,0.2992,29243.0
1662139560000,0.2993,0.2993,0.299,0.2991,11376.0
1662139620000,0.2992,0.2995,0.299,0.299,15597.0
1662139680000,0.2994,0.2994,0.2991,0.2992,39318.0
1662139740000,0.2993,0.2995,0.2993,0.2993,8984.0
1662139800000,0.2991,0.2992,0.299,0.2991,17333.0
1662139860000,0.299,0.2993,0.2988,0.2993,63024.0
1662139920000,0.2991,0.2992,0.2988,0.2988,29273.0
1662139980000,0.2989,0.2989,0.2985,0.2989,39900.0
1662140040000,0.2989,0.2994,0.2986,0.2991,73125.0
1662140100000,0.2991,0.2993,0.2987,0.2993,17326.0
1662140160000,0.2994,0.2994,0.2991,0.2991,10409.0
1662140220000,0.2992,0.2993,0.2992,0.2992,6701.0
1662140280000,0.2994,0.2995,0.2994,0.2995,9165.0
1662140340000,0.2995,0.2996,0.2994,0.2995,47009.0
1662140400000,0.2994,0.2995,0.2993,0.2994,10371.0
1662140460000,0.2993,0.2995,0.2992,0.2994,34947.0
1662140520000,0.2995,0.2995,0.2993,0.2994,13068.0
1662140580000,0.2995,0.2998,0.2994,0.2997,15314.0
1662140640000,0.2997,0.2998,0.2996,0.2998,13383.0
1662140700000,0.2997,0.3002,0.2997,0.3002,37220.0
1662140760000,0.3002,0.3002,0.2998,0.2998,5301.0
1662140820000,0.2998,0.2998,0.2994,0.2994,16458.0
1662140880000,0.2994,0.2996,0.2993,0.2993,22264.0
1662140940000,0.2993,0.2993,0.2989,0.299,28220.0
1662141000000,0.2993,0.2993,0.2992,0.2992,4022.0
1662141060000,0.2993,0.2993,0.2986,0.2986,30489.0
1662141120000,0.2987,0.2988,0.2986,0.2988,23973.0
1662141180000,0.2987,0.2989,0.2987,0.2989,10958.0
1662141240000,0.299,0.2991,0.2987,0.2988,22251.0
1662141300000,0.2988,0.2989,0.2986,0.2989,7851.0
1662141360000,0.2987,0.2987,0.2984,0.2986,22821.0
1662141420000,0.2986,0.2987,0.2984,0.2987,4173.0
1662141480000,0.2986,0.2986,0.2985,0.2986,7487.0
1662141540000,0.2987,0.2989,0.2987,0.2988,18181.0
1662141600000,0.2988,0.2989,0.2987,0.2988,25343.0
1662141660000,0.2988,0.2988,0.2985,0.2986,19324.0
1662141720000,0.2986,0.2987,0.2985,0.2986,3982.0
1662141780000,0.2986,0.2987,0.2985,0.2987,34658.0
1662141840000,0.2989,0.299,0.2988,0.299,3702.0
1662141900000,0.2989,0.2992,0.2989,0.2992,5681.0
1662141960000,0.2992,0.2997,0.2992,0.2995,210333.0
1662142020000,0.2994,0.2997,0.2994,0.2997,20826.0
1662142080000,0.2997,0.2997,0.2996,0.2997,1890.0
1662142140000,0.2998,0.3001,0.2998,0.3,6604.0
1662142200000,0.3,0.3001,0.3,0.3,24061.0
1662142260000,0.3001,0.3001,0.2999,0.3,5301.0
1662142320000,0.2999,0.2999,0.2993,0.2995,30580.0
1662142380000,0.2994,0.2994,0.2993,0.2993,10199.0
1662142440000,0.2992,0.2992,0.2986,0.2986,38583.0
1662142500000,0.2985,0.2987,0.2982,0.2987,40913.0
1662142560000,0.2987,0.2988,0.2984,0.2988,17261.0
1662142620000,0.2988,0.2988,0.2983,0.2987,14402.0
1662142680000,0.2988,0.299,0.2987,0.2988,18228.0
1662142740000,0.2988,0.2988,0.2987,0.2988,501.0
1662142800000,0.2989,0.299,0.2987,0.2988,10971.0
1662142860000,0.2989,0.2989,0.2988,0.2988,10420.0
1662142920000,0.2988,0.2989,0.2987,0.2987,20021.0
1662142980000,0.2988,0.2992,0.2987,0.2992,24813.0
1662143040000,0.299,0.2991,0.299,0.2991,21595.0
1662143100000,0.2991,0.2995,0.299,0.2995,4145.0
1662143160000,0.2995,0.2998,0.2995,0.2997,3067.0
1662143220000,0.2998,0.3002,0.2998,0.3001,84597.0
1662143280000,0.3002,0.3006,0.3002,0.3003,79291.0
1662143340000,0.3005,0.3005,0.3004,0.3004,2500.0
1662143400000,0.3002,0.3003,0.2999,0.3002,77759.0
1662143460000,0.3001,0.3001,0.2995,0.2995,14734.0
1662143520000,0.2995,0.2995,0.2993,0.2993,13479.0
1662143580000,0.2993,0.2993,0.2991,0.2991,7407.0
1662143640000,0.2992,0.2994,0.2992,0.2994,5388.0
1662143700000,0.2993,0.2994,0.2993,0.2993,7029.0
1662143760000,0.2994,0.2996,0.2994,0.2996,3310.0
1662143820000,0.2995,0.2999,0.2995,0.2999,15113.0
1662143880000,0.2999,0.3003,0.2999,0.3003,24603.0
1662143940000,0.3004,0.3007,0.3004,0.3006,15410.0
1662144000000,0.3007,0.3017,0.3007,0.3016,53989.0
1662144060000,0.3016,0.3016,0.3009,0.301,15283.0
1662144120000,0.301,0.3011,0.301,0.301,7167.0
1662144180000,0.3011,0.3011,0.3011,0.3011,77.0
1662144240000,0.301,0.3014,0.301,0.3012,4508.0
1662144300000,0.3012,0.3012,0.3011,0.3012,5274.0
1662144360000,0.3013,0.3013,0.301,0.301,513.0
1662144420000,0.301,0.3012,0.3009,0.301,37633.0
1662144480000,0.301,0.301,0.3006,0.3007,21030.0
1662144540000,0.3008,0.3014,0.3008,0.3014,58805.0
1662144600000,0.3012,0.3022,0.3012,0.3021,48179.0
1662144660000,0.3021,0.3047,0.3021,0.3047,124295.0
1662144720000,0.3047,0.3058,0.3039,0.3039,118936.0
1662144780000,0.3039,0.3041,0.3024,0.3027,264143.0
1662144840000,0.3028,0.3041,0.3028,0.3038,51006.0
1662144900000,0.3037,0.3037,0.3022,0.3035,270491.0
1662144960000,0.3035,0.3035,0.3031,0.3031,4427.0
1662145020000,0.303,0.3032,0.3026,0.3028,5233.0
1662145080000,0.3029,0.3031,0.3029,0.3031,929.0
1662145140000,0.3032,0.3037,0.3031,0.3037,11147.0
1662145200000,0.3037,0.3037,0.3028,0.3029,44841.0
1662145260000,0.303,0.303,0.3023,0.3025,14350.0
1662145320000,0.3024,0.3024,0.302,0.3024,46239.0
1662145380000,0.3024,0.3026,0.3022,0.3022,19136.0
1662145440000,0.3021,0.3025,0.3021,0.3025,15810.0
1662145500000,0.3024,0.3024,0.3021,0.3024,8804.0
1662145560000,0.3021,0.3021,0.3015,0.3018,18678.0
1662145620000,0.3017,0.3021,0.3017,0.302,26861.0
1662145680000,0.302,0.3022,0.302,0.3022,10261.0
1662145740000,0.3023,0.3023,0.302,0.3021,25691.0
1662145800000,0.3021,0.3023,0.3021,0.3023,4815.0
1662145860000,0.3021,0.3021,0.3018,0.3019,47540.0
1662145920000,0.3019,0.3021,0.3019,0.3019,3643.0
1662145980000,0.3018,0.302,0.3018,0.302,6233.0
1662146040000,0.302,0.302,0.3018,0.3019,16385.0
1662146100000,0.3019,0.3023,0.3017,0.302,24553.0
1662146160000,0.3018,0.3019,0.3014,0.3016,24422.0
1662146220000,0.3016,0.3016,0.3012,0.3013,27862.0
1662146280000,0.3013,0.3013,0.3009,0.3012,17914.0
1662146340000,0.3013,0.3014,0.3012,0.3012,1804.0
1662146400000,0.3012,0.3015,0.3012,0.3015,18801.0
1662146460000,0.3014,0.3015,0.301,0.301,17893.0
1662146520000,0.3009,0.3009,0.2991,0.2993,140249.0
1662146580000,0.2992,0.2994,0.2985,0.2985,51138.0
1662146640000,0.2987,0.2988,0.2978,0.2979,58066.0
1662146700000,0.2981,0.2982,0.2974,0.2982,71514.0
1662146760000,0.2982,0.2996,0.2981,0.299,275051.0
1662146820000,0.2992,0.2994,0.2992,0.2992,9142.0
1662146880000,0.2993,0.2996,0.2993,0.2996,514.0
1662146940000,0.2995,0.2996,0.2992,0.2995,6126.0
1662147000000,0.2993,0.2994,0.299,0.299,3211.0
1662147060000,0.299,0.299,0.2983,0.2983,45326.0
1662147120000,0.2982,0.2983,0.2968,0.2972,70714.0
1662147180000,0.2971,0.2973,0.2967,0.2972,26734.0
1662147240000,0.2972,0.2974,0.2968,0.2969,43364.0
1662147300000,0.2968,0.2968,0.2963,0.2965,26826.0
1662147360000,0.2965,0.2969,0.2965,0.2966,7008.0
1662147420000,0.2964,0.297,0.2964,0.2969,40593.0
1662147480000,0.2971,0.2973,0.297,0.2972,13661.0
1662147540000,0.2971,0.2976,0.2971,0.2975,8849.0
1662147600000,0.2975,0.2975,0.2975,0.2975,1611.0
1662147660000,0.2975,0.2975,0.2968,0.2968,21957.0
1662147720000,0.297,0.297,0.2968,0.297,13408.0
1662147780000,0.2968,0.2971,0.2968,0.2971,7563.0
1662147840000,0.2971,0.2973,0.2971,0.2971,1940.0
1662147900000,0.297,0.2972,0.297,0.2972,30397.0
1662147960000,0.2971,0.2971,0.2967,0.2968,11493.0
1662148020000,0.2971,0.2971,0.2967,0.2968,13378.0
1662148080000,0.2968,0.2971,0.2968,0.2971,8644.0
1662148140000,0.2972,0.2974,0.2971,0.2973,8516.0
1662148200000,0.2974,0.2981,0.2974,0.2981,21314.0
1662148260000,0.2981,0.2981,0.2978,0.2978,5886.0
1662148320000,0.2978,0.2978,0.2977,0.2977,464.0
1662148380000,0.2979,0.2979,0.2978,0.2979,290.0
1662148440000,0.2982,0.2985,0.2982,0.2985,3768.0
1662148500000,0.2986,0.299,0.2986,0.2988,15929.0
1662148560000,0.2987,0.2987,0.2986,0.2986,1127.0
1662148620000,0.2986,0.2987,0.2986,0.2987,12923.0
1662148680000,0.2987,0.2987,0.2986,0.2987,844.0
1662148740000,0.2986,0.2991,0.2986,0.299,16643.0
1662148800000,0.299,0.2992,0.2988,0.299,35334.0
1662148860000,0.2989,0.299,0.2985,0.2985,11676.0
1662148920000,0.2985,0.2985,0.2982,0.2982,29912.0
1662148980000,0.2985,0.2986,0.2985,0.2986,1870.0
1662149040000,0.2985,0.2987,0.2984,0.2984,64080.0
1662149100000,0.2984,0.2986,0.2984,0.2984,8762.0
1662149160000,0.2985,0.2988,0.2985,0.2988,4812.0
1662149220000,0.2987,0.2988,0.2987,0.2987,2383.0
1662149280000,0.2987,0.299,0.2987,0.2989,4992.0
1662149340000,0.299,0.2991,0.2989,0.299,7754.0
1662149400000,0.299,0.2991,0.299,0.299,3109.0
1662149460000,0.2989,0.299,0.2989,0.299,4564.0
1662149520000,0.299,0.2991,0.299,0.2991,2642.0
1662149580000,0.2991,0.2992,0.2989,0.2989,3278.0
1662149640000,0.299,0.2991,0.299,0.2991,2173.0
1662149700000,0.2991,0.2993,0.299,0.2993,6019.0
1662149760000,0.2993,0.2993,0.299,0.2991,11899.0
1662149820000,0.2991,0.2992,0.299,0.2992,2663.0
1662149880000,0.2992,0.2994,0.2992,0.2994,4884.0
1662149940000,0.2994,0.2994,0.2993,0.2993,3597.0
1662150000000,0.2992,0.2992,0.2991,0.2991,3306.0
1662150060000,0.2991,0.2992,0.299,0.2992,2163.0
1662150120000,0.2992,0.2993,0.2992,0.2993,138.0
1662150180000,0.2993,0.2994,0.2992,0.2994,6168.0
1662150240000,0.2994,0.2995,0.2992,0.2994,15304.0
1662150300000,0.2995,0.3001,0.2995,0.3001,43112.0
1662150360000,0.3001,0.3002,0.3,0.3002,5801.0
1662150420000,0.3002,0.3003,0.2999,0.2999,4741.0
1662150480000,0.2997,0.2997,0.2995,0.2996,53803.0
1662150540000,0.2997,0.2997,0.2996,0.2996,1965.0
1662150600000,0.2996,0.2997,0.2995,0.2996,15145.0
1662150660000,0.2995,0.2995,0.2994,0.2995,3664.0
1662150720000,0.2995,0.2995,0.2992,0.2993,95875.0
1662150780000,0.2993,0.2993,0.2992,0.2992,1157.0
1662150840000,0.2992,0.2993,0.2991,0.2992,63155.0
1662150900000,0.299,0.299,0.299,0.299,200.0
1662150960000,0.299,0.2996,0.299,0.2996,70218.0
1662151020000,0.2997,0.2997,0.2996,0.2997,6551.0
1662151080000,0.2997,0.2997,0.2996,0.2997,5254.0
1662151140000,0.2997,0.2998,0.2996,0.2998,8268.0
1662151200000,0.2998,0.2999,0.2998,0.2998,1626.0
1662151260000,0.2997,0.2997,0.2995,0.2996,40339.0
1662151320000,0.2995,0.2996,0.2995,0.2995,10918.0
1662151380000,0.2996,0.2997,0.2996,0.2997,8968.0
1662151440000,0.2996,0.2999,0.2996,0.2998,3231.0
1662151500000,0.2998,0.3001,0.2998,0.3,44075.0
1662151560000,0.3001,0.3001,0.2999,0.2999,7426.0
1662151620000,0.2999,0.2999,0.2999,0.2999,0.0
1662151680000,0.3,0.3,0.2997,0.2997,6106.0
1662151740000,0.2998,0.2999,0.2998,0.2999,5809.0
1662151800000,0.2998,0.2999,0.2998,0.2999,253.0
1662151860000,0.2999,0.2999,0.2998,0.2999,2249.0
1662151920000,0.2999,0.2999,0.2998,0.2999,1348.0
1662151980000,0.2999,0.2999,0.2998,0.2998,154.0
1662152040000,0.2998,0.3,0.2998,0.2999,2467.0
1662152100000,0.2999,0.3001,0.2999,0.3001,48188.0
1662152160000,0.3002,0.3009,0.3002,0.3009,60937.0
1662152220000,0.3008,0.3009,0.3008,0.3009,2463.0
1662152280000,0.301,0.301,0.3009,0.301,2499.0
1662152340000,0.3011,0.3011,0.3011,0.3011,1683.0
1662152400000,0.301,0.3014,0.3009,0.3014,35120.0
1662152460000,0.3011,0.3011,0.3005,0.3005,7757.0
1662152520000,0.3005,0.3007,0.3004,0.3005,3777.0
1662152580000,0.3006,0.3006,0.3005,0.3006,2814.0
1662152640000,0.3007,0.3011,0.3006,0.301,12443.0
1662152700000,0.3009,0.301,0.3008,0.301,12550.0
1662152760000,0.3009,0.3009,0.3008,0.3008,3815.0
1662152820000,0.3009,0.3009,0.3007,0.3008,8211.0
1662152880000,0.3007,0.3007,0.3005,0.3007,441.0
1662152940000,0.3006,0.3006,0.3004,0.3005,6694.0
1662153000000,0.3006,0.3008,0.3006,0.3007,8116.0
1662153060000,0.3008,0.3008,0.3007,0.3007,1156.0
1662153120000,0.3007,0.3008,0.3007,0.3008,4394.0
1662153180000,0.3008,0.3008,0.3008,0.3008,1890.0
1662153240000,0.3009,0.3011,0.3009,0.301,6842.0
1662153300000,0.301,0.3011,0.301,0.3011,4600.0
1662153360000,0.3011,0.3012,0.301,0.3011,2642.0
1662153420000,0.3011,0.3012,0.3011,0.3012,10003.0
1662153480000,0.3012,0.3015,0.3012,0.3013,68408.0
1662153540000,0.3012,0.3013,0.3012,0.3013,6522.0
1662153600000,0.3013,0.3015,0.3013,0.3015,16668.0
1662153660000,0.3015,0.3015,0.3015,0.3015,13731.0
1662153720000,0.3015,0.3015,0.3014,0.3014,9644.0
1662153780000,0.3013,0.3013,0.3011,0.3012,15994.0
1662153840000,0.3011,0.3012,0.3011,0.3012,769.0
1662153900000,0.3011,0.3012,0.301,0.301,1311.0
1662153960000,0.3011,0.3012,0.3011,0.3012,4164.0
1662154020000,0.3011,0.3012,0.3011,0.3011,236.0
1662154080000,0.3011,0.3013,0.301,0.3012,8562.0
1662154140000,0.3011,0.3011,0.3011,0.3011,2622.0
1662154200000,0.3011,0.3013,0.3011,0.3013,2481.0
1662154260000,0.3013,0.3013,0.3013,0.3013,0.0
1662154320000,0.3011,0.3013,0.3011,0.3011,7976.0
1662154380000,0.3013,0.3013,0.3013,0.3013,2943.0
1662154440000,0.3011,0.3013,0.3011,0.3013,616.0
1662154500000,0.3012,0.3012,0.3011,0.3012,1159.0
1662154560000,0.3013,0.3013,0.3011,0.3011,2471.0
1662154620000,0.3011,0.3011,0.301,0.301,2816.0
1662154680000,0.301,0.301,0.301,0.301,0.0
1662154740000,0.3011,0.3012,0.3011,0.3012,335.0
1662154800000,0.301,0.3012,0.301,0.3012,1398.0
1662154860000,0.3012,0.3012,0.3011,0.3011,5375.0
1662154920000,0.3011,0.3012,0.3011,0.3012,1100.0
1662154980000,0.3012,0.3012,0.3011,0.3011,826.0
1662155040000,0.3012,0.3012,0.3011,0.3011,273.0
1662155100000,0.3011,0.3013,0.3011,0.3013,2169.0
1662155160000,0.3013,0.3013,0.3011,0.3013,519.0
1662155220000,0.3012,0.3013,0.3012,0.3012,2780.0
1662155280000,0.3014,0.3021,0.3014,0.302,58468.0
1662155340000,0.302,0.302,0.3018,0.3018,428.0
1662155400000,0.3018,0.3018,0.3018,0.3018,1248.0
1662155460000,0.3018,0.302,0.3018,0.302,4000.0
1662155520000,0.302,0.3021,0.302,0.3021,2866.0
1662155580000,0.302,0.302,0.302,0.302,1084.0
1662155640000,0.302,0.302,0.3019,0.3019,3332.0
1662155700000,0.3019,0.3019,0.3019,0.3019,0.0
1662155760000,0.3018,0.3018,0.3014,0.3014,18911.0
1662155820000,0.3015,0.3015,0.3015,0.3015,2774.0
1662155880000,0.3015,0.3016,0.3015,0.3015,1588.0
1662155940000,0.3016,0.3016,0.3014,0.3014,4684.0
1662156000000,0.3015,0.3015,0.3013,0.3015,4358.0
1662156060000,0.3015,0.3016,0.3014,0.3015,8511.0
1662156120000,0.3015,0.3016,0.3014,0.3015,11514.0
1662156180000,0.3015,0.3016,0.3014,0.3015,8704.0
1662156240000,0.3015,0.3015,0.3015,0.3015,0.0
1662156300000,0.3016,0.3016,0.3016,0.3016,790.0
1662156360000,0.3016,0.3016,0.3015,0.3015,1272.0
1662156420000,0.3018,0.302,0.3017,0.302,4324.0
1662156480000,0.302,0.3023,0.302,0.3023,2420.0
1662156540000,0.3023,0.3023,0.3022,0.3022,22607.0
1662156600000,0.3023,0.3023,0.302,0.3021,6747.0
1662156660000,0.3021,0.3025,0.3021,0.3024,24090.0
1662156720000,0.3024,0.3025,0.3024,0.3025,3198.0
1662156780000,0.3024,0.3024,0.302,0.302,5535.0
1662156840000,0.3019,0.302,0.3017,0.3018,18793.0
1662156900000,0.3018,0.3019,0.3018,0.3019,8342.0
1662156960000,0.3019,0.3019,0.3019,0.3019,5281.0
1662157020000,0.3018,0.3018,0.3016,0.3018,23613.0
1662157080000,0.3017,0.3018,0.3017,0.3017,8508.0
1662157140000,0.3017,0.3017,0.3012,0.3013,9814.0
1662157200000,0.3013,0.3013,0.301,0.3011,2263.0
1662157260000,0.301,0.3011,0.3009,0.301,9458.0
1662157320000,0.301,0.3011,0.3009,0.3011,9937.0
1662157380000,0.3011,0.3011,0.3011,0.3011,60.0
1662157440000,0.3011,0.3012,0.3011,0.3012,7633.0
1662157500000,0.3011,0.3011,0.301,0.301,1756.0
1662157560000,0.3008,0.3009,0.3007,0.3009,726.0
1662157620000,0.3008,0.3008,0.2997,0.2999,72237.0
1662157680000,0.3,0.3,0.2998,0.2998,20439.0
1662157740000,0.2999,0.3001,0.2999,0.2999,15031.0
1662157800000,0.2998,0.2999,0.2998,0.2998,8096.0
1662157860000,0.2999,0.2999,0.2997,0.2999,737.0
1662157920000,0.2999,0.3,0.2995,0.2995,5438.0
1662157980000,0.2997,0.2997,0.2996,0.2996,67.0
1662158040000,0.2995,0.2995,0.2991,0.2991,18806.0
1662158100000,0.2991,0.2993,0.2986,0.2987,40723.0
1662158160000,0.2987,0.2987,0.2982,0.2985,40589.0
1662158220000,0.2985,0.2986,0.2985,0.2986,4988.0
1662158280000,0.2987,0.299,0.2987,0.299,7176.0
1662158340000,0.2993,0.2993,0.2992,0.2993,14493.0
1662158400000,0.2993,0.2993,0.2992,0.2992,4988.0
1662158460000,0.2992,0.2992,0.2991,0.2991,5639.0
1662158520000,0.2991,0.2993,0.2991,0.2993,22886.0
1662158580000,0.2993,0.2993,0.2993,0.2993,1336.0
1662158640000,0.2994,0.2994,0.2992,0.2992,1483.0
1662158700000,0.2993,0.2993,0.2993,0.2993,6189.0
1662158760000,0.2994,0.2994,0.2993,0.2993,6943.0
1662158820000,0.2994,0.2994,0.2994,0.2994,513.0
1662158880000,0.2993,0.2993,0.2993,0.2993,189.0
1662158940000,0.2993,0.2996,0.2993,0.2996,1530.0
1662159000000,0.2997,0.3002,0.2997,0.3,16951.0
1662159060000,0.3001,0.3004,0.3001,0.3004,19458.0
1662159120000,0.3003,0.3003,0.3002,0.3002,2523.0
1662159180000,0.3003,0.3003,0.3003,0.3003,38.0
1662159240000,0.3003,0.3006,0.3003,0.3005,9335.0
1662159300000,0.3005,0.301,0.3002,0.301,23269.0
1662159360000,0.301,0.3011,0.301,0.3011,9403.0
1662159420000,0.3011,0.3011,0.3007,0.3007,10821.0
1662159480000,0.3007,0.3007,0.3007,0.3007,1828.0
1662159540000,0.3009,0.3009,0.3008,0.3008,4261.0
1662159600000,0.3008,0.301,0.3008,0.3009,23264.0
1662159660000,0.3009,0.301,0.3009,0.301,8386.0
1662159720000,0.3011,0.3011,0.3008,0.3008,11083.0
1662159780000,0.3009,0.3009,0.3007,0.3007,2529.0
1662159840000,0.3009,0.3009,0.3007,0.3007,2123.0
1662159900000,0.3008,0.3008,0.3008,0.3008,199.0
1662159960000,0.3008,0.3008,0.3006,0.3006,6725.0
1662160020000,0.3006,0.301,0.3006,0.3009,5197.0
1662160080000,0.301,0.301,0.301,0.301,10382.0
1662160140000,0.301,0.3011,0.301,0.301,12037.0
1662160200000,0.301,0.3011,0.3008,0.3008,5959.0
1662160260000,0.3008,0.3008,0.3008,0.3008,2554.0
1662160320000,0.3011,0.3012,0.3011,0.3011,1262.0
1662160380000,0.3011,0.3012,0.3011,0.3012,929.0
1662160440000,0.3012,0.3013,0.3011,0.3011,11562.0
1662160500000,0.3011,0.3011,0.3007,0.3009,26210.0
1662160560000,0.3008,0.3008,0.3007,0.3008,4587.0
1662160620000,0.3009,0.301,0.3007,0.3009,11390.0
1662160680000,0.3008,0.3008,0.3006,0.3006,2384.0
1662160740000,0.3005,0.3008,0.3005,0.3008,68121.0
1662160800000,0.3007,0.3009,0.3007,0.3009,1662.0
1662160860000,0.3009,0.3009,0.3009,0.3009,160.0
1662160920000,0.3006,0.3007,0.3004,0.3004,4915.0
1662160980000,0.3003,0.3004,0.3003,0.3004,89.0
1662161040000,0.3004,0.3005,0.3004,0.3005,2430.0
1662161100000,0.3005,0.3005,0.3002,0.3003,1989.0
1662161160000,0.3003,0.3004,0.3002,0.3004,626.0
1662161220000,0.3004,0.3005,0.3003,0.3004,9822.0
1662161280000,0.3004,0.3004,0.3003,0.3003,3019.0
1662161340000,0.3006,0.3007,0.3006,0.3006,16552.0
1662161400000,0.3007,0.3007,0.3007,0.3007,1057.0
1662161460000,0.3007,0.3007,0.3006,0.3006,3146.0
1662161520000,0.3007,0.3007,0.3005,0.3007,14397.0
1662161580000,0.3006,0.3006,0.3006,0.3006,626.0
1662161640000,0.3006,0.3006,0.3006,0.3006,7067.0
1662161700000,0.3007,0.3009,0.3007,0.3008,10353.0
1662161760000,0.3007,0.3007,0.3006,0.3006,3535.0
1662161820000,0.3006,0.3006,0.3006,0.3006,45.0
1662161880000,0.3005,0.3005,0.3005,0.3005,1506.0
1662161940000,0.3006,0.3006,0.3006,0.3006,1635.0
1662162000000,0.3006,0.3006,0.3005,0.3006,2835.0
1662162060000,0.3006,0.3006,0.3005,0.3005,2064.0
1662162120000,0.3005,0.3005,0.3005,0.3005,1528.0
1662162180000,0.3005,0.3006,0.3004,0.3006,1720.0
1662162240000,0.3006,0.3006,0.3005,0.3005,83.0
1662162300000,0.3005,0.3009,0.3005,0.3008,95165.0
1662162360000,0.3008,0.3012,0.3005,0.3009,214234.0
1662162420000,0.3009,0.3009,0.3009,0.3009,1463.0
1662162480000,0.3009,0.3009,0.3009,0.3009,3596.0
1662162540000,0.3012,0.3012,0.3011,0.3012,3143.0
1662162600000,0.3012,0.3012,0.3012,0.3012,217.0
1662162660000,0.3012,0.3012,0.3011,0.3012,729.0
1662162720000,0.301,0.3011,0.3009,0.3009,25384.0
1662162780000,0.3009,0.301,0.3009,0.301,806.0
1662162840000,0.301,0.301,0.301,0.301,67.0
1662162900000,0.3011,0.3013,0.3011,0.3013,2222.0
1662162960000,0.3013,0.3023,0.3013,0.3023,37273.0
1662163020000,0.3022,0.3023,0.302,0.302,1957.0
1662163080000,0.3021,0.3023,0.3021,0.3023,59797.0
1662163140000,0.3025,0.3025,0.3023,0.3023,10058.0
1662163200000,0.3023,0.3023,0.302,0.302,27180.0
1662163260000,0.3019,0.302,0.3018,0.3019,14305.0
1662163320000,0.3017,0.3021,0.3006,0.301,292084.0
1662163380000,0.3009,0.3009,0.3003,0.3003,38398.0
1662163440000,0.3004,0.3004,0.3004,0.3004,2259.0
1662163500000,0.3004,0.3004,0.3,0.3,35603.0
1662163560000,0.3001,0.3002,0.3001,0.3002,35428.0
1662163620000,0.3002,0.3003,0.3,0.3003,36636.0
1662163680000,0.3003,0.3003,0.3002,0.3002,3852.0
1662163740000,0.3002,0.3002,0.3002,0.3002,1491.0
1662163800000,0.3002,0.3004,0.3002,0.3003,877.0
1662163860000,0.3003,0.3003,0.3003,0.3003,25961.0
1662163920000,0.3002,0.3004,0.3001,0.3004,5820.0
1662163980000,0.3004,0.3005,0.3004,0.3005,117.0
1662164040000,0.3005,0.3005,0.3004,0.3005,2218.0
1662164100000,0.3004,0.3005,0.3002,0.3002,34661.0
1662164160000,0.3003,0.3003,0.3002,0.3002,1746.0
1662164220000,0.3002,0.3004,0.3002,0.3004,176.0
1662164280000,0.3004,0.3005,0.3004,0.3004,24343.0
1662164340000,0.3002,0.3003,0.3002,0.3003,2762.0
1662164400000,0.3003,0.3005,0.3003,0.3004,2454.0
1662164460000,0.3005,0.3008,0.3005,0.3007,21249.0
1662164520000,0.3008,0.3009,0.3008,0.3008,7577.0
1662164580000,0.3009,0.3009,0.3008,0.3009,1921.0
1662164640000,0.3008,0.3008,0.3007,0.3007,343.0
1662164700000,0.301,0.301,0.3009,0.3009,2882.0
1662164760000,0.3009,0.3011,0.3009,0.3011,328.0
1662164820000,0.3011,0.3013,0.3011,0.3013,3142.0
1662164880000,0.3014,0.3014,0.301,0.301,14743.0
1662164940000,0.301,0.3011,0.301,0.3011,7691.0
1662165000000,0.301,0.3013,0.301,0.3013,11852.0
1662165060000,0.3013,0.3013,0.301,0.3013,41553.0
1662165120000,0.3014,0.3016,0.3014,0.3016,1812.0
1662165180000,0.3016,0.3018,0.3016,0.3017,2559.0
1662165240000,0.3018,0.3019,0.3018,0.3019,652.0
1662165300000,0.3018,0.3019,0.3015,0.3016,8516.0
1662165360000,0.3017,0.3017,0.3015,0.3015,10703.0
1662165420000,0.3016,0.3016,0.3014,0.3014,7791.0
1662165480000,0.3016,0.3017,0.3016,0.3017,3837.0
1662165540000,0.3018,0.3022,0.3018,0.3021,11276.0
1662165600000,0.302,0.3022,0.3019,0.3022,36562.0
1662165660000,0.302,0.3022,0.302,0.3022,1933.0
1662165720000,0.3022,0.3022,0.3022,0.3022,0.0
1662165780000,0.3023,0.3024,0.3023,0.3024,2305.0
1662165840000,0.3024,0.3024,0.3023,0.3023,16618.0
1662165900000,0.3023,0.3024,0.3022,0.3024,13603.0
1662165960000,0.3023,0.3023,0.302,0.3021,42506.0
1662166020000,0.3021,0.3022,0.302,0.302,9822.0
1662166080000,0.3019,0.302,0.3019,0.302,1758.0
1662166140000,0.302,0.302,0.3018,0.3018,2883.0
1662166200000,0.3017,0.3017,0.3016,0.3016,3973.0
1662166260000,0.3017,0.3021,0.3017,0.3021,5467.0
1662166320000,0.302,0.3021,0.302,0.302,2546.0
1662166380000,0.302,0.3021,0.302,0.3021,3378.0
1662166440000,0.3021,0.3021,0.3021,0.3021,6155.0
1662166500000,0.3021,0.3023,0.3021,0.3022,5181.0
1662166560000,0.3021,0.3022,0.3021,0.3022,2796.0
1662166620000,0.3022,0.3022,0.3022,0.3022,459.0
1662166680000,0.3022,0.3022,0.3022,0.3022,1253.0
1662166740000,0.3021,0.3022,0.3021,0.3022,1963.0
1662166800000,0.3022,0.3023,0.302,0.302,50962.0
1662166860000,0.302,0.302,0.3019,0.302,10272.0
1662166920000,0.302,0.302,0.3016,0.3016,6610.0
1662166980000,0.3017,0.3017,0.3015,0.3015,3124.0
1662167040000,0.3016,0.3016,0.3015,0.3015,5054.0
1662167100000,0.3014,0.3015,0.3014,0.3014,4683.0
1662167160000,0.3013,0.3013,0.301,0.301,18871.0
1662167220000,0.3008,0.3009,0.3008,0.3009,1297.0
1662167280000,0.3009,0.301,0.3009,0.3009,2195.0
1662167340000,0.3009,0.3009,0.3008,0.3008,7633.0
1662167400000,0.3008,0.3008,0.3006,0.3006,4925.0
1662167460000,0.3007,0.3008,0.3006,0.3008,11421.0
1662167520000,0.3008,0.3009,0.3007,0.3008,3046.0
1662167580000,0.3008,0.3009,0.3008,0.3009,1937.0
1662167640000,0.3009,0.3009,0.3005,0.3008,40751.0
1662167700000,0.3008,0.3009,0.3007,0.3009,9273.0
1662167760000,0.3009,0.301,0.3009,0.301,10107.0
1662167820000,0.301,0.3014,0.301,0.3013,12704.0
1662167880000,0.3013,0.3015,0.3013,0.3015,1950.0
1662167940000,0.3016,0.3016,0.3016,0.3016,1224.0
1662168000000,0.3016,0.3016,0.3015,0.3015,3015.0
1662168060000,0.3013,0.3013,0.3013,0.3013,3483.0
1662168120000,0.3014,0.3014,0.3012,0.3012,1250.0
1662168180000,0.3013,0.3013,0.3013,0.3013,12616.0
1662168240000,0.3013,0.3014,0.3013,0.3014,750.0
1662168300000,0.3011,0.3013,0.3011,0.3013,8920.0
1662168360000,0.3012,0.3013,0.3012,0.3012,10268.0
1662168420000,0.3011,0.3011,0.301,0.301,7615.0
1662168480000,0.301,0.3012,0.301,0.3012,970.0
1662168540000,0.3012,0.3012,0.3011,0.3011,488.0
1662168600000,0.3012,0.3012,0.3009,0.3009,4255.0
1662168660000,0.3009,0.3009,0.3009,0.3009,171.0
1662168720000,0.3009,0.301,0.3009,0.301,2125.0
1662168780000,0.301,0.301,0.301,0.301,1748.0
1662168840000,0.301,0.3011,0.3008,0.3011,11648.0
1662168900000,0.3011,0.3012,0.3007,0.3008,31388.0
1662168960000,0.3007,0.3007,0.3005,0.3006,30156.0
1662169020000,0.3005,0.3005,0.3005,0.3005,1238.0
1662169080000,0.3005,0.3005,0.3005,0.3005,213.0
1662169140000,0.3005,0.3005,0.3004,0.3004,7467.0
1662169200000,0.3005,0.3005,0.3004,0.3004,5295.0
1662169260000,0.3005,0.3008,0.3005,0.3008,3492.0
1662169320000,0.3007,0.3008,0.3007,0.3008,1546.0
1662169380000,0.3008,0.3008,0.3008,0.3008,0.0
1662169440000,0.3005,0.3005,0.3004,0.3004,2249.0
1662169500000,0.3005,0.3005,0.3005,0.3005,732.0
1662169560000,0.3008,0.3008,0.3006,0.3006,6678.0
1662169620000,0.3007,0.3008,0.3007,0.3008,1921.0
1662169680000,0.3008,0.3008,0.3008,0.3008,243.0
1662169740000,0.3008,0.3008,0.3006,0.3006,6364.0
1662169800000,0.3007,0.3007,0.3006,0.3006,101.0
1662169860000,0.3007,0.3009,0.3007,0.3009,308.0
1662169920000,0.3008,0.3008,0.3007,0.3007,1683.0
1662169980000,0.3007,0.3008,0.3007,0.3008,49.0
1662170040000,0.3009,0.3009,0.3007,0.3007,3621.0
1662170100000,0.3006,0.3009,0.3005,0.3009,2645.0
1662170160000,0.3008,0.3008,0.3006,0.3006,3319.0
1662170220000,0.3007,0.3007,0.3007,0.3007,50.0
1662170280000,0.3006,0.3006,0.3002,0.3005,6601.0
1662170340000,0.3006,0.3006,0.3005,0.3005,1698.0
1662170400000,0.3004,0.3004,0.3002,0.3002,19467.0
1662170460000,0.3002,0.3003,0.3002,0.3003,2825.0
1662170520000,0.3001,0.3001,0.3,0.3001,8029.0
1662170580000,0.3001,0.3001,0.3001,0.3001,0.0
1662170640000,0.3001,0.3001,0.3,0.3,1043.0
1662170700000,0.3,0.3,0.2999,0.2999,906.0
1662170760000,0.2998,0.2998,0.299,0.299,45642.0
1662170820000,0.299,0.299,0.2987,0.2987,48545.0
1662170880000,0.2986,0.2986,0.2985,0.2986,17088.0
1662170940000,0.2986,0.2987,0.2986,0.2987,316.0
1662171000000,0.2986,0.2988,0.2986,0.2988,6075.0
1662171060000,0.2988,0.2988,0.2988,0.2988,1405.0
1662171120000,0.2987,0.2987,0.2986,0.2986,4869.0
1662171180000,0.2987,0.3,0.2987,0.2997,189876.0
1662171240000,0.2997,0.2998,0.2996,0.2998,10056.0
1662171300000,0.2999,0.2999,0.2997,0.2997,3101.0
1662171360000,0.2998,0.2998,0.2995,0.2997,7826.0
1662171420000,0.2997,0.2997,0.2997,0.2997,1771.0
1662171480000,0.2997,0.2997,0.299,0.2991,19557.0
1662171540000,0.2991,0.2994,0.2991,0.2992,7447.0
1662171600000,0.2992,0.2992,0.299,0.2992,3827.0
1662171660000,0.2991,0.2991,0.299,0.299,1249.0
1662171720000,0.2991,0.2992,0.2991,0.2992,1259.0
1662171780000,0.2992,0.2993,0.2992,0.2993,1590.0
1662171840000,0.2994,0.2997,0.2994,0.2997,1824.0
1662171900000,0.2997,0.2998,0.2997,0.2997,6639.0
1662171960000,0.2996,0.2996,0.2996,0.2996,547.0
1662172020000,0.2997,0.2997,0.2994,0.2995,10431.0
1662172080000,0.2994,0.2995,0.2994,0.2994,1618.0
1662172140000,0.2994,0.2994,0.2992,0.2993,3416.0
1662172200000,0.2996,0.2997,0.2996,0.2997,1220.0
1662172260000,0.2996,0.2996,0.2996,0.2996,419.0
1662172320000,0.2996,0.2999,0.2996,0.2999,5339.0
1662172380000,0.2999,0.2999,0.2999,0.2999,2282.0
1662172440000,0.3,0.3002,0.3,0.3002,4073.0
1662172500000,0.3001,0.3002,0.3001,0.3001,2627.0
1662172560000,0.3001,0.3003,0.3001,0.3003,612.0
1662172620000,0.3003,0.3004,0.3003,0.3004,1939.0
1662172680000,0.3004,0.3004,0.3004,0.3004,7373.0
1662172740000,0.3004,0.3004,0.3004,0.3004,2491.0
1662172800000,0.3003,0.3003,0.3001,0.3001,3068.0
1662172860000,0.3,0.3,0.3,0.3,2846.0
1662172920000,0.3005,0.3005,0.3005,0.3005,1356.0
1662172980000,0.3004,0.3004,0.3003,0.3004,1293.0
1662173040000,0.3003,0.3003,0.3003,0.3003,107.0
1662173100000,0.3004,0.3004,0.3004,0.3004,837.0
1662173160000,0.3003,0.3003,0.3003,0.3003,1522.0
1662173220000,0.3002,0.3003,0.3002,0.3003,1175.0
1662173280000,0.3003,0.3003,0.3003,0.3003,878.0
1662173340000,0.3002,0.3003,0.3002,0.3002,5687.0
1662173400000,0.3001,0.3001,0.3,0.3,3671.0
1662173460000,0.2999,0.3,0.2999,0.3,175.0
1662173520000,0.3,0.3,0.2998,0.2998,8894.0
1662173580000,0.2998,0.2999,0.2998,0.2999,4593.0
1662173640000,0.2998,0.2998,0.2998,0.2998,708.0
1662173700000,0.2998,0.2999,0.2998,0.2999,322.0
1662173760000,0.2999,0.3,0.2998,0.2998,6388.0
1662173820000,0.2997,0.2997,0.2997,0.2997,62.0
1662173880000,0.3,0.3,0.3,0.3,919.0
1662173940000,0.2999,0.3,0.2999,0.3,934.0
1662174000000,0.3,0.3001,0.3,0.3001,4100.0
1662174060000,0.3001,0.3001,0.3001,0.3001,1253.0
1662174120000,0.3,0.3001,0.3,0.3,9975.0
1662174180000,0.3,0.3,0.2998,0.3,10275.0
1662174240000,0.3,0.3,0.3,0.3,1418.0
1662174300000,0.3,0.3,0.3,0.3,298.0
1662174360000,0.2999,0.3,0.2999,0.3,1960.0
1662174420000,0.3,0.3,0.2997,0.2998,4005.0
1662174480000,0.2997,0.2998,0.2995,0.2995,34070.0
1662174540000,0.2997,0.2997,0.2996,0.2996,1040.0
1662174600000,0.2995,0.2995,0.2995,0.2995,1020.0
1662174660000,0.2996,0.2996,0.2995,0.2995,4119.0
1662174720000,0.2997,0.2997,0.2996,0.2996,2214.0
1662174780000,0.2994,0.2996,0.2994,0.2995,4899.0
1662174840000,0.2995,0.2996,0.2995,0.2995,3575.0
1662174900000,0.2996,0.2996,0.2995,0.2996,4658.0
1662174960000,0.2996,0.2997,0.2995,0.2996,7832.0
1662175020000,0.2996,0.2996,0.2995,0.2996,12029.0
1662175080000,0.2996,0.2996,0.2994,0.2995,8061.0
1662175140000,0.2995,0.2997,0.2994,0.2995,72798.0
1662175200000,0.2996,0.2997,0.2996,0.2996,7054.0
1662175260000,0.2996,0.2998,0.2996,0.2998,16861.0
1662175320000,0.2996,0.2998,0.2996,0.2998,3241.0
1662175380000,0.2997,0.2998,0.2997,0.2998,13750.0
1662175440000,0.2998,0.2998,0.2996,0.2996,9258.0
1662175500000,0.2996,0.2996,0.2995,0.2996,13010.0
1662175560000,0.2996,0.2996,0.2995,0.2995,10272.0
1662175620000,0.2997,0.2997,0.2996,0.2996,141.0
1662175680000,0.2997,0.2997,0.2995,0.2995,19397.0
1662175740000,0.2994,0.2994,0.2992,0.2992,1231.0
1662175800000,0.299,0.299,0.2988,0.299,7959.0
1662175860000,0.299,0.2992,0.299,0.2991,23621.0
1662175920000,0.2991,0.2992,0.299,0.2992,11861.0
1662175980000,0.2992,0.2993,0.2992,0.2992,181.0
1662176040000,0.2992,0.2992,0.2992,0.2992,0.0
1662176100000,0.2993,0.2993,0.2993,0.2993,63.0
1662176160000,0.2993,0.2994,0.2993,0.2993,3491.0
1662176220000,0.2993,0.2994,0.2993,0.2993,1847.0
1662176280000,0.2992,0.2993,0.2992,0.2993,318.0
1662176340000,0.2992,0.2992,0.2991,0.2992,2359.0
1662176400000,0.2992,0.2994,0.2992,0.2993,6212.0
1662176460000,0.2994,0.2998,0.2994,0.2998,2077.0
1662176520000,0.2998,0.2998,0.2996,0.2996,4657.0
1662176580000,0.2997,0.2997,0.2996,0.2996,2138.0
1662176640000,0.2996,0.2996,0.2996,0.2996,154.0
1662176700000,0.2996,0.2996,0.2995,0.2995,185.0
1662176760000,0.2995,0.2996,0.2994,0.2995,3307.0
1662176820000,0.2995,0.2995,0.2995,0.2995,12106.0
1662176880000,0.2995,0.2996,0.2995,0.2996,1862.0
1662176940000,0.2996,0.2996,0.2996,0.2996,367.0
1662177000000,0.2995,0.2996,0.2995,0.2996,139.0
1662177060000,0.2996,0.2996,0.2995,0.2995,496.0
1662177120000,0.2995,0.2996,0.2995,0.2995,3603.0
1662177180000,0.2994,0.2994,0.2994,0.2994,65.0
1662177240000,0.2994,0.2994,0.2994,0.2994,0.0
1662177300000,0.2993,0.2993,0.2992,0.2992,1466.0
1662177360000,0.2991,0.2991,0.299,0.299,1940.0
1662177420000,0.299,0.2991,0.299,0.2991,2001.0
1662177480000,0.2991,0.2995,0.2991,0.2994,2593.0
1662177540000,0.2996,0.2996,0.2995,0.2996,4248.0
1662177600000,0.2995,0.2996,0.2994,0.2995,6376.0
1662177660000,0.2995,0.2995,0.2995,0.2995,0.0
1662177720000,0.2995,0.2996,0.2995,0.2995,8307.0
1662177780000,0.2997,0.2999,0.2997,0.2998,7093.0
1662177840000,0.2998,0.3004,0.2998,0.3003,27511.0
1662177900000,0.3003,0.3003,0.3002,0.3002,456.0
1662177960000,0.3002,0.3003,0.3002,0.3003,3779.0
1662178020000,0.3003,0.3003,0.3003,0.3003,353.0
1662178080000,0.3003,0.3004,0.3003,0.3003,1444.0
1662178140000,0.3002,0.3003,0.3002,0.3003,2624.0
1662178200000,0.3004,0.3004,0.3002,0.3003,3680.0
1662178260000,0.3004,0.3005,0.3004,0.3004,1696.0
1662178320000,0.3004,0.3005,0.3003,0.3005,522.0
1662178380000,0.3004,0.3005,0.3004,0.3005,3744.0
1662178440000,0.3005,0.3005,0.3004,0.3005,4980.0
1662178500000,0.3005,0.3005,0.3003,0.3004,6711.0
1662178560000,0.3004,0.3005,0.3003,0.3005,14799.0
1662178620000,0.3005,0.3005,0.3004,0.3004,3626.0
1662178680000,0.3004,0.3004,0.3004,0.3004,720.0
1662178740000,0.3004,0.3004,0.3002,0.3002,3545.0
1662178800000,0.3003,0.3003,0.3003,0.3003,2420.0
1662178860000,0.3004,0.3004,0.3002,0.3002,10921.0
1662178920000,0.3002,0.3003,0.3002,0.3003,374.0
1662178980000,0.3003,0.3004,0.3003,0.3004,86.0
1662179040000,0.3003,0.3003,0.3003,0.3003,1008.0
1662179100000,0.3003,0.3003,0.3003,0.3003,3724.0
1662179160000,0.3002,0.3002,0.3002,0.3002,921.0
1662179220000,0.3002,0.3002,0.3002,0.3002,3160.0
1662179280000,0.3004,0.3004,0.3003,0.3003,5462.0
1662179340000,0.3004,0.3004,0.3003,0.3003,7415.0
1662179400000,0.3004,0.3004,0.3004,0.3004,41.0
1662179460000,0.3004,0.3004,0.3003,0.3003,174.0
1662179520000,0.3004,0.3004,0.3004,0.3004,5238.0
1662179580000,0.3004,0.3004,0.3003,0.3003,13622.0
1662179640000,0.3004,0.3005,0.3004,0.3004,11399.0
1662179700000,0.3004,0.3004,0.3004,0.3004,2664.0
1662179760000,0.3005,0.3005,0.3005,0.3005,2501.0
1662179820000,0.3005,0.3005,0.3005,0.3005,28608.0
1662179880000,0.3006,0.3007,0.3006,0.3006,1571.0
1662179940000,0.3006,0.3007,0.3006,0.3007,22931.0
1662180000000,0.3005,0.3009,0.3005,0.3009,6929.0
1662180060000,0.301,0.301,0.3009,0.3009,5161.0
1662180120000,0.301,0.3011,0.301,0.3011,7291.0
1662180180000,0.3011,0.3011,0.3008,0.3008,16030.0
1662180240000,0.3009,0.3011,0.3009,0.301,10230.0
1662180300000,0.3009,0.3011,0.3009,0.3011,225.0
1662180360000,0.301,0.301,0.301,0.301,2623.0
1662180420000,0.3012,0.3012,0.3011,0.3012,126.0
1662180480000,0.3012,0.3012,0.3012,0.3012,1163.0
1662180540000,0.3012,0.3012,0.3011,0.3011,2970.0
1662180600000,0.3011,0.3011,0.3009,0.3009,1647.0
1662180660000,0.3012,0.3012,0.3012,0.3012,791.0
1662180720000,0.3013,0.3014,0.3013,0.3013,4618.0
1662180780000,0.3014,0.3014,0.3014,0.3014,288.0
1662180840000,0.3014,0.3014,0.3013,0.3013,703.0
1662180900000,0.3013,0.3013,0.3013,0.3013,2444.0
1662180960000,0.3013,0.3013,0.3013,0.3013,0.0
1662181020000,0.3014,0.3014,0.3013,0.3014,16402.0
1662181080000,0.3015,0.3015,0.3015,0.3015,390.0
1662181140000,0.3014,0.3015,0.3014,0.3015,1656.0
1662181200000,0.3015,0.3015,0.3014,0.3015,2195.0
1662181260000,0.3015,0.3018,0.3015,0.3018,25853.0
1662181320000,0.3018,0.3018,0.3018,0.3018,68.0
1662181380000,0.3018,0.3018,0.3018,0.3018,7571.0
1662181440000,0.3018,0.3019,0.3018,0.3019,3226.0
1662181500000,0.3019,0.302,0.3019,0.3019,2305.0
1662181560000,0.3019,0.3019,0.3019,0.3019,0.0
1662181620000,0.3019,0.3019,0.3019,0.3019,0.0
1662181680000,0.3019,0.302,0.3019,0.302,4853.0
1662181740000,0.302,0.302,0.302,0.302,9070.0
1662181800000,0.3021,0.3022,0.3021,0.3022,9542.0
1662181860000,0.3022,0.3022,0.3021,0.3021,15475.0
1662181920000,0.3022,0.3023,0.3022,0.3022,3074.0
1662181980000,0.3022,0.3023,0.3021,0.3021,7895.0
1662182040000,0.3022,0.3022,0.302,0.302,16751.0
1662182100000,0.3021,0.3022,0.302,0.3022,5111.0
1662182160000,0.3022,0.3022,0.302,0.3021,2434.0
1662182220000,0.3022,0.3023,0.3021,0.3023,4148.0
1662182280000,0.3023,0.3023,0.3022,0.3022,17857.0
1662182340000,0.3023,0.3023,0.3021,0.3023,20580.0
1662182400000,0.3024,0.3024,0.302,0.302,11966.0
1662182460000,0.3021,0.3021,0.3021,0.3021,4108.0
1662182520000,0.3021,0.3023,0.3021,0.3022,8370.0
1662182580000,0.3022,0.3022,0.3021,0.3021,1903.0
1662182640000,0.3023,0.3023,0.3021,0.3021,9143.0
1662182700000,0.3022,0.3022,0.3021,0.3022,1468.0
1662182760000,0.3023,0.3023,0.3023,0.3023,1213.0
1662182820000,0.3022,0.3023,0.3022,0.3022,1187.0
1662182880000,0.3022,0.3023,0.3022,0.3022,4855.0
1662182940000,0.3021,0.3022,0.3021,0.3021,8922.0
1662183000000,0.3023,0.303,0.3023,0.303,71152.0
1662183060000,0.303,0.3031,0.303,0.303,14771.0
1662183120000,0.3031,0.3032,0.303,0.3032,7906.0
1662183180000,0.3032,0.3032,0.3029,0.303,42023.0
1662183240000,0.303,0.3031,0.303,0.3031,123.0
1662183300000,0.3033,0.3033,0.3031,0.3031,10702.0
1662183360000,0.3032,0.3033,0.3031,0.3032,2922.0
1662183420000,0.3032,0.3032,0.303,0.3031,4636.0
1662183480000,0.3031,0.3033,0.3031,0.3031,6999.0
1662183540000,0.3031,0.3032,0.3031,0.3031,898.0
1662183600000,0.3031,0.3031,0.3029,0.3029,9441.0
1662183660000,0.3028,0.3029,0.3028,0.3028,5778.0
1662183720000,0.3028,0.3029,0.3028,0.3028,1555.0
1662183780000,0.3029,0.3029,0.3028,0.3028,3347.0
1662183840000,0.3029,0.303,0.3029,0.3029,16545.0
1662183900000,0.303,0.303,0.303,0.303,2796.0
1662183960000,0.303,0.303,0.303,0.303,1373.0
1662184020000,0.3029,0.303,0.3029,0.303,1250.0
1662184080000,0.303,0.3031,0.303,0.3031,5784.0
1662184140000,0.303,0.3031,0.303,0.3031,7953.0
1662184200000,0.303,0.303,0.3029,0.3029,3943.0
1662184260000,0.3029,0.3029,0.3029,0.3029,495.0
1662184320000,0.3027,0.3027,0.3025,0.3026,4582.0
1662184380000,0.3026,0.3026,0.3026,0.3026,1564.0
1662184440000,0.3026,0.3026,0.3025,0.3026,1795.0
1662184500000,0.3025,0.3026,0.3025,0.3026,4466.0
1662184560000,0.3026,0.3026,0.3025,0.3026,352.0
1662184620000,0.3025,0.3026,0.3025,0.3026,259.0
1662184680000,0.3026,0.3026,0.3024,0.3024,7018.0
1662184740000,0.3025,0.3025,0.3024,0.3024,4374.0
1662184800000,0.3025,0.3026,0.3025,0.3026,2869.0
1662184860000,0.3025,0.3026,0.3024,0.3026,7378.0
1662184920000,0.3026,0.3029,0.3026,0.3027,38152.0
1662184980000,0.3027,0.3029,0.3027,0.3029,1795.0
1662185040000,0.3028,0.3029,0.3027,0.3027,3543.0
1662185100000,0.3027,0.3027,0.3025,0.3026,2472.0
1662185160000,0.3026,0.3027,0.3026,0.3027,309.0
1662185220000,0.3027,0.3029,0.3027,0.3028,2239.0
1662185280000,0.3029,0.3029,0.3028,0.3028,3552.0
1662185340000,0.3027,0.3027,0.3027,0.3027,51.0
1662185400000,0.3027,0.3027,0.3026,0.3027,4385.0
1662185460000,0.3027,0.3027,0.3027,0.3027,4567.0
1662185520000,0.3027,0.3027,0.3026,0.3026,2041.0
1662185580000,0.3027,0.3027,0.3026,0.3027,610.0
1662185640000,0.3026,0.3026,0.3026,0.3026,414.0
1662185700000,0.3026,0.3027,0.3026,0.3026,1443.0
1662185760000,0.3026,0.3026,0.3023,0.3024,17718.0
1662185820000,0.3024,0.3024,0.3022,0.3024,20350.0
1662185880000,0.3023,0.3026,0.3022,0.3023,55844.0
1662185940000,0.3023,0.3024,0.3023,0.3023,4473.0
1662186000000,0.3024,0.3024,0.3023,0.3023,5946.0
1662186060000,0.3023,0.3024,0.3023,0.3023,5955.0
1662186120000,0.3022,0.3022,0.3017,0.3018,13514.0
1662186180000,0.3015,0.3015,0.3008,0.3009,76040.0
1662186240000,0.3009,0.301,0.3009,0.301,3021.0
1662186300000,0.301,0.301,0.3009,0.3009,10505.0
1662186360000,0.3008,0.3009,0.3008,0.3009,3902.0
1662186420000,0.3009,0.301,0.3009,0.301,27943.0
1662186480000,0.301,0.301,0.301,0.301,301.0
1662186540000,0.301,0.301,0.301,0.301,358.0
1662186600000,0.3008,0.301,0.3008,0.3008,3525.0
1662186660000,0.3008,0.3008,0.3003,0.3003,116778.0
1662186720000,0.3003,0.3006,0.3003,0.3005,99072.0
1662186780000,0.3005,0.3007,0.3005,0.3005,18215.0
1662186840000,0.3007,0.3007,0.3007,0.3007,100.0
1662186900000,0.3007,0.3007,0.3004,0.3006,14010.0
1662186960000,0.3006,0.3006,0.3006,0.3006,0.0
1662187020000,0.3005,0.3005,0.3005,0.3005,60.0
1662187080000,0.3003,0.3004,0.3003,0.3003,1275.0
1662187140000,0.3003,0.3003,0.3003,0.3003,2495.0
1662187200000,0.3002,0.3002,0.3001,0.3002,1159.0
1662187260000,0.3002,0.3002,0.3,0.3,26012.0
1662187320000,0.3001,0.3002,0.3001,0.3001,6134.0
1662187380000,0.3003,0.3003,0.3001,0.3001,424.0
1662187440000,0.3002,0.3002,0.3002,0.3002,2643.0
1662187500000,0.3002,0.3002,0.3002,0.3002,52.0
1662187560000,0.3002,0.3002,0.3002,0.3002,0.0
1662187620000,0.3002,0.3007,0.3002,0.3007,2929.0
1662187680000,0.3007,0.3007,0.3007,0.3007,0.0
1662187740000,0.3007,0.3008,0.3007,0.3008,12596.0
1662187800000,0.3007,0.3009,0.3006,0.3008,44444.0
1662187860000,0.3007,0.3007,0.3007,0.3007,77.0
1662187920000,0.3006,0.3006,0.3005,0.3005,1714.0
1662187980000,0.3007,0.3007,0.3007,0.3007,48.0
1662188040000,0.3007,0.3007,0.3004,0.3004,5118.0
1662188100000,0.3004,0.3004,0.3004,0.3004,2038.0
1662188160000,0.3004,0.3004,0.3004,0.3004,543.0
1662188220000,0.3005,0.3007,0.3005,0.3007,930.0
1662188280000,0.3005,0.3007,0.3005,0.3007,1649.0
1662188340000,0.3006,0.3007,0.3006,0.3007,903.0
1662188400000,0.3007,0.3008,0.3007,0.3008,3998.0
1662188460000,0.3008,0.3008,0.3007,0.3007,1750.0
1662188520000,0.3007,0.3008,0.3007,0.3008,392.0
1662188580000,0.3008,0.3008,0.3007,0.3007,232.0
1662188640000,0.3007,0.3007,0.3007,0.3007,73.0
1662188700000,0.3006,0.3006,0.3006,0.3006,166.0
1662188760000,0.3005,0.3006,0.3005,0.3006,1553.0
1662188820000,0.3006,0.3006,0.3006,0.3006,112.0
1662188880000,0.3006,0.3006,0.3005,0.3005,792.0
1662188940000,0.3005,0.3005,0.3005,0.3005,2228.0
1662189000000,0.3006,0.3006,0.3005,0.3005,2582.0
1662189060000,0.3004,0.3006,0.3004,0.3006,4581.0
1662189120000,0.3005,0.3006,0.3004,0.3004,12118.0
1662189180000,0.3004,0.3006,0.3004,0.3006,4030.0
1662189240000,0.3005,0.3005,0.3003,0.3005,23591.0
1662189300000,0.3005,0.3005,0.3004,0.3005,520.0
1662189360000,0.3005,0.3005,0.3004,0.3005,6433.0
1662189420000,0.3005,0.3005,0.3004,0.3005,9961.0
1662189480000,0.3005,0.3005,0.3004,0.3005,301.0
1662189540000,0.3005,0.3006,0.3004,0.3006,3383.0
1662189600000,0.3005,0.3006,0.3005,0.3006,1106.0
1662189660000,0.3006,0.3006,0.3005,0.3006,1858.0
1662189720000,0.3005,0.3005,0.3005,0.3005,37.0
1662189780000,0.3005,0.3005,0.3005,0.3005,150.0
1662189840000,0.3006,0.3007,0.3005,0.3006,5869.0
1662189900000,0.3006,0.3006,0.3006,0.3006,0.0
1662189960000,0.3007,0.3007,0.3006,0.3006,3643.0
1662190020000,0.3006,0.3006,0.3006,0.3006,0.0
1662190080000,0.3006,0.3006,0.3006,0.3006,502.0
1662190140000,0.3006,0.3006,0.3006,0.3006,4418.0
1662190200000,0.3006,0.3006,0.3005,0.3006,4864.0
1662190260000,0.3006,0.3006,0.3006,0.3006,1559.0
1662190320000,0.3007,0.3007,0.3006,0.3006,1602.0
1662190380000,0.3006,0.3006,0.3005,0.3006,3420.0
1662190440000,0.3005,0.3005,0.3005,0.3005,276.0
1662190500000,0.3006,0.3006,0.3006,0.3006,398.0
1662190560000,0.3007,0.3007,0.3006,0.3006,202.0
1662190620000,0.3006,0.3007,0.3006,0.3006,3431.0
1662190680000,0.3006,0.3006,0.3006,0.3006,14311.0
1662190740000,0.3006,0.3007,0.3006,0.3007,16703.0
1662190800000,0.3007,0.3007,0.3006,0.3006,418.0
1662190860000,0.3006,0.3006,0.3004,0.3004,3508.0
1662190920000,0.3005,0.3007,0.3003,0.3003,36389.0
1662190980000,0.3002,0.3003,0.3002,0.3002,3280.0
1662191040000,0.3003,0.3003,0.3003,0.3003,476.0
1662191100000,0.3003,0.3003,0.3001,0.3001,2527.0
1662191160000,0.3002,0.3002,0.3,0.3001,8306.0
1662191220000,0.3,0.3,0.299,0.299,72648.0
1662191280000,0.299,0.2993,0.2984,0.2985,64712.0
1662191340000,0.2986,0.2986,0.297,0.297,139466.0
1662191400000,0.297,0.2973,0.2964,0.2965,109034.0
1662191460000,0.2965,0.2967,0.2953,0.2957,93228.0
1662191520000,0.2956,0.2957,0.2953,0.2955,60400.0
1662191580000,0.2957,0.2958,0.2953,0.2954,18546.0
1662191640000,0.2955,0.2962,0.2954,0.2962,23244.0
1662191700000,0.2963,0.3004,0.296,0.3003,357405.0
1662191760000,0.3002,0.3002,0.2979,0.2981,193344.0
1662191820000,0.2981,0.2982,0.298,0.2981,16568.0
1662191880000,0.2981,0.2989,0.2981,0.2988,34482.0
1662191940000,0.2987,0.2988,0.2985,0.2985,20324.0
1662192000000,0.2986,0.2986,0.2981,0.2986,32074.0
1662192060000,0.2985,0.2985,0.2982,0.2984,11615.0
1662192120000,0.2982,0.2983,0.298,0.2983,24732.0
1662192180000,0.2982,0.2982,0.298,0.2981,23634.0
1662192240000,0.2981,0.2986,0.2981,0.2986,34814.0
1662192300000,0.2985,0.2987,0.2985,0.2987,1281.0
1662192360000,0.2987,0.299,0.2987,0.299,13720.0
1662192420000,0.2989,0.2991,0.2988,0.2991,5242.0
1662192480000,0.2992,0.2994,0.2991,0.2994,8079.0
1662192540000,0.2994,0.2994,0.2992,0.2992,18003.0
1662192600000,0.2992,0.2992,0.2989,0.2989,10372.0
1662192660000,0.2989,0.2989,0.2982,0.2982,14945.0
1662192720000,0.2983,0.2983,0.2981,0.2983,15487.0
1662192780000,0.2983,0.2985,0.2983,0.2985,2716.0
1662192840000,0.2986,0.2986,0.2986,0.2986,39.0
1662192900000,0.2986,0.2986,0.2985,0.2986,3508.0
1662192960000,0.2986,0.2988,0.2986,0.2988,2924.0
1662193020000,0.2988,0.2993,0.2988,0.2993,3517.0
1662193080000,0.2993,0.2993,0.2991,0.2992,3465.0
1662193140000,0.2992,0.2994,0.2992,0.2993,9133.0
1662193200000,0.2991,0.2991,0.2991,0.2991,1213.0
1662193260000,0.2991,0.2991,0.2984,0.2985,24081.0
1662193320000,0.2985,0.2987,0.2985,0.2987,15901.0
1662193380000,0.2985,0.2987,0.2985,0.2987,3092.0
1662193440000,0.2987,0.2991,0.2987,0.299,10132.0
1662193500000,0.299,0.299,0.2989,0.2989,2721.0
1662193560000,0.2989,0.2991,0.2989,0.2991,5431.0
1662193620000,0.2992,0.2993,0.2991,0.2992,705.0
1662193680000,0.2992,0.2996,0.2991,0.2996,25578.0
1662193740000,0.2996,0.2996,0.2994,0.2994,13129.0
1662193800000,0.2995,0.2995,0.2993,0.2994,9703.0
1662193860000,0.2993,0.2993,0.2992,0.2992,1160.0
1662193920000,0.2992,0.2993,0.2992,0.2992,2286.0
1662193980000,0.2992,0.2992,0.2992,0.2992,0.0
1662194040000,0.2992,0.2993,0.2992,0.2992,8340.0
1662194100000,0.2992,0.2993,0.2992,0.2993,2736.0
1662194160000,0.2992,0.2992,0.2988,0.2988,9324.0
1662194220000,0.2988,0.2988,0.2986,0.2986,2775.0
1662194280000,0.2989,0.2989,0.2987,0.2988,4791.0
1662194340000,0.2988,0.2988,0.2986,0.2986,3024.0
1662194400000,0.2986,0.2987,0.2985,0.2987,2612.0
1662194460000,0.2987,0.2988,0.2987,0.2988,8629.0
1662194520000,0.2988,0.299,0.2987,0.299,14212.0
1662194580000,0.299,0.2991,0.2988,0.2988,703.0
1662194640000,0.2988,0.2988,0.2988,0.2988,0.0
1662194700000,0.2989,0.2989,0.2988,0.2988,2058.0
1662194760000,0.2987,0.2987,0.2987,0.2987,511.0
1662194820000,0.2988,0.2988,0.2986,0.2986,3398.0
1662194880000,0.2985,0.2986,0.2985,0.2986,3208.0
1662194940000,0.2988,0.2988,0.2986,0.2987,1848.0
1662195000000,0.2988,0.2988,0.2988,0.2988,6283.0
1662195060000,0.2989,0.2989,0.2988,0.2988,4324.0
1662195120000,0.2988,0.2988,0.2987,0.2987,2197.0
1662195180000,0.2986,0.2986,0.2986,0.2986,5067.0
1662195240000,0.2986,0.2986,0.2985,0.2985,1179.0
1662195300000,0.2984,0.2986,0.2984,0.2984,1021.0
1662195360000,0.2985,0.2985,0.2984,0.2985,5518.0
1662195420000,0.2985,0.2985,0.2985,0.2985,0.0
1662195480000,0.2988,0.2988,0.2988,0.2988,1916.0
1662195540000,0.2987,0.2989,0.2987,0.2988,967.0
1662195600000,0.2988,0.2988,0.2987,0.2987,6917.0
1662195660000,0.2987,0.2989,0.2982,0.2983,106236.0
1662195720000,0.2983,0.2983,0.2983,0.2983,4404.0
1662195780000,0.2984,0.2989,0.2984,0.2989,5530.0
1662195840000,0.2989,0.2992,0.2989,0.2991,12721.0
1662195900000,0.2991,0.2992,0.2991,0.2992,6914.0
1662195960000,0.2993,0.2994,0.2991,0.2992,37531.0
1662196020000,0.2993,0.2993,0.2992,0.2992,1564.0
1662196080000,0.2994,0.2994,0.2993,0.2994,3983.0
1662196140000,0.2994,0.2995,0.2994,0.2994,2458.0
1662196200000,0.2993,0.2994,0.2993,0.2994,2139.0
1662196260000,0.2993,0.2995,0.2993,0.2995,2631.0
1662196320000,0.2994,0.2994,0.299,0.299,3546.0
1662196380000,0.2991,0.2992,0.299,0.2992,6946.0
1662196440000,0.2992,0.2992,0.299,0.2991,8727.0
1662196500000,0.2991,0.2992,0.2989,0.299,9031.0
1662196560000,0.299,0.2991,0.299,0.2991,7610.0
1662196620000,0.2991,0.2992,0.299,0.2992,7845.0
1662196680000,0.2992,0.2993,0.2992,0.2993,6346.0
1662196740000,0.2992,0.2993,0.2991,0.2993,27382.0
1662196800000,0.2993,0.2994,0.2993,0.2994,1313.0
1662196860000,0.2993,0.2994,0.2993,0.2994,502.0
1662196920000,0.2994,0.2996,0.2994,0.2996,3645.0
1662196980000,0.2996,0.2997,0.2996,0.2997,2870.0
1662197040000,0.2997,0.2997,0.2996,0.2997,1628.0
1662197100000,0.2999,0.3,0.2999,0.2999,2228.0
1662197160000,0.3001,0.3001,0.3,0.3,8231.0
1662197220000,0.2999,0.2999,0.2999,0.2999,335.0
1662197280000,0.2999,0.3,0.2999,0.3,3264.0
1662197340000,0.3001,0.3001,0.3001,0.3001,3561.0
1662197400000,0.3001,0.3002,0.3001,0.3002,140.0
1662197460000,0.3002,0.3003,0.3001,0.3003,1415.0
1662197520000,0.3002,0.3006,0.3002,0.3005,51403.0
1662197580000,0.3005,0.3009,0.3005,0.3008,35430.0
1662197640000,0.3009,0.3009,0.3009,0.3009,9810.0
1662197700000,0.3009,0.3009,0.3008,0.3009,7689.0
1662197760000,0.3008,0.3009,0.3004,0.3005,47503.0
1662197820000,0.3005,0.3005,0.3004,0.3005,1114.0
1662197880000,0.3005,0.3006,0.3005,0.3005,2023.0
1662197940000,0.3006,0.3009,0.3006,0.3008,9680.0
1662198000000,0.3008,0.3008,0.3007,0.3007,1130.0
1662198060000,0.3007,0.3007,0.3004,0.3006,2695.0
1662198120000,0.3006,0.3008,0.3006,0.3008,2616.0
1662198180000,0.3007,0.3007,0.3005,0.3006,7239.0
1662198240000,0.3005,0.3006,0.3004,0.3006,6842.0
1662198300000,0.3006,0.3006,0.3005,0.3006,3359.0
1662198360000,0.3007,0.3008,0.3007,0.3008,6411.0
1662198420000,0.3007,0.3009,0.3007,0.3009,32188.0
1662198480000,0.3008,0.301,0.3008,0.301,2938.0
1662198540000,0.301,0.3011,0.3009,0.3009,10675.0
1662198600000,0.3008,0.3009,0.3008,0.3009,7886.0
1662198660000,0.3009,0.3011,0.3009,0.301,15388.0
1662198720000,0.3009,0.3011,0.3009,0.301,21319.0
1662198780000,0.3009,0.301,0.3009,0.301,1559.0
1662198840000,0.3009,0.301,0.3009,0.301,1392.0
1662198900000,0.301,0.3011,0.3009,0.3011,2341.0
1662198960000,0.301,0.3012,0.301,0.3011,8938.0
1662199020000,0.3011,0.3012,0.301,0.3012,6694.0
1662199080000,0.3012,0.3012,0.301,0.301,2594.0
1662199140000,0.301,0.3012,0.301,0.3012,2986.0
1662199200000,0.3013,0.3014,0.3012,0.3014,7128.0
1662199260000,0.3014,0.3014,0.3013,0.3013,5002.0
1662199320000,0.3013,0.3015,0.3011,0.3015,4014.0
1662199380000,0.3015,0.3021,0.3015,0.3019,47307.0
1662199440000,0.3018,0.302,0.3018,0.302,4352.0
1662199500000,0.3019,0.3019,0.3018,0.3018,5840.0
1662199560000,0.3019,0.3019,0.3015,0.3016,10544.0
1662199620000,0.3016,0.3016,0.3016,0.3016,0.0
1662199680000,0.3018,0.302,0.3018,0.302,6359.0
1662199740000,0.3019,0.3021,0.3018,0.3021,9144.0
1662199800000,0.3021,0.3021,0.3021,0.3021,3180.0
1662199860000,0.3021,0.3021,0.302,0.302,1368.0
1662199920000,0.3021,0.3022,0.3021,0.3021,9163.0
1662199980000,0.3021,0.3021,0.3021,0.3021,6183.0
1662200040000,0.3021,0.3025,0.3021,0.3025,10041.0
1662200100000,0.3025,0.3025,0.3024,0.3025,8748.0
1662200160000,0.3026,0.3026,0.3023,0.3025,5194.0
1662200220000,0.3025,0.3025,0.3023,0.3024,14504.0
1662200280000,0.3025,0.3027,0.3025,0.3026,34603.0
1662200340000,0.3026,0.3027,0.3026,0.3027,15104.0
1662200400000,0.3027,0.3027,0.3026,0.3027,15667.0
1662200460000,0.3027,0.3028,0.3026,0.3026,5531.0
1662200520000,0.3027,0.3028,0.3027,0.3027,6491.0
1662200580000,0.3026,0.3027,0.3025,0.3026,8681.0
1662200640000,0.3027,0.3027,0.3026,0.3026,15382.0
1662200700000,0.3026,0.3026,0.3026,0.3026,4513.0
1662200760000,0.3025,0.3025,0.3024,0.3024,4183.0
1662200820000,0.3024,0.3025,0.3023,0.3023,5321.0
1662200880000,0.3023,0.3025,0.3023,0.3025,1428.0
1662200940000,0.3025,0.3026,0.3025,0.3025,12759.0
1662201000000,0.3025,0.3026,0.3025,0.3025,2606.0
1662201060000,0.3025,0.3025,0.3024,0.3024,535.0
1662201120000,0.3025,0.3025,0.3024,0.3024,5396.0
1662201180000,0.3025,0.3026,0.3025,0.3026,1886.0
1662201240000,0.3026,0.3026,0.3025,0.3025,1397.0
1662201300000,0.3026,0.3026,0.3025,0.3026,544.0
1662201360000,0.3025,0.3026,0.302,0.3021,31038.0
1662201420000,0.3021,0.3021,0.3021,0.3021,404.0
1662201480000,0.3021,0.3021,0.302,0.302,2382.0
1662201540000,0.3022,0.3023,0.3022,0.3023,274.0
1662201600000,0.3023,0.3023,0.3022,0.3022,10764.0
1662201660000,0.3023,0.3024,0.3022,0.3022,23750.0
1662201720000,0.3023,0.3033,0.3023,0.3029,189786.0
1662201780000,0.3029,0.3031,0.3029,0.3031,11491.0
1662201840000,0.3032,0.3032,0.3029,0.303,8055.0
1662201900000,0.3031,0.3031,0.303,0.3031,4214.0
1662201960000,0.303,0.3031,0.303,0.3031,182.0
1662202020000,0.3031,0.3032,0.3031,0.3032,5139.0
1662202080000,0.3031,0.3032,0.3031,0.3032,1176.0
1662202140000,0.3031,0.3031,0.3029,0.303,11435.0
1662202200000,0.303,0.3031,0.303,0.303,9108.0
1662202260000,0.303,0.3031,0.303,0.303,16224.0
1662202320000,0.303,0.3032,0.303,0.3032,2191.0
1662202380000,0.3031,0.3033,0.3031,0.3033,45997.0
1662202440000,0.3034,0.3035,0.3034,0.3035,118075.0
1662202500000,0.3035,0.3035,0.3034,0.3035,3917.0
1662202560000,0.3034,0.3034,0.3032,0.3034,61375.0
1662202620000,0.3034,0.3035,0.3034,0.3035,63875.0
1662202680000,0.3036,0.3036,0.3034,0.3035,81811.0
1662202740000,0.3035,0.3035,0.3033,0.3034,3869.0
1662202800000,0.3033,0.3033,0.3032,0.3033,11639.0
1662202860000,0.3033,0.3033,0.3032,0.3032,35685.0
1662202920000,0.3033,0.3033,0.3031,0.3032,22706.0
1662202980000,0.3032,0.3032,0.3032,0.3032,1088.0
1662203040000,0.3031,0.3031,0.303,0.303,32666.0
1662203100000,0.303,0.303,0.3028,0.3028,24976.0
1662203160000,0.3029,0.3029,0.3028,0.3028,7137.0
1662203220000,0.3029,0.303,0.3028,0.3028,4026.0
1662203280000,0.3029,0.303,0.3029,0.303,9608.0
1662203340000,0.303,0.303,0.3029,0.3029,749.0
1662203400000,0.3029,0.3029,0.3027,0.3027,48340.0
1662203460000,0.3027,0.3027,0.3019,0.302,172581.0
1662203520000,0.302,0.3023,0.302,0.302,126198.0
1662203580000,0.3021,0.3022,0.3019,0.3019,5367.0
1662203640000,0.3018,0.3019,0.3018,0.3018,975.0
1662203700000,0.3018,0.3018,0.3011,0.3011,56422.0
1662203760000,0.3011,0.3013,0.3011,0.3013,3874.0
1662203820000,0.3013,0.3013,0.301,0.3011,2947.0
1662203880000,0.301,0.3011,0.3006,0.3006,43986.0
1662203940000,0.3007,0.3008,0.3006,0.3007,18642.0
1662204000000,0.3008,0.3009,0.3007,0.3008,9426.0
1662204060000,0.3008,0.3009,0.3008,0.3009,4888.0
1662204120000,0.3009,0.3009,0.3007,0.3008,2887.0
1662204180000,0.3007,0.3016,0.3007,0.3015,55208.0
1662204240000,0.3015,0.3017,0.3015,0.3016,1808.0
1662204300000,0.3016,0.3016,0.3015,0.3016,2412.0
1662204360000,0.3016,0.3016,0.301,0.3011,4371.0
1662204420000,0.3012,0.3013,0.3011,0.3011,3704.0
1662204480000,0.3013,0.3013,0.3012,0.3012,1827.0
1662204540000,0.3013,0.3015,0.3013,0.3015,7071.0
1662204600000,0.3015,0.3016,0.3015,0.3016,9287.0
1662204660000,0.3015,0.3022,0.3015,0.3021,62175.0
1662204720000,0.302,0.3022,0.302,0.3021,4341.0
1662204780000,0.302,0.3021,0.302,0.3021,1744.0
1662204840000,0.3021,0.3021,0.3019,0.302,6858.0
1662204900000,0.3019,0.3019,0.3017,0.3017,7323.0
1662204960000,0.3019,0.3019,0.3019,0.3019,193.0
1662205020000,0.3019,0.3019,0.3018,0.3018,1015.0
1662205080000,0.3019,0.3019,0.3018,0.3018,958.0
1662205140000,0.3017,0.3017,0.3017,0.3017,354.0
1662205200000,0.3016,0.3017,0.3016,0.3017,4515.0
1662205260000,0.3016,0.3018,0.3016,0.3017,9156.0
1662205320000,0.3017,0.3018,0.3017,0.3017,4860.0
1662205380000,0.3017,0.3017,0.3016,0.3016,1378.0
1662205440000,0.3016,0.3017,0.3015,0.3017,1512.0
1662205500000,0.3017,0.3018,0.3013,0.3013,18571.0
1662205560000,0.3012,0.3014,0.3012,0.3013,22520.0
1662205620000,0.3012,0.3013,0.3012,0.3013,238.0
1662205680000,0.3013,0.3013,0.3,0.3003,154130.0
1662205740000,0.3003,0.3003,0.3001,0.3002,12968.0
1662205800000,0.3001,0.3003,0.3001,0.3002,8500.0
1662205860000,0.3002,0.3005,0.3002,0.3005,6634.0
1662205920000,0.3004,0.3005,0.3004,0.3004,3653.0
1662205980000,0.3004,0.3005,0.3004,0.3004,5009.0
1662206040000,0.3003,0.3003,0.3002,0.3002,1297.0
1662206100000,0.3003,0.3004,0.3002,0.3004,25468.0
1662206160000,0.3004,0.3006,0.3004,0.3006,1313.0
1662206220000,0.3005,0.3006,0.3005,0.3006,9074.0
1662206280000,0.3006,0.3006,0.3002,0.3004,37813.0
1662206340000,0.3005,0.3005,0.3003,0.3004,658.0
1662206400000,0.3004,0.3004,0.3003,0.3004,2880.0
1662206460000,0.3004,0.3004,0.3002,0.3002,21806.0
1662206520000,0.3002,0.3003,0.3001,0.3003,9306.0
1662206580000,0.3003,0.3003,0.3002,0.3002,1802.0
1662206640000,0.3002,0.3003,0.3001,0.3003,8726.0
1662206700000,0.3003,0.3003,0.3002,0.3003,8725.0
1662206760000,0.3003,0.3005,0.3003,0.3005,7535.0
1662206820000,0.3005,0.3006,0.3005,0.3006,8953.0
1662206880000,0.3007,0.3007,0.2996,0.2997,173378.0
1662206940000,0.2997,0.2997,0.2995,0.2996,18372.0
1662207000000,0.2996,0.2997,0.2995,0.2997,36026.0
1662207060000,0.2997,0.2999,0.2996,0.2999,38148.0
1662207120000,0.2999,0.2999,0.2999,0.2999,6799.0
1662207180000,0.2999,0.3,0.2999,0.3,5798.0
1662207240000,0.2999,0.3002,0.2999,0.3002,48186.0
1662207300000,0.3003,0.3003,0.3002,0.3003,10799.0
1662207360000,0.3003,0.3004,0.3003,0.3003,4587.0
1662207420000,0.3003,0.3003,0.2999,0.2999,17214.0
1662207480000,0.2999,0.3,0.2998,0.2998,3354.0
1662207540000,0.2998,0.3,0.2998,0.3,1630.0
1662207600000,0.3,0.3001,0.3,0.3,5635.0
1662207660000,0.3,0.3,0.3,0.3,120.0
1662207720000,0.3001,0.3002,0.3,0.3002,1501.0
1662207780000,0.3003,0.3003,0.3002,0.3002,2894.0
1662207840000,0.3002,0.3003,0.3002,0.3003,175.0
1662207900000,0.3003,0.3005,0.3003,0.3004,18714.0
1662207960000,0.3004,0.3007,0.3004,0.3007,24026.0
1662208020000,0.3006,0.3006,0.3005,0.3006,1464.0
1662208080000,0.3005,0.3006,0.3005,0.3006,2682.0
1662208140000,0.3006,0.3007,0.3006,0.3007,14104.0
1662208200000,0.3007,0.3008,0.3007,0.3008,4470.0
1662208260000,0.3008,0.301,0.3007,0.301,13775.0
1662208320000,0.301,0.301,0.301,0.301,3656.0
1662208380000,0.301,0.3013,0.3009,0.3011,45455.0
1662208440000,0.3011,0.3011,0.3009,0.3009,5570.0
1662208500000,0.3009,0.301,0.3008,0.3008,11512.0
1662208560000,0.301,0.301,0.301,0.301,4748.0
1662208620000,0.3011,0.3011,0.301,0.301,8506.0
1662208680000,0.301,0.301,0.3008,0.3009,10268.0
1662208740000,0.3008,0.3008,0.3006,0.3007,1102.0
1662208800000,0.3007,0.3007,0.3005,0.3005,4752.0
1662208860000,0.3005,0.3005,0.3003,0.3005,8988.0
1662208920000,0.3004,0.3005,0.3004,0.3005,8708.0
1662208980000,0.3005,0.3005,0.3005,0.3005,1308.0
1662209040000,0.3004,0.3005,0.3003,0.3004,10457.0
1662209100000,0.3005,0.3005,0.3002,0.3002,5139.0
1662209160000,0.3004,0.3004,0.3003,0.3004,4364.0
1662209220000,0.3004,0.3004,0.3001,0.3001,3056.0
1662209280000,0.3002,0.3007,0.3002,0.3007,42493.0
1662209340000,0.3006,0.3007,0.3006,0.3007,3570.0
1662209400000,0.3006,0.3006,0.3005,0.3005,1134.0
1662209460000,0.3006,0.3008,0.3006,0.3008,19847.0
1662209520000,0.3009,0.3009,0.3007,0.3008,11909.0
1662209580000,0.3008,0.3008,0.3005,0.3006,10286.0
1662209640000,0.3005,0.3005,0.3005,0.3005,3325.0
1662209700000,0.3004,0.3007,0.3004,0.3007,1401.0
1662209760000,0.3008,0.3008,0.3007,0.3008,2934.0
1662209820000,0.3008,0.3008,0.3008,0.3008,509.0
1662209880000,0.3008,0.3008,0.3008,0.3008,264.0
1662209940000,0.3008,0.301,0.3008,0.301,22652.0
1662210000000,0.3011,0.3011,0.3011,0.3011,431.0
1662210060000,0.3012,0.3012,0.301,0.301,937.0
1662210120000,0.301,0.3011,0.3009,0.3009,802.0
1662210180000,0.3009,0.3009,0.3008,0.3008,1505.0
1662210240000,0.3008,0.301,0.3008,0.301,1733.0
1662210300000,0.3011,0.3022,0.3011,0.3017,161306.0
1662210360000,0.3017,0.302,0.3017,0.302,28633.0
1662210420000,0.302,0.3023,0.302,0.3022,2522.0
1662210480000,0.3021,0.3021,0.3019,0.3021,11598.0
1662210540000,0.3022,0.3022,0.3021,0.3022,11037.0
1662210600000,0.3021,0.3021,0.3021,0.3021,6267.0
1662210660000,0.3021,0.3021,0.302,0.302,5823.0
1662210720000,0.3021,0.3021,0.302,0.3021,8844.0
1662210780000,0.302,0.3021,0.3019,0.302,26995.0
1662210840000,0.302,0.302,0.3018,0.302,18863.0
1662210900000,0.302,0.302,0.3019,0.302,4877.0
1662210960000,0.302,0.3021,0.302,0.302,31060.0
1662211020000,0.302,0.3021,0.302,0.302,13602.0
1662211080000,0.3022,0.3024,0.3022,0.3024,965.0
1662211140000,0.3024,0.3025,0.3024,0.3024,2023.0
1662211200000,0.3025,0.3025,0.3024,0.3024,5576.0
1662211260000,0.3024,0.3025,0.3018,0.3019,47731.0
1662211320000,0.3018,0.3019,0.3018,0.3019,2630.0
1662211380000,0.3019,0.3019,0.3019,0.3019,1136.0
1662211440000,0.3019,0.302,0.3019,0.302,29951.0
1662211500000,0.302,0.3021,0.302,0.3021,324.0
1662211560000,0.3021,0.3021,0.302,0.3021,3231.0
1662211620000,0.302,0.3022,0.302,0.3021,14596.0
1662211680000,0.3021,0.3021,0.3021,0.3021,0.0
1662211740000,0.3021,0.3022,0.302,0.3022,1396.0
1662211800000,0.3022,0.3022,0.302,0.302,3953.0
1662211860000,0.3019,0.302,0.3019,0.302,1130.0
1662211920000,0.302,0.3022,0.302,0.302,18352.0
1662211980000,0.3022,0.3022,0.3021,0.3022,288.0
1662212040000,0.3021,0.3021,0.302,0.302,375.0
1662212100000,0.302,0.3021,0.302,0.3021,1025.0
1662212160000,0.3022,0.3022,0.3021,0.3021,5484.0
1662212220000,0.3022,0.3022,0.3022,0.3022,133.0
1662212280000,0.3021,0.3021,0.302,0.302,9325.0
1662212340000,0.3021,0.3022,0.3021,0.3022,108.0
1662212400000,0.3022,0.3024,0.3022,0.3024,6606.0
1662212460000,0.3024,0.3024,0.3024,0.3024,7398.0
1662212520000,0.3025,0.3026,0.3024,0.3025,6468.0
1662212580000,0.3025,0.3025,0.3024,0.3025,3519.0
1662212640000,0.3025,0.3026,0.3024,0.3024,43416.0
1662212700000,0.3025,0.3029,0.3025,0.3029,9516.0
1662212760000,0.3028,0.303,0.3028,0.303,2873.0
1662212820000,0.303,0.303,0.3029,0.3029,3290.0
1662212880000,0.303,0.303,0.3029,0.3029,3427.0
1662212940000,0.303,0.3031,0.303,0.3031,5328.0
1662213000000,0.3031,0.3032,0.3031,0.3032,5160.0
1662213060000,0.303,0.303,0.3029,0.303,28977.0
1662213120000,0.303,0.3031,0.303,0.3031,439.0
1662213180000,0.3031,0.3031,0.3029,0.303,4136.0
1662213240000,0.303,0.303,0.3027,0.3027,15272.0
1662213300000,0.3027,0.3028,0.3027,0.3028,5436.0
1662213360000,0.3028,0.3032,0.3028,0.303,18287.0
1662213420000,0.3031,0.3031,0.3028,0.3028,14259.0
1662213480000,0.3029,0.303,0.3028,0.303,7369.0
1662213540000,0.3028,0.3029,0.3027,0.3027,3663.0
1662213600000,0.3027,0.3028,0.3027,0.3028,5727.0
1662213660000,0.3028,0.3028,0.3025,0.3026,13752.0
1662213720000,0.3026,0.3026,0.3025,0.3026,1290.0
1662213780000,0.3025,0.3026,0.3025,0.3026,1565.0
1662213840000,0.3025,0.3026,0.3024,0.3025,11392.0
1662213900000,0.3024,0.3025,0.3024,0.3025,2554.0
1662213960000,0.3025,0.3025,0.3025,0.3025,1371.0
1662214020000,0.3024,0.3025,0.3023,0.3023,10326.0
1662214080000,0.3025,0.3025,0.3024,0.3024,3556.0
1662214140000,0.3024,0.3024,0.3023,0.3023,1631.0
1662214200000,0.3023,0.3025,0.3022,0.3024,43905.0
1662214260000,0.3024,0.3024,0.3021,0.3021,1164.0
1662214320000,0.3022,0.3023,0.3021,0.3023,12895.0
1662214380000,0.3024,0.3024,0.3022,0.3023,5467.0
1662214440000,0.3022,0.3024,0.3022,0.3024,7008.0
1662214500000,0.3024,0.3024,0.3023,0.3024,6168.0
1662214560000,0.3024,0.3024,0.3022,0.3022,3044.0
1662214620000,0.3022,0.3022,0.3018,0.3018,33046.0
1662214680000,0.3017,0.3018,0.3017,0.3018,6699.0
1662214740000,0.3018,0.3019,0.3018,0.3019,3842.0
1662214800000,0.3018,0.3019,0.3017,0.3019,437.0
1662214860000,0.3018,0.3018,0.3016,0.3016,7521.0
1662214920000,0.3017,0.3017,0.3015,0.3015,9075.0
1662214980000,0.3016,0.3016,0.3015,0.3015,333.0
1662215040000,0.3016,0.3016,0.3015,0.3016,1789.0
1662215100000,0.3016,0.3016,0.3015,0.3015,371.0
1662215160000,0.3015,0.3015,0.3011,0.3011,14094.0
1662215220000,0.3011,0.3011,0.3009,0.3009,4993.0
1662215280000,0.3009,0.3009,0.3006,0.3006,3084.0
1662215340000,0.3006,0.3006,0.3005,0.3006,848.0
1662215400000,0.3005,0.3008,0.3005,0.3008,8178.0
1662215460000,0.3008,0.3009,0.3008,0.3009,91.0
1662215520000,0.301,0.3012,0.301,0.3012,12723.0
1662215580000,0.3012,0.3012,0.3011,0.3011,1173.0
1662215640000,0.3013,0.3014,0.3012,0.3012,3568.0
1662215700000,0.3013,0.3013,0.3013,0.3013,110.0
1662215760000,0.3013,0.3013,0.3013,0.3013,40.0
1662215820000,0.3012,0.3012,0.3011,0.3011,4596.0
1662215880000,0.3011,0.3012,0.301,0.3012,12920.0
1662215940000,0.3013,0.3013,0.3013,0.3013,3381.0
1662216000000,0.3013,0.3013,0.3012,0.3012,3091.0
1662216060000,0.3013,0.3013,0.3013,0.3013,595.0
1662216120000,0.3013,0.3016,0.3013,0.3015,2776.0
1662216180000,0.3016,0.3016,0.3015,0.3015,1321.0
1662216240000,0.3015,0.3015,0.3015,0.3015,2131.0
1662216300000,0.3015,0.3016,0.3014,0.3015,2682.0
1662216360000,0.3015,0.3015,0.3014,0.3014,4436.0
1662216420000,0.3013,0.3014,0.3013,0.3014,4513.0
1662216480000,0.3014,0.3014,0.3014,0.3014,90.0
1662216540000,0.3013,0.3013,0.3013,0.3013,5113.0
1662216600000,0.3014,0.3015,0.3014,0.3015,5988.0
1662216660000,0.3016,0.3017,0.3016,0.3017,2162.0
1662216720000,0.3017,0.3017,0.3016,0.3016,1273.0
1662216780000,0.3016,0.3017,0.3015,0.3015,4158.0
1662216840000,0.3013,0.3014,0.3012,0.3014,1723.0
1662216900000,0.3012,0.3012,0.3011,0.3012,3204.0
1662216960000,0.3012,0.3013,0.3012,0.3013,3422.0
1662217020000,0.3013,0.3014,0.3013,0.3014,694.0
1662217080000,0.3014,0.3014,0.3013,0.3013,2046.0
1662217140000,0.3014,0.3014,0.3013,0.3013,2539.0
1662217200000,0.3014,0.3014,0.3013,0.3014,6774.0
1662217260000,0.3013,0.3013,0.3013,0.3013,3082.0
1662217320000,0.3013,0.3013,0.3013,0.3013,0.0
1662217380000,0.3014,0.3014,0.3014,0.3014,915.0
1662217440000,0.3012,0.3012,0.3004,0.3009,148813.0
1662217500000,0.301,0.3012,0.301,0.3012,9002.0
1662217560000,0.3011,0.3014,0.3011,0.3014,2820.0
1662217620000,0.3015,0.3016,0.3015,0.3016,14971.0
1662217680000,0.3015,0.3017,0.3015,0.3016,4738.0
1662217740000,0.3015,0.3016,0.3015,0.3015,475.0
1662217800000,0.3016,0.3018,0.3016,0.3017,10032.0
1662217860000,0.3016,0.3016,0.3015,0.3015,7054.0
1662217920000,0.3014,0.3015,0.3011,0.3011,6356.0
1662217980000,0.3011,0.3011,0.3009,0.3009,10085.0
1662218040000,0.301,0.301,0.3008,0.3008,4659.0
1662218100000,0.3008,0.3009,0.3008,0.3009,15568.0
1662218160000,0.3009,0.3009,0.3008,0.3009,3060.0
1662218220000,0.301,0.3012,0.3009,0.3012,7495.0
1662218280000,0.3012,0.3013,0.3011,0.3011,5733.0
1662218340000,0.3013,0.3013,0.3012,0.3012,1227.0
1662218400000,0.3012,0.3012,0.3011,0.3011,11034.0
1662218460000,0.3011,0.3012,0.3009,0.3009,24807.0
1662218520000,0.3009,0.301,0.3007,0.3007,2917.0
1662218580000,0.3008,0.301,0.3008,0.301,2122.0
1662218640000,0.301,0.301,0.3007,0.3007,3225.0
1662218700000,0.3007,0.3008,0.3007,0.3008,1820.0
1662218760000,0.3008,0.3008,0.3008,0.3008,415.0
1662218820000,0.3008,0.3008,0.3008,0.3008,6041.0
1662218880000,0.3008,0.3008,0.3007,0.3008,2684.0
1662218940000,0.301,0.3011,0.3009,0.301,7163.0
1662219000000,0.3008,0.3008,0.3008,0.3008,649.0
1662219060000,0.3008,0.3009,0.3007,0.3007,1595.0
1662219120000,0.3008,0.3008,0.3007,0.3008,696.0
1662219180000,0.3007,0.3008,0.3007,0.3008,5360.0
1662219240000,0.3007,0.3008,0.3007,0.3008,930.0
1662219300000,0.3007,0.3008,0.3007,0.3008,1606.0
1662219360000,0.3008,0.3008,0.3008,0.3008,1093.0
1662219420000,0.3007,0.301,0.3007,0.301,3544.0
1662219480000,0.3008,0.3008,0.3005,0.3005,5802.0
1662219540000,0.3005,0.3006,0.3005,0.3005,2930.0
1662219600000,0.3005,0.3006,0.3005,0.3005,6149.0
1662219660000,0.3007,0.3009,0.3007,0.3009,3271.0
1662219720000,0.3009,0.3009,0.3009,0.3009,0.0
1662219780000,0.3007,0.3008,0.3007,0.3008,2403.0
1662219840000,0.3008,0.3009,0.3008,0.3009,149.0
1662219900000,0.3008,0.3009,0.3007,0.3009,2710.0
1662219960000,0.3006,0.3008,0.3006,0.3007,2541.0
1662220020000,0.3005,0.3006,0.3005,0.3006,341.0
1662220080000,0.3006,0.3006,0.3003,0.3006,7100.0
1662220140000,0.3004,0.3004,0.3,0.3,39010.0
1662220200000,0.3001,0.3002,0.3001,0.3001,3527.0
1662220260000,0.3001,0.3001,0.3,0.3001,6965.0
1662220320000,0.3,0.3001,0.3,0.3,7643.0
1662220380000,0.3,0.3,0.2999,0.2999,5973.0
1662220440000,0.2999,0.3,0.2998,0.2999,17020.0
1662220500000,0.2999,0.3001,0.2999,0.3001,716.0
1662220560000,0.3002,0.3002,0.3001,0.3001,14345.0
1662220620000,0.3002,0.3002,0.3001,0.3001,2815.0
1662220680000,0.3,0.3,0.3,0.3,3857.0
1662220740000,0.3,0.3002,0.3,0.3002,2772.0
1662220800000,0.3003,0.3003,0.3003,0.3003,17802.0
1662220860000,0.3003,0.3003,0.3,0.3001,7159.0
1662220920000,0.3002,0.3003,0.3001,0.3003,315.0
1662220980000,0.3004,0.3007,0.3003,0.3006,8205.0
1662221040000,0.3006,0.3009,0.3006,0.3009,7047.0
1662221100000,0.3009,0.3009,0.3008,0.3009,8340.0
1662221160000,0.3009,0.3012,0.3009,0.3012,22639.0
1662221220000,0.3012,0.3012,0.3011,0.3011,10071.0
1662221280000,0.3011,0.3011,0.301,0.301,1433.0
1662221340000,0.301,0.3013,0.301,0.3013,1994.0
1662221400000,0.3013,0.3013,0.3011,0.3012,17591.0
1662221460000,0.3011,0.3012,0.301,0.301,3202.0
1662221520000,0.3011,0.3011,0.3009,0.3009,3279.0
1662221580000,0.3009,0.3009,0.3009,0.3009,4667.0
1662221640000,0.3009,0.3009,0.3009,0.3009,0.0
1662221700000,0.3009,0.3011,0.3009,0.3011,1473.0
1662221760000,0.301,0.3011,0.301,0.3011,6345.0
1662221820000,0.3011,0.3012,0.301,0.3012,8085.0
1662221880000,0.3012,0.3013,0.3012,0.3012,2843.0
1662221940000,0.3012,0.3012,0.3011,0.3011,11397.0
1662222000000,0.3011,0.3013,0.3011,0.3012,2131.0
1662222060000,0.3012,0.3012,0.3011,0.3011,3742.0
1662222120000,0.3012,0.3012,0.3012,0.3012,7589.0
1662222180000,0.3013,0.3013,0.3012,0.3012,4209.0
1662222240000,0.3013,0.3014,0.3012,0.3013,7878.0
1662222300000,0.3013,0.3014,0.3013,0.3014,665.0
1662222360000,0.3015,0.3015,0.3014,0.3015,259.0
1662222420000,0.3014,0.3014,0.3011,0.3012,6379.0
1662222480000,0.3013,0.3013,0.3012,0.3013,1514.0
1662222540000,0.3013,0.3013,0.3011,0.3011,3608.0
1662222600000,0.3012,0.3012,0.301,0.3012,3406.0
1662222660000,0.3013,0.3013,0.3013,0.3013,1059.0
1662222720000,0.3012,0.3012,0.3012,0.3012,158.0
1662222780000,0.3012,0.3013,0.3011,0.3013,1451.0
1662222840000,0.3012,0.3013,0.3011,0.3012,1649.0
1662222900000,0.3013,0.3013,0.3013,0.3013,3523.0
1662222960000,0.3013,0.3014,0.3013,0.3014,2088.0
1662223020000,0.3014,0.3015,0.3014,0.3015,1806.0
1662223080000,0.3015,0.3016,0.3015,0.3015,764.0
1662223140000,0.3016,0.3016,0.3015,0.3015,2987.0
1662223200000,0.3016,0.3018,0.3016,0.3018,1601.0
1662223260000,0.3017,0.3017,0.3017,0.3017,10510.0
1662223320000,0.3016,0.3016,0.3016,0.3016,1243.0
1662223380000,0.3016,0.3018,0.3016,0.3018,3496.0
1662223440000,0.3018,0.3018,0.3017,0.3017,1061.0
1662223500000,0.3017,0.3017,0.3016,0.3016,2295.0
1662223560000,0.3018,0.3018,0.3018,0.3018,1902.0
1662223620000,0.3017,0.3017,0.3016,0.3017,1761.0
1662223680000,0.3017,0.3018,0.3016,0.3017,2016.0
1662223740000,0.3017,0.3017,0.3017,0.3017,373.0
1662223800000,0.3017,0.3017,0.3017,0.3017,1346.0
1662223860000,0.3016,0.3016,0.3013,0.3013,9520.0
1662223920000,0.3013,0.3013,0.3009,0.3011,4115.0
1662223980000,0.3011,0.3014,0.3011,0.3014,6427.0
1662224040000,0.3014,0.3014,0.3014,0.3014,2007.0
1662224100000,0.3015,0.3015,0.3013,0.3013,5027.0
1662224160000,0.3013,0.3014,0.3013,0.3013,721.0
1662224220000,0.3014,0.3014,0.3014,0.3014,2288.0
1662224280000,0.3014,0.3015,0.3013,0.3015,7345.0
1662224340000,0.3014,0.3014,0.3012,0.3013,2270.0
1662224400000,0.3012,0.3014,0.3012,0.3013,7841.0
1662224460000,0.3013,0.3013,0.301,0.301,2949.0
1662224520000,0.301,0.301,0.3009,0.3009,622.0
1662224580000,0.3009,0.301,0.3009,0.301,2772.0
1662224640000,0.301,0.301,0.3008,0.3008,11193.0
1662224700000,0.3009,0.3009,0.3007,0.3008,8353.0
1662224760000,0.3008,0.3009,0.3008,0.3008,3705.0
1662224820000,0.3009,0.3009,0.3008,0.3008,107.0
1662224880000,0.3009,0.301,0.3008,0.3009,8713.0
1662224940000,0.3009,0.3009,0.3009,0.3009,0.0
1662225000000,0.3008,0.3009,0.3008,0.3009,706.0
1662225060000,0.3008,0.3011,0.3008,0.3011,3471.0
1662225120000,0.301,0.301,0.3009,0.3009,7574.0
1662225180000,0.3008,0.3009,0.3008,0.3009,4397.0
1662225240000,0.301,0.301,0.301,0.301,3601.0
1662225300000,0.3011,0.3011,0.301,0.3011,2059.0
1662225360000,0.3011,0.3011,0.3008,0.3009,9098.0
1662225420000,0.3009,0.301,0.3008,0.301,7056.0
1662225480000,0.301,0.301,0.3008,0.3009,6299.0
1662225540000,0.3008,0.3012,0.3008,0.301,5584.0
1662225600000,0.3009,0.3009,0.3009,0.3009,484.0
1662225660000,0.3009,0.301,0.3008,0.301,4452.0
1662225720000,0.3009,0.3009,0.3009,0.3009,276.0
1662225780000,0.301,0.3012,0.301,0.3012,839.0
1662225840000,0.3011,0.3011,0.3011,0.3011,687.0
1662225900000,0.3011,0.3012,0.3011,0.3011,1596.0
1662225960000,0.301,0.301,0.3009,0.3009,1032.0
1662226020000,0.301,0.3011,0.3009,0.301,5132.0
1662226080000,0.3011,0.3011,0.301,0.3011,503.0
1662226140000,0.3012,0.3013,0.3012,0.3013,3937.0
1662226200000,0.3011,0.3012,0.3011,0.3011,4551.0
1662226260000,0.3011,0.3011,0.3009,0.301,24160.0
1662226320000,0.3009,0.301,0.3009,0.3009,11991.0
1662226380000,0.3011,0.3012,0.3011,0.3012,705.0
1662226440000,0.3012,0.3012,0.3012,0.3012,3103.0
1662226500000,0.3013,0.3015,0.3013,0.3015,7946.0
1662226560000,0.3015,0.3016,0.3013,0.3015,11560.0
1662226620000,0.3014,0.3015,0.3014,0.3014,2776.0
1662226680000,0.3014,0.3015,0.3014,0.3015,7796.0
1662226740000,0.3015,0.3015,0.3015,0.3015,89.0
1662226800000,0.3015,0.3015,0.3014,0.3015,3873.0
1662226860000,0.3014,0.3014,0.3014,0.3014,5787.0
1662226920000,0.3014,0.3015,0.3014,0.3015,214.0
1662226980000,0.3015,0.3015,0.3015,0.3015,2248.0
1662227040000,0.3014,0.3015,0.3014,0.3015,524.0
1662227100000,0.3014,0.3014,0.3013,0.3014,23664.0
1662227160000,0.3016,0.3016,0.3016,0.3016,968.0
1662227220000,0.3015,0.3016,0.3015,0.3016,5583.0
1662227280000,0.3015,0.3016,0.3014,0.3014,422.0
1662227340000,0.3014,0.3017,0.3014,0.3016,38436.0
1662227400000,0.3016,0.3017,0.3015,0.3017,39298.0
1662227460000,0.3018,0.3018,0.3017,0.3018,9295.0
1662227520000,0.3018,0.302,0.3017,0.3019,23804.0
1662227580000,0.302,0.3021,0.302,0.3021,6577.0
1662227640000,0.3021,0.3022,0.3021,0.3022,3067.0
1662227700000,0.3023,0.3024,0.3022,0.3022,14931.0
1662227760000,0.3022,0.3026,0.3022,0.3025,83946.0
1662227820000,0.3025,0.3026,0.3025,0.3026,7228.0
1662227880000,0.3026,0.3026,0.3025,0.3025,7108.0
1662227940000,0.3025,0.3025,0.3024,0.3025,1265.0
1662228000000,0.3023,0.3025,0.3023,0.3024,4494.0
1662228060000,0.3025,0.3025,0.3024,0.3024,1306.0
1662228120000,0.3024,0.3024,0.3023,0.3024,2170.0
1662228180000,0.3024,0.3026,0.3024,0.3026,9877.0
1662228240000,0.3025,0.3027,0.3025,0.3025,513.0
1662228300000,0.3025,0.3025,0.3023,0.3024,10194.0
1662228360000,0.3024,0.3025,0.3023,0.3025,8593.0
1662228420000,0.3026,0.3026,0.3025,0.3026,3006.0
1662228480000,0.3026,0.3028,0.3026,0.3028,14693.0
1662228540000,0.3027,0.3028,0.3027,0.3027,6132.0
1662228600000,0.3028,0.3028,0.3028,0.3028,194.0
1662228660000,0.3027,0.3027,0.3026,0.3026,276.0
1662228720000,0.3027,0.3027,0.3026,0.3026,4636.0
1662228780000,0.3027,0.3027,0.3026,0.3026,1137.0
1662228840000,0.3026,0.3026,0.3024,0.3026,4021.0
1662228900000,0.3025,0.3026,0.3025,0.3026,4837.0
1662228960000,0.3026,0.3026,0.3025,0.3026,7665.0
1662229020000,0.3026,0.3027,0.3025,0.3027,23164.0
1662229080000,0.3027,0.303,0.3026,0.3029,44040.0
1662229140000,0.3029,0.3029,0.3028,0.3028,9879.0
1662229200000,0.3025,0.3025,0.3024,0.3025,1871.0
1662229260000,0.3024,0.3026,0.3024,0.3026,4493.0
1662229320000,0.3024,0.3024,0.3024,0.3024,141.0
1662229380000,0.3024,0.3024,0.3024,0.3024,0.0
1662229440000,0.3025,0.3025,0.3025,0.3025,1410.0
1662229500000,0.3026,0.3027,0.3026,0.3027,2591.0
1662229560000,0.3027,0.3027,0.3026,0.3026,618.0
1662229620000,0.3026,0.3026,0.3023,0.3023,4735.0
1662229680000,0.3023,0.3024,0.3021,0.3022,14157.0
1662229740000,0.302,0.302,0.3019,0.3019,4013.0
1662229800000,0.3019,0.3023,0.3019,0.3022,90555.0
1662229860000,0.3023,0.3023,0.3023,0.3023,370.0
1662229920000,0.3023,0.3023,0.3023,0.3023,274.0
1662229980000,0.3022,0.3022,0.3019,0.302,83747.0
1662230040000,0.302,0.302,0.302,0.302,38.0
1662230100000,0.3021,0.3022,0.3021,0.3021,2100.0
1662230160000,0.302,0.3021,0.302,0.302,3794.0
1662230220000,0.302,0.3021,0.302,0.302,6255.0
1662230280000,0.302,0.3021,0.3019,0.302,12988.0
1662230340000,0.302,0.3022,0.302,0.3022,488.0
1662230400000,0.3022,0.3023,0.3022,0.3023,3319.0
1662230460000,0.3024,0.3024,0.3023,0.3023,1806.0
1662230520000,0.3022,0.3022,0.3022,0.3022,4179.0
1662230580000,0.3022,0.3023,0.3022,0.3022,2956.0
1662230640000,0.3022,0.3023,0.3022,0.3022,2111.0
1662230700000,0.3022,0.3023,0.3022,0.3023,4505.0
1662230760000,0.3023,0.3023,0.3022,0.3023,1167.0
1662230820000,0.3023,0.3024,0.3023,0.3024,1295.0
1662230880000,0.3023,0.3024,0.3023,0.3024,11819.0
1662230940000,0.3024,0.3024,0.3024,0.3024,1658.0
1662231000000,0.3024,0.3024,0.3023,0.3023,12847.0
1662231060000,0.3024,0.3024,0.3024,0.3024,249.0
1662231120000,0.3023,0.3023,0.3011,0.3012,50437.0
1662231180000,0.3012,0.3013,0.3011,0.3011,7689.0
1662231240000,0.3013,0.3018,0.3013,0.3017,12417.0
1662231300000,0.3017,0.3017,0.3015,0.3017,4234.0
1662231360000,0.3017,0.3017,0.3017,0.3017,0.0
1662231420000,0.3016,0.3016,0.3015,0.3015,947.0
1662231480000,0.3015,0.3016,0.3015,0.3015,1321.0
1662231540000,0.3016,0.3016,0.3016,0.3016,511.0
1662231600000,0.3016,0.3016,0.3014,0.3014,3866.0
1662231660000,0.3013,0.3015,0.3013,0.3014,13548.0
1662231720000,0.3012,0.3013,0.3011,0.3013,10503.0
1662231780000,0.3013,0.3015,0.3012,0.3015,2080.0
1662231840000,0.3015,0.3015,0.3011,0.3012,1794.0
1662231900000,0.3012,0.3012,0.301,0.301,9173.0
1662231960000,0.301,0.3011,0.301,0.301,3626.0
1662232020000,0.3009,0.301,0.3008,0.3008,8229.0
1662232080000,0.3008,0.3008,0.3007,0.3007,3187.0
1662232140000,0.3008,0.3008,0.3008,0.3008,5085.0
1662232200000,0.3008,0.3009,0.2997,0.3001,116217.0
1662232260000,0.3002,0.3002,0.2995,0.2997,46753.0
1662232320000,0.2997,0.3,0.2997,0.2998,70655.0
1662232380000,0.2998,0.3003,0.2998,0.3003,12306.0
1662232440000,0.3003,0.3006,0.3003,0.3006,3695.0
1662232500000,0.3005,0.3005,0.3003,0.3003,4015.0
1662232560000,0.3003,0.3004,0.3001,0.3004,10267.0
1662232620000,0.3004,0.3005,0.3003,0.3003,5935.0
1662232680000,0.3003,0.3005,0.3003,0.3004,2138.0
1662232740000,0.3005,0.3005,0.3004,0.3005,3639.0
1662232800000,0.3005,0.3013,0.3005,0.3013,10696.0
1662232860000,0.3013,0.302,0.3013,0.302,5980.0
1662232920000,0.3021,0.3029,0.302,0.3027,39700.0
1662232980000,0.3027,0.3027,0.3024,0.3026,1401.0
1662233040000,0.3027,0.3027,0.3022,0.3022,6469.0
1662233100000,0.3023,0.3029,0.3023,0.3029,21998.0
1662233160000,0.3027,0.3027,0.3023,0.3026,1581.0
1662233220000,0.3026,0.3028,0.3026,0.3028,4802.0
1662233280000,0.3027,0.3027,0.3024,0.3026,2946.0
1662233340000,0.3026,0.3028,0.3026,0.3027,930.0
1662233400000,0.3028,0.3029,0.3028,0.3028,1446.0
1662233460000,0.3028,0.3032,0.3028,0.303,38671.0
1662233520000,0.3031,0.3032,0.303,0.303,5461.0
1662233580000,0.3032,0.3034,0.3028,0.3028,34955.0
1662233640000,0.3028,0.3029,0.3028,0.3028,12396.0
1662233700000,0.3029,0.3029,0.3027,0.3027,6322.0
1662233760000,0.3027,0.3029,0.3026,0.3028,6307.0
1662233820000,0.3028,0.3028,0.3028,0.3028,65.0
1662233880000,0.3027,0.3027,0.3026,0.3027,4396.0
1662233940000,0.3027,0.3029,0.3026,0.3029,464.0
1662234000000,0.3028,0.3029,0.3028,0.3029,3587.0
1662234060000,0.3027,0.3027,0.3024,0.3024,3182.0
1662234120000,0.3023,0.3023,0.3017,0.3018,100267.0
1662234180000,0.3018,0.3021,0.3018,0.3018,14332.0
1662234240000,0.3018,0.302,0.3018,0.3019,2370.0
1662234300000,0.3018,0.3018,0.3014,0.3014,6227.0
1662234360000,0.3013,0.3013,0.301,0.3011,9015.0
1662234420000,0.301,0.301,0.3009,0.301,3389.0
1662234480000,0.301,0.301,0.301,0.301,9993.0
1662234540000,0.3009,0.3009,0.3009,0.3009,2872.0
1662234600000,0.301,0.301,0.3008,0.3008,5827.0
1662234660000,0.3009,0.301,0.3009,0.301,187.0
1662234720000,0.301,0.3013,0.301,0.3013,85817.0
1662234780000,0.3013,0.3013,0.3012,0.3013,1474.0
1662234840000,0.3013,0.3013,0.3011,0.3011,1557.0
1662234900000,0.3011,0.3011,0.301,0.301,622.0
1662234960000,0.3011,0.3011,0.3011,0.3011,2823.0
1662235020000,0.3011,0.3013,0.301,0.3013,7678.0
1662235080000,0.3012,0.3012,0.3011,0.3011,1630.0
1662235140000,0.3012,0.3012,0.3011,0.3012,1615.0
1662235200000,0.3011,0.3013,0.3011,0.3012,9004.0
1662235260000,0.3011,0.3013,0.301,0.301,9822.0
1662235320000,0.301,0.3012,0.3008,0.3009,23476.0
1662235380000,0.3008,0.3008,0.3006,0.3008,22875.0
1662235440000,0.3008,0.3008,0.3006,0.3007,1679.0
1662235500000,0.3008,0.3012,0.3008,0.3012,14620.0
1662235560000,0.3012,0.3012,0.301,0.3011,10379.0
1662235620000,0.3011,0.3012,0.3011,0.3011,173.0
1662235680000,0.3011,0.3012,0.3011,0.3012,3000.0
1662235740000,0.3012,0.3012,0.3012,0.3012,1787.0
1662235800000,0.3012,0.3015,0.3012,0.3015,5160.0
1662235860000,0.3014,0.3014,0.3004,0.3004,17816.0
1662235920000,0.3005,0.3005,0.3004,0.3005,8084.0
1662235980000,0.3006,0.3006,0.3006,0.3006,1510.0
1662236040000,0.3007,0.3007,0.3007,0.3007,1416.0
1662236100000,0.3007,0.3008,0.3006,0.3006,6210.0
1662236160000,0.3006,0.3007,0.3005,0.3007,18316.0
1662236220000,0.3006,0.3011,0.3006,0.3011,7094.0
1662236280000,0.3011,0.3011,0.301,0.3011,9345.0
1662236340000,0.3011,0.3011,0.3011,0.3011,1120.0
1662236400000,0.3012,0.3012,0.301,0.3012,4504.0
1662236460000,0.301,0.3011,0.301,0.3011,1078.0
1662236520000,0.301,0.301,0.3009,0.301,1607.0
1662236580000,0.301,0.3013,0.301,0.3013,1464.0
1662236640000,0.3012,0.3012,0.3012,0.3012,612.0
1662236700000,0.3011,0.3011,0.301,0.301,21001.0
1662236760000,0.301,0.3012,0.301,0.3012,11501.0
1662236820000,0.3011,0.3012,0.3011,0.3012,1842.0
1662236880000,0.301,0.301,0.301,0.301,702.0
1662236940000,0.3011,0.3011,0.301,0.301,1050.0
1662237000000,0.3009,0.3009,0.3009,0.3009,104.0
1662237060000,0.3009,0.3009,0.3008,0.3008,1393.0
1662237120000,0.3008,0.3008,0.3005,0.3005,3192.0
1662237180000,0.3005,0.3006,0.3005,0.3005,17557.0
1662237240000,0.3004,0.3007,0.3004,0.3007,795.0
1662237300000,0.3006,0.3006,0.3005,0.3006,2337.0
1662237360000,0.3007,0.3007,0.3007,0.3007,732.0
1662237420000,0.3008,0.3008,0.3007,0.3007,4121.0
1662237480000,0.3008,0.3008,0.3007,0.3007,6118.0
1662237540000,0.3008,0.3008,0.3007,0.3007,1961.0
1662237600000,0.3008,0.3008,0.3005,0.3006,2837.0
1662237660000,0.3009,0.301,0.3008,0.3008,13262.0
1662237720000,0.3009,0.3011,0.3009,0.3009,4198.0
1662237780000,0.301,0.3011,0.301,0.3011,2323.0
1662237840000,0.301,0.3011,0.301,0.3011,2299.0
1662237900000,0.3011,0.3012,0.3011,0.3012,249.0
1662237960000,0.3011,0.3011,0.3011,0.3011,4913.0
1662238020000,0.301,0.3011,0.3008,0.301,13227.0
1662238080000,0.3009,0.3009,0.3009,0.3009,5395.0
1662238140000,0.301,0.301,0.3009,0.301,1978.0
1662238200000,0.3009,0.301,0.3008,0.3009,17753.0
1662238260000,0.301,0.301,0.301,0.301,1860.0
1662238320000,0.3011,0.3011,0.301,0.3011,2590.0
1662238380000,0.3009,0.301,0.3009,0.3009,4686.0
1662238440000,0.3009,0.301,0.3009,0.301,2024.0
1662238500000,0.301,0.3012,0.301,0.3011,15590.0
1662238560000,0.3011,0.3014,0.3011,0.3013,4079.0
1662238620000,0.3015,0.3015,0.3013,0.3014,5363.0
1662238680000,0.3014,0.3014,0.3012,0.3013,14529.0
1662238740000,0.3013,0.3013,0.3012,0.3013,3867.0
1662238800000,0.3014,0.3015,0.3013,0.3015,3354.0
1662238860000,0.3013,0.3015,0.3013,0.3015,882.0
1662238920000,0.3014,0.3014,0.3013,0.3013,2094.0
1662238980000,0.3014,0.3014,0.3013,0.3013,2181.0
1662239040000,0.3015,0.3015,0.3014,0.3015,7993.0
1662239100000,0.3015,0.3015,0.3014,0.3015,1996.0
1662239160000,0.3016,0.3016,0.3015,0.3015,6359.0
1662239220000,0.3014,0.3014,0.3012,0.3013,5774.0
1662239280000,0.3015,0.3015,0.3015,0.3015,257.0
1662239340000,0.3015,0.3015,0.3014,0.3015,6863.0
1662239400000,0.3015,0.3015,0.3014,0.3014,3486.0
1662239460000,0.3013,0.3014,0.3012,0.3014,433.0
1662239520000,0.3013,0.3014,0.3013,0.3014,8375.0
1662239580000,0.3014,0.3016,0.3014,0.3016,20528.0
1662239640000,0.3017,0.3019,0.3017,0.3018,26789.0
1662239700000,0.3018,0.3019,0.3017,0.3018,17933.0
1662239760000,0.3018,0.3019,0.3017,0.3018,14335.0
1662239820000,0.3018,0.3021,0.3017,0.3021,10222.0
1662239880000,0.302,0.3021,0.3019,0.3021,23693.0
1662239940000,0.3021,0.3021,0.302,0.302,160.0
1662240000000,0.302,0.3021,0.3019,0.302,9331.0
1662240060000,0.302,0.3021,0.3019,0.3019,7347.0
1662240120000,0.3018,0.3019,0.3018,0.3019,1651.0
1662240180000,0.302,0.302,0.3018,0.3019,12937.0
1662240240000,0.302,0.3021,0.302,0.3021,1148.0
1662240300000,0.3023,0.3023,0.3022,0.3022,7179.0
1662240360000,0.3022,0.3023,0.3021,0.3022,23760.0
1662240420000,0.3022,0.3023,0.3022,0.3022,28200.0
1662240480000,0.3024,0.3025,0.3022,0.3023,21915.0
1662240540000,0.3024,0.3025,0.3022,0.3024,8830.0
1662240600000,0.3024,0.3025,0.3023,0.3024,4678.0
1662240660000,0.3024,0.3024,0.3024,0.3024,0.0
1662240720000,0.3023,0.3024,0.3022,0.3022,1481.0
1662240780000,0.3023,0.3023,0.3023,0.3023,682.0
1662240840000,0.3024,0.3024,0.3023,0.3023,1317.0
1662240900000,0.3022,0.3024,0.3022,0.3024,176.0
1662240960000,0.3024,0.3024,0.3024,0.3024,545.0
1662241020000,0.3023,0.3024,0.3023,0.3024,380.0
1662241080000,0.3023,0.3023,0.3023,0.3023,1373.0
1662241140000,0.3024,0.3024,0.3022,0.3022,4235.0
1662241200000,0.3023,0.3024,0.3023,0.3024,496.0
1662241260000,0.3022,0.3022,0.3022,0.3022,1469.0
1662241320000,0.3022,0.3022,0.3022,0.3022,68.0
1662241380000,0.3023,0.3023,0.3023,0.3023,222.0
1662241440000,0.3023,0.3023,0.302,0.3021,4943.0
1662241500000,0.302,0.302,0.302,0.302,195.0
1662241560000,0.3021,0.3021,0.3019,0.3019,258.0
1662241620000,0.302,0.302,0.3019,0.3019,4299.0
1662241680000,0.3019,0.3021,0.3019,0.3021,276.0
1662241740000,0.3019,0.302,0.3018,0.302,11022.0
1662241800000,0.3018,0.302,0.3018,0.3018,1656.0
1662241860000,0.302,0.302,0.3018,0.3018,2035.0
1662241920000,0.3018,0.3019,0.3018,0.3019,1036.0
1662241980000,0.3018,0.3019,0.3018,0.3019,2997.0
1662242040000,0.3018,0.3018,0.3017,0.3017,9435.0
1662242100000,0.3019,0.3019,0.3019,0.3019,818.0
1662242160000,0.3019,0.3019,0.3018,0.3019,2882.0
1662242220000,0.3018,0.3018,0.3017,0.3017,2146.0
1662242280000,0.3017,0.3018,0.3017,0.3018,8165.0
1662242340000,0.3017,0.3018,0.3017,0.3018,265.0
1662242400000,0.3018,0.3018,0.3017,0.3018,1119.0
1662242460000,0.3017,0.3018,0.3017,0.3017,3598.0
1662242520000,0.3017,0.3019,0.3017,0.3019,57992.0
1662242580000,0.3019,0.3021,0.3018,0.302,22187.0
1662242640000,0.302,0.302,0.302,0.302,1012.0
1662242700000,0.302,0.302,0.3019,0.3019,363.0
1662242760000,0.302,0.3023,0.302,0.3023,3817.0
1662242820000,0.3022,0.3022,0.3022,0.3022,49.0
1662242880000,0.3021,0.3022,0.3021,0.3021,156.0
1662242940000,0.3022,0.3023,0.3021,0.3022,4264.0
1662243000000,0.3022,0.3023,0.3021,0.3023,2027.0
1662243060000,0.3023,0.3024,0.3022,0.3024,1192.0
1662243120000,0.3024,0.3024,0.3022,0.3023,953.0
1662243180000,0.3023,0.3024,0.3023,0.3023,3453.0
1662243240000,0.3025,0.3025,0.3023,0.3023,2013.0
1662243300000,0.3025,0.3025,0.3025,0.3025,137.0
1662243360000,0.3025,0.3025,0.3024,0.3025,2055.0
1662243420000,0.3025,0.3026,0.3025,0.3026,9560.0
1662243480000,0.3026,0.3027,0.3025,0.3025,1051.0
1662243540000,0.3026,0.3026,0.302,0.302,19048.0
1662243600000,0.3021,0.3021,0.3021,0.3021,2062.0
1662243660000,0.3024,0.3026,0.3024,0.3026,1602.0
1662243720000,0.3025,0.3026,0.3025,0.3026,557.0
1662243780000,0.3025,0.3026,0.3025,0.3026,2352.0
1662243840000,0.3025,0.3025,0.3024,0.3024,812.0
1662243900000,0.3024,0.3024,0.3022,0.3022,357.0
1662243960000,0.3023,0.3023,0.3022,0.3023,6012.0
1662244020000,0.3023,0.3023,0.3023,0.3023,522.0
1662244080000,0.3023,0.3023,0.3022,0.3022,2134.0
1662244140000,0.3022,0.3022,0.3021,0.3022,172.0
1662244200000,0.3022,0.3024,0.3022,0.3024,6180.0
1662244260000,0.3023,0.3024,0.3023,0.3024,1190.0
1662244320000,0.3024,0.3026,0.3024,0.3025,2768.0
1662244380000,0.3026,0.3026,0.3025,0.3026,2171.0
1662244440000,0.3025,0.3027,0.3025,0.3027,7199.0
1662244500000,0.3027,0.3027,0.3027,0.3027,432.0
1662244560000,0.3026,0.3026,0.3025,0.3025,14909.0
1662244620000,0.3025,0.3025,0.3025,0.3025,6647.0
1662244680000,0.3024,0.3024,0.3022,0.3022,2421.0
1662244740000,0.3023,0.3023,0.3022,0.3023,1095.0
1662244800000,0.3022,0.3022,0.3021,0.3022,5545.0
1662244860000,0.3021,0.3022,0.3021,0.3021,11150.0
1662244920000,0.3022,0.3022,0.3021,0.3021,5000.0
1662244980000,0.3022,0.3022,0.3022,0.3022,1255.0
1662245040000,0.3022,0.3023,0.3021,0.3021,822.0
1662245100000,0.3022,0.3022,0.3022,0.3022,207.0
1662245160000,0.3022,0.3022,0.3021,0.3022,5649.0
1662245220000,0.3021,0.3022,0.3019,0.3019,6752.0
1662245280000,0.3019,0.302,0.3019,0.302,430.0
1662245340000,0.3021,0.3022,0.3021,0.3022,1914.0
1662245400000,0.3022,0.3022,0.3021,0.3021,1160.0
1662245460000,0.3024,0.3024,0.3024,0.3024,803.0
1662245520000,0.3023,0.3023,0.3023,0.3023,54.0
1662245580000,0.3024,0.3024,0.3023,0.3024,1015.0
1662245640000,0.3024,0.3024,0.3023,0.3024,655.0
1662245700000,0.3023,0.3024,0.3023,0.3023,3083.0
1662245760000,0.3023,0.3024,0.3023,0.3024,92.0
1662245820000,0.3024,0.3024,0.3023,0.3023,2376.0
1662245880000,0.3023,0.3023,0.3022,0.3022,237.0
1662245940000,0.3023,0.3024,0.3023,0.3023,2502.0
1662246000000,0.3023,0.3024,0.3023,0.3023,2762.0
1662246060000,0.3022,0.3022,0.3022,0.3022,663.0
1662246120000,0.3022,0.3022,0.3021,0.3021,1977.0
1662246180000,0.3022,0.3022,0.3021,0.3021,1450.0
1662246240000,0.3022,0.3022,0.3021,0.3022,5512.0
1662246300000,0.3022,0.3022,0.3022,0.3022,992.0
1662246360000,0.3022,0.3022,0.3021,0.3021,153.0
1662246420000,0.3021,0.3022,0.3021,0.3022,380.0
1662246480000,0.3021,0.3022,0.3021,0.3022,201.0
1662246540000,0.3022,0.3022,0.3021,0.3022,503.0
1662246600000,0.3023,0.3023,0.3022,0.3023,1011.0
1662246660000,0.3022,0.3024,0.3022,0.3023,6420.0
1662246720000,0.3022,0.3022,0.3022,0.3022,221.0
1662246780000,0.3023,0.3024,0.3023,0.3024,5057.0
1662246840000,0.3022,0.3022,0.302,0.3022,10591.0
1662246900000,0.3022,0.3024,0.3021,0.3024,9277.0
1662246960000,0.3024,0.3024,0.3023,0.3024,4178.0
1662247020000,0.3024,0.3025,0.3023,0.3023,2372.0
1662247080000,0.3024,0.3024,0.302,0.302,6426.0
1662247140000,0.3021,0.3021,0.3021,0.3021,2464.0
1662247200000,0.3021,0.3022,0.3021,0.3022,1856.0
1662247260000,0.3021,0.3023,0.3021,0.3023,1604.0
1662247320000,0.3022,0.3023,0.3022,0.3022,5746.0
1662247380000,0.3022,0.3023,0.3022,0.3023,140.0
1662247440000,0.3023,0.3024,0.3023,0.3024,4185.0
1662247500000,0.3024,0.3024,0.3023,0.3023,1473.0
1662247560000,0.3023,0.3023,0.3023,0.3023,2092.0
1662247620000,0.3023,0.3023,0.3021,0.3021,4794.0
1662247680000,0.3022,0.3022,0.3021,0.3021,490.0
1662247740000,0.3022,0.3023,0.3021,0.3023,3799.0
1662247800000,0.3022,0.3023,0.3022,0.3022,9426.0
1662247860000,0.3022,0.3022,0.3022,0.3022,6382.0
1662247920000,0.3021,0.3021,0.3021,0.3021,199.0
1662247980000,0.302,0.302,0.3019,0.302,3908.0
1662248040000,0.3019,0.3019,0.3018,0.3019,3032.0
1662248100000,0.3019,0.3019,0.3019,0.3019,40.0
1662248160000,0.3019,0.3019,0.3018,0.3019,7249.0
1662248220000,0.3019,0.3019,0.3019,0.3019,4282.0
1662248280000,0.3019,0.3021,0.3019,0.302,31284.0
1662248340000,0.302,0.302,0.302,0.302,80.0
1662248400000,0.3022,0.3022,0.3021,0.3021,1017.0
1662248460000,0.3022,0.3023,0.3022,0.3023,720.0
1662248520000,0.3023,0.3025,0.3023,0.3024,12505.0
1662248580000,0.3024,0.3024,0.3023,0.3024,1678.0
1662248640000,0.3024,0.3024,0.3024,0.3024,100.0
1662248700000,0.3024,0.3024,0.3022,0.3022,5750.0
1662248760000,0.3021,0.3021,0.3021,0.3021,201.0
1662248820000,0.3022,0.3022,0.3022,0.3022,178.0
1662248880000,0.3022,0.3022,0.3022,0.3022,1720.0
1662248940000,0.3022,0.3022,0.3022,0.3022,3111.0
1662249000000,0.3022,0.3022,0.3021,0.3022,7242.0
1662249060000,0.3022,0.3022,0.3022,0.3022,7934.0
1662249120000,0.3022,0.3022,0.3022,0.3022,2067.0
1662249180000,0.3022,0.3022,0.3021,0.3022,13372.0
1662249240000,0.3021,0.303,0.3021,0.3029,86368.0
1662249300000,0.303,0.3032,0.303,0.3031,5330.0
1662249360000,0.303,0.303,0.303,0.303,11120.0
1662249420000,0.303,0.303,0.303,0.303,1156.0
1662249480000,0.3031,0.3033,0.3031,0.3033,11664.0
1662249540000,0.3032,0.3032,0.3032,0.3032,508.0
1662249600000,0.3032,0.3033,0.303,0.3033,24331.0
1662249660000,0.3031,0.3032,0.3031,0.3032,1248.0
1662249720000,0.3032,0.3032,0.3031,0.3032,757.0
1662249780000,0.3032,0.3035,0.3032,0.3034,19181.0
1662249840000,0.3034,0.3034,0.3033,0.3034,12764.0
1662249900000,0.3034,0.3035,0.3034,0.3034,3563.0
1662249960000,0.3035,0.3037,0.3035,0.3037,4583.0
1662250020000,0.3036,0.3037,0.3036,0.3037,1612.0
1662250080000,0.3036,0.3042,0.3036,0.304,49145.0
1662250140000,0.3039,0.3042,0.3039,0.3041,16659.0
1662250200000,0.3041,0.3044,0.3041,0.3044,18018.0
1662250260000,0.3044,0.3045,0.3043,0.3044,53056.0
1662250320000,0.3044,0.3045,0.3042,0.3042,16802.0
1662250380000,0.3042,0.3043,0.3041,0.3043,4131.0
1662250440000,0.3042,0.3042,0.3041,0.3041,473.0
1662250500000,0.3042,0.3042,0.3038,0.3039,66763.0
1662250560000,0.3039,0.3053,0.3039,0.3046,262715.0
1662250620000,0.3046,0.305,0.3039,0.3041,115604.0
1662250680000,0.3041,0.3041,0.3038,0.3041,20923.0
1662250740000,0.3041,0.3043,0.3041,0.3043,3775.0
1662250800000,0.3043,0.3047,0.3043,0.3047,15766.0
1662250860000,0.3047,0.3047,0.3045,0.3046,8133.0
1662250920000,0.3045,0.3046,0.3045,0.3046,1380.0
1662250980000,0.3045,0.3046,0.3045,0.3046,4035.0
1662251040000,0.3046,0.3048,0.3046,0.3048,8071.0
1662251100000,0.3048,0.3049,0.3048,0.3049,7163.0
1662251160000,0.3048,0.3048,0.3047,0.3047,15664.0
1662251220000,0.3048,0.3051,0.3047,0.3051,10527.0
1662251280000,0.3051,0.3051,0.3051,0.3051,9254.0
1662251340000,0.3051,0.3051,0.3049,0.3049,9421.0
1662251400000,0.305,0.305,0.3048,0.3048,8904.0
1662251460000,0.305,0.3051,0.3049,0.3049,7679.0
1662251520000,0.3049,0.305,0.3048,0.3048,24090.0
1662251580000,0.3049,0.3053,0.3049,0.3052,34726.0
1662251640000,0.3051,0.3053,0.3051,0.3053,4770.0
1662251700000,0.3053,0.3053,0.305,0.305,2518.0
1662251760000,0.305,0.305,0.3045,0.3045,5664.0
1662251820000,0.3045,0.3048,0.3044,0.3048,16133.0
1662251880000,0.3048,0.3048,0.3044,0.3044,7192.0
1662251940000,0.3045,0.3046,0.3044,0.3045,9793.0
1662252000000,0.3045,0.3046,0.3045,0.3045,2099.0
1662252060000,0.3045,0.3048,0.3044,0.3048,35562.0
1662252120000,0.3047,0.3052,0.3047,0.3052,15428.0
1662252180000,0.3051,0.3052,0.3051,0.3052,4103.0
1662252240000,0.3053,0.3055,0.3052,0.3054,25103.0
1662252300000,0.3055,0.3055,0.3053,0.3053,15756.0
1662252360000,0.3053,0.3054,0.3053,0.3054,489.0
1662252420000,0.3053,0.3053,0.3051,0.3053,26941.0
1662252480000,0.3053,0.3054,0.3053,0.3053,5353.0
1662252540000,0.3053,0.3054,0.3053,0.3054,15858.0
1662252600000,0.3053,0.3053,0.3053,0.3053,8706.0
1662252660000,0.3054,0.3055,0.3054,0.3055,3965.0
1662252720000,0.3054,0.3054,0.3054,0.3054,78.0
1662252780000,0.3054,0.3055,0.3053,0.3054,8574.0
1662252840000,0.3055,0.3056,0.3054,0.3055,34606.0
1662252900000,0.3055,0.306,0.3054,0.306,104835.0
1662252960000,0.3059,0.306,0.3057,0.3059,12467.0
1662253020000,0.306,0.3063,0.306,0.3062,13283.0
1662253080000,0.3062,0.3065,0.3062,0.3064,29263.0
1662253140000,0.3064,0.3064,0.306,0.3063,35148.0
1662253200000,0.3063,0.3067,0.3062,0.3065,52288.0
1662253260000,0.3068,0.307,0.3068,0.307,7913.0
1662253320000,0.307,0.3074,0.307,0.3073,43496.0
1662253380000,0.3074,0.3074,0.3072,0.3072,5673.0
1662253440000,0.3072,0.3072,0.3068,0.3069,12403.0
1662253500000,0.3069,0.3069,0.3068,0.3068,219.0
1662253560000,0.3069,0.3071,0.3068,0.3071,5619.0
1662253620000,0.307,0.3071,0.307,0.307,1866.0
1662253680000,0.307,0.3074,0.307,0.3072,24056.0
1662253740000,0.3074,0.3074,0.3074,0.3074,6012.0
1662253800000,0.3073,0.3078,0.307,0.3077,91914.0
1662253860000,0.3076,0.31,0.3076,0.3099,304317.0
1662253920000,0.3098,0.314,0.3098,0.3133,653680.0
1662253980000,0.3134,0.3141,0.3085,0.3098,967003.0
1662254040000,0.3098,0.3098,0.3081,0.3081,83069.0
1662254100000,0.3082,0.3084,0.3075,0.3082,111313.0
1662254160000,0.3082,0.309,0.3075,0.309,212562.0
1662254220000,0.309,0.311,0.3089,0.3107,367967.0
1662254280000,0.3106,0.3107,0.309,0.3095,449220.0
1662254340000,0.3094,0.3109,0.3093,0.3094,203303.0
1662254400000,0.3094,0.3109,0.3094,0.3099,511584.0
1662254460000,0.3097,0.3104,0.3094,0.3102,202914.0
1662254520000,0.3103,0.312,0.3099,0.311,525222.0
1662254580000,0.311,0.3115,0.3101,0.3102,290722.0
1662254640000,0.3103,0.3111,0.3098,0.3111,179222.0
1662254700000,0.3112,0.3119,0.3111,0.3118,173910.0
1662254760000,0.3118,0.3131,0.3113,0.3129,335532.0
1662254820000,0.313,0.3131,0.3116,0.3116,219824.0
1662254880000,0.3117,0.313,0.3116,0.3129,195529.0
1662254940000,0.3131,0.3131,0.3123,0.3124,159682.0
1662255000000,0.3124,0.3125,0.3119,0.312,51726.0
1662255060000,0.312,0.3128,0.3115,0.3124,211430.0
1662255120000,0.3124,0.3127,0.3123,0.3127,12538.0
1662255180000,0.3126,0.3126,0.3121,0.3124,54141.0
1662255240000,0.3124,0.3125,0.3121,0.3124,25742.0
1662255300000,0.3123,0.3126,0.3123,0.3126,52759.0
1662255360000,0.3127,0.3133,0.3127,0.3132,15855.0
1662255420000,0.3131,0.3133,0.313,0.3132,13732.0
1662255480000,0.3132,0.3133,0.3129,0.3129,101598.0
1662255540000,0.3129,0.3133,0.3128,0.3133,44167.0
1662255600000,0.3132,0.3133,0.313,0.313,29318.0
1662255660000,0.3131,0.3133,0.3131,0.3133,57629.0
1662255720000,0.3132,0.3132,0.3131,0.3132,12741.0
1662255780000,0.3132,0.3132,0.313,0.3132,24527.0
1662255840000,0.3131,0.3132,0.3125,0.3125,44821.0
1662255900000,0.3125,0.3126,0.3118,0.3118,40996.0
1662255960000,0.3118,0.3124,0.3116,0.3124,53384.0
1662256020000,0.3124,0.3129,0.3118,0.3124,141956.0
1662256080000,0.3125,0.3125,0.312,0.312,10176.0
1662256140000,0.312,0.312,0.3115,0.3117,21291.0
1662256200000,0.3117,0.3124,0.3116,0.3121,64797.0
1662256260000,0.3122,0.3132,0.3122,0.313,34183.0
1662256320000,0.3129,0.3131,0.3129,0.313,6889.0
1662256380000,0.3129,0.3135,0.3129,0.3132,34016.0
1662256440000,0.3132,0.3142,0.3132,0.3141,47246.0
1662256500000,0.3141,0.3141,0.3138,0.3141,58739.0
1662256560000,0.314,0.3144,0.314,0.3142,294280.0
1662256620000,0.3143,0.3144,0.314,0.3142,41020.0
1662256680000,0.3143,0.3144,0.3141,0.3143,38926.0
1662256740000,0.3144,0.3149,0.3143,0.3148,47243.0
1662256800000,0.3149,0.3153,0.3141,0.3143,168149.0
1662256860000,0.3143,0.3143,0.314,0.314,269754.0
1662256920000,0.314,0.3142,0.314,0.3142,277301.0
1662256980000,0.3142,0.3142,0.3133,0.3133,173715.0
1662257040000,0.3133,0.3133,0.3124,0.3126,68290.0
1662257100000,0.3125,0.3126,0.3121,0.3122,167641.0
1662257160000,0.3122,0.3135,0.3122,0.3135,72944.0
1662257220000,0.3136,0.3137,0.3129,0.313,24602.0
1662257280000,0.3131,0.3138,0.313,0.3138,45366.0
1662257340000,0.3138,0.3162,0.3138,0.315,1291241.0
1662257400000,0.3152,0.3163,0.315,0.3157,593413.0
1662257460000,0.3157,0.3159,0.315,0.315,95096.0
1662257520000,0.3149,0.3149,0.3139,0.3146,206591.0
1662257580000,0.3147,0.3157,0.3143,0.3152,472686.0
1662257640000,0.3152,0.3156,0.3146,0.3149,111958.0
1662257700000,0.3149,0.3161,0.3148,0.3155,789727.0
1662257760000,0.3154,0.3162,0.3154,0.3161,53418.0
1662257820000,0.3162,0.3169,0.3162,0.3164,122892.0
1662257880000,0.3164,0.3168,0.3161,0.3166,152409.0
1662257940000,0.3165,0.3171,0.3165,0.3166,89539.0
1662258000000,0.3166,0.3167,0.3164,0.3164,41004.0
1662258060000,0.3164,0.317,0.3163,0.3169,56558.0
1662258120000,0.3169,0.3179,0.3169,0.3175,167418.0
1662258180000,0.3175,0.3179,0.317,0.3176,90533.0
1662258240000,0.3176,0.3181,0.3173,0.3179,50926.0
1662258300000,0.3179,0.3179,0.3171,0.3171,81941.0
1662258360000,0.3172,0.3181,0.3171,0.318,80475.0
1662258420000,0.3181,0.3189,0.3181,0.3185,111793.0
1662258480000,0.3183,0.3186,0.3183,0.3186,34430.0
1662258540000,0.3185,0.3185,0.3176,0.3179,97963.0
1662258600000,0.3178,0.3178,0.3174,0.3175,42210.0
1662258660000,0.3174,0.3186,0.317,0.3186,170721.0
1662258720000,0.3186,0.319,0.3182,0.319,69649.0
1662258780000,0.319,0.319,0.3186,0.3189,69490.0
1662258840000,0.3189,0.319,0.3182,0.3184,78708.0
1662258900000,0.3182,0.3185,0.3181,0.3181,59287.0
1662258960000,0.3182,0.3183,0.3175,0.3175,67087.0
1662259020000,0.3176,0.318,0.3176,0.318,51855.0
1662259080000,0.3181,0.3184,0.3179,0.3182,26177.0
1662259140000,0.318,0.318,0.3178,0.3179,24111.0
1662259200000,0.3179,0.3181,0.3176,0.3178,62111.0
1662259260000,0.3176,0.3182,0.3175,0.3182,86165.0
1662259320000,0.3182,0.3186,0.3176,0.3182,112655.0
1662259380000,0.3183,0.3185,0.3182,0.3185,14044.0
1662259440000,0.3184,0.3186,0.3175,0.3179,36297.0
1662259500000,0.3179,0.318,0.3171,0.3172,70610.0
1662259560000,0.317,0.3175,0.3167,0.3173,102533.0
1662259620000,0.3174,0.3174,0.3171,0.3171,11850.0
1662259680000,0.3173,0.3173,0.3159,0.3159,117907.0
1662259740000,0.3161,0.317,0.3161,0.3168,42943.0
1662259800000,0.3167,0.3167,0.3161,0.3166,63271.0
1662259860000,0.3165,0.3165,0.3164,0.3164,13374.0
1662259920000,0.3164,0.3169,0.3164,0.3169,6580.0
1662259980000,0.3167,0.3169,0.3163,0.3165,39625.0
1662260040000,0.3164,0.3167,0.3164,0.3166,11611.0
1662260100000,0.3165,0.3166,0.3163,0.3163,13791.0
1662260160000,0.3163,0.3167,0.3163,0.3164,30185.0
1662260220000,0.3164,0.3164,0.3158,0.3158,110989.0
1662260280000,0.3158,0.3158,0.3149,0.3153,47455.0
1662260340000,0.3152,0.3156,0.3152,0.3156,11168.0
1662260400000,0.3156,0.3157,0.315,0.315,28612.0
1662260460000,0.3149,0.315,0.3143,0.3146,130099.0
1662260520000,0.3148,0.3149,0.3139,0.3142,81066.0
1662260580000,0.3139,0.3141,0.3139,0.314,21442.0
1662260640000,0.3142,0.3148,0.3139,0.3139,39551.0
1662260700000,0.3138,0.3139,0.3137,0.3139,15628.0
1662260760000,0.3137,0.3139,0.3134,0.3136,28000.0
1662260820000,0.3137,0.3142,0.3137,0.3141,14855.0
1662260880000,0.3142,0.3142,0.3136,0.3139,44393.0
1662260940000,0.314,0.3142,0.3139,0.3141,1830.0
1662261000000,0.3141,0.3142,0.3141,0.3141,2356.0
1662261060000,0.3141,0.3142,0.3141,0.3142,6903.0
1662261120000,0.3142,0.3144,0.3142,0.3144,5785.0
1662261180000,0.3143,0.3143,0.3138,0.3138,27222.0
1662261240000,0.3139,0.314,0.3137,0.314,17042.0
1662261300000,0.3142,0.3143,0.3142,0.3143,29540.0
1662261360000,0.3142,0.3143,0.314,0.3141,4037.0
1662261420000,0.3141,0.3142,0.314,0.3141,5649.0
1662261480000,0.314,0.3141,0.314,0.3141,4593.0
1662261540000,0.314,0.3142,0.3139,0.314,16867.0
1662261600000,0.3141,0.3142,0.3141,0.3142,3612.0
1662261660000,0.3141,0.3141,0.314,0.314,2239.0
1662261720000,0.314,0.314,0.3136,0.3137,44189.0
1662261780000,0.3137,0.3137,0.3135,0.3135,12224.0
1662261840000,0.3135,0.3135,0.3133,0.3133,11953.0
1662261900000,0.3132,0.3134,0.3131,0.3133,24671.0
1662261960000,0.3133,0.3133,0.3128,0.3129,17190.0
1662262020000,0.3128,0.313,0.3127,0.313,64239.0
1662262080000,0.3129,0.313,0.3126,0.3126,33969.0
1662262140000,0.3126,0.3126,0.3124,0.3125,38487.0
1662262200000,0.3126,0.3126,0.3124,0.3125,6863.0
1662262260000,0.3128,0.3134,0.3127,0.313,99318.0
1662262320000,0.3131,0.3132,0.313,0.3131,13039.0
1662262380000,0.3132,0.3132,0.3131,0.3131,3738.0
1662262440000,0.3132,0.3132,0.3132,0.3132,175.0
1662262500000,0.3131,0.3131,0.3131,0.3131,2819.0
1662262560000,0.313,0.3131,0.313,0.3131,274.0
1662262620000,0.3132,0.3132,0.3131,0.3131,1312.0
1662262680000,0.3131,0.3131,0.3129,0.3129,27938.0
1662262740000,0.3127,0.3127,0.3126,0.3126,7704.0
1662262800000,0.3126,0.3128,0.3126,0.3127,3655.0
1662262860000,0.3128,0.3131,0.3128,0.3129,9643.0
1662262920000,0.3128,0.3132,0.3128,0.313,7551.0
1662262980000,0.313,0.313,0.3127,0.313,24144.0
1662263040000,0.313,0.3132,0.3128,0.3131,49627.0
1662263100000,0.3131,0.3132,0.3131,0.3131,8891.0
1662263160000,0.3131,0.3131,0.313,0.313,6718.0
1662263220000,0.3129,0.3129,0.3128,0.3129,10102.0
1662263280000,0.3128,0.3128,0.3127,0.3127,1308.0
1662263340000,0.3127,0.3131,0.3127,0.3131,6505.0
1662263400000,0.3131,0.3131,0.3129,0.313,737.0
1662263460000,0.3131,0.3131,0.313,0.313,97.0
1662263520000,0.313,0.3131,0.313,0.3131,10487.0
1662263580000,0.3132,0.3134,0.3131,0.3134,7512.0
1662263640000,0.3132,0.3134,0.3132,0.3132,15144.0
1662263700000,0.3132,0.3134,0.3132,0.3134,4503.0
1662263760000,0.3135,0.3143,0.3135,0.314,53474.0
1662263820000,0.314,0.3141,0.3139,0.314,7715.0
1662263880000,0.3141,0.3143,0.3141,0.3142,18008.0
1662263940000,0.3141,0.3142,0.3141,0.3141,2655.0
1662264000000,0.3142,0.3142,0.3139,0.314,35582.0
1662264060000,0.3139,0.3139,0.3134,0.3134,19813.0
1662264120000,0.3135,0.3135,0.3134,0.3134,3417.0
1662264180000,0.3133,0.3133,0.3129,0.3132,34821.0
1662264240000,0.3134,0.3135,0.3132,0.3132,35224.0
1662264300000,0.3132,0.3134,0.3132,0.3134,1856.0
1662264360000,0.3134,0.3134,0.3128,0.3128,11953.0
1662264420000,0.3128,0.3129,0.3127,0.3129,3892.0
1662264480000,0.313,0.3134,0.313,0.3134,3779.0
1662264540000,0.3133,0.3134,0.3133,0.3134,11061.0
1662264600000,0.3134,0.3134,0.3133,0.3134,3069.0
1662264660000,0.3134,0.3134,0.313,0.313,9103.0
1662264720000,0.3131,0.3132,0.313,0.3132,3129.0
1662264780000,0.3132,0.3132,0.313,0.3131,1079.0
1662264840000,0.3131,0.3131,0.313,0.313,5579.0
1662264900000,0.313,0.3131,0.313,0.313,5731.0
1662264960000,0.313,0.3132,0.313,0.3131,13958.0
1662265020000,0.3132,0.3133,0.313,0.3132,9462.0
1662265080000,0.3133,0.3136,0.3133,0.3136,15889.0
1662265140000,0.3136,0.3136,0.3132,0.3132,24429.0
1662265200000,0.3133,0.3133,0.313,0.313,10996.0
1662265260000,0.3129,0.313,0.3127,0.3127,18117.0
1662265320000,0.3126,0.3127,0.3123,0.3123,14347.0
1662265380000,0.3124,0.3126,0.3123,0.3125,11947.0
1662265440000,0.3124,0.3124,0.3118,0.3118,27523.0
1662265500000,0.3119,0.312,0.3117,0.3119,28690.0
1662265560000,0.312,0.3121,0.3119,0.3119,9884.0
1662265620000,0.3118,0.3119,0.3117,0.3117,7371.0
1662265680000,0.3116,0.3118,0.3116,0.3117,7730.0
1662265740000,0.3117,0.3117,0.3115,0.3116,5367.0
1662265800000,0.3115,0.3117,0.3115,0.3115,6948.0
1662265860000,0.3115,0.3115,0.3111,0.3112,15589.0
1662265920000,0.311,0.3117,0.311,0.3116,27401.0
1662265980000,0.3116,0.3116,0.3111,0.3112,18281.0
1662266040000,0.3113,0.3113,0.3111,0.3113,3488.0
1662266100000,0.3113,0.3114,0.3111,0.3111,9281.0
1662266160000,0.3112,0.3112,0.3111,0.3111,4265.0
1662266220000,0.3111,0.3115,0.3111,0.3114,16262.0
1662266280000,0.3114,0.3114,0.3112,0.3112,2328.0
1662266340000,0.3114,0.3114,0.3111,0.3113,3832.0
1662266400000,0.3112,0.3112,0.3112,0.3112,88.0
1662266460000,0.3114,0.3114,0.3111,0.3111,6235.0
1662266520000,0.311,0.311,0.3106,0.3106,12989.0
1662266580000,0.3105,0.3106,0.3103,0.3104,7234.0
1662266640000,0.3103,0.3106,0.31,0.3106,50185.0
1662266700000,0.3108,0.311,0.3108,0.311,2088.0
1662266760000,0.3109,0.3109,0.3105,0.3106,8327.0
1662266820000,0.3106,0.3106,0.3105,0.3106,4834.0
1662266880000,0.3107,0.3107,0.3107,0.3107,482.0
1662266940000,0.3106,0.3107,0.3104,0.3104,7194.0
1662267000000,0.3104,0.3104,0.3101,0.3102,49958.0
1662267060000,0.3102,0.3102,0.31,0.3101,599.0
1662267120000,0.3101,0.3101,0.31,0.3101,16156.0
1662267180000,0.3102,0.3102,0.31,0.31,1563.0
1662267240000,0.3102,0.3103,0.3102,0.3102,7934.0
1662267300000,0.3103,0.3104,0.3103,0.3103,6228.0
1662267360000,0.3105,0.3105,0.31,0.31,23270.0
1662267420000,0.31,0.3102,0.31,0.3102,9820.0
1662267480000,0.3102,0.3102,0.3101,0.3101,381.0
1662267540000,0.3101,0.3101,0.3101,0.3101,0.0
1662267600000,0.3101,0.3108,0.31,0.3108,24019.0
1662267660000,0.3107,0.3107,0.3106,0.3107,29129.0
1662267720000,0.3106,0.3107,0.3106,0.3107,5156.0
1662267780000,0.3108,0.311,0.3108,0.311,10779.0
1662267840000,0.3111,0.3114,0.311,0.3113,10677.0
1662267900000,0.3114,0.3121,0.3114,0.3121,26452.0
1662267960000,0.3121,0.3122,0.311,0.3114,164284.0
1662268020000,0.3112,0.3112,0.3109,0.3111,23613.0
1662268080000,0.3111,0.3112,0.311,0.3111,7643.0
1662268140000,0.3112,0.3114,0.3112,0.3114,4057.0
1662268200000,0.3113,0.3113,0.3111,0.3111,17364.0
1662268260000,0.311,0.311,0.3106,0.3106,14882.0
1662268320000,0.3106,0.3107,0.3105,0.3107,1281.0
1662268380000,0.3107,0.3107,0.3107,0.3107,1032.0
1662268440000,0.3106,0.3106,0.3106,0.3106,4171.0
1662268500000,0.3106,0.3107,0.3106,0.3107,3439.0
1662268560000,0.3107,0.3107,0.3106,0.3107,4028.0
1662268620000,0.3107,0.3107,0.3104,0.3106,5692.0
1662268680000,0.3106,0.3106,0.3106,0.3106,189.0
1662268740000,0.3105,0.3106,0.3104,0.3104,4601.0
1662268800000,0.3104,0.3104,0.3101,0.3101,18680.0
1662268860000,0.3102,0.3103,0.3102,0.3102,10621.0
1662268920000,0.3103,0.3105,0.3102,0.3104,3822.0
1662268980000,0.3104,0.3104,0.3102,0.3103,6384.0
1662269040000,0.3103,0.3105,0.3103,0.3105,11313.0
1662269100000,0.3105,0.3105,0.3103,0.3104,728.0
1662269160000,0.3104,0.3104,0.3101,0.3102,11160.0
1662269220000,0.3102,0.3103,0.3101,0.3103,2549.0
1662269280000,0.3103,0.3103,0.3103,0.3103,436.0
1662269340000,0.3103,0.3103,0.3103,0.3103,295.0
1662269400000,0.3103,0.3103,0.3103,0.3103,440.0
1662269460000,0.3102,0.3102,0.3102,0.3102,1796.0
1662269520000,0.3103,0.3103,0.3102,0.3102,1097.0
1662269580000,0.3103,0.3105,0.3103,0.3104,5485.0
1662269640000,0.3104,0.3105,0.3103,0.3104,14712.0
1662269700000,0.3105,0.3105,0.3104,0.3105,3885.0
1662269760000,0.3105,0.3109,0.3105,0.3108,34693.0
1662269820000,0.3108,0.3109,0.3107,0.3108,7557.0
1662269880000,0.3108,0.3109,0.3108,0.3109,448.0
1662269940000,0.3108,0.3109,0.3107,0.3109,1140.0
1662270000000,0.3107,0.3107,0.3106,0.3106,4145.0
1662270060000,0.3106,0.3106,0.3103,0.3104,2671.0
1662270120000,0.3104,0.3105,0.3104,0.3105,1607.0
1662270180000,0.3105,0.3107,0.3105,0.3107,6795.0
1662270240000,0.3107,0.3107,0.3107,0.3107,1463.0
1662270300000,0.3107,0.3108,0.3107,0.3107,1113.0
1662270360000,0.3108,0.3108,0.3108,0.3108,8661.0
1662270420000,0.3109,0.3109,0.3106,0.3106,4307.0
1662270480000,0.3107,0.3107,0.3104,0.3105,22903.0
1662270540000,0.3105,0.3106,0.3104,0.3106,1261.0
1662270600000,0.3106,0.3106,0.3105,0.3105,1083.0
1662270660000,0.3105,0.3107,0.3105,0.3106,7826.0
1662270720000,0.3107,0.3107,0.3106,0.3107,1162.0
1662270780000,0.3107,0.3107,0.3107,0.3107,0.0
1662270840000,0.3107,0.3107,0.3106,0.3106,3062.0
1662270900000,0.3106,0.3106,0.3104,0.3104,167.0
1662270960000,0.3105,0.3105,0.3104,0.3104,9616.0
1662271020000,0.3104,0.3104,0.3104,0.3104,193.0
1662271080000,0.3104,0.3104,0.3104,0.3104,4506.0
1662271140000,0.3105,0.3105,0.3104,0.3104,1625.0
1662271200000,0.3105,0.3111,0.3104,0.3111,74793.0
1662271260000,0.3112,0.3113,0.311,0.3111,8829.0
1662271320000,0.3111,0.3113,0.3111,0.3111,3372.0
1662271380000,0.3111,0.3116,0.3111,0.3115,20965.0
1662271440000,0.3115,0.3116,0.3114,0.3114,56102.0
1662271500000,0.3114,0.3114,0.3111,0.3112,15797.0
1662271560000,0.3111,0.3112,0.3111,0.3112,1823.0
1662271620000,0.3111,0.3114,0.3111,0.3114,9293.0
1662271680000,0.3114,0.3114,0.3113,0.3113,2352.0
1662271740000,0.3113,0.3114,0.3113,0.3114,252.0
1662271800000,0.3114,0.3114,0.3114,0.3114,280.0
1662271860000,0.3114,0.3115,0.3113,0.3113,2995.0
1662271920000,0.3114,0.3115,0.3114,0.3115,1475.0
1662271980000,0.3114,0.3116,0.3114,0.3116,3245.0
1662272040000,0.3117,0.3117,0.3116,0.3117,3471.0
1662272100000,0.3116,0.3117,0.3115,0.3116,54499.0
1662272160000,0.3116,0.3116,0.3113,0.3114,4237.0
1662272220000,0.3114,0.3118,0.3114,0.3118,5223.0
1662272280000,0.3117,0.3121,0.3117,0.3118,57922.0
1662272340000,0.3119,0.3121,0.3119,0.3121,6467.0
1662272400000,0.312,0.312,0.3117,0.3117,21334.0
1662272460000,0.3115,0.3116,0.3112,0.3112,25209.0
1662272520000,0.3112,0.3112,0.3112,0.3112,9396.0
1662272580000,0.3114,0.3114,0.3114,0.3114,921.0
1662272640000,0.3114,0.3115,0.3114,0.3114,463.0
1662272700000,0.3112,0.3112,0.311,0.3111,8435.0
1662272760000,0.3111,0.3111,0.3109,0.311,23927.0
1662272820000,0.311,0.311,0.311,0.311,1860.0
1662272880000,0.311,0.311,0.3109,0.3109,359.0
1662272940000,0.311,0.3111,0.3108,0.311,30877.0
1662273000000,0.311,0.311,0.3109,0.3109,21651.0
1662273060000,0.3109,0.311,0.3109,0.311,2756.0
1662273120000,0.311,0.3111,0.3104,0.3104,35344.0
1662273180000,0.3103,0.3104,0.3103,0.3104,10644.0
1662273240000,0.3102,0.3102,0.3101,0.3102,8228.0
1662273300000,0.3102,0.3102,0.3097,0.3097,13263.0
1662273360000,0.3097,0.3097,0.3095,0.3096,3416.0
1662273420000,0.3095,0.3095,0.3091,0.3092,12599.0
1662273480000,0.3091,0.3095,0.3089,0.3094,23454.0
1662273540000,0.3094,0.3095,0.3091,0.3091,13853.0
1662273600000,0.3092,0.3092,0.3087,0.3089,28544.0
1662273660000,0.3089,0.3089,0.3086,0.3089,21127.0
1662273720000,0.3091,0.3094,0.3091,0.3094,5510.0
1662273780000,0.3094,0.3094,0.3093,0.3093,332.0
1662273840000,0.3093,0.3093,0.3091,0.3092,27507.0
1662273900000,0.3091,0.3092,0.309,0.309,4537.0
1662273960000,0.309,0.309,0.3086,0.309,14340.0
1662274020000,0.309,0.309,0.3089,0.3089,6533.0
1662274080000,0.3088,0.3088,0.3088,0.3088,904.0
1662274140000,0.3089,0.3089,0.3084,0.3085,30513.0
1662274200000,0.3085,0.3087,0.3085,0.3087,1772.0
1662274260000,0.3086,0.3086,0.3084,0.3084,2038.0
1662274320000,0.3085,0.3089,0.3085,0.3087,13714.0
1662274380000,0.3089,0.309,0.3088,0.309,657.0
1662274440000,0.3089,0.309,0.3089,0.3089,1534.0
1662274500000,0.3089,0.309,0.3089,0.3089,1376.0
1662274560000,0.3089,0.3089,0.3088,0.3089,15184.0
1662274620000,0.3088,0.3092,0.3088,0.3091,22690.0
1662274680000,0.3092,0.3093,0.3092,0.3092,16330.0
1662274740000,0.3093,0.3093,0.3091,0.3093,7052.0
1662274800000,0.3092,0.3093,0.3091,0.3093,6514.0
1662274860000,0.3093,0.3093,0.3091,0.3093,8927.0
1662274920000,0.3093,0.3094,0.3092,0.3093,7864.0
1662274980000,0.3093,0.3094,0.3093,0.3094,1087.0
1662275040000,0.3094,0.3094,0.3094,0.3094,5742.0
1662275100000,0.3096,0.3097,0.3096,0.3097,2372.0
1662275160000,0.3097,0.3099,0.3097,0.3099,3930.0
1662275220000,0.3099,0.31,0.3098,0.31,2946.0
1662275280000,0.31,0.31,0.3096,0.3097,11197.0
1662275340000,0.3098,0.3099,0.3098,0.3099,1680.0
1662275400000,0.3099,0.31,0.3099,0.31,2946.0
1662275460000,0.31,0.3101,0.3099,0.31,8304.0
1662275520000,0.3099,0.3099,0.3097,0.3098,1331.0
1662275580000,0.3098,0.3098,0.3096,0.3098,13114.0
1662275640000,0.3097,0.3098,0.3097,0.3098,179.0
1662275700000,0.3097,0.3097,0.3094,0.3095,23229.0
1662275760000,0.3095,0.3097,0.3094,0.3097,14231.0
1662275820000,0.3097,0.3097,0.3096,0.3097,5305.0
1662275880000,0.3096,0.3101,0.3096,0.3101,12194.0
1662275940000,0.3101,0.3101,0.3099,0.3099,4845.0
1662276000000,0.31,0.3101,0.31,0.3101,6535.0
1662276060000,0.3102,0.3103,0.3102,0.3103,627.0
1662276120000,0.3103,0.3105,0.3103,0.3105,22188.0
1662276180000,0.3105,0.3105,0.3104,0.3105,4637.0
1662276240000,0.3105,0.3109,0.3105,0.3109,33555.0
1662276300000,0.3109,0.3111,0.3109,0.3111,24840.0
1662276360000,0.311,0.3116,0.3106,0.3115,85917.0
1662276420000,0.3117,0.312,0.3113,0.3114,75843.0
1662276480000,0.3114,0.3116,0.3114,0.3115,10904.0
1662276540000,0.3114,0.3115,0.3114,0.3115,4736.0
1662276600000,0.3116,0.3117,0.3113,0.3113,34735.0
1662276660000,0.3114,0.3114,0.311,0.311,16146.0
1662276720000,0.3111,0.3112,0.3109,0.3109,12973.0
1662276780000,0.311,0.311,0.3109,0.3109,654.0
1662276840000,0.3109,0.3109,0.3107,0.3109,30041.0
1662276900000,0.3108,0.3109,0.3108,0.3109,2152.0
1662276960000,0.3109,0.3109,0.3108,0.3109,2160.0
1662277020000,0.3108,0.3108,0.3107,0.3108,1408.0
1662277080000,0.3108,0.3109,0.3104,0.3105,45975.0
1662277140000,0.3105,0.3106,0.3105,0.3106,2448.0
1662277200000,0.3105,0.3105,0.3105,0.3105,3121.0
1662277260000,0.3105,0.311,0.3105,0.311,26169.0
1662277320000,0.311,0.311,0.3103,0.3107,74284.0
1662277380000,0.3106,0.3106,0.3104,0.3104,390.0
1662277440000,0.3105,0.3105,0.3104,0.3104,7609.0
1662277500000,0.3104,0.3104,0.3101,0.3102,11784.0
1662277560000,0.3103,0.3103,0.31,0.3101,2660.0
1662277620000,0.31,0.31,0.3099,0.3099,3068.0
1662277680000,0.3098,0.3099,0.3097,0.3098,21623.0
1662277740000,0.3097,0.3098,0.3097,0.3098,761.0
1662277800000,0.3098,0.3101,0.3098,0.3101,10863.0
1662277860000,0.31,0.31,0.3097,0.3097,14037.0
1662277920000,0.3097,0.3097,0.3097,0.3097,58.0
1662277980000,0.3097,0.3097,0.3096,0.3096,3277.0
1662278040000,0.3096,0.3098,0.3096,0.3098,3198.0
1662278100000,0.3097,0.3097,0.3097,0.3097,6024.0
1662278160000,0.3096,0.3096,0.3095,0.3096,4841.0
1662278220000,0.3096,0.3096,0.3093,0.3093,32962.0
1662278280000,0.3092,0.3092,0.3085,0.3086,58413.0
1662278340000,0.3086,0.3087,0.3084,0.3084,11828.0
1662278400000,0.3083,0.3083,0.3076,0.3078,27116.0
1662278460000,0.308,0.3081,0.3077,0.3077,25995.0
1662278520000,0.3075,0.3075,0.3069,0.3071,55375.0
1662278580000,0.3072,0.3073,0.3071,0.3072,77841.0
1662278640000,0.307,0.3075,0.307,0.3075,11227.0
1662278700000,0.3076,0.3081,0.3076,0.3079,30404.0
1662278760000,0.308,0.308,0.3076,0.3076,8865.0
1662278820000,0.3079,0.308,0.3079,0.3079,430.0
1662278880000,0.3078,0.3082,0.3078,0.3081,1272.0
1662278940000,0.3082,0.3087,0.3082,0.3086,21876.0
1662279000000,0.3085,0.3087,0.3081,0.3081,15757.0
1662279060000,0.3082,0.3082,0.308,0.308,7126.0
1662279120000,0.308,0.308,0.3079,0.3079,3746.0
1662279180000,0.3082,0.3082,0.3081,0.3081,972.0
1662279240000,0.3082,0.3084,0.3082,0.3084,13690.0
1662279300000,0.3083,0.3083,0.3081,0.3081,13200.0
1662279360000,0.3082,0.3082,0.308,0.308,11162.0
1662279420000,0.3081,0.3084,0.3079,0.3084,22483.0
1662279480000,0.3084,0.309,0.3083,0.3087,85361.0
1662279540000,0.3088,0.3088,0.3085,0.3085,15598.0
1662279600000,0.3085,0.3087,0.3085,0.3085,3931.0
1662279660000,0.3085,0.3086,0.3085,0.3086,159.0
1662279720000,0.3086,0.3087,0.3086,0.3086,2274.0
1662279780000,0.3087,0.3087,0.3083,0.3084,54172.0
1662279840000,0.3084,0.3084,0.3084,0.3084,2478.0
1662279900000,0.3083,0.3083,0.3082,0.3082,8128.0
1662279960000,0.3084,0.3084,0.3081,0.3081,9219.0
1662280020000,0.3082,0.3084,0.3082,0.3082,13848.0
1662280080000,0.3083,0.3083,0.308,0.308,22029.0
1662280140000,0.3082,0.3083,0.3082,0.3083,3092.0
1662280200000,0.3083,0.3083,0.3081,0.3081,4377.0
1662280260000,0.308,0.3081,0.308,0.308,3131.0
1662280320000,0.308,0.3081,0.308,0.308,2114.0
1662280380000,0.3081,0.3081,0.3079,0.3079,22417.0
1662280440000,0.3081,0.3082,0.308,0.3081,23180.0
1662280500000,0.3081,0.3081,0.3079,0.3079,3845.0
1662280560000,0.308,0.3085,0.3079,0.3084,35265.0
1662280620000,0.3085,0.3086,0.3085,0.3086,12051.0
1662280680000,0.3086,0.3089,0.3086,0.3087,65543.0
1662280740000,0.3086,0.3088,0.3086,0.3088,21245.0
1662280800000,0.3088,0.3088,0.3087,0.3088,8877.0
1662280860000,0.3087,0.3087,0.3085,0.3085,14426.0
1662280920000,0.3085,0.3087,0.3085,0.3087,2559.0
1662280980000,0.3087,0.3089,0.3087,0.3089,17766.0
1662281040000,0.3088,0.3088,0.3087,0.3088,4346.0
1662281100000,0.3089,0.3089,0.3088,0.3089,2926.0
1662281160000,0.309,0.309,0.3089,0.3089,960.0
1662281220000,0.3088,0.3089,0.3087,0.3089,10075.0
1662281280000,0.3088,0.3089,0.3088,0.3089,11135.0
1662281340000,0.3087,0.3089,0.3087,0.3089,6669.0
1662281400000,0.3088,0.3089,0.3088,0.3089,419.0
1662281460000,0.3088,0.3088,0.3085,0.3085,9688.0
1662281520000,0.3085,0.3086,0.3085,0.3086,6526.0
1662281580000,0.3087,0.3087,0.3086,0.3086,5052.0
1662281640000,0.3087,0.3088,0.3085,0.3085,20832.0
1662281700000,0.3086,0.3086,0.3086,0.3086,35.0
1662281760000,0.3086,0.3087,0.3086,0.3086,8302.0
1662281820000,0.3086,0.3087,0.3086,0.3086,724.0
1662281880000,0.3086,0.3086,0.3085,0.3085,4640.0
1662281940000,0.3084,0.3085,0.3084,0.3085,860.0
1662282000000,0.3086,0.3087,0.3085,0.3086,9827.0
1662282060000,0.3085,0.3088,0.3085,0.3087,1836.0
1662282120000,0.3088,0.3093,0.3088,0.3093,17267.0
1662282180000,0.3093,0.3095,0.3093,0.3095,18972.0
1662282240000,0.3096,0.3097,0.3095,0.3095,4119.0
1662282300000,0.3097,0.3097,0.3096,0.3097,14590.0
1662282360000,0.3097,0.3098,0.3096,0.3097,11734.0
1662282420000,0.3097,0.31,0.3097,0.31,17823.0
1662282480000,0.3101,0.3101,0.31,0.3101,26945.0
1662282540000,0.31,0.3101,0.31,0.31,4473.0
1662282600000,0.3101,0.3102,0.31,0.3101,7271.0
1662282660000,0.3101,0.3102,0.31,0.3101,15598.0
1662282720000,0.31,0.3101,0.3099,0.31,9578.0
1662282780000,0.31,0.31,0.31,0.31,1518.0
1662282840000,0.31,0.31,0.3099,0.3099,1167.0
1662282900000,0.3098,0.31,0.3098,0.3099,23548.0
1662282960000,0.3098,0.3099,0.3097,0.3098,27051.0
1662283020000,0.3098,0.3098,0.3097,0.3098,6522.0
1662283080000,0.3098,0.31,0.3097,0.31,13764.0
1662283140000,0.31,0.31,0.3097,0.3097,1565.0
1662283200000,0.3097,0.3097,0.3094,0.3094,28647.0
1662283260000,0.3095,0.3095,0.3094,0.3094,3664.0
1662283320000,0.3094,0.3094,0.3092,0.3092,5895.0
1662283380000,0.3094,0.3094,0.3091,0.3092,6912.0
1662283440000,0.3093,0.3094,0.3093,0.3094,4860.0
1662283500000,0.3093,0.3094,0.3093,0.3093,743.0
1662283560000,0.3094,0.3094,0.3093,0.3093,825.0
1662283620000,0.3093,0.3094,0.3093,0.3094,632.0
1662283680000,0.3093,0.3094,0.3093,0.3093,2024.0
1662283740000,0.3094,0.3094,0.3094,0.3094,6259.0
1662283800000,0.3094,0.3097,0.3094,0.3097,15907.0
1662283860000,0.3098,0.3099,0.3098,0.3098,13562.0
1662283920000,0.3098,0.3098,0.3097,0.3098,4187.0
1662283980000,0.3097,0.3097,0.3097,0.3097,3125.0
1662284040000,0.3097,0.3098,0.3096,0.3098,11979.0
1662284100000,0.3098,0.31,0.3098,0.3098,9373.0
1662284160000,0.3098,0.31,0.3098,0.3098,6502.0
1662284220000,0.3098,0.3099,0.3098,0.3099,1920.0
1662284280000,0.31,0.3101,0.31,0.3101,4583.0
1662284340000,0.3102,0.3104,0.3102,0.3103,19905.0
1662284400000,0.3103,0.3105,0.3103,0.3103,5223.0
1662284460000,0.3103,0.3104,0.3102,0.3104,16099.0
1662284520000,0.3104,0.3105,0.3104,0.3105,11828.0
1662284580000,0.3105,0.3105,0.3104,0.3104,1589.0
1662284640000,0.3105,0.3106,0.3104,0.3105,8594.0
1662284700000,0.3106,0.3106,0.3106,0.3106,602.0
1662284760000,0.3106,0.3106,0.3104,0.3104,3128.0
1662284820000,0.3105,0.3106,0.3105,0.3106,15845.0
1662284880000,0.3106,0.3106,0.3105,0.3105,4476.0
1662284940000,0.3105,0.3105,0.3105,0.3105,2045.0
1662285000000,0.3105,0.3105,0.3103,0.3103,4616.0
1662285060000,0.3103,0.3103,0.31,0.31,18770.0
1662285120000,0.31,0.3104,0.31,0.3104,13074.0
1662285180000,0.3103,0.3104,0.3103,0.3103,2730.0
1662285240000,0.3103,0.3103,0.3102,0.3103,1649.0
1662285300000,0.3103,0.3103,0.3101,0.3102,15611.0
1662285360000,0.3101,0.3102,0.31,0.3101,13221.0
1662285420000,0.31,0.31,0.3099,0.3099,13943.0
1662285480000,0.31,0.3101,0.31,0.31,5589.0
1662285540000,0.31,0.31,0.3098,0.3098,3296.0
1662285600000,0.3099,0.3101,0.3098,0.3101,948.0
1662285660000,0.3103,0.3103,0.3102,0.3103,12929.0
1662285720000,0.3103,0.3103,0.3102,0.3103,5973.0
1662285780000,0.3103,0.3104,0.3102,0.3103,6118.0
1662285840000,0.3103,0.3104,0.3103,0.3104,451.0
1662285900000,0.3103,0.3104,0.3103,0.3103,4724.0
1662285960000,0.3103,0.3105,0.3103,0.3104,9246.0
1662286020000,0.3104,0.3105,0.3104,0.3104,8095.0
1662286080000,0.3105,0.3105,0.3103,0.3103,7050.0
1662286140000,0.3102,0.3103,0.3102,0.3103,793.0
1662286200000,0.3102,0.3103,0.3101,0.3103,11173.0
1662286260000,0.3103,0.3104,0.3102,0.3103,9633.0
1662286320000,0.3103,0.3104,0.3102,0.3104,9497.0
1662286380000,0.3103,0.3104,0.3103,0.3103,2216.0
1662286440000,0.3103,0.3103,0.31,0.31,5936.0
1662286500000,0.31,0.3101,0.31,0.31,10010.0
1662286560000,0.3101,0.3101,0.3094,0.3095,6499.0
1662286620000,0.3095,0.3096,0.3093,0.3096,22313.0
1662286680000,0.3096,0.3096,0.3095,0.3096,2264.0
1662286740000,0.3096,0.3096,0.3096,0.3096,1711.0
1662286800000,0.3096,0.3096,0.3095,0.3096,2810.0
1662286860000,0.3096,0.3096,0.3095,0.3096,4590.0
1662286920000,0.3095,0.3096,0.3095,0.3096,4245.0
1662286980000,0.3096,0.3097,0.3096,0.3097,8177.0
1662287040000,0.3098,0.3099,0.3098,0.3099,8581.0
1662287100000,0.31,0.31,0.3099,0.3099,5661.0
1662287160000,0.3099,0.3099,0.3097,0.3098,10915.0
1662287220000,0.3098,0.3098,0.3098,0.3098,1907.0
1662287280000,0.3098,0.3098,0.3098,0.3098,2943.0
1662287340000,0.3098,0.3098,0.3098,0.3098,3455.0
1662287400000,0.3099,0.3099,0.3096,0.3096,10893.0
1662287460000,0.3097,0.3098,0.3096,0.3098,988.0
1662287520000,0.3098,0.3098,0.3095,0.3096,6266.0
1662287580000,0.3095,0.3096,0.3095,0.3095,3167.0
1662287640000,0.3096,0.3097,0.3096,0.3097,2571.0
1662287700000,0.3097,0.3097,0.3097,0.3097,4800.0
1662287760000,0.3096,0.3097,0.3096,0.3096,719.0
1662287820000,0.3096,0.3097,0.3096,0.3097,652.0
1662287880000,0.3098,0.3098,0.3097,0.3098,3847.0
1662287940000,0.3098,0.3098,0.3098,0.3098,223.0
1662288000000,0.3098,0.3098,0.3097,0.3097,5021.0
1662288060000,0.3097,0.3097,0.3097,0.3097,2393.0
1662288120000,0.3097,0.3097,0.3097,0.3097,2233.0
1662288180000,0.3097,0.3098,0.3097,0.3098,662.0
1662288240000,0.3097,0.3097,0.3097,0.3097,219.0
1662288300000,0.3098,0.3099,0.3098,0.3099,5407.0
1662288360000,0.3098,0.3099,0.3098,0.3098,1013.0
1662288420000,0.3098,0.3098,0.3098,0.3098,0.0
1662288480000,0.3099,0.31,0.3099,0.31,28731.0
1662288540000,0.31,0.3101,0.31,0.3101,1073.0
1662288600000,0.3101,0.3101,0.3098,0.3098,6377.0
1662288660000,0.3099,0.3099,0.3099,0.3099,776.0
1662288720000,0.3099,0.3099,0.3098,0.3099,1445.0
1662288780000,0.3098,0.3099,0.3098,0.3098,5860.0
1662288840000,0.3098,0.3098,0.3096,0.3096,10419.0
1662288900000,0.3098,0.3099,0.3097,0.3097,12230.0
1662288960000,0.3097,0.3097,0.3097,0.3097,1640.0
1662289020000,0.3096,0.3097,0.3096,0.3097,14254.0
1662289080000,0.3098,0.3099,0.3098,0.3098,13700.0
1662289140000,0.3099,0.31,0.3099,0.31,3761.0
1662289200000,0.3099,0.31,0.3099,0.3099,3733.0
1662289260000,0.3099,0.3099,0.3098,0.3098,1485.0
1662289320000,0.3099,0.31,0.3099,0.3099,800.0
1662289380000,0.3099,0.3099,0.3099,0.3099,16276.0
1662289440000,0.3099,0.3099,0.3099,0.3099,116.0
1662289500000,0.3099,0.3099,0.3098,0.3098,5005.0
1662289560000,0.3098,0.3099,0.3098,0.3099,5004.0
1662289620000,0.3099,0.3099,0.3099,0.3099,2387.0
1662289680000,0.3099,0.3099,0.3098,0.3098,9557.0
1662289740000,0.3099,0.31,0.3098,0.31,4755.0
1662289800000,0.3099,0.31,0.3099,0.31,501.0
1662289860000,0.3099,0.31,0.3099,0.3099,2332.0
1662289920000,0.31,0.31,0.3099,0.31,4566.0
1662289980000,0.31,0.31,0.3099,0.31,1800.0
1662290040000,0.31,0.31,0.3097,0.3097,24249.0
1662290100000,0.3098,0.3098,0.3097,0.3098,3025.0
1662290160000,0.3098,0.3098,0.3095,0.3096,8216.0
1662290220000,0.3096,0.3097,0.3095,0.3097,14226.0
1662290280000,0.3097,0.3097,0.3095,0.3096,2823.0
1662290340000,0.3096,0.3096,0.3094,0.3094,17452.0
1662290400000,0.3094,0.3095,0.3094,0.3095,13784.0
1662290460000,0.3095,0.3098,0.3095,0.3098,5859.0
1662290520000,0.31,0.3101,0.31,0.3101,6912.0
1662290580000,0.3101,0.3102,0.31,0.3102,4622.0
1662290640000,0.3102,0.3105,0.3102,0.3105,2806.0
1662290700000,0.3104,0.3107,0.3104,0.3107,9986.0
1662290760000,0.3107,0.3114,0.3107,0.3113,58686.0
1662290820000,0.3113,0.3113,0.3111,0.3111,57713.0
1662290880000,0.3112,0.3116,0.3112,0.3116,38573.0
1662290940000,0.3116,0.3122,0.3116,0.312,25722.0
1662291000000,0.312,0.3121,0.3111,0.3112,35856.0
1662291060000,0.3111,0.3111,0.3108,0.3108,5883.0
1662291120000,0.3108,0.3108,0.3106,0.3108,5220.0
1662291180000,0.3108,0.3108,0.3106,0.3107,7809.0
1662291240000,0.3107,0.3111,0.3107,0.3111,10132.0
1662291300000,0.3111,0.3112,0.3111,0.3111,6107.0
1662291360000,0.3112,0.3113,0.3111,0.3113,6493.0
1662291420000,0.3113,0.3117,0.3113,0.3117,11873.0
1662291480000,0.3118,0.3119,0.3117,0.3117,17239.0
1662291540000,0.3118,0.3119,0.3117,0.3117,23088.0
1662291600000,0.3117,0.3118,0.3117,0.3117,8392.0
1662291660000,0.3118,0.3122,0.3118,0.3121,22221.0
1662291720000,0.3121,0.3121,0.3119,0.3121,35294.0
1662291780000,0.312,0.3122,0.3119,0.3122,11238.0
1662291840000,0.3121,0.3123,0.3121,0.3122,12889.0
1662291900000,0.3123,0.3126,0.3123,0.3125,11890.0
1662291960000,0.3125,0.3137,0.3124,0.313,83378.0
1662292020000,0.3131,0.3133,0.3129,0.3133,13388.0
1662292080000,0.3132,0.3132,0.3123,0.3125,65340.0
1662292140000,0.3125,0.3125,0.3122,0.3122,40529.0
1662292200000,0.3124,0.3124,0.3122,0.3122,3973.0
1662292260000,0.3123,0.3125,0.3122,0.3122,30241.0
1662292320000,0.3123,0.3123,0.312,0.3121,16915.0
1662292380000,0.3122,0.3125,0.3122,0.3123,21586.0
1662292440000,0.3122,0.3123,0.3122,0.3123,1625.0
1662292500000,0.3124,0.3124,0.3124,0.3124,10268.0
1662292560000,0.3124,0.313,0.3123,0.313,21762.0
1662292620000,0.3131,0.3132,0.3131,0.3131,16518.0
1662292680000,0.313,0.3132,0.313,0.313,8803.0
1662292740000,0.3132,0.3136,0.3129,0.3136,82285.0
1662292800000,0.3136,0.315,0.3136,0.3141,166287.0
1662292860000,0.3141,0.3149,0.3139,0.3147,32564.0
1662292920000,0.3147,0.3152,0.3141,0.3141,81643.0
1662292980000,0.3141,0.3141,0.3133,0.3137,53364.0
1662293040000,0.3137,0.3138,0.3128,0.313,54283.0
1662293100000,0.313,0.313,0.3126,0.3126,31872.0
1662293160000,0.3125,0.3125,0.3118,0.3121,46765.0
1662293220000,0.3121,0.3124,0.3119,0.3123,30981.0
1662293280000,0.3123,0.3123,0.3121,0.3121,9609.0
1662293340000,0.312,0.312,0.3116,0.3116,38460.0
1662293400000,0.3116,0.3116,0.3114,0.3114,11271.0
1662293460000,0.3115,0.3115,0.3111,0.3112,19909.0
1662293520000,0.3112,0.3115,0.3112,0.3114,22566.0
1662293580000,0.3113,0.3113,0.3109,0.3109,25028.0
1662293640000,0.3109,0.3109,0.3106,0.3106,5842.0
1662293700000,0.3106,0.3108,0.3104,0.3107,23090.0
1662293760000,0.3109,0.3109,0.3106,0.3108,14230.0
1662293820000,0.3108,0.3111,0.3108,0.3111,6837.0
1662293880000,0.311,0.3113,0.311,0.3112,17743.0
1662293940000,0.3112,0.3114,0.3112,0.3112,34952.0
1662294000000,0.3113,0.3114,0.3111,0.3113,32469.0
1662294060000,0.3112,0.3113,0.311,0.3113,6096.0
1662294120000,0.3112,0.3116,0.3112,0.3115,10226.0
1662294180000,0.3116,0.3119,0.3116,0.3119,16902.0
1662294240000,0.3118,0.3121,0.3118,0.312,2581.0
1662294300000,0.312,0.3123,0.3119,0.312,28140.0
1662294360000,0.312,0.312,0.312,0.312,148.0
1662294420000,0.312,0.312,0.3118,0.312,4375.0
1662294480000,0.312,0.312,0.3119,0.3119,2408.0
1662294540000,0.3118,0.312,0.3118,0.3119,8794.0
1662294600000,0.3119,0.3122,0.3119,0.312,28038.0
1662294660000,0.3121,0.3124,0.3121,0.3124,5928.0
1662294720000,0.3123,0.3123,0.3121,0.3121,6826.0
1662294780000,0.3121,0.3121,0.3118,0.3118,7665.0
1662294840000,0.3119,0.312,0.3119,0.3119,4110.0
1662294900000,0.3118,0.3119,0.3117,0.3119,41867.0
1662294960000,0.3119,0.3123,0.3118,0.3123,2551.0
1662295020000,0.3123,0.3123,0.3123,0.3123,1622.0
1662295080000,0.3122,0.3123,0.312,0.312,6363.0
1662295140000,0.312,0.3122,0.3119,0.3119,6064.0
1662295200000,0.3121,0.3121,0.312,0.312,4175.0
1662295260000,0.312,0.3121,0.3119,0.3121,4798.0
1662295320000,0.3122,0.3123,0.3122,0.3123,4482.0
1662295380000,0.3122,0.3123,0.3122,0.3123,6769.0
1662295440000,0.3123,0.3124,0.3123,0.3123,3605.0
1662295500000,0.3123,0.3123,0.3119,0.3119,12222.0
1662295560000,0.3118,0.3119,0.3115,0.3118,24279.0
1662295620000,0.3119,0.3119,0.3118,0.3118,2584.0
1662295680000,0.3118,0.3118,0.3115,0.3116,9300.0
1662295740000,0.3115,0.3115,0.3115,0.3115,3690.0
1662295800000,0.3115,0.3116,0.3115,0.3116,8136.0
1662295860000,0.3116,0.312,0.3115,0.3118,6515.0
1662295920000,0.3119,0.312,0.3118,0.3119,4392.0
1662295980000,0.3118,0.3119,0.3118,0.3119,9966.0
1662296040000,0.312,0.312,0.3118,0.3119,1164.0
1662296100000,0.312,0.312,0.3119,0.3119,1110.0
1662296160000,0.3121,0.3122,0.3121,0.3121,8972.0
1662296220000,0.3121,0.3122,0.3121,0.3122,2151.0
1662296280000,0.3121,0.3122,0.3121,0.3122,5650.0
1662296340000,0.3122,0.3125,0.3122,0.3123,28421.0
1662296400000,0.3125,0.3125,0.3123,0.3125,15295.0
1662296460000,0.3124,0.3127,0.3124,0.3126,16996.0
1662296520000,0.3126,0.3126,0.3125,0.3125,5013.0
1662296580000,0.3124,0.3124,0.3122,0.3122,2847.0
1662296640000,0.3122,0.3123,0.3121,0.3122,5845.0
1662296700000,0.3123,0.3123,0.312,0.312,1637.0
1662296760000,0.3121,0.3123,0.3121,0.3121,7386.0
1662296820000,0.3122,0.3123,0.3122,0.3123,315.0
1662296880000,0.3122,0.3122,0.3121,0.3121,14628.0
1662296940000,0.3122,0.3122,0.3118,0.3118,15686.0
1662297000000,0.3118,0.3118,0.3116,0.3118,4932.0
1662297060000,0.3117,0.3119,0.3117,0.3119,33055.0
1662297120000,0.3118,0.3118,0.3117,0.3117,330.0
1662297180000,0.3116,0.3116,0.3116,0.3116,3350.0
1662297240000,0.3116,0.3116,0.3115,0.3116,3749.0
1662297300000,0.3116,0.3118,0.3116,0.3116,3394.0
1662297360000,0.3116,0.3116,0.3113,0.3113,10216.0
1662297420000,0.3113,0.3113,0.3112,0.3112,5883.0
1662297480000,0.3112,0.3113,0.3112,0.3113,280.0
1662297540000,0.3114,0.3116,0.3112,0.3112,6176.0
1662297600000,0.3111,0.3111,0.3106,0.311,41310.0
1662297660000,0.311,0.3111,0.311,0.3111,162.0
1662297720000,0.3111,0.3111,0.3111,0.3111,0.0
1662297780000,0.3111,0.3111,0.3109,0.3109,28103.0
1662297840000,0.3109,0.311,0.3109,0.311,645.0
1662297900000,0.311,0.311,0.311,0.311,3318.0
1662297960000,0.311,0.3111,0.3107,0.3107,9285.0
1662298020000,0.3108,0.3108,0.3106,0.3106,2805.0
1662298080000,0.3105,0.3108,0.3104,0.3104,19893.0
1662298140000,0.3105,0.3105,0.3104,0.3104,17891.0
1662298200000,0.3104,0.3107,0.3104,0.3107,18760.0
1662298260000,0.3107,0.3107,0.31,0.31,40571.0
1662298320000,0.3101,0.3101,0.3096,0.3097,46271.0
1662298380000,0.3098,0.3098,0.3094,0.3096,21806.0
1662298440000,0.3097,0.3099,0.3097,0.3099,5060.0
1662298500000,0.3098,0.3098,0.3097,0.3097,2226.0
1662298560000,0.3096,0.3096,0.3094,0.3095,8733.0
1662298620000,0.3096,0.3096,0.3093,0.3093,16760.0
1662298680000,0.3094,0.3094,0.3092,0.3093,7989.0
1662298740000,0.3093,0.3093,0.3091,0.3092,1908.0
1662298800000,0.3092,0.3093,0.3091,0.3093,6207.0
1662298860000,0.3093,0.3096,0.3093,0.3095,17401.0
1662298920000,0.3096,0.3096,0.3095,0.3096,2849.0
1662298980000,0.3095,0.3096,0.3095,0.3096,882.0
1662299040000,0.3096,0.3096,0.3096,0.3096,299.0
1662299100000,0.3096,0.3099,0.3096,0.3098,9942.0
1662299160000,0.3098,0.3099,0.3097,0.3098,26375.0
1662299220000,0.3097,0.3097,0.3097,0.3097,1727.0
1662299280000,0.3097,0.3097,0.3096,0.3097,6277.0
1662299340000,0.3096,0.3097,0.3096,0.3096,715.0
1662299400000,0.3096,0.3096,0.3091,0.3092,10572.0
1662299460000,0.3092,0.3092,0.3089,0.309,4888.0
1662299520000,0.309,0.3091,0.3086,0.3088,45721.0
1662299580000,0.3087,0.3088,0.3087,0.3088,9596.0
1662299640000,0.3088,0.3089,0.3081,0.3084,29604.0
1662299700000,0.3084,0.3085,0.3081,0.3085,23470.0
1662299760000,0.3086,0.3086,0.3082,0.3082,23170.0
1662299820000,0.3081,0.3084,0.3081,0.3084,19452.0
1662299880000,0.3083,0.3085,0.3081,0.3081,18278.0
1662299940000,0.3081,0.3084,0.308,0.3083,39484.0
1662300000000,0.3084,0.3087,0.3083,0.3086,20877.0
1662300060000,0.3086,0.3087,0.3085,0.3086,9045.0
1662300120000,0.3087,0.3088,0.3086,0.3086,4095.0
1662300180000,0.3085,0.3085,0.3081,0.3081,13500.0
1662300240000,0.3081,0.3081,0.3075,0.3076,39279.0
1662300300000,0.3077,0.3081,0.3074,0.308,51688.0
1662300360000,0.308,0.3084,0.308,0.3083,18043.0
1662300420000,0.3085,0.3089,0.3082,0.3083,37095.0
1662300480000,0.3083,0.3084,0.3083,0.3084,893.0
1662300540000,0.3083,0.3089,0.3083,0.3089,26860.0
1662300600000,0.309,0.309,0.3086,0.3087,4113.0
1662300660000,0.3086,0.3087,0.3084,0.3085,26780.0
1662300720000,0.3088,0.3089,0.3088,0.3088,26715.0
1662300780000,0.3088,0.3088,0.3084,0.3088,68358.0
1662300840000,0.3089,0.3089,0.3088,0.3088,7128.0
1662300900000,0.3089,0.309,0.3088,0.3088,8100.0
1662300960000,0.3088,0.3088,0.3085,0.3086,16826.0
1662301020000,0.3086,0.3086,0.3083,0.3085,7436.0
1662301080000,0.3084,0.3088,0.3084,0.3087,19441.0
1662301140000,0.3087,0.309,0.3087,0.309,3708.0
1662301200000,0.3089,0.3089,0.3087,0.3087,10855.0
1662301260000,0.3087,0.3087,0.3086,0.3087,21123.0
1662301320000,0.3087,0.3087,0.3085,0.3085,3166.0
1662301380000,0.3085,0.3085,0.3084,0.3084,824.0
1662301440000,0.3084,0.3084,0.3083,0.3084,8303.0
1662301500000,0.3084,0.3084,0.3084,0.3084,480.0
1662301560000,0.3084,0.3084,0.3083,0.3083,5106.0
1662301620000,0.3084,0.3085,0.3084,0.3085,95.0
1662301680000,0.3084,0.3084,0.3083,0.3083,6823.0
1662301740000,0.3083,0.3083,0.3083,0.3083,150.0
1662301800000,0.3084,0.3084,0.3084,0.3084,114.0
1662301860000,0.3083,0.3083,0.308,0.308,13759.0
1662301920000,0.3081,0.3082,0.3081,0.3082,1229.0
1662301980000,0.3083,0.3083,0.3082,0.3082,2073.0
1662302040000,0.3083,0.3084,0.3082,0.3084,7336.0
1662302100000,0.3084,0.3084,0.3084,0.3084,8860.0
1662302160000,0.3084,0.3084,0.3083,0.3084,2050.0
1662302220000,0.3083,0.3084,0.3083,0.3083,3351.0
1662302280000,0.3083,0.3083,0.3082,0.3083,5427.0
1662302340000,0.3083,0.3084,0.3082,0.3084,24119.0
1662302400000,0.3084,0.3084,0.3082,0.3082,526.0
1662302460000,0.3083,0.309,0.3083,0.309,157013.0
1662302520000,0.3089,0.3089,0.3088,0.3089,5073.0
1662302580000,0.3088,0.3089,0.3088,0.3089,1347.0
1662302640000,0.3089,0.3099,0.3088,0.3094,114355.0
1662302700000,0.3094,0.3094,0.309,0.309,10268.0
1662302760000,0.3089,0.309,0.3089,0.309,12101.0
1662302820000,0.309,0.309,0.309,0.309,422.0
1662302880000,0.3089,0.3089,0.3089,0.3089,1516.0
1662302940000,0.3089,0.3089,0.3088,0.3089,5951.0
1662303000000,0.3088,0.3089,0.3088,0.3089,170.0
1662303060000,0.3088,0.3088,0.3088,0.3088,40.0
1662303120000,0.3088,0.3088,0.3088,0.3088,0.0
1662303180000,0.3089,0.309,0.3089,0.309,6712.0
1662303240000,0.309,0.309,0.3088,0.3088,6769.0
1662303300000,0.3088,0.3088,0.3087,0.3088,14118.0
1662303360000,0.3087,0.3089,0.3087,0.3089,2413.0
1662303420000,0.3088,0.3088,0.3088,0.3088,3464.0
1662303480000,0.3088,0.3091,0.3088,0.3091,18983.0
1662303540000,0.3091,0.3096,0.3091,0.3095,20316.0
1662303600000,0.3095,0.3097,0.3095,0.3096,25370.0
1662303660000,0.3097,0.3099,0.3097,0.3097,7131.0
1662303720000,0.3098,0.3099,0.3098,0.3099,5234.0
1662303780000,0.3099,0.3101,0.3099,0.31,21829.0
1662303840000,0.3099,0.3099,0.3099,0.3099,7211.0
1662303900000,0.3101,0.3101,0.3101,0.3101,121.0
1662303960000,0.31,0.3101,0.31,0.31,3399.0
1662304020000,0.3099,0.31,0.3099,0.31,4057.0
1662304080000,0.3099,0.3099,0.3097,0.3098,7092.0
1662304140000,0.3098,0.3098,0.3098,0.3098,1412.0
1662304200000,0.3099,0.3099,0.3098,0.3098,688.0
1662304260000,0.3099,0.3102,0.3099,0.3101,22512.0
1662304320000,0.3101,0.3101,0.31,0.3101,2485.0
1662304380000,0.3101,0.3101,0.3096,0.3099,9679.0
1662304440000,0.3099,0.3099,0.3099,0.3099,3634.0
1662304500000,0.3098,0.3099,0.3097,0.3099,45341.0
1662304560000,0.3099,0.3099,0.3096,0.3096,4017.0
1662304620000,0.3096,0.3097,0.3095,0.3096,7091.0
1662304680000,0.3096,0.3097,0.3095,0.3096,12704.0
1662304740000,0.3096,0.3096,0.3096,0.3096,5602.0
1662304800000,0.3096,0.3096,0.3095,0.3096,18088.0
1662304860000,0.3095,0.3096,0.3093,0.3093,46885.0
1662304920000,0.3093,0.3094,0.3093,0.3094,186.0
1662304980000,0.3094,0.3095,0.3093,0.3093,9950.0
1662305040000,0.3093,0.3094,0.3093,0.3094,3774.0
1662305100000,0.3094,0.3095,0.3094,0.3094,1432.0
1662305160000,0.3094,0.3095,0.3093,0.3094,7019.0
1662305220000,0.3094,0.3094,0.3094,0.3094,301.0
1662305280000,0.3093,0.3096,0.3093,0.3096,4399.0
1662305340000,0.3096,0.3096,0.3096,0.3096,7080.0
1662305400000,0.3095,0.3095,0.3093,0.3093,11072.0
1662305460000,0.3094,0.3095,0.3094,0.3094,4536.0
1662305520000,0.3094,0.3094,0.309,0.309,9877.0
1662305580000,0.3089,0.3089,0.3088,0.3088,3275.0
1662305640000,0.3087,0.3087,0.3087,0.3087,226.0
1662305700000,0.3087,0.3087,0.3087,0.3087,479.0
1662305760000,0.3087,0.3087,0.308,0.3082,19645.0
1662305820000,0.3082,0.3083,0.3082,0.3082,11109.0
1662305880000,0.3082,0.3087,0.3082,0.3087,5947.0
1662305940000,0.3087,0.3088,0.3086,0.3086,7795.0
1662306000000,0.3085,0.3085,0.3078,0.3078,35790.0
1662306060000,0.3078,0.3078,0.3076,0.3076,20881.0
1662306120000,0.3077,0.308,0.3076,0.308,34135.0
1662306180000,0.308,0.3081,0.3079,0.308,4113.0
1662306240000,0.308,0.308,0.308,0.308,209.0
1662306300000,0.308,0.308,0.3079,0.308,4584.0
1662306360000,0.308,0.308,0.3078,0.3078,14657.0
1662306420000,0.3078,0.3081,0.3078,0.3081,1138.0
1662306480000,0.3082,0.3082,0.3081,0.3081,205.0
1662306540000,0.3081,0.3082,0.308,0.3081,1080.0
1662306600000,0.3082,0.3089,0.3082,0.3089,10244.0
1662306660000,0.3088,0.3093,0.3088,0.3089,56314.0
1662306720000,0.3089,0.3089,0.3083,0.3083,13174.0
1662306780000,0.3084,0.3084,0.3083,0.3083,10999.0
1662306840000,0.3084,0.3085,0.3084,0.3085,3642.0
1662306900000,0.3086,0.3092,0.3086,0.3091,11119.0
1662306960000,0.3093,0.3093,0.3092,0.3092,4051.0
1662307020000,0.3091,0.3093,0.309,0.3092,50862.0
1662307080000,0.309,0.309,0.3088,0.3089,9812.0
1662307140000,0.3089,0.309,0.3088,0.309,1043.0
1662307200000,0.3092,0.3098,0.3091,0.3094,48906.0
1662307260000,0.3094,0.3094,0.3091,0.3092,12425.0
1662307320000,0.3091,0.3092,0.3089,0.3092,8723.0
1662307380000,0.3091,0.3091,0.3089,0.3089,3960.0
1662307440000,0.3092,0.3093,0.3092,0.3092,2423.0
1662307500000,0.3092,0.3094,0.3091,0.3092,13195.0
1662307560000,0.3092,0.3092,0.3089,0.3089,18838.0
1662307620000,0.309,0.309,0.3087,0.3087,2826.0
1662307680000,0.3089,0.3089,0.3087,0.3087,10488.0
1662307740000,0.3088,0.3089,0.3087,0.3087,13970.0
1662307800000,0.3086,0.3086,0.3085,0.3086,3163.0
1662307860000,0.3085,0.3085,0.3085,0.3085,280.0
1662307920000,0.3085,0.3088,0.3085,0.3087,6923.0
1662307980000,0.3088,0.3088,0.3087,0.3087,1210.0
1662308040000,0.3087,0.3087,0.3087,0.3087,15878.0
1662308100000,0.3086,0.3086,0.3084,0.3084,7277.0
1662308160000,0.3085,0.3085,0.3084,0.3085,7678.0
1662308220000,0.3085,0.3086,0.3085,0.3085,4886.0
1662308280000,0.3086,0.3086,0.3084,0.3085,10772.0
1662308340000,0.3083,0.3084,0.3081,0.3081,33022.0
1662308400000,0.3081,0.3081,0.3079,0.3079,41855.0
1662308460000,0.3079,0.3081,0.3079,0.3081,666.0
1662308520000,0.3079,0.3079,0.3079,0.3079,1037.0
1662308580000,0.3079,0.308,0.3078,0.308,22175.0
1662308640000,0.308,0.308,0.3079,0.3079,1143.0
1662308700000,0.3079,0.308,0.3079,0.3079,871.0
1662308760000,0.3082,0.3083,0.3081,0.3083,5266.0
1662308820000,0.3082,0.3085,0.3082,0.3085,2931.0
1662308880000,0.3085,0.3085,0.3082,0.3082,1217.0
1662308940000,0.3083,0.3084,0.3083,0.3084,2016.0
1662309000000,0.3083,0.3084,0.3083,0.3084,301.0
1662309060000,0.3085,0.3086,0.3085,0.3086,1444.0
1662309120000,0.3085,0.3085,0.3085,0.3085,2925.0
1662309180000,0.3086,0.3086,0.3085,0.3086,690.0
1662309240000,0.3086,0.3091,0.3086,0.3091,8357.0
1662309300000,0.309,0.309,0.3086,0.3087,15849.0
1662309360000,0.3087,0.3087,0.3086,0.3086,791.0
1662309420000,0.3087,0.3088,0.3086,0.3088,2171.0
1662309480000,0.3087,0.3089,0.3087,0.3089,4105.0
1662309540000,0.3089,0.3091,0.3088,0.3091,5510.0
1662309600000,0.3092,0.3093,0.3088,0.3088,68324.0
1662309660000,0.3089,0.3089,0.3086,0.3087,6491.0
1662309720000,0.3086,0.3087,0.3086,0.3087,244.0
1662309780000,0.3089,0.3093,0.3088,0.3093,45941.0
1662309840000,0.3092,0.3094,0.309,0.3091,22319.0
1662309900000,0.309,0.3094,0.309,0.3094,12220.0
1662309960000,0.3094,0.3095,0.3086,0.3087,21473.0
1662310020000,0.3087,0.3089,0.3087,0.3089,7310.0
1662310080000,0.3088,0.3088,0.3087,0.3087,5391.0
1662310140000,0.3088,0.3089,0.3088,0.3088,544.0
1662310200000,0.3089,0.3089,0.3087,0.3087,18178.0
1662310260000,0.3088,0.3088,0.3087,0.3088,2508.0
1662310320000,0.3088,0.3088,0.3085,0.3085,6047.0
1662310380000,0.3084,0.3087,0.3082,0.3086,27329.0
1662310440000,0.3086,0.3088,0.3086,0.3087,893.0
1662310500000,0.3086,0.3087,0.3086,0.3086,1660.0
1662310560000,0.3086,0.3087,0.3086,0.3087,1229.0
1662310620000,0.3088,0.3088,0.3088,0.3088,150.0
1662310680000,0.3088,0.3088,0.3087,0.3087,4361.0
1662310740000,0.3086,0.3087,0.3085,0.3087,5111.0
1662310800000,0.3086,0.3089,0.3085,0.3086,37917.0
1662310860000,0.3087,0.3089,0.3086,0.3089,38466.0
1662310920000,0.3088,0.3089,0.3086,0.3088,2814.0
1662310980000,0.3087,0.3087,0.3086,0.3087,3774.0
1662311040000,0.3087,0.3088,0.3087,0.3087,2050.0
1662311100000,0.3089,0.3089,0.3087,0.3088,4383.0
1662311160000,0.3088,0.3089,0.3087,0.3089,11432.0
1662311220000,0.3088,0.3093,0.3088,0.3088,14219.0
1662311280000,0.3087,0.3087,0.3086,0.3086,14484.0
1662311340000,0.3086,0.3086,0.3083,0.3083,1956.0
1662311400000,0.3083,0.3084,0.3083,0.3084,1002.0
1662311460000,0.3085,0.3087,0.3085,0.3086,5693.0
1662311520000,0.3086,0.3087,0.3086,0.3086,1610.0
1662311580000,0.3085,0.3088,0.3085,0.3087,4280.0
1662311640000,0.3088,0.3089,0.3088,0.3089,4569.0
1662311700000,0.3089,0.3094,0.3089,0.3089,42889.0
1662311760000,0.3089,0.3092,0.3088,0.3092,30284.0
1662311820000,0.3091,0.3091,0.309,0.3091,15062.0
1662311880000,0.3091,0.3092,0.3086,0.3086,24526.0
1662311940000,0.3087,0.3087,0.3086,0.3086,1695.0
1662312000000,0.3086,0.3086,0.3082,0.3083,78869.0
1662312060000,0.3083,0.3086,0.3082,0.3086,20279.0
1662312120000,0.3087,0.3087,0.3084,0.3084,3837.0
1662312180000,0.3083,0.3084,0.3083,0.3083,1684.0
1662312240000,0.3084,0.3084,0.3082,0.3082,2498.0
1662312300000,0.3082,0.3083,0.3081,0.3083,33587.0
1662312360000,0.3082,0.3083,0.3081,0.3081,4316.0
1662312420000,0.3081,0.3081,0.3077,0.3078,16323.0
1662312480000,0.3077,0.3079,0.3076,0.3077,34908.0
1662312540000,0.3078,0.3078,0.3077,0.3077,7322.0
1662312600000,0.3078,0.3078,0.3077,0.3077,2040.0
1662312660000,0.3077,0.3079,0.3077,0.3079,2222.0
1662312720000,0.3077,0.3079,0.3077,0.3079,7221.0
1662312780000,0.3078,0.3079,0.3078,0.3078,4811.0
1662312840000,0.3078,0.3078,0.3077,0.3077,1703.0
1662312900000,0.3078,0.3079,0.3077,0.3077,2778.0
1662312960000,0.3079,0.3082,0.3079,0.3081,5130.0
1662313020000,0.3081,0.3081,0.308,0.308,4366.0
1662313080000,0.308,0.3081,0.308,0.3081,7175.0
1662313140000,0.3081,0.3081,0.3081,0.3081,2379.0
1662313200000,0.3081,0.3082,0.308,0.308,10708.0
1662313260000,0.308,0.308,0.308,0.308,1103.0
1662313320000,0.308,0.308,0.3079,0.3079,2417.0
1662313380000,0.3079,0.308,0.3078,0.3078,4416.0
1662313440000,0.3077,0.3079,0.3077,0.3079,1645.0
1662313500000,0.308,0.3082,0.308,0.3081,5144.0
1662313560000,0.3081,0.3082,0.3081,0.3081,1182.0
1662313620000,0.3081,0.3082,0.3081,0.3081,2111.0
1662313680000,0.308,0.308,0.3079,0.308,1335.0
1662313740000,0.3079,0.3079,0.3078,0.3078,2000.0
1662313800000,0.3078,0.3079,0.3077,0.3077,10418.0
1662313860000,0.3077,0.3079,0.3077,0.3079,5069.0
1662313920000,0.308,0.308,0.3079,0.308,3220.0
1662313980000,0.308,0.308,0.3079,0.3079,5187.0
1662314040000,0.3079,0.3081,0.3079,0.3081,2086.0
1662314100000,0.3081,0.3081,0.3081,0.3081,0.0
1662314160000,0.308,0.3081,0.3079,0.308,20007.0
1662314220000,0.308,0.308,0.3078,0.308,12176.0
1662314280000,0.308,0.3081,0.308,0.308,29466.0
1662314340000,0.3079,0.3082,0.3079,0.3082,9326.0
1662314400000,0.3082,0.3083,0.3081,0.3082,5549.0
1662314460000,0.3083,0.3084,0.3082,0.3084,5019.0
1662314520000,0.3084,0.3084,0.3084,0.3084,599.0
1662314580000,0.3083,0.3085,0.3083,0.3085,6746.0
1662314640000,0.3085,0.3086,0.3084,0.3085,9947.0
1662314700000,0.3085,0.3085,0.3085,0.3085,480.0
1662314760000,0.3085,0.3087,0.3085,0.3087,4026.0
1662314820000,0.3087,0.3087,0.3086,0.3086,4427.0
1662314880000,0.3087,0.3087,0.3086,0.3086,1627.0
1662314940000,0.3087,0.3088,0.3086,0.3086,3317.0
1662315000000,0.3085,0.3086,0.3085,0.3086,12299.0
1662315060000,0.3086,0.3086,0.3083,0.3083,8069.0
1662315120000,0.3083,0.3084,0.3083,0.3084,4072.0
1662315180000,0.3083,0.3084,0.3083,0.3084,2297.0
1662315240000,0.3084,0.3084,0.3083,0.3084,3634.0
1662315300000,0.3085,0.3087,0.3085,0.3085,9231.0
1662315360000,0.3086,0.3087,0.3086,0.3087,7901.0
1662315420000,0.3087,0.3087,0.3086,0.3086,3113.0
1662315480000,0.3087,0.3087,0.3087,0.3087,568.0
1662315540000,0.3087,0.3088,0.3087,0.3087,11956.0
1662315600000,0.3087,0.3088,0.3085,0.3086,12863.0
1662315660000,0.3086,0.3086,0.3086,0.3086,444.0
1662315720000,0.3086,0.3087,0.3086,0.3087,1677.0
1662315780000,0.3087,0.3097,0.3087,0.3096,29306.0
1662315840000,0.3091,0.3092,0.309,0.3092,6360.0
1662315900000,0.3092,0.3092,0.3091,0.3092,3800.0
1662315960000,0.309,0.3091,0.309,0.309,6247.0
1662316020000,0.309,0.3092,0.309,0.3092,5090.0
1662316080000,0.3092,0.3092,0.3092,0.3092,4778.0
1662316140000,0.3093,0.3093,0.3092,0.3092,198.0
1662316200000,0.3093,0.3093,0.309,0.3093,9436.0
1662316260000,0.3094,0.3094,0.3092,0.3092,17625.0
1662316320000,0.3092,0.3095,0.3092,0.3095,11520.0
1662316380000,0.3095,0.3095,0.3093,0.3093,15640.0
1662316440000,0.3093,0.3094,0.3093,0.3093,2093.0
1662316500000,0.3093,0.3093,0.3091,0.3091,2278.0
1662316560000,0.3091,0.3091,0.3087,0.3088,2326.0
1662316620000,0.3088,0.3088,0.3088,0.3088,0.0
1662316680000,0.3086,0.3086,0.3083,0.3084,21201.0
1662316740000,0.3084,0.3085,0.3084,0.3085,190.0
1662316800000,0.3085,0.3085,0.3084,0.3084,2890.0
1662316860000,0.3083,0.3083,0.3082,0.3082,20020.0
1662316920000,0.3083,0.3083,0.308,0.3081,4756.0
1662316980000,0.3081,0.3084,0.3081,0.3084,2813.0
1662317040000,0.3084,0.3084,0.3084,0.3084,750.0
1662317100000,0.3084,0.3086,0.3084,0.3086,2831.0
1662317160000,0.3085,0.3085,0.3082,0.3082,5649.0
1662317220000,0.3083,0.3083,0.3083,0.3083,1032.0
1662317280000,0.3082,0.3084,0.3082,0.3084,3840.0
1662317340000,0.3084,0.3084,0.3083,0.3083,613.0
1662317400000,0.3084,0.3085,0.3084,0.3085,2509.0
1662317460000,0.3086,0.3087,0.3085,0.3085,5470.0
1662317520000,0.3085,0.3085,0.3084,0.3085,5063.0
1662317580000,0.3084,0.3085,0.3084,0.3085,9204.0
1662317640000,0.3085,0.3086,0.3085,0.3086,9846.0
1662317700000,0.3085,0.3088,0.3085,0.3088,3266.0
1662317760000,0.3086,0.3087,0.3086,0.3087,5491.0
1662317820000,0.3087,0.3087,0.3086,0.3086,4378.0
1662317880000,0.3086,0.3088,0.3086,0.3087,7848.0
1662317940000,0.3087,0.3087,0.3087,0.3087,900.0
1662318000000,0.3087,0.3088,0.3087,0.3087,1966.0
1662318060000,0.3086,0.3086,0.3085,0.3085,1905.0
1662318120000,0.3086,0.3086,0.3085,0.3085,2707.0
1662318180000,0.3085,0.3085,0.3084,0.3085,1910.0
1662318240000,0.3085,0.3085,0.3079,0.3079,4440.0
1662318300000,0.3081,0.3081,0.308,0.3081,7615.0
1662318360000,0.3083,0.3083,0.3081,0.3083,18841.0
1662318420000,0.3083,0.3083,0.3081,0.3081,673.0
1662318480000,0.3081,0.3082,0.3081,0.3082,11066.0
1662318540000,0.3083,0.3084,0.3083,0.3084,1248.0
1662318600000,0.3085,0.3086,0.3085,0.3085,3201.0
1662318660000,0.3086,0.3087,0.3085,0.3086,11151.0
1662318720000,0.3085,0.3085,0.3085,0.3085,1511.0
1662318780000,0.3085,0.3087,0.3085,0.3087,619.0
1662318840000,0.3089,0.3092,0.3089,0.309,5981.0
1662318900000,0.3089,0.3091,0.3089,0.3091,386.0
1662318960000,0.3091,0.3091,0.3089,0.309,6293.0
1662319020000,0.3089,0.3092,0.3089,0.3092,3196.0
1662319080000,0.3092,0.3093,0.3092,0.3093,8522.0
1662319140000,0.3093,0.3094,0.3092,0.3093,8679.0
1662319200000,0.3094,0.3096,0.3094,0.3095,9243.0
1662319260000,0.3094,0.3095,0.3093,0.3095,4083.0
1662319320000,0.3095,0.3096,0.3094,0.3096,516.0
1662319380000,0.3095,0.3096,0.3095,0.3096,4499.0
1662319440000,0.3095,0.3095,0.3095,0.3095,3861.0
1662319500000,0.3094,0.3096,0.3094,0.3096,6010.0
1662319560000,0.3095,0.3095,0.3093,0.3093,5825.0
1662319620000,0.3093,0.3093,0.3091,0.3091,3174.0
1662319680000,0.3092,0.3092,0.3092,0.3092,7417.0
1662319740000,0.3092,0.3093,0.3092,0.3092,988.0
1662319800000,0.3094,0.3094,0.3093,0.3093,5426.0
1662319860000,0.3092,0.3092,0.3091,0.3091,25999.0
1662319920000,0.3091,0.3091,0.309,0.3091,3881.0
1662319980000,0.3091,0.3093,0.3091,0.3091,6916.0
1662320040000,0.3091,0.3092,0.3091,0.3092,2947.0
1662320100000,0.3093,0.3093,0.309,0.3091,2488.0
1662320160000,0.3091,0.3091,0.309,0.309,4535.0
1662320220000,0.309,0.309,0.3088,0.3088,5285.0
1662320280000,0.3088,0.3088,0.3087,0.3087,3401.0
1662320340000,0.3087,0.3089,0.3085,0.3089,1007.0
1662320400000,0.3089,0.3091,0.3087,0.3091,26979.0
1662320460000,0.3091,0.3091,0.309,0.309,1973.0
1662320520000,0.3091,0.3093,0.3091,0.3093,8733.0
1662320580000,0.3094,0.3094,0.3094,0.3094,155.0
1662320640000,0.3092,0.3093,0.3092,0.3093,1348.0
1662320700000,0.3092,0.3093,0.3092,0.3093,1302.0
1662320760000,0.3094,0.3094,0.3094,0.3094,95.0
1662320820000,0.3092,0.3092,0.3091,0.3091,6492.0
1662320880000,0.309,0.309,0.3089,0.3089,4234.0
1662320940000,0.3088,0.3088,0.3085,0.3085,8465.0
1662321000000,0.3085,0.3085,0.3085,0.3085,365.0
1662321060000,0.3085,0.3087,0.3085,0.3085,15942.0
1662321120000,0.3085,0.3086,0.3085,0.3086,3099.0
1662321180000,0.3087,0.3088,0.3087,0.3088,650.0
1662321240000,0.3088,0.3089,0.3088,0.3088,8291.0
1662321300000,0.3087,0.3089,0.3087,0.3088,2991.0
1662321360000,0.3088,0.3089,0.3088,0.3089,89.0
1662321420000,0.3088,0.309,0.3088,0.3089,5613.0
1662321480000,0.309,0.309,0.3087,0.3088,2669.0
1662321540000,0.3087,0.3088,0.3086,0.3087,4395.0
1662321600000,0.3088,0.3089,0.3087,0.3089,2902.0
1662321660000,0.3089,0.3089,0.3088,0.3089,2660.0
1662321720000,0.3086,0.3088,0.3086,0.3088,5164.0
1662321780000,0.3088,0.309,0.3087,0.309,5491.0
1662321840000,0.3091,0.3095,0.3091,0.3092,27440.0
1662321900000,0.3092,0.3095,0.3092,0.3095,1122.0
1662321960000,0.3095,0.3095,0.3094,0.3094,8560.0
1662322020000,0.3093,0.3093,0.3089,0.3091,8076.0
1662322080000,0.3091,0.3091,0.309,0.309,470.0
1662322140000,0.3091,0.3092,0.3091,0.3092,162.0
1662322200000,0.3092,0.3092,0.3092,0.3092,2413.0
1662322260000,0.3092,0.3094,0.3092,0.3093,12108.0
1662322320000,0.3095,0.3096,0.3094,0.3094,14604.0
1662322380000,0.3096,0.3096,0.3096,0.3096,68.0
1662322440000,0.3095,0.3095,0.3094,0.3094,6276.0
1662322500000,0.3095,0.3097,0.3095,0.3096,4625.0
1662322560000,0.3097,0.3099,0.3097,0.3097,26097.0
1662322620000,0.3097,0.3098,0.3096,0.3097,12063.0
1662322680000,0.3096,0.3097,0.3096,0.3096,9203.0
1662322740000,0.3096,0.3099,0.3096,0.3098,27596.0
1662322800000,0.3098,0.3098,0.3097,0.3097,8089.0
1662322860000,0.3097,0.3097,0.3096,0.3097,3118.0
1662322920000,0.3097,0.3099,0.3097,0.3099,777.0
1662322980000,0.3098,0.3099,0.3098,0.3099,306.0
1662323040000,0.3099,0.31,0.3099,0.31,3007.0
1662323100000,0.31,0.31,0.3098,0.3098,15236.0
1662323160000,0.3099,0.3099,0.3098,0.3098,237.0
1662323220000,0.3099,0.31,0.3099,0.3099,2871.0
1662323280000,0.31,0.3102,0.31,0.3102,5588.0
1662323340000,0.3102,0.3103,0.3102,0.3103,2902.0
1662323400000,0.3103,0.3107,0.3103,0.3106,32930.0
1662323460000,0.3106,0.3106,0.3104,0.3104,39135.0
1662323520000,0.3103,0.3105,0.3103,0.3105,20850.0
1662323580000,0.3105,0.3105,0.3105,0.3105,5923.0
1662323640000,0.3104,0.3105,0.3104,0.3105,10749.0
1662323700000,0.3106,0.3106,0.3106,0.3106,2495.0
1662323760000,0.3106,0.3106,0.3105,0.3106,472.0
1662323820000,0.3106,0.3106,0.3105,0.3106,4619.0
1662323880000,0.3107,0.3107,0.3106,0.3107,361.0
1662323940000,0.3107,0.3107,0.3106,0.3106,4671.0
1662324000000,0.3107,0.3107,0.3107,0.3107,36.0
1662324060000,0.3108,0.3108,0.3107,0.3107,1331.0
1662324120000,0.3106,0.3107,0.3106,0.3107,4096.0
1662324180000,0.3106,0.3106,0.3106,0.3106,2259.0
1662324240000,0.3105,0.3106,0.3105,0.3105,804.0
1662324300000,0.3107,0.3107,0.3107,0.3107,244.0
1662324360000,0.3107,0.3108,0.3106,0.3106,14680.0
1662324420000,0.3105,0.3105,0.3103,0.3103,2885.0
1662324480000,0.3103,0.3103,0.3103,0.3103,1826.0
1662324540000,0.3103,0.3104,0.3103,0.3103,1713.0
1662324600000,0.3104,0.3105,0.3104,0.3105,7601.0
1662324660000,0.3105,0.3106,0.3104,0.3106,1687.0
1662324720000,0.3105,0.3106,0.3104,0.3106,13409.0
1662324780000,0.3105,0.3105,0.3105,0.3105,4247.0
1662324840000,0.3105,0.3107,0.3105,0.3107,8671.0
1662324900000,0.3107,0.3107,0.3106,0.3106,16411.0
1662324960000,0.3106,0.3106,0.3105,0.3106,3442.0
1662325020000,0.3105,0.3107,0.3105,0.3107,1277.0
1662325080000,0.3107,0.3107,0.3105,0.3105,3988.0
1662325140000,0.3107,0.3107,0.3107,0.3107,38.0
1662325200000,0.3106,0.3109,0.3106,0.3109,15567.0
1662325260000,0.3108,0.3109,0.3107,0.3109,2019.0
1662325320000,0.311,0.311,0.3109,0.3109,427.0
1662325380000,0.311,0.311,0.3108,0.311,10238.0
1662325440000,0.3109,0.311,0.3109,0.3109,575.0
1662325500000,0.311,0.311,0.3109,0.3109,4824.0
1662325560000,0.3109,0.3111,0.3109,0.311,31564.0
1662325620000,0.3109,0.3109,0.3107,0.3107,1872.0
1662325680000,0.3107,0.3107,0.3102,0.3103,76946.0
1662325740000,0.3104,0.3108,0.3104,0.3108,20723.0
1662325800000,0.3107,0.3109,0.3107,0.3109,6141.0
1662325860000,0.3109,0.3109,0.3109,0.3109,515.0
1662325920000,0.3109,0.3109,0.3107,0.3107,3337.0
1662325980000,0.3105,0.3107,0.3105,0.3107,3214.0
1662326040000,0.3107,0.3107,0.3105,0.3105,5135.0
1662326100000,0.3104,0.3104,0.3102,0.3103,8473.0
1662326160000,0.3103,0.3103,0.3101,0.3102,8943.0
1662326220000,0.3102,0.3103,0.3101,0.3103,8299.0
1662326280000,0.3103,0.3104,0.3102,0.3104,5693.0
1662326340000,0.3104,0.3104,0.3102,0.3102,15574.0
1662326400000,0.3102,0.3105,0.3102,0.3105,92704.0
1662326460000,0.3105,0.3106,0.3104,0.3104,10168.0
1662326520000,0.3104,0.3106,0.3104,0.3105,899.0
1662326580000,0.3106,0.3106,0.3105,0.3106,5106.0
1662326640000,0.3105,0.3106,0.3105,0.3105,13911.0
1662326700000,0.3105,0.3107,0.3105,0.3107,22384.0
1662326760000,0.3108,0.3109,0.3107,0.3109,2515.0
1662326820000,0.3108,0.3113,0.3108,0.3112,18960.0
1662326880000,0.3113,0.3114,0.3111,0.3113,13679.0
1662326940000,0.3113,0.3113,0.3111,0.3111,2877.0
1662327000000,0.3111,0.3112,0.311,0.3111,1275.0
1662327060000,0.3111,0.3111,0.311,0.3111,6561.0
1662327120000,0.311,0.3112,0.311,0.3111,672.0
1662327180000,0.3111,0.3112,0.311,0.3112,8894.0
1662327240000,0.3111,0.3111,0.311,0.311,183.0
1662327300000,0.3112,0.3114,0.3112,0.3114,8637.0
1662327360000,0.3112,0.3114,0.3112,0.3113,10276.0
1662327420000,0.3113,0.3114,0.3113,0.3113,18162.0
1662327480000,0.3113,0.3114,0.3113,0.3114,702.0
1662327540000,0.3113,0.3114,0.3113,0.3114,983.0
1662327600000,0.3114,0.3114,0.3114,0.3114,6098.0
1662327660000,0.3115,0.3115,0.3113,0.3113,5570.0
1662327720000,0.3114,0.3115,0.3114,0.3115,3259.0
1662327780000,0.3114,0.3115,0.3114,0.3114,2914.0
1662327840000,0.3115,0.3115,0.3114,0.3115,8822.0
1662327900000,0.3114,0.3114,0.3113,0.3113,2505.0
1662327960000,0.3111,0.3118,0.3111,0.3114,172573.0
1662328020000,0.3115,0.3115,0.3113,0.3115,868.0
1662328080000,0.3115,0.3119,0.3113,0.3119,14055.0
1662328140000,0.3119,0.3133,0.3119,0.3131,52973.0
1662328200000,0.3131,0.3132,0.3113,0.3113,32990.0
1662328260000,0.3115,0.3115,0.3112,0.3112,6328.0
1662328320000,0.3113,0.3113,0.3108,0.3108,22313.0
1662328380000,0.3108,0.3108,0.3104,0.3104,3287.0
1662328440000,0.3104,0.3109,0.3104,0.3109,12383.0
1662328500000,0.3109,0.3111,0.3107,0.311,7017.0
1662328560000,0.311,0.3111,0.3109,0.3111,1246.0
1662328620000,0.311,0.3114,0.311,0.3111,2765.0
1662328680000,0.3113,0.3115,0.3113,0.3114,5519.0
1662328740000,0.3114,0.3114,0.3109,0.3109,26066.0
1662328800000,0.3109,0.3109,0.3106,0.3109,29677.0
1662328860000,0.3107,0.3108,0.3107,0.3108,389.0
1662328920000,0.3107,0.3107,0.3106,0.3106,5359.0
1662328980000,0.3107,0.3114,0.3107,0.3114,8351.0
1662329040000,0.3113,0.3113,0.3111,0.3111,2636.0
1662329100000,0.311,0.311,0.3107,0.3107,7113.0
1662329160000,0.3106,0.3106,0.3102,0.3104,10727.0
1662329220000,0.3103,0.3103,0.3101,0.3102,9080.0
1662329280000,0.3101,0.3102,0.3099,0.31,13207.0
1662329340000,0.31,0.3101,0.3098,0.31,19690.0
1662329400000,0.3101,0.3102,0.3101,0.3101,1307.0
1662329460000,0.31,0.31,0.3098,0.3098,6992.0
1662329520000,0.3099,0.3099,0.3096,0.3096,13993.0
1662329580000,0.3097,0.3097,0.3096,0.3097,3568.0
1662329640000,0.3096,0.3096,0.3095,0.3095,283.0
1662329700000,0.3096,0.3096,0.3094,0.3094,3427.0
1662329760000,0.3094,0.3098,0.3094,0.3096,22188.0
1662329820000,0.3097,0.3099,0.3097,0.3099,6178.0
1662329880000,0.3099,0.3099,0.3098,0.3099,9342.0
1662329940000,0.31,0.3101,0.31,0.3101,2680.0
1662330000000,0.3101,0.3102,0.3101,0.3102,1009.0
1662330060000,0.3102,0.3106,0.3102,0.3104,36294.0
1662330120000,0.3104,0.3104,0.3103,0.3103,4130.0
1662330180000,0.3102,0.3102,0.3101,0.3101,1002.0
1662330240000,0.3101,0.3104,0.3101,0.3104,11779.0
1662330300000,0.3105,0.3105,0.3104,0.3104,6348.0
1662330360000,0.3105,0.3105,0.3104,0.3104,2405.0
1662330420000,0.3104,0.3105,0.3104,0.3105,311.0
1662330480000,0.3104,0.3105,0.3104,0.3105,4139.0
1662330540000,0.3106,0.3109,0.3105,0.3108,6479.0
1662330600000,0.3108,0.3108,0.3105,0.3106,7200.0
1662330660000,0.3108,0.3108,0.3107,0.3107,2160.0
1662330720000,0.3107,0.3108,0.3107,0.3108,8009.0
1662330780000,0.3109,0.3109,0.3108,0.3108,1575.0
1662330840000,0.3107,0.3107,0.3106,0.3107,13642.0
1662330900000,0.3108,0.3108,0.3108,0.3108,381.0
1662330960000,0.3109,0.3109,0.3109,0.3109,193.0
1662331020000,0.3109,0.311,0.3109,0.311,4880.0
1662331080000,0.311,0.311,0.3109,0.3109,2837.0
1662331140000,0.3111,0.3111,0.311,0.3111,1774.0
1662331200000,0.311,0.311,0.311,0.311,1690.0
1662331260000,0.311,0.311,0.311,0.311,2100.0
1662331320000,0.311,0.311,0.3109,0.3109,16643.0
1662331380000,0.3108,0.311,0.3108,0.311,31674.0
1662331440000,0.3109,0.3109,0.3109,0.3109,955.0
1662331500000,0.3107,0.3107,0.3106,0.3107,1909.0
1662331560000,0.3107,0.3107,0.3106,0.3106,683.0
1662331620000,0.3105,0.3105,0.3098,0.3098,17410.0
1662331680000,0.3099,0.31,0.3099,0.3099,749.0
1662331740000,0.3098,0.3098,0.3094,0.3096,19767.0
1662331800000,0.3096,0.3097,0.3096,0.3096,11558.0
1662331860000,0.3097,0.3097,0.3096,0.3096,3483.0
1662331920000,0.3099,0.3101,0.3099,0.3101,9447.0
1662331980000,0.31,0.3101,0.31,0.3101,1204.0
1662332040000,0.3102,0.3102,0.3101,0.3101,6300.0
1662332100000,0.31,0.31,0.3098,0.3098,3368.0
1662332160000,0.3099,0.3099,0.3098,0.3099,1724.0
1662332220000,0.31,0.31,0.31,0.31,9088.0
1662332280000,0.3101,0.3101,0.3101,0.3101,5015.0
1662332340000,0.3101,0.3101,0.3101,0.3101,9258.0
1662332400000,0.3101,0.3104,0.31,0.3104,21501.0
1662332460000,0.3102,0.3102,0.31,0.3101,9370.0
1662332520000,0.31,0.31,0.3098,0.3098,13126.0
1662332580000,0.3098,0.31,0.3098,0.31,3520.0
1662332640000,0.31,0.3101,0.31,0.3101,2953.0
1662332700000,0.3101,0.3104,0.3101,0.3103,3922.0
1662332760000,0.3103,0.3104,0.3103,0.3103,12953.0
1662332820000,0.3103,0.3103,0.3101,0.3101,8557.0
1662332880000,0.3103,0.3103,0.3102,0.3102,2306.0
1662332940000,0.3101,0.3101,0.3099,0.3099,5192.0
1662333000000,0.3098,0.3102,0.3098,0.3102,2881.0
1662333060000,0.3101,0.3101,0.3101,0.3101,471.0
1662333120000,0.31,0.31,0.3099,0.31,4437.0
1662333180000,0.31,0.31,0.3098,0.31,2244.0
1662333240000,0.31,0.31,0.3098,0.3099,14047.0
1662333300000,0.3101,0.3101,0.3101,0.3101,213.0
1662333360000,0.3101,0.3101,0.3096,0.3096,10543.0
1662333420000,0.3096,0.3099,0.3096,0.3099,11741.0
1662333480000,0.3098,0.3098,0.3096,0.3096,1604.0
1662333540000,0.3096,0.3096,0.3095,0.3095,1485.0
1662333600000,0.3095,0.3097,0.3095,0.3097,3348.0
1662333660000,0.3097,0.3099,0.3097,0.3098,2006.0
1662333720000,0.3099,0.31,0.3098,0.3098,4492.0
1662333780000,0.3098,0.3102,0.3098,0.3102,3594.0
1662333840000,0.3102,0.3103,0.3102,0.3103,3110.0
1662333900000,0.3104,0.3111,0.3104,0.3111,59467.0
1662333960000,0.3111,0.3115,0.3111,0.3112,29821.0
1662334020000,0.3111,0.3112,0.3111,0.3111,14969.0
1662334080000,0.3111,0.3111,0.3106,0.3106,15620.0
1662334140000,0.3107,0.3107,0.3107,0.3107,4489.0
1662334200000,0.3108,0.3111,0.3101,0.3102,58417.0
1662334260000,0.3102,0.3118,0.3101,0.3116,170285.0
1662334320000,0.3115,0.312,0.3115,0.3119,49432.0
1662334380000,0.3119,0.312,0.3117,0.3119,4115.0
1662334440000,0.312,0.3123,0.312,0.3123,41610.0
1662334500000,0.3122,0.3128,0.3121,0.3123,74595.0
1662334560000,0.3121,0.3121,0.312,0.312,1338.0
1662334620000,0.3119,0.312,0.3118,0.3119,2973.0
1662334680000,0.312,0.3124,0.312,0.3124,23063.0
1662334740000,0.3124,0.3124,0.3123,0.3123,3506.0
1662334800000,0.3124,0.3127,0.3124,0.3126,23959.0
1662334860000,0.3127,0.3127,0.3126,0.3127,7519.0
1662334920000,0.3126,0.313,0.3126,0.3128,19507.0
1662334980000,0.3127,0.3127,0.3124,0.3124,2597.0
1662335040000,0.3124,0.3127,0.3124,0.3126,8015.0
1662335100000,0.3127,0.3128,0.3126,0.3127,6916.0
1662335160000,0.3127,0.3127,0.3124,0.3124,410.0
1662335220000,0.3123,0.3124,0.3122,0.3124,10423.0
1662335280000,0.3124,0.3124,0.3124,0.3124,277.0
1662335340000,0.3123,0.3123,0.3121,0.3122,8239.0
1662335400000,0.3123,0.3123,0.3121,0.3121,7572.0
1662335460000,0.3121,0.3124,0.3121,0.3123,23210.0
1662335520000,0.3124,0.3126,0.3124,0.3125,9419.0
1662335580000,0.3127,0.3128,0.3127,0.3128,2447.0
1662335640000,0.3126,0.3126,0.3126,0.3126,822.0
1662335700000,0.3128,0.3128,0.3127,0.3127,3478.0
1662335760000,0.3125,0.3127,0.3124,0.3126,3701.0
1662335820000,0.3126,0.3126,0.3124,0.3125,4406.0
1662335880000,0.3125,0.3125,0.3123,0.3123,10707.0
1662335940000,0.3124,0.3126,0.3124,0.3126,3000.0
1662336000000,0.3125,0.3127,0.3124,0.3126,42719.0
1662336060000,0.3127,0.3129,0.3125,0.3125,12668.0
1662336120000,0.3128,0.313,0.3128,0.313,6759.0
1662336180000,0.3132,0.3144,0.3132,0.3141,65335.0
1662336240000,0.314,0.3146,0.3135,0.3135,37000.0
1662336300000,0.3134,0.3136,0.3131,0.3131,15546.0
1662336360000,0.3132,0.3134,0.3123,0.3123,49492.0
1662336420000,0.3124,0.3125,0.3118,0.312,13394.0
1662336480000,0.312,0.3121,0.3116,0.312,5973.0
1662336540000,0.3118,0.312,0.3117,0.3118,9604.0
1662336600000,0.3119,0.3122,0.3119,0.3121,1191.0
1662336660000,0.312,0.3122,0.312,0.3122,4392.0
1662336720000,0.3123,0.3123,0.3119,0.312,63760.0
1662336780000,0.3121,0.3124,0.312,0.3123,7126.0
1662336840000,0.3124,0.3124,0.3121,0.3122,20918.0
1662336900000,0.3121,0.3121,0.3117,0.3117,9276.0
1662336960000,0.3116,0.3118,0.3116,0.3118,32587.0
1662337020000,0.3116,0.3116,0.3113,0.3113,18029.0
1662337080000,0.3114,0.3116,0.3113,0.3115,30485.0
1662337140000,0.3115,0.3115,0.3111,0.3111,10162.0
1662337200000,0.311,0.3111,0.311,0.311,2970.0
1662337260000,0.3112,0.3114,0.3111,0.3111,4224.0
1662337320000,0.3111,0.3112,0.3111,0.3112,2117.0
1662337380000,0.3111,0.3111,0.3109,0.3109,3608.0
1662337440000,0.3109,0.311,0.3109,0.3109,8253.0
1662337500000,0.3108,0.3111,0.3106,0.3111,20566.0
1662337560000,0.311,0.311,0.3108,0.311,1705.0
1662337620000,0.311,0.311,0.311,0.311,751.0
1662337680000,0.3111,0.3113,0.3109,0.311,59358.0
1662337740000,0.3113,0.3113,0.311,0.311,47552.0
1662337800000,0.3111,0.3111,0.311,0.311,810.0
1662337860000,0.3109,0.3109,0.3101,0.3102,125142.0
1662337920000,0.3103,0.3103,0.31,0.3101,30235.0
1662337980000,0.3102,0.3102,0.31,0.3101,3231.0
1662338040000,0.3102,0.3102,0.31,0.3101,2717.0
1662338100000,0.3101,0.3101,0.31,0.31,2971.0
1662338160000,0.31,0.3102,0.31,0.3102,7378.0
1662338220000,0.3099,0.31,0.3098,0.3098,2760.0
1662338280000,0.3098,0.3098,0.3098,0.3098,2436.0
1662338340000,0.3098,0.3098,0.3097,0.3097,3434.0
1662338400000,0.3098,0.3098,0.3094,0.3094,9936.0
1662338460000,0.3093,0.3093,0.3089,0.309,30174.0
1662338520000,0.309,0.3094,0.3089,0.3094,20406.0
1662338580000,0.3093,0.3093,0.309,0.309,5783.0
1662338640000,0.309,0.3092,0.309,0.309,7487.0
1662338700000,0.309,0.3093,0.309,0.3093,32367.0
1662338760000,0.3093,0.3094,0.3092,0.3094,9057.0
1662338820000,0.3094,0.3097,0.3094,0.3096,3989.0
1662338880000,0.3093,0.3096,0.3093,0.3096,1150.0
1662338940000,0.3095,0.3095,0.3094,0.3095,371.0
1662339000000,0.3096,0.31,0.3096,0.31,16181.0
1662339060000,0.3099,0.3099,0.3099,0.3099,3703.0
1662339120000,0.31,0.31,0.3097,0.3097,8660.0
1662339180000,0.3097,0.3097,0.3096,0.3096,1425.0
1662339240000,0.3096,0.3096,0.3085,0.309,235159.0
1662339300000,0.3091,0.3096,0.3091,0.3096,6114.0
1662339360000,0.3095,0.3095,0.3093,0.3094,4782.0
1662339420000,0.3095,0.3097,0.3095,0.3096,2186.0
1662339480000,0.3096,0.3099,0.3096,0.3098,12124.0
1662339540000,0.3098,0.3099,0.3097,0.3099,1204.0
1662339600000,0.3098,0.3102,0.3098,0.3102,40690.0
1662339660000,0.3102,0.3102,0.3101,0.3101,4297.0
1662339720000,0.3102,0.3102,0.3102,0.3102,266.0
1662339780000,0.3102,0.3103,0.3102,0.3103,1439.0
1662339840000,0.3103,0.3103,0.3103,0.3103,0.0
1662339900000,0.3104,0.3107,0.3104,0.3106,11962.0
1662339960000,0.3107,0.3108,0.3107,0.3108,8481.0
1662340020000,0.3108,0.311,0.3107,0.3107,8029.0
1662340080000,0.3107,0.3109,0.3105,0.3109,22896.0
1662340140000,0.311,0.311,0.3108,0.311,333.0
1662340200000,0.3108,0.3109,0.3107,0.3107,17995.0
1662340260000,0.3109,0.3111,0.3108,0.3111,9401.0
1662340320000,0.3111,0.3111,0.3111,0.3111,16074.0
1662340380000,0.3112,0.3116,0.3112,0.3116,6511.0
1662340440000,0.3115,0.3117,0.3115,0.3117,13919.0
1662340500000,0.3116,0.3116,0.3116,0.3116,4253.0
1662340560000,0.3116,0.3116,0.3111,0.3112,11965.0
1662340620000,0.3112,0.3112,0.3111,0.3112,6039.0
1662340680000,0.3112,0.3112,0.3111,0.3112,7465.0
1662340740000,0.3109,0.311,0.3109,0.311,253.0
1662340800000,0.3109,0.3109,0.3106,0.3108,7600.0
1662340860000,0.3108,0.3109,0.3108,0.3108,6469.0
1662340920000,0.3107,0.3107,0.3107,0.3107,360.0
1662340980000,0.3107,0.3107,0.3107,0.3107,0.0
1662341040000,0.3106,0.3107,0.3106,0.3107,408.0
1662341100000,0.3105,0.3106,0.3104,0.3104,590.0
1662341160000,0.3104,0.3105,0.3104,0.3105,1684.0
1662341220000,0.3105,0.3106,0.3105,0.3106,246.0
1662341280000,0.3105,0.3105,0.3104,0.3104,2918.0
1662341340000,0.3104,0.3104,0.3104,0.3104,737.0
1662341400000,0.3104,0.3104,0.3104,0.3104,1321.0
1662341460000,0.3104,0.3106,0.3104,0.3105,4990.0
1662341520000,0.3105,0.3105,0.3102,0.3102,20402.0
1662341580000,0.3103,0.3104,0.3103,0.3104,3691.0
1662341640000,0.3105,0.3107,0.3105,0.3106,1663.0
1662341700000,0.3106,0.3108,0.3105,0.3105,2308.0
1662341760000,0.3103,0.3103,0.3102,0.3102,3249.0
1662341820000,0.3102,0.3102,0.31,0.31,3458.0
1662341880000,0.31,0.3102,0.31,0.3102,15321.0
1662341940000,0.3102,0.3102,0.3101,0.3101,1091.0
1662342000000,0.3102,0.3102,0.3102,0.3102,55.0
1662342060000,0.3102,0.3104,0.31,0.3104,13739.0
1662342120000,0.3104,0.3104,0.3104,0.3104,627.0
1662342180000,0.31,0.3103,0.31,0.31,1953.0
1662342240000,0.3101,0.3102,0.3101,0.3101,2846.0
1662342300000,0.3101,0.3103,0.3101,0.3103,8646.0
1662342360000,0.3104,0.3104,0.3104,0.3104,125.0
1662342420000,0.3104,0.3104,0.31,0.31,42018.0
1662342480000,0.31,0.31,0.3097,0.3097,46990.0
1662342540000,0.3098,0.3099,0.3094,0.3094,18040.0
1662342600000,0.3093,0.3094,0.3092,0.3093,35475.0
1662342660000,0.3095,0.3095,0.3092,0.3093,10499.0
1662342720000,0.3093,0.3093,0.3092,0.3092,698.0
1662342780000,0.3092,0.3093,0.3092,0.3093,928.0
1662342840000,0.3092,0.3092,0.3091,0.3091,2369.0
1662342900000,0.3092,0.3092,0.3089,0.3089,6964.0
1662342960000,0.3091,0.3094,0.3091,0.3094,3128.0
1662343020000,0.3094,0.3094,0.3092,0.3092,5234.0
1662343080000,0.3093,0.3093,0.3092,0.3093,472.0
1662343140000,0.3093,0.3094,0.3093,0.3094,200.0
1662343200000,0.3094,0.3096,0.3093,0.3096,19244.0
1662343260000,0.3096,0.3096,0.3095,0.3096,9195.0
1662343320000,0.3095,0.3095,0.3092,0.3092,5884.0
1662343380000,0.3092,0.3092,0.309,0.3091,20714.0
1662343440000,0.309,0.3091,0.309,0.3091,4395.0
1662343500000,0.3091,0.3091,0.3091,0.3091,0.0
1662343560000,0.3091,0.3091,0.309,0.309,1039.0
1662343620000,0.309,0.309,0.309,0.309,881.0
1662343680000,0.309,0.309,0.3088,0.3088,1115.0
1662343740000,0.3088,0.3089,0.3088,0.3089,3599.0
1662343800000,0.3089,0.309,0.3089,0.309,372.0
1662343860000,0.3091,0.3092,0.3091,0.3092,3279.0
1662343920000,0.3092,0.3093,0.3092,0.3093,4449.0
1662343980000,0.3092,0.3092,0.3091,0.3091,114.0
1662344040000,0.3091,0.3092,0.3091,0.3092,12407.0
1662344100000,0.3092,0.3092,0.309,0.309,15051.0
1662344160000,0.309,0.3091,0.309,0.309,13236.0
1662344220000,0.3091,0.3091,0.3088,0.3088,56705.0
1662344280000,0.3088,0.3089,0.3087,0.3089,19489.0
1662344340000,0.3088,0.3089,0.3088,0.3088,15666.0
1662344400000,0.3089,0.3089,0.3088,0.3088,1018.0
1662344460000,0.3088,0.3088,0.3086,0.3087,5582.0
1662344520000,0.3088,0.3088,0.3086,0.3086,11642.0
1662344580000,0.3086,0.3089,0.3086,0.3089,5641.0
1662344640000,0.3089,0.3089,0.3086,0.3086,1042.0
1662344700000,0.3087,0.3087,0.3085,0.3086,6016.0
1662344760000,0.3087,0.3087,0.3085,0.3085,22790.0
1662344820000,0.3085,0.3086,0.3085,0.3086,656.0
1662344880000,0.3086,0.3086,0.3085,0.3085,7566.0
1662344940000,0.3086,0.3086,0.3085,0.3085,3698.0
1662345000000,0.3086,0.3086,0.3085,0.3086,3961.0
1662345060000,0.3086,0.3086,0.3086,0.3086,3213.0
1662345120000,0.3086,0.3086,0.3086,0.3086,1252.0
1662345180000,0.3085,0.3086,0.3085,0.3086,1380.0
1662345240000,0.3085,0.3086,0.3085,0.3086,1203.0
1662345300000,0.3086,0.3086,0.3086,0.3086,913.0
1662345360000,0.3085,0.3086,0.3085,0.3086,22927.0
1662345420000,0.3086,0.3086,0.3086,0.3086,3505.0
1662345480000,0.3086,0.309,0.3086,0.3089,66520.0
1662345540000,0.309,0.309,0.3088,0.3088,10323.0
1662345600000,0.3089,0.3093,0.3089,0.3092,3363.0
1662345660000,0.3092,0.3092,0.3092,0.3092,0.0
1662345720000,0.3092,0.3095,0.3091,0.3095,1397.0
1662345780000,0.3094,0.3094,0.3093,0.3093,2508.0
1662345840000,0.3094,0.3097,0.3094,0.3097,20808.0
1662345900000,0.3097,0.3098,0.3097,0.3098,3453.0
1662345960000,0.3097,0.3097,0.3097,0.3097,3138.0
1662346020000,0.3097,0.3097,0.3095,0.3096,15986.0
1662346080000,0.3095,0.3096,0.3095,0.3095,7204.0
1662346140000,0.3095,0.3096,0.3095,0.3096,35407.0
1662346200000,0.3097,0.3098,0.3097,0.3098,16381.0
1662346260000,0.3098,0.31,0.3098,0.31,2835.0
1662346320000,0.31,0.31,0.31,0.31,36.0
1662346380000,0.31,0.3101,0.31,0.3101,445.0
1662346440000,0.3101,0.3103,0.3101,0.3103,74371.0
1662346500000,0.3102,0.3104,0.3102,0.3104,20148.0
1662346560000,0.3104,0.3107,0.3104,0.3105,57142.0
1662346620000,0.3106,0.3107,0.3106,0.3107,31642.0
1662346680000,0.3107,0.3107,0.3107,0.3107,15830.0
1662346740000,0.3108,0.311,0.3108,0.3109,51261.0
1662346800000,0.3109,0.3111,0.3109,0.311,12755.0
1662346860000,0.311,0.3111,0.3108,0.3108,55782.0
1662346920000,0.3108,0.3108,0.3104,0.3108,95935.0
1662346980000,0.3109,0.311,0.3109,0.311,26306.0
1662347040000,0.311,0.3111,0.311,0.311,13392.0
1662347100000,0.311,0.311,0.311,0.311,14082.0
1662347160000,0.311,0.3111,0.3105,0.3105,59140.0
1662347220000,0.3105,0.3106,0.3104,0.3105,7877.0
1662347280000,0.3104,0.3104,0.3103,0.3104,10657.0
1662347340000,0.3104,0.3105,0.3104,0.3104,12938.0
1662347400000,0.3103,0.3105,0.3103,0.3104,15633.0
1662347460000,0.3105,0.3105,0.3104,0.3105,17680.0
1662347520000,0.3105,0.3105,0.3103,0.3103,17822.0
1662347580000,0.3103,0.3104,0.31,0.31,10252.0
1662347640000,0.3101,0.3102,0.3101,0.3102,13158.0
1662347700000,0.3102,0.3105,0.3102,0.3105,56852.0
1662347760000,0.3104,0.3108,0.3104,0.3108,33718.0
1662347820000,0.3108,0.3109,0.3107,0.3108,38623.0
1662347880000,0.3107,0.3107,0.3104,0.3106,36111.0
1662347940000,0.3106,0.3107,0.3104,0.3104,9851.0
1662348000000,0.3104,0.3109,0.3104,0.3109,12442.0
1662348060000,0.3108,0.3108,0.3104,0.3104,38907.0
1662348120000,0.3107,0.3107,0.3106,0.3106,2842.0
1662348180000,0.3105,0.3105,0.3105,0.3105,925.0
1662348240000,0.3106,0.3106,0.3104,0.3104,11044.0
1662348300000,0.3103,0.3104,0.3103,0.3103,238.0
1662348360000,0.3103,0.3103,0.3102,0.3102,1054.0
1662348420000,0.3103,0.3104,0.3103,0.3103,6339.0
1662348480000,0.3104,0.3105,0.3103,0.3103,21143.0
1662348540000,0.3103,0.3103,0.3101,0.3101,3242.0
1662348600000,0.3102,0.3102,0.3101,0.3101,1787.0
1662348660000,0.3104,0.3104,0.3103,0.3103,3186.0
1662348720000,0.3104,0.3104,0.3104,0.3104,97.0
1662348780000,0.3104,0.3104,0.3103,0.3103,314.0
1662348840000,0.3104,0.3104,0.3101,0.3101,4156.0
1662348900000,0.3102,0.3102,0.3102,0.3102,1714.0
1662348960000,0.3102,0.3105,0.3102,0.3105,759.0
1662349020000,0.3105,0.3105,0.3105,0.3105,218.0
1662349080000,0.3105,0.3106,0.3105,0.3105,3624.0
1662349140000,0.3105,0.3107,0.3105,0.3106,754.0
1662349200000,0.3106,0.3106,0.3106,0.3106,1148.0
1662349260000,0.3107,0.3107,0.3107,0.3107,1067.0
1662349320000,0.3106,0.3106,0.3105,0.3105,4095.0
1662349380000,0.3103,0.3104,0.3103,0.3104,5977.0
1662349440000,0.3104,0.3104,0.3104,0.3104,170.0
1662349500000,0.3105,0.3105,0.3104,0.3105,3345.0
1662349560000,0.3105,0.3107,0.3105,0.3106,13968.0
1662349620000,0.3104,0.3104,0.3103,0.3104,7626.0
1662349680000,0.3103,0.3103,0.3102,0.3102,4663.0
1662349740000,0.3102,0.3102,0.3102,0.3102,0.0
1662349800000,0.3103,0.3104,0.3103,0.3104,882.0
1662349860000,0.3104,0.3104,0.3104,0.3104,563.0
1662349920000,0.3104,0.3104,0.3103,0.3103,9467.0
1662349980000,0.3103,0.3103,0.3102,0.3102,6153.0
1662350040000,0.3103,0.3103,0.3101,0.3102,10594.0
1662350100000,0.3102,0.3102,0.3099,0.3099,9669.0
1662350160000,0.3099,0.31,0.3099,0.3099,3070.0
1662350220000,0.3099,0.3099,0.3098,0.3098,3074.0
1662350280000,0.3098,0.3099,0.3098,0.3099,2846.0
1662350340000,0.3099,0.31,0.3099,0.31,430.0
1662350400000,0.3101,0.3102,0.31,0.3101,10970.0
1662350460000,0.31,0.3101,0.31,0.3101,12014.0
1662350520000,0.31,0.3102,0.31,0.3102,1884.0
1662350580000,0.3101,0.3105,0.3101,0.3105,6323.0
1662350640000,0.3105,0.3106,0.3104,0.3104,20576.0
1662350700000,0.3104,0.3104,0.3102,0.3103,2250.0
1662350760000,0.3103,0.3104,0.3099,0.3099,29176.0
1662350820000,0.31,0.31,0.3099,0.31,3562.0
1662350880000,0.31,0.31,0.31,0.31,1820.0
1662350940000,0.3101,0.3101,0.3101,0.3101,9702.0
1662351000000,0.3103,0.3104,0.3103,0.3104,10260.0
1662351060000,0.3104,0.3104,0.3103,0.3104,6530.0
1662351120000,0.3104,0.3104,0.3103,0.3103,826.0
1662351180000,0.3103,0.3103,0.3102,0.3103,4146.0
1662351240000,0.3102,0.3104,0.3102,0.3104,5172.0
1662351300000,0.3103,0.3104,0.31,0.31,9518.0
1662351360000,0.31,0.3101,0.31,0.3101,1614.0
1662351420000,0.31,0.3102,0.31,0.3102,12143.0
1662351480000,0.3103,0.3103,0.3102,0.3103,598.0
1662351540000,0.3103,0.3103,0.3103,0.3103,483.0
1662351600000,0.3101,0.3102,0.3101,0.3102,3199.0
1662351660000,0.3102,0.3105,0.3102,0.3103,42919.0
1662351720000,0.3104,0.3105,0.3102,0.3102,17868.0
1662351780000,0.3103,0.3103,0.3099,0.31,68839.0
1662351840000,0.3099,0.3101,0.3099,0.3101,24656.0
1662351900000,0.3101,0.3101,0.3101,0.3101,840.0
1662351960000,0.3101,0.3102,0.3101,0.3102,49617.0
1662352020000,0.3102,0.3102,0.3101,0.3101,2044.0
1662352080000,0.3103,0.3103,0.3102,0.3102,2787.0
1662352140000,0.3103,0.3103,0.3103,0.3103,137.0
1662352200000,0.3103,0.3104,0.3103,0.3104,947.0
1662352260000,0.3103,0.3103,0.3101,0.3101,8208.0
1662352320000,0.3103,0.3104,0.3103,0.3104,857.0
1662352380000,0.3103,0.3104,0.3103,0.3103,8459.0
1662352440000,0.3103,0.3103,0.31,0.31,26698.0
1662352500000,0.3099,0.31,0.3099,0.3099,1924.0
1662352560000,0.3099,0.3099,0.3098,0.3098,2295.0
1662352620000,0.3098,0.3098,0.3097,0.3097,10670.0
1662352680000,0.3096,0.3096,0.3096,0.3096,2902.0
1662352740000,0.3096,0.3097,0.3096,0.3097,3990.0
1662352800000,0.3097,0.3098,0.3097,0.3097,14457.0
1662352860000,0.3097,0.3098,0.3095,0.3095,12293.0
1662352920000,0.3096,0.3097,0.3096,0.3097,1782.0
1662352980000,0.3096,0.3097,0.3096,0.3096,4696.0
1662353040000,0.3095,0.3096,0.3095,0.3096,6999.0
1662353100000,0.3096,0.3098,0.3096,0.3097,24993.0
1662353160000,0.3097,0.3097,0.3097,0.3097,705.0
1662353220000,0.3097,0.3097,0.3096,0.3097,1118.0
1662353280000,0.3096,0.3096,0.3096,0.3096,2134.0
1662353340000,0.3095,0.3095,0.3095,0.3095,579.0
1662353400000,0.3096,0.3096,0.3096,0.3096,59.0
1662353460000,0.3096,0.3097,0.3096,0.3097,405.0
1662353520000,0.3096,0.3099,0.3096,0.3099,3947.0
1662353580000,0.3099,0.3099,0.3098,0.3099,20171.0
1662353640000,0.3099,0.31,0.3097,0.3099,42570.0
1662353700000,0.3098,0.31,0.3098,0.31,13597.0
1662353760000,0.3101,0.3102,0.3101,0.3102,3091.0
1662353820000,0.3102,0.3104,0.3102,0.3103,3396.0
1662353880000,0.3103,0.3103,0.3103,0.3103,255.0
1662353940000,0.3104,0.3104,0.3103,0.3103,13165.0
1662354000000,0.3103,0.3104,0.3103,0.3104,3169.0
1662354060000,0.3104,0.3104,0.3104,0.3104,3038.0
1662354120000,0.3103,0.3104,0.3103,0.3103,8320.0
1662354180000,0.3104,0.3104,0.3102,0.3103,9674.0
1662354240000,0.3102,0.3103,0.3102,0.3102,5513.0
1662354300000,0.3101,0.3102,0.3101,0.3101,1393.0
1662354360000,0.3101,0.3101,0.3092,0.3092,19001.0
1662354420000,0.3091,0.3091,0.3089,0.3089,9309.0
1662354480000,0.3088,0.3088,0.3079,0.3081,74195.0
1662354540000,0.3081,0.3082,0.3079,0.308,22288.0
1662354600000,0.3079,0.3079,0.3067,0.3075,148357.0
1662354660000,0.3075,0.3083,0.3075,0.308,19000.0
1662354720000,0.308,0.3082,0.308,0.3081,6923.0
1662354780000,0.3083,0.3083,0.3081,0.3083,9172.0
1662354840000,0.3083,0.3083,0.3082,0.3082,488.0
1662354900000,0.3082,0.3082,0.3075,0.3076,3065.0
1662354960000,0.3076,0.3077,0.3076,0.3077,6432.0
1662355020000,0.3077,0.3077,0.3076,0.3076,2790.0
1662355080000,0.3076,0.3076,0.3075,0.3075,5546.0
1662355140000,0.3076,0.3079,0.3075,0.3075,12208.0
1662355200000,0.3075,0.3075,0.3071,0.3073,38027.0
1662355260000,0.3074,0.3074,0.3072,0.3074,1255.0
1662355320000,0.3075,0.3075,0.3072,0.3072,12473.0
1662355380000,0.3071,0.3071,0.3057,0.3057,136606.0
1662355440000,0.3057,0.3057,0.3043,0.305,117311.0
1662355500000,0.3049,0.3053,0.3046,0.3047,44509.0
1662355560000,0.3047,0.3055,0.3046,0.3054,22166.0
1662355620000,0.3053,0.3054,0.3052,0.3052,22024.0
1662355680000,0.3051,0.3051,0.305,0.3051,20299.0
1662355740000,0.3052,0.3052,0.3047,0.3048,45110.0
1662355800000,0.3049,0.305,0.3041,0.3042,10259.0
1662355860000,0.3041,0.3041,0.3031,0.3034,115493.0
1662355920000,0.3035,0.304,0.3033,0.3034,48702.0
1662355980000,0.3035,0.3039,0.3028,0.3028,72952.0
1662356040000,0.3029,0.303,0.3025,0.3026,38029.0
1662356100000,0.3027,0.3034,0.3027,0.3032,27566.0
1662356160000,0.3032,0.3033,0.3027,0.3028,18514.0
1662356220000,0.3028,0.3031,0.3028,0.3031,873.0
1662356280000,0.303,0.3031,0.3029,0.303,31039.0
1662356340000,0.303,0.3036,0.3026,0.3026,42898.0
1662356400000,0.3026,0.3029,0.3026,0.3029,12547.0
1662356460000,0.3029,0.3029,0.3027,0.3028,7720.0
1662356520000,0.3026,0.3027,0.302,0.3026,47566.0
1662356580000,0.3026,0.3026,0.3025,0.3025,1632.0
1662356640000,0.3026,0.3028,0.3025,0.3028,22393.0
1662356700000,0.3028,0.3028,0.3025,0.3026,8170.0
1662356760000,0.3027,0.3027,0.3024,0.3025,27554.0
1662356820000,0.3025,0.3028,0.3025,0.3027,8495.0
1662356880000,0.3027,0.3028,0.3023,0.3025,12731.0
1662356940000,0.3026,0.3027,0.3024,0.3027,29980.0
1662357000000,0.3027,0.3031,0.3026,0.303,5831.0
1662357060000,0.303,0.3035,0.3029,0.303,20635.0
1662357120000,0.303,0.303,0.3029,0.303,6400.0
1662357180000,0.3029,0.3031,0.3028,0.3031,6739.0
1662357240000,0.3031,0.3032,0.3029,0.3031,45094.0
1662357300000,0.3031,0.3032,0.303,0.303,25150.0
1662357360000,0.3029,0.303,0.3029,0.3029,50128.0
1662357420000,0.3029,0.303,0.3029,0.3029,1223.0
1662357480000,0.303,0.3032,0.303,0.3032,276.0
1662357540000,0.3032,0.3033,0.3032,0.3033,2934.0
1662357600000,0.3031,0.3034,0.303,0.3033,11225.0
1662357660000,0.3034,0.3035,0.3031,0.3031,13007.0
1662357720000,0.3033,0.304,0.3033,0.304,65660.0
1662357780000,0.304,0.3043,0.304,0.3041,14231.0
1662357840000,0.3042,0.3044,0.3041,0.3044,25801.0
1662357900000,0.3045,0.3047,0.3043,0.3046,24398.0
1662357960000,0.3045,0.3045,0.3044,0.3044,8459.0
1662358020000,0.3045,0.3046,0.3044,0.3044,14274.0
1662358080000,0.3045,0.3045,0.3043,0.3045,7078.0
1662358140000,0.3046,0.3047,0.3046,0.3047,11162.0
1662358200000,0.3046,0.3047,0.3046,0.3047,4941.0
1662358260000,0.3046,0.3046,0.3045,0.3045,2363.0
1662358320000,0.3046,0.3046,0.3044,0.3044,19603.0
1662358380000,0.3045,0.3046,0.3044,0.3045,8060.0
1662358440000,0.3046,0.3046,0.3045,0.3045,3606.0
1662358500000,0.3046,0.3046,0.3045,0.3046,25690.0
1662358560000,0.3046,0.3046,0.3044,0.3045,8776.0
1662358620000,0.3046,0.3047,0.3046,0.3047,10463.0
1662358680000,0.3047,0.3048,0.3047,0.3047,1636.0
1662358740000,0.3047,0.3053,0.3047,0.3053,93174.0
1662358800000,0.3053,0.3053,0.3051,0.3052,4421.0
1662358860000,0.3051,0.3052,0.3051,0.3051,17389.0
1662358920000,0.3051,0.3051,0.3051,0.3051,682.0
1662358980000,0.3052,0.3053,0.305,0.305,44606.0
1662359040000,0.305,0.3051,0.3048,0.3049,15817.0
1662359100000,0.305,0.305,0.3049,0.3049,6698.0
1662359160000,0.305,0.3051,0.3048,0.305,26693.0
1662359220000,0.3048,0.3048,0.3048,0.3048,4644.0
1662359280000,0.3048,0.305,0.3047,0.3048,10717.0
1662359340000,0.3049,0.3049,0.3049,0.3049,751.0
1662359400000,0.3049,0.305,0.3045,0.3045,16204.0
1662359460000,0.3045,0.3046,0.3044,0.3045,5008.0
1662359520000,0.3044,0.3044,0.3042,0.3042,6277.0
1662359580000,0.3043,0.3044,0.3043,0.3043,1440.0
1662359640000,0.3044,0.3044,0.3043,0.3043,3716.0
1662359700000,0.3044,0.3044,0.3043,0.3043,8323.0
1662359760000,0.3044,0.3045,0.3044,0.3045,6408.0
1662359820000,0.3042,0.3044,0.3042,0.3042,22164.0
1662359880000,0.3041,0.3041,0.3039,0.3039,6914.0
1662359940000,0.3041,0.3043,0.3041,0.3042,10619.0
1662360000000,0.3042,0.3043,0.3042,0.3043,4322.0
1662360060000,0.3042,0.3042,0.3039,0.3039,53424.0
1662360120000,0.3039,0.304,0.3039,0.3039,9145.0
1662360180000,0.3039,0.304,0.3038,0.3038,6707.0
1662360240000,0.3038,0.3039,0.3038,0.3038,3840.0
1662360300000,0.3038,0.3038,0.3036,0.3037,2020.0
1662360360000,0.3037,0.3038,0.3037,0.3038,7445.0
1662360420000,0.3037,0.3038,0.3036,0.3037,27315.0
1662360480000,0.3038,0.3041,0.3038,0.3041,43268.0
1662360540000,0.304,0.3043,0.304,0.3041,8999.0
1662360600000,0.3042,0.3042,0.3041,0.3042,12770.0
1662360660000,0.3042,0.3043,0.3042,0.3043,6620.0
1662360720000,0.3043,0.3048,0.3043,0.3047,18528.0
1662360780000,0.3046,0.3048,0.3046,0.3048,19391.0
1662360840000,0.3048,0.3048,0.3046,0.3046,8391.0
1662360900000,0.3048,0.3048,0.3047,0.3047,9242.0
1662360960000,0.3046,0.3046,0.3044,0.3044,6872.0
1662361020000,0.3046,0.3046,0.3043,0.3043,2752.0
1662361080000,0.3044,0.3044,0.3044,0.3044,3217.0
1662361140000,0.3044,0.3044,0.3044,0.3044,3293.0
1662361200000,0.3044,0.3044,0.3041,0.3041,21650.0
1662361260000,0.3042,0.3044,0.3042,0.3042,7425.0
1662361320000,0.3041,0.3041,0.3041,0.3041,2834.0
1662361380000,0.3042,0.3044,0.3041,0.3042,13964.0
1662361440000,0.3042,0.3043,0.3041,0.3043,9801.0
1662361500000,0.304,0.304,0.304,0.304,7334.0
1662361560000,0.3041,0.3041,0.3037,0.3037,2059.0
1662361620000,0.3038,0.304,0.3038,0.3038,8734.0
1662361680000,0.3037,0.3038,0.3037,0.3038,4467.0
1662361740000,0.3038,0.3039,0.3038,0.3038,2434.0
1662361800000,0.3039,0.3039,0.3038,0.3039,6039.0
1662361860000,0.3039,0.304,0.3039,0.304,8431.0
1662361920000,0.3039,0.3039,0.3038,0.3039,3213.0
1662361980000,0.3039,0.304,0.3039,0.304,6691.0
1662362040000,0.3039,0.304,0.3039,0.3039,8004.0
1662362100000,0.3038,0.304,0.3038,0.304,18788.0
1662362160000,0.3041,0.3041,0.3041,0.3041,1503.0
1662362220000,0.3041,0.3043,0.304,0.3043,9867.0
1662362280000,0.3043,0.3044,0.3041,0.3044,2480.0
1662362340000,0.3043,0.3043,0.3042,0.3043,19096.0
1662362400000,0.3044,0.3044,0.3042,0.3042,10137.0
1662362460000,0.3042,0.3042,0.304,0.3041,22373.0
1662362520000,0.3041,0.3041,0.304,0.304,1510.0
1662362580000,0.3041,0.3041,0.3038,0.3038,16869.0
1662362640000,0.3038,0.3038,0.3037,0.3037,5697.0
1662362700000,0.3036,0.3036,0.3034,0.3035,16968.0
1662362760000,0.3035,0.3036,0.3035,0.3035,10881.0
1662362820000,0.3035,0.3035,0.303,0.303,14746.0
1662362880000,0.303,0.303,0.3022,0.3028,35505.0
1662362940000,0.3027,0.303,0.3027,0.3029,6304.0
1662363000000,0.3029,0.3029,0.3028,0.3028,11500.0
1662363060000,0.3028,0.3028,0.3023,0.3023,8863.0
1662363120000,0.3025,0.3025,0.3023,0.3024,3811.0
1662363180000,0.3024,0.3028,0.3023,0.3027,9356.0
1662363240000,0.3025,0.3026,0.3024,0.3026,22376.0
1662363300000,0.3026,0.3027,0.3026,0.3027,646.0
1662363360000,0.3025,0.3026,0.3023,0.3023,18128.0
1662363420000,0.3023,0.3024,0.3018,0.3018,23228.0
1662363480000,0.3019,0.302,0.3019,0.3019,3419.0
1662363540000,0.302,0.302,0.302,0.302,2605.0
1662363600000,0.3021,0.3021,0.3019,0.3019,15192.0
1662363660000,0.3021,0.3022,0.302,0.3022,8233.0
1662363720000,0.3021,0.3021,0.302,0.302,9238.0
1662363780000,0.3021,0.3021,0.3019,0.3021,43560.0
1662363840000,0.3022,0.3023,0.3022,0.3022,7363.0
1662363900000,0.3022,0.3023,0.3022,0.3022,7202.0
1662363960000,0.3023,0.3024,0.3022,0.3023,7703.0
1662364020000,0.3024,0.3024,0.3024,0.3024,67.0
1662364080000,0.3023,0.3024,0.3023,0.3023,3880.0
1662364140000,0.3024,0.3024,0.3024,0.3024,1419.0
1662364200000,0.3023,0.3023,0.3022,0.3022,7076.0
1662364260000,0.3021,0.3021,0.3019,0.3021,17697.0
1662364320000,0.302,0.3022,0.302,0.3022,13491.0
1662364380000,0.3022,0.3022,0.3019,0.3022,54354.0
1662364440000,0.3021,0.3021,0.3021,0.3021,208.0
1662364500000,0.3022,0.3025,0.3022,0.3025,17814.0
1662364560000,0.3024,0.3024,0.3023,0.3023,3047.0
1662364620000,0.3023,0.3023,0.3022,0.3023,3152.0
1662364680000,0.3022,0.3022,0.3021,0.3021,4356.0
1662364740000,0.302,0.3021,0.3019,0.3021,6024.0
1662364800000,0.302,0.302,0.3014,0.3018,53736.0
1662364860000,0.3017,0.3017,0.3014,0.3014,9490.0
1662364920000,0.3015,0.302,0.3015,0.302,22986.0
1662364980000,0.3021,0.3021,0.3019,0.302,8075.0
1662365040000,0.3019,0.3019,0.3018,0.3019,8114.0
1662365100000,0.3019,0.3019,0.3019,0.3019,474.0
1662365160000,0.3019,0.302,0.3017,0.3017,7585.0
1662365220000,0.3017,0.3017,0.3014,0.3015,5862.0
1662365280000,0.3014,0.3014,0.301,0.301,20884.0
1662365340000,0.3011,0.3015,0.3011,0.3014,32764.0
1662365400000,0.3014,0.3016,0.3013,0.3013,40681.0
1662365460000,0.3014,0.3015,0.3013,0.3013,4402.0
1662365520000,0.3012,0.3012,0.301,0.301,46319.0
1662365580000,0.3012,0.3013,0.3012,0.3012,5045.0
1662365640000,0.3012,0.3012,0.3011,0.3011,4308.0
1662365700000,0.3012,0.3014,0.3012,0.3013,7422.0
1662365760000,0.3014,0.3014,0.3014,0.3014,1208.0
1662365820000,0.3014,0.3014,0.3013,0.3014,1906.0
1662365880000,0.3013,0.3013,0.3012,0.3012,8852.0
1662365940000,0.3012,0.3012,0.301,0.301,3315.0
1662366000000,0.301,0.301,0.3003,0.3006,68023.0
1662366060000,0.3006,0.3006,0.3002,0.3002,95553.0
1662366120000,0.3003,0.3011,0.3002,0.301,30352.0
1662366180000,0.3009,0.3013,0.3009,0.3013,5134.0
1662366240000,0.3012,0.3017,0.3012,0.3017,53644.0
1662366300000,0.3018,0.3019,0.3016,0.3016,21529.0
1662366360000,0.3015,0.3016,0.3015,0.3015,13411.0
1662366420000,0.3016,0.3017,0.3016,0.3017,15160.0
1662366480000,0.3018,0.302,0.3017,0.302,9805.0
1662366540000,0.3019,0.302,0.3019,0.302,6727.0
1662366600000,0.302,0.3021,0.302,0.3021,13348.0
1662366660000,0.302,0.302,0.3018,0.3018,13587.0
1662366720000,0.3018,0.302,0.3018,0.3019,4676.0
1662366780000,0.3019,0.3019,0.3018,0.3018,5828.0
1662366840000,0.3018,0.3019,0.3017,0.3018,6832.0
1662366900000,0.3019,0.3021,0.3019,0.302,7557.0
1662366960000,0.3021,0.3023,0.3021,0.3022,4661.0
1662367020000,0.3022,0.3023,0.3022,0.3023,499.0
1662367080000,0.3023,0.3024,0.3023,0.3024,5000.0
1662367140000,0.3024,0.3024,0.3023,0.3024,1001.0
1662367200000,0.3024,0.3024,0.3023,0.3023,1189.0
1662367260000,0.3024,0.3024,0.3024,0.3024,2899.0
1662367320000,0.3024,0.3024,0.3023,0.3024,14622.0
1662367380000,0.3024,0.3024,0.3022,0.3024,4919.0
1662367440000,0.3024,0.3024,0.3024,0.3024,2500.0
1662367500000,0.3024,0.3024,0.3024,0.3024,1549.0
1662367560000,0.3024,0.3024,0.3024,0.3024,330.0
1662367620000,0.3023,0.3023,0.302,0.302,7392.0
1662367680000,0.302,0.3021,0.3019,0.3021,5915.0
1662367740000,0.302,0.302,0.3019,0.302,4357.0
1662367800000,0.302,0.3023,0.302,0.3023,8265.0
1662367860000,0.3023,0.3023,0.302,0.302,873.0
1662367920000,0.302,0.302,0.302,0.302,963.0
1662367980000,0.302,0.3021,0.302,0.302,640.0
1662368040000,0.302,0.3021,0.3019,0.3019,6786.0
1662368100000,0.3018,0.3019,0.3018,0.3019,1676.0
1662368160000,0.3019,0.3021,0.3019,0.302,5336.0
1662368220000,0.302,0.3021,0.3019,0.3021,1644.0
1662368280000,0.302,0.302,0.3018,0.3018,26198.0
1662368340000,0.3019,0.3019,0.3019,0.3019,180.0
1662368400000,0.3019,0.3019,0.3015,0.3018,24561.0
1662368460000,0.3019,0.3021,0.301,0.3012,27310.0
1662368520000,0.3013,0.3015,0.3013,0.3015,806.0
1662368580000,0.3015,0.3016,0.3015,0.3015,739.0
1662368640000,0.3016,0.3016,0.3015,0.3015,6831.0
1662368700000,0.3014,0.3016,0.3014,0.3016,2421.0
1662368760000,0.3015,0.3015,0.3013,0.3013,1625.0
1662368820000,0.3013,0.3013,0.3012,0.3012,3677.0
1662368880000,0.3012,0.3012,0.301,0.3011,10270.0
1662368940000,0.301,0.3011,0.301,0.3011,1383.0
1662369000000,0.301,0.301,0.301,0.301,1954.0
1662369060000,0.3011,0.3011,0.301,0.3011,1842.0
1662369120000,0.3011,0.3011,0.3009,0.301,19516.0
1662369180000,0.3009,0.3009,0.3006,0.3007,27500.0
1662369240000,0.3007,0.3008,0.3007,0.3008,3231.0
1662369300000,0.3007,0.3008,0.3007,0.3008,1045.0
1662369360000,0.3008,0.301,0.3008,0.301,333.0
1662369420000,0.301,0.3013,0.301,0.3013,7390.0
1662369480000,0.3014,0.3016,0.3014,0.3016,22623.0
1662369540000,0.3016,0.3016,0.3014,0.3015,2119.0
1662369600000,0.3015,0.3015,0.3011,0.3011,7028.0
1662369660000,0.3011,0.3011,0.3005,0.3005,16109.0
1662369720000,0.3005,0.3005,0.3,0.3,45853.0
1662369780000,0.3001,0.3006,0.3001,0.3006,28270.0
1662369840000,0.3004,0.3004,0.3003,0.3004,3316.0
1662369900000,0.3004,0.3004,0.3004,0.3004,1472.0
1662369960000,0.3003,0.3004,0.3001,0.3002,22226.0
1662370020000,0.3002,0.3003,0.3001,0.3003,7780.0
1662370080000,0.3003,0.3003,0.3,0.3001,36993.0
1662370140000,0.3001,0.3003,0.3,0.3003,9749.0
1662370200000,0.3002,0.3002,0.3001,0.3002,2753.0
1662370260000,0.3002,0.3003,0.3001,0.3002,5435.0
1662370320000,0.3001,0.3001,0.3001,0.3001,97.0
1662370380000,0.3002,0.3002,0.3001,0.3001,11418.0
1662370440000,0.3001,0.3002,0.3,0.3,11607.0
1662370500000,0.3,0.3,0.2999,0.2999,3365.0
1662370560000,0.3,0.3003,0.3,0.3003,61250.0
1662370620000,0.3002,0.3003,0.3002,0.3002,1795.0
1662370680000,0.3004,0.3008,0.3004,0.3006,33788.0
1662370740000,0.3007,0.3008,0.3007,0.3007,12764.0
1662370800000,0.3007,0.3011,0.3007,0.3009,32723.0
1662370860000,0.3009,0.301,0.3009,0.3009,17659.0
1662370920000,0.301,0.301,0.301,0.301,12331.0
1662370980000,0.3009,0.3009,0.3008,0.3008,3976.0
1662371040000,0.3009,0.3011,0.3009,0.301,5635.0
1662371100000,0.3012,0.3012,0.301,0.301,9624.0
1662371160000,0.301,0.3012,0.301,0.3011,8546.0
1662371220000,0.3012,0.3012,0.3011,0.3012,2075.0
1662371280000,0.3012,0.3013,0.3011,0.3012,11499.0
1662371340000,0.3013,0.3017,0.3013,0.3016,42102.0
1662371400000,0.3016,0.302,0.3016,0.302,10251.0
1662371460000,0.3018,0.302,0.3018,0.3018,24185.0
1662371520000,0.3018,0.3018,0.3017,0.3017,4638.0
1662371580000,0.3017,0.3018,0.3017,0.3017,2745.0
1662371640000,0.3017,0.3018,0.3017,0.3018,16714.0
1662371700000,0.3018,0.3018,0.3018,0.3018,391.0
1662371760000,0.3018,0.3018,0.3018,0.3018,1073.0
1662371820000,0.3017,0.3017,0.3017,0.3017,10548.0
1662371880000,0.3016,0.3016,0.3014,0.3014,6020.0
1662371940000,0.3015,0.3015,0.3015,0.3015,687.0
1662372000000,0.3014,0.3015,0.3013,0.3013,12392.0
1662372060000,0.3014,0.3016,0.3014,0.3016,17618.0
1662372120000,0.3016,0.3016,0.3013,0.3014,19314.0
1662372180000,0.3014,0.3015,0.3013,0.3014,20349.0
1662372240000,0.3014,0.3014,0.3012,0.3012,895.0
1662372300000,0.3011,0.3011,0.301,0.3011,24321.0
1662372360000,0.301,0.301,0.3003,0.3003,11962.0
1662372420000,0.3003,0.3006,0.3002,0.3006,42023.0
1662372480000,0.3005,0.3008,0.3005,0.3008,1895.0
1662372540000,0.3007,0.3008,0.3006,0.3006,2998.0
1662372600000,0.3007,0.3012,0.3006,0.3012,12916.0
1662372660000,0.3011,0.3018,0.3008,0.3013,60878.0
1662372720000,0.3014,0.3016,0.3013,0.3016,18996.0
1662372780000,0.3016,0.3017,0.3014,0.3017,9747.0
1662372840000,0.3017,0.3017,0.3016,0.3016,5199.0
1662372900000,0.3015,0.3015,0.3014,0.3014,2531.0
1662372960000,0.3014,0.3015,0.3013,0.3014,32871.0
1662373020000,0.3014,0.3015,0.3013,0.3015,2560.0
1662373080000,0.3014,0.3014,0.3013,0.3014,478.0
1662373140000,0.3014,0.3014,0.3012,0.3012,10080.0
1662373200000,0.3011,0.3014,0.3011,0.3014,15463.0
1662373260000,0.3014,0.3016,0.3014,0.3015,1092.0
1662373320000,0.3016,0.3016,0.3016,0.3016,33.0
1662373380000,0.3016,0.3019,0.3016,0.3017,5709.0
1662373440000,0.3017,0.3017,0.3015,0.3015,23513.0
1662373500000,0.3016,0.3016,0.3015,0.3016,3584.0
1662373560000,0.3016,0.3016,0.3016,0.3016,418.0
1662373620000,0.3016,0.3016,0.3015,0.3015,15500.0
1662373680000,0.3015,0.3016,0.3015,0.3015,6613.0
1662373740000,0.3015,0.3015,0.3015,0.3015,2913.0
1662373800000,0.3015,0.3015,0.3011,0.3011,2639.0
1662373860000,0.301,0.3011,0.301,0.3011,369.0
1662373920000,0.301,0.301,0.3008,0.3009,5122.0
1662373980000,0.3008,0.3008,0.3005,0.3006,26287.0
1662374040000,0.3006,0.3008,0.3006,0.3008,41266.0
1662374100000,0.3007,0.3007,0.3007,0.3007,5995.0
1662374160000,0.3007,0.3007,0.3004,0.3004,23521.0
1662374220000,0.3005,0.3007,0.3005,0.3007,4867.0
1662374280000,0.3007,0.3007,0.3004,0.3004,751.0
1662374340000,0.3002,0.3002,0.2992,0.2993,67955.0
1662374400000,0.2992,0.2994,0.2989,0.299,72676.0
1662374460000,0.2989,0.2989,0.2977,0.2977,101066.0
1662374520000,0.2976,0.2977,0.2971,0.2973,89650.0
1662374580000,0.2974,0.2982,0.2974,0.2978,66988.0
1662374640000,0.298,0.2985,0.298,0.2984,24187.0
1662374700000,0.2983,0.2984,0.2981,0.2984,58233.0
1662374760000,0.2984,0.2984,0.2982,0.2982,21792.0
1662374820000,0.2982,0.2982,0.2981,0.2982,6742.0
1662374880000,0.2983,0.2991,0.2983,0.2988,22661.0
1662374940000,0.2991,0.3,0.2991,0.2998,37032.0
1662375000000,0.2998,0.2998,0.2993,0.2998,10427.0
1662375060000,0.2997,0.2997,0.2989,0.2992,19670.0
1662375120000,0.2991,0.2993,0.2989,0.2989,4818.0
1662375180000,0.2989,0.2993,0.2989,0.2993,5219.0
1662375240000,0.2992,0.2993,0.299,0.2992,3000.0
1662375300000,0.2991,0.2992,0.299,0.299,6045.0
1662375360000,0.2989,0.2989,0.2986,0.2988,20890.0
1662375420000,0.2989,0.2989,0.2989,0.2989,12843.0
1662375480000,0.299,0.2991,0.299,0.2991,3110.0
1662375540000,0.2992,0.2992,0.2991,0.2991,6987.0
1662375600000,0.2989,0.299,0.2987,0.2988,7789.0
1662375660000,0.2988,0.299,0.2988,0.2989,12078.0
1662375720000,0.299,0.2991,0.299,0.299,7778.0
1662375780000,0.299,0.2992,0.299,0.2992,976.0
1662375840000,0.2992,0.2994,0.2992,0.2993,1022.0
1662375900000,0.2993,0.2993,0.2993,0.2993,7032.0
1662375960000,0.2992,0.2992,0.2992,0.2992,1296.0
1662376020000,0.2992,0.2992,0.2992,0.2992,0.0
1662376080000,0.2993,0.2995,0.2993,0.2994,15227.0
1662376140000,0.2993,0.2994,0.2993,0.2994,5021.0
1662376200000,0.2993,0.2993,0.2989,0.2989,7282.0
1662376260000,0.2989,0.299,0.2989,0.299,7340.0
1662376320000,0.2991,0.2991,0.2991,0.2991,38.0
1662376380000,0.2992,0.2992,0.299,0.299,998.0
1662376440000,0.2991,0.2991,0.299,0.299,110.0
1662376500000,0.2991,0.2992,0.2991,0.2992,19414.0
1662376560000,0.2992,0.2992,0.2989,0.2989,10448.0
1662376620000,0.2988,0.2988,0.2986,0.2986,15241.0
1662376680000,0.2987,0.2988,0.2987,0.2988,4789.0
1662376740000,0.2988,0.2994,0.2987,0.2994,19359.0
1662376800000,0.2993,0.2994,0.2993,0.2994,2055.0
1662376860000,0.2994,0.2994,0.2989,0.299,10273.0
1662376920000,0.2991,0.2991,0.299,0.299,2806.0
1662376980000,0.2991,0.2993,0.2991,0.2993,3314.0
1662377040000,0.2992,0.2992,0.2991,0.2992,1663.0
1662377100000,0.2991,0.2992,0.299,0.299,30938.0
1662377160000,0.2989,0.2991,0.2988,0.299,14478.0
1662377220000,0.2989,0.2991,0.2989,0.2991,2131.0
1662377280000,0.299,0.2991,0.2989,0.2991,5433.0
1662377340000,0.2992,0.2993,0.2992,0.2993,6067.0
1662377400000,0.2992,0.2994,0.2992,0.2994,8591.0
1662377460000,0.2992,0.2993,0.2991,0.2992,1264.0
1662377520000,0.2992,0.2993,0.2992,0.2992,34076.0
1662377580000,0.2992,0.2994,0.2991,0.2994,14750.0
1662377640000,0.2994,0.2996,0.2994,0.2995,31103.0
1662377700000,0.2996,0.2996,0.2994,0.2995,19155.0
1662377760000,0.2994,0.2995,0.2994,0.2995,2907.0
1662377820000,0.2995,0.2995,0.2993,0.2994,10410.0
1662377880000,0.2996,0.2997,0.2995,0.2996,4229.0
1662377940000,0.2998,0.2998,0.2997,0.2997,9068.0
1662378000000,0.2995,0.2995,0.2994,0.2994,765.0
1662378060000,0.2994,0.2994,0.2992,0.2994,18127.0
1662378120000,0.2993,0.2994,0.2993,0.2994,5221.0
1662378180000,0.2994,0.2996,0.2994,0.2995,7329.0
1662378240000,0.2995,0.2995,0.2993,0.2995,20968.0
1662378300000,0.2997,0.2998,0.2997,0.2998,2057.0
1662378360000,0.2998,0.2999,0.2998,0.2999,1352.0
1662378420000,0.2998,0.2999,0.2998,0.2999,7425.0
1662378480000,0.2999,0.3,0.2999,0.3,20946.0
1662378540000,0.2999,0.2999,0.2998,0.2998,3389.0
1662378600000,0.2998,0.3002,0.2998,0.3002,7059.0
1662378660000,0.3003,0.3003,0.3002,0.3002,5999.0
1662378720000,0.3,0.3001,0.3,0.3001,4700.0
1662378780000,0.3,0.3,0.2998,0.2998,11661.0
1662378840000,0.2998,0.2999,0.2995,0.2996,9817.0
1662378900000,0.2996,0.2998,0.2994,0.2997,14698.0
1662378960000,0.2998,0.3001,0.2998,0.3,13852.0
1662379020000,0.3,0.3001,0.3,0.3001,1856.0
1662379080000,0.3001,0.3004,0.3,0.3002,13700.0
1662379140000,0.3003,0.3006,0.3003,0.3006,24168.0
1662379200000,0.3004,0.3005,0.3,0.3002,9180.0
1662379260000,0.3001,0.3003,0.3001,0.3003,4026.0
1662379320000,0.3002,0.3002,0.3,0.3001,18829.0
1662379380000,0.3,0.3,0.2996,0.2997,38868.0
1662379440000,0.2996,0.2997,0.2996,0.2997,415.0
1662379500000,0.2997,0.2998,0.2996,0.2996,7089.0
1662379560000,0.2997,0.2997,0.2996,0.2997,7625.0
1662379620000,0.2997,0.2998,0.2994,0.2994,4905.0
1662379680000,0.2993,0.2994,0.2993,0.2993,1776.0
1662379740000,0.2992,0.2993,0.2991,0.2991,1476.0
1662379800000,0.2992,0.2992,0.2989,0.2991,26002.0
1662379860000,0.2993,0.2993,0.2993,0.2993,2138.0
1662379920000,0.2992,0.2994,0.2991,0.2993,20128.0
1662379980000,0.2993,0.2993,0.2993,0.2993,0.0
1662380040000,0.2993,0.2994,0.2993,0.2994,3026.0
1662380100000,0.2994,0.2996,0.2994,0.2996,6943.0
1662380160000,0.2996,0.2996,0.2995,0.2995,4808.0
1662380220000,0.2995,0.2995,0.2993,0.2993,1433.0
1662380280000,0.2994,0.2995,0.2994,0.2994,4949.0
1662380340000,0.2994,0.2999,0.2994,0.2998,23751.0
1662380400000,0.2997,0.2998,0.2997,0.2998,6961.0
1662380460000,0.2998,0.2999,0.2998,0.2999,7082.0
1662380520000,0.2999,0.3,0.2999,0.2999,7338.0
1662380580000,0.3,0.3,0.3,0.3,277.0
1662380640000,0.2999,0.2999,0.2998,0.2999,7672.0
1662380700000,0.2999,0.3,0.2998,0.3,35333.0
1662380760000,0.2999,0.2999,0.2999,0.2999,2799.0
1662380820000,0.3,0.3001,0.3,0.3001,5929.0
1662380880000,0.3002,0.3006,0.3002,0.3005,54474.0
1662380940000,0.3006,0.3009,0.3006,0.3009,34907.0
1662381000000,0.3009,0.3011,0.3008,0.3008,4431.0
1662381060000,0.3009,0.301,0.3005,0.3007,23740.0
1662381120000,0.3008,0.3009,0.3007,0.3007,1457.0
1662381180000,0.3007,0.3009,0.3007,0.3009,3082.0
1662381240000,0.3007,0.3011,0.3006,0.301,23616.0
1662381300000,0.3011,0.3011,0.3011,0.3011,1064.0
1662381360000,0.3011,0.3011,0.3011,0.3011,3472.0
1662381420000,0.3012,0.3013,0.301,0.3011,32794.0
1662381480000,0.3011,0.3012,0.301,0.3011,5764.0
1662381540000,0.301,0.301,0.301,0.301,3659.0
1662381600000,0.301,0.301,0.3009,0.3009,4345.0
1662381660000,0.301,0.301,0.3009,0.301,1868.0
1662381720000,0.301,0.3011,0.301,0.301,1668.0
1662381780000,0.3011,0.3011,0.3011,0.3011,3908.0
1662381840000,0.301,0.3011,0.301,0.3011,4427.0
1662381900000,0.301,0.3012,0.301,0.3011,7013.0
1662381960000,0.3011,0.3011,0.301,0.3011,1666.0
1662382020000,0.3011,0.3011,0.301,0.3011,5863.0
1662382080000,0.3012,0.3013,0.3011,0.3013,12057.0
1662382140000,0.3012,0.3012,0.301,0.301,42470.0
1662382200000,0.3011,0.3012,0.301,0.3012,79988.0
1662382260000,0.3011,0.3012,0.3011,0.3012,6816.0
1662382320000,0.3013,0.3013,0.3012,0.3012,3437.0
1662382380000,0.3013,0.3013,0.3012,0.3012,3208.0
1662382440000,0.3012,0.3014,0.3012,0.3013,3556.0
1662382500000,0.3012,0.3012,0.3011,0.3011,997.0
1662382560000,0.3013,0.3013,0.3012,0.3012,7169.0
1662382620000,0.3011,0.3013,0.3011,0.3013,4359.0
1662382680000,0.3011,0.3012,0.3011,0.3012,51830.0
1662382740000,0.3012,0.3012,0.3011,0.3011,12871.0
1662382800000,0.3012,0.3012,0.3011,0.3011,3126.0
1662382860000,0.3011,0.3012,0.3011,0.3012,29807.0
1662382920000,0.3012,0.3012,0.3011,0.3011,9492.0
1662382980000,0.3012,0.3012,0.3011,0.3012,12164.0
1662383040000,0.3011,0.3012,0.3011,0.3012,4723.0
1662383100000,0.3011,0.3013,0.3011,0.3012,5096.0
1662383160000,0.3012,0.3013,0.3012,0.3013,21803.0
1662383220000,0.3013,0.3014,0.3013,0.3014,8232.0
1662383280000,0.3014,0.3014,0.3012,0.3012,25139.0
1662383340000,0.3012,0.3013,0.301,0.301,14424.0
1662383400000,0.3011,0.3011,0.3011,0.3011,180.0
1662383460000,0.3011,0.3011,0.301,0.301,4609.0
1662383520000,0.301,0.3011,0.3005,0.3005,65574.0
1662383580000,0.3005,0.3005,0.3004,0.3004,551.0
1662383640000,0.3004,0.3008,0.3003,0.3007,9144.0
1662383700000,0.3006,0.3006,0.3,0.3,104359.0
1662383760000,0.3001,0.3007,0.3001,0.3007,25356.0
1662383820000,0.3007,0.3012,0.3006,0.3012,24628.0
1662383880000,0.3012,0.3012,0.3009,0.3009,19282.0
1662383940000,0.301,0.301,0.3008,0.3008,8376.0
1662384000000,0.3007,0.301,0.3007,0.3009,4922.0
1662384060000,0.3009,0.3011,0.3009,0.3009,18946.0
1662384120000,0.3009,0.3013,0.3009,0.3013,9523.0
1662384180000,0.3014,0.3017,0.3008,0.3008,42279.0
1662384240000,0.3009,0.3012,0.3009,0.3011,4686.0
1662384300000,0.3011,0.3012,0.3009,0.3009,3735.0
1662384360000,0.301,0.301,0.301,0.301,13845.0
1662384420000,0.3011,0.3011,0.3005,0.3006,45855.0
1662384480000,0.3006,0.3007,0.3004,0.3007,56572.0
1662384540000,0.3007,0.3007,0.3004,0.3005,17467.0
1662384600000,0.3004,0.3004,0.3003,0.3003,2123.0
1662384660000,0.3004,0.3004,0.3001,0.3004,5031.0
1662384720000,0.3004,0.3008,0.3004,0.3008,1375.0
1662384780000,0.3008,0.3009,0.3008,0.3009,2957.0
1662384840000,0.3009,0.3009,0.3009,0.3009,0.0
1662384900000,0.3008,0.3008,0.3007,0.3007,7655.0
1662384960000,0.3007,0.3007,0.3003,0.3006,6282.0
1662385020000,0.3007,0.3007,0.3002,0.3004,72004.0
1662385080000,0.3005,0.3006,0.3004,0.3006,9446.0
1662385140000,0.3006,0.3007,0.3005,0.3006,7576.0
1662385200000,0.3005,0.3005,0.3004,0.3005,17065.0
1662385260000,0.3004,0.3004,0.3004,0.3004,2133.0
1662385320000,0.3004,0.3006,0.3004,0.3006,2798.0
1662385380000,0.3006,0.3007,0.3006,0.3006,7355.0
1662385440000,0.3006,0.3006,0.3005,0.3005,28753.0
1662385500000,0.3005,0.3007,0.3004,0.3007,30338.0
1662385560000,0.3007,0.3011,0.3007,0.301,12956.0
1662385620000,0.3011,0.3013,0.3009,0.3013,38933.0
1662385680000,0.3012,0.3013,0.3009,0.301,9628.0
1662385740000,0.3009,0.3009,0.3006,0.3007,4571.0
1662385800000,0.3008,0.3008,0.3005,0.3005,19565.0
1662385860000,0.3005,0.3005,0.3004,0.3005,5044.0
1662385920000,0.3005,0.3005,0.3004,0.3005,4518.0
1662385980000,0.3004,0.3004,0.3004,0.3004,1950.0
1662386040000,0.3004,0.3005,0.3004,0.3005,4230.0
1662386100000,0.3005,0.3009,0.3005,0.3008,31798.0
1662386160000,0.3008,0.3009,0.3007,0.3009,28393.0
1662386220000,0.3008,0.3011,0.3008,0.3009,13490.0
1662386280000,0.3006,0.3007,0.3006,0.3007,2146.0
1662386340000,0.3007,0.3007,0.3007,0.3007,1367.0
1662386400000,0.3007,0.3008,0.3007,0.3007,4242.0
1662386460000,0.3008,0.301,0.3008,0.3008,7806.0
1662386520000,0.3007,0.3008,0.3007,0.3007,1114.0
1662386580000,0.3007,0.3007,0.3002,0.3002,147227.0
1662386640000,0.3003,0.3006,0.3003,0.3005,3745.0
1662386700000,0.3006,0.3009,0.3006,0.3009,2845.0
1662386760000,0.3009,0.301,0.3009,0.301,7683.0
1662386820000,0.301,0.301,0.3009,0.301,5970.0
1662386880000,0.301,0.3011,0.301,0.3011,4676.0
1662386940000,0.3011,0.3013,0.301,0.3011,5863.0
1662387000000,0.3012,0.3015,0.3012,0.3015,4791.0
1662387060000,0.3015,0.3016,0.3015,0.3016,4224.0
1662387120000,0.3016,0.3016,0.3015,0.3016,4222.0
1662387180000,0.3015,0.3015,0.3013,0.3014,19616.0
1662387240000,0.3015,0.3017,0.3015,0.3015,37817.0
1662387300000,0.3015,0.3015,0.3014,0.3014,224.0
1662387360000,0.3014,0.3017,0.3013,0.3016,31908.0
1662387420000,0.3016,0.3017,0.3015,0.3016,3357.0
1662387480000,0.3016,0.3017,0.3016,0.3017,1003.0
1662387540000,0.3017,0.3018,0.3017,0.3018,519.0
1662387600000,0.3018,0.3018,0.3017,0.3017,471.0
1662387660000,0.3017,0.302,0.3017,0.302,4309.0
1662387720000,0.3019,0.3021,0.3018,0.3019,46335.0
1662387780000,0.3018,0.3021,0.3018,0.3018,90994.0
1662387840000,0.3018,0.3021,0.3018,0.302,28763.0
1662387900000,0.302,0.3021,0.302,0.302,5889.0
1662387960000,0.3021,0.3023,0.3021,0.3023,29581.0
1662388020000,0.3023,0.3024,0.3023,0.3023,13803.0
1662388080000,0.3024,0.3024,0.302,0.3021,12395.0
1662388140000,0.302,0.302,0.3019,0.302,7346.0
1662388200000,0.3019,0.3024,0.3019,0.3021,38428.0
1662388260000,0.3025,0.3025,0.3023,0.3023,23041.0
1662388320000,0.3023,0.3023,0.3023,0.3023,2453.0
1662388380000,0.3023,0.3023,0.3022,0.3022,3018.0
1662388440000,0.3022,0.3028,0.302,0.3021,213158.0
1662388500000,0.3021,0.3021,0.302,0.3021,3836.0
1662388560000,0.3021,0.3025,0.3021,0.3025,31576.0
1662388620000,0.3025,0.3026,0.3024,0.3026,7137.0
1662388680000,0.3025,0.3026,0.3025,0.3026,548.0
1662388740000,0.3025,0.3025,0.3023,0.3024,9884.0
1662388800000,0.3024,0.3024,0.3023,0.3024,1409.0
1662388860000,0.3024,0.3026,0.3024,0.3026,407.0
1662388920000,0.3025,0.3027,0.3025,0.3026,4989.0
1662388980000,0.3027,0.3029,0.3027,0.3028,2755.0
1662389040000,0.3029,0.3029,0.3026,0.3026,6718.0
1662389100000,0.3026,0.3027,0.3025,0.3026,1092.0
1662389160000,0.3029,0.3029,0.3027,0.3027,5363.0
1662389220000,0.3027,0.3028,0.3027,0.3028,9023.0
1662389280000,0.3028,0.3029,0.3027,0.3028,2515.0
1662389340000,0.3027,0.3027,0.3024,0.3024,1616.0
1662389400000,0.3025,0.3025,0.3022,0.3023,4303.0
1662389460000,0.3023,0.3023,0.3022,0.3022,2498.0
1662389520000,0.3023,0.3023,0.3022,0.3023,4463.0
1662389580000,0.3022,0.3022,0.302,0.302,7530.0
1662389640000,0.3021,0.3024,0.3021,0.3023,1871.0
1662389700000,0.3024,0.3024,0.3022,0.3022,3316.0
1662389760000,0.3025,0.303,0.3025,0.3029,9595.0
1662389820000,0.3029,0.303,0.3028,0.303,3593.0
1662389880000,0.303,0.3034,0.303,0.3031,34328.0
1662389940000,0.3031,0.3032,0.3028,0.3028,20562.0
1662390000000,0.3027,0.3028,0.3024,0.3025,40009.0
1662390060000,0.3025,0.3031,0.3025,0.303,108575.0
1662390120000,0.3032,0.3035,0.3031,0.3033,38347.0
1662390180000,0.3035,0.3036,0.3033,0.3033,45583.0
1662390240000,0.3033,0.3033,0.303,0.3031,4746.0
1662390300000,0.3031,0.3033,0.3028,0.3028,11091.0
1662390360000,0.3027,0.3032,0.3027,0.3032,17474.0
1662390420000,0.3032,0.3034,0.3031,0.3032,5304.0
1662390480000,0.3032,0.3034,0.3032,0.3033,17558.0
1662390540000,0.3033,0.3033,0.3029,0.3029,19074.0
1662390600000,0.303,0.3032,0.303,0.303,29694.0
1662390660000,0.303,0.3033,0.303,0.3033,26902.0
1662390720000,0.3034,0.3034,0.3032,0.3033,20549.0
1662390780000,0.3032,0.3034,0.3031,0.3031,27679.0
1662390840000,0.3031,0.3033,0.303,0.3032,37491.0
1662390900000,0.3032,0.3033,0.3027,0.3028,47878.0
1662390960000,0.3027,0.3034,0.3027,0.3033,30771.0
1662391020000,0.3034,0.3035,0.3032,0.3033,19075.0
1662391080000,0.3033,0.3036,0.3031,0.3035,50075.0
1662391140000,0.3035,0.3036,0.3034,0.3036,3729.0
1662391200000,0.3037,0.3039,0.3037,0.3039,6627.0
1662391260000,0.3039,0.304,0.3038,0.3039,13646.0
1662391320000,0.3039,0.3039,0.3037,0.3038,35840.0
1662391380000,0.3037,0.3037,0.3034,0.3034,24222.0
1662391440000,0.3034,0.3034,0.3028,0.3028,17486.0
1662391500000,0.3027,0.3027,0.3022,0.3022,19935.0
1662391560000,0.3022,0.3022,0.302,0.3022,56104.0
1662391620000,0.3022,0.3022,0.302,0.302,8252.0
1662391680000,0.3021,0.3021,0.3021,0.3021,1900.0
1662391740000,0.3021,0.3022,0.3021,0.3021,4172.0
1662391800000,0.3021,0.3023,0.3021,0.3022,2937.0
1662391860000,0.3021,0.3025,0.3021,0.3025,16119.0
1662391920000,0.3026,0.3027,0.3025,0.3026,1213.0
1662391980000,0.3025,0.3026,0.3025,0.3026,1437.0
1662392040000,0.3025,0.3025,0.3024,0.3024,3100.0
1662392100000,0.3023,0.3024,0.3023,0.3024,2660.0
1662392160000,0.3024,0.3025,0.3023,0.3024,3386.0
1662392220000,0.3024,0.3026,0.3024,0.3026,21386.0
1662392280000,0.3026,0.3026,0.3025,0.3025,908.0
1662392340000,0.3026,0.3026,0.3024,0.3025,2043.0
1662392400000,0.3026,0.3028,0.3026,0.3027,14558.0
1662392460000,0.3027,0.3029,0.3027,0.3028,12305.0
1662392520000,0.3029,0.3029,0.3028,0.3028,968.0
1662392580000,0.3027,0.3028,0.3027,0.3028,5713.0
1662392640000,0.3028,0.3028,0.3024,0.3025,20575.0
1662392700000,0.3026,0.3028,0.3025,0.3028,11829.0
1662392760000,0.3027,0.303,0.3026,0.3027,94976.0
1662392820000,0.3027,0.3027,0.3026,0.3027,30236.0
1662392880000,0.3027,0.3027,0.3025,0.3025,25046.0
1662392940000,0.3027,0.3027,0.3025,0.3025,8311.0
1662393000000,0.3025,0.3025,0.3024,0.3024,787.0
1662393060000,0.3024,0.3026,0.3024,0.3025,5720.0
1662393120000,0.3026,0.3026,0.3025,0.3025,881.0
1662393180000,0.3026,0.3026,0.3024,0.3024,4688.0
1662393240000,0.3025,0.3025,0.3023,0.3023,1849.0
1662393300000,0.3024,0.3024,0.3023,0.3024,2814.0
1662393360000,0.3024,0.3028,0.3024,0.3028,8929.0
1662393420000,0.3028,0.3028,0.3026,0.3028,3095.0
1662393480000,0.3027,0.3027,0.3025,0.3025,11409.0
1662393540000,0.3025,0.3027,0.3024,0.3025,25726.0
1662393600000,0.3025,0.3027,0.3025,0.3025,4076.0
1662393660000,0.3026,0.303,0.3026,0.3029,26847.0
1662393720000,0.303,0.303,0.3028,0.3029,10797.0
1662393780000,0.3028,0.303,0.3028,0.303,2850.0
1662393840000,0.303,0.3031,0.3029,0.3031,8667.0
1662393900000,0.3032,0.3033,0.303,0.3033,3970.0
1662393960000,0.3032,0.3033,0.3032,0.3032,3423.0
1662394020000,0.3032,0.3033,0.303,0.303,5438.0
1662394080000,0.3031,0.3032,0.3031,0.3032,2496.0
1662394140000,0.3033,0.3033,0.3032,0.3033,15607.0
1662394200000,0.3032,0.3034,0.3031,0.3034,6129.0
1662394260000,0.3033,0.3033,0.3032,0.3033,3587.0
1662394320000,0.3034,0.3034,0.3032,0.3033,2511.0
1662394380000,0.3033,0.3035,0.3033,0.3034,7272.0
1662394440000,0.3035,0.3036,0.3034,0.3036,15807.0
1662394500000,0.3036,0.3036,0.3035,0.3035,3690.0
1662394560000,0.3034,0.3034,0.3034,0.3034,3754.0
1662394620000,0.3034,0.3034,0.303,0.303,6485.0
1662394680000,0.303,0.303,0.3028,0.3028,7277.0
1662394740000,0.3026,0.3026,0.3023,0.3024,11744.0
1662394800000,0.3024,0.3025,0.3018,0.3018,85958.0
1662394860000,0.3019,0.3021,0.3019,0.3021,9121.0
1662394920000,0.3022,0.3027,0.3022,0.3027,24136.0
1662394980000,0.3027,0.303,0.3027,0.303,5644.0
1662395040000,0.3031,0.3031,0.303,0.3031,3475.0
1662395100000,0.303,0.3031,0.3028,0.3028,1918.0
1662395160000,0.3029,0.303,0.3028,0.3029,5522.0
1662395220000,0.3028,0.3029,0.3025,0.3025,5077.0
1662395280000,0.3027,0.3027,0.3026,0.3027,601.0
1662395340000,0.3026,0.3026,0.3024,0.3024,850.0
1662395400000,0.3025,0.3026,0.3024,0.3025,7045.0
1662395460000,0.3025,0.3029,0.3024,0.3027,24188.0
1662395520000,0.3027,0.3027,0.3026,0.3026,6542.0
1662395580000,0.3026,0.3026,0.3024,0.3024,12122.0
1662395640000,0.3024,0.3024,0.3023,0.3023,619.0
1662395700000,0.3023,0.3025,0.3023,0.3025,2185.0
1662395760000,0.3026,0.3027,0.3025,0.3027,3025.0
1662395820000,0.3027,0.3027,0.3025,0.3025,12089.0
1662395880000,0.3025,0.3026,0.3025,0.3025,3763.0
1662395940000,0.3025,0.3025,0.3024,0.3025,7509.0
1662396000000,0.3024,0.3025,0.3024,0.3024,8189.0
1662396060000,0.3024,0.3025,0.3023,0.3024,9677.0
1662396120000,0.3023,0.3024,0.3023,0.3024,5225.0
1662396180000,0.3024,0.3026,0.3024,0.3025,6003.0
1662396240000,0.3024,0.3024,0.3022,0.3023,32899.0
1662396300000,0.3023,0.3024,0.3023,0.3023,5880.0
1662396360000,0.3024,0.3026,0.3024,0.3026,18846.0
1662396420000,0.3026,0.3031,0.3026,0.3031,13425.0
1662396480000,0.3031,0.3032,0.303,0.3031,1575.0
1662396540000,0.3031,0.3031,0.303,0.3031,2139.0
1662396600000,0.303,0.3031,0.3028,0.3029,4842.0
1662396660000,0.3029,0.3032,0.3028,0.3032,21903.0
1662396720000,0.3033,0.3033,0.3032,0.3033,3289.0
1662396780000,0.3033,0.3034,0.3033,0.3033,6372.0
1662396840000,0.3033,0.3035,0.3033,0.3033,12125.0
1662396900000,0.3033,0.3035,0.3031,0.3034,87778.0
1662396960000,0.3033,0.3036,0.3033,0.3035,5204.0
1662397020000,0.3036,0.3036,0.3033,0.3035,4282.0
1662397080000,0.3034,0.3034,0.3033,0.3033,1641.0
1662397140000,0.3034,0.3035,0.3027,0.3027,66720.0
1662397200000,0.3028,0.3029,0.3026,0.3027,18968.0
1662397260000,0.3028,0.3029,0.3027,0.3028,74743.0
1662397320000,0.3029,0.3029,0.3028,0.3028,4354.0
1662397380000,0.3029,0.3029,0.3024,0.3025,4445.0
1662397440000,0.3025,0.3026,0.3023,0.3023,11522.0
1662397500000,0.3023,0.3023,0.3022,0.3023,10479.0
1662397560000,0.3023,0.3024,0.302,0.302,10794.0
1662397620000,0.302,0.3024,0.3019,0.3024,10582.0
1662397680000,0.3021,0.3022,0.3021,0.3022,1083.0
1662397740000,0.3021,0.3022,0.302,0.302,1013.0
1662397800000,0.3021,0.3022,0.3021,0.3022,3620.0
1662397860000,0.3022,0.3026,0.3022,0.3026,32739.0
1662397920000,0.3027,0.3027,0.3026,0.3026,2193.0
1662397980000,0.3027,0.3027,0.3026,0.3026,6605.0
1662398040000,0.3026,0.3026,0.3024,0.3025,4220.0
1662398100000,0.3024,0.3024,0.3024,0.3024,1442.0
1662398160000,0.3023,0.3026,0.3023,0.3026,2825.0
1662398220000,0.3026,0.3026,0.3023,0.3025,2417.0
1662398280000,0.3025,0.3025,0.3023,0.3023,1375.0
1662398340000,0.3023,0.3023,0.302,0.302,3881.0
1662398400000,0.302,0.302,0.3013,0.3015,65037.0
1662398460000,0.3015,0.3016,0.3015,0.3016,2415.0
1662398520000,0.3017,0.3017,0.3016,0.3016,2590.0
1662398580000,0.3017,0.3017,0.3016,0.3016,13289.0
1662398640000,0.3015,0.3016,0.3015,0.3016,2550.0
1662398700000,0.3015,0.3017,0.3015,0.3016,2178.0
1662398760000,0.3016,0.3018,0.3016,0.3017,11020.0
1662398820000,0.3017,0.3018,0.3017,0.3017,2629.0
1662398880000,0.3018,0.3018,0.3017,0.3017,21333.0
1662398940000,0.3018,0.3019,0.3018,0.3019,13368.0
1662399000000,0.3019,0.3019,0.3018,0.3018,557.0
1662399060000,0.3019,0.3019,0.3016,0.3017,4886.0
1662399120000,0.3017,0.3018,0.3017,0.3017,5359.0
1662399180000,0.3018,0.3019,0.3018,0.3019,25275.0
1662399240000,0.3018,0.3018,0.3015,0.3016,18322.0
1662399300000,0.3017,0.3017,0.3016,0.3017,2232.0
1662399360000,0.3016,0.3018,0.3015,0.3018,6741.0
1662399420000,0.3017,0.3017,0.3017,0.3017,551.0
1662399480000,0.3016,0.3018,0.3016,0.3017,80279.0
1662399540000,0.3016,0.3017,0.3016,0.3017,1889.0
1662399600000,0.3017,0.3017,0.3017,0.3017,1454.0
1662399660000,0.3017,0.3017,0.3016,0.3016,1100.0
1662399720000,0.3017,0.3017,0.3016,0.3016,695.0
1662399780000,0.3015,0.3017,0.3015,0.3017,8174.0
1662399840000,0.3016,0.3019,0.3016,0.3018,13932.0
1662399900000,0.3019,0.3019,0.3018,0.3018,2483.0
1662399960000,0.3018,0.3018,0.3017,0.3017,640.0
1662400020000,0.3017,0.3018,0.3017,0.3018,2567.0
1662400080000,0.3017,0.3017,0.3016,0.3017,1462.0
1662400140000,0.3017,0.3018,0.3015,0.3018,13009.0
1662400200000,0.3018,0.3018,0.3017,0.3018,4873.0
1662400260000,0.3017,0.302,0.3017,0.302,8367.0
1662400320000,0.302,0.3021,0.302,0.302,3443.0
1662400380000,0.3021,0.3021,0.302,0.302,755.0
1662400440000,0.3019,0.302,0.3019,0.302,2894.0
1662400500000,0.3021,0.3021,0.3017,0.3017,13364.0
1662400560000,0.3017,0.3019,0.3017,0.3019,9538.0
1662400620000,0.3018,0.3022,0.3018,0.3022,4966.0
1662400680000,0.3022,0.3022,0.3022,0.3022,5846.0
1662400740000,0.3022,0.3022,0.302,0.302,1648.0
1662400800000,0.3022,0.3025,0.3022,0.3024,7451.0
1662400860000,0.3025,0.3028,0.3024,0.3028,7805.0
1662400920000,0.3028,0.3029,0.3028,0.3028,1484.0
1662400980000,0.3028,0.303,0.3028,0.3029,11877.0
1662401040000,0.3029,0.3029,0.3029,0.3029,164.0
1662401100000,0.3029,0.303,0.3029,0.3029,1034.0
1662401160000,0.303,0.303,0.3028,0.3028,4378.0
1662401220000,0.3028,0.3028,0.3026,0.3026,1554.0
1662401280000,0.3027,0.3027,0.3027,0.3027,150.0
1662401340000,0.3027,0.3027,0.3026,0.3026,429.0
1662401400000,0.3027,0.3028,0.3025,0.3025,14914.0
1662401460000,0.3024,0.3024,0.3022,0.3023,11945.0
1662401520000,0.3021,0.3023,0.3018,0.3018,12501.0
1662401580000,0.3018,0.3018,0.3016,0.3017,3439.0
1662401640000,0.3017,0.3017,0.3011,0.3011,9556.0
1662401700000,0.3011,0.3011,0.301,0.3011,8615.0
1662401760000,0.3011,0.3016,0.3011,0.3016,6976.0
1662401820000,0.3014,0.3014,0.3011,0.3012,3309.0
1662401880000,0.3011,0.3012,0.301,0.3011,18920.0
1662401940000,0.301,0.3012,0.3009,0.3009,12636.0
1662402000000,0.3009,0.301,0.3008,0.301,2377.0
1662402060000,0.3008,0.3011,0.3008,0.301,1513.0
1662402120000,0.301,0.301,0.301,0.301,40.0
1662402180000,0.3012,0.3014,0.3012,0.3013,2706.0
1662402240000,0.3013,0.3014,0.3012,0.3013,3232.0
1662402300000,0.3012,0.3012,0.3011,0.3011,2895.0
1662402360000,0.3011,0.3011,0.3008,0.3009,23174.0
1662402420000,0.3009,0.3009,0.3006,0.3006,8162.0
1662402480000,0.3006,0.3007,0.3006,0.3007,1541.0
1662402540000,0.3007,0.3007,0.3007,0.3007,42.0
1662402600000,0.3007,0.3008,0.3006,0.3008,1234.0
1662402660000,0.3005,0.3006,0.3005,0.3006,1034.0
1662402720000,0.3005,0.3006,0.3004,0.3004,8920.0
1662402780000,0.3005,0.3006,0.3003,0.3005,26753.0
1662402840000,0.3005,0.3009,0.3005,0.3008,1081.0
1662402900000,0.3009,0.3009,0.3006,0.3008,2782.0
1662402960000,0.3008,0.3008,0.3008,0.3008,112.0
1662403020000,0.3007,0.3009,0.3006,0.3009,11619.0
1662403080000,0.3007,0.3008,0.3007,0.3008,2038.0
1662403140000,0.301,0.301,0.3007,0.3008,5137.0
1662403200000,0.3007,0.3007,0.3007,0.3007,1031.0
1662403260000,0.3007,0.3007,0.3006,0.3006,2017.0
1662403320000,0.3005,0.3005,0.3005,0.3005,17444.0
1662403380000,0.3005,0.3005,0.3005,0.3005,2205.0
1662403440000,0.3005,0.3005,0.3005,0.3005,16248.0
1662403500000,0.3005,0.3009,0.3005,0.3007,96430.0
1662403560000,0.3008,0.3009,0.3006,0.3009,21069.0
1662403620000,0.3009,0.3009,0.3009,0.3009,0.0
1662403680000,0.3008,0.3009,0.3007,0.3007,3863.0
1662403740000,0.3007,0.3008,0.3006,0.3007,10264.0
1662403800000,0.3007,0.3007,0.3006,0.3007,6594.0
1662403860000,0.3007,0.3007,0.3006,0.3007,1225.0
1662403920000,0.3007,0.3007,0.3002,0.3002,58906.0
1662403980000,0.3003,0.3004,0.3003,0.3004,2313.0
1662404040000,0.3004,0.3006,0.3004,0.3005,9474.0
1662404100000,0.3005,0.3006,0.3005,0.3006,3779.0
1662404160000,0.3005,0.3006,0.3004,0.3006,15498.0
1662404220000,0.3006,0.3009,0.3006,0.3007,25894.0
1662404280000,0.3008,0.3009,0.3008,0.3008,14544.0
1662404340000,0.3009,0.3009,0.3009,0.3009,148.0
1662404400000,0.3008,0.3009,0.3007,0.3009,18879.0
1662404460000,0.301,0.301,0.3007,0.3007,21751.0
1662404520000,0.3007,0.3009,0.3007,0.3008,2150.0
1662404580000,0.3008,0.301,0.3008,0.3008,1087.0
1662404640000,0.3009,0.3009,0.3008,0.3009,2104.0
1662404700000,0.3009,0.3009,0.3009,0.3009,16474.0
1662404760000,0.3009,0.3009,0.3009,0.3009,97.0
1662404820000,0.3009,0.3009,0.3007,0.3007,7259.0
1662404880000,0.3007,0.3007,0.3007,0.3007,18486.0
1662404940000,0.3007,0.3007,0.3006,0.3007,2499.0
1662405000000,0.3007,0.3007,0.3005,0.3006,5573.0
1662405060000,0.3006,0.3006,0.3005,0.3006,1452.0
1662405120000,0.3006,0.3006,0.3006,0.3006,5858.0
1662405180000,0.3007,0.3007,0.3006,0.3006,8199.0
1662405240000,0.3005,0.3006,0.3005,0.3006,129.0
1662405300000,0.3006,0.3006,0.3006,0.3006,2466.0
1662405360000,0.3006,0.3006,0.3006,0.3006,1083.0
1662405420000,0.3006,0.3006,0.3006,0.3006,1785.0
1662405480000,0.3007,0.3007,0.3007,0.3007,79.0
1662405540000,0.3007,0.3008,0.3007,0.3008,1248.0
1662405600000,0.3007,0.3008,0.3006,0.3007,7852.0
1662405660000,0.3006,0.3006,0.3006,0.3006,80.0
1662405720000,0.3006,0.301,0.3006,0.301,5055.0
1662405780000,0.3009,0.301,0.3009,0.3009,2805.0
1662405840000,0.3009,0.301,0.3009,0.3009,4438.0
1662405900000,0.301,0.3011,0.3009,0.301,6485.0
1662405960000,0.301,0.301,0.3008,0.3009,2294.0
1662406020000,0.301,0.301,0.3009,0.3009,1032.0
1662406080000,0.301,0.301,0.3009,0.3009,309.0
1662406140000,0.3009,0.301,0.3009,0.301,368.0
1662406200000,0.3011,0.3013,0.3011,0.3012,5899.0
1662406260000,0.3013,0.3013,0.3011,0.3011,17837.0
1662406320000,0.3012,0.3012,0.3012,0.3012,173.0
1662406380000,0.3012,0.3012,0.3011,0.3011,217.0
1662406440000,0.301,0.3012,0.301,0.3012,6395.0
1662406500000,0.3012,0.3012,0.301,0.301,7559.0
1662406560000,0.3011,0.3011,0.3011,0.3011,2562.0
1662406620000,0.3011,0.3011,0.301,0.301,4596.0
1662406680000,0.3011,0.3011,0.301,0.3011,2305.0
1662406740000,0.3011,0.3012,0.3011,0.3012,9758.0
1662406800000,0.3012,0.3013,0.3012,0.3012,8361.0
1662406860000,0.3013,0.3013,0.3011,0.3011,5097.0
1662406920000,0.3011,0.3012,0.3011,0.3012,1764.0
1662406980000,0.3011,0.3013,0.3011,0.3013,1734.0
1662407040000,0.3012,0.3013,0.3012,0.3013,4513.0
1662407100000,0.3013,0.3013,0.3013,0.3013,3254.0
1662407160000,0.3011,0.3012,0.301,0.3012,6574.0
1662407220000,0.3012,0.3013,0.3012,0.3013,626.0
1662407280000,0.3013,0.3014,0.3013,0.3014,2065.0
1662407340000,0.3014,0.3014,0.3014,0.3014,5293.0
1662407400000,0.3013,0.3014,0.3012,0.3014,3964.0
1662407460000,0.3013,0.3013,0.3013,0.3013,51.0
1662407520000,0.3014,0.3024,0.3014,0.302,211110.0
1662407580000,0.302,0.3023,0.3019,0.3021,20017.0
1662407640000,0.3022,0.3022,0.3021,0.3021,4877.0
1662407700000,0.3021,0.3022,0.3021,0.3022,2296.0
1662407760000,0.3021,0.3021,0.3019,0.3019,13777.0
1662407820000,0.3019,0.302,0.3019,0.302,1709.0
1662407880000,0.3021,0.3021,0.3017,0.3018,47867.0
1662407940000,0.3017,0.3017,0.3014,0.3014,11522.0
1662408000000,0.3015,0.3016,0.3015,0.3016,2885.0
1662408060000,0.3016,0.3016,0.3013,0.3013,29024.0
1662408120000,0.3014,0.3014,0.301,0.3011,56291.0
1662408180000,0.3012,0.3013,0.3011,0.3012,8263.0
1662408240000,0.3013,0.3015,0.3012,0.3015,26297.0
1662408300000,0.3015,0.302,0.3014,0.3019,18905.0
1662408360000,0.302,0.3022,0.3019,0.3022,7681.0
1662408420000,0.3022,0.3023,0.3021,0.3023,4667.0
1662408480000,0.3022,0.3023,0.3022,0.3022,5435.0
1662408540000,0.3024,0.3024,0.3023,0.3023,7027.0
1662408600000,0.3022,0.3022,0.302,0.3022,4629.0
1662408660000,0.3021,0.3021,0.302,0.302,903.0
1662408720000,0.3021,0.3022,0.302,0.3022,4851.0
1662408780000,0.3022,0.3022,0.3022,0.3022,5024.0
1662408840000,0.3021,0.3022,0.3021,0.3021,2553.0
1662408900000,0.3022,0.3022,0.3022,0.3022,1943.0
1662408960000,0.3023,0.3024,0.3023,0.3024,3013.0
1662409020000,0.3024,0.3025,0.3023,0.3024,6220.0
1662409080000,0.3025,0.3025,0.3023,0.3023,3823.0
1662409140000,0.3024,0.3025,0.3024,0.3024,1696.0
1662409200000,0.3024,0.3024,0.3022,0.3023,16669.0
1662409260000,0.3023,0.3023,0.3022,0.3023,4357.0
1662409320000,0.3023,0.3024,0.3023,0.3024,6554.0
1662409380000,0.3023,0.3023,0.3023,0.3023,5091.0
1662409440000,0.3022,0.3022,0.302,0.302,5318.0
1662409500000,0.3021,0.3023,0.3021,0.3022,9961.0
1662409560000,0.3023,0.3023,0.3022,0.3022,3060.0
1662409620000,0.3023,0.3025,0.3022,0.3024,4490.0
1662409680000,0.3025,0.3028,0.3025,0.3027,50669.0
1662409740000,0.3027,0.3027,0.3025,0.3025,2150.0
1662409800000,0.3025,0.3026,0.3025,0.3026,5763.0
1662409860000,0.3027,0.3028,0.3025,0.3025,15647.0
1662409920000,0.3026,0.3026,0.3025,0.3025,464.0
1662409980000,0.3026,0.3026,0.3023,0.3023,20415.0
1662410040000,0.3025,0.3025,0.3024,0.3024,237.0
1662410100000,0.3025,0.3025,0.3025,0.3025,2936.0
1662410160000,0.3024,0.3025,0.3024,0.3025,1019.0
1662410220000,0.3024,0.3025,0.3023,0.3024,26313.0
1662410280000,0.3023,0.3023,0.3021,0.3021,2436.0
1662410340000,0.3022,0.3023,0.3022,0.3023,3305.0
1662410400000,0.3023,0.3023,0.3023,0.3023,107.0
1662410460000,0.3024,0.3024,0.3023,0.3023,939.0
1662410520000,0.3024,0.3024,0.3023,0.3024,3939.0
1662410580000,0.3023,0.3023,0.3022,0.3022,2433.0
1662410640000,0.3023,0.3023,0.3022,0.3023,627.0
1662410700000,0.3022,0.3023,0.3022,0.3023,2398.0
1662410760000,0.3023,0.3023,0.3022,0.3022,9153.0
1662410820000,0.3022,0.3022,0.3022,0.3022,2258.0
1662410880000,0.3021,0.3022,0.3021,0.3022,1318.0
1662410940000,0.3021,0.3023,0.3021,0.3023,2212.0
1662411000000,0.3022,0.3023,0.3022,0.3022,3676.0
1662411060000,0.3023,0.3023,0.3022,0.3022,1711.0
1662411120000,0.3022,0.3022,0.3021,0.3021,1188.0
1662411180000,0.3021,0.3021,0.302,0.3021,16843.0
1662411240000,0.3021,0.3022,0.302,0.3021,2663.0
1662411300000,0.3022,0.3022,0.302,0.302,2223.0
1662411360000,0.3021,0.3022,0.3021,0.3021,3344.0
1662411420000,0.3022,0.3022,0.3021,0.3021,522.0
1662411480000,0.3022,0.3023,0.3022,0.3023,2862.0
1662411540000,0.3022,0.3022,0.3021,0.3021,5689.0
1662411600000,0.3021,0.3022,0.3021,0.3022,3724.0
1662411660000,0.3023,0.3023,0.3022,0.3023,1291.0
1662411720000,0.3023,0.3023,0.3022,0.3023,4017.0
1662411780000,0.3022,0.3023,0.3022,0.3022,2517.0
1662411840000,0.3023,0.3023,0.3022,0.3022,697.0
1662411900000,0.3023,0.3023,0.3022,0.3022,5744.0
1662411960000,0.3023,0.3023,0.3023,0.3023,146.0
1662412020000,0.3023,0.3023,0.3023,0.3023,448.0
1662412080000,0.3023,0.3023,0.3023,0.3023,73.0
1662412140000,0.3022,0.3023,0.3022,0.3023,6523.0
1662412200000,0.3024,0.3024,0.3023,0.3023,11309.0
1662412260000,0.3025,0.3025,0.3025,0.3025,207.0
1662412320000,0.3026,0.3028,0.3026,0.3028,6048.0
1662412380000,0.3028,0.3028,0.3026,0.3026,1914.0
1662412440000,0.3026,0.3027,0.3026,0.3027,3549.0
1662412500000,0.3026,0.3026,0.3025,0.3025,967.0
1662412560000,0.3024,0.3025,0.3023,0.3023,8688.0
1662412620000,0.3024,0.3024,0.3024,0.3024,1678.0
1662412680000,0.3023,0.3024,0.3023,0.3024,736.0
1662412740000,0.3024,0.3024,0.3024,0.3024,79.0
1662412800000,0.3024,0.3024,0.302,0.302,17430.0
1662412860000,0.302,0.302,0.302,0.302,359.0
1662412920000,0.3019,0.3022,0.3019,0.3021,17973.0
1662412980000,0.3022,0.3022,0.3021,0.3022,3002.0
1662413040000,0.3022,0.3022,0.3021,0.3022,1311.0
1662413100000,0.3021,0.3022,0.302,0.302,9741.0
1662413160000,0.3021,0.3021,0.3018,0.3019,13874.0
1662413220000,0.3019,0.302,0.3019,0.302,1004.0
1662413280000,0.3019,0.3021,0.3019,0.3019,24840.0
1662413340000,0.302,0.302,0.302,0.302,2812.0
1662413400000,0.3022,0.3022,0.3021,0.3022,1450.0
1662413460000,0.3021,0.3021,0.3019,0.3019,24446.0
1662413520000,0.3019,0.3021,0.3019,0.302,1181.0
1662413580000,0.3021,0.3021,0.3019,0.3019,4687.0
1662413640000,0.3019,0.302,0.3018,0.302,2189.0
1662413700000,0.302,0.302,0.3019,0.3019,868.0
1662413760000,0.302,0.302,0.3018,0.3018,31663.0
1662413820000,0.3018,0.3018,0.3018,0.3018,9478.0
1662413880000,0.3018,0.3018,0.3018,0.3018,41.0
1662413940000,0.3018,0.3019,0.3017,0.3018,2683.0
1662414000000,0.3019,0.302,0.3019,0.3019,10445.0
1662414060000,0.3019,0.3019,0.3017,0.3017,9963.0
1662414120000,0.3018,0.3019,0.3018,0.3018,7913.0
1662414180000,0.3018,0.3018,0.3017,0.3018,6896.0
1662414240000,0.3019,0.302,0.3018,0.302,1693.0
1662414300000,0.302,0.302,0.3018,0.3018,635.0
1662414360000,0.302,0.302,0.3019,0.302,1093.0
1662414420000,0.3019,0.3019,0.3017,0.3019,13139.0
1662414480000,0.3018,0.3019,0.3018,0.3019,2935.0
1662414540000,0.3019,0.3019,0.3017,0.3017,3359.0
1662414600000,0.3018,0.3018,0.3017,0.3017,334.0
1662414660000,0.3018,0.302,0.3018,0.302,967.0
1662414720000,0.302,0.302,0.3019,0.302,1274.0
1662414780000,0.302,0.302,0.302,0.302,924.0
1662414840000,0.3019,0.3022,0.3019,0.3022,6059.0
1662414900000,0.3022,0.3023,0.3022,0.3023,730.0
1662414960000,0.3022,0.3023,0.3022,0.3022,4286.0
1662415020000,0.3023,0.3023,0.3023,0.3023,2626.0
1662415080000,0.3023,0.3023,0.3023,0.3023,2141.0
1662415140000,0.3023,0.3025,0.3023,0.3024,13450.0
1662415200000,0.3024,0.3024,0.3023,0.3023,5600.0
1662415260000,0.3021,0.3021,0.302,0.3021,5948.0
1662415320000,0.3021,0.3022,0.3021,0.3021,3115.0
1662415380000,0.3022,0.3022,0.3021,0.3022,3050.0
1662415440000,0.3022,0.3024,0.3022,0.3024,10672.0
1662415500000,0.3024,0.3024,0.3024,0.3024,182.0
1662415560000,0.3024,0.3025,0.3023,0.3023,1785.0
1662415620000,0.3025,0.3025,0.3025,0.3025,318.0
1662415680000,0.3023,0.3024,0.3023,0.3024,1761.0
1662415740000,0.3023,0.3023,0.3023,0.3023,242.0
1662415800000,0.3023,0.3023,0.3022,0.3023,1247.0
1662415860000,0.3023,0.3023,0.3022,0.3023,11883.0
1662415920000,0.3022,0.3022,0.3021,0.3021,4813.0
1662415980000,0.3021,0.3021,0.3019,0.302,31841.0
1662416040000,0.302,0.3022,0.302,0.3022,2840.0
1662416100000,0.3022,0.3022,0.302,0.3022,5611.0
1662416160000,0.3023,0.3023,0.3023,0.3023,152.0
1662416220000,0.3023,0.3024,0.3023,0.3024,964.0
1662416280000,0.3024,0.3025,0.3024,0.3025,1119.0
1662416340000,0.3026,0.3028,0.3026,0.3027,10447.0
1662416400000,0.3026,0.3027,0.3026,0.3027,2020.0
1662416460000,0.3026,0.3028,0.3026,0.3028,1010.0
1662416520000,0.3029,0.3029,0.3028,0.3029,1537.0
1662416580000,0.3029,0.3029,0.3029,0.3029,2181.0
1662416640000,0.3029,0.303,0.3029,0.303,8625.0
1662416700000,0.3029,0.3029,0.3025,0.3027,19740.0
1662416760000,0.3027,0.3028,0.3027,0.3028,6641.0
1662416820000,0.3027,0.3029,0.3027,0.3028,3216.0
1662416880000,0.3028,0.3028,0.3028,0.3028,0.0
1662416940000,0.3028,0.3028,0.3025,0.3025,252.0
1662417000000,0.3027,0.3027,0.3026,0.3027,5931.0
1662417060000,0.3027,0.3027,0.3026,0.3026,2529.0
1662417120000,0.3026,0.3027,0.3026,0.3027,431.0
1662417180000,0.3026,0.3026,0.3026,0.3026,441.0
1662417240000,0.3027,0.3027,0.3027,0.3027,1179.0
1662417300000,0.3028,0.3028,0.3026,0.3026,6536.0
1662417360000,0.3025,0.3026,0.3025,0.3026,2172.0
1662417420000,0.3025,0.3026,0.3025,0.3025,403.0
1662417480000,0.3026,0.3028,0.3026,0.3028,7950.0
1662417540000,0.3029,0.303,0.3029,0.3029,5398.0
1662417600000,0.3029,0.3029,0.3029,0.3029,1726.0
1662417660000,0.3029,0.3029,0.3028,0.3029,3818.0
1662417720000,0.3029,0.3029,0.3024,0.3024,14938.0
1662417780000,0.3024,0.3024,0.3022,0.3024,8555.0
1662417840000,0.3022,0.3022,0.3022,0.3022,635.0
1662417900000,0.3021,0.3023,0.3021,0.3023,4993.0
1662417960000,0.3024,0.3024,0.3024,0.3024,888.0
1662418020000,0.3023,0.3023,0.3023,0.3023,308.0
1662418080000,0.3024,0.3026,0.3024,0.3025,12951.0
1662418140000,0.3025,0.3026,0.3025,0.3026,712.0
1662418200000,0.3027,0.3027,0.3025,0.3026,1441.0
1662418260000,0.3026,0.3026,0.3026,0.3026,1720.0
1662418320000,0.3027,0.3028,0.3027,0.3027,3732.0
1662418380000,0.3028,0.3028,0.3027,0.3028,1287.0
1662418440000,0.3028,0.3041,0.3028,0.304,45662.0
1662418500000,0.3041,0.3043,0.3032,0.3037,141403.0
1662418560000,0.3036,0.3039,0.3035,0.3038,23133.0
1662418620000,0.3039,0.3039,0.3037,0.3039,4141.0
1662418680000,0.3038,0.3039,0.3038,0.3038,13877.0
1662418740000,0.3039,0.304,0.3038,0.3039,19499.0
1662418800000,0.3039,0.3042,0.3039,0.3041,28818.0
1662418860000,0.3041,0.3041,0.304,0.304,17274.0
1662418920000,0.3038,0.3038,0.3033,0.3034,24711.0
1662418980000,0.3034,0.3034,0.3032,0.3032,1084.0
1662419040000,0.3034,0.3035,0.3033,0.3035,6678.0
1662419100000,0.3035,0.3036,0.3035,0.3035,4678.0
1662419160000,0.3036,0.3036,0.3035,0.3035,7463.0
1662419220000,0.3034,0.3034,0.3029,0.303,12115.0
1662419280000,0.303,0.3031,0.3028,0.3031,23409.0
1662419340000,0.3032,0.3034,0.3032,0.3032,11706.0
1662419400000,0.3033,0.3034,0.3032,0.3032,17029.0
1662419460000,0.3032,0.3032,0.3032,0.3032,532.0
1662419520000,0.3032,0.3033,0.303,0.303,3049.0
1662419580000,0.3032,0.3033,0.3032,0.3033,2284.0
1662419640000,0.3031,0.3031,0.3031,0.3031,50.0
1662419700000,0.3032,0.3032,0.303,0.303,8171.0
1662419760000,0.3031,0.3031,0.303,0.303,1627.0
1662419820000,0.3031,0.3032,0.303,0.3031,15266.0
1662419880000,0.3031,0.3033,0.3031,0.3033,4284.0
1662419940000,0.3033,0.3034,0.3033,0.3034,5610.0
1662420000000,0.3033,0.3034,0.3033,0.3034,10137.0
1662420060000,0.3033,0.3034,0.3033,0.3033,7865.0
1662420120000,0.3032,0.3032,0.303,0.303,14174.0
1662420180000,0.303,0.3031,0.303,0.3031,7853.0
1662420240000,0.3031,0.3031,0.3031,0.3031,746.0
1662420300000,0.3031,0.3031,0.303,0.3031,12991.0
1662420360000,0.3032,0.3033,0.3031,0.3033,4084.0
1662420420000,0.3033,0.3033,0.3031,0.3031,9644.0
1662420480000,0.3031,0.3032,0.303,0.3032,16023.0
1662420540000,0.3031,0.3032,0.3031,0.3031,6939.0
1662420600000,0.3032,0.3032,0.3031,0.3032,14866.0
1662420660000,0.3032,0.3033,0.3032,0.3033,918.0
1662420720000,0.3033,0.3033,0.3032,0.3032,1753.0
1662420780000,0.3033,0.3033,0.3032,0.3032,579.0
1662420840000,0.3032,0.3032,0.3031,0.3032,4492.0
1662420900000,0.3033,0.3037,0.3032,0.3037,16363.0
1662420960000,0.3037,0.3037,0.3036,0.3036,4461.0
1662421020000,0.3036,0.3036,0.3034,0.3034,7669.0
1662421080000,0.3034,0.3034,0.3034,0.3034,20056.0
1662421140000,0.3036,0.3046,0.3036,0.3043,43972.0
1662421200000,0.3043,0.3049,0.3043,0.3046,18094.0
1662421260000,0.3044,0.3047,0.3044,0.3046,325.0
1662421320000,0.3045,0.3049,0.3044,0.3048,8495.0
1662421380000,0.3048,0.3054,0.3048,0.3052,64734.0
1662421440000,0.305,0.3053,0.3049,0.305,20833.0
1662421500000,0.3051,0.3053,0.305,0.3053,13105.0
1662421560000,0.3053,0.3053,0.3049,0.3049,11022.0
1662421620000,0.305,0.305,0.3046,0.3047,15029.0
1662421680000,0.3045,0.3046,0.3045,0.3046,8574.0
1662421740000,0.3047,0.3048,0.3046,0.3048,1846.0
1662421800000,0.3049,0.3051,0.3049,0.3051,7099.0
1662421860000,0.305,0.3055,0.305,0.3051,73523.0
1662421920000,0.3052,0.3052,0.305,0.305,12667.0
1662421980000,0.3051,0.3051,0.3049,0.3049,12385.0
1662422040000,0.3048,0.3049,0.3046,0.3046,8248.0
1662422100000,0.3046,0.3046,0.3044,0.3045,6126.0
1662422160000,0.3045,0.3048,0.3045,0.3048,4373.0
1662422220000,0.3049,0.305,0.3048,0.3048,30857.0
1662422280000,0.3046,0.3049,0.3046,0.3048,1126.0
1662422340000,0.3048,0.305,0.3043,0.3045,100243.0
1662422400000,0.3046,0.3048,0.3043,0.3048,32975.0
1662422460000,0.3047,0.3047,0.3041,0.3042,37675.0
1662422520000,0.3041,0.3045,0.3041,0.3045,23296.0
1662422580000,0.3046,0.3046,0.3043,0.3044,17387.0
1662422640000,0.3045,0.3046,0.3045,0.3045,4172.0
1662422700000,0.3045,0.3049,0.3045,0.3049,4587.0
1662422760000,0.3049,0.3051,0.3048,0.305,16430.0
1662422820000,0.3051,0.3054,0.3051,0.3054,9455.0
1662422880000,0.3054,0.306,0.3054,0.3059,7879.0
1662422940000,0.3059,0.306,0.3058,0.3059,6357.0
1662423000000,0.306,0.3064,0.306,0.3064,8636.0
1662423060000,0.3063,0.3063,0.3061,0.3063,742.0
1662423120000,0.3062,0.3063,0.306,0.3063,2312.0
1662423180000,0.3063,0.3066,0.3063,0.3064,39939.0
1662423240000,0.3063,0.3065,0.3063,0.3065,10939.0
1662423300000,0.3065,0.3068,0.3065,0.3068,56295.0
1662423360000,0.3068,0.307,0.3067,0.3069,45688.0
1662423420000,0.3069,0.307,0.3069,0.3069,25729.0
1662423480000,0.3069,0.3069,0.3068,0.3068,24556.0
1662423540000,0.3068,0.307,0.3067,0.3069,20212.0
1662423600000,0.307,0.3073,0.3069,0.3071,14968.0
1662423660000,0.3072,0.3073,0.3067,0.3067,13583.0
1662423720000,0.3066,0.3068,0.3066,0.3068,1588.0
1662423780000,0.3068,0.3071,0.3068,0.3069,7045.0
1662423840000,0.3069,0.307,0.3069,0.307,4965.0
1662423900000,0.3069,0.3073,0.3069,0.3073,12362.0
1662423960000,0.3073,0.3077,0.3073,0.3074,114265.0
1662424020000,0.3074,0.3074,0.3074,0.3074,270.0
1662424080000,0.3075,0.3077,0.3074,0.3074,5890.0
1662424140000,0.3074,0.3074,0.3072,0.3072,6117.0
1662424200000,0.3074,0.3079,0.3074,0.3077,17441.0
1662424260000,0.3077,0.308,0.3076,0.3078,20477.0
1662424320000,0.3079,0.3085,0.3079,0.308,36348.0
1662424380000,0.3081,0.3083,0.3081,0.3081,9505.0
1662424440000,0.3082,0.3084,0.3082,0.3083,4681.0
1662424500000,0.3082,0.3084,0.3081,0.3084,20004.0
1662424560000,0.3082,0.3084,0.3081,0.3083,7721.0
1662424620000,0.3083,0.3084,0.308,0.3084,5826.0
1662424680000,0.3084,0.3084,0.3075,0.3076,74221.0
1662424740000,0.3077,0.3078,0.3074,0.3074,9860.0
1662424800000,0.3073,0.3075,0.3073,0.3075,9245.0
1662424860000,0.3076,0.3077,0.3075,0.3077,10459.0
1662424920000,0.3077,0.3079,0.3077,0.3078,11586.0
1662424980000,0.3078,0.3078,0.3076,0.3076,6002.0
1662425040000,0.3077,0.308,0.3077,0.3079,5057.0
1662425100000,0.3079,0.308,0.3078,0.3078,4740.0
1662425160000,0.3078,0.3081,0.3078,0.3081,3375.0
1662425220000,0.3082,0.3083,0.3078,0.3078,6626.0
1662425280000,0.308,0.3082,0.308,0.3081,7953.0
1662425340000,0.3082,0.3082,0.308,0.308,11074.0
1662425400000,0.3081,0.3083,0.3079,0.3082,35983.0
1662425460000,0.3085,0.3086,0.3085,0.3086,9643.0
1662425520000,0.3086,0.309,0.3084,0.3089,75584.0
1662425580000,0.309,0.3098,0.309,0.3093,78720.0
1662425640000,0.3092,0.3092,0.3087,0.3087,9070.0
1662425700000,0.3088,0.309,0.3083,0.3083,27749.0
1662425760000,0.3083,0.3085,0.3082,0.3082,2952.0
1662425820000,0.3084,0.3084,0.3082,0.3084,8064.0
1662425880000,0.3084,0.3085,0.308,0.308,19818.0
1662425940000,0.308,0.308,0.3073,0.3075,128223.0
1662426000000,0.3076,0.3083,0.3075,0.3083,37432.0
1662426060000,0.3082,0.3091,0.3082,0.3091,94720.0
1662426120000,0.309,0.3096,0.309,0.3096,121571.0
1662426180000,0.3095,0.3097,0.3094,0.3095,24495.0
1662426240000,0.3096,0.3097,0.3093,0.3094,32113.0
1662426300000,0.3096,0.3096,0.3093,0.3094,81054.0
1662426360000,0.3093,0.3095,0.3093,0.3094,13521.0
1662426420000,0.3094,0.3094,0.3093,0.3093,2341.0
1662426480000,0.3093,0.3093,0.3087,0.3087,4590.0
1662426540000,0.3088,0.309,0.3088,0.3089,3298.0
1662426600000,0.3088,0.3089,0.3087,0.3089,6154.0
1662426660000,0.3089,0.3094,0.3089,0.3093,21715.0
1662426720000,0.3094,0.3094,0.3093,0.3093,2112.0
1662426780000,0.3094,0.3095,0.3092,0.3092,6152.0
1662426840000,0.3092,0.3092,0.309,0.3092,13042.0
1662426900000,0.3092,0.3092,0.3088,0.3088,9009.0
1662426960000,0.3089,0.3089,0.3086,0.3088,52398.0
1662427020000,0.3087,0.3089,0.3087,0.3089,17803.0
1662427080000,0.3089,0.309,0.3087,0.3087,8134.0
1662427140000,0.3089,0.309,0.3085,0.3085,15566.0
1662427200000,0.3084,0.3086,0.3082,0.3083,10468.0
1662427260000,0.3084,0.3085,0.3081,0.3081,46763.0
1662427320000,0.3083,0.3083,0.308,0.3083,20071.0
1662427380000,0.3082,0.3083,0.3081,0.3081,5397.0
1662427440000,0.3082,0.3082,0.3074,0.3074,40289.0
1662427500000,0.3073,0.3075,0.3072,0.3072,18447.0
1662427560000,0.3072,0.3076,0.3072,0.3076,7109.0
1662427620000,0.3076,0.3076,0.3074,0.3074,15896.0
1662427680000,0.3073,0.3073,0.3071,0.3072,19058.0
1662427740000,0.3072,0.3072,0.3067,0.3067,27539.0
1662427800000,0.3069,0.307,0.3064,0.307,55003.0
1662427860000,0.3071,0.3072,0.3071,0.3071,8037.0
1662427920000,0.3073,0.3073,0.3072,0.3073,15241.0
1662427980000,0.3071,0.3073,0.307,0.3073,9886.0
1662428040000,0.3075,0.3075,0.3072,0.3072,28450.0
1662428100000,0.3073,0.3074,0.3072,0.3072,2818.0
1662428160000,0.3076,0.3078,0.3076,0.3077,4778.0
1662428220000,0.3074,0.3078,0.3074,0.3078,4213.0
1662428280000,0.3078,0.3078,0.3074,0.3075,19522.0
1662428340000,0.3073,0.3073,0.3068,0.3069,37324.0
1662428400000,0.3071,0.3071,0.3071,0.3071,1764.0
1662428460000,0.3071,0.3075,0.3071,0.3075,23698.0
1662428520000,0.3074,0.3075,0.307,0.3072,46255.0
1662428580000,0.3072,0.3072,0.3062,0.3064,51898.0
1662428640000,0.3065,0.3067,0.3064,0.3064,8109.0
1662428700000,0.3064,0.3067,0.3064,0.3066,12178.0
1662428760000,0.3066,0.3068,0.3066,0.3067,17262.0
1662428820000,0.3067,0.3068,0.3067,0.3068,430.0
1662428880000,0.3067,0.3069,0.3067,0.3069,19180.0
1662428940000,0.3068,0.3068,0.3067,0.3068,1083.0
1662429000000,0.3066,0.3067,0.3066,0.3067,2141.0
1662429060000,0.3066,0.3067,0.3065,0.3065,17853.0
1662429120000,0.3065,0.3065,0.3056,0.3059,44786.0
1662429180000,0.3058,0.3058,0.3054,0.3055,11502.0
1662429240000,0.3056,0.3056,0.3053,0.3053,15639.0
1662429300000,0.3053,0.3053,0.305,0.305,11499.0
1662429360000,0.3051,0.3051,0.3049,0.3049,13519.0
1662429420000,0.305,0.305,0.3047,0.3047,9076.0
1662429480000,0.3047,0.3047,0.3045,0.3047,19945.0
1662429540000,0.3045,0.3046,0.3037,0.3037,26745.0
1662429600000,0.3038,0.3044,0.3038,0.3038,29516.0
1662429660000,0.3038,0.3039,0.3028,0.3028,78442.0
1662429720000,0.3029,0.3033,0.3028,0.3031,19388.0
1662429780000,0.3031,0.3034,0.3029,0.3029,13137.0
1662429840000,0.303,0.303,0.303,0.303,8880.0
1662429900000,0.303,0.3032,0.3028,0.3032,22084.0
1662429960000,0.303,0.303,0.3024,0.3024,52168.0
1662430020000,0.3024,0.3028,0.3022,0.3023,21121.0
1662430080000,0.3023,0.3023,0.3014,0.3015,62583.0
1662430140000,0.3017,0.3018,0.3005,0.3005,143948.0
1662430200000,0.3006,0.3013,0.3006,0.3013,34025.0
1662430260000,0.3012,0.3012,0.3007,0.3009,21731.0
1662430320000,0.301,0.3013,0.3009,0.3011,22732.0
1662430380000,0.3011,0.3013,0.301,0.3013,4645.0
1662430440000,0.3012,0.3017,0.3012,0.3015,12643.0
1662430500000,0.3016,0.3017,0.3014,0.3016,20622.0
1662430560000,0.3016,0.3017,0.3011,0.3011,37131.0
1662430620000,0.3011,0.3011,0.3009,0.301,17815.0
1662430680000,0.3011,0.3011,0.3009,0.3009,14247.0
1662430740000,0.3008,0.3013,0.3008,0.3013,7760.0
1662430800000,0.3014,0.3015,0.3014,0.3015,8143.0
1662430860000,0.3014,0.3014,0.301,0.301,30257.0
1662430920000,0.301,0.3011,0.3007,0.3011,38569.0
1662430980000,0.3011,0.3014,0.301,0.301,29837.0
1662431040000,0.3011,0.3011,0.3008,0.301,35553.0
1662431100000,0.301,0.3011,0.3007,0.3007,10878.0
1662431160000,0.3008,0.3008,0.3007,0.3007,11946.0
1662431220000,0.3009,0.3009,0.3008,0.3009,10209.0
1662431280000,0.3009,0.3009,0.3008,0.3009,568.0
1662431340000,0.3009,0.3013,0.3009,0.301,9464.0
1662431400000,0.301,0.3011,0.301,0.301,5900.0
1662431460000,0.301,0.301,0.301,0.301,1758.0
1662431520000,0.301,0.301,0.3007,0.3008,7694.0
1662431580000,0.3008,0.3011,0.3007,0.3011,5735.0
1662431640000,0.301,0.3014,0.301,0.3014,9308.0
1662431700000,0.3014,0.3017,0.3014,0.3017,20962.0
1662431760000,0.3017,0.3017,0.3009,0.3012,26670.0
1662431820000,0.3012,0.3014,0.3011,0.3014,11194.0
1662431880000,0.3014,0.3018,0.3014,0.3017,7858.0
1662431940000,0.3017,0.302,0.3017,0.302,14553.0
1662432000000,0.302,0.3021,0.3018,0.302,7689.0
1662432060000,0.3021,0.3024,0.3021,0.3023,3046.0
1662432120000,0.3024,0.3024,0.3022,0.3022,6507.0
1662432180000,0.3022,0.3024,0.302,0.3024,3991.0
1662432240000,0.3024,0.3026,0.3024,0.3026,7031.0
1662432300000,0.3026,0.3028,0.3025,0.3028,29297.0
1662432360000,0.3027,0.3028,0.3025,0.3026,13157.0
1662432420000,0.3026,0.3027,0.3025,0.3027,5643.0
1662432480000,0.3026,0.3028,0.3026,0.3027,3519.0
1662432540000,0.3028,0.303,0.3027,0.303,1467.0
1662432600000,0.303,0.303,0.3029,0.303,3235.0
1662432660000,0.3029,0.303,0.3027,0.303,7752.0
1662432720000,0.3029,0.3031,0.3029,0.303,7887.0
1662432780000,0.303,0.3032,0.303,0.3032,8466.0
1662432840000,0.3032,0.3038,0.3032,0.3037,34315.0
1662432900000,0.3036,0.3037,0.3036,0.3037,382.0
1662432960000,0.3037,0.3037,0.3034,0.3034,3158.0
1662433020000,0.3034,0.3035,0.3034,0.3035,301.0
1662433080000,0.3036,0.3036,0.3035,0.3036,10713.0
1662433140000,0.3036,0.3038,0.3036,0.3038,9347.0
1662433200000,0.3037,0.3039,0.3036,0.3036,14557.0
1662433260000,0.3037,0.3037,0.3035,0.3037,37455.0
1662433320000,0.3039,0.3039,0.3034,0.3035,14175.0
1662433380000,0.3035,0.3035,0.3035,0.3035,10543.0
1662433440000,0.3036,0.3038,0.3036,0.3037,16368.0
1662433500000,0.3038,0.3039,0.3038,0.3039,20007.0
1662433560000,0.3039,0.304,0.3038,0.3038,10425.0
1662433620000,0.3039,0.304,0.3038,0.3038,18324.0
1662433680000,0.3038,0.3038,0.3032,0.3036,31141.0
1662433740000,0.3034,0.3034,0.3032,0.3032,3538.0
1662433800000,0.3033,0.3034,0.3033,0.3033,5408.0
1662433860000,0.3033,0.3033,0.303,0.303,48949.0
1662433920000,0.3029,0.3031,0.3029,0.3029,2955.0
1662433980000,0.3031,0.3031,0.3026,0.3026,8983.0
1662434040000,0.3027,0.3027,0.3025,0.3025,5458.0
1662434100000,0.3025,0.3027,0.3024,0.3025,10799.0
1662434160000,0.3024,0.3024,0.302,0.302,18342.0
1662434220000,0.3021,0.3025,0.3021,0.3023,12650.0
1662434280000,0.3025,0.303,0.3025,0.3028,6779.0
1662434340000,0.303,0.3031,0.303,0.3031,960.0
1662434400000,0.3031,0.3032,0.303,0.3032,3443.0
1662434460000,0.3034,0.3034,0.3032,0.3032,26098.0
1662434520000,0.3031,0.3035,0.3031,0.3035,2107.0
1662434580000,0.3035,0.3035,0.3034,0.3035,7708.0
1662434640000,0.3036,0.3036,0.3034,0.3034,1273.0
1662434700000,0.3034,0.3036,0.3034,0.3034,7242.0
1662434760000,0.3034,0.3036,0.3034,0.3035,3593.0
1662434820000,0.3034,0.3036,0.3034,0.3034,725.0
1662434880000,0.3035,0.3036,0.3034,0.3035,8660.0
1662434940000,0.3035,0.3036,0.3033,0.3034,9900.0
1662435000000,0.3033,0.3035,0.3032,0.3035,5546.0
1662435060000,0.3035,0.3035,0.3033,0.3033,5952.0
1662435120000,0.3034,0.3036,0.3034,0.3035,4947.0
1662435180000,0.3037,0.3038,0.3037,0.3037,2806.0
1662435240000,0.3037,0.3037,0.3037,0.3037,3451.0
1662435300000,0.3036,0.3038,0.3036,0.3038,3339.0
1662435360000,0.3037,0.3038,0.3037,0.3038,4964.0
1662435420000,0.3037,0.3037,0.3035,0.3035,4322.0
1662435480000,0.3034,0.3037,0.3034,0.3037,8066.0
1662435540000,0.3037,0.3037,0.3037,0.3037,49.0
1662435600000,0.3035,0.3036,0.3035,0.3036,458.0
1662435660000,0.3036,0.3037,0.3036,0.3037,608.0
1662435720000,0.3037,0.3037,0.3036,0.3036,2558.0
1662435780000,0.3037,0.304,0.3037,0.304,1550.0
1662435840000,0.304,0.3042,0.304,0.3042,8637.0
1662435900000,0.3042,0.3042,0.3039,0.3039,53005.0
1662435960000,0.3038,0.3039,0.3038,0.3039,5190.0
1662436020000,0.3041,0.3043,0.3041,0.3043,4846.0
1662436080000,0.3044,0.3046,0.3044,0.3045,24508.0
1662436140000,0.3045,0.3046,0.3038,0.3038,7623.0
1662436200000,0.3038,0.304,0.3037,0.304,5391.0
1662436260000,0.304,0.304,0.304,0.304,2814.0
1662436320000,0.3037,0.3039,0.3037,0.3039,1383.0
1662436380000,0.3038,0.3038,0.3037,0.3037,5787.0
1662436440000,0.3036,0.3039,0.3036,0.3039,1367.0
1662436500000,0.3039,0.3039,0.3038,0.3038,775.0
1662436560000,0.3039,0.3039,0.3039,0.3039,1022.0
1662436620000,0.3038,0.3039,0.3036,0.3036,5613.0
1662436680000,0.3036,0.3037,0.3036,0.3037,345.0
1662436740000,0.3038,0.3041,0.3038,0.3041,10570.0
1662436800000,0.3042,0.3046,0.3042,0.3046,4355.0
1662436860000,0.3045,0.3046,0.3042,0.3043,34492.0
1662436920000,0.3043,0.3044,0.3042,0.3043,19175.0
1662436980000,0.3043,0.3047,0.3043,0.3047,7176.0
1662437040000,0.3046,0.3048,0.3046,0.3048,11403.0
1662437100000,0.3048,0.3048,0.3048,0.3048,375.0
1662437160000,0.3047,0.3047,0.3045,0.3045,899.0
1662437220000,0.3046,0.3046,0.3046,0.3046,183.0
1662437280000,0.3047,0.3047,0.3046,0.3046,772.0
1662437340000,0.3047,0.3047,0.3046,0.3047,11629.0
1662437400000,0.3047,0.3049,0.3047,0.3047,7605.0
1662437460000,0.3047,0.3048,0.3046,0.3046,1374.0
1662437520000,0.3048,0.3048,0.3046,0.3047,3411.0
1662437580000,0.3045,0.3047,0.3045,0.3047,4497.0
1662437640000,0.3047,0.3047,0.3047,0.3047,510.0
1662437700000,0.3048,0.3049,0.3048,0.3049,401.0
1662437760000,0.3048,0.3048,0.3048,0.3048,192.0
1662437820000,0.3048,0.3048,0.3048,0.3048,12567.0
1662437880000,0.3049,0.3049,0.3049,0.3049,2795.0
1662437940000,0.3049,0.3051,0.3049,0.3051,34138.0
1662438000000,0.3051,0.3052,0.305,0.3052,1277.0
1662438060000,0.3052,0.3053,0.3052,0.3053,1434.0
1662438120000,0.3054,0.3054,0.3053,0.3054,10297.0
1662438180000,0.3054,0.3055,0.3052,0.3055,1887.0
1662438240000,0.3055,0.3058,0.3055,0.3057,16508.0
1662438300000,0.3057,0.3057,0.3056,0.3056,12379.0
1662438360000,0.3056,0.3056,0.305,0.305,16521.0
1662438420000,0.305,0.3051,0.305,0.3051,16551.0
1662438480000,0.305,0.3052,0.305,0.305,6351.0
1662438540000,0.3052,0.3052,0.3052,0.3052,6647.0
1662438600000,0.3052,0.3052,0.3051,0.3051,1544.0
1662438660000,0.3049,0.3049,0.3047,0.3048,10811.0
1662438720000,0.3048,0.3053,0.3048,0.3051,17367.0
1662438780000,0.305,0.3051,0.3049,0.3049,4347.0
1662438840000,0.305,0.305,0.3049,0.305,2042.0
1662438900000,0.3049,0.3051,0.3049,0.305,15047.0
1662438960000,0.305,0.305,0.3049,0.3049,6785.0
1662439020000,0.3048,0.3048,0.3046,0.3047,10094.0
1662439080000,0.3046,0.3047,0.3045,0.3047,6195.0
1662439140000,0.3047,0.3047,0.3043,0.3043,17829.0
1662439200000,0.3044,0.3044,0.3044,0.3044,8000.0
1662439260000,0.3045,0.3046,0.3045,0.3045,5130.0
1662439320000,0.3045,0.3046,0.3044,0.3045,35499.0
1662439380000,0.3046,0.3046,0.3043,0.3044,9456.0
1662439440000,0.3043,0.3044,0.3043,0.3044,3687.0
1662439500000,0.3043,0.3044,0.3043,0.3044,12189.0
1662439560000,0.3044,0.3044,0.3044,0.3044,8207.0
1662439620000,0.3043,0.3043,0.3041,0.3041,4748.0
1662439680000,0.304,0.3042,0.3039,0.304,17346.0
1662439740000,0.3039,0.3039,0.3038,0.3039,14818.0
1662439800000,0.3038,0.3038,0.3037,0.3038,14975.0
1662439860000,0.3037,0.3039,0.3037,0.3039,7001.0
1662439920000,0.304,0.304,0.3038,0.3038,768.0
1662439980000,0.304,0.3042,0.3039,0.3042,7867.0
1662440040000,0.304,0.304,0.304,0.304,19164.0
1662440100000,0.3041,0.3041,0.3039,0.3039,1955.0
1662440160000,0.3039,0.3039,0.3038,0.3038,1867.0
1662440220000,0.3039,0.3039,0.3038,0.3038,4741.0
1662440280000,0.3038,0.3038,0.3038,0.3038,1855.0
1662440340000,0.3037,0.3037,0.3036,0.3036,4155.0
1662440400000,0.3037,0.3037,0.3033,0.3033,22031.0
1662440460000,0.3033,0.3035,0.3033,0.3034,30571.0
1662440520000,0.3033,0.3033,0.3033,0.3033,1310.0
1662440580000,0.3033,0.3034,0.3032,0.3032,16112.0
1662440640000,0.3033,0.3034,0.3032,0.3034,1496.0
1662440700000,0.3033,0.3037,0.3033,0.3037,37088.0
1662440760000,0.3038,0.3038,0.3037,0.3037,4179.0
1662440820000,0.3037,0.3038,0.3036,0.3037,3705.0
1662440880000,0.3037,0.304,0.3037,0.304,9763.0
1662440940000,0.3039,0.3043,0.3039,0.3041,2631.0
1662441000000,0.3043,0.3043,0.3039,0.3039,20723.0
1662441060000,0.3038,0.3039,0.3038,0.3039,34956.0
1662441120000,0.304,0.3041,0.3039,0.3041,3718.0
1662441180000,0.3041,0.3042,0.3041,0.3042,3780.0
1662441240000,0.3041,0.3041,0.304,0.304,2699.0
1662441300000,0.3041,0.3043,0.3041,0.3042,6605.0
1662441360000,0.3041,0.3044,0.3041,0.3043,43358.0
1662441420000,0.3042,0.3042,0.3041,0.3042,3510.0
1662441480000,0.3043,0.3044,0.3041,0.3041,16596.0
1662441540000,0.3042,0.3043,0.3042,0.3043,5019.0
1662441600000,0.3043,0.3043,0.3043,0.3043,254.0
1662441660000,0.3042,0.3043,0.3042,0.3042,845.0
1662441720000,0.3042,0.3043,0.3042,0.3043,8115.0
1662441780000,0.3043,0.3047,0.3043,0.3047,5128.0
1662441840000,0.3046,0.3046,0.3043,0.3043,14864.0
1662441900000,0.3043,0.3046,0.3043,0.3046,17204.0
1662441960000,0.3046,0.3047,0.3045,0.3045,2925.0
1662442020000,0.3045,0.305,0.3045,0.305,22052.0
1662442080000,0.305,0.3053,0.305,0.305,20219.0
1662442140000,0.3051,0.3052,0.3051,0.3051,3120.0
1662442200000,0.3051,0.3053,0.3051,0.3052,1928.0
1662442260000,0.3053,0.3053,0.3051,0.3051,20692.0
1662442320000,0.3051,0.3052,0.3051,0.3052,52837.0
1662442380000,0.3051,0.3052,0.305,0.305,8097.0
1662442440000,0.305,0.3051,0.3049,0.3049,40022.0
1662442500000,0.305,0.3051,0.305,0.3051,12640.0
1662442560000,0.305,0.3053,0.305,0.3052,37391.0
1662442620000,0.3054,0.3059,0.3053,0.3058,18799.0
1662442680000,0.3057,0.3061,0.3057,0.306,54127.0
1662442740000,0.306,0.306,0.3056,0.3056,75552.0
1662442800000,0.3057,0.3061,0.3057,0.3061,12877.0
1662442860000,0.3059,0.306,0.3059,0.3059,5487.0
1662442920000,0.306,0.306,0.3059,0.3059,194.0
1662442980000,0.3059,0.306,0.3059,0.306,5043.0
1662443040000,0.3059,0.306,0.3058,0.3059,7564.0
1662443100000,0.3061,0.3061,0.3059,0.3059,8151.0
1662443160000,0.306,0.306,0.3058,0.3058,3601.0
1662443220000,0.3057,0.3058,0.3057,0.3058,118.0
1662443280000,0.3058,0.306,0.3057,0.306,14432.0
1662443340000,0.3061,0.3061,0.3059,0.306,43621.0
1662443400000,0.306,0.306,0.3059,0.3059,3873.0
1662443460000,0.3059,0.3059,0.3058,0.3058,3460.0
1662443520000,0.3058,0.3059,0.3057,0.3057,2417.0
1662443580000,0.3057,0.3058,0.3055,0.3056,28368.0
1662443640000,0.3056,0.3057,0.3055,0.3055,10442.0
1662443700000,0.3055,0.3056,0.305,0.3051,25697.0
1662443760000,0.3051,0.3051,0.3047,0.3048,89283.0
1662443820000,0.305,0.305,0.3046,0.3046,20668.0
1662443880000,0.3046,0.3049,0.3045,0.3049,28539.0
1662443940000,0.3048,0.3048,0.3046,0.3046,37893.0
1662444000000,0.3047,0.3049,0.3047,0.3049,47087.0
1662444060000,0.3049,0.3049,0.3047,0.3047,6420.0
1662444120000,0.3046,0.3046,0.3039,0.3039,101851.0
1662444180000,0.304,0.3043,0.304,0.3041,33190.0
1662444240000,0.3041,0.3046,0.3041,0.3043,40868.0
1662444300000,0.3042,0.3042,0.3039,0.3041,58612.0
1662444360000,0.3041,0.3044,0.304,0.3043,58073.0
1662444420000,0.3042,0.3047,0.3042,0.3044,62959.0
1662444480000,0.3044,0.3048,0.3043,0.3048,72309.0
1662444540000,0.3049,0.3053,0.3048,0.3049,116306.0
1662444600000,0.3048,0.3049,0.3045,0.3046,55844.0
1662444660000,0.3048,0.3048,0.3045,0.3047,20309.0
1662444720000,0.3047,0.3047,0.3045,0.3047,8810.0
1662444780000,0.3047,0.305,0.3046,0.305,12413.0
1662444840000,0.305,0.305,0.3049,0.3049,8450.0
1662444900000,0.305,0.3051,0.3049,0.3049,26321.0
1662444960000,0.305,0.305,0.3048,0.3048,25870.0
1662445020000,0.3048,0.305,0.3048,0.3049,4029.0
1662445080000,0.3049,0.3052,0.3049,0.3052,35654.0
1662445140000,0.3052,0.3052,0.3051,0.3051,1309.0
1662445200000,0.3052,0.3052,0.3051,0.3051,2367.0
1662445260000,0.3052,0.3052,0.305,0.305,23308.0
1662445320000,0.3049,0.3052,0.3049,0.305,23602.0
1662445380000,0.305,0.3055,0.305,0.3053,87389.0
1662445440000,0.3052,0.3054,0.3052,0.3053,26945.0
1662445500000,0.3053,0.3054,0.3052,0.3052,5413.0
1662445560000,0.3053,0.3053,0.3052,0.3052,6008.0
1662445620000,0.3052,0.3055,0.3051,0.3055,5868.0
1662445680000,0.3054,0.3055,0.3054,0.3055,3168.0
1662445740000,0.3056,0.3056,0.3054,0.3054,11726.0
1662445800000,0.3056,0.3057,0.3055,0.3056,19383.0
1662445860000,0.3057,0.3058,0.3056,0.3057,5324.0
1662445920000,0.3056,0.3058,0.3056,0.3056,7420.0
1662445980000,0.3056,0.3056,0.3052,0.3055,8591.0
1662446040000,0.3056,0.3056,0.3055,0.3055,7830.0
1662446100000,0.3056,0.3056,0.3055,0.3055,4152.0
1662446160000,0.3054,0.3057,0.3054,0.3056,4022.0
1662446220000,0.3055,0.3055,0.3055,0.3055,34.0
1662446280000,0.3055,0.3057,0.3055,0.3057,2726.0
1662446340000,0.3057,0.3058,0.3057,0.3058,11458.0
1662446400000,0.3059,0.3059,0.3058,0.3059,5572.0
1662446460000,0.3058,0.3058,0.3057,0.3058,3506.0
1662446520000,0.3059,0.3059,0.3057,0.3058,24463.0
1662446580000,0.3059,0.3059,0.3057,0.3059,6123.0
1662446640000,0.3058,0.3058,0.3057,0.3058,2328.0
1662446700000,0.3058,0.3064,0.3058,0.306,41761.0
1662446760000,0.306,0.3063,0.306,0.3062,1349.0
1662446820000,0.3063,0.3064,0.306,0.306,14226.0
1662446880000,0.306,0.3061,0.3058,0.306,9979.0
1662446940000,0.306,0.306,0.3058,0.3059,7747.0
1662447000000,0.3059,0.3061,0.3059,0.306,1672.0
1662447060000,0.3059,0.3059,0.3058,0.3059,1804.0
1662447120000,0.3058,0.3058,0.3056,0.3057,4750.0
1662447180000,0.3055,0.3055,0.3052,0.3052,7708.0
1662447240000,0.3052,0.3053,0.3051,0.3051,2941.0
1662447300000,0.3052,0.3053,0.3052,0.3053,4637.0
1662447360000,0.3054,0.3054,0.3052,0.3054,6724.0
1662447420000,0.3054,0.3055,0.3052,0.3053,17283.0
1662447480000,0.3054,0.3055,0.3053,0.3055,8067.0
1662447540000,0.3054,0.3056,0.3054,0.3056,2797.0
1662447600000,0.3055,0.3057,0.3054,0.3057,7822.0
1662447660000,0.3057,0.306,0.3057,0.3059,8444.0
1662447720000,0.3059,0.306,0.3058,0.3058,18630.0
1662447780000,0.3058,0.3058,0.3056,0.3056,5849.0
1662447840000,0.3057,0.306,0.3057,0.3058,15287.0
1662447900000,0.306,0.3063,0.306,0.3062,19236.0
1662447960000,0.3063,0.3063,0.3061,0.3061,7493.0
1662448020000,0.3062,0.3064,0.3062,0.3064,35819.0
1662448080000,0.3064,0.3064,0.3061,0.3063,10874.0
1662448140000,0.3063,0.3064,0.3062,0.3062,16670.0
1662448200000,0.3063,0.3064,0.3061,0.3063,14823.0
1662448260000,0.3062,0.3063,0.3061,0.3063,4974.0
1662448320000,0.3061,0.3061,0.3054,0.3055,52349.0
1662448380000,0.3055,0.3057,0.3055,0.3056,9237.0
1662448440000,0.3055,0.3059,0.3055,0.3059,13567.0
1662448500000,0.3059,0.3066,0.3059,0.3066,31910.0
1662448560000,0.3065,0.3065,0.3063,0.3063,20481.0
1662448620000,0.3064,0.3064,0.3062,0.3063,5207.0
1662448680000,0.3062,0.3062,0.3057,0.3057,17563.0
1662448740000,0.3057,0.3057,0.3055,0.3056,4958.0
1662448800000,0.3056,0.3058,0.3056,0.3056,7100.0
1662448860000,0.3057,0.3059,0.3057,0.3058,20465.0
1662448920000,0.3058,0.306,0.3058,0.3059,2363.0
1662448980000,0.3058,0.3059,0.3056,0.3058,6455.0
1662449040000,0.3058,0.3059,0.3058,0.3058,6681.0
1662449100000,0.3058,0.306,0.3057,0.3058,13601.0
1662449160000,0.3058,0.3059,0.3058,0.3058,6789.0
1662449220000,0.3057,0.3059,0.3057,0.3059,3019.0
1662449280000,0.3057,0.3059,0.3057,0.3058,2379.0
1662449340000,0.3059,0.3059,0.3058,0.3059,1032.0
1662449400000,0.3059,0.3059,0.3058,0.3058,4114.0
1662449460000,0.3058,0.3059,0.3052,0.3052,22205.0
1662449520000,0.3052,0.3054,0.3049,0.3049,13569.0
1662449580000,0.3049,0.305,0.3048,0.305,6117.0
1662449640000,0.3049,0.305,0.3047,0.305,35587.0
1662449700000,0.305,0.3053,0.3049,0.305,19082.0
1662449760000,0.305,0.3053,0.305,0.3051,3592.0
1662449820000,0.3052,0.3054,0.3051,0.3051,4033.0
1662449880000,0.3052,0.3053,0.305,0.3052,20870.0
1662449940000,0.3052,0.3054,0.3052,0.3052,5176.0
1662450000000,0.3051,0.3052,0.305,0.3051,3919.0
1662450060000,0.3051,0.3051,0.305,0.3051,12870.0
1662450120000,0.3051,0.3053,0.3051,0.3051,28576.0
1662450180000,0.3051,0.3052,0.305,0.3051,5161.0
1662450240000,0.305,0.305,0.3047,0.3047,17402.0
1662450300000,0.3047,0.3047,0.3044,0.3045,8659.0
1662450360000,0.3044,0.3048,0.3044,0.3048,4703.0
1662450420000,0.3047,0.3047,0.3046,0.3047,5433.0
1662450480000,0.3047,0.3049,0.3047,0.3049,4405.0
1662450540000,0.3047,0.3048,0.3046,0.3048,6788.0
1662450600000,0.3047,0.3049,0.3044,0.3047,7633.0
1662450660000,0.3047,0.3049,0.3047,0.3049,9953.0
1662450720000,0.3048,0.3049,0.3047,0.3048,2137.0
1662450780000,0.3048,0.3048,0.3047,0.3047,3784.0
1662450840000,0.3048,0.3049,0.3048,0.3048,1944.0
1662450900000,0.3048,0.3049,0.3046,0.3048,8202.0
1662450960000,0.3049,0.305,0.3048,0.3049,6609.0
1662451020000,0.3048,0.3051,0.3048,0.3051,9195.0
1662451080000,0.305,0.3051,0.3049,0.305,16474.0
1662451140000,0.3051,0.3051,0.305,0.305,6647.0
1662451200000,0.305,0.3051,0.3049,0.305,5121.0
1662451260000,0.305,0.305,0.3049,0.3049,923.0
1662451320000,0.3048,0.3048,0.3045,0.3045,18108.0
1662451380000,0.3045,0.3049,0.3045,0.3049,9172.0
1662451440000,0.305,0.305,0.3045,0.3045,70384.0
1662451500000,0.3047,0.3047,0.3045,0.3045,1419.0
1662451560000,0.3044,0.3046,0.3044,0.3045,14179.0
1662451620000,0.3044,0.3045,0.3043,0.3044,104433.0
1662451680000,0.3045,0.3046,0.3045,0.3046,19015.0
1662451740000,0.3046,0.3047,0.3046,0.3046,8219.0
1662451800000,0.3045,0.3046,0.3045,0.3046,11169.0
1662451860000,0.3047,0.3047,0.3045,0.3045,2444.0
1662451920000,0.3046,0.3046,0.3045,0.3045,828.0
1662451980000,0.3046,0.3047,0.3046,0.3047,3295.0
1662452040000,0.3046,0.3046,0.3046,0.3046,1381.0
1662452100000,0.3045,0.3045,0.3044,0.3044,21394.0
1662452160000,0.3045,0.3047,0.3045,0.3047,8779.0
1662452220000,0.3047,0.3049,0.3047,0.3049,1088.0
1662452280000,0.3048,0.3049,0.3048,0.3049,3394.0
1662452340000,0.3049,0.305,0.3049,0.305,897.0
1662452400000,0.305,0.3051,0.305,0.305,4743.0
1662452460000,0.305,0.305,0.305,0.305,2622.0
1662452520000,0.3051,0.3051,0.305,0.305,934.0
1662452580000,0.3051,0.3051,0.3048,0.3048,3588.0
1662452640000,0.305,0.305,0.3048,0.3048,1791.0
1662452700000,0.3049,0.305,0.3048,0.3048,8349.0
1662452760000,0.3048,0.3051,0.3048,0.3051,13154.0
1662452820000,0.3052,0.3054,0.3052,0.3054,7280.0
1662452880000,0.3054,0.3056,0.3053,0.3056,28428.0
1662452940000,0.3057,0.3059,0.3057,0.3058,4745.0
1662453000000,0.3058,0.3059,0.3057,0.3058,10942.0
1662453060000,0.3058,0.3058,0.3056,0.3058,8115.0
1662453120000,0.3059,0.3064,0.3059,0.3063,32013.0
1662453180000,0.3063,0.3063,0.3058,0.3058,19388.0
1662453240000,0.3059,0.3061,0.3059,0.306,7221.0
1662453300000,0.306,0.306,0.3059,0.3059,9210.0
1662453360000,0.3059,0.3059,0.3058,0.3059,2357.0
1662453420000,0.3059,0.3059,0.3058,0.3059,6274.0
1662453480000,0.306,0.306,0.3058,0.3059,14187.0
1662453540000,0.3061,0.3061,0.306,0.3061,4710.0
1662453600000,0.3061,0.3062,0.3059,0.3061,3844.0
1662453660000,0.3062,0.3062,0.3061,0.3062,3017.0
1662453720000,0.3061,0.3061,0.306,0.3061,5720.0
1662453780000,0.3061,0.3062,0.3061,0.3062,3700.0
1662453840000,0.3061,0.3061,0.3057,0.3057,49875.0
1662453900000,0.3058,0.3059,0.3057,0.3059,18931.0
1662453960000,0.306,0.306,0.3057,0.3058,17939.0
1662454020000,0.3057,0.3057,0.3054,0.3054,12285.0
1662454080000,0.3054,0.3055,0.3054,0.3054,1429.0
1662454140000,0.3054,0.3056,0.3054,0.3055,10676.0
1662454200000,0.3054,0.3055,0.3054,0.3055,4722.0
1662454260000,0.3055,0.3055,0.3053,0.3053,3178.0
1662454320000,0.3053,0.3053,0.3051,0.3052,9900.0
1662454380000,0.3051,0.3051,0.305,0.3051,670.0
1662454440000,0.3051,0.3052,0.3051,0.3052,1155.0
1662454500000,0.3053,0.3053,0.3051,0.3051,1113.0
1662454560000,0.3051,0.3054,0.3051,0.3054,16949.0
1662454620000,0.3055,0.3057,0.3055,0.3056,712.0
1662454680000,0.3057,0.3058,0.3057,0.3058,4466.0
1662454740000,0.3058,0.3061,0.3058,0.3061,5315.0
1662454800000,0.3062,0.3062,0.3059,0.3059,17651.0
1662454860000,0.306,0.306,0.306,0.306,4235.0
1662454920000,0.3059,0.306,0.3058,0.3059,7108.0
1662454980000,0.3058,0.3058,0.3055,0.3058,17283.0
1662455040000,0.3057,0.3057,0.3056,0.3056,3196.0
1662455100000,0.3057,0.3057,0.3057,0.3057,576.0
1662455160000,0.3059,0.3059,0.3057,0.3057,20137.0
1662455220000,0.3057,0.3057,0.3055,0.3055,8085.0
1662455280000,0.3056,0.3056,0.3055,0.3055,9618.0
1662455340000,0.3056,0.3057,0.3056,0.3057,4927.0
1662455400000,0.3057,0.3058,0.3057,0.3058,14913.0
1662455460000,0.3058,0.3061,0.3058,0.3059,23354.0
1662455520000,0.3058,0.3058,0.3057,0.3058,15782.0
1662455580000,0.3057,0.3059,0.3056,0.3056,29753.0
1662455640000,0.3057,0.3059,0.3056,0.3056,35290.0
1662455700000,0.3056,0.306,0.3055,0.3058,99389.0
1662455760000,0.3059,0.3061,0.3058,0.306,41377.0
1662455820000,0.306,0.3061,0.3059,0.306,12763.0
1662455880000,0.3059,0.3059,0.3058,0.3058,6877.0
1662455940000,0.3058,0.3058,0.3058,0.3058,183.0
1662456000000,0.3058,0.3058,0.3049,0.3049,17708.0
1662456060000,0.3048,0.3049,0.3042,0.3048,23493.0
1662456120000,0.3047,0.3049,0.3047,0.3049,39363.0
1662456180000,0.3049,0.3051,0.3049,0.3051,19599.0
1662456240000,0.3051,0.3052,0.3051,0.3051,1921.0
1662456300000,0.305,0.305,0.3048,0.3049,2019.0
1662456360000,0.3049,0.305,0.3048,0.3048,2603.0
1662456420000,0.3048,0.3048,0.304,0.3044,30206.0
1662456480000,0.3045,0.3047,0.3045,0.3045,6644.0
1662456540000,0.3046,0.3049,0.3046,0.3048,71004.0
1662456600000,0.3049,0.3049,0.3047,0.3048,5464.0
1662456660000,0.3047,0.3048,0.3047,0.3048,1331.0
1662456720000,0.3049,0.3052,0.3049,0.3052,11164.0
1662456780000,0.3051,0.3051,0.305,0.3051,3703.0
1662456840000,0.305,0.3052,0.305,0.3051,328.0
1662456900000,0.3053,0.3055,0.3053,0.3053,3839.0
1662456960000,0.3052,0.3053,0.3052,0.3052,2346.0
1662457020000,0.3052,0.3053,0.3052,0.3052,3553.0
1662457080000,0.3051,0.3051,0.3051,0.3051,37.0
1662457140000,0.3053,0.3054,0.3052,0.3054,2430.0
1662457200000,0.3055,0.3055,0.3053,0.3053,24199.0
1662457260000,0.3052,0.3054,0.3052,0.3053,42777.0
1662457320000,0.3053,0.3054,0.3052,0.3054,5170.0
1662457380000,0.3053,0.3053,0.3052,0.3052,7336.0
1662457440000,0.3051,0.3053,0.3051,0.3053,13841.0
1662457500000,0.3053,0.3053,0.3052,0.3052,766.0
1662457560000,0.3052,0.3053,0.3052,0.3052,13067.0
1662457620000,0.3053,0.3053,0.3053,0.3053,8756.0
1662457680000,0.3052,0.3053,0.3052,0.3052,5610.0
1662457740000,0.3051,0.3051,0.3049,0.3049,3365.0
1662457800000,0.3051,0.3051,0.305,0.305,1122.0
1662457860000,0.3051,0.3052,0.3051,0.3052,481.0
1662457920000,0.3052,0.3052,0.3052,0.3052,3583.0
1662457980000,0.3052,0.3053,0.3052,0.3053,1563.0
1662458040000,0.3053,0.3053,0.305,0.305,1262.0
1662458100000,0.3051,0.3053,0.3051,0.3053,3149.0
1662458160000,0.3052,0.3053,0.3052,0.3053,2059.0
1662458220000,0.3052,0.3052,0.3052,0.3052,133.0
1662458280000,0.3052,0.3052,0.3052,0.3052,687.0
1662458340000,0.3053,0.3053,0.3052,0.3052,930.0
1662458400000,0.3053,0.3054,0.3053,0.3053,16598.0
1662458460000,0.3053,0.3053,0.3052,0.3053,611.0
1662458520000,0.3052,0.3053,0.3052,0.3052,2645.0
1662458580000,0.3052,0.3053,0.3052,0.3053,2185.0
1662458640000,0.3052,0.3052,0.305,0.305,1335.0
1662458700000,0.3053,0.3053,0.3052,0.3052,1590.0
1662458760000,0.3052,0.3054,0.3052,0.3054,56436.0
1662458820000,0.3054,0.3054,0.3053,0.3053,6917.0
1662458880000,0.3053,0.3054,0.3051,0.3051,31910.0
1662458940000,0.3053,0.3054,0.3053,0.3054,1485.0
1662459000000,0.3053,0.3053,0.3052,0.3052,7126.0
1662459060000,0.3053,0.3054,0.3053,0.3054,524.0
1662459120000,0.3053,0.3055,0.3053,0.3053,43643.0
1662459180000,0.3054,0.3055,0.3053,0.3054,44207.0
1662459240000,0.3054,0.3055,0.3053,0.3054,65836.0
1662459300000,0.3054,0.3055,0.3053,0.3053,51972.0
1662459360000,0.3055,0.3061,0.3055,0.3061,17259.0
1662459420000,0.3061,0.3063,0.3061,0.3063,5973.0
1662459480000,0.3062,0.3063,0.3062,0.3062,21203.0
1662459540000,0.3062,0.3062,0.3061,0.3061,2374.0
1662459600000,0.3062,0.3062,0.306,0.3061,12422.0
1662459660000,0.3061,0.3062,0.3059,0.3059,27034.0
1662459720000,0.306,0.3062,0.306,0.3062,12084.0
1662459780000,0.3062,0.3063,0.3062,0.3062,17126.0
1662459840000,0.3063,0.3063,0.3062,0.3063,9713.0
1662459900000,0.3064,0.3064,0.3063,0.3063,2697.0
1662459960000,0.3063,0.3063,0.3061,0.3061,7041.0
1662460020000,0.3061,0.3064,0.3061,0.3063,3731.0
1662460080000,0.3063,0.3064,0.3061,0.3061,8727.0
1662460140000,0.3062,0.3063,0.3062,0.3062,10820.0
1662460200000,0.3063,0.3063,0.3058,0.3058,6756.0
1662460260000,0.3059,0.3059,0.3059,0.3059,3980.0
1662460320000,0.3058,0.3059,0.3058,0.3058,6713.0
1662460380000,0.3059,0.3062,0.3058,0.306,53994.0
1662460440000,0.306,0.3061,0.3059,0.3061,6814.0
1662460500000,0.3061,0.3063,0.3061,0.3063,14723.0
1662460560000,0.3063,0.3063,0.3062,0.3062,3280.0
1662460620000,0.3061,0.3061,0.3059,0.3059,11684.0
1662460680000,0.306,0.306,0.3058,0.3058,13578.0
1662460740000,0.3059,0.306,0.3059,0.306,2713.0
1662460800000,0.306,0.3062,0.306,0.3062,1917.0
1662460860000,0.3061,0.3062,0.3061,0.3061,299.0
1662460920000,0.3062,0.3062,0.3062,0.3062,7242.0
1662460980000,0.3063,0.3065,0.3062,0.3064,3223.0
1662461040000,0.3065,0.3067,0.3064,0.3065,31154.0
1662461100000,0.3066,0.3067,0.3066,0.3067,3515.0
1662461160000,0.3066,0.3067,0.3065,0.3067,6947.0
1662461220000,0.3067,0.3067,0.3067,0.3067,0.0
1662461280000,0.3066,0.3067,0.3066,0.3066,4366.0
1662461340000,0.3065,0.3067,0.3065,0.3067,41651.0
1662461400000,0.3066,0.3066,0.3065,0.3065,6333.0
1662461460000,0.3065,0.3067,0.3065,0.3066,3875.0
1662461520000,0.3066,0.3067,0.3066,0.3067,2854.0
1662461580000,0.3067,0.3067,0.3065,0.3067,2180.0
1662461640000,0.3067,0.3067,0.3066,0.3066,5075.0
1662461700000,0.3066,0.3066,0.3065,0.3065,1992.0
1662461760000,0.3065,0.3066,0.3064,0.3065,9551.0
1662461820000,0.3065,0.3067,0.3065,0.3065,3828.0
1662461880000,0.3067,0.3067,0.3065,0.3065,5216.0
1662461940000,0.3065,0.3065,0.3064,0.3064,933.0
1662462000000,0.3064,0.3065,0.3063,0.3064,15341.0
1662462060000,0.3065,0.3065,0.3063,0.3063,2937.0
1662462120000,0.3064,0.3064,0.3063,0.3064,7459.0
1662462180000,0.3064,0.3065,0.3064,0.3065,527.0
1662462240000,0.3066,0.3067,0.3066,0.3067,1801.0
1662462300000,0.3066,0.3067,0.3065,0.3066,10897.0
1662462360000,0.3067,0.3069,0.3066,0.3068,12206.0
1662462420000,0.3067,0.307,0.3067,0.307,44862.0
1662462480000,0.3071,0.3075,0.3071,0.3073,37248.0
1662462540000,0.3074,0.3076,0.3073,0.3073,37066.0
1662462600000,0.3073,0.3075,0.3073,0.3074,1539.0
1662462660000,0.3074,0.3075,0.3073,0.3074,20706.0
1662462720000,0.3074,0.3074,0.3073,0.3073,26083.0
1662462780000,0.3073,0.3073,0.3072,0.3072,21466.0
1662462840000,0.3073,0.3074,0.3072,0.3074,1018.0
1662462900000,0.3073,0.3075,0.3073,0.3073,4346.0
1662462960000,0.3072,0.3072,0.3071,0.3072,2823.0
1662463020000,0.3071,0.3072,0.3071,0.3072,769.0
1662463080000,0.3071,0.3071,0.307,0.307,5156.0
1662463140000,0.3071,0.3071,0.3069,0.307,979.0
1662463200000,0.307,0.3073,0.307,0.3072,2294.0
1662463260000,0.3074,0.3077,0.3074,0.3074,89438.0
1662463320000,0.3074,0.3074,0.3065,0.3065,28797.0
1662463380000,0.3065,0.3065,0.3058,0.3058,8574.0
1662463440000,0.3057,0.306,0.3052,0.3057,71239.0
1662463500000,0.3058,0.306,0.3058,0.3058,4908.0
1662463560000,0.3059,0.3066,0.3058,0.3066,17995.0
1662463620000,0.3066,0.3066,0.306,0.3061,65595.0
1662463680000,0.306,0.306,0.3059,0.3059,2126.0
1662463740000,0.3059,0.3059,0.3055,0.3056,18181.0
1662463800000,0.3056,0.3056,0.3054,0.3054,5818.0
1662463860000,0.3055,0.3058,0.3054,0.3058,5076.0
1662463920000,0.3056,0.3058,0.3056,0.3057,2525.0
1662463980000,0.3058,0.3059,0.3058,0.3058,3194.0
1662464040000,0.3059,0.306,0.3058,0.3059,5993.0
1662464100000,0.3058,0.3058,0.3057,0.3058,2557.0
1662464160000,0.3056,0.3057,0.3055,0.3057,781.0
1662464220000,0.3057,0.3057,0.3056,0.3056,4198.0
1662464280000,0.3056,0.3056,0.3054,0.3055,27173.0
1662464340000,0.3054,0.3055,0.3054,0.3055,2295.0
1662464400000,0.3054,0.3054,0.3051,0.3051,4471.0
1662464460000,0.3052,0.3054,0.3052,0.3053,2575.0
1662464520000,0.3053,0.3058,0.3053,0.3058,12302.0
1662464580000,0.3057,0.3058,0.3055,0.3057,11670.0
1662464640000,0.3058,0.3061,0.3058,0.3061,2398.0
1662464700000,0.306,0.3061,0.3059,0.3059,8590.0
1662464760000,0.3058,0.3058,0.3058,0.3058,87.0
1662464820000,0.3059,0.3059,0.3058,0.3058,6227.0
1662464880000,0.3059,0.3059,0.3058,0.3058,2040.0
1662464940000,0.3057,0.3057,0.3054,0.3055,7373.0
1662465000000,0.3055,0.3056,0.3053,0.3053,2174.0
1662465060000,0.3053,0.3053,0.3053,0.3053,565.0
1662465120000,0.3052,0.3055,0.3052,0.3052,1917.0
1662465180000,0.3052,0.3052,0.3052,0.3052,0.0
1662465240000,0.3056,0.3056,0.3055,0.3055,1090.0
1662465300000,0.3055,0.3058,0.3055,0.3058,3075.0
1662465360000,0.3058,0.3058,0.3058,0.3058,419.0
1662465420000,0.3059,0.3061,0.3059,0.3059,24659.0
1662465480000,0.3059,0.3059,0.3059,0.3059,3142.0
1662465540000,0.3058,0.3058,0.3057,0.3057,2023.0
1662465600000,0.3057,0.3058,0.3055,0.3057,13019.0
1662465660000,0.3058,0.3059,0.3058,0.3059,10933.0
1662465720000,0.3059,0.306,0.3058,0.306,5301.0
1662465780000,0.306,0.306,0.3059,0.306,703.0
1662465840000,0.3059,0.3059,0.3056,0.3058,28901.0
1662465900000,0.3059,0.3059,0.3056,0.3056,9941.0
1662465960000,0.3055,0.3057,0.3054,0.3057,26371.0
1662466020000,0.3057,0.3057,0.3057,0.3057,584.0
1662466080000,0.3058,0.3066,0.3058,0.3065,17978.0
1662466140000,0.3066,0.307,0.3065,0.307,7457.0
1662466200000,0.3069,0.3073,0.3061,0.3063,48004.0
1662466260000,0.306,0.306,0.3058,0.306,6043.0
1662466320000,0.3062,0.3063,0.3062,0.3062,1962.0
1662466380000,0.3061,0.3062,0.3061,0.3062,2227.0
1662466440000,0.3063,0.3063,0.3061,0.3061,2227.0
1662466500000,0.3062,0.3063,0.3061,0.3061,5902.0
1662466560000,0.3061,0.3062,0.3061,0.3062,5775.0
1662466620000,0.3064,0.3065,0.3064,0.3064,5888.0
1662466680000,0.3066,0.3069,0.3066,0.3069,11608.0
1662466740000,0.3068,0.3068,0.3066,0.3066,2957.0
1662466800000,0.3065,0.3067,0.3065,0.3067,346.0
1662466860000,0.3067,0.3067,0.3066,0.3066,5535.0
1662466920000,0.3067,0.3068,0.3067,0.3067,4033.0
1662466980000,0.3068,0.3069,0.3067,0.3067,6040.0
1662467040000,0.3067,0.3068,0.3066,0.3067,6409.0
1662467100000,0.3069,0.3071,0.3068,0.3071,21183.0
1662467160000,0.307,0.307,0.3066,0.3067,6068.0
1662467220000,0.3066,0.3067,0.3066,0.3066,9192.0
1662467280000,0.3066,0.3066,0.3057,0.3058,33142.0
1662467340000,0.3058,0.306,0.3057,0.3057,19171.0
1662467400000,0.3056,0.3057,0.3052,0.3054,47262.0
1662467460000,0.3053,0.3053,0.3051,0.3053,4373.0
1662467520000,0.3052,0.3052,0.3051,0.3052,1825.0
1662467580000,0.3052,0.3054,0.3052,0.3053,1904.0
1662467640000,0.3052,0.3052,0.305,0.305,6892.0
1662467700000,0.3049,0.3052,0.3049,0.305,5479.0
1662467760000,0.305,0.3051,0.3049,0.305,7313.0
1662467820000,0.3049,0.305,0.3049,0.305,1730.0
1662467880000,0.3049,0.305,0.3048,0.3048,43654.0
1662467940000,0.3049,0.305,0.3049,0.3049,737.0
1662468000000,0.3048,0.3048,0.3048,0.3048,2132.0
1662468060000,0.3048,0.3048,0.3047,0.3047,6849.0
1662468120000,0.3047,0.3049,0.3046,0.3047,13849.0
1662468180000,0.3048,0.3048,0.3045,0.3046,2955.0
1662468240000,0.3046,0.3046,0.3045,0.3045,4951.0
1662468300000,0.3046,0.3047,0.3046,0.3047,3836.0
1662468360000,0.3048,0.3048,0.3044,0.3044,6907.0
1662468420000,0.3044,0.3044,0.3042,0.3043,25164.0
1662468480000,0.3045,0.3045,0.3041,0.3042,21039.0
1662468540000,0.3043,0.3044,0.3043,0.3044,2117.0
1662468600000,0.3044,0.3044,0.3043,0.3044,1697.0
1662468660000,0.3043,0.3043,0.3041,0.3041,22021.0
1662468720000,0.3043,0.3043,0.3042,0.3042,3886.0
1662468780000,0.3042,0.3042,0.3041,0.3041,14726.0
1662468840000,0.3041,0.3042,0.304,0.3041,4599.0
1662468900000,0.304,0.3042,0.3039,0.3039,6051.0
1662468960000,0.304,0.304,0.3037,0.3038,9777.0
1662469020000,0.3038,0.3039,0.3036,0.3036,24073.0
1662469080000,0.3036,0.3036,0.3036,0.3036,3729.0
1662469140000,0.3036,0.3036,0.3033,0.3033,14565.0
1662469200000,0.3033,0.3034,0.3031,0.3033,28255.0
1662469260000,0.3035,0.3036,0.3034,0.3034,2640.0
1662469320000,0.3035,0.3037,0.3034,0.3037,1864.0
1662469380000,0.3038,0.3038,0.3034,0.3034,1254.0
1662469440000,0.3034,0.3034,0.3033,0.3033,3320.0
1662469500000,0.3033,0.3034,0.3031,0.3032,11546.0
1662469560000,0.3031,0.3031,0.3027,0.3028,26591.0
1662469620000,0.3027,0.303,0.3027,0.303,15377.0
1662469680000,0.303,0.3031,0.3029,0.303,832.0
1662469740000,0.303,0.303,0.3029,0.3029,9561.0
1662469800000,0.3028,0.3033,0.3028,0.3032,8813.0
1662469860000,0.3032,0.3033,0.3032,0.3033,4943.0
1662469920000,0.3032,0.3034,0.3032,0.3034,3446.0
1662469980000,0.3032,0.3033,0.3032,0.3033,7472.0
1662470040000,0.3032,0.3032,0.3032,0.3032,3265.0
1662470100000,0.3032,0.3033,0.3031,0.3033,19476.0
1662470160000,0.3033,0.3035,0.3032,0.3034,3118.0
1662470220000,0.3034,0.3038,0.3034,0.3036,13568.0
1662470280000,0.3036,0.3036,0.3035,0.3035,4514.0
1662470340000,0.3036,0.3036,0.3034,0.3035,15955.0
1662470400000,0.3035,0.3035,0.3034,0.3034,4017.0
1662470460000,0.3035,0.3035,0.3035,0.3035,1676.0
1662470520000,0.3034,0.3034,0.3033,0.3034,9905.0
1662470580000,0.3034,0.3035,0.3034,0.3035,141.0
1662470640000,0.3035,0.3036,0.3034,0.3035,5624.0
1662470700000,0.3034,0.3034,0.3026,0.3026,25158.0
1662470760000,0.3026,0.3026,0.302,0.3022,36312.0
1662470820000,0.3022,0.3022,0.3019,0.3019,39645.0
1662470880000,0.3018,0.3019,0.3018,0.3018,13015.0
1662470940000,0.3019,0.3019,0.3015,0.3016,21149.0
1662471000000,0.3016,0.3029,0.3015,0.3026,105450.0
1662471060000,0.3027,0.303,0.302,0.3021,26210.0
1662471120000,0.3021,0.3025,0.3018,0.3018,28847.0
1662471180000,0.3018,0.3018,0.3008,0.301,52740.0
1662471240000,0.301,0.3016,0.3008,0.3009,24178.0
1662471300000,0.3007,0.3015,0.3007,0.3014,20430.0
1662471360000,0.3015,0.3015,0.3008,0.301,136141.0
1662471420000,0.3009,0.3012,0.3007,0.3009,11600.0
1662471480000,0.301,0.301,0.3004,0.3005,20891.0
1662471540000,0.3004,0.3007,0.3,0.3001,68505.0
1662471600000,0.3002,0.3007,0.3002,0.3004,23859.0
1662471660000,0.3004,0.301,0.3004,0.3009,21500.0
1662471720000,0.301,0.3015,0.301,0.3014,20111.0
1662471780000,0.3015,0.3018,0.3013,0.3013,8390.0
1662471840000,0.3011,0.3014,0.301,0.3014,5199.0
1662471900000,0.3014,0.3016,0.3012,0.3012,8412.0
1662471960000,0.3012,0.3012,0.3008,0.301,23704.0
1662472020000,0.3009,0.3011,0.3004,0.3006,59887.0
1662472080000,0.3005,0.3005,0.3004,0.3004,9405.0
1662472140000,0.3006,0.3006,0.3002,0.3002,22006.0
1662472200000,0.3002,0.3003,0.2995,0.2997,36974.0
1662472260000,0.2996,0.3002,0.2995,0.3002,30593.0
1662472320000,0.3002,0.3002,0.2998,0.2999,11282.0
1662472380000,0.3,0.3,0.2998,0.2998,2020.0
1662472440000,0.2997,0.2998,0.2995,0.2996,3177.0
1662472500000,0.2996,0.2996,0.2985,0.2987,74263.0
1662472560000,0.2986,0.2988,0.2983,0.2984,56940.0
1662472620000,0.2985,0.2991,0.2981,0.2989,24711.0
1662472680000,0.2988,0.299,0.2986,0.299,63825.0
1662472740000,0.2989,0.2995,0.2987,0.2994,19345.0
1662472800000,0.2994,0.2996,0.299,0.2994,54524.0
1662472860000,0.2992,0.2992,0.298,0.2981,68804.0
1662472920000,0.2981,0.2986,0.2976,0.2978,27190.0
1662472980000,0.2977,0.2981,0.2973,0.2979,29192.0
1662473040000,0.298,0.2984,0.298,0.2984,42742.0
1662473100000,0.2984,0.2986,0.2981,0.2982,11459.0
1662473160000,0.2982,0.2982,0.2976,0.2977,13983.0
1662473220000,0.2976,0.298,0.2975,0.2976,17631.0
1662473280000,0.2975,0.2979,0.2974,0.2979,14202.0
1662473340000,0.298,0.298,0.2977,0.2978,13186.0
1662473400000,0.2976,0.2976,0.2971,0.2972,34887.0
1662473460000,0.2971,0.2972,0.2966,0.2967,93784.0
1662473520000,0.2968,0.2969,0.296,0.2963,64774.0
1662473580000,0.2964,0.297,0.2964,0.297,17582.0
1662473640000,0.2971,0.2979,0.2971,0.2978,78791.0
1662473700000,0.2977,0.2984,0.2977,0.2981,100237.0
1662473760000,0.2982,0.2982,0.2973,0.2973,45642.0
1662473820000,0.2973,0.2973,0.297,0.2971,21306.0
1662473880000,0.2975,0.2977,0.2975,0.2977,5555.0
1662473940000,0.2977,0.2982,0.2977,0.2982,6474.0
1662474000000,0.2981,0.2984,0.2981,0.2983,10555.0
1662474060000,0.2982,0.2982,0.298,0.2982,18259.0
1662474120000,0.2981,0.2982,0.2976,0.2978,75966.0
1662474180000,0.2979,0.2979,0.2977,0.2977,29330.0
1662474240000,0.2976,0.2982,0.2975,0.2982,17720.0
1662474300000,0.2981,0.2986,0.2978,0.2986,43456.0
1662474360000,0.2987,0.2991,0.2985,0.2991,32120.0
1662474420000,0.2991,0.2991,0.2988,0.2988,3593.0
1662474480000,0.2989,0.2991,0.2988,0.2989,7684.0
1662474540000,0.299,0.2994,0.2989,0.299,29211.0
1662474600000,0.299,0.2992,0.299,0.2991,14865.0
1662474660000,0.2988,0.2989,0.2987,0.2988,19882.0
1662474720000,0.2988,0.2989,0.2987,0.2988,17248.0
1662474780000,0.2988,0.299,0.2987,0.299,25042.0
1662474840000,0.299,0.299,0.2988,0.299,6493.0
1662474900000,0.299,0.2991,0.2989,0.2989,28361.0
1662474960000,0.2988,0.2988,0.2985,0.2988,19057.0
1662475020000,0.2989,0.2992,0.2989,0.2992,39510.0
1662475080000,0.2991,0.2994,0.2991,0.2993,607.0
1662475140000,0.2994,0.3001,0.2994,0.3001,13385.0
1662475200000,0.3002,0.3006,0.3002,0.3006,36353.0
1662475260000,0.3006,0.3006,0.3002,0.3002,17749.0
1662475320000,0.3003,0.3005,0.3001,0.3001,36191.0
1662475380000,0.3,0.3003,0.3,0.3,5038.0
1662475440000,0.3001,0.3001,0.3,0.3,7363.0
1662475500000,0.3002,0.3004,0.3002,0.3002,11322.0
1662475560000,0.3001,0.3003,0.2999,0.3003,88880.0
1662475620000,0.3001,0.3002,0.3,0.3002,20838.0
1662475680000,0.3002,0.3003,0.3001,0.3003,1018.0
1662475740000,0.3002,0.3002,0.3002,0.3002,11516.0
1662475800000,0.3002,0.3003,0.3002,0.3003,5604.0
1662475860000,0.3004,0.301,0.3004,0.3009,37674.0
1662475920000,0.3009,0.301,0.3008,0.301,23703.0
1662475980000,0.3009,0.301,0.3006,0.3006,7063.0
1662476040000,0.3006,0.3006,0.3003,0.3003,8724.0
1662476100000,0.3004,0.3008,0.3004,0.3007,7009.0
1662476160000,0.3007,0.3009,0.3006,0.3009,37850.0
1662476220000,0.301,0.3012,0.301,0.3011,4750.0
1662476280000,0.3011,0.3014,0.3011,0.3013,17310.0
1662476340000,0.3013,0.3013,0.3011,0.3011,5792.0
1662476400000,0.3011,0.3012,0.3009,0.3009,12260.0
1662476460000,0.301,0.3011,0.3008,0.301,12315.0
1662476520000,0.301,0.3011,0.3009,0.3011,27885.0
1662476580000,0.3011,0.3013,0.3011,0.3012,68307.0
1662476640000,0.3013,0.3013,0.3011,0.3013,8901.0
1662476700000,0.3013,0.3014,0.3011,0.3012,26989.0
1662476760000,0.3012,0.3014,0.3011,0.3014,7503.0
1662476820000,0.3012,0.3015,0.3012,0.3015,17098.0
1662476880000,0.3016,0.302,0.3015,0.3018,72158.0
1662476940000,0.3017,0.3019,0.3016,0.3016,19120.0
1662477000000,0.3018,0.3018,0.3013,0.3013,4266.0
1662477060000,0.3013,0.3013,0.301,0.3011,1564.0
1662477120000,0.301,0.3011,0.301,0.3011,5581.0
1662477180000,0.3011,0.3012,0.301,0.3012,50586.0
1662477240000,0.3012,0.3012,0.3008,0.3009,48214.0
1662477300000,0.3009,0.301,0.3009,0.3009,2141.0
1662477360000,0.3009,0.3009,0.3003,0.3003,56524.0
1662477420000,0.3003,0.3005,0.3001,0.3004,12842.0
1662477480000,0.3006,0.3007,0.3006,0.3006,1636.0
1662477540000,0.3006,0.3008,0.3006,0.3007,14329.0
1662477600000,0.3006,0.3007,0.3006,0.3007,22336.0
1662477660000,0.3006,0.3008,0.3003,0.3008,54264.0
1662477720000,0.3007,0.3009,0.3007,0.3008,6982.0
1662477780000,0.3009,0.3011,0.3007,0.3007,16868.0
1662477840000,0.3009,0.3009,0.3008,0.3009,7991.0
1662477900000,0.301,0.3012,0.3009,0.3009,5474.0
1662477960000,0.3008,0.3008,0.3001,0.3002,29606.0
1662478020000,0.3002,0.3006,0.3002,0.3006,6900.0
1662478080000,0.3006,0.3008,0.3006,0.3007,5064.0
1662478140000,0.3007,0.3008,0.3007,0.3008,16699.0
1662478200000,0.3008,0.3008,0.3005,0.3005,6716.0
1662478260000,0.3006,0.3007,0.3005,0.3007,8594.0
1662478320000,0.3008,0.301,0.3008,0.301,14184.0
1662478380000,0.301,0.3015,0.301,0.3015,13494.0
1662478440000,0.3016,0.3018,0.3015,0.3015,15988.0
1662478500000,0.3017,0.3018,0.3014,0.3014,27540.0
1662478560000,0.3013,0.3015,0.3013,0.3013,3709.0
1662478620000,0.3013,0.3014,0.301,0.301,2285.0
1662478680000,0.301,0.3012,0.301,0.3011,8631.0
1662478740000,0.3012,0.3013,0.3012,0.3013,5632.0
1662478800000,0.3013,0.3015,0.3012,0.3015,9989.0
1662478860000,0.3014,0.3018,0.3013,0.3017,11499.0
1662478920000,0.3018,0.302,0.3018,0.3019,6814.0
1662478980000,0.3019,0.3019,0.3018,0.3018,463.0
1662479040000,0.3018,0.3018,0.3016,0.3016,6384.0
1662479100000,0.3017,0.3019,0.3017,0.3019,3122.0
1662479160000,0.3018,0.3018,0.3014,0.3015,31629.0
1662479220000,0.3014,0.3016,0.3014,0.3014,13236.0
1662479280000,0.3015,0.3015,0.3012,0.3013,12754.0
1662479340000,0.3012,0.3013,0.3011,0.3013,3076.0
1662479400000,0.3011,0.3012,0.3011,0.3012,3277.0
1662479460000,0.3012,0.3015,0.3012,0.3014,1663.0
1662479520000,0.3013,0.3015,0.3013,0.3015,17516.0
1662479580000,0.3014,0.3017,0.3014,0.3017,7999.0
1662479640000,0.3016,0.3019,0.3016,0.3018,667.0
1662479700000,0.3017,0.3022,0.3017,0.3022,7627.0
1662479760000,0.3022,0.3023,0.3021,0.3023,18308.0
1662479820000,0.3022,0.3023,0.3022,0.3023,6111.0
1662479880000,0.3025,0.3025,0.3023,0.3025,3062.0
1662479940000,0.3024,0.3024,0.3022,0.3023,19241.0
1662480000000,0.3023,0.3023,0.302,0.302,9220.0
1662480060000,0.3021,0.3021,0.3019,0.3021,2635.0
1662480120000,0.302,0.3024,0.302,0.3024,7025.0
1662480180000,0.3024,0.3026,0.3023,0.3026,3373.0
1662480240000,0.3025,0.3027,0.3023,0.3023,32262.0
1662480300000,0.3022,0.3024,0.3022,0.3024,3977.0
1662480360000,0.3022,0.3022,0.3019,0.3019,25865.0
1662480420000,0.3019,0.3019,0.3012,0.3012,14884.0
1662480480000,0.3011,0.3011,0.3008,0.3008,10206.0
1662480540000,0.3007,0.3008,0.3007,0.3007,5015.0
1662480600000,0.3007,0.3011,0.3007,0.3011,35625.0
1662480660000,0.3011,0.3012,0.3011,0.3012,3927.0
1662480720000,0.3011,0.3018,0.3011,0.3015,8994.0
1662480780000,0.3016,0.3016,0.3014,0.3015,3061.0
1662480840000,0.3015,0.3016,0.3015,0.3015,1001.0
1662480900000,0.3014,0.3014,0.3011,0.3011,6041.0
1662480960000,0.301,0.301,0.3003,0.3004,35491.0
1662481020000,0.3003,0.3006,0.3003,0.3004,20385.0
1662481080000,0.3005,0.3005,0.3002,0.3004,14018.0
1662481140000,0.3003,0.3005,0.3001,0.3001,49482.0
1662481200000,0.3002,0.3003,0.3,0.3003,17168.0
1662481260000,0.3004,0.3006,0.3003,0.3005,17181.0
1662481320000,0.3005,0.3005,0.3004,0.3004,1869.0
1662481380000,0.3004,0.3004,0.3003,0.3004,3054.0
1662481440000,0.3002,0.3002,0.2999,0.2999,28204.0
1662481500000,0.2999,0.2999,0.2997,0.2997,4040.0
1662481560000,0.2997,0.2998,0.2994,0.2996,41700.0
1662481620000,0.2996,0.3002,0.2996,0.3001,14714.0
1662481680000,0.3001,0.3003,0.3001,0.3001,4950.0
1662481740000,0.3001,0.3003,0.3001,0.3003,10069.0
1662481800000,0.3002,0.3003,0.3,0.3002,6303.0
1662481860000,0.3001,0.3001,0.2999,0.2999,6392.0
1662481920000,0.2999,0.3,0.2998,0.2998,5966.0
1662481980000,0.2998,0.2998,0.2996,0.2998,8788.0
1662482040000,0.2998,0.3001,0.2998,0.3001,18768.0
1662482100000,0.3002,0.3006,0.3002,0.3006,14029.0
1662482160000,0.3006,0.3007,0.3005,0.3006,1665.0
1662482220000,0.3006,0.3007,0.3006,0.3007,15260.0
1662482280000,0.3006,0.3006,0.3006,0.3006,1048.0
1662482340000,0.3005,0.3006,0.3004,0.3004,1625.0
1662482400000,0.3005,0.3006,0.3004,0.3004,1184.0
1662482460000,0.3003,0.3006,0.3003,0.3006,3468.0
1662482520000,0.3008,0.3008,0.3007,0.3007,1723.0
1662482580000,0.3008,0.3008,0.3007,0.3008,4426.0
1662482640000,0.3009,0.3011,0.3009,0.3011,4126.0
1662482700000,0.3011,0.3011,0.3008,0.3008,1330.0
1662482760000,0.3008,0.301,0.3008,0.3008,4789.0
1662482820000,0.3009,0.3011,0.3009,0.3009,6084.0
1662482880000,0.3009,0.301,0.3009,0.301,5328.0
1662482940000,0.3009,0.301,0.3009,0.3009,1518.0
1662483000000,0.301,0.301,0.3008,0.3009,3644.0
1662483060000,0.3009,0.3009,0.3008,0.3008,1633.0
1662483120000,0.3006,0.3007,0.3005,0.3007,8542.0
1662483180000,0.3007,0.3008,0.3006,0.3008,4419.0
1662483240000,0.3008,0.3008,0.3008,0.3008,28138.0
1662483300000,0.3007,0.3007,0.3006,0.3006,10001.0
1662483360000,0.3006,0.3007,0.3004,0.3005,20775.0
1662483420000,0.3005,0.3009,0.3005,0.3007,21027.0
1662483480000,0.3006,0.3006,0.3002,0.3003,34641.0
1662483540000,0.3003,0.3003,0.3,0.3,3092.0
1662483600000,0.2998,0.2999,0.2998,0.2999,1881.0
1662483660000,0.2998,0.2999,0.299,0.2991,53051.0
1662483720000,0.2991,0.2992,0.2988,0.2992,28075.0
1662483780000,0.2992,0.2995,0.2991,0.2991,18058.0
1662483840000,0.2991,0.2991,0.2988,0.2988,2280.0
1662483900000,0.2989,0.2989,0.2956,0.2958,257154.0
1662483960000,0.2958,0.296,0.2947,0.2949,358569.0
1662484020000,0.2947,0.2948,0.293,0.2935,325293.0
1662484080000,0.2931,0.2946,0.293,0.2941,196132.0
1662484140000,0.2941,0.2946,0.2919,0.2934,2395206.0
1662484200000,0.2932,0.2933,0.2906,0.291,1270935.0
1662484260000,0.2911,0.2912,0.2884,0.2888,558120.0
1662484320000,0.2888,0.2896,0.2863,0.2896,540622.0
1662484380000,0.2896,0.2914,0.2894,0.2904,292743.0
1662484440000,0.2903,0.2903,0.2889,0.289,133760.0
1662484500000,0.2889,0.291,0.2886,0.291,271103.0
1662484560000,0.2909,0.2912,0.2895,0.29,227113.0
1662484620000,0.29,0.29,0.2886,0.2896,215635.0
1662484680000,0.2894,0.2895,0.2877,0.288,231789.0
1662484740000,0.2878,0.2927,0.2873,0.2927,467329.0
1662484800000,0.2925,0.2932,0.2902,0.2902,263813.0
1662484860000,0.2901,0.292,0.2894,0.2912,167253.0
1662484920000,0.2911,0.2921,0.2905,0.2911,119754.0
1662484980000,0.291,0.291,0.2893,0.2906,313917.0
1662485040000,0.2907,0.2921,0.2902,0.2913,125031.0
1662485100000,0.2912,0.2917,0.2884,0.2897,412738.0
1662485160000,0.2897,0.2907,0.2893,0.2899,125587.0
1662485220000,0.2897,0.2905,0.2895,0.2897,83473.0
1662485280000,0.2897,0.2906,0.2896,0.2899,91243.0
1662485340000,0.2898,0.2899,0.2887,0.289,69523.0
1662485400000,0.2892,0.2897,0.2885,0.2895,77383.0
1662485460000,0.2894,0.2901,0.2892,0.2894,123462.0
1662485520000,0.2894,0.2899,0.2888,0.2897,57649.0
1662485580000,0.2897,0.29,0.2893,0.2899,87609.0
1662485640000,0.2901,0.2904,0.2899,0.2902,31621.0
1662485700000,0.2901,0.2905,0.2891,0.2891,64488.0
1662485760000,0.2893,0.2895,0.2892,0.2893,35005.0
1662485820000,0.2894,0.2895,0.289,0.2892,22157.0
1662485880000,0.2891,0.2895,0.2888,0.2892,71517.0
1662485940000,0.2892,0.2899,0.2892,0.2892,37918.0
1662486000000,0.2892,0.2896,0.289,0.2896,67212.0
1662486060000,0.2897,0.2897,0.2883,0.2885,158272.0
1662486120000,0.2885,0.2893,0.2885,0.2891,39534.0
1662486180000,0.2889,0.2894,0.2883,0.2891,66064.0
1662486240000,0.2892,0.2894,0.289,0.2893,9732.0
1662486300000,0.2895,0.2895,0.2887,0.289,43172.0
1662486360000,0.2889,0.2892,0.2887,0.2892,89205.0
1662486420000,0.2891,0.2892,0.2874,0.288,201528.0
1662486480000,0.288,0.2886,0.2867,0.2882,550180.0
1662486540000,0.2882,0.2889,0.2881,0.2885,46869.0
1662486600000,0.2886,0.2892,0.2886,0.2888,69371.0
1662486660000,0.289,0.289,0.2884,0.2889,17873.0
1662486720000,0.2889,0.2903,0.2889,0.2897,114431.0
1662486780000,0.2897,0.2901,0.2896,0.2901,66660.0
1662486840000,0.2901,0.2902,0.2897,0.2899,68787.0
1662486900000,0.29,0.2903,0.2899,0.2901,34151.0
1662486960000,0.2902,0.2908,0.2902,0.2905,31759.0
1662487020000,0.2903,0.2907,0.2902,0.2906,41655.0
1662487080000,0.2904,0.2906,0.2903,0.2906,11975.0
1662487140000,0.2905,0.2906,0.2902,0.2903,35140.0
1662487200000,0.2902,0.2902,0.2886,0.289,98228.0
1662487260000,0.2892,0.2892,0.2882,0.2883,136261.0
1662487320000,0.2884,0.2886,0.2879,0.2881,96619.0
1662487380000,0.2882,0.2884,0.288,0.288,39624.0
1662487440000,0.2879,0.2881,0.2872,0.2881,77103.0
1662487500000,0.288,0.2881,0.2877,0.288,51797.0
1662487560000,0.288,0.2881,0.2877,0.2878,30968.0
1662487620000,0.2878,0.2882,0.2876,0.2879,19862.0
1662487680000,0.2878,0.288,0.2875,0.288,91627.0
1662487740000,0.2879,0.2879,0.2873,0.2875,74208.0
1662487800000,0.2876,0.2876,0.2873,0.2875,22735.0
1662487860000,0.2876,0.2881,0.2876,0.2878,64378.0
1662487920000,0.288,0.288,0.2875,0.2878,24312.0
1662487980000,0.2878,0.2881,0.2878,0.2881,83544.0
1662488040000,0.2881,0.2882,0.288,0.2881,27435.0
1662488100000,0.2881,0.2881,0.2878,0.2881,17685.0
1662488160000,0.2882,0.2882,0.2871,0.2872,95029.0
1662488220000,0.2872,0.2872,0.2869,0.287,68465.0
1662488280000,0.2871,0.2872,0.2865,0.2867,73488.0
1662488340000,0.2867,0.2868,0.2864,0.2866,23040.0
1662488400000,0.2866,0.2867,0.2864,0.2866,17686.0
1662488460000,0.2866,0.2868,0.2858,0.2859,74506.0
1662488520000,0.2859,0.286,0.2854,0.2855,85433.0
1662488580000,0.2855,0.2859,0.2855,0.2857,27867.0
1662488640000,0.2858,0.2859,0.2857,0.2858,40015.0
1662488700000,0.2861,0.2861,0.2857,0.2857,29831.0
1662488760000,0.2856,0.2857,0.2846,0.285,271621.0
1662488820000,0.2849,0.285,0.2847,0.2847,31327.0
1662488880000,0.285,0.2854,0.285,0.2853,20092.0
1662488940000,0.2851,0.2851,0.2847,0.2849,78962.0
1662489000000,0.285,0.2851,0.2847,0.285,16761.0
1662489060000,0.285,0.2856,0.2845,0.2847,96403.0
1662489120000,0.2847,0.2853,0.2846,0.2852,35827.0
1662489180000,0.2853,0.2858,0.2852,0.2858,29153.0
1662489240000,0.2858,0.2858,0.2855,0.2858,20823.0
1662489300000,0.2858,0.2861,0.2858,0.286,27700.0
1662489360000,0.286,0.286,0.2858,0.2859,13870.0
1662489420000,0.2859,0.2862,0.2858,0.286,15247.0
1662489480000,0.286,0.2868,0.286,0.2868,47205.0
1662489540000,0.2869,0.2869,0.2864,0.2864,8848.0
1662489600000,0.2864,0.2864,0.2863,0.2863,10147.0
1662489660000,0.2863,0.2863,0.2859,0.286,10412.0
1662489720000,0.2859,0.286,0.2851,0.2854,78966.0
1662489780000,0.2854,0.2861,0.2854,0.286,24750.0
1662489840000,0.2859,0.2862,0.2856,0.286,32078.0
1662489900000,0.2859,0.2859,0.2857,0.2857,21742.0
1662489960000,0.2858,0.2859,0.2856,0.2856,9880.0
1662490020000,0.2857,0.2858,0.2856,0.2857,8903.0
1662490080000,0.2857,0.286,0.2857,0.286,11179.0
1662490140000,0.2861,0.2862,0.2861,0.2862,21748.0
1662490200000,0.2862,0.2863,0.2861,0.2862,25034.0
1662490260000,0.2861,0.2863,0.2861,0.2863,28988.0
1662490320000,0.2862,0.2864,0.2862,0.2863,6143.0
1662490380000,0.2864,0.2864,0.2862,0.2862,26945.0
1662490440000,0.2862,0.2866,0.2862,0.2866,28251.0
1662490500000,0.2865,0.2866,0.2862,0.2865,10734.0
1662490560000,0.2864,0.2865,0.286,0.2861,30700.0
1662490620000,0.2861,0.2862,0.2859,0.2862,5849.0
1662490680000,0.2861,0.2861,0.2859,0.286,2831.0
1662490740000,0.286,0.286,0.2855,0.2855,18373.0
1662490800000,0.2857,0.2857,0.2846,0.2847,100706.0
1662490860000,0.2847,0.2849,0.2844,0.2849,33985.0
1662490920000,0.285,0.2851,0.2848,0.285,9866.0
1662490980000,0.285,0.2852,0.285,0.2851,11388.0
1662491040000,0.2852,0.2854,0.2852,0.2854,740.0
1662491100000,0.2854,0.2858,0.2854,0.2858,10797.0
1662491160000,0.286,0.2862,0.2858,0.2861,40931.0
1662491220000,0.2861,0.2864,0.286,0.2864,42602.0
1662491280000,0.2864,0.2866,0.2864,0.2864,16649.0
1662491340000,0.2865,0.2867,0.2865,0.2866,11294.0
1662491400000,0.2865,0.2866,0.2864,0.2866,9463.0
1662491460000,0.2866,0.2867,0.2864,0.2865,9100.0
1662491520000,0.2865,0.2866,0.2863,0.2863,16526.0
1662491580000,0.2863,0.2864,0.2862,0.2862,14560.0
1662491640000,0.2862,0.2865,0.2862,0.2864,20840.0
1662491700000,0.2864,0.2869,0.2864,0.2869,8189.0
1662491760000,0.2869,0.287,0.2868,0.287,79366.0
1662491820000,0.2871,0.2871,0.2869,0.287,19884.0
1662491880000,0.287,0.2872,0.2869,0.2869,48690.0
1662491940000,0.287,0.287,0.2867,0.2867,27637.0
1662492000000,0.2868,0.2868,0.2864,0.2865,32379.0
1662492060000,0.2866,0.2866,0.2859,0.286,29373.0
1662492120000,0.2859,0.2861,0.2859,0.2861,9969.0
1662492180000,0.2861,0.2862,0.2859,0.2861,31553.0
1662492240000,0.2861,0.2865,0.2861,0.2864,32776.0
1662492300000,0.2864,0.2864,0.2862,0.2863,2087.0
1662492360000,0.2864,0.2864,0.286,0.2861,8399.0
1662492420000,0.286,0.2861,0.2857,0.2858,22134.0
1662492480000,0.2858,0.2858,0.2856,0.2857,16879.0
1662492540000,0.2856,0.2857,0.2852,0.2852,38029.0
1662492600000,0.2851,0.2851,0.2837,0.2837,183696.0
1662492660000,0.2837,0.2838,0.2825,0.2833,240021.0
1662492720000,0.2833,0.2835,0.2831,0.2833,45005.0
1662492780000,0.2834,0.2839,0.2833,0.2839,12046.0
1662492840000,0.284,0.2846,0.284,0.2846,75013.0
1662492900000,0.2846,0.2849,0.2846,0.2849,69810.0
1662492960000,0.2848,0.2848,0.2845,0.2847,35686.0
1662493020000,0.2849,0.2857,0.2849,0.2857,57906.0
1662493080000,0.2857,0.2858,0.2854,0.2855,13617.0
1662493140000,0.2855,0.2857,0.285,0.285,48383.0
1662493200000,0.285,0.285,0.2848,0.2848,14949.0
1662493260000,0.2848,0.2848,0.2845,0.2845,72957.0
1662493320000,0.2845,0.2848,0.2843,0.2846,42876.0
1662493380000,0.2846,0.285,0.2846,0.285,18439.0
1662493440000,0.2852,0.2854,0.2852,0.2852,3471.0
1662493500000,0.2852,0.2852,0.2848,0.2851,25241.0
1662493560000,0.2852,0.2852,0.285,0.2851,13393.0
1662493620000,0.2851,0.2852,0.285,0.285,7865.0
1662493680000,0.285,0.2855,0.285,0.2853,6787.0
1662493740000,0.2853,0.2858,0.2853,0.2857,28710.0
1662493800000,0.2856,0.2857,0.2853,0.2853,11664.0
1662493860000,0.2853,0.2853,0.2851,0.2851,12335.0
1662493920000,0.2851,0.2852,0.2851,0.2852,15065.0
1662493980000,0.2851,0.2851,0.285,0.285,5280.0
1662494040000,0.2851,0.2853,0.2849,0.2851,44656.0
1662494100000,0.2851,0.2853,0.2851,0.2851,11697.0
1662494160000,0.2851,0.2852,0.2851,0.2852,11820.0
1662494220000,0.2852,0.2853,0.2852,0.2852,13955.0
1662494280000,0.2853,0.2855,0.2853,0.2854,7815.0
1662494340000,0.2853,0.2853,0.2849,0.2849,36009.0
1662494400000,0.285,0.285,0.2838,0.2841,98994.0
1662494460000,0.2842,0.2848,0.284,0.2847,47123.0
1662494520000,0.2847,0.2848,0.2846,0.2848,11658.0
1662494580000,0.2848,0.285,0.2846,0.2846,23182.0
1662494640000,0.2846,0.2846,0.2836,0.2836,44555.0
1662494700000,0.2836,0.2838,0.2831,0.2835,43067.0
1662494760000,0.2836,0.2838,0.2836,0.2838,14781.0
1662494820000,0.2837,0.2838,0.2836,0.2836,12349.0
1662494880000,0.2836,0.2836,0.2833,0.2834,22453.0
1662494940000,0.2834,0.2834,0.2806,0.2813,247760.0
1662495000000,0.2814,0.2824,0.2814,0.2824,179051.0
1662495060000,0.2825,0.2833,0.2825,0.2832,67897.0
1662495120000,0.2834,0.2839,0.2832,0.2832,26847.0
1662495180000,0.2833,0.2837,0.2829,0.2835,45826.0
1662495240000,0.2835,0.2836,0.2832,0.2832,81536.0
1662495300000,0.283,0.284,0.2829,0.2838,51549.0
1662495360000,0.284,0.284,0.2834,0.2837,29108.0
1662495420000,0.2835,0.2837,0.2833,0.2836,36552.0
1662495480000,0.2836,0.284,0.2835,0.2838,16701.0
1662495540000,0.2837,0.2841,0.2837,0.2841,12629.0
1662495600000,0.2841,0.2841,0.2839,0.2839,6407.0
1662495660000,0.2839,0.2847,0.2839,0.2847,179034.0
1662495720000,0.2847,0.2848,0.2846,0.2847,12918.0
1662495780000,0.2847,0.285,0.2846,0.2848,47268.0
1662495840000,0.2848,0.285,0.2847,0.2849,52853.0
1662495900000,0.2849,0.2849,0.2847,0.2848,12588.0
1662495960000,0.2849,0.285,0.2847,0.2848,20795.0
1662496020000,0.2849,0.285,0.2848,0.285,13737.0
1662496080000,0.2851,0.2852,0.2849,0.285,20190.0
1662496140000,0.2849,0.285,0.2847,0.2849,17673.0
1662496200000,0.2847,0.2851,0.2847,0.2851,14443.0
1662496260000,0.2851,0.2852,0.2851,0.2852,14433.0
1662496320000,0.2852,0.2853,0.2852,0.2852,8275.0
1662496380000,0.2851,0.2852,0.285,0.2852,3798.0
1662496440000,0.2852,0.2853,0.2851,0.2852,15344.0
1662496500000,0.2854,0.2854,0.2852,0.2852,6846.0
1662496560000,0.2852,0.2854,0.2852,0.2853,20386.0
1662496620000,0.2853,0.2855,0.2853,0.2854,15777.0
1662496680000,0.2853,0.2855,0.2853,0.2855,19134.0
1662496740000,0.2855,0.2857,0.2849,0.285,152069.0
1662496800000,0.2849,0.2851,0.2849,0.2851,21953.0
1662496860000,0.2851,0.2863,0.2851,0.2858,180639.0
1662496920000,0.286,0.2863,0.2859,0.2863,40766.0
1662496980000,0.2863,0.2865,0.286,0.2865,26784.0
1662497040000,0.2865,0.2868,0.2864,0.2866,34806.0
1662497100000,0.2867,0.2868,0.2863,0.2863,29196.0
1662497160000,0.2865,0.2865,0.2863,0.2864,38426.0
1662497220000,0.2863,0.2866,0.2862,0.2865,14914.0
1662497280000,0.2864,0.2864,0.2862,0.2863,38800.0
1662497340000,0.2863,0.2867,0.2863,0.2867,32471.0
1662497400000,0.2866,0.2868,0.2865,0.2866,43499.0
1662497460000,0.2866,0.2866,0.2864,0.2864,33873.0
1662497520000,0.2865,0.2865,0.2863,0.2864,7704.0
1662497580000,0.2864,0.2865,0.2863,0.2865,29569.0
1662497640000,0.2864,0.2864,0.2862,0.2862,7151.0
1662497700000,0.2862,0.2863,0.2861,0.2861,5362.0
1662497760000,0.2861,0.2861,0.2856,0.2858,22480.0
1662497820000,0.2857,0.2857,0.2856,0.2857,3509.0
1662497880000,0.2857,0.2857,0.2852,0.2852,24283.0
1662497940000,0.2851,0.2854,0.2851,0.2853,53130.0
1662498000000,0.2853,0.2853,0.2844,0.2844,46417.0
1662498060000,0.2844,0.2847,0.284,0.2844,100857.0
1662498120000,0.2845,0.2848,0.2845,0.2846,8127.0
1662498180000,0.2846,0.2848,0.2846,0.2846,28362.0
1662498240000,0.2847,0.2855,0.2847,0.2855,37856.0
1662498300000,0.2853,0.2855,0.2853,0.2853,22399.0
1662498360000,0.2852,0.2853,0.2852,0.2852,15756.0
1662498420000,0.2851,0.2851,0.2849,0.285,90904.0
1662498480000,0.2849,0.2849,0.2848,0.2849,7764.0
1662498540000,0.2849,0.2849,0.2848,0.2848,4603.0
1662498600000,0.2849,0.2849,0.284,0.284,22340.0
1662498660000,0.2841,0.2843,0.2841,0.2843,32802.0
1662498720000,0.2843,0.2843,0.2842,0.2843,26589.0
1662498780000,0.2843,0.2845,0.2843,0.2845,34215.0
1662498840000,0.2845,0.2845,0.2844,0.2845,25754.0
1662498900000,0.2844,0.2845,0.2844,0.2845,32238.0
1662498960000,0.2845,0.2846,0.2845,0.2846,26381.0
1662499020000,0.2846,0.2847,0.2844,0.2847,54438.0
1662499080000,0.2846,0.2846,0.2844,0.2845,9498.0
1662499140000,0.2845,0.2847,0.2845,0.2847,74156.0
1662499200000,0.2848,0.2848,0.2846,0.2847,39496.0
1662499260000,0.2848,0.2849,0.2847,0.2849,12699.0
1662499320000,0.2849,0.2854,0.2849,0.2854,52865.0
1662499380000,0.2855,0.2855,0.2853,0.2854,20116.0
1662499440000,0.2853,0.2855,0.2853,0.2855,6003.0
1662499500000,0.2854,0.2855,0.2854,0.2855,3311.0
1662499560000,0.2855,0.2858,0.2855,0.2857,22489.0
1662499620000,0.2857,0.2859,0.2856,0.2859,16475.0
1662499680000,0.2858,0.2861,0.2858,0.2859,39439.0
1662499740000,0.2859,0.2859,0.2855,0.2855,39505.0
1662499800000,0.2855,0.2855,0.2851,0.2851,35764.0
1662499860000,0.2851,0.2851,0.2848,0.2849,21317.0
1662499920000,0.2849,0.285,0.2849,0.285,40770.0
1662499980000,0.285,0.2852,0.2849,0.2851,81428.0
1662500040000,0.2851,0.2851,0.285,0.2851,7965.0
1662500100000,0.2851,0.2851,0.2851,0.2851,16743.0
1662500160000,0.2851,0.2851,0.285,0.2851,15377.0
1662500220000,0.2851,0.2851,0.2851,0.2851,11567.0
1662500280000,0.2851,0.2851,0.285,0.2851,7904.0
1662500340000,0.2851,0.2856,0.285,0.2855,84852.0
1662500400000,0.2856,0.2856,0.2855,0.2856,2528.0
1662500460000,0.2856,0.2856,0.2855,0.2855,9795.0
1662500520000,0.2855,0.2855,0.2854,0.2855,22437.0
1662500580000,0.2855,0.2857,0.2855,0.2856,19551.0
1662500640000,0.2856,0.2856,0.2854,0.2855,13346.0
1662500700000,0.2854,0.2854,0.2849,0.2849,18773.0
1662500760000,0.2849,0.2849,0.2848,0.2848,17540.0
1662500820000,0.2847,0.2848,0.2846,0.2847,6571.0
1662500880000,0.2847,0.285,0.2846,0.285,26849.0
1662500940000,0.2849,0.2849,0.2849,0.2849,941.0
1662501000000,0.2849,0.285,0.2849,0.285,5221.0
1662501060000,0.2849,0.2851,0.2848,0.2851,2494.0
1662501120000,0.2852,0.2855,0.2852,0.2855,6260.0
1662501180000,0.2855,0.2856,0.2855,0.2856,11339.0
1662501240000,0.2855,0.2856,0.2855,0.2856,9599.0
1662501300000,0.2856,0.2857,0.2855,0.2856,8138.0
1662501360000,0.2855,0.2855,0.2854,0.2855,6772.0
1662501420000,0.2855,0.2857,0.2855,0.2856,6565.0
1662501480000,0.2856,0.2856,0.2856,0.2856,7210.0
1662501540000,0.2854,0.2854,0.285,0.2851,27883.0
1662501600000,0.285,0.285,0.2846,0.2848,27287.0
1662501660000,0.2849,0.2849,0.2844,0.2847,43189.0
1662501720000,0.2847,0.285,0.2847,0.285,19575.0
1662501780000,0.2851,0.2861,0.2851,0.2851,129687.0
1662501840000,0.2852,0.2859,0.2852,0.2859,21032.0
1662501900000,0.286,0.286,0.2856,0.2856,27253.0
1662501960000,0.2857,0.2857,0.2854,0.2855,8162.0
1662502020000,0.2855,0.2856,0.2854,0.2856,7784.0
1662502080000,0.2857,0.2859,0.2857,0.2858,31704.0
1662502140000,0.2857,0.2857,0.2853,0.2855,12834.0
1662502200000,0.2856,0.2857,0.2852,0.2855,14916.0
1662502260000,0.2855,0.2856,0.2854,0.2856,2522.0
1662502320000,0.2855,0.2856,0.2854,0.2855,7338.0
1662502380000,0.2855,0.2856,0.2853,0.2856,26359.0
1662502440000,0.2856,0.2856,0.2855,0.2856,1348.0
1662502500000,0.2855,0.2856,0.2854,0.2856,18488.0
1662502560000,0.2856,0.2856,0.2841,0.2844,175934.0
1662502620000,0.2844,0.2844,0.284,0.284,24333.0
1662502680000,0.2842,0.2843,0.2842,0.2842,8480.0
1662502740000,0.2843,0.2844,0.2842,0.2843,32692.0
1662502800000,0.2842,0.2842,0.284,0.284,17228.0
1662502860000,0.284,0.2842,0.2838,0.2842,35715.0
1662502920000,0.2843,0.2843,0.2841,0.2841,5101.0
1662502980000,0.2843,0.2843,0.2842,0.2842,2718.0
1662503040000,0.2843,0.2843,0.284,0.284,34255.0
1662503100000,0.2841,0.2842,0.2841,0.2842,2089.0
1662503160000,0.2842,0.2845,0.2842,0.2843,2596.0
1662503220000,0.2843,0.2844,0.2841,0.2841,12001.0
1662503280000,0.2841,0.2843,0.2841,0.2842,12966.0
1662503340000,0.2842,0.2843,0.2839,0.2842,44408.0
1662503400000,0.2841,0.2841,0.2836,0.2837,35892.0
1662503460000,0.2838,0.2839,0.2837,0.2839,31806.0
1662503520000,0.284,0.2842,0.284,0.2841,6853.0
1662503580000,0.284,0.2844,0.284,0.2843,20941.0
1662503640000,0.2844,0.2845,0.2843,0.2843,15286.0
1662503700000,0.2844,0.2846,0.2844,0.2846,12046.0
1662503760000,0.2848,0.2854,0.2848,0.2852,22265.0
1662503820000,0.2853,0.2854,0.2852,0.2853,4544.0
1662503880000,0.2854,0.2855,0.2853,0.2855,4063.0
1662503940000,0.2855,0.2858,0.2855,0.2857,14864.0
1662504000000,0.2856,0.2858,0.2856,0.2858,3763.0
1662504060000,0.2858,0.2858,0.2854,0.2854,8614.0
1662504120000,0.2855,0.2857,0.2855,0.2856,6797.0
1662504180000,0.2856,0.2856,0.2855,0.2855,3971.0
1662504240000,0.2856,0.2858,0.2856,0.2858,9980.0
1662504300000,0.2857,0.2859,0.2857,0.2859,5820.0
1662504360000,0.2859,0.2861,0.2859,0.2861,20738.0
1662504420000,0.2861,0.2862,0.286,0.2862,6489.0
1662504480000,0.2862,0.2863,0.2861,0.2862,14535.0
1662504540000,0.2863,0.2867,0.2863,0.2867,45096.0
1662504600000,0.2866,0.2867,0.2865,0.2866,4957.0
1662504660000,0.2865,0.2865,0.2863,0.2863,4393.0
1662504720000,0.2863,0.2863,0.2862,0.2863,8956.0
1662504780000,0.2862,0.2862,0.286,0.286,14018.0
1662504840000,0.286,0.2862,0.286,0.2862,13364.0
1662504900000,0.2862,0.2864,0.2862,0.2864,15206.0
1662504960000,0.2864,0.2864,0.2862,0.2863,17086.0
1662505020000,0.2863,0.2864,0.2861,0.2861,36945.0
1662505080000,0.2862,0.2862,0.2857,0.2857,18883.0
1662505140000,0.2858,0.2858,0.285,0.285,46043.0
1662505200000,0.285,0.285,0.2847,0.2848,50254.0
1662505260000,0.2848,0.285,0.2847,0.285,25295.0
1662505320000,0.285,0.2851,0.2849,0.285,30534.0
1662505380000,0.2851,0.2853,0.285,0.2851,14999.0
1662505440000,0.2852,0.2852,0.2849,0.2851,17979.0
1662505500000,0.2851,0.2855,0.2851,0.2855,39728.0
1662505560000,0.2854,0.2854,0.2853,0.2853,11150.0
1662505620000,0.2853,0.2854,0.2851,0.2854,25061.0
1662505680000,0.2853,0.2854,0.2851,0.2851,8689.0
1662505740000,0.2851,0.2851,0.2846,0.2849,27142.0
1662505800000,0.2848,0.2849,0.2847,0.2849,13519.0
1662505860000,0.285,0.2852,0.285,0.2851,39259.0
1662505920000,0.2852,0.2853,0.285,0.2851,14625.0
1662505980000,0.2852,0.2855,0.2852,0.2855,9483.0
1662506040000,0.2855,0.2856,0.2854,0.2856,4379.0
1662506100000,0.2856,0.2856,0.2852,0.2852,11595.0
1662506160000,0.2853,0.2857,0.2852,0.2857,17957.0
1662506220000,0.2856,0.2857,0.2856,0.2856,19253.0
1662506280000,0.2856,0.2857,0.285,0.285,13901.0
1662506340000,0.2851,0.2855,0.2851,0.2855,19794.0
1662506400000,0.2855,0.2857,0.2855,0.2857,8876.0
1662506460000,0.2857,0.286,0.2857,0.286,2632.0
1662506520000,0.286,0.2861,0.2859,0.2861,11287.0
1662506580000,0.2862,0.287,0.2862,0.2869,56959.0
1662506640000,0.2868,0.2871,0.2868,0.287,13625.0
1662506700000,0.287,0.2873,0.287,0.2872,19447.0
1662506760000,0.2873,0.2874,0.287,0.287,35714.0
1662506820000,0.287,0.2871,0.2867,0.2867,5187.0
1662506880000,0.2868,0.287,0.2868,0.2869,10778.0
1662506940000,0.2869,0.287,0.2868,0.2869,10348.0
1662507000000,0.2868,0.2875,0.2868,0.2872,22117.0
1662507060000,0.2874,0.2884,0.2874,0.2882,167111.0
1662507120000,0.2883,0.2883,0.2879,0.288,33283.0
1662507180000,0.2879,0.288,0.2875,0.2877,46024.0
1662507240000,0.2876,0.2876,0.2864,0.2865,34809.0
1662507300000,0.2865,0.2866,0.2859,0.2859,20726.0
1662507360000,0.2859,0.2863,0.2853,0.2862,31212.0
1662507420000,0.2864,0.2864,0.2862,0.2862,9896.0
1662507480000,0.2861,0.2861,0.2857,0.2861,11757.0
1662507540000,0.2861,0.2861,0.2859,0.2859,2000.0
1662507600000,0.2861,0.2861,0.2859,0.2861,9970.0
1662507660000,0.2861,0.2862,0.2858,0.286,11159.0
1662507720000,0.2861,0.2862,0.286,0.2861,8287.0
1662507780000,0.2861,0.2862,0.2861,0.2861,5869.0
1662507840000,0.2862,0.2866,0.2862,0.2863,14149.0
1662507900000,0.2861,0.2861,0.2857,0.2861,26933.0
1662507960000,0.2861,0.2863,0.2859,0.2859,19130.0
1662508020000,0.2861,0.2862,0.2859,0.2859,17352.0
1662508080000,0.286,0.286,0.2856,0.2859,22174.0
1662508140000,0.2859,0.2863,0.2859,0.2861,15977.0
1662508200000,0.2862,0.2863,0.2862,0.2863,3803.0
1662508260000,0.2864,0.2864,0.2857,0.2857,14450.0
1662508320000,0.2857,0.2858,0.2856,0.2857,15933.0
1662508380000,0.2857,0.2857,0.2849,0.285,54436.0
1662508440000,0.285,0.285,0.2848,0.2848,17136.0
1662508500000,0.2848,0.285,0.2847,0.285,17367.0
1662508560000,0.2851,0.2855,0.2851,0.2851,16766.0
1662508620000,0.2852,0.2855,0.285,0.2855,36253.0
1662508680000,0.2854,0.2855,0.2852,0.2854,36653.0
1662508740000,0.2854,0.2855,0.2851,0.2852,19054.0
1662508800000,0.2852,0.286,0.2843,0.2845,172578.0
