timestamp,open,high,low,close,volume
1667347200000,0.14211,0.14216,0.14099,0.14116,7948930.0
1667347260000,0.14115,0.1415,0.14064,0.14085,4837989.0
1667347320000,0.14092,0.14198,0.14091,0.14171,3299812.0
1667347380000,0.14171,0.14178,0.14133,0.14134,2053770.0
1667347440000,0.14133,0.14154,0.14073,0.1408,3130932.0
1667347500000,0.14079,0.14079,0.13921,0.13996,16588672.0
1667347560000,0.13995,0.14034,0.13959,0.13973,3904663.0
1667347620000,0.13974,0.14034,0.13963,0.14016,2981612.0
1667347680000,0.14016,0.14031,0.14001,0.14018,3301882.0
1667347740000,0.1402,0.14049,0.14001,0.14024,2988659.0
1667347800000,0.14028,0.14075,0.14028,0.14058,3181849.0
1667347860000,0.14064,0.14106,0.1405,0.1407,5591096.0
1667347920000,0.14073,0.14097,0.1405,0.14092,2025107.0
1667347980000,0.14091,0.14145,0.14085,0.14142,3531855.0
1667348040000,0.14142,0.14155,0.14095,0.14108,3458324.0
1667348100000,0.14108,0.1411,0.14086,0.1411,2582066.0
1667348160000,0.1411,0.14258,0.14109,0.14235,15340320.0
1667348220000,0.14233,0.14269,0.142,0.14265,5143738.0
1667348280000,0.14267,0.1436,0.14263,0.14339,15009291.0
1667348340000,0.14339,0.14355,0.14279,0.1432,7480734.0
1667348400000,0.1432,0.14355,0.14263,0.14277,7815394.0
1667348460000,0.14277,0.14312,0.1427,0.14299,3713540.0
1667348520000,0.14299,0.14351,0.14297,0.14322,7096768.0
1667348580000,0.14321,0.14338,0.14283,0.14291,4943463.0
1667348640000,0.14288,0.14297,0.14238,0.14251,3107977.0
1667348700000,0.14251,0.14257,0.14208,0.14257,3156799.0
1667348760000,0.14257,0.14327,0.14251,0.14326,3396268.0
1667348820000,0.14327,0.14463,0.14317,0.14439,9203969.0
1667348880000,0.14438,0.1444,0.14339,0.1435,5054024.0
1667348940000,0.14352,0.14399,0.14336,0.14378,3972466.0
1667349000000,0.14381,0.14433,0.1435,0.14378,6109551.0
1667349060000,0.14378,0.14433,0.14369,0.14395,4514511.0
1667349120000,0.14396,0.14439,0.14389,0.14414,3095229.0
1667349180000,0.14414,0.14425,0.14359,0.14362,5202434.0
1667349240000,0.14362,0.14369,0.14297,0.14306,5879760.0
1667349300000,0.14305,0.14353,0.14272,0.14344,3502210.0
1667349360000,0.14344,0.14463,0.14323,0.14462,4621736.0
1667349420000,0.14462,0.14513,0.14432,0.14467,21225474.0
1667349480000,0.14468,0.14468,0.14401,0.14462,5036312.0
1667349540000,0.14463,0.14473,0.14426,0.14437,4258107.0
1667349600000,0.1444,0.14443,0.14377,0.14413,3677821.0
1667349660000,0.14412,0.14434,0.14379,0.14432,3187784.0
1667349720000,0.14434,0.14445,0.14393,0.14397,2753296.0
1667349780000,0.14398,0.14409,0.14321,0.14333,6361024.0
1667349840000,0.14335,0.14379,0.14318,0.14363,2612610.0
1667349900000,0.14362,0.1439,0.14317,0.14348,3718904.0
1667349960000,0.14347,0.14365,0.14313,0.14334,1578158.0
1667350020000,0.1434,0.14446,0.1434,0.14441,5090140.0
1667350080000,0.1444,0.14458,0.144,0.14404,3678206.0
1667350140000,0.14403,0.14403,0.14359,0.14369,1639655.0
1667350200000,0.14368,0.14368,0.14296,0.14307,5654399.0
1667350260000,0.14311,0.14338,0.14297,0.14305,1946591.0
1667350320000,0.14305,0.14324,0.14288,0.14313,1925887.0
1667350380000,0.14313,0.14346,0.14297,0.14299,3835356.0
1667350440000,0.14299,0.14309,0.14246,0.143,3902300.0
1667350500000,0.143,0.14313,0.14274,0.14285,2026601.0
1667350560000,0.14285,0.14294,0.14233,0.14291,3312997.0
1667350620000,0.1429,0.14334,0.14287,0.14316,1592180.0
1667350680000,0.14312,0.14335,0.14295,0.14316,1512526.0
1667350740000,0.14315,0.14336,0.14302,0.14332,1613927.0
1667350800000,0.14333,0.14338,0.14266,0.14271,1831914.0
1667350860000,0.14271,0.14381,0.14224,0.14371,4632701.0
1667350920000,0.14371,0.14391,0.1426,0.14271,3181663.0
1667350980000,0.14271,0.14292,0.1425,0.14292,4280332.0
1667351040000,0.14291,0.14323,0.14262,0.14281,2332713.0
1667351100000,0.14286,0.14291,0.14253,0.14258,1339240.0
1667351160000,0.14258,0.14273,0.14248,0.14258,1516589.0
1667351220000,0.14257,0.14272,0.14243,0.14265,1281239.0
1667351280000,0.14266,0.14271,0.14246,0.14262,961769.0
1667351340000,0.1426,0.14269,0.14232,0.14242,1400031.0
1667351400000,0.14243,0.14258,0.14187,0.14189,2244914.0
1667351460000,0.14189,0.14248,0.14162,0.14245,3719214.0
1667351520000,0.14246,0.14254,0.14185,0.14253,1201304.0
1667351580000,0.14253,0.14298,0.14244,0.1425,1574608.0
1667351640000,0.14257,0.14283,0.1421,0.14211,1534433.0
1667351700000,0.14211,0.14235,0.14178,0.14196,1621619.0
1667351760000,0.14195,0.14239,0.14179,0.14225,2214037.0
1667351820000,0.14224,0.14253,0.14212,0.14252,766433.0
1667351880000,0.14249,0.14258,0.14217,0.14237,1412754.0
1667351940000,0.14241,0.14242,0.1421,0.14227,390943.0
1667352000000,0.14226,0.14258,0.14226,0.14256,780387.0
1667352060000,0.14256,0.14322,0.14256,0.14301,4103895.0
1667352120000,0.14301,0.14314,0.14285,0.14294,1792397.0
1667352180000,0.1429,0.14318,0.14282,0.143,1474056.0
1667352240000,0.14299,0.14311,0.14285,0.14304,1042103.0
1667352300000,0.14301,0.14324,0.14298,0.1432,1121290.0
1667352360000,0.14321,0.14324,0.1429,0.14296,1029669.0
1667352420000,0.14298,0.1432,0.14289,0.14293,927361.0
1667352480000,0.14293,0.14319,0.14269,0.1427,1290421.0
1667352540000,0.14271,0.1432,0.14266,0.14311,1764923.0
1667352600000,0.14311,0.14318,0.14295,0.14297,986800.0
1667352660000,0.14295,0.14307,0.14263,0.14269,1410000.0
1667352720000,0.14269,0.14298,0.14193,0.1421,3680381.0
1667352780000,0.14206,0.14222,0.14109,0.14123,6605462.0
1667352840000,0.1413,0.14175,0.14111,0.14166,4333688.0
1667352900000,0.14166,0.1418,0.1415,0.14158,1843522.0
1667352960000,0.1416,0.14167,0.14117,0.14162,2544295.0
1667353020000,0.14162,0.14163,0.1411,0.14153,2372131.0
1667353080000,0.14155,0.14183,0.14122,0.14139,1716902.0
1667353140000,0.14138,0.14164,0.14125,0.14157,1878406.0
1667353200000,0.14157,0.1418,0.14142,0.14175,548582.0
1667353260000,0.14167,0.14189,0.14044,0.14051,10580460.0
1667353320000,0.14051,0.14094,0.14042,0.14074,5839428.0
1667353380000,0.14072,0.14129,0.14069,0.14105,2630560.0
1667353440000,0.14107,0.1411,0.14042,0.14045,2390412.0
1667353500000,0.14044,0.14089,0.14041,0.14072,2396679.0
1667353560000,0.14076,0.14105,0.14062,0.14072,1480063.0
1667353620000,0.14073,0.1409,0.14004,0.1409,4368906.0
1667353680000,0.14091,0.14099,0.1406,0.14075,1983953.0
1667353740000,0.14073,0.14083,0.14046,0.14074,1049434.0
1667353800000,0.14073,0.14095,0.14061,0.14067,1047933.0
1667353860000,0.14065,0.14076,0.14006,0.14008,2142968.0
1667353920000,0.14008,0.1402,0.13875,0.1395,18789249.0
1667353980000,0.1395,0.13984,0.13909,0.13972,4013249.0
1667354040000,0.13971,0.13973,0.13935,0.13944,1157089.0
1667354100000,0.13942,0.13984,0.13938,0.13944,3276497.0
1667354160000,0.13943,0.13963,0.13931,0.13938,1660078.0
1667354220000,0.13938,0.13968,0.13935,0.13952,1662827.0
1667354280000,0.13954,0.13976,0.1394,0.13952,1530593.0
1667354340000,0.13954,0.13954,0.139,0.13901,7497999.0
1667354400000,0.13901,0.13914,0.13786,0.13808,14532071.0
1667354460000,0.13808,0.13814,0.1374,0.13786,6867238.0
1667354520000,0.13786,0.13788,0.1365,0.13742,11113872.0
1667354580000,0.13746,0.13762,0.13567,0.1359,11405167.0
1667354640000,0.1359,0.13656,0.13559,0.13601,12421722.0
1667354700000,0.136,0.13669,0.1352,0.13586,21338321.0
1667354760000,0.13585,0.13649,0.13561,0.13598,3723387.0
1667354820000,0.13597,0.13641,0.13579,0.13611,3907464.0
1667354880000,0.13615,0.13635,0.13586,0.13616,3861079.0
1667354940000,0.13613,0.13637,0.1354,0.13632,7652574.0
1667355000000,0.13632,0.13684,0.13628,0.1368,4275243.0
1667355060000,0.1368,0.13697,0.13651,0.13679,3383282.0
1667355120000,0.13681,0.13699,0.13664,0.13671,2199565.0
1667355180000,0.13672,0.13691,0.13564,0.13617,17407267.0
1667355240000,0.13617,0.13621,0.13544,0.1359,8325333.0
1667355300000,0.13593,0.13673,0.13587,0.13657,6333767.0
1667355360000,0.13658,0.13681,0.13653,0.13676,3367924.0
1667355420000,0.13676,0.13677,0.13642,0.13666,2407159.0
1667355480000,0.13667,0.13716,0.13663,0.13685,3656801.0
1667355540000,0.13688,0.13699,0.13669,0.13694,2160963.0
1667355600000,0.13695,0.13711,0.13676,0.13679,2102321.0
1667355660000,0.1368,0.13694,0.13647,0.13664,2627127.0
1667355720000,0.1366,0.13723,0.1366,0.13703,3247942.0
1667355780000,0.13703,0.13748,0.13702,0.1371,2185315.0
1667355840000,0.1371,0.13757,0.13692,0.13733,3326418.0
1667355900000,0.13733,0.13767,0.1372,0.1372,3796957.0
1667355960000,0.13722,0.13755,0.13713,0.13747,2839563.0
1667356020000,0.13748,0.1376,0.13721,0.13743,2533211.0
1667356080000,0.13744,0.13747,0.13712,0.13718,2003214.0
1667356140000,0.13718,0.13727,0.13674,0.13689,4376556.0
1667356200000,0.13689,0.13722,0.13683,0.13716,7734921.0
1667356260000,0.13715,0.13756,0.13705,0.13756,2198291.0
1667356320000,0.13755,0.13785,0.13751,0.13756,2246502.0
1667356380000,0.13756,0.13775,0.13751,0.13761,787125.0
1667356440000,0.1376,0.13765,0.13745,0.13748,827278.0
1667356500000,0.13747,0.13902,0.13732,0.13884,9099620.0
1667356560000,0.13885,0.1398,0.1388,0.13972,13211569.0
1667356620000,0.13973,0.14016,0.13932,0.13944,6915561.0
1667356680000,0.13945,0.14013,0.13941,0.14004,7653103.0
1667356740000,0.14005,0.14146,0.13963,0.14134,15709890.0
1667356800000,0.14135,0.14206,0.14099,0.14158,9999327.0
1667356860000,0.14159,0.14249,0.14096,0.14181,10862002.0
1667356920000,0.14183,0.14255,0.14163,0.14239,6023171.0
1667356980000,0.14241,0.14252,0.14172,0.1421,5544377.0
1667357040000,0.14212,0.1424,0.14151,0.14212,8217764.0
1667357100000,0.14211,0.14348,0.14147,0.14324,15992496.0
1667357160000,0.14325,0.1445,0.14309,0.14386,18892997.0
1667357220000,0.14387,0.14415,0.14319,0.14403,8152524.0
1667357280000,0.14403,0.14421,0.1435,0.14418,6182960.0
1667357340000,0.14417,0.1442,0.14342,0.14359,6578363.0
1667357400000,0.14359,0.14374,0.14303,0.1435,4243725.0
1667357460000,0.14351,0.14408,0.14258,0.14265,7640905.0
1667357520000,0.14265,0.14339,0.14261,0.1431,7311425.0
1667357580000,0.14311,0.14339,0.1429,0.14308,3566088.0
1667357640000,0.14308,0.1434,0.14303,0.14311,4277986.0
1667357700000,0.14309,0.14449,0.14295,0.14419,15364903.0
1667357760000,0.14426,0.14472,0.14369,0.14403,7185011.0
1667357820000,0.14403,0.14406,0.14346,0.14351,3802969.0
1667357880000,0.14353,0.14358,0.14252,0.14292,8454341.0
1667357940000,0.14296,0.14318,0.14273,0.14287,2695724.0
1667358000000,0.14287,0.1433,0.14262,0.1427,3321114.0
1667358060000,0.14273,0.14294,0.14203,0.14265,8402037.0
1667358120000,0.14265,0.14266,0.14133,0.1419,9736554.0
1667358180000,0.1419,0.14256,0.14181,0.14231,3823610.0
1667358240000,0.14229,0.14299,0.14225,0.14292,5082441.0
1667358300000,0.14291,0.14355,0.14265,0.14346,4350243.0
1667358360000,0.14348,0.14374,0.14302,0.14305,3022428.0
1667358420000,0.14305,0.14315,0.1427,0.14287,2197693.0
1667358480000,0.14286,0.1435,0.14282,0.14347,2331172.0
1667358540000,0.14345,0.14362,0.14299,0.14305,2973129.0
1667358600000,0.14305,0.14332,0.143,0.1432,1770340.0
1667358660000,0.14325,0.1434,0.14303,0.14305,2877995.0
1667358720000,0.14305,0.14322,0.14282,0.14284,2112993.0
1667358780000,0.14282,0.14327,0.14254,0.14324,5053795.0
1667358840000,0.14322,0.14331,0.14298,0.14311,1924554.0
1667358900000,0.14311,0.14325,0.14289,0.143,2265768.0
1667358960000,0.143,0.14313,0.14277,0.14303,2552619.0
1667359020000,0.14303,0.14303,0.1426,0.14261,2711556.0
1667359080000,0.14261,0.14281,0.14224,0.14251,7458792.0
1667359140000,0.14253,0.14288,0.14231,0.14278,2531843.0
1667359200000,0.14278,0.1434,0.14273,0.14318,3748622.0
1667359260000,0.14317,0.1435,0.14311,0.14328,3333029.0
1667359320000,0.14327,0.14339,0.14288,0.14302,1813132.0
1667359380000,0.14301,0.14309,0.14282,0.14283,1786127.0
1667359440000,0.14282,0.14341,0.14276,0.1431,2440120.0
1667359500000,0.1431,0.14337,0.14301,0.14315,1517354.0
1667359560000,0.14317,0.14362,0.14301,0.14302,5332072.0
1667359620000,0.14302,0.14368,0.14287,0.14352,4267458.0
1667359680000,0.14351,0.14372,0.14333,0.1434,4592618.0
1667359740000,0.14339,0.14358,0.14315,0.14342,2392177.0
1667359800000,0.14344,0.14349,0.14302,0.14302,2942211.0
1667359860000,0.14302,0.14308,0.14225,0.14236,5590090.0
1667359920000,0.14236,0.14296,0.1418,0.14275,9374881.0
1667359980000,0.14275,0.14286,0.14187,0.14209,3449531.0
1667360040000,0.14206,0.14231,0.14193,0.14216,2265659.0
1667360100000,0.14214,0.1428,0.142,0.14271,2972616.0
1667360160000,0.14265,0.14297,0.14223,0.14245,2877439.0
1667360220000,0.14244,0.14264,0.14213,0.14222,1695314.0
1667360280000,0.14224,0.14262,0.14213,0.14259,1560071.0
1667360340000,0.14259,0.14273,0.14223,0.14233,1764652.0
1667360400000,0.14231,0.14236,0.1421,0.1422,2252762.0
1667360460000,0.14218,0.14236,0.14211,0.14231,1619133.0
1667360520000,0.1423,0.14236,0.14188,0.14197,3375023.0
1667360580000,0.14195,0.14207,0.1405,0.14104,11399087.0
1667360640000,0.14102,0.14174,0.14069,0.14114,7628635.0
1667360700000,0.14113,0.14134,0.14076,0.14119,6931468.0
1667360760000,0.14119,0.14125,0.14021,0.14087,8941826.0
1667360820000,0.14084,0.14087,0.14021,0.14073,5979176.0
1667360880000,0.14074,0.14165,0.14062,0.14148,3985911.0
1667360940000,0.14149,0.1421,0.14129,0.142,3296333.0
1667361000000,0.14203,0.1421,0.14192,0.14208,1571942.0
1667361060000,0.14209,0.14228,0.14172,0.14188,1712010.0
1667361120000,0.14188,0.1419,0.1397,0.14035,15566561.0
1667361180000,0.14032,0.14123,0.1403,0.14108,3238032.0
1667361240000,0.1411,0.14115,0.14061,0.14062,1829851.0
1667361300000,0.14062,0.14103,0.14044,0.14096,2365403.0
1667361360000,0.14096,0.14138,0.14071,0.14116,2780019.0
1667361420000,0.14117,0.1415,0.14101,0.14122,1399635.0
1667361480000,0.14123,0.14142,0.14094,0.14124,1781134.0
1667361540000,0.14124,0.14144,0.14116,0.14144,1590162.0
1667361600000,0.14141,0.14151,0.14115,0.14147,3132066.0
1667361660000,0.14147,0.14147,0.14086,0.14106,2217966.0
1667361720000,0.14108,0.14114,0.14056,0.14113,3535568.0
1667361780000,0.14113,0.14187,0.14106,0.14169,4177705.0
1667361840000,0.1417,0.14288,0.14156,0.14265,7632456.0
1667361900000,0.14268,0.14489,0.14257,0.14441,26515566.0
1667361960000,0.14439,0.14756,0.14437,0.14725,45682081.0
1667362020000,0.14723,0.14796,0.14653,0.14689,19889251.0
1667362080000,0.14687,0.14774,0.14655,0.14743,13820205.0
1667362140000,0.14743,0.14754,0.14628,0.14643,13028518.0
1667362200000,0.14651,0.14696,0.14639,0.14679,8916614.0
1667362260000,0.14679,0.14717,0.14658,0.14688,8563321.0
1667362320000,0.14688,0.14717,0.14659,0.14671,6332420.0
1667362380000,0.1467,0.14727,0.1466,0.14719,5928794.0
1667362440000,0.14719,0.14778,0.14698,0.14771,7334771.0
1667362500000,0.14771,0.148,0.14665,0.14674,16564412.0
1667362560000,0.14674,0.14697,0.14564,0.14626,10589479.0
1667362620000,0.14626,0.14632,0.14523,0.14592,7812583.0
1667362680000,0.14593,0.14629,0.14573,0.14579,4581435.0
1667362740000,0.1458,0.14612,0.14572,0.14582,4449021.0
1667362800000,0.14583,0.14614,0.14571,0.14579,8928012.0
1667362860000,0.14581,0.14605,0.14541,0.14601,4066369.0
1667362920000,0.14601,0.14605,0.14503,0.14523,10481306.0
1667362980000,0.14524,0.14607,0.14515,0.14587,3782204.0
1667363040000,0.14589,0.146,0.14581,0.14582,1779568.0
1667363100000,0.14582,0.146,0.14533,0.14542,2691274.0
1667363160000,0.14542,0.14556,0.14497,0.14553,5973537.0
1667363220000,0.14553,0.14586,0.14539,0.14579,2788264.0
1667363280000,0.1458,0.14609,0.14573,0.14583,3051824.0
1667363340000,0.14583,0.14591,0.14502,0.14541,7486349.0
1667363400000,0.14541,0.14584,0.14512,0.14516,2968664.0
1667363460000,0.14515,0.14548,0.1447,0.14532,9082183.0
1667363520000,0.14532,0.14532,0.14486,0.14504,4363286.0
1667363580000,0.14503,0.14511,0.14419,0.14442,8716725.0
1667363640000,0.14442,0.14463,0.14401,0.14414,7507045.0
1667363700000,0.14413,0.14436,0.14364,0.1442,4976502.0
1667363760000,0.1442,0.14431,0.14393,0.14395,2040994.0
1667363820000,0.14395,0.14462,0.14388,0.14392,5784872.0
1667363880000,0.1439,0.14398,0.1428,0.1436,13068167.0
1667363940000,0.14357,0.1436,0.14279,0.14303,6627505.0
1667364000000,0.14304,0.1435,0.14298,0.14321,2698211.0
1667364060000,0.14316,0.14362,0.14315,0.14331,3627862.0
1667364120000,0.14331,0.14374,0.14322,0.14356,3570377.0
1667364180000,0.14355,0.14356,0.14293,0.14297,2494868.0
1667364240000,0.14297,0.14344,0.14246,0.14329,6495197.0
1667364300000,0.14328,0.14416,0.14326,0.14406,5278767.0
1667364360000,0.14406,0.14449,0.14367,0.14398,4165676.0
1667364420000,0.14397,0.14404,0.14369,0.14369,2924708.0
1667364480000,0.1437,0.14386,0.143,0.14315,3117312.0
1667364540000,0.14313,0.14379,0.14303,0.14378,2331451.0
1667364600000,0.14378,0.144,0.14372,0.14374,2811766.0
1667364660000,0.14373,0.14408,0.14365,0.14371,2042334.0
1667364720000,0.14368,0.14381,0.14349,0.14367,2056577.0
1667364780000,0.14365,0.14365,0.14341,0.14355,2114536.0
1667364840000,0.14353,0.14362,0.14342,0.14342,1291434.0
1667364900000,0.14341,0.14364,0.1432,0.14354,1541850.0
1667364960000,0.14351,0.144,0.14331,0.14396,2905806.0
1667365020000,0.14396,0.144,0.1436,0.14392,1245332.0
1667365080000,0.14392,0.14417,0.1436,0.14363,7563751.0
1667365140000,0.14361,0.14398,0.1436,0.1439,2545029.0
1667365200000,0.14388,0.14444,0.14388,0.14414,6130588.0
1667365260000,0.14412,0.14669,0.14409,0.14606,20327089.0
1667365320000,0.14606,0.14676,0.14512,0.14513,11200334.0
1667365380000,0.14512,0.14529,0.1436,0.14372,12168304.0
1667365440000,0.14372,0.1438,0.1403,0.14216,33204258.0
1667365500000,0.14217,0.14275,0.1416,0.14163,7564291.0
1667365560000,0.14162,0.14226,0.14116,0.14132,10538756.0
1667365620000,0.14133,0.14179,0.14106,0.14149,6309278.0
1667365680000,0.14147,0.14194,0.14034,0.14099,9797555.0
1667365740000,0.14099,0.14144,0.1406,0.1408,4980070.0
1667365800000,0.14079,0.1413,0.14068,0.14086,5215852.0
1667365860000,0.14087,0.1415,0.14082,0.14145,2004135.0
1667365920000,0.14144,0.14207,0.14088,0.14135,5751417.0
1667365980000,0.14133,0.14183,0.14122,0.14161,3304271.0
1667366040000,0.14161,0.14185,0.14159,0.14183,1927715.0
1667366100000,0.14183,0.14195,0.14137,0.14195,2815994.0
1667366160000,0.14195,0.14216,0.1414,0.14156,2596720.0
1667366220000,0.14156,0.14168,0.14099,0.14105,3056183.0
1667366280000,0.14106,0.1415,0.14095,0.14124,3167694.0
1667366340000,0.14124,0.14139,0.14096,0.14126,3334902.0
1667366400000,0.14127,0.14136,0.1405,0.141,4483749.0
1667366460000,0.14099,0.14112,0.14055,0.14071,2705716.0
1667366520000,0.14072,0.14089,0.14045,0.14072,2658541.0
1667366580000,0.14074,0.14097,0.13913,0.1396,13410545.0
1667366640000,0.13961,0.13999,0.139,0.13941,8276987.0
1667366700000,0.13943,0.1399,0.13914,0.13988,3954449.0
1667366760000,0.13987,0.14159,0.13985,0.14125,13485967.0
1667366820000,0.14125,0.14167,0.14101,0.14114,4276021.0
1667366880000,0.14114,0.14151,0.14102,0.14124,1884307.0
1667366940000,0.14124,0.14135,0.14064,0.14077,2374623.0
1667367000000,0.14079,0.14112,0.14046,0.14095,2896232.0
1667367060000,0.14096,0.14102,0.14041,0.1405,1210268.0
1667367120000,0.14051,0.14057,0.13884,0.13982,14489766.0
1667367180000,0.13982,0.13988,0.138,0.13854,15273821.0
1667367240000,0.13855,0.13901,0.13837,0.13895,5778246.0
1667367300000,0.13897,0.13946,0.13889,0.13924,4799936.0
1667367360000,0.13924,0.13982,0.13916,0.13973,3402118.0
1667367420000,0.13972,0.14038,0.13966,0.14022,5871425.0
1667367480000,0.14021,0.14077,0.13976,0.13993,6081958.0
1667367540000,0.1399,0.14011,0.13978,0.13988,1195040.0
1667367600000,0.13986,0.1402,0.13978,0.14013,1889350.0
1667367660000,0.14014,0.14033,0.13987,0.13998,1756565.0
1667367720000,0.13998,0.14007,0.13955,0.13956,1925691.0
1667367780000,0.13957,0.14013,0.13949,0.14004,1985541.0
1667367840000,0.14004,0.14032,0.14,0.14017,1787165.0
1667367900000,0.14018,0.14067,0.14018,0.14038,3297082.0
1667367960000,0.14039,0.14055,0.14024,0.14031,1227899.0
1667368020000,0.14031,0.14073,0.14028,0.14064,1947144.0
1667368080000,0.14064,0.14097,0.1402,0.14025,3890400.0
1667368140000,0.14025,0.14026,0.13974,0.13992,3545478.0
1667368200000,0.13993,0.14021,0.13988,0.13995,1583722.0
1667368260000,0.13995,0.1402,0.13988,0.13997,1507136.0
1667368320000,0.13995,0.14032,0.13989,0.1403,2138701.0
1667368380000,0.14031,0.14097,0.14029,0.14058,2377295.0
1667368440000,0.14057,0.14078,0.1405,0.14054,738479.0
1667368500000,0.14056,0.14083,0.14045,0.14058,2155403.0
1667368560000,0.14059,0.14083,0.14056,0.14072,1699174.0
1667368620000,0.14072,0.14109,0.14072,0.14096,2655210.0
1667368680000,0.14099,0.14142,0.14094,0.14094,2991758.0
1667368740000,0.14095,0.14111,0.14082,0.1409,1224047.0
1667368800000,0.14092,0.1411,0.14039,0.14052,2508535.0
1667368860000,0.14055,0.14089,0.14051,0.14079,1365885.0
1667368920000,0.1408,0.14088,0.13973,0.13973,8889136.0
1667368980000,0.13974,0.13989,0.1375,0.13844,20707234.0
1667369040000,0.13847,0.1389,0.13761,0.13819,10161900.0
1667369100000,0.13819,0.13864,0.138,0.13809,5046014.0
1667369160000,0.13808,0.13859,0.13808,0.13846,5569047.0
1667369220000,0.13845,0.1394,0.13838,0.13909,6910582.0
1667369280000,0.13909,0.13917,0.13888,0.13897,1933053.0
1667369340000,0.13897,0.13915,0.13878,0.13887,2616138.0
1667369400000,0.13887,0.13909,0.13875,0.139,1694178.0
1667369460000,0.139,0.13903,0.13861,0.13869,1299220.0
1667369520000,0.13868,0.13895,0.13851,0.13875,1894148.0
1667369580000,0.13875,0.13894,0.13855,0.13862,1945713.0
1667369640000,0.13861,0.1388,0.13822,0.13831,2128186.0
1667369700000,0.13832,0.13868,0.13819,0.13838,3656346.0
1667369760000,0.13837,0.13948,0.13834,0.13929,4863112.0
1667369820000,0.13933,0.13975,0.13877,0.13878,5244698.0
1667369880000,0.13878,0.13897,0.13833,0.13844,3028675.0
1667369940000,0.13844,0.1388,0.13838,0.13866,3123234.0
1667370000000,0.13869,0.13879,0.13861,0.13871,1296207.0
1667370060000,0.13872,0.13882,0.13806,0.13812,3953126.0
1667370120000,0.13813,0.13852,0.13694,0.13724,16648366.0
1667370180000,0.13719,0.13777,0.13653,0.13771,10993561.0
1667370240000,0.13775,0.13801,0.13757,0.138,2678298.0
1667370300000,0.138,0.13802,0.1375,0.1377,2625938.0
1667370360000,0.13773,0.13786,0.1375,0.13762,4051455.0
1667370420000,0.13761,0.13787,0.13758,0.13786,1884188.0
1667370480000,0.13785,0.13833,0.1378,0.1381,3197791.0
1667370540000,0.13805,0.1381,0.13793,0.13803,1224302.0
1667370600000,0.13803,0.13846,0.13803,0.13837,3318476.0
1667370660000,0.13838,0.13886,0.13827,0.13886,3319239.0
1667370720000,0.13884,0.13913,0.13877,0.1391,3523524.0
1667370780000,0.13909,0.1392,0.13876,0.13881,2197019.0
1667370840000,0.13881,0.13895,0.13842,0.13848,3016473.0
1667370900000,0.13848,0.13876,0.13839,0.13839,2508671.0
1667370960000,0.13838,0.13859,0.13829,0.13833,812069.0
1667371020000,0.13834,0.13855,0.13834,0.13854,982826.0
1667371080000,0.13854,0.13875,0.13848,0.13854,742395.0
1667371140000,0.13854,0.13906,0.13854,0.1389,1507608.0
1667371200000,0.13891,0.13907,0.13881,0.13893,1067914.0
1667371260000,0.13896,0.1391,0.1387,0.13888,1653331.0
1667371320000,0.13888,0.13906,0.13877,0.13887,1611666.0
1667371380000,0.13886,0.13903,0.13873,0.13878,1186205.0
1667371440000,0.13878,0.13963,0.13867,0.13963,4968211.0
1667371500000,0.13964,0.14049,0.13931,0.1395,7005835.0
1667371560000,0.13951,0.13987,0.1385,0.1385,7465124.0
1667371620000,0.13852,0.13897,0.13827,0.13881,3094797.0
1667371680000,0.13884,0.13904,0.13881,0.13897,747413.0
1667371740000,0.13894,0.13946,0.13882,0.13939,2389734.0
1667371800000,0.1394,0.13964,0.13911,0.13921,1704923.0
1667371860000,0.1392,0.13933,0.13903,0.13922,1337191.0
1667371920000,0.13923,0.13937,0.13901,0.13907,1707620.0
1667371980000,0.13907,0.13914,0.13889,0.13896,881283.0
1667372040000,0.13895,0.13911,0.13889,0.13902,1201683.0
1667372100000,0.13904,0.13916,0.13888,0.13902,1363180.0
1667372160000,0.13899,0.13911,0.13889,0.139,651797.0
1667372220000,0.13901,0.13923,0.13894,0.13908,1779706.0
1667372280000,0.13909,0.13924,0.13904,0.13922,607071.0
1667372340000,0.13922,0.13937,0.13897,0.1393,1792179.0
1667372400000,0.13933,0.13954,0.1388,0.1388,2292758.0
1667372460000,0.13881,0.13917,0.13872,0.13903,1796612.0
1667372520000,0.13904,0.13924,0.13892,0.13915,1084735.0
1667372580000,0.13913,0.13918,0.13901,0.13915,825637.0
1667372640000,0.13915,0.13926,0.139,0.13905,505676.0
1667372700000,0.13904,0.13928,0.13893,0.13907,1299681.0
1667372760000,0.1391,0.13936,0.13903,0.13906,1340389.0
1667372820000,0.13907,0.1394,0.13897,0.13927,1482774.0
1667372880000,0.1393,0.13931,0.13903,0.13908,676786.0
1667372940000,0.13905,0.13914,0.13871,0.13871,1877667.0
1667373000000,0.13871,0.13903,0.13797,0.13823,8048701.0
1667373060000,0.13823,0.13824,0.13681,0.13778,10417445.0
1667373120000,0.1378,0.1379,0.13689,0.1371,9075424.0
1667373180000,0.13711,0.13748,0.13698,0.13718,3777048.0
1667373240000,0.13722,0.13768,0.13719,0.13754,3622250.0
1667373300000,0.13753,0.1377,0.13661,0.137,5622252.0
1667373360000,0.137,0.13725,0.13613,0.13699,9900219.0
1667373420000,0.13699,0.1372,0.13581,0.13638,11106990.0
1667373480000,0.13641,0.13678,0.13542,0.13639,11595341.0
1667373540000,0.13638,0.13649,0.13571,0.13608,12784921.0
1667373600000,0.13608,0.13678,0.13575,0.13668,20335739.0
1667373660000,0.13667,0.13729,0.13651,0.137,6973594.0
1667373720000,0.137,0.13709,0.136,0.13618,6066456.0
1667373780000,0.1362,0.1365,0.13598,0.13642,10867350.0
1667373840000,0.13644,0.13689,0.13627,0.13683,3160775.0
1667373900000,0.13684,0.13704,0.13665,0.13696,2553156.0
1667373960000,0.13698,0.13732,0.1369,0.13706,5087760.0
1667374020000,0.13706,0.13736,0.13689,0.13702,3764482.0
1667374080000,0.13704,0.13757,0.13704,0.13745,2089192.0
1667374140000,0.13748,0.1382,0.13748,0.13777,4907815.0
1667374200000,0.13776,0.1385,0.13769,0.13772,4393084.0
1667374260000,0.13775,0.13808,0.13763,0.1377,2131500.0
1667374320000,0.13775,0.13801,0.13751,0.1376,2519941.0
1667374380000,0.13761,0.13772,0.13739,0.13755,1536113.0
1667374440000,0.13755,0.13796,0.13751,0.13783,1177177.0
1667374500000,0.13783,0.13822,0.13778,0.1379,3066493.0
1667374560000,0.1379,0.1383,0.13776,0.13804,2400534.0
1667374620000,0.13804,0.13818,0.13791,0.13799,1704622.0
1667374680000,0.13797,0.1382,0.13789,0.13809,2129876.0
1667374740000,0.13808,0.13808,0.13771,0.13779,960315.0
1667374800000,0.13779,0.1379,0.13751,0.13785,1331666.0
1667374860000,0.13784,0.13826,0.13774,0.13799,2852411.0
1667374920000,0.13799,0.1382,0.13781,0.13795,1164763.0
1667374980000,0.13794,0.13893,0.13792,0.13847,5388100.0
1667375040000,0.13846,0.13891,0.13826,0.13835,3698514.0
1667375100000,0.13836,0.13839,0.13809,0.13828,1585499.0
1667375160000,0.13826,0.13841,0.13801,0.13824,1262606.0
1667375220000,0.13825,0.13827,0.13795,0.13816,1856049.0
1667375280000,0.1382,0.13835,0.13798,0.13804,2635350.0
1667375340000,0.13804,0.13836,0.137,0.13755,9885143.0
1667375400000,0.13756,0.13779,0.137,0.13747,3817902.0
1667375460000,0.13747,0.13773,0.13728,0.13731,3983037.0
1667375520000,0.13732,0.13797,0.1373,0.1379,1701812.0
1667375580000,0.13789,0.1379,0.13759,0.1377,880678.0
1667375640000,0.13769,0.13792,0.13731,0.13775,3892733.0
1667375700000,0.13779,0.13789,0.13767,0.13781,1866868.0
1667375760000,0.13783,0.13787,0.13754,0.13783,6479719.0
1667375820000,0.13782,0.13783,0.13744,0.13748,1176695.0
1667375880000,0.1375,0.13757,0.13727,0.13753,2380157.0
1667375940000,0.13751,0.13778,0.13738,0.1374,1423909.0
1667376000000,0.13743,0.13766,0.1374,0.13756,1148636.0
1667376060000,0.13757,0.13782,0.13756,0.1378,946767.0
1667376120000,0.13781,0.13792,0.13728,0.1376,2540535.0
1667376180000,0.1376,0.13788,0.1375,0.13788,1486382.0
1667376240000,0.13788,0.13818,0.13771,0.13786,2391375.0
1667376300000,0.13786,0.13788,0.1377,0.13773,671962.0
1667376360000,0.13773,0.13774,0.13667,0.13686,5042703.0
1667376420000,0.13686,0.13714,0.1361,0.13702,6928039.0
1667376480000,0.13704,0.13738,0.13684,0.13703,2244569.0
1667376540000,0.137,0.13709,0.13663,0.13673,1532815.0
1667376600000,0.13671,0.13792,0.13661,0.13771,5665799.0
1667376660000,0.13771,0.13832,0.13753,0.13829,4560108.0
1667376720000,0.13827,0.13835,0.13776,0.13803,2764268.0
1667376780000,0.13801,0.13805,0.13766,0.13779,1108324.0
1667376840000,0.13779,0.13803,0.13766,0.13796,1604101.0
1667376900000,0.13795,0.13815,0.13774,0.1381,2206208.0
1667376960000,0.13809,0.1383,0.1375,0.13785,2668648.0
1667377020000,0.1378,0.13826,0.1378,0.13806,1795338.0
1667377080000,0.13808,0.13846,0.13804,0.13839,1948224.0
1667377140000,0.13841,0.13896,0.13841,0.13875,6095170.0
1667377200000,0.13874,0.13888,0.13836,0.13843,1913802.0
1667377260000,0.13844,0.13877,0.13832,0.1385,2499045.0
1667377320000,0.13849,0.1388,0.13844,0.13857,1478575.0
1667377380000,0.13858,0.13878,0.13851,0.1387,1518642.0
1667377440000,0.13869,0.13921,0.13859,0.13897,3455467.0
1667377500000,0.13898,0.13943,0.13895,0.13917,2710971.0
1667377560000,0.13918,0.1395,0.13878,0.13885,3945156.0
1667377620000,0.13887,0.13928,0.13878,0.13902,2414581.0
1667377680000,0.13902,0.1395,0.13899,0.13942,3241586.0
1667377740000,0.13942,0.13943,0.13903,0.13916,1480814.0
1667377800000,0.13917,0.13927,0.13874,0.13888,2186530.0
1667377860000,0.13887,0.1393,0.13885,0.13896,5185392.0
1667377920000,0.13895,0.13907,0.1387,0.13883,1588645.0
1667377980000,0.13881,0.13882,0.1384,0.13843,1869289.0
1667378040000,0.13843,0.13858,0.13814,0.13849,1983955.0
1667378100000,0.1385,0.13851,0.13789,0.13802,2507054.0
1667378160000,0.13804,0.13835,0.13786,0.13835,901600.0
1667378220000,0.13836,0.13856,0.13813,0.13816,1144072.0
1667378280000,0.13817,0.13837,0.13808,0.13837,1074315.0
1667378340000,0.13837,0.13875,0.13837,0.13861,1898618.0
1667378400000,0.13862,0.13887,0.13846,0.13854,1124615.0
1667378460000,0.13853,0.13876,0.1384,0.13844,1185545.0
1667378520000,0.13844,0.1385,0.13838,0.1384,281860.0
1667378580000,0.1384,0.13843,0.13826,0.13841,1152743.0
1667378640000,0.13841,0.13841,0.13826,0.1384,633067.0
1667378700000,0.13841,0.13841,0.13801,0.13804,937102.0
1667378760000,0.13808,0.13813,0.13758,0.13766,2990836.0
1667378820000,0.13767,0.13774,0.13724,0.13759,5449854.0
1667378880000,0.13759,0.13795,0.13737,0.13786,2141877.0
1667378940000,0.13785,0.138,0.13764,0.138,1305089.0
1667379000000,0.138,0.13818,0.13786,0.13818,753434.0
1667379060000,0.13818,0.13835,0.13811,0.13818,1088351.0
1667379120000,0.1382,0.1382,0.13781,0.13793,1097890.0
1667379180000,0.13796,0.13805,0.13782,0.13798,840048.0
1667379240000,0.138,0.13827,0.13793,0.13814,1479198.0
1667379300000,0.13818,0.13827,0.13801,0.13818,1324025.0
1667379360000,0.13818,0.13868,0.13814,0.13851,1238975.0
1667379420000,0.13851,0.13947,0.13841,0.13916,5966590.0
1667379480000,0.13918,0.13933,0.13879,0.13897,1859490.0
1667379540000,0.13892,0.13907,0.13884,0.13901,1434142.0
1667379600000,0.13901,0.1395,0.13865,0.13933,4029399.0
1667379660000,0.13934,0.13973,0.13897,0.1393,4858526.0
1667379720000,0.1393,0.13988,0.1393,0.13962,3555645.0
1667379780000,0.13965,0.13977,0.13932,0.13946,1706387.0
1667379840000,0.13948,0.13948,0.139,0.13902,1944339.0
1667379900000,0.13902,0.13905,0.13777,0.13779,7780747.0
1667379960000,0.13781,0.13807,0.13759,0.13791,2653530.0
1667380020000,0.13792,0.13822,0.13782,0.13817,1118043.0
1667380080000,0.13812,0.13819,0.13793,0.138,1074853.0
1667380140000,0.13796,0.13799,0.13775,0.1379,1782813.0
1667380200000,0.13791,0.13806,0.13775,0.13806,1294540.0
1667380260000,0.13806,0.1384,0.13784,0.13827,2722371.0
1667380320000,0.13828,0.13837,0.13812,0.13827,1303897.0
1667380380000,0.13828,0.13832,0.13797,0.13808,1183437.0
1667380440000,0.13809,0.13823,0.138,0.13806,686844.0
1667380500000,0.13807,0.13807,0.13772,0.13772,1697172.0
1667380560000,0.13772,0.13804,0.13759,0.13774,1976061.0
1667380620000,0.13773,0.13792,0.13751,0.13791,1841500.0
1667380680000,0.13791,0.13794,0.13774,0.1378,366329.0
1667380740000,0.13781,0.13787,0.1373,0.13747,4694611.0
1667380800000,0.13746,0.13769,0.13737,0.13769,1763206.0
1667380860000,0.13771,0.13774,0.13729,0.13757,949031.0
1667380920000,0.13756,0.13777,0.13748,0.13749,986125.0
1667380980000,0.13749,0.13754,0.13735,0.13741,1272814.0
1667381040000,0.13741,0.13767,0.13741,0.13745,806050.0
1667381100000,0.13745,0.13762,0.13738,0.13758,1369579.0
1667381160000,0.13759,0.13777,0.1375,0.13776,1010303.0
1667381220000,0.13771,0.1379,0.13753,0.13767,832719.0
1667381280000,0.13769,0.13769,0.13737,0.13749,976363.0
1667381340000,0.1375,0.13752,0.13637,0.13639,7803255.0
1667381400000,0.13641,0.13697,0.13606,0.13676,5618358.0
1667381460000,0.13676,0.13694,0.13,0.13219,75578756.0
1667381520000,0.13221,0.1328,0.131,0.13225,24524382.0
1667381580000,0.13225,0.13308,0.13189,0.13278,11135960.0
1667381640000,0.13279,0.13345,0.13252,0.13298,8902621.0
1667381700000,0.13296,0.13593,0.1327,0.1334,20837009.0
1667381760000,0.13343,0.13388,0.13287,0.13296,8964874.0
1667381820000,0.13295,0.13323,0.13234,0.13256,4253891.0
1667381880000,0.13256,0.13329,0.13215,0.13283,6337714.0
1667381940000,0.13284,0.13304,0.13236,0.13266,6041177.0
1667382000000,0.13268,0.13287,0.13243,0.13267,3951821.0
1667382060000,0.13268,0.13335,0.13225,0.13312,6412047.0
1667382120000,0.13311,0.13312,0.13281,0.13296,1963990.0
1667382180000,0.13296,0.13358,0.13282,0.13342,3818252.0
1667382240000,0.13342,0.13375,0.13331,0.13339,2511486.0
1667382300000,0.1334,0.13382,0.13282,0.1334,5020123.0
1667382360000,0.13343,0.13366,0.13311,0.13335,2914114.0
1667382420000,0.13337,0.13385,0.13316,0.13382,3293373.0
1667382480000,0.13381,0.13391,0.13325,0.1333,3623545.0
1667382540000,0.13329,0.13348,0.133,0.13311,2721958.0
1667382600000,0.1331,0.13332,0.1328,0.13285,3355910.0
1667382660000,0.13283,0.13326,0.13247,0.13256,6726455.0
1667382720000,0.13256,0.13259,0.13157,0.13207,12231797.0
1667382780000,0.13207,0.13232,0.13168,0.13207,7785525.0
1667382840000,0.13208,0.13252,0.13208,0.13224,3740661.0
1667382900000,0.13225,0.1324,0.13101,0.13153,11578238.0
1667382960000,0.13153,0.13213,0.13145,0.13152,8589655.0
1667383020000,0.13153,0.13216,0.13123,0.13137,3560708.0
1667383080000,0.13134,0.13168,0.13113,0.13143,5293242.0
1667383140000,0.13145,0.13177,0.1301,0.13073,14227278.0
1667383200000,0.13073,0.1315,0.12966,0.13049,21847049.0
1667383260000,0.13047,0.13067,0.128,0.12935,43007269.0
1667383320000,0.12935,0.13042,0.12929,0.13004,11346657.0
1667383380000,0.13005,0.13017,0.12858,0.12903,13251899.0
1667383440000,0.12903,0.1299,0.12898,0.12957,8237068.0
1667383500000,0.12953,0.13017,0.12927,0.1293,6733871.0
1667383560000,0.1293,0.12961,0.12852,0.12942,8971917.0
1667383620000,0.12944,0.12964,0.12885,0.12952,6613319.0
1667383680000,0.1295,0.13014,0.12941,0.12998,5273100.0
1667383740000,0.13002,0.13043,0.13002,0.13025,4077642.0
1667383800000,0.13024,0.13059,0.13006,0.13059,5080294.0
1667383860000,0.13058,0.13064,0.13022,0.1305,4751337.0
1667383920000,0.13053,0.13063,0.13015,0.13047,2292257.0
1667383980000,0.13048,0.1306,0.13027,0.13056,2161948.0
1667384040000,0.13057,0.13066,0.1302,0.13027,3075349.0
1667384100000,0.13028,0.13059,0.13006,0.13009,5469192.0
1667384160000,0.13011,0.13022,0.1294,0.13015,8587508.0
1667384220000,0.13017,0.13058,0.12996,0.1304,4099505.0
1667384280000,0.13042,0.13067,0.13032,0.13063,2802487.0
1667384340000,0.13063,0.13088,0.13045,0.13069,2317903.0
1667384400000,0.13068,0.13076,0.13032,0.13055,2305982.0
1667384460000,0.13054,0.13054,0.12984,0.13011,3100325.0
1667384520000,0.13011,0.1302,0.12962,0.13005,5175343.0
1667384580000,0.13007,0.1302,0.12994,0.13018,2104420.0
1667384640000,0.13018,0.13036,0.13012,0.13028,1856767.0
1667384700000,0.13029,0.1307,0.13028,0.13062,2201633.0
1667384760000,0.13062,0.13082,0.13034,0.13036,5343995.0
1667384820000,0.13036,0.13068,0.13027,0.13038,2655797.0
1667384880000,0.13038,0.13045,0.1301,0.13025,3435322.0
1667384940000,0.13024,0.13035,0.13011,0.13016,1189099.0
1667385000000,0.13015,0.13068,0.13015,0.13061,5011882.0
1667385060000,0.13061,0.1319,0.13054,0.13179,17111750.0
1667385120000,0.13183,0.13183,0.13127,0.13139,4016641.0
1667385180000,0.13142,0.13169,0.13125,0.13141,6171320.0
1667385240000,0.13143,0.13167,0.1314,0.1316,3756776.0
1667385300000,0.1316,0.13166,0.13133,0.13149,3507693.0
1667385360000,0.13149,0.13153,0.13117,0.13117,5170020.0
1667385420000,0.13117,0.13199,0.1311,0.13186,20817080.0
1667385480000,0.13185,0.13232,0.13179,0.13206,10210673.0
1667385540000,0.13207,0.13251,0.13201,0.13228,16746553.0
1667385600000,0.13226,0.13249,0.13193,0.13198,10757892.0
1667385660000,0.132,0.13203,0.13127,0.13128,7112756.0
1667385720000,0.13128,0.13184,0.13124,0.13152,4327144.0
1667385780000,0.13152,0.13157,0.13133,0.13144,3421281.0
1667385840000,0.13146,0.13169,0.13128,0.13136,3696705.0
1667385900000,0.13137,0.1314,0.13028,0.13029,7758267.0
1667385960000,0.1303,0.13092,0.13017,0.13091,6542585.0
1667386020000,0.13091,0.13101,0.13068,0.13092,1610254.0
1667386080000,0.13093,0.13096,0.13066,0.13077,1605358.0
1667386140000,0.13077,0.13111,0.13077,0.13103,1658749.0
1667386200000,0.13101,0.13119,0.13073,0.13085,1993675.0
1667386260000,0.13085,0.13104,0.13083,0.13095,3501885.0
1667386320000,0.13095,0.13097,0.13073,0.13082,1037232.0
1667386380000,0.13083,0.13167,0.13078,0.13157,3318754.0
1667386440000,0.13158,0.13167,0.13137,0.1316,2279923.0
1667386500000,0.1316,0.13161,0.13117,0.13144,3142418.0
1667386560000,0.13144,0.13158,0.13126,0.13147,1966453.0
1667386620000,0.13145,0.13167,0.13141,0.13147,1615635.0
1667386680000,0.13147,0.13182,0.13143,0.1318,1472001.0
1667386740000,0.1318,0.13181,0.13156,0.13168,1519957.0
1667386800000,0.13165,0.13168,0.13135,0.13166,2826257.0
1667386860000,0.13167,0.13171,0.1314,0.13156,1793463.0
1667386920000,0.13156,0.13176,0.13126,0.13163,3437673.0
1667386980000,0.13164,0.13204,0.13164,0.1319,2743213.0
1667387040000,0.13189,0.13212,0.13183,0.132,2117547.0
1667387100000,0.132,0.13201,0.13151,0.13153,3436202.0
1667387160000,0.13153,0.13176,0.13132,0.13154,2116631.0
1667387220000,0.13155,0.13173,0.13149,0.13168,1820724.0
1667387280000,0.13168,0.13185,0.13165,0.13177,1520491.0
1667387340000,0.13181,0.13182,0.13153,0.13165,1755161.0
1667387400000,0.13164,0.13174,0.13162,0.13165,1228420.0
1667387460000,0.13165,0.13177,0.1316,0.13166,1481263.0
1667387520000,0.13167,0.13169,0.1316,0.13164,1860619.0
1667387580000,0.13166,0.13187,0.13161,0.13177,1465786.0
1667387640000,0.13179,0.13179,0.13162,0.13178,1181238.0
1667387700000,0.13179,0.13181,0.13113,0.13125,7803619.0
1667387760000,0.13125,0.13131,0.1309,0.13098,3864158.0
1667387820000,0.13099,0.13107,0.13061,0.13091,3039496.0
1667387880000,0.1309,0.13094,0.13053,0.1309,2412652.0
1667387940000,0.13089,0.131,0.13082,0.13095,1463456.0
1667388000000,0.13098,0.13105,0.13072,0.13076,1277249.0
1667388060000,0.13076,0.13092,0.13074,0.13083,1012743.0
1667388120000,0.13082,0.13099,0.1307,0.13098,2669504.0
1667388180000,0.13098,0.13102,0.13074,0.13084,868018.0
1667388240000,0.13085,0.13097,0.13083,0.1309,859138.0
1667388300000,0.1309,0.13098,0.13076,0.13078,1196663.0
1667388360000,0.13078,0.13088,0.13065,0.13078,1577909.0
1667388420000,0.13078,0.13087,0.13064,0.13085,1891201.0
1667388480000,0.13085,0.13141,0.13074,0.1314,1776009.0
1667388540000,0.13139,0.13139,0.13114,0.13122,1227860.0
1667388600000,0.13123,0.13138,0.13115,0.13126,1456718.0
1667388660000,0.13127,0.13176,0.13124,0.13174,2052225.0
1667388720000,0.13174,0.13187,0.13165,0.13176,2175902.0
1667388780000,0.13177,0.13207,0.13165,0.13202,3360341.0
1667388840000,0.13202,0.13215,0.13189,0.13215,2872451.0
1667388900000,0.13215,0.13285,0.13204,0.13243,12344467.0
1667388960000,0.13245,0.13261,0.13212,0.13251,3837224.0
1667389020000,0.13251,0.13268,0.13221,0.13226,3240426.0
1667389080000,0.13228,0.1323,0.13212,0.13217,1514194.0
1667389140000,0.13217,0.13248,0.13214,0.13241,1539038.0
1667389200000,0.13242,0.13259,0.13221,0.13223,1908917.0
1667389260000,0.13222,0.13226,0.13208,0.13212,1261936.0
1667389320000,0.13213,0.13215,0.13193,0.13199,2950584.0
1667389380000,0.13198,0.13207,0.13151,0.13175,2775369.0
1667389440000,0.13176,0.13195,0.13168,0.13192,1723818.0
1667389500000,0.13192,0.13195,0.1315,0.13153,6168501.0
1667389560000,0.13153,0.13164,0.13134,0.13146,6436764.0
1667389620000,0.13146,0.13148,0.13117,0.13143,6919206.0
1667389680000,0.13143,0.13145,0.1311,0.13126,5095228.0
1667389740000,0.13125,0.13148,0.1311,0.13116,5168575.0
1667389800000,0.13115,0.13166,0.13114,0.1316,2238565.0
1667389860000,0.1316,0.13171,0.13134,0.13137,1417758.0
1667389920000,0.13139,0.13144,0.13119,0.13124,1163691.0
1667389980000,0.13124,0.13141,0.13116,0.13139,984724.0
1667390040000,0.13138,0.13152,0.13138,0.1315,1147475.0
1667390100000,0.1315,0.13166,0.13146,0.13151,1764095.0
1667390160000,0.13152,0.13158,0.13148,0.13158,186762.0
1667390220000,0.13159,0.13177,0.13149,0.13149,1161165.0
1667390280000,0.13149,0.13165,0.13136,0.13165,705705.0
1667390340000,0.13166,0.13173,0.13155,0.13163,1289830.0
1667390400000,0.13163,0.13174,0.13138,0.13145,1779785.0
1667390460000,0.13145,0.13157,0.13132,0.13136,1268848.0
1667390520000,0.13136,0.13145,0.13105,0.13109,3445891.0
1667390580000,0.13108,0.13108,0.13038,0.13045,5139463.0
1667390640000,0.13045,0.13085,0.13018,0.13032,3596147.0
1667390700000,0.13031,0.13031,0.12908,0.13001,16170470.0
1667390760000,0.13001,0.13075,0.12993,0.13071,3783029.0
1667390820000,0.13065,0.13076,0.13035,0.13039,2923077.0
1667390880000,0.13038,0.13051,0.13024,0.13044,2718563.0
1667390940000,0.13044,0.13054,0.1301,0.1301,4250285.0
1667391000000,0.1301,0.13033,0.13005,0.1303,1288103.0
1667391060000,0.13032,0.13049,0.13021,0.13035,1935448.0
1667391120000,0.13034,0.13041,0.12968,0.13014,3755728.0
1667391180000,0.13014,0.13059,0.13012,0.13053,2143854.0
1667391240000,0.13053,0.13069,0.1302,0.13061,2466748.0
1667391300000,0.13063,0.13063,0.12705,0.12751,25346675.0
1667391360000,0.1275,0.13008,0.12705,0.12974,19783910.0
1667391420000,0.12974,0.12974,0.12892,0.12921,8139908.0
1667391480000,0.1292,0.12958,0.12902,0.12927,3952779.0
1667391540000,0.12926,0.12969,0.12915,0.12959,4467738.0
1667391600000,0.12957,0.12969,0.12925,0.12951,3099358.0
1667391660000,0.12951,0.12954,0.12921,0.12929,2191863.0
1667391720000,0.12928,0.12953,0.12906,0.12945,5481749.0
1667391780000,0.12946,0.12966,0.12904,0.12921,5617080.0
1667391840000,0.1292,0.12964,0.12916,0.12929,5960347.0
1667391900000,0.12931,0.12933,0.12882,0.12891,3403500.0
1667391960000,0.1289,0.12896,0.12826,0.1283,9377395.0
1667392020000,0.12831,0.12854,0.12735,0.12805,12637534.0
1667392080000,0.12806,0.1284,0.12769,0.1281,8742936.0
1667392140000,0.1281,0.12823,0.12792,0.12809,4554126.0
1667392200000,0.12809,0.12861,0.128,0.12843,5957638.0
1667392260000,0.12842,0.12884,0.12798,0.12878,5651543.0
1667392320000,0.12878,0.12899,0.12872,0.12881,4129785.0
1667392380000,0.1288,0.129,0.12866,0.12898,3125028.0
1667392440000,0.12899,0.12916,0.12877,0.1291,3757024.0
1667392500000,0.12906,0.12922,0.1289,0.12917,2859621.0
1667392560000,0.12916,0.12948,0.12891,0.12901,5100931.0
1667392620000,0.12904,0.12934,0.12899,0.12933,3400131.0
1667392680000,0.12933,0.12937,0.12912,0.12936,1672669.0
1667392740000,0.12935,0.12952,0.1293,0.12932,1563405.0
1667392800000,0.12933,0.12948,0.12926,0.12935,1694572.0
1667392860000,0.12935,0.12968,0.12913,0.12929,4097530.0
1667392920000,0.1293,0.12933,0.12906,0.12913,2825139.0
1667392980000,0.12913,0.12927,0.129,0.1291,3359414.0
1667393040000,0.12908,0.12908,0.12869,0.12879,2765039.0
1667393100000,0.12879,0.12925,0.12873,0.12919,3146252.0
1667393160000,0.12919,0.12933,0.12907,0.1292,2083811.0
1667393220000,0.12918,0.12942,0.12918,0.12933,1182396.0
1667393280000,0.12934,0.12941,0.12909,0.12916,2565031.0
1667393340000,0.12916,0.12926,0.12906,0.1292,1760063.0
1667393400000,0.1292,0.12938,0.12913,0.12936,1834357.0
1667393460000,0.12937,0.12938,0.12919,0.12932,1085723.0
1667393520000,0.12931,0.12934,0.12913,0.1292,1956337.0
1667393580000,0.12922,0.12926,0.12904,0.12919,1215949.0
1667393640000,0.12921,0.12927,0.12909,0.1292,996764.0
1667393700000,0.12919,0.12919,0.12867,0.12888,5170306.0
1667393760000,0.12888,0.12888,0.12841,0.12868,3153964.0
1667393820000,0.12868,0.12883,0.12858,0.12877,2225187.0
1667393880000,0.12877,0.12879,0.12862,0.1287,2207356.0
1667393940000,0.1287,0.12875,0.12848,0.12861,3012057.0
1667394000000,0.12861,0.1287,0.12836,0.12851,6595956.0
1667394060000,0.12851,0.1287,0.12811,0.12869,3830348.0
1667394120000,0.1287,0.13012,0.12866,0.12995,9281541.0
1667394180000,0.12994,0.1305,0.12962,0.12996,7696917.0
1667394240000,0.12996,0.1304,0.12993,0.13017,3260435.0
1667394300000,0.13018,0.1304,0.12989,0.13018,3588113.0
1667394360000,0.13018,0.13093,0.13006,0.13026,6634724.0
1667394420000,0.13027,0.13044,0.13006,0.13044,2833074.0
1667394480000,0.13043,0.13066,0.13019,0.13037,3599627.0
1667394540000,0.13034,0.13051,0.13022,0.13033,2151272.0
1667394600000,0.13034,0.13039,0.12991,0.13,2507875.0
1667394660000,0.13,0.13002,0.12966,0.12993,2231605.0
1667394720000,0.12994,0.12998,0.12977,0.12988,1445884.0
1667394780000,0.12987,0.12988,0.12964,0.12982,1232752.0
1667394840000,0.12982,0.13004,0.12973,0.12997,1393936.0
1667394900000,0.12995,0.13017,0.12989,0.13015,1106749.0
1667394960000,0.13014,0.13023,0.12994,0.13003,1936829.0
1667395020000,0.13005,0.13008,0.12961,0.1298,2896891.0
1667395080000,0.1298,0.1298,0.12957,0.12968,1455201.0
1667395140000,0.12969,0.12983,0.1295,0.12953,1317545.0
1667395200000,0.12952,0.12985,0.1294,0.12984,1699815.0
1667395260000,0.12981,0.12985,0.12962,0.1297,850054.0
1667395320000,0.12971,0.12989,0.12965,0.12984,1439795.0
1667395380000,0.12984,0.12989,0.12965,0.12976,1239584.0
1667395440000,0.12976,0.13006,0.12976,0.12997,2202243.0
1667395500000,0.12998,0.13016,0.12994,0.13015,2457638.0
1667395560000,0.13014,0.13023,0.12992,0.13007,1748214.0
1667395620000,0.13007,0.13017,0.12985,0.13003,2106305.0
1667395680000,0.13003,0.13023,0.12982,0.12989,2318941.0
1667395740000,0.12989,0.13005,0.12983,0.12985,1536392.0
1667395800000,0.12984,0.12999,0.12951,0.12952,2643390.0
1667395860000,0.12951,0.12951,0.12877,0.12887,4162376.0
1667395920000,0.12888,0.12923,0.12827,0.12901,5946450.0
1667395980000,0.12901,0.12913,0.12865,0.12883,4172655.0
1667396040000,0.12883,0.12917,0.12882,0.12883,2584342.0
1667396100000,0.12882,0.12911,0.12871,0.12911,2219747.0
1667396160000,0.12912,0.12947,0.12901,0.12927,3835497.0
1667396220000,0.12925,0.12932,0.12901,0.12923,2003505.0
1667396280000,0.12922,0.12925,0.12876,0.12891,3742861.0
1667396340000,0.12891,0.12905,0.1286,0.12889,3595869.0
1667396400000,0.12887,0.12935,0.12887,0.12912,1250095.0
1667396460000,0.12912,0.12932,0.12896,0.12912,1717906.0
1667396520000,0.12912,0.1293,0.12906,0.12914,1394936.0
1667396580000,0.12913,0.12924,0.12899,0.1291,1738306.0
1667396640000,0.12911,0.12936,0.12907,0.12908,1034028.0
1667396700000,0.12907,0.12935,0.12888,0.12931,1899324.0
1667396760000,0.12934,0.12948,0.12917,0.12935,1255029.0
1667396820000,0.12939,0.12984,0.12936,0.12969,1512693.0
1667396880000,0.12968,0.12983,0.1296,0.1298,1347134.0
1667396940000,0.1298,0.13002,0.12951,0.12992,2727817.0
1667397000000,0.12991,0.13013,0.12983,0.13003,1234243.0
1667397060000,0.13004,0.13028,0.12979,0.13012,2510241.0
1667397120000,0.13012,0.13042,0.12978,0.13004,6120488.0
1667397180000,0.12998,0.13021,0.12989,0.1301,2468853.0
1667397240000,0.13011,0.13014,0.12992,0.13004,1890525.0
1667397300000,0.13004,0.13021,0.12985,0.13,2234142.0
1667397360000,0.13001,0.13016,0.12984,0.12997,2128900.0
1667397420000,0.12999,0.13,0.12973,0.12974,839909.0
1667397480000,0.12974,0.12998,0.12971,0.12983,1564035.0
1667397540000,0.12983,0.12991,0.12972,0.12991,1769084.0
1667397600000,0.12992,0.12998,0.12974,0.12995,1163640.0
1667397660000,0.12995,0.13167,0.12995,0.13082,10135819.0
1667397720000,0.13081,0.13098,0.13041,0.13042,2611841.0
1667397780000,0.13043,0.13069,0.1304,0.13056,2214021.0
1667397840000,0.13054,0.13077,0.13028,0.1303,3098444.0
1667397900000,0.1303,0.13037,0.12995,0.12995,2834777.0
1667397960000,0.12995,0.13029,0.12995,0.13023,1210446.0
1667398020000,0.13023,0.13057,0.1301,0.13042,3149764.0
1667398080000,0.13043,0.13056,0.1302,0.13022,2320732.0
1667398140000,0.13022,0.13029,0.13015,0.13026,2060448.0
1667398200000,0.13025,0.1304,0.13016,0.13033,1881548.0
1667398260000,0.13034,0.13048,0.13027,0.13043,2424263.0
1667398320000,0.13043,0.1307,0.13031,0.13057,2301898.0
1667398380000,0.13057,0.1316,0.1305,0.13119,6615169.0
1667398440000,0.13119,0.13154,0.13083,0.13087,3670601.0
1667398500000,0.13087,0.13105,0.13061,0.13074,3333562.0
1667398560000,0.13075,0.13135,0.13075,0.13112,7010531.0
1667398620000,0.13111,0.13127,0.13073,0.1309,5233629.0
1667398680000,0.1309,0.13108,0.1309,0.13102,2667428.0
1667398740000,0.13102,0.13158,0.13093,0.13151,3822185.0
1667398800000,0.13152,0.13156,0.13121,0.13153,4766970.0
1667398860000,0.13152,0.13155,0.1312,0.13131,2863397.0
1667398920000,0.13131,0.13157,0.13123,0.13139,3009686.0
1667398980000,0.13139,0.1319,0.13139,0.13162,4093761.0
1667399040000,0.13162,0.13184,0.13145,0.13169,3364912.0
1667399100000,0.13169,0.13169,0.13121,0.13128,4622886.0
1667399160000,0.1313,0.13156,0.13092,0.13106,4230589.0
1667399220000,0.13104,0.13111,0.1307,0.13071,3420353.0
1667399280000,0.13071,0.13091,0.13059,0.13074,3305945.0
1667399340000,0.13073,0.13086,0.13055,0.13078,1473623.0
1667399400000,0.13079,0.13086,0.13062,0.13073,1249824.0
1667399460000,0.13072,0.13082,0.1305,0.13063,1901836.0
1667399520000,0.13065,0.13067,0.13019,0.13027,7745692.0
1667399580000,0.13029,0.1307,0.13027,0.13063,2432005.0
1667399640000,0.13062,0.13071,0.13053,0.1307,1599685.0
1667399700000,0.1307,0.1307,0.1305,0.13062,1285880.0
1667399760000,0.13062,0.13081,0.13061,0.13071,1017388.0
1667399820000,0.13072,0.13124,0.13072,0.13115,4300765.0
1667399880000,0.13116,0.13158,0.13114,0.13142,7467398.0
1667399940000,0.13143,0.13145,0.13123,0.13138,1686857.0
1667400000000,0.13138,0.13157,0.13121,0.13126,2008557.0
1667400060000,0.13127,0.1315,0.13118,0.1315,1274110.0
1667400120000,0.13149,0.13161,0.13135,0.13156,2121169.0
1667400180000,0.13155,0.13201,0.13131,0.13199,6019468.0
1667400240000,0.13199,0.13229,0.13181,0.13181,4648654.0
1667400300000,0.13182,0.13234,0.13177,0.13216,3583069.0
1667400360000,0.13217,0.13248,0.13204,0.13237,5264403.0
1667400420000,0.13238,0.1326,0.13212,0.13226,5507978.0
1667400480000,0.13227,0.1323,0.13166,0.13179,5510271.0
1667400540000,0.1318,0.13181,0.13151,0.13159,3651530.0
1667400600000,0.13158,0.13168,0.13133,0.13145,2892665.0
1667400660000,0.13145,0.1316,0.13134,0.13148,1499604.0
1667400720000,0.13147,0.13167,0.13139,0.13157,2634053.0
1667400780000,0.13157,0.13159,0.13112,0.13124,2875455.0
1667400840000,0.13123,0.13138,0.1311,0.13116,1534914.0
1667400900000,0.13116,0.13144,0.13087,0.13136,2575030.0
1667400960000,0.13138,0.13159,0.13129,0.1315,1451174.0
1667401020000,0.13152,0.13163,0.1314,0.13159,1819181.0
1667401080000,0.13158,0.13177,0.13143,0.1317,1423950.0
1667401140000,0.13171,0.13175,0.13151,0.13153,2433930.0
1667401200000,0.13153,0.13161,0.13146,0.13147,1141328.0
1667401260000,0.13148,0.1315,0.13125,0.13125,1767126.0
1667401320000,0.13125,0.13131,0.13095,0.13111,3370973.0
1667401380000,0.13112,0.13113,0.13075,0.13077,1808244.0
1667401440000,0.13077,0.13091,0.13049,0.13072,2653439.0
1667401500000,0.13076,0.13114,0.13069,0.13113,2063104.0
1667401560000,0.13113,0.1312,0.13098,0.13106,760292.0
1667401620000,0.13107,0.13119,0.13098,0.13114,867062.0
1667401680000,0.13113,0.13113,0.13088,0.131,1289671.0
1667401740000,0.13099,0.131,0.13084,0.1309,817331.0
1667401800000,0.13092,0.13093,0.13077,0.13087,824990.0
1667401860000,0.13086,0.13091,0.13073,0.13088,608050.0
1667401920000,0.13089,0.13102,0.13077,0.13077,649312.0
1667401980000,0.13075,0.13076,0.1305,0.1306,1932960.0
1667402040000,0.13061,0.13071,0.13052,0.13052,1241968.0
1667402100000,0.13053,0.13063,0.13048,0.13053,1925400.0
1667402160000,0.13053,0.13067,0.13017,0.1303,3356115.0
1667402220000,0.13029,0.13038,0.13016,0.13019,2505201.0
1667402280000,0.13019,0.13104,0.12966,0.13099,5571790.0
1667402340000,0.13101,0.13142,0.13083,0.13137,2945002.0
1667402400000,0.13133,0.13142,0.13103,0.13142,2554166.0
1667402460000,0.13142,0.13142,0.13106,0.1311,1046573.0
1667402520000,0.13112,0.13119,0.13093,0.13104,1283999.0
1667402580000,0.13102,0.13115,0.13096,0.13097,935348.0
1667402640000,0.13097,0.13123,0.13097,0.13122,1177913.0
1667402700000,0.13122,0.13135,0.13097,0.13099,1131062.0
1667402760000,0.13098,0.13109,0.13092,0.13096,964964.0
1667402820000,0.13096,0.13104,0.13091,0.13101,797224.0
1667402880000,0.13102,0.13104,0.13084,0.13091,632024.0
1667402940000,0.13095,0.13097,0.1307,0.13097,559939.0
1667403000000,0.13096,0.13109,0.13083,0.13095,623920.0
1667403060000,0.13096,0.131,0.13073,0.13089,1694506.0
1667403120000,0.1309,0.13093,0.1305,0.13052,1583359.0
1667403180000,0.13052,0.13068,0.13038,0.13047,1978604.0
1667403240000,0.13048,0.13052,0.13027,0.13033,1943955.0
1667403300000,0.13032,0.13039,0.13016,0.13039,1228464.0
1667403360000,0.13039,0.13072,0.13039,0.13071,1048810.0
1667403420000,0.13069,0.13073,0.13055,0.13069,529921.0
1667403480000,0.13068,0.13075,0.13051,0.13072,1208861.0
1667403540000,0.13072,0.13072,0.13056,0.13057,1049254.0
1667403600000,0.13059,0.13066,0.13039,0.13066,979392.0
1667403660000,0.13066,0.13074,0.13058,0.13072,356699.0
1667403720000,0.13073,0.13094,0.13062,0.13091,627884.0
1667403780000,0.1309,0.13096,0.13076,0.1308,737903.0
1667403840000,0.13082,0.13087,0.1307,0.13077,596044.0
1667403900000,0.13076,0.1309,0.13075,0.13089,402232.0
1667403960000,0.1309,0.1309,0.13067,0.13068,1001920.0
1667404020000,0.13068,0.13069,0.13046,0.13065,885475.0
1667404080000,0.13066,0.13074,0.13037,0.13063,865587.0
1667404140000,0.13062,0.13062,0.1304,0.13048,524608.0
1667404200000,0.13046,0.1306,0.13,0.13013,3642229.0
1667404260000,0.13013,0.13043,0.12994,0.13015,2509069.0
1667404320000,0.13015,0.13038,0.12995,0.13029,2576806.0
1667404380000,0.13028,0.13028,0.13002,0.13017,1034193.0
1667404440000,0.13015,0.13026,0.13012,0.13023,830636.0
1667404500000,0.13023,0.13066,0.13022,0.13054,2853065.0
1667404560000,0.13053,0.13068,0.13034,0.13042,1317719.0
1667404620000,0.13042,0.13063,0.13028,0.13032,2885366.0
1667404680000,0.13031,0.13031,0.1301,0.13022,1496732.0
1667404740000,0.13023,0.1303,0.12976,0.12998,1977097.0
1667404800000,0.12998,0.13045,0.12852,0.12949,17624582.0
1667404860000,0.12949,0.1299,0.12893,0.12918,6375088.0
1667404920000,0.12918,0.13011,0.12913,0.1301,4689227.0
1667404980000,0.13011,0.13063,0.1301,0.13029,3201331.0
1667405040000,0.13031,0.1308,0.13022,0.13071,1851896.0
1667405100000,0.13071,0.13125,0.1305,0.131,5265162.0
1667405160000,0.13102,0.1312,0.13083,0.13084,3332603.0
1667405220000,0.13083,0.13099,0.13077,0.13081,3856276.0
1667405280000,0.13083,0.13084,0.13054,0.13077,2082049.0
1667405340000,0.13077,0.13098,0.13075,0.13086,1121580.0
1667405400000,0.13086,0.1313,0.13083,0.13083,3080241.0
1667405460000,0.13083,0.13092,0.13073,0.13089,729887.0
1667405520000,0.1309,0.13098,0.13077,0.13079,610415.0
1667405580000,0.13078,0.13092,0.13062,0.13068,819314.0
1667405640000,0.13068,0.13077,0.13061,0.13062,1239828.0
1667405700000,0.13062,0.13077,0.13021,0.13038,2622870.0
1667405760000,0.1304,0.13047,0.1301,0.13025,1798705.0
1667405820000,0.13026,0.1303,0.12983,0.12985,1708732.0
1667405880000,0.12987,0.13004,0.12973,0.13003,1602409.0
1667405940000,0.13003,0.13022,0.13,0.13,2057362.0
1667406000000,0.13002,0.1302,0.13,0.13,446802.0
1667406060000,0.13001,0.13003,0.12964,0.12987,1531301.0
1667406120000,0.12989,0.1299,0.1292,0.12931,2494290.0
1667406180000,0.12933,0.12967,0.129,0.12912,3437988.0
1667406240000,0.12912,0.12926,0.1287,0.12876,4027161.0
1667406300000,0.12876,0.12909,0.12868,0.12891,3579427.0
1667406360000,0.12892,0.12898,0.12873,0.12893,2096149.0
1667406420000,0.12895,0.1295,0.1288,0.12938,3148975.0
1667406480000,0.12938,0.12945,0.12912,0.12918,1087433.0
1667406540000,0.1292,0.1292,0.1288,0.12882,1984434.0
1667406600000,0.12881,0.12964,0.12879,0.12933,3892738.0
1667406660000,0.12933,0.12956,0.12928,0.12946,600459.0
1667406720000,0.12946,0.12968,0.1294,0.12965,1646901.0
1667406780000,0.12965,0.12974,0.12934,0.12943,766107.0
1667406840000,0.12944,0.12956,0.12925,0.12929,699457.0
1667406900000,0.12927,0.12956,0.12921,0.12943,861886.0
1667406960000,0.12941,0.12964,0.12924,0.12962,911941.0
1667407020000,0.12962,0.1297,0.12927,0.12946,1810285.0
1667407080000,0.12945,0.12966,0.12939,0.12951,837901.0
1667407140000,0.12949,0.12979,0.12926,0.12976,920597.0
1667407200000,0.12974,0.13032,0.12968,0.13026,2394264.0
1667407260000,0.13027,0.13084,0.13017,0.13079,6963215.0
1667407320000,0.13078,0.13105,0.13063,0.13079,2481591.0
1667407380000,0.1308,0.13109,0.13072,0.13098,1430642.0
1667407440000,0.13099,0.13134,0.1308,0.13085,2970208.0
1667407500000,0.13086,0.1312,0.13082,0.13102,2879055.0
1667407560000,0.13101,0.13116,0.13056,0.13059,1456282.0
1667407620000,0.13061,0.13069,0.13049,0.13053,1223034.0
1667407680000,0.13053,0.13127,0.1305,0.13127,2232635.0
1667407740000,0.13127,0.13147,0.13116,0.1313,2107909.0
1667407800000,0.13128,0.13255,0.1312,0.13228,20051923.0
1667407860000,0.13227,0.13235,0.13177,0.13204,4518423.0
1667407920000,0.13204,0.1323,0.13189,0.13222,3525345.0
1667407980000,0.13223,0.13227,0.13203,0.1321,3003772.0
1667408040000,0.13209,0.13215,0.1319,0.13202,1959960.0
1667408100000,0.13203,0.13216,0.1318,0.13209,2496723.0
1667408160000,0.13208,0.1321,0.13174,0.13179,1762385.0
1667408220000,0.13179,0.13324,0.13179,0.13296,8776830.0
1667408280000,0.13299,0.13392,0.13248,0.13358,14165299.0
1667408340000,0.13357,0.13361,0.13304,0.13306,4780932.0
1667408400000,0.13309,0.13313,0.13253,0.13256,4260341.0
1667408460000,0.13256,0.13269,0.13152,0.13157,6414521.0
1667408520000,0.13156,0.13222,0.13153,0.13203,5345862.0
1667408580000,0.13203,0.13206,0.13176,0.1319,1579485.0
1667408640000,0.1319,0.13203,0.13167,0.13186,2095652.0
1667408700000,0.13185,0.13245,0.13164,0.1322,3958163.0
1667408760000,0.13217,0.1322,0.13168,0.13176,2321057.0
1667408820000,0.13175,0.13247,0.1317,0.13243,2013912.0
1667408880000,0.13243,0.13265,0.13214,0.13244,2962864.0
1667408940000,0.13244,0.1326,0.13221,0.13254,2542963.0
1667409000000,0.13254,0.13266,0.13227,0.13232,1553772.0
1667409060000,0.13233,0.1324,0.13205,0.13231,2188685.0
1667409120000,0.13231,0.1324,0.1319,0.13238,1844664.0
1667409180000,0.13237,0.13237,0.13202,0.13217,1088393.0
1667409240000,0.13216,0.13238,0.13209,0.13226,776977.0
1667409300000,0.13225,0.13236,0.13195,0.13213,1426016.0
1667409360000,0.13211,0.13212,0.13182,0.13196,1886850.0
1667409420000,0.13197,0.13197,0.1318,0.13182,976474.0
1667409480000,0.13183,0.13187,0.1316,0.13163,1124376.0
1667409540000,0.13165,0.13186,0.1316,0.13172,2203625.0
1667409600000,0.13171,0.13219,0.1317,0.13201,1783963.0
1667409660000,0.13201,0.13221,0.13196,0.13217,1456702.0
1667409720000,0.13217,0.13224,0.13172,0.13208,4212095.0
1667409780000,0.13208,0.13245,0.13195,0.13214,3423800.0
1667409840000,0.13214,0.13234,0.132,0.13224,1370002.0
1667409900000,0.13224,0.13261,0.13217,0.13252,1289671.0
1667409960000,0.13251,0.13363,0.1323,0.13347,8427849.0
1667410020000,0.13348,0.13375,0.13311,0.13333,4456577.0
1667410080000,0.13333,0.13341,0.13318,0.13335,2440706.0
1667410140000,0.13336,0.1334,0.13307,0.13319,2116681.0
1667410200000,0.13319,0.13319,0.13264,0.13265,3655452.0
1667410260000,0.13267,0.13303,0.13217,0.13234,4215380.0
1667410320000,0.13235,0.13243,0.13202,0.13214,2415686.0
1667410380000,0.13214,0.13242,0.13213,0.13226,1045728.0
1667410440000,0.13225,0.13242,0.13219,0.13237,1523098.0
1667410500000,0.13241,0.13264,0.13231,0.13244,751276.0
1667410560000,0.13245,0.13254,0.13216,0.13232,1189728.0
1667410620000,0.13233,0.13272,0.13227,0.1325,1757520.0
1667410680000,0.13251,0.13268,0.13242,0.13244,943311.0
1667410740000,0.13245,0.13286,0.13242,0.13284,3059826.0
1667410800000,0.13284,0.13286,0.13245,0.13267,2556687.0
1667410860000,0.13268,0.133,0.13256,0.13274,2062561.0
1667410920000,0.13274,0.13291,0.13255,0.13263,1807370.0
1667410980000,0.13264,0.13267,0.13216,0.13228,2435287.0
1667411040000,0.13229,0.13279,0.13222,0.13245,2824165.0
1667411100000,0.13245,0.13256,0.13217,0.13228,1243281.0
1667411160000,0.13228,0.13238,0.13214,0.13226,1443775.0
1667411220000,0.13226,0.13245,0.13202,0.13215,1951853.0
1667411280000,0.13214,0.13218,0.13128,0.13132,5984670.0
1667411340000,0.13134,0.13183,0.13134,0.13181,4664751.0
1667411400000,0.13181,0.13208,0.13171,0.13201,2257831.0
1667411460000,0.13204,0.13229,0.13198,0.13222,2009705.0
1667411520000,0.13219,0.1324,0.13196,0.13209,1601067.0
1667411580000,0.13209,0.13213,0.13153,0.13172,2370308.0
1667411640000,0.13172,0.13182,0.13001,0.13079,8252334.0
1667411700000,0.13077,0.13092,0.12978,0.13004,7796985.0
1667411760000,0.13003,0.13044,0.12911,0.12962,8985913.0
1667411820000,0.12958,0.13065,0.12918,0.13054,5407337.0
1667411880000,0.13053,0.13122,0.13042,0.13107,3455222.0
1667411940000,0.13107,0.13217,0.13072,0.13136,7278453.0
1667412000000,0.1313,0.13473,0.12947,0.13382,38173772.0
1667412060000,0.13382,0.136,0.13362,0.13563,38000404.0
1667412120000,0.13558,0.137,0.134,0.13535,36070353.0
1667412180000,0.13549,0.13661,0.13464,0.13635,20664785.0
1667412240000,0.13635,0.1375,0.13547,0.13694,21373272.0
1667412300000,0.13693,0.13713,0.13551,0.13622,17449676.0
1667412360000,0.13629,0.138,0.13593,0.13753,18478565.0
1667412420000,0.13767,0.1386,0.13755,0.13806,18392965.0
1667412480000,0.13805,0.13888,0.13779,0.13811,17186414.0
1667412540000,0.1381,0.13837,0.1363,0.13646,19286876.0
1667412600000,0.13636,0.13675,0.135,0.13562,19346200.0
1667412660000,0.13563,0.136,0.13502,0.13575,10830536.0
1667412720000,0.13575,0.13734,0.13563,0.13714,8852078.0
1667412780000,0.13715,0.13736,0.13664,0.13684,10420182.0
1667412840000,0.13685,0.13702,0.13609,0.1365,6185639.0
1667412900000,0.1365,0.13746,0.13611,0.13741,12089685.0
1667412960000,0.13743,0.1385,0.13735,0.13801,21432629.0
1667413020000,0.13804,0.13831,0.13669,0.13688,11794175.0
1667413080000,0.13692,0.13722,0.13603,0.13683,13664284.0
1667413140000,0.13684,0.1374,0.1367,0.13724,5495625.0
1667413200000,0.13723,0.13783,0.13711,0.13733,7199181.0
1667413260000,0.13734,0.13769,0.137,0.13706,4281808.0
1667413320000,0.13707,0.13759,0.13703,0.13749,4649957.0
1667413380000,0.13745,0.13769,0.13701,0.13711,5258422.0
1667413440000,0.13712,0.13741,0.13663,0.13665,5742058.0
1667413500000,0.13665,0.13731,0.13661,0.13715,3737511.0
1667413560000,0.13717,0.13756,0.13697,0.13731,5347834.0
1667413620000,0.13736,0.13754,0.13695,0.13739,4889029.0
1667413680000,0.13739,0.13786,0.13698,0.1372,6359189.0
1667413740000,0.13719,0.13764,0.13707,0.13709,4716224.0
1667413800000,0.1371,0.1385,0.13706,0.13803,12535230.0
1667413860000,0.138,0.13841,0.13618,0.1365,12586246.0
1667413920000,0.13649,0.13728,0.13533,0.13712,17948408.0
1667413980000,0.13713,0.13746,0.13663,0.13683,7006518.0
1667414040000,0.13682,0.13717,0.13632,0.13664,7589970.0
1667414100000,0.13662,0.13723,0.13602,0.13722,7270179.0
1667414160000,0.13723,0.13728,0.13451,0.13498,17216065.0
1667414220000,0.13499,0.13587,0.13233,0.13253,29665352.0
1667414280000,0.13253,0.13343,0.13146,0.13277,31300462.0
1667414340000,0.13278,0.13374,0.13253,0.13365,16995767.0
1667414400000,0.13365,0.13459,0.13334,0.13366,19447411.0
1667414460000,0.13368,0.13414,0.13302,0.13401,11327052.0
1667414520000,0.13402,0.13577,0.13402,0.13548,15619397.0
1667414580000,0.13548,0.13581,0.13472,0.13518,11100686.0
1667414640000,0.13522,0.13522,0.1345,0.13492,6573095.0
1667414700000,0.13495,0.13528,0.13479,0.13524,5158093.0
1667414760000,0.13517,0.13562,0.1343,0.13491,8721614.0
1667414820000,0.13492,0.13518,0.13438,0.13454,7334173.0
1667414880000,0.13454,0.13515,0.13439,0.13445,4709969.0
1667414940000,0.13449,0.13496,0.13426,0.13435,7557515.0
1667415000000,0.13435,0.13448,0.133,0.13316,8288170.0
1667415060000,0.13316,0.13336,0.13179,0.13231,15385431.0
1667415120000,0.13233,0.13243,0.1307,0.13155,22488434.0
1667415180000,0.13155,0.13161,0.12977,0.13015,18498686.0
1667415240000,0.13008,0.13127,0.1298,0.13126,13709263.0
1667415300000,0.13127,0.13164,0.13058,0.13071,9655080.0
1667415360000,0.13071,0.13074,0.12908,0.13063,13824875.0
1667415420000,0.13064,0.13065,0.12938,0.13016,11775000.0
1667415480000,0.13012,0.13059,0.12957,0.13055,11790659.0
1667415540000,0.13055,0.13067,0.13017,0.13027,18101085.0
1667415600000,0.13025,0.13074,0.12968,0.13064,16585007.0
1667415660000,0.13064,0.13143,0.13052,0.13093,9864874.0
1667415720000,0.13092,0.13151,0.13068,0.13133,6417799.0
1667415780000,0.13135,0.13187,0.131,0.13187,4951359.0
1667415840000,0.13187,0.13248,0.13161,0.13238,9453066.0
1667415900000,0.13237,0.13636,0.13195,0.13396,49804106.0
1667415960000,0.1339,0.13429,0.13353,0.1339,11035836.0
1667416020000,0.1339,0.13438,0.13326,0.13397,7652811.0
1667416080000,0.13397,0.13479,0.13379,0.13472,7371680.0
1667416140000,0.13473,0.13476,0.13413,0.13453,9076083.0
1667416200000,0.13454,0.13478,0.13339,0.13372,8091088.0
1667416260000,0.13373,0.13406,0.13332,0.13361,4251550.0
1667416320000,0.13364,0.13417,0.13335,0.13384,3473998.0
1667416380000,0.13381,0.13393,0.1333,0.13347,3882584.0
1667416440000,0.13347,0.13356,0.133,0.13303,3717984.0
1667416500000,0.13303,0.13346,0.13245,0.13245,3439686.0
1667416560000,0.13246,0.13354,0.13245,0.13276,5935621.0
1667416620000,0.13277,0.1334,0.13256,0.13312,3990994.0
1667416680000,0.13311,0.13311,0.13239,0.13279,4918588.0
1667416740000,0.13277,0.13277,0.1318,0.1318,5155189.0
1667416800000,0.1318,0.13214,0.13137,0.13138,6216693.0
1667416860000,0.13139,0.13215,0.13119,0.13205,4145909.0
1667416920000,0.13202,0.13218,0.13178,0.13197,3298553.0
1667416980000,0.13197,0.13197,0.13124,0.13138,2871449.0
1667417040000,0.13133,0.13159,0.13039,0.13152,9946547.0
1667417100000,0.13152,0.13159,0.13028,0.1303,8507690.0
1667417160000,0.13033,0.13044,0.12895,0.12984,17235626.0
1667417220000,0.12991,0.13138,0.12975,0.13006,8140148.0
1667417280000,0.13006,0.1314,0.12947,0.1313,12763038.0
1667417340000,0.13127,0.1317,0.13091,0.13092,6902209.0
1667417400000,0.13091,0.13117,0.13032,0.13088,6322943.0
1667417460000,0.13086,0.131,0.1302,0.13091,5146194.0
1667417520000,0.13092,0.13116,0.13028,0.13041,3241832.0
1667417580000,0.13041,0.13098,0.13025,0.13096,4895525.0
1667417640000,0.13094,0.13146,0.13081,0.13126,3895349.0
1667417700000,0.13129,0.13139,0.13071,0.13112,3744701.0
1667417760000,0.13112,0.13174,0.13089,0.13161,4410404.0
1667417820000,0.13159,0.13225,0.13158,0.13222,5936196.0
1667417880000,0.13223,0.13227,0.13192,0.13201,5902964.0
1667417940000,0.13202,0.13215,0.1315,0.13156,5529627.0
1667418000000,0.13157,0.13162,0.13089,0.13091,4822245.0
1667418060000,0.1309,0.13152,0.1309,0.13117,4303552.0
1667418120000,0.13117,0.1316,0.13108,0.13143,2755045.0
1667418180000,0.13143,0.13185,0.13132,0.13177,2571928.0
1667418240000,0.13179,0.132,0.13155,0.13162,2455284.0
1667418300000,0.13162,0.13176,0.13129,0.1317,5139849.0
1667418360000,0.13169,0.13177,0.13115,0.13125,2099257.0
1667418420000,0.13124,0.13175,0.13118,0.13138,3334751.0
1667418480000,0.13139,0.13203,0.13139,0.13175,2543145.0
1667418540000,0.13176,0.13198,0.13161,0.13171,2270135.0
1667418600000,0.13172,0.13189,0.13131,0.13163,4250123.0
1667418660000,0.13162,0.13162,0.13113,0.13125,4597483.0
1667418720000,0.13125,0.1314,0.13071,0.13072,6217279.0
1667418780000,0.13077,0.13106,0.13073,0.1308,2105829.0
1667418840000,0.13077,0.13125,0.13075,0.13108,2985847.0
1667418900000,0.13108,0.13149,0.13091,0.13133,1839350.0
1667418960000,0.13133,0.13149,0.13116,0.13116,1770888.0
1667419020000,0.13114,0.13125,0.13108,0.13121,1072983.0
1667419080000,0.13121,0.13149,0.13121,0.13127,1388417.0
1667419140000,0.13128,0.13161,0.13107,0.13107,5377247.0
1667419200000,0.13106,0.13121,0.13022,0.13049,5931592.0
1667419260000,0.13049,0.13178,0.13049,0.13153,3619050.0
1667419320000,0.13157,0.13168,0.13123,0.13144,1662220.0
1667419380000,0.13144,0.13183,0.13141,0.13178,3330384.0
1667419440000,0.13177,0.13181,0.13131,0.13161,2258720.0
1667419500000,0.13161,0.13167,0.13144,0.13164,1690110.0
1667419560000,0.13166,0.13194,0.1316,0.13185,2058811.0
1667419620000,0.13181,0.13214,0.13178,0.13193,2375783.0
1667419680000,0.13192,0.13192,0.13125,0.13142,1953605.0
1667419740000,0.13142,0.13155,0.13106,0.13117,2550904.0
1667419800000,0.13115,0.13124,0.13057,0.13073,3888666.0
1667419860000,0.13074,0.13127,0.1307,0.13101,1802986.0
1667419920000,0.131,0.13111,0.13038,0.13047,2333321.0
1667419980000,0.13048,0.13068,0.12995,0.13041,6434853.0
1667420040000,0.1304,0.13059,0.12911,0.12922,4800047.0
1667420100000,0.12921,0.12969,0.12744,0.12881,28749398.0
1667420160000,0.1288,0.12928,0.12861,0.12904,5552604.0
1667420220000,0.12905,0.12943,0.1285,0.12852,4353071.0
1667420280000,0.12852,0.1287,0.12626,0.12716,19814193.0
1667420340000,0.12716,0.12778,0.12692,0.12762,8711301.0
1667420400000,0.12769,0.12845,0.12734,0.12791,6629974.0
1667420460000,0.12791,0.12801,0.12543,0.12601,30533342.0
1667420520000,0.12602,0.1263,0.122,0.12335,64986549.0
1667420580000,0.12335,0.124,0.123,0.12365,22349296.0
1667420640000,0.12377,0.12414,0.12258,0.12302,17181341.0
1667420700000,0.12305,0.1243,0.12288,0.12406,11002379.0
1667420760000,0.12406,0.12468,0.12392,0.12436,9148588.0
1667420820000,0.12436,0.12551,0.12392,0.12506,12652043.0
1667420880000,0.12506,0.12515,0.12468,0.12491,4396703.0
1667420940000,0.12489,0.12489,0.12356,0.12404,11228079.0
1667421000000,0.12402,0.12459,0.12365,0.12415,6866254.0
1667421060000,0.12414,0.12415,0.12297,0.12337,7393785.0
1667421120000,0.12341,0.12406,0.1225,0.12406,7430990.0
1667421180000,0.12405,0.1248,0.12395,0.12476,6314139.0
1667421240000,0.12476,0.12498,0.12434,0.12446,6479300.0
1667421300000,0.12447,0.12449,0.1237,0.124,5017261.0
1667421360000,0.12398,0.12442,0.123,0.12429,10990263.0
1667421420000,0.12429,0.12523,0.12417,0.12479,10993112.0
1667421480000,0.1248,0.12515,0.12463,0.1249,4936237.0
1667421540000,0.12489,0.12509,0.12393,0.12421,6190638.0
1667421600000,0.12422,0.12456,0.12392,0.12441,3974671.0
1667421660000,0.12441,0.12459,0.1239,0.12431,6048259.0
1667421720000,0.12435,0.12454,0.12426,0.12443,1715405.0
1667421780000,0.12443,0.12448,0.12399,0.12417,6134017.0
1667421840000,0.12417,0.1245,0.12404,0.12427,3449961.0
1667421900000,0.12429,0.12437,0.12385,0.12437,4809949.0
1667421960000,0.12438,0.12449,0.12326,0.12363,9363760.0
1667422020000,0.12359,0.1244,0.12359,0.12417,5564959.0
1667422080000,0.12417,0.12453,0.12405,0.12421,4793148.0
1667422140000,0.12421,0.12465,0.12421,0.12433,3084577.0
1667422200000,0.12435,0.12458,0.12412,0.1243,3718511.0
1667422260000,0.1243,0.12442,0.12385,0.12428,2875023.0
1667422320000,0.12425,0.1247,0.12412,0.12448,3778952.0
1667422380000,0.12449,0.1253,0.12449,0.1253,3944835.0
1667422440000,0.12525,0.1262,0.12515,0.12604,13965680.0
1667422500000,0.12603,0.12603,0.12551,0.12567,5558556.0
1667422560000,0.12567,0.12591,0.12537,0.12557,2586430.0
1667422620000,0.12557,0.12592,0.12555,0.12587,1161168.0
1667422680000,0.12586,0.12603,0.12566,0.12596,2913903.0
1667422740000,0.12596,0.12627,0.12579,0.12601,4589463.0
1667422800000,0.12602,0.12602,0.12539,0.12549,4805116.0
1667422860000,0.12549,0.12587,0.12536,0.12585,3670561.0
1667422920000,0.12584,0.12674,0.12584,0.12634,5124546.0
1667422980000,0.12634,0.12686,0.12634,0.12659,2611598.0
1667423040000,0.12659,0.12666,0.12638,0.12643,2418087.0
1667423100000,0.12643,0.1266,0.12599,0.1262,2834911.0
1667423160000,0.12621,0.12632,0.12587,0.1261,2105774.0
1667423220000,0.12612,0.12659,0.12612,0.12659,1701756.0
1667423280000,0.12659,0.127,0.12625,0.12627,4458998.0
1667423340000,0.12626,0.12635,0.12596,0.12621,2854935.0
1667423400000,0.12621,0.12638,0.12604,0.1263,1619199.0
1667423460000,0.12627,0.12654,0.12607,0.12612,1935926.0
1667423520000,0.12611,0.12619,0.12596,0.12605,1808052.0
1667423580000,0.12606,0.12634,0.12601,0.12608,2494155.0
1667423640000,0.12609,0.12629,0.12601,0.12612,965316.0
1667423700000,0.12612,0.12629,0.12599,0.12603,1380510.0
1667423760000,0.12604,0.12629,0.12569,0.12624,2883146.0
1667423820000,0.12623,0.12633,0.12611,0.12629,1977241.0
1667423880000,0.1263,0.12631,0.12583,0.12612,1159118.0
1667423940000,0.12614,0.12625,0.12605,0.12609,1175727.0
1667424000000,0.12611,0.12614,0.12577,0.12602,2637180.0
1667424060000,0.12604,0.12604,0.12555,0.1257,1630262.0
1667424120000,0.12571,0.12604,0.12537,0.12589,8299300.0
1667424180000,0.12592,0.12628,0.1258,0.12618,3739026.0
1667424240000,0.12619,0.12633,0.12618,0.12624,1066863.0
1667424300000,0.12623,0.12624,0.12552,0.1256,3369531.0
1667424360000,0.12566,0.12581,0.12534,0.12549,1701531.0
1667424420000,0.12551,0.12587,0.12548,0.12561,1221221.0
1667424480000,0.12564,0.12599,0.12564,0.12597,1652944.0
1667424540000,0.12598,0.12606,0.12576,0.12591,565590.0
1667424600000,0.12593,0.12621,0.12589,0.12621,1216029.0
1667424660000,0.12621,0.12697,0.12621,0.12693,3231918.0
1667424720000,0.12694,0.12741,0.12674,0.12732,3948915.0
1667424780000,0.12732,0.1275,0.12695,0.12715,2554485.0
1667424840000,0.12714,0.1272,0.12695,0.127,1313444.0
1667424900000,0.12701,0.12706,0.12674,0.12696,1574486.0
1667424960000,0.12696,0.12714,0.1268,0.12711,945758.0
1667425020000,0.12711,0.12716,0.12692,0.12693,714109.0
1667425080000,0.12695,0.12784,0.12695,0.12742,6626396.0
1667425140000,0.12742,0.12746,0.12715,0.12729,2574236.0
1667425200000,0.1273,0.1274,0.12712,0.12722,1766445.0
1667425260000,0.12722,0.1273,0.12717,0.12719,2546567.0
1667425320000,0.12721,0.12757,0.12717,0.12731,2139704.0
1667425380000,0.12733,0.12751,0.12729,0.12748,617899.0
1667425440000,0.12748,0.12756,0.12724,0.12735,1958617.0
1667425500000,0.12735,0.12735,0.127,0.127,3351052.0
1667425560000,0.127,0.1271,0.12599,0.12678,15923906.0
1667425620000,0.12677,0.12703,0.12677,0.127,2158238.0
1667425680000,0.127,0.12714,0.12699,0.12705,1070237.0
1667425740000,0.12704,0.12713,0.127,0.12711,900128.0
1667425800000,0.12711,0.12785,0.12711,0.12774,4071009.0
1667425860000,0.1277,0.12792,0.12727,0.12727,1232579.0
1667425920000,0.12728,0.12735,0.12719,0.12731,291602.0
1667425980000,0.1273,0.12742,0.12713,0.12729,971204.0
1667426040000,0.12734,0.1285,0.12727,0.12824,6047825.0
1667426100000,0.12825,0.12833,0.12821,0.12828,1279281.0
1667426160000,0.12827,0.12874,0.12803,0.12803,3845643.0
1667426220000,0.12805,0.12857,0.12805,0.12825,6250369.0
1667426280000,0.12825,0.12851,0.12815,0.12851,1309484.0
1667426340000,0.12851,0.12855,0.12828,0.1285,1317787.0
1667426400000,0.12849,0.12863,0.12811,0.12862,1895500.0
1667426460000,0.12863,0.12933,0.12855,0.12896,4617753.0
1667426520000,0.12898,0.12907,0.12866,0.12882,4537379.0
1667426580000,0.12881,0.12886,0.12843,0.12856,3265908.0
1667426640000,0.12859,0.1286,0.12819,0.12825,1799797.0
1667426700000,0.12829,0.12843,0.12807,0.12807,2522012.0
1667426760000,0.12811,0.12856,0.12792,0.12841,3834653.0
1667426820000,0.12841,0.12854,0.12821,0.12847,1093499.0
1667426880000,0.12847,0.1285,0.12777,0.12806,3976246.0
1667426940000,0.12806,0.12817,0.12794,0.12797,1033306.0
1667427000000,0.12799,0.12814,0.12767,0.12768,2362196.0
1667427060000,0.12767,0.12797,0.1276,0.12765,1826893.0
1667427120000,0.12765,0.12784,0.12764,0.12774,1371051.0
1667427180000,0.12773,0.12838,0.1277,0.12832,2656788.0
1667427240000,0.12831,0.12831,0.12801,0.12817,1465678.0
1667427300000,0.12815,0.12819,0.12789,0.12793,1141924.0
1667427360000,0.12792,0.12797,0.12759,0.12772,1594335.0
1667427420000,0.12776,0.12782,0.12761,0.12772,639932.0
1667427480000,0.12773,0.12825,0.12768,0.12823,1080798.0
1667427540000,0.12823,0.12846,0.12803,0.12844,762146.0
1667427600000,0.12842,0.12866,0.12823,0.1286,2420014.0
1667427660000,0.12857,0.12872,0.12843,0.1285,1486977.0
1667427720000,0.1285,0.12878,0.12844,0.12866,1630659.0
1667427780000,0.12867,0.12867,0.12841,0.12856,1551457.0
1667427840000,0.12854,0.12856,0.12842,0.12842,581339.0
1667427900000,0.12843,0.1286,0.12819,0.12825,839905.0
1667427960000,0.12828,0.12847,0.12805,0.12847,1428001.0
1667428020000,0.12847,0.12847,0.12816,0.12839,1295958.0
1667428080000,0.12835,0.12853,0.12824,0.12843,724977.0
1667428140000,0.12843,0.12857,0.12843,0.12846,813234.0
1667428200000,0.12846,0.12859,0.12826,0.12831,1229800.0
1667428260000,0.12831,0.12842,0.128,0.12838,1397100.0
1667428320000,0.12839,0.12845,0.12826,0.12842,827599.0
1667428380000,0.12841,0.12863,0.12841,0.12862,1432783.0
1667428440000,0.1286,0.12889,0.12855,0.12888,1494921.0
1667428500000,0.12888,0.12897,0.12858,0.12878,1261711.0
1667428560000,0.12877,0.12887,0.12872,0.12882,668553.0
1667428620000,0.12881,0.12889,0.12833,0.12835,2777210.0
1667428680000,0.12835,0.12835,0.12794,0.12814,3747316.0
1667428740000,0.12815,0.12816,0.12781,0.12803,1672637.0
1667428800000,0.12806,0.1282,0.12795,0.128,729166.0
1667428860000,0.128,0.12805,0.12772,0.12797,1742901.0
1667428920000,0.12796,0.12818,0.12781,0.12786,1344566.0
1667428980000,0.12788,0.12798,0.1275,0.12767,2124752.0
1667429040000,0.12768,0.12785,0.12742,0.1278,2286384.0
1667429100000,0.1278,0.12781,0.1257,0.12662,22540908.0
1667429160000,0.1266,0.1271,0.12623,0.12703,6100623.0
1667429220000,0.12703,0.1271,0.12647,0.12648,2310908.0
1667429280000,0.12653,0.12676,0.12632,0.12648,3079359.0
1667429340000,0.12648,0.12667,0.126,0.1262,6915679.0
1667429400000,0.12616,0.12674,0.12611,0.12658,2091347.0
1667429460000,0.12656,0.12656,0.1255,0.1256,11516307.0
1667429520000,0.12559,0.12589,0.1252,0.12553,8297306.0
1667429580000,0.1255,0.1257,0.12535,0.1254,3349455.0
1667429640000,0.1254,0.12563,0.12528,0.1256,3918971.0
1667429700000,0.1256,0.1264,0.12556,0.12615,5039664.0
1667429760000,0.12614,0.12654,0.12614,0.12626,2326437.0
1667429820000,0.12625,0.12649,0.12618,0.12629,1022974.0
1667429880000,0.12631,0.12665,0.1263,0.12639,1245382.0
1667429940000,0.12637,0.12668,0.12637,0.12658,1279602.0
1667430000000,0.12656,0.12669,0.12626,0.12669,1996603.0
1667430060000,0.12669,0.127,0.12662,0.12663,2232986.0
1667430120000,0.12664,0.12664,0.12633,0.12639,2908462.0
1667430180000,0.12638,0.12683,0.12634,0.12651,1733037.0
1667430240000,0.12652,0.12687,0.12652,0.1267,1728886.0
1667430300000,0.12669,0.12699,0.12656,0.12696,1699038.0
1667430360000,0.12694,0.12705,0.12673,0.12687,1665247.0
1667430420000,0.12687,0.12714,0.12687,0.12702,1668753.0
1667430480000,0.12703,0.12745,0.12697,0.12738,1990611.0
1667430540000,0.12736,0.12749,0.12729,0.12741,1788392.0
1667430600000,0.12742,0.1275,0.12728,0.12736,1375409.0
1667430660000,0.12737,0.12749,0.12726,0.12747,1254468.0
1667430720000,0.12744,0.12813,0.1274,0.12788,4703159.0
1667430780000,0.12787,0.12793,0.12774,0.12783,910728.0
1667430840000,0.1278,0.12788,0.12767,0.12788,727989.0
1667430900000,0.12789,0.12789,0.12729,0.1273,1276578.0
1667430960000,0.1273,0.12756,0.12721,0.12754,1223321.0
1667431020000,0.12753,0.1278,0.1274,0.12765,1304421.0
1667431080000,0.12765,0.12802,0.12765,0.12773,1732410.0
1667431140000,0.12773,0.1281,0.12772,0.12808,1157800.0
1667431200000,0.12808,0.12837,0.12793,0.12821,1770624.0
1667431260000,0.12821,0.12845,0.12809,0.12826,1535216.0
1667431320000,0.12825,0.12838,0.12811,0.12827,3505702.0
1667431380000,0.12827,0.1285,0.12827,0.12842,1110763.0
1667431440000,0.12842,0.12842,0.12796,0.12802,1363673.0
1667431500000,0.12803,0.12803,0.12769,0.12779,2343855.0
1667431560000,0.12781,0.12807,0.12767,0.12778,1475700.0
1667431620000,0.12778,0.12816,0.12772,0.12808,2133292.0
1667431680000,0.12807,0.12815,0.12778,0.12785,1757420.0
1667431740000,0.12784,0.12813,0.12771,0.12808,3025508.0
1667431800000,0.12807,0.12816,0.12795,0.12808,1037114.0
1667431860000,0.12809,0.12829,0.12808,0.12828,1168363.0
1667431920000,0.12829,0.12843,0.12801,0.12842,1267475.0
1667431980000,0.12844,0.12855,0.12836,0.12845,2673364.0
1667432040000,0.12846,0.12848,0.12817,0.12817,1835288.0
1667432100000,0.12816,0.12819,0.12795,0.12795,2512768.0
1667432160000,0.12795,0.128,0.1277,0.1279,4638803.0
1667432220000,0.12789,0.128,0.12765,0.12768,1962950.0
1667432280000,0.12767,0.12793,0.12751,0.12751,1911938.0
1667432340000,0.1275,0.12776,0.12748,0.12774,1297243.0
1667432400000,0.12774,0.12777,0.12751,0.12752,1023419.0
1667432460000,0.12752,0.1277,0.12741,0.12751,1541732.0
1667432520000,0.12751,0.12779,0.12743,0.12771,1823943.0
1667432580000,0.12772,0.12772,0.12733,0.12755,2303517.0
1667432640000,0.12757,0.12822,0.12754,0.12804,6383028.0
1667432700000,0.12804,0.12819,0.1278,0.12801,5910840.0
1667432760000,0.12801,0.1282,0.1279,0.12799,1385277.0
1667432820000,0.128,0.12823,0.12782,0.1282,1914989.0
1667432880000,0.1282,0.12827,0.12797,0.1282,2532821.0
1667432940000,0.1282,0.12821,0.128,0.12809,1139344.0
1667433000000,0.1281,0.12819,0.12796,0.12802,1195257.0
1667433060000,0.128,0.12816,0.12795,0.12809,1271112.0
1667433120000,0.1281,0.12812,0.12795,0.12803,1564862.0
1667433180000,0.12803,0.12804,0.12795,0.12797,421677.0
1667433240000,0.12796,0.128,0.12795,0.12797,358748.0
1667433300000,0.12799,0.12819,0.12761,0.12762,5618592.0
1667433360000,0.12763,0.12777,0.12752,0.12758,1894585.0
1667433420000,0.12758,0.1279,0.12755,0.1279,1417518.0
1667433480000,0.1279,0.12799,0.12759,0.1276,2618474.0
1667433540000,0.12759,0.12782,0.12759,0.12765,511782.0
1667433600000,0.12766,0.12777,0.12744,0.12762,2998782.0
1667433660000,0.12761,0.12786,0.12761,0.12761,2326021.0
1667433720000,0.12761,0.12761,0.12684,0.12695,4893214.0
1667433780000,0.12697,0.12729,0.12638,0.12657,7645597.0
1667433840000,0.12659,0.12705,0.12659,0.12683,2509485.0
1667433900000,0.12682,0.12708,0.12675,0.127,1895515.0
1667433960000,0.127,0.12711,0.12684,0.12711,1555248.0
1667434020000,0.12706,0.12723,0.12694,0.12705,1770191.0
1667434080000,0.12703,0.12716,0.12689,0.12693,1633979.0
1667434140000,0.12696,0.12703,0.12674,0.12679,812118.0
1667434200000,0.12679,0.12693,0.12671,0.12685,2038737.0
1667434260000,0.12685,0.12716,0.12676,0.12696,2320393.0
1667434320000,0.12696,0.1271,0.12683,0.12687,2093256.0
1667434380000,0.12685,0.12688,0.12664,0.12678,1794216.0
1667434440000,0.12677,0.127,0.12675,0.12694,1161662.0
1667434500000,0.12693,0.12699,0.12683,0.12688,1146330.0
1667434560000,0.12688,0.12714,0.12684,0.12713,1316166.0
1667434620000,0.12714,0.12759,0.12712,0.12758,2340888.0
1667434680000,0.12757,0.12851,0.12754,0.12821,7625471.0
1667434740000,0.12819,0.12844,0.12795,0.12839,1914414.0
1667434800000,0.12837,0.1288,0.12832,0.12867,3933323.0
1667434860000,0.12866,0.12985,0.12859,0.1293,21311995.0
1667434920000,0.1293,0.12948,0.12897,0.12947,4750656.0
1667434980000,0.12948,0.13084,0.12943,0.13065,12447531.0
1667435040000,0.13063,0.13088,0.13027,0.13081,7371845.0
1667435100000,0.1308,0.13087,0.13011,0.13029,3271954.0
1667435160000,0.13029,0.13064,0.13008,0.13051,9906617.0
1667435220000,0.13053,0.13058,0.13029,0.13031,1839247.0
1667435280000,0.13031,0.13056,0.13007,0.13051,3896453.0
1667435340000,0.13052,0.13062,0.1303,0.13061,3963877.0
1667435400000,0.13061,0.13102,0.13044,0.13056,3437197.0
1667435460000,0.13056,0.13092,0.13046,0.13085,1757482.0
1667435520000,0.13085,0.1311,0.13064,0.13068,2569980.0
1667435580000,0.13068,0.1308,0.13059,0.13073,1031841.0
1667435640000,0.13075,0.13269,0.13064,0.13159,18203950.0
1667435700000,0.13159,0.13305,0.13152,0.13262,11364596.0
1667435760000,0.13261,0.13275,0.13185,0.13209,5122150.0
1667435820000,0.13209,0.13212,0.13155,0.13184,2656078.0
1667435880000,0.13184,0.13244,0.13177,0.13234,6676887.0
1667435940000,0.13235,0.1325,0.13209,0.13234,5366621.0
1667436000000,0.1324,0.1324,0.13187,0.13228,3288835.0
1667436060000,0.1323,0.1323,0.13197,0.13206,2022469.0
1667436120000,0.13205,0.13212,0.13164,0.1317,5929678.0
1667436180000,0.13169,0.13224,0.13167,0.13185,3741981.0
1667436240000,0.13185,0.13197,0.13176,0.13182,1468332.0
1667436300000,0.13181,0.13214,0.13181,0.13209,3213767.0
1667436360000,0.13209,0.13236,0.13209,0.13227,1897322.0
1667436420000,0.13227,0.13293,0.13213,0.13275,3867448.0
1667436480000,0.13275,0.13295,0.13202,0.13205,3937955.0
1667436540000,0.13205,0.13257,0.13205,0.13246,4507641.0
1667436600000,0.13245,0.1325,0.13208,0.13212,2193385.0
1667436660000,0.13211,0.13227,0.13202,0.13214,1285910.0
1667436720000,0.13214,0.13232,0.13209,0.13214,1611746.0
1667436780000,0.13214,0.13218,0.13182,0.13193,2320984.0
1667436840000,0.13194,0.1322,0.13186,0.13196,1995959.0
1667436900000,0.13195,0.13217,0.13184,0.13196,1461546.0
1667436960000,0.13201,0.13246,0.13189,0.13229,2115351.0
1667437020000,0.13233,0.13233,0.13196,0.13213,1660957.0
1667437080000,0.13211,0.13211,0.13187,0.13187,912737.0
1667437140000,0.13186,0.13187,0.13109,0.13116,6028341.0
1667437200000,0.13117,0.13177,0.13117,0.13155,1849078.0
1667437260000,0.13156,0.13156,0.13125,0.13133,1450901.0
1667437320000,0.1313,0.13162,0.13117,0.1316,1385635.0
1667437380000,0.13158,0.13175,0.13147,0.13173,1096394.0
1667437440000,0.13172,0.13228,0.13172,0.13228,1918912.0
1667437500000,0.13227,0.13233,0.13195,0.13199,2776223.0
1667437560000,0.132,0.132,0.13169,0.13169,1790902.0
1667437620000,0.1317,0.13184,0.13161,0.13174,1656421.0
1667437680000,0.13174,0.13187,0.13114,0.13115,3341858.0
1667437740000,0.13116,0.13124,0.13055,0.13098,5492208.0
1667437800000,0.13098,0.1311,0.13064,0.13105,2313337.0
1667437860000,0.13105,0.13105,0.13076,0.13088,1436721.0
1667437920000,0.13088,0.13095,0.13035,0.13074,2627111.0
1667437980000,0.13075,0.13079,0.13,0.13001,3037117.0
1667438040000,0.13001,0.1304,0.1299,0.13018,4982391.0
1667438100000,0.1302,0.13042,0.1302,0.1304,2146643.0
1667438160000,0.1304,0.13093,0.13033,0.13089,1670569.0
1667438220000,0.13089,0.13111,0.13085,0.13095,5132503.0
1667438280000,0.13093,0.13098,0.13076,0.13085,997747.0
1667438340000,0.13086,0.13117,0.13078,0.13107,1041709.0
1667438400000,0.13107,0.13134,0.13092,0.13093,2474942.0
1667438460000,0.13096,0.1312,0.13083,0.13114,1032632.0
1667438520000,0.13115,0.13116,0.13098,0.13098,954332.0
1667438580000,0.131,0.13156,0.13089,0.13148,2277698.0
1667438640000,0.1315,0.1316,0.13135,0.13157,1298750.0
1667438700000,0.13157,0.13172,0.13149,0.13153,1395012.0
1667438760000,0.13154,0.13162,0.13143,0.13161,894731.0
1667438820000,0.1316,0.13213,0.13159,0.13199,3354584.0
1667438880000,0.13201,0.13206,0.13174,0.13205,1832899.0
1667438940000,0.13206,0.13206,0.13177,0.13192,448321.0
1667439000000,0.13192,0.13211,0.13148,0.13152,1768904.0
1667439060000,0.13152,0.13174,0.13143,0.13143,1067648.0
1667439120000,0.13144,0.13152,0.13114,0.13142,1543315.0
1667439180000,0.13143,0.13144,0.13119,0.13126,1867108.0
1667439240000,0.13131,0.13131,0.13094,0.13106,1699356.0
1667439300000,0.13107,0.13115,0.13097,0.13112,990149.0
1667439360000,0.13114,0.13161,0.13114,0.1316,1017696.0
1667439420000,0.13161,0.13188,0.13159,0.13187,1563519.0
1667439480000,0.13187,0.13196,0.13143,0.13144,1035051.0
1667439540000,0.13143,0.13243,0.13142,0.13232,4701878.0
1667439600000,0.13234,0.13238,0.13194,0.13214,2436002.0
1667439660000,0.13207,0.13226,0.13194,0.13212,1619305.0
1667439720000,0.13216,0.13248,0.13211,0.13216,1891003.0
1667439780000,0.13217,0.1322,0.13196,0.132,1359278.0
1667439840000,0.132,0.13216,0.13186,0.13192,2107687.0
1667439900000,0.13193,0.13208,0.13159,0.13162,1525331.0
1667439960000,0.13162,0.13221,0.13159,0.13205,1973538.0
1667440020000,0.13206,0.1325,0.13205,0.13244,2677104.0
1667440080000,0.13245,0.13252,0.1322,0.13243,3656644.0
1667440140000,0.13242,0.13243,0.13213,0.13235,1030924.0
1667440200000,0.13235,0.13245,0.13222,0.13233,1705072.0
1667440260000,0.13232,0.13236,0.132,0.13209,1979755.0
1667440320000,0.13208,0.13263,0.13204,0.13259,1971717.0
1667440380000,0.1326,0.1337,0.13244,0.13323,7640605.0
1667440440000,0.13322,0.1335,0.13304,0.13317,2122854.0
1667440500000,0.13318,0.13336,0.13298,0.13329,2819242.0
1667440560000,0.13329,0.13346,0.13314,0.13316,2295042.0
1667440620000,0.13315,0.13339,0.1329,0.13297,2362673.0
1667440680000,0.13297,0.13297,0.13254,0.13254,1962846.0
1667440740000,0.13254,0.13277,0.13245,0.13266,1310160.0
1667440800000,0.13268,0.1327,0.13241,0.13241,2015783.0
1667440860000,0.13241,0.13277,0.13237,0.13276,831043.0
1667440920000,0.13276,0.13327,0.13275,0.13315,1336015.0
1667440980000,0.13316,0.13344,0.13283,0.13284,2012264.0
1667441040000,0.13283,0.13296,0.13273,0.13287,1281660.0
1667441100000,0.13288,0.13305,0.13278,0.1329,785786.0
1667441160000,0.1329,0.13298,0.1326,0.13294,2587571.0
1667441220000,0.13294,0.13354,0.13292,0.13348,3227443.0
1667441280000,0.13346,0.13347,0.1329,0.13291,2675459.0
1667441340000,0.1329,0.13299,0.13266,0.13266,2390501.0
1667441400000,0.13266,0.13277,0.13225,0.13229,2314098.0
1667441460000,0.13232,0.13239,0.13192,0.13214,2616834.0
1667441520000,0.13216,0.13232,0.13203,0.13217,2279135.0
1667441580000,0.1322,0.13237,0.13203,0.13222,1844559.0
1667441640000,0.1322,0.13234,0.13203,0.13207,1611309.0
1667441700000,0.13208,0.13223,0.13168,0.13221,2924081.0
1667441760000,0.13218,0.13218,0.13078,0.13115,13694759.0
1667441820000,0.13116,0.13161,0.13113,0.13158,1847662.0
1667441880000,0.13159,0.1319,0.13143,0.13155,2423609.0
1667441940000,0.13154,0.13176,0.13147,0.13168,891477.0
1667442000000,0.13169,0.13169,0.13098,0.13113,13238396.0
1667442060000,0.13112,0.13145,0.13101,0.1314,1955149.0
1667442120000,0.1314,0.13148,0.13123,0.13135,1320394.0
1667442180000,0.13136,0.13168,0.13121,0.1313,2059657.0
1667442240000,0.13129,0.13163,0.13123,0.13155,2445223.0
1667442300000,0.13155,0.13164,0.1313,0.13164,3370926.0
1667442360000,0.13164,0.13165,0.13118,0.13134,4257126.0
1667442420000,0.13135,0.13146,0.13126,0.13141,2045258.0
1667442480000,0.13141,0.13154,0.13127,0.13153,1848462.0
1667442540000,0.13153,0.13175,0.13153,0.13169,1216078.0
1667442600000,0.13169,0.13249,0.13169,0.13233,5467176.0
1667442660000,0.13231,0.13254,0.13213,0.13244,3421031.0
1667442720000,0.13243,0.13271,0.13224,0.13254,2864477.0
1667442780000,0.13255,0.1327,0.13245,0.13251,2532712.0
1667442840000,0.13251,0.13269,0.13219,0.13222,2271059.0
1667442900000,0.13222,0.1324,0.13217,0.13238,2190896.0
1667442960000,0.13239,0.1326,0.13237,0.13251,1701185.0
1667443020000,0.13252,0.13321,0.13251,0.13309,4887279.0
1667443080000,0.13309,0.1331,0.13272,0.13302,1804957.0
1667443140000,0.13302,0.13347,0.13301,0.13328,2080458.0
1667443200000,0.13328,0.1339,0.13323,0.13365,9152156.0
1667443260000,0.13363,0.13368,0.1329,0.13305,2929244.0
1667443320000,0.13306,0.13306,0.13258,0.13263,1653006.0
1667443380000,0.13263,0.13339,0.13263,0.13323,2111599.0
1667443440000,0.13322,0.13338,0.13283,0.13287,2489040.0
1667443500000,0.13286,0.13303,0.13263,0.13273,1424276.0
1667443560000,0.13269,0.13283,0.13258,0.13264,1278096.0
1667443620000,0.13266,0.13294,0.13263,0.13263,1129968.0
1667443680000,0.13262,0.13283,0.13241,0.13277,1951872.0
1667443740000,0.13277,0.13307,0.13277,0.13305,1182395.0
1667443800000,0.13306,0.13306,0.13273,0.13292,1021362.0
1667443860000,0.1329,0.1331,0.13285,0.13289,1535486.0
1667443920000,0.13289,0.13299,0.13266,0.13273,1393966.0
1667443980000,0.13271,0.13276,0.13239,0.1324,749499.0
1667444040000,0.13239,0.13241,0.13176,0.13199,5371071.0
1667444100000,0.13197,0.13247,0.13197,0.13245,1206110.0
1667444160000,0.13245,0.13256,0.13188,0.1319,6850884.0
1667444220000,0.1319,0.13234,0.13181,0.13193,7383444.0
1667444280000,0.13193,0.13208,0.13186,0.13203,1033973.0
1667444340000,0.13198,0.13226,0.13195,0.13226,1091953.0
1667444400000,0.13226,0.13233,0.132,0.1321,3618984.0
1667444460000,0.1321,0.13212,0.13184,0.13187,1203872.0
1667444520000,0.13187,0.13211,0.13176,0.13195,1029452.0
1667444580000,0.13194,0.13196,0.13171,0.13175,864930.0
1667444640000,0.13176,0.13187,0.13144,0.13186,2480048.0
1667444700000,0.13188,0.13198,0.1318,0.13181,1597096.0
1667444760000,0.1318,0.1318,0.13123,0.13135,4403666.0
1667444820000,0.13135,0.13153,0.13124,0.13129,2170951.0
1667444880000,0.13129,0.13195,0.1312,0.13147,10729061.0
1667444940000,0.13147,0.13161,0.13143,0.13154,1249654.0
1667445000000,0.13154,0.13157,0.13129,0.13135,1596826.0
1667445060000,0.13133,0.13153,0.13129,0.13138,1891340.0
1667445120000,0.13138,0.13147,0.13126,0.13144,1506300.0
1667445180000,0.13144,0.13188,0.13142,0.13182,2038474.0
1667445240000,0.13183,0.13183,0.13164,0.13176,1355187.0
1667445300000,0.1317,0.13199,0.13163,0.13189,2952460.0
1667445360000,0.13192,0.13205,0.13188,0.13189,1258398.0
1667445420000,0.13187,0.132,0.13166,0.132,1236203.0
1667445480000,0.13201,0.13205,0.13154,0.1317,1915629.0
1667445540000,0.13171,0.13184,0.13156,0.13159,758788.0
1667445600000,0.1316,0.1317,0.13153,0.13163,2625095.0
1667445660000,0.13164,0.1319,0.13162,0.1319,1348150.0
1667445720000,0.1319,0.13243,0.1319,0.13233,4040825.0
1667445780000,0.13233,0.13296,0.13223,0.13272,5076746.0
1667445840000,0.13272,0.13304,0.13267,0.13299,2507215.0
1667445900000,0.13299,0.13307,0.13269,0.1329,2827934.0
1667445960000,0.13291,0.13301,0.13275,0.13292,911189.0
1667446020000,0.13291,0.13334,0.13273,0.13283,4439807.0
1667446080000,0.13285,0.13301,0.13277,0.13277,1883745.0
1667446140000,0.1328,0.13283,0.1326,0.13266,824519.0
1667446200000,0.13266,0.13278,0.13258,0.13278,1057347.0
1667446260000,0.13279,0.1328,0.13236,0.13243,2553692.0
1667446320000,0.13243,0.13249,0.13215,0.13232,1094543.0
1667446380000,0.13234,0.13242,0.13225,0.13229,1243622.0
1667446440000,0.13228,0.13244,0.13224,0.13227,621582.0
1667446500000,0.13226,0.13234,0.132,0.13212,796029.0
1667446560000,0.1321,0.13229,0.13201,0.13211,915631.0
1667446620000,0.13209,0.13224,0.13209,0.13211,1094973.0
1667446680000,0.1321,0.13234,0.13203,0.13213,1064545.0
1667446740000,0.13215,0.1324,0.13202,0.13206,1983375.0
1667446800000,0.13205,0.13255,0.13205,0.13245,1847677.0
1667446860000,0.13246,0.13251,0.13224,0.13251,867794.0
1667446920000,0.13251,0.13253,0.13219,0.13242,1785768.0
1667446980000,0.13239,0.133,0.1321,0.13296,10257563.0
1667447040000,0.13296,0.1345,0.13287,0.13438,13918389.0
1667447100000,0.13438,0.13484,0.13386,0.13398,12521596.0
1667447160000,0.134,0.13494,0.13387,0.13466,10546751.0
1667447220000,0.13468,0.13499,0.13437,0.13499,5369685.0
1667447280000,0.13493,0.13562,0.13478,0.13501,10573824.0
1667447340000,0.13501,0.13549,0.13495,0.13509,4231039.0
1667447400000,0.1351,0.13532,0.13495,0.135,6147873.0
1667447460000,0.135,0.13509,0.13464,0.1347,3682835.0
1667447520000,0.13467,0.13479,0.13419,0.13422,2751873.0
1667447580000,0.1342,0.13443,0.1341,0.13414,1914757.0
1667447640000,0.13414,0.13417,0.13378,0.13406,2712862.0
1667447700000,0.13407,0.13409,0.1337,0.13383,2007663.0
1667447760000,0.13386,0.13417,0.13374,0.13417,2547958.0
1667447820000,0.13417,0.13421,0.134,0.13408,1877597.0
1667447880000,0.13407,0.13413,0.134,0.13409,630759.0
1667447940000,0.13408,0.13412,0.13371,0.13388,1187706.0
1667448000000,0.13391,0.13393,0.13343,0.13358,4170578.0
1667448060000,0.13359,0.13391,0.13355,0.13385,1408625.0
1667448120000,0.13383,0.13386,0.13346,0.13363,1199483.0
1667448180000,0.13362,0.1339,0.13359,0.13375,1322840.0
1667448240000,0.13375,0.13432,0.13374,0.13427,1772557.0
1667448300000,0.13424,0.13429,0.13371,0.13372,2633970.0
1667448360000,0.13372,0.13373,0.13342,0.13363,1642001.0
1667448420000,0.13366,0.13406,0.13365,0.13396,1133580.0
1667448480000,0.13397,0.13418,0.13375,0.13382,3234098.0
1667448540000,0.13381,0.13446,0.1337,0.13438,2215523.0
1667448600000,0.13437,0.13447,0.13404,0.13408,1959309.0
1667448660000,0.1341,0.13439,0.13408,0.13414,2172460.0
1667448720000,0.13414,0.13436,0.13412,0.13432,806512.0
1667448780000,0.13432,0.1346,0.13423,0.13458,2176746.0
1667448840000,0.13457,0.13513,0.13457,0.13495,6209379.0
1667448900000,0.13497,0.13517,0.13493,0.13502,3008997.0
1667448960000,0.13502,0.13631,0.13488,0.13591,11134892.0
1667449020000,0.13592,0.13699,0.13587,0.13646,13060096.0
1667449080000,0.13651,0.13652,0.13592,0.13609,4583474.0
1667449140000,0.13609,0.13618,0.13579,0.13615,2518389.0
1667449200000,0.13615,0.13621,0.13564,0.13565,4484362.0
1667449260000,0.13565,0.13625,0.13483,0.13504,10714673.0
1667449320000,0.13505,0.13513,0.1346,0.1347,3285665.0
1667449380000,0.13469,0.13494,0.13459,0.1349,2357496.0
1667449440000,0.13486,0.13486,0.13467,0.13469,584806.0
1667449500000,0.13469,0.13506,0.13459,0.13502,1615591.0
1667449560000,0.135,0.13504,0.13474,0.13477,967865.0
1667449620000,0.13476,0.13476,0.13441,0.13449,1861181.0
1667449680000,0.13454,0.13454,0.13422,0.13438,1496412.0
1667449740000,0.13437,0.13446,0.13424,0.13441,826799.0
1667449800000,0.13441,0.13441,0.13411,0.13412,885500.0
1667449860000,0.13411,0.13411,0.13379,0.13379,1842342.0
1667449920000,0.13378,0.13402,0.13372,0.13388,1323637.0
1667449980000,0.13387,0.134,0.13375,0.13389,451948.0
1667450040000,0.13389,0.1339,0.13364,0.13386,1861514.0
1667450100000,0.13386,0.1345,0.13384,0.1345,4040920.0
1667450160000,0.13451,0.13482,0.13449,0.13471,2697767.0
1667450220000,0.13471,0.13471,0.134,0.134,2287137.0
1667450280000,0.134,0.13429,0.13386,0.13409,1054735.0
1667450340000,0.1341,0.13411,0.13379,0.13379,479798.0
1667450400000,0.1338,0.13403,0.1338,0.1339,1032622.0
1667450460000,0.13387,0.1339,0.1338,0.1338,676173.0
1667450520000,0.1338,0.13381,0.13356,0.13379,1157395.0
1667450580000,0.1338,0.13406,0.1338,0.13392,539848.0
1667450640000,0.13393,0.13431,0.13383,0.13416,2354169.0
1667450700000,0.13416,0.1345,0.13415,0.13443,952582.0
1667450760000,0.13443,0.13466,0.13442,0.13458,698073.0
1667450820000,0.13457,0.13465,0.13398,0.13413,1371197.0
1667450880000,0.13412,0.13418,0.13356,0.13386,2448120.0
1667450940000,0.1339,0.13415,0.13349,0.13365,4462221.0
1667451000000,0.13367,0.13371,0.133,0.13339,4525719.0
1667451060000,0.13337,0.13397,0.13326,0.13391,3439525.0
1667451120000,0.13391,0.13393,0.13372,0.13381,573814.0
1667451180000,0.1338,0.13391,0.13374,0.13389,634927.0
1667451240000,0.1339,0.1339,0.13359,0.13375,1209510.0
1667451300000,0.13374,0.13379,0.13357,0.13362,631259.0
1667451360000,0.13361,0.13403,0.13357,0.13401,2350120.0
1667451420000,0.13401,0.13412,0.13385,0.1339,3138932.0
1667451480000,0.13389,0.13415,0.13389,0.13411,1192159.0
1667451540000,0.13412,0.13435,0.13404,0.13414,1254062.0
1667451600000,0.13414,0.13425,0.13369,0.13377,1491725.0
1667451660000,0.13376,0.13398,0.13357,0.13391,2455699.0
1667451720000,0.13391,0.13399,0.13357,0.13361,908782.0
1667451780000,0.13362,0.13381,0.13343,0.13371,874658.0
1667451840000,0.13372,0.13377,0.13332,0.13333,780940.0
1667451900000,0.13333,0.13361,0.13274,0.13302,6087335.0
1667451960000,0.13302,0.13349,0.13302,0.13341,964143.0
1667452020000,0.13342,0.13367,0.13342,0.13358,1148716.0
1667452080000,0.1336,0.13364,0.13336,0.13351,892539.0
1667452140000,0.13354,0.13354,0.13308,0.13314,1528922.0
1667452200000,0.13314,0.13344,0.13307,0.1334,1966916.0
1667452260000,0.1334,0.13355,0.13278,0.13282,2740967.0
1667452320000,0.13283,0.13295,0.13259,0.13259,1771406.0
1667452380000,0.13261,0.13318,0.13249,0.13307,2655798.0
1667452440000,0.13305,0.13305,0.1326,0.1328,1788399.0
1667452500000,0.13281,0.13312,0.13281,0.13292,1601395.0
1667452560000,0.13293,0.133,0.13271,0.1329,2405135.0
1667452620000,0.1329,0.13315,0.13285,0.1331,2516037.0
1667452680000,0.13309,0.13315,0.13267,0.13272,1826491.0
1667452740000,0.13271,0.13297,0.13253,0.13277,2967609.0
1667452800000,0.13276,0.13289,0.13269,0.13285,510967.0
1667452860000,0.13284,0.13304,0.13282,0.13282,4281494.0
1667452920000,0.13282,0.13292,0.13273,0.13279,1239478.0
1667452980000,0.13279,0.13291,0.13274,0.13277,495255.0
1667453040000,0.13277,0.13289,0.13269,0.13276,1046710.0
1667453100000,0.13276,0.133,0.13275,0.1328,649483.0
1667453160000,0.1328,0.13308,0.13273,0.13308,1026089.0
1667453220000,0.13307,0.13307,0.13285,0.13289,1477233.0
1667453280000,0.1329,0.13298,0.13273,0.13281,773029.0
1667453340000,0.13285,0.13285,0.13274,0.13283,282617.0
1667453400000,0.13282,0.13303,0.13279,0.13281,931538.0
1667453460000,0.13281,0.13299,0.13268,0.13269,910530.0
1667453520000,0.13271,0.13273,0.13255,0.13258,1677002.0
1667453580000,0.13257,0.1328,0.13248,0.1328,1420794.0
1667453640000,0.1328,0.133,0.13271,0.133,596442.0
1667453700000,0.133,0.13379,0.13299,0.13357,8297248.0
1667453760000,0.13357,0.13358,0.13285,0.13286,3215281.0
1667453820000,0.13285,0.13307,0.13273,0.13285,2206051.0
1667453880000,0.13285,0.13295,0.1327,0.13286,1478115.0
1667453940000,0.13284,0.13299,0.1328,0.13287,635529.0
1667454000000,0.13286,0.13327,0.13275,0.133,1405235.0
1667454060000,0.13301,0.13343,0.13301,0.13321,1070267.0
1667454120000,0.1332,0.13335,0.13307,0.13307,1303752.0
1667454180000,0.13307,0.1331,0.13281,0.13298,982433.0
1667454240000,0.13297,0.13307,0.13283,0.13283,560208.0
1667454300000,0.13283,0.13313,0.13283,0.1329,351884.0
1667454360000,0.13288,0.13297,0.1326,0.1327,1676290.0
1667454420000,0.1327,0.133,0.13269,0.13272,872314.0
1667454480000,0.13272,0.13299,0.13257,0.13283,1628747.0
1667454540000,0.13282,0.13299,0.13272,0.13287,549192.0
1667454600000,0.13286,0.13299,0.13275,0.13276,903377.0
1667454660000,0.13275,0.13287,0.13264,0.13272,1273578.0
1667454720000,0.13273,0.13289,0.13262,0.13262,287842.0
1667454780000,0.13262,0.13285,0.13262,0.13271,605669.0
1667454840000,0.1327,0.13282,0.13267,0.13268,609648.0
1667454900000,0.13268,0.13288,0.13225,0.1323,2415090.0
1667454960000,0.13229,0.13252,0.13215,0.13215,779087.0
1667455020000,0.13215,0.13285,0.13211,0.1328,2101304.0
1667455080000,0.13281,0.13286,0.13265,0.13283,1191206.0
1667455140000,0.13282,0.133,0.13275,0.133,1893812.0
1667455200000,0.133,0.13354,0.13298,0.13346,8228288.0
1667455260000,0.13345,0.1335,0.13316,0.13326,1766920.0
1667455320000,0.13329,0.13338,0.13295,0.13299,999488.0
1667455380000,0.13299,0.13299,0.13257,0.13265,1123369.0
1667455440000,0.13265,0.1328,0.13242,0.13248,1604738.0
1667455500000,0.13248,0.1325,0.13203,0.13236,2602837.0
1667455560000,0.13237,0.13244,0.13125,0.1318,11522601.0
1667455620000,0.13177,0.13218,0.13172,0.13199,2180495.0
1667455680000,0.132,0.1321,0.1316,0.1316,1460510.0
1667455740000,0.13159,0.13191,0.13154,0.13184,1261786.0
1667455800000,0.13183,0.13187,0.13151,0.13166,1155424.0
1667455860000,0.13167,0.13179,0.13161,0.13166,1047649.0
1667455920000,0.13167,0.13177,0.1315,0.13162,1592159.0
1667455980000,0.13163,0.13185,0.13157,0.13182,916962.0
1667456040000,0.13178,0.13182,0.13167,0.1318,1233277.0
1667456100000,0.1318,0.1318,0.13159,0.13172,1194950.0
1667456160000,0.13171,0.13227,0.13159,0.13212,2374687.0
1667456220000,0.13211,0.13237,0.132,0.13232,1878039.0
1667456280000,0.13232,0.13232,0.13213,0.13217,781429.0
1667456340000,0.13216,0.13217,0.13191,0.13192,1275831.0
1667456400000,0.13192,0.13211,0.13191,0.13202,388551.0
1667456460000,0.13202,0.13224,0.13202,0.13208,669432.0
1667456520000,0.13208,0.13218,0.13192,0.13192,1244874.0
1667456580000,0.13194,0.13224,0.13193,0.13211,2058132.0
1667456640000,0.13211,0.13212,0.13199,0.13204,1037318.0
1667456700000,0.13204,0.13212,0.13197,0.13197,2016756.0
1667456760000,0.13196,0.13213,0.13161,0.13162,3210910.0
1667456820000,0.13162,0.13186,0.13149,0.13177,1986277.0
1667456880000,0.13173,0.13176,0.1312,0.13135,1645712.0
1667456940000,0.13132,0.13187,0.1312,0.13178,3480705.0
1667457000000,0.13175,0.13196,0.1317,0.13187,1986117.0
1667457060000,0.13187,0.132,0.13177,0.132,1368243.0
1667457120000,0.13199,0.1323,0.13194,0.13207,2123098.0
1667457180000,0.13204,0.13216,0.13201,0.13215,718224.0
1667457240000,0.13215,0.13237,0.13199,0.13223,2008660.0
1667457300000,0.13222,0.13225,0.1317,0.13178,4063781.0
1667457360000,0.13179,0.13184,0.13149,0.1315,2484356.0
1667457420000,0.1315,0.1318,0.1315,0.13168,759763.0
1667457480000,0.13167,0.13192,0.13162,0.13183,973982.0
1667457540000,0.13183,0.13205,0.13182,0.1319,821161.0
1667457600000,0.1319,0.13214,0.13185,0.13203,972343.0
1667457660000,0.13202,0.13211,0.13188,0.13195,803406.0
1667457720000,0.13195,0.13211,0.13186,0.13203,1271758.0
1667457780000,0.13203,0.13203,0.13183,0.13198,687041.0
1667457840000,0.13198,0.132,0.13186,0.13196,696055.0
1667457900000,0.13196,0.13208,0.13185,0.13192,1865732.0
1667457960000,0.13193,0.13203,0.13187,0.13199,864867.0
1667458020000,0.13199,0.13217,0.13198,0.13213,1123431.0
1667458080000,0.13214,0.13223,0.1321,0.13215,588187.0
1667458140000,0.13215,0.1324,0.13213,0.13238,2257752.0
1667458200000,0.13239,0.13273,0.13232,0.13261,2763945.0
1667458260000,0.13259,0.13259,0.13225,0.13238,1504299.0
1667458320000,0.13239,0.13267,0.13232,0.13261,878080.0
1667458380000,0.1326,0.13264,0.1325,0.13257,658436.0
1667458440000,0.13256,0.13272,0.1325,0.13259,1379656.0
1667458500000,0.13259,0.13272,0.13251,0.13253,434200.0
1667458560000,0.13252,0.13264,0.13232,0.13239,585288.0
1667458620000,0.13241,0.13242,0.1322,0.13221,968552.0
1667458680000,0.13222,0.1324,0.13209,0.13211,1953131.0
1667458740000,0.13211,0.13218,0.132,0.13201,736050.0
1667458800000,0.13202,0.13248,0.13202,0.13229,1249921.0
1667458860000,0.13229,0.13252,0.13229,0.13247,610523.0
1667458920000,0.13247,0.13248,0.13226,0.13228,384439.0
1667458980000,0.13227,0.13252,0.13222,0.1325,1211933.0
1667459040000,0.1325,0.13256,0.13224,0.13231,2922620.0
1667459100000,0.1323,0.13253,0.13228,0.13251,1302801.0
1667459160000,0.1325,0.13292,0.13248,0.13277,1147985.0
1667459220000,0.13276,0.13316,0.13272,0.13272,2302565.0
1667459280000,0.13271,0.13299,0.13271,0.13287,1005432.0
1667459340000,0.13287,0.13311,0.13287,0.13296,1006371.0
1667459400000,0.13298,0.13328,0.13294,0.13307,2795596.0
1667459460000,0.13306,0.13333,0.13302,0.13311,1482182.0
1667459520000,0.1331,0.13313,0.13295,0.133,1105016.0
1667459580000,0.13301,0.13306,0.13258,0.1327,1988602.0
1667459640000,0.13269,0.13285,0.13264,0.1328,1097332.0
1667459700000,0.13281,0.13308,0.13281,0.13289,911646.0
1667459760000,0.13289,0.13319,0.13289,0.13315,1023234.0
1667459820000,0.13315,0.13323,0.1329,0.13307,1247814.0
1667459880000,0.13307,0.13313,0.13282,0.13286,668684.0
1667459940000,0.13286,0.13308,0.13281,0.13286,2460485.0
1667460000000,0.13286,0.1329,0.13256,0.13257,821577.0
1667460060000,0.13255,0.13285,0.13252,0.13255,1278932.0
1667460120000,0.13255,0.13263,0.13227,0.1323,845681.0
1667460180000,0.13228,0.1323,0.132,0.13203,1036430.0
1667460240000,0.13202,0.13211,0.13184,0.13196,1973847.0
1667460300000,0.13195,0.13199,0.13124,0.13156,6682345.0
1667460360000,0.13156,0.13162,0.13024,0.13092,12483631.0
1667460420000,0.13092,0.13131,0.13087,0.13109,3646985.0
1667460480000,0.13111,0.13125,0.13083,0.13095,1479963.0
1667460540000,0.13093,0.13116,0.13059,0.1306,3085310.0
1667460600000,0.13061,0.13097,0.13057,0.13086,2404827.0
1667460660000,0.13085,0.13135,0.13084,0.13124,4309702.0
1667460720000,0.13124,0.13135,0.13081,0.13082,3587249.0
1667460780000,0.13081,0.13163,0.1301,0.13147,12814936.0
1667460840000,0.13146,0.13177,0.13125,0.1315,5021246.0
1667460900000,0.1315,0.13158,0.13127,0.13129,1309715.0
1667460960000,0.13129,0.13148,0.13128,0.13142,1615014.0
1667461020000,0.13142,0.13147,0.131,0.131,2478836.0
1667461080000,0.13099,0.13119,0.13078,0.1311,2051280.0
1667461140000,0.13108,0.13127,0.13108,0.13109,1105788.0
1667461200000,0.1311,0.13129,0.1311,0.13125,510049.0
1667461260000,0.13123,0.1313,0.13107,0.13127,2078567.0
1667461320000,0.13127,0.13127,0.13104,0.13112,1137412.0
1667461380000,0.13113,0.13117,0.13091,0.13099,1445216.0
1667461440000,0.13098,0.13121,0.13088,0.13091,706185.0
1667461500000,0.13093,0.13146,0.13092,0.13137,2592827.0
1667461560000,0.13137,0.13169,0.13124,0.13146,4919567.0
1667461620000,0.13148,0.13154,0.13138,0.13143,348567.0
1667461680000,0.13142,0.1315,0.13126,0.13126,559548.0
1667461740000,0.13127,0.13138,0.13084,0.13119,3030641.0
1667461800000,0.13116,0.1313,0.13097,0.13115,1395082.0
1667461860000,0.13115,0.13119,0.13087,0.13099,2094143.0
1667461920000,0.13099,0.1311,0.13097,0.13099,1318321.0
1667461980000,0.13099,0.1311,0.13085,0.131,686915.0
1667462040000,0.13102,0.13106,0.13074,0.1308,1968607.0
1667462100000,0.13079,0.131,0.13075,0.13097,1093486.0
1667462160000,0.13093,0.13115,0.1308,0.13101,1088130.0
1667462220000,0.13102,0.13111,0.13098,0.13108,559540.0
1667462280000,0.13105,0.13124,0.13102,0.13106,736763.0
1667462340000,0.13107,0.13109,0.13084,0.13088,934382.0
1667462400000,0.13091,0.13113,0.13086,0.13093,853436.0
1667462460000,0.13089,0.131,0.13072,0.13078,721135.0
1667462520000,0.13077,0.13099,0.13007,0.13029,3600374.0
1667462580000,0.13029,0.13029,0.1286,0.1302,20840531.0
1667462640000,0.13019,0.13027,0.1297,0.12996,5840830.0
1667462700000,0.12997,0.13012,0.1298,0.13002,6325311.0
1667462760000,0.13001,0.13042,0.12999,0.13027,4273679.0
1667462820000,0.13026,0.13066,0.13019,0.13059,2653585.0
1667462880000,0.1306,0.13134,0.13059,0.13125,4087783.0
1667462940000,0.13126,0.13183,0.13117,0.13168,8497198.0
1667463000000,0.13168,0.13194,0.13163,0.1319,2722101.0
1667463060000,0.13191,0.13219,0.13185,0.13185,2132256.0
1667463120000,0.13185,0.13215,0.13185,0.13195,2206464.0
1667463180000,0.13195,0.13204,0.13186,0.13203,1580685.0
1667463240000,0.13202,0.13222,0.132,0.13219,642660.0
1667463300000,0.13219,0.13244,0.13197,0.13217,2129819.0
1667463360000,0.13216,0.13223,0.13196,0.13197,1254800.0
1667463420000,0.13197,0.13199,0.13172,0.13177,1695797.0
1667463480000,0.13177,0.13183,0.13158,0.13163,1942508.0
1667463540000,0.13161,0.13184,0.13155,0.13182,1333982.0
1667463600000,0.13182,0.13206,0.13176,0.13193,1792283.0
1667463660000,0.13193,0.13193,0.13153,0.1316,911977.0
1667463720000,0.13156,0.13168,0.13141,0.13146,1031744.0
1667463780000,0.13146,0.13159,0.13132,0.13141,1656762.0
1667463840000,0.13141,0.13144,0.13113,0.13115,1719612.0
1667463900000,0.13116,0.13118,0.13084,0.13096,1752297.0
1667463960000,0.13096,0.13103,0.13071,0.13079,2731601.0
1667464020000,0.13078,0.13104,0.13078,0.13099,1090603.0
1667464080000,0.13099,0.13099,0.13063,0.13065,1196614.0
1667464140000,0.13065,0.13085,0.13064,0.13083,1108124.0
1667464200000,0.13083,0.13085,0.13067,0.13083,1184254.0
1667464260000,0.13084,0.13089,0.13072,0.13081,1333496.0
1667464320000,0.1308,0.13081,0.13053,0.13058,1608999.0
1667464380000,0.13058,0.13097,0.13044,0.13073,2869489.0
1667464440000,0.13076,0.13108,0.13071,0.13099,969322.0
1667464500000,0.13098,0.13136,0.1309,0.13132,2064474.0
1667464560000,0.13134,0.13144,0.13116,0.13135,1370307.0
1667464620000,0.13135,0.13138,0.13111,0.13115,582201.0
1667464680000,0.13115,0.13115,0.13097,0.13101,563867.0
1667464740000,0.131,0.13115,0.13099,0.13109,701255.0
1667464800000,0.1311,0.13125,0.13103,0.13111,1190811.0
1667464860000,0.13111,0.13126,0.13101,0.13121,388344.0
1667464920000,0.1312,0.13136,0.13107,0.13135,2616300.0
1667464980000,0.13136,0.13137,0.13092,0.13095,1511139.0
1667465040000,0.13097,0.1311,0.13089,0.13095,1240812.0
1667465100000,0.13096,0.13123,0.13096,0.13114,803999.0
1667465160000,0.13113,0.13146,0.1311,0.13139,2205884.0
1667465220000,0.1314,0.13152,0.13131,0.13151,1087598.0
1667465280000,0.13152,0.1316,0.13136,0.13151,509248.0
1667465340000,0.1315,0.13154,0.13134,0.1314,523304.0
1667465400000,0.13139,0.13154,0.13139,0.13148,706877.0
1667465460000,0.13148,0.13154,0.1314,0.13143,765650.0
1667465520000,0.13144,0.13147,0.13131,0.13135,744603.0
1667465580000,0.13136,0.1314,0.13093,0.13099,2741899.0
1667465640000,0.13103,0.13108,0.13075,0.13079,1546286.0
1667465700000,0.13082,0.13093,0.13057,0.13073,2096482.0
1667465760000,0.13074,0.13096,0.13061,0.13095,2334380.0
1667465820000,0.13094,0.13122,0.13091,0.13118,1172484.0
1667465880000,0.13117,0.13117,0.13099,0.13113,586183.0
1667465940000,0.13113,0.13121,0.13099,0.1312,630437.0
1667466000000,0.1312,0.13147,0.13113,0.13135,2155449.0
1667466060000,0.13135,0.13159,0.13127,0.13146,3743643.0
1667466120000,0.13145,0.13165,0.13135,0.13135,922718.0
1667466180000,0.13136,0.13204,0.1313,0.13186,15730554.0
1667466240000,0.13187,0.1325,0.13179,0.13199,6349905.0
1667466300000,0.13198,0.132,0.1318,0.13191,2050872.0
1667466360000,0.13191,0.13196,0.13173,0.13174,2938498.0
1667466420000,0.13173,0.13188,0.13168,0.13173,1916098.0
1667466480000,0.13174,0.13192,0.13165,0.13165,878307.0
1667466540000,0.13165,0.13171,0.13142,0.13144,961353.0
1667466600000,0.13143,0.13215,0.13142,0.13207,14148009.0
1667466660000,0.13207,0.13214,0.1319,0.1319,1952696.0
1667466720000,0.1319,0.13203,0.13186,0.13194,1198521.0
1667466780000,0.13193,0.13202,0.13189,0.13199,529905.0
1667466840000,0.132,0.13203,0.13194,0.13194,658007.0
1667466900000,0.13195,0.13202,0.13187,0.13188,401401.0
1667466960000,0.1319,0.13201,0.13188,0.13199,740185.0
1667467020000,0.13198,0.13203,0.1319,0.13191,752810.0
1667467080000,0.13191,0.13195,0.13181,0.13191,1067182.0
1667467140000,0.13189,0.13197,0.13184,0.13184,825486.0
1667467200000,0.13184,0.13185,0.1317,0.1318,398161.0
1667467260000,0.1318,0.132,0.1318,0.132,1016390.0
1667467320000,0.13199,0.13221,0.13194,0.13221,1479849.0
1667467380000,0.13214,0.1326,0.13208,0.13256,2158929.0
1667467440000,0.13256,0.13283,0.13249,0.13259,4802277.0
1667467500000,0.13259,0.13259,0.13223,0.1323,2160755.0
1667467560000,0.13226,0.13231,0.13201,0.1321,1014996.0
1667467620000,0.13208,0.13218,0.132,0.132,1160779.0
1667467680000,0.13202,0.1322,0.13185,0.13219,5413273.0
1667467740000,0.13219,0.13223,0.13214,0.13214,940421.0
1667467800000,0.13215,0.13225,0.13202,0.13204,800184.0
1667467860000,0.13204,0.13209,0.13194,0.13203,3655057.0
1667467920000,0.13203,0.13241,0.132,0.1324,1907518.0
1667467980000,0.1324,0.1331,0.13235,0.13304,5823782.0
1667468040000,0.13305,0.13318,0.13289,0.13294,6137894.0
1667468100000,0.13294,0.13307,0.13269,0.13287,3058143.0
1667468160000,0.13287,0.13571,0.13283,0.13403,39454747.0
1667468220000,0.13402,0.1343,0.13388,0.13411,10400282.0
1667468280000,0.1341,0.13413,0.13363,0.13368,6665945.0
1667468340000,0.13368,0.13437,0.13364,0.13419,4201083.0
1667468400000,0.13419,0.13423,0.13379,0.13383,5207001.0
1667468460000,0.13383,0.13383,0.13331,0.13336,4484359.0
1667468520000,0.13337,0.13352,0.13322,0.13323,1886873.0
1667468580000,0.13323,0.13358,0.13321,0.13351,2033330.0
1667468640000,0.13351,0.13359,0.13346,0.13349,1482094.0
1667468700000,0.13348,0.13358,0.13307,0.13318,2934437.0
1667468760000,0.13319,0.13319,0.13285,0.133,2649392.0
1667468820000,0.133,0.13312,0.13288,0.13289,2413771.0
1667468880000,0.13288,0.133,0.13279,0.13279,2349598.0
1667468940000,0.13282,0.13284,0.13262,0.13271,1233737.0
1667469000000,0.13272,0.13286,0.13262,0.13283,2965474.0
1667469060000,0.13283,0.13301,0.13268,0.13299,2672189.0
1667469120000,0.13299,0.13319,0.13289,0.13308,1436763.0
1667469180000,0.13307,0.13354,0.13307,0.1334,1999310.0
1667469240000,0.1334,0.13369,0.13338,0.13355,1807533.0
1667469300000,0.13354,0.13411,0.13352,0.13402,3734810.0
1667469360000,0.13404,0.13509,0.1339,0.13487,20590066.0
1667469420000,0.13487,0.136,0.13449,0.13457,15438098.0
1667469480000,0.13456,0.13517,0.13451,0.13493,7346012.0
1667469540000,0.13493,0.13494,0.13436,0.1348,4751803.0
1667469600000,0.13481,0.1352,0.13476,0.13486,4256833.0
1667469660000,0.13486,0.13501,0.13445,0.13445,5103323.0
1667469720000,0.13446,0.13457,0.13415,0.13438,4893256.0
1667469780000,0.13439,0.13495,0.13439,0.13488,4175103.0
1667469840000,0.13488,0.13518,0.13486,0.13514,5181645.0
1667469900000,0.13514,0.13581,0.1351,0.13568,6115023.0
1667469960000,0.1357,0.13612,0.13548,0.13556,13888507.0
1667470020000,0.13556,0.13557,0.13513,0.13514,4525730.0
1667470080000,0.13515,0.1352,0.13477,0.13493,4360548.0
1667470140000,0.13491,0.13491,0.13457,0.1346,3121406.0
1667470200000,0.13461,0.13483,0.13461,0.1347,1477252.0
1667470260000,0.13469,0.13478,0.13449,0.13452,3102911.0
1667470320000,0.13451,0.13453,0.13427,0.1343,2176856.0
1667470380000,0.13432,0.13439,0.13428,0.1343,1496922.0
1667470440000,0.1343,0.13431,0.13355,0.13427,4659390.0
1667470500000,0.13426,0.13426,0.13386,0.13398,1985948.0
1667470560000,0.13398,0.13451,0.13396,0.13449,3547774.0
1667470620000,0.1345,0.13504,0.13444,0.1346,3911828.0
1667470680000,0.1346,0.13462,0.13439,0.13446,1996275.0
1667470740000,0.13445,0.13447,0.13393,0.13396,1853032.0
1667470800000,0.13396,0.13411,0.13385,0.13401,1459397.0
1667470860000,0.134,0.134,0.13376,0.13376,1597191.0
1667470920000,0.1338,0.1338,0.13299,0.13322,12464790.0
1667470980000,0.13321,0.1336,0.13319,0.13353,2138655.0
1667471040000,0.13353,0.13398,0.13351,0.13356,3208271.0
1667471100000,0.13356,0.13363,0.13315,0.13334,3774863.0
1667471160000,0.13335,0.13354,0.13322,0.13342,1779027.0
1667471220000,0.13342,0.13346,0.13328,0.13332,1321910.0
1667471280000,0.13332,0.13441,0.13332,0.13369,14029217.0
1667471340000,0.13369,0.13378,0.13355,0.13359,2490289.0
1667471400000,0.13359,0.13369,0.13334,0.13346,1282738.0
1667471460000,0.13346,0.13346,0.13326,0.13344,1456971.0
1667471520000,0.13341,0.13365,0.13338,0.13362,1529484.0
1667471580000,0.13361,0.13412,0.13355,0.13393,2352959.0
1667471640000,0.13392,0.13392,0.13369,0.13383,1929377.0
1667471700000,0.13382,0.13398,0.13379,0.13379,1102476.0
1667471760000,0.13378,0.13388,0.13372,0.13376,924128.0
1667471820000,0.13377,0.13377,0.13359,0.1336,695600.0
1667471880000,0.1336,0.13369,0.1333,0.13342,1247844.0
1667471940000,0.13343,0.13356,0.1333,0.13332,1169227.0
1667472000000,0.13332,0.13334,0.13285,0.13285,5456343.0
1667472060000,0.13288,0.13357,0.13288,0.13351,3079369.0
1667472120000,0.13352,0.13353,0.13315,0.13315,2578790.0
1667472180000,0.13315,0.13336,0.13305,0.13305,1825421.0
1667472240000,0.13305,0.13311,0.13289,0.13296,3826012.0
1667472300000,0.13296,0.13304,0.13289,0.133,1985504.0
1667472360000,0.133,0.13308,0.13296,0.133,2687186.0
1667472420000,0.13299,0.13307,0.13294,0.13296,1381862.0
1667472480000,0.13296,0.13304,0.13246,0.13246,4469280.0
1667472540000,0.13246,0.13341,0.13226,0.13341,6920462.0
1667472600000,0.1334,0.13402,0.13294,0.13377,20510027.0
1667472660000,0.13377,0.13404,0.13363,0.13363,9183019.0
1667472720000,0.13363,0.13394,0.13361,0.13385,2607744.0
1667472780000,0.13386,0.13405,0.13375,0.134,5434757.0
1667472840000,0.134,0.13405,0.13372,0.13377,2900655.0
1667472900000,0.13379,0.13395,0.13365,0.13378,2103619.0
1667472960000,0.13376,0.13399,0.13368,0.1337,1451570.0
1667473020000,0.1337,0.134,0.13352,0.13379,4544803.0
1667473080000,0.1338,0.13394,0.13377,0.13388,1123623.0
1667473140000,0.13387,0.13397,0.13371,0.13382,1541946.0
1667473200000,0.13382,0.13382,0.1335,0.13362,1579040.0
1667473260000,0.13362,0.13362,0.13307,0.13341,3271732.0
1667473320000,0.1334,0.13352,0.13293,0.133,9921929.0
1667473380000,0.133,0.13321,0.13291,0.13299,2823845.0
1667473440000,0.13299,0.13303,0.1329,0.13294,1750624.0
1667473500000,0.13293,0.13323,0.13291,0.13317,3615412.0
1667473560000,0.13316,0.13316,0.13224,0.13279,7823880.0
1667473620000,0.1328,0.133,0.13265,0.13294,1265027.0
1667473680000,0.13294,0.13304,0.13271,0.13271,847531.0
1667473740000,0.13271,0.13289,0.13267,0.13279,778809.0
1667473800000,0.1328,0.13281,0.13242,0.1325,1873327.0
1667473860000,0.1325,0.13269,0.13238,0.13257,1974863.0
1667473920000,0.13258,0.13289,0.13251,0.13288,1317230.0
1667473980000,0.13288,0.13293,0.13261,0.13269,1845761.0
1667474040000,0.1327,0.13272,0.13246,0.13248,586501.0
1667474100000,0.1325,0.13279,0.13211,0.13226,6991326.0
1667474160000,0.13226,0.13256,0.13225,0.13227,2021661.0
1667474220000,0.13227,0.13238,0.13203,0.13207,2082875.0
1667474280000,0.13209,0.13225,0.13166,0.13221,7260951.0
1667474340000,0.13221,0.13228,0.13168,0.13189,1821536.0
1667474400000,0.13189,0.1321,0.13156,0.13163,3537124.0
1667474460000,0.13164,0.13212,0.13145,0.13183,2738910.0
1667474520000,0.13184,0.13218,0.13182,0.13211,1988641.0
1667474580000,0.13211,0.13218,0.13177,0.1318,1121900.0
1667474640000,0.13179,0.13191,0.13132,0.13186,3460903.0
1667474700000,0.13185,0.13194,0.13163,0.13174,900898.0
1667474760000,0.13174,0.13197,0.13173,0.13188,2297459.0
1667474820000,0.13189,0.13247,0.13187,0.13228,2777687.0
1667474880000,0.13229,0.13254,0.13229,0.13239,1544149.0
1667474940000,0.13239,0.13257,0.13237,0.13244,1385087.0
1667475000000,0.13244,0.13282,0.13238,0.13265,1486479.0
1667475060000,0.13265,0.13265,0.1323,0.13243,1172319.0
1667475120000,0.13244,0.13261,0.13234,0.13235,1014307.0
1667475180000,0.13235,0.13241,0.1318,0.13182,913241.0
1667475240000,0.13182,0.13189,0.13073,0.13104,12238487.0
1667475300000,0.13103,0.13139,0.13093,0.13134,3847715.0
1667475360000,0.13135,0.13142,0.13108,0.13122,2465851.0
1667475420000,0.13124,0.1313,0.13093,0.13101,878562.0
1667475480000,0.13099,0.13111,0.1304,0.13078,2975979.0
1667475540000,0.13079,0.13104,0.1306,0.13068,3643822.0
1667475600000,0.13068,0.13103,0.13064,0.13074,2171635.0
1667475660000,0.13077,0.13102,0.1305,0.13056,2152936.0
1667475720000,0.13055,0.13056,0.1295,0.13029,15484259.0
1667475780000,0.13028,0.13041,0.13011,0.13035,1911389.0
1667475840000,0.13034,0.13039,0.13003,0.1302,2151466.0
1667475900000,0.13019,0.13035,0.12979,0.12982,3050704.0
1667475960000,0.12981,0.13013,0.12901,0.12947,13924481.0
1667476020000,0.12946,0.12959,0.12902,0.12921,4522903.0
1667476080000,0.12921,0.12957,0.12796,0.12823,13702004.0
1667476140000,0.12825,0.12905,0.12808,0.12897,8665048.0
1667476200000,0.12899,0.12997,0.1289,0.12992,6231853.0
1667476260000,0.12992,0.13017,0.1298,0.13009,3834452.0
1667476320000,0.1301,0.13027,0.1298,0.13016,3772307.0
1667476380000,0.13017,0.1306,0.13017,0.13048,5833700.0
1667476440000,0.13049,0.1308,0.13035,0.13056,4874342.0
1667476500000,0.13053,0.13054,0.1301,0.13018,2246050.0
1667476560000,0.13016,0.13017,0.12975,0.12976,2348134.0
1667476620000,0.12976,0.12998,0.12963,0.12975,6248079.0
1667476680000,0.12974,0.12991,0.12961,0.1298,3525959.0
1667476740000,0.1298,0.1299,0.12955,0.12986,2161245.0
1667476800000,0.12985,0.13013,0.12946,0.13005,4625088.0
1667476860000,0.13006,0.13006,0.12956,0.12976,3214354.0
1667476920000,0.12978,0.12988,0.12891,0.12913,7796214.0
1667476980000,0.12912,0.12962,0.12887,0.1295,3849607.0
1667477040000,0.12949,0.1302,0.12942,0.13019,2477180.0
1667477100000,0.13019,0.13064,0.12992,0.13063,2642245.0
1667477160000,0.13063,0.13078,0.13042,0.13068,3887675.0
1667477220000,0.13064,0.13069,0.13014,0.13042,2513183.0
1667477280000,0.13042,0.1305,0.13021,0.13028,1446780.0
1667477340000,0.13032,0.1304,0.13016,0.13035,1004932.0
1667477400000,0.13039,0.13044,0.12967,0.12969,2347448.0
1667477460000,0.12968,0.12982,0.12959,0.12961,2887406.0
1667477520000,0.12962,0.12971,0.12924,0.12948,2344626.0
1667477580000,0.12948,0.12997,0.12948,0.12994,2229262.0
1667477640000,0.12995,0.13001,0.12978,0.12993,739949.0
1667477700000,0.12998,0.13004,0.12971,0.12971,1239300.0
1667477760000,0.12972,0.12991,0.12937,0.12988,2175998.0
1667477820000,0.12991,0.13015,0.1298,0.13015,2404507.0
1667477880000,0.13014,0.13024,0.12981,0.12985,927864.0
1667477940000,0.1299,0.1299,0.1294,0.12953,3739786.0
1667478000000,0.12952,0.12952,0.12884,0.12907,2985796.0
1667478060000,0.12905,0.12907,0.12868,0.12879,4044373.0
1667478120000,0.1288,0.12899,0.12871,0.12889,1519067.0
1667478180000,0.1289,0.12908,0.12877,0.12891,1582799.0
1667478240000,0.12891,0.12904,0.12874,0.12902,1981609.0
1667478300000,0.12901,0.1294,0.12901,0.12927,1684211.0
1667478360000,0.12926,0.12947,0.12894,0.12895,3430968.0
1667478420000,0.12898,0.12928,0.12893,0.1291,963371.0
1667478480000,0.12909,0.12943,0.12904,0.12918,1247678.0
1667478540000,0.12918,0.12947,0.1291,0.1294,1636341.0
1667478600000,0.12943,0.13,0.12918,0.12964,4264365.0
1667478660000,0.12966,0.13024,0.12936,0.12974,3981482.0
1667478720000,0.12975,0.1299,0.12963,0.12977,1145757.0
1667478780000,0.12977,0.1298,0.12956,0.1298,866279.0
1667478840000,0.1298,0.12992,0.1297,0.12982,1441640.0
1667478900000,0.12983,0.13002,0.12973,0.12989,1061321.0
1667478960000,0.12987,0.12987,0.12918,0.12926,3447986.0
1667479020000,0.12929,0.12938,0.12903,0.12908,1842595.0
1667479080000,0.12906,0.12915,0.12878,0.12897,3377069.0
1667479140000,0.12894,0.12926,0.12882,0.12913,1800114.0
1667479200000,0.12912,0.12931,0.1289,0.12928,1453860.0
1667479260000,0.12929,0.12944,0.1289,0.12944,1470962.0
1667479320000,0.12941,0.12963,0.1293,0.12957,1283319.0
1667479380000,0.12957,0.12957,0.12919,0.12921,1362316.0
1667479440000,0.12921,0.12929,0.12905,0.12917,696504.0
1667479500000,0.12916,0.12939,0.12901,0.12908,1532284.0
1667479560000,0.12907,0.12908,0.1287,0.12884,2480707.0
1667479620000,0.12884,0.12905,0.12871,0.1288,996745.0
1667479680000,0.12879,0.12887,0.12841,0.12841,3160642.0
1667479740000,0.12841,0.12842,0.12667,0.12721,18492987.0
1667479800000,0.1272,0.12779,0.12666,0.1277,10088208.0
1667479860000,0.12773,0.12859,0.12773,0.12854,4185357.0
1667479920000,0.12854,0.12894,0.12834,0.12841,4418346.0
1667479980000,0.12841,0.12866,0.12838,0.1286,2132702.0
1667480040000,0.1286,0.12864,0.12823,0.12826,1777579.0
1667480100000,0.12827,0.12851,0.12819,0.12836,948242.0
1667480160000,0.12837,0.12873,0.1283,0.12856,2141850.0
1667480220000,0.12855,0.12891,0.12848,0.12881,1724862.0
1667480280000,0.12874,0.12905,0.12867,0.129,1390073.0
1667480340000,0.129,0.12903,0.1285,0.12863,4675215.0
1667480400000,0.12867,0.12885,0.12834,0.12877,3965249.0
1667480460000,0.12877,0.12928,0.12861,0.12918,5755486.0
1667480520000,0.12918,0.12938,0.12904,0.12918,3391710.0
1667480580000,0.12916,0.12942,0.12901,0.12917,3331339.0
1667480640000,0.12917,0.12923,0.12886,0.12913,3875776.0
1667480700000,0.1291,0.1292,0.12886,0.12902,7994928.0
1667480760000,0.12902,0.12903,0.12864,0.12864,5731371.0
1667480820000,0.12864,0.12893,0.12862,0.12893,1333958.0
1667480880000,0.12893,0.12912,0.12872,0.12905,1751392.0
1667480940000,0.12901,0.12924,0.12887,0.12919,2647601.0
1667481000000,0.12919,0.1292,0.12897,0.12911,1552384.0
1667481060000,0.1291,0.12916,0.12894,0.12894,1971234.0
1667481120000,0.12894,0.12913,0.12889,0.12898,798855.0
1667481180000,0.12898,0.1292,0.12893,0.12895,3365038.0
1667481240000,0.12893,0.12914,0.12891,0.12906,2828281.0
1667481300000,0.12905,0.12912,0.12889,0.12894,1056474.0
1667481360000,0.12889,0.12909,0.12885,0.12897,953633.0
1667481420000,0.12898,0.12919,0.12858,0.1286,1897866.0
1667481480000,0.1286,0.12877,0.12842,0.12864,3713202.0
1667481540000,0.12864,0.12873,0.12846,0.12855,3854541.0
1667481600000,0.12854,0.12854,0.128,0.12818,3443903.0
1667481660000,0.12813,0.12854,0.12799,0.12848,3191763.0
1667481720000,0.12848,0.12881,0.12845,0.1286,3937296.0
1667481780000,0.12859,0.12872,0.12832,0.12869,4097748.0
1667481840000,0.1287,0.12926,0.12865,0.12907,2615551.0
1667481900000,0.12911,0.12963,0.12901,0.12954,7442275.0
1667481960000,0.12954,0.12989,0.12939,0.12971,2628237.0
1667482020000,0.12971,0.12977,0.12952,0.12976,1028885.0
1667482080000,0.12976,0.12976,0.12951,0.12953,895584.0
1667482140000,0.12952,0.12974,0.12942,0.12973,2631687.0
1667482200000,0.12973,0.12973,0.12876,0.12899,3055191.0
1667482260000,0.12898,0.12955,0.12891,0.12917,2423499.0
1667482320000,0.12918,0.1295,0.12875,0.12891,2239178.0
1667482380000,0.12893,0.1303,0.12891,0.1302,5105513.0
1667482440000,0.1302,0.13028,0.12967,0.12987,4106733.0
1667482500000,0.12989,0.12999,0.12944,0.12958,2351729.0
1667482560000,0.12958,0.13015,0.12934,0.12976,12695923.0
1667482620000,0.12972,0.1301,0.12957,0.12997,2329476.0
1667482680000,0.12995,0.13032,0.1299,0.13026,1755554.0
1667482740000,0.13021,0.13031,0.1297,0.12994,2255702.0
1667482800000,0.12996,0.12996,0.12964,0.12984,2214628.0
1667482860000,0.1299,0.13028,0.12971,0.13018,3099440.0
1667482920000,0.13014,0.13036,0.13003,0.1302,2630382.0
1667482980000,0.13021,0.13035,0.13002,0.13011,2486422.0
1667483040000,0.1301,0.13021,0.1297,0.12972,5989488.0
1667483100000,0.12974,0.12988,0.12936,0.1295,4101764.0
1667483160000,0.1295,0.12974,0.12929,0.12961,2203864.0
1667483220000,0.12963,0.12976,0.12944,0.12949,1379968.0
1667483280000,0.1295,0.12965,0.12928,0.1296,1127295.0
1667483340000,0.12959,0.12986,0.12945,0.12956,1315747.0
1667483400000,0.12952,0.12962,0.1294,0.1294,1228674.0
1667483460000,0.12942,0.12943,0.12885,0.12895,1544925.0
1667483520000,0.12896,0.12911,0.1287,0.12905,2197999.0
1667483580000,0.12905,0.12905,0.1288,0.12888,1097113.0
1667483640000,0.12889,0.12899,0.12833,0.12843,5460250.0
1667483700000,0.12843,0.12873,0.12829,0.12838,2348751.0
1667483760000,0.12841,0.12855,0.12767,0.12793,7958142.0
1667483820000,0.12792,0.12856,0.12788,0.12849,2413976.0
1667483880000,0.12846,0.12857,0.1282,0.1282,1590511.0
1667483940000,0.1282,0.12831,0.12792,0.12808,2129122.0
1667484000000,0.12809,0.12913,0.12809,0.12832,6291004.0
1667484060000,0.12833,0.12879,0.12816,0.12856,2605185.0
1667484120000,0.12859,0.12887,0.12842,0.12848,2075973.0
1667484180000,0.12845,0.12885,0.12842,0.12866,1938381.0
1667484240000,0.12864,0.13018,0.12863,0.12992,8658985.0
1667484300000,0.12991,0.12991,0.12907,0.12937,6051614.0
1667484360000,0.12934,0.13018,0.1292,0.13001,15021451.0
1667484420000,0.13,0.13,0.12901,0.12956,6130656.0
1667484480000,0.12954,0.12973,0.12937,0.12951,710099.0
1667484540000,0.12949,0.12954,0.12921,0.12928,1001682.0
1667484600000,0.12927,0.1296,0.1292,0.12935,2029754.0
1667484660000,0.12933,0.1298,0.12929,0.12965,2251790.0
1667484720000,0.12963,0.13001,0.12953,0.12985,4280418.0
1667484780000,0.12981,0.13001,0.12963,0.12965,1906624.0
1667484840000,0.12967,0.13017,0.12967,0.13014,3288694.0
1667484900000,0.13012,0.1305,0.12994,0.13027,3922752.0
1667484960000,0.13024,0.13076,0.13024,0.13061,5236230.0
1667485020000,0.13061,0.13077,0.13036,0.13044,4373914.0
1667485080000,0.13046,0.1305,0.12995,0.12995,2150182.0
1667485140000,0.12995,0.13028,0.12982,0.13024,2119190.0
1667485200000,0.13025,0.13074,0.1302,0.13023,2217433.0
1667485260000,0.13027,0.13097,0.13024,0.13043,6307193.0
1667485320000,0.13045,0.131,0.13033,0.13085,2460189.0
1667485380000,0.13085,0.13093,0.13049,0.13051,2006713.0
1667485440000,0.1305,0.13092,0.1305,0.13071,1650069.0
1667485500000,0.13072,0.13149,0.13072,0.13115,4611037.0
1667485560000,0.13115,0.13156,0.1309,0.13097,4349941.0
1667485620000,0.13095,0.13118,0.13094,0.13113,1691031.0
1667485680000,0.13114,0.13145,0.13108,0.13145,3275916.0
1667485740000,0.13146,0.13149,0.131,0.13114,3731507.0
1667485800000,0.13114,0.13125,0.1308,0.13104,5108679.0
1667485860000,0.13104,0.13108,0.13058,0.13066,5652294.0
1667485920000,0.13065,0.13075,0.13034,0.13065,5314072.0
1667485980000,0.13065,0.13086,0.13049,0.13055,1407743.0
1667486040000,0.13055,0.13091,0.13038,0.13075,3130232.0
1667486100000,0.13075,0.131,0.13072,0.13094,1221055.0
1667486160000,0.13094,0.13125,0.13071,0.13088,2689185.0
1667486220000,0.1309,0.13129,0.1309,0.1311,1901231.0
1667486280000,0.13111,0.13134,0.13094,0.13118,1302647.0
1667486340000,0.13119,0.13132,0.13103,0.13126,1201527.0
1667486400000,0.13125,0.13138,0.13102,0.13111,3053101.0
1667486460000,0.13112,0.13177,0.13112,0.13168,3875977.0
1667486520000,0.13167,0.1318,0.13133,0.13169,2146318.0
1667486580000,0.13167,0.1317,0.13141,0.13152,903576.0
1667486640000,0.13152,0.13161,0.13135,0.13144,1742675.0
1667486700000,0.13145,0.13182,0.1314,0.1314,3164055.0
1667486760000,0.13141,0.13156,0.13093,0.13096,4414178.0
1667486820000,0.131,0.13116,0.13094,0.13115,3456900.0
1667486880000,0.13114,0.13144,0.13114,0.13125,3056989.0
1667486940000,0.13125,0.13142,0.13109,0.13139,1806525.0
1667487000000,0.13139,0.1318,0.13131,0.13174,2336282.0
1667487060000,0.1318,0.132,0.13175,0.13178,4164437.0
1667487120000,0.13179,0.13195,0.1315,0.13153,2527270.0
1667487180000,0.13153,0.13192,0.1315,0.13158,2657612.0
1667487240000,0.13159,0.13177,0.13138,0.13147,1941912.0
1667487300000,0.13146,0.13151,0.13125,0.13137,2155387.0
1667487360000,0.13139,0.1317,0.13136,0.13143,2073638.0
1667487420000,0.13143,0.1316,0.13128,0.1315,1115267.0
1667487480000,0.13151,0.13151,0.13114,0.13128,1482134.0
1667487540000,0.13129,0.1314,0.13114,0.13126,1307495.0
1667487600000,0.13125,0.1314,0.13114,0.13128,1633574.0
1667487660000,0.13128,0.13148,0.13123,0.13126,986871.0
1667487720000,0.13127,0.13147,0.13126,0.13147,611399.0
1667487780000,0.13148,0.13174,0.13115,0.13117,3108228.0
1667487840000,0.13116,0.1312,0.13027,0.13062,10111178.0
1667487900000,0.13062,0.13084,0.13056,0.13066,4477135.0
1667487960000,0.13066,0.13069,0.13041,0.1306,3145803.0
1667488020000,0.1306,0.13092,0.13048,0.13074,1390355.0
1667488080000,0.13074,0.1312,0.13062,0.13118,4277935.0
1667488140000,0.13118,0.13127,0.13094,0.13124,2644129.0
1667488200000,0.1312,0.13133,0.13111,0.13122,1539572.0
1667488260000,0.13121,0.13136,0.13119,0.13132,614036.0
1667488320000,0.13133,0.13147,0.131,0.13108,1289566.0
1667488380000,0.13106,0.13133,0.13104,0.13128,1243780.0
1667488440000,0.13129,0.13134,0.13086,0.13086,1796025.0
1667488500000,0.13089,0.1312,0.1308,0.13084,1684945.0
1667488560000,0.13083,0.13084,0.13063,0.13067,1395096.0
1667488620000,0.13067,0.13089,0.13055,0.13073,1228357.0
1667488680000,0.13074,0.13089,0.1305,0.13059,1083566.0
1667488740000,0.13059,0.13073,0.13054,0.13073,1754934.0
1667488800000,0.13073,0.13086,0.1307,0.1308,559443.0
1667488860000,0.13081,0.13089,0.13045,0.13071,1712572.0
1667488920000,0.13068,0.13075,0.13056,0.13062,706900.0
1667488980000,0.13061,0.13076,0.13056,0.13071,422309.0
1667489040000,0.13069,0.13071,0.1304,0.13054,1404342.0
1667489100000,0.13055,0.13063,0.1303,0.13063,2745240.0
1667489160000,0.13063,0.13081,0.1306,0.13072,728068.0
1667489220000,0.13073,0.13089,0.13056,0.13074,952715.0
1667489280000,0.13074,0.13082,0.1305,0.13064,1027197.0
1667489340000,0.13063,0.13071,0.13039,0.13055,1175335.0
1667489400000,0.13053,0.13064,0.13002,0.13013,6297656.0
1667489460000,0.13013,0.13026,0.12975,0.13,4656362.0
1667489520000,0.13002,0.13019,0.12978,0.13001,2656079.0
1667489580000,0.13002,0.13003,0.12986,0.12999,2246498.0
1667489640000,0.12998,0.13006,0.12981,0.12997,2990381.0
1667489700000,0.12997,0.13027,0.12989,0.13025,4428186.0
1667489760000,0.13024,0.1307,0.13022,0.13068,2173067.0
1667489820000,0.13066,0.13109,0.13061,0.13106,2083606.0
1667489880000,0.13106,0.13118,0.13074,0.13105,2000837.0
1667489940000,0.13106,0.13128,0.13086,0.13128,2818420.0
1667490000000,0.13127,0.13146,0.13101,0.13137,2465448.0
1667490060000,0.13135,0.13145,0.13114,0.13138,1476855.0
1667490120000,0.13137,0.13198,0.13137,0.13172,7483166.0
1667490180000,0.13173,0.13199,0.13162,0.13188,3228222.0
1667490240000,0.13187,0.13198,0.13163,0.13176,1617241.0
1667490300000,0.13176,0.13196,0.13163,0.13188,2522471.0
1667490360000,0.13186,0.13191,0.13172,0.13174,1301612.0
1667490420000,0.13174,0.13177,0.13148,0.13149,1235569.0
1667490480000,0.1315,0.1315,0.13129,0.1313,666667.0
1667490540000,0.13132,0.13141,0.13111,0.13119,1057978.0
1667490600000,0.1312,0.13142,0.13109,0.13118,1478586.0
1667490660000,0.13124,0.13127,0.13089,0.13108,2864314.0
1667490720000,0.13108,0.13122,0.13097,0.13117,1340466.0
1667490780000,0.13116,0.13125,0.13104,0.13122,1428562.0
1667490840000,0.13121,0.13123,0.13078,0.13093,10089006.0
1667490900000,0.13093,0.13111,0.13087,0.13106,1535159.0
1667490960000,0.13106,0.13122,0.13102,0.13111,1343421.0
1667491020000,0.13111,0.13135,0.13103,0.13115,1776949.0
1667491080000,0.13113,0.13146,0.13113,0.1313,1357561.0
1667491140000,0.13131,0.13145,0.13114,0.13117,1215714.0
1667491200000,0.13116,0.13126,0.131,0.13105,1142002.0
1667491260000,0.13104,0.13133,0.13104,0.13132,846969.0
1667491320000,0.13132,0.13137,0.13108,0.13113,1192443.0
1667491380000,0.13113,0.13135,0.13104,0.13109,1047075.0
1667491440000,0.13106,0.13168,0.13106,0.13161,1640455.0
1667491500000,0.1316,0.1317,0.13145,0.13153,2712651.0
1667491560000,0.13152,0.13161,0.13118,0.13131,1536866.0
1667491620000,0.13131,0.13147,0.13108,0.13117,1346752.0
1667491680000,0.13117,0.13117,0.13077,0.13089,3260079.0
1667491740000,0.13089,0.131,0.13077,0.13078,982295.0
1667491800000,0.13078,0.1312,0.13071,0.13116,2273378.0
1667491860000,0.13114,0.13118,0.13093,0.13104,692156.0
1667491920000,0.13104,0.1311,0.13082,0.13109,671631.0
1667491980000,0.13108,0.13117,0.13086,0.13093,906434.0
1667492040000,0.13092,0.13099,0.13081,0.13098,617983.0
1667492100000,0.13097,0.13113,0.13093,0.13111,993650.0
1667492160000,0.13109,0.13132,0.13102,0.13111,1408744.0
1667492220000,0.1311,0.13124,0.13106,0.13116,635521.0
1667492280000,0.13117,0.13124,0.13112,0.13116,657135.0
1667492340000,0.13116,0.13116,0.1309,0.13105,892001.0
1667492400000,0.13102,0.13102,0.13065,0.13069,1092661.0
1667492460000,0.13068,0.13074,0.13044,0.13048,5451623.0
1667492520000,0.13048,0.13069,0.13027,0.13038,2712318.0
1667492580000,0.13039,0.13048,0.13026,0.13032,1437932.0
1667492640000,0.13031,0.13035,0.13011,0.13034,1494910.0
1667492700000,0.13033,0.13055,0.13026,0.13053,1094709.0
1667492760000,0.13055,0.13077,0.13053,0.13061,840670.0
1667492820000,0.13061,0.13076,0.13045,0.13069,1049275.0
1667492880000,0.13068,0.1307,0.13046,0.13058,780204.0
1667492940000,0.13056,0.13067,0.13042,0.13059,1494017.0
1667493000000,0.13061,0.13109,0.13056,0.13107,2096913.0
1667493060000,0.13104,0.13111,0.13071,0.13092,1463550.0
1667493120000,0.13093,0.13097,0.1308,0.13094,716916.0
1667493180000,0.13093,0.13101,0.13085,0.13096,846487.0
1667493240000,0.13096,0.13113,0.13095,0.131,856232.0
1667493300000,0.131,0.131,0.13055,0.13055,900462.0
1667493360000,0.13057,0.13067,0.13017,0.13023,2306157.0
1667493420000,0.13022,0.13052,0.1302,0.13045,2230823.0
1667493480000,0.13045,0.13066,0.13035,0.1306,634567.0
1667493540000,0.1306,0.13073,0.13048,0.13051,912253.0
1667493600000,0.13051,0.13065,0.13042,0.13061,1183450.0
1667493660000,0.13059,0.13059,0.13037,0.1305,598608.0
1667493720000,0.13048,0.13059,0.1304,0.13045,1324287.0
1667493780000,0.13044,0.13074,0.1304,0.13072,1684704.0
1667493840000,0.13072,0.13107,0.13071,0.1309,3235749.0
1667493900000,0.13088,0.13135,0.13083,0.13127,6018318.0
1667493960000,0.13126,0.13149,0.13113,0.13142,1799647.0
1667494020000,0.13142,0.13144,0.13108,0.13108,1871470.0
1667494080000,0.13109,0.13125,0.13104,0.13115,2002588.0
1667494140000,0.13115,0.13126,0.13112,0.13123,541421.0
1667494200000,0.13124,0.13171,0.13124,0.13163,3749575.0
1667494260000,0.1316,0.13171,0.13152,0.13167,1513541.0
1667494320000,0.13167,0.1317,0.1313,0.13139,2178502.0
1667494380000,0.1314,0.13154,0.13129,0.13139,1401642.0
1667494440000,0.13138,0.13139,0.13126,0.13131,501056.0
1667494500000,0.13132,0.13149,0.13128,0.13147,928686.0
1667494560000,0.13147,0.13155,0.13135,0.13143,497512.0
1667494620000,0.13142,0.13147,0.13136,0.13142,1466080.0
1667494680000,0.13142,0.13143,0.13111,0.13126,1782807.0
1667494740000,0.13127,0.13139,0.13127,0.13134,235484.0
1667494800000,0.13135,0.13147,0.13132,0.1314,549254.0
1667494860000,0.1314,0.1314,0.13115,0.13117,485389.0
1667494920000,0.13117,0.1312,0.131,0.13108,1943869.0
1667494980000,0.13109,0.13118,0.13104,0.13105,1978643.0
1667495040000,0.13105,0.1312,0.1309,0.13099,1587523.0
1667495100000,0.13098,0.13105,0.1309,0.13092,470226.0
1667495160000,0.13092,0.13099,0.13082,0.13082,601795.0
1667495220000,0.13084,0.13085,0.13061,0.13085,1395510.0
1667495280000,0.13086,0.13102,0.13086,0.13093,910429.0
1667495340000,0.13095,0.1311,0.13083,0.13102,570969.0
1667495400000,0.13101,0.13109,0.13091,0.13091,601260.0
1667495460000,0.1309,0.13103,0.13055,0.13058,2404263.0
1667495520000,0.13059,0.13072,0.1305,0.13068,772783.0
1667495580000,0.13067,0.13068,0.13056,0.13061,888683.0
1667495640000,0.13058,0.13068,0.13055,0.13062,657197.0
1667495700000,0.13063,0.1308,0.13051,0.13055,1588301.0
1667495760000,0.13057,0.13057,0.13043,0.13046,1017741.0
1667495820000,0.13045,0.13063,0.13037,0.13053,1016309.0
1667495880000,0.13055,0.1306,0.13026,0.13027,766959.0
1667495940000,0.13026,0.13027,0.12945,0.12985,5394399.0
1667496000000,0.12986,0.13015,0.12986,0.13,1542329.0
1667496060000,0.13002,0.13011,0.12992,0.12995,936147.0
1667496120000,0.12998,0.13003,0.12988,0.12989,693990.0
1667496180000,0.12988,0.13003,0.12983,0.12984,695485.0
1667496240000,0.12984,0.12997,0.12983,0.12987,1149480.0
1667496300000,0.12986,0.1299,0.12977,0.12988,662216.0
1667496360000,0.12989,0.12989,0.12959,0.12975,2582711.0
1667496420000,0.12973,0.12984,0.12969,0.12981,514613.0
1667496480000,0.12981,0.12998,0.12981,0.12988,1554061.0
1667496540000,0.12988,0.13017,0.12983,0.13011,1589812.0
1667496600000,0.13011,0.13031,0.12999,0.12999,947247.0
1667496660000,0.12999,0.13011,0.12985,0.12997,2089711.0
1667496720000,0.12999,0.13004,0.12987,0.12996,447271.0
1667496780000,0.12997,0.12999,0.12981,0.12981,1056399.0
1667496840000,0.12981,0.12992,0.12971,0.12979,1064775.0
1667496900000,0.12978,0.13002,0.12973,0.12985,1989371.0
1667496960000,0.12982,0.12995,0.12969,0.12988,977269.0
1667497020000,0.12989,0.12989,0.12961,0.12964,926528.0
1667497080000,0.12964,0.12969,0.12925,0.12952,2032167.0
1667497140000,0.12952,0.12954,0.12939,0.12942,800380.0
1667497200000,0.12942,0.12942,0.12809,0.12913,13002045.0
1667497260000,0.12914,0.12946,0.12914,0.12939,1529929.0
1667497320000,0.12938,0.12942,0.12911,0.12915,1093453.0
1667497380000,0.12916,0.12938,0.1291,0.12935,1782530.0
1667497440000,0.12935,0.12945,0.129,0.12908,6643568.0
1667497500000,0.12908,0.12915,0.12901,0.12913,2133404.0
1667497560000,0.12912,0.1294,0.12909,0.12939,1181467.0
1667497620000,0.12938,0.12992,0.12938,0.1298,3066381.0
1667497680000,0.12981,0.12992,0.12966,0.12968,1486945.0
1667497740000,0.12968,0.12971,0.12957,0.12958,471316.0
1667497800000,0.12957,0.12963,0.12954,0.12963,456013.0
1667497860000,0.12963,0.12964,0.12943,0.12949,833273.0
1667497920000,0.12949,0.12949,0.12859,0.12879,6392810.0
1667497980000,0.12877,0.12886,0.12869,0.12877,2304096.0
1667498040000,0.12876,0.12884,0.12802,0.12833,6422002.0
1667498100000,0.12833,0.12874,0.1283,0.12874,2038556.0
1667498160000,0.12875,0.12875,0.12692,0.12715,59565184.0
1667498220000,0.12715,0.12772,0.1267,0.12761,17683858.0
1667498280000,0.12759,0.12839,0.12757,0.12817,4320376.0
1667498340000,0.12818,0.1283,0.128,0.12801,2421116.0
1667498400000,0.128,0.12833,0.12789,0.12825,3335721.0
1667498460000,0.12825,0.12843,0.12791,0.12791,2095336.0
1667498520000,0.12793,0.12809,0.1274,0.12755,4714824.0
1667498580000,0.12758,0.12778,0.12737,0.12747,2325690.0
1667498640000,0.12745,0.12774,0.1271,0.12731,5400539.0
1667498700000,0.12731,0.12771,0.12731,0.12767,1345348.0
1667498760000,0.12768,0.12783,0.1274,0.12758,3729983.0
1667498820000,0.12757,0.1278,0.12745,0.12753,6489928.0
1667498880000,0.12755,0.1276,0.12739,0.12739,7731784.0
1667498940000,0.12739,0.12752,0.12729,0.12729,3152353.0
1667499000000,0.12729,0.12732,0.12705,0.12731,2616378.0
1667499060000,0.1273,0.12745,0.127,0.127,2138921.0
1667499120000,0.127,0.12701,0.1255,0.12654,28143477.0
1667499180000,0.12652,0.12688,0.1265,0.12664,3369456.0
1667499240000,0.12666,0.12703,0.12666,0.12697,1528781.0
1667499300000,0.12698,0.12733,0.12695,0.12727,2413166.0
1667499360000,0.12728,0.12746,0.12717,0.12727,3968832.0
1667499420000,0.12726,0.12749,0.12724,0.12734,1967466.0
1667499480000,0.12735,0.12767,0.12734,0.12753,2562868.0
1667499540000,0.12753,0.12796,0.12753,0.1277,3009991.0
1667499600000,0.12771,0.12789,0.1276,0.12781,2090127.0
1667499660000,0.1278,0.12789,0.12753,0.12762,1909880.0
1667499720000,0.12763,0.1278,0.12753,0.12759,1576196.0
1667499780000,0.12756,0.12768,0.12752,0.12766,947949.0
1667499840000,0.12766,0.12784,0.12762,0.12772,1152197.0
1667499900000,0.12772,0.12784,0.12764,0.12767,883844.0
1667499960000,0.12767,0.12788,0.12757,0.12784,1480816.0
1667500020000,0.12781,0.1279,0.12762,0.12762,2314801.0
1667500080000,0.12762,0.1277,0.12745,0.12769,2436261.0
1667500140000,0.12769,0.1277,0.12758,0.12763,1290516.0
1667500200000,0.12762,0.1277,0.12751,0.12758,576657.0
1667500260000,0.12758,0.12758,0.12738,0.12739,1751529.0
1667500320000,0.1274,0.1279,0.12732,0.12787,2055604.0
1667500380000,0.12789,0.1279,0.12766,0.12771,1762257.0
1667500440000,0.12772,0.12787,0.12768,0.12773,1061540.0
1667500500000,0.12773,0.12785,0.12764,0.12764,1061727.0
1667500560000,0.12765,0.12786,0.12765,0.12777,490403.0
1667500620000,0.12776,0.12778,0.1276,0.12775,1485941.0
1667500680000,0.12775,0.12782,0.12749,0.12759,1686102.0
1667500740000,0.1276,0.12771,0.12745,0.12748,1768326.0
1667500800000,0.12748,0.12761,0.12743,0.12749,1693532.0
1667500860000,0.12749,0.12759,0.12738,0.12743,668138.0
1667500920000,0.12742,0.12755,0.12731,0.12752,726751.0
1667500980000,0.1275,0.12751,0.12725,0.12726,545633.0
1667501040000,0.12725,0.12754,0.12724,0.12753,1342453.0
1667501100000,0.12754,0.12783,0.12751,0.12778,737974.0
1667501160000,0.12781,0.12795,0.12776,0.12787,2243540.0
1667501220000,0.12784,0.12823,0.12783,0.12809,3020064.0
1667501280000,0.12809,0.12827,0.12803,0.12821,1835129.0
1667501340000,0.12821,0.12825,0.12787,0.12797,1067735.0
1667501400000,0.12796,0.12799,0.12771,0.12786,1484947.0
1667501460000,0.12785,0.12797,0.12767,0.12785,975737.0
1667501520000,0.12784,0.1281,0.12784,0.12808,556380.0
1667501580000,0.12808,0.12824,0.12806,0.12812,1048192.0
1667501640000,0.12814,0.12818,0.12798,0.12811,508944.0
1667501700000,0.12814,0.12824,0.128,0.12815,960758.0
1667501760000,0.12815,0.1282,0.12806,0.12819,600695.0
1667501820000,0.1282,0.12839,0.12819,0.12834,1091726.0
1667501880000,0.12834,0.12838,0.12826,0.12828,840082.0
1667501940000,0.12828,0.12843,0.12822,0.12837,891561.0
1667502000000,0.12833,0.12841,0.12807,0.12814,1242234.0
1667502060000,0.12815,0.12835,0.12801,0.12809,1896398.0
1667502120000,0.12808,0.12813,0.128,0.12805,535869.0
1667502180000,0.12804,0.12808,0.12791,0.12798,2149378.0
1667502240000,0.12797,0.12807,0.12779,0.12785,1797349.0
1667502300000,0.12786,0.12804,0.12781,0.12784,1317353.0
1667502360000,0.12786,0.1281,0.12776,0.1281,4479457.0
1667502420000,0.1281,0.12828,0.12799,0.12826,1421361.0
1667502480000,0.12826,0.12832,0.12807,0.12826,830300.0
1667502540000,0.12827,0.12839,0.12822,0.12822,870156.0
1667502600000,0.12822,0.12835,0.12811,0.12829,591215.0
1667502660000,0.12829,0.12829,0.12789,0.12799,5993839.0
1667502720000,0.12799,0.12803,0.12794,0.12794,4499473.0
1667502780000,0.12794,0.12817,0.1278,0.12814,1775235.0
1667502840000,0.12815,0.12834,0.12815,0.12825,1079922.0
1667502900000,0.12825,0.12836,0.12785,0.12803,1602945.0
1667502960000,0.12803,0.12834,0.12793,0.12831,1093844.0
1667503020000,0.1283,0.12854,0.12829,0.12838,2172076.0
1667503080000,0.12837,0.12865,0.12836,0.12863,1237861.0
1667503140000,0.12858,0.1286,0.1283,0.12839,1793013.0
1667503200000,0.12837,0.12837,0.1282,0.12828,990023.0
1667503260000,0.12828,0.1285,0.12817,0.12818,3959711.0
1667503320000,0.12817,0.12837,0.12812,0.12821,1996292.0
1667503380000,0.12819,0.1283,0.12801,0.12803,1963931.0
1667503440000,0.12802,0.1282,0.12798,0.12819,1812265.0
1667503500000,0.12819,0.12836,0.12813,0.12834,944409.0
1667503560000,0.12835,0.12845,0.12833,0.12833,1104476.0
1667503620000,0.12833,0.12851,0.12833,0.12839,894443.0
1667503680000,0.12838,0.12851,0.12836,0.1285,641137.0
1667503740000,0.12851,0.12865,0.12843,0.12864,705654.0
1667503800000,0.12864,0.12883,0.12858,0.12876,1544291.0
1667503860000,0.12877,0.12877,0.12864,0.12866,570787.0
1667503920000,0.12867,0.12876,0.12865,0.12875,497788.0
1667503980000,0.12875,0.12886,0.12865,0.12872,645279.0
1667504040000,0.12872,0.1289,0.12871,0.12882,628085.0
1667504100000,0.12881,0.12881,0.12841,0.12851,943610.0
1667504160000,0.12852,0.12852,0.12828,0.12828,795588.0
1667504220000,0.12828,0.12868,0.12828,0.12859,514431.0
1667504280000,0.1286,0.12884,0.12844,0.12872,952761.0
1667504340000,0.12873,0.12878,0.12859,0.12875,474062.0
1667504400000,0.12874,0.12879,0.1285,0.12853,815121.0
1667504460000,0.12856,0.12858,0.12842,0.12847,1554363.0
1667504520000,0.12848,0.1288,0.12848,0.12865,1596574.0
1667504580000,0.12865,0.12868,0.12849,0.12868,312682.0
1667504640000,0.1287,0.12871,0.12838,0.12843,396444.0
1667504700000,0.12843,0.12855,0.12829,0.12829,1234613.0
1667504760000,0.12832,0.12837,0.12811,0.12815,826765.0
1667504820000,0.12814,0.1284,0.12814,0.12815,1015680.0
1667504880000,0.12816,0.12836,0.12813,0.12826,617275.0
1667504940000,0.12825,0.12838,0.1282,0.1282,506008.0
1667505000000,0.1282,0.12824,0.12813,0.1282,311752.0
1667505060000,0.12818,0.12821,0.12805,0.12809,493255.0
1667505120000,0.1281,0.12824,0.1281,0.12818,854789.0
1667505180000,0.12818,0.12818,0.12793,0.12796,2843076.0
1667505240000,0.12796,0.12814,0.12795,0.1281,996111.0
1667505300000,0.12809,0.12813,0.12804,0.12806,650285.0
1667505360000,0.12806,0.1281,0.128,0.12808,315837.0
1667505420000,0.12808,0.12813,0.12791,0.12794,1450445.0
1667505480000,0.12794,0.12819,0.12794,0.12819,2134455.0
1667505540000,0.12819,0.12845,0.12819,0.12834,1091946.0
1667505600000,0.1284,0.12848,0.12811,0.12822,3816063.0
1667505660000,0.1282,0.12841,0.12809,0.12809,1372700.0
1667505720000,0.12808,0.12835,0.12795,0.128,1625511.0
1667505780000,0.12799,0.12814,0.1279,0.12791,1261671.0
1667505840000,0.12793,0.12812,0.12764,0.12781,3420307.0
1667505900000,0.12783,0.12785,0.12742,0.12755,3945186.0
1667505960000,0.12758,0.12765,0.12743,0.12764,963860.0
1667506020000,0.12766,0.12779,0.12758,0.12775,591692.0
1667506080000,0.12774,0.12774,0.12757,0.12768,700676.0
1667506140000,0.12767,0.12768,0.12749,0.12758,492722.0
1667506200000,0.12758,0.12763,0.12748,0.12751,905829.0
1667506260000,0.12751,0.12766,0.12751,0.12763,569689.0
1667506320000,0.12762,0.12791,0.1276,0.12777,877604.0
1667506380000,0.12777,0.12786,0.1277,0.12781,457396.0
1667506440000,0.12781,0.12804,0.12781,0.12799,1041170.0
1667506500000,0.12799,0.12815,0.12791,0.12791,994058.0
1667506560000,0.12792,0.12793,0.12778,0.12783,464152.0
1667506620000,0.12783,0.12788,0.12762,0.12786,1370414.0
1667506680000,0.12781,0.1279,0.12778,0.12781,370154.0
1667506740000,0.12781,0.12794,0.12775,0.12794,512714.0
1667506800000,0.12793,0.12798,0.12779,0.12781,858582.0
1667506860000,0.1278,0.12793,0.12773,0.12783,492612.0
1667506920000,0.12783,0.128,0.12776,0.12792,1012396.0
1667506980000,0.12791,0.128,0.12788,0.128,931566.0
1667507040000,0.128,0.1281,0.12793,0.12804,2480148.0
1667507100000,0.12805,0.12822,0.12805,0.1282,518823.0
1667507160000,0.1282,0.12836,0.1282,0.12822,1249242.0
1667507220000,0.12822,0.12822,0.12801,0.12805,1552575.0
1667507280000,0.12805,0.12842,0.12802,0.12841,1116938.0
1667507340000,0.12842,0.12843,0.12819,0.12819,368185.0
1667507400000,0.12819,0.12825,0.1281,0.1282,534453.0
1667507460000,0.12821,0.12846,0.12821,0.12845,1081164.0
1667507520000,0.12846,0.12893,0.12837,0.1289,1480684.0
1667507580000,0.1289,0.12928,0.12883,0.12896,3116042.0
1667507640000,0.12896,0.12897,0.12882,0.12883,622763.0
1667507700000,0.12883,0.12893,0.12876,0.12892,829982.0
1667507760000,0.12892,0.12916,0.12891,0.12911,1635585.0
1667507820000,0.12912,0.12953,0.12911,0.12926,2307454.0
1667507880000,0.12925,0.12926,0.12912,0.12921,776521.0
1667507940000,0.12921,0.1297,0.1292,0.12966,2622051.0
1667508000000,0.12967,0.12971,0.12949,0.12956,1523956.0
1667508060000,0.12956,0.12956,0.1292,0.12931,1757394.0
1667508120000,0.12933,0.12933,0.12904,0.12916,797482.0
1667508180000,0.12915,0.12922,0.12896,0.12896,878320.0
1667508240000,0.12896,0.12899,0.12861,0.12899,1803289.0
1667508300000,0.12897,0.1295,0.12888,0.12946,1793634.0
1667508360000,0.12949,0.12979,0.12946,0.12952,2648828.0
1667508420000,0.1295,0.12959,0.12927,0.12931,2289452.0
1667508480000,0.12933,0.12949,0.1292,0.12949,1033492.0
1667508540000,0.12948,0.12951,0.12928,0.12928,1362437.0
1667508600000,0.12931,0.12941,0.12921,0.12935,374779.0
1667508660000,0.12934,0.12936,0.12902,0.12907,1323354.0
1667508720000,0.12908,0.12916,0.129,0.12903,345377.0
1667508780000,0.12905,0.12913,0.12894,0.12895,536413.0
1667508840000,0.12894,0.12907,0.12881,0.12892,1607987.0
1667508900000,0.12892,0.12895,0.12876,0.12885,617133.0
1667508960000,0.12885,0.12937,0.12879,0.12933,1945050.0
1667509020000,0.12929,0.1293,0.12898,0.12917,430303.0
1667509080000,0.12917,0.12917,0.12887,0.12893,496577.0
1667509140000,0.12892,0.12892,0.12871,0.12878,698528.0
1667509200000,0.12878,0.12892,0.12872,0.12888,428583.0
1667509260000,0.12887,0.12889,0.1288,0.12882,444292.0
1667509320000,0.12883,0.12893,0.1287,0.12885,923978.0
1667509380000,0.12884,0.12972,0.1288,0.12953,3546738.0
1667509440000,0.12954,0.12962,0.1295,0.12956,957238.0
1667509500000,0.12955,0.12974,0.12952,0.12968,1991979.0
1667509560000,0.12968,0.12974,0.12956,0.12969,1011468.0
1667509620000,0.1297,0.1298,0.12964,0.12969,962901.0
1667509680000,0.1297,0.12971,0.12951,0.12967,759861.0
1667509740000,0.12967,0.12971,0.12962,0.12968,682404.0
1667509800000,0.12968,0.12968,0.12953,0.12955,696066.0
1667509860000,0.12956,0.12967,0.12953,0.12953,667986.0
1667509920000,0.12952,0.12974,0.12952,0.12972,1122105.0
1667509980000,0.12971,0.12987,0.12966,0.12967,2082375.0
1667510040000,0.12966,0.1299,0.12961,0.12986,760592.0
1667510100000,0.12985,0.12992,0.1297,0.12971,1347501.0
1667510160000,0.12971,0.1298,0.12954,0.12968,1067914.0
1667510220000,0.12967,0.12967,0.12953,0.12965,1077943.0
1667510280000,0.12967,0.12982,0.12967,0.12975,487199.0
1667510340000,0.12975,0.1298,0.12957,0.1296,372108.0
1667510400000,0.12957,0.12968,0.12954,0.12962,568804.0
1667510460000,0.12962,0.1298,0.12961,0.12978,658353.0
1667510520000,0.12978,0.13,0.12971,0.12991,3001879.0
1667510580000,0.12991,0.12994,0.12961,0.12963,660755.0
1667510640000,0.12965,0.1298,0.12959,0.12971,723126.0
1667510700000,0.12971,0.12981,0.12969,0.12973,213998.0
1667510760000,0.12972,0.12981,0.12964,0.12978,299583.0
1667510820000,0.12978,0.12983,0.12971,0.12971,421110.0
1667510880000,0.12972,0.12976,0.12957,0.12959,955158.0
1667510940000,0.12958,0.12974,0.12958,0.1297,703192.0
1667511000000,0.12969,0.12969,0.12956,0.12956,257423.0
1667511060000,0.12956,0.1296,0.12953,0.12956,285986.0
1667511120000,0.12956,0.12957,0.12954,0.12955,163784.0
1667511180000,0.12956,0.1296,0.1295,0.12957,887045.0
1667511240000,0.12957,0.12972,0.12957,0.12958,622180.0
1667511300000,0.12959,0.12968,0.12953,0.12955,583908.0
1667511360000,0.12955,0.1296,0.12952,0.12953,471526.0
1667511420000,0.12952,0.12953,0.12883,0.12901,5023377.0
1667511480000,0.12902,0.12942,0.12902,0.12936,930343.0
1667511540000,0.12939,0.12973,0.12935,0.12961,1449839.0
1667511600000,0.12961,0.12964,0.12944,0.12948,450522.0
1667511660000,0.12949,0.12957,0.12938,0.12938,1066593.0
1667511720000,0.12938,0.1294,0.12927,0.12929,301624.0
1667511780000,0.12928,0.12928,0.12913,0.12924,553894.0
1667511840000,0.12925,0.12957,0.12923,0.12955,1031857.0
1667511900000,0.12953,0.12982,0.12953,0.12969,1395938.0
1667511960000,0.12968,0.12973,0.12968,0.12969,414312.0
1667512020000,0.12968,0.12977,0.12923,0.12931,3375318.0
1667512080000,0.12931,0.12938,0.12913,0.12937,1950791.0
1667512140000,0.12938,0.12939,0.12922,0.12934,917325.0
1667512200000,0.12937,0.12948,0.1292,0.12921,1292491.0
1667512260000,0.12921,0.12953,0.12921,0.12931,851844.0
1667512320000,0.1293,0.12938,0.12919,0.12937,531453.0
1667512380000,0.12937,0.12944,0.12923,0.1293,411810.0
1667512440000,0.12931,0.12943,0.1292,0.12943,747471.0
1667512500000,0.12943,0.12943,0.12931,0.12932,699763.0
1667512560000,0.12933,0.12933,0.12922,0.12933,511509.0
1667512620000,0.12933,0.12933,0.12927,0.12931,348337.0
1667512680000,0.1293,0.12931,0.12925,0.12926,217347.0
1667512740000,0.12925,0.12926,0.12912,0.12918,902333.0
1667512800000,0.12917,0.12928,0.12912,0.12914,642399.0
1667512860000,0.12914,0.12915,0.12781,0.12863,9097532.0
1667512920000,0.1286,0.12897,0.12851,0.12889,2834409.0
1667512980000,0.12889,0.129,0.12851,0.12851,1535936.0
1667513040000,0.12852,0.12872,0.12833,0.12868,2677348.0
1667513100000,0.12869,0.12877,0.12853,0.12864,721261.0
1667513160000,0.12865,0.12871,0.12853,0.12863,1073227.0
1667513220000,0.12863,0.12879,0.12863,0.1287,706595.0
1667513280000,0.12871,0.12888,0.1287,0.12875,667663.0
1667513340000,0.12875,0.12884,0.12865,0.12875,1160996.0
1667513400000,0.12875,0.12876,0.12851,0.12852,889885.0
1667513460000,0.12853,0.12853,0.12831,0.12845,1193931.0
1667513520000,0.12844,0.12844,0.12799,0.12821,5981611.0
1667513580000,0.12822,0.12824,0.12807,0.12809,1575776.0
1667513640000,0.12809,0.12844,0.12809,0.12837,1450592.0
1667513700000,0.12836,0.12836,0.12811,0.12823,1283463.0
1667513760000,0.12824,0.12829,0.12801,0.12801,1072082.0
1667513820000,0.128,0.12827,0.12774,0.1278,3629082.0
1667513880000,0.12781,0.12802,0.1277,0.12779,1989884.0
1667513940000,0.12778,0.12796,0.12768,0.12795,2873062.0
1667514000000,0.12795,0.12806,0.12773,0.12773,1347955.0
1667514060000,0.12772,0.12782,0.12756,0.12777,2448219.0
1667514120000,0.12778,0.1279,0.12769,0.12773,1380255.0
1667514180000,0.12772,0.12804,0.12767,0.12798,1929884.0
1667514240000,0.12799,0.12802,0.12783,0.12801,1918665.0
1667514300000,0.128,0.12825,0.12792,0.12825,1208591.0
1667514360000,0.12824,0.12883,0.12815,0.12881,2548620.0
1667514420000,0.1288,0.12892,0.12875,0.12876,2256004.0
1667514480000,0.12877,0.12877,0.12839,0.12842,1478793.0
1667514540000,0.1284,0.12869,0.1284,0.12848,1177728.0
1667514600000,0.12848,0.12853,0.1283,0.1283,1093983.0
1667514660000,0.12829,0.12835,0.12777,0.12784,1789101.0
1667514720000,0.12782,0.12803,0.12768,0.12794,1498765.0
1667514780000,0.12796,0.12797,0.1277,0.12779,1624640.0
1667514840000,0.12778,0.12778,0.1275,0.12751,3018905.0
1667514900000,0.1275,0.12792,0.1274,0.12781,1240150.0
1667514960000,0.12779,0.12779,0.12748,0.12752,1081160.0
1667515020000,0.12751,0.12764,0.12746,0.12754,836895.0
1667515080000,0.12755,0.12762,0.12746,0.1276,765383.0
1667515140000,0.12759,0.1276,0.1274,0.12745,1037795.0
1667515200000,0.12741,0.12775,0.1274,0.12768,1158825.0
1667515260000,0.12768,0.12773,0.12746,0.12746,662226.0
1667515320000,0.12746,0.12769,0.12742,0.12767,963243.0
1667515380000,0.12767,0.12768,0.12747,0.1275,305102.0
1667515440000,0.12751,0.12767,0.12738,0.12741,1874228.0
1667515500000,0.12741,0.12741,0.12722,0.1273,2102685.0
1667515560000,0.12729,0.12755,0.1272,0.12753,1141376.0
1667515620000,0.12753,0.12762,0.12727,0.12732,933350.0
1667515680000,0.1273,0.1273,0.1269,0.127,6498149.0
1667515740000,0.12701,0.12706,0.12678,0.12679,2497764.0
1667515800000,0.1268,0.12692,0.12669,0.12675,1714746.0
1667515860000,0.12679,0.12686,0.12667,0.12686,1120224.0
1667515920000,0.12686,0.12686,0.12628,0.12651,4386574.0
1667515980000,0.12652,0.12668,0.12631,0.12632,748104.0
1667516040000,0.12632,0.12642,0.12468,0.12527,30428410.0
1667516100000,0.12527,0.12528,0.12495,0.12502,5908653.0
1667516160000,0.12501,0.12501,0.12468,0.12493,3528559.0
1667516220000,0.12492,0.12508,0.12481,0.12504,1916916.0
1667516280000,0.12503,0.12503,0.12469,0.12472,2478238.0
1667516340000,0.12475,0.12493,0.12472,0.1249,2204710.0
1667516400000,0.1249,0.12552,0.12473,0.12548,3757020.0
1667516460000,0.12549,0.12576,0.1253,0.12565,3579693.0
1667516520000,0.12564,0.12593,0.12563,0.1258,2941000.0
1667516580000,0.12581,0.12638,0.12575,0.12618,3751527.0
1667516640000,0.12617,0.12617,0.12527,0.12567,6328658.0
1667516700000,0.12567,0.12583,0.12345,0.12383,24859047.0
1667516760000,0.12383,0.12394,0.12257,0.12363,20985576.0
1667516820000,0.12363,0.12415,0.12331,0.12339,8602203.0
1667516880000,0.12339,0.1234,0.12264,0.12299,7696138.0
1667516940000,0.12298,0.12309,0.12186,0.12277,14557749.0
1667517000000,0.12278,0.12302,0.12221,0.12253,7081875.0
1667517060000,0.1225,0.12299,0.12203,0.12287,7483801.0
1667517120000,0.12286,0.12307,0.12268,0.12288,4179586.0
1667517180000,0.12289,0.12294,0.12211,0.12222,4441260.0
1667517240000,0.12223,0.12248,0.12,0.12007,43168204.0
1667517300000,0.12007,0.12145,0.12005,0.12123,11794832.0
1667517360000,0.12122,0.12201,0.12122,0.12187,7331495.0
1667517420000,0.12188,0.12208,0.12146,0.12203,3710256.0
1667517480000,0.12203,0.12214,0.12165,0.1219,4313285.0
1667517540000,0.1219,0.12212,0.12182,0.12198,3962157.0
1667517600000,0.12198,0.12217,0.12164,0.12177,3995428.0
1667517660000,0.12178,0.12202,0.12138,0.12138,3685168.0
1667517720000,0.1214,0.12248,0.12138,0.12239,4189620.0
1667517780000,0.1224,0.12248,0.12218,0.12233,4912893.0
1667517840000,0.12234,0.12244,0.1222,0.12241,2844360.0
1667517900000,0.12239,0.12249,0.12205,0.12209,3873939.0
1667517960000,0.1221,0.12242,0.122,0.12205,3743834.0
1667518020000,0.12205,0.12208,0.12164,0.12173,4868195.0
1667518080000,0.12173,0.12188,0.12162,0.12184,2494736.0
1667518140000,0.12184,0.12193,0.12174,0.12176,2106626.0
1667518200000,0.12174,0.12305,0.12174,0.12294,5932792.0
1667518260000,0.12293,0.12324,0.12268,0.12301,8537421.0
1667518320000,0.12301,0.12319,0.12275,0.12286,3502706.0
1667518380000,0.12287,0.12301,0.12255,0.12295,3667960.0
1667518440000,0.12296,0.12297,0.12245,0.1226,3057544.0
1667518500000,0.1226,0.12293,0.12247,0.12288,2960363.0
1667518560000,0.12288,0.12356,0.12283,0.12315,3501935.0
1667518620000,0.12318,0.12331,0.1223,0.1224,5440079.0
1667518680000,0.1224,0.12285,0.12239,0.1226,2776386.0
1667518740000,0.1226,0.12276,0.1225,0.12259,1782699.0
1667518800000,0.12258,0.12262,0.12231,0.12241,2115773.0
1667518860000,0.12241,0.1225,0.1221,0.12241,2412556.0
1667518920000,0.12243,0.12245,0.1222,0.12223,1603666.0
1667518980000,0.12224,0.12228,0.12197,0.12215,3865159.0
1667519040000,0.12214,0.12228,0.1207,0.12126,7722983.0
1667519100000,0.12126,0.12156,0.12101,0.12119,7255372.0
1667519160000,0.12119,0.12199,0.12116,0.1218,3877513.0
1667519220000,0.1218,0.12187,0.12154,0.1216,1864650.0
1667519280000,0.1216,0.12179,0.12127,0.12176,2649066.0
1667519340000,0.12174,0.12213,0.12161,0.12207,2621618.0
1667519400000,0.12209,0.12242,0.12203,0.12203,4536201.0
1667519460000,0.12203,0.12229,0.12201,0.12224,1764969.0
1667519520000,0.12224,0.1226,0.12215,0.12245,1396350.0
1667519580000,0.12244,0.12246,0.12222,0.12239,1217183.0
1667519640000,0.12239,0.12271,0.12227,0.12262,2054627.0
1667519700000,0.12261,0.1227,0.12238,0.12249,3387428.0
1667519760000,0.1225,0.12277,0.12232,0.12255,2849909.0
1667519820000,0.12255,0.12275,0.12248,0.12261,1724119.0
1667519880000,0.12261,0.12261,0.12234,0.1225,1173484.0
1667519940000,0.12249,0.12266,0.12225,0.12262,3502641.0
1667520000000,0.12262,0.12266,0.12214,0.12254,4054615.0
1667520060000,0.12252,0.12259,0.12214,0.12215,2561334.0
1667520120000,0.12215,0.12239,0.12164,0.12188,7872094.0
1667520180000,0.12191,0.122,0.12099,0.12129,17792861.0
1667520240000,0.12129,0.1218,0.12125,0.12175,3684193.0
1667520300000,0.12175,0.12206,0.12175,0.12199,5700015.0
1667520360000,0.122,0.1221,0.12172,0.12201,2091919.0
1667520420000,0.12201,0.12221,0.12186,0.12193,3400997.0
1667520480000,0.12193,0.122,0.12063,0.12077,15926964.0
1667520540000,0.12081,0.12135,0.11958,0.1212,16451856.0
1667520600000,0.12123,0.12134,0.11857,0.11957,58863618.0
1667520660000,0.11953,0.12058,0.11953,0.12025,15066738.0
1667520720000,0.12023,0.12085,0.12003,0.12073,7331070.0
1667520780000,0.12074,0.12099,0.12005,0.12028,7435476.0
1667520840000,0.12028,0.12038,0.12002,0.12014,3525080.0
1667520900000,0.12014,0.12043,0.1198,0.12006,8310666.0
1667520960000,0.12007,0.12036,0.11997,0.12031,3559384.0
1667521020000,0.12031,0.12079,0.12013,0.12052,4679474.0
1667521080000,0.12053,0.12122,0.12053,0.12111,3484641.0
1667521140000,0.12111,0.12148,0.12102,0.12148,2145526.0
1667521200000,0.12148,0.1217,0.12125,0.12137,3565728.0
1667521260000,0.12137,0.12154,0.1213,0.12152,2796872.0
1667521320000,0.12153,0.12211,0.12153,0.12206,4316737.0
1667521380000,0.12205,0.12248,0.12199,0.12239,5299408.0
1667521440000,0.12238,0.12253,0.1221,0.12212,3112223.0
1667521500000,0.12214,0.12255,0.12202,0.12245,2275926.0
1667521560000,0.12245,0.12271,0.12229,0.12254,3908732.0
1667521620000,0.12254,0.12262,0.12234,0.12238,2253948.0
1667521680000,0.12238,0.12258,0.1222,0.12251,2739839.0
1667521740000,0.12251,0.12257,0.12226,0.12232,2855017.0
1667521800000,0.12232,0.1225,0.12215,0.12244,2862468.0
1667521860000,0.12244,0.1226,0.12232,0.12257,1734596.0
1667521920000,0.12258,0.1231,0.12257,0.12286,3683787.0
1667521980000,0.12287,0.12288,0.12237,0.12258,6068793.0
1667522040000,0.12257,0.12293,0.12248,0.12281,1422686.0
1667522100000,0.12279,0.1228,0.12231,0.12247,1557185.0
1667522160000,0.12246,0.12246,0.12203,0.12215,2470783.0
1667522220000,0.12215,0.12215,0.12164,0.12201,4091884.0
1667522280000,0.122,0.122,0.12151,0.12184,4444362.0
1667522340000,0.12185,0.12204,0.12155,0.1216,4371750.0
1667522400000,0.12158,0.12169,0.1213,0.12133,2749118.0
1667522460000,0.12133,0.12151,0.12119,0.12138,3392850.0
1667522520000,0.1214,0.12171,0.12102,0.12107,4887945.0
1667522580000,0.12107,0.12137,0.12086,0.12127,3050972.0
1667522640000,0.12127,0.12164,0.12125,0.12127,2391113.0
1667522700000,0.12126,0.12134,0.12062,0.12125,5050157.0
1667522760000,0.12124,0.12134,0.12109,0.12119,6691108.0
1667522820000,0.12119,0.12119,0.12059,0.12066,3300047.0
1667522880000,0.12066,0.121,0.12062,0.12066,2935605.0
1667522940000,0.12066,0.12079,0.1205,0.1206,2253379.0
1667523000000,0.1206,0.12127,0.12058,0.12102,3324318.0
1667523060000,0.12102,0.12125,0.1209,0.1212,1183585.0
1667523120000,0.1212,0.12121,0.1209,0.12092,1372820.0
1667523180000,0.12093,0.12098,0.12058,0.12067,1544776.0
1667523240000,0.12066,0.12086,0.12046,0.12046,1848004.0
1667523300000,0.12045,0.12055,0.1202,0.12043,5510335.0
1667523360000,0.12043,0.12043,0.1201,0.12012,3851087.0
1667523420000,0.12012,0.12014,0.11959,0.11981,7656434.0
1667523480000,0.11982,0.11998,0.11935,0.11935,7634743.0
1667523540000,0.11936,0.11976,0.11927,0.11959,6390869.0
1667523600000,0.11959,0.11987,0.11954,0.1198,5890234.0
1667523660000,0.1198,0.1201,0.11965,0.11965,11484843.0
1667523720000,0.11965,0.1203,0.11964,0.12023,3598266.0
1667523780000,0.12022,0.12027,0.118,0.11893,30743556.0
1667523840000,0.11893,0.1196,0.11882,0.11952,9163726.0
1667523900000,0.11953,0.12005,0.11947,0.11987,3254474.0
1667523960000,0.11986,0.12009,0.11979,0.12004,1839842.0
1667524020000,0.12005,0.12033,0.11994,0.12017,2293511.0
1667524080000,0.12017,0.1204,0.12005,0.12038,1763911.0
1667524140000,0.12038,0.12045,0.1203,0.12044,2204562.0
1667524200000,0.12044,0.12044,0.12023,0.12025,1042090.0
1667524260000,0.12024,0.12056,0.11992,0.11999,3302697.0
1667524320000,0.11999,0.12049,0.11967,0.1204,3879998.0
1667524380000,0.12041,0.12046,0.12015,0.12022,1368435.0
1667524440000,0.12024,0.12025,0.1199,0.11997,1197733.0
1667524500000,0.11996,0.12009,0.11977,0.11991,3264333.0
1667524560000,0.11992,0.12002,0.11976,0.11976,2436255.0
1667524620000,0.11975,0.11976,0.1191,0.11976,4606427.0
1667524680000,0.11975,0.11976,0.11945,0.11951,1890456.0
1667524740000,0.11952,0.1196,0.11931,0.1195,2289646.0
1667524800000,0.1195,0.11951,0.11898,0.11898,2723889.0
1667524860000,0.11898,0.1191,0.11832,0.11851,5086640.0
1667524920000,0.1185,0.11891,0.11836,0.11875,6500459.0
1667524980000,0.11876,0.1189,0.11849,0.11877,5038279.0
1667525040000,0.11877,0.11882,0.118,0.11818,4372710.0
1667525100000,0.11818,0.11838,0.11712,0.11727,14155900.0
1667525160000,0.11724,0.11763,0.11706,0.11708,9523080.0
1667525220000,0.1171,0.11752,0.11663,0.11666,11017478.0
1667525280000,0.11667,0.11685,0.116,0.11644,14108471.0
1667525340000,0.11645,0.11695,0.11637,0.11676,7386499.0
1667525400000,0.11677,0.1174,0.11668,0.11737,7176451.0
1667525460000,0.11735,0.11752,0.11634,0.11634,6123746.0
1667525520000,0.11634,0.11643,0.11552,0.11577,16533366.0
1667525580000,0.11577,0.11663,0.1156,0.11662,7213060.0
1667525640000,0.11663,0.11702,0.11649,0.11696,4848496.0
1667525700000,0.11696,0.11745,0.11684,0.11743,4496210.0
1667525760000,0.11744,0.11746,0.11724,0.11741,2294812.0
1667525820000,0.11741,0.11754,0.11678,0.11691,4211819.0
1667525880000,0.11688,0.117,0.11663,0.117,2549034.0
1667525940000,0.117,0.11723,0.11698,0.1171,3971351.0
1667526000000,0.1171,0.11719,0.11666,0.11671,5186282.0
1667526060000,0.11671,0.11693,0.11668,0.11689,3713729.0
1667526120000,0.11689,0.1171,0.11686,0.11705,2292673.0
1667526180000,0.11705,0.11756,0.11704,0.1175,4163653.0
1667526240000,0.11749,0.11832,0.11746,0.11806,5807331.0
1667526300000,0.11808,0.11824,0.11792,0.11799,3109733.0
1667526360000,0.118,0.11802,0.1176,0.11767,2165910.0
1667526420000,0.11766,0.11794,0.1176,0.11764,2024690.0
1667526480000,0.11765,0.11766,0.1172,0.11757,3305917.0
1667526540000,0.11754,0.11788,0.11739,0.11787,3153255.0
1667526600000,0.11784,0.1179,0.1177,0.11774,1103455.0
1667526660000,0.11774,0.11785,0.1176,0.11772,1727697.0
1667526720000,0.11771,0.11775,0.11726,0.11732,1512029.0
1667526780000,0.11731,0.11742,0.117,0.11712,4138281.0
1667526840000,0.11709,0.11726,0.1168,0.11692,3087154.0
1667526900000,0.11691,0.11704,0.11653,0.11657,3597742.0
1667526960000,0.11657,0.11658,0.11604,0.11652,5838653.0
1667527020000,0.11651,0.11693,0.1163,0.11689,6533296.0
1667527080000,0.11689,0.11766,0.11686,0.11752,9658206.0
1667527140000,0.11752,0.11767,0.11741,0.11761,1809221.0
1667527200000,0.11761,0.11774,0.11751,0.11764,2903314.0
1667527260000,0.11761,0.1182,0.1176,0.11817,3197530.0
1667527320000,0.11818,0.11858,0.11815,0.11853,4833489.0
1667527380000,0.11853,0.11896,0.11846,0.11852,3737090.0
1667527440000,0.1185,0.11876,0.11844,0.11867,3826267.0
1667527500000,0.11866,0.11916,0.11857,0.11911,4443103.0
1667527560000,0.11911,0.1192,0.11892,0.11897,3522370.0
1667527620000,0.11897,0.1194,0.11886,0.11932,3405316.0
1667527680000,0.11931,0.11961,0.11916,0.11945,2671395.0
1667527740000,0.11944,0.11963,0.11933,0.11933,5500128.0
1667527800000,0.11934,0.11952,0.11922,0.11948,1712058.0
1667527860000,0.11945,0.11945,0.11904,0.11937,2736304.0
1667527920000,0.11937,0.11954,0.1193,0.11936,1593422.0
1667527980000,0.11937,0.11953,0.11914,0.11949,1678207.0
1667528040000,0.11947,0.11958,0.1193,0.11933,1060572.0
1667528100000,0.11933,0.11948,0.1191,0.11916,2363239.0
1667528160000,0.11916,0.1193,0.11911,0.11921,1472115.0
1667528220000,0.11921,0.11941,0.11914,0.11941,579047.0
1667528280000,0.11942,0.11943,0.11909,0.11916,1407816.0
1667528340000,0.11917,0.11943,0.1191,0.1194,2194906.0
1667528400000,0.11938,0.11938,0.11894,0.11895,2906881.0
1667528460000,0.11895,0.1192,0.11865,0.11915,3575699.0
1667528520000,0.11914,0.11958,0.11902,0.11921,5547269.0
1667528580000,0.11923,0.11928,0.119,0.11927,1542044.0
1667528640000,0.11925,0.11957,0.11919,0.11955,2105353.0
1667528700000,0.11955,0.11982,0.11943,0.11976,2806189.0
1667528760000,0.11975,0.11979,0.11956,0.11969,2397369.0
1667528820000,0.11969,0.11979,0.11947,0.11955,2779177.0
1667528880000,0.11955,0.11957,0.11929,0.11957,950853.0
1667528940000,0.11956,0.1196,0.11936,0.11943,1545088.0
1667529000000,0.11943,0.11962,0.11921,0.11961,1580564.0
1667529060000,0.1196,0.11964,0.11936,0.11948,4126626.0
1667529120000,0.11948,0.11964,0.11942,0.11954,906371.0
1667529180000,0.11954,0.11958,0.11931,0.11942,2402839.0
1667529240000,0.11943,0.11945,0.11923,0.1193,785901.0
1667529300000,0.1193,0.11934,0.11877,0.11913,4060460.0
1667529360000,0.11913,0.11947,0.1191,0.11939,2394371.0
1667529420000,0.11939,0.11943,0.11923,0.1193,920184.0
1667529480000,0.1193,0.11943,0.11924,0.11943,1634675.0
1667529540000,0.11942,0.11948,0.11923,0.11925,776583.0
1667529600000,0.11925,0.11935,0.11917,0.1192,920188.0
1667529660000,0.1192,0.11932,0.11902,0.11924,817021.0
1667529720000,0.11924,0.11939,0.11918,0.11933,1082904.0
1667529780000,0.11933,0.11948,0.11925,0.11948,1315687.0
1667529840000,0.11948,0.11981,0.11942,0.11979,2984055.0
1667529900000,0.11979,0.12022,0.11897,0.11897,8529143.0
1667529960000,0.11896,0.11936,0.11884,0.11916,2569567.0
1667530020000,0.11916,0.11918,0.11888,0.11892,1943218.0
1667530080000,0.11892,0.11902,0.11813,0.11895,5083338.0
1667530140000,0.11894,0.1191,0.11886,0.11896,1278193.0
1667530200000,0.11896,0.11908,0.11867,0.11876,2462402.0
1667530260000,0.11878,0.11886,0.11859,0.11882,2286699.0
1667530320000,0.11883,0.11885,0.11859,0.11881,994275.0
1667530380000,0.11879,0.11888,0.11864,0.11871,789752.0
1667530440000,0.11872,0.11904,0.11872,0.11903,970419.0
1667530500000,0.11903,0.11912,0.11876,0.11887,1655181.0
1667530560000,0.11887,0.11902,0.11877,0.11898,1491014.0
1667530620000,0.11899,0.11908,0.1188,0.11886,822694.0
1667530680000,0.11886,0.11897,0.11876,0.11884,1732407.0
1667530740000,0.11883,0.11885,0.11867,0.1187,2369097.0
1667530800000,0.11871,0.11892,0.11868,0.11879,782633.0
1667530860000,0.11879,0.119,0.11872,0.11892,1871370.0
1667530920000,0.11892,0.11895,0.11869,0.11876,1416651.0
1667530980000,0.11877,0.11895,0.11854,0.1187,2218443.0
1667531040000,0.1187,0.1188,0.11856,0.11865,802735.0
1667531100000,0.11868,0.11875,0.11854,0.11866,2191396.0
1667531160000,0.11865,0.11879,0.11856,0.11871,2001411.0
1667531220000,0.11868,0.11874,0.11855,0.11857,743511.0
1667531280000,0.11859,0.1187,0.11853,0.11853,854031.0
1667531340000,0.11854,0.11858,0.11766,0.11767,7445503.0
1667531400000,0.11768,0.1181,0.11768,0.11808,3629763.0
1667531460000,0.11808,0.11839,0.11801,0.11825,1780039.0
1667531520000,0.11826,0.11839,0.11805,0.11805,1994032.0
1667531580000,0.11805,0.11823,0.11763,0.11772,3806566.0
1667531640000,0.11771,0.11798,0.11761,0.11767,3436149.0
1667531700000,0.11767,0.11788,0.11734,0.11772,5105114.0
1667531760000,0.11771,0.1178,0.11759,0.1177,1911213.0
1667531820000,0.11772,0.11791,0.11703,0.11717,4817237.0
1667531880000,0.11715,0.11764,0.11702,0.11737,3365973.0
1667531940000,0.11737,0.11758,0.1173,0.11746,2624720.0
1667532000000,0.11747,0.11759,0.11715,0.11717,3517402.0
1667532060000,0.11718,0.11727,0.11659,0.11685,7434243.0
1667532120000,0.11684,0.11721,0.11679,0.11716,4475434.0
1667532180000,0.11715,0.11756,0.11709,0.11753,3726744.0
1667532240000,0.11752,0.11796,0.11752,0.11785,4698773.0
1667532300000,0.11784,0.118,0.1178,0.11789,4924571.0
1667532360000,0.11789,0.11805,0.11775,0.11777,2768201.0
1667532420000,0.11776,0.11807,0.11773,0.11804,2517024.0
1667532480000,0.11802,0.11846,0.11797,0.11839,4101051.0
1667532540000,0.11838,0.11875,0.1183,0.11834,4819343.0
1667532600000,0.11834,0.11863,0.11829,0.11856,3021854.0
1667532660000,0.11853,0.1188,0.11851,0.1188,1664953.0
1667532720000,0.1188,0.11899,0.1187,0.11893,2806221.0
1667532780000,0.11893,0.11895,0.11869,0.11885,2072050.0
1667532840000,0.11885,0.11895,0.11874,0.11885,1242208.0
1667532900000,0.11885,0.11894,0.11872,0.11876,1632482.0
1667532960000,0.11878,0.1189,0.11861,0.1189,1047718.0
1667533020000,0.11891,0.119,0.11888,0.11898,1868971.0
1667533080000,0.11898,0.11904,0.1189,0.11902,1296037.0
1667533140000,0.11902,0.11917,0.1188,0.11892,2066851.0
1667533200000,0.11892,0.11909,0.11874,0.1188,4091865.0
1667533260000,0.11879,0.119,0.11879,0.11895,1293964.0
1667533320000,0.11894,0.11906,0.11884,0.11903,4324518.0
1667533380000,0.11902,0.11931,0.11899,0.11917,2486428.0
1667533440000,0.11917,0.11925,0.11904,0.11912,1330063.0
1667533500000,0.11913,0.11927,0.11913,0.11921,1668694.0
1667533560000,0.11921,0.1193,0.119,0.119,1553936.0
1667533620000,0.11901,0.11935,0.119,0.11931,2097014.0
1667533680000,0.11932,0.11947,0.119,0.11903,1515341.0
1667533740000,0.11902,0.11912,0.11898,0.11904,1893036.0
1667533800000,0.11903,0.11914,0.1188,0.1189,3349157.0
1667533860000,0.11893,0.1191,0.1188,0.11887,1369874.0
1667533920000,0.11888,0.1189,0.11856,0.11858,2164636.0
1667533980000,0.11858,0.11901,0.11858,0.11888,2325862.0
1667534040000,0.11889,0.1192,0.11889,0.11919,1379083.0
1667534100000,0.11919,0.11946,0.11911,0.11917,2620058.0
1667534160000,0.1192,0.11934,0.11919,0.11926,859985.0
1667534220000,0.11926,0.11955,0.11926,0.11952,2167099.0
1667534280000,0.11952,0.11952,0.11921,0.11948,1698520.0
1667534340000,0.11944,0.11957,0.11941,0.11952,1159065.0
1667534400000,0.11952,0.11953,0.11917,0.11917,1063382.0
1667534460000,0.11918,0.11929,0.11889,0.1189,1524900.0
1667534520000,0.11891,0.11896,0.1188,0.1189,2361925.0
1667534580000,0.1189,0.11915,0.1188,0.11906,1330068.0
1667534640000,0.11904,0.11914,0.11888,0.11904,766416.0
1667534700000,0.11905,0.11906,0.11884,0.11885,1690702.0
1667534760000,0.11885,0.11906,0.11883,0.11903,1965362.0
1667534820000,0.11904,0.11904,0.11869,0.11869,791732.0
1667534880000,0.11869,0.11921,0.11862,0.11916,4524571.0
1667534940000,0.11915,0.11969,0.11915,0.1194,4091486.0
1667535000000,0.11941,0.11945,0.11916,0.1194,1283945.0
1667535060000,0.11939,0.11939,0.119,0.11901,958658.0
1667535120000,0.119,0.119,0.1185,0.1185,2702335.0
1667535180000,0.11851,0.11874,0.11848,0.11857,1387210.0
1667535240000,0.11858,0.11865,0.11816,0.11838,5126860.0
1667535300000,0.11839,0.1184,0.11805,0.11814,1323270.0
1667535360000,0.1181,0.11838,0.11791,0.11831,3380384.0
1667535420000,0.11831,0.11837,0.11808,0.11809,2727464.0
1667535480000,0.11809,0.11831,0.11766,0.11797,3378986.0
1667535540000,0.11798,0.11849,0.11798,0.11845,2121489.0
1667535600000,0.11845,0.11858,0.1184,0.1184,729081.0
1667535660000,0.11841,0.11894,0.11841,0.11889,1805962.0
1667535720000,0.1189,0.11894,0.11872,0.11875,1294535.0
1667535780000,0.11876,0.11876,0.11835,0.11853,2053050.0
1667535840000,0.11852,0.11868,0.11844,0.11865,835000.0
1667535900000,0.11864,0.11879,0.11816,0.11817,6640493.0
1667535960000,0.11816,0.11848,0.11814,0.11827,3551828.0
1667536020000,0.11827,0.11827,0.1179,0.11796,6464431.0
1667536080000,0.11797,0.11818,0.11786,0.11806,7175742.0
1667536140000,0.11805,0.11868,0.11803,0.11864,3258405.0
1667536200000,0.11864,0.11867,0.11827,0.11841,2007648.0
1667536260000,0.11841,0.11864,0.11834,0.11849,1341730.0
1667536320000,0.11849,0.1186,0.11837,0.11852,3344370.0
1667536380000,0.11852,0.1186,0.11835,0.11857,2350494.0
1667536440000,0.11858,0.11878,0.1179,0.11809,5401140.0
1667536500000,0.11809,0.11835,0.11805,0.11833,2066630.0
1667536560000,0.11832,0.11839,0.11813,0.11835,1029378.0
1667536620000,0.11836,0.11855,0.11833,0.11847,1265121.0
1667536680000,0.11849,0.1185,0.11826,0.11836,809221.0
1667536740000,0.11835,0.11841,0.11823,0.11828,1102390.0
1667536800000,0.11828,0.11861,0.11825,0.11826,2669621.0
1667536860000,0.11826,0.11831,0.11811,0.11815,1673872.0
1667536920000,0.11813,0.11838,0.11811,0.11831,706815.0
1667536980000,0.11829,0.11858,0.11825,0.11841,2384475.0
1667537040000,0.11842,0.11851,0.11832,0.11847,1712907.0
1667537100000,0.11848,0.11854,0.11818,0.1182,1327911.0
1667537160000,0.11821,0.11861,0.11817,0.11861,1920354.0
1667537220000,0.1186,0.11876,0.11851,0.11865,2059834.0
1667537280000,0.11866,0.11895,0.11866,0.11879,2128781.0
1667537340000,0.1188,0.11893,0.11872,0.11884,2503903.0
1667537400000,0.11884,0.11893,0.11872,0.11874,2747824.0
1667537460000,0.11874,0.11903,0.11872,0.11878,2822445.0
1667537520000,0.1188,0.11894,0.11878,0.11888,2091704.0
1667537580000,0.11888,0.11898,0.1188,0.1188,1440347.0
1667537640000,0.11881,0.11942,0.11881,0.11939,2889184.0
1667537700000,0.1194,0.11954,0.11919,0.11934,2739981.0
1667537760000,0.11934,0.11935,0.11914,0.11924,1401758.0
1667537820000,0.11925,0.11932,0.11909,0.11929,1488282.0
1667537880000,0.11929,0.11947,0.11928,0.11941,1604155.0
1667537940000,0.11941,0.11962,0.11934,0.11941,3176922.0
1667538000000,0.11942,0.11942,0.11924,0.11936,1019479.0
1667538060000,0.11936,0.11936,0.11885,0.11887,1525175.0
1667538120000,0.11887,0.11917,0.11857,0.11866,2397498.0
1667538180000,0.11866,0.11889,0.11859,0.11877,1392268.0
1667538240000,0.11877,0.11887,0.11847,0.11856,1883374.0
1667538300000,0.11857,0.11866,0.11838,0.11843,1555182.0
1667538360000,0.11843,0.11851,0.11814,0.11826,3327529.0
1667538420000,0.11825,0.11827,0.118,0.11818,2635665.0
1667538480000,0.11818,0.1183,0.118,0.11808,877095.0
1667538540000,0.11807,0.11822,0.11803,0.11811,981183.0
1667538600000,0.1181,0.11814,0.1178,0.11781,1049804.0
1667538660000,0.11781,0.11795,0.1177,0.1177,2792233.0
1667538720000,0.1177,0.11811,0.11767,0.11808,1176949.0
1667538780000,0.11808,0.11808,0.11788,0.11795,1034461.0
1667538840000,0.11795,0.11807,0.1178,0.11802,1711155.0
1667538900000,0.11802,0.11819,0.11759,0.11763,2501663.0
1667538960000,0.11764,0.118,0.11752,0.118,2420125.0
1667539020000,0.118,0.11833,0.11799,0.11827,1590545.0
1667539080000,0.11826,0.11843,0.11826,0.11828,689276.0
1667539140000,0.11828,0.11839,0.11802,0.11809,1380452.0
1667539200000,0.11809,0.11824,0.11752,0.11772,9388673.0
1667539260000,0.11772,0.118,0.11768,0.11795,1685699.0
1667539320000,0.11795,0.11836,0.11793,0.11828,3353788.0
1667539380000,0.11827,0.11848,0.11821,0.11848,2606610.0
1667539440000,0.11848,0.11849,0.11833,0.11842,1858469.0
1667539500000,0.11843,0.11848,0.11829,0.11837,1279200.0
1667539560000,0.11837,0.11841,0.11811,0.11815,1915725.0
1667539620000,0.11815,0.11825,0.11812,0.11823,1299685.0
1667539680000,0.11824,0.11834,0.11812,0.11814,1618310.0
1667539740000,0.11814,0.11814,0.11739,0.11743,5496495.0
1667539800000,0.11743,0.11789,0.11741,0.1178,2753257.0
1667539860000,0.1178,0.11792,0.11746,0.11746,2361432.0
1667539920000,0.11747,0.1178,0.11722,0.11723,3586497.0
1667539980000,0.11723,0.11762,0.11716,0.11743,3739433.0
1667540040000,0.11743,0.11769,0.11743,0.11768,3668487.0
1667540100000,0.11767,0.1179,0.1176,0.11784,1884557.0
1667540160000,0.11783,0.11823,0.11765,0.11822,2489396.0
1667540220000,0.11823,0.11854,0.11813,0.11846,2711313.0
1667540280000,0.11847,0.11874,0.11836,0.11874,4535620.0
1667540340000,0.11875,0.11919,0.11874,0.11902,5067200.0
1667540400000,0.11902,0.11957,0.11894,0.11956,6434395.0
1667540460000,0.11957,0.11981,0.11873,0.11932,9880730.0
1667540520000,0.11933,0.11991,0.11909,0.11974,8952501.0
1667540580000,0.11973,0.12168,0.11969,0.12145,30468808.0
1667540640000,0.12147,0.12168,0.12085,0.12135,14958966.0
1667540700000,0.12136,0.12259,0.1213,0.12189,18496941.0
1667540760000,0.1219,0.12199,0.12152,0.12167,8020530.0
1667540820000,0.12167,0.12183,0.12091,0.12128,10176077.0
1667540880000,0.12128,0.12164,0.12092,0.12153,9232487.0
1667540940000,0.12152,0.1218,0.12112,0.12163,7989497.0
1667541000000,0.12163,0.12167,0.1209,0.12145,7293538.0
1667541060000,0.12146,0.12188,0.12125,0.12152,7508777.0
1667541120000,0.1215,0.1218,0.12133,0.12141,5984095.0
1667541180000,0.12142,0.12192,0.1213,0.12187,4027914.0
1667541240000,0.12182,0.122,0.12149,0.12163,6346511.0
1667541300000,0.12165,0.12169,0.12129,0.12144,5371242.0
1667541360000,0.12141,0.12153,0.12085,0.12095,7823803.0
1667541420000,0.12095,0.121,0.12052,0.12062,6560816.0
1667541480000,0.12063,0.12066,0.12,0.1201,9750309.0
1667541540000,0.1201,0.12029,0.12006,0.12014,5733937.0
1667541600000,0.12014,0.12084,0.12005,0.1208,4545171.0
1667541660000,0.1208,0.121,0.12059,0.12065,4386490.0
1667541720000,0.12068,0.12097,0.1206,0.12089,3669777.0
1667541780000,0.12089,0.12099,0.12064,0.1209,3863728.0
1667541840000,0.12089,0.12115,0.12088,0.12114,3385895.0
1667541900000,0.12114,0.12139,0.12111,0.12137,4049046.0
1667541960000,0.12137,0.1222,0.12129,0.12201,18050029.0
1667542020000,0.12202,0.12232,0.122,0.12219,6610543.0
1667542080000,0.12219,0.12343,0.12215,0.12318,39564362.0
1667542140000,0.12319,0.12322,0.1227,0.12278,17903960.0
1667542200000,0.12278,0.12429,0.12277,0.12403,22356575.0
1667542260000,0.12403,0.12441,0.1239,0.12399,18090828.0
1667542320000,0.12399,0.12431,0.12347,0.12348,9194692.0
1667542380000,0.12348,0.12365,0.12319,0.12324,6777329.0
1667542440000,0.12323,0.12368,0.12308,0.12327,6699005.0
1667542500000,0.12325,0.12368,0.12313,0.12365,3978717.0
1667542560000,0.12364,0.12418,0.1234,0.12362,4305266.0
1667542620000,0.12359,0.12413,0.12341,0.12347,5717222.0
1667542680000,0.12346,0.124,0.12345,0.12366,6030833.0
1667542740000,0.1237,0.12397,0.1236,0.12392,3235413.0
1667542800000,0.1239,0.12404,0.12373,0.12376,2838325.0
1667542860000,0.12374,0.12386,0.12365,0.1238,3370922.0
1667542920000,0.12382,0.12399,0.12369,0.12397,2485626.0
1667542980000,0.12396,0.12428,0.12371,0.12377,4490395.0
1667543040000,0.12376,0.12378,0.12316,0.12319,5410571.0
1667543100000,0.12318,0.1235,0.12316,0.12345,2724287.0
1667543160000,0.12345,0.12351,0.12315,0.12315,2817203.0
1667543220000,0.12316,0.12317,0.12216,0.12219,10973223.0
1667543280000,0.1222,0.12263,0.12215,0.1226,3657259.0
1667543340000,0.12259,0.1227,0.12244,0.12266,3038921.0
1667543400000,0.12266,0.12266,0.12233,0.12256,1942338.0
1667543460000,0.12256,0.123,0.12248,0.12292,2384213.0
1667543520000,0.12292,0.12341,0.12288,0.12328,3643363.0
1667543580000,0.12328,0.12356,0.12306,0.12348,3392083.0
1667543640000,0.1235,0.12368,0.12305,0.12319,4192530.0
1667543700000,0.1232,0.12324,0.1227,0.12282,4317752.0
1667543760000,0.12286,0.12314,0.12286,0.12297,1853275.0
1667543820000,0.12297,0.1232,0.12284,0.12288,1617237.0
1667543880000,0.12289,0.12308,0.12272,0.12275,3243738.0
1667543940000,0.12276,0.12281,0.12211,0.12214,3487969.0
1667544000000,0.12213,0.12252,0.12205,0.1223,2891686.0
1667544060000,0.12232,0.12266,0.12227,0.1226,2566550.0
1667544120000,0.12259,0.12277,0.12252,0.12266,1270570.0
1667544180000,0.12266,0.12266,0.12224,0.12236,2965184.0
1667544240000,0.12236,0.12237,0.1216,0.1217,15394352.0
1667544300000,0.12169,0.1221,0.12166,0.12202,3977024.0
1667544360000,0.12201,0.12221,0.12199,0.12219,1780336.0
1667544420000,0.12221,0.12227,0.12211,0.12214,1056295.0
1667544480000,0.12213,0.12221,0.1219,0.12209,2012456.0
1667544540000,0.12207,0.12225,0.12179,0.12221,1933433.0
1667544600000,0.1222,0.12325,0.1222,0.12313,23306619.0
1667544660000,0.12312,0.12331,0.12301,0.12317,2928224.0
1667544720000,0.12318,0.12318,0.12291,0.12301,2046901.0
1667544780000,0.12301,0.12301,0.12282,0.12288,1463241.0
1667544840000,0.12289,0.12311,0.12285,0.123,1390198.0
1667544900000,0.12299,0.12321,0.12279,0.12296,3366469.0
1667544960000,0.12296,0.12307,0.12289,0.12303,1938392.0
1667545020000,0.12303,0.12303,0.1228,0.12281,1268264.0
1667545080000,0.12281,0.12291,0.1227,0.12278,990184.0
1667545140000,0.12277,0.1229,0.1227,0.12275,1087125.0
1667545200000,0.12278,0.12278,0.1225,0.12276,1802458.0
1667545260000,0.12277,0.12283,0.12252,0.12268,954062.0
1667545320000,0.12267,0.12281,0.12255,0.12278,1841084.0
1667545380000,0.12278,0.12284,0.12263,0.12268,1352791.0
1667545440000,0.12269,0.1227,0.12247,0.12254,1676758.0
1667545500000,0.12255,0.12255,0.12226,0.1223,1372020.0
1667545560000,0.12231,0.12231,0.12212,0.12217,758176.0
1667545620000,0.12217,0.12217,0.12196,0.1221,2538041.0
1667545680000,0.12211,0.12224,0.12211,0.12219,625265.0
1667545740000,0.12218,0.12244,0.12206,0.12225,1215532.0
1667545800000,0.12224,0.12309,0.12222,0.12305,12148752.0
1667545860000,0.12305,0.12383,0.12302,0.12321,7545738.0
1667545920000,0.12321,0.12322,0.12257,0.1226,2465466.0
1667545980000,0.1226,0.12274,0.12254,0.12272,1762782.0
1667546040000,0.12271,0.12285,0.12259,0.12259,968298.0
1667546100000,0.12259,0.12275,0.12258,0.12263,1186979.0
1667546160000,0.12262,0.12263,0.12241,0.12243,714024.0
1667546220000,0.12244,0.12251,0.12226,0.12233,1719275.0
1667546280000,0.12234,0.12236,0.12201,0.1221,2195661.0
1667546340000,0.1221,0.1221,0.12178,0.12193,2323897.0
1667546400000,0.12194,0.12223,0.12184,0.12216,2640043.0
1667546460000,0.12216,0.12237,0.12212,0.12237,1773027.0
1667546520000,0.12237,0.12238,0.12217,0.1222,1299049.0
1667546580000,0.1222,0.12258,0.1222,0.12246,2470617.0
1667546640000,0.12245,0.12253,0.12232,0.12241,868513.0
1667546700000,0.12242,0.12242,0.12233,0.12238,762274.0
1667546760000,0.12238,0.12249,0.1222,0.1223,1031736.0
1667546820000,0.12229,0.12246,0.12221,0.12228,1038093.0
1667546880000,0.12228,0.12243,0.12213,0.12213,1868258.0
1667546940000,0.12212,0.12245,0.12209,0.12232,1101657.0
1667547000000,0.12233,0.12239,0.1221,0.12228,2447626.0
1667547060000,0.1223,0.1224,0.12226,0.1223,996767.0
1667547120000,0.12231,0.12258,0.12231,0.12256,1116324.0
1667547180000,0.12257,0.12285,0.12252,0.12278,1810656.0
1667547240000,0.12279,0.12291,0.1227,0.12283,1264112.0
1667547300000,0.12282,0.12309,0.12277,0.12302,2019944.0
1667547360000,0.12302,0.12321,0.12285,0.12288,1351426.0
1667547420000,0.12288,0.12302,0.12275,0.12279,908147.0
1667547480000,0.12277,0.1228,0.12241,0.12276,1728885.0
1667547540000,0.12275,0.12286,0.12268,0.12275,1156770.0
1667547600000,0.12276,0.12293,0.12276,0.12282,728627.0
1667547660000,0.12281,0.12287,0.12268,0.12269,423966.0
1667547720000,0.12269,0.12274,0.12253,0.12255,938278.0
1667547780000,0.12255,0.12259,0.12243,0.12247,508592.0
1667547840000,0.12247,0.12273,0.12245,0.12273,1069135.0
1667547900000,0.12273,0.12293,0.12273,0.12288,1257950.0
1667547960000,0.12289,0.12303,0.12284,0.12299,1354382.0
1667548020000,0.12299,0.123,0.12275,0.123,963478.0
1667548080000,0.123,0.12307,0.12275,0.12283,1511525.0
1667548140000,0.12283,0.123,0.12273,0.1228,1004326.0
1667548200000,0.12281,0.12289,0.1227,0.12289,983536.0
1667548260000,0.1229,0.12304,0.12279,0.1229,1343245.0
1667548320000,0.12291,0.12301,0.12278,0.12288,903128.0
1667548380000,0.12289,0.12301,0.12275,0.12278,1516961.0
1667548440000,0.12278,0.12298,0.12266,0.12296,721689.0
1667548500000,0.12296,0.12305,0.12287,0.12293,968100.0
1667548560000,0.12292,0.12293,0.12284,0.12287,610416.0
1667548620000,0.12287,0.12292,0.12281,0.12286,391952.0
1667548680000,0.12285,0.12298,0.12285,0.12288,805568.0
1667548740000,0.12288,0.12299,0.12281,0.12288,1185650.0
1667548800000,0.12288,0.12305,0.12287,0.12298,2574326.0
1667548860000,0.12298,0.12305,0.12266,0.1227,1145307.0
1667548920000,0.12268,0.12306,0.12259,0.12304,1096049.0
1667548980000,0.12303,0.12321,0.12293,0.12307,2706102.0
1667549040000,0.12304,0.12319,0.12292,0.12313,1137855.0
1667549100000,0.12314,0.12353,0.12312,0.12349,1635886.0
1667549160000,0.12347,0.12407,0.12333,0.12389,4459103.0
1667549220000,0.1239,0.12405,0.12364,0.12364,3803796.0
1667549280000,0.12366,0.12408,0.12355,0.1236,3875625.0
1667549340000,0.12359,0.12361,0.12316,0.12317,2249959.0
1667549400000,0.12317,0.12341,0.12312,0.12335,3385712.0
1667549460000,0.12335,0.12367,0.12322,0.1235,1788506.0
1667549520000,0.12356,0.12357,0.1232,0.12327,1323819.0
1667549580000,0.12326,0.12349,0.12304,0.12331,1955222.0
1667549640000,0.12331,0.12343,0.1232,0.1234,1145214.0
1667549700000,0.12339,0.12339,0.12291,0.12303,1929860.0
1667549760000,0.12304,0.12311,0.12263,0.12267,1678765.0
1667549820000,0.12268,0.12275,0.12248,0.12249,2642700.0
1667549880000,0.1225,0.12254,0.12223,0.12246,2227824.0
1667549940000,0.12246,0.12246,0.12189,0.12205,2133606.0
1667550000000,0.12206,0.12213,0.12187,0.1219,1470703.0
1667550060000,0.1219,0.1219,0.1208,0.12136,8202382.0
1667550120000,0.12136,0.12185,0.12132,0.12178,2977115.0
1667550180000,0.12177,0.12183,0.12154,0.12158,1771915.0
1667550240000,0.12157,0.1218,0.12148,0.1218,2179887.0
1667550300000,0.12181,0.12211,0.12176,0.122,3291789.0
1667550360000,0.122,0.12212,0.12184,0.12193,3647372.0
1667550420000,0.12193,0.12219,0.1219,0.12212,3030606.0
1667550480000,0.12214,0.12233,0.12209,0.12209,1935196.0
1667550540000,0.12208,0.12208,0.12154,0.12173,3422428.0
1667550600000,0.12174,0.12196,0.12167,0.12195,1168975.0
1667550660000,0.12195,0.12226,0.12195,0.12213,957094.0
1667550720000,0.12212,0.12219,0.12202,0.12211,1785422.0
1667550780000,0.12211,0.12213,0.12199,0.12206,611073.0
1667550840000,0.12205,0.12223,0.12201,0.12206,1425512.0
1667550900000,0.12207,0.12244,0.12207,0.12232,1281363.0
1667550960000,0.12232,0.12234,0.12221,0.12233,643253.0
1667551020000,0.12232,0.12234,0.12205,0.12211,1179064.0
1667551080000,0.12212,0.12212,0.12188,0.12198,1429698.0
1667551140000,0.12197,0.122,0.12187,0.122,1198757.0
1667551200000,0.12198,0.12204,0.12194,0.12196,540373.0
1667551260000,0.12195,0.12211,0.12186,0.1219,2541143.0
1667551320000,0.1219,0.12209,0.1218,0.12184,1759444.0
1667551380000,0.12183,0.12195,0.12168,0.1219,2478089.0
1667551440000,0.1219,0.12193,0.12162,0.12191,1239221.0
1667551500000,0.12191,0.12212,0.12181,0.12205,1715428.0
1667551560000,0.12201,0.12204,0.12171,0.12172,846036.0
1667551620000,0.12172,0.12175,0.1216,0.1216,1042716.0
1667551680000,0.1216,0.12161,0.12151,0.12159,676502.0
1667551740000,0.12159,0.12169,0.12143,0.12148,950975.0
1667551800000,0.1215,0.12166,0.12149,0.12162,750167.0
1667551860000,0.12158,0.12179,0.12158,0.12178,524930.0
1667551920000,0.12177,0.12179,0.12143,0.12153,2936637.0
1667551980000,0.12152,0.12163,0.1213,0.12136,3435816.0
1667552040000,0.12133,0.12138,0.12101,0.12111,5540445.0
1667552100000,0.12112,0.12138,0.12086,0.12136,4541895.0
1667552160000,0.12136,0.12139,0.12051,0.12057,4887276.0
1667552220000,0.12057,0.12113,0.12057,0.12107,3915908.0
1667552280000,0.12105,0.12112,0.12077,0.12086,2783084.0
1667552340000,0.12084,0.12088,0.12051,0.12072,4822519.0
1667552400000,0.12072,0.121,0.12072,0.1209,3462898.0
1667552460000,0.12091,0.12104,0.12079,0.12079,3188019.0
1667552520000,0.1208,0.12097,0.12067,0.12068,3845011.0
1667552580000,0.12067,0.12073,0.12033,0.12037,3880712.0
1667552640000,0.12037,0.12068,0.12036,0.12054,2530330.0
1667552700000,0.12056,0.12088,0.12055,0.12079,2576025.0
1667552760000,0.12079,0.12087,0.1206,0.12068,2083780.0
1667552820000,0.12069,0.12069,0.12042,0.12049,2065633.0
1667552880000,0.12049,0.1205,0.12021,0.12028,4157424.0
1667552940000,0.12028,0.12031,0.1201,0.12015,5638116.0
1667553000000,0.12014,0.1203,0.1201,0.12012,10262394.0
1667553060000,0.12013,0.12027,0.12011,0.1202,2904701.0
1667553120000,0.1202,0.12037,0.12013,0.12014,2974580.0
1667553180000,0.12014,0.12022,0.1201,0.1201,4714536.0
1667553240000,0.1201,0.12011,0.11847,0.11931,21834549.0
1667553300000,0.11932,0.12002,0.11932,0.11999,4898919.0
1667553360000,0.11999,0.12002,0.11979,0.11998,3268743.0
1667553420000,0.11997,0.12009,0.11967,0.12002,4594450.0
1667553480000,0.12001,0.12021,0.12,0.12005,1813035.0
1667553540000,0.12005,0.12013,0.12,0.12004,3117240.0
1667553600000,0.12004,0.12018,0.1199,0.11991,2794117.0
1667553660000,0.11993,0.12,0.11952,0.11962,2286706.0
1667553720000,0.1196,0.11984,0.11949,0.11974,3051537.0
1667553780000,0.11973,0.11973,0.11951,0.11969,2813895.0
1667553840000,0.11969,0.11969,0.1195,0.11953,1397770.0
1667553900000,0.11954,0.11973,0.1195,0.11971,2009203.0
1667553960000,0.1197,0.11983,0.11967,0.11974,1756765.0
1667554020000,0.11974,0.11995,0.11971,0.11993,2690724.0
1667554080000,0.11992,0.1202,0.11988,0.12009,3524764.0
1667554140000,0.1201,0.12013,0.11986,0.11997,1616394.0
1667554200000,0.11998,0.12018,0.11998,0.12016,2823725.0
1667554260000,0.12011,0.12029,0.11989,0.12017,2996948.0
1667554320000,0.12016,0.12016,0.11982,0.11985,1706743.0
1667554380000,0.11988,0.11994,0.11979,0.1199,3219865.0
1667554440000,0.1199,0.12,0.11974,0.11975,1589363.0
1667554500000,0.11974,0.11982,0.11953,0.11958,4143568.0
1667554560000,0.11959,0.11982,0.11956,0.1197,1549576.0
1667554620000,0.1197,0.11982,0.11962,0.11981,1367033.0
1667554680000,0.11982,0.11985,0.11966,0.11981,1184630.0
1667554740000,0.11981,0.11989,0.11967,0.11968,1002086.0
1667554800000,0.11967,0.11987,0.11967,0.11985,947595.0
1667554860000,0.11986,0.11995,0.1197,0.11973,2326349.0
1667554920000,0.11973,0.11983,0.11973,0.11976,1324118.0
1667554980000,0.11977,0.11982,0.11952,0.11956,1102586.0
1667555040000,0.11956,0.11972,0.11946,0.11947,3036714.0
1667555100000,0.11947,0.11962,0.11945,0.11949,959995.0
1667555160000,0.11948,0.11966,0.11948,0.1196,2119760.0
1667555220000,0.11959,0.11963,0.11946,0.11947,2094622.0
1667555280000,0.11946,0.1195,0.11886,0.11897,6544886.0
1667555340000,0.11897,0.11923,0.11883,0.119,9574829.0
1667555400000,0.119,0.11916,0.11889,0.11892,10135000.0
1667555460000,0.11891,0.119,0.1188,0.11892,2988082.0
1667555520000,0.11892,0.119,0.11887,0.11892,2442856.0
1667555580000,0.11892,0.11893,0.11824,0.11874,7497199.0
1667555640000,0.11875,0.11883,0.11824,0.11837,5040775.0
1667555700000,0.11837,0.11879,0.11798,0.11873,20101156.0
1667555760000,0.11872,0.11881,0.1185,0.11866,3508359.0
1667555820000,0.11867,0.11876,0.11853,0.11866,2081912.0
1667555880000,0.11866,0.1188,0.11859,0.11873,2089953.0
1667555940000,0.11873,0.11884,0.11862,0.11883,2055808.0
1667556000000,0.11884,0.11928,0.11883,0.11917,3739294.0
1667556060000,0.11918,0.11938,0.11907,0.11907,3698501.0
1667556120000,0.11908,0.11934,0.11907,0.11916,2528758.0
1667556180000,0.11916,0.11938,0.11916,0.11933,943534.0
1667556240000,0.11933,0.11956,0.11928,0.11949,2024994.0
1667556300000,0.11948,0.12005,0.11947,0.11993,5448271.0
1667556360000,0.11992,0.12015,0.11983,0.11991,2545129.0
1667556420000,0.1199,0.11998,0.11976,0.1198,1646563.0
1667556480000,0.11981,0.11981,0.1195,0.11953,2610848.0
1667556540000,0.11954,0.11955,0.11937,0.11953,2632228.0
1667556600000,0.11954,0.1196,0.11939,0.1195,1558120.0
1667556660000,0.11949,0.11953,0.11921,0.11926,1669658.0
1667556720000,0.11926,0.11939,0.11922,0.11923,1322132.0
1667556780000,0.11923,0.11945,0.1183,0.11867,13522680.0
1667556840000,0.11867,0.11891,0.11855,0.11861,2264576.0
1667556900000,0.1186,0.11873,0.11844,0.11848,2918623.0
1667556960000,0.11848,0.11868,0.11838,0.11848,1952038.0
1667557020000,0.11848,0.1186,0.11811,0.11814,2552562.0
1667557080000,0.11814,0.11859,0.11806,0.11859,3950219.0
1667557140000,0.11859,0.11882,0.11853,0.11875,1432448.0
1667557200000,0.11876,0.119,0.11876,0.11897,3124568.0
1667557260000,0.11896,0.11935,0.11896,0.11918,3960702.0
1667557320000,0.11918,0.11929,0.11906,0.11924,963563.0
1667557380000,0.11925,0.11944,0.11925,0.11942,810489.0
1667557440000,0.11942,0.11956,0.11938,0.11942,2027582.0
1667557500000,0.11941,0.11946,0.11915,0.11921,1410854.0
1667557560000,0.1192,0.11944,0.11918,0.11932,1055785.0
1667557620000,0.11932,0.11961,0.11931,0.11957,1264996.0
1667557680000,0.11958,0.11959,0.11931,0.11938,1080284.0
1667557740000,0.11938,0.11967,0.11932,0.11964,591978.0
1667557800000,0.11963,0.11986,0.11957,0.11972,1634706.0
1667557860000,0.11972,0.11973,0.11917,0.11923,3562340.0
1667557920000,0.11924,0.11933,0.11816,0.11836,12071108.0
1667557980000,0.11837,0.11872,0.11834,0.11855,3789696.0
1667558040000,0.11856,0.11877,0.11853,0.11873,1500318.0
1667558100000,0.11873,0.11891,0.11873,0.11881,948338.0
1667558160000,0.1188,0.11914,0.1188,0.11907,2313028.0
1667558220000,0.11907,0.11918,0.11905,0.11916,975420.0
1667558280000,0.11916,0.11934,0.11914,0.11922,954857.0
1667558340000,0.11923,0.11929,0.11903,0.11907,830874.0
1667558400000,0.11905,0.11907,0.11888,0.11898,759767.0
1667558460000,0.11898,0.11914,0.11897,0.11913,530242.0
1667558520000,0.11914,0.1192,0.11887,0.11887,930930.0
1667558580000,0.11888,0.11902,0.11888,0.11899,644958.0
1667558640000,0.119,0.11916,0.11894,0.11908,2477753.0
1667558700000,0.11908,0.11936,0.11902,0.11933,1178343.0
1667558760000,0.11933,0.11935,0.11917,0.11923,806377.0
1667558820000,0.11922,0.11929,0.11911,0.11913,729507.0
1667558880000,0.11913,0.11927,0.11898,0.11924,1255500.0
1667558940000,0.11923,0.11931,0.11917,0.1193,568877.0
1667559000000,0.1193,0.11953,0.1193,0.11948,1153008.0
1667559060000,0.11945,0.11949,0.11919,0.11927,1297275.0
1667559120000,0.11928,0.11952,0.11928,0.11946,1993549.0
1667559180000,0.11944,0.11953,0.11912,0.11913,2171306.0
1667559240000,0.11913,0.11919,0.11897,0.119,1180907.0
1667559300000,0.119,0.11909,0.1189,0.11894,1376374.0
1667559360000,0.11894,0.1194,0.11888,0.11937,3482186.0
1667559420000,0.11938,0.11995,0.11934,0.11973,6324961.0
1667559480000,0.11972,0.12035,0.11963,0.1201,7158916.0
1667559540000,0.1201,0.1202,0.11988,0.11998,2110297.0
1667559600000,0.11998,0.12006,0.11948,0.11957,4483662.0
1667559660000,0.11957,0.11957,0.11922,0.11944,1854463.0
1667559720000,0.11944,0.11953,0.11925,0.11927,2272265.0
1667559780000,0.11927,0.11968,0.11918,0.11957,3488034.0
1667559840000,0.11958,0.11986,0.11954,0.11957,965476.0
1667559900000,0.11958,0.11981,0.11953,0.11968,909222.0
1667559960000,0.11967,0.11968,0.11949,0.11961,956434.0
1667560020000,0.11959,0.11959,0.1192,0.11923,1893913.0
1667560080000,0.11923,0.11941,0.11911,0.11924,1813604.0
1667560140000,0.11929,0.11957,0.11907,0.1195,3634598.0
1667560200000,0.11954,0.11961,0.11936,0.11957,1540037.0
1667560260000,0.11958,0.11986,0.11931,0.11943,2709188.0
1667560320000,0.1194,0.11947,0.11925,0.11925,916724.0
1667560380000,0.11924,0.11937,0.11921,0.11935,1220917.0
1667560440000,0.11935,0.1194,0.11901,0.11908,1843353.0
1667560500000,0.11906,0.11925,0.11894,0.1192,1430872.0
1667560560000,0.1192,0.11933,0.11908,0.1193,1316240.0
1667560620000,0.1193,0.11948,0.11917,0.11946,1198965.0
1667560680000,0.11947,0.11963,0.11944,0.11947,902701.0
1667560740000,0.11946,0.11951,0.11924,0.11938,1373307.0
1667560800000,0.11938,0.11938,0.11921,0.11931,559239.0
1667560860000,0.1193,0.11955,0.11926,0.11951,1324399.0
1667560920000,0.11951,0.11965,0.11949,0.11958,769392.0
1667560980000,0.11958,0.11979,0.11958,0.11968,851296.0
1667561040000,0.11968,0.11981,0.11955,0.11975,783300.0
1667561100000,0.11976,0.1202,0.11975,0.11987,2707688.0
1667561160000,0.11987,0.12,0.11978,0.11998,688321.0
1667561220000,0.11998,0.11998,0.11972,0.11976,1025879.0
1667561280000,0.11976,0.12007,0.1197,0.11982,2681285.0
1667561340000,0.11982,0.12002,0.11979,0.11987,1572615.0
1667561400000,0.11987,0.12004,0.11957,0.11959,1983069.0
1667561460000,0.11959,0.11999,0.11957,0.11993,1192486.0
1667561520000,0.11992,0.12,0.1198,0.12,964602.0
1667561580000,0.11999,0.12,0.11983,0.11996,1318406.0
1667561640000,0.11996,0.12007,0.11985,0.12005,3655848.0
1667561700000,0.11997,0.12022,0.11986,0.12018,1107120.0
1667561760000,0.12018,0.12023,0.12008,0.12014,1705720.0
1667561820000,0.12014,0.12037,0.12002,0.12028,1510388.0
1667561880000,0.12027,0.12028,0.11971,0.11985,2870603.0
1667561940000,0.11985,0.12012,0.11985,0.12,1038298.0
1667562000000,0.12001,0.12007,0.11982,0.11987,1047523.0
1667562060000,0.11987,0.11997,0.11961,0.11962,1894228.0
1667562120000,0.11962,0.11968,0.11942,0.11957,3668761.0
1667562180000,0.11957,0.11961,0.11929,0.11932,1530388.0
1667562240000,0.11934,0.11947,0.11915,0.11922,1643196.0
1667562300000,0.11923,0.11945,0.11918,0.11944,2899026.0
1667562360000,0.11945,0.1197,0.1194,0.11969,2803211.0
1667562420000,0.11968,0.11969,0.11952,0.11966,1402733.0
1667562480000,0.11967,0.11994,0.11967,0.1198,1649638.0
1667562540000,0.11981,0.1199,0.11944,0.11949,1667541.0
1667562600000,0.1195,0.11954,0.11927,0.11928,1339444.0
1667562660000,0.11927,0.11935,0.11901,0.11903,1281521.0
1667562720000,0.11903,0.11943,0.11896,0.11938,2778300.0
1667562780000,0.11939,0.11945,0.11925,0.1193,1466819.0
1667562840000,0.11933,0.11974,0.11932,0.11953,2386453.0
1667562900000,0.11952,0.11957,0.11929,0.11929,1066815.0
1667562960000,0.11929,0.11957,0.11929,0.11937,1062212.0
1667563020000,0.1194,0.11942,0.11919,0.11919,632842.0
1667563080000,0.11921,0.1193,0.11903,0.11904,1516507.0
1667563140000,0.11904,0.11918,0.11899,0.11912,1455230.0
1667563200000,0.11911,0.11923,0.11869,0.11881,1751461.0
1667563260000,0.11882,0.1192,0.11882,0.11917,1908483.0
1667563320000,0.11917,0.11931,0.11892,0.11915,2450812.0
1667563380000,0.11914,0.11929,0.11906,0.11906,998191.0
1667563440000,0.11906,0.11906,0.11869,0.1188,2160106.0
1667563500000,0.11878,0.11893,0.11841,0.11854,2929173.0
1667563560000,0.11854,0.11907,0.11844,0.119,7170657.0
1667563620000,0.119,0.11906,0.11844,0.11852,8195081.0
1667563680000,0.11852,0.11867,0.11833,0.11836,5759844.0
1667563740000,0.11835,0.11871,0.11832,0.11851,3032068.0
1667563800000,0.11849,0.11866,0.11845,0.11851,1924185.0
1667563860000,0.11853,0.11886,0.11853,0.11869,1571169.0
1667563920000,0.11868,0.11879,0.11858,0.11866,579939.0
1667563980000,0.11866,0.11874,0.11849,0.11857,1470720.0
1667564040000,0.11855,0.11866,0.11841,0.11862,953795.0
1667564100000,0.11864,0.11868,0.11847,0.11851,2511436.0
1667564160000,0.11851,0.11899,0.11851,0.11877,1491790.0
1667564220000,0.11876,0.11899,0.11866,0.11894,1559826.0
1667564280000,0.11895,0.11895,0.11872,0.11882,1216864.0
1667564340000,0.11882,0.11892,0.11866,0.11871,2955321.0
1667564400000,0.1187,0.1188,0.1186,0.11879,923418.0
1667564460000,0.1188,0.1189,0.11874,0.1189,1536149.0
1667564520000,0.1189,0.11911,0.11882,0.11895,2004006.0
1667564580000,0.11894,0.11899,0.11875,0.11888,819007.0
1667564640000,0.11889,0.11889,0.11867,0.11875,830083.0
1667564700000,0.11874,0.11874,0.11821,0.11831,1735408.0
1667564760000,0.1183,0.11833,0.11695,0.11759,17240283.0
1667564820000,0.11759,0.11799,0.11753,0.11783,4229539.0
1667564880000,0.11783,0.11849,0.11782,0.11818,4157706.0
1667564940000,0.11816,0.11892,0.11785,0.11866,5439571.0
1667565000000,0.11864,0.11917,0.11703,0.11783,19969978.0
1667565060000,0.11783,0.11861,0.11759,0.11854,9341270.0
1667565120000,0.11856,0.12043,0.1185,0.12002,18180498.0
1667565180000,0.12002,0.1206,0.11984,0.1205,10619307.0
1667565240000,0.1205,0.12084,0.12,0.12001,6424318.0
1667565300000,0.12002,0.12082,0.1199,0.12072,4893712.0
1667565360000,0.12071,0.12189,0.12058,0.12129,13037073.0
1667565420000,0.1213,0.12161,0.12083,0.12119,6740631.0
1667565480000,0.12118,0.12174,0.12091,0.12151,6929319.0
1667565540000,0.12152,0.12193,0.12119,0.1219,6674713.0
1667565600000,0.12191,0.12225,0.12146,0.1216,9538754.0
1667565660000,0.12156,0.12187,0.12137,0.12137,4259207.0
1667565720000,0.12136,0.12155,0.12075,0.12089,4969945.0
1667565780000,0.12089,0.12103,0.12056,0.12063,3668339.0
1667565840000,0.12063,0.12103,0.12055,0.1209,3049479.0
1667565900000,0.12087,0.12164,0.12085,0.12162,3288585.0
1667565960000,0.12164,0.12181,0.12142,0.12169,3500658.0
1667566020000,0.1217,0.122,0.12157,0.12198,4590642.0
1667566080000,0.12196,0.122,0.12166,0.12171,3366189.0
1667566140000,0.12172,0.12172,0.12128,0.12129,3328620.0
1667566200000,0.12129,0.1217,0.12129,0.12169,3252352.0
1667566260000,0.12167,0.12187,0.12146,0.12181,2401285.0
1667566320000,0.12179,0.12193,0.12135,0.12145,2942477.0
1667566380000,0.12146,0.12152,0.12107,0.12117,2629464.0
1667566440000,0.12116,0.12145,0.12116,0.12124,2228490.0
1667566500000,0.12125,0.12155,0.12113,0.12125,2240903.0
1667566560000,0.12128,0.12131,0.12101,0.12108,2091685.0
1667566620000,0.12108,0.12151,0.12107,0.12149,1681431.0
1667566680000,0.1215,0.12197,0.1215,0.1219,2813315.0
1667566740000,0.12191,0.12225,0.12183,0.12218,5344275.0
1667566800000,0.12219,0.12329,0.12219,0.12291,17002370.0
1667566860000,0.12288,0.12329,0.12282,0.12318,3325430.0
1667566920000,0.12316,0.12384,0.12309,0.12369,8602587.0
1667566980000,0.12369,0.1241,0.12364,0.12381,6111649.0
1667567040000,0.12381,0.12417,0.1236,0.12365,7810442.0
1667567100000,0.12369,0.12381,0.12255,0.12255,8895184.0
1667567160000,0.12259,0.12301,0.12217,0.12299,6566934.0
1667567220000,0.12298,0.12306,0.12276,0.12291,3262895.0
1667567280000,0.12291,0.12323,0.12287,0.12306,3404272.0
1667567340000,0.12305,0.1233,0.12293,0.12306,3320520.0
1667567400000,0.12306,0.12316,0.12292,0.12304,3409648.0
1667567460000,0.12302,0.12302,0.12255,0.12258,3871218.0
1667567520000,0.12257,0.12291,0.12242,0.12281,2331672.0
1667567580000,0.1228,0.1231,0.12277,0.12285,1690928.0
1667567640000,0.12285,0.1231,0.12282,0.12289,1711507.0
1667567700000,0.12292,0.1231,0.12286,0.12301,1733051.0
1667567760000,0.12302,0.12358,0.12302,0.12353,4999196.0
1667567820000,0.12355,0.12497,0.12345,0.12473,20812336.0
1667567880000,0.12472,0.12524,0.12454,0.12489,8862850.0
1667567940000,0.1249,0.12524,0.12449,0.12452,6873573.0
1667568000000,0.12452,0.1246,0.12423,0.12423,3663184.0
1667568060000,0.12423,0.12446,0.124,0.1241,3321069.0
1667568120000,0.12412,0.12431,0.12401,0.12423,2867707.0
1667568180000,0.12423,0.12483,0.12376,0.12458,8985986.0
1667568240000,0.12458,0.12477,0.1243,0.12435,5078460.0
1667568300000,0.12438,0.125,0.12437,0.12489,3402355.0
1667568360000,0.12489,0.12514,0.12477,0.12508,4106658.0
1667568420000,0.12509,0.12567,0.1249,0.12559,7165795.0
1667568480000,0.12558,0.12662,0.12556,0.12628,16004654.0
1667568540000,0.12625,0.12625,0.12574,0.12584,6557478.0
1667568600000,0.12583,0.12604,0.1253,0.12537,8854860.0
1667568660000,0.12537,0.12586,0.12509,0.12514,8163278.0
1667568720000,0.12515,0.12522,0.12446,0.12454,9481227.0
1667568780000,0.12452,0.12502,0.12409,0.12455,8523120.0
1667568840000,0.1245,0.12495,0.12447,0.12481,3212565.0
1667568900000,0.12482,0.12517,0.12455,0.12458,5198826.0
1667568960000,0.12458,0.12468,0.12419,0.12433,6224966.0
1667569020000,0.12433,0.12444,0.12411,0.12413,2287993.0
1667569080000,0.12412,0.12436,0.12375,0.12427,6648199.0
1667569140000,0.12427,0.12444,0.12418,0.12428,2269915.0
1667569200000,0.12427,0.12429,0.12369,0.12377,2674162.0
1667569260000,0.12378,0.12425,0.12378,0.12405,2863061.0
1667569320000,0.12403,0.12426,0.12401,0.12405,2786453.0
1667569380000,0.12404,0.12422,0.12395,0.12407,3676397.0
1667569440000,0.12411,0.12422,0.12376,0.12381,4594970.0
1667569500000,0.12381,0.124,0.12344,0.12395,5038081.0
1667569560000,0.12395,0.12462,0.12383,0.1245,7274658.0
1667569620000,0.1245,0.12456,0.124,0.12408,3030365.0
1667569680000,0.12407,0.12413,0.12385,0.12387,2628720.0
1667569740000,0.12387,0.12402,0.12306,0.12314,4588998.0
1667569800000,0.12314,0.1235,0.12313,0.12326,4839587.0
1667569860000,0.12323,0.12356,0.12313,0.12315,5172877.0
1667569920000,0.12315,0.12336,0.1228,0.12288,5514698.0
1667569980000,0.12286,0.12339,0.12283,0.12333,3482677.0
1667570040000,0.12333,0.12371,0.12329,0.12364,3898122.0
1667570100000,0.12363,0.12392,0.12353,0.12391,3300581.0
1667570160000,0.12391,0.12418,0.12386,0.1241,3040016.0
1667570220000,0.12411,0.1242,0.1239,0.12399,2146462.0
1667570280000,0.124,0.12404,0.12379,0.12398,918881.0
1667570340000,0.12398,0.12407,0.12387,0.12404,901520.0
1667570400000,0.12406,0.12423,0.12392,0.12423,3767847.0
1667570460000,0.12423,0.12439,0.12393,0.12402,2228695.0
1667570520000,0.12402,0.12415,0.12359,0.12414,3254442.0
1667570580000,0.12414,0.12442,0.12401,0.12409,3255438.0
1667570640000,0.12409,0.12422,0.12403,0.12406,1906500.0
1667570700000,0.12406,0.12445,0.12403,0.12437,1926025.0
1667570760000,0.12437,0.12454,0.12433,0.12436,2994160.0
1667570820000,0.12438,0.12455,0.12421,0.12436,6077751.0
1667570880000,0.12437,0.1245,0.12424,0.12445,1392697.0
1667570940000,0.12442,0.12504,0.1244,0.12496,3821140.0
1667571000000,0.12499,0.12505,0.12473,0.12486,3120787.0
1667571060000,0.12485,0.12529,0.12484,0.12518,5448618.0
1667571120000,0.12514,0.12575,0.12497,0.12564,4756677.0
1667571180000,0.12563,0.126,0.12555,0.12572,8968300.0
1667571240000,0.12575,0.12625,0.12534,0.12625,9708406.0
1667571300000,0.12625,0.12637,0.12584,0.12598,6126929.0
1667571360000,0.12599,0.12697,0.12598,0.12675,6726565.0
1667571420000,0.12677,0.12708,0.12626,0.12629,6301347.0
1667571480000,0.12629,0.12641,0.12581,0.12594,4877076.0
1667571540000,0.12597,0.12618,0.12555,0.1256,5294884.0
1667571600000,0.1256,0.126,0.12552,0.12596,2979191.0
1667571660000,0.12599,0.1265,0.12595,0.12647,1468616.0
1667571720000,0.12646,0.12734,0.12642,0.1273,8905987.0
1667571780000,0.1273,0.12799,0.12721,0.12788,8839995.0
1667571840000,0.12787,0.12787,0.1271,0.12738,7456710.0
1667571900000,0.12738,0.12753,0.127,0.12702,9500203.0
1667571960000,0.127,0.12735,0.1269,0.1272,3608243.0
1667572020000,0.1272,0.12729,0.12696,0.12697,3093321.0
1667572080000,0.12697,0.12737,0.12688,0.1273,3112180.0
1667572140000,0.1273,0.12745,0.12701,0.12719,2064321.0
1667572200000,0.1272,0.12782,0.12719,0.12777,3037179.0
1667572260000,0.12778,0.12793,0.1275,0.12762,4035282.0
1667572320000,0.12761,0.12778,0.12709,0.12717,4194381.0
1667572380000,0.12717,0.12738,0.12637,0.12638,5757190.0
1667572440000,0.12639,0.12663,0.12617,0.12658,5990939.0
1667572500000,0.12657,0.1271,0.12654,0.12709,3611147.0
1667572560000,0.1271,0.12712,0.12674,0.12682,1824760.0
1667572620000,0.12684,0.12718,0.12665,0.12689,3869624.0
1667572680000,0.1269,0.127,0.12663,0.12685,2260142.0
1667572740000,0.12685,0.127,0.12663,0.12668,2668017.0
1667572800000,0.12668,0.12759,0.12666,0.12752,13321499.0
1667572860000,0.12752,0.12852,0.12751,0.12815,13742931.0
1667572920000,0.12816,0.12844,0.12784,0.12788,6094625.0
1667572980000,0.12788,0.12799,0.12732,0.12733,5184741.0
1667573040000,0.12734,0.12779,0.1272,0.12778,3403433.0
1667573100000,0.12777,0.1278,0.12727,0.12729,3786011.0
1667573160000,0.12729,0.12736,0.12679,0.12693,6042431.0
1667573220000,0.12689,0.12724,0.12674,0.1271,2820936.0
1667573280000,0.1271,0.12718,0.12689,0.12699,3795583.0
1667573340000,0.12699,0.12738,0.12693,0.12731,2918006.0
1667573400000,0.12731,0.128,0.12723,0.12799,9550111.0
1667573460000,0.12799,0.12812,0.12752,0.12754,5039745.0
1667573520000,0.12755,0.12778,0.12706,0.12718,5905919.0
1667573580000,0.12717,0.12729,0.12689,0.12693,5952875.0
1667573640000,0.12693,0.12718,0.12687,0.127,4217247.0
1667573700000,0.127,0.12765,0.127,0.1276,5574205.0
1667573760000,0.1276,0.12798,0.12743,0.12797,4430081.0
1667573820000,0.12797,0.1281,0.12769,0.12802,3720245.0
1667573880000,0.12803,0.12814,0.12783,0.12793,4931153.0
1667573940000,0.12794,0.12851,0.12769,0.12846,5901395.0
1667574000000,0.12847,0.1289,0.12828,0.12883,13885116.0
1667574060000,0.12882,0.12913,0.12877,0.1291,10468353.0
1667574120000,0.12909,0.12915,0.12886,0.129,7412477.0
1667574180000,0.12899,0.12904,0.12847,0.12865,7078891.0
1667574240000,0.12864,0.12876,0.12783,0.12794,9645596.0
1667574300000,0.12795,0.12816,0.12766,0.12802,4123883.0
1667574360000,0.12803,0.12811,0.12781,0.12782,5165412.0
1667574420000,0.12782,0.12793,0.12758,0.1277,4465639.0
1667574480000,0.1277,0.12772,0.12704,0.12706,10732794.0
1667574540000,0.12706,0.12716,0.12675,0.12685,5366694.0
1667574600000,0.12685,0.1273,0.12681,0.12707,4144539.0
1667574660000,0.12708,0.12775,0.12693,0.12706,6010994.0
1667574720000,0.12706,0.12707,0.1264,0.12652,6199046.0
1667574780000,0.12652,0.1269,0.1263,0.12654,5091627.0
1667574840000,0.12655,0.12676,0.12636,0.12645,3296830.0
1667574900000,0.12649,0.12699,0.12642,0.12697,2712381.0
1667574960000,0.12697,0.1272,0.12692,0.12714,3323245.0
1667575020000,0.12714,0.12715,0.12663,0.12665,3577644.0
1667575080000,0.12665,0.12705,0.1266,0.12667,2306024.0
1667575140000,0.12669,0.12676,0.12649,0.12658,2178334.0
1667575200000,0.1266,0.12691,0.12653,0.12675,2302817.0
1667575260000,0.12674,0.12697,0.12668,0.12669,1666105.0
1667575320000,0.12669,0.12703,0.12669,0.12695,1692123.0
1667575380000,0.12696,0.12712,0.12678,0.1268,3655882.0
1667575440000,0.1268,0.127,0.12674,0.12692,1992194.0
1667575500000,0.12692,0.12718,0.12685,0.12713,3285713.0
1667575560000,0.12711,0.12719,0.12679,0.12683,2527971.0
1667575620000,0.12683,0.12714,0.12666,0.12673,3155124.0
1667575680000,0.12676,0.12676,0.12624,0.12633,3102987.0
1667575740000,0.12632,0.12639,0.12533,0.12573,7455876.0
1667575800000,0.12575,0.1263,0.12574,0.12622,5822629.0
1667575860000,0.12622,0.12665,0.12622,0.12624,3711802.0
1667575920000,0.12624,0.12646,0.12621,0.12628,2154446.0
1667575980000,0.12628,0.12639,0.1261,0.12619,3551180.0
1667576040000,0.12619,0.12623,0.12604,0.1261,2280618.0
1667576100000,0.12611,0.12649,0.12611,0.12632,2287376.0
1667576160000,0.12632,0.1266,0.12631,0.12645,2375308.0
1667576220000,0.12645,0.1265,0.1259,0.12604,4413112.0
1667576280000,0.12605,0.12632,0.12589,0.12603,3205142.0
1667576340000,0.12601,0.12626,0.12574,0.1258,3952289.0
1667576400000,0.12579,0.12599,0.1253,0.12539,5374459.0
1667576460000,0.12538,0.12561,0.12512,0.12532,6504948.0
1667576520000,0.12532,0.12542,0.12486,0.12492,7279168.0
1667576580000,0.12492,0.12492,0.12434,0.12464,9275744.0
1667576640000,0.12464,0.12488,0.12437,0.12477,9722524.0
1667576700000,0.12478,0.12534,0.12477,0.1252,7876021.0
1667576760000,0.1252,0.12542,0.12487,0.12494,6174696.0
1667576820000,0.12495,0.1252,0.12482,0.12507,5419077.0
1667576880000,0.12507,0.12514,0.12486,0.12492,2876875.0
1667576940000,0.12492,0.12507,0.12471,0.12505,4403278.0
1667577000000,0.12505,0.12508,0.12463,0.12468,4242262.0
1667577060000,0.12469,0.12477,0.12361,0.12373,9438584.0
1667577120000,0.12372,0.12411,0.12372,0.12385,7955350.0
1667577180000,0.12385,0.12397,0.12344,0.12344,13056236.0
1667577240000,0.12344,0.12397,0.12337,0.12379,6288333.0
1667577300000,0.1238,0.12401,0.1238,0.12385,4926815.0
1667577360000,0.12386,0.12412,0.12372,0.12372,8299367.0
1667577420000,0.12372,0.12382,0.12323,0.12323,4634964.0
1667577480000,0.12323,0.12333,0.12215,0.12293,16518718.0
1667577540000,0.12294,0.12315,0.12282,0.12282,5103195.0
1667577600000,0.12281,0.12363,0.12276,0.1234,10263254.0
1667577660000,0.12344,0.1238,0.12341,0.1236,4423430.0
1667577720000,0.1236,0.12386,0.12316,0.12318,4035079.0
1667577780000,0.12316,0.12328,0.12072,0.1216,22563025.0
1667577840000,0.12157,0.12205,0.12149,0.12183,11507824.0
1667577900000,0.12182,0.12221,0.12162,0.12211,9844155.0
1667577960000,0.12211,0.1222,0.12162,0.12208,8874421.0
1667578020000,0.12208,0.12214,0.12172,0.12197,6294512.0
1667578080000,0.12198,0.12259,0.12167,0.12258,8592027.0
1667578140000,0.12257,0.12316,0.1225,0.12301,5085607.0
1667578200000,0.123,0.12306,0.12276,0.12297,3809112.0
1667578260000,0.12297,0.12315,0.12282,0.12311,2566361.0
1667578320000,0.12311,0.12335,0.1228,0.12288,2771358.0
1667578380000,0.12289,0.12293,0.12261,0.12267,1232524.0
1667578440000,0.12265,0.123,0.12255,0.12292,2493207.0
1667578500000,0.12293,0.1233,0.12282,0.12303,5833135.0
1667578560000,0.12302,0.12348,0.123,0.12317,2636783.0
1667578620000,0.12315,0.12377,0.12303,0.12371,4946183.0
1667578680000,0.12372,0.12395,0.12342,0.12346,5707863.0
1667578740000,0.12344,0.12358,0.1233,0.12341,4144064.0
1667578800000,0.12341,0.12361,0.12322,0.12353,3204454.0
1667578860000,0.12349,0.12349,0.12304,0.12305,2548056.0
1667578920000,0.12305,0.12319,0.12283,0.12284,2289256.0
1667578980000,0.12283,0.12306,0.1228,0.12289,1920393.0
1667579040000,0.12288,0.12296,0.12256,0.1227,1575546.0
1667579100000,0.12266,0.12315,0.12235,0.123,3026674.0
1667579160000,0.123,0.12314,0.12291,0.1231,3008511.0
1667579220000,0.12309,0.12356,0.12309,0.12337,2107584.0
1667579280000,0.12337,0.12357,0.12331,0.12336,2731281.0
1667579340000,0.12336,0.12361,0.1233,0.1233,1565150.0
1667579400000,0.1233,0.1233,0.12275,0.12281,2592564.0
1667579460000,0.12281,0.12339,0.12279,0.12326,2927730.0
1667579520000,0.12326,0.12341,0.12302,0.12326,3138233.0
1667579580000,0.12325,0.12348,0.12317,0.12331,2365055.0
1667579640000,0.12332,0.12385,0.12322,0.1238,2504533.0
1667579700000,0.1238,0.12384,0.12322,0.12337,1770519.0
1667579760000,0.12337,0.12337,0.1229,0.12301,2620846.0
1667579820000,0.12301,0.1232,0.12281,0.12319,1969054.0
1667579880000,0.12319,0.1232,0.12281,0.123,2033149.0
1667579940000,0.12296,0.12306,0.12263,0.12268,1738415.0
1667580000000,0.12268,0.12284,0.1225,0.12271,2776740.0
1667580060000,0.12271,0.12292,0.12258,0.12289,1812102.0
1667580120000,0.12289,0.12316,0.12281,0.12312,1115980.0
1667580180000,0.12308,0.12347,0.12302,0.12302,6155370.0
1667580240000,0.12302,0.1233,0.123,0.12323,1515249.0
1667580300000,0.12321,0.12333,0.123,0.12301,1325201.0
1667580360000,0.12301,0.12305,0.12272,0.12273,1040150.0
1667580420000,0.12273,0.12302,0.12273,0.12291,1303849.0
1667580480000,0.1229,0.12305,0.12284,0.123,1161920.0
1667580540000,0.12296,0.12302,0.12287,0.12294,544871.0
1667580600000,0.12294,0.12342,0.12284,0.12342,1486056.0
1667580660000,0.1234,0.12352,0.12319,0.12348,3198465.0
1667580720000,0.12349,0.12369,0.12307,0.12309,2763066.0
1667580780000,0.12311,0.12322,0.12302,0.12314,1336484.0
1667580840000,0.12314,0.12338,0.1231,0.12323,1059654.0
1667580900000,0.12324,0.12349,0.12318,0.12336,1222266.0
1667580960000,0.12336,0.12348,0.12332,0.12332,948121.0
1667581020000,0.12331,0.12331,0.12309,0.12319,1805143.0
1667581080000,0.12319,0.12362,0.12319,0.12348,2760626.0
1667581140000,0.1235,0.12355,0.12328,0.12329,1110769.0
1667581200000,0.12328,0.12336,0.1231,0.1232,1119819.0
1667581260000,0.1232,0.12354,0.12312,0.12317,1493278.0
1667581320000,0.12318,0.12328,0.12309,0.12323,539317.0
1667581380000,0.1232,0.12331,0.12289,0.12295,1152954.0
1667581440000,0.12293,0.12316,0.12275,0.1231,1889898.0
1667581500000,0.1231,0.12332,0.12308,0.12329,1153660.0
1667581560000,0.12331,0.1234,0.12306,0.12306,2133595.0
1667581620000,0.12309,0.12317,0.12254,0.12259,1916409.0
1667581680000,0.12258,0.1227,0.12215,0.12226,2623962.0
1667581740000,0.12224,0.12246,0.122,0.12219,4969895.0
1667581800000,0.12219,0.12243,0.12218,0.12238,1743417.0
1667581860000,0.12238,0.12313,0.12231,0.12293,3328500.0
1667581920000,0.12292,0.123,0.12277,0.12293,1227399.0
1667581980000,0.12292,0.12292,0.12273,0.1228,1020736.0
1667582040000,0.12279,0.12313,0.1227,0.12312,1122645.0
1667582100000,0.12313,0.12317,0.12294,0.12297,1160591.0
1667582160000,0.12296,0.12296,0.12276,0.12282,967674.0
1667582220000,0.1228,0.12283,0.12251,0.12267,1503275.0
1667582280000,0.12267,0.12297,0.12267,0.12296,836928.0
1667582340000,0.12293,0.12308,0.12272,0.12305,971693.0
1667582400000,0.12304,0.12307,0.1227,0.12271,1399074.0
1667582460000,0.12271,0.12288,0.12261,0.12263,1227063.0
1667582520000,0.12262,0.12304,0.12256,0.12301,1347516.0
1667582580000,0.12298,0.12307,0.12276,0.12282,2417113.0
1667582640000,0.12282,0.12322,0.12276,0.12306,2167922.0
1667582700000,0.12305,0.12308,0.12273,0.12298,1124785.0
1667582760000,0.12299,0.12301,0.12279,0.12279,372536.0
1667582820000,0.12279,0.12294,0.12261,0.12262,798966.0
1667582880000,0.12261,0.12277,0.12248,0.12277,1087136.0
1667582940000,0.12277,0.12281,0.12238,0.12253,897347.0
1667583000000,0.12253,0.12284,0.12222,0.12226,1204821.0
1667583060000,0.12226,0.12274,0.12226,0.12266,1563839.0
1667583120000,0.12267,0.12271,0.12228,0.12228,878530.0
1667583180000,0.12229,0.12243,0.12223,0.12223,836384.0
1667583240000,0.12222,0.12243,0.12215,0.12226,1036476.0
1667583300000,0.12225,0.12234,0.12205,0.12214,2148782.0
1667583360000,0.12214,0.12237,0.12214,0.12225,1500667.0
1667583420000,0.12223,0.12265,0.12209,0.12256,1355082.0
1667583480000,0.12258,0.12303,0.12258,0.12299,3900480.0
1667583540000,0.12299,0.12305,0.12286,0.1229,989336.0
1667583600000,0.1229,0.12305,0.12278,0.1229,1513192.0
1667583660000,0.1229,0.12317,0.12286,0.12309,1934146.0
1667583720000,0.1231,0.1233,0.12303,0.12304,3313690.0
1667583780000,0.12303,0.12329,0.12302,0.12329,808534.0
1667583840000,0.12329,0.12342,0.12326,0.12339,1629103.0
1667583900000,0.12339,0.12347,0.12323,0.12341,1824262.0
1667583960000,0.12338,0.12363,0.12327,0.12358,1812676.0
1667584020000,0.12358,0.12382,0.12348,0.12381,2096273.0
1667584080000,0.12381,0.124,0.12377,0.12392,2150197.0
1667584140000,0.12392,0.124,0.12379,0.12398,2255154.0
1667584200000,0.12397,0.12399,0.12365,0.1237,2471880.0
1667584260000,0.12367,0.12381,0.12358,0.12371,1329130.0
1667584320000,0.12372,0.12393,0.12368,0.12386,1155175.0
1667584380000,0.12386,0.12404,0.12386,0.12391,3451619.0
1667584440000,0.12391,0.12397,0.12373,0.12395,1978647.0
1667584500000,0.12392,0.12396,0.12364,0.12371,1512682.0
1667584560000,0.12371,0.12376,0.1236,0.12361,933490.0
1667584620000,0.12361,0.12382,0.12349,0.12364,1139618.0
1667584680000,0.12364,0.12369,0.12343,0.12344,1000542.0
1667584740000,0.12347,0.1235,0.12316,0.1233,1221743.0
1667584800000,0.1233,0.12345,0.12309,0.12319,3001781.0
1667584860000,0.12319,0.12322,0.12288,0.1231,1365125.0
1667584920000,0.1231,0.12313,0.12298,0.12307,1472543.0
1667584980000,0.12307,0.12316,0.123,0.12308,1135927.0
1667585040000,0.12307,0.12307,0.12286,0.12289,989212.0
1667585100000,0.1229,0.12299,0.12277,0.12282,1726615.0
1667585160000,0.12282,0.12287,0.12251,0.12254,1317646.0
1667585220000,0.12253,0.12293,0.12248,0.12292,2000726.0
1667585280000,0.12291,0.12292,0.12267,0.12287,883300.0
1667585340000,0.12288,0.12291,0.12273,0.12275,657769.0
1667585400000,0.12274,0.12281,0.12259,0.12277,757904.0
1667585460000,0.12278,0.12304,0.12277,0.12303,2315159.0
1667585520000,0.12303,0.12305,0.12274,0.1228,2326616.0
1667585580000,0.1228,0.12287,0.12268,0.12286,470455.0
1667585640000,0.12285,0.12286,0.12271,0.12282,643377.0
1667585700000,0.12283,0.12353,0.12274,0.12338,5830877.0
1667585760000,0.12338,0.12346,0.12325,0.12333,1480417.0
1667585820000,0.12339,0.12369,0.12332,0.12364,3470035.0
1667585880000,0.12363,0.12395,0.12355,0.12384,3795366.0
1667585940000,0.12385,0.12387,0.12367,0.12382,1106179.0
1667586000000,0.12382,0.12382,0.12331,0.12336,2024229.0
1667586060000,0.12336,0.12336,0.12299,0.12319,2218016.0
1667586120000,0.12319,0.12364,0.12314,0.12357,1782670.0
1667586180000,0.12355,0.12385,0.12346,0.12369,2791058.0
1667586240000,0.12368,0.12389,0.12353,0.12389,1884086.0
1667586300000,0.12388,0.12389,0.12371,0.1238,1331478.0
1667586360000,0.1238,0.12389,0.12372,0.12383,1848263.0
1667586420000,0.12383,0.12398,0.12374,0.12384,1724075.0
1667586480000,0.12387,0.12464,0.12387,0.12436,7323384.0
1667586540000,0.12436,0.12458,0.12397,0.12454,4572032.0
1667586600000,0.12453,0.12469,0.12429,0.12439,4680734.0
1667586660000,0.12437,0.12448,0.12424,0.12447,1320417.0
1667586720000,0.12447,0.12485,0.12442,0.12469,4603136.0
1667586780000,0.12466,0.12488,0.12455,0.12465,2512016.0
1667586840000,0.12465,0.1249,0.12456,0.12467,4682821.0
1667586900000,0.12466,0.12466,0.12434,0.12461,3901486.0
1667586960000,0.12463,0.12477,0.12447,0.12466,4561216.0
1667587020000,0.12466,0.12481,0.12452,0.12476,2256402.0
1667587080000,0.12475,0.12494,0.12462,0.12488,2310979.0
1667587140000,0.12488,0.12498,0.12471,0.12471,1723898.0
1667587200000,0.12471,0.12471,0.12455,0.12461,1240583.0
1667587260000,0.1246,0.12475,0.12451,0.12467,1553671.0
1667587320000,0.12467,0.12493,0.12465,0.12486,1387124.0
1667587380000,0.12485,0.1253,0.12485,0.12513,5452062.0
1667587440000,0.12513,0.12531,0.12506,0.12519,1866227.0
1667587500000,0.1252,0.12525,0.12506,0.12519,3189716.0
1667587560000,0.12518,0.1253,0.12507,0.12523,2321740.0
1667587620000,0.12523,0.12534,0.12515,0.12519,2632242.0
1667587680000,0.12518,0.1252,0.12457,0.12467,2991034.0
1667587740000,0.12466,0.12469,0.1244,0.12462,2171538.0
1667587800000,0.12463,0.12496,0.12459,0.12462,1640044.0
1667587860000,0.12461,0.12493,0.12461,0.12487,805479.0
1667587920000,0.12486,0.12492,0.12474,0.12479,1338239.0
1667587980000,0.1248,0.12487,0.12465,0.12475,1565116.0
1667588040000,0.12474,0.12478,0.12456,0.12464,819539.0
1667588100000,0.12464,0.12487,0.12457,0.1247,1126065.0
1667588160000,0.12472,0.12519,0.12472,0.12485,3901494.0
1667588220000,0.12484,0.12503,0.12479,0.12489,1479419.0
1667588280000,0.12489,0.12495,0.12466,0.12486,1986166.0
1667588340000,0.12487,0.12489,0.12461,0.12467,1050985.0
1667588400000,0.12468,0.12486,0.12462,0.12463,1977010.0
1667588460000,0.12463,0.12479,0.12463,0.12478,1072408.0
1667588520000,0.12477,0.12477,0.12463,0.12466,1535248.0
1667588580000,0.12465,0.12467,0.12451,0.12458,1112566.0
1667588640000,0.12459,0.12482,0.12453,0.12478,1087894.0
1667588700000,0.12477,0.12517,0.12477,0.12498,3431929.0
1667588760000,0.125,0.12506,0.12487,0.12488,617771.0
1667588820000,0.12488,0.125,0.12482,0.12494,1478791.0
1667588880000,0.12494,0.12517,0.12492,0.12508,1670695.0
1667588940000,0.12509,0.12518,0.125,0.12501,1137919.0
1667589000000,0.12501,0.12517,0.12495,0.12508,1276947.0
1667589060000,0.12508,0.12516,0.12497,0.12501,1413719.0
1667589120000,0.12502,0.12513,0.125,0.12512,1062005.0
1667589180000,0.12512,0.12517,0.12494,0.12506,1851961.0
1667589240000,0.12505,0.12517,0.12501,0.12509,1148261.0
1667589300000,0.12509,0.1254,0.12508,0.12535,2425080.0
1667589360000,0.12535,0.12543,0.125,0.12508,2133943.0
1667589420000,0.12506,0.12519,0.12494,0.12498,1168182.0
1667589480000,0.12497,0.12497,0.12474,0.1249,1264626.0
1667589540000,0.12489,0.12489,0.12465,0.12467,725628.0
1667589600000,0.12468,0.12488,0.12453,0.12458,1295167.0
1667589660000,0.12459,0.12488,0.12453,0.12456,1448153.0
1667589720000,0.12461,0.12461,0.12411,0.12438,4576528.0
1667589780000,0.12438,0.12461,0.12438,0.1245,1120652.0
1667589840000,0.1245,0.12455,0.12443,0.12446,657071.0
1667589900000,0.12447,0.12467,0.12438,0.12467,1190993.0
1667589960000,0.12468,0.12479,0.12466,0.12471,776451.0
1667590020000,0.12473,0.12483,0.12467,0.12468,930823.0
1667590080000,0.12468,0.12486,0.12453,0.12453,1248513.0
1667590140000,0.12454,0.12469,0.12448,0.12464,879556.0
1667590200000,0.12463,0.12472,0.12444,0.1247,1135162.0
1667590260000,0.12471,0.12482,0.12465,0.12471,1161420.0
1667590320000,0.1247,0.12482,0.1247,0.12473,696157.0
1667590380000,0.12474,0.12481,0.12458,0.12481,740849.0
1667590440000,0.12481,0.125,0.12476,0.12481,1082386.0
1667590500000,0.12482,0.12496,0.12456,0.12471,1891428.0
1667590560000,0.12472,0.12472,0.12443,0.12452,1673205.0
1667590620000,0.12452,0.12466,0.12452,0.12459,687478.0
1667590680000,0.12458,0.12492,0.12457,0.12487,1244312.0
1667590740000,0.12488,0.12499,0.12479,0.12493,1088591.0
1667590800000,0.12493,0.12498,0.12475,0.1248,738081.0
1667590860000,0.12479,0.12502,0.12462,0.12501,1351104.0
1667590920000,0.125,0.125,0.12489,0.125,1342482.0
1667590980000,0.125,0.12515,0.12498,0.12505,1390835.0
1667591040000,0.12505,0.12534,0.12503,0.12529,1971155.0
1667591100000,0.12529,0.12573,0.12516,0.12556,4907973.0
1667591160000,0.12556,0.12572,0.12539,0.1257,3797277.0
1667591220000,0.12567,0.12574,0.12546,0.1255,3363113.0
1667591280000,0.12551,0.12572,0.12541,0.12567,1202060.0
1667591340000,0.12567,0.1257,0.12551,0.12551,1897893.0
1667591400000,0.12552,0.1256,0.12513,0.12521,2719464.0
1667591460000,0.12521,0.12557,0.12517,0.1252,1744401.0
1667591520000,0.1252,0.1253,0.12511,0.12527,1543217.0
1667591580000,0.12528,0.12543,0.12521,0.12521,960740.0
1667591640000,0.12521,0.12546,0.12518,0.12542,1523273.0
1667591700000,0.12543,0.12554,0.12538,0.12545,1187552.0
1667591760000,0.12544,0.12544,0.12522,0.12529,1613264.0
1667591820000,0.12531,0.12541,0.12511,0.12511,1036164.0
1667591880000,0.12511,0.12523,0.12509,0.12518,1383539.0
1667591940000,0.12514,0.1256,0.12511,0.1256,2047760.0
1667592000000,0.12559,0.12565,0.12525,0.12526,2221962.0
1667592060000,0.12525,0.12541,0.12502,0.1253,2079792.0
1667592120000,0.12529,0.12543,0.12512,0.12512,1286765.0
1667592180000,0.12512,0.12521,0.125,0.12501,710710.0
1667592240000,0.125,0.12501,0.12449,0.12461,4122385.0
1667592300000,0.1246,0.12496,0.12457,0.12496,4674353.0
1667592360000,0.12497,0.12521,0.12487,0.12519,2165631.0
1667592420000,0.12519,0.12534,0.12495,0.1251,1094891.0
1667592480000,0.12512,0.12519,0.12488,0.12512,1130155.0
1667592540000,0.12512,0.12512,0.1249,0.12503,1008501.0
1667592600000,0.12502,0.12517,0.12487,0.12491,1034160.0
1667592660000,0.12491,0.12511,0.12486,0.12498,923066.0
1667592720000,0.12497,0.12502,0.1248,0.1248,596413.0
1667592780000,0.12481,0.12491,0.12472,0.12479,1268473.0
1667592840000,0.12477,0.12489,0.12468,0.12471,1294009.0
1667592900000,0.12473,0.12495,0.1247,0.12481,975933.0
1667592960000,0.12481,0.1249,0.12476,0.12483,337322.0
1667593020000,0.1248,0.12492,0.12475,0.12475,360128.0
1667593080000,0.12474,0.12477,0.12455,0.12476,993690.0
1667593140000,0.12477,0.12484,0.12472,0.12477,634223.0
1667593200000,0.12474,0.12494,0.12461,0.12494,469089.0
1667593260000,0.12494,0.12508,0.12468,0.12472,1159465.0
1667593320000,0.12472,0.12473,0.12459,0.12465,604171.0
1667593380000,0.12464,0.12469,0.12452,0.12458,866118.0
1667593440000,0.12458,0.12482,0.12457,0.12461,759903.0
1667593500000,0.1246,0.12473,0.12455,0.12467,804463.0
1667593560000,0.1247,0.12488,0.12468,0.12479,1316090.0
1667593620000,0.12475,0.12489,0.12469,0.12488,1643709.0
1667593680000,0.12485,0.12488,0.12471,0.12472,739551.0
1667593740000,0.12472,0.12488,0.12472,0.12483,1823808.0
1667593800000,0.12481,0.12495,0.12472,0.12476,771992.0
1667593860000,0.12477,0.12499,0.12477,0.12497,954048.0
1667593920000,0.12497,0.12506,0.12488,0.12502,1234951.0
1667593980000,0.12502,0.12506,0.125,0.12502,655200.0
1667594040000,0.12502,0.12531,0.125,0.12523,1364804.0
1667594100000,0.12523,0.12545,0.12496,0.12542,3755772.0
1667594160000,0.12543,0.1259,0.12543,0.12575,3295502.0
1667594220000,0.12575,0.12581,0.12557,0.12581,3585378.0
1667594280000,0.12582,0.12586,0.12561,0.12583,1361614.0
1667594340000,0.12581,0.12584,0.12562,0.12564,2586609.0
1667594400000,0.12564,0.12589,0.12559,0.12579,2240108.0
1667594460000,0.12579,0.12585,0.12576,0.12584,2600803.0
1667594520000,0.12583,0.1259,0.12573,0.12586,1174401.0
1667594580000,0.12586,0.12599,0.12578,0.12598,1026489.0
1667594640000,0.12598,0.12613,0.12572,0.12578,2363524.0
1667594700000,0.12577,0.12579,0.12564,0.12569,1289938.0
1667594760000,0.12566,0.1258,0.12564,0.12566,696751.0
1667594820000,0.12567,0.12578,0.12544,0.12548,1548673.0
1667594880000,0.12548,0.12548,0.12505,0.12536,2909092.0
1667594940000,0.12535,0.12612,0.1253,0.12609,2245224.0
1667595000000,0.12608,0.1267,0.12605,0.12656,3989658.0
1667595060000,0.12655,0.127,0.12638,0.12694,5046701.0
1667595120000,0.12694,0.127,0.12645,0.12668,1837855.0
1667595180000,0.12668,0.12708,0.12666,0.12699,1966629.0
1667595240000,0.12698,0.12703,0.12679,0.12683,1690098.0
1667595300000,0.12681,0.12681,0.12637,0.1265,3755998.0
1667595360000,0.1265,0.12683,0.12639,0.12666,2259928.0
1667595420000,0.12666,0.12673,0.1265,0.12673,825160.0
1667595480000,0.1267,0.12699,0.12663,0.12696,1038532.0
1667595540000,0.12696,0.12711,0.1268,0.12683,2166082.0
1667595600000,0.12682,0.12682,0.12653,0.12653,824283.0
1667595660000,0.12653,0.12661,0.12638,0.1264,741500.0
1667595720000,0.1264,0.12642,0.12621,0.1263,1099303.0
1667595780000,0.1263,0.12634,0.12594,0.12597,1213424.0
1667595840000,0.12599,0.12616,0.12593,0.12596,1251292.0
1667595900000,0.12595,0.12608,0.1259,0.12607,949602.0
1667595960000,0.12606,0.12606,0.1257,0.12575,1013513.0
1667596020000,0.12576,0.12607,0.12571,0.12586,991641.0
1667596080000,0.12586,0.12597,0.12583,0.12595,559521.0
1667596140000,0.12595,0.1261,0.12592,0.12607,1090123.0
1667596200000,0.12607,0.1262,0.12603,0.12619,516328.0
1667596260000,0.1262,0.12622,0.12608,0.1262,597117.0
1667596320000,0.12618,0.1262,0.12607,0.12611,736902.0
1667596380000,0.12611,0.12617,0.12608,0.12614,597543.0
1667596440000,0.12615,0.12615,0.12609,0.12613,260807.0
1667596500000,0.12611,0.12639,0.12611,0.12625,788123.0
1667596560000,0.12625,0.12636,0.1262,0.12624,610894.0
1667596620000,0.12627,0.12629,0.1262,0.12626,654811.0
1667596680000,0.12625,0.12649,0.12622,0.12643,1721990.0
1667596740000,0.12644,0.12663,0.1264,0.1266,800903.0
1667596800000,0.1266,0.12668,0.12657,0.12658,1010010.0
1667596860000,0.12657,0.12661,0.12635,0.12639,1427402.0
1667596920000,0.12639,0.12639,0.12621,0.12624,560678.0
1667596980000,0.12624,0.12626,0.12599,0.12608,969951.0
1667597040000,0.12609,0.1262,0.12607,0.12607,963954.0
1667597100000,0.12606,0.12607,0.12593,0.12595,1014748.0
1667597160000,0.12593,0.12602,0.12593,0.12596,465802.0
1667597220000,0.12597,0.12597,0.12588,0.12591,457135.0
1667597280000,0.1259,0.12599,0.12588,0.12591,1032126.0
1667597340000,0.12591,0.12593,0.12579,0.12581,985539.0
1667597400000,0.12581,0.12585,0.12548,0.12552,1854952.0
1667597460000,0.12552,0.1256,0.12525,0.12559,1576902.0
1667597520000,0.12559,0.12561,0.12549,0.12554,597001.0
1667597580000,0.12554,0.1256,0.12552,0.12552,520285.0
1667597640000,0.12553,0.12555,0.12541,0.12544,469756.0
1667597700000,0.12544,0.12551,0.12526,0.12537,2145707.0
1667597760000,0.12537,0.12559,0.12537,0.12555,1057215.0
1667597820000,0.12555,0.12563,0.12551,0.12562,825279.0
1667597880000,0.12561,0.12565,0.12558,0.12565,340985.0
1667597940000,0.12564,0.12572,0.12558,0.12572,355137.0
1667598000000,0.12571,0.1258,0.12566,0.1258,655992.0
1667598060000,0.1258,0.12588,0.12579,0.12584,346773.0
1667598120000,0.12583,0.126,0.12583,0.12597,579271.0
1667598180000,0.12596,0.12605,0.12596,0.12603,361650.0
1667598240000,0.12601,0.12602,0.12595,0.12597,394269.0
1667598300000,0.12598,0.12608,0.12598,0.12607,291400.0
1667598360000,0.12607,0.1261,0.12606,0.12606,633764.0
1667598420000,0.12607,0.12611,0.12606,0.1261,417760.0
1667598480000,0.12608,0.12622,0.12606,0.12622,833015.0
1667598540000,0.1262,0.12669,0.12619,0.12665,2659836.0
1667598600000,0.12665,0.12672,0.12662,0.1267,544428.0
1667598660000,0.12671,0.12703,0.12668,0.12703,1766598.0
1667598720000,0.12702,0.12743,0.12701,0.12707,5182336.0
1667598780000,0.12707,0.12763,0.12707,0.12742,2648798.0
1667598840000,0.12742,0.12742,0.12694,0.12695,2531505.0
1667598900000,0.12696,0.12706,0.12692,0.12706,1387382.0
1667598960000,0.12708,0.12712,0.12699,0.12712,870961.0
1667599020000,0.12713,0.12739,0.12711,0.12727,1630520.0
1667599080000,0.12727,0.12736,0.12724,0.12736,1541844.0
1667599140000,0.12735,0.12735,0.1272,0.12721,702817.0
1667599200000,0.12721,0.12722,0.12676,0.12694,1889229.0
1667599260000,0.12694,0.12745,0.12694,0.12726,1774056.0
1667599320000,0.12726,0.12727,0.12688,0.12692,1686422.0
1667599380000,0.12693,0.127,0.12691,0.12697,705173.0
1667599440000,0.12698,0.12699,0.12646,0.12656,1166409.0
1667599500000,0.12658,0.12685,0.1264,0.12654,1344615.0
1667599560000,0.12654,0.12672,0.12649,0.12651,669097.0
1667599620000,0.12651,0.12665,0.12645,0.12653,1078453.0
1667599680000,0.12653,0.12695,0.12648,0.12693,1156697.0
1667599740000,0.12694,0.12711,0.12682,0.12684,2143406.0
1667599800000,0.12684,0.12709,0.12679,0.12709,747468.0
1667599860000,0.12709,0.12719,0.12698,0.12711,1526591.0
1667599920000,0.12712,0.12728,0.12706,0.12707,1015791.0
1667599980000,0.12706,0.12723,0.12702,0.12716,588970.0
1667600040000,0.12716,0.12738,0.12715,0.12733,945536.0
1667600100000,0.12732,0.1275,0.12718,0.12742,1420715.0
1667600160000,0.1274,0.12766,0.12734,0.12762,4060298.0
1667600220000,0.12763,0.12771,0.12741,0.12742,1893113.0
1667600280000,0.1274,0.1274,0.12693,0.12699,1693757.0
1667600340000,0.127,0.12718,0.12697,0.12716,874955.0
1667600400000,0.12717,0.1275,0.12709,0.12731,1198435.0
1667600460000,0.12732,0.12764,0.12717,0.12732,2364723.0
1667600520000,0.1273,0.1273,0.12696,0.12704,737601.0
1667600580000,0.12703,0.12729,0.12695,0.12715,1054704.0
1667600640000,0.12714,0.12725,0.1269,0.12705,1331582.0
1667600700000,0.12706,0.12712,0.12695,0.12697,994162.0
1667600760000,0.12697,0.1271,0.12695,0.12699,948862.0
1667600820000,0.12698,0.12702,0.12683,0.12684,952039.0
1667600880000,0.12685,0.12697,0.12682,0.1269,1014865.0
1667600940000,0.12692,0.12728,0.12692,0.12722,761403.0
1667601000000,0.12722,0.12728,0.12718,0.12723,1044184.0
1667601060000,0.12722,0.12732,0.12701,0.12718,2399068.0
1667601120000,0.12718,0.12746,0.12715,0.12743,2200256.0
1667601180000,0.12743,0.12746,0.12731,0.12745,901367.0
1667601240000,0.12745,0.12749,0.12729,0.12733,953590.0
1667601300000,0.12731,0.12743,0.12725,0.12739,453034.0
1667601360000,0.12739,0.12756,0.12738,0.12749,1775471.0
1667601420000,0.12749,0.12751,0.12735,0.12739,866083.0
1667601480000,0.12738,0.1274,0.12713,0.12713,828521.0
1667601540000,0.12711,0.12738,0.12701,0.12736,1652876.0
1667601600000,0.12736,0.12763,0.12734,0.12747,1325853.0
1667601660000,0.12747,0.12765,0.12742,0.12761,1242391.0
1667601720000,0.12761,0.12829,0.12759,0.12822,7930885.0
1667601780000,0.12824,0.12826,0.12786,0.12792,1768845.0
1667601840000,0.12793,0.12842,0.12785,0.12829,2157505.0
1667601900000,0.12832,0.12832,0.12787,0.1279,2762901.0
1667601960000,0.1279,0.12792,0.12749,0.12756,871567.0
1667602020000,0.12756,0.12768,0.12736,0.1276,629966.0
1667602080000,0.1276,0.1276,0.12721,0.12721,937703.0
1667602140000,0.1272,0.12743,0.12719,0.12734,656806.0
1667602200000,0.12734,0.12736,0.12716,0.12716,753710.0
1667602260000,0.12716,0.12727,0.12707,0.12715,665209.0
1667602320000,0.12715,0.12716,0.12685,0.12711,1814631.0
1667602380000,0.12713,0.12738,0.1271,0.12733,902002.0
1667602440000,0.12733,0.12736,0.12719,0.12729,2046698.0
1667602500000,0.12727,0.12728,0.12721,0.12724,375653.0
1667602560000,0.12722,0.12745,0.12707,0.12739,1645221.0
1667602620000,0.12737,0.12745,0.1272,0.12734,1461256.0
1667602680000,0.12734,0.12739,0.12706,0.1272,1832611.0
1667602740000,0.12719,0.12723,0.12706,0.12708,784458.0
1667602800000,0.12708,0.12735,0.12702,0.12726,1122952.0
1667602860000,0.12727,0.1273,0.12702,0.1271,627342.0
1667602920000,0.12708,0.12711,0.12685,0.12689,1499963.0
1667602980000,0.12688,0.12695,0.12664,0.12686,2417541.0
1667603040000,0.12686,0.12701,0.12685,0.12686,743003.0
1667603100000,0.12688,0.12702,0.12688,0.12695,1061961.0
1667603160000,0.12693,0.12698,0.12689,0.1269,516504.0
1667603220000,0.1269,0.12691,0.12661,0.12663,1660532.0
1667603280000,0.12663,0.12683,0.12661,0.12674,739623.0
1667603340000,0.12675,0.12681,0.12623,0.12627,1498408.0
1667603400000,0.12628,0.12642,0.12596,0.12598,2788490.0
1667603460000,0.12598,0.12614,0.12561,0.1261,5544989.0
1667603520000,0.12608,0.12612,0.12581,0.12603,2781469.0
1667603580000,0.12602,0.12608,0.12572,0.12586,1827550.0
1667603640000,0.12586,0.12598,0.125,0.12554,5234974.0
1667603700000,0.12554,0.12601,0.12553,0.1259,2254028.0
1667603760000,0.12589,0.12589,0.12539,0.12546,6479587.0
1667603820000,0.12547,0.12566,0.12531,0.12564,2455622.0
1667603880000,0.12564,0.1259,0.12559,0.1256,1140089.0
1667603940000,0.12559,0.12585,0.12552,0.1258,961665.0
1667604000000,0.12579,0.12596,0.12576,0.12592,769890.0
1667604060000,0.12593,0.12606,0.12592,0.12593,1334841.0
1667604120000,0.12593,0.12594,0.12579,0.12583,536543.0
1667604180000,0.12584,0.12602,0.12584,0.12594,1014948.0
1667604240000,0.12595,0.12601,0.12583,0.12596,782836.0
1667604300000,0.12595,0.12602,0.12582,0.12593,548680.0
1667604360000,0.12593,0.12606,0.12589,0.126,870977.0
1667604420000,0.126,0.1262,0.1259,0.12603,781846.0
1667604480000,0.12603,0.12641,0.12601,0.12633,739225.0
1667604540000,0.12633,0.12646,0.12625,0.12633,833565.0
1667604600000,0.12632,0.12644,0.12627,0.12638,756758.0
1667604660000,0.12636,0.12636,0.12602,0.12606,686740.0
1667604720000,0.12606,0.1262,0.12587,0.12619,1021311.0
1667604780000,0.12618,0.12635,0.12613,0.12634,427283.0
1667604840000,0.12631,0.12635,0.12592,0.12605,942805.0
1667604900000,0.12605,0.12616,0.12594,0.12596,700998.0
1667604960000,0.12595,0.12618,0.12592,0.126,961556.0
1667605020000,0.12599,0.12605,0.12588,0.12592,540243.0
1667605080000,0.12594,0.12596,0.12567,0.12576,1040258.0
1667605140000,0.12577,0.12582,0.12538,0.1255,1096379.0
1667605200000,0.1255,0.12582,0.1255,0.12581,1131670.0
1667605260000,0.12581,0.12585,0.12555,0.12559,488321.0
1667605320000,0.12558,0.12573,0.12557,0.12573,543667.0
1667605380000,0.12572,0.12595,0.1257,0.12594,874018.0
1667605440000,0.12593,0.12603,0.12593,0.12593,475000.0
1667605500000,0.12593,0.12624,0.12591,0.12614,1019615.0
1667605560000,0.12613,0.1263,0.12611,0.12623,1112701.0
1667605620000,0.12623,0.12627,0.12617,0.12622,374943.0
1667605680000,0.12622,0.12629,0.12618,0.12619,458280.0
1667605740000,0.12619,0.12619,0.12598,0.12602,1284724.0
1667605800000,0.12603,0.12621,0.12603,0.12618,517504.0
1667605860000,0.12618,0.12629,0.12618,0.12621,521024.0
1667605920000,0.1262,0.12629,0.1262,0.12622,150512.0
1667605980000,0.12622,0.1264,0.12621,0.12636,890267.0
1667606040000,0.12636,0.12657,0.12634,0.12647,1045392.0
1667606100000,0.12646,0.1266,0.12643,0.12647,721436.0
1667606160000,0.12647,0.12648,0.12618,0.1263,774647.0
1667606220000,0.12629,0.1263,0.1261,0.12625,2010364.0
1667606280000,0.12626,0.12629,0.12617,0.12617,238150.0
1667606340000,0.12617,0.1262,0.12594,0.12613,1218879.0
1667606400000,0.12612,0.12638,0.12608,0.12635,576482.0
1667606460000,0.12631,0.12672,0.12631,0.1267,866716.0
1667606520000,0.1267,0.12706,0.12667,0.12701,1613542.0
1667606580000,0.12698,0.12727,0.12661,0.12677,2311956.0
1667606640000,0.12675,0.12678,0.1265,0.12658,1628611.0
1667606700000,0.12662,0.12671,0.126,0.12604,1637208.0
1667606760000,0.12602,0.12611,0.1255,0.12579,2690894.0
1667606820000,0.12579,0.126,0.1255,0.1259,1064335.0
1667606880000,0.12591,0.12605,0.12575,0.12576,820780.0
1667606940000,0.12576,0.12577,0.125,0.12511,7473049.0
1667607000000,0.12512,0.12551,0.12512,0.12547,2141557.0
1667607060000,0.12547,0.1256,0.12512,0.12512,1041412.0
1667607120000,0.12512,0.12538,0.12496,0.1252,1180382.0
1667607180000,0.1252,0.1252,0.12444,0.12467,3324546.0
1667607240000,0.12469,0.12481,0.12342,0.12412,10180664.0
1667607300000,0.12414,0.12494,0.12414,0.12484,1780177.0
1667607360000,0.12484,0.12525,0.12484,0.12503,2281359.0
1667607420000,0.12502,0.12517,0.12488,0.12511,803566.0
1667607480000,0.12511,0.12548,0.1251,0.12531,1973188.0
1667607540000,0.12531,0.12539,0.12495,0.12505,809329.0
1667607600000,0.12505,0.12515,0.125,0.125,1249752.0
1667607660000,0.125,0.12521,0.12495,0.12511,1156949.0
1667607720000,0.12511,0.12513,0.12466,0.12478,1819902.0
1667607780000,0.12478,0.12488,0.12457,0.12479,2011940.0
1667607840000,0.12481,0.12504,0.12481,0.125,745485.0
1667607900000,0.12502,0.12511,0.12463,0.12478,1403692.0
1667607960000,0.12478,0.12496,0.12469,0.1249,1851003.0
1667608020000,0.12491,0.1252,0.12491,0.12517,1602625.0
1667608080000,0.12518,0.12541,0.12512,0.12541,1355589.0
1667608140000,0.1254,0.1254,0.12513,0.12524,1213340.0
1667608200000,0.12524,0.12538,0.12515,0.12526,1253186.0
1667608260000,0.12525,0.12545,0.12522,0.1254,987356.0
1667608320000,0.1254,0.12546,0.12529,0.12531,703962.0
1667608380000,0.12531,0.12559,0.12531,0.12559,793378.0
1667608440000,0.12558,0.12581,0.1255,0.12567,1026401.0
1667608500000,0.12566,0.12579,0.12559,0.12577,571550.0
1667608560000,0.12576,0.12592,0.1257,0.1258,647178.0
1667608620000,0.12578,0.126,0.12578,0.12592,1849981.0
1667608680000,0.12592,0.12648,0.12579,0.12641,3912781.0
1667608740000,0.1264,0.12648,0.12595,0.1262,1251405.0
1667608800000,0.12619,0.12686,0.1261,0.12661,3653886.0
1667608860000,0.12662,0.12695,0.12636,0.12652,4988127.0
1667608920000,0.12651,0.12694,0.12649,0.12682,1711042.0
1667608980000,0.12682,0.12708,0.12672,0.12708,2829236.0
1667609040000,0.12707,0.1274,0.12702,0.12737,2706002.0
1667609100000,0.12737,0.12763,0.12732,0.12748,2798124.0
1667609160000,0.12749,0.12754,0.12732,0.12745,1401636.0
1667609220000,0.12746,0.12752,0.12713,0.12716,3241613.0
1667609280000,0.12713,0.12713,0.12646,0.12651,2059304.0
1667609340000,0.1265,0.1269,0.12646,0.12685,1264310.0
1667609400000,0.12685,0.12692,0.1267,0.12681,845874.0
1667609460000,0.12681,0.12747,0.1268,0.12734,5644575.0
1667609520000,0.12735,0.12738,0.12708,0.12708,1725277.0
1667609580000,0.12705,0.12707,0.12691,0.12697,522251.0
1667609640000,0.12697,0.12711,0.12684,0.12695,1179159.0
1667609700000,0.12692,0.12736,0.12691,0.12714,734572.0
1667609760000,0.12715,0.12718,0.12695,0.12695,1006100.0
1667609820000,0.12694,0.12713,0.12689,0.12706,627008.0
1667609880000,0.12708,0.12725,0.12708,0.12711,772574.0
1667609940000,0.1271,0.12715,0.12703,0.12705,843709.0
1667610000000,0.12706,0.12714,0.12684,0.1269,3078379.0
1667610060000,0.12691,0.12694,0.12666,0.12672,1361146.0
1667610120000,0.12672,0.12675,0.12641,0.12656,1610104.0
1667610180000,0.12657,0.12662,0.12638,0.12644,1452206.0
1667610240000,0.12644,0.12684,0.12642,0.12644,1804485.0
1667610300000,0.12645,0.12651,0.12603,0.12623,1777515.0
1667610360000,0.1262,0.12643,0.12612,0.12618,1388792.0
1667610420000,0.12618,0.12633,0.12616,0.12616,698622.0
1667610480000,0.12616,0.12631,0.12614,0.12628,703604.0
1667610540000,0.1263,0.12644,0.12614,0.12625,907538.0
1667610600000,0.12626,0.12627,0.12614,0.1262,508927.0
1667610660000,0.1262,0.12635,0.12612,0.12613,830542.0
1667610720000,0.12613,0.12622,0.12609,0.12614,1989539.0
1667610780000,0.12612,0.12644,0.12611,0.12639,1002687.0
1667610840000,0.1264,0.12646,0.12633,0.12633,401673.0
1667610900000,0.12633,0.12641,0.12613,0.12616,962406.0
1667610960000,0.12615,0.12616,0.12595,0.12607,1454553.0
1667611020000,0.12605,0.12607,0.12585,0.12587,570541.0
1667611080000,0.12586,0.12586,0.12539,0.12562,2465091.0
1667611140000,0.12561,0.12583,0.12548,0.12549,1685507.0
1667611200000,0.12549,0.12566,0.12549,0.12565,1535871.0
1667611260000,0.12565,0.12575,0.12564,0.12571,366482.0
1667611320000,0.12566,0.12573,0.12542,0.12573,1182158.0
1667611380000,0.12573,0.12594,0.12566,0.12587,860045.0
1667611440000,0.12588,0.12599,0.12572,0.12573,823260.0
1667611500000,0.12572,0.12572,0.12541,0.12544,457888.0
1667611560000,0.12544,0.12571,0.12537,0.12567,2832481.0
1667611620000,0.12567,0.12588,0.12567,0.12572,521810.0
1667611680000,0.12571,0.12575,0.1256,0.12561,487945.0
1667611740000,0.1256,0.12568,0.1254,0.12549,519168.0
1667611800000,0.1255,0.1258,0.1255,0.12577,1021619.0
1667611860000,0.12577,0.1258,0.12511,0.12514,2171439.0
1667611920000,0.12513,0.12529,0.12489,0.12503,3700078.0
1667611980000,0.12503,0.12524,0.12499,0.12505,900675.0
1667612040000,0.12505,0.12509,0.12491,0.12499,706549.0
1667612100000,0.125,0.12511,0.125,0.12502,771434.0
1667612160000,0.12503,0.12507,0.1249,0.12497,740018.0
1667612220000,0.12495,0.12501,0.12466,0.12501,1285446.0
1667612280000,0.125,0.12539,0.12499,0.12532,1116280.0
1667612340000,0.12532,0.12537,0.12501,0.12504,596102.0
1667612400000,0.12503,0.12513,0.12473,0.12474,570907.0
1667612460000,0.12474,0.12481,0.12467,0.12475,579357.0
1667612520000,0.12475,0.12497,0.12475,0.12492,526478.0
1667612580000,0.12491,0.12496,0.12485,0.12486,724552.0
1667612640000,0.12485,0.12493,0.12476,0.12482,284306.0
1667612700000,0.12482,0.125,0.1245,0.12455,1283253.0
1667612760000,0.12459,0.12491,0.12454,0.12491,441039.0
1667612820000,0.1249,0.12503,0.12477,0.12477,666629.0
1667612880000,0.12478,0.12494,0.12465,0.12494,647414.0
1667612940000,0.12494,0.12506,0.1249,0.12502,1085214.0
1667613000000,0.12502,0.12538,0.12498,0.12506,763409.0
1667613060000,0.12506,0.12529,0.12504,0.12523,779340.0
1667613120000,0.12524,0.12532,0.12505,0.12514,2118066.0
1667613180000,0.12513,0.12526,0.1251,0.12522,402531.0
1667613240000,0.12524,0.12524,0.125,0.12504,812298.0
1667613300000,0.12504,0.12506,0.12496,0.12498,375197.0
1667613360000,0.12498,0.12509,0.12496,0.12509,1060159.0
1667613420000,0.12508,0.12527,0.12507,0.12511,551448.0
1667613480000,0.1251,0.1252,0.12493,0.12512,1120497.0
1667613540000,0.12513,0.12514,0.12499,0.12504,583218.0
1667613600000,0.12505,0.12519,0.12505,0.12519,1047192.0
1667613660000,0.12519,0.12539,0.12509,0.12536,882893.0
1667613720000,0.12534,0.1255,0.1253,0.12544,1145254.0
1667613780000,0.12544,0.12547,0.12533,0.12534,1516707.0
1667613840000,0.12534,0.12534,0.12508,0.12523,1380485.0
1667613900000,0.12523,0.1253,0.12501,0.12505,982162.0
1667613960000,0.12504,0.12522,0.12496,0.12507,1010727.0
1667614020000,0.12507,0.12507,0.12479,0.12485,2862427.0
1667614080000,0.12486,0.12488,0.1247,0.12483,1199021.0
1667614140000,0.12483,0.12487,0.12472,0.12483,2518736.0
1667614200000,0.12485,0.12487,0.12474,0.12474,428755.0
1667614260000,0.12475,0.12476,0.1243,0.1243,1905708.0
1667614320000,0.1243,0.12464,0.12428,0.12449,1244887.0
1667614380000,0.12448,0.12461,0.12443,0.12451,837808.0
1667614440000,0.12448,0.12454,0.12443,0.12445,821692.0
1667614500000,0.12446,0.12473,0.12441,0.12472,422155.0
1667614560000,0.12473,0.12481,0.12469,0.12471,949586.0
1667614620000,0.12472,0.12474,0.12458,0.12466,488656.0
1667614680000,0.12468,0.12474,0.12467,0.1247,221388.0
1667614740000,0.12469,0.12472,0.12458,0.1246,322494.0
1667614800000,0.12461,0.12461,0.12435,0.12452,1029498.0
1667614860000,0.12451,0.12477,0.12449,0.12475,903444.0
1667614920000,0.12474,0.12475,0.12427,0.1243,1493828.0
1667614980000,0.1243,0.12448,0.12423,0.12428,681178.0
1667615040000,0.12428,0.12442,0.12423,0.12423,817068.0
1667615100000,0.12425,0.12429,0.12384,0.12423,3169404.0
1667615160000,0.12423,0.12443,0.12398,0.12443,2517168.0
1667615220000,0.12443,0.12463,0.12437,0.12463,857759.0
1667615280000,0.12463,0.12469,0.12446,0.12451,597248.0
1667615340000,0.12449,0.1246,0.12448,0.12451,282319.0
1667615400000,0.12451,0.12462,0.12451,0.12458,324934.0
1667615460000,0.12459,0.12475,0.12459,0.12473,562582.0
1667615520000,0.12474,0.12476,0.12442,0.12446,661675.0
1667615580000,0.12445,0.12457,0.12443,0.1245,330871.0
1667615640000,0.1245,0.12462,0.1245,0.1245,424349.0
1667615700000,0.1245,0.1246,0.12441,0.12445,494477.0
1667615760000,0.12445,0.12446,0.12434,0.12435,287996.0
1667615820000,0.12436,0.12448,0.12434,0.1244,375042.0
1667615880000,0.1244,0.12444,0.12437,0.12442,241389.0
1667615940000,0.12442,0.12447,0.12429,0.12429,357803.0
1667616000000,0.12429,0.12429,0.12393,0.12395,1484794.0
1667616060000,0.12395,0.12411,0.12394,0.12403,799823.0
1667616120000,0.12403,0.12458,0.12398,0.12426,3764258.0
1667616180000,0.12429,0.1247,0.12425,0.12463,872633.0
1667616240000,0.12463,0.12478,0.12456,0.12477,678730.0
1667616300000,0.12478,0.12479,0.12465,0.12476,511963.0
1667616360000,0.12476,0.12478,0.1247,0.12474,312107.0
1667616420000,0.12474,0.12475,0.12461,0.12467,614647.0
1667616480000,0.12466,0.12472,0.12448,0.12453,508609.0
1667616540000,0.12453,0.12478,0.12448,0.12477,361823.0
1667616600000,0.12478,0.12481,0.12467,0.12475,406752.0
1667616660000,0.12474,0.12484,0.12468,0.12475,1835469.0
1667616720000,0.12476,0.12482,0.12469,0.12479,265202.0
1667616780000,0.12479,0.12497,0.12477,0.12495,711782.0
1667616840000,0.12496,0.12503,0.12488,0.12488,901989.0
1667616900000,0.12489,0.12489,0.1247,0.12474,577027.0
1667616960000,0.12474,0.12491,0.12469,0.12491,320416.0
1667617020000,0.12487,0.12496,0.12484,0.12495,232439.0
1667617080000,0.12495,0.12504,0.12488,0.12488,703183.0
1667617140000,0.12489,0.12489,0.12482,0.12489,243386.0
1667617200000,0.1249,0.12496,0.12481,0.12481,387526.0
1667617260000,0.12482,0.12493,0.12477,0.12492,689839.0
1667617320000,0.12491,0.12495,0.12486,0.12493,170605.0
1667617380000,0.12493,0.12494,0.1249,0.12492,214828.0
1667617440000,0.12491,0.12509,0.12491,0.12506,559115.0
1667617500000,0.12505,0.12519,0.12502,0.12517,925610.0
1667617560000,0.12518,0.12548,0.12514,0.12545,2268525.0
1667617620000,0.12545,0.12575,0.12541,0.12552,1823775.0
1667617680000,0.12553,0.1256,0.12526,0.12526,1304759.0
1667617740000,0.12528,0.12547,0.12527,0.12535,969989.0
1667617800000,0.12532,0.12542,0.12526,0.12534,1342946.0
1667617860000,0.12534,0.12534,0.12487,0.12498,1211171.0
1667617920000,0.12502,0.12527,0.12501,0.12513,1309749.0
1667617980000,0.12514,0.12541,0.12513,0.12535,1123846.0
1667618040000,0.12535,0.12539,0.12523,0.12525,673874.0
1667618100000,0.12526,0.1254,0.12514,0.12531,2031871.0
1667618160000,0.12531,0.12562,0.12531,0.12549,1445184.0
1667618220000,0.12548,0.12559,0.12548,0.1255,377555.0
1667618280000,0.1255,0.12558,0.12543,0.12545,887427.0
1667618340000,0.12545,0.12556,0.12542,0.12555,475793.0
1667618400000,0.12556,0.12556,0.12534,0.12546,472684.0
1667618460000,0.12546,0.12555,0.12538,0.12543,833325.0
1667618520000,0.12541,0.12576,0.12541,0.12562,1211372.0
1667618580000,0.12562,0.12562,0.12534,0.12553,727039.0
1667618640000,0.12552,0.12552,0.1249,0.12492,859434.0
1667618700000,0.12493,0.12506,0.12493,0.125,1637057.0
1667618760000,0.125,0.125,0.1244,0.12448,2185252.0
1667618820000,0.12449,0.12461,0.12417,0.12419,983851.0
1667618880000,0.12417,0.12434,0.12404,0.12404,808945.0
1667618940000,0.12403,0.12423,0.1227,0.12326,13366255.0
1667619000000,0.12325,0.12361,0.12287,0.12358,3831566.0
1667619060000,0.12358,0.12401,0.12357,0.12393,2169671.0
1667619120000,0.12394,0.12407,0.12363,0.12367,1015239.0
1667619180000,0.1237,0.12393,0.12363,0.12386,1014687.0
1667619240000,0.12385,0.12394,0.1237,0.12393,1165437.0
1667619300000,0.12394,0.1241,0.1238,0.12396,1011703.0
1667619360000,0.12397,0.12405,0.12376,0.12377,871778.0
1667619420000,0.12377,0.12385,0.12371,0.12379,686824.0
1667619480000,0.12378,0.12403,0.12378,0.12401,1254789.0
1667619540000,0.12401,0.12402,0.12385,0.12388,363281.0
1667619600000,0.12388,0.12405,0.12367,0.12378,1272540.0
1667619660000,0.12379,0.12388,0.12372,0.12388,608559.0
1667619720000,0.12387,0.12388,0.12364,0.12384,1073307.0
1667619780000,0.12384,0.12392,0.12382,0.12385,508828.0
1667619840000,0.12385,0.12394,0.12356,0.12359,846895.0
1667619900000,0.12358,0.1238,0.1233,0.1238,1635525.0
1667619960000,0.12379,0.12418,0.12376,0.12417,1556092.0
1667620020000,0.12418,0.12447,0.12399,0.12437,3547107.0
1667620080000,0.12437,0.12463,0.1242,0.12457,1387458.0
1667620140000,0.12456,0.12461,0.12436,0.12439,852815.0
1667620200000,0.12439,0.12468,0.12429,0.12461,2495537.0
1667620260000,0.12459,0.12466,0.12434,0.1246,1433558.0
1667620320000,0.1246,0.12466,0.12434,0.12451,1653391.0
1667620380000,0.12452,0.12482,0.12446,0.12478,2127924.0
1667620440000,0.12477,0.12487,0.12464,0.12471,582499.0
1667620500000,0.1247,0.12475,0.12463,0.12466,399942.0
1667620560000,0.12466,0.12502,0.1245,0.12496,1849121.0
1667620620000,0.12497,0.12506,0.12492,0.12497,744484.0
1667620680000,0.12497,0.1251,0.1249,0.12499,418027.0
1667620740000,0.125,0.12504,0.12488,0.12489,473903.0
1667620800000,0.12488,0.12508,0.12487,0.12502,549358.0
1667620860000,0.12503,0.12507,0.1249,0.12499,423150.0
1667620920000,0.12499,0.12508,0.1249,0.12505,359481.0
1667620980000,0.12505,0.12506,0.12463,0.12463,224321.0
1667621040000,0.12464,0.12478,0.12454,0.12456,572973.0
1667621100000,0.12454,0.12464,0.12439,0.12458,1138037.0
1667621160000,0.12458,0.12462,0.12431,0.12443,710166.0
1667621220000,0.12442,0.12471,0.12441,0.12471,925307.0
1667621280000,0.12471,0.125,0.12469,0.12497,1242976.0
1667621340000,0.12498,0.125,0.12472,0.12482,707136.0
1667621400000,0.12482,0.12498,0.12479,0.12492,284237.0
1667621460000,0.12492,0.12503,0.12487,0.12501,1164750.0
1667621520000,0.125,0.12522,0.125,0.12518,954194.0
1667621580000,0.12519,0.12525,0.12502,0.12514,767398.0
1667621640000,0.12514,0.12518,0.12504,0.12512,383457.0
1667621700000,0.12511,0.12513,0.12502,0.12504,298697.0
1667621760000,0.12504,0.12508,0.12473,0.12482,1069086.0
1667621820000,0.12482,0.1251,0.12481,0.12509,751401.0
1667621880000,0.12509,0.12521,0.12503,0.12503,1098960.0
1667621940000,0.12503,0.1251,0.12503,0.12505,385778.0
1667622000000,0.12505,0.12513,0.12492,0.12502,1002394.0
1667622060000,0.12502,0.1251,0.12483,0.12485,463869.0
1667622120000,0.12489,0.12489,0.12459,0.1246,662883.0
1667622180000,0.12462,0.12499,0.12462,0.12493,554621.0
1667622240000,0.12493,0.12496,0.12486,0.12489,408592.0
1667622300000,0.12488,0.12489,0.1248,0.12489,363128.0
1667622360000,0.12489,0.12508,0.12487,0.125,872820.0
1667622420000,0.12501,0.1252,0.12501,0.12513,1151941.0
1667622480000,0.12512,0.12525,0.12495,0.12512,2264560.0
1667622540000,0.12515,0.12527,0.1251,0.12526,486941.0
1667622600000,0.12525,0.12528,0.12511,0.12521,412758.0
1667622660000,0.12522,0.12534,0.1252,0.1253,1239313.0
1667622720000,0.12531,0.12594,0.12531,0.12588,2850719.0
1667622780000,0.12588,0.12607,0.12573,0.12578,4996070.0
1667622840000,0.12577,0.12579,0.1254,0.12571,1696589.0
1667622900000,0.12572,0.126,0.12565,0.12582,1680054.0
1667622960000,0.12581,0.12625,0.12581,0.12624,1456601.0
1667623020000,0.12623,0.12635,0.12606,0.12628,2044253.0
1667623080000,0.12627,0.12681,0.12603,0.12672,3706218.0
1667623140000,0.12673,0.1269,0.12614,0.12617,3983999.0
1667623200000,0.12616,0.12653,0.12607,0.12652,1914660.0
1667623260000,0.12652,0.12674,0.12648,0.12658,900175.0
1667623320000,0.12659,0.12668,0.12646,0.12646,950156.0
1667623380000,0.12646,0.12665,0.1263,0.12636,2346230.0
1667623440000,0.12638,0.12647,0.12629,0.12642,1070844.0
1667623500000,0.12641,0.12643,0.12632,0.12639,1332234.0
1667623560000,0.12639,0.12687,0.12638,0.12682,2355005.0
1667623620000,0.12682,0.12691,0.12652,0.12685,2892321.0
1667623680000,0.12686,0.12704,0.12678,0.12701,3544696.0
1667623740000,0.12699,0.12799,0.12692,0.12779,8731265.0
1667623800000,0.12774,0.12948,0.12772,0.12948,24019909.0
1667623860000,0.12947,0.1315,0.12937,0.13034,41864445.0
1667623920000,0.13039,0.13135,0.13006,0.13134,14491183.0
1667623980000,0.13134,0.13154,0.13089,0.13098,11026274.0
1667624040000,0.131,0.13265,0.13051,0.13258,19286770.0
1667624100000,0.13258,0.1333,0.13249,0.13324,19290736.0
1667624160000,0.13326,0.13425,0.1332,0.13402,23985741.0
1667624220000,0.13401,0.13407,0.13324,0.13376,13193109.0
1667624280000,0.13376,0.13387,0.13219,0.13286,14644265.0
1667624340000,0.13287,0.13351,0.13274,0.13319,9844129.0
1667624400000,0.13318,0.134,0.13255,0.13397,17289675.0
1667624460000,0.13397,0.13462,0.13355,0.13457,11137133.0
1667624520000,0.13457,0.13551,0.13427,0.13542,34781837.0
1667624580000,0.13541,0.13556,0.13424,0.13478,13017750.0
1667624640000,0.13478,0.13491,0.13391,0.13487,10714129.0
1667624700000,0.13486,0.13559,0.13464,0.13464,10898839.0
1667624760000,0.13464,0.13544,0.13463,0.13511,10961897.0
1667624820000,0.13511,0.13516,0.135,0.135,13750281.0
1667624880000,0.135,0.13501,0.1337,0.13384,13087169.0
1667624940000,0.13383,0.13441,0.13337,0.1344,8914030.0
1667625000000,0.1344,0.13502,0.13411,0.13501,9046728.0
1667625060000,0.135,0.13545,0.13489,0.13497,10051472.0
1667625120000,0.13495,0.13565,0.13488,0.13562,7974447.0
1667625180000,0.13562,0.136,0.13528,0.13547,12687922.0
1667625240000,0.13547,0.1355,0.13488,0.13537,5771537.0
1667625300000,0.13538,0.13551,0.13451,0.13454,5854957.0
1667625360000,0.13455,0.13465,0.13357,0.13396,14158583.0
1667625420000,0.13395,0.13458,0.13386,0.13441,10810744.0
1667625480000,0.13441,0.13526,0.13429,0.13456,7338194.0
1667625540000,0.13456,0.1346,0.13369,0.13417,9578945.0
1667625600000,0.13417,0.13453,0.13379,0.1338,3930578.0
1667625660000,0.1338,0.13421,0.1338,0.13383,3703324.0
1667625720000,0.13383,0.13418,0.13383,0.13406,2462511.0
1667625780000,0.13408,0.13413,0.13379,0.13383,4033775.0
1667625840000,0.13383,0.13389,0.13343,0.13372,5904876.0
1667625900000,0.13372,0.13372,0.133,0.13321,5276576.0
1667625960000,0.13324,0.13341,0.13254,0.13282,7775843.0
1667626020000,0.13282,0.13342,0.13261,0.13321,8188930.0
1667626080000,0.13321,0.13346,0.13292,0.13339,4732529.0
1667626140000,0.1334,0.1334,0.13295,0.13298,2479394.0
1667626200000,0.13299,0.13316,0.13209,0.13303,8634356.0
1667626260000,0.13303,0.13318,0.13288,0.13313,4127792.0
1667626320000,0.13314,0.1333,0.13296,0.1333,1996830.0
1667626380000,0.13329,0.13347,0.13321,0.13324,2121933.0
1667626440000,0.13323,0.13334,0.13303,0.13307,1808112.0
1667626500000,0.13308,0.13308,0.13234,0.13246,2924031.0
1667626560000,0.13248,0.13294,0.13245,0.13265,3823653.0
1667626620000,0.13268,0.13279,0.13231,0.13233,2077995.0
1667626680000,0.13233,0.13265,0.13226,0.1324,3743826.0
1667626740000,0.13239,0.13253,0.13225,0.1324,3010269.0
1667626800000,0.1324,0.1326,0.13233,0.13243,3365382.0
1667626860000,0.13243,0.13244,0.13231,0.13235,1925707.0
1667626920000,0.13235,0.13254,0.13225,0.13249,2733050.0
1667626980000,0.13249,0.13249,0.1312,0.13175,11456629.0
1667627040000,0.13175,0.13203,0.13152,0.13157,4837556.0
1667627100000,0.13159,0.13189,0.13157,0.13174,4723172.0
1667627160000,0.13175,0.13188,0.13174,0.13179,3351611.0
1667627220000,0.13178,0.13179,0.1315,0.13158,3751069.0
1667627280000,0.13157,0.13157,0.13066,0.1308,8989653.0
1667627340000,0.13079,0.13088,0.13011,0.13026,8469073.0
1667627400000,0.13026,0.1305,0.13014,0.13018,8151267.0
1667627460000,0.13019,0.13069,0.13,0.13055,7417501.0
1667627520000,0.13052,0.13054,0.13,0.13009,3318699.0
1667627580000,0.13009,0.13044,0.13,0.13012,3225621.0
1667627640000,0.13012,0.13013,0.13,0.13003,4873203.0
1667627700000,0.13003,0.13004,0.12899,0.12949,17079503.0
1667627760000,0.12948,0.12995,0.12936,0.12992,3811566.0
1667627820000,0.12993,0.13021,0.12992,0.1302,3448860.0
1667627880000,0.13021,0.13021,0.12957,0.12982,3856301.0
1667627940000,0.12981,0.13031,0.12967,0.13017,1882125.0
1667628000000,0.13017,0.1303,0.12959,0.12974,4485382.0
1667628060000,0.12974,0.1306,0.12971,0.13051,6005522.0
1667628120000,0.1305,0.13069,0.13041,0.13062,4753692.0
1667628180000,0.13063,0.13078,0.13052,0.13074,3012020.0
1667628240000,0.13073,0.13091,0.13064,0.13077,3946052.0
1667628300000,0.13076,0.13103,0.13073,0.13093,6433850.0
1667628360000,0.13094,0.13097,0.1305,0.1305,5038459.0
1667628420000,0.1305,0.1305,0.12985,0.13003,3776709.0
1667628480000,0.13004,0.13039,0.12992,0.13031,1263363.0
1667628540000,0.13031,0.13035,0.13014,0.13018,1194655.0
1667628600000,0.13017,0.13034,0.13017,0.13034,1001649.0
1667628660000,0.13035,0.13066,0.13031,0.13056,2769592.0
1667628720000,0.13054,0.13079,0.13052,0.13069,1638511.0
1667628780000,0.1307,0.13089,0.13062,0.13065,1490997.0
1667628840000,0.13065,0.13069,0.1303,0.13042,1262331.0
1667628900000,0.13042,0.13058,0.13017,0.13024,1385412.0
1667628960000,0.13026,0.13079,0.13026,0.13076,1091603.0
1667629020000,0.13074,0.13083,0.13056,0.13077,1116294.0
1667629080000,0.13078,0.13095,0.13073,0.13094,704224.0
1667629140000,0.13095,0.1314,0.13088,0.13092,4089623.0
1667629200000,0.13092,0.1311,0.1309,0.13095,2550836.0
1667629260000,0.13097,0.131,0.13084,0.13094,1496142.0
1667629320000,0.13094,0.13129,0.13093,0.13114,2433058.0
1667629380000,0.13116,0.13135,0.13083,0.13106,4751587.0
1667629440000,0.13105,0.13136,0.13093,0.13119,2888560.0
1667629500000,0.13119,0.13119,0.1309,0.13106,3337436.0
1667629560000,0.13107,0.1311,0.1308,0.13082,2659750.0
1667629620000,0.13082,0.13104,0.13067,0.13096,2162168.0
1667629680000,0.13097,0.1311,0.13076,0.13108,1265251.0
1667629740000,0.13107,0.13118,0.13091,0.131,1466777.0
1667629800000,0.131,0.13106,0.13078,0.13078,1208599.0
1667629860000,0.13078,0.13079,0.1303,0.13035,2445917.0
1667629920000,0.13034,0.13058,0.13031,0.13049,3376319.0
1667629980000,0.13049,0.1308,0.13048,0.13072,3590204.0
1667630040000,0.13072,0.13073,0.13051,0.13062,637144.0
1667630100000,0.13063,0.13093,0.13063,0.13084,720086.0
1667630160000,0.13081,0.13096,0.13081,0.1309,1247062.0
1667630220000,0.13091,0.13093,0.13052,0.13052,965609.0
1667630280000,0.13052,0.13053,0.1302,0.13038,2198169.0
1667630340000,0.13037,0.13043,0.13027,0.13043,943889.0
1667630400000,0.13042,0.13047,0.13015,0.1304,1434769.0
1667630460000,0.1304,0.13044,0.13022,0.13022,736042.0
1667630520000,0.13022,0.13036,0.13009,0.13026,1033183.0
1667630580000,0.13026,0.13059,0.13023,0.1305,694364.0
1667630640000,0.1305,0.13066,0.1304,0.13044,940042.0
1667630700000,0.13045,0.1305,0.13028,0.13029,912599.0
1667630760000,0.13027,0.13043,0.13019,0.13041,1222968.0
1667630820000,0.13042,0.13055,0.13037,0.13042,711626.0
1667630880000,0.13042,0.13047,0.13036,0.13044,496517.0
1667630940000,0.13044,0.13057,0.13044,0.13048,531352.0
1667631000000,0.13048,0.13063,0.13048,0.13063,554027.0
1667631060000,0.13063,0.13089,0.13063,0.13075,872877.0
1667631120000,0.13075,0.13081,0.13063,0.1308,580833.0
1667631180000,0.1308,0.13096,0.13075,0.13082,732369.0
1667631240000,0.13084,0.13096,0.1308,0.13083,1147038.0
1667631300000,0.13083,0.13087,0.1307,0.13072,595951.0
1667631360000,0.13071,0.13077,0.13044,0.13048,1033281.0
1667631420000,0.13048,0.1305,0.13036,0.13037,579629.0
1667631480000,0.13036,0.13067,0.13031,0.13055,1345245.0
1667631540000,0.13054,0.13063,0.13037,0.13046,992101.0
1667631600000,0.13047,0.13055,0.13022,0.13033,1462628.0
1667631660000,0.13032,0.13035,0.1301,0.13035,1565305.0
1667631720000,0.13035,0.13072,0.13033,0.13064,3216133.0
1667631780000,0.13064,0.13072,0.13052,0.13055,755612.0
1667631840000,0.13056,0.13066,0.13045,0.1306,1038274.0
1667631900000,0.13058,0.1308,0.13058,0.13071,1644047.0
1667631960000,0.1307,0.13073,0.13054,0.13058,902951.0
1667632020000,0.13058,0.13061,0.13045,0.13045,1249434.0
1667632080000,0.13045,0.13046,0.13032,0.13037,456899.0
1667632140000,0.13036,0.13037,0.12978,0.12999,14412537.0
1667632200000,0.12998,0.13008,0.12945,0.12958,2893284.0
1667632260000,0.12958,0.13016,0.12958,0.13005,2086052.0
1667632320000,0.13006,0.13009,0.1296,0.12962,1980171.0
1667632380000,0.12964,0.1299,0.1295,0.12989,2196358.0
1667632440000,0.12989,0.12992,0.12949,0.1296,1381414.0
1667632500000,0.12959,0.1301,0.1295,0.1301,1883429.0
1667632560000,0.13009,0.13013,0.12976,0.12976,958942.0
1667632620000,0.12977,0.12993,0.12976,0.12987,790974.0
1667632680000,0.12986,0.12993,0.12971,0.12991,2002292.0
1667632740000,0.12992,0.12997,0.12971,0.12971,1254539.0
1667632800000,0.1297,0.12988,0.12967,0.12985,678222.0
1667632860000,0.12985,0.12992,0.12972,0.12989,528040.0
1667632920000,0.12989,0.12991,0.12981,0.12986,552171.0
1667632980000,0.12986,0.12988,0.12976,0.12978,556714.0
1667633040000,0.12979,0.1299,0.1297,0.12988,523615.0
1667633100000,0.12987,0.12991,0.12981,0.12988,573440.0
1667633160000,0.12988,0.12989,0.12971,0.12979,1384366.0
1667633220000,0.12979,0.12982,0.12961,0.12972,559564.0
1667633280000,0.1297,0.1297,0.12951,0.12954,1100693.0
1667633340000,0.12954,0.12969,0.12948,0.1295,1084244.0
1667633400000,0.1295,0.12966,0.12947,0.12951,1607873.0
1667633460000,0.12952,0.1296,0.12952,0.12957,334910.0
1667633520000,0.12957,0.1296,0.1295,0.12954,959493.0
1667633580000,0.12955,0.12999,0.12952,0.12991,1173959.0
1667633640000,0.12991,0.13,0.12979,0.13,1075633.0
1667633700000,0.13,0.13068,0.12998,0.13051,3453035.0
1667633760000,0.13052,0.1307,0.1302,0.13066,3882429.0
1667633820000,0.13067,0.13093,0.13064,0.13081,2382155.0
1667633880000,0.13082,0.13175,0.13082,0.13168,5019093.0
1667633940000,0.13168,0.13184,0.131,0.13107,3897826.0
1667634000000,0.13105,0.13133,0.13105,0.13114,1717914.0
1667634060000,0.13114,0.13139,0.13096,0.13105,1926546.0
1667634120000,0.13106,0.13106,0.13071,0.13096,1770988.0
1667634180000,0.13096,0.13137,0.13096,0.13131,1415926.0
1667634240000,0.1313,0.1313,0.1308,0.13084,764456.0
1667634300000,0.13085,0.13119,0.13074,0.13113,1511339.0
1667634360000,0.13114,0.13117,0.131,0.13107,1057368.0
1667634420000,0.13109,0.13113,0.13101,0.13103,627302.0
1667634480000,0.13103,0.13117,0.13091,0.13096,2514635.0
1667634540000,0.13096,0.13119,0.13096,0.13114,714930.0
1667634600000,0.13115,0.13167,0.13115,0.13148,1475715.0
1667634660000,0.1315,0.13185,0.1315,0.13172,3390866.0
1667634720000,0.13171,0.13199,0.13145,0.13149,2209682.0
1667634780000,0.13149,0.13194,0.13142,0.13189,4463823.0
1667634840000,0.1319,0.13209,0.13187,0.13198,3051650.0
1667634900000,0.13199,0.1321,0.13161,0.13179,2242630.0
1667634960000,0.13179,0.13205,0.13178,0.13202,2211868.0
1667635020000,0.13201,0.1322,0.13196,0.13202,5443243.0
1667635080000,0.13202,0.13204,0.13192,0.13196,1719605.0
1667635140000,0.13197,0.13207,0.13193,0.13203,906648.0
1667635200000,0.13201,0.13201,0.13134,0.13137,3695595.0
1667635260000,0.13136,0.13155,0.1313,0.1315,1086796.0
1667635320000,0.1315,0.13155,0.1314,0.13152,1661851.0
1667635380000,0.13151,0.13151,0.13098,0.13106,1353637.0
1667635440000,0.13106,0.13117,0.13095,0.13104,1227081.0
1667635500000,0.13102,0.13117,0.13091,0.13091,1177268.0
1667635560000,0.13092,0.13117,0.13075,0.131,1461889.0
1667635620000,0.13101,0.13101,0.13028,0.13052,2626761.0
1667635680000,0.13051,0.13055,0.12993,0.13002,4257459.0
1667635740000,0.13006,0.13042,0.12993,0.12995,2658591.0
1667635800000,0.12995,0.13009,0.12979,0.12995,3419551.0
1667635860000,0.12996,0.13027,0.12986,0.13002,1770251.0
1667635920000,0.13002,0.13043,0.13002,0.13036,1171554.0
1667635980000,0.13035,0.1305,0.1302,0.13024,968760.0
1667636040000,0.13025,0.13047,0.13025,0.13046,755350.0
1667636100000,0.13045,0.13047,0.12994,0.13,2112785.0
1667636160000,0.13,0.1301,0.12984,0.13005,1017761.0
1667636220000,0.13004,0.13011,0.1291,0.12916,4375779.0
1667636280000,0.12917,0.12993,0.12915,0.12959,2920821.0
1667636340000,0.1296,0.12992,0.12959,0.12992,1018931.0
1667636400000,0.12993,0.13085,0.12986,0.13084,4556389.0
1667636460000,0.13083,0.13086,0.1305,0.13063,1976929.0
1667636520000,0.13064,0.1308,0.13046,0.13076,1481560.0
1667636580000,0.13075,0.13122,0.13075,0.13094,2595858.0
1667636640000,0.13095,0.13132,0.13088,0.13091,1693141.0
1667636700000,0.13092,0.13134,0.13092,0.13127,1138400.0
1667636760000,0.13127,0.13128,0.13087,0.13087,1291078.0
1667636820000,0.13085,0.131,0.13068,0.13081,2606917.0
1667636880000,0.13081,0.13082,0.1302,0.13041,1663063.0
1667636940000,0.13041,0.13086,0.13041,0.13075,1389835.0
1667637000000,0.13073,0.13084,0.13046,0.13083,997330.0
1667637060000,0.13082,0.13126,0.13079,0.13116,1835420.0
1667637120000,0.13116,0.13126,0.131,0.13121,1286549.0
1667637180000,0.13121,0.13126,0.13092,0.13092,2697352.0
1667637240000,0.13091,0.13103,0.13076,0.13103,1003357.0
1667637300000,0.13102,0.1312,0.13086,0.13119,1104349.0
1667637360000,0.1312,0.13125,0.13105,0.1311,3095453.0
1667637420000,0.13109,0.13111,0.1306,0.13063,2691576.0
1667637480000,0.13063,0.13073,0.13031,0.13062,1451687.0
1667637540000,0.13062,0.13062,0.13013,0.13033,1584646.0
1667637600000,0.13034,0.13068,0.13013,0.13055,1612607.0
1667637660000,0.13054,0.1306,0.13027,0.13031,1248556.0
1667637720000,0.13031,0.13051,0.13018,0.13021,1665702.0
1667637780000,0.13022,0.13022,0.13,0.13001,1534453.0
1667637840000,0.13,0.13014,0.12978,0.12978,2045327.0
1667637900000,0.12978,0.13008,0.12968,0.12969,2663893.0
1667637960000,0.12968,0.12971,0.1269,0.12843,32363041.0
1667638020000,0.12842,0.12875,0.12817,0.12845,5027526.0
1667638080000,0.12844,0.12915,0.12836,0.12897,4925304.0
1667638140000,0.12897,0.12904,0.12881,0.12892,2077459.0
1667638200000,0.12888,0.12897,0.12868,0.12872,1721456.0
1667638260000,0.12872,0.12915,0.12872,0.12906,2378370.0
1667638320000,0.12906,0.12939,0.12906,0.12911,2633715.0
1667638380000,0.12911,0.12936,0.1291,0.12914,1610708.0
1667638440000,0.12913,0.12926,0.12905,0.12924,1686348.0
1667638500000,0.12923,0.12936,0.12909,0.12928,1864356.0
1667638560000,0.12927,0.12929,0.12873,0.12889,2755905.0
1667638620000,0.12888,0.12919,0.12887,0.12913,953403.0
1667638680000,0.12913,0.12918,0.12902,0.12902,950995.0
1667638740000,0.12901,0.12918,0.12898,0.12904,2865028.0
1667638800000,0.12904,0.12925,0.129,0.12911,1308369.0
1667638860000,0.12911,0.12932,0.12892,0.12897,1198929.0
1667638920000,0.12895,0.12912,0.12876,0.12877,1684546.0
1667638980000,0.12878,0.12883,0.12839,0.12848,3293735.0
1667639040000,0.12849,0.1285,0.128,0.12809,6298663.0
1667639100000,0.12811,0.12844,0.12808,0.12824,1528940.0
1667639160000,0.12823,0.12864,0.1282,0.1286,1643570.0
1667639220000,0.1286,0.12862,0.12833,0.12844,947595.0
1667639280000,0.12844,0.12861,0.12823,0.1286,1744638.0
1667639340000,0.12861,0.12875,0.12849,0.12861,1190150.0
1667639400000,0.12861,0.1289,0.12844,0.12889,577970.0
1667639460000,0.12888,0.12911,0.12886,0.1291,1119822.0
1667639520000,0.12911,0.1294,0.12888,0.12937,1825267.0
1667639580000,0.12936,0.12936,0.12903,0.12929,1416848.0
1667639640000,0.12924,0.12939,0.12917,0.12936,1439782.0
1667639700000,0.12937,0.12939,0.12907,0.12907,646309.0
1667639760000,0.12906,0.12914,0.12883,0.12886,1246577.0
1667639820000,0.12886,0.1289,0.1287,0.12872,982995.0
1667639880000,0.12872,0.1292,0.12872,0.1291,2222057.0
1667639940000,0.1291,0.1292,0.12895,0.12912,611668.0
1667640000000,0.12911,0.12925,0.12892,0.12893,1700861.0
1667640060000,0.12893,0.12897,0.12865,0.12876,1054660.0
1667640120000,0.12876,0.12883,0.12851,0.1286,739394.0
1667640180000,0.12858,0.12877,0.12852,0.12852,936719.0
1667640240000,0.12852,0.1287,0.12829,0.12868,2343626.0
1667640300000,0.12868,0.12888,0.12851,0.12853,1604808.0
1667640360000,0.12853,0.12862,0.12806,0.12816,2536391.0
1667640420000,0.12817,0.12828,0.12807,0.12819,1218444.0
1667640480000,0.12816,0.12868,0.12816,0.12837,2569611.0
1667640540000,0.12837,0.12845,0.12806,0.1281,2333440.0
1667640600000,0.1281,0.12842,0.12809,0.12841,1139534.0
1667640660000,0.12841,0.12842,0.12819,0.12829,817112.0
1667640720000,0.12829,0.12829,0.12811,0.12813,851307.0
1667640780000,0.12812,0.12816,0.12779,0.12813,2270365.0
1667640840000,0.12814,0.12815,0.12775,0.12776,1125983.0
1667640900000,0.1278,0.12796,0.12765,0.12766,3562882.0
1667640960000,0.12769,0.1279,0.12752,0.12782,1825908.0
1667641020000,0.12782,0.12789,0.12764,0.12782,857512.0
1667641080000,0.12783,0.12783,0.12633,0.12695,14350373.0
1667641140000,0.12696,0.12722,0.12687,0.1269,2386343.0
1667641200000,0.1269,0.1272,0.1269,0.12703,1844702.0
1667641260000,0.12703,0.12724,0.12699,0.12713,1980865.0
1667641320000,0.12713,0.12723,0.12691,0.12699,1531375.0
1667641380000,0.127,0.12713,0.1269,0.12697,4833104.0
1667641440000,0.12696,0.12737,0.12684,0.12735,4244568.0
1667641500000,0.12736,0.12753,0.12725,0.12752,2291415.0
1667641560000,0.12752,0.12758,0.12732,0.12732,2729097.0
1667641620000,0.12731,0.12731,0.12724,0.1273,833329.0
1667641680000,0.1273,0.1274,0.12699,0.12709,2919858.0
1667641740000,0.1271,0.12764,0.1271,0.12758,1856378.0
1667641800000,0.12757,0.12779,0.1275,0.1277,1713090.0
1667641860000,0.1277,0.12776,0.12755,0.12765,1920008.0
1667641920000,0.12766,0.12781,0.12761,0.1277,1068938.0
1667641980000,0.12774,0.12797,0.1277,0.12785,1303654.0
1667642040000,0.12785,0.1279,0.12761,0.12769,1451081.0
1667642100000,0.12769,0.12772,0.12758,0.1276,649940.0
1667642160000,0.12759,0.1276,0.12735,0.12744,1673602.0
1667642220000,0.12744,0.12759,0.12705,0.12722,1535175.0
1667642280000,0.12725,0.12754,0.12716,0.12752,1166267.0
1667642340000,0.12753,0.12809,0.12751,0.128,3052842.0
1667642400000,0.128,0.12818,0.12798,0.12813,1686404.0
1667642460000,0.12814,0.12814,0.12766,0.12796,759290.0
1667642520000,0.12797,0.12803,0.12785,0.12797,636953.0
1667642580000,0.12796,0.12811,0.12787,0.12802,2020505.0
1667642640000,0.12802,0.12811,0.12796,0.1281,772814.0
1667642700000,0.12808,0.12813,0.12795,0.12806,628591.0
1667642760000,0.12807,0.12826,0.12798,0.12822,1914002.0
1667642820000,0.12822,0.12822,0.12788,0.12791,2199568.0
1667642880000,0.12789,0.128,0.12788,0.12798,965406.0
1667642940000,0.12798,0.12805,0.12788,0.12796,2072830.0
1667643000000,0.12795,0.12805,0.12771,0.12792,1230587.0
1667643060000,0.12791,0.12818,0.12786,0.1281,1144532.0
1667643120000,0.1281,0.12817,0.12793,0.12805,1320539.0
1667643180000,0.12804,0.1281,0.12798,0.12805,609416.0
1667643240000,0.12804,0.12811,0.12801,0.12811,382164.0
1667643300000,0.12811,0.12832,0.12805,0.12827,779825.0
1667643360000,0.12827,0.12867,0.12827,0.12858,1633964.0
1667643420000,0.12858,0.12859,0.12838,0.12849,1183817.0
1667643480000,0.1285,0.12852,0.12829,0.12846,1051826.0
1667643540000,0.12846,0.12858,0.12844,0.12849,419899.0
1667643600000,0.12849,0.12849,0.12816,0.12816,1506650.0
1667643660000,0.12815,0.12844,0.12812,0.12839,628644.0
1667643720000,0.12839,0.1286,0.12833,0.1286,1058213.0
1667643780000,0.12859,0.12861,0.12848,0.12854,813490.0
1667643840000,0.12855,0.12855,0.12827,0.12836,635945.0
1667643900000,0.12833,0.12847,0.12823,0.12843,2216852.0
1667643960000,0.12843,0.12843,0.12796,0.12805,1102671.0
1667644020000,0.12805,0.12809,0.1278,0.12783,1170913.0
1667644080000,0.12782,0.12804,0.12782,0.12799,1081228.0
1667644140000,0.12799,0.12804,0.12782,0.12784,1397413.0
1667644200000,0.12787,0.12822,0.12787,0.12819,766383.0
1667644260000,0.12819,0.12819,0.1278,0.1279,3566803.0
1667644320000,0.12789,0.12789,0.1275,0.1277,8307287.0
1667644380000,0.1277,0.1277,0.12737,0.12757,4662205.0
1667644440000,0.12757,0.12768,0.12739,0.12768,2145362.0
1667644500000,0.12769,0.12799,0.12763,0.12798,806248.0
1667644560000,0.12797,0.12797,0.12763,0.12786,1904700.0
1667644620000,0.12785,0.12805,0.12779,0.12805,1031291.0
1667644680000,0.12805,0.12836,0.12801,0.12835,568737.0
1667644740000,0.12836,0.12836,0.12811,0.12819,1290946.0
1667644800000,0.1282,0.12845,0.12817,0.12834,1096123.0
1667644860000,0.12835,0.1285,0.12827,0.12842,2165921.0
1667644920000,0.12842,0.1286,0.12842,0.12857,1394295.0
1667644980000,0.12853,0.12856,0.12838,0.12846,967413.0
1667645040000,0.12846,0.12858,0.12839,0.1284,547189.0
1667645100000,0.1284,0.12863,0.1284,0.12859,806589.0
1667645160000,0.12859,0.12865,0.12827,0.12829,1349641.0
1667645220000,0.12829,0.12831,0.12804,0.12807,694968.0
1667645280000,0.12807,0.12809,0.12785,0.12786,1784451.0
1667645340000,0.12786,0.12787,0.12774,0.12781,913441.0
1667645400000,0.1278,0.12812,0.12763,0.12811,1664820.0
1667645460000,0.12812,0.12822,0.12801,0.12804,514603.0
1667645520000,0.12802,0.12806,0.12792,0.12797,264354.0
1667645580000,0.12796,0.1282,0.12796,0.12808,508239.0
1667645640000,0.12811,0.12815,0.12797,0.12798,1818768.0
1667645700000,0.12799,0.1282,0.12794,0.1282,1514452.0
1667645760000,0.12819,0.12819,0.12807,0.12814,1489751.0
1667645820000,0.12814,0.12814,0.128,0.1281,544087.0
1667645880000,0.1281,0.12813,0.128,0.12812,546005.0
1667645940000,0.12811,0.12827,0.12811,0.12827,1177804.0
1667646000000,0.12827,0.12828,0.12813,0.12823,695611.0
1667646060000,0.12822,0.1284,0.12815,0.12837,1348202.0
1667646120000,0.12835,0.12865,0.12828,0.12854,1156927.0
1667646180000,0.12853,0.12882,0.12847,0.12868,1702082.0
1667646240000,0.12869,0.12893,0.12863,0.12878,1427651.0
1667646300000,0.12879,0.12881,0.12858,0.12876,1322938.0
1667646360000,0.12874,0.12888,0.12858,0.12859,1035773.0
1667646420000,0.12859,0.1287,0.1284,0.12858,1558437.0
1667646480000,0.12858,0.12885,0.12853,0.12884,1133730.0
1667646540000,0.12882,0.12902,0.1287,0.12895,2183373.0
1667646600000,0.12896,0.12911,0.12879,0.12894,1274142.0
1667646660000,0.12893,0.12914,0.12885,0.12901,1288263.0
1667646720000,0.12901,0.12907,0.12891,0.12898,1064410.0
1667646780000,0.12895,0.12898,0.12877,0.12883,785651.0
1667646840000,0.12883,0.12885,0.1286,0.12866,850838.0
1667646900000,0.12868,0.12881,0.1286,0.12881,565805.0
1667646960000,0.12882,0.12887,0.12876,0.12887,830829.0
1667647020000,0.12887,0.12887,0.1287,0.12874,511237.0
1667647080000,0.12876,0.12888,0.12875,0.1288,537524.0
1667647140000,0.1288,0.1288,0.12861,0.12875,1286520.0
1667647200000,0.12871,0.12889,0.12871,0.12872,623934.0
1667647260000,0.12873,0.1288,0.12853,0.12867,2348415.0
1667647320000,0.12867,0.12894,0.12865,0.12888,1998655.0
1667647380000,0.1289,0.12896,0.12883,0.12895,305438.0
1667647440000,0.12894,0.12899,0.12884,0.12897,835460.0
1667647500000,0.12897,0.12909,0.12884,0.12897,1239654.0
1667647560000,0.12897,0.12902,0.1289,0.12898,472437.0
1667647620000,0.12899,0.12906,0.12887,0.12906,1238926.0
1667647680000,0.12906,0.12909,0.12896,0.12905,1057123.0
1667647740000,0.12905,0.12909,0.12901,0.12908,415085.0
1667647800000,0.12909,0.12983,0.12909,0.12928,5639872.0
1667647860000,0.12928,0.12928,0.12896,0.12901,1165479.0
1667647920000,0.12899,0.129,0.1286,0.12877,1528548.0
1667647980000,0.12876,0.12893,0.1285,0.1286,2432287.0
1667648040000,0.12861,0.12877,0.12852,0.12861,856273.0
1667648100000,0.1286,0.12867,0.12833,0.12855,1690030.0
1667648160000,0.12855,0.12884,0.12847,0.12882,996853.0
1667648220000,0.12881,0.12903,0.12874,0.12903,644764.0
1667648280000,0.12901,0.12917,0.12888,0.1289,838476.0
1667648340000,0.12889,0.1289,0.1288,0.12884,304704.0
1667648400000,0.12883,0.1291,0.12874,0.12909,807848.0
1667648460000,0.12909,0.12916,0.12889,0.12913,774752.0
1667648520000,0.12914,0.12936,0.12911,0.12924,932381.0
1667648580000,0.12923,0.12938,0.1292,0.12923,1353298.0
1667648640000,0.12923,0.12924,0.12894,0.12894,869506.0
1667648700000,0.12893,0.12907,0.12889,0.12895,440682.0
1667648760000,0.12895,0.12935,0.12885,0.12932,866832.0
1667648820000,0.12931,0.12931,0.12892,0.12909,875004.0
1667648880000,0.1291,0.12918,0.12868,0.12868,1228708.0
1667648940000,0.12871,0.12886,0.12854,0.12885,988502.0
1667649000000,0.12885,0.12905,0.12878,0.12892,802308.0
1667649060000,0.12891,0.12896,0.12864,0.12869,566958.0
1667649120000,0.12869,0.12877,0.12799,0.12816,16129413.0
1667649180000,0.12816,0.12836,0.12816,0.12824,1885594.0
1667649240000,0.12824,0.12854,0.12818,0.12848,1708501.0
1667649300000,0.1285,0.12854,0.12833,0.12837,1771391.0
1667649360000,0.12838,0.12855,0.12836,0.1285,874748.0
1667649420000,0.12849,0.12849,0.12828,0.1283,1360695.0
1667649480000,0.12829,0.12844,0.12817,0.12834,1179530.0
1667649540000,0.12834,0.12852,0.12831,0.1285,1858126.0
1667649600000,0.12849,0.12861,0.12831,0.12856,893215.0
1667649660000,0.12855,0.12915,0.12854,0.12887,3087288.0
1667649720000,0.12887,0.12892,0.12863,0.12868,1192386.0
1667649780000,0.12868,0.12868,0.12839,0.12847,994852.0
1667649840000,0.12847,0.1285,0.12828,0.12832,1251877.0
1667649900000,0.12833,0.12848,0.1282,0.12821,908694.0
1667649960000,0.12821,0.12827,0.12778,0.12826,3319952.0
1667650020000,0.12827,0.12833,0.1281,0.12822,816585.0
1667650080000,0.12824,0.12835,0.12803,0.12826,952794.0
1667650140000,0.12823,0.12847,0.12821,0.12836,588003.0
1667650200000,0.12837,0.12837,0.12801,0.12812,841592.0
1667650260000,0.12811,0.12835,0.1281,0.12833,906187.0
1667650320000,0.12834,0.12834,0.1281,0.12816,397585.0
1667650380000,0.12818,0.12818,0.12774,0.12797,1450267.0
1667650440000,0.12798,0.12807,0.12793,0.12799,708837.0
1667650500000,0.12799,0.12821,0.12794,0.12818,763123.0
1667650560000,0.12817,0.12836,0.12813,0.12824,1015148.0
1667650620000,0.12823,0.12824,0.12786,0.12789,1181158.0
1667650680000,0.12788,0.12789,0.1275,0.12758,2422381.0
1667650740000,0.12758,0.12778,0.12732,0.12741,5525083.0
1667650800000,0.12742,0.12767,0.12718,0.12743,2524010.0
1667650860000,0.12741,0.12752,0.12708,0.1272,1967160.0
1667650920000,0.12721,0.12754,0.12721,0.12753,1388137.0
1667650980000,0.1275,0.12792,0.12749,0.12769,1803352.0
1667651040000,0.12769,0.12786,0.1275,0.12777,1242109.0
1667651100000,0.12778,0.12804,0.12771,0.12804,755473.0
1667651160000,0.12804,0.12824,0.12796,0.12813,1866631.0
1667651220000,0.12813,0.12827,0.12788,0.12805,1544650.0
1667651280000,0.12803,0.12835,0.12782,0.12813,2121586.0
1667651340000,0.12813,0.1283,0.12802,0.12826,2227006.0
1667651400000,0.12827,0.1284,0.12802,0.1281,1056175.0
1667651460000,0.12812,0.12829,0.12791,0.12819,1061168.0
1667651520000,0.12821,0.12829,0.12799,0.12827,605652.0
1667651580000,0.12825,0.12829,0.12789,0.12806,1157280.0
1667651640000,0.12805,0.1281,0.12769,0.12776,1605297.0
1667651700000,0.12777,0.1281,0.12775,0.12806,910871.0
1667651760000,0.12806,0.12819,0.12786,0.12813,764511.0
1667651820000,0.12813,0.12823,0.12785,0.12788,913964.0
1667651880000,0.12788,0.12804,0.12786,0.12796,430251.0
1667651940000,0.12796,0.12798,0.12774,0.12785,883714.0
1667652000000,0.12786,0.12804,0.12786,0.12801,860359.0
1667652060000,0.12802,0.12808,0.1279,0.12802,688772.0
1667652120000,0.12804,0.12806,0.12792,0.12794,359879.0
1667652180000,0.12793,0.12812,0.12793,0.12794,633688.0
1667652240000,0.12793,0.1281,0.12791,0.12804,765223.0
1667652300000,0.12802,0.12803,0.12783,0.12783,477357.0
1667652360000,0.12784,0.12807,0.12778,0.12806,534431.0
1667652420000,0.12806,0.1283,0.12799,0.12826,1124613.0
1667652480000,0.12826,0.1284,0.12817,0.12833,726111.0
1667652540000,0.12832,0.12839,0.12823,0.12836,1019834.0
1667652600000,0.12836,0.12866,0.12825,0.12855,1800598.0
1667652660000,0.12856,0.12859,0.12831,0.12847,1888822.0
1667652720000,0.12848,0.12853,0.1281,0.12813,603600.0
1667652780000,0.12813,0.12834,0.12813,0.12834,224884.0
1667652840000,0.12834,0.12851,0.1283,0.1284,742048.0
1667652900000,0.1284,0.12842,0.12819,0.12821,523625.0
1667652960000,0.12822,0.12831,0.12802,0.12802,979424.0
1667653020000,0.12802,0.12802,0.12782,0.12799,1184512.0
1667653080000,0.12798,0.1281,0.12783,0.12788,1178360.0
1667653140000,0.12789,0.12805,0.1278,0.12798,892121.0
1667653200000,0.12799,0.12808,0.12785,0.12792,1113770.0
1667653260000,0.12792,0.12828,0.12787,0.12819,1200451.0
1667653320000,0.12819,0.12835,0.12807,0.12814,1359966.0
1667653380000,0.12814,0.12816,0.12795,0.12802,1089874.0
1667653440000,0.12802,0.12817,0.12793,0.12816,749237.0
1667653500000,0.12818,0.12831,0.12807,0.12822,1171898.0
1667653560000,0.12823,0.1285,0.12823,0.12846,1623586.0
1667653620000,0.12846,0.12874,0.12839,0.1287,1508768.0
1667653680000,0.12871,0.12897,0.12859,0.12893,3221548.0
1667653740000,0.12894,0.12905,0.12863,0.12868,1634302.0
1667653800000,0.12868,0.12887,0.12859,0.12873,721953.0
1667653860000,0.12875,0.12909,0.12869,0.12899,1801089.0
1667653920000,0.129,0.1291,0.12889,0.12905,1271651.0
1667653980000,0.12906,0.12923,0.12894,0.12911,2227774.0
1667654040000,0.1291,0.12936,0.1291,0.12933,1503143.0
1667654100000,0.12933,0.12941,0.12923,0.12929,1613224.0
1667654160000,0.12929,0.12932,0.12885,0.12895,1844373.0
1667654220000,0.12893,0.129,0.1287,0.1288,1218030.0
1667654280000,0.1288,0.12891,0.1288,0.12889,670781.0
1667654340000,0.1289,0.12893,0.12861,0.12862,1033377.0
1667654400000,0.12863,0.12867,0.12848,0.12861,828533.0
1667654460000,0.12861,0.12872,0.12857,0.12868,781117.0
1667654520000,0.1287,0.12871,0.12862,0.12863,315084.0
1667654580000,0.12864,0.12864,0.1282,0.12826,1276223.0
1667654640000,0.12827,0.1284,0.128,0.12813,1214625.0
1667654700000,0.12813,0.12814,0.12792,0.12792,1945757.0
1667654760000,0.12792,0.12806,0.1278,0.12787,1391050.0
1667654820000,0.12787,0.12793,0.12738,0.12747,4704795.0
1667654880000,0.12748,0.12791,0.12747,0.12787,1119605.0
1667654940000,0.12786,0.12786,0.1273,0.1273,1338676.0
1667655000000,0.1273,0.12792,0.12723,0.12776,2053085.0
1667655060000,0.12775,0.12794,0.12765,0.1279,715823.0
1667655120000,0.12787,0.12799,0.12782,0.12792,528919.0
1667655180000,0.12791,0.12804,0.12778,0.12802,855175.0
1667655240000,0.12802,0.1284,0.1279,0.1284,1861953.0
1667655300000,0.12838,0.12838,0.12803,0.12827,774475.0
1667655360000,0.12827,0.12847,0.12826,0.12831,607403.0
1667655420000,0.12832,0.12837,0.12793,0.12816,724147.0
1667655480000,0.12816,0.12816,0.12783,0.128,654465.0
1667655540000,0.12799,0.1281,0.12783,0.12788,724177.0
1667655600000,0.12789,0.12797,0.12778,0.12795,610175.0
1667655660000,0.12796,0.12815,0.12793,0.12813,634486.0
1667655720000,0.12814,0.1282,0.12797,0.12798,369017.0
1667655780000,0.12797,0.12797,0.12779,0.12788,433679.0
1667655840000,0.12789,0.12812,0.12789,0.12811,843765.0
1667655900000,0.12811,0.12826,0.12804,0.12808,887912.0
1667655960000,0.12808,0.12814,0.12801,0.12809,670104.0
1667656020000,0.12809,0.12834,0.12807,0.1283,904750.0
1667656080000,0.12828,0.12855,0.12826,0.1285,1914494.0
1667656140000,0.12852,0.12858,0.12832,0.12856,753581.0
1667656200000,0.12854,0.12866,0.12833,0.12833,1247367.0
1667656260000,0.12833,0.12849,0.12828,0.12847,543413.0
1667656320000,0.12846,0.1285,0.12814,0.12822,865390.0
1667656380000,0.12822,0.12841,0.12821,0.12838,665489.0
1667656440000,0.12839,0.12849,0.12814,0.1282,531956.0
1667656500000,0.12818,0.12843,0.12818,0.12836,1021191.0
1667656560000,0.12837,0.12841,0.12811,0.1282,950372.0
1667656620000,0.12821,0.12829,0.12817,0.12823,527167.0
1667656680000,0.12823,0.12823,0.12782,0.12784,1332708.0
1667656740000,0.12783,0.12789,0.12748,0.12756,3626738.0
1667656800000,0.12755,0.12798,0.12752,0.12795,1519856.0
1667656860000,0.12794,0.12823,0.12794,0.12819,1030562.0
1667656920000,0.12822,0.12826,0.12797,0.12824,1162923.0
1667656980000,0.12824,0.12831,0.12811,0.12821,1052109.0
1667657040000,0.1282,0.12824,0.12804,0.12816,985617.0
1667657100000,0.12816,0.12827,0.12815,0.12821,659094.0
1667657160000,0.12821,0.12823,0.12804,0.12813,541125.0
1667657220000,0.12813,0.12831,0.12813,0.12829,592810.0
1667657280000,0.12828,0.12833,0.12825,0.12831,453420.0
1667657340000,0.12831,0.12853,0.12831,0.12844,939146.0
1667657400000,0.12844,0.12855,0.12819,0.12824,624159.0
1667657460000,0.12824,0.12837,0.12823,0.12829,425718.0
1667657520000,0.12827,0.1283,0.12823,0.12823,540360.0
1667657580000,0.12824,0.12824,0.12814,0.12819,481906.0
1667657640000,0.12819,0.12819,0.12797,0.12802,696051.0
1667657700000,0.12803,0.12813,0.12794,0.12801,1030779.0
1667657760000,0.128,0.128,0.12777,0.1278,609916.0
1667657820000,0.1278,0.12791,0.12774,0.12789,475037.0
1667657880000,0.12785,0.12796,0.12777,0.12789,644168.0
1667657940000,0.12788,0.12789,0.1274,0.12744,2008367.0
1667658000000,0.12744,0.1277,0.125,0.12552,22469313.0
1667658060000,0.12551,0.12648,0.12549,0.1259,8029799.0
1667658120000,0.12592,0.12626,0.1258,0.12608,8292561.0
1667658180000,0.12608,0.1264,0.12555,0.12578,8385438.0
1667658240000,0.12578,0.12611,0.12572,0.12597,2824022.0
1667658300000,0.12596,0.1262,0.12564,0.12582,6905898.0
1667658360000,0.12582,0.12603,0.12536,0.12562,11149092.0
1667658420000,0.12562,0.12602,0.12559,0.12595,2433335.0
1667658480000,0.12596,0.12633,0.12579,0.12625,3663777.0
1667658540000,0.12621,0.1264,0.12603,0.12616,1910310.0
1667658600000,0.12617,0.12633,0.12602,0.12603,1707763.0
1667658660000,0.12602,0.12651,0.126,0.12634,3790433.0
1667658720000,0.12634,0.12653,0.12634,0.1265,1252202.0
1667658780000,0.12651,0.12659,0.12608,0.12624,2953310.0
1667658840000,0.12623,0.12633,0.12594,0.12629,3550849.0
1667658900000,0.12629,0.1265,0.12618,0.12621,1445440.0
1667658960000,0.12621,0.12643,0.12621,0.12639,1096363.0
1667659020000,0.12639,0.12643,0.12616,0.12616,644603.0
1667659080000,0.12617,0.12625,0.12588,0.12598,2615604.0
1667659140000,0.12597,0.12605,0.1258,0.12587,1306036.0
1667659200000,0.12587,0.12598,0.12571,0.12572,1915328.0
1667659260000,0.12572,0.12575,0.12531,0.12544,4372066.0
1667659320000,0.12542,0.12566,0.12516,0.12551,7829739.0
1667659380000,0.12551,0.12559,0.1252,0.12535,2850528.0
1667659440000,0.12535,0.12561,0.12532,0.12561,2217504.0
1667659500000,0.12562,0.12576,0.12528,0.1253,2915488.0
1667659560000,0.12528,0.12548,0.12507,0.12531,3044992.0
1667659620000,0.12533,0.12576,0.12533,0.1256,1970460.0
1667659680000,0.1256,0.12591,0.1256,0.12582,1334995.0
1667659740000,0.12583,0.12599,0.12574,0.12583,1444686.0
1667659800000,0.12583,0.12597,0.12578,0.1258,1034344.0
1667659860000,0.1258,0.12608,0.12563,0.12602,7235414.0
1667659920000,0.12602,0.1263,0.12598,0.1263,2468310.0
1667659980000,0.12629,0.12646,0.12607,0.12623,2549214.0
1667660040000,0.12624,0.1264,0.1262,0.1263,1012483.0
1667660100000,0.1263,0.12636,0.12608,0.12634,1040525.0
1667660160000,0.12632,0.12637,0.12618,0.12627,2618280.0
1667660220000,0.12627,0.1263,0.12614,0.12618,1871499.0
1667660280000,0.12618,0.12634,0.12607,0.12632,1178229.0
1667660340000,0.12629,0.12629,0.12616,0.12625,817590.0
1667660400000,0.12625,0.12637,0.1262,0.12633,1052163.0
1667660460000,0.12634,0.12636,0.12602,0.12607,798823.0
1667660520000,0.12607,0.12632,0.12601,0.12626,1108084.0
1667660580000,0.12626,0.12649,0.12625,0.12644,1375709.0
1667660640000,0.12644,0.1267,0.12643,0.12654,1428446.0
1667660700000,0.12655,0.12661,0.12642,0.12654,866690.0
1667660760000,0.12654,0.12654,0.12635,0.12651,779876.0
1667660820000,0.12653,0.12653,0.12627,0.12644,607149.0
1667660880000,0.12645,0.12656,0.1264,0.12651,588672.0
1667660940000,0.12652,0.12662,0.12644,0.12661,1226086.0
1667661000000,0.12659,0.12659,0.1263,0.12646,1379176.0
1667661060000,0.12647,0.12654,0.12627,0.1263,1334906.0
1667661120000,0.12629,0.12641,0.12621,0.12635,915900.0
1667661180000,0.12635,0.12657,0.12635,0.12653,583280.0
1667661240000,0.12654,0.12662,0.12648,0.12659,890519.0
1667661300000,0.1266,0.12666,0.12654,0.12662,969922.0
1667661360000,0.12662,0.12665,0.12644,0.12656,1673241.0
1667661420000,0.12656,0.12673,0.12653,0.1267,665536.0
1667661480000,0.12669,0.12681,0.12651,0.1268,1316506.0
1667661540000,0.12681,0.1269,0.12672,0.12678,1768762.0
1667661600000,0.12679,0.12732,0.12679,0.12718,2455455.0
1667661660000,0.12719,0.1272,0.12686,0.12691,2382493.0
1667661720000,0.12691,0.127,0.1268,0.12682,1211552.0
1667661780000,0.12683,0.12708,0.12681,0.12705,1122357.0
1667661840000,0.12706,0.12729,0.12698,0.12706,1404255.0
1667661900000,0.12706,0.12719,0.12678,0.12697,2005244.0
1667661960000,0.12698,0.12702,0.12672,0.12691,1394699.0
1667662020000,0.12688,0.1271,0.12688,0.12708,1179999.0
1667662080000,0.12704,0.12705,0.12682,0.12696,785873.0
1667662140000,0.12695,0.12703,0.12688,0.12693,722385.0
1667662200000,0.12695,0.12701,0.12676,0.12685,887484.0
1667662260000,0.12688,0.12701,0.12688,0.12695,1081702.0
1667662320000,0.12695,0.12701,0.1269,0.127,714776.0
1667662380000,0.12699,0.12728,0.12692,0.12725,1633920.0
1667662440000,0.12724,0.1273,0.12711,0.12726,1218320.0
1667662500000,0.12727,0.12738,0.127,0.12733,905538.0
1667662560000,0.12734,0.12742,0.12704,0.12721,842302.0
1667662620000,0.12724,0.12728,0.1271,0.12716,1518145.0
1667662680000,0.12716,0.12724,0.12716,0.12717,1278856.0
1667662740000,0.12717,0.12724,0.12711,0.12714,2326108.0
1667662800000,0.12715,0.12723,0.12712,0.12715,821595.0
1667662860000,0.12715,0.12715,0.12675,0.12684,6594733.0
1667662920000,0.12684,0.12684,0.12631,0.12657,2408090.0
1667662980000,0.12657,0.12687,0.12653,0.12674,1684212.0
1667663040000,0.12673,0.12679,0.12664,0.12671,407352.0
1667663100000,0.12674,0.12689,0.1266,0.12661,866382.0
1667663160000,0.12662,0.12665,0.12636,0.12637,831072.0
1667663220000,0.12639,0.12654,0.126,0.1263,5214555.0
1667663280000,0.12629,0.12643,0.12627,0.12641,982323.0
1667663340000,0.12642,0.12655,0.12642,0.12653,941782.0
1667663400000,0.12653,0.12675,0.12653,0.12669,524997.0
1667663460000,0.1267,0.12672,0.12644,0.12652,1088558.0
1667663520000,0.12649,0.1266,0.12623,0.1266,1058032.0
1667663580000,0.1266,0.12662,0.12644,0.12649,686671.0
1667663640000,0.12648,0.12655,0.12634,0.12649,719701.0
1667663700000,0.12649,0.12679,0.12649,0.12661,789038.0
1667663760000,0.12662,0.1267,0.12652,0.12659,914422.0
1667663820000,0.1266,0.12677,0.1266,0.12674,574888.0
1667663880000,0.12674,0.12682,0.12664,0.12681,384515.0
1667663940000,0.12681,0.12681,0.12654,0.12657,553709.0
1667664000000,0.12658,0.12681,0.12657,0.12679,1307726.0
1667664060000,0.12679,0.12691,0.12667,0.12683,765036.0
1667664120000,0.12681,0.12689,0.12672,0.12679,768296.0
1667664180000,0.12678,0.12679,0.12668,0.12672,260171.0
1667664240000,0.12673,0.12681,0.12658,0.12681,551054.0
1667664300000,0.12681,0.127,0.12681,0.12696,604891.0
1667664360000,0.12696,0.12727,0.12688,0.12727,766476.0
1667664420000,0.12727,0.1274,0.12717,0.12734,1319790.0
1667664480000,0.12733,0.12733,0.12691,0.12703,1521683.0
1667664540000,0.12703,0.12707,0.12693,0.12702,375989.0
1667664600000,0.12701,0.12701,0.12641,0.12663,1476293.0
1667664660000,0.12663,0.12687,0.1266,0.1266,1395794.0
1667664720000,0.1266,0.12674,0.12639,0.12646,642491.0
1667664780000,0.12646,0.12657,0.12634,0.12649,968004.0
1667664840000,0.1265,0.12668,0.12643,0.12657,821605.0
1667664900000,0.12657,0.12667,0.12633,0.12664,2952395.0
1667664960000,0.12663,0.12679,0.12653,0.12653,5838947.0
1667665020000,0.12653,0.12654,0.12632,0.12641,1573717.0
1667665080000,0.12641,0.12648,0.12628,0.12647,1300461.0
1667665140000,0.12647,0.12653,0.12638,0.1265,649525.0
1667665200000,0.12649,0.1265,0.12633,0.12644,822748.0
1667665260000,0.12644,0.12649,0.12622,0.12648,1657755.0
1667665320000,0.12648,0.1265,0.12606,0.1262,1366244.0
1667665380000,0.1262,0.12624,0.12583,0.12623,3304579.0
1667665440000,0.12624,0.12651,0.12618,0.12649,1233047.0
1667665500000,0.12648,0.12675,0.12647,0.12671,1038362.0
1667665560000,0.12674,0.12686,0.12666,0.12681,2118391.0
1667665620000,0.12681,0.12686,0.12674,0.12686,2399311.0
1667665680000,0.12685,0.12722,0.12685,0.12722,6824189.0
1667665740000,0.12721,0.12781,0.12719,0.12767,4900158.0
1667665800000,0.12766,0.128,0.12739,0.12788,3161624.0
1667665860000,0.12785,0.12827,0.12733,0.12826,6198378.0
1667665920000,0.12827,0.12858,0.12801,0.12821,5000017.0
1667665980000,0.12822,0.12828,0.12763,0.12764,2397991.0
1667666040000,0.12764,0.12804,0.12764,0.12782,1666835.0
1667666100000,0.12782,0.12789,0.12755,0.12757,1547349.0
1667666160000,0.12754,0.12776,0.12743,0.12753,1146914.0
1667666220000,0.12755,0.12767,0.12747,0.12766,1371518.0
1667666280000,0.12765,0.12765,0.12747,0.12747,512492.0
1667666340000,0.12747,0.12768,0.12745,0.12759,2370551.0
1667666400000,0.12759,0.1276,0.12745,0.1275,1109415.0
1667666460000,0.1275,0.1277,0.1275,0.12766,319642.0
1667666520000,0.12767,0.12798,0.12766,0.12781,920652.0
1667666580000,0.12778,0.12793,0.1277,0.12782,1909107.0
1667666640000,0.12782,0.12782,0.12747,0.1275,1812839.0
1667666700000,0.1275,0.12774,0.12747,0.12767,1425873.0
1667666760000,0.12764,0.12779,0.12764,0.12779,738120.0
1667666820000,0.1278,0.12789,0.12776,0.12777,1204342.0
1667666880000,0.12778,0.1279,0.12767,0.12768,1229324.0
1667666940000,0.12768,0.12768,0.12741,0.12743,948392.0
1667667000000,0.12744,0.12759,0.1274,0.12754,740452.0
1667667060000,0.12755,0.12771,0.12748,0.12767,406925.0
1667667120000,0.12769,0.12781,0.12763,0.12769,501904.0
1667667180000,0.12768,0.12785,0.12768,0.12782,490243.0
1667667240000,0.12782,0.12783,0.12739,0.12743,1245341.0
1667667300000,0.12742,0.12746,0.12686,0.1272,1918260.0
1667667360000,0.1272,0.12748,0.12709,0.12745,1398554.0
1667667420000,0.12746,0.12758,0.12738,0.12738,686581.0
1667667480000,0.12738,0.1275,0.1273,0.12747,363546.0
1667667540000,0.12746,0.12748,0.12732,0.12733,520953.0
1667667600000,0.12735,0.12736,0.12695,0.127,2525404.0
1667667660000,0.12706,0.12723,0.12695,0.12706,516118.0
1667667720000,0.12706,0.12707,0.12672,0.12678,829013.0
1667667780000,0.12677,0.12708,0.12665,0.12692,1096436.0
1667667840000,0.12692,0.12716,0.1269,0.127,507879.0
1667667900000,0.12699,0.12718,0.12686,0.1271,778351.0
1667667960000,0.1271,0.12733,0.12697,0.12699,1005157.0
1667668020000,0.12702,0.12704,0.12691,0.12696,307112.0
1667668080000,0.12696,0.12702,0.12674,0.12699,831348.0
1667668140000,0.12699,0.12699,0.12648,0.12663,1595684.0
1667668200000,0.12662,0.12687,0.12658,0.12683,405493.0
1667668260000,0.12683,0.12716,0.12679,0.12688,952532.0
1667668320000,0.12688,0.12688,0.12665,0.12674,473542.0
1667668380000,0.12673,0.12699,0.12665,0.12693,604682.0
1667668440000,0.12693,0.12715,0.1269,0.12714,836011.0
1667668500000,0.12713,0.12713,0.1269,0.12693,521211.0
1667668560000,0.12692,0.12709,0.12681,0.12708,682779.0
1667668620000,0.12708,0.12732,0.12706,0.12729,979449.0
1667668680000,0.1273,0.12734,0.12713,0.12715,638013.0
1667668740000,0.12714,0.12734,0.12707,0.1273,1379977.0
1667668800000,0.12732,0.12752,0.12732,0.12743,661608.0
1667668860000,0.12741,0.1275,0.12738,0.12748,347762.0
1667668920000,0.12747,0.1275,0.1274,0.12742,544298.0
1667668980000,0.12742,0.12757,0.1274,0.12755,909031.0
1667669040000,0.12755,0.12765,0.12743,0.1276,1651031.0
1667669100000,0.12761,0.12761,0.1272,0.12733,332762.0
1667669160000,0.12733,0.1275,0.1272,0.12738,1955137.0
1667669220000,0.12738,0.12738,0.1271,0.1271,507128.0
1667669280000,0.1271,0.12729,0.12704,0.12719,1334548.0
1667669340000,0.12718,0.12744,0.12717,0.12741,522016.0
1667669400000,0.1274,0.12756,0.12739,0.12755,1485037.0
1667669460000,0.12755,0.12796,0.12752,0.1278,1443241.0
1667669520000,0.12785,0.12797,0.12775,0.12796,1662960.0
1667669580000,0.12795,0.12807,0.12777,0.12798,3563752.0
1667669640000,0.128,0.12812,0.12783,0.12787,3097420.0
1667669700000,0.12787,0.12836,0.12765,0.12832,2621345.0
1667669760000,0.12832,0.12846,0.12806,0.12827,2591540.0
1667669820000,0.12826,0.12874,0.12825,0.12842,2895932.0
1667669880000,0.12843,0.12849,0.12834,0.12837,1211146.0
1667669940000,0.12838,0.12838,0.12804,0.12825,1010640.0
1667670000000,0.12826,0.12827,0.12806,0.12825,397952.0
1667670060000,0.12825,0.12825,0.12795,0.12814,1774529.0
1667670120000,0.12816,0.12816,0.12804,0.12809,406542.0
1667670180000,0.12808,0.12818,0.12803,0.12815,817848.0
1667670240000,0.12815,0.12829,0.12798,0.12799,870010.0
1667670300000,0.12801,0.12826,0.12797,0.12823,632561.0
1667670360000,0.12824,0.12829,0.1281,0.1281,2176261.0
1667670420000,0.12809,0.12823,0.12799,0.12809,741645.0
1667670480000,0.12808,0.12813,0.12795,0.12798,804219.0
1667670540000,0.12796,0.12802,0.12778,0.12778,1078440.0
1667670600000,0.12779,0.12779,0.12732,0.12745,1172858.0
1667670660000,0.12746,0.12782,0.12746,0.12782,628605.0
1667670720000,0.12783,0.12798,0.12783,0.1279,334563.0
1667670780000,0.1279,0.12803,0.12781,0.12799,411050.0
1667670840000,0.12799,0.12803,0.12785,0.12794,508483.0
1667670900000,0.12795,0.12805,0.12787,0.12798,460843.0
1667670960000,0.12798,0.12809,0.1279,0.12805,323736.0
1667671020000,0.12806,0.12818,0.12801,0.12812,344953.0
1667671080000,0.12813,0.12816,0.12801,0.12801,393399.0
1667671140000,0.12801,0.12801,0.12789,0.12791,218575.0
1667671200000,0.12792,0.12815,0.12792,0.1281,285219.0
1667671260000,0.12809,0.12809,0.12788,0.12789,655566.0
1667671320000,0.12789,0.12795,0.12776,0.12786,852037.0
1667671380000,0.12786,0.12786,0.12767,0.1277,1798530.0
1667671440000,0.12769,0.12779,0.12763,0.12763,1346057.0
1667671500000,0.12763,0.12794,0.12763,0.12788,417043.0
1667671560000,0.12788,0.12799,0.12777,0.12798,520249.0
1667671620000,0.12798,0.12808,0.12791,0.12799,620216.0
1667671680000,0.12791,0.128,0.12783,0.128,422331.0
1667671740000,0.128,0.128,0.1278,0.12781,266933.0
1667671800000,0.1278,0.12783,0.12761,0.12768,656474.0
1667671860000,0.12765,0.12765,0.1275,0.12753,707793.0
1667671920000,0.12753,0.12753,0.12736,0.1275,998829.0
1667671980000,0.12751,0.12754,0.12731,0.12736,408007.0
1667672040000,0.12736,0.12772,0.12732,0.12767,648557.0
1667672100000,0.12767,0.12769,0.12744,0.12752,437498.0
1667672160000,0.12753,0.12765,0.12753,0.12761,206295.0
1667672220000,0.1276,0.12765,0.12748,0.12752,281074.0
1667672280000,0.12752,0.12764,0.12751,0.12758,108941.0
1667672340000,0.12758,0.12765,0.12755,0.12763,332246.0
1667672400000,0.12762,0.12762,0.12726,0.12728,859869.0
1667672460000,0.12729,0.12736,0.12711,0.12712,1247721.0
1667672520000,0.12712,0.12724,0.12692,0.12724,990316.0
1667672580000,0.12724,0.12738,0.12712,0.12712,550244.0
1667672640000,0.12712,0.12722,0.12711,0.12719,656383.0
1667672700000,0.12719,0.12725,0.12691,0.12724,490238.0
1667672760000,0.12724,0.12724,0.12688,0.12699,828480.0
1667672820000,0.127,0.12714,0.12685,0.12703,449250.0
1667672880000,0.12703,0.12715,0.12699,0.12709,641430.0
1667672940000,0.12707,0.12716,0.12684,0.12698,831503.0
1667673000000,0.12698,0.12725,0.12698,0.12712,802632.0
1667673060000,0.12712,0.1273,0.12705,0.12712,497031.0
1667673120000,0.12713,0.1273,0.1271,0.12727,523612.0
1667673180000,0.12728,0.1275,0.12727,0.12746,661474.0
1667673240000,0.12745,0.12745,0.12711,0.12725,589761.0
1667673300000,0.12723,0.12743,0.1272,0.12731,339403.0
1667673360000,0.12731,0.12732,0.12714,0.12719,332824.0
1667673420000,0.12718,0.1272,0.12705,0.12715,322640.0
1667673480000,0.12719,0.1274,0.12715,0.12732,380596.0
1667673540000,0.12731,0.12756,0.12728,0.12752,945805.0
1667673600000,0.12754,0.12755,0.12743,0.12745,701548.0
1667673660000,0.12745,0.12748,0.12738,0.12739,172853.0
1667673720000,0.12738,0.12738,0.12714,0.12726,601864.0
1667673780000,0.12726,0.12738,0.12726,0.12737,645531.0
1667673840000,0.12737,0.12738,0.12733,0.12737,814653.0
1667673900000,0.12736,0.12737,0.12695,0.12696,1571613.0
1667673960000,0.12696,0.127,0.12664,0.12667,1082466.0
1667674020000,0.12666,0.12678,0.12632,0.12646,2192569.0
1667674080000,0.12648,0.12661,0.12625,0.12648,1321839.0
1667674140000,0.12648,0.12685,0.12644,0.12656,914428.0
1667674200000,0.12654,0.12654,0.12616,0.12636,1108567.0
1667674260000,0.12636,0.12645,0.12586,0.12593,7826205.0
1667674320000,0.12593,0.12621,0.12593,0.12603,460881.0
1667674380000,0.12602,0.1263,0.126,0.12626,725875.0
1667674440000,0.12625,0.12652,0.12624,0.12637,841933.0
1667674500000,0.12638,0.12645,0.12615,0.12632,1190653.0
1667674560000,0.12632,0.12632,0.126,0.12624,971355.0
1667674620000,0.12625,0.12627,0.12605,0.12612,800604.0
1667674680000,0.12613,0.12633,0.12613,0.12631,479614.0
1667674740000,0.12631,0.12655,0.12628,0.12649,662952.0
1667674800000,0.1265,0.12654,0.12637,0.12642,332118.0
1667674860000,0.12642,0.12651,0.12629,0.12637,486403.0
1667674920000,0.12637,0.12637,0.12615,0.12624,697087.0
1667674980000,0.12625,0.12649,0.12625,0.12648,390251.0
1667675040000,0.12648,0.1265,0.12639,0.12647,222450.0
1667675100000,0.12648,0.12667,0.12648,0.12665,664105.0
1667675160000,0.12664,0.12684,0.12661,0.1267,1092779.0
1667675220000,0.1267,0.12695,0.12667,0.12687,1008743.0
1667675280000,0.12687,0.12689,0.12667,0.1268,452399.0
1667675340000,0.12681,0.12698,0.12681,0.1269,616266.0
1667675400000,0.12695,0.12701,0.12668,0.12678,800072.0
1667675460000,0.12677,0.12684,0.1267,0.12684,310753.0
1667675520000,0.12683,0.12683,0.12655,0.12664,467714.0
1667675580000,0.12663,0.12667,0.1265,0.12663,434424.0
1667675640000,0.12664,0.12671,0.12652,0.12668,526503.0
1667675700000,0.12663,0.12671,0.1265,0.12651,381120.0
1667675760000,0.12651,0.12651,0.12632,0.12644,665535.0
1667675820000,0.12643,0.1267,0.12643,0.12668,255531.0
1667675880000,0.12668,0.12668,0.1265,0.12658,323201.0
1667675940000,0.12658,0.12676,0.12658,0.12675,289985.0
1667676000000,0.12674,0.12698,0.12671,0.12692,968333.0
1667676060000,0.1269,0.12699,0.12676,0.12695,841531.0
1667676120000,0.12696,0.12735,0.12691,0.12734,1845118.0
1667676180000,0.12732,0.12746,0.12728,0.1273,735112.0
1667676240000,0.12729,0.12744,0.12715,0.12726,993815.0
1667676300000,0.12725,0.12725,0.12695,0.127,591932.0
1667676360000,0.12701,0.12707,0.12697,0.127,280808.0
1667676420000,0.12701,0.12728,0.12694,0.12717,531074.0
1667676480000,0.12721,0.12737,0.1272,0.1272,342310.0
1667676540000,0.1272,0.12721,0.12706,0.12715,339169.0
1667676600000,0.12718,0.12733,0.127,0.1271,895171.0
1667676660000,0.1271,0.1271,0.12673,0.12692,503352.0
1667676720000,0.12693,0.1272,0.12689,0.12717,730025.0
1667676780000,0.12717,0.12721,0.12702,0.12705,499313.0
1667676840000,0.12703,0.12714,0.12701,0.12703,268493.0
1667676900000,0.12702,0.12718,0.12701,0.12716,263110.0
1667676960000,0.12716,0.12729,0.12701,0.12721,782864.0
1667677020000,0.1272,0.12726,0.12707,0.12714,251821.0
1667677080000,0.12713,0.12723,0.12707,0.12711,285467.0
1667677140000,0.12712,0.12722,0.12711,0.1272,267554.0
1667677200000,0.12721,0.12728,0.12697,0.12698,866245.0
1667677260000,0.12699,0.12706,0.12696,0.127,301988.0
1667677320000,0.12701,0.12714,0.12673,0.12689,687269.0
1667677380000,0.12692,0.12702,0.12686,0.12699,693990.0
1667677440000,0.127,0.12705,0.12686,0.12689,203220.0
1667677500000,0.12689,0.12695,0.12679,0.12683,451605.0
1667677560000,0.12684,0.12691,0.12681,0.12685,209064.0
1667677620000,0.12685,0.12688,0.12675,0.12677,307042.0
1667677680000,0.12676,0.12687,0.12667,0.1267,384827.0
1667677740000,0.12672,0.12685,0.12672,0.12683,193830.0
1667677800000,0.12684,0.12701,0.12678,0.12699,563315.0
1667677860000,0.127,0.1271,0.12693,0.12708,525305.0
1667677920000,0.1271,0.12726,0.12703,0.12724,546645.0
1667677980000,0.12723,0.12728,0.12717,0.12722,370127.0
1667678040000,0.1272,0.12721,0.12712,0.12714,88671.0
1667678100000,0.12712,0.12712,0.12692,0.1271,426216.0
1667678160000,0.12709,0.12714,0.127,0.12708,191799.0
1667678220000,0.12708,0.12721,0.12701,0.12713,629559.0
1667678280000,0.12713,0.12717,0.12704,0.12712,209279.0
1667678340000,0.12712,0.12714,0.12693,0.12705,553319.0
1667678400000,0.12705,0.12706,0.12687,0.12694,197630.0
1667678460000,0.12696,0.12702,0.12695,0.127,241102.0
1667678520000,0.127,0.127,0.12693,0.12699,182025.0
1667678580000,0.127,0.12739,0.127,0.12729,1340387.0
1667678640000,0.12728,0.12729,0.12713,0.12726,468044.0
1667678700000,0.12727,0.12745,0.12723,0.12727,751570.0
1667678760000,0.1273,0.1273,0.12715,0.1272,236275.0
1667678820000,0.12722,0.12722,0.12709,0.12715,403780.0
1667678880000,0.12717,0.12727,0.12713,0.12719,194202.0
1667678940000,0.12721,0.12723,0.12704,0.12714,248979.0
1667679000000,0.12712,0.12727,0.12711,0.12723,166060.0
1667679060000,0.12724,0.12737,0.12722,0.12732,439810.0
1667679120000,0.12735,0.1274,0.12721,0.12737,286262.0
1667679180000,0.12736,0.12738,0.12729,0.12736,125869.0
1667679240000,0.12735,0.12735,0.12727,0.12728,98755.0
1667679300000,0.12728,0.12729,0.12715,0.12719,149934.0
1667679360000,0.1272,0.12728,0.12718,0.12722,274241.0
1667679420000,0.12722,0.12731,0.12722,0.12728,233160.0
1667679480000,0.12727,0.12731,0.12719,0.12719,125250.0
1667679540000,0.1272,0.12736,0.12717,0.12733,398605.0
1667679600000,0.12734,0.12739,0.12728,0.12736,123345.0
1667679660000,0.12736,0.12738,0.1271,0.1271,236903.0
1667679720000,0.1271,0.12735,0.12707,0.12732,282882.0
1667679780000,0.12731,0.12731,0.1271,0.12712,379351.0
1667679840000,0.12711,0.12711,0.1269,0.12692,438083.0
1667679900000,0.12692,0.12712,0.12688,0.127,390306.0
1667679960000,0.127,0.1271,0.12696,0.12705,145704.0
1667680020000,0.12707,0.12716,0.12705,0.12712,110179.0
1667680080000,0.12713,0.12726,0.12711,0.12721,281549.0
1667680140000,0.12718,0.12737,0.12718,0.12736,322238.0
1667680200000,0.12736,0.12736,0.12704,0.12722,1744416.0
1667680260000,0.12722,0.12722,0.12711,0.12713,176980.0
1667680320000,0.12713,0.12718,0.12705,0.12714,138699.0
1667680380000,0.12713,0.12727,0.12713,0.12721,176305.0
1667680440000,0.12721,0.12721,0.12705,0.12709,218189.0
1667680500000,0.1271,0.12724,0.12706,0.12721,453788.0
1667680560000,0.12721,0.12726,0.12719,0.12726,95835.0
1667680620000,0.12725,0.12727,0.12716,0.12725,126424.0
1667680680000,0.12724,0.12724,0.12713,0.12719,88742.0
1667680740000,0.1272,0.1273,0.1272,0.12729,124850.0
1667680800000,0.12728,0.12783,0.12725,0.12778,3078605.0
1667680860000,0.12777,0.1278,0.12752,0.12761,1229722.0
1667680920000,0.12759,0.12773,0.12748,0.1275,834646.0
1667680980000,0.12751,0.12764,0.127,0.12709,3649046.0
1667681040000,0.12708,0.12716,0.12689,0.12701,820888.0
1667681100000,0.12701,0.1271,0.12696,0.12698,406816.0
1667681160000,0.12698,0.12716,0.12697,0.12715,250818.0
1667681220000,0.12716,0.12716,0.12707,0.12715,268774.0
1667681280000,0.12712,0.1272,0.12708,0.12717,263960.0
1667681340000,0.12717,0.12735,0.12716,0.12727,603553.0
1667681400000,0.1273,0.12737,0.12724,0.12728,363694.0
1667681460000,0.12728,0.12729,0.12715,0.12729,272556.0
1667681520000,0.12728,0.12733,0.12722,0.12724,268849.0
1667681580000,0.12723,0.12727,0.12711,0.12726,198704.0
1667681640000,0.12726,0.12727,0.1272,0.12721,169645.0
1667681700000,0.12723,0.12726,0.1271,0.12724,584155.0
1667681760000,0.12725,0.12735,0.12724,0.12724,217925.0
1667681820000,0.12724,0.12735,0.12724,0.12735,221615.0
1667681880000,0.12736,0.12748,0.12736,0.12742,322466.0
1667681940000,0.12743,0.12746,0.12733,0.12745,247845.0
1667682000000,0.12745,0.12746,0.12723,0.12726,155654.0
1667682060000,0.12726,0.12736,0.12726,0.12734,108760.0
1667682120000,0.12734,0.12745,0.12734,0.12736,206119.0
1667682180000,0.12735,0.12743,0.12731,0.12743,184999.0
1667682240000,0.12743,0.12749,0.12727,0.12744,279068.0
1667682300000,0.12746,0.1275,0.12743,0.1275,317481.0
1667682360000,0.12745,0.12745,0.12723,0.1273,423706.0
1667682420000,0.12731,0.12738,0.12724,0.12725,119747.0
1667682480000,0.12724,0.12727,0.12711,0.12711,194062.0
1667682540000,0.12712,0.12724,0.12712,0.12723,169905.0
1667682600000,0.12722,0.1273,0.12716,0.12729,350608.0
1667682660000,0.12729,0.1273,0.12713,0.12714,164082.0
1667682720000,0.12714,0.12714,0.12695,0.12697,791312.0
1667682780000,0.12698,0.12709,0.12694,0.12704,464160.0
1667682840000,0.127,0.12703,0.12697,0.12698,216205.0
1667682900000,0.12698,0.12703,0.12697,0.12699,242391.0
1667682960000,0.127,0.12703,0.12694,0.12697,637051.0
1667683020000,0.12697,0.12705,0.12689,0.12705,458387.0
1667683080000,0.12702,0.12704,0.12696,0.12696,371228.0
1667683140000,0.12696,0.12697,0.12693,0.12694,154846.0
1667683200000,0.12694,0.12698,0.12694,0.12695,162608.0
1667683260000,0.12694,0.12707,0.1269,0.12707,385019.0
1667683320000,0.12708,0.12714,0.1268,0.12682,2083452.0
1667683380000,0.12681,0.12684,0.12554,0.12594,9033897.0
1667683440000,0.12593,0.12634,0.12593,0.12615,1004016.0
1667683500000,0.12614,0.12627,0.12612,0.12623,861264.0
1667683560000,0.12624,0.1263,0.12622,0.1263,338877.0
1667683620000,0.12629,0.12631,0.1262,0.12631,616608.0
1667683680000,0.12631,0.12635,0.12625,0.12633,303543.0
1667683740000,0.12632,0.12648,0.1263,0.12645,204043.0
1667683800000,0.12644,0.12645,0.1263,0.12635,646245.0
1667683860000,0.12635,0.12653,0.12632,0.12653,772433.0
1667683920000,0.12653,0.12659,0.12647,0.1265,455487.0
1667683980000,0.12649,0.12658,0.12646,0.12654,131163.0
1667684040000,0.12654,0.12662,0.12653,0.12662,269863.0
1667684100000,0.12661,0.12673,0.12661,0.12668,351491.0
1667684160000,0.12669,0.12676,0.12665,0.12673,225790.0
1667684220000,0.12673,0.127,0.12672,0.1269,1473499.0
1667684280000,0.12691,0.12695,0.1269,0.12694,77366.0
1667684340000,0.12694,0.12694,0.12686,0.12694,229262.0
1667684400000,0.12695,0.12704,0.12692,0.12698,350748.0
1667684460000,0.12698,0.12707,0.12697,0.12706,589880.0
1667684520000,0.12707,0.1272,0.12706,0.12714,1417243.0
1667684580000,0.12714,0.12735,0.12713,0.12735,465881.0
1667684640000,0.12734,0.12735,0.12696,0.12713,861397.0
1667684700000,0.12714,0.1272,0.12714,0.12716,402581.0
1667684760000,0.12716,0.12717,0.12694,0.12695,309200.0
1667684820000,0.12694,0.12719,0.12692,0.12711,542153.0
1667684880000,0.12711,0.12715,0.12695,0.12695,314726.0
1667684940000,0.12696,0.12698,0.1269,0.12691,386037.0
1667685000000,0.12691,0.12702,0.12691,0.12699,281439.0
1667685060000,0.12703,0.12708,0.12694,0.127,360923.0
1667685120000,0.127,0.127,0.12689,0.12694,344393.0
1667685180000,0.12693,0.12693,0.12659,0.12666,4922064.0
1667685240000,0.12666,0.1267,0.12666,0.1267,774364.0
1667685300000,0.1267,0.1267,0.12667,0.12669,520748.0
1667685360000,0.12669,0.12681,0.12668,0.12681,1629065.0
1667685420000,0.1268,0.12684,0.12665,0.12669,638251.0
1667685480000,0.12669,0.12691,0.12667,0.12691,234753.0
1667685540000,0.12691,0.12717,0.12691,0.12715,483655.0
1667685600000,0.12715,0.12717,0.12693,0.12694,360037.0
1667685660000,0.12694,0.12701,0.12687,0.12697,252707.0
1667685720000,0.12697,0.12702,0.12672,0.12676,519871.0
1667685780000,0.12675,0.1269,0.12675,0.12689,258985.0
1667685840000,0.1269,0.12702,0.12683,0.12684,323151.0
1667685900000,0.12684,0.12688,0.12684,0.12687,132936.0
1667685960000,0.12686,0.12686,0.12624,0.12628,3606879.0
1667686020000,0.12628,0.12655,0.12626,0.12652,740755.0
1667686080000,0.12648,0.12649,0.12614,0.1262,5460281.0
1667686140000,0.12621,0.12641,0.12616,0.12633,1063973.0
1667686200000,0.12633,0.12663,0.12632,0.12654,1199899.0
1667686260000,0.12654,0.12681,0.12654,0.12676,795607.0
1667686320000,0.12677,0.12681,0.12656,0.12666,1012281.0
1667686380000,0.12665,0.1267,0.12664,0.12664,829109.0
1667686440000,0.12664,0.1267,0.12664,0.12664,1069251.0
1667686500000,0.12664,0.12667,0.12654,0.12654,367650.0
1667686560000,0.12653,0.1267,0.12652,0.12663,242244.0
1667686620000,0.12662,0.12668,0.12656,0.12661,469299.0
1667686680000,0.12661,0.1267,0.12661,0.12666,743347.0
1667686740000,0.12666,0.1268,0.12657,0.12662,1853417.0
1667686800000,0.12661,0.12665,0.12643,0.1265,704119.0
1667686860000,0.12652,0.12653,0.12625,0.12625,508888.0
1667686920000,0.12624,0.12628,0.12617,0.12628,1061316.0
1667686980000,0.12628,0.12701,0.1262,0.12692,4319711.0
1667687040000,0.12693,0.12732,0.12693,0.12721,1108801.0
1667687100000,0.12718,0.1275,0.12712,0.12748,1516856.0
1667687160000,0.12748,0.12749,0.12694,0.12708,1043815.0
1667687220000,0.12709,0.12728,0.12701,0.12705,470698.0
1667687280000,0.12705,0.12714,0.12689,0.12701,723044.0
1667687340000,0.127,0.12712,0.12698,0.12706,352576.0
1667687400000,0.12706,0.1271,0.12693,0.12694,231642.0
1667687460000,0.12695,0.12706,0.12684,0.12699,368453.0
1667687520000,0.12699,0.12731,0.12699,0.12715,562284.0
1667687580000,0.12716,0.12743,0.12716,0.12738,678038.0
1667687640000,0.12738,0.12738,0.12717,0.12728,347554.0
1667687700000,0.12722,0.12737,0.12707,0.12707,377702.0
1667687760000,0.12708,0.12724,0.12705,0.12708,254347.0
1667687820000,0.12708,0.12729,0.12702,0.12721,1262701.0
1667687880000,0.12721,0.12724,0.1269,0.12699,475724.0
1667687940000,0.127,0.12706,0.12678,0.12683,600595.0
1667688000000,0.1268,0.12684,0.1267,0.1268,850954.0
1667688060000,0.1268,0.1269,0.12667,0.12681,445379.0
1667688120000,0.12682,0.12687,0.12671,0.12682,276759.0
1667688180000,0.12681,0.12691,0.12675,0.12677,394187.0
1667688240000,0.12676,0.12679,0.12669,0.12669,315290.0
1667688300000,0.12668,0.12684,0.1266,0.12683,979529.0
1667688360000,0.12684,0.12705,0.12684,0.12693,436500.0
1667688420000,0.12692,0.12697,0.12681,0.12684,249020.0
1667688480000,0.12684,0.12684,0.12669,0.12675,133161.0
1667688540000,0.12674,0.12691,0.12674,0.12687,168722.0
1667688600000,0.12686,0.12693,0.12679,0.12682,150473.0
1667688660000,0.12683,0.12689,0.12677,0.12685,227198.0
1667688720000,0.12685,0.12686,0.12672,0.1268,210384.0
1667688780000,0.1268,0.12699,0.1268,0.12695,189819.0
1667688840000,0.12694,0.127,0.12692,0.12692,76380.0
1667688900000,0.12691,0.12703,0.1269,0.12698,133576.0
1667688960000,0.127,0.127,0.12683,0.12691,128338.0
1667689020000,0.12692,0.12695,0.12681,0.12685,569418.0
1667689080000,0.12686,0.12692,0.12678,0.12684,159760.0
1667689140000,0.12679,0.12681,0.12653,0.12667,528976.0
1667689200000,0.12667,0.12694,0.12667,0.12682,525276.0
1667689260000,0.12683,0.12685,0.12674,0.12679,108529.0
1667689320000,0.12682,0.12684,0.12668,0.12684,219216.0
1667689380000,0.12684,0.12688,0.12675,0.12679,142716.0
1667689440000,0.12679,0.12679,0.12641,0.12649,847197.0
1667689500000,0.12644,0.12645,0.1251,0.1253,7355914.0
1667689560000,0.12529,0.12581,0.12529,0.12557,2241150.0
1667689620000,0.12556,0.12563,0.12013,0.12184,47251306.0
1667689680000,0.12183,0.12311,0.12172,0.12298,5816820.0
1667689740000,0.12299,0.12329,0.12269,0.12276,4259075.0
1667689800000,0.12274,0.12368,0.12242,0.12321,6021759.0
1667689860000,0.1232,0.12387,0.1232,0.1238,4778222.0
1667689920000,0.12375,0.12425,0.1233,0.12399,4059520.0
1667689980000,0.12399,0.12419,0.12366,0.12385,4308826.0
1667690040000,0.12385,0.124,0.12354,0.12356,3199216.0
1667690100000,0.12362,0.12425,0.1236,0.1241,2525571.0
1667690160000,0.12408,0.12425,0.12396,0.12396,2119841.0
1667690220000,0.12395,0.12422,0.12394,0.12417,1158299.0
1667690280000,0.12416,0.12467,0.1241,0.12429,2953562.0
1667690340000,0.12429,0.12465,0.12422,0.12442,923794.0
1667690400000,0.12441,0.12495,0.12433,0.12478,2460553.0
1667690460000,0.12477,0.12477,0.12434,0.12447,1896630.0
1667690520000,0.12444,0.12467,0.12419,0.12447,1036051.0
1667690580000,0.12446,0.12464,0.1243,0.12454,1012700.0
1667690640000,0.12454,0.12467,0.12414,0.12417,1218763.0
1667690700000,0.12416,0.1245,0.12409,0.12441,627312.0
1667690760000,0.12442,0.12445,0.12408,0.1242,1554370.0
1667690820000,0.12418,0.12418,0.12378,0.12392,1886765.0
1667690880000,0.12391,0.12404,0.1238,0.1238,981050.0
1667690940000,0.12381,0.12386,0.12357,0.12382,2047069.0
1667691000000,0.12384,0.12433,0.12383,0.1242,1004117.0
1667691060000,0.12417,0.12431,0.12396,0.12406,857934.0
1667691120000,0.12406,0.12407,0.12386,0.1239,391816.0
1667691180000,0.1239,0.1241,0.12363,0.12405,2715084.0
1667691240000,0.12405,0.12405,0.12369,0.12371,1234235.0
1667691300000,0.12371,0.12399,0.12331,0.12375,2190991.0
1667691360000,0.12374,0.12406,0.12374,0.12405,973477.0
1667691420000,0.12405,0.1242,0.12402,0.12413,998810.0
1667691480000,0.1241,0.12418,0.124,0.12412,1901630.0
1667691540000,0.12412,0.1242,0.12406,0.12417,1623533.0
1667691600000,0.1242,0.12457,0.12419,0.12449,5447527.0
1667691660000,0.1245,0.12467,0.12439,0.12448,707479.0
1667691720000,0.12447,0.12461,0.12443,0.12459,422027.0
1667691780000,0.12459,0.12473,0.12449,0.12451,1204590.0
1667691840000,0.12451,0.12458,0.12445,0.12458,445546.0
1667691900000,0.12457,0.12459,0.12439,0.12449,1197065.0
1667691960000,0.12448,0.12455,0.12418,0.12429,1114468.0
1667692020000,0.12429,0.1246,0.1242,0.12458,1007406.0
1667692080000,0.12458,0.12481,0.12458,0.12475,606150.0
1667692140000,0.12474,0.12477,0.12446,0.12469,1096427.0
1667692200000,0.12471,0.12472,0.12441,0.12447,614835.0
1667692260000,0.12452,0.12452,0.1243,0.12431,647166.0
1667692320000,0.12431,0.12449,0.12415,0.12444,652812.0
1667692380000,0.12441,0.1245,0.12433,0.12445,297669.0
1667692440000,0.12444,0.12445,0.12427,0.12438,356112.0
1667692500000,0.12437,0.12438,0.12411,0.12413,1775572.0
1667692560000,0.12415,0.1243,0.12389,0.1243,1679388.0
1667692620000,0.12431,0.12454,0.12431,0.12445,566051.0
1667692680000,0.12445,0.12449,0.12409,0.12443,910207.0
1667692740000,0.12447,0.12452,0.12435,0.12445,758679.0
1667692800000,0.12444,0.12466,0.1243,0.12441,1697081.0
1667692860000,0.1244,0.12444,0.12426,0.12435,618929.0
1667692920000,0.12437,0.12449,0.12419,0.12421,892805.0
1667692980000,0.1242,0.12435,0.12404,0.12435,660290.0
1667693040000,0.12435,0.12445,0.12408,0.12444,579080.0
1667693100000,0.12445,0.12448,0.1243,0.12442,573281.0
1667693160000,0.12445,0.12466,0.12445,0.12466,469373.0
1667693220000,0.12467,0.12491,0.12454,0.12491,753699.0
1667693280000,0.12489,0.12489,0.12447,0.12457,1178862.0
1667693340000,0.12457,0.1246,0.12449,0.12452,369305.0
1667693400000,0.12451,0.12455,0.12444,0.12444,3192755.0
1667693460000,0.12444,0.12449,0.12385,0.12386,1427805.0
1667693520000,0.1239,0.12416,0.12372,0.12379,4374076.0
1667693580000,0.12379,0.12392,0.12376,0.12379,495302.0
1667693640000,0.1238,0.12397,0.12375,0.12375,549093.0
1667693700000,0.12374,0.1239,0.12211,0.12262,9448407.0
1667693760000,0.12263,0.1232,0.12263,0.12288,3532242.0
1667693820000,0.12289,0.12324,0.12277,0.12278,1991652.0
1667693880000,0.12278,0.12316,0.12218,0.1224,2343102.0
1667693940000,0.12239,0.12266,0.12218,0.1225,5043996.0
1667694000000,0.12251,0.12336,0.12249,0.12331,1776235.0
1667694060000,0.12332,0.12336,0.12297,0.12298,2977680.0
1667694120000,0.12299,0.12324,0.12285,0.12323,1018373.0
1667694180000,0.1232,0.12341,0.12319,0.12333,681624.0
1667694240000,0.12338,0.1238,0.12328,0.12342,9566621.0
1667694300000,0.12342,0.12349,0.12298,0.12303,2406493.0
1667694360000,0.12302,0.12315,0.12289,0.12299,3168863.0
1667694420000,0.12298,0.123,0.12282,0.12299,5369102.0
1667694480000,0.12299,0.123,0.12274,0.12289,1833855.0
1667694540000,0.1229,0.123,0.12285,0.12296,755733.0
1667694600000,0.12296,0.1234,0.12296,0.1234,3070307.0
1667694660000,0.12339,0.1234,0.123,0.12304,3068297.0
1667694720000,0.12305,0.12322,0.12305,0.1232,754552.0
1667694780000,0.1232,0.12356,0.12309,0.12346,6933266.0
1667694840000,0.12346,0.12369,0.1234,0.12353,3255318.0
1667694900000,0.12353,0.12355,0.12345,0.1235,2357808.0
1667694960000,0.12351,0.12384,0.12351,0.1236,2141735.0
1667695020000,0.1236,0.12396,0.1236,0.12381,1648028.0
1667695080000,0.12381,0.1244,0.12381,0.12425,6948351.0
1667695140000,0.12425,0.12438,0.12408,0.12429,2500440.0
1667695200000,0.12429,0.12449,0.12402,0.12447,3895421.0
1667695260000,0.12443,0.12449,0.12406,0.12415,3688377.0
1667695320000,0.12418,0.12419,0.12395,0.12401,1127891.0
1667695380000,0.12401,0.12416,0.12401,0.12414,626279.0
1667695440000,0.12414,0.12418,0.12394,0.12404,1094260.0
1667695500000,0.12403,0.12422,0.12402,0.12421,1484923.0
1667695560000,0.12421,0.12437,0.12403,0.12421,3574951.0
1667695620000,0.12418,0.12421,0.12404,0.12417,981165.0
1667695680000,0.12416,0.12417,0.12368,0.12402,1676487.0
1667695740000,0.12403,0.12403,0.12356,0.12371,1691901.0
1667695800000,0.12371,0.12386,0.1236,0.1238,465779.0
1667695860000,0.12379,0.12383,0.1237,0.12381,239947.0
1667695920000,0.12381,0.12388,0.12372,0.12383,431381.0
1667695980000,0.12381,0.12391,0.12375,0.12388,566746.0
1667696040000,0.12388,0.12392,0.12349,0.12354,2159213.0
1667696100000,0.12356,0.12374,0.12351,0.12359,503851.0
1667696160000,0.12364,0.1237,0.12318,0.12328,5751469.0
1667696220000,0.12329,0.12347,0.12317,0.12335,4165913.0
1667696280000,0.12335,0.12378,0.12335,0.12354,1269128.0
1667696340000,0.12354,0.12375,0.12349,0.12368,823279.0
1667696400000,0.12364,0.12364,0.12331,0.12349,1084260.0
1667696460000,0.12348,0.12378,0.12343,0.1237,956401.0
1667696520000,0.12367,0.12367,0.12343,0.12348,648570.0
1667696580000,0.12347,0.1236,0.12342,0.12356,666694.0
1667696640000,0.12356,0.12369,0.12355,0.12369,451474.0
1667696700000,0.12368,0.12375,0.1236,0.12373,204538.0
1667696760000,0.12373,0.12407,0.12373,0.12397,661088.0
1667696820000,0.12399,0.12421,0.12396,0.12401,619464.0
1667696880000,0.12401,0.12425,0.12401,0.12421,717238.0
1667696940000,0.12421,0.12429,0.12412,0.1242,1232482.0
1667697000000,0.12418,0.12429,0.12409,0.12412,704366.0
1667697060000,0.12412,0.12413,0.12402,0.1241,187712.0
1667697120000,0.1241,0.12411,0.12389,0.12407,383969.0
1667697180000,0.12407,0.12407,0.12391,0.12396,469458.0
1667697240000,0.12396,0.1242,0.12396,0.12418,526891.0
1667697300000,0.1242,0.12422,0.12414,0.12422,452016.0
1667697360000,0.12423,0.12423,0.12412,0.12423,258858.0
1667697420000,0.12422,0.12437,0.12418,0.12418,583860.0
1667697480000,0.12416,0.12417,0.12391,0.12395,898620.0
1667697540000,0.12399,0.12439,0.12391,0.12433,3614669.0
1667697600000,0.12431,0.12431,0.12397,0.12399,747376.0
1667697660000,0.12399,0.12399,0.12353,0.12366,647617.0
1667697720000,0.12366,0.12374,0.12354,0.12366,685987.0
1667697780000,0.12365,0.12382,0.12332,0.12337,2194067.0
1667697840000,0.12337,0.12358,0.1233,0.12331,2122888.0
1667697900000,0.1233,0.12334,0.1232,0.12323,776158.0
1667697960000,0.12325,0.12343,0.12324,0.12343,1189248.0
1667698020000,0.12343,0.12348,0.12322,0.12346,391855.0
1667698080000,0.12346,0.12371,0.12342,0.12368,573031.0
1667698140000,0.12369,0.12372,0.12346,0.12348,759339.0
1667698200000,0.1235,0.1235,0.12326,0.12346,619904.0
1667698260000,0.12347,0.12381,0.12344,0.12378,991270.0
1667698320000,0.1238,0.1238,0.12352,0.12356,532766.0
1667698380000,0.12357,0.12374,0.12356,0.12374,536910.0
1667698440000,0.12374,0.12375,0.1235,0.12365,378252.0
1667698500000,0.12365,0.12392,0.12365,0.12392,659879.0
1667698560000,0.12392,0.12405,0.1239,0.124,1025065.0
1667698620000,0.124,0.1241,0.12387,0.12396,440000.0
1667698680000,0.12396,0.12415,0.12386,0.12387,1766179.0
1667698740000,0.12389,0.12396,0.1238,0.12395,220832.0
1667698800000,0.12391,0.12401,0.1239,0.12394,272827.0
1667698860000,0.12399,0.12404,0.12392,0.12402,419274.0
1667698920000,0.12402,0.12421,0.12402,0.12417,1389873.0
1667698980000,0.12416,0.12417,0.12392,0.12393,637219.0
1667699040000,0.12393,0.12395,0.12375,0.12379,922418.0
1667699100000,0.12377,0.12384,0.1237,0.12376,405481.0
1667699160000,0.12378,0.12386,0.12377,0.12386,106071.0
1667699220000,0.12386,0.12399,0.12373,0.12374,719320.0
1667699280000,0.12374,0.12374,0.12342,0.12354,533683.0
1667699340000,0.12353,0.12357,0.12336,0.12352,513169.0
1667699400000,0.12353,0.12356,0.12285,0.12298,3189787.0
1667699460000,0.12298,0.12308,0.12262,0.12299,2413752.0
1667699520000,0.12299,0.12325,0.12268,0.1227,1716334.0
1667699580000,0.1227,0.12284,0.12255,0.12273,1498228.0
1667699640000,0.12272,0.12288,0.12238,0.12283,1916220.0
1667699700000,0.12285,0.12286,0.12243,0.12261,2506890.0
1667699760000,0.12261,0.1228,0.12185,0.12224,9869608.0
1667699820000,0.12225,0.12262,0.12225,0.12258,1618516.0
1667699880000,0.12257,0.12262,0.12234,0.12245,2597459.0
1667699940000,0.12245,0.12252,0.12185,0.12202,2806597.0
1667700000000,0.12201,0.12261,0.12195,0.12261,2897549.0
1667700060000,0.12262,0.12314,0.12261,0.12314,1043844.0
1667700120000,0.12313,0.12354,0.12295,0.12345,2691685.0
1667700180000,0.12345,0.12365,0.12314,0.12324,1070496.0
1667700240000,0.12318,0.12339,0.12315,0.12339,782585.0
1667700300000,0.12341,0.12355,0.12334,0.12352,296917.0
1667700360000,0.12351,0.12359,0.12341,0.12346,427083.0
1667700420000,0.12345,0.12354,0.12321,0.12327,731618.0
1667700480000,0.12327,0.12332,0.12301,0.12319,1647485.0
1667700540000,0.12321,0.12323,0.12272,0.12284,2392518.0
1667700600000,0.12286,0.12312,0.12286,0.12308,493760.0
1667700660000,0.12312,0.12323,0.1231,0.12318,304667.0
1667700720000,0.12318,0.1232,0.12303,0.12308,298807.0
1667700780000,0.12314,0.12315,0.12272,0.12282,948993.0
1667700840000,0.12284,0.12314,0.12284,0.12306,732892.0
1667700900000,0.12306,0.1232,0.12306,0.1232,667184.0
1667700960000,0.1232,0.12336,0.12319,0.12334,853322.0
1667701020000,0.12334,0.12342,0.12322,0.1233,889460.0
1667701080000,0.12328,0.12351,0.12321,0.12345,757440.0
1667701140000,0.12347,0.1236,0.12341,0.12343,1040465.0
1667701200000,0.12342,0.12352,0.1234,0.12352,250397.0
1667701260000,0.12352,0.12352,0.1234,0.1235,505243.0
1667701320000,0.12351,0.12379,0.12348,0.12352,2097761.0
1667701380000,0.12357,0.1236,0.12332,0.12335,319564.0
1667701440000,0.12336,0.12347,0.12332,0.12336,389886.0
1667701500000,0.12337,0.12342,0.12318,0.1232,377223.0
1667701560000,0.1232,0.12324,0.12312,0.12322,367699.0
1667701620000,0.12323,0.12344,0.1232,0.12321,753289.0
1667701680000,0.12319,0.12336,0.12319,0.12335,624850.0
1667701740000,0.12336,0.12337,0.12318,0.12319,382508.0
1667701800000,0.12318,0.12328,0.12314,0.12322,425163.0
1667701860000,0.12323,0.12325,0.12317,0.12322,674659.0
1667701920000,0.12322,0.12324,0.12301,0.12301,367104.0
1667701980000,0.12301,0.12317,0.12289,0.12316,612169.0
1667702040000,0.12317,0.1235,0.12308,0.1235,1072046.0
1667702100000,0.1235,0.12373,0.1235,0.12373,652504.0
1667702160000,0.12373,0.12381,0.12359,0.1238,554820.0
1667702220000,0.1238,0.12391,0.12378,0.12378,660538.0
1667702280000,0.12379,0.12382,0.12367,0.12382,439420.0
1667702340000,0.12383,0.12414,0.12383,0.1239,1217787.0
1667702400000,0.12392,0.12401,0.1238,0.12396,842852.0
1667702460000,0.12399,0.12399,0.12386,0.12398,317122.0
1667702520000,0.124,0.124,0.12374,0.12374,415295.0
1667702580000,0.12374,0.12383,0.12363,0.12383,302119.0
1667702640000,0.12381,0.12398,0.12373,0.12382,360681.0
1667702700000,0.1238,0.12393,0.12366,0.12393,267367.0
1667702760000,0.12393,0.12406,0.12389,0.12393,270062.0
1667702820000,0.12393,0.124,0.12374,0.12381,578072.0
1667702880000,0.12384,0.12393,0.12358,0.12393,696866.0
1667702940000,0.12394,0.12394,0.12363,0.1238,513167.0
1667703000000,0.1238,0.12393,0.1237,0.1237,207203.0
1667703060000,0.12372,0.12372,0.12336,0.1234,630938.0
1667703120000,0.12345,0.12369,0.12326,0.12359,552937.0
1667703180000,0.12357,0.12379,0.12355,0.12379,323536.0
1667703240000,0.12379,0.12394,0.12378,0.12393,518683.0
1667703300000,0.12393,0.1241,0.12386,0.12402,429380.0
1667703360000,0.12401,0.12409,0.12393,0.12401,260351.0
1667703420000,0.124,0.12405,0.12397,0.124,79896.0
1667703480000,0.12402,0.12408,0.12397,0.12402,691213.0
1667703540000,0.12402,0.12408,0.12394,0.12398,1064901.0
1667703600000,0.12398,0.12454,0.12395,0.12451,4788679.0
1667703660000,0.12452,0.1249,0.12436,0.12442,5507452.0
1667703720000,0.12439,0.12439,0.12401,0.12435,1068382.0
1667703780000,0.12435,0.12447,0.12431,0.12445,335545.0
1667703840000,0.12443,0.12447,0.12421,0.12425,572306.0
1667703900000,0.12425,0.12439,0.1242,0.12439,242646.0
1667703960000,0.1244,0.12452,0.12426,0.12447,696180.0
1667704020000,0.12448,0.12453,0.12436,0.12443,983373.0
1667704080000,0.12443,0.12449,0.12426,0.12443,276271.0
1667704140000,0.12443,0.12447,0.12437,0.12443,55000.0
1667704200000,0.12443,0.12443,0.12423,0.12424,327180.0
1667704260000,0.12425,0.12439,0.12425,0.12428,436701.0
1667704320000,0.12428,0.1243,0.12413,0.12421,325995.0
1667704380000,0.12426,0.12426,0.12417,0.12421,107171.0
1667704440000,0.12422,0.12422,0.12403,0.12403,414776.0
1667704500000,0.12403,0.1243,0.12403,0.12425,332655.0
1667704560000,0.12425,0.12467,0.12415,0.12457,1952475.0
1667704620000,0.12461,0.12487,0.12461,0.12476,1241080.0
1667704680000,0.12474,0.12474,0.12453,0.12453,593374.0
1667704740000,0.12454,0.12468,0.12454,0.12468,173585.0
1667704800000,0.12469,0.12476,0.12448,0.12463,555206.0
1667704860000,0.12462,0.12471,0.12451,0.12452,1101900.0
1667704920000,0.12452,0.1246,0.12452,0.12452,358048.0
1667704980000,0.12454,0.12464,0.12449,0.12462,754925.0
1667705040000,0.12463,0.12468,0.12459,0.12466,243803.0
1667705100000,0.12466,0.1258,0.12461,0.12527,4628817.0
1667705160000,0.12526,0.1255,0.12513,0.12516,1464276.0
1667705220000,0.12516,0.12537,0.12502,0.12525,1294839.0
1667705280000,0.12524,0.12529,0.12518,0.12518,1333495.0
1667705340000,0.12518,0.12553,0.12511,0.12549,1948828.0
1667705400000,0.12549,0.12549,0.12496,0.12502,1317353.0
1667705460000,0.12501,0.12508,0.12495,0.12498,791932.0
1667705520000,0.12498,0.12508,0.12494,0.12508,535049.0
1667705580000,0.12508,0.12523,0.12499,0.1252,1806630.0
1667705640000,0.12519,0.12519,0.12497,0.12498,896372.0
1667705700000,0.12498,0.12519,0.12496,0.12497,553733.0
1667705760000,0.12501,0.12511,0.12491,0.12494,462012.0
1667705820000,0.12496,0.12505,0.12494,0.12505,193718.0
1667705880000,0.12505,0.1252,0.125,0.125,680111.0
1667705940000,0.125,0.12506,0.1249,0.12506,753724.0
1667706000000,0.12506,0.12506,0.12471,0.12475,1019705.0
1667706060000,0.12476,0.12519,0.12476,0.12514,1013449.0
1667706120000,0.12514,0.12529,0.12508,0.12523,871166.0
1667706180000,0.12526,0.12534,0.12518,0.1252,666215.0
1667706240000,0.12521,0.12534,0.12518,0.12518,354011.0
1667706300000,0.12518,0.12518,0.125,0.12505,409765.0
1667706360000,0.12506,0.12512,0.12501,0.12508,239478.0
1667706420000,0.12506,0.12512,0.12485,0.12499,1938091.0
1667706480000,0.12496,0.12497,0.12482,0.12494,680140.0
1667706540000,0.12492,0.1251,0.12491,0.12506,1063754.0
1667706600000,0.12506,0.12509,0.12491,0.12491,634263.0
1667706660000,0.1249,0.12493,0.12475,0.12475,906439.0
1667706720000,0.12475,0.1249,0.12473,0.1249,309728.0
1667706780000,0.1249,0.125,0.12481,0.125,262725.0
1667706840000,0.125,0.12511,0.12497,0.12498,349983.0
1667706900000,0.12497,0.12499,0.12474,0.12478,2362221.0
1667706960000,0.12476,0.12492,0.12473,0.12489,253380.0
1667707020000,0.12489,0.12496,0.12489,0.12496,104278.0
1667707080000,0.12495,0.12498,0.12489,0.12495,220868.0
1667707140000,0.12496,0.12509,0.12496,0.12497,532962.0
1667707200000,0.12498,0.12511,0.12497,0.12511,318190.0
1667707260000,0.12509,0.1251,0.12495,0.12501,540276.0
1667707320000,0.12501,0.12511,0.12491,0.12499,343494.0
1667707380000,0.12503,0.12508,0.12496,0.12503,1192308.0
1667707440000,0.12504,0.12515,0.12504,0.12515,219659.0
1667707500000,0.12515,0.12541,0.12515,0.1254,407140.0
1667707560000,0.12538,0.1254,0.12531,0.12531,582805.0
1667707620000,0.12531,0.12533,0.12507,0.12517,432349.0
1667707680000,0.12518,0.12529,0.12518,0.12528,107544.0
1667707740000,0.12528,0.12545,0.12526,0.12536,245693.0
1667707800000,0.12536,0.12539,0.12516,0.12517,425622.0
1667707860000,0.12516,0.12523,0.12501,0.12515,672472.0
1667707920000,0.12516,0.12529,0.12504,0.12518,989344.0
1667707980000,0.12518,0.12518,0.12495,0.12505,1390745.0
1667708040000,0.12504,0.12514,0.12503,0.1251,182741.0
1667708100000,0.1251,0.1251,0.12478,0.12478,1052566.0
1667708160000,0.12478,0.12499,0.12466,0.12487,617640.0
1667708220000,0.12484,0.12487,0.12431,0.12447,2131173.0
1667708280000,0.12446,0.12467,0.12446,0.12457,553138.0
1667708340000,0.12458,0.12477,0.12457,0.1247,450478.0
1667708400000,0.1247,0.12481,0.12459,0.12459,345589.0
1667708460000,0.1246,0.12474,0.12459,0.1247,335390.0
1667708520000,0.12469,0.12479,0.12461,0.12475,425503.0
1667708580000,0.12475,0.12491,0.12475,0.12488,586656.0
1667708640000,0.12488,0.12497,0.12482,0.12494,318413.0
1667708700000,0.12494,0.12495,0.12479,0.12481,376541.0
1667708760000,0.12482,0.1249,0.12476,0.12477,139900.0
1667708820000,0.12479,0.12489,0.12479,0.12485,187610.0
1667708880000,0.12487,0.12494,0.12478,0.12488,418147.0
1667708940000,0.12487,0.12512,0.12485,0.1251,312551.0
1667709000000,0.12511,0.12514,0.12495,0.12508,800050.0
1667709060000,0.12508,0.12511,0.12505,0.12507,250053.0
1667709120000,0.12508,0.1252,0.12508,0.12516,258379.0
1667709180000,0.12517,0.12534,0.12514,0.12533,261109.0
1667709240000,0.12533,0.12542,0.12526,0.12535,732076.0
1667709300000,0.12534,0.1254,0.12507,0.12515,499983.0
1667709360000,0.12514,0.12526,0.12506,0.12526,428136.0
1667709420000,0.12525,0.12537,0.1252,0.12522,269926.0
1667709480000,0.12522,0.12524,0.12502,0.12507,303636.0
1667709540000,0.12507,0.12513,0.12483,0.12497,320308.0
1667709600000,0.12497,0.12497,0.12484,0.12489,314232.0
1667709660000,0.12489,0.1249,0.12474,0.12479,226552.0
1667709720000,0.12479,0.12516,0.12479,0.12491,2201427.0
1667709780000,0.1249,0.12491,0.12482,0.12482,157496.0
1667709840000,0.12481,0.12495,0.12479,0.12488,250501.0
1667709900000,0.12487,0.12491,0.12481,0.12487,248987.0
1667709960000,0.12487,0.12487,0.12466,0.12472,513764.0
1667710020000,0.12473,0.12485,0.1247,0.12475,326454.0
1667710080000,0.12474,0.12487,0.12473,0.12483,203416.0
1667710140000,0.12483,0.12483,0.12479,0.12482,155076.0
1667710200000,0.12483,0.12483,0.12468,0.12469,251029.0
1667710260000,0.12469,0.12495,0.12469,0.12481,421509.0
1667710320000,0.12482,0.125,0.12482,0.12499,156310.0
1667710380000,0.12499,0.12505,0.12495,0.12502,518473.0
1667710440000,0.12502,0.12502,0.12471,0.12471,299547.0
1667710500000,0.1247,0.12479,0.1247,0.12477,304490.0
1667710560000,0.12478,0.12478,0.1246,0.12463,525758.0
1667710620000,0.12464,0.12477,0.12455,0.12471,300328.0
1667710680000,0.12472,0.12494,0.12472,0.1249,292726.0
1667710740000,0.12489,0.12514,0.12486,0.12503,315676.0
1667710800000,0.12504,0.12528,0.12504,0.12504,949858.0
1667710860000,0.12504,0.12506,0.12471,0.12485,991886.0
1667710920000,0.12486,0.12495,0.12479,0.12481,579371.0
1667710980000,0.12481,0.12485,0.12472,0.12484,340117.0
1667711040000,0.12484,0.12498,0.12484,0.12492,192607.0
1667711100000,0.12492,0.12502,0.12481,0.12502,404729.0
1667711160000,0.12502,0.12553,0.12502,0.1255,2288372.0
1667711220000,0.12548,0.1257,0.12528,0.12551,1021707.0
1667711280000,0.12551,0.12551,0.12526,0.12541,776349.0
1667711340000,0.1254,0.12541,0.1253,0.12541,174742.0
1667711400000,0.12541,0.12546,0.12525,0.12536,631853.0
1667711460000,0.12534,0.12535,0.1252,0.12521,264071.0
1667711520000,0.12523,0.12544,0.12523,0.12542,188657.0
1667711580000,0.12542,0.12542,0.12518,0.12527,465963.0
1667711640000,0.12528,0.12531,0.12508,0.12531,510321.0
1667711700000,0.12533,0.12537,0.125,0.12504,584438.0
1667711760000,0.12504,0.1253,0.12498,0.12527,374156.0
1667711820000,0.12528,0.12528,0.1249,0.12492,842237.0
1667711880000,0.12492,0.12499,0.12489,0.12494,304522.0
1667711940000,0.12497,0.12501,0.12485,0.12494,298350.0
1667712000000,0.12489,0.12491,0.12465,0.12474,512586.0
1667712060000,0.12475,0.12483,0.12447,0.12462,722445.0
1667712120000,0.1246,0.12503,0.1245,0.12484,646224.0
1667712180000,0.12484,0.12491,0.12465,0.12479,444407.0
1667712240000,0.12479,0.12484,0.12465,0.12483,216583.0
1667712300000,0.12482,0.12485,0.12479,0.12483,271276.0
1667712360000,0.12483,0.12483,0.12452,0.12452,398266.0
1667712420000,0.12454,0.12474,0.1244,0.1245,800583.0
1667712480000,0.12447,0.1247,0.12426,0.12436,2699710.0
1667712540000,0.12438,0.12473,0.12438,0.12467,698359.0
1667712600000,0.12467,0.12467,0.12451,0.12451,462314.0
1667712660000,0.1245,0.12451,0.1244,0.12443,697886.0
1667712720000,0.12443,0.12448,0.12434,0.12434,187809.0
1667712780000,0.12434,0.12434,0.12419,0.12425,955589.0
1667712840000,0.12429,0.12431,0.12402,0.12412,996958.0
1667712900000,0.12413,0.1242,0.12366,0.12415,2785411.0
1667712960000,0.12415,0.12434,0.12405,0.12423,594075.0
1667713020000,0.12424,0.1243,0.12408,0.12422,982045.0
1667713080000,0.12422,0.12437,0.12416,0.1243,258321.0
1667713140000,0.12429,0.12437,0.12423,0.12425,153000.0
1667713200000,0.12424,0.12424,0.12406,0.12414,322507.0
1667713260000,0.12417,0.12417,0.12399,0.12402,573557.0
1667713320000,0.12403,0.12415,0.12402,0.12406,298904.0
1667713380000,0.12406,0.12408,0.12384,0.1239,675470.0
1667713440000,0.12389,0.12393,0.12369,0.12392,934891.0
1667713500000,0.12391,0.124,0.12381,0.12388,854989.0
1667713560000,0.12388,0.12395,0.1236,0.1237,2629630.0
1667713620000,0.12372,0.12378,0.12354,0.12364,956311.0
1667713680000,0.12363,0.12392,0.12362,0.12387,442744.0
1667713740000,0.12386,0.124,0.12372,0.12391,1013829.0
1667713800000,0.12393,0.12401,0.12385,0.12393,1090834.0
1667713860000,0.12389,0.12396,0.12377,0.12386,325536.0
1667713920000,0.12383,0.12389,0.12375,0.12378,470093.0
1667713980000,0.12378,0.12399,0.12378,0.12392,516757.0
1667714040000,0.12391,0.12416,0.12387,0.12416,436503.0
1667714100000,0.12415,0.12426,0.12409,0.1241,525565.0
1667714160000,0.1241,0.12412,0.12385,0.12388,635238.0
1667714220000,0.1239,0.12402,0.12389,0.12393,362375.0
1667714280000,0.12393,0.12401,0.12393,0.12399,170514.0
1667714340000,0.12397,0.12414,0.12397,0.1241,256960.0
1667714400000,0.1241,0.12419,0.12387,0.1239,478706.0
1667714460000,0.12394,0.1243,0.12392,0.12425,421163.0
1667714520000,0.12426,0.12445,0.12425,0.12427,787840.0
1667714580000,0.12425,0.12443,0.12425,0.12438,307952.0
1667714640000,0.12437,0.12437,0.12423,0.12426,286967.0
1667714700000,0.12425,0.12432,0.12418,0.12418,151998.0
1667714760000,0.12418,0.12418,0.12397,0.12402,295929.0
1667714820000,0.12402,0.12411,0.12396,0.12401,256093.0
1667714880000,0.12401,0.12401,0.12385,0.12388,781181.0
1667714940000,0.12388,0.12388,0.1238,0.12387,318671.0
1667715000000,0.12387,0.12401,0.12386,0.12393,451252.0
1667715060000,0.12395,0.124,0.12392,0.12394,108593.0
1667715120000,0.12394,0.124,0.12381,0.12381,371015.0
1667715180000,0.12381,0.12385,0.12364,0.12385,1264874.0
1667715240000,0.12385,0.12385,0.12373,0.12375,165732.0
1667715300000,0.12374,0.12377,0.12364,0.12369,124813.0
1667715360000,0.12367,0.12389,0.12367,0.12381,435387.0
1667715420000,0.1238,0.12388,0.12379,0.12386,425912.0
1667715480000,0.12386,0.12389,0.1238,0.12382,77225.0
1667715540000,0.12382,0.12385,0.12358,0.1236,408649.0
1667715600000,0.1236,0.12373,0.1236,0.12373,331215.0
1667715660000,0.12374,0.12374,0.12327,0.1234,1306428.0
1667715720000,0.12339,0.12347,0.12315,0.12329,1082270.0
1667715780000,0.1233,0.12332,0.12308,0.12319,2211438.0
1667715840000,0.1232,0.12329,0.12311,0.12322,829381.0
1667715900000,0.12322,0.12356,0.12322,0.12355,800499.0
1667715960000,0.12356,0.12357,0.12346,0.12357,1021372.0
1667716020000,0.12356,0.12361,0.12342,0.1235,905820.0
1667716080000,0.1235,0.12356,0.12333,0.12355,1251182.0
1667716140000,0.12355,0.12368,0.12351,0.12356,271982.0
1667716200000,0.12357,0.12375,0.12356,0.12371,302757.0
1667716260000,0.12371,0.12396,0.12369,0.12395,973425.0
1667716320000,0.12395,0.12397,0.12383,0.12392,219023.0
1667716380000,0.12392,0.12397,0.12372,0.12379,443988.0
1667716440000,0.12375,0.12389,0.12375,0.12381,1001461.0
1667716500000,0.1238,0.12386,0.12372,0.12376,1562231.0
1667716560000,0.12375,0.12376,0.12362,0.12363,682074.0
1667716620000,0.12364,0.12384,0.12362,0.12379,326261.0
1667716680000,0.12377,0.12382,0.12373,0.12374,196514.0
1667716740000,0.12374,0.12375,0.12368,0.12374,174586.0
1667716800000,0.12374,0.12374,0.12361,0.12361,243955.0
1667716860000,0.1236,0.12368,0.12336,0.12345,940506.0
1667716920000,0.12344,0.12367,0.1234,0.12352,815621.0
1667716980000,0.12351,0.12359,0.12338,0.12353,467596.0
1667717040000,0.12354,0.12356,0.12284,0.12294,3718525.0
1667717100000,0.12298,0.12326,0.12296,0.12303,2217703.0
1667717160000,0.12303,0.12309,0.12294,0.12302,826858.0
1667717220000,0.12303,0.12307,0.12295,0.12299,886223.0
1667717280000,0.12297,0.1232,0.12297,0.12319,989899.0
1667717340000,0.12315,0.12342,0.12315,0.12338,2103513.0
1667717400000,0.12338,0.12339,0.1232,0.12333,437585.0
1667717460000,0.12334,0.12352,0.12329,0.12346,690824.0
1667717520000,0.12344,0.1235,0.12339,0.12344,163521.0
1667717580000,0.12345,0.12347,0.1234,0.12342,242937.0
1667717640000,0.12343,0.1235,0.12339,0.1234,1010864.0
1667717700000,0.12341,0.12347,0.12332,0.12339,395252.0
1667717760000,0.1234,0.12343,0.12323,0.12323,441090.0
1667717820000,0.12323,0.12335,0.1232,0.12329,447566.0
1667717880000,0.12327,0.12332,0.1232,0.12325,309448.0
1667717940000,0.12325,0.12342,0.12325,0.12338,500112.0
1667718000000,0.12338,0.12355,0.12338,0.12349,501765.0
1667718060000,0.12349,0.12349,0.12334,0.12337,742628.0
1667718120000,0.12337,0.12343,0.1233,0.12339,487677.0
1667718180000,0.12338,0.12347,0.12338,0.12347,262728.0
1667718240000,0.12346,0.12356,0.12341,0.1235,506266.0
1667718300000,0.12351,0.12447,0.12349,0.12393,7205217.0
1667718360000,0.12394,0.12394,0.12377,0.12379,573522.0
1667718420000,0.12379,0.1239,0.12373,0.12373,446089.0
1667718480000,0.12373,0.12378,0.12352,0.12364,1439643.0
1667718540000,0.12363,0.12372,0.1236,0.12366,221774.0
1667718600000,0.12365,0.12386,0.12361,0.1238,553735.0
1667718660000,0.12379,0.12385,0.12375,0.12382,162857.0
1667718720000,0.12382,0.12384,0.12372,0.12373,139721.0
1667718780000,0.12372,0.12387,0.12371,0.1238,419697.0
1667718840000,0.12383,0.12383,0.12369,0.12371,335055.0
1667718900000,0.12372,0.12374,0.12363,0.12367,310620.0
1667718960000,0.12366,0.12367,0.12361,0.12366,170926.0
1667719020000,0.12366,0.12371,0.12358,0.12362,496487.0
1667719080000,0.12362,0.12365,0.12357,0.12361,303864.0
1667719140000,0.12361,0.12366,0.12353,0.12355,256074.0
1667719200000,0.12354,0.12355,0.12338,0.12341,378363.0
1667719260000,0.12339,0.12343,0.12336,0.12337,222123.0
1667719320000,0.12338,0.12345,0.12336,0.12338,270589.0
1667719380000,0.12338,0.12341,0.12308,0.12317,1166620.0
1667719440000,0.12316,0.12337,0.12316,0.12335,677093.0
1667719500000,0.12336,0.1236,0.12336,0.12359,392128.0
1667719560000,0.12359,0.12372,0.12353,0.1237,350521.0
1667719620000,0.12368,0.12368,0.12349,0.12351,375157.0
1667719680000,0.12351,0.12373,0.12351,0.12371,254574.0
1667719740000,0.12369,0.12381,0.12367,0.1238,336517.0
1667719800000,0.1238,0.12385,0.12374,0.12381,254870.0
1667719860000,0.12381,0.12381,0.12372,0.1238,406273.0
1667719920000,0.12379,0.1238,0.12373,0.12377,525873.0
1667719980000,0.12377,0.12378,0.12367,0.12375,846106.0
1667720040000,0.12374,0.12385,0.12372,0.12384,290494.0
1667720100000,0.12383,0.12397,0.12383,0.12393,489831.0
1667720160000,0.12393,0.12399,0.12386,0.12394,376141.0
1667720220000,0.12395,0.12407,0.12387,0.12405,406654.0
1667720280000,0.12406,0.12421,0.12406,0.12414,614480.0
1667720340000,0.12415,0.12418,0.12409,0.12413,352602.0
1667720400000,0.12413,0.12418,0.12396,0.12399,303274.0
1667720460000,0.124,0.12406,0.12389,0.12398,272986.0
1667720520000,0.12399,0.12408,0.12399,0.12407,125901.0
1667720580000,0.12406,0.12408,0.124,0.12404,173715.0
1667720640000,0.12404,0.12407,0.12396,0.124,194322.0
1667720700000,0.124,0.12404,0.12385,0.12387,228344.0
1667720760000,0.12387,0.12398,0.12386,0.12395,456761.0
1667720820000,0.12394,0.12404,0.12394,0.12403,717113.0
1667720880000,0.12403,0.12412,0.12402,0.12404,250718.0
1667720940000,0.12405,0.12412,0.12399,0.12399,288069.0
1667721000000,0.12399,0.12399,0.12385,0.12387,620685.0
1667721060000,0.1239,0.12394,0.12385,0.1239,332478.0
1667721120000,0.1239,0.12396,0.12385,0.12389,171708.0
1667721180000,0.12389,0.12398,0.12387,0.12396,152384.0
1667721240000,0.12396,0.12402,0.12396,0.12401,285872.0
1667721300000,0.124,0.12403,0.12391,0.12391,223969.0
1667721360000,0.1239,0.12391,0.12378,0.12379,274578.0
1667721420000,0.12379,0.12382,0.12373,0.12378,227690.0
1667721480000,0.12377,0.12401,0.12377,0.12396,261705.0
1667721540000,0.12396,0.12396,0.1238,0.1238,420740.0
1667721600000,0.12382,0.12382,0.12368,0.12373,624139.0
1667721660000,0.12374,0.12397,0.12373,0.12383,711074.0
1667721720000,0.12385,0.12385,0.12356,0.12361,292414.0
1667721780000,0.12362,0.12362,0.12338,0.12358,924247.0
1667721840000,0.1236,0.12371,0.1236,0.12366,263374.0
1667721900000,0.12366,0.12376,0.12351,0.12361,918613.0
1667721960000,0.12361,0.12363,0.12343,0.12346,738641.0
1667722020000,0.12347,0.1236,0.12347,0.12348,235991.0
1667722080000,0.12352,0.12352,0.12343,0.12349,171065.0
1667722140000,0.12346,0.12351,0.12333,0.12349,769465.0
1667722200000,0.12348,0.12353,0.12335,0.12353,390572.0
1667722260000,0.12353,0.12353,0.12335,0.12341,481829.0
1667722320000,0.12341,0.12343,0.12324,0.12327,470744.0
1667722380000,0.12327,0.1234,0.12327,0.12335,613127.0
1667722440000,0.12335,0.12357,0.12331,0.12356,1308779.0
1667722500000,0.12355,0.12369,0.12345,0.12347,594169.0
1667722560000,0.12346,0.12346,0.1233,0.12333,460968.0
1667722620000,0.12332,0.12348,0.12326,0.12326,229747.0
1667722680000,0.12326,0.12336,0.12324,0.12333,227418.0
1667722740000,0.12331,0.12334,0.12324,0.12332,363441.0
1667722800000,0.12331,0.12334,0.12317,0.12332,297083.0
1667722860000,0.12329,0.12365,0.12324,0.1236,1732010.0
1667722920000,0.12358,0.12358,0.12336,0.1235,461042.0
1667722980000,0.1235,0.12362,0.12344,0.12347,655011.0
1667723040000,0.12346,0.12354,0.12338,0.12352,404574.0
1667723100000,0.12349,0.12349,0.12343,0.12345,75925.0
1667723160000,0.12343,0.12351,0.12341,0.12341,86569.0
1667723220000,0.12341,0.12341,0.12327,0.1233,292915.0
1667723280000,0.1233,0.12336,0.12328,0.1233,436230.0
1667723340000,0.12331,0.12331,0.12324,0.12326,222763.0
1667723400000,0.12326,0.12333,0.12316,0.12333,343412.0
1667723460000,0.12333,0.12341,0.12317,0.12321,749083.0
1667723520000,0.1232,0.12324,0.12312,0.12315,605178.0
1667723580000,0.12315,0.12323,0.12306,0.12321,1498499.0
1667723640000,0.12321,0.12335,0.12321,0.12326,333400.0
1667723700000,0.12327,0.12329,0.1232,0.12323,218236.0
1667723760000,0.12322,0.12337,0.12321,0.12336,244175.0
1667723820000,0.12336,0.12353,0.12336,0.12349,598270.0
1667723880000,0.12348,0.12377,0.12348,0.1237,894074.0
1667723940000,0.1237,0.12392,0.12357,0.12392,917775.0
1667724000000,0.12391,0.12391,0.12373,0.12383,546832.0
1667724060000,0.12384,0.12388,0.12374,0.12376,276832.0
1667724120000,0.1238,0.12403,0.1238,0.12401,479182.0
1667724180000,0.12402,0.12412,0.12395,0.1241,620839.0
1667724240000,0.1241,0.1244,0.12404,0.12426,1269272.0
1667724300000,0.12424,0.12447,0.12419,0.12444,1886037.0
1667724360000,0.12445,0.1245,0.12435,0.12446,1558012.0
1667724420000,0.12447,0.12449,0.12437,0.1244,762523.0
1667724480000,0.12439,0.1248,0.12426,0.12465,4040411.0
1667724540000,0.12464,0.12469,0.12448,0.12453,843103.0
1667724600000,0.12453,0.12465,0.12429,0.12441,1773314.0
1667724660000,0.12439,0.12456,0.12433,0.12456,640373.0
1667724720000,0.1245,0.12462,0.1244,0.12457,819192.0
1667724780000,0.12457,0.1246,0.12432,0.1244,1224215.0
1667724840000,0.1244,0.12446,0.12437,0.12439,758336.0
1667724900000,0.12439,0.1244,0.1241,0.12413,903165.0
1667724960000,0.12413,0.12437,0.12413,0.12422,1998607.0
1667725020000,0.12424,0.12431,0.12416,0.12427,361251.0
1667725080000,0.12423,0.12431,0.12419,0.1243,288236.0
1667725140000,0.1243,0.12434,0.12413,0.12431,768573.0
1667725200000,0.12432,0.12444,0.12419,0.12419,511162.0
1667725260000,0.12418,0.12431,0.12418,0.1243,150082.0
1667725320000,0.1243,0.12433,0.1243,0.12433,207805.0
1667725380000,0.12434,0.12445,0.12426,0.12427,457890.0
1667725440000,0.12427,0.12454,0.12427,0.1245,793958.0
1667725500000,0.12448,0.12457,0.12444,0.12455,475027.0
1667725560000,0.12453,0.12455,0.12445,0.12447,274364.0
1667725620000,0.12446,0.12448,0.12443,0.12445,409742.0
1667725680000,0.12444,0.12455,0.1244,0.12448,762220.0
1667725740000,0.12447,0.12456,0.12445,0.12449,847475.0
1667725800000,0.12449,0.12455,0.12444,0.12446,696504.0
1667725860000,0.12445,0.12445,0.12434,0.12437,337262.0
1667725920000,0.12436,0.1244,0.1241,0.12423,569969.0
1667725980000,0.12423,0.12423,0.12412,0.12413,407203.0
1667726040000,0.12413,0.1243,0.12393,0.12428,1999484.0
1667726100000,0.1243,0.12462,0.12429,0.12452,1074005.0
1667726160000,0.12452,0.12452,0.12433,0.12433,341605.0
1667726220000,0.12433,0.12444,0.12432,0.12435,138121.0
1667726280000,0.12435,0.12453,0.12435,0.12444,600229.0
1667726340000,0.12446,0.12456,0.12446,0.12452,365975.0
1667726400000,0.12452,0.12456,0.12441,0.12449,959508.0
1667726460000,0.1245,0.12458,0.12445,0.12446,736802.0
1667726520000,0.12448,0.12454,0.12442,0.12453,389716.0
1667726580000,0.12453,0.12461,0.12447,0.1246,302664.0
1667726640000,0.12461,0.1247,0.12456,0.12461,484690.0
1667726700000,0.1246,0.12461,0.12446,0.12449,348364.0
1667726760000,0.12448,0.12458,0.12443,0.12444,180003.0
1667726820000,0.12444,0.12457,0.12444,0.12448,1382075.0
1667726880000,0.12448,0.12459,0.12442,0.12445,483006.0
1667726940000,0.12446,0.12447,0.1244,0.12441,227326.0
1667727000000,0.12442,0.1245,0.12441,0.12448,378931.0
1667727060000,0.12449,0.12456,0.12449,0.12451,103387.0
1667727120000,0.12452,0.12455,0.12445,0.12448,354601.0
1667727180000,0.12448,0.12452,0.1244,0.12442,672832.0
1667727240000,0.12441,0.12461,0.12441,0.12461,379173.0
1667727300000,0.1246,0.12481,0.1246,0.1248,1460236.0
1667727360000,0.12481,0.125,0.1248,0.1248,1426477.0
1667727420000,0.1248,0.12481,0.12469,0.12472,833187.0
1667727480000,0.12472,0.1249,0.12468,0.12473,369359.0
1667727540000,0.12474,0.12488,0.12473,0.12479,308188.0
1667727600000,0.12479,0.12493,0.12473,0.12484,532794.0
1667727660000,0.12482,0.12495,0.12471,0.12491,1187678.0
1667727720000,0.1249,0.1249,0.12475,0.12478,483064.0
1667727780000,0.12477,0.12485,0.12473,0.12475,333724.0
1667727840000,0.12475,0.12491,0.12473,0.1249,321024.0
1667727900000,0.12489,0.1249,0.1246,0.12464,1298604.0
1667727960000,0.12465,0.12468,0.12459,0.12463,368080.0
1667728020000,0.12462,0.12468,0.12457,0.12457,277443.0
1667728080000,0.12457,0.12465,0.12456,0.12459,464839.0
1667728140000,0.12458,0.12463,0.12437,0.12442,1080437.0
1667728200000,0.12442,0.12456,0.12432,0.12443,478914.0
1667728260000,0.12444,0.12445,0.12438,0.12441,278630.0
1667728320000,0.12441,0.12448,0.12432,0.12448,1015905.0
1667728380000,0.12448,0.12449,0.1243,0.1243,434656.0
1667728440000,0.1243,0.12456,0.1243,0.12452,261245.0
1667728500000,0.12453,0.12472,0.12429,0.12432,973678.0
1667728560000,0.12431,0.12445,0.12429,0.1244,295625.0
1667728620000,0.12437,0.12448,0.12434,0.12439,496355.0
1667728680000,0.12438,0.12443,0.12434,0.12442,212551.0
1667728740000,0.12443,0.12445,0.12431,0.12435,332879.0
1667728800000,0.12435,0.12441,0.12426,0.12437,345099.0
1667728860000,0.12437,0.12439,0.12406,0.12418,964221.0
1667728920000,0.12418,0.12423,0.12406,0.12412,352096.0
1667728980000,0.12413,0.12436,0.12413,0.12432,704701.0
1667729040000,0.12433,0.12433,0.12425,0.12429,304306.0
1667729100000,0.12429,0.1244,0.12426,0.1244,84190.0
1667729160000,0.12439,0.12444,0.12435,0.12435,133492.0
1667729220000,0.12434,0.12438,0.12425,0.12435,371700.0
1667729280000,0.12438,0.1244,0.12436,0.12436,77337.0
1667729340000,0.12435,0.12444,0.12435,0.12441,275073.0
1667729400000,0.12442,0.12449,0.12432,0.12433,338082.0
1667729460000,0.12433,0.12435,0.12419,0.12423,428856.0
1667729520000,0.12423,0.12424,0.12412,0.12413,121484.0
1667729580000,0.12413,0.12434,0.12413,0.12434,434627.0
1667729640000,0.12434,0.12434,0.12423,0.12427,149068.0
1667729700000,0.12427,0.12436,0.12427,0.12434,116069.0
1667729760000,0.12434,0.12436,0.12432,0.12432,198198.0
1667729820000,0.12432,0.12433,0.12412,0.12419,244752.0
1667729880000,0.12418,0.12419,0.12411,0.12416,305532.0
1667729940000,0.12416,0.12416,0.12406,0.12411,457592.0
1667730000000,0.12411,0.12439,0.12411,0.12412,783864.0
1667730060000,0.12412,0.12425,0.12412,0.12414,992858.0
1667730120000,0.12414,0.12432,0.12413,0.12428,357644.0
1667730180000,0.12423,0.12435,0.12419,0.12433,333674.0
1667730240000,0.12433,0.12437,0.1242,0.12431,470772.0
1667730300000,0.12431,0.12433,0.12411,0.12425,414561.0
1667730360000,0.12423,0.12434,0.12419,0.12425,195242.0
1667730420000,0.12425,0.1243,0.12421,0.12426,239546.0
1667730480000,0.12427,0.12428,0.12421,0.12426,106010.0
1667730540000,0.12426,0.12447,0.12425,0.12442,1094162.0
1667730600000,0.12443,0.12445,0.12423,0.12423,143911.0
1667730660000,0.12424,0.12425,0.12415,0.12418,303541.0
1667730720000,0.12419,0.12432,0.12411,0.12427,556577.0
1667730780000,0.12428,0.12432,0.12426,0.12431,151837.0
1667730840000,0.12432,0.12433,0.12428,0.12429,165607.0
1667730900000,0.12428,0.12437,0.12425,0.12434,312859.0
1667730960000,0.12433,0.12447,0.12433,0.12446,675546.0
1667731020000,0.12445,0.12447,0.12435,0.12439,595798.0
1667731080000,0.12439,0.1245,0.12438,0.12447,572200.0
1667731140000,0.12447,0.12465,0.12447,0.12463,672091.0
1667731200000,0.12464,0.12465,0.12451,0.12451,3396837.0
1667731260000,0.12452,0.12461,0.12448,0.12461,324373.0
1667731320000,0.12461,0.12461,0.1245,0.12452,326968.0
1667731380000,0.12451,0.12459,0.1245,0.12456,106738.0
1667731440000,0.12456,0.12466,0.12452,0.12462,439648.0
1667731500000,0.12462,0.12462,0.12451,0.12457,224960.0
1667731560000,0.12457,0.12459,0.12452,0.12452,185870.0
1667731620000,0.12453,0.12453,0.12421,0.12426,653030.0
1667731680000,0.12426,0.12448,0.12426,0.12445,195830.0
1667731740000,0.12441,0.12444,0.12435,0.12441,182592.0
1667731800000,0.12442,0.12448,0.12433,0.12442,644648.0
1667731860000,0.12442,0.12447,0.12436,0.12439,241551.0
1667731920000,0.12439,0.12447,0.12438,0.12443,141831.0
1667731980000,0.12442,0.12447,0.12431,0.12442,744803.0
1667732040000,0.12442,0.1245,0.12442,0.12446,301664.0
1667732100000,0.12445,0.12447,0.12428,0.12429,453447.0
1667732160000,0.12429,0.12433,0.12424,0.12424,100725.0
1667732220000,0.12423,0.12432,0.12421,0.12431,155002.0
1667732280000,0.1243,0.1243,0.12349,0.12381,8973529.0
1667732340000,0.12381,0.12395,0.12376,0.12384,943528.0
1667732400000,0.12384,0.12401,0.12383,0.124,800885.0
1667732460000,0.12399,0.12399,0.12372,0.12374,835799.0
1667732520000,0.12374,0.12383,0.12355,0.12373,1643596.0
1667732580000,0.12371,0.12387,0.12366,0.12378,540311.0
1667732640000,0.12377,0.12389,0.12375,0.12384,337771.0
1667732700000,0.12385,0.12405,0.12384,0.12403,679357.0
1667732760000,0.12402,0.12419,0.12393,0.12412,1476716.0
1667732820000,0.12411,0.12414,0.12405,0.12414,222841.0
1667732880000,0.12414,0.12414,0.12402,0.12406,229515.0
1667732940000,0.12406,0.12413,0.12401,0.12402,238482.0
1667733000000,0.12401,0.12412,0.12393,0.12393,374321.0
1667733060000,0.12394,0.12394,0.12381,0.12384,764876.0
1667733120000,0.12384,0.12392,0.1238,0.12383,406889.0
1667733180000,0.12384,0.12407,0.12384,0.12402,502379.0
1667733240000,0.12403,0.12403,0.12382,0.12382,231774.0
1667733300000,0.12382,0.12391,0.12381,0.12387,269001.0
1667733360000,0.12387,0.12387,0.12324,0.12346,2393348.0
1667733420000,0.12345,0.1236,0.12332,0.12337,1308188.0
1667733480000,0.12342,0.12342,0.12315,0.12316,829033.0
1667733540000,0.12317,0.12336,0.12304,0.12329,1352047.0
1667733600000,0.12333,0.12358,0.12333,0.1235,1104799.0
1667733660000,0.12349,0.12355,0.12324,0.12334,444686.0
1667733720000,0.12334,0.12348,0.12327,0.12346,361265.0
1667733780000,0.12343,0.12354,0.12329,0.1233,1557984.0
1667733840000,0.12333,0.12336,0.12322,0.12325,855459.0
1667733900000,0.12324,0.12327,0.12308,0.12309,486091.0
1667733960000,0.12309,0.1231,0.1225,0.12282,7011531.0
1667734020000,0.12284,0.1231,0.12279,0.12308,1146302.0
1667734080000,0.12309,0.1232,0.12305,0.12317,479515.0
1667734140000,0.12318,0.12336,0.12302,0.12305,1229250.0
1667734200000,0.12305,0.12307,0.12254,0.1228,4168557.0
1667734260000,0.12281,0.12281,0.12251,0.12272,1390215.0
1667734320000,0.12273,0.12274,0.1225,0.12268,2722996.0
1667734380000,0.12269,0.12289,0.12269,0.12282,713787.0
1667734440000,0.12282,0.12292,0.12277,0.12291,477452.0
1667734500000,0.12291,0.12339,0.12291,0.12332,1882113.0
1667734560000,0.12332,0.12332,0.12302,0.12307,474446.0
1667734620000,0.12308,0.1233,0.12308,0.12316,673862.0
1667734680000,0.12318,0.12339,0.12318,0.12337,268168.0
1667734740000,0.12334,0.12334,0.12324,0.12328,642817.0
1667734800000,0.12329,0.1234,0.12325,0.12331,317269.0
1667734860000,0.12333,0.12344,0.12331,0.12338,446799.0
1667734920000,0.12338,0.12348,0.1232,0.1232,874319.0
1667734980000,0.12321,0.12337,0.12311,0.12324,855926.0
1667735040000,0.12323,0.12328,0.12305,0.12307,3888511.0
1667735100000,0.12307,0.12323,0.12288,0.12309,4412775.0
1667735160000,0.1231,0.12327,0.12303,0.12313,2244944.0
1667735220000,0.12314,0.12324,0.12311,0.12324,1376901.0
1667735280000,0.12323,0.1233,0.12319,0.12324,478579.0
1667735340000,0.12324,0.12342,0.12321,0.12323,607260.0
1667735400000,0.12322,0.1234,0.12322,0.12331,563092.0
1667735460000,0.1233,0.12338,0.12323,0.12331,304813.0
1667735520000,0.1233,0.12332,0.12318,0.12332,260603.0
1667735580000,0.12331,0.12332,0.12322,0.12325,231783.0
1667735640000,0.12325,0.12325,0.12313,0.12319,911920.0
1667735700000,0.1232,0.12336,0.12318,0.1233,1574454.0
1667735760000,0.12327,0.12329,0.12323,0.12329,450772.0
1667735820000,0.12327,0.1233,0.12323,0.12325,509413.0
1667735880000,0.12324,0.1233,0.12317,0.12324,354563.0
1667735940000,0.12324,0.12329,0.12322,0.12328,241387.0
1667736000000,0.12328,0.12328,0.12318,0.1232,289322.0
1667736060000,0.12319,0.12319,0.12307,0.12307,317409.0
1667736120000,0.12308,0.12308,0.12296,0.12297,393751.0
1667736180000,0.12297,0.12301,0.12265,0.12269,930025.0
1667736240000,0.1227,0.12301,0.12261,0.12276,2748902.0
1667736300000,0.12276,0.12303,0.12276,0.123,548214.0
1667736360000,0.12299,0.1232,0.12289,0.1232,541505.0
1667736420000,0.1232,0.12326,0.12306,0.12309,389112.0
1667736480000,0.12309,0.12319,0.12309,0.12319,68965.0
1667736540000,0.12319,0.12329,0.12314,0.12321,303559.0
1667736600000,0.12319,0.12342,0.12313,0.12339,2236970.0
1667736660000,0.12338,0.12346,0.12333,0.1234,639430.0
1667736720000,0.12342,0.12359,0.12342,0.12346,769668.0
1667736780000,0.12348,0.1235,0.12335,0.12349,561871.0
1667736840000,0.1235,0.12361,0.12346,0.12359,676606.0
1667736900000,0.12359,0.12359,0.12324,0.12332,683437.0
1667736960000,0.12332,0.12338,0.12324,0.12329,653639.0
1667737020000,0.12329,0.1235,0.12325,0.12348,238974.0
1667737080000,0.12346,0.12347,0.12316,0.12319,557781.0
1667737140000,0.1232,0.12347,0.12318,0.12342,2302393.0
1667737200000,0.12342,0.12343,0.12319,0.12319,311447.0
1667737260000,0.12319,0.12319,0.12314,0.12316,208078.0
1667737320000,0.12316,0.12331,0.12315,0.12331,523917.0
1667737380000,0.1233,0.1233,0.12312,0.12318,699475.0
1667737440000,0.12321,0.12322,0.12306,0.12308,757578.0
1667737500000,0.12308,0.12316,0.12307,0.12312,510653.0
1667737560000,0.12312,0.12319,0.12309,0.12314,931865.0
1667737620000,0.12314,0.12316,0.12307,0.12312,362346.0
1667737680000,0.1231,0.12336,0.12303,0.12321,1753155.0
1667737740000,0.1232,0.12327,0.12319,0.12326,382049.0
1667737800000,0.12325,0.12339,0.12311,0.12312,485452.0
1667737860000,0.12314,0.12317,0.12307,0.12313,305462.0
1667737920000,0.12314,0.12333,0.12313,0.12316,584361.0
1667737980000,0.12316,0.12328,0.12315,0.12317,109053.0
1667738040000,0.12317,0.12329,0.12315,0.12319,308191.0
1667738100000,0.12318,0.1232,0.1231,0.12315,285907.0
1667738160000,0.12316,0.12321,0.12312,0.12313,819291.0
1667738220000,0.12313,0.12322,0.12303,0.12304,705072.0
1667738280000,0.12304,0.12332,0.123,0.12325,977491.0
1667738340000,0.12324,0.12332,0.12323,0.12324,458684.0
1667738400000,0.12322,0.1233,0.12317,0.1233,319590.0
1667738460000,0.12329,0.12337,0.12323,0.12334,874310.0
1667738520000,0.12334,0.12342,0.12326,0.12339,1473423.0
1667738580000,0.12339,0.12357,0.12339,0.12351,707176.0
1667738640000,0.12349,0.12358,0.12345,0.12347,409619.0
1667738700000,0.12347,0.12348,0.12324,0.12327,364896.0
1667738760000,0.12327,0.12344,0.12325,0.12342,357048.0
1667738820000,0.12342,0.12344,0.12333,0.12333,271377.0
1667738880000,0.12332,0.12337,0.1233,0.12334,432240.0
1667738940000,0.12333,0.12334,0.12323,0.12323,243177.0
1667739000000,0.12324,0.1233,0.12318,0.12319,514436.0
1667739060000,0.1232,0.1232,0.12304,0.12304,622769.0
1667739120000,0.12304,0.12315,0.12292,0.12298,1329863.0
1667739180000,0.12297,0.12298,0.12282,0.12286,720373.0
1667739240000,0.12286,0.12302,0.12286,0.12295,1259474.0
1667739300000,0.12294,0.12311,0.12293,0.1231,454155.0
1667739360000,0.1231,0.12315,0.12301,0.12312,1153172.0
1667739420000,0.12312,0.12323,0.12312,0.12322,510078.0
1667739480000,0.12322,0.12333,0.12313,0.1233,478099.0
1667739540000,0.1233,0.1233,0.12308,0.1231,232603.0
1667739600000,0.1231,0.1232,0.12304,0.12314,194389.0
1667739660000,0.12313,0.12315,0.12303,0.12303,217873.0
1667739720000,0.12301,0.12342,0.12291,0.12341,783738.0
1667739780000,0.1234,0.12341,0.1232,0.12323,403579.0
1667739840000,0.12323,0.12336,0.12322,0.12331,362334.0
1667739900000,0.12332,0.12343,0.12324,0.12331,604581.0
1667739960000,0.12332,0.12338,0.12324,0.12337,438053.0
1667740020000,0.12337,0.12345,0.12337,0.12342,506981.0
1667740080000,0.12342,0.12349,0.12297,0.12306,615396.0
1667740140000,0.12304,0.12312,0.12297,0.12299,245914.0
1667740200000,0.12298,0.12309,0.12297,0.12301,230857.0
1667740260000,0.12301,0.12306,0.12255,0.12277,1747906.0
1667740320000,0.12276,0.12306,0.12276,0.12298,961277.0
1667740380000,0.12299,0.12311,0.12293,0.12302,529049.0
1667740440000,0.12303,0.1233,0.12303,0.12325,812435.0
1667740500000,0.12324,0.12324,0.1231,0.12316,225718.0
1667740560000,0.12316,0.12325,0.12303,0.12324,456091.0
1667740620000,0.12323,0.12334,0.12319,0.12325,365678.0
1667740680000,0.12328,0.12331,0.12314,0.12314,228921.0
1667740740000,0.12314,0.12326,0.12312,0.12324,506440.0
1667740800000,0.12325,0.12336,0.12317,0.1233,714185.0
1667740860000,0.12329,0.1234,0.12329,0.1234,459915.0
1667740920000,0.12341,0.12344,0.12329,0.12333,444180.0
1667740980000,0.12333,0.12344,0.12321,0.12329,546295.0
1667741040000,0.12328,0.1233,0.12321,0.1233,178218.0
1667741100000,0.12332,0.1234,0.1232,0.12339,475524.0
1667741160000,0.1234,0.12344,0.1233,0.12337,478596.0
1667741220000,0.12337,0.12354,0.12336,0.12351,507301.0
1667741280000,0.12351,0.12357,0.1234,0.12353,380476.0
1667741340000,0.12353,0.1236,0.12351,0.12353,251649.0
1667741400000,0.12352,0.12352,0.12343,0.12349,379392.0
1667741460000,0.12348,0.12349,0.12337,0.12344,207627.0
1667741520000,0.12343,0.12348,0.12334,0.12347,253216.0
1667741580000,0.12345,0.12382,0.12345,0.12358,1017518.0
1667741640000,0.12359,0.1237,0.12353,0.12369,349857.0
1667741700000,0.12368,0.1237,0.12361,0.12368,221188.0
1667741760000,0.1237,0.12378,0.12356,0.12361,664445.0
1667741820000,0.12361,0.12395,0.12357,0.1239,1063584.0
1667741880000,0.1239,0.12424,0.12384,0.12401,2438113.0
1667741940000,0.12402,0.12413,0.124,0.12411,349676.0
1667742000000,0.12412,0.12437,0.12411,0.12435,1373021.0
1667742060000,0.12431,0.12433,0.12408,0.12415,367369.0
1667742120000,0.12415,0.12428,0.12411,0.12415,373404.0
1667742180000,0.12417,0.12431,0.1241,0.12416,517849.0
1667742240000,0.12417,0.12426,0.12415,0.1242,445061.0
1667742300000,0.1242,0.12423,0.12401,0.12408,758959.0
1667742360000,0.12407,0.12407,0.12375,0.12375,697446.0
1667742420000,0.12376,0.12394,0.12373,0.12394,717107.0
1667742480000,0.12394,0.1242,0.12394,0.12409,1116808.0
1667742540000,0.12409,0.12413,0.12392,0.12401,273238.0
1667742600000,0.12403,0.12414,0.12394,0.12407,379468.0
1667742660000,0.12408,0.12408,0.12396,0.124,210753.0
1667742720000,0.12398,0.12398,0.12383,0.12383,440014.0
1667742780000,0.12382,0.12403,0.12382,0.1239,499949.0
1667742840000,0.12389,0.1239,0.12386,0.12388,113055.0
1667742900000,0.12387,0.12422,0.12387,0.12408,1116579.0
1667742960000,0.12402,0.12416,0.12402,0.1241,218418.0
1667743020000,0.1241,0.12421,0.12393,0.12393,365524.0
1667743080000,0.12393,0.12393,0.12375,0.12387,1114535.0
1667743140000,0.12385,0.12401,0.12384,0.12401,193652.0
1667743200000,0.12401,0.12404,0.12374,0.12385,496553.0
1667743260000,0.12384,0.12387,0.12379,0.12379,271294.0
1667743320000,0.12379,0.12382,0.12369,0.12381,434530.0
1667743380000,0.12378,0.12386,0.12378,0.1238,518293.0
1667743440000,0.1238,0.12381,0.12368,0.1237,150397.0
1667743500000,0.1237,0.12378,0.12367,0.12373,631604.0
1667743560000,0.12374,0.12379,0.12363,0.12376,976307.0
1667743620000,0.12375,0.12376,0.12342,0.1236,1073449.0
1667743680000,0.12361,0.12365,0.12356,0.12364,355919.0
1667743740000,0.12365,0.12366,0.12344,0.1236,527249.0
1667743800000,0.12361,0.12377,0.12346,0.12348,413656.0
1667743860000,0.12347,0.12367,0.12347,0.12365,692290.0
1667743920000,0.12366,0.12388,0.12362,0.12381,450244.0
1667743980000,0.12382,0.12395,0.1237,0.12377,2633547.0
1667744040000,0.12377,0.12386,0.1236,0.12386,2300492.0
1667744100000,0.12386,0.12395,0.12378,0.12395,415074.0
1667744160000,0.12395,0.12399,0.12377,0.1239,548815.0
1667744220000,0.12389,0.1242,0.12389,0.12418,1440087.0
1667744280000,0.12419,0.1247,0.12418,0.12466,2086102.0
1667744340000,0.12466,0.12545,0.12459,0.12533,7096957.0
1667744400000,0.12536,0.12582,0.12524,0.12582,7015875.0
1667744460000,0.12581,0.1262,0.12537,0.12607,6383550.0
1667744520000,0.12606,0.12701,0.12597,0.12689,7753152.0
1667744580000,0.12687,0.1277,0.12664,0.12747,11226500.0
1667744640000,0.12746,0.12746,0.12666,0.12717,6673079.0
1667744700000,0.12715,0.12721,0.12645,0.12669,5373436.0
1667744760000,0.12669,0.12669,0.12606,0.12648,3428841.0
1667744820000,0.12648,0.12648,0.1258,0.12601,4785166.0
1667744880000,0.12604,0.12612,0.12594,0.12603,1764822.0
1667744940000,0.12602,0.12613,0.12541,0.1255,2711341.0
1667745000000,0.12552,0.12552,0.1246,0.12502,9845482.0
1667745060000,0.12502,0.12514,0.12463,0.12471,6678497.0
1667745120000,0.12471,0.1248,0.12422,0.12465,5086075.0
1667745180000,0.12461,0.12501,0.12461,0.12487,1212889.0
1667745240000,0.12489,0.1251,0.12483,0.12487,3049844.0
1667745300000,0.12487,0.12505,0.12487,0.12491,855215.0
1667745360000,0.1249,0.12505,0.12461,0.12464,1072835.0
1667745420000,0.12464,0.12512,0.12462,0.12497,1928265.0
1667745480000,0.12498,0.12498,0.12479,0.12484,558991.0
1667745540000,0.12484,0.12502,0.12484,0.12497,516814.0
1667745600000,0.12497,0.125,0.12488,0.12495,906166.0
1667745660000,0.12494,0.12494,0.12463,0.12475,2013108.0
1667745720000,0.12475,0.12513,0.12474,0.12507,1443422.0
1667745780000,0.12506,0.1252,0.12491,0.1252,1239169.0
1667745840000,0.1252,0.12547,0.1252,0.12525,2057736.0
1667745900000,0.12524,0.12544,0.1252,0.12538,630303.0
1667745960000,0.12538,0.12573,0.12538,0.12558,3704393.0
1667746020000,0.12557,0.12603,0.12557,0.12601,3947617.0
1667746080000,0.12602,0.12617,0.12601,0.1261,2568044.0
1667746140000,0.1261,0.12632,0.1255,0.12551,6931157.0
1667746200000,0.1255,0.12551,0.12522,0.12548,2162480.0
1667746260000,0.12548,0.12577,0.12547,0.12571,2422478.0
1667746320000,0.12571,0.12572,0.12528,0.1253,1159665.0
1667746380000,0.12529,0.1254,0.12517,0.12535,1130983.0
1667746440000,0.12535,0.12553,0.12525,0.12525,669359.0
1667746500000,0.12525,0.12534,0.12463,0.12481,1702553.0
1667746560000,0.12481,0.12535,0.12481,0.12527,963125.0
1667746620000,0.12528,0.12537,0.12501,0.12501,903292.0
1667746680000,0.12501,0.12519,0.12501,0.12503,536654.0
1667746740000,0.12503,0.12526,0.12503,0.12511,340110.0
1667746800000,0.1251,0.1253,0.12504,0.12524,785336.0
1667746860000,0.12525,0.12538,0.12525,0.12536,341566.0
1667746920000,0.12537,0.12542,0.12531,0.12539,273637.0
1667746980000,0.12539,0.12555,0.12539,0.12553,891726.0
1667747040000,0.12554,0.12561,0.12526,0.12526,727673.0
1667747100000,0.12525,0.12564,0.12505,0.12564,2258566.0
1667747160000,0.12564,0.12565,0.12539,0.12547,1911857.0
1667747220000,0.12548,0.12563,0.12545,0.12555,733983.0
1667747280000,0.12555,0.12572,0.12554,0.12567,1478385.0
1667747340000,0.12566,0.12572,0.12546,0.12568,826622.0
1667747400000,0.12569,0.1257,0.1254,0.12544,1225439.0
1667747460000,0.12547,0.12581,0.12524,0.12577,2401628.0
1667747520000,0.12579,0.12617,0.12566,0.12583,2294985.0
1667747580000,0.12581,0.126,0.1257,0.1257,484817.0
1667747640000,0.12567,0.12602,0.12566,0.12586,835869.0
1667747700000,0.12586,0.12592,0.12549,0.12568,1137410.0
1667747760000,0.12568,0.1258,0.1256,0.12569,967184.0
1667747820000,0.12569,0.12572,0.12545,0.12548,608874.0
1667747880000,0.12548,0.12549,0.12529,0.12548,2210696.0
1667747940000,0.12548,0.12551,0.12534,0.12536,1566035.0
1667748000000,0.12535,0.12548,0.12531,0.12541,368856.0
1667748060000,0.12541,0.12541,0.12523,0.12531,561804.0
1667748120000,0.12531,0.12542,0.12529,0.1254,374650.0
1667748180000,0.1254,0.12554,0.12535,0.12551,459560.0
1667748240000,0.12552,0.1256,0.12546,0.12558,261639.0
1667748300000,0.12554,0.12569,0.12553,0.12558,546721.0
1667748360000,0.12557,0.12559,0.12519,0.12533,2436162.0
1667748420000,0.12534,0.12554,0.12533,0.12548,1056483.0
1667748480000,0.12548,0.12555,0.12534,0.12536,692241.0
1667748540000,0.12536,0.1255,0.12527,0.12545,1354845.0
1667748600000,0.12544,0.12556,0.12538,0.12538,499445.0
1667748660000,0.12538,0.12538,0.12487,0.12502,1454230.0
1667748720000,0.12502,0.12519,0.125,0.12515,660263.0
1667748780000,0.12516,0.12532,0.12515,0.12526,344164.0
1667748840000,0.12524,0.12525,0.12514,0.12517,1260146.0
1667748900000,0.12515,0.12524,0.12508,0.12522,266713.0
1667748960000,0.12521,0.12539,0.12517,0.12535,619955.0
1667749020000,0.12533,0.12541,0.1252,0.12537,510086.0
1667749080000,0.12538,0.12547,0.12531,0.12537,526533.0
1667749140000,0.12536,0.12537,0.12501,0.12511,540476.0
1667749200000,0.12512,0.12518,0.12508,0.12516,484493.0
1667749260000,0.12517,0.12524,0.12515,0.12518,194303.0
1667749320000,0.12517,0.12521,0.12509,0.12513,289778.0
1667749380000,0.12512,0.1252,0.12508,0.1251,278595.0
1667749440000,0.1251,0.12515,0.12504,0.12505,205728.0
1667749500000,0.12505,0.12512,0.12494,0.1251,1257843.0
1667749560000,0.12511,0.12522,0.12511,0.12518,233534.0
1667749620000,0.12518,0.12518,0.12497,0.12503,587400.0
1667749680000,0.12502,0.1251,0.12493,0.12496,603798.0
1667749740000,0.12497,0.12499,0.12456,0.12493,2621499.0
1667749800000,0.1249,0.12492,0.1247,0.12479,410826.0
1667749860000,0.12479,0.12482,0.12461,0.12465,716440.0
1667749920000,0.12467,0.12476,0.12456,0.12472,1261735.0
1667749980000,0.12472,0.12507,0.12472,0.12494,733012.0
1667750040000,0.12494,0.1251,0.12488,0.12504,895747.0
1667750100000,0.12504,0.12504,0.12488,0.12489,326722.0
1667750160000,0.12488,0.12488,0.12456,0.12485,823150.0
1667750220000,0.12483,0.125,0.12482,0.12491,330804.0
1667750280000,0.12491,0.12504,0.12474,0.12494,2638320.0
1667750340000,0.12493,0.12493,0.12449,0.12463,1013525.0
1667750400000,0.12463,0.12464,0.1235,0.12398,6136639.0
1667750460000,0.124,0.12414,0.12258,0.12331,6731610.0
1667750520000,0.12329,0.12337,0.12263,0.12277,4733159.0
1667750580000,0.12278,0.12325,0.1225,0.12295,4078278.0
1667750640000,0.12296,0.12311,0.12163,0.12255,16836406.0
1667750700000,0.12255,0.12289,0.12197,0.12211,3517284.0
1667750760000,0.12205,0.12262,0.12181,0.12254,8186858.0
1667750820000,0.12254,0.12318,0.12249,0.12312,2495946.0
1667750880000,0.12312,0.12343,0.12299,0.12319,4328652.0
1667750940000,0.12317,0.12379,0.12317,0.12363,2022745.0
1667751000000,0.12363,0.12389,0.12344,0.12359,1781788.0
1667751060000,0.12357,0.12371,0.12323,0.12349,1852869.0
1667751120000,0.12348,0.1239,0.12335,0.12345,3284047.0
1667751180000,0.12341,0.12368,0.1234,0.12351,573598.0
1667751240000,0.1235,0.12354,0.12329,0.12341,956498.0
1667751300000,0.12341,0.1237,0.1234,0.12365,1072154.0
1667751360000,0.12363,0.12386,0.12355,0.12372,1602408.0
1667751420000,0.12371,0.12391,0.12362,0.12366,1380996.0
1667751480000,0.12369,0.12379,0.1236,0.12373,1306801.0
1667751540000,0.12367,0.12367,0.12315,0.12324,966969.0
1667751600000,0.12324,0.12356,0.12317,0.12321,1796891.0
1667751660000,0.1232,0.12344,0.123,0.12332,1409052.0
1667751720000,0.1233,0.12355,0.12327,0.12346,1265328.0
1667751780000,0.12347,0.12369,0.12347,0.1236,899509.0
1667751840000,0.12358,0.12372,0.12344,0.12345,800996.0
1667751900000,0.12345,0.12364,0.12342,0.12345,675760.0
1667751960000,0.12346,0.1237,0.12346,0.1236,931521.0
1667752020000,0.12362,0.12386,0.12362,0.12372,986168.0
1667752080000,0.12374,0.12383,0.12363,0.12363,668723.0
1667752140000,0.12364,0.12379,0.12359,0.12372,466544.0
1667752200000,0.12372,0.1238,0.12346,0.12379,796007.0
1667752260000,0.12379,0.12385,0.1237,0.12373,864813.0
1667752320000,0.12373,0.12379,0.12367,0.12377,709379.0
1667752380000,0.12373,0.1238,0.12369,0.1238,691125.0
1667752440000,0.1238,0.12397,0.1238,0.12392,662668.0
1667752500000,0.12389,0.1239,0.12367,0.12383,578436.0
1667752560000,0.12384,0.1239,0.12373,0.12386,393489.0
1667752620000,0.12385,0.12402,0.12385,0.12395,623150.0
1667752680000,0.12395,0.12399,0.12371,0.1239,526274.0
1667752740000,0.12391,0.12417,0.12385,0.12409,689206.0
1667752800000,0.1241,0.12431,0.12395,0.12408,1080085.0
1667752860000,0.12407,0.12417,0.12385,0.12399,941992.0
1667752920000,0.12398,0.12407,0.12387,0.12396,627368.0
1667752980000,0.12397,0.12406,0.12387,0.124,499055.0
1667753040000,0.12397,0.12397,0.12376,0.1238,724811.0
1667753100000,0.1238,0.12396,0.12374,0.12374,504984.0
1667753160000,0.12373,0.12373,0.12339,0.1237,637117.0
1667753220000,0.12372,0.12382,0.12367,0.12372,359452.0
1667753280000,0.12372,0.12378,0.12361,0.12378,685820.0
1667753340000,0.1238,0.12399,0.12373,0.12397,834014.0
1667753400000,0.12397,0.124,0.1237,0.12376,613458.0
1667753460000,0.12378,0.12395,0.12376,0.12391,616661.0
1667753520000,0.12386,0.1239,0.12373,0.12388,662317.0
1667753580000,0.12388,0.12394,0.1238,0.12388,442595.0
1667753640000,0.1239,0.12392,0.12378,0.12383,286109.0
1667753700000,0.12386,0.12394,0.1237,0.12374,321725.0
1667753760000,0.12374,0.12384,0.12371,0.12372,249534.0
1667753820000,0.12372,0.12381,0.12361,0.12371,282945.0
1667753880000,0.12371,0.12378,0.12367,0.12369,398078.0
1667753940000,0.12369,0.12374,0.12366,0.12373,563650.0
1667754000000,0.12372,0.12374,0.12346,0.12353,788666.0
1667754060000,0.12352,0.12375,0.12338,0.12372,840806.0
1667754120000,0.12369,0.1237,0.12346,0.12364,334426.0
1667754180000,0.12363,0.12363,0.12342,0.12355,661376.0
1667754240000,0.12353,0.1236,0.12341,0.12356,338502.0
1667754300000,0.12357,0.12369,0.12352,0.12361,451656.0
1667754360000,0.12361,0.12371,0.12358,0.1237,301431.0
1667754420000,0.12369,0.1237,0.12352,0.12357,698203.0
1667754480000,0.12357,0.12388,0.12357,0.12384,400442.0
1667754540000,0.12384,0.12387,0.12367,0.12369,334282.0
1667754600000,0.12369,0.12379,0.12365,0.12379,94013.0
1667754660000,0.1238,0.12393,0.1238,0.12388,680080.0
1667754720000,0.12387,0.12404,0.12385,0.12403,274150.0
1667754780000,0.12401,0.12401,0.12385,0.12391,206742.0
1667754840000,0.12391,0.12393,0.12379,0.1239,239374.0
1667754900000,0.1239,0.12393,0.12369,0.12369,462656.0
1667754960000,0.12368,0.12385,0.12366,0.12384,124882.0
1667755020000,0.12383,0.12383,0.12358,0.1236,623998.0
1667755080000,0.12363,0.12364,0.12333,0.12345,995281.0
1667755140000,0.12346,0.12356,0.12315,0.12316,1732457.0
1667755200000,0.12323,0.12342,0.12308,0.12332,866816.0
1667755260000,0.12332,0.12344,0.12303,0.12309,1630634.0
1667755320000,0.12307,0.12312,0.12289,0.12299,804233.0
1667755380000,0.123,0.12309,0.12282,0.12307,950498.0
1667755440000,0.12306,0.12312,0.123,0.12303,408933.0
1667755500000,0.12303,0.12312,0.123,0.12306,475776.0
1667755560000,0.12307,0.1232,0.12291,0.12292,891822.0
1667755620000,0.12293,0.1231,0.12293,0.123,360371.0
1667755680000,0.12297,0.12304,0.12291,0.12294,517967.0
1667755740000,0.12296,0.12309,0.1229,0.12298,601823.0
1667755800000,0.12297,0.1231,0.12285,0.12299,679161.0
1667755860000,0.12299,0.1233,0.1229,0.12321,970908.0
1667755920000,0.12321,0.12346,0.12321,0.12333,554937.0
1667755980000,0.12332,0.12332,0.12303,0.1231,210459.0
1667756040000,0.12312,0.12314,0.1229,0.123,650589.0
1667756100000,0.12299,0.12318,0.12299,0.12313,296071.0
1667756160000,0.12313,0.12322,0.12313,0.12317,95604.0
1667756220000,0.12316,0.1232,0.12304,0.12311,369123.0
1667756280000,0.12312,0.12316,0.12307,0.12316,94086.0
1667756340000,0.12313,0.12319,0.123,0.12306,562448.0
1667756400000,0.12307,0.12317,0.12305,0.12306,217909.0
1667756460000,0.12307,0.12322,0.12307,0.1232,254127.0
1667756520000,0.12319,0.12335,0.12318,0.12318,254356.0
1667756580000,0.12318,0.1232,0.12293,0.12294,509293.0
1667756640000,0.12294,0.12299,0.12281,0.12293,806416.0
1667756700000,0.12294,0.12317,0.1228,0.12283,895637.0
1667756760000,0.12284,0.12302,0.12272,0.12285,912344.0
1667756820000,0.12288,0.12301,0.12285,0.12286,360427.0
1667756880000,0.12284,0.12312,0.12282,0.12312,317785.0
1667756940000,0.12312,0.12324,0.12305,0.12314,591845.0
1667757000000,0.12311,0.12324,0.12307,0.12317,237670.0
1667757060000,0.12317,0.12326,0.12317,0.12321,508153.0
1667757120000,0.1232,0.12321,0.12302,0.12321,246703.0
1667757180000,0.12322,0.12325,0.12303,0.12314,424948.0
1667757240000,0.12314,0.12317,0.12311,0.12311,295077.0
1667757300000,0.12313,0.12318,0.12303,0.12305,295918.0
1667757360000,0.12304,0.12332,0.12304,0.12326,475898.0
1667757420000,0.12325,0.12333,0.12324,0.12325,187508.0
1667757480000,0.12325,0.12339,0.12319,0.12329,671490.0
1667757540000,0.12329,0.12341,0.12324,0.12334,446218.0
1667757600000,0.12335,0.12344,0.1232,0.1232,368752.0
1667757660000,0.1232,0.12345,0.12314,0.12334,769024.0
1667757720000,0.12334,0.1234,0.1232,0.12326,410357.0
1667757780000,0.12324,0.12331,0.12312,0.12314,472018.0
1667757840000,0.12313,0.12328,0.123,0.12315,593096.0
1667757900000,0.12313,0.12326,0.12306,0.12313,302449.0
1667757960000,0.12312,0.12327,0.12312,0.12321,259157.0
1667758020000,0.1232,0.1234,0.1232,0.12339,861556.0
1667758080000,0.12339,0.1234,0.12331,0.12333,345380.0
1667758140000,0.12332,0.12333,0.12323,0.12329,256803.0
1667758200000,0.12328,0.12329,0.12314,0.12315,156426.0
1667758260000,0.12315,0.12319,0.12293,0.12296,1281943.0
1667758320000,0.12293,0.12311,0.12289,0.12311,892142.0
1667758380000,0.1231,0.1232,0.12299,0.123,327175.0
1667758440000,0.12302,0.12304,0.12296,0.12297,228509.0
1667758500000,0.123,0.12309,0.12299,0.12305,388233.0
1667758560000,0.12303,0.12313,0.12287,0.12294,1507777.0
1667758620000,0.12293,0.12294,0.12241,0.12247,2020422.0
1667758680000,0.12246,0.12293,0.1224,0.12293,1321245.0
1667758740000,0.12291,0.12294,0.12267,0.1227,915918.0
1667758800000,0.12267,0.1227,0.12246,0.12266,1058634.0
1667758860000,0.12267,0.1228,0.12259,0.1226,389083.0
1667758920000,0.12259,0.12259,0.122,0.12238,4085433.0
1667758980000,0.12238,0.12239,0.12171,0.12187,4455824.0
1667759040000,0.12186,0.12189,0.12125,0.12183,5793767.0
1667759100000,0.12186,0.12191,0.1217,0.12173,1339912.0
1667759160000,0.12173,0.12173,0.1213,0.12145,3422727.0
1667759220000,0.12144,0.12164,0.12024,0.12085,12732493.0
1667759280000,0.12084,0.12135,0.12083,0.12134,2457730.0
1667759340000,0.12134,0.12148,0.1211,0.12123,1232747.0
1667759400000,0.12123,0.12123,0.12095,0.12117,2547863.0
1667759460000,0.12118,0.12124,0.12095,0.12105,2517183.0
1667759520000,0.12106,0.12124,0.12082,0.12116,1754124.0
1667759580000,0.12116,0.12162,0.12096,0.12135,1962501.0
1667759640000,0.12134,0.12177,0.12134,0.12163,1908766.0
1667759700000,0.12163,0.12179,0.12155,0.1217,1069540.0
1667759760000,0.12169,0.12179,0.12151,0.12162,1647826.0
1667759820000,0.12164,0.12181,0.12161,0.12164,609636.0
1667759880000,0.12164,0.12176,0.12162,0.12174,487353.0
1667759940000,0.12173,0.12188,0.12159,0.12163,1600106.0
1667760000000,0.12163,0.12164,0.12097,0.12106,1857419.0
1667760060000,0.12105,0.12149,0.12105,0.12143,988129.0
1667760120000,0.12142,0.12164,0.12129,0.12132,1144614.0
1667760180000,0.12133,0.12166,0.12126,0.12164,2240392.0
1667760240000,0.12163,0.12171,0.1214,0.12158,1724698.0
1667760300000,0.1216,0.12178,0.12126,0.12175,4518602.0
1667760360000,0.12171,0.12186,0.12163,0.12167,1246481.0
1667760420000,0.12166,0.12181,0.12166,0.12176,683178.0
1667760480000,0.12176,0.1219,0.12151,0.12155,1455447.0
1667760540000,0.12154,0.12158,0.12072,0.1208,4838655.0
1667760600000,0.1208,0.12111,0.12078,0.12105,4046860.0
1667760660000,0.12107,0.12111,0.12096,0.12101,987219.0
1667760720000,0.12101,0.12103,0.1208,0.12097,1563749.0
1667760780000,0.12098,0.12101,0.12035,0.12052,7172901.0
1667760840000,0.12052,0.12092,0.12002,0.12085,12958504.0
1667760900000,0.12085,0.12128,0.12085,0.12127,4286416.0
1667760960000,0.12125,0.1214,0.12106,0.12123,1043669.0
1667761020000,0.12125,0.1213,0.12117,0.12123,632999.0
1667761080000,0.12123,0.12135,0.12117,0.12131,611858.0
1667761140000,0.12131,0.12138,0.12112,0.12136,947648.0
1667761200000,0.12139,0.12143,0.12107,0.12107,823441.0
1667761260000,0.12107,0.12115,0.12087,0.12091,803710.0
1667761320000,0.1209,0.12099,0.12074,0.12075,620738.0
1667761380000,0.12074,0.121,0.1205,0.121,2190975.0
1667761440000,0.121,0.12102,0.12076,0.12093,1034500.0
1667761500000,0.12093,0.12114,0.12092,0.12109,1478064.0
1667761560000,0.12109,0.12118,0.12101,0.12109,1791461.0
1667761620000,0.12112,0.12115,0.12102,0.12102,605231.0
1667761680000,0.12102,0.12102,0.1206,0.12076,1769803.0
1667761740000,0.12076,0.12083,0.12065,0.12079,400873.0
1667761800000,0.12079,0.12098,0.12077,0.12096,690859.0
1667761860000,0.12095,0.12104,0.1209,0.12096,353488.0
1667761920000,0.12096,0.12108,0.12084,0.121,601739.0
1667761980000,0.12099,0.1215,0.12099,0.12143,1671643.0
1667762040000,0.1214,0.1214,0.12109,0.12114,840935.0
1667762100000,0.12113,0.12135,0.12051,0.12075,8288293.0
1667762160000,0.12075,0.12075,0.1203,0.12052,3749029.0
1667762220000,0.12054,0.12061,0.12041,0.12049,1015045.0
1667762280000,0.12047,0.12066,0.12042,0.12048,2033076.0
1667762340000,0.12047,0.1206,0.11974,0.12044,13734244.0
1667762400000,0.12045,0.12081,0.12041,0.12067,2313820.0
1667762460000,0.12068,0.1209,0.1206,0.12078,983282.0
1667762520000,0.12078,0.12107,0.12078,0.12103,720391.0
1667762580000,0.12103,0.12103,0.12081,0.12081,2845291.0
1667762640000,0.12084,0.12091,0.12066,0.12079,766448.0
1667762700000,0.12079,0.1208,0.12046,0.12055,1398659.0
1667762760000,0.12057,0.12062,0.12027,0.12062,6276217.0
1667762820000,0.12063,0.12081,0.12063,0.12072,1452698.0
1667762880000,0.12072,0.12081,0.12069,0.12081,718867.0
1667762940000,0.12081,0.12081,0.12076,0.12078,1182155.0
1667763000000,0.12078,0.12085,0.12052,0.12076,2311431.0
1667763060000,0.12076,0.12076,0.12049,0.12049,1315885.0
1667763120000,0.12048,0.12048,0.1203,0.1204,815810.0
1667763180000,0.12039,0.12046,0.12017,0.12045,1198745.0
1667763240000,0.12044,0.12048,0.12021,0.12021,480482.0
1667763300000,0.1202,0.12034,0.1199,0.11992,4645343.0
1667763360000,0.11992,0.12007,0.11965,0.12007,4138903.0
1667763420000,0.12007,0.12015,0.11998,0.12005,2569511.0
1667763480000,0.12005,0.12005,0.11972,0.11981,2654066.0
1667763540000,0.11981,0.12003,0.11961,0.11961,3483181.0
1667763600000,0.11961,0.11961,0.11822,0.11928,22792663.0
1667763660000,0.11927,0.11957,0.11908,0.11948,3045163.0
1667763720000,0.11947,0.11951,0.11929,0.11933,886298.0
1667763780000,0.11932,0.1195,0.11928,0.11945,1106060.0
1667763840000,0.11944,0.11957,0.11913,0.11919,1775669.0
1667763900000,0.11921,0.11964,0.11916,0.11951,1670709.0
1667763960000,0.11953,0.11971,0.11952,0.11966,1345274.0
1667764020000,0.11967,0.11974,0.11964,0.11973,1244593.0
1667764080000,0.1197,0.11983,0.11968,0.11972,1327527.0
1667764140000,0.1197,0.11984,0.1196,0.11963,2015944.0
1667764200000,0.11962,0.11966,0.11941,0.11956,3168540.0
1667764260000,0.11956,0.11979,0.11948,0.11969,5601101.0
1667764320000,0.11969,0.12004,0.11969,0.12,4660397.0
1667764380000,0.12002,0.12008,0.11988,0.12005,845692.0
1667764440000,0.12005,0.12028,0.12,0.12001,2106996.0
1667764500000,0.12001,0.12011,0.12,0.12001,580031.0
1667764560000,0.12002,0.12014,0.12,0.12008,1679538.0
1667764620000,0.12007,0.12022,0.12005,0.12008,793011.0
1667764680000,0.12007,0.12017,0.12002,0.12012,939935.0
1667764740000,0.12013,0.12013,0.12004,0.12007,366557.0
1667764800000,0.12007,0.12022,0.11993,0.12011,1996767.0
1667764860000,0.12011,0.12012,0.11991,0.12,1266955.0
1667764920000,0.11999,0.12003,0.11982,0.11997,1214989.0
1667764980000,0.11996,0.12003,0.11991,0.12002,633165.0
1667765040000,0.12002,0.12048,0.12002,0.12036,2806553.0
1667765100000,0.12035,0.12048,0.12015,0.12022,1397235.0
1667765160000,0.12018,0.12019,0.12006,0.12008,538708.0
1667765220000,0.12008,0.12016,0.12008,0.12015,495276.0
1667765280000,0.12016,0.12038,0.12008,0.12027,1556570.0
1667765340000,0.12025,0.12025,0.12,0.12025,948978.0
1667765400000,0.12024,0.12033,0.12003,0.12015,809724.0
1667765460000,0.12016,0.12022,0.12002,0.12006,573821.0
1667765520000,0.12008,0.12022,0.12003,0.1202,567147.0
1667765580000,0.12019,0.12037,0.12019,0.12026,405675.0
1667765640000,0.12026,0.12038,0.12026,0.12036,341864.0
1667765700000,0.12037,0.12055,0.12026,0.12052,1774250.0
1667765760000,0.12051,0.12051,0.12003,0.12013,3250370.0
1667765820000,0.12013,0.1202,0.12005,0.12006,419878.0
1667765880000,0.12006,0.12024,0.12001,0.1202,1415809.0
1667765940000,0.12021,0.12021,0.12013,0.12019,235149.0
1667766000000,0.12018,0.12018,0.11985,0.11998,2353961.0
1667766060000,0.11999,0.12016,0.11999,0.12005,660321.0
1667766120000,0.12004,0.12011,0.11997,0.12007,445516.0
1667766180000,0.12003,0.12011,0.11999,0.1201,445063.0
1667766240000,0.12008,0.12011,0.1198,0.11987,1484030.0
1667766300000,0.11988,0.12015,0.11987,0.1201,777411.0
1667766360000,0.12009,0.12013,0.11989,0.12006,1292219.0
1667766420000,0.12006,0.12011,0.11985,0.12003,1158271.0
1667766480000,0.12003,0.12028,0.11999,0.12024,725788.0
1667766540000,0.12024,0.12038,0.12011,0.12011,644917.0
1667766600000,0.1201,0.12026,0.12,0.12007,489269.0
1667766660000,0.12007,0.12022,0.12006,0.1202,261232.0
1667766720000,0.12021,0.1203,0.12019,0.12019,459923.0
1667766780000,0.12019,0.1202,0.12005,0.12014,530400.0
1667766840000,0.12015,0.12032,0.12015,0.12032,603347.0
1667766900000,0.12032,0.1204,0.12031,0.12039,244905.0
1667766960000,0.12038,0.12043,0.12029,0.12029,352947.0
1667767020000,0.12029,0.1203,0.1202,0.12029,256542.0
1667767080000,0.1203,0.12031,0.12013,0.12014,290309.0
1667767140000,0.12015,0.12018,0.12007,0.12011,249070.0
1667767200000,0.12011,0.12023,0.12005,0.12009,222155.0
1667767260000,0.1201,0.12012,0.12,0.12005,1034284.0
1667767320000,0.12004,0.1203,0.12004,0.12029,218339.0
1667767380000,0.12029,0.12029,0.12001,0.12002,554763.0
1667767440000,0.12004,0.1201,0.12001,0.12003,83959.0
1667767500000,0.12003,0.1203,0.11985,0.12025,2008299.0
1667767560000,0.12026,0.12039,0.11997,0.12006,901272.0
1667767620000,0.12003,0.12013,0.12002,0.12004,427458.0
1667767680000,0.12007,0.12015,0.11995,0.12009,1240473.0
1667767740000,0.12009,0.12018,0.11998,0.12,632496.0
1667767800000,0.11999,0.12021,0.11995,0.12006,1158647.0
1667767860000,0.12011,0.12027,0.12004,0.12027,638570.0
1667767920000,0.12025,0.12032,0.12022,0.12031,373105.0
1667767980000,0.12033,0.1204,0.12031,0.12038,593657.0
1667768040000,0.12038,0.12049,0.12038,0.12046,555202.0
1667768100000,0.12046,0.12048,0.12032,0.12038,313866.0
1667768160000,0.12038,0.12042,0.12031,0.12031,317944.0
1667768220000,0.12031,0.12049,0.1203,0.12044,482746.0
1667768280000,0.12047,0.12068,0.12045,0.12046,881315.0
1667768340000,0.12046,0.12084,0.12046,0.12071,2881022.0
1667768400000,0.12071,0.12078,0.12051,0.12056,5459382.0
1667768460000,0.12056,0.12056,0.12039,0.12054,1143965.0
1667768520000,0.12053,0.12054,0.12021,0.12037,2322571.0
1667768580000,0.12041,0.1205,0.12031,0.1204,567492.0
1667768640000,0.12041,0.12053,0.12035,0.12036,529008.0
1667768700000,0.12035,0.12036,0.12011,0.12012,991477.0
1667768760000,0.12012,0.1203,0.12001,0.1203,564190.0
1667768820000,0.1203,0.1203,0.12003,0.12018,616597.0
1667768880000,0.12017,0.12026,0.12008,0.12021,461749.0
1667768940000,0.12024,0.12029,0.12023,0.12029,147872.0
1667769000000,0.12028,0.12036,0.12003,0.12015,2442712.0
1667769060000,0.12015,0.12015,0.12,0.12008,363505.0
1667769120000,0.12008,0.12033,0.12006,0.1203,651182.0
1667769180000,0.12031,0.12031,0.12014,0.12018,202356.0
1667769240000,0.1202,0.12024,0.12006,0.1201,180908.0
1667769300000,0.12009,0.1201,0.12002,0.12008,496386.0
1667769360000,0.12009,0.1201,0.12002,0.12006,329292.0
1667769420000,0.12007,0.12009,0.12002,0.12004,175670.0
1667769480000,0.12003,0.12014,0.12002,0.12009,396385.0
1667769540000,0.1201,0.1201,0.12002,0.12006,318342.0
1667769600000,0.12006,0.12007,0.11943,0.1195,4744820.0
1667769660000,0.11956,0.11983,0.11944,0.11983,1996932.0
1667769720000,0.11982,0.12004,0.11978,0.11991,891456.0
1667769780000,0.11991,0.11994,0.11974,0.11978,1003669.0
1667769840000,0.11978,0.11979,0.11959,0.11976,1691699.0
1667769900000,0.11976,0.11988,0.11971,0.11986,665856.0
1667769960000,0.11987,0.11987,0.11977,0.11978,1293051.0
1667770020000,0.11977,0.11981,0.11969,0.11976,236151.0
1667770080000,0.11975,0.11986,0.11971,0.11976,597544.0
1667770140000,0.11976,0.11983,0.11976,0.11981,140114.0
1667770200000,0.11979,0.11994,0.11976,0.11987,1491165.0
1667770260000,0.11986,0.11989,0.11966,0.11967,421213.0
1667770320000,0.11967,0.1198,0.11963,0.11977,647490.0
1667770380000,0.11978,0.11992,0.11976,0.11984,444129.0
1667770440000,0.11986,0.1199,0.11986,0.11989,171550.0
1667770500000,0.1199,0.1199,0.11978,0.11987,334463.0
1667770560000,0.11988,0.11989,0.11977,0.1198,233657.0
1667770620000,0.11979,0.11983,0.11965,0.11965,454550.0
1667770680000,0.11965,0.11971,0.1196,0.11969,336692.0
1667770740000,0.1197,0.11971,0.11939,0.11946,1013857.0
1667770800000,0.11945,0.11946,0.11914,0.11925,1669204.0
1667770860000,0.11924,0.11932,0.11918,0.11925,1387756.0
1667770920000,0.11924,0.11952,0.1192,0.11945,1036355.0
1667770980000,0.11944,0.11971,0.11939,0.11963,720950.0
1667771040000,0.11962,0.11968,0.11956,0.11958,1001141.0
1667771100000,0.11958,0.11958,0.11932,0.1194,456891.0
1667771160000,0.11937,0.11938,0.11914,0.1192,655703.0
1667771220000,0.1192,0.11932,0.11913,0.11915,1056873.0
1667771280000,0.11914,0.11934,0.11881,0.11925,2293028.0
1667771340000,0.11922,0.11937,0.11917,0.11933,691482.0
1667771400000,0.11935,0.11938,0.11923,0.11928,698828.0
1667771460000,0.11927,0.11936,0.11914,0.11928,1482420.0
1667771520000,0.11928,0.11928,0.11912,0.11917,513486.0
1667771580000,0.11916,0.11927,0.11887,0.11895,898196.0
1667771640000,0.11894,0.11903,0.11886,0.11887,539273.0
1667771700000,0.11887,0.11893,0.11854,0.1187,1964447.0
1667771760000,0.1187,0.11901,0.11861,0.11876,1734637.0
1667771820000,0.11876,0.11895,0.11873,0.11883,675223.0
1667771880000,0.11876,0.11878,0.11862,0.11863,682230.0
1667771940000,0.11863,0.11867,0.11855,0.1186,895067.0
1667772000000,0.11862,0.1189,0.11855,0.11882,875831.0
1667772060000,0.11882,0.11893,0.11874,0.11883,667203.0
1667772120000,0.11882,0.11928,0.11882,0.11924,955425.0
1667772180000,0.11923,0.11923,0.11909,0.11913,358691.0
1667772240000,0.11914,0.11915,0.11888,0.11899,573765.0
1667772300000,0.11899,0.11899,0.11887,0.11889,241485.0
1667772360000,0.11889,0.11903,0.11889,0.11898,863753.0
1667772420000,0.11898,0.11921,0.11893,0.11912,852654.0
1667772480000,0.1191,0.11926,0.11909,0.1192,605939.0
1667772540000,0.11919,0.11921,0.11911,0.11915,352208.0
1667772600000,0.11916,0.11924,0.11913,0.11917,1013988.0
1667772660000,0.11917,0.11917,0.11905,0.11913,1368720.0
1667772720000,0.1191,0.11911,0.11854,0.11861,1428961.0
1667772780000,0.1186,0.11871,0.11853,0.11855,1306557.0
1667772840000,0.11856,0.11868,0.11805,0.11807,3575134.0
1667772900000,0.11809,0.11832,0.11746,0.11823,10452049.0
1667772960000,0.11822,0.11823,0.11761,0.11762,2537482.0
1667773020000,0.11763,0.11781,0.11736,0.11753,5169144.0
1667773080000,0.11753,0.11779,0.11753,0.11773,1152840.0
1667773140000,0.11773,0.11783,0.11737,0.11757,2534456.0
1667773200000,0.11757,0.11791,0.11755,0.11787,1652589.0
1667773260000,0.11786,0.11809,0.11782,0.11809,999258.0
1667773320000,0.11809,0.11822,0.11804,0.11808,752653.0
1667773380000,0.11808,0.11817,0.11801,0.11813,878604.0
1667773440000,0.11813,0.11817,0.11809,0.11817,590832.0
1667773500000,0.11816,0.11871,0.11816,0.11853,3744657.0
1667773560000,0.11854,0.11865,0.1185,0.11865,467929.0
1667773620000,0.11865,0.11865,0.11837,0.11846,1230010.0
1667773680000,0.11848,0.11856,0.11848,0.11851,833184.0
1667773740000,0.11851,0.11882,0.11851,0.11882,660419.0
1667773800000,0.11882,0.11882,0.11878,0.1188,919075.0
1667773860000,0.1188,0.11886,0.11878,0.11878,583964.0
1667773920000,0.11879,0.11879,0.11854,0.11875,1228976.0
1667773980000,0.11874,0.11874,0.11822,0.11828,3255622.0
1667774040000,0.11828,0.11841,0.11828,0.1183,670701.0
1667774100000,0.11831,0.1187,0.1183,0.1187,794199.0
1667774160000,0.11871,0.11878,0.11868,0.11873,564602.0
1667774220000,0.11874,0.11874,0.11851,0.11854,1249109.0
1667774280000,0.11857,0.11861,0.11843,0.11855,821323.0
1667774340000,0.11854,0.11859,0.11848,0.11849,986839.0
1667774400000,0.11848,0.11849,0.1182,0.11842,1820385.0
1667774460000,0.11843,0.11872,0.11843,0.11872,835247.0
1667774520000,0.11873,0.11892,0.1187,0.11892,341290.0
1667774580000,0.11892,0.11892,0.11876,0.11876,708993.0
1667774640000,0.11877,0.11892,0.11874,0.11887,343863.0
1667774700000,0.11888,0.11888,0.11853,0.11853,1093068.0
1667774760000,0.11853,0.11878,0.11842,0.11878,748229.0
1667774820000,0.11879,0.11899,0.11879,0.11897,581733.0
1667774880000,0.11898,0.11923,0.11898,0.11915,811597.0
1667774940000,0.11915,0.11923,0.11912,0.1192,1222646.0
1667775000000,0.1192,0.11936,0.11916,0.11931,1421668.0
1667775060000,0.11931,0.11932,0.119,0.11906,1682819.0
1667775120000,0.11907,0.11907,0.1187,0.1189,693196.0
1667775180000,0.11891,0.11899,0.1189,0.11895,382285.0
1667775240000,0.11895,0.11927,0.11895,0.11922,493826.0
1667775300000,0.11922,0.11928,0.11907,0.11915,266373.0
1667775360000,0.11914,0.11922,0.11913,0.11915,548556.0
1667775420000,0.11916,0.11916,0.11908,0.11916,483362.0
1667775480000,0.11916,0.11916,0.11905,0.11906,375657.0
1667775540000,0.11906,0.11912,0.11902,0.1191,303005.0
1667775600000,0.11909,0.11913,0.11858,0.11899,1759217.0
1667775660000,0.11899,0.1191,0.11876,0.11901,1118678.0
1667775720000,0.11901,0.11911,0.1186,0.11868,2029749.0
1667775780000,0.11869,0.1188,0.11859,0.11876,746947.0
1667775840000,0.11876,0.1188,0.1186,0.11871,711274.0
1667775900000,0.11874,0.11878,0.11839,0.11842,913755.0
1667775960000,0.11845,0.11845,0.11801,0.11807,1953245.0
1667776020000,0.11808,0.11816,0.11793,0.11803,3263858.0
1667776080000,0.11801,0.11834,0.11769,0.11769,3160055.0
1667776140000,0.1177,0.11797,0.1174,0.11745,4364536.0
1667776200000,0.11748,0.11785,0.11716,0.1172,4331395.0
1667776260000,0.1172,0.11789,0.11681,0.11765,5314147.0
1667776320000,0.11766,0.11774,0.11583,0.11667,13388356.0
1667776380000,0.11664,0.11664,0.11306,0.11332,28014507.0
1667776440000,0.11332,0.11529,0.1133,0.1141,17605113.0
1667776500000,0.11411,0.11519,0.11411,0.11518,9461723.0
1667776560000,0.11517,0.11577,0.115,0.11538,7656281.0
1667776620000,0.11539,0.1156,0.11508,0.11519,4537481.0
1667776680000,0.11521,0.11535,0.11491,0.11514,5290958.0
1667776740000,0.11513,0.11528,0.11465,0.11472,4111454.0
1667776800000,0.11474,0.11494,0.11453,0.11475,4406017.0
1667776860000,0.11474,0.11513,0.11437,0.11446,4696520.0
1667776920000,0.11446,0.11498,0.11435,0.11466,5110155.0
1667776980000,0.11467,0.11487,0.11411,0.11412,7323232.0
1667777040000,0.11412,0.11454,0.11392,0.11435,6019491.0
1667777100000,0.11434,0.11457,0.11425,0.11436,2791674.0
1667777160000,0.11439,0.11486,0.11439,0.11482,2856521.0
1667777220000,0.11481,0.11518,0.11477,0.11504,3061888.0
1667777280000,0.11505,0.11513,0.11473,0.11474,2028291.0
1667777340000,0.11473,0.11473,0.1143,0.11453,12552909.0
1667777400000,0.11453,0.11493,0.11439,0.11483,2381125.0
1667777460000,0.11483,0.11497,0.11423,0.11432,11475118.0
1667777520000,0.11432,0.11472,0.11424,0.11451,1684082.0
1667777580000,0.11451,0.11455,0.11394,0.11397,13082229.0
1667777640000,0.11396,0.114,0.11386,0.114,12113139.0
1667777700000,0.114,0.11435,0.11398,0.11399,4836560.0
1667777760000,0.114,0.11433,0.11368,0.11387,9186662.0
1667777820000,0.11387,0.1139,0.1132,0.11323,9462214.0
1667777880000,0.11321,0.11323,0.11183,0.11296,26315329.0
1667777940000,0.11295,0.11346,0.1127,0.11289,7865056.0
1667778000000,0.11289,0.11383,0.11289,0.1137,12651830.0
1667778060000,0.11371,0.11412,0.11371,0.11388,4051848.0
1667778120000,0.11391,0.11409,0.11386,0.11401,1743200.0
1667778180000,0.114,0.11414,0.1138,0.11408,2345017.0
1667778240000,0.11407,0.11409,0.11382,0.11396,2013280.0
1667778300000,0.11394,0.11402,0.11326,0.1133,6042634.0
1667778360000,0.1133,0.11369,0.11311,0.11369,4142456.0
1667778420000,0.11369,0.11414,0.11363,0.11391,5911559.0
1667778480000,0.11392,0.11464,0.11385,0.11444,5433170.0
1667778540000,0.11445,0.1147,0.11414,0.1144,7965699.0
1667778600000,0.11439,0.1145,0.114,0.11405,1695103.0
1667778660000,0.11405,0.1145,0.11391,0.11441,3501641.0
1667778720000,0.11441,0.11452,0.11416,0.11416,1386617.0
1667778780000,0.11417,0.11435,0.11409,0.1143,819991.0
1667778840000,0.11433,0.11469,0.11411,0.11447,2601115.0
1667778900000,0.11445,0.11449,0.11411,0.11414,1583929.0
1667778960000,0.11412,0.11455,0.1141,0.11449,1341589.0
1667779020000,0.1145,0.11484,0.11449,0.11464,1855208.0
1667779080000,0.11464,0.11488,0.11462,0.11474,3183492.0
1667779140000,0.11474,0.11492,0.11458,0.11477,2503307.0
1667779200000,0.11477,0.1149,0.11457,0.11475,3913614.0
1667779260000,0.11476,0.11489,0.1146,0.1147,3272647.0
1667779320000,0.11472,0.11493,0.11455,0.11493,3285764.0
1667779380000,0.11493,0.11497,0.11472,0.11477,3564682.0
1667779440000,0.11477,0.1149,0.11442,0.11487,2642638.0
1667779500000,0.11486,0.11494,0.11465,0.11469,1598787.0
1667779560000,0.11469,0.11495,0.11453,0.11487,936963.0
1667779620000,0.11489,0.11502,0.11482,0.11502,1858087.0
1667779680000,0.11502,0.11565,0.11502,0.11561,2178978.0
1667779740000,0.11562,0.11563,0.11521,0.1153,3504913.0
1667779800000,0.11529,0.11555,0.11521,0.11545,3339381.0
1667779860000,0.11544,0.11552,0.11491,0.11495,4456653.0
1667779920000,0.11498,0.11498,0.11473,0.11481,3084971.0
1667779980000,0.11482,0.11518,0.11481,0.11499,1667881.0
1667780040000,0.11499,0.11516,0.11495,0.11504,657169.0
1667780100000,0.11503,0.11537,0.11501,0.11532,1322850.0
1667780160000,0.11531,0.11531,0.115,0.11515,1229388.0
1667780220000,0.11515,0.1156,0.11513,0.11555,1580867.0
1667780280000,0.11555,0.11592,0.11545,0.11562,2190590.0
1667780340000,0.11562,0.11573,0.1154,0.11543,2061079.0
1667780400000,0.11542,0.11552,0.11533,0.11549,1067855.0
1667780460000,0.11548,0.11559,0.11538,0.11556,851265.0
1667780520000,0.11556,0.11569,0.11542,0.11552,1405221.0
1667780580000,0.11553,0.1156,0.11542,0.11545,790870.0
1667780640000,0.11545,0.11573,0.11545,0.11556,1107600.0
1667780700000,0.11556,0.11559,0.11536,0.11546,1125962.0
1667780760000,0.11545,0.11556,0.11532,0.11548,897102.0
1667780820000,0.11548,0.11556,0.11543,0.11553,668915.0
1667780880000,0.11553,0.11562,0.11545,0.11562,1252180.0
1667780940000,0.11561,0.11571,0.11552,0.11567,1136870.0
1667781000000,0.11567,0.11574,0.11548,0.11572,3043442.0
1667781060000,0.11572,0.11581,0.11547,0.11553,1934110.0
1667781120000,0.11552,0.11557,0.11545,0.1155,1676443.0
1667781180000,0.11551,0.11554,0.11533,0.11535,3633996.0
1667781240000,0.11536,0.11547,0.11515,0.11544,1643885.0
1667781300000,0.11544,0.1155,0.11513,0.11539,1462821.0
1667781360000,0.11539,0.11574,0.11535,0.11565,2230256.0
1667781420000,0.11565,0.11592,0.11565,0.1158,2404226.0
1667781480000,0.11581,0.11604,0.11576,0.11582,1637207.0
1667781540000,0.11582,0.11588,0.11565,0.11576,1014800.0
1667781600000,0.11576,0.11576,0.11556,0.11563,1268767.0
1667781660000,0.11561,0.11561,0.11516,0.11532,1407052.0
1667781720000,0.11533,0.11567,0.11522,0.11532,6125751.0
1667781780000,0.11533,0.11554,0.11532,0.11549,852215.0
1667781840000,0.11548,0.11548,0.11523,0.11532,901249.0
1667781900000,0.11533,0.11533,0.11499,0.11509,4264791.0
1667781960000,0.11512,0.11528,0.11508,0.11525,1659130.0
1667782020000,0.11527,0.11547,0.11526,0.11536,896363.0
1667782080000,0.11536,0.11544,0.11513,0.11537,1433277.0
1667782140000,0.11534,0.11544,0.11502,0.11508,1156954.0
1667782200000,0.11508,0.11513,0.11488,0.11497,1667056.0
1667782260000,0.11499,0.11502,0.11455,0.11482,2928945.0
1667782320000,0.11482,0.11498,0.11464,0.11487,1831937.0
1667782380000,0.11489,0.11511,0.11486,0.11501,994858.0
1667782440000,0.115,0.11513,0.1148,0.11512,1460426.0
1667782500000,0.11514,0.11544,0.11514,0.11543,1585930.0
1667782560000,0.11544,0.1155,0.11523,0.11528,984827.0
1667782620000,0.11537,0.11539,0.11521,0.11522,555950.0
1667782680000,0.1152,0.1153,0.115,0.11511,722648.0
1667782740000,0.11508,0.11514,0.11494,0.11494,1685408.0
1667782800000,0.11496,0.11496,0.11471,0.11484,1055870.0
1667782860000,0.11485,0.11511,0.11483,0.11505,1072565.0
1667782920000,0.11507,0.11511,0.11504,0.11508,419474.0
1667782980000,0.11508,0.1153,0.11506,0.11525,2391416.0
1667783040000,0.11523,0.11523,0.11503,0.11511,916145.0
1667783100000,0.11507,0.11509,0.11491,0.11497,531262.0
1667783160000,0.11494,0.11494,0.11474,0.11475,804889.0
1667783220000,0.11475,0.11504,0.11468,0.11495,1093198.0
1667783280000,0.11496,0.11496,0.1148,0.11482,369570.0
1667783340000,0.11482,0.11482,0.11465,0.11465,698023.0
1667783400000,0.11464,0.1148,0.11456,0.11471,931574.0
1667783460000,0.1147,0.11476,0.11464,0.11467,501534.0
1667783520000,0.11466,0.11475,0.11413,0.11437,2603592.0
1667783580000,0.11437,0.11465,0.11432,0.11454,1274779.0
1667783640000,0.11455,0.1147,0.11443,0.11461,973124.0
1667783700000,0.11462,0.11466,0.11445,0.11459,1327212.0
1667783760000,0.11459,0.11487,0.11456,0.11482,2439136.0
1667783820000,0.11482,0.115,0.11482,0.11488,1080383.0
1667783880000,0.11488,0.11488,0.11471,0.11475,547982.0
1667783940000,0.11477,0.1149,0.1146,0.11488,1062925.0
1667784000000,0.11487,0.1149,0.11472,0.11476,441513.0
1667784060000,0.11476,0.1149,0.11445,0.1145,2721033.0
1667784120000,0.1145,0.11463,0.11437,0.11463,1247617.0
1667784180000,0.11464,0.11469,0.11447,0.11461,834813.0
1667784240000,0.11462,0.11468,0.11459,0.1146,537666.0
1667784300000,0.11461,0.1147,0.11457,0.11469,289046.0
1667784360000,0.11469,0.1149,0.11462,0.11462,1061531.0
1667784420000,0.11463,0.11493,0.11455,0.11493,706226.0
1667784480000,0.11493,0.11514,0.11493,0.11502,887047.0
1667784540000,0.11501,0.1152,0.11488,0.11518,940751.0
1667784600000,0.11518,0.11518,0.11498,0.11498,1116140.0
1667784660000,0.11498,0.11519,0.11492,0.11518,621845.0
1667784720000,0.11519,0.11556,0.11514,0.11547,2303835.0
1667784780000,0.11546,0.11572,0.11542,0.11563,2199473.0
1667784840000,0.11562,0.11575,0.1154,0.11545,758291.0
1667784900000,0.11544,0.11551,0.1153,0.11544,618913.0
1667784960000,0.11544,0.11569,0.11543,0.1156,721891.0
1667785020000,0.11563,0.11613,0.11563,0.11603,4447699.0
1667785080000,0.11602,0.11608,0.11584,0.11585,4108992.0
1667785140000,0.11586,0.11634,0.1158,0.11624,3642148.0
1667785200000,0.11625,0.11627,0.11586,0.11588,2793716.0
1667785260000,0.11587,0.11604,0.11583,0.11602,929237.0
1667785320000,0.11603,0.11661,0.11599,0.11641,4004847.0
1667785380000,0.11641,0.11763,0.11641,0.11696,14161216.0
1667785440000,0.11697,0.11698,0.11658,0.11686,2376488.0
1667785500000,0.11685,0.11689,0.1164,0.11656,3177364.0
1667785560000,0.11656,0.1166,0.11644,0.11651,899811.0
1667785620000,0.11653,0.11659,0.11643,0.11645,818469.0
1667785680000,0.1165,0.11663,0.1165,0.11653,584235.0
1667785740000,0.11654,0.11701,0.1164,0.11694,1998299.0
1667785800000,0.11694,0.11724,0.1169,0.11696,1458068.0
1667785860000,0.11696,0.11707,0.11666,0.11667,1454689.0
1667785920000,0.11668,0.11692,0.11665,0.1169,852161.0
1667785980000,0.1169,0.11751,0.11684,0.11743,3646529.0
1667786040000,0.11743,0.11781,0.11713,0.11713,3130122.0
1667786100000,0.11713,0.11739,0.11698,0.11737,2594480.0
1667786160000,0.11738,0.11746,0.11718,0.11719,1060160.0
1667786220000,0.11717,0.11753,0.11711,0.11736,972608.0
1667786280000,0.11737,0.11742,0.11728,0.11731,928687.0
1667786340000,0.11727,0.11747,0.11727,0.11731,802531.0
1667786400000,0.11731,0.11731,0.11709,0.11714,654982.0
1667786460000,0.11714,0.11714,0.11697,0.11707,973403.0
1667786520000,0.11706,0.11726,0.11706,0.11721,749599.0
1667786580000,0.11721,0.11734,0.11705,0.11705,506339.0
1667786640000,0.11705,0.11712,0.11701,0.11707,344118.0
1667786700000,0.11707,0.1173,0.11707,0.11715,482650.0
1667786760000,0.11715,0.11743,0.11715,0.1173,1746031.0
1667786820000,0.11737,0.11764,0.11737,0.11761,695614.0
1667786880000,0.1176,0.1176,0.11733,0.1176,892449.0
1667786940000,0.11759,0.1178,0.11752,0.11777,815725.0
1667787000000,0.11779,0.11819,0.11772,0.1178,3490162.0
1667787060000,0.11779,0.11852,0.11775,0.11827,4752142.0
1667787120000,0.11827,0.11828,0.118,0.1182,1639672.0
1667787180000,0.11824,0.11826,0.11804,0.11815,2282513.0
1667787240000,0.11814,0.11824,0.1181,0.11822,1997491.0
1667787300000,0.11823,0.1184,0.11792,0.11794,2276890.0
1667787360000,0.11794,0.11832,0.11782,0.11828,2270535.0
1667787420000,0.11829,0.11829,0.11817,0.11825,711558.0
1667787480000,0.11822,0.11822,0.11753,0.11762,4181822.0
1667787540000,0.11762,0.11819,0.11762,0.11817,2056208.0
1667787600000,0.11817,0.11821,0.11785,0.11792,1323644.0
1667787660000,0.11793,0.11793,0.11779,0.11789,523803.0
1667787720000,0.1179,0.11792,0.11774,0.11785,433772.0
1667787780000,0.11786,0.11786,0.11758,0.11761,803492.0
1667787840000,0.11761,0.1178,0.11761,0.11773,792752.0
1667787900000,0.11772,0.11772,0.11748,0.11761,689626.0
1667787960000,0.1176,0.1177,0.11756,0.11767,647951.0
1667788020000,0.11767,0.11775,0.11754,0.11767,435396.0
1667788080000,0.11767,0.1177,0.11747,0.11761,1386340.0
1667788140000,0.11759,0.11759,0.11731,0.11736,586614.0
1667788200000,0.11736,0.11745,0.11721,0.11733,858806.0
1667788260000,0.11735,0.11756,0.11735,0.11753,574834.0
1667788320000,0.11752,0.11771,0.11752,0.11755,489820.0
1667788380000,0.11755,0.11775,0.11754,0.11769,370434.0
1667788440000,0.11769,0.11775,0.11761,0.11769,418055.0
1667788500000,0.11766,0.11775,0.11732,0.11748,761076.0
1667788560000,0.11748,0.11784,0.11748,0.11781,351754.0
1667788620000,0.11779,0.11784,0.11774,0.11775,353416.0
1667788680000,0.11775,0.11784,0.11771,0.11774,707780.0
1667788740000,0.11773,0.11773,0.11753,0.11763,444743.0
1667788800000,0.11764,0.11773,0.11752,0.11767,365916.0
1667788860000,0.11766,0.11796,0.11766,0.1179,444105.0
1667788920000,0.1179,0.1179,0.11779,0.11779,241328.0
1667788980000,0.11778,0.11796,0.11772,0.11777,400198.0
1667789040000,0.11778,0.11783,0.11773,0.11776,327057.0
1667789100000,0.11776,0.11776,0.11761,0.1177,855195.0
1667789160000,0.11772,0.11796,0.11772,0.1179,407679.0
1667789220000,0.1179,0.11802,0.11784,0.118,571919.0
1667789280000,0.118,0.1184,0.118,0.11831,1549901.0
1667789340000,0.11831,0.11831,0.11814,0.11817,557967.0
1667789400000,0.11818,0.11818,0.11769,0.11779,943055.0
1667789460000,0.11782,0.11785,0.11767,0.11785,746733.0
1667789520000,0.11786,0.11807,0.11786,0.11802,422591.0
1667789580000,0.11802,0.11813,0.11801,0.11805,565260.0
1667789640000,0.11805,0.11812,0.11798,0.11801,387374.0
1667789700000,0.11801,0.11804,0.11777,0.11781,442027.0
1667789760000,0.11781,0.11785,0.1177,0.11776,991495.0
1667789820000,0.11776,0.11806,0.1177,0.11804,633540.0
1667789880000,0.11803,0.1181,0.118,0.11805,401213.0
1667789940000,0.11805,0.11805,0.11782,0.1179,740431.0
1667790000000,0.1179,0.11793,0.11756,0.11767,732385.0
1667790060000,0.11767,0.11777,0.11759,0.11776,909584.0
1667790120000,0.11777,0.11795,0.11769,0.11786,717790.0
1667790180000,0.11786,0.11786,0.11764,0.11771,249497.0
1667790240000,0.11772,0.11774,0.11757,0.11759,386083.0
1667790300000,0.11759,0.11761,0.1174,0.11748,912755.0
1667790360000,0.11748,0.1176,0.11745,0.1176,874483.0
1667790420000,0.1176,0.11772,0.1175,0.11752,696463.0
1667790480000,0.11757,0.11761,0.1174,0.11748,385544.0
1667790540000,0.11748,0.11767,0.11748,0.11766,873376.0
1667790600000,0.11767,0.11778,0.11765,0.11778,788402.0
1667790660000,0.11777,0.1178,0.11765,0.11766,1020761.0
1667790720000,0.11768,0.11783,0.11747,0.11757,646766.0
1667790780000,0.11756,0.11765,0.1175,0.11752,606892.0
1667790840000,0.11753,0.1176,0.11746,0.11749,579865.0
1667790900000,0.1175,0.11765,0.11749,0.11761,330598.0
1667790960000,0.11765,0.11778,0.11762,0.11763,487182.0
1667791020000,0.11766,0.11767,0.11751,0.11754,345699.0
1667791080000,0.11758,0.11761,0.11753,0.11761,351562.0
1667791140000,0.11762,0.11772,0.11748,0.11754,856747.0
1667791200000,0.11755,0.11768,0.11737,0.11753,864282.0
1667791260000,0.11753,0.1176,0.11735,0.1174,575036.0
1667791320000,0.1174,0.11747,0.11733,0.11742,347005.0
1667791380000,0.11739,0.1175,0.11735,0.11742,310283.0
1667791440000,0.11742,0.11753,0.11734,0.11734,310610.0
1667791500000,0.11735,0.11763,0.11735,0.1175,536803.0
1667791560000,0.1175,0.11789,0.11749,0.11786,835667.0
1667791620000,0.11787,0.11798,0.11774,0.11797,860202.0
1667791680000,0.11798,0.1182,0.11798,0.11813,1241987.0
1667791740000,0.11811,0.11825,0.11801,0.11802,939933.0
1667791800000,0.11802,0.11811,0.11798,0.11809,466983.0
1667791860000,0.11809,0.1184,0.11803,0.11821,2097199.0
1667791920000,0.11821,0.11864,0.11809,0.11855,2754985.0
1667791980000,0.11856,0.11861,0.11836,0.11847,762816.0
1667792040000,0.11846,0.11856,0.11825,0.11837,1149327.0
1667792100000,0.11837,0.11847,0.11824,0.11843,548959.0
1667792160000,0.11845,0.11845,0.11833,0.11843,704341.0
1667792220000,0.11845,0.11873,0.11845,0.11868,1522074.0
1667792280000,0.11868,0.11868,0.1184,0.11853,718330.0
1667792340000,0.11852,0.11858,0.11841,0.11854,598022.0
1667792400000,0.11854,0.11854,0.11813,0.11817,1431838.0
1667792460000,0.11817,0.11827,0.118,0.11811,737995.0
1667792520000,0.11815,0.1184,0.11811,0.11839,500205.0
1667792580000,0.11839,0.11839,0.11825,0.11838,714845.0
1667792640000,0.11839,0.11839,0.11815,0.11832,534213.0
1667792700000,0.11828,0.1184,0.11816,0.11817,345553.0
1667792760000,0.11818,0.1182,0.11803,0.11814,908603.0
1667792820000,0.11814,0.11827,0.11809,0.11818,363908.0
1667792880000,0.11818,0.11831,0.11818,0.11831,510028.0
1667792940000,0.11833,0.11842,0.11823,0.11827,521738.0
1667793000000,0.11824,0.11828,0.11813,0.11821,334632.0
1667793060000,0.11822,0.11832,0.11813,0.11816,517972.0
1667793120000,0.11816,0.11827,0.11816,0.11826,466569.0
1667793180000,0.11825,0.1185,0.11825,0.11835,1388795.0
1667793240000,0.11833,0.11844,0.11827,0.1184,417278.0
1667793300000,0.11841,0.11849,0.11839,0.11844,509510.0
1667793360000,0.11844,0.11849,0.11822,0.11822,378159.0
1667793420000,0.11822,0.11827,0.11808,0.11815,738476.0
1667793480000,0.11815,0.11838,0.11809,0.11823,583549.0
1667793540000,0.11823,0.11834,0.11823,0.11831,137514.0
1667793600000,0.1183,0.1183,0.118,0.11806,503116.0
1667793660000,0.11805,0.1182,0.11795,0.11795,704650.0
1667793720000,0.11795,0.11798,0.1178,0.11784,807565.0
1667793780000,0.11785,0.11798,0.11778,0.11784,428583.0
1667793840000,0.11784,0.11794,0.11783,0.11792,287167.0
1667793900000,0.11792,0.11792,0.11757,0.11766,540754.0
1667793960000,0.11766,0.11774,0.11761,0.11771,478425.0
1667794020000,0.11771,0.11786,0.1176,0.11777,1274830.0
1667794080000,0.11778,0.11778,0.11765,0.11771,205811.0
1667794140000,0.11771,0.11776,0.11749,0.11749,435378.0
1667794200000,0.11749,0.11773,0.11749,0.11772,533655.0
1667794260000,0.11773,0.11784,0.11772,0.11775,236315.0
1667794320000,0.11776,0.11778,0.11764,0.11773,407134.0
1667794380000,0.11773,0.11776,0.11767,0.11767,403892.0
1667794440000,0.11766,0.11768,0.11733,0.1175,2039784.0
1667794500000,0.11748,0.11774,0.11747,0.11769,1457256.0
1667794560000,0.11771,0.11778,0.11766,0.11769,386505.0
1667794620000,0.1177,0.11776,0.11764,0.1177,367509.0
1667794680000,0.1177,0.11776,0.11765,0.11773,480916.0
1667794740000,0.11773,0.11777,0.11763,0.1177,414305.0
1667794800000,0.11768,0.11772,0.1173,0.11734,438873.0
1667794860000,0.11734,0.11734,0.11666,0.11702,4710281.0
1667794920000,0.11702,0.11737,0.11702,0.11728,1154155.0
1667794980000,0.1173,0.11742,0.1173,0.11731,764446.0
1667795040000,0.11731,0.11754,0.11728,0.11742,808349.0
1667795100000,0.11743,0.11749,0.11725,0.11731,420769.0
1667795160000,0.11731,0.11747,0.11723,0.1174,672489.0
1667795220000,0.11741,0.11747,0.11735,0.11743,658250.0
1667795280000,0.11744,0.11752,0.11731,0.1174,470389.0
1667795340000,0.11738,0.11738,0.11723,0.11729,342037.0
1667795400000,0.11732,0.11748,0.11731,0.11734,565734.0
1667795460000,0.11733,0.11736,0.11713,0.11716,493050.0
1667795520000,0.11718,0.11745,0.11711,0.11745,701259.0
1667795580000,0.11746,0.11759,0.11735,0.11736,803363.0
1667795640000,0.11736,0.11748,0.11736,0.11739,384012.0
1667795700000,0.11737,0.11742,0.11721,0.11722,586865.0
1667795760000,0.11725,0.11748,0.11725,0.11746,994397.0
1667795820000,0.11746,0.1176,0.11741,0.11742,1071349.0
1667795880000,0.11742,0.11751,0.11735,0.11748,576198.0
1667795940000,0.11748,0.1176,0.11739,0.11744,580778.0
1667796000000,0.11741,0.11753,0.11734,0.1175,236165.0
1667796060000,0.1175,0.11756,0.11745,0.11749,393463.0
1667796120000,0.11749,0.11753,0.1174,0.11749,698922.0
1667796180000,0.11748,0.11781,0.11748,0.11775,854831.0
1667796240000,0.11775,0.11775,0.1176,0.11767,403952.0
1667796300000,0.11766,0.11766,0.11746,0.11749,310299.0
1667796360000,0.11748,0.11753,0.11733,0.1174,860472.0
1667796420000,0.11739,0.11759,0.11738,0.11751,797393.0
1667796480000,0.1175,0.1176,0.11746,0.11752,695378.0
1667796540000,0.11752,0.11752,0.11731,0.11736,530075.0
1667796600000,0.11736,0.11759,0.11736,0.11752,820243.0
1667796660000,0.11752,0.11763,0.11746,0.1176,657349.0
1667796720000,0.11761,0.11766,0.11755,0.11757,135155.0
1667796780000,0.11757,0.11757,0.11736,0.11747,180836.0
1667796840000,0.11748,0.11749,0.1174,0.11749,346596.0
1667796900000,0.11749,0.11766,0.11749,0.11759,432290.0
1667796960000,0.11759,0.11761,0.11747,0.11749,329923.0
1667797020000,0.11748,0.11777,0.11746,0.11776,304377.0
1667797080000,0.11775,0.11796,0.11773,0.11792,529607.0
1667797140000,0.11789,0.11794,0.11776,0.11782,677642.0
1667797200000,0.1178,0.11781,0.11768,0.11775,246917.0
1667797260000,0.11773,0.118,0.11773,0.11799,847195.0
1667797320000,0.11799,0.11809,0.11785,0.1179,545528.0
1667797380000,0.1179,0.11814,0.11787,0.11802,1199359.0
1667797440000,0.11801,0.11821,0.11799,0.1182,338342.0
1667797500000,0.11821,0.11822,0.11789,0.11803,1188520.0
1667797560000,0.11806,0.1182,0.11798,0.11817,363038.0
1667797620000,0.11814,0.11814,0.11788,0.11788,339118.0
1667797680000,0.11788,0.11809,0.11788,0.11798,327432.0
1667797740000,0.11797,0.118,0.11783,0.11786,289922.0
1667797800000,0.11787,0.11807,0.11787,0.11795,294800.0
1667797860000,0.11795,0.11803,0.11795,0.11799,149402.0
1667797920000,0.11798,0.118,0.11773,0.11773,577903.0
1667797980000,0.11772,0.11781,0.11763,0.11763,451610.0
1667798040000,0.11763,0.1178,0.1175,0.11776,890002.0
1667798100000,0.11773,0.11785,0.11758,0.11758,372262.0
1667798160000,0.1176,0.11769,0.1175,0.1175,348233.0
1667798220000,0.1175,0.11762,0.1174,0.11753,708243.0
1667798280000,0.11752,0.11762,0.11751,0.11762,1090298.0
1667798340000,0.11761,0.11767,0.11756,0.11756,430007.0
1667798400000,0.11756,0.11759,0.11739,0.1174,469456.0
1667798460000,0.11739,0.11751,0.11724,0.11745,420854.0
1667798520000,0.11745,0.11751,0.11725,0.11729,878500.0
1667798580000,0.11729,0.11743,0.11721,0.11726,1424058.0
1667798640000,0.11726,0.11751,0.11726,0.11741,1194039.0
1667798700000,0.11741,0.11745,0.11727,0.11735,863010.0
1667798760000,0.11735,0.1174,0.11731,0.11734,330078.0
1667798820000,0.11735,0.1174,0.11733,0.11737,671411.0
1667798880000,0.11738,0.11751,0.11737,0.11745,2199730.0
1667798940000,0.11744,0.1175,0.11734,0.11747,514495.0
1667799000000,0.11747,0.11777,0.11747,0.1177,2076773.0
1667799060000,0.1177,0.11816,0.1177,0.11806,1616397.0
1667799120000,0.11804,0.11836,0.11802,0.11835,2403278.0
1667799180000,0.11836,0.11886,0.1183,0.11867,3955310.0
1667799240000,0.11867,0.11908,0.11867,0.11901,3050287.0
1667799300000,0.11901,0.11902,0.11864,0.1187,1493503.0
1667799360000,0.11868,0.11871,0.11833,0.11852,2101848.0
1667799420000,0.11854,0.11877,0.1185,0.11862,896507.0
1667799480000,0.11861,0.11875,0.11833,0.11839,1574687.0
1667799540000,0.11838,0.11857,0.11833,0.11847,500617.0
1667799600000,0.11845,0.11851,0.11817,0.11821,1297881.0
1667799660000,0.11822,0.11836,0.11812,0.11818,1090289.0
1667799720000,0.11818,0.11821,0.11804,0.11818,326295.0
1667799780000,0.11817,0.11817,0.11805,0.11812,255567.0
1667799840000,0.11812,0.11836,0.11808,0.11808,746532.0
1667799900000,0.11808,0.11808,0.11746,0.11752,4308265.0
1667799960000,0.11753,0.11777,0.11744,0.1177,1113720.0
1667800020000,0.1177,0.11781,0.11756,0.11756,475748.0
1667800080000,0.11755,0.11755,0.11741,0.11752,776838.0
1667800140000,0.11751,0.11763,0.11751,0.1176,1032732.0
1667800200000,0.1176,0.1177,0.11744,0.11746,653396.0
1667800260000,0.11746,0.11766,0.11746,0.11766,713331.0
1667800320000,0.11763,0.1178,0.11761,0.11768,502757.0
1667800380000,0.11768,0.11769,0.11741,0.11744,971095.0
1667800440000,0.11744,0.11749,0.1174,0.11745,790901.0
1667800500000,0.11744,0.11765,0.11744,0.11758,315289.0
1667800560000,0.11757,0.1176,0.11738,0.11741,898257.0
1667800620000,0.11741,0.11744,0.11732,0.11734,532100.0
1667800680000,0.11736,0.11755,0.11736,0.11745,516367.0
1667800740000,0.11742,0.11742,0.11729,0.11736,1534438.0
1667800800000,0.11736,0.11745,0.1173,0.11744,782267.0
1667800860000,0.11744,0.11751,0.11722,0.11724,2224211.0
1667800920000,0.11723,0.1175,0.11722,0.11746,937371.0
1667800980000,0.11745,0.11756,0.11725,0.1173,833214.0
1667801040000,0.11731,0.11743,0.11728,0.1174,1229094.0
1667801100000,0.1174,0.1175,0.11727,0.11727,380918.0
1667801160000,0.11726,0.11732,0.11704,0.11715,3197430.0
1667801220000,0.11715,0.11738,0.11715,0.11733,1082966.0
1667801280000,0.11732,0.11738,0.11725,0.11737,764629.0
1667801340000,0.11738,0.1176,0.11737,0.1175,1101115.0
1667801400000,0.11753,0.11756,0.11731,0.11731,747673.0
1667801460000,0.11731,0.11736,0.11672,0.11676,2568651.0
1667801520000,0.11674,0.11709,0.1167,0.1169,1215221.0
1667801580000,0.11691,0.11709,0.1169,0.11706,325394.0
1667801640000,0.11707,0.1172,0.11697,0.11699,815693.0
1667801700000,0.11698,0.11704,0.11686,0.11691,927755.0
1667801760000,0.11692,0.11692,0.11679,0.11681,601266.0
1667801820000,0.11681,0.11694,0.11657,0.11685,2926008.0
1667801880000,0.11685,0.11738,0.11685,0.11715,2279135.0
1667801940000,0.11711,0.11743,0.11708,0.11739,1599993.0
1667802000000,0.11738,0.11738,0.11716,0.11726,961216.0
1667802060000,0.11726,0.11747,0.11712,0.11744,651857.0
1667802120000,0.11745,0.1175,0.11732,0.11747,577959.0
1667802180000,0.11749,0.11765,0.11748,0.11753,1084513.0
1667802240000,0.11753,0.11763,0.11731,0.11731,703522.0
1667802300000,0.11731,0.11731,0.11713,0.11714,411503.0
1667802360000,0.11714,0.11718,0.11708,0.11711,312085.0
1667802420000,0.11708,0.1171,0.11687,0.11692,2071029.0
1667802480000,0.11694,0.11718,0.11693,0.11718,846510.0
1667802540000,0.11717,0.11728,0.11699,0.11699,955415.0
1667802600000,0.117,0.11705,0.11681,0.11705,637148.0
1667802660000,0.11707,0.11724,0.11705,0.11717,274393.0
1667802720000,0.11717,0.11728,0.11713,0.11716,266979.0
1667802780000,0.11716,0.11716,0.117,0.11707,499789.0
1667802840000,0.11706,0.11738,0.117,0.11722,957626.0
1667802900000,0.11723,0.11737,0.11721,0.11737,538317.0
1667802960000,0.11735,0.11738,0.11724,0.11738,494230.0
1667803020000,0.11737,0.1175,0.11737,0.1175,758044.0
1667803080000,0.11749,0.11751,0.11738,0.11743,429755.0
1667803140000,0.11742,0.11747,0.11731,0.11741,534048.0
1667803200000,0.1174,0.1174,0.11728,0.1174,363584.0
1667803260000,0.11739,0.11744,0.11735,0.11735,143489.0
1667803320000,0.11735,0.11742,0.11718,0.11724,246022.0
1667803380000,0.11724,0.11734,0.11718,0.11723,393743.0
1667803440000,0.11722,0.11744,0.11714,0.11736,347551.0
1667803500000,0.11737,0.11742,0.11721,0.11721,281024.0
1667803560000,0.11721,0.11721,0.117,0.11703,290507.0
1667803620000,0.11704,0.11731,0.117,0.11723,488024.0
1667803680000,0.11723,0.11731,0.11719,0.11726,344196.0
1667803740000,0.11726,0.11733,0.11701,0.11712,372734.0
1667803800000,0.11711,0.11728,0.11704,0.11725,787379.0
1667803860000,0.11726,0.11731,0.11713,0.11713,461881.0
1667803920000,0.11711,0.11723,0.11704,0.11714,667016.0
1667803980000,0.11714,0.11719,0.11704,0.1171,521967.0
1667804040000,0.11709,0.11719,0.11705,0.11716,518224.0
1667804100000,0.11717,0.11717,0.11704,0.11707,667741.0
1667804160000,0.11706,0.11706,0.11693,0.11697,626950.0
1667804220000,0.11697,0.11722,0.11689,0.11689,907299.0
1667804280000,0.11689,0.11694,0.11666,0.11676,1513053.0
1667804340000,0.11676,0.11699,0.11667,0.11694,1204842.0
1667804400000,0.11695,0.11696,0.1167,0.11695,798272.0
1667804460000,0.11695,0.11697,0.11623,0.11647,4180046.0
1667804520000,0.11644,0.11652,0.11623,0.11638,1963589.0
1667804580000,0.11639,0.11645,0.11582,0.116,2232443.0
1667804640000,0.11597,0.1164,0.11597,0.1163,1421487.0
1667804700000,0.1163,0.11647,0.11611,0.1162,2911814.0
1667804760000,0.11621,0.1164,0.11597,0.11597,1710572.0
1667804820000,0.11597,0.11615,0.11564,0.11565,3168572.0
1667804880000,0.11565,0.11595,0.11545,0.1155,4003571.0
1667804940000,0.1155,0.11596,0.11542,0.11596,2857791.0
1667805000000,0.11596,0.11622,0.11589,0.11621,1516807.0
1667805060000,0.11621,0.11635,0.11597,0.11597,884640.0
1667805120000,0.11599,0.11614,0.11597,0.11602,1007819.0
1667805180000,0.11602,0.11627,0.116,0.11603,659029.0
1667805240000,0.11603,0.11611,0.11593,0.11595,280177.0
1667805300000,0.11596,0.11628,0.11596,0.1161,513922.0
1667805360000,0.11608,0.11633,0.11608,0.11624,588005.0
1667805420000,0.11625,0.11631,0.1161,0.11611,604096.0
1667805480000,0.11611,0.11611,0.11599,0.11609,848061.0
1667805540000,0.11609,0.11609,0.1156,0.11569,1836109.0
1667805600000,0.11568,0.11621,0.11567,0.11619,1300581.0
1667805660000,0.11619,0.1162,0.11602,0.1161,1025416.0
1667805720000,0.11608,0.1162,0.11598,0.116,727739.0
1667805780000,0.116,0.1161,0.11586,0.11608,1115655.0
1667805840000,0.11607,0.1161,0.11568,0.11579,1062434.0
1667805900000,0.1158,0.11624,0.11579,0.11622,1098801.0
1667805960000,0.11622,0.11632,0.11613,0.1162,851498.0
1667806020000,0.11619,0.11641,0.11615,0.11638,526616.0
1667806080000,0.11637,0.11638,0.11618,0.11629,968064.0
1667806140000,0.11629,0.11637,0.11619,0.11619,520245.0
1667806200000,0.11616,0.11631,0.11608,0.11628,466729.0
1667806260000,0.11628,0.11658,0.11628,0.11643,1828189.0
1667806320000,0.11644,0.11655,0.11641,0.11647,528774.0
1667806380000,0.11646,0.11646,0.11621,0.11621,429137.0
1667806440000,0.1162,0.11624,0.11607,0.11613,537735.0
1667806500000,0.11613,0.11636,0.11604,0.11627,2032675.0
1667806560000,0.11626,0.11629,0.11611,0.11612,385380.0
1667806620000,0.11611,0.11611,0.1159,0.11593,960961.0
1667806680000,0.11594,0.11596,0.11557,0.11559,1527016.0
1667806740000,0.11558,0.11564,0.11529,0.11547,3634678.0
1667806800000,0.11547,0.11565,0.11509,0.11555,2070736.0
1667806860000,0.11553,0.1156,0.11527,0.11527,1154057.0
1667806920000,0.11526,0.11526,0.11467,0.11506,3315335.0
1667806980000,0.11505,0.11516,0.11489,0.11504,2836657.0
1667807040000,0.11504,0.11507,0.1146,0.11466,2093200.0
1667807100000,0.11466,0.11507,0.11462,0.11504,2985687.0
1667807160000,0.11505,0.11511,0.11459,0.11487,2910262.0
1667807220000,0.11488,0.11495,0.11469,0.11477,1555155.0
1667807280000,0.11475,0.11485,0.1145,0.1148,5355715.0
1667807340000,0.1148,0.11489,0.11464,0.11464,1503987.0
1667807400000,0.11466,0.11468,0.114,0.11404,3274418.0
1667807460000,0.11405,0.11434,0.11378,0.11395,4658339.0
1667807520000,0.11393,0.11397,0.1125,0.11297,12189787.0
1667807580000,0.113,0.11343,0.11297,0.11317,4442258.0
1667807640000,0.11319,0.11367,0.11293,0.11367,7277275.0
1667807700000,0.11366,0.11372,0.11301,0.11304,3050476.0
1667807760000,0.11304,0.11336,0.11298,0.11331,1888955.0
1667807820000,0.11331,0.11358,0.11319,0.11323,2494628.0
1667807880000,0.11321,0.11342,0.1131,0.11339,1528587.0
1667807940000,0.11338,0.11357,0.11319,0.11329,2223454.0
1667808000000,0.11329,0.11329,0.11119,0.11274,42769350.0
1667808060000,0.11274,0.1131,0.11272,0.11302,5651704.0
1667808120000,0.11302,0.11349,0.11302,0.11348,4721001.0
1667808180000,0.11345,0.11372,0.11345,0.1137,2890499.0
1667808240000,0.11366,0.1142,0.11362,0.11404,4256016.0
1667808300000,0.11404,0.11424,0.11387,0.11388,5173389.0
1667808360000,0.1139,0.11398,0.11374,0.11395,2432498.0
1667808420000,0.11398,0.11416,0.11397,0.11413,2000397.0
1667808480000,0.11413,0.11419,0.114,0.11408,1040165.0
1667808540000,0.11408,0.11426,0.11402,0.11424,1096320.0
1667808600000,0.11424,0.11471,0.11415,0.11441,4885166.0
1667808660000,0.1144,0.11465,0.11439,0.11448,1509875.0
1667808720000,0.11448,0.11448,0.11434,0.11442,1336474.0
1667808780000,0.11442,0.11488,0.11425,0.11468,5973856.0
1667808840000,0.11468,0.11485,0.11463,0.11464,1089345.0
1667808900000,0.11464,0.11489,0.11461,0.11485,941260.0
1667808960000,0.11485,0.11509,0.11479,0.11503,1052013.0
1667809020000,0.11504,0.11508,0.1148,0.11495,1230497.0
1667809080000,0.11496,0.115,0.11477,0.11492,1326443.0
1667809140000,0.11495,0.11498,0.11475,0.11478,1052628.0
1667809200000,0.11478,0.11488,0.1144,0.11446,1836481.0
1667809260000,0.11446,0.11452,0.11423,0.11431,1178920.0
1667809320000,0.11432,0.11455,0.11429,0.11449,893212.0
1667809380000,0.11448,0.11449,0.11425,0.11434,836251.0
1667809440000,0.11434,0.11434,0.114,0.11409,2053538.0
1667809500000,0.11409,0.11437,0.11387,0.11426,1696599.0
1667809560000,0.11424,0.11442,0.11416,0.11439,707209.0
1667809620000,0.11436,0.1145,0.11435,0.11445,1538964.0
1667809680000,0.11444,0.11444,0.1142,0.11421,1139368.0
1667809740000,0.11422,0.11444,0.11413,0.1144,849411.0
1667809800000,0.11439,0.11466,0.11436,0.11459,1173605.0
1667809860000,0.11459,0.11464,0.11446,0.11452,1084043.0
1667809920000,0.1145,0.11505,0.11447,0.11498,2394573.0
1667809980000,0.11497,0.11513,0.11473,0.11477,1031046.0
1667810040000,0.11475,0.11505,0.1146,0.11491,2035014.0
1667810100000,0.11489,0.11504,0.11472,0.11496,1220098.0
1667810160000,0.11495,0.11526,0.11493,0.11522,1273082.0
1667810220000,0.11523,0.11525,0.11502,0.11516,1140571.0
1667810280000,0.11515,0.11532,0.11504,0.11519,1145771.0
1667810340000,0.11518,0.11518,0.11499,0.11499,769997.0
1667810400000,0.11499,0.11525,0.11498,0.11518,1628879.0
1667810460000,0.11519,0.11541,0.11501,0.11505,1729854.0
1667810520000,0.11504,0.11513,0.11495,0.11504,1149874.0
1667810580000,0.11502,0.11512,0.11497,0.11504,914620.0
1667810640000,0.11504,0.11515,0.11496,0.11513,546769.0
1667810700000,0.11511,0.11528,0.11503,0.11528,594213.0
1667810760000,0.11527,0.11528,0.11508,0.11524,851411.0
1667810820000,0.11523,0.11525,0.11511,0.11525,494630.0
1667810880000,0.11525,0.11534,0.11512,0.11515,946758.0
1667810940000,0.11513,0.11534,0.11513,0.11531,857643.0
1667811000000,0.11531,0.11534,0.1149,0.115,1246993.0
1667811060000,0.11501,0.11512,0.11495,0.11499,1413962.0
1667811120000,0.115,0.11503,0.11487,0.11493,963035.0
1667811180000,0.11493,0.11503,0.11486,0.11488,1855763.0
1667811240000,0.11491,0.11528,0.11491,0.11523,1085520.0
1667811300000,0.11525,0.1153,0.11515,0.11529,677028.0
1667811360000,0.1153,0.11543,0.11516,0.11536,1159737.0
1667811420000,0.11535,0.1155,0.1152,0.11547,2016810.0
1667811480000,0.11548,0.11563,0.11526,0.11531,2526041.0
1667811540000,0.11532,0.11536,0.11516,0.11526,484174.0
1667811600000,0.11526,0.11539,0.11502,0.1151,636868.0
1667811660000,0.11512,0.11546,0.11511,0.11539,1275820.0
1667811720000,0.11538,0.11545,0.11532,0.11535,721269.0
1667811780000,0.11536,0.1155,0.11534,0.11549,609173.0
1667811840000,0.11548,0.11559,0.11541,0.11554,1242950.0
1667811900000,0.11553,0.11553,0.11531,0.11537,434176.0
1667811960000,0.11537,0.11538,0.11529,0.11534,313422.0
1667812020000,0.11534,0.1155,0.11528,0.11548,548509.0
1667812080000,0.11547,0.11549,0.11532,0.11545,570063.0
1667812140000,0.11545,0.11549,0.11536,0.11549,284881.0
1667812200000,0.11547,0.11558,0.11543,0.11558,518444.0
1667812260000,0.11559,0.1156,0.11546,0.11552,489299.0
1667812320000,0.11552,0.11553,0.11518,0.11526,1756083.0
1667812380000,0.11526,0.11526,0.115,0.11504,602466.0
1667812440000,0.11503,0.1152,0.11492,0.11519,363614.0
1667812500000,0.11518,0.1152,0.1149,0.11491,279208.0
1667812560000,0.11492,0.11507,0.11481,0.11505,633314.0
1667812620000,0.11505,0.11518,0.11498,0.11517,697450.0
1667812680000,0.11518,0.1152,0.11505,0.11505,303484.0
1667812740000,0.11506,0.11514,0.11504,0.11507,200230.0
1667812800000,0.11507,0.11514,0.11499,0.11499,549850.0
1667812860000,0.11499,0.1151,0.1149,0.11494,1052018.0
1667812920000,0.11494,0.11498,0.11481,0.11498,839187.0
1667812980000,0.11498,0.11504,0.11493,0.11503,175343.0
1667813040000,0.11503,0.11524,0.115,0.11501,2780680.0
1667813100000,0.115,0.11518,0.11487,0.11498,647749.0
1667813160000,0.115,0.11504,0.11486,0.11491,510569.0
1667813220000,0.11491,0.115,0.11479,0.11495,773377.0
1667813280000,0.11495,0.11536,0.11492,0.11536,481474.0
1667813340000,0.11536,0.11541,0.11526,0.11536,476208.0
1667813400000,0.11532,0.11532,0.11507,0.11516,444857.0
1667813460000,0.11516,0.11529,0.11501,0.11526,273403.0
1667813520000,0.11524,0.11524,0.11501,0.11509,239664.0
1667813580000,0.11509,0.1152,0.115,0.1152,724644.0
1667813640000,0.11519,0.11519,0.115,0.11505,337290.0
1667813700000,0.11506,0.11516,0.11505,0.11506,358127.0
1667813760000,0.11507,0.11508,0.1149,0.11505,623183.0
1667813820000,0.11505,0.11505,0.11475,0.11478,1852899.0
1667813880000,0.11475,0.11492,0.11472,0.11491,849010.0
1667813940000,0.11491,0.11491,0.11465,0.11477,531721.0
1667814000000,0.11477,0.11483,0.11473,0.11476,262678.0
1667814060000,0.11477,0.11479,0.11466,0.1147,411714.0
1667814120000,0.11471,0.11477,0.11454,0.11474,696851.0
1667814180000,0.11474,0.11491,0.11473,0.11487,552061.0
1667814240000,0.11484,0.115,0.11478,0.11499,646922.0
1667814300000,0.11499,0.11499,0.11491,0.11492,993055.0
1667814360000,0.11492,0.11497,0.11491,0.11493,572147.0
1667814420000,0.11492,0.11494,0.11461,0.11466,2216838.0
1667814480000,0.11466,0.1148,0.11461,0.11463,679739.0
1667814540000,0.11466,0.11466,0.11432,0.11448,1346909.0
1667814600000,0.11449,0.11464,0.11445,0.11464,1276430.0
1667814660000,0.11463,0.11483,0.11463,0.11481,401382.0
1667814720000,0.11482,0.11484,0.11469,0.11472,333386.0
1667814780000,0.11471,0.11472,0.11453,0.11463,401668.0
1667814840000,0.11463,0.11468,0.11453,0.1146,279396.0
1667814900000,0.11461,0.11465,0.11451,0.11451,339365.0
1667814960000,0.11452,0.11454,0.11433,0.11438,673664.0
1667815020000,0.11442,0.11458,0.11438,0.11447,1180699.0
1667815080000,0.11448,0.11453,0.11445,0.1145,419956.0
1667815140000,0.11449,0.11456,0.11442,0.11447,514763.0
1667815200000,0.11447,0.11465,0.11438,0.11462,585748.0
1667815260000,0.11461,0.1148,0.11461,0.11472,608569.0
1667815320000,0.11472,0.11482,0.11466,0.11478,472675.0
1667815380000,0.11478,0.11525,0.11478,0.11516,2380684.0
1667815440000,0.11515,0.11536,0.11514,0.11536,784784.0
1667815500000,0.11536,0.11558,0.11535,0.11554,1223513.0
1667815560000,0.11552,0.11584,0.11549,0.11574,2365999.0
1667815620000,0.11575,0.11642,0.11574,0.11627,4152279.0
1667815680000,0.11627,0.11684,0.11627,0.11668,3376892.0
1667815740000,0.11667,0.11672,0.11614,0.11636,3369719.0
1667815800000,0.11637,0.11638,0.11607,0.11621,1138863.0
1667815860000,0.11624,0.11648,0.11624,0.11641,1308285.0
1667815920000,0.11641,0.11698,0.11641,0.11682,1752268.0
1667815980000,0.11681,0.11759,0.11681,0.1175,5020501.0
1667816040000,0.11749,0.11753,0.11694,0.11723,1902508.0
1667816100000,0.11721,0.11733,0.11688,0.11692,1554696.0
1667816160000,0.11694,0.11699,0.11665,0.11695,1162842.0
1667816220000,0.11695,0.11741,0.11695,0.11741,1555195.0
1667816280000,0.11742,0.11748,0.11705,0.11739,1713823.0
1667816340000,0.11739,0.11739,0.11711,0.11713,865113.0
1667816400000,0.11711,0.11731,0.11678,0.1168,2562444.0
1667816460000,0.11682,0.11685,0.1165,0.11667,1546312.0
1667816520000,0.1167,0.11684,0.11648,0.11652,753269.0
1667816580000,0.11653,0.1167,0.11645,0.11667,1595978.0
1667816640000,0.11666,0.11675,0.11639,0.1164,702368.0
1667816700000,0.1164,0.11645,0.1162,0.11634,718749.0
1667816760000,0.11632,0.11647,0.11619,0.11641,2095310.0
1667816820000,0.1164,0.11664,0.11635,0.11661,559902.0
1667816880000,0.1166,0.11663,0.11649,0.11651,340938.0
1667816940000,0.11651,0.11654,0.11644,0.11647,279431.0
1667817000000,0.11645,0.11658,0.11626,0.11657,1023177.0
1667817060000,0.11656,0.11678,0.11651,0.11675,801471.0
1667817120000,0.11674,0.11674,0.11661,0.11665,176074.0
1667817180000,0.11664,0.1169,0.1165,0.11688,1006771.0
1667817240000,0.11688,0.1169,0.11675,0.11684,474853.0
1667817300000,0.11677,0.11677,0.11643,0.11647,622714.0
1667817360000,0.11653,0.11665,0.11642,0.11664,279927.0
1667817420000,0.11662,0.11668,0.11644,0.11647,271288.0
1667817480000,0.11646,0.11649,0.1162,0.11636,612495.0
1667817540000,0.11635,0.11635,0.11606,0.11621,657720.0
1667817600000,0.11623,0.11647,0.11623,0.11646,849133.0
1667817660000,0.11647,0.11648,0.11614,0.11617,614431.0
1667817720000,0.11616,0.11629,0.11615,0.11628,455247.0
1667817780000,0.11624,0.11647,0.11621,0.11644,296124.0
1667817840000,0.11645,0.11645,0.1162,0.11629,262694.0
1667817900000,0.11628,0.11628,0.11606,0.11615,740335.0
1667817960000,0.11616,0.11618,0.11604,0.1161,520707.0
1667818020000,0.1161,0.11635,0.1161,0.11615,1008358.0
1667818080000,0.11615,0.11626,0.11608,0.11619,1363716.0
1667818140000,0.11618,0.11623,0.11606,0.11616,737280.0
1667818200000,0.11616,0.11635,0.11591,0.11599,11735119.0
1667818260000,0.11601,0.11604,0.11581,0.11591,4032545.0
1667818320000,0.11588,0.116,0.11576,0.11588,1406671.0
1667818380000,0.1159,0.11612,0.11587,0.11601,701429.0
1667818440000,0.116,0.11624,0.11595,0.116,533711.0
1667818500000,0.11599,0.1161,0.11592,0.11601,981438.0
1667818560000,0.116,0.11623,0.11597,0.11616,632948.0
1667818620000,0.11615,0.11631,0.11615,0.11625,496022.0
1667818680000,0.11626,0.11638,0.11619,0.1162,452076.0
1667818740000,0.11619,0.11639,0.11614,0.11636,423645.0
1667818800000,0.11636,0.11641,0.11631,0.11639,164073.0
1667818860000,0.11639,0.1164,0.11624,0.11625,291773.0
1667818920000,0.11625,0.1164,0.1161,0.11633,917082.0
1667818980000,0.1163,0.11648,0.11624,0.11642,799884.0
1667819040000,0.11642,0.11667,0.11642,0.11651,1610858.0
1667819100000,0.11648,0.11674,0.11642,0.11673,390521.0
1667819160000,0.11672,0.11672,0.11645,0.11649,406559.0
1667819220000,0.11648,0.11648,0.11636,0.11638,389225.0
1667819280000,0.11639,0.11651,0.11637,0.11651,340108.0
1667819340000,0.11651,0.11651,0.11627,0.11646,222366.0
1667819400000,0.11645,0.11655,0.11638,0.1165,248584.0
1667819460000,0.1165,0.1165,0.1163,0.11636,226673.0
1667819520000,0.11638,0.11639,0.11631,0.11637,176491.0
1667819580000,0.11636,0.11636,0.11617,0.11624,476327.0
1667819640000,0.11626,0.11643,0.11626,0.11643,506018.0
1667819700000,0.11643,0.11646,0.11632,0.11635,419609.0
1667819760000,0.11637,0.11639,0.1162,0.11627,344657.0
1667819820000,0.1163,0.11641,0.11628,0.11637,215182.0
1667819880000,0.11637,0.1165,0.11633,0.1164,449017.0
1667819940000,0.1164,0.1165,0.11638,0.11645,107051.0
1667820000000,0.11644,0.11644,0.11626,0.11629,348850.0
1667820060000,0.11628,0.11636,0.11623,0.11623,310867.0
1667820120000,0.11622,0.11626,0.11608,0.11624,1321330.0
1667820180000,0.11624,0.11639,0.11616,0.11638,452327.0
1667820240000,0.11639,0.11644,0.11627,0.1163,253789.0
1667820300000,0.11628,0.11637,0.11625,0.11634,346029.0
1667820360000,0.11635,0.11666,0.11635,0.11664,723115.0
1667820420000,0.11664,0.11686,0.11659,0.11678,898055.0
1667820480000,0.11676,0.11697,0.1167,0.11688,2261157.0
1667820540000,0.11684,0.11684,0.11661,0.11663,1068287.0
1667820600000,0.1166,0.11686,0.11656,0.1168,346806.0
1667820660000,0.1168,0.11695,0.11677,0.11692,202397.0
1667820720000,0.11692,0.11699,0.11683,0.11685,216503.0
1667820780000,0.11685,0.11693,0.1167,0.11692,434386.0
1667820840000,0.11689,0.11698,0.11683,0.11688,542035.0
1667820900000,0.11689,0.11696,0.11666,0.11672,1090764.0
1667820960000,0.11674,0.11674,0.11664,0.11666,521390.0
1667821020000,0.11668,0.1169,0.11665,0.11668,461705.0
1667821080000,0.1167,0.11672,0.11643,0.11646,730892.0
1667821140000,0.11645,0.1165,0.11638,0.11646,379466.0
1667821200000,0.11644,0.11644,0.11633,0.11633,627961.0
1667821260000,0.11633,0.11642,0.11628,0.11639,445537.0
1667821320000,0.11642,0.11643,0.11626,0.1163,311801.0
1667821380000,0.1163,0.11636,0.11621,0.11632,311979.0
1667821440000,0.11631,0.11651,0.11631,0.11639,444995.0
1667821500000,0.11639,0.11648,0.11622,0.11623,612705.0
1667821560000,0.11622,0.11626,0.1161,0.11617,376240.0
1667821620000,0.11617,0.11646,0.11615,0.11644,359250.0
1667821680000,0.11645,0.11651,0.11642,0.11644,553097.0
1667821740000,0.11644,0.11662,0.11644,0.11653,528051.0
1667821800000,0.11653,0.11656,0.11647,0.11654,290587.0
1667821860000,0.1165,0.1165,0.11626,0.11631,407722.0
1667821920000,0.11631,0.11633,0.11621,0.11625,187002.0
1667821980000,0.11625,0.11639,0.11625,0.11635,194240.0
1667822040000,0.11636,0.11651,0.11634,0.11635,266264.0
1667822100000,0.11635,0.11655,0.11635,0.11649,248064.0
1667822160000,0.1165,0.1165,0.11635,0.11646,230362.0
1667822220000,0.11646,0.11648,0.11634,0.11645,349929.0
1667822280000,0.11645,0.11658,0.11644,0.11657,279633.0
1667822340000,0.11658,0.11661,0.11647,0.1165,319762.0
1667822400000,0.1165,0.11654,0.11635,0.11654,302093.0
1667822460000,0.11654,0.11661,0.11631,0.11636,970661.0
1667822520000,0.11639,0.1164,0.11602,0.11605,903539.0
1667822580000,0.11605,0.11625,0.116,0.11618,1213561.0
1667822640000,0.11619,0.11669,0.11618,0.11664,2422895.0
1667822700000,0.11664,0.11694,0.11663,0.11692,1545194.0
1667822760000,0.11692,0.11703,0.11665,0.117,2346201.0
1667822820000,0.11701,0.11734,0.11692,0.11704,2965502.0
1667822880000,0.11706,0.11723,0.11699,0.11714,1140964.0
1667822940000,0.11714,0.11735,0.11714,0.11719,431369.0
1667823000000,0.11716,0.11733,0.11715,0.11729,808473.0
1667823060000,0.11728,0.11732,0.11706,0.11706,1825686.0
1667823120000,0.11705,0.1172,0.11704,0.11713,1252899.0
1667823180000,0.11709,0.11713,0.1169,0.11697,605851.0
1667823240000,0.11697,0.11707,0.11683,0.11692,333143.0
1667823300000,0.11689,0.11729,0.11689,0.11714,595353.0
1667823360000,0.11714,0.11714,0.11685,0.11687,521522.0
1667823420000,0.11685,0.11692,0.11672,0.11687,1516501.0
1667823480000,0.11687,0.11705,0.1168,0.11703,664709.0
1667823540000,0.117,0.117,0.11672,0.11674,423964.0
1667823600000,0.11673,0.11678,0.11664,0.11666,1270986.0
1667823660000,0.11668,0.11687,0.11663,0.11665,481610.0
1667823720000,0.11665,0.11665,0.1164,0.11645,678686.0
1667823780000,0.11642,0.11647,0.11627,0.11641,738148.0
1667823840000,0.11641,0.11661,0.11639,0.11649,408484.0
1667823900000,0.11653,0.11667,0.11652,0.11652,341805.0
1667823960000,0.1165,0.1165,0.11625,0.1164,624416.0
1667824020000,0.11639,0.11666,0.11633,0.11663,398753.0
1667824080000,0.11662,0.11663,0.11648,0.11649,294898.0
1667824140000,0.11648,0.1165,0.11631,0.1164,587153.0
1667824200000,0.11639,0.1167,0.11631,0.11649,734072.0
1667824260000,0.11649,0.11653,0.11638,0.11638,246978.0
1667824320000,0.11637,0.1164,0.11612,0.11624,902787.0
1667824380000,0.11625,0.11632,0.11612,0.1163,297035.0
1667824440000,0.1163,0.11643,0.11628,0.11642,459293.0
1667824500000,0.11642,0.11642,0.11623,0.11624,430595.0
1667824560000,0.11624,0.11643,0.1162,0.11634,604828.0
1667824620000,0.11633,0.11652,0.11632,0.11649,442194.0
1667824680000,0.1165,0.1165,0.11643,0.11644,61595.0
1667824740000,0.11645,0.11647,0.11629,0.11639,491609.0
1667824800000,0.11639,0.11661,0.11635,0.11637,685821.0
1667824860000,0.1164,0.11661,0.11637,0.11652,1357653.0
1667824920000,0.11654,0.11663,0.1164,0.1164,672343.0
1667824980000,0.11639,0.1164,0.11621,0.11623,660872.0
1667825040000,0.11627,0.11663,0.11627,0.11651,1012587.0
1667825100000,0.11657,0.11657,0.1163,0.11637,342841.0
1667825160000,0.11636,0.11653,0.11633,0.11653,470120.0
1667825220000,0.11651,0.11669,0.11651,0.11669,537749.0
1667825280000,0.1167,0.11676,0.11646,0.11647,642728.0
1667825340000,0.11646,0.11657,0.11631,0.11647,840150.0
1667825400000,0.11647,0.11654,0.11641,0.11648,880325.0
1667825460000,0.11648,0.11648,0.11605,0.11615,1572716.0
1667825520000,0.11617,0.11624,0.11607,0.11612,568518.0
1667825580000,0.11613,0.11633,0.11609,0.11625,428757.0
1667825640000,0.11623,0.11629,0.11614,0.11622,213005.0
1667825700000,0.11622,0.11633,0.1161,0.11626,294558.0
1667825760000,0.11626,0.11633,0.11621,0.11631,381657.0
1667825820000,0.11632,0.11643,0.11632,0.11641,354991.0
1667825880000,0.11641,0.11716,0.11637,0.11714,2644940.0
1667825940000,0.11714,0.1183,0.11708,0.11795,13224170.0
1667826000000,0.11795,0.11893,0.11791,0.11844,9352587.0
1667826060000,0.11843,0.11848,0.1178,0.11797,5284279.0
1667826120000,0.11796,0.11796,0.117,0.11702,3355991.0
1667826180000,0.11702,0.11818,0.11698,0.1181,4032436.0
1667826240000,0.11809,0.11843,0.11784,0.11832,2066754.0
1667826300000,0.11832,0.11835,0.11795,0.11811,2111659.0
1667826360000,0.11811,0.11815,0.11763,0.11765,1150845.0
1667826420000,0.11764,0.11803,0.11764,0.11791,2149455.0
1667826480000,0.11794,0.11817,0.11777,0.11777,882547.0
1667826540000,0.11779,0.1178,0.11753,0.11757,932952.0
1667826600000,0.11761,0.11798,0.11758,0.11787,1901844.0
1667826660000,0.11788,0.11789,0.11702,0.11742,7473686.0
1667826720000,0.11744,0.11764,0.11731,0.11736,2208442.0
1667826780000,0.11737,0.11758,0.11737,0.1174,711301.0
1667826840000,0.1174,0.11762,0.1174,0.11741,516389.0
1667826900000,0.11743,0.1175,0.11721,0.11733,1203529.0
1667826960000,0.11732,0.11749,0.11721,0.11737,2753322.0
1667827020000,0.11738,0.11763,0.11727,0.11731,2442036.0
1667827080000,0.11732,0.11755,0.1173,0.11743,1261371.0
1667827140000,0.11745,0.11749,0.11709,0.11713,1279143.0
1667827200000,0.11713,0.11716,0.1169,0.11697,965576.0
1667827260000,0.11696,0.11696,0.11625,0.11637,2636355.0
1667827320000,0.11639,0.11658,0.11611,0.11644,1710944.0
1667827380000,0.11647,0.11664,0.11642,0.11651,617232.0
1667827440000,0.11654,0.11662,0.11642,0.11658,1020859.0
1667827500000,0.11657,0.11672,0.11645,0.11647,806611.0
1667827560000,0.11651,0.11651,0.11638,0.11647,406748.0
1667827620000,0.11645,0.11676,0.11643,0.11667,454114.0
1667827680000,0.11666,0.11669,0.11652,0.11669,925315.0
1667827740000,0.11669,0.11669,0.1164,0.11644,339879.0
1667827800000,0.11644,0.11671,0.11643,0.11667,548227.0
1667827860000,0.1167,0.11671,0.11637,0.11648,572648.0
1667827920000,0.11649,0.11661,0.11638,0.11657,325905.0
1667827980000,0.11656,0.11659,0.11643,0.11643,348294.0
1667828040000,0.11642,0.11649,0.11635,0.11635,496707.0
1667828100000,0.11637,0.11645,0.11623,0.1163,1074611.0
1667828160000,0.11627,0.11682,0.11627,0.11678,1065118.0
1667828220000,0.11675,0.11685,0.11657,0.11657,352293.0
1667828280000,0.1166,0.11664,0.11646,0.11659,308822.0
1667828340000,0.1166,0.1166,0.11646,0.11657,471124.0
1667828400000,0.11657,0.11666,0.1164,0.11663,324733.0
1667828460000,0.11661,0.11668,0.11649,0.11649,360329.0
1667828520000,0.11649,0.11653,0.11642,0.11646,218465.0
1667828580000,0.11645,0.11652,0.11641,0.11646,1360499.0
1667828640000,0.11645,0.1165,0.11629,0.11639,726835.0
1667828700000,0.11639,0.11649,0.11634,0.1164,401916.0
1667828760000,0.11641,0.11666,0.11641,0.11653,664766.0
1667828820000,0.11651,0.1166,0.1164,0.11655,1004278.0
1667828880000,0.11656,0.11668,0.11635,0.11636,515731.0
1667828940000,0.11636,0.1164,0.11621,0.11626,595263.0
1667829000000,0.11626,0.11626,0.1161,0.11619,717414.0
1667829060000,0.11622,0.1164,0.11622,0.11636,660086.0
1667829120000,0.11638,0.11661,0.11638,0.11649,612891.0
1667829180000,0.11647,0.11649,0.11622,0.11627,253365.0
1667829240000,0.11627,0.11633,0.11613,0.11614,443846.0
1667829300000,0.11614,0.11622,0.11491,0.11575,23812294.0
1667829360000,0.11575,0.11616,0.11572,0.1161,2837219.0
1667829420000,0.11613,0.11659,0.11606,0.11645,3912763.0
1667829480000,0.11644,0.11649,0.11623,0.11641,2186795.0
1667829540000,0.11642,0.11642,0.11618,0.11618,844653.0
1667829600000,0.11618,0.11642,0.11608,0.11627,672030.0
1667829660000,0.1163,0.1163,0.11604,0.11615,780896.0
1667829720000,0.11616,0.11616,0.11577,0.1158,1536067.0
1667829780000,0.1158,0.116,0.11557,0.11598,3245699.0
1667829840000,0.116,0.11621,0.1157,0.11585,1370202.0
1667829900000,0.11585,0.11586,0.11573,0.1158,1234930.0
1667829960000,0.11577,0.11595,0.11573,0.11578,1708279.0
1667830020000,0.11578,0.11583,0.11541,0.11582,1795942.0
1667830080000,0.11583,0.11587,0.11561,0.1158,932945.0
1667830140000,0.1158,0.11583,0.11564,0.11575,1551411.0
1667830200000,0.11576,0.116,0.11574,0.11584,1360056.0
1667830260000,0.11584,0.1159,0.11582,0.1159,770482.0
1667830320000,0.1159,0.11595,0.11562,0.11575,1496142.0
1667830380000,0.11579,0.11592,0.1157,0.11591,1163343.0
1667830440000,0.1159,0.11598,0.11586,0.11591,774595.0
1667830500000,0.11589,0.11605,0.11585,0.11592,1250883.0
1667830560000,0.11591,0.11611,0.1159,0.11609,437364.0
1667830620000,0.11608,0.11647,0.11608,0.11634,1934596.0
1667830680000,0.11634,0.1165,0.1163,0.11649,1002458.0
1667830740000,0.11648,0.11648,0.11624,0.11641,597365.0
1667830800000,0.11637,0.1165,0.11626,0.11646,1142098.0
1667830860000,0.11643,0.11672,0.11643,0.11655,1207056.0
1667830920000,0.11653,0.11653,0.1163,0.1164,625627.0
1667830980000,0.11638,0.11645,0.11628,0.11637,232240.0
1667831040000,0.11634,0.11642,0.11628,0.1163,126567.0
1667831100000,0.11629,0.11638,0.11622,0.1163,676253.0
1667831160000,0.11631,0.11645,0.11631,0.11643,297643.0
1667831220000,0.11642,0.11642,0.11623,0.11633,471020.0
1667831280000,0.11633,0.1164,0.11623,0.11628,566608.0
1667831340000,0.11625,0.11645,0.11622,0.11638,454663.0
1667831400000,0.11637,0.11682,0.11637,0.11678,1511959.0
1667831460000,0.11677,0.11703,0.11646,0.11655,2852103.0
1667831520000,0.11651,0.11667,0.1163,0.11634,1175530.0
1667831580000,0.11634,0.11634,0.11571,0.11574,2772500.0
1667831640000,0.11574,0.11634,0.11572,0.1161,2039405.0
1667831700000,0.1161,0.11643,0.11573,0.11595,3056184.0
1667831760000,0.11595,0.11595,0.1154,0.1156,2506480.0
1667831820000,0.11559,0.11588,0.11553,0.1158,1322151.0
1667831880000,0.11582,0.11597,0.11569,0.11579,914725.0
1667831940000,0.11579,0.11615,0.11562,0.11611,2516063.0
1667832000000,0.11611,0.11645,0.11607,0.11642,1342081.0
1667832060000,0.11643,0.1166,0.11625,0.1166,1743735.0
1667832120000,0.1166,0.11663,0.11644,0.11645,1137448.0
1667832180000,0.11644,0.11657,0.11624,0.11648,650738.0
1667832240000,0.11647,0.11656,0.11625,0.11635,594831.0
1667832300000,0.11636,0.11642,0.11616,0.11621,498632.0
1667832360000,0.1162,0.11647,0.11617,0.11639,972936.0
1667832420000,0.11637,0.11645,0.11609,0.11611,1293674.0
1667832480000,0.1161,0.11627,0.11594,0.11616,916147.0
1667832540000,0.11615,0.11615,0.11569,0.11585,1051433.0
1667832600000,0.11586,0.11601,0.11576,0.11576,880511.0
1667832660000,0.11578,0.11599,0.11562,0.11566,1469729.0
1667832720000,0.11567,0.11569,0.11509,0.11541,3925088.0
1667832780000,0.11537,0.11568,0.11529,0.11548,1917322.0
1667832840000,0.11545,0.11568,0.11539,0.11561,827031.0
1667832900000,0.11562,0.11582,0.11555,0.11563,1109589.0
1667832960000,0.11563,0.11574,0.11551,0.11556,573007.0
1667833020000,0.11553,0.11585,0.11534,0.11585,832755.0
1667833080000,0.11584,0.11598,0.11543,0.11547,1461988.0
1667833140000,0.11545,0.11568,0.11533,0.11567,878583.0
1667833200000,0.11567,0.11586,0.11558,0.11586,1233719.0
1667833260000,0.11586,0.11597,0.11579,0.11583,1689293.0
1667833320000,0.11582,0.11624,0.11582,0.11618,1580514.0
1667833380000,0.1162,0.11626,0.11602,0.11603,730636.0
1667833440000,0.11603,0.11631,0.11603,0.11631,537926.0
1667833500000,0.1163,0.11642,0.11616,0.11629,1357279.0
1667833560000,0.11629,0.11639,0.11619,0.11634,1944151.0
1667833620000,0.11632,0.11648,0.11605,0.11607,1055208.0
1667833680000,0.11607,0.11624,0.11603,0.11615,680811.0
1667833740000,0.11614,0.11632,0.11603,0.11632,932480.0
1667833800000,0.11632,0.11643,0.1161,0.11613,770428.0
1667833860000,0.1161,0.1161,0.11601,0.11609,795019.0
1667833920000,0.11608,0.11615,0.11596,0.11611,646003.0
1667833980000,0.1161,0.11631,0.11606,0.11627,702415.0
1667834040000,0.11627,0.11628,0.11603,0.11611,1182058.0
1667834100000,0.11611,0.11628,0.11588,0.11627,1947910.0
1667834160000,0.11627,0.11647,0.11623,0.11643,1373959.0
1667834220000,0.1164,0.11649,0.11632,0.11645,960421.0
1667834280000,0.11639,0.11645,0.11619,0.11623,1531333.0
1667834340000,0.11622,0.11652,0.1162,0.1164,710298.0
1667834400000,0.11641,0.11646,0.1161,0.11617,1017538.0
1667834460000,0.11618,0.11639,0.11615,0.11638,362875.0
1667834520000,0.11636,0.11649,0.11627,0.11648,444167.0
1667834580000,0.11645,0.11648,0.11607,0.11614,1848598.0
1667834640000,0.11613,0.11623,0.11604,0.11623,221177.0
1667834700000,0.11623,0.11626,0.11602,0.11614,926545.0
1667834760000,0.11616,0.11621,0.11579,0.11593,1084683.0
1667834820000,0.11585,0.11608,0.11585,0.11589,514143.0
1667834880000,0.11588,0.11607,0.11587,0.11596,440409.0
1667834940000,0.11596,0.11608,0.11587,0.11608,228417.0
1667835000000,0.11609,0.11612,0.11588,0.11596,636036.0
1667835060000,0.11592,0.11603,0.11577,0.11583,463955.0
1667835120000,0.11583,0.11594,0.11578,0.11586,936648.0
1667835180000,0.11584,0.11604,0.1156,0.11561,1368965.0
1667835240000,0.11561,0.1158,0.11556,0.1158,1570892.0
1667835300000,0.11579,0.11596,0.11574,0.11583,770559.0
1667835360000,0.11583,0.11583,0.11562,0.11578,533866.0
1667835420000,0.11579,0.11596,0.11572,0.11581,1265080.0
1667835480000,0.11583,0.11591,0.11568,0.11571,707358.0
1667835540000,0.11573,0.11573,0.1155,0.11554,949196.0
1667835600000,0.11553,0.11565,0.11525,0.11546,1584024.0
1667835660000,0.11546,0.11569,0.11545,0.11569,1908968.0
1667835720000,0.11566,0.11566,0.11547,0.11549,924993.0
1667835780000,0.11549,0.11557,0.11536,0.11553,817201.0
1667835840000,0.11551,0.1156,0.11549,0.11556,768308.0
1667835900000,0.11556,0.11562,0.11529,0.11535,1792612.0
1667835960000,0.11535,0.11557,0.11528,0.11555,958283.0
1667836020000,0.11556,0.11587,0.11555,0.11571,1114058.0
1667836080000,0.11571,0.11574,0.11547,0.11559,677658.0
1667836140000,0.1156,0.11581,0.11542,0.11575,1176695.0
1667836200000,0.11575,0.11594,0.11567,0.11592,1271770.0
1667836260000,0.11592,0.11616,0.11586,0.11611,1193601.0
1667836320000,0.11611,0.1163,0.11603,0.11617,1675519.0
1667836380000,0.11618,0.11637,0.11615,0.11626,866299.0
1667836440000,0.11625,0.11631,0.11607,0.11614,1239046.0
1667836500000,0.11615,0.11638,0.11611,0.11635,611050.0
1667836560000,0.11633,0.11639,0.11623,0.11627,529827.0
1667836620000,0.11628,0.11644,0.11623,0.11633,885597.0
1667836680000,0.11634,0.1164,0.11629,0.11633,229145.0
1667836740000,0.11631,0.11653,0.11631,0.11647,1216696.0
1667836800000,0.11648,0.11678,0.11632,0.11633,2623610.0
1667836860000,0.11633,0.11667,0.11623,0.11667,892005.0
1667836920000,0.11664,0.11699,0.11664,0.11689,1096757.0
1667836980000,0.11691,0.11745,0.11675,0.11735,1983376.0
1667837040000,0.11737,0.11765,0.11727,0.11759,2836047.0
1667837100000,0.11759,0.11759,0.11683,0.11704,2162565.0
1667837160000,0.11704,0.11706,0.1168,0.11696,2266837.0
1667837220000,0.11694,0.11697,0.11664,0.11665,1027029.0
1667837280000,0.11667,0.11701,0.11656,0.11676,3058643.0
1667837340000,0.11676,0.11703,0.11672,0.11679,1183830.0
1667837400000,0.11679,0.1169,0.11665,0.11674,757600.0
1667837460000,0.11672,0.11683,0.1166,0.1166,615238.0
1667837520000,0.11663,0.1168,0.11653,0.11677,1311449.0
1667837580000,0.11678,0.11695,0.11665,0.11671,808360.0
1667837640000,0.11671,0.11681,0.11663,0.11667,686821.0
1667837700000,0.11666,0.11704,0.1166,0.11689,1329977.0
1667837760000,0.11688,0.11721,0.11686,0.117,928899.0
1667837820000,0.117,0.11711,0.11692,0.11694,905464.0
1667837880000,0.11694,0.11699,0.11676,0.11699,729297.0
1667837940000,0.11699,0.11711,0.11677,0.11679,1346357.0
1667838000000,0.1168,0.11705,0.11667,0.11687,907409.0
1667838060000,0.11688,0.11703,0.11682,0.11685,468787.0
1667838120000,0.11685,0.11697,0.11677,0.11683,553008.0
1667838180000,0.11684,0.11699,0.11683,0.11688,461499.0
1667838240000,0.11688,0.11689,0.11655,0.11668,703862.0
1667838300000,0.11668,0.11669,0.11657,0.1166,411752.0
1667838360000,0.11661,0.11687,0.11658,0.11682,387596.0
1667838420000,0.11681,0.11707,0.11676,0.11702,491357.0
1667838480000,0.11701,0.11704,0.1169,0.11699,362059.0
1667838540000,0.117,0.117,0.11673,0.11673,1499732.0
1667838600000,0.11672,0.11702,0.11672,0.11696,2210226.0
1667838660000,0.11696,0.11703,0.11696,0.11701,282430.0
1667838720000,0.11701,0.11715,0.11687,0.11687,1038350.0
1667838780000,0.11687,0.11695,0.11673,0.11695,525910.0
1667838840000,0.11694,0.11714,0.11691,0.1171,559164.0
1667838900000,0.1171,0.11718,0.117,0.117,464499.0
1667838960000,0.11699,0.11717,0.11696,0.11707,261431.0
1667839020000,0.11707,0.11713,0.1168,0.11709,1228575.0
1667839080000,0.11709,0.11712,0.11694,0.11711,383879.0
1667839140000,0.11711,0.11711,0.11697,0.117,378122.0
1667839200000,0.11698,0.11699,0.11669,0.11671,483884.0
1667839260000,0.11672,0.11683,0.11655,0.1167,602092.0
1667839320000,0.11668,0.11683,0.11652,0.11668,642047.0
1667839380000,0.11667,0.11667,0.11615,0.11618,1455057.0
1667839440000,0.11617,0.11638,0.11598,0.11598,1487320.0
1667839500000,0.11598,0.11632,0.11594,0.11608,799188.0
1667839560000,0.11608,0.11621,0.11602,0.11606,964058.0
1667839620000,0.11608,0.11623,0.11582,0.11585,1782707.0
1667839680000,0.11584,0.11612,0.11583,0.11598,478503.0
1667839740000,0.116,0.11611,0.11597,0.11603,761389.0
1667839800000,0.116,0.11606,0.11596,0.11603,438584.0
1667839860000,0.11602,0.11606,0.1158,0.11589,318271.0
1667839920000,0.11587,0.11605,0.11584,0.11593,1121172.0
1667839980000,0.11592,0.11595,0.1158,0.11591,399118.0
1667840040000,0.11592,0.11608,0.11589,0.11589,386561.0
1667840100000,0.11587,0.11594,0.1158,0.11583,501725.0
1667840160000,0.11583,0.11588,0.11559,0.1156,684940.0
1667840220000,0.11561,0.11569,0.11445,0.11513,21091915.0
1667840280000,0.11512,0.11533,0.11499,0.11506,2003410.0
1667840340000,0.11508,0.11523,0.11501,0.11503,1667945.0
1667840400000,0.11503,0.11526,0.11463,0.11466,1551249.0
1667840460000,0.11467,0.11501,0.1146,0.11475,2335260.0
1667840520000,0.11474,0.11492,0.11468,0.11481,2199965.0
1667840580000,0.11481,0.11524,0.1148,0.11512,1558289.0
1667840640000,0.11516,0.11543,0.11512,0.11524,1643750.0
1667840700000,0.11521,0.11523,0.11509,0.11511,948020.0
1667840760000,0.11512,0.11512,0.11478,0.1149,1579250.0
1667840820000,0.11489,0.11525,0.11489,0.11525,1350500.0
1667840880000,0.11523,0.11533,0.11512,0.11514,738314.0
1667840940000,0.11514,0.1153,0.11507,0.11519,495563.0
1667841000000,0.11519,0.11527,0.11487,0.11496,804315.0
1667841060000,0.11496,0.11518,0.11483,0.1149,1107827.0
1667841120000,0.11491,0.11525,0.11479,0.11523,1217833.0
1667841180000,0.11521,0.11523,0.11484,0.1149,460671.0
1667841240000,0.11487,0.1149,0.11465,0.11473,1692935.0
1667841300000,0.11475,0.11501,0.1147,0.11473,1209146.0
1667841360000,0.11475,0.1148,0.11403,0.11418,2940635.0
1667841420000,0.11418,0.11475,0.11402,0.11468,2446211.0
1667841480000,0.11468,0.11489,0.11467,0.11488,1293691.0
1667841540000,0.11488,0.115,0.11481,0.11486,370936.0
1667841600000,0.11486,0.115,0.11477,0.11498,811139.0
1667841660000,0.11497,0.11506,0.11489,0.11503,1076324.0
1667841720000,0.115,0.11511,0.11484,0.11487,834247.0
1667841780000,0.11487,0.115,0.11484,0.11498,422805.0
1667841840000,0.11499,0.11509,0.11494,0.11508,495600.0
1667841900000,0.11507,0.11507,0.11471,0.1148,639995.0
1667841960000,0.11481,0.11497,0.11475,0.11495,705100.0
1667842020000,0.11494,0.11504,0.11491,0.11492,648693.0
1667842080000,0.11491,0.11494,0.11479,0.11481,331776.0
1667842140000,0.11482,0.11499,0.11476,0.11479,960035.0
1667842200000,0.11479,0.11489,0.11466,0.11471,712838.0
1667842260000,0.11473,0.11492,0.11451,0.11455,896284.0
1667842320000,0.11456,0.11463,0.11451,0.11463,1172869.0
1667842380000,0.11463,0.1147,0.11451,0.11456,344708.0
1667842440000,0.11457,0.11482,0.11452,0.11479,633201.0
1667842500000,0.1148,0.11488,0.11466,0.11477,696536.0
1667842560000,0.11477,0.115,0.11476,0.11489,503436.0
1667842620000,0.1149,0.11496,0.11483,0.11487,512018.0
1667842680000,0.11488,0.11516,0.11488,0.11504,801437.0
1667842740000,0.11504,0.11505,0.11489,0.11502,363544.0
1667842800000,0.11504,0.11523,0.11499,0.11505,617797.0
1667842860000,0.11503,0.11505,0.1149,0.11495,130546.0
1667842920000,0.11495,0.11515,0.11495,0.11508,263884.0
1667842980000,0.11508,0.11519,0.11508,0.11513,102187.0
1667843040000,0.11512,0.11517,0.11509,0.11515,89963.0
1667843100000,0.11514,0.11514,0.11476,0.11482,608242.0
1667843160000,0.11481,0.11508,0.11481,0.11507,190653.0
1667843220000,0.11506,0.11506,0.11474,0.11474,580396.0
1667843280000,0.11474,0.11486,0.11471,0.11481,694925.0
1667843340000,0.11484,0.115,0.11484,0.11494,627349.0
1667843400000,0.11494,0.11494,0.11474,0.11475,648031.0
1667843460000,0.11474,0.11474,0.11456,0.11472,944804.0
1667843520000,0.11472,0.11489,0.11472,0.11474,748357.0
1667843580000,0.11474,0.11484,0.11462,0.11465,375653.0
1667843640000,0.11465,0.11471,0.11461,0.11471,306498.0
1667843700000,0.11473,0.11493,0.11466,0.11473,576796.0
1667843760000,0.1147,0.1149,0.11468,0.11477,452864.0
1667843820000,0.11476,0.11482,0.11472,0.11481,565337.0
1667843880000,0.11481,0.11497,0.11476,0.11494,627447.0
1667843940000,0.11494,0.11498,0.11487,0.11498,322511.0
1667844000000,0.11498,0.11501,0.11491,0.11498,397836.0
1667844060000,0.11494,0.11496,0.11474,0.11494,457089.0
1667844120000,0.11494,0.11497,0.11479,0.11483,450733.0
1667844180000,0.11483,0.115,0.11476,0.115,1677839.0
1667844240000,0.11496,0.11508,0.11495,0.11501,492942.0
1667844300000,0.11501,0.11505,0.11485,0.11489,230649.0
1667844360000,0.11488,0.11494,0.11474,0.11492,286881.0
1667844420000,0.11493,0.11493,0.11478,0.11478,294245.0
1667844480000,0.11479,0.11497,0.11479,0.11488,493120.0
1667844540000,0.11489,0.11504,0.11488,0.11488,597576.0
1667844600000,0.11488,0.11495,0.11469,0.11473,575840.0
1667844660000,0.11473,0.11479,0.11468,0.1147,724780.0
1667844720000,0.1147,0.11487,0.11469,0.11475,1013216.0
1667844780000,0.11475,0.11482,0.11465,0.11465,1179181.0
1667844840000,0.11469,0.11472,0.11459,0.11461,1005939.0
1667844900000,0.1146,0.11469,0.11436,0.1144,1287211.0
1667844960000,0.11439,0.11456,0.11434,0.11438,619162.0
1667845020000,0.11438,0.11439,0.11426,0.11438,815522.0
1667845080000,0.11438,0.11454,0.11438,0.11451,937833.0
1667845140000,0.11451,0.11454,0.11446,0.11452,952427.0
1667845200000,0.11453,0.11459,0.11434,0.11439,1285501.0
1667845260000,0.11441,0.11449,0.11432,0.11446,950378.0
1667845320000,0.11447,0.11464,0.11437,0.11463,1012501.0
1667845380000,0.11462,0.11482,0.11458,0.11466,2120392.0
1667845440000,0.11468,0.1147,0.11456,0.11465,428261.0
1667845500000,0.11466,0.11466,0.11458,0.11461,367205.0
1667845560000,0.11461,0.11471,0.11455,0.11471,1254921.0
1667845620000,0.11471,0.11479,0.11467,0.11479,533870.0
1667845680000,0.11477,0.11492,0.11476,0.11479,500748.0
1667845740000,0.11478,0.115,0.11473,0.11499,787132.0
1667845800000,0.11499,0.11499,0.11483,0.11495,767775.0
1667845860000,0.11495,0.11499,0.11485,0.11493,541598.0
1667845920000,0.11496,0.11548,0.11495,0.11519,2649418.0
1667845980000,0.11517,0.1156,0.11514,0.11542,3745062.0
1667846040000,0.11543,0.11543,0.11529,0.11535,953270.0
1667846100000,0.11535,0.11538,0.11519,0.1152,564527.0
1667846160000,0.1152,0.11521,0.11505,0.11509,303276.0
1667846220000,0.11508,0.11514,0.115,0.11514,455037.0
1667846280000,0.11514,0.11531,0.11507,0.11531,490052.0
1667846340000,0.11531,0.11535,0.11526,0.11534,1120564.0
1667846400000,0.11535,0.11536,0.11511,0.11518,655833.0
1667846460000,0.11518,0.1152,0.11492,0.11501,656466.0
1667846520000,0.11502,0.11515,0.11501,0.11511,229950.0
1667846580000,0.1151,0.11516,0.11487,0.11495,766131.0
1667846640000,0.11496,0.11517,0.11496,0.11515,442883.0
1667846700000,0.11513,0.11529,0.11511,0.11523,540884.0
1667846760000,0.11522,0.11531,0.11522,0.11526,429884.0
1667846820000,0.11526,0.11531,0.11516,0.11528,1019375.0
1667846880000,0.11527,0.1153,0.11522,0.11527,807985.0
1667846940000,0.11526,0.11548,0.11523,0.11543,754184.0
1667847000000,0.11541,0.11549,0.1152,0.11522,738777.0
1667847060000,0.11521,0.11526,0.1152,0.11522,159965.0
1667847120000,0.11521,0.11523,0.11511,0.11522,1060905.0
1667847180000,0.11521,0.11524,0.11517,0.11524,231976.0
1667847240000,0.11524,0.11539,0.11523,0.11539,196178.0
1667847300000,0.1154,0.1154,0.11525,0.11537,183903.0
1667847360000,0.11537,0.1154,0.11504,0.11511,1080975.0
1667847420000,0.11512,0.1152,0.11505,0.11506,865742.0
1667847480000,0.11506,0.11508,0.11497,0.11505,378661.0
1667847540000,0.11506,0.11514,0.11502,0.11502,161057.0
1667847600000,0.11502,0.11514,0.11502,0.11511,325298.0
1667847660000,0.11511,0.11511,0.11497,0.11499,534409.0
1667847720000,0.115,0.11507,0.11498,0.11504,195223.0
1667847780000,0.11504,0.11509,0.11501,0.11501,824836.0
1667847840000,0.11501,0.11512,0.11501,0.11511,251131.0
1667847900000,0.11511,0.11525,0.1151,0.11522,203432.0
1667847960000,0.11522,0.11522,0.11499,0.11504,561947.0
1667848020000,0.11504,0.11505,0.1148,0.11487,771515.0
1667848080000,0.11488,0.11502,0.11484,0.11486,512306.0
1667848140000,0.11487,0.11497,0.11487,0.11489,289273.0
1667848200000,0.11489,0.11497,0.11483,0.11492,233982.0
1667848260000,0.11493,0.11522,0.11493,0.11513,424556.0
1667848320000,0.11514,0.11517,0.11508,0.11514,234183.0
1667848380000,0.11514,0.11515,0.11508,0.11512,164367.0
1667848440000,0.11512,0.11519,0.11498,0.11505,441611.0
1667848500000,0.11509,0.11526,0.11509,0.11521,450032.0
1667848560000,0.11522,0.11526,0.11514,0.11517,561097.0
1667848620000,0.11516,0.11547,0.11516,0.11547,1043792.0
1667848680000,0.11546,0.1156,0.11545,0.11557,3274806.0
1667848740000,0.11558,0.1159,0.11557,0.11579,1087080.0
1667848800000,0.1158,0.1158,0.11558,0.11565,1654800.0
1667848860000,0.11565,0.11576,0.11553,0.11572,479513.0
1667848920000,0.11573,0.11579,0.11565,0.11574,473572.0
1667848980000,0.11574,0.11579,0.11565,0.11573,435583.0
1667849040000,0.11572,0.1158,0.11568,0.11571,477839.0
1667849100000,0.11571,0.11585,0.11561,0.11565,846937.0
1667849160000,0.11564,0.11577,0.11547,0.1157,746385.0
1667849220000,0.11569,0.11574,0.11563,0.11568,136405.0
1667849280000,0.11568,0.11578,0.11553,0.11556,963487.0
1667849340000,0.11557,0.11563,0.11548,0.11555,139429.0
1667849400000,0.11553,0.11567,0.11553,0.11565,318933.0
1667849460000,0.11566,0.11574,0.1156,0.11564,365571.0
1667849520000,0.11564,0.11599,0.1156,0.11589,739922.0
1667849580000,0.1159,0.11591,0.11569,0.11581,537305.0
1667849640000,0.11578,0.11599,0.11566,0.11596,442393.0
1667849700000,0.11593,0.11618,0.11588,0.11617,1553202.0
1667849760000,0.11618,0.11635,0.11607,0.11621,1186898.0
1667849820000,0.11621,0.11681,0.11621,0.11671,3357294.0
1667849880000,0.11671,0.11707,0.11669,0.11694,12157819.0
1667849940000,0.11689,0.11702,0.11676,0.11697,1194191.0
1667850000000,0.11699,0.11699,0.11674,0.11676,1440047.0
1667850060000,0.11676,0.11696,0.11676,0.11677,787657.0
1667850120000,0.11677,0.11696,0.11677,0.11686,1204509.0
1667850180000,0.11686,0.11694,0.11677,0.11683,789806.0
1667850240000,0.11683,0.11705,0.11683,0.117,1111127.0
1667850300000,0.11701,0.11713,0.11682,0.11682,1749233.0
1667850360000,0.11682,0.11698,0.11679,0.11698,615565.0
1667850420000,0.11697,0.11697,0.11674,0.1168,687385.0
1667850480000,0.11679,0.11694,0.11679,0.11691,599144.0
1667850540000,0.11691,0.117,0.11677,0.11677,521064.0
1667850600000,0.11677,0.11694,0.11677,0.11692,557673.0
1667850660000,0.11691,0.11695,0.11686,0.11693,713476.0
1667850720000,0.11694,0.11719,0.11694,0.11715,1884983.0
1667850780000,0.11714,0.11746,0.11712,0.11742,2780655.0
1667850840000,0.11742,0.11742,0.117,0.11708,935345.0
1667850900000,0.11706,0.11718,0.11698,0.11715,719695.0
1667850960000,0.11714,0.11717,0.117,0.11715,528338.0
1667851020000,0.11713,0.11722,0.11712,0.1172,592997.0
1667851080000,0.11717,0.11742,0.11717,0.11733,1529061.0
1667851140000,0.11733,0.11737,0.11682,0.11733,5595523.0
1667851200000,0.11733,0.118,0.11733,0.11781,14097957.0
1667851260000,0.11783,0.11814,0.11779,0.1179,5023062.0
1667851320000,0.1179,0.1179,0.11752,0.11769,1571224.0
1667851380000,0.11769,0.11769,0.11718,0.11758,3424543.0
1667851440000,0.11758,0.11782,0.11748,0.11776,1947486.0
1667851500000,0.11777,0.11779,0.11759,0.11775,2136978.0
1667851560000,0.1177,0.11777,0.11747,0.11753,535977.0
1667851620000,0.11754,0.1176,0.11737,0.11747,1012210.0
1667851680000,0.11747,0.11753,0.11732,0.11753,786100.0
1667851740000,0.11754,0.11763,0.11747,0.11763,1177688.0
1667851800000,0.11762,0.11773,0.11755,0.11767,849332.0
1667851860000,0.11766,0.11768,0.1175,0.11756,643056.0
1667851920000,0.11757,0.11768,0.11746,0.11749,638848.0
1667851980000,0.11751,0.11754,0.11735,0.11752,663780.0
1667852040000,0.11749,0.11767,0.11748,0.11767,606565.0
1667852100000,0.11767,0.11773,0.11758,0.11767,1362588.0
1667852160000,0.11764,0.1178,0.11753,0.11773,1782296.0
1667852220000,0.11773,0.11774,0.11753,0.11768,719416.0
1667852280000,0.11769,0.11776,0.11739,0.11743,1208519.0
1667852340000,0.11745,0.11745,0.11714,0.11722,1088211.0
1667852400000,0.11723,0.1175,0.11723,0.1173,927173.0
1667852460000,0.1173,0.11751,0.11726,0.11749,701848.0
1667852520000,0.1175,0.1175,0.11736,0.11745,1194847.0
1667852580000,0.11746,0.1175,0.11741,0.11742,560606.0
1667852640000,0.11741,0.11753,0.11737,0.11747,771405.0
1667852700000,0.11747,0.11749,0.11722,0.11728,532728.0
1667852760000,0.11728,0.11738,0.11722,0.11734,693108.0
1667852820000,0.11732,0.11758,0.11732,0.11747,717205.0
1667852880000,0.11746,0.11753,0.11718,0.11726,814247.0
1667852940000,0.11728,0.11742,0.11681,0.11682,2932855.0
1667853000000,0.11681,0.11706,0.11674,0.11692,2303816.0
1667853060000,0.11695,0.11712,0.1169,0.11707,924592.0
1667853120000,0.11706,0.11709,0.1168,0.11691,1011394.0
1667853180000,0.11691,0.11701,0.11686,0.11687,595774.0
1667853240000,0.11686,0.11689,0.11654,0.11684,1865573.0
1667853300000,0.11683,0.11701,0.11675,0.117,270251.0
1667853360000,0.11699,0.11701,0.11689,0.1169,783375.0
1667853420000,0.11689,0.11689,0.11674,0.11677,227490.0
1667853480000,0.11676,0.11681,0.1166,0.1168,582318.0
1667853540000,0.1168,0.11681,0.11665,0.11676,317871.0
1667853600000,0.11676,0.11687,0.11671,0.11687,809536.0
1667853660000,0.11679,0.11685,0.11674,0.11681,532762.0
1667853720000,0.11679,0.11695,0.11666,0.11694,378441.0
1667853780000,0.11694,0.11707,0.11686,0.11691,275483.0
1667853840000,0.11691,0.11691,0.11676,0.11682,629221.0
1667853900000,0.11682,0.11683,0.11674,0.11682,306331.0
1667853960000,0.11683,0.1169,0.11658,0.11671,768218.0
1667854020000,0.11671,0.11674,0.11662,0.11662,359783.0
1667854080000,0.11665,0.11669,0.11658,0.11668,245498.0
1667854140000,0.11668,0.11688,0.11659,0.11682,563827.0
1667854200000,0.11683,0.11687,0.11668,0.11676,438660.0
1667854260000,0.11672,0.11672,0.11656,0.11658,442157.0
1667854320000,0.11659,0.11668,0.11657,0.1166,362569.0
1667854380000,0.11659,0.11669,0.11659,0.11669,261731.0
1667854440000,0.11668,0.11668,0.11632,0.11644,2459641.0
1667854500000,0.11643,0.11655,0.11627,0.11649,1876784.0
1667854560000,0.11648,0.1165,0.11637,0.11637,293758.0
1667854620000,0.11637,0.11661,0.11633,0.11649,820261.0
1667854680000,0.11649,0.11674,0.11647,0.11673,1569540.0
1667854740000,0.11673,0.11673,0.11651,0.11655,499757.0
1667854800000,0.11655,0.11674,0.11641,0.11672,769717.0
1667854860000,0.11672,0.11689,0.11668,0.1167,940091.0
1667854920000,0.11669,0.11669,0.11652,0.11658,926222.0
1667854980000,0.11658,0.11658,0.11638,0.11643,511090.0
1667855040000,0.11642,0.11654,0.11641,0.1165,200756.0
1667855100000,0.1165,0.11664,0.11646,0.11662,197977.0
1667855160000,0.11662,0.11673,0.11649,0.11651,264562.0
1667855220000,0.11652,0.11652,0.11628,0.11629,274187.0
1667855280000,0.1163,0.11643,0.11615,0.11615,472177.0
1667855340000,0.11615,0.11633,0.11611,0.11633,378581.0
1667855400000,0.11629,0.11633,0.11617,0.11621,134013.0
1667855460000,0.11621,0.11632,0.11621,0.11629,134877.0
1667855520000,0.11628,0.11628,0.11615,0.11616,89154.0
1667855580000,0.11615,0.11615,0.11605,0.11608,414562.0
1667855640000,0.11609,0.11619,0.11594,0.11611,854759.0
1667855700000,0.11615,0.11628,0.11609,0.11622,295138.0
1667855760000,0.1162,0.11626,0.11605,0.11612,326856.0
1667855820000,0.11611,0.1162,0.11607,0.11611,777252.0
1667855880000,0.11611,0.11621,0.11599,0.1162,1047907.0
1667855940000,0.11617,0.11617,0.11606,0.11614,186992.0
1667856000000,0.11614,0.11622,0.1161,0.11615,224022.0
1667856060000,0.11613,0.11618,0.11612,0.11615,210654.0
1667856120000,0.11615,0.11617,0.11607,0.11608,412205.0
1667856180000,0.11606,0.11616,0.11603,0.11611,464953.0
1667856240000,0.1161,0.11618,0.11608,0.1161,536544.0
1667856300000,0.1161,0.1162,0.11604,0.11609,515670.0
1667856360000,0.11606,0.11619,0.11606,0.11616,207008.0
1667856420000,0.11619,0.11619,0.11587,0.11587,451874.0
1667856480000,0.11586,0.11596,0.11583,0.1159,655317.0
1667856540000,0.11591,0.11599,0.11576,0.11577,772322.0
1667856600000,0.11577,0.11601,0.1157,0.11599,838575.0
1667856660000,0.11596,0.11596,0.1155,0.1155,1502887.0
1667856720000,0.1155,0.11558,0.11519,0.11535,3543625.0
1667856780000,0.11536,0.11552,0.11509,0.11514,1250618.0
1667856840000,0.11515,0.11523,0.11492,0.11505,2090197.0
1667856900000,0.11504,0.11504,0.11457,0.11457,2555692.0
1667856960000,0.11457,0.11468,0.11451,0.11457,1306873.0
1667857020000,0.11454,0.1147,0.11445,0.11446,1383931.0
1667857080000,0.11446,0.11465,0.11344,0.11366,15547940.0
1667857140000,0.11367,0.114,0.11351,0.11371,3612189.0
1667857200000,0.11372,0.11388,0.11344,0.11348,2539517.0
1667857260000,0.11348,0.11372,0.11344,0.11361,1658604.0
1667857320000,0.1136,0.114,0.11357,0.11391,1934689.0
1667857380000,0.11391,0.11404,0.11386,0.11393,1376417.0
1667857440000,0.1139,0.1141,0.11371,0.1141,770097.0
1667857500000,0.1141,0.11429,0.11395,0.11423,777207.0
1667857560000,0.11423,0.11435,0.11416,0.11422,925225.0
1667857620000,0.11422,0.11456,0.11422,0.11446,1245804.0
1667857680000,0.11446,0.11464,0.11444,0.11456,589417.0
1667857740000,0.11456,0.11458,0.11408,0.11413,1171855.0
1667857800000,0.11415,0.11423,0.11394,0.1142,893364.0
1667857860000,0.1142,0.11444,0.11413,0.11444,410721.0
1667857920000,0.11444,0.1146,0.11439,0.11459,542537.0
1667857980000,0.11457,0.11464,0.11377,0.11408,6787524.0
1667858040000,0.1141,0.11429,0.11404,0.11414,668925.0
1667858100000,0.11413,0.11424,0.11381,0.11411,1074375.0
1667858160000,0.11411,0.11418,0.11408,0.11415,381817.0
1667858220000,0.11415,0.11419,0.11365,0.11385,1999017.0
1667858280000,0.11386,0.1139,0.11375,0.11388,314738.0
1667858340000,0.11388,0.11423,0.11387,0.11416,1033014.0
1667858400000,0.11416,0.11416,0.11395,0.11395,418570.0
1667858460000,0.11395,0.11408,0.11391,0.11399,268415.0
1667858520000,0.114,0.11408,0.11386,0.1139,790141.0
1667858580000,0.11391,0.11397,0.11378,0.11388,698573.0
1667858640000,0.11391,0.11408,0.1138,0.1138,610437.0
1667858700000,0.11386,0.11391,0.11335,0.11347,3114541.0
1667858760000,0.11345,0.11368,0.11294,0.11344,5101900.0
1667858820000,0.11347,0.11374,0.1134,0.11355,825365.0
1667858880000,0.11355,0.11367,0.11341,0.11359,1083339.0
1667858940000,0.11359,0.11404,0.11358,0.11399,1769031.0
1667859000000,0.11402,0.11417,0.11402,0.11404,897385.0
1667859060000,0.11404,0.11408,0.11395,0.11404,951829.0
1667859120000,0.114,0.11425,0.11398,0.11425,1044089.0
1667859180000,0.11424,0.1143,0.11399,0.11404,1058747.0
1667859240000,0.11404,0.11414,0.11396,0.11408,362817.0
1667859300000,0.11406,0.11427,0.11405,0.11409,991670.0
1667859360000,0.11406,0.11407,0.11384,0.11395,1756265.0
1667859420000,0.11393,0.114,0.1135,0.11353,933741.0
1667859480000,0.11354,0.11359,0.11327,0.11332,893424.0
1667859540000,0.11331,0.11331,0.11251,0.1129,4529550.0
1667859600000,0.11293,0.1133,0.1115,0.11255,22004232.0
1667859660000,0.11256,0.11285,0.11251,0.11262,2451089.0
1667859720000,0.11262,0.11282,0.11181,0.1126,7661496.0
1667859780000,0.11259,0.11299,0.11207,0.11228,4975087.0
1667859840000,0.11229,0.1125,0.11001,0.11119,24994264.0
1667859900000,0.11119,0.11121,0.1095,0.11017,23206290.0
1667859960000,0.11021,0.11036,0.10805,0.1091,29869032.0
1667860020000,0.10913,0.10924,0.10817,0.10846,10726249.0
1667860080000,0.10845,0.10927,0.10717,0.10901,22753387.0
1667860140000,0.10901,0.10906,0.10884,0.10898,3548845.0
1667860200000,0.10898,0.10903,0.10868,0.10895,5282962.0
1667860260000,0.10894,0.10961,0.10846,0.10878,6736329.0
1667860320000,0.10878,0.10895,0.10789,0.10807,14501691.0
1667860380000,0.10808,0.10892,0.108,0.1088,2293666.0
1667860440000,0.10881,0.10908,0.10876,0.10899,2956204.0
1667860500000,0.10898,0.10936,0.10879,0.1092,5777200.0
1667860560000,0.1092,0.10932,0.10871,0.10876,2804954.0
1667860620000,0.10875,0.10899,0.10872,0.10889,2237147.0
1667860680000,0.10887,0.10887,0.10744,0.10864,22054379.0
1667860740000,0.10862,0.10891,0.10835,0.1088,3559823.0
1667860800000,0.10881,0.10904,0.10875,0.10892,2225204.0
1667860860000,0.10893,0.10904,0.10886,0.10904,568080.0
1667860920000,0.10902,0.10938,0.10901,0.10914,1031297.0
1667860980000,0.10915,0.1092,0.10896,0.10916,731231.0
1667861040000,0.10918,0.10931,0.10916,0.10926,770768.0
1667861100000,0.10927,0.10927,0.10891,0.10914,1114485.0
1667861160000,0.10914,0.10942,0.10888,0.10888,1823980.0
1667861220000,0.10889,0.10891,0.10802,0.10835,5810056.0
1667861280000,0.10836,0.10864,0.10835,0.10863,1402766.0
1667861340000,0.10865,0.10884,0.10851,0.10866,957866.0
1667861400000,0.10865,0.1088,0.10864,0.10878,437950.0
1667861460000,0.10879,0.10914,0.10876,0.10902,990893.0
1667861520000,0.10901,0.10902,0.10888,0.10897,932682.0
1667861580000,0.10896,0.10928,0.10895,0.10928,745165.0
1667861640000,0.10929,0.10954,0.10928,0.10942,1018975.0
1667861700000,0.10945,0.10952,0.1094,0.10943,973200.0
1667861760000,0.10945,0.10946,0.10895,0.10897,2588165.0
1667861820000,0.10898,0.10925,0.10893,0.10908,793945.0
1667861880000,0.10908,0.1091,0.10874,0.10891,943538.0
1667861940000,0.10891,0.10901,0.10871,0.10899,1393510.0
1667862000000,0.10899,0.10945,0.10892,0.1094,2049708.0
1667862060000,0.10939,0.10966,0.10931,0.1095,1753184.0
1667862120000,0.10951,0.10954,0.1091,0.10922,3311239.0
1667862180000,0.10922,0.10949,0.10919,0.10948,517635.0
1667862240000,0.10948,0.10974,0.10941,0.10958,1410322.0
1667862300000,0.10962,0.10962,0.10942,0.10947,955263.0
1667862360000,0.10947,0.10947,0.10928,0.10944,872601.0
1667862420000,0.10945,0.10958,0.10934,0.10934,1304414.0
1667862480000,0.10934,0.10954,0.10933,0.10943,1050614.0
1667862540000,0.10943,0.10959,0.10942,0.10955,1328428.0
1667862600000,0.10956,0.10962,0.10935,0.10937,843083.0
1667862660000,0.10936,0.10937,0.10908,0.10929,1880874.0
1667862720000,0.10926,0.10934,0.10918,0.10918,396279.0
1667862780000,0.10917,0.10959,0.10917,0.10949,904561.0
1667862840000,0.10948,0.10956,0.10938,0.10952,1100976.0
1667862900000,0.10954,0.10969,0.10954,0.10961,1071973.0
1667862960000,0.10959,0.11022,0.10959,0.11012,5867935.0
1667863020000,0.11013,0.11018,0.10966,0.10976,6904455.0
1667863080000,0.10975,0.11028,0.10971,0.11004,2457073.0
1667863140000,0.11005,0.11021,0.11002,0.11016,989367.0
1667863200000,0.11017,0.11101,0.1099,0.11056,14183464.0
1667863260000,0.11056,0.11062,0.11026,0.11035,2679892.0
1667863320000,0.11035,0.11059,0.11018,0.11053,2201235.0
1667863380000,0.11053,0.11059,0.11036,0.11045,2154343.0
1667863440000,0.11044,0.11049,0.11035,0.11046,448399.0
1667863500000,0.11046,0.11058,0.1102,0.11044,1451955.0
1667863560000,0.11043,0.11047,0.11032,0.1104,1337096.0
1667863620000,0.11039,0.1111,0.11037,0.11055,7566516.0
1667863680000,0.11055,0.11061,0.11046,0.11056,1151540.0
1667863740000,0.11055,0.11055,0.11035,0.11042,881274.0
1667863800000,0.11044,0.11058,0.11034,0.11053,560145.0
1667863860000,0.11053,0.11053,0.11032,0.11037,678089.0
1667863920000,0.11038,0.11051,0.11036,0.11042,779241.0
1667863980000,0.11043,0.11049,0.11041,0.11046,916273.0
1667864040000,0.11044,0.11044,0.11016,0.11017,993095.0
1667864100000,0.11017,0.11029,0.11006,0.11023,1068806.0
1667864160000,0.11023,0.11042,0.11018,0.1103,738931.0
1667864220000,0.11032,0.11047,0.11027,0.11032,953507.0
1667864280000,0.11032,0.11037,0.11027,0.11035,297839.0
1667864340000,0.11037,0.11055,0.11034,0.1105,861837.0
1667864400000,0.1105,0.11058,0.11039,0.11046,1513554.0
1667864460000,0.11047,0.1106,0.11045,0.11049,432871.0
1667864520000,0.11047,0.11064,0.11033,0.1106,584114.0
1667864580000,0.11061,0.11067,0.11051,0.11067,252133.0
1667864640000,0.11067,0.11067,0.11046,0.11059,1218466.0
1667864700000,0.11059,0.1106,0.11041,0.11052,913295.0
1667864760000,0.11051,0.11054,0.11044,0.11045,439981.0
1667864820000,0.11047,0.11057,0.1104,0.11052,958596.0
1667864880000,0.11053,0.11088,0.11053,0.11079,1834330.0
1667864940000,0.11078,0.1112,0.11078,0.11114,2478510.0
1667865000000,0.1111,0.11125,0.11106,0.11112,1280032.0
1667865060000,0.11114,0.11128,0.11099,0.11099,979601.0
1667865120000,0.11099,0.11109,0.1109,0.11105,318771.0
1667865180000,0.11105,0.11179,0.11097,0.11133,4933748.0
1667865240000,0.11133,0.1114,0.1113,0.11135,386354.0
1667865300000,0.11135,0.11135,0.11111,0.1112,869039.0
1667865360000,0.11119,0.11132,0.11118,0.11131,280637.0
1667865420000,0.11129,0.11143,0.11129,0.11129,345753.0
1667865480000,0.11129,0.11129,0.11117,0.11121,561264.0
1667865540000,0.11121,0.11125,0.11116,0.11123,344978.0
1667865600000,0.11124,0.11143,0.11121,0.11139,1506384.0
1667865660000,0.1114,0.11231,0.11138,0.11221,10678221.0
1667865720000,0.1122,0.11267,0.11218,0.1123,7949304.0
1667865780000,0.11231,0.11236,0.11182,0.11236,3526607.0
1667865840000,0.11236,0.11247,0.11204,0.11223,3108557.0
1667865900000,0.11225,0.11238,0.11205,0.11221,959091.0
1667865960000,0.11223,0.11241,0.1121,0.11234,1006834.0
1667866020000,0.11235,0.11244,0.1121,0.11218,1372471.0
1667866080000,0.11219,0.11245,0.11217,0.11237,962312.0
1667866140000,0.11236,0.11236,0.11211,0.11211,781271.0
1667866200000,0.11211,0.11226,0.11208,0.11214,1000171.0
1667866260000,0.11211,0.11212,0.11165,0.11182,1456737.0
1667866320000,0.11182,0.11213,0.11178,0.11203,775585.0
1667866380000,0.11202,0.11211,0.11188,0.1119,576069.0
1667866440000,0.11191,0.11215,0.11182,0.11213,932416.0
1667866500000,0.11213,0.11227,0.11205,0.11206,1171830.0
1667866560000,0.11206,0.11219,0.11176,0.11197,6901848.0
1667866620000,0.11198,0.11212,0.11187,0.11209,1629552.0
1667866680000,0.1121,0.1121,0.11183,0.11188,1671441.0
1667866740000,0.11188,0.11199,0.11157,0.11161,1374401.0
1667866800000,0.11161,0.11172,0.11142,0.11162,1086185.0
1667866860000,0.11161,0.1117,0.11143,0.11143,550898.0
1667866920000,0.11143,0.11169,0.11137,0.11159,555174.0
1667866980000,0.11163,0.11176,0.11159,0.1117,663892.0
1667867040000,0.1117,0.11172,0.11145,0.11147,604081.0
1667867100000,0.11149,0.1116,0.11143,0.11151,688744.0
1667867160000,0.11153,0.11167,0.11153,0.11154,734828.0
1667867220000,0.11155,0.11178,0.11153,0.11175,1259656.0
1667867280000,0.11174,0.11188,0.11169,0.11183,1039454.0
1667867340000,0.11183,0.11183,0.11152,0.11165,926105.0
1667867400000,0.11163,0.11206,0.11152,0.11198,1243759.0
1667867460000,0.11195,0.11209,0.11182,0.11187,900106.0
1667867520000,0.11187,0.112,0.11168,0.11193,633846.0
1667867580000,0.11193,0.11199,0.11179,0.11179,497673.0
1667867640000,0.11178,0.11178,0.11155,0.11158,428089.0
1667867700000,0.11158,0.11165,0.11141,0.11141,640988.0
1667867760000,0.11141,0.11157,0.1114,0.11151,706692.0
1667867820000,0.11153,0.11159,0.11144,0.11155,956363.0
1667867880000,0.11156,0.11172,0.11155,0.11172,1017627.0
1667867940000,0.11173,0.11173,0.1115,0.11155,1613268.0
1667868000000,0.11154,0.11157,0.11146,0.11154,975337.0
1667868060000,0.11154,0.11162,0.11149,0.11151,573380.0
1667868120000,0.11151,0.1116,0.11132,0.11159,1209657.0
1667868180000,0.1116,0.11164,0.11139,0.11144,1515878.0
1667868240000,0.11147,0.11148,0.11122,0.11125,1574889.0
1667868300000,0.11127,0.11144,0.11112,0.11113,473143.0
1667868360000,0.11112,0.11118,0.11092,0.11108,1573811.0
1667868420000,0.11106,0.11106,0.11076,0.11098,1864687.0
1667868480000,0.11097,0.11111,0.11093,0.11109,747403.0
1667868540000,0.11108,0.11124,0.11106,0.11117,848854.0
1667868600000,0.11117,0.11127,0.11107,0.11109,541105.0
1667868660000,0.11107,0.11107,0.1108,0.11089,1248008.0
1667868720000,0.11088,0.11089,0.11069,0.1107,1139891.0
1667868780000,0.11071,0.11072,0.1104,0.11045,1862392.0
1667868840000,0.11046,0.11079,0.11043,0.1107,3006581.0
1667868900000,0.11072,0.11089,0.11059,0.11059,1213256.0
1667868960000,0.11061,0.11071,0.11045,0.11071,1647995.0
1667869020000,0.11071,0.1108,0.11057,0.11062,1107332.0
1667869080000,0.11063,0.1107,0.11052,0.11061,2225987.0
1667869140000,0.11061,0.11086,0.11061,0.11073,1012863.0
1667869200000,0.11072,0.11075,0.11053,0.11056,1483252.0
1667869260000,0.11056,0.11061,0.11039,0.11041,1322098.0
1667869320000,0.11041,0.11054,0.10997,0.11054,12683114.0
1667869380000,0.11054,0.11067,0.11041,0.11045,2026977.0
1667869440000,0.11045,0.1107,0.11045,0.11065,847820.0
1667869500000,0.11067,0.11076,0.11067,0.11073,684187.0
1667869560000,0.11073,0.11079,0.11053,0.1106,818737.0
1667869620000,0.1106,0.1106,0.11046,0.11054,871853.0
1667869680000,0.11054,0.11074,0.11054,0.11073,169063.0
1667869740000,0.11072,0.11072,0.11062,0.1107,215023.0
1667869800000,0.11071,0.11071,0.11058,0.11058,376203.0
1667869860000,0.11058,0.11061,0.11047,0.11056,487207.0
1667869920000,0.11056,0.11076,0.11055,0.11072,670531.0
1667869980000,0.1107,0.11099,0.11068,0.11095,1030749.0
1667870040000,0.11094,0.11113,0.11094,0.11102,674933.0
1667870100000,0.11105,0.11114,0.11092,0.11092,532407.0
1667870160000,0.11092,0.11123,0.11087,0.11122,428451.0
1667870220000,0.11121,0.11149,0.1112,0.11143,906826.0
1667870280000,0.11141,0.11165,0.11141,0.11151,782010.0
1667870340000,0.11151,0.1117,0.11151,0.1117,818529.0
1667870400000,0.11167,0.11181,0.11151,0.11157,2690647.0
1667870460000,0.11155,0.11174,0.11154,0.11161,287247.0
1667870520000,0.1116,0.11177,0.1116,0.11168,297676.0
1667870580000,0.11168,0.11184,0.11162,0.11164,775154.0
1667870640000,0.11165,0.11176,0.11144,0.1115,479499.0
1667870700000,0.11149,0.11166,0.11149,0.11154,299366.0
1667870760000,0.11154,0.11169,0.11152,0.1116,499063.0
1667870820000,0.11161,0.11166,0.11151,0.1116,1442494.0
1667870880000,0.11159,0.11159,0.1115,0.11151,291427.0
1667870940000,0.11151,0.1116,0.11139,0.1116,490330.0
1667871000000,0.11162,0.11183,0.11141,0.1115,1133060.0
1667871060000,0.1115,0.11165,0.11123,0.11126,794931.0
1667871120000,0.11126,0.11131,0.11101,0.11104,928697.0
1667871180000,0.11102,0.11124,0.11096,0.11123,1145766.0
1667871240000,0.11124,0.11142,0.11123,0.11126,313221.0
1667871300000,0.11122,0.11126,0.11113,0.11115,302086.0
1667871360000,0.11117,0.11127,0.11101,0.11105,399379.0
1667871420000,0.11104,0.11133,0.11102,0.11132,630106.0
1667871480000,0.11131,0.11135,0.11109,0.11116,347670.0
1667871540000,0.1111,0.1111,0.11102,0.11106,169899.0
1667871600000,0.11102,0.11112,0.111,0.11105,203418.0
1667871660000,0.11105,0.11128,0.11105,0.11121,805687.0
1667871720000,0.11121,0.11125,0.11111,0.11118,215738.0
1667871780000,0.11118,0.11118,0.11089,0.11099,273057.0
1667871840000,0.11099,0.11122,0.11097,0.11108,389721.0
1667871900000,0.11108,0.11123,0.11108,0.11121,385995.0
1667871960000,0.11119,0.11122,0.1111,0.11115,525510.0
1667872020000,0.11115,0.11126,0.11106,0.11115,565376.0
1667872080000,0.11115,0.11122,0.11105,0.11119,501366.0
1667872140000,0.11118,0.11141,0.11107,0.11113,545163.0
1667872200000,0.11112,0.1112,0.11107,0.11116,315634.0
1667872260000,0.11117,0.11146,0.11117,0.11132,903207.0
1667872320000,0.11131,0.11146,0.11129,0.11136,323647.0
1667872380000,0.11136,0.11138,0.11127,0.11133,192826.0
1667872440000,0.11132,0.11149,0.11129,0.1114,620844.0
1667872500000,0.11139,0.1115,0.11139,0.11148,1799964.0
1667872560000,0.11147,0.1115,0.11146,0.11149,817734.0
1667872620000,0.11149,0.1115,0.1114,0.11145,1023664.0
1667872680000,0.11145,0.1115,0.11139,0.1114,717960.0
1667872740000,0.11139,0.1115,0.11135,0.11147,831947.0
1667872800000,0.11146,0.1115,0.1114,0.11142,785584.0
1667872860000,0.11142,0.11146,0.11134,0.11139,470825.0
1667872920000,0.11136,0.1115,0.11135,0.11147,2255615.0
1667872980000,0.11149,0.11182,0.11148,0.11169,1721316.0
1667873040000,0.11168,0.11168,0.11154,0.11164,499889.0
1667873100000,0.11164,0.11177,0.11156,0.11166,987997.0
1667873160000,0.11165,0.11165,0.11148,0.11162,350668.0
1667873220000,0.11163,0.11169,0.11157,0.11161,191162.0
1667873280000,0.11162,0.11172,0.11155,0.11158,659829.0
1667873340000,0.11158,0.1116,0.11139,0.11144,542077.0
1667873400000,0.11143,0.11145,0.11131,0.11134,349359.0
1667873460000,0.11135,0.11143,0.11126,0.11129,615163.0
1667873520000,0.11129,0.11129,0.11112,0.11125,354044.0
1667873580000,0.11125,0.11125,0.11116,0.11118,421146.0
1667873640000,0.11119,0.11138,0.11119,0.11131,500754.0
1667873700000,0.11131,0.11137,0.11117,0.11134,422548.0
1667873760000,0.11134,0.11174,0.11128,0.11172,1350580.0
1667873820000,0.11172,0.11179,0.11156,0.11176,745202.0
1667873880000,0.11173,0.11198,0.1117,0.11184,697832.0
1667873940000,0.11185,0.11195,0.11179,0.11192,455362.0
1667874000000,0.1119,0.1119,0.11163,0.11179,770655.0
1667874060000,0.11174,0.11184,0.11172,0.11184,72088.0
1667874120000,0.11184,0.11195,0.11173,0.11194,478909.0
1667874180000,0.11194,0.11197,0.11186,0.11189,764428.0
1667874240000,0.11188,0.11198,0.11188,0.11188,222756.0
1667874300000,0.11187,0.11187,0.11174,0.11174,343744.0
1667874360000,0.11174,0.11182,0.1117,0.11182,391117.0
1667874420000,0.11183,0.11192,0.11169,0.11192,393503.0
1667874480000,0.11191,0.112,0.11189,0.11199,323385.0
1667874540000,0.11198,0.11198,0.11175,0.11189,573718.0
1667874600000,0.11189,0.11199,0.11169,0.11171,621491.0
1667874660000,0.11171,0.11172,0.11147,0.11167,3333891.0
1667874720000,0.11168,0.11199,0.11168,0.11197,1855115.0
1667874780000,0.11197,0.11218,0.11197,0.11214,687233.0
1667874840000,0.11213,0.11216,0.1119,0.11192,1356210.0
1667874900000,0.11194,0.11209,0.11176,0.11179,1812004.0
1667874960000,0.11178,0.11184,0.11172,0.11174,497966.0
1667875020000,0.11175,0.11187,0.11175,0.11181,168537.0
1667875080000,0.11182,0.11188,0.11172,0.11175,696772.0
1667875140000,0.11175,0.11176,0.1115,0.11157,859368.0
1667875200000,0.11157,0.11168,0.11152,0.11152,321553.0
1667875260000,0.11151,0.11161,0.1115,0.1115,683925.0
1667875320000,0.11151,0.11163,0.11146,0.11156,534354.0
1667875380000,0.11154,0.11167,0.11152,0.11164,273875.0
1667875440000,0.11163,0.11163,0.11149,0.1116,698924.0
1667875500000,0.1116,0.1116,0.11153,0.11154,193177.0
1667875560000,0.11154,0.11181,0.11154,0.11166,460242.0
1667875620000,0.11167,0.11177,0.11164,0.11167,387266.0
1667875680000,0.11165,0.11172,0.11127,0.11136,940133.0
1667875740000,0.11137,0.11137,0.11102,0.11106,1024984.0
1667875800000,0.11107,0.11115,0.11034,0.11045,4238343.0
1667875860000,0.11045,0.11065,0.11013,0.11064,3544205.0
1667875920000,0.11064,0.11064,0.10888,0.10964,10821534.0
1667875980000,0.10964,0.10995,0.10953,0.10975,2473025.0
1667876040000,0.10973,0.10973,0.10866,0.1088,4615024.0
1667876100000,0.10881,0.10939,0.10881,0.10913,3545108.0
1667876160000,0.10915,0.10941,0.10909,0.10934,2187448.0
1667876220000,0.10933,0.10933,0.10833,0.10853,4214067.0
1667876280000,0.10852,0.10861,0.10769,0.10838,9227220.0
1667876340000,0.10836,0.10869,0.1081,0.10815,5038439.0
1667876400000,0.10813,0.1085,0.10808,0.10809,3763303.0
1667876460000,0.10811,0.10824,0.10591,0.10745,25007140.0
1667876520000,0.10748,0.10785,0.10734,0.10754,5725299.0
1667876580000,0.10759,0.10818,0.10758,0.10798,5992686.0
1667876640000,0.10794,0.10818,0.10777,0.10797,2968071.0
1667876700000,0.10797,0.10836,0.10785,0.10785,3124387.0
1667876760000,0.10784,0.10808,0.1078,0.10796,1668022.0
1667876820000,0.10795,0.10821,0.10789,0.10798,2735392.0
1667876880000,0.10797,0.108,0.1074,0.10747,7108553.0
1667876940000,0.10744,0.10841,0.10744,0.10831,9143366.0
1667877000000,0.10832,0.10833,0.10796,0.10802,6138818.0
1667877060000,0.10802,0.10852,0.10797,0.10848,2001002.0
1667877120000,0.1085,0.10867,0.10833,0.10848,3648681.0
1667877180000,0.10849,0.10871,0.10844,0.10848,1489044.0
1667877240000,0.10847,0.1086,0.1082,0.10834,2844081.0
1667877300000,0.10836,0.10874,0.10812,0.10814,3143580.0
1667877360000,0.10816,0.10828,0.10791,0.10827,3785200.0
1667877420000,0.10828,0.10847,0.10796,0.10798,1555336.0
1667877480000,0.10799,0.10805,0.10506,0.10537,18433562.0
1667877540000,0.10543,0.10688,0.10543,0.10608,10669743.0
1667877600000,0.10608,0.10625,0.10532,0.10614,13006478.0
1667877660000,0.10616,0.10669,0.10611,0.10657,7450466.0
1667877720000,0.10657,0.10677,0.10633,0.10663,5685463.0
1667877780000,0.10663,0.10745,0.1065,0.10721,6286360.0
1667877840000,0.10723,0.10745,0.10696,0.10698,3191517.0
1667877900000,0.10698,0.10728,0.1066,0.10679,2460198.0
1667877960000,0.10682,0.10713,0.10665,0.10692,2445179.0
1667878020000,0.10692,0.10712,0.10659,0.10659,2420515.0
1667878080000,0.10661,0.10691,0.10588,0.10659,17240366.0
1667878140000,0.1066,0.10678,0.10575,0.10585,12223490.0
1667878200000,0.10585,0.10632,0.10572,0.1063,7259907.0
1667878260000,0.1063,0.1067,0.10624,0.10665,3965713.0
1667878320000,0.10666,0.10685,0.10645,0.10648,2860197.0
1667878380000,0.10646,0.10716,0.10636,0.10694,6381601.0
1667878440000,0.10695,0.10716,0.10673,0.10683,2399825.0
1667878500000,0.10684,0.10703,0.10664,0.10695,2264600.0
1667878560000,0.10698,0.10706,0.10671,0.10672,1598753.0
1667878620000,0.10671,0.10691,0.10663,0.10664,1421525.0
1667878680000,0.10665,0.10672,0.10639,0.1064,1231199.0
1667878740000,0.10641,0.10659,0.10621,0.1063,2102399.0
1667878800000,0.10629,0.10652,0.10611,0.1064,3951056.0
1667878860000,0.10639,0.1064,0.10585,0.10591,3612862.0
1667878920000,0.1059,0.10591,0.105,0.10521,14739371.0
1667878980000,0.10522,0.10565,0.10455,0.10462,15847108.0
1667879040000,0.10461,0.10485,0.10418,0.10431,16316914.0
1667879100000,0.10434,0.10507,0.10416,0.10469,9342519.0
1667879160000,0.10469,0.10492,0.10398,0.10403,9797153.0
1667879220000,0.10403,0.10421,0.10371,0.10412,9129026.0
1667879280000,0.10413,0.1047,0.10412,0.10435,8089237.0
1667879340000,0.10435,0.10468,0.10386,0.10392,6047856.0
1667879400000,0.10389,0.10454,0.10382,0.10447,9912816.0
1667879460000,0.10448,0.1051,0.10447,0.10466,14290869.0
1667879520000,0.10467,0.10475,0.10386,0.10395,5995143.0
1667879580000,0.10396,0.10443,0.10377,0.10413,9429069.0
1667879640000,0.10413,0.10418,0.10364,0.10384,5940618.0
1667879700000,0.10384,0.10413,0.10307,0.10344,11710078.0
1667879760000,0.10344,0.10359,0.10275,0.10291,9994760.0
1667879820000,0.10291,0.1031,0.10163,0.10173,18934375.0
1667879880000,0.10173,0.10269,0.10157,0.10198,13687700.0
1667879940000,0.10196,0.10245,0.10149,0.10231,8627585.0
1667880000000,0.10227,0.10266,0.10186,0.10223,9865708.0
1667880060000,0.10221,0.1031,0.10196,0.10307,8432308.0
1667880120000,0.10308,0.10363,0.10297,0.10343,6083959.0
1667880180000,0.10344,0.10378,0.10344,0.10347,5367841.0
1667880240000,0.10348,0.1037,0.10326,0.1034,3507195.0
1667880300000,0.10336,0.10339,0.10282,0.1031,4569098.0
1667880360000,0.10311,0.10348,0.10272,0.10272,3387610.0
1667880420000,0.10272,0.10301,0.10239,0.10241,4213344.0
1667880480000,0.1024,0.10276,0.10165,0.10198,8886702.0
1667880540000,0.10197,0.10255,0.10134,0.10139,9125446.0
1667880600000,0.10138,0.10218,0.1,0.10032,25625622.0
1667880660000,0.10032,0.10106,0.09659,0.09689,49468041.0
1667880720000,0.09687,0.1009,0.09607,0.09694,36924969.0
1667880780000,0.09694,0.09765,0.09627,0.09721,50472480.0
1667880840000,0.09722,0.10091,0.09688,0.09791,33030785.0
1667880900000,0.09788,0.09869,0.09738,0.09844,22843081.0
1667880960000,0.0984,0.09902,0.09825,0.09885,15105948.0
1667881020000,0.09884,0.09892,0.09839,0.09851,12666260.0
1667881080000,0.09852,0.09913,0.09821,0.09903,25540841.0
1667881140000,0.09905,0.09966,0.09878,0.09943,17832999.0
1667881200000,0.09943,0.10044,0.09889,0.10034,15470063.0
1667881260000,0.1003,0.10042,0.09968,0.10004,11616507.0
1667881320000,0.10004,0.10089,0.10003,0.10082,9662239.0
1667881380000,0.10083,0.101,0.10042,0.10057,10664868.0
1667881440000,0.10059,0.10196,0.10059,0.10063,26583327.0
1667881500000,0.10063,0.101,0.10056,0.10094,14410500.0
1667881560000,0.10093,0.101,0.10064,0.10086,6684420.0
1667881620000,0.10086,0.10147,0.10069,0.1014,13201543.0
1667881680000,0.1014,0.10216,0.10126,0.10198,12206478.0
1667881740000,0.10199,0.10199,0.10122,0.1014,12014167.0
1667881800000,0.10142,0.10146,0.10093,0.10099,6793856.0
1667881860000,0.101,0.10138,0.101,0.1012,4434505.0
1667881920000,0.10118,0.1013,0.1009,0.10095,4048674.0
1667881980000,0.10098,0.10109,0.10084,0.10084,3956297.0
1667882040000,0.10084,0.10111,0.10073,0.10078,3145629.0
1667882100000,0.10075,0.10102,0.1003,0.10046,4928670.0
1667882160000,0.10045,0.1005,0.09991,0.10025,8281309.0
1667882220000,0.10024,0.10044,0.1,0.10013,4904307.0
1667882280000,0.10015,0.10015,0.0996,0.09972,6391075.0
1667882340000,0.09975,0.10051,0.09975,0.10035,6789070.0
1667882400000,0.10035,0.10048,0.10027,0.10037,3790367.0
1667882460000,0.10037,0.10083,0.10036,0.10054,4604022.0
1667882520000,0.10054,0.10064,0.10031,0.10037,3244070.0
1667882580000,0.10037,0.10071,0.10037,0.10058,4496455.0
1667882640000,0.10057,0.1006,0.09992,0.09997,5245586.0
1667882700000,0.09996,0.1004,0.09983,0.09984,11006737.0
1667882760000,0.09984,0.09987,0.09917,0.09957,8277086.0
1667882820000,0.09957,0.09999,0.09957,0.09999,4371690.0
1667882880000,0.09999,0.10083,0.0999,0.10075,5797895.0
1667882940000,0.10075,0.10135,0.1006,0.10119,7510822.0
1667883000000,0.10121,0.10133,0.10071,0.10089,6248336.0
1667883060000,0.10089,0.10101,0.10042,0.10069,2305983.0
1667883120000,0.1007,0.10075,0.10035,0.10064,2863687.0
1667883180000,0.10065,0.10082,0.10048,0.10067,4485481.0
1667883240000,0.10069,0.10084,0.10057,0.10062,3091656.0
1667883300000,0.10064,0.10064,0.09991,0.09992,7172439.0
1667883360000,0.09992,0.10022,0.0995,0.09952,5428915.0
1667883420000,0.09951,0.09986,0.09947,0.09955,6707040.0
1667883480000,0.09953,0.10018,0.09952,0.1001,4359907.0
1667883540000,0.1001,0.10031,0.09981,0.09983,5530402.0
1667883600000,0.09984,0.1001,0.09954,0.10009,2969026.0
1667883660000,0.1001,0.10071,0.1001,0.10057,3277052.0
1667883720000,0.10058,0.1009,0.10053,0.10078,4241716.0
1667883780000,0.10077,0.10096,0.10055,0.10092,3115284.0
1667883840000,0.10093,0.10107,0.10077,0.10093,6175380.0
1667883900000,0.10094,0.10096,0.10049,0.10054,4486067.0
1667883960000,0.10055,0.10061,0.10007,0.10011,6686268.0
1667884020000,0.10011,0.10036,0.10006,0.10017,2667518.0
1667884080000,0.10019,0.10049,0.10015,0.10031,2136852.0
1667884140000,0.1003,0.10041,0.09995,0.09996,5526118.0
1667884200000,0.09996,0.09999,0.09939,0.09948,4755212.0
1667884260000,0.09949,0.09962,0.09865,0.09921,8731115.0
1667884320000,0.09922,0.09939,0.09903,0.09911,4521527.0
1667884380000,0.09915,0.09929,0.09811,0.09896,9955216.0
1667884440000,0.09896,0.0994,0.0988,0.09927,7701309.0
1667884500000,0.09924,0.09958,0.09913,0.09944,3841448.0
1667884560000,0.09945,0.10006,0.09933,0.09987,4598116.0
1667884620000,0.09989,0.1003,0.09984,0.10003,2908904.0
1667884680000,0.10001,0.10004,0.09949,0.09954,3820944.0
1667884740000,0.09953,0.0998,0.0995,0.0996,2238049.0
1667884800000,0.09958,0.09962,0.09814,0.0986,6747503.0
1667884860000,0.09862,0.09921,0.0985,0.09851,9778861.0
1667884920000,0.09851,0.09906,0.09817,0.09864,10466405.0
1667884980000,0.09857,0.09878,0.09758,0.09789,16782970.0
1667885040000,0.09793,0.09863,0.09789,0.09831,8718840.0
1667885100000,0.09831,0.09876,0.0979,0.09791,5642977.0
1667885160000,0.0979,0.09816,0.09697,0.09795,15740598.0
1667885220000,0.09795,0.09857,0.09784,0.09854,6129891.0
1667885280000,0.0985,0.09931,0.09814,0.09928,5562125.0
1667885340000,0.09928,0.09982,0.09926,0.09977,7900054.0
1667885400000,0.09976,0.1,0.09958,0.09969,5764878.0
1667885460000,0.09969,0.10033,0.09965,0.10009,7702453.0
1667885520000,0.10009,0.1004,0.09986,0.10005,4447534.0
1667885580000,0.10008,0.10013,0.09956,0.0996,3809653.0
1667885640000,0.09959,0.09976,0.09927,0.09968,3946470.0
1667885700000,0.09969,0.09986,0.09961,0.09961,2707183.0
1667885760000,0.09961,0.1002,0.09959,0.10006,4582641.0
1667885820000,0.10005,0.10041,0.10002,0.10032,4822924.0
1667885880000,0.10033,0.10059,0.10018,0.10035,8093254.0
1667885940000,0.10036,0.10047,0.10006,0.10016,4488035.0
1667886000000,0.10016,0.10032,0.09985,0.0999,2927452.0
1667886060000,0.09989,0.10008,0.09982,0.09994,2258927.0
1667886120000,0.09995,0.10001,0.09971,0.09998,1977572.0
1667886180000,0.09998,0.10019,0.0999,0.10017,2256688.0
1667886240000,0.10018,0.10018,0.09998,0.10004,1551221.0
1667886300000,0.10004,0.10021,0.0995,0.10016,4808315.0
1667886360000,0.10015,0.10065,0.0999,0.10036,4741146.0
1667886420000,0.10035,0.10084,0.10034,0.1004,4472992.0
1667886480000,0.1004,0.1004,0.10002,0.10025,2516628.0
1667886540000,0.10025,0.10046,0.1001,0.10046,997245.0
1667886600000,0.10045,0.10046,0.09979,0.09992,4234264.0
1667886660000,0.09991,0.1,0.09963,0.09976,2906706.0
1667886720000,0.09976,0.09985,0.09961,0.09969,1719057.0
1667886780000,0.09968,0.0997,0.09944,0.0996,2195089.0
1667886840000,0.09961,0.1,0.09961,0.09999,2156468.0
1667886900000,0.1,0.10017,0.09979,0.10017,1883949.0
1667886960000,0.10018,0.10034,0.09998,0.10028,2310170.0
1667887020000,0.10029,0.1004,0.10023,0.10028,2131055.0
1667887080000,0.10028,0.10033,0.10007,0.10007,1917414.0
1667887140000,0.10007,0.10013,0.09994,0.10003,3526803.0
1667887200000,0.10003,0.10003,0.0997,0.09976,2647508.0
1667887260000,0.09977,0.09989,0.09951,0.09963,3528897.0
1667887320000,0.09963,0.09987,0.09951,0.09956,1919854.0
1667887380000,0.0996,0.09975,0.09934,0.09938,4992871.0
1667887440000,0.09938,0.09993,0.09933,0.09986,2858528.0
1667887500000,0.09985,0.1002,0.09977,0.10009,1633149.0
1667887560000,0.10008,0.10035,0.10006,0.10031,1826947.0
1667887620000,0.1003,0.10035,0.10008,0.10009,1947233.0
1667887680000,0.10007,0.10012,0.09982,0.1,2182818.0
1667887740000,0.1,0.10017,0.09994,0.10012,1500546.0
1667887800000,0.10011,0.10027,0.09997,0.09997,1803425.0
1667887860000,0.09997,0.09999,0.0996,0.09984,2138830.0
1667887920000,0.09985,0.09997,0.0997,0.0997,1105942.0
1667887980000,0.0997,0.09985,0.09951,0.09957,4374491.0
1667888040000,0.0996,0.09988,0.09943,0.0997,2318331.0
1667888100000,0.0997,0.09978,0.09945,0.09953,2605970.0
1667888160000,0.09956,0.0999,0.09951,0.09985,2255809.0
1667888220000,0.09986,0.10023,0.09975,0.10016,1865639.0
1667888280000,0.10015,0.10049,0.0999,0.10041,3027393.0
1667888340000,0.1004,0.10059,0.1003,0.10057,1329377.0
1667888400000,0.10059,0.1007,0.10038,0.10052,2805375.0
1667888460000,0.10053,0.10055,0.1002,0.10041,1470853.0
1667888520000,0.10041,0.10069,0.10041,0.10069,4424678.0
1667888580000,0.10069,0.10083,0.10064,0.10077,1374873.0
1667888640000,0.10079,0.10131,0.10062,0.10114,4044541.0
1667888700000,0.10114,0.10114,0.10076,0.10091,9841869.0
1667888760000,0.10089,0.10106,0.10077,0.10099,2135129.0
1667888820000,0.10099,0.10123,0.10099,0.10108,2677058.0
1667888880000,0.10111,0.1014,0.10092,0.10099,5937144.0
1667888940000,0.10098,0.10108,0.10077,0.10088,2965485.0
1667889000000,0.10088,0.10113,0.10067,0.10112,2235802.0
1667889060000,0.10112,0.1017,0.10109,0.10158,4953262.0
1667889120000,0.10159,0.10198,0.10153,0.10188,3526922.0
1667889180000,0.10188,0.102,0.10176,0.10176,4434412.0
1667889240000,0.10175,0.10224,0.10169,0.10188,4747467.0
1667889300000,0.10188,0.10188,0.10123,0.10147,11164539.0
1667889360000,0.10146,0.10146,0.10108,0.10118,8099633.0
1667889420000,0.10123,0.10129,0.10083,0.10102,2596456.0
1667889480000,0.10103,0.10133,0.10101,0.10131,1384240.0
1667889540000,0.1013,0.10155,0.10123,0.10138,1572798.0
1667889600000,0.10138,0.1015,0.10133,0.1015,1693278.0
1667889660000,0.10151,0.10187,0.10146,0.10177,2995698.0
1667889720000,0.10176,0.10191,0.10155,0.10186,1479590.0
1667889780000,0.10189,0.10191,0.1015,0.10166,2665202.0
1667889840000,0.10164,0.10188,0.10159,0.10178,3878926.0
1667889900000,0.10179,0.10185,0.10166,0.10171,3138803.0
1667889960000,0.10169,0.10223,0.10153,0.10201,5058581.0
1667890020000,0.10202,0.10232,0.10195,0.10215,2819313.0
1667890080000,0.10215,0.10215,0.10161,0.10177,3936034.0
1667890140000,0.10177,0.10198,0.10169,0.10176,6088126.0
1667890200000,0.10179,0.10196,0.10161,0.10166,2557648.0
1667890260000,0.10166,0.10184,0.10151,0.10173,4315642.0
1667890320000,0.10174,0.1019,0.10162,0.10165,2460389.0
1667890380000,0.10165,0.10201,0.10157,0.102,5306907.0
1667890440000,0.10197,0.10216,0.10195,0.10206,3042139.0
1667890500000,0.10205,0.10219,0.10195,0.10203,5150142.0
1667890560000,0.10204,0.1023,0.10185,0.10188,7328790.0
1667890620000,0.1019,0.10201,0.10185,0.10193,1479505.0
1667890680000,0.10194,0.10202,0.10188,0.10199,1579904.0
1667890740000,0.10198,0.10208,0.10192,0.10194,1342324.0
1667890800000,0.10193,0.10195,0.10175,0.10179,4034000.0
1667890860000,0.1018,0.1018,0.10147,0.10152,2673716.0
1667890920000,0.10152,0.10165,0.10128,0.10158,3457412.0
1667890980000,0.10158,0.10169,0.10144,0.10144,2023298.0
1667891040000,0.10144,0.10169,0.10136,0.10168,1139934.0
1667891100000,0.10168,0.10176,0.10149,0.10152,8755812.0
1667891160000,0.10151,0.10151,0.10127,0.10138,1998320.0
1667891220000,0.10139,0.10153,0.10099,0.10149,2534355.0
1667891280000,0.10148,0.10163,0.10141,0.10145,1304023.0
1667891340000,0.10145,0.10155,0.10122,0.10124,1930268.0
1667891400000,0.10125,0.10125,0.101,0.10117,1732932.0
1667891460000,0.10119,0.10135,0.10116,0.10119,5074063.0
1667891520000,0.10121,0.10135,0.10113,0.10135,3255940.0
1667891580000,0.10135,0.10141,0.10116,0.10118,811724.0
1667891640000,0.10117,0.10123,0.10087,0.10114,2893081.0
1667891700000,0.10114,0.10114,0.10088,0.10093,1380013.0
1667891760000,0.10092,0.1012,0.10089,0.1012,1610768.0
1667891820000,0.1012,0.10124,0.10102,0.10109,850414.0
1667891880000,0.10109,0.10113,0.10076,0.10113,1762962.0
1667891940000,0.10113,0.10124,0.10107,0.10116,946202.0
1667892000000,0.10116,0.10136,0.10105,0.10105,1866706.0
1667892060000,0.10106,0.10131,0.10105,0.1012,1108871.0
1667892120000,0.1012,0.10136,0.10119,0.10128,1501963.0
1667892180000,0.10127,0.10146,0.10127,0.10145,693972.0
1667892240000,0.10143,0.10147,0.10133,0.10135,844454.0
1667892300000,0.10134,0.10141,0.10127,0.10137,528820.0
1667892360000,0.10137,0.10143,0.10125,0.10129,598648.0
1667892420000,0.10129,0.10131,0.10113,0.10118,579123.0
1667892480000,0.10118,0.10157,0.10118,0.10142,954350.0
1667892540000,0.10142,0.1016,0.10137,0.1016,1352959.0
1667892600000,0.1016,0.10165,0.10135,0.10139,1085570.0
1667892660000,0.10139,0.10154,0.10136,0.10145,634044.0
1667892720000,0.10146,0.10148,0.10136,0.10138,943005.0
1667892780000,0.10138,0.10146,0.1012,0.10124,639941.0
1667892840000,0.10124,0.10146,0.10124,0.10136,775430.0
1667892900000,0.10136,0.10153,0.10132,0.10152,582118.0
1667892960000,0.10152,0.10186,0.10148,0.10167,2560284.0
1667893020000,0.10168,0.10182,0.10159,0.10177,1266127.0
1667893080000,0.10179,0.10232,0.10175,0.10231,7629958.0
1667893140000,0.10233,0.10245,0.1022,0.10244,2268336.0
1667893200000,0.10244,0.1025,0.10209,0.10213,5149431.0
1667893260000,0.10214,0.10215,0.10189,0.10215,2897933.0
1667893320000,0.10217,0.10234,0.10214,0.10222,699526.0
1667893380000,0.10223,0.10242,0.10223,0.10238,1729229.0
1667893440000,0.10238,0.10332,0.10237,0.1031,26873214.0
1667893500000,0.10309,0.10331,0.10299,0.10308,4368677.0
1667893560000,0.1031,0.10318,0.10277,0.10282,4417760.0
1667893620000,0.10282,0.10282,0.10257,0.10271,3414751.0
1667893680000,0.10271,0.10314,0.10262,0.10307,3250563.0
1667893740000,0.10307,0.10332,0.10287,0.10331,4978837.0
1667893800000,0.1033,0.10332,0.103,0.10316,2267019.0
1667893860000,0.10316,0.10316,0.10285,0.10292,8179352.0
1667893920000,0.10291,0.10301,0.1027,0.10297,1414297.0
1667893980000,0.10299,0.10319,0.10295,0.10306,1374093.0
1667894040000,0.10306,0.1033,0.10301,0.10303,8444425.0
1667894100000,0.10305,0.10305,0.10275,0.10286,1317441.0
1667894160000,0.10288,0.10313,0.10281,0.10308,1245943.0
1667894220000,0.10308,0.10313,0.10299,0.10306,1052142.0
1667894280000,0.10306,0.10315,0.10284,0.10295,1249029.0
1667894340000,0.10293,0.10295,0.10273,0.10274,1077046.0
1667894400000,0.10274,0.10275,0.10241,0.10265,3171117.0
1667894460000,0.10265,0.10268,0.10249,0.10261,1239677.0
1667894520000,0.10262,0.10272,0.10209,0.10233,2698519.0
1667894580000,0.10233,0.10249,0.10229,0.10233,1022837.0
1667894640000,0.10232,0.10239,0.1022,0.10233,1589075.0
1667894700000,0.10234,0.10262,0.10223,0.10259,936927.0
1667894760000,0.10259,0.10259,0.10238,0.10239,1334941.0
1667894820000,0.10238,0.10238,0.10217,0.10221,645479.0
1667894880000,0.10222,0.10225,0.10203,0.10219,1236265.0
1667894940000,0.1022,0.1022,0.10203,0.10206,1031517.0
1667895000000,0.10205,0.10209,0.10181,0.10192,3064155.0
1667895060000,0.10193,0.10212,0.10192,0.10195,950615.0
1667895120000,0.10195,0.10195,0.1017,0.1018,2144306.0
1667895180000,0.10179,0.1018,0.10123,0.10154,4995516.0
1667895240000,0.10154,0.10167,0.1015,0.10157,1306453.0
1667895300000,0.10156,0.10163,0.10142,0.10148,1032735.0
1667895360000,0.10147,0.10161,0.10123,0.10156,2517182.0
1667895420000,0.10154,0.10172,0.10149,0.10172,1153588.0
1667895480000,0.10171,0.1018,0.10162,0.10175,977115.0
1667895540000,0.10175,0.10175,0.10153,0.1016,1264214.0
1667895600000,0.10158,0.10174,0.10155,0.10172,876703.0
1667895660000,0.10173,0.10185,0.10171,0.10172,2791279.0
1667895720000,0.10173,0.1018,0.10159,0.10161,949393.0
1667895780000,0.10162,0.10183,0.10161,0.10174,1057017.0
1667895840000,0.10175,0.10179,0.10122,0.10136,2189321.0
1667895900000,0.10136,0.10158,0.10136,0.10149,1249559.0
1667895960000,0.10149,0.10157,0.10137,0.10141,735701.0
1667896020000,0.10139,0.1016,0.10139,0.10154,573467.0
1667896080000,0.10157,0.10172,0.10153,0.10171,1262719.0
1667896140000,0.10171,0.10189,0.10164,0.10174,491619.0
1667896200000,0.10176,0.10176,0.10157,0.10161,1587346.0
1667896260000,0.1016,0.10205,0.1016,0.10196,1285566.0
1667896320000,0.10198,0.10214,0.10194,0.10201,2802139.0
1667896380000,0.10201,0.10213,0.10181,0.10182,3915561.0
1667896440000,0.10181,0.10219,0.10179,0.10212,1243707.0
1667896500000,0.10211,0.1024,0.102,0.10228,1650627.0
1667896560000,0.10227,0.10235,0.10209,0.10218,925654.0
1667896620000,0.10218,0.1023,0.10201,0.10226,662580.0
1667896680000,0.10226,0.10247,0.10222,0.10229,1173565.0
1667896740000,0.10229,0.10244,0.10223,0.10238,1028416.0
1667896800000,0.10238,0.10239,0.10227,0.10228,4405953.0
1667896860000,0.10228,0.10228,0.10206,0.10219,2171428.0
1667896920000,0.10219,0.1023,0.10212,0.10223,1137260.0
1667896980000,0.10225,0.10227,0.10212,0.10226,1161555.0
1667897040000,0.10227,0.10237,0.10218,0.10219,1530127.0
1667897100000,0.10218,0.10219,0.10195,0.102,1849588.0
1667897160000,0.102,0.102,0.10166,0.10177,1061943.0
1667897220000,0.10176,0.10176,0.10144,0.10159,1629934.0
1667897280000,0.10157,0.1016,0.1011,0.10144,3738016.0
1667897340000,0.10145,0.10166,0.10141,0.1016,1072243.0
1667897400000,0.10162,0.10164,0.10123,0.10137,1220541.0
1667897460000,0.10137,0.10147,0.10128,0.10143,898742.0
1667897520000,0.10145,0.10153,0.10138,0.10147,865676.0
1667897580000,0.10147,0.10154,0.10141,0.10143,347739.0
1667897640000,0.10146,0.10151,0.1012,0.10127,836649.0
1667897700000,0.10124,0.10152,0.10124,0.1015,531911.0
1667897760000,0.10152,0.10162,0.10147,0.10162,542234.0
1667897820000,0.10161,0.10164,0.10129,0.10138,560361.0
1667897880000,0.10138,0.10149,0.10124,0.10145,1476710.0
1667897940000,0.10145,0.10152,0.1013,0.10138,685070.0
1667898000000,0.10137,0.10143,0.10127,0.10143,725438.0
1667898060000,0.10143,0.10165,0.10135,0.10135,942486.0
1667898120000,0.10136,0.10136,0.10091,0.10099,4302068.0
1667898180000,0.10098,0.10127,0.10097,0.10106,3154041.0
1667898240000,0.10105,0.10132,0.10105,0.10121,846370.0
1667898300000,0.1012,0.10128,0.10108,0.10128,1305422.0
1667898360000,0.10127,0.10135,0.10121,0.10127,576425.0
1667898420000,0.10128,0.10148,0.10125,0.10148,845927.0
1667898480000,0.10148,0.10154,0.10138,0.10147,806870.0
1667898540000,0.10144,0.10144,0.10117,0.10124,746564.0
1667898600000,0.10127,0.10158,0.10125,0.10156,1916089.0
1667898660000,0.10156,0.10172,0.10148,0.10156,1481127.0
1667898720000,0.10157,0.10187,0.10147,0.10165,1604859.0
1667898780000,0.10166,0.10166,0.10144,0.10153,1558314.0
1667898840000,0.10152,0.10161,0.10145,0.10146,1455915.0
1667898900000,0.10145,0.1018,0.10145,0.1017,2903905.0
1667898960000,0.10173,0.1019,0.10155,0.10157,1179093.0
1667899020000,0.10157,0.10157,0.10124,0.10124,3632451.0
1667899080000,0.10124,0.10137,0.10104,0.10121,1382432.0
1667899140000,0.10121,0.10158,0.10121,0.10154,1942319.0
1667899200000,0.10154,0.10186,0.10154,0.10185,3107459.0
1667899260000,0.10186,0.10189,0.10156,0.10167,1260598.0
1667899320000,0.10167,0.10191,0.10152,0.10182,1017079.0
1667899380000,0.10182,0.10188,0.10172,0.10181,692220.0
1667899440000,0.1018,0.1018,0.10151,0.1016,786207.0
1667899500000,0.1016,0.1016,0.10131,0.10157,1110467.0
1667899560000,0.10158,0.10195,0.10157,0.10189,1426332.0
1667899620000,0.10191,0.10213,0.1018,0.10207,2268115.0
1667899680000,0.10204,0.10223,0.10181,0.10196,2565928.0
1667899740000,0.10197,0.10206,0.10181,0.10192,1362164.0
1667899800000,0.10192,0.10225,0.10173,0.10218,2251304.0
1667899860000,0.10219,0.10323,0.10219,0.10309,8951753.0
1667899920000,0.10309,0.1033,0.10259,0.10263,2586699.0
1667899980000,0.10262,0.10309,0.1026,0.10294,2758859.0
1667900040000,0.10294,0.10331,0.10294,0.10311,2376587.0
1667900100000,0.1031,0.1031,0.10269,0.10277,1561049.0
1667900160000,0.10279,0.1028,0.10266,0.10274,488807.0
1667900220000,0.10277,0.103,0.10271,0.10282,1021995.0
1667900280000,0.10282,0.10287,0.10268,0.1027,963745.0
1667900340000,0.1027,0.10291,0.10249,0.10291,1098347.0
1667900400000,0.10289,0.1031,0.10269,0.10291,7173092.0
1667900460000,0.1029,0.1032,0.10284,0.10316,1503390.0
1667900520000,0.10317,0.10342,0.10309,0.10311,3510908.0
1667900580000,0.1031,0.1036,0.10304,0.10352,7427658.0
1667900640000,0.10352,0.10352,0.10329,0.10346,1969603.0
1667900700000,0.1035,0.10353,0.1032,0.10335,2372185.0
1667900760000,0.10332,0.10349,0.10323,0.10324,2890697.0
1667900820000,0.10325,0.10336,0.10314,0.10317,1186951.0
1667900880000,0.10315,0.10322,0.10276,0.10278,1927785.0
1667900940000,0.10281,0.10299,0.10271,0.10295,3015019.0
1667901000000,0.10295,0.10306,0.10273,0.10276,1561262.0
1667901060000,0.10276,0.10307,0.10274,0.10293,1318565.0
1667901120000,0.10292,0.10305,0.10288,0.10292,1215318.0
1667901180000,0.10292,0.10309,0.10279,0.10279,1463537.0
1667901240000,0.1028,0.10286,0.10273,0.10278,1131672.0
1667901300000,0.10277,0.10289,0.10274,0.10278,537756.0
1667901360000,0.10278,0.10295,0.10271,0.10295,492290.0
1667901420000,0.10295,0.10332,0.10294,0.10311,791622.0
1667901480000,0.10313,0.10318,0.10291,0.10292,2902568.0
1667901540000,0.10293,0.10306,0.10291,0.10298,1153148.0
1667901600000,0.10296,0.10296,0.1026,0.10263,2806243.0
1667901660000,0.10263,0.10271,0.10248,0.10249,1815334.0
1667901720000,0.10249,0.10274,0.10248,0.10249,1579288.0
1667901780000,0.10248,0.10265,0.10242,0.1026,1014681.0
1667901840000,0.1026,0.1027,0.10249,0.10253,2189087.0
1667901900000,0.10251,0.10268,0.10244,0.10255,620761.0
1667901960000,0.10256,0.1029,0.10255,0.10256,2838683.0
1667902020000,0.1026,0.1026,0.10238,0.10246,1561622.0
1667902080000,0.10245,0.10246,0.1022,0.10222,1087817.0
1667902140000,0.10223,0.10241,0.10223,0.10236,1826815.0
1667902200000,0.10237,0.1025,0.10235,0.10241,796857.0
1667902260000,0.10241,0.1025,0.10221,0.10226,1590297.0
1667902320000,0.10227,0.10263,0.10221,0.1026,1286892.0
1667902380000,0.1026,0.10263,0.10231,0.10242,900093.0
1667902440000,0.10242,0.10271,0.10241,0.10266,870064.0
1667902500000,0.10266,0.10267,0.10234,0.10234,607381.0
1667902560000,0.10237,0.1025,0.10231,0.10247,1151472.0
1667902620000,0.10247,0.10249,0.10236,0.10248,331561.0
1667902680000,0.10248,0.10248,0.10224,0.10228,1338968.0
1667902740000,0.10229,0.10238,0.10223,0.10228,2363723.0
1667902800000,0.10229,0.10239,0.1022,0.10234,1070595.0
1667902860000,0.10234,0.10234,0.10211,0.10212,1156825.0
1667902920000,0.10213,0.10214,0.10186,0.10198,2781656.0
1667902980000,0.10199,0.102,0.10165,0.10171,2026852.0
1667903040000,0.10171,0.10189,0.10171,0.10176,2954715.0
1667903100000,0.10176,0.10188,0.10155,0.10165,4199267.0
1667903160000,0.10165,0.10188,0.10161,0.10179,766898.0
1667903220000,0.1018,0.10185,0.10164,0.10172,991784.0
1667903280000,0.10171,0.10185,0.10154,0.10185,1443999.0
1667903340000,0.10185,0.10193,0.10175,0.10176,704636.0
1667903400000,0.10175,0.1019,0.10164,0.10181,858933.0
1667903460000,0.10183,0.10194,0.10164,0.10174,1955651.0
1667903520000,0.10176,0.10181,0.1016,0.10173,2609597.0
1667903580000,0.10175,0.10183,0.1016,0.10164,2302232.0
1667903640000,0.10163,0.10168,0.10134,0.10145,2830646.0
1667903700000,0.10144,0.10177,0.1014,0.10158,1640198.0
1667903760000,0.10161,0.10178,0.10157,0.10164,2235658.0
1667903820000,0.10163,0.10178,0.10163,0.10173,1016145.0
1667903880000,0.1017,0.1018,0.10164,0.10172,1026639.0
1667903940000,0.10176,0.10177,0.10164,0.10166,295021.0
1667904000000,0.10165,0.10176,0.10165,0.10176,329811.0
1667904060000,0.10177,0.10186,0.10177,0.10186,308343.0
1667904120000,0.10186,0.102,0.10181,0.10187,1230182.0
1667904180000,0.10187,0.102,0.10186,0.10193,705806.0
1667904240000,0.10193,0.10194,0.10163,0.10167,1453326.0
1667904300000,0.10167,0.10189,0.10165,0.10189,846366.0
1667904360000,0.10189,0.10208,0.10189,0.10197,881194.0
1667904420000,0.10197,0.10207,0.10196,0.102,784690.0
1667904480000,0.102,0.10221,0.1017,0.10217,1545186.0
1667904540000,0.10217,0.10238,0.10208,0.10216,1249219.0
1667904600000,0.10216,0.10224,0.10198,0.10199,1695974.0
1667904660000,0.10198,0.10215,0.1018,0.10185,1240838.0
1667904720000,0.10184,0.10199,0.10183,0.10185,1293990.0
1667904780000,0.10185,0.10187,0.10178,0.10183,585651.0
1667904840000,0.10183,0.10206,0.10173,0.10199,1998294.0
1667904900000,0.10198,0.10199,0.10166,0.10171,1221241.0
1667904960000,0.10169,0.10175,0.10155,0.10162,1285454.0
1667905020000,0.10163,0.1017,0.1015,0.10158,1469034.0
1667905080000,0.10155,0.10155,0.10136,0.10144,1910417.0
1667905140000,0.10143,0.10168,0.10142,0.10167,1237299.0
1667905200000,0.10167,0.10172,0.10148,0.10154,1768199.0
1667905260000,0.10153,0.10163,0.10126,0.10128,1109971.0
1667905320000,0.10128,0.10148,0.10113,0.10132,3452489.0
1667905380000,0.10135,0.10137,0.10084,0.10094,7790674.0
1667905440000,0.10095,0.10105,0.099,0.10045,29063375.0
1667905500000,0.10047,0.10124,0.10047,0.10124,4723883.0
1667905560000,0.10124,0.10149,0.10122,0.10136,2199869.0
1667905620000,0.10136,0.10146,0.10116,0.10118,1391094.0
1667905680000,0.10118,0.10163,0.10107,0.10158,8304869.0
1667905740000,0.10158,0.10189,0.10157,0.10171,1568533.0
1667905800000,0.10171,0.1019,0.10168,0.1018,1792998.0
1667905860000,0.10181,0.10184,0.10158,0.10161,1602110.0
1667905920000,0.1016,0.10171,0.10141,0.10151,1968073.0
1667905980000,0.10149,0.10188,0.10148,0.1017,2434065.0
1667906040000,0.1017,0.10207,0.10165,0.10202,1303742.0
1667906100000,0.10201,0.10229,0.10199,0.10207,3178422.0
1667906160000,0.10208,0.10223,0.10197,0.10202,1574103.0
1667906220000,0.10201,0.10232,0.10196,0.10225,874943.0
1667906280000,0.10226,0.10241,0.10217,0.10225,2785918.0
1667906340000,0.10223,0.10229,0.10215,0.10215,1122684.0
1667906400000,0.10214,0.10216,0.10197,0.10199,689750.0
1667906460000,0.10201,0.10207,0.10199,0.10205,625998.0
1667906520000,0.10205,0.1022,0.10204,0.10208,664716.0
1667906580000,0.10207,0.10211,0.10205,0.10208,1048199.0
1667906640000,0.10208,0.10208,0.10171,0.10201,3644703.0
1667906700000,0.10197,0.10197,0.10178,0.10185,983858.0
1667906760000,0.10185,0.1021,0.10185,0.10185,1969638.0
1667906820000,0.10185,0.1021,0.10181,0.10199,1283950.0
1667906880000,0.102,0.10203,0.10177,0.10186,1369206.0
1667906940000,0.10185,0.10186,0.10172,0.10186,635935.0
1667907000000,0.10188,0.10201,0.10169,0.10194,1814016.0
1667907060000,0.10197,0.10204,0.10167,0.10171,1265827.0
1667907120000,0.1017,0.10171,0.10147,0.10159,1528346.0
1667907180000,0.10161,0.10161,0.10124,0.10125,1558098.0
1667907240000,0.10125,0.10149,0.10114,0.10115,853429.0
1667907300000,0.10116,0.10143,0.10107,0.1014,1328826.0
1667907360000,0.10139,0.10157,0.10131,0.10153,781151.0
1667907420000,0.1015,0.10155,0.10127,0.10127,776556.0
1667907480000,0.10127,0.10153,0.1009,0.10147,18803027.0
1667907540000,0.10145,0.10147,0.1012,0.10125,1575800.0
1667907600000,0.10125,0.10136,0.1012,0.10128,2554356.0
1667907660000,0.10129,0.10157,0.10128,0.10149,1155293.0
1667907720000,0.10148,0.10148,0.1012,0.10126,1426245.0
1667907780000,0.10126,0.10132,0.1011,0.1011,988746.0
1667907840000,0.10109,0.10116,0.10094,0.10111,4290366.0
1667907900000,0.1011,0.10119,0.10091,0.10116,1488400.0
1667907960000,0.10113,0.10128,0.1011,0.10121,1565871.0
1667908020000,0.10125,0.10135,0.10115,0.10116,1348765.0
1667908080000,0.10116,0.10116,0.10091,0.10099,909165.0
1667908140000,0.10098,0.1012,0.1009,0.10113,2062866.0
1667908200000,0.10114,0.10124,0.10102,0.10123,460005.0
1667908260000,0.10122,0.10123,0.10101,0.10105,853437.0
1667908320000,0.10105,0.10106,0.10082,0.10098,1006953.0
1667908380000,0.10099,0.10108,0.10079,0.10104,1160959.0
1667908440000,0.10103,0.10103,0.10077,0.10087,1406514.0
1667908500000,0.10087,0.10111,0.10085,0.10106,727149.0
1667908560000,0.10107,0.10117,0.10084,0.10084,487312.0
1667908620000,0.10085,0.101,0.10081,0.10093,2207757.0
1667908680000,0.10092,0.10099,0.10088,0.10097,262266.0
1667908740000,0.10099,0.10109,0.10092,0.10097,1050206.0
1667908800000,0.10098,0.1011,0.10076,0.10085,1791797.0
1667908860000,0.10085,0.10102,0.10076,0.101,886458.0
1667908920000,0.101,0.10149,0.101,0.10146,2095552.0
1667908980000,0.10146,0.10155,0.10127,0.10136,1914854.0
1667909040000,0.10136,0.10136,0.10107,0.10119,1347825.0
1667909100000,0.10119,0.10149,0.1011,0.10147,1102395.0
1667909160000,0.10147,0.10173,0.10146,0.10172,1997786.0
1667909220000,0.10171,0.10179,0.10165,0.10173,936593.0
1667909280000,0.10172,0.10194,0.10161,0.1019,1395332.0
1667909340000,0.1019,0.1019,0.10163,0.10174,1136516.0
1667909400000,0.10174,0.10197,0.10173,0.10174,939952.0
1667909460000,0.10176,0.10193,0.10167,0.10187,673613.0
1667909520000,0.10185,0.1019,0.10154,0.10164,1144309.0
1667909580000,0.10165,0.10191,0.10155,0.10189,1644100.0
1667909640000,0.10187,0.102,0.10181,0.10192,1162157.0
1667909700000,0.10191,0.10194,0.10163,0.10164,1245901.0
1667909760000,0.10165,0.10169,0.10128,0.10132,1680554.0
1667909820000,0.10132,0.10172,0.10132,0.10161,599652.0
1667909880000,0.10162,0.10163,0.10132,0.10137,1244792.0
1667909940000,0.10136,0.10149,0.10129,0.10143,798551.0
1667910000000,0.10147,0.10148,0.1013,0.1013,515934.0
1667910060000,0.1013,0.10142,0.10125,0.10142,466483.0
1667910120000,0.10142,0.10151,0.10133,0.10148,377154.0
1667910180000,0.10148,0.10165,0.10148,0.10165,782211.0
1667910240000,0.10166,0.10169,0.10141,0.10153,995991.0
1667910300000,0.10153,0.10166,0.1013,0.10134,1596144.0
1667910360000,0.10134,0.1014,0.10127,0.10129,702985.0
1667910420000,0.10129,0.1013,0.10112,0.10119,969030.0
1667910480000,0.10119,0.10127,0.10115,0.10127,313742.0
1667910540000,0.10126,0.10128,0.10116,0.1012,567159.0
1667910600000,0.10118,0.10143,0.10114,0.10126,811534.0
1667910660000,0.10128,0.10145,0.10113,0.10117,3157773.0
1667910720000,0.10117,0.10144,0.10113,0.10133,1069749.0
1667910780000,0.10137,0.10138,0.10085,0.10121,3813374.0
1667910840000,0.10121,0.10121,0.10104,0.10114,805101.0
1667910900000,0.10112,0.10115,0.10102,0.10111,632345.0
1667910960000,0.10111,0.1012,0.1009,0.10097,1056074.0
1667911020000,0.10098,0.10098,0.10066,0.10075,2581097.0
1667911080000,0.10076,0.10086,0.1,0.10055,18409365.0
1667911140000,0.10053,0.10066,0.10038,0.1004,2224537.0
1667911200000,0.10043,0.10062,0.10039,0.10046,2806630.0
1667911260000,0.10044,0.10081,0.10043,0.1008,1478029.0
1667911320000,0.1008,0.10092,0.10078,0.10086,1142179.0
1667911380000,0.10085,0.10085,0.10053,0.10056,712662.0
1667911440000,0.10061,0.10075,0.10037,0.10042,6625393.0
1667911500000,0.10042,0.10069,0.10031,0.10068,4246452.0
1667911560000,0.10068,0.10083,0.10066,0.10076,1095804.0
1667911620000,0.10077,0.10082,0.10071,0.10073,677759.0
1667911680000,0.10073,0.10092,0.10065,0.10092,800269.0
1667911740000,0.10092,0.10098,0.10076,0.10097,1979628.0
1667911800000,0.10096,0.10126,0.10096,0.10117,2114922.0
1667911860000,0.10118,0.10128,0.10107,0.1011,658009.0
1667911920000,0.10111,0.10125,0.10109,0.10122,547789.0
1667911980000,0.1012,0.10125,0.1011,0.10115,951702.0
1667912040000,0.10114,0.10121,0.10102,0.10121,422619.0
1667912100000,0.10121,0.1014,0.10117,0.10128,2161517.0
1667912160000,0.10129,0.10144,0.1011,0.10141,953508.0
1667912220000,0.10141,0.10142,0.10115,0.10128,1424908.0
1667912280000,0.10128,0.10139,0.10127,0.10135,293343.0
1667912340000,0.10136,0.10149,0.10136,0.10146,409993.0
1667912400000,0.10147,0.10154,0.10132,0.10142,1189560.0
1667912460000,0.10142,0.10142,0.1012,0.10123,639826.0
1667912520000,0.10123,0.10131,0.10119,0.1013,571355.0
1667912580000,0.1013,0.10158,0.10126,0.10155,1390955.0
1667912640000,0.10155,0.10193,0.10155,0.10178,4920536.0
1667912700000,0.10175,0.10177,0.10148,0.10154,1918270.0
1667912760000,0.10153,0.10165,0.10139,0.10165,1459718.0
1667912820000,0.10165,0.10169,0.10153,0.10165,574741.0
1667912880000,0.10166,0.1017,0.10152,0.10168,1135874.0
1667912940000,0.10168,0.1019,0.10168,0.10175,757587.0
1667913000000,0.10175,0.10184,0.10151,0.10165,1006231.0
1667913060000,0.10162,0.10177,0.10153,0.10169,679182.0
1667913120000,0.10171,0.10171,0.10154,0.10166,814977.0
1667913180000,0.10166,0.1017,0.10157,0.10167,607677.0
1667913240000,0.10166,0.1017,0.1015,0.10161,557917.0
1667913300000,0.10161,0.1018,0.10149,0.10175,1294712.0
1667913360000,0.10176,0.10176,0.10122,0.10149,1677197.0
1667913420000,0.10149,0.10152,0.10136,0.1014,584057.0
1667913480000,0.1014,0.1014,0.10119,0.10128,837598.0
1667913540000,0.10127,0.10127,0.10091,0.10104,1274949.0
1667913600000,0.10109,0.10117,0.10078,0.10082,1259687.0
1667913660000,0.1008,0.10112,0.1008,0.10097,1733981.0
1667913720000,0.10098,0.10113,0.10083,0.10083,2228454.0
1667913780000,0.10084,0.10102,0.10084,0.10096,1068031.0
1667913840000,0.10096,0.10096,0.10084,0.10092,592388.0
1667913900000,0.1009,0.10096,0.10079,0.1009,390157.0
1667913960000,0.1009,0.10126,0.1009,0.10115,902951.0
1667914020000,0.10115,0.10119,0.10085,0.10095,1064167.0
1667914080000,0.10096,0.10097,0.1007,0.10079,1393488.0
1667914140000,0.10084,0.10106,0.10075,0.1009,1011796.0
1667914200000,0.10091,0.10102,0.10091,0.10102,559136.0
1667914260000,0.10101,0.10105,0.10066,0.10105,2600142.0
1667914320000,0.10104,0.10115,0.10094,0.10115,661012.0
1667914380000,0.10111,0.10127,0.101,0.10118,1499672.0
1667914440000,0.10118,0.10133,0.10115,0.1013,586603.0
1667914500000,0.1013,0.10145,0.10126,0.10145,1405137.0
1667914560000,0.10145,0.10162,0.10143,0.10157,1473161.0
1667914620000,0.10159,0.10183,0.10159,0.1018,788239.0
1667914680000,0.1018,0.10191,0.10173,0.1019,1773379.0
1667914740000,0.1019,0.10193,0.10168,0.10172,4742951.0
1667914800000,0.10172,0.10185,0.10167,0.10175,1198235.0
1667914860000,0.10179,0.10205,0.10179,0.10202,1579150.0
1667914920000,0.10202,0.10232,0.10196,0.10217,4289031.0
1667914980000,0.10217,0.10218,0.10189,0.10192,1608028.0
1667915040000,0.10193,0.10215,0.10187,0.10199,1799660.0
1667915100000,0.102,0.10214,0.10184,0.10188,975065.0
1667915160000,0.10187,0.1019,0.10176,0.10182,999377.0
1667915220000,0.10182,0.10204,0.10181,0.10201,1797362.0
1667915280000,0.10203,0.10217,0.10203,0.10214,2898155.0
1667915340000,0.10214,0.10221,0.10203,0.10216,2615384.0
1667915400000,0.10215,0.1022,0.10196,0.10205,1137989.0
1667915460000,0.10203,0.1021,0.10194,0.1021,1084352.0
1667915520000,0.10209,0.10209,0.10199,0.10201,1387241.0
1667915580000,0.10201,0.10202,0.1014,0.10143,2783291.0
1667915640000,0.10144,0.10147,0.10081,0.10118,8005432.0
1667915700000,0.10123,0.10134,0.10072,0.10075,7190385.0
1667915760000,0.10074,0.10115,0.10067,0.10068,6740345.0
1667915820000,0.10067,0.10098,0.10056,0.10063,5229371.0
1667915880000,0.10064,0.10108,0.10064,0.1008,1958003.0
1667915940000,0.1008,0.10092,0.10066,0.10078,1612607.0
1667916000000,0.10077,0.10112,0.10068,0.10069,3651732.0
1667916060000,0.10067,0.10078,0.09947,0.10016,10014752.0
1667916120000,0.10018,0.10097,0.10018,0.10096,2272319.0
1667916180000,0.10096,0.1013,0.10096,0.10128,2671452.0
1667916240000,0.10127,0.10147,0.1009,0.10145,2149106.0
1667916300000,0.10142,0.10163,0.10134,0.10163,2675679.0
1667916360000,0.10163,0.10178,0.10132,0.10157,3266832.0
1667916420000,0.10159,0.10168,0.10156,0.10156,1615284.0
1667916480000,0.10157,0.10157,0.10129,0.10137,1548181.0
1667916540000,0.10137,0.10137,0.10089,0.1009,1147516.0
1667916600000,0.10091,0.10099,0.10031,0.10036,8052366.0
1667916660000,0.10034,0.10074,0.10032,0.10049,1576731.0
1667916720000,0.10052,0.10072,0.10041,0.10048,1449893.0
1667916780000,0.10049,0.1008,0.10049,0.1008,2277566.0
1667916840000,0.10081,0.10091,0.10063,0.10084,1839044.0
1667916900000,0.10082,0.10085,0.10054,0.10056,1285358.0
1667916960000,0.10063,0.10087,0.10047,0.10052,2067193.0
1667917020000,0.10052,0.10056,0.09993,0.09998,2317028.0
1667917080000,0.09998,0.10035,0.09998,0.10025,3639731.0
1667917140000,0.10024,0.10037,0.09999,0.1,3203709.0
1667917200000,0.09999,0.10028,0.0998,0.10011,5164789.0
1667917260000,0.10013,0.10023,0.0999,0.09991,2591877.0
1667917320000,0.09991,0.10029,0.09991,0.1002,2370777.0
1667917380000,0.10021,0.10045,0.09975,0.09994,4125156.0
1667917440000,0.09998,0.10016,0.09992,0.10014,2513391.0
1667917500000,0.10015,0.10031,0.09997,0.10018,1791031.0
1667917560000,0.10019,0.10073,0.10009,0.10039,7952560.0
1667917620000,0.10038,0.10038,0.10001,0.10015,2069313.0
1667917680000,0.10018,0.10018,0.0997,0.09971,1550879.0
1667917740000,0.0997,0.0997,0.09815,0.09891,17395310.0
1667917800000,0.09897,0.09902,0.09846,0.09878,8264780.0
1667917860000,0.09877,0.09922,0.09858,0.09912,6320884.0
1667917920000,0.09911,0.09938,0.0989,0.09913,2555837.0
1667917980000,0.09913,0.09919,0.09865,0.09865,4378300.0
1667918040000,0.09865,0.09883,0.09813,0.09833,7521368.0
1667918100000,0.09832,0.09869,0.09823,0.09823,2795898.0
1667918160000,0.09823,0.09842,0.09709,0.09763,18218426.0
1667918220000,0.09761,0.09774,0.09641,0.09669,17817080.0
1667918280000,0.09669,0.09743,0.09657,0.09684,14626964.0
1667918340000,0.09686,0.09749,0.09667,0.09697,12819960.0
1667918400000,0.09696,0.09724,0.09665,0.09696,7486039.0
1667918460000,0.09696,0.09724,0.09607,0.09629,11550902.0
1667918520000,0.0963,0.0974,0.0962,0.09717,12635713.0
1667918580000,0.09717,0.09753,0.09712,0.09752,5481311.0
1667918640000,0.09749,0.09829,0.09721,0.09825,15142203.0
1667918700000,0.09825,0.09841,0.09761,0.09761,6159733.0
1667918760000,0.0976,0.09808,0.0976,0.0978,3819305.0
1667918820000,0.09779,0.0981,0.09768,0.09804,6972223.0
1667918880000,0.09806,0.0982,0.09759,0.09769,14733289.0
1667918940000,0.09767,0.09791,0.09716,0.09785,6024589.0
1667919000000,0.09786,0.09818,0.09707,0.09756,9856274.0
1667919060000,0.09758,0.09844,0.09756,0.09843,5691026.0
1667919120000,0.09843,0.09895,0.09839,0.09867,13031741.0
1667919180000,0.09866,0.09897,0.09859,0.09874,4222511.0
1667919240000,0.09875,0.09912,0.09875,0.09893,5548489.0
1667919300000,0.09896,0.09918,0.09866,0.09909,5923395.0
1667919360000,0.09909,0.0991,0.09867,0.09872,3477378.0
1667919420000,0.09871,0.09885,0.09856,0.09867,3582645.0
1667919480000,0.09866,0.09884,0.09836,0.09845,2568968.0
1667919540000,0.09843,0.09867,0.09827,0.09832,3154744.0
1667919600000,0.0983,0.09861,0.09827,0.09861,3227693.0
1667919660000,0.09863,0.099,0.09836,0.09898,2882542.0
1667919720000,0.09899,0.09911,0.0988,0.09881,3885208.0
1667919780000,0.09881,0.09886,0.09824,0.09846,3241174.0
1667919840000,0.09846,0.09851,0.09795,0.09821,3964787.0
1667919900000,0.09815,0.09845,0.09795,0.09842,5532414.0
1667919960000,0.09843,0.0992,0.09842,0.0992,4873112.0
1667920020000,0.09921,0.09924,0.09893,0.09905,2553941.0
1667920080000,0.09905,0.09906,0.09883,0.09906,1324369.0
1667920140000,0.09906,0.09918,0.09892,0.09916,1456414.0
1667920200000,0.09915,0.0993,0.09893,0.09917,1464508.0
1667920260000,0.09916,0.0993,0.09891,0.0993,1275388.0
1667920320000,0.0993,0.09953,0.09927,0.09932,3427801.0
1667920380000,0.09932,0.09932,0.09893,0.0991,2814020.0
1667920440000,0.0991,0.09938,0.09897,0.09904,2958568.0
1667920500000,0.09903,0.0992,0.09895,0.09896,1973949.0
1667920560000,0.09897,0.0995,0.09888,0.09943,4590537.0
1667920620000,0.09943,0.0996,0.09925,0.09956,4464318.0
1667920680000,0.09955,0.09956,0.09906,0.0991,1924122.0
1667920740000,0.09908,0.09919,0.09837,0.09846,7261599.0
1667920800000,0.09848,0.0987,0.09835,0.09846,1671441.0
1667920860000,0.09846,0.09881,0.09842,0.09861,2398881.0
1667920920000,0.09861,0.09865,0.09818,0.09825,1705884.0
1667920980000,0.09828,0.09844,0.09803,0.09814,2321930.0
1667921040000,0.09815,0.09842,0.09797,0.09805,2328893.0
1667921100000,0.09802,0.09831,0.09772,0.09776,2821933.0
1667921160000,0.09778,0.09807,0.09775,0.09776,5148235.0
1667921220000,0.09776,0.09801,0.09765,0.09776,3210288.0
1667921280000,0.09779,0.09795,0.09736,0.09753,6295131.0
1667921340000,0.09755,0.09789,0.09666,0.0972,14899276.0
1667921400000,0.09718,0.09787,0.09709,0.09717,10125418.0
1667921460000,0.09722,0.09781,0.09717,0.09764,3849532.0
1667921520000,0.09765,0.09794,0.09738,0.09759,7445844.0
1667921580000,0.09756,0.09779,0.09735,0.09736,5621155.0
1667921640000,0.09736,0.09771,0.0972,0.0974,4950339.0
1667921700000,0.09744,0.09748,0.09714,0.09734,2411517.0
1667921760000,0.0973,0.09768,0.09728,0.09761,2042021.0
1667921820000,0.09761,0.09771,0.09753,0.09762,1642688.0
1667921880000,0.09765,0.0979,0.09765,0.09779,1585011.0
1667921940000,0.09779,0.09791,0.09752,0.09755,2283347.0
1667922000000,0.09756,0.09766,0.09744,0.09749,2002713.0
1667922060000,0.0975,0.09753,0.09733,0.09736,2338303.0
1667922120000,0.09737,0.09774,0.09734,0.09773,1289980.0
1667922180000,0.09774,0.09804,0.09764,0.09802,2129254.0
1667922240000,0.09802,0.0983,0.0977,0.09785,7954263.0
1667922300000,0.09786,0.09791,0.09731,0.09736,8018762.0
1667922360000,0.09736,0.09774,0.09727,0.09766,5529151.0
1667922420000,0.09765,0.09796,0.09762,0.09796,1582319.0
1667922480000,0.09797,0.09828,0.09796,0.09816,2936230.0
1667922540000,0.09818,0.09842,0.098,0.09839,2134008.0
1667922600000,0.0984,0.09867,0.09839,0.09848,2239936.0
1667922660000,0.09849,0.09864,0.0983,0.09858,2123402.0
1667922720000,0.09857,0.09872,0.09839,0.09861,1354299.0
1667922780000,0.09859,0.09884,0.09854,0.0988,4560792.0
1667922840000,0.09881,0.09884,0.09853,0.0987,2882502.0
1667922900000,0.09871,0.09886,0.09863,0.09865,1219375.0
1667922960000,0.09865,0.09886,0.09865,0.09885,888571.0
1667923020000,0.09885,0.09916,0.09885,0.09889,2017438.0
1667923080000,0.09888,0.099,0.09884,0.09891,1152445.0
1667923140000,0.0989,0.09942,0.0989,0.09941,4435553.0
1667923200000,0.0994,0.09953,0.09918,0.09949,4911125.0
1667923260000,0.09953,0.09954,0.09887,0.09893,7395401.0
1667923320000,0.09893,0.09938,0.09876,0.09935,2596895.0
1667923380000,0.09935,0.10053,0.09935,0.10051,8617737.0
1667923440000,0.1005,0.10181,0.10049,0.10166,15644677.0
1667923500000,0.10165,0.10295,0.10128,0.10224,16404909.0
1667923560000,0.1022,0.10458,0.10213,0.10268,43251412.0
1667923620000,0.10265,0.10446,0.10251,0.10417,23296648.0
1667923680000,0.10426,0.10549,0.10401,0.1051,30150158.0
1667923740000,0.10509,0.10737,0.10453,0.10649,26029428.0
1667923800000,0.10662,0.1069,0.10467,0.10476,24344651.0
1667923860000,0.10473,0.10577,0.104,0.10534,22215416.0
1667923920000,0.10534,0.10655,0.10518,0.10614,11382630.0
1667923980000,0.10616,0.10803,0.10614,0.10714,27637443.0
1667924040000,0.1071,0.10713,0.10575,0.10684,10482207.0
1667924100000,0.10683,0.1085,0.10608,0.10795,19593397.0
1667924160000,0.10793,0.10829,0.10656,0.10714,23818593.0
1667924220000,0.10716,0.10777,0.10697,0.107,6366484.0
1667924280000,0.10698,0.10765,0.10688,0.10689,5916600.0
1667924340000,0.10688,0.1071,0.10492,0.10513,20723271.0
1667924400000,0.1052,0.10659,0.10515,0.10621,8088228.0
1667924460000,0.10621,0.10637,0.10561,0.10592,5353669.0
1667924520000,0.10591,0.1075,0.10584,0.10741,11412289.0
1667924580000,0.10746,0.10767,0.107,0.10714,7717010.0
1667924640000,0.10715,0.1074,0.10682,0.10732,8085074.0
1667924700000,0.10729,0.10775,0.10678,0.10745,12320946.0
1667924760000,0.10746,0.1082,0.10734,0.10799,18336726.0
1667924820000,0.10799,0.10844,0.10766,0.10784,20069490.0
1667924880000,0.10782,0.10793,0.10686,0.10694,8907503.0
1667924940000,0.10687,0.10746,0.10682,0.10737,12741519.0
1667925000000,0.10738,0.1074,0.10666,0.10693,13053911.0
1667925060000,0.1069,0.10826,0.10683,0.108,22939810.0
1667925120000,0.108,0.10979,0.1078,0.1094,23781424.0
1667925180000,0.10939,0.10967,0.1077,0.10915,18653576.0
1667925240000,0.10915,0.1096,0.10859,0.10914,9422278.0
1667925300000,0.10914,0.10952,0.10861,0.10896,8863000.0
1667925360000,0.10896,0.1095,0.10864,0.1095,6081686.0
1667925420000,0.1095,0.11083,0.10921,0.11053,13573452.0
1667925480000,0.11054,0.11153,0.11046,0.1105,18586081.0
1667925540000,0.11048,0.1112,0.1104,0.11079,7621823.0
1667925600000,0.11072,0.11195,0.11055,0.11164,7559518.0
1667925660000,0.11172,0.11178,0.1108,0.11134,9942299.0
1667925720000,0.11131,0.11219,0.1111,0.11188,12361775.0
1667925780000,0.11189,0.113,0.11175,0.11199,16801917.0
1667925840000,0.11199,0.11234,0.11119,0.1114,7712778.0
1667925900000,0.11134,0.11162,0.11087,0.11088,4711443.0
1667925960000,0.11088,0.11119,0.1104,0.11047,6475218.0
1667926020000,0.11041,0.11059,0.109,0.11002,10988480.0
1667926080000,0.11001,0.1101,0.10932,0.10941,10262235.0
1667926140000,0.10941,0.10992,0.10933,0.10952,5153915.0
1667926200000,0.10957,0.10982,0.109,0.10907,4725584.0
1667926260000,0.10909,0.10932,0.10862,0.10912,5344357.0
1667926320000,0.10912,0.10955,0.10908,0.10945,3445112.0
1667926380000,0.10942,0.1095,0.10911,0.10915,3025330.0
1667926440000,0.10913,0.10942,0.10904,0.10911,2691533.0
1667926500000,0.10909,0.10913,0.1084,0.1088,5507199.0
1667926560000,0.1088,0.10883,0.10811,0.10822,3593360.0
1667926620000,0.10822,0.10849,0.10812,0.10826,4301274.0
1667926680000,0.10822,0.1085,0.10782,0.10796,5990257.0
1667926740000,0.10795,0.1085,0.10788,0.10811,5553988.0
1667926800000,0.10812,0.10899,0.10812,0.1089,4521006.0
1667926860000,0.10889,0.10938,0.10844,0.10846,4733617.0
1667926920000,0.10845,0.10874,0.10768,0.10811,5358921.0
1667926980000,0.10812,0.10831,0.10769,0.10788,3752394.0
1667927040000,0.10788,0.10799,0.1075,0.10793,3351637.0
1667927100000,0.10793,0.10795,0.10682,0.10737,9859620.0
1667927160000,0.10738,0.10798,0.10736,0.10779,3815795.0
1667927220000,0.10779,0.10822,0.10779,0.10808,3142734.0
1667927280000,0.10807,0.10854,0.10806,0.10839,2287377.0
1667927340000,0.10839,0.10861,0.10825,0.10832,3926014.0
1667927400000,0.1083,0.109,0.1083,0.10877,2653582.0
1667927460000,0.10877,0.10905,0.1086,0.10868,2717411.0
1667927520000,0.10865,0.10866,0.10798,0.10815,3024831.0
1667927580000,0.10816,0.10828,0.10749,0.10789,8517382.0
1667927640000,0.10789,0.10793,0.10752,0.10759,3005353.0
1667927700000,0.10758,0.108,0.107,0.10728,5813852.0
1667927760000,0.10727,0.1083,0.10714,0.10778,3695824.0
1667927820000,0.10782,0.10825,0.10766,0.10775,3044338.0
1667927880000,0.10776,0.108,0.10763,0.1077,1594933.0
1667927940000,0.10775,0.10792,0.10677,0.10692,8220065.0
1667928000000,0.10691,0.107,0.106,0.10641,10902871.0
1667928060000,0.10647,0.10686,0.10559,0.10575,15425782.0
1667928120000,0.10576,0.10643,0.10559,0.1062,9264939.0
1667928180000,0.1062,0.10682,0.10596,0.10611,5696853.0
1667928240000,0.10611,0.10622,0.1054,0.10606,6557253.0
1667928300000,0.10602,0.10646,0.10547,0.10636,4204522.0
1667928360000,0.10636,0.10638,0.10555,0.10598,2931027.0
1667928420000,0.10592,0.10606,0.10397,0.10479,25792650.0
1667928480000,0.10479,0.10556,0.10399,0.10493,15310287.0
1667928540000,0.10497,0.10545,0.10472,0.10534,5721209.0
1667928600000,0.10534,0.10542,0.10466,0.10474,3053436.0
1667928660000,0.10473,0.10539,0.10473,0.10509,2726543.0
1667928720000,0.1051,0.10568,0.10491,0.10537,2422996.0
1667928780000,0.10537,0.10647,0.10537,0.10591,7605075.0
1667928840000,0.10589,0.10644,0.10575,0.1063,5195972.0
1667928900000,0.10629,0.10629,0.10547,0.10556,2791592.0
1667928960000,0.10555,0.10582,0.10524,0.10527,2217933.0
1667929020000,0.10527,0.10555,0.10489,0.10546,6649967.0
1667929080000,0.10545,0.10552,0.10512,0.10534,1239456.0
1667929140000,0.10536,0.10576,0.10523,0.10574,1618034.0
1667929200000,0.10573,0.10586,0.10541,0.10576,2781800.0
1667929260000,0.10572,0.10572,0.10514,0.10514,2373758.0
1667929320000,0.10516,0.10557,0.10506,0.10552,1621054.0
1667929380000,0.10547,0.10549,0.1045,0.1047,3613177.0
1667929440000,0.10469,0.10522,0.10417,0.1045,3418270.0
1667929500000,0.1045,0.10503,0.10423,0.10447,5325091.0
1667929560000,0.10446,0.10493,0.10434,0.10453,2664967.0
1667929620000,0.10453,0.1047,0.10347,0.10378,8108991.0
1667929680000,0.10381,0.10449,0.10381,0.1044,4770575.0
1667929740000,0.10437,0.10466,0.10419,0.10437,2254021.0
1667929800000,0.10445,0.10459,0.10397,0.10404,2022379.0
1667929860000,0.10403,0.10427,0.10307,0.10311,4425773.0
1667929920000,0.10319,0.104,0.10247,0.10257,16704533.0
1667929980000,0.10262,0.10327,0.10025,0.10109,26402504.0
1667930040000,0.10108,0.10138,0.09912,0.10064,28260268.0
1667930100000,0.10057,0.10218,0.09949,0.0995,21200025.0
1667930160000,0.09949,0.10052,0.09943,0.10007,15908798.0
1667930220000,0.10006,0.10026,0.09953,0.10001,5419617.0
1667930280000,0.10001,0.10023,0.09977,0.09987,4160088.0
1667930340000,0.09984,0.10067,0.09931,0.09955,7454047.0
1667930400000,0.09954,0.10147,0.0995,0.10134,9117747.0
1667930460000,0.10132,0.10228,0.10073,0.1016,8973494.0
1667930520000,0.10158,0.10158,0.10034,0.10102,5309321.0
1667930580000,0.10102,0.10124,0.10013,0.10033,3339108.0
1667930640000,0.10036,0.10085,0.099,0.09925,8582557.0
1667930700000,0.09926,0.10008,0.095,0.09502,39464899.0
1667930760000,0.09502,0.09595,0.09119,0.09261,43737872.0
1667930820000,0.09264,0.0964,0.09146,0.09456,31895321.0
1667930880000,0.09456,0.09559,0.09293,0.09308,15373876.0
1667930940000,0.09298,0.0993,0.09115,0.09381,60581104.0
1667931000000,0.09369,0.09473,0.09229,0.09286,18405910.0
1667931060000,0.09273,0.09488,0.0927,0.09463,11748533.0
1667931120000,0.09463,0.096,0.09414,0.0942,16381430.0
1667931180000,0.09443,0.09565,0.09248,0.09527,19395921.0
1667931240000,0.09533,0.09584,0.0943,0.09464,7005381.0
1667931300000,0.09465,0.09478,0.09411,0.09415,5686469.0
1667931360000,0.09423,0.09448,0.09315,0.09323,7387402.0
1667931420000,0.09324,0.0944,0.09263,0.094,9349584.0
1667931480000,0.09393,0.09401,0.09205,0.09313,11644050.0
1667931540000,0.09312,0.09361,0.09133,0.09184,12306506.0
1667931600000,0.09184,0.092,0.08985,0.09024,34381939.0
1667931660000,0.0902,0.092,0.0882,0.09169,32274437.0
1667931720000,0.09169,0.09484,0.09121,0.0946,19142882.0
1667931780000,0.0946,0.09473,0.0917,0.09233,15857284.0
1667931840000,0.09228,0.09388,0.09207,0.09331,14696548.0
1667931900000,0.09331,0.0938,0.092,0.09363,10675219.0
1667931960000,0.09372,0.09412,0.09245,0.0927,17742498.0
1667932020000,0.09269,0.09388,0.09215,0.09381,11129159.0
1667932080000,0.09385,0.09413,0.09282,0.0935,7385497.0
1667932140000,0.09341,0.09412,0.09316,0.09401,10112754.0
1667932200000,0.09402,0.09402,0.093,0.09311,7597096.0
1667932260000,0.09321,0.09422,0.093,0.09389,7904209.0
1667932320000,0.09383,0.09563,0.09329,0.09485,13698451.0
1667932380000,0.09476,0.09595,0.09464,0.09511,14798379.0
1667932440000,0.0951,0.09597,0.09484,0.09591,10682793.0
1667932500000,0.09593,0.09626,0.09486,0.09523,10993534.0
1667932560000,0.09523,0.09532,0.09402,0.0943,10068446.0
1667932620000,0.09433,0.09529,0.0942,0.0946,7540987.0
1667932680000,0.09464,0.09499,0.09442,0.09481,3620032.0
1667932740000,0.09477,0.09536,0.0944,0.09459,6672042.0
1667932800000,0.09453,0.09474,0.09308,0.09379,8454796.0
1667932860000,0.09374,0.09415,0.09228,0.09241,8688350.0
1667932920000,0.09237,0.09392,0.09223,0.09312,7318766.0
1667932980000,0.09319,0.09379,0.09306,0.09306,4541405.0
1667933040000,0.09309,0.09399,0.09303,0.0937,4786073.0
1667933100000,0.09369,0.09381,0.09339,0.09354,3684266.0
1667933160000,0.09353,0.09398,0.09271,0.09387,8351511.0
1667933220000,0.09394,0.09489,0.09386,0.09463,7383716.0
1667933280000,0.09463,0.09465,0.09334,0.09365,6951930.0
1667933340000,0.09363,0.09375,0.09257,0.09348,6835230.0
1667933400000,0.09351,0.0943,0.093,0.09306,6917799.0
1667933460000,0.09306,0.09319,0.0916,0.09185,15693420.0
1667933520000,0.09192,0.09218,0.09071,0.09137,10661599.0
1667933580000,0.09138,0.09243,0.0912,0.09197,9511631.0
1667933640000,0.09206,0.09253,0.09157,0.0925,5968685.0
1667933700000,0.0925,0.09277,0.09133,0.09138,9631098.0
1667933760000,0.09138,0.09169,0.08999,0.09083,17671510.0
1667933820000,0.09094,0.09134,0.09043,0.09097,11750865.0
1667933880000,0.09091,0.09142,0.09012,0.09037,6599680.0
1667933940000,0.09042,0.0913,0.09028,0.0904,11298229.0
1667934000000,0.09038,0.09199,0.08986,0.09161,19803890.0
1667934060000,0.09165,0.09211,0.09107,0.09151,8830168.0
1667934120000,0.09154,0.09171,0.09104,0.09129,6402099.0
1667934180000,0.09132,0.09208,0.09113,0.0914,6480274.0
1667934240000,0.09135,0.09203,0.09127,0.0915,4795358.0
1667934300000,0.09146,0.09164,0.0911,0.09145,3437867.0
1667934360000,0.09143,0.0915,0.09115,0.09132,3947396.0
1667934420000,0.09131,0.09181,0.09109,0.09162,5814050.0
1667934480000,0.09159,0.09171,0.09109,0.09112,6372318.0
1667934540000,0.09109,0.09138,0.0906,0.09076,7843774.0
1667934600000,0.09075,0.0909,0.08997,0.09014,7264886.0
1667934660000,0.0902,0.0909,0.08851,0.09004,11943318.0
1667934720000,0.08995,0.09029,0.08908,0.08922,14185101.0
1667934780000,0.08922,0.09023,0.08871,0.08998,13306126.0
1667934840000,0.08992,0.09054,0.0891,0.08974,8612672.0
1667934900000,0.08978,0.09072,0.08962,0.09069,12229019.0
1667934960000,0.09067,0.09089,0.09007,0.09034,7864603.0
1667935020000,0.09039,0.09045,0.08961,0.09006,5605368.0
1667935080000,0.09006,0.09055,0.08998,0.09026,4451222.0
1667935140000,0.09024,0.09053,0.09001,0.09016,3705468.0
1667935200000,0.09014,0.0903,0.089,0.0892,8898521.0
1667935260000,0.08917,0.08926,0.08612,0.0864,29074707.0
1667935320000,0.08658,0.08798,0.08363,0.08366,53623178.0
1667935380000,0.08366,0.0852,0.08221,0.08256,35019651.0
1667935440000,0.08266,0.0847,0.08256,0.083,43845579.0
1667935500000,0.08319,0.0844,0.082,0.08245,27866908.0
1667935560000,0.08259,0.0838,0.08112,0.08171,30429264.0
1667935620000,0.08171,0.08294,0.08114,0.08205,19789432.0
1667935680000,0.08207,0.08245,0.08112,0.08203,33774436.0
1667935740000,0.08203,0.08283,0.0813,0.08146,14334841.0
1667935800000,0.08146,0.08229,0.08001,0.08098,32805846.0
1667935860000,0.08096,0.08099,0.07824,0.07968,38722924.0
1667935920000,0.07968,0.08046,0.07807,0.07807,24573594.0
1667935980000,0.07807,0.079,0.0777,0.07815,29659678.0
1667936040000,0.07833,0.08512,0.07804,0.08436,24240787.0
1667936100000,0.0844,0.08536,0.08354,0.08391,19250962.0
1667936160000,0.08396,0.0851,0.08395,0.08437,13555137.0
1667936220000,0.08448,0.08546,0.08371,0.08506,15276866.0
1667936280000,0.08498,0.08734,0.08495,0.0867,16120179.0
1667936340000,0.0867,0.08833,0.0859,0.08736,21815077.0
1667936400000,0.08736,0.08758,0.08611,0.08714,12920497.0
1667936460000,0.0871,0.088,0.08681,0.08711,10931670.0
1667936520000,0.08709,0.08731,0.08666,0.08711,8501229.0
1667936580000,0.08706,0.08726,0.08592,0.08617,6559614.0
1667936640000,0.08616,0.08673,0.08529,0.08655,8742555.0
1667936700000,0.08646,0.08769,0.08595,0.08756,7425024.0
1667936760000,0.08742,0.08967,0.08711,0.08839,18229918.0
1667936820000,0.08846,0.08948,0.088,0.08843,15457712.0
1667936880000,0.08843,0.0887,0.08746,0.08838,7570723.0
1667936940000,0.08839,0.08948,0.08827,0.08926,7742843.0
1667937000000,0.08924,0.08943,0.08836,0.08871,12430660.0
1667937060000,0.08865,0.08904,0.08829,0.08854,7608536.0
1667937120000,0.08846,0.08913,0.088,0.08817,8733483.0
1667937180000,0.08817,0.08864,0.0875,0.08765,8055597.0
1667937240000,0.08765,0.08784,0.08648,0.08702,12272331.0
1667937300000,0.08701,0.08738,0.08642,0.08708,6335103.0
1667937360000,0.08711,0.08827,0.08692,0.08815,7686523.0
1667937420000,0.08818,0.0885,0.08787,0.08836,4447483.0
1667937480000,0.08835,0.08836,0.08755,0.08812,5188798.0
1667937540000,0.08807,0.08835,0.08769,0.08772,3361511.0
1667937600000,0.08771,0.08836,0.08763,0.0883,3884057.0
1667937660000,0.08835,0.08923,0.08817,0.08889,5892687.0
1667937720000,0.08888,0.08966,0.0886,0.08928,6221671.0
1667937780000,0.08927,0.08947,0.08875,0.08912,3463327.0
1667937840000,0.08908,0.0893,0.08878,0.08904,4491606.0
1667937900000,0.089,0.089,0.088,0.08814,6098609.0
1667937960000,0.08816,0.08861,0.08729,0.0873,4434733.0
1667938020000,0.08729,0.08758,0.08673,0.08694,9590124.0
1667938080000,0.08693,0.08729,0.08533,0.08579,9853045.0
1667938140000,0.08579,0.08717,0.0845,0.08699,14963375.0
1667938200000,0.0871,0.08711,0.0851,0.08521,10251447.0
1667938260000,0.08524,0.086,0.0845,0.08593,10321396.0
1667938320000,0.0857,0.0868,0.08562,0.08633,9824766.0
1667938380000,0.08631,0.08836,0.08623,0.08781,8251350.0
1667938440000,0.08789,0.08845,0.08758,0.08762,14719920.0
1667938500000,0.08772,0.08803,0.08729,0.08734,7403671.0
1667938560000,0.0873,0.08819,0.08686,0.08808,6230797.0
1667938620000,0.0881,0.0887,0.0874,0.08774,8094008.0
1667938680000,0.08775,0.08847,0.08747,0.0883,4522884.0
1667938740000,0.08824,0.08872,0.08794,0.0884,6146271.0
1667938800000,0.08835,0.08869,0.08748,0.08814,4682664.0
1667938860000,0.08812,0.08841,0.08764,0.08802,4180230.0
1667938920000,0.08803,0.08818,0.0877,0.08794,3116802.0
1667938980000,0.08794,0.08818,0.08729,0.08731,4727879.0
1667939040000,0.08742,0.08769,0.0865,0.08662,8802259.0
1667939100000,0.08666,0.08713,0.08659,0.08676,5218290.0
1667939160000,0.08677,0.08707,0.08626,0.08707,5963237.0
1667939220000,0.08707,0.08727,0.08637,0.08664,2984388.0
1667939280000,0.0866,0.087,0.08638,0.0868,2365649.0
1667939340000,0.08681,0.0873,0.08663,0.08714,4002935.0
1667939400000,0.08717,0.08793,0.0871,0.0879,3584364.0
1667939460000,0.08792,0.08846,0.0877,0.08822,7111865.0
1667939520000,0.08817,0.08867,0.08787,0.08858,4030384.0
1667939580000,0.08858,0.08861,0.08782,0.08819,4328769.0
1667939640000,0.08816,0.08836,0.08765,0.08765,7064940.0
1667939700000,0.08775,0.08816,0.08728,0.0877,5439336.0
1667939760000,0.08774,0.08833,0.08772,0.08804,7234939.0
1667939820000,0.08806,0.0886,0.08784,0.08799,6716162.0
1667939880000,0.08802,0.08823,0.08758,0.08823,5141166.0
1667939940000,0.0882,0.0884,0.08774,0.088,3079530.0
1667940000000,0.08797,0.08838,0.0876,0.08784,3433082.0
1667940060000,0.08777,0.08817,0.08771,0.08788,2952466.0
1667940120000,0.08787,0.08844,0.08784,0.08834,3311893.0
1667940180000,0.08835,0.08844,0.08791,0.08838,3055603.0
1667940240000,0.08833,0.08843,0.0881,0.08825,2000268.0
1667940300000,0.08826,0.08838,0.08788,0.08836,3907054.0
1667940360000,0.08833,0.08914,0.08829,0.08893,10862287.0
1667940420000,0.08894,0.0894,0.08893,0.08933,5777969.0
1667940480000,0.08933,0.08942,0.08877,0.08887,8111145.0
1667940540000,0.08891,0.089,0.0884,0.08878,5455343.0
1667940600000,0.08876,0.08888,0.08787,0.08813,10854293.0
1667940660000,0.0881,0.08813,0.08722,0.08726,9012037.0
1667940720000,0.08728,0.08762,0.0871,0.08715,6007408.0
1667940780000,0.08715,0.08752,0.08703,0.08723,3548476.0
1667940840000,0.08725,0.08803,0.08721,0.08782,3108249.0
1667940900000,0.08782,0.08818,0.08743,0.08805,4696793.0
1667940960000,0.0881,0.08843,0.08788,0.08794,3093387.0
1667941020000,0.08794,0.08824,0.08772,0.08797,2817794.0
1667941080000,0.08797,0.08815,0.08761,0.08763,3118139.0
1667941140000,0.08766,0.08786,0.0872,0.08752,7439930.0
1667941200000,0.08743,0.08758,0.08704,0.08745,5035413.0
1667941260000,0.08743,0.08776,0.08714,0.08725,2882685.0
1667941320000,0.08726,0.08756,0.08719,0.08732,2456494.0
1667941380000,0.08732,0.08735,0.08688,0.08696,3527609.0
1667941440000,0.08697,0.08742,0.08687,0.08715,2839026.0
1667941500000,0.08715,0.08787,0.0871,0.08764,4625889.0
1667941560000,0.08763,0.08799,0.08721,0.08723,5406819.0
1667941620000,0.08723,0.08798,0.08718,0.08781,4017394.0
1667941680000,0.08785,0.08813,0.0876,0.08781,5184301.0
1667941740000,0.08777,0.0879,0.08735,0.08737,3327990.0
1667941800000,0.08736,0.08739,0.08701,0.08707,2998924.0
1667941860000,0.08706,0.08792,0.08701,0.08774,4582796.0
1667941920000,0.08773,0.08846,0.08767,0.08832,4611571.0
1667941980000,0.08834,0.08864,0.08802,0.08845,3472580.0
1667942040000,0.08844,0.08853,0.088,0.08803,2845944.0
1667942100000,0.08803,0.08806,0.0878,0.08786,8758920.0
1667942160000,0.08782,0.08791,0.08714,0.08726,2909033.0
1667942220000,0.08721,0.08738,0.0871,0.08711,3762875.0
1667942280000,0.08712,0.08716,0.08657,0.08682,17479631.0
1667942340000,0.08682,0.08686,0.08628,0.08637,3843974.0
1667942400000,0.08636,0.08695,0.08636,0.08681,5585013.0
1667942460000,0.08684,0.08703,0.08658,0.08696,3138058.0
1667942520000,0.08694,0.08707,0.08671,0.08691,3643370.0
1667942580000,0.08694,0.08797,0.08679,0.08699,6525067.0
1667942640000,0.087,0.08711,0.08674,0.08709,4254661.0
1667942700000,0.08706,0.0875,0.08691,0.08695,4510825.0
1667942760000,0.08697,0.08712,0.08667,0.08704,3264470.0
1667942820000,0.08703,0.08716,0.08657,0.08674,3367651.0
1667942880000,0.08673,0.08717,0.08656,0.08667,4195351.0
1667942940000,0.08669,0.08713,0.08656,0.0871,2616024.0
1667943000000,0.08707,0.08726,0.0869,0.08722,3502259.0
1667943060000,0.08723,0.08738,0.08648,0.08658,3568448.0
1667943120000,0.08655,0.08684,0.08636,0.08641,3111551.0
1667943180000,0.08636,0.08666,0.08615,0.08654,2517116.0
1667943240000,0.08654,0.08696,0.0865,0.08687,1930490.0
1667943300000,0.08692,0.08737,0.08683,0.08733,3862030.0
1667943360000,0.08733,0.08755,0.08699,0.08702,3015994.0
1667943420000,0.08702,0.08728,0.087,0.08718,2239705.0
1667943480000,0.08719,0.0875,0.0871,0.08713,2473410.0
1667943540000,0.08715,0.0876,0.08704,0.08759,2512193.0
1667943600000,0.08755,0.08797,0.08732,0.08783,3106763.0
1667943660000,0.08783,0.08841,0.08773,0.08826,3941100.0
1667943720000,0.08825,0.08864,0.08801,0.08847,5834955.0
1667943780000,0.08851,0.08866,0.08813,0.08826,2841167.0
1667943840000,0.08826,0.0886,0.08812,0.08842,4572207.0
1667943900000,0.08844,0.08866,0.0884,0.08843,2825325.0
1667943960000,0.08841,0.08841,0.08804,0.08811,5169666.0
1667944020000,0.0881,0.08827,0.08774,0.08794,2680918.0
1667944080000,0.088,0.0881,0.08739,0.08771,2341105.0
1667944140000,0.08762,0.08804,0.0874,0.08792,4378935.0
1667944200000,0.08793,0.08857,0.08776,0.08852,3296749.0
1667944260000,0.08852,0.08911,0.08852,0.08902,5236066.0
1667944320000,0.08897,0.089,0.0886,0.08865,6195397.0
1667944380000,0.08861,0.08898,0.08852,0.08885,2967672.0
1667944440000,0.08888,0.08898,0.0885,0.08869,3157783.0
1667944500000,0.08869,0.0888,0.08833,0.08839,1942999.0
1667944560000,0.08839,0.08839,0.08784,0.08798,4194163.0
1667944620000,0.08799,0.08828,0.08792,0.08804,1551395.0
1667944680000,0.08803,0.08849,0.08799,0.08831,2846845.0
1667944740000,0.0883,0.08838,0.08813,0.08828,2072207.0
1667944800000,0.08824,0.08846,0.08802,0.08803,2351281.0
1667944860000,0.08803,0.0886,0.08803,0.08844,3213799.0
1667944920000,0.08849,0.08878,0.08811,0.0882,3942890.0
1667944980000,0.08817,0.08833,0.08782,0.08782,4952348.0
1667945040000,0.08783,0.08801,0.08771,0.08777,2234217.0
1667945100000,0.08777,0.08788,0.08741,0.08741,2337185.0
1667945160000,0.08746,0.08755,0.0872,0.08727,3127037.0
1667945220000,0.08726,0.08737,0.08707,0.08716,2014316.0
1667945280000,0.08716,0.08719,0.08695,0.08703,4328397.0
1667945340000,0.08705,0.08707,0.08678,0.08698,2316252.0
1667945400000,0.08702,0.08745,0.087,0.08711,1845896.0
1667945460000,0.08714,0.08725,0.0869,0.08712,1914958.0
1667945520000,0.08711,0.08736,0.08685,0.08709,1614276.0
1667945580000,0.08708,0.08721,0.0869,0.08714,3068688.0
1667945640000,0.08714,0.08723,0.08686,0.08702,2456667.0
1667945700000,0.08698,0.087,0.08665,0.08691,4725391.0
1667945760000,0.08695,0.08724,0.08691,0.08717,4735185.0
1667945820000,0.08717,0.08722,0.08668,0.08673,1866736.0
1667945880000,0.08674,0.08742,0.08674,0.08737,2639718.0
1667945940000,0.08741,0.08814,0.08738,0.0881,4496632.0
1667946000000,0.0881,0.08816,0.0879,0.08803,1589727.0
1667946060000,0.08801,0.08822,0.08799,0.08802,1571302.0
1667946120000,0.08801,0.08827,0.08797,0.08827,1620858.0
1667946180000,0.08824,0.0883,0.08806,0.08821,1894075.0
1667946240000,0.0882,0.0883,0.0881,0.0882,1044173.0
1667946300000,0.0882,0.08827,0.08784,0.08813,1801911.0
1667946360000,0.08814,0.08825,0.08798,0.08816,1554738.0
1667946420000,0.08816,0.08821,0.08812,0.08816,406393.0
1667946480000,0.08817,0.08823,0.08787,0.08818,1859463.0
1667946540000,0.0882,0.0882,0.08766,0.08772,1398942.0
1667946600000,0.08767,0.08777,0.08731,0.0875,1868313.0
1667946660000,0.08749,0.08774,0.08741,0.0876,831589.0
1667946720000,0.08761,0.08792,0.08745,0.08779,886910.0
1667946780000,0.08781,0.08789,0.08768,0.08776,871057.0
1667946840000,0.08781,0.08783,0.08749,0.0875,999297.0
1667946900000,0.0875,0.08758,0.08707,0.08712,2512826.0
1667946960000,0.0871,0.0876,0.087,0.08757,1966912.0
1667947020000,0.08757,0.08757,0.08701,0.08724,2290176.0
1667947080000,0.08724,0.08733,0.08711,0.08712,694028.0
1667947140000,0.08712,0.08715,0.08686,0.08689,2079608.0
1667947200000,0.0869,0.08709,0.08675,0.08697,1384588.0
1667947260000,0.08697,0.08704,0.08682,0.08692,795257.0
1667947320000,0.08696,0.08698,0.0868,0.08696,1018579.0
1667947380000,0.08698,0.08733,0.08697,0.08726,1028726.0
1667947440000,0.08726,0.08734,0.0869,0.08693,2107685.0
1667947500000,0.08697,0.08699,0.08652,0.08659,3320080.0
1667947560000,0.08659,0.08683,0.08653,0.08669,2247006.0
1667947620000,0.08669,0.08686,0.08669,0.08684,745777.0
1667947680000,0.08684,0.08685,0.08665,0.08665,589730.0
1667947740000,0.08664,0.08664,0.08561,0.08567,8781324.0
1667947800000,0.08567,0.0857,0.08536,0.08547,3131200.0
1667947860000,0.0855,0.0857,0.08543,0.08565,2238198.0
1667947920000,0.08563,0.08568,0.08551,0.08565,2335050.0
1667947980000,0.08566,0.08641,0.08565,0.08641,3745277.0
1667948040000,0.0864,0.08661,0.08605,0.08614,2106067.0
1667948100000,0.08613,0.08635,0.08591,0.08635,2947341.0
1667948160000,0.08629,0.08634,0.08612,0.0862,1852752.0
1667948220000,0.08612,0.08615,0.08564,0.08592,5708152.0
1667948280000,0.08591,0.086,0.08548,0.08553,2527856.0
1667948340000,0.08551,0.08586,0.08548,0.08575,3131403.0
1667948400000,0.0857,0.0858,0.08533,0.08551,4336368.0
1667948460000,0.08553,0.08558,0.08515,0.08532,3264551.0
1667948520000,0.08531,0.08587,0.08519,0.0857,2697314.0
1667948580000,0.08572,0.0863,0.08572,0.08626,2700357.0
1667948640000,0.08617,0.08656,0.08615,0.08651,1701739.0
1667948700000,0.0865,0.08682,0.08634,0.08679,2128083.0
1667948760000,0.08677,0.08699,0.08672,0.08691,1589356.0
1667948820000,0.08684,0.08684,0.08648,0.08672,1996841.0
1667948880000,0.08673,0.08678,0.0866,0.0867,1081761.0
1667948940000,0.0867,0.0868,0.08653,0.08674,1051157.0
1667949000000,0.08674,0.08726,0.08672,0.0871,2509732.0
1667949060000,0.08715,0.08715,0.08687,0.08704,1980746.0
1667949120000,0.08705,0.08707,0.08661,0.08669,1842315.0
1667949180000,0.08666,0.08681,0.08665,0.08671,1269850.0
1667949240000,0.08671,0.08704,0.08667,0.08684,1844570.0
1667949300000,0.08681,0.08701,0.08672,0.08695,1755709.0
1667949360000,0.08696,0.0871,0.08641,0.08646,3152729.0
1667949420000,0.08651,0.08651,0.08608,0.08619,1975137.0
1667949480000,0.08617,0.08631,0.0859,0.08609,1918931.0
1667949540000,0.08608,0.08643,0.086,0.08626,2060979.0
1667949600000,0.08625,0.08638,0.08571,0.08579,4057075.0
1667949660000,0.08579,0.08604,0.08577,0.08598,2594132.0
1667949720000,0.08598,0.08608,0.0856,0.08603,3758402.0
1667949780000,0.08607,0.0863,0.08593,0.08611,3383525.0
1667949840000,0.08611,0.08635,0.08592,0.08621,2526604.0
1667949900000,0.08621,0.08643,0.08603,0.08633,1380110.0
1667949960000,0.08635,0.0864,0.08606,0.0861,3500446.0
1667950020000,0.08607,0.08639,0.08602,0.08626,2618132.0
1667950080000,0.08622,0.08658,0.08609,0.08658,3331196.0
1667950140000,0.08653,0.08685,0.08634,0.0867,5903924.0
1667950200000,0.0867,0.08695,0.08641,0.08641,3265238.0
1667950260000,0.08643,0.08665,0.08634,0.0866,1957555.0
1667950320000,0.0866,0.08685,0.08645,0.08682,1495879.0
1667950380000,0.08681,0.0872,0.0868,0.08714,2384285.0
1667950440000,0.08717,0.08727,0.08704,0.08724,1794558.0
1667950500000,0.08725,0.08749,0.08706,0.0874,2494755.0
1667950560000,0.0874,0.08779,0.08735,0.0877,2285550.0
1667950620000,0.08771,0.08819,0.08766,0.08817,4443825.0
1667950680000,0.08819,0.08863,0.08801,0.08838,3482019.0
1667950740000,0.08837,0.08969,0.08833,0.08961,5225596.0
1667950800000,0.08958,0.08964,0.08882,0.08921,3507576.0
1667950860000,0.08921,0.08935,0.08886,0.08906,2837353.0
1667950920000,0.08907,0.08942,0.08893,0.08908,2060310.0
1667950980000,0.08908,0.08953,0.08905,0.08924,2734207.0
1667951040000,0.08924,0.08983,0.08904,0.08978,3658138.0
1667951100000,0.08976,0.08977,0.08906,0.08911,3717168.0
1667951160000,0.08908,0.08911,0.08831,0.08874,6986292.0
1667951220000,0.08875,0.08901,0.08863,0.08882,2293225.0
1667951280000,0.08883,0.0889,0.08858,0.08859,2314412.0
1667951340000,0.08859,0.08886,0.08846,0.08878,2164624.0
1667951400000,0.08878,0.08882,0.08819,0.08823,3144175.0
1667951460000,0.08824,0.08858,0.08809,0.08833,3195798.0
1667951520000,0.08833,0.08835,0.0879,0.08801,2910364.0
1667951580000,0.08802,0.08817,0.0879,0.08797,1356520.0
1667951640000,0.08793,0.08817,0.08791,0.08795,1468040.0
1667951700000,0.08795,0.08806,0.08765,0.08784,4219924.0
1667951760000,0.08782,0.08852,0.08775,0.08839,3557174.0
1667951820000,0.08839,0.08863,0.08824,0.08835,2571450.0
1667951880000,0.08834,0.08845,0.08785,0.08791,3478607.0
1667951940000,0.08791,0.08846,0.08778,0.08827,2416933.0
1667952000000,0.08827,0.08876,0.0881,0.08863,3448623.0
